dataset,model,seed,split,condition,distortion,severity,file_path,relative_path,sample_key,subject_id,class_name,y_true,y_pred,pred_class_name,correct,score_nondemented,score_verymilddementia,score_milddementia,score_moderatedementia
OASIS_2,RandomForest,47,test,rician_noise__moderate,rician_noise,moderate,D:\OASIS_2\distortions_128\rician_noise\moderate\Mild_Dementia\OAS2_0014\OAS2_0014_slice_01_z077.png,Mild_Dementia/OAS2_0014/OAS2_0014_slice_01_z077.png,Mild Dementia/OAS2_0014/OAS2_0014_slice_01_z077.png,OAS2_0014,Mild Dementia,2,0,Non-Demented,0,0.453290832194182,0.28178934793739674,0.13825315320175469,0.12666666666666668
OASIS_2,RandomForest,47,test,rician_noise__moderate,rician_noise,moderate,D:\OASIS_2\distortions_128\rician_noise\moderate\Mild_Dementia\OAS2_0014\OAS2_0014_slice_02_z082.png,Mild_Dementia/OAS2_0014/OAS2_0014_slice_02_z082.png,Mild Dementia/OAS2_0014/OAS2_0014_slice_02_z082.png,OAS2_0014,Mild Dementia,2,0,Non-Demented,0,0.4431207997750416,0.3258366877471902,0.10770917914443484,0.12333333333333334
OASIS_2,RandomForest,47,test,rician_noise__moderate,rician_noise,moderate,D:\OASIS_2\distortions_128\rician_noise\moderate\Mild_Dementia\OAS2_0014\OAS2_0014_slice_03_z088.png,Mild_Dementia/OAS2_0014/OAS2_0014_slice_03_z088.png,Mild Dementia/OAS2_0014/OAS2_0014_slice_03_z088.png,OAS2_0014,Mild Dementia,2,0,Non-Demented,0,0.5166558764969184,0.2868897002946065,0.1364544232084753,0.06
OASIS_2,RandomForest,47,test,rician_noise__moderate,rician_noise,moderate,D:\OASIS_2\distortions_128\rician_noise\moderate\Mild_Dementia\OAS2_0014\OAS2_0014_slice_04_z093.png,Mild_Dementia/OAS2_0014/OAS2_0014_slice_04_z093.png,Mild Dementia/OAS2_0014/OAS2_0014_slice_04_z093.png,OAS2_0014,Mild Dementia,2,0,Non-Demented,0,0.45756384978733355,0.31458965541417183,0.13451316146516143,0.09333333333333334
OASIS_2,RandomForest,47,test,rician_noise__moderate,rician_noise,moderate,D:\OASIS_2\distortions_128\rician_noise\moderate\Mild_Dementia\OAS2_0014\OAS2_0014_slice_05_z098.png,Mild_Dementia/OAS2_0014/OAS2_0014_slice_05_z098.png,Mild Dementia/OAS2_0014/OAS2_0014_slice_05_z098.png,OAS2_0014,Mild Dementia,2,0,Non-Demented,0,0.41395290809500873,0.3441301112773292,0.13525031396099543,0.10666666666666667
OASIS_2,RandomForest,47,test,rician_noise__moderate,rician_noise,moderate,D:\OASIS_2\distortions_128\rician_noise\moderate\Mild_Dementia\OAS2_0014\OAS2_0014_slice_06_z104.png,Mild_Dementia/OAS2_0014/OAS2_0014_slice_06_z104.png,Mild Dementia/OAS2_0014/OAS2_0014_slice_06_z104.png,OAS2_0014,Mild Dementia,2,0,Non-Demented,0,0.41101374290360726,0.344178396374634,0.15480786072175876,0.09
OASIS_2,RandomForest,47,test,rician_noise__moderate,rician_noise,moderate,D:\OASIS_2\distortions_128\rician_noise\moderate\Mild_Dementia\OAS2_0014\OAS2_0014_slice_07_z109.png,Mild_Dementia/OAS2_0014/OAS2_0014_slice_07_z109.png,Mild Dementia/OAS2_0014/OAS2_0014_slice_07_z109.png,OAS2_0014,Mild Dementia,2,0,Non-Demented,0,0.4870256793716224,0.30037046192476863,0.1392705253702758,0.07333333333333333
OASIS_2,RandomForest,47,test,rician_noise__moderate,rician_noise,moderate,D:\OASIS_2\distortions_128\rician_noise\moderate\Mild_Dementia\OAS2_0014\OAS2_0014_slice_08_z114.png,Mild_Dementia/OAS2_0014/OAS2_0014_slice_08_z114.png,Mild Dementia/OAS2_0014/OAS2_0014_slice_08_z114.png,OAS2_0014,Mild Dementia,2,0,Non-Demented,0,0.4688044422117778,0.3012240387048582,0.13330485241669723,0.09666666666666666
OASIS_2,RandomForest,47,test,rician_noise__moderate,rician_noise,moderate,D:\OASIS_2\distortions_128\rician_noise\moderate\Mild_Dementia\OAS2_0014\OAS2_0014_slice_09_z120.png,Mild_Dementia/OAS2_0014/OAS2_0014_slice_09_z120.png,Mild Dementia/OAS2_0014/OAS2_0014_slice_09_z120.png,OAS2_0014,Mild Dementia,2,0,Non-Demented,0,0.5431427557733338,0.28390576313748367,0.13628481442251583,0.03666666666666667
OASIS_2,RandomForest,47,test,rician_noise__moderate,rician_noise,moderate,D:\OASIS_2\distortions_128\rician_noise\moderate\Mild_Dementia\OAS2_0014\OAS2_0014_slice_10_z125.png,Mild_Dementia/OAS2_0014/OAS2_0014_slice_10_z125.png,Mild Dementia/OAS2_0014/OAS2_0014_slice_10_z125.png,OAS2_0014,Mild Dementia,2,0,Non-Demented,0,0.509730065607748,0.29824453905230647,0.15535872867327913,0.03666666666666667
OASIS_2,RandomForest,47,test,rician_noise__moderate,rician_noise,moderate,D:\OASIS_2\distortions_128\rician_noise\moderate\Mild_Dementia\OAS2_0014\OAS2_0014_slice_11_z130.png,Mild_Dementia/OAS2_0014/OAS2_0014_slice_11_z130.png,Mild Dementia/OAS2_0014/OAS2_0014_slice_11_z130.png,OAS2_0014,Mild Dementia,2,0,Non-Demented,0,0.5202600763518517,0.2782172621129356,0.15485599486854584,0.04666666666666667
OASIS_2,RandomForest,47,test,rician_noise__moderate,rician_noise,moderate,D:\OASIS_2\distortions_128\rician_noise\moderate\Mild_Dementia\OAS2_0014\OAS2_0014_slice_12_z135.png,Mild_Dementia/OAS2_0014/OAS2_0014_slice_12_z135.png,Mild Dementia/OAS2_0014/OAS2_0014_slice_12_z135.png,OAS2_0014,Mild Dementia,2,0,Non-Demented,0,0.5080287008961074,0.2887294317493231,0.1599085340212358,0.043333333333333335
OASIS_2,RandomForest,47,test,rician_noise__moderate,rician_noise,moderate,D:\OASIS_2\distortions_128\rician_noise\moderate\Mild_Dementia\OAS2_0014\OAS2_0014_slice_13_z141.png,Mild_Dementia/OAS2_0014/OAS2_0014_slice_13_z141.png,Mild Dementia/OAS2_0014/OAS2_0014_slice_13_z141.png,OAS2_0014,Mild Dementia,2,0,Non-Demented,0,0.49670853530106635,0.29032095306068156,0.16297051163825213,0.05
OASIS_2,RandomForest,47,test,rician_noise__moderate,rician_noise,moderate,D:\OASIS_2\distortions_128\rician_noise\moderate\Mild_Dementia\OAS2_0014\OAS2_0014_slice_14_z146.png,Mild_Dementia/OAS2_0014/OAS2_0014_slice_14_z146.png,Mild Dementia/OAS2_0014/OAS2_0014_slice_14_z146.png,OAS2_0014,Mild Dementia,2,0,Non-Demented,0,0.5015700542769772,0.29554850139765815,0.16288144432536472,0.04
OASIS_2,RandomForest,47,test,rician_noise__moderate,rician_noise,moderate,D:\OASIS_2\distortions_128\rician_noise\moderate\Mild_Dementia\OAS2_0014\OAS2_0014_slice_15_z151.png,Mild_Dementia/OAS2_0014/OAS2_0014_slice_15_z151.png,Mild Dementia/OAS2_0014/OAS2_0014_slice_15_z151.png,OAS2_0014,Mild Dementia,2,0,Non-Demented,0,0.5365547989823649,0.27762643050567304,0.1324854371786285,0.05333333333333334
OASIS_2,RandomForest,47,test,rician_noise__moderate,rician_noise,moderate,D:\OASIS_2\distortions_128\rician_noise\moderate\Mild_Dementia\OAS2_0014\OAS2_0014_slice_16_z157.png,Mild_Dementia/OAS2_0014/OAS2_0014_slice_16_z157.png,Mild Dementia/OAS2_0014/OAS2_0014_slice_16_z157.png,OAS2_0014,Mild Dementia,2,0,Non-Demented,0,0.5515130813959269,0.25807267685658575,0.14708090841415392,0.043333333333333335
OASIS_2,RandomForest,47,test,rician_noise__moderate,rician_noise,moderate,D:\OASIS_2\distortions_128\rician_noise\moderate\Mild_Dementia\OAS2_0014\OAS2_0014_slice_17_z162.png,Mild_Dementia/OAS2_0014/OAS2_0014_slice_17_z162.png,Mild Dementia/OAS2_0014/OAS2_0014_slice_17_z162.png,OAS2_0014,Mild Dementia,2,0,Non-Demented,0,0.5580320947366456,0.24518779325376588,0.12678011200958839,0.07
OASIS_2,RandomForest,47,test,rician_noise__moderate,rician_noise,moderate,D:\OASIS_2\distortions_128\rician_noise\moderate\Mild_Dementia\OAS2_0014\OAS2_0014_slice_18_z167.png,Mild_Dementia/OAS2_0014/OAS2_0014_slice_18_z167.png,Mild Dementia/OAS2_0014/OAS2_0014_slice_18_z167.png,OAS2_0014,Mild Dementia,2,0,Non-Demented,0,0.5091385694199851,0.285559814339168,0.14530161624084684,0.06
OASIS_2,RandomForest,47,test,rician_noise__moderate,rician_noise,moderate,D:\OASIS_2\distortions_128\rician_noise\moderate\Mild_Dementia\OAS2_0014\OAS2_0014_slice_19_z173.png,Mild_Dementia/OAS2_0014/OAS2_0014_slice_19_z173.png,Mild Dementia/OAS2_0014/OAS2_0014_slice_19_z173.png,OAS2_0014,Mild Dementia,2,0,Non-Demented,0,0.5079325826798271,0.25281747696028256,0.14924994035989037,0.09
OASIS_2,RandomForest,47,test,rician_noise__moderate,rician_noise,moderate,D:\OASIS_2\distortions_128\rician_noise\moderate\Mild_Dementia\OAS2_0014\OAS2_0014_slice_20_z178.png,Mild_Dementia/OAS2_0014/OAS2_0014_slice_20_z178.png,Mild Dementia/OAS2_0014/OAS2_0014_slice_20_z178.png,OAS2_0014,Mild Dementia,2,0,Non-Demented,0,0.5505814363790315,0.23788683938266778,0.14153172423830074,0.07
OASIS_2,RandomForest,47,test,rician_noise__moderate,rician_noise,moderate,D:\OASIS_2\distortions_128\rician_noise\moderate\Mild_Dementia\OAS2_0050\OAS2_0050_slice_01_z077.png,Mild_Dementia/OAS2_0050/OAS2_0050_slice_01_z077.png,Mild Dementia/OAS2_0050/OAS2_0050_slice_01_z077.png,OAS2_0050,Mild Dementia,2,0,Non-Demented,0,0.4185720122600699,0.29884144118631084,0.1592532132202859,0.12333333333333334
OASIS_2,RandomForest,47,test,rician_noise__moderate,rician_noise,moderate,D:\OASIS_2\distortions_128\rician_noise\moderate\Mild_Dementia\OAS2_0050\OAS2_0050_slice_02_z082.png,Mild_Dementia/OAS2_0050/OAS2_0050_slice_02_z082.png,Mild Dementia/OAS2_0050/OAS2_0050_slice_02_z082.png,OAS2_0050,Mild Dementia,2,0,Non-Demented,0,0.4207859030482057,0.32133901015869054,0.1512084201264371,0.10666666666666667
OASIS_2,RandomForest,47,test,rician_noise__moderate,rician_noise,moderate,D:\OASIS_2\distortions_128\rician_noise\moderate\Mild_Dementia\OAS2_0050\OAS2_0050_slice_03_z088.png,Mild_Dementia/OAS2_0050/OAS2_0050_slice_03_z088.png,Mild Dementia/OAS2_0050/OAS2_0050_slice_03_z088.png,OAS2_0050,Mild Dementia,2,0,Non-Demented,0,0.41263767299204107,0.3173173001310381,0.17337836021025416,0.09666666666666666
OASIS_2,RandomForest,47,test,rician_noise__moderate,rician_noise,moderate,D:\OASIS_2\distortions_128\rician_noise\moderate\Mild_Dementia\OAS2_0050\OAS2_0050_slice_04_z093.png,Mild_Dementia/OAS2_0050/OAS2_0050_slice_04_z093.png,Mild Dementia/OAS2_0050/OAS2_0050_slice_04_z093.png,OAS2_0050,Mild Dementia,2,0,Non-Demented,0,0.48557160071255284,0.2915183111127458,0.1462434215080348,0.07666666666666666
OASIS_2,RandomForest,47,test,rician_noise__moderate,rician_noise,moderate,D:\OASIS_2\distortions_128\rician_noise\moderate\Mild_Dementia\OAS2_0050\OAS2_0050_slice_05_z098.png,Mild_Dementia/OAS2_0050/OAS2_0050_slice_05_z098.png,Mild Dementia/OAS2_0050/OAS2_0050_slice_05_z098.png,OAS2_0050,Mild Dementia,2,0,Non-Demented,0,0.4981205047753688,0.24950525489409126,0.18570757366387325,0.06666666666666667
OASIS_2,RandomForest,47,test,rician_noise__moderate,rician_noise,moderate,D:\OASIS_2\distortions_128\rician_noise\moderate\Mild_Dementia\OAS2_0050\OAS2_0050_slice_06_z104.png,Mild_Dementia/OAS2_0050/OAS2_0050_slice_06_z104.png,Mild Dementia/OAS2_0050/OAS2_0050_slice_06_z104.png,OAS2_0050,Mild Dementia,2,0,Non-Demented,0,0.4265726666153653,0.3362926302487048,0.17046803646926323,0.06666666666666667
OASIS_2,RandomForest,47,test,rician_noise__moderate,rician_noise,moderate,D:\OASIS_2\distortions_128\rician_noise\moderate\Mild_Dementia\OAS2_0050\OAS2_0050_slice_07_z109.png,Mild_Dementia/OAS2_0050/OAS2_0050_slice_07_z109.png,Mild Dementia/OAS2_0050/OAS2_0050_slice_07_z109.png,OAS2_0050,Mild Dementia,2,0,Non-Demented,0,0.46169496945917693,0.3361667883907249,0.152138242150098,0.05
OASIS_2,RandomForest,47,test,rician_noise__moderate,rician_noise,moderate,D:\OASIS_2\distortions_128\rician_noise\moderate\Mild_Dementia\OAS2_0050\OAS2_0050_slice_08_z114.png,Mild_Dementia/OAS2_0050/OAS2_0050_slice_08_z114.png,Mild Dementia/OAS2_0050/OAS2_0050_slice_08_z114.png,OAS2_0050,Mild Dementia,2,0,Non-Demented,0,0.5350265209896644,0.31811903194738644,0.12685444706294915,0.02
OASIS_2,RandomForest,47,test,rician_noise__moderate,rician_noise,moderate,D:\OASIS_2\distortions_128\rician_noise\moderate\Mild_Dementia\OAS2_0050\OAS2_0050_slice_09_z120.png,Mild_Dementia/OAS2_0050/OAS2_0050_slice_09_z120.png,Mild Dementia/OAS2_0050/OAS2_0050_slice_09_z120.png,OAS2_0050,Mild Dementia,2,0,Non-Demented,0,0.4669883165613531,0.35686040149508047,0.1361512819435665,0.04
OASIS_2,RandomForest,47,test,rician_noise__moderate,rician_noise,moderate,D:\OASIS_2\distortions_128\rician_noise\moderate\Mild_Dementia\OAS2_0050\OAS2_0050_slice_10_z125.png,Mild_Dementia/OAS2_0050/OAS2_0050_slice_10_z125.png,Mild Dementia/OAS2_0050/OAS2_0050_slice_10_z125.png,OAS2_0050,Mild Dementia,2,0,Non-Demented,0,0.5461338317689237,0.314301093791422,0.10623174110632078,0.03333333333333333
OASIS_2,RandomForest,47,test,rician_noise__moderate,rician_noise,moderate,D:\OASIS_2\distortions_128\rician_noise\moderate\Mild_Dementia\OAS2_0050\OAS2_0050_slice_11_z130.png,Mild_Dementia/OAS2_0050/OAS2_0050_slice_11_z130.png,Mild Dementia/OAS2_0050/OAS2_0050_slice_11_z130.png,OAS2_0050,Mild Dementia,2,0,Non-Demented,0,0.4755943296045671,0.37878531826466844,0.10895368546409775,0.03666666666666667
OASIS_2,RandomForest,47,test,rician_noise__moderate,rician_noise,moderate,D:\OASIS_2\distortions_128\rician_noise\moderate\Mild_Dementia\OAS2_0050\OAS2_0050_slice_12_z135.png,Mild_Dementia/OAS2_0050/OAS2_0050_slice_12_z135.png,Mild Dementia/OAS2_0050/OAS2_0050_slice_12_z135.png,OAS2_0050,Mild Dementia,2,0,Non-Demented,0,0.4894097997993475,0.34083915574963086,0.12975104445102162,0.04
OASIS_2,RandomForest,47,test,rician_noise__moderate,rician_noise,moderate,D:\OASIS_2\distortions_128\rician_noise\moderate\Mild_Dementia\OAS2_0050\OAS2_0050_slice_13_z141.png,Mild_Dementia/OAS2_0050/OAS2_0050_slice_13_z141.png,Mild Dementia/OAS2_0050/OAS2_0050_slice_13_z141.png,OAS2_0050,Mild Dementia,2,0,Non-Demented,0,0.5162217042935578,0.3544387906357037,0.09600617173740512,0.03333333333333333
OASIS_2,RandomForest,47,test,rician_noise__moderate,rician_noise,moderate,D:\OASIS_2\distortions_128\rician_noise\moderate\Mild_Dementia\OAS2_0050\OAS2_0050_slice_14_z146.png,Mild_Dementia/OAS2_0050/OAS2_0050_slice_14_z146.png,Mild Dementia/OAS2_0050/OAS2_0050_slice_14_z146.png,OAS2_0050,Mild Dementia,2,0,Non-Demented,0,0.4751969268047884,0.3549201083589279,0.12654963150295034,0.043333333333333335
OASIS_2,RandomForest,47,test,rician_noise__moderate,rician_noise,moderate,D:\OASIS_2\distortions_128\rician_noise\moderate\Mild_Dementia\OAS2_0050\OAS2_0050_slice_15_z151.png,Mild_Dementia/OAS2_0050/OAS2_0050_slice_15_z151.png,Mild Dementia/OAS2_0050/OAS2_0050_slice_15_z151.png,OAS2_0050,Mild Dementia,2,0,Non-Demented,0,0.4778801904637648,0.3540891209809858,0.12803068855524927,0.04
OASIS_2,RandomForest,47,test,rician_noise__moderate,rician_noise,moderate,D:\OASIS_2\distortions_128\rician_noise\moderate\Mild_Dementia\OAS2_0050\OAS2_0050_slice_16_z157.png,Mild_Dementia/OAS2_0050/OAS2_0050_slice_16_z157.png,Mild Dementia/OAS2_0050/OAS2_0050_slice_16_z157.png,OAS2_0050,Mild Dementia,2,0,Non-Demented,0,0.49588963478674997,0.3331928673471934,0.12425083119938984,0.04666666666666667
OASIS_2,RandomForest,47,test,rician_noise__moderate,rician_noise,moderate,D:\OASIS_2\distortions_128\rician_noise\moderate\Mild_Dementia\OAS2_0050\OAS2_0050_slice_17_z162.png,Mild_Dementia/OAS2_0050/OAS2_0050_slice_17_z162.png,Mild Dementia/OAS2_0050/OAS2_0050_slice_17_z162.png,OAS2_0050,Mild Dementia,2,0,Non-Demented,0,0.5359407650042363,0.33069497660268,0.08336425839308394,0.05
OASIS_2,RandomForest,47,test,rician_noise__moderate,rician_noise,moderate,D:\OASIS_2\distortions_128\rician_noise\moderate\Mild_Dementia\OAS2_0050\OAS2_0050_slice_18_z167.png,Mild_Dementia/OAS2_0050/OAS2_0050_slice_18_z167.png,Mild Dementia/OAS2_0050/OAS2_0050_slice_18_z167.png,OAS2_0050,Mild Dementia,2,0,Non-Demented,0,0.5557296750653302,0.31889383598595983,0.07537648894871003,0.05
OASIS_2,RandomForest,47,test,rician_noise__moderate,rician_noise,moderate,D:\OASIS_2\distortions_128\rician_noise\moderate\Mild_Dementia\OAS2_0050\OAS2_0050_slice_19_z173.png,Mild_Dementia/OAS2_0050/OAS2_0050_slice_19_z173.png,Mild Dementia/OAS2_0050/OAS2_0050_slice_19_z173.png,OAS2_0050,Mild Dementia,2,0,Non-Demented,0,0.4824757851820299,0.3496926654933279,0.13783154932464237,0.03
OASIS_2,RandomForest,47,test,rician_noise__moderate,rician_noise,moderate,D:\OASIS_2\distortions_128\rician_noise\moderate\Mild_Dementia\OAS2_0050\OAS2_0050_slice_20_z178.png,Mild_Dementia/OAS2_0050/OAS2_0050_slice_20_z178.png,Mild Dementia/OAS2_0050/OAS2_0050_slice_20_z178.png,OAS2_0050,Mild Dementia,2,0,Non-Demented,0,0.5757486491070235,0.25345657353867407,0.10079477735430255,0.07
OASIS_2,RandomForest,47,test,rician_noise__moderate,rician_noise,moderate,D:\OASIS_2\distortions_128\rician_noise\moderate\Mild_Dementia\OAS2_0114\OAS2_0114_slice_01_z077.png,Mild_Dementia/OAS2_0114/OAS2_0114_slice_01_z077.png,Mild Dementia/OAS2_0114/OAS2_0114_slice_01_z077.png,OAS2_0114,Mild Dementia,2,0,Non-Demented,0,0.4482338402732209,0.37100517395719973,0.10742765243624613,0.07333333333333333
OASIS_2,RandomForest,47,test,rician_noise__moderate,rician_noise,moderate,D:\OASIS_2\distortions_128\rician_noise\moderate\Mild_Dementia\OAS2_0114\OAS2_0114_slice_02_z082.png,Mild_Dementia/OAS2_0114/OAS2_0114_slice_02_z082.png,Mild Dementia/OAS2_0114/OAS2_0114_slice_02_z082.png,OAS2_0114,Mild Dementia,2,0,Non-Demented,0,0.46154833633421427,0.30526142587497007,0.14319023779081566,0.09
OASIS_2,RandomForest,47,test,rician_noise__moderate,rician_noise,moderate,D:\OASIS_2\distortions_128\rician_noise\moderate\Mild_Dementia\OAS2_0114\OAS2_0114_slice_03_z088.png,Mild_Dementia/OAS2_0114/OAS2_0114_slice_03_z088.png,Mild Dementia/OAS2_0114/OAS2_0114_slice_03_z088.png,OAS2_0114,Mild Dementia,2,0,Non-Demented,0,0.40666489090361546,0.33541533141741126,0.13458644434563985,0.12333333333333334
OASIS_2,RandomForest,47,test,rician_noise__moderate,rician_noise,moderate,D:\OASIS_2\distortions_128\rician_noise\moderate\Mild_Dementia\OAS2_0114\OAS2_0114_slice_04_z093.png,Mild_Dementia/OAS2_0114/OAS2_0114_slice_04_z093.png,Mild Dementia/OAS2_0114/OAS2_0114_slice_04_z093.png,OAS2_0114,Mild Dementia,2,0,Non-Demented,0,0.395304362505375,0.3367203251365697,0.1679753123580555,0.1
OASIS_2,RandomForest,47,test,rician_noise__moderate,rician_noise,moderate,D:\OASIS_2\distortions_128\rician_noise\moderate\Mild_Dementia\OAS2_0114\OAS2_0114_slice_05_z098.png,Mild_Dementia/OAS2_0114/OAS2_0114_slice_05_z098.png,Mild Dementia/OAS2_0114/OAS2_0114_slice_05_z098.png,OAS2_0114,Mild Dementia,2,0,Non-Demented,0,0.4290834050394584,0.3326523497728051,0.16493091185440306,0.07333333333333333
OASIS_2,RandomForest,47,test,rician_noise__moderate,rician_noise,moderate,D:\OASIS_2\distortions_128\rician_noise\moderate\Mild_Dementia\OAS2_0114\OAS2_0114_slice_06_z104.png,Mild_Dementia/OAS2_0114/OAS2_0114_slice_06_z104.png,Mild Dementia/OAS2_0114/OAS2_0114_slice_06_z104.png,OAS2_0114,Mild Dementia,2,0,Non-Demented,0,0.4215011668639411,0.3325663018666541,0.1692658646027381,0.07666666666666666
OASIS_2,RandomForest,47,test,rician_noise__moderate,rician_noise,moderate,D:\OASIS_2\distortions_128\rician_noise\moderate\Mild_Dementia\OAS2_0114\OAS2_0114_slice_07_z109.png,Mild_Dementia/OAS2_0114/OAS2_0114_slice_07_z109.png,Mild Dementia/OAS2_0114/OAS2_0114_slice_07_z109.png,OAS2_0114,Mild Dementia,2,0,Non-Demented,0,0.4691920632413713,0.28844764804691014,0.15569362204505174,0.08666666666666667
OASIS_2,RandomForest,47,test,rician_noise__moderate,rician_noise,moderate,D:\OASIS_2\distortions_128\rician_noise\moderate\Mild_Dementia\OAS2_0114\OAS2_0114_slice_08_z114.png,Mild_Dementia/OAS2_0114/OAS2_0114_slice_08_z114.png,Mild Dementia/OAS2_0114/OAS2_0114_slice_08_z114.png,OAS2_0114,Mild Dementia,2,0,Non-Demented,0,0.430785558534749,0.31380497506833893,0.1720761330635787,0.08333333333333333
OASIS_2,RandomForest,47,test,rician_noise__moderate,rician_noise,moderate,D:\OASIS_2\distortions_128\rician_noise\moderate\Mild_Dementia\OAS2_0114\OAS2_0114_slice_09_z120.png,Mild_Dementia/OAS2_0114/OAS2_0114_slice_09_z120.png,Mild Dementia/OAS2_0114/OAS2_0114_slice_09_z120.png,OAS2_0114,Mild Dementia,2,0,Non-Demented,0,0.4236231916922475,0.33135050040914205,0.14835964123194378,0.09666666666666666
OASIS_2,RandomForest,47,test,rician_noise__moderate,rician_noise,moderate,D:\OASIS_2\distortions_128\rician_noise\moderate\Mild_Dementia\OAS2_0114\OAS2_0114_slice_10_z125.png,Mild_Dementia/OAS2_0114/OAS2_0114_slice_10_z125.png,Mild Dementia/OAS2_0114/OAS2_0114_slice_10_z125.png,OAS2_0114,Mild Dementia,2,0,Non-Demented,0,0.48992876789955936,0.2625370968460781,0.1475341352543626,0.1
OASIS_2,RandomForest,47,test,rician_noise__moderate,rician_noise,moderate,D:\OASIS_2\distortions_128\rician_noise\moderate\Mild_Dementia\OAS2_0114\OAS2_0114_slice_11_z130.png,Mild_Dementia/OAS2_0114/OAS2_0114_slice_11_z130.png,Mild Dementia/OAS2_0114/OAS2_0114_slice_11_z130.png,OAS2_0114,Mild Dementia,2,0,Non-Demented,0,0.41985186351864323,0.2998285271412832,0.1736529426734069,0.10666666666666667
OASIS_2,RandomForest,47,test,rician_noise__moderate,rician_noise,moderate,D:\OASIS_2\distortions_128\rician_noise\moderate\Mild_Dementia\OAS2_0114\OAS2_0114_slice_12_z135.png,Mild_Dementia/OAS2_0114/OAS2_0114_slice_12_z135.png,Mild Dementia/OAS2_0114/OAS2_0114_slice_12_z135.png,OAS2_0114,Mild Dementia,2,0,Non-Demented,0,0.4434281737885065,0.29544656946674785,0.15779192341141232,0.10333333333333333
OASIS_2,RandomForest,47,test,rician_noise__moderate,rician_noise,moderate,D:\OASIS_2\distortions_128\rician_noise\moderate\Mild_Dementia\OAS2_0114\OAS2_0114_slice_13_z141.png,Mild_Dementia/OAS2_0114/OAS2_0114_slice_13_z141.png,Mild Dementia/OAS2_0114/OAS2_0114_slice_13_z141.png,OAS2_0114,Mild Dementia,2,0,Non-Demented,0,0.41218601242090913,0.3094871782427943,0.1483268093362967,0.13
OASIS_2,RandomForest,47,test,rician_noise__moderate,rician_noise,moderate,D:\OASIS_2\distortions_128\rician_noise\moderate\Mild_Dementia\OAS2_0114\OAS2_0114_slice_14_z146.png,Mild_Dementia/OAS2_0114/OAS2_0114_slice_14_z146.png,Mild Dementia/OAS2_0114/OAS2_0114_slice_14_z146.png,OAS2_0114,Mild Dementia,2,0,Non-Demented,0,0.4388837084811803,0.2954586498577532,0.13232430832773343,0.13333333333333333
OASIS_2,RandomForest,47,test,rician_noise__moderate,rician_noise,moderate,D:\OASIS_2\distortions_128\rician_noise\moderate\Mild_Dementia\OAS2_0114\OAS2_0114_slice_15_z151.png,Mild_Dementia/OAS2_0114/OAS2_0114_slice_15_z151.png,Mild Dementia/OAS2_0114/OAS2_0114_slice_15_z151.png,OAS2_0114,Mild Dementia,2,0,Non-Demented,0,0.5032570240993847,0.280274172418961,0.12313547014832087,0.09333333333333334
OASIS_2,RandomForest,47,test,rician_noise__moderate,rician_noise,moderate,D:\OASIS_2\distortions_128\rician_noise\moderate\Mild_Dementia\OAS2_0114\OAS2_0114_slice_16_z157.png,Mild_Dementia/OAS2_0114/OAS2_0114_slice_16_z157.png,Mild Dementia/OAS2_0114/OAS2_0114_slice_16_z157.png,OAS2_0114,Mild Dementia,2,0,Non-Demented,0,0.4499632634281934,0.29703389654532897,0.15300284002647763,0.1
OASIS_2,RandomForest,47,test,rician_noise__moderate,rician_noise,moderate,D:\OASIS_2\distortions_128\rician_noise\moderate\Mild_Dementia\OAS2_0114\OAS2_0114_slice_17_z162.png,Mild_Dementia/OAS2_0114/OAS2_0114_slice_17_z162.png,Mild Dementia/OAS2_0114/OAS2_0114_slice_17_z162.png,OAS2_0114,Mild Dementia,2,0,Non-Demented,0,0.4144285289481752,0.3093672009649429,0.17620427008688191,0.1
OASIS_2,RandomForest,47,test,rician_noise__moderate,rician_noise,moderate,D:\OASIS_2\distortions_128\rician_noise\moderate\Mild_Dementia\OAS2_0114\OAS2_0114_slice_18_z167.png,Mild_Dementia/OAS2_0114/OAS2_0114_slice_18_z167.png,Mild Dementia/OAS2_0114/OAS2_0114_slice_18_z167.png,OAS2_0114,Mild Dementia,2,0,Non-Demented,0,0.41187117823795016,0.32512714824699496,0.18300167351505497,0.08
OASIS_2,RandomForest,47,test,rician_noise__moderate,rician_noise,moderate,D:\OASIS_2\distortions_128\rician_noise\moderate\Mild_Dementia\OAS2_0114\OAS2_0114_slice_19_z173.png,Mild_Dementia/OAS2_0114/OAS2_0114_slice_19_z173.png,Mild Dementia/OAS2_0114/OAS2_0114_slice_19_z173.png,OAS2_0114,Mild Dementia,2,0,Non-Demented,0,0.41483737194813364,0.30808653242453726,0.17707609562732904,0.1
OASIS_2,RandomForest,47,test,rician_noise__moderate,rician_noise,moderate,D:\OASIS_2\distortions_128\rician_noise\moderate\Mild_Dementia\OAS2_0114\OAS2_0114_slice_20_z178.png,Mild_Dementia/OAS2_0114/OAS2_0114_slice_20_z178.png,Mild Dementia/OAS2_0114/OAS2_0114_slice_20_z178.png,OAS2_0114,Mild Dementia,2,0,Non-Demented,0,0.46925101923695434,0.2846125834300268,0.16946973066635213,0.07666666666666666
OASIS_2,RandomForest,47,test,rician_noise__moderate,rician_noise,moderate,D:\OASIS_2\distortions_128\rician_noise\moderate\Moderate_Dementia\OAS2_0120\OAS2_0120_slice_01_z077.png,Moderate_Dementia/OAS2_0120/OAS2_0120_slice_01_z077.png,Moderate Dementia/OAS2_0120/OAS2_0120_slice_01_z077.png,OAS2_0120,Moderate Dementia,3,0,Non-Demented,0,0.5071013778860765,0.23350999664234748,0.149388625471576,0.11
OASIS_2,RandomForest,47,test,rician_noise__moderate,rician_noise,moderate,D:\OASIS_2\distortions_128\rician_noise\moderate\Moderate_Dementia\OAS2_0120\OAS2_0120_slice_02_z082.png,Moderate_Dementia/OAS2_0120/OAS2_0120_slice_02_z082.png,Moderate Dementia/OAS2_0120/OAS2_0120_slice_02_z082.png,OAS2_0120,Moderate Dementia,3,0,Non-Demented,0,0.46040074564425615,0.28141010100282665,0.15485582001958376,0.10333333333333333
OASIS_2,RandomForest,47,test,rician_noise__moderate,rician_noise,moderate,D:\OASIS_2\distortions_128\rician_noise\moderate\Moderate_Dementia\OAS2_0120\OAS2_0120_slice_03_z088.png,Moderate_Dementia/OAS2_0120/OAS2_0120_slice_03_z088.png,Moderate Dementia/OAS2_0120/OAS2_0120_slice_03_z088.png,OAS2_0120,Moderate Dementia,3,0,Non-Demented,0,0.47823273888908296,0.27452544304479504,0.14724181806612213,0.1
OASIS_2,RandomForest,47,test,rician_noise__moderate,rician_noise,moderate,D:\OASIS_2\distortions_128\rician_noise\moderate\Moderate_Dementia\OAS2_0120\OAS2_0120_slice_04_z093.png,Moderate_Dementia/OAS2_0120/OAS2_0120_slice_04_z093.png,Moderate Dementia/OAS2_0120/OAS2_0120_slice_04_z093.png,OAS2_0120,Moderate Dementia,3,0,Non-Demented,0,0.5102636287772324,0.22655337143964266,0.18984966644979173,0.07333333333333333
OASIS_2,RandomForest,47,test,rician_noise__moderate,rician_noise,moderate,D:\OASIS_2\distortions_128\rician_noise\moderate\Moderate_Dementia\OAS2_0120\OAS2_0120_slice_05_z098.png,Moderate_Dementia/OAS2_0120/OAS2_0120_slice_05_z098.png,Moderate Dementia/OAS2_0120/OAS2_0120_slice_05_z098.png,OAS2_0120,Moderate Dementia,3,0,Non-Demented,0,0.4495127099144801,0.2848137492306968,0.1723402075214897,0.09333333333333334
OASIS_2,RandomForest,47,test,rician_noise__moderate,rician_noise,moderate,D:\OASIS_2\distortions_128\rician_noise\moderate\Moderate_Dementia\OAS2_0120\OAS2_0120_slice_06_z104.png,Moderate_Dementia/OAS2_0120/OAS2_0120_slice_06_z104.png,Moderate Dementia/OAS2_0120/OAS2_0120_slice_06_z104.png,OAS2_0120,Moderate Dementia,3,0,Non-Demented,0,0.4961370241903145,0.24464362346088014,0.1792193523488055,0.08
OASIS_2,RandomForest,47,test,rician_noise__moderate,rician_noise,moderate,D:\OASIS_2\distortions_128\rician_noise\moderate\Moderate_Dementia\OAS2_0120\OAS2_0120_slice_07_z109.png,Moderate_Dementia/OAS2_0120/OAS2_0120_slice_07_z109.png,Moderate Dementia/OAS2_0120/OAS2_0120_slice_07_z109.png,OAS2_0120,Moderate Dementia,3,0,Non-Demented,0,0.4988404826095269,0.255902807863686,0.14525670952678713,0.1
OASIS_2,RandomForest,47,test,rician_noise__moderate,rician_noise,moderate,D:\OASIS_2\distortions_128\rician_noise\moderate\Moderate_Dementia\OAS2_0120\OAS2_0120_slice_08_z114.png,Moderate_Dementia/OAS2_0120/OAS2_0120_slice_08_z114.png,Moderate Dementia/OAS2_0120/OAS2_0120_slice_08_z114.png,OAS2_0120,Moderate Dementia,3,0,Non-Demented,0,0.4789259390684133,0.2888862403646854,0.15218782056690142,0.08
OASIS_2,RandomForest,47,test,rician_noise__moderate,rician_noise,moderate,D:\OASIS_2\distortions_128\rician_noise\moderate\Moderate_Dementia\OAS2_0120\OAS2_0120_slice_09_z120.png,Moderate_Dementia/OAS2_0120/OAS2_0120_slice_09_z120.png,Moderate Dementia/OAS2_0120/OAS2_0120_slice_09_z120.png,OAS2_0120,Moderate Dementia,3,0,Non-Demented,0,0.4557774066320538,0.29666663394725645,0.1742226260873563,0.07333333333333333
OASIS_2,RandomForest,47,test,rician_noise__moderate,rician_noise,moderate,D:\OASIS_2\distortions_128\rician_noise\moderate\Moderate_Dementia\OAS2_0120\OAS2_0120_slice_10_z125.png,Moderate_Dementia/OAS2_0120/OAS2_0120_slice_10_z125.png,Moderate Dementia/OAS2_0120/OAS2_0120_slice_10_z125.png,OAS2_0120,Moderate Dementia,3,0,Non-Demented,0,0.51166055364724,0.3030998719665976,0.121906241052829,0.06333333333333334
OASIS_2,RandomForest,47,test,rician_noise__moderate,rician_noise,moderate,D:\OASIS_2\distortions_128\rician_noise\moderate\Moderate_Dementia\OAS2_0120\OAS2_0120_slice_11_z130.png,Moderate_Dementia/OAS2_0120/OAS2_0120_slice_11_z130.png,Moderate Dementia/OAS2_0120/OAS2_0120_slice_11_z130.png,OAS2_0120,Moderate Dementia,3,0,Non-Demented,0,0.5241402814844688,0.25392446339928865,0.17193525511624266,0.05
OASIS_2,RandomForest,47,test,rician_noise__moderate,rician_noise,moderate,D:\OASIS_2\distortions_128\rician_noise\moderate\Moderate_Dementia\OAS2_0120\OAS2_0120_slice_12_z135.png,Moderate_Dementia/OAS2_0120/OAS2_0120_slice_12_z135.png,Moderate Dementia/OAS2_0120/OAS2_0120_slice_12_z135.png,OAS2_0120,Moderate Dementia,3,0,Non-Demented,0,0.45861242168168637,0.3286609019894144,0.15272667632889944,0.06
OASIS_2,RandomForest,47,test,rician_noise__moderate,rician_noise,moderate,D:\OASIS_2\distortions_128\rician_noise\moderate\Moderate_Dementia\OAS2_0120\OAS2_0120_slice_13_z141.png,Moderate_Dementia/OAS2_0120/OAS2_0120_slice_13_z141.png,Moderate Dementia/OAS2_0120/OAS2_0120_slice_13_z141.png,OAS2_0120,Moderate Dementia,3,0,Non-Demented,0,0.464326316857211,0.29630185965189787,0.18270515682422456,0.056666666666666664
OASIS_2,RandomForest,47,test,rician_noise__moderate,rician_noise,moderate,D:\OASIS_2\distortions_128\rician_noise\moderate\Moderate_Dementia\OAS2_0120\OAS2_0120_slice_14_z146.png,Moderate_Dementia/OAS2_0120/OAS2_0120_slice_14_z146.png,Moderate Dementia/OAS2_0120/OAS2_0120_slice_14_z146.png,OAS2_0120,Moderate Dementia,3,0,Non-Demented,0,0.527169389067059,0.28374022596671894,0.13909038496622203,0.05
OASIS_2,RandomForest,47,test,rician_noise__moderate,rician_noise,moderate,D:\OASIS_2\distortions_128\rician_noise\moderate\Moderate_Dementia\OAS2_0120\OAS2_0120_slice_15_z151.png,Moderate_Dementia/OAS2_0120/OAS2_0120_slice_15_z151.png,Moderate Dementia/OAS2_0120/OAS2_0120_slice_15_z151.png,OAS2_0120,Moderate Dementia,3,0,Non-Demented,0,0.5002396076878542,0.2928443868505183,0.1569160054616275,0.05
OASIS_2,RandomForest,47,test,rician_noise__moderate,rician_noise,moderate,D:\OASIS_2\distortions_128\rician_noise\moderate\Moderate_Dementia\OAS2_0120\OAS2_0120_slice_16_z157.png,Moderate_Dementia/OAS2_0120/OAS2_0120_slice_16_z157.png,Moderate Dementia/OAS2_0120/OAS2_0120_slice_16_z157.png,OAS2_0120,Moderate Dementia,3,0,Non-Demented,0,0.4856478155111334,0.27107248483016705,0.16661303299203284,0.07666666666666666
OASIS_2,RandomForest,47,test,rician_noise__moderate,rician_noise,moderate,D:\OASIS_2\distortions_128\rician_noise\moderate\Moderate_Dementia\OAS2_0120\OAS2_0120_slice_17_z162.png,Moderate_Dementia/OAS2_0120/OAS2_0120_slice_17_z162.png,Moderate Dementia/OAS2_0120/OAS2_0120_slice_17_z162.png,OAS2_0120,Moderate Dementia,3,0,Non-Demented,0,0.48921817184345723,0.2501394795293051,0.1839756819605711,0.07666666666666666
OASIS_2,RandomForest,47,test,rician_noise__moderate,rician_noise,moderate,D:\OASIS_2\distortions_128\rician_noise\moderate\Moderate_Dementia\OAS2_0120\OAS2_0120_slice_18_z167.png,Moderate_Dementia/OAS2_0120/OAS2_0120_slice_18_z167.png,Moderate Dementia/OAS2_0120/OAS2_0120_slice_18_z167.png,OAS2_0120,Moderate Dementia,3,0,Non-Demented,0,0.4740750680391389,0.26765775775184597,0.16160050754234837,0.09666666666666666
OASIS_2,RandomForest,47,test,rician_noise__moderate,rician_noise,moderate,D:\OASIS_2\distortions_128\rician_noise\moderate\Moderate_Dementia\OAS2_0120\OAS2_0120_slice_19_z173.png,Moderate_Dementia/OAS2_0120/OAS2_0120_slice_19_z173.png,Moderate Dementia/OAS2_0120/OAS2_0120_slice_19_z173.png,OAS2_0120,Moderate Dementia,3,0,Non-Demented,0,0.4676841136349144,0.27654694697624105,0.14243560605551117,0.11333333333333333
OASIS_2,RandomForest,47,test,rician_noise__moderate,rician_noise,moderate,D:\OASIS_2\distortions_128\rician_noise\moderate\Moderate_Dementia\OAS2_0120\OAS2_0120_slice_20_z178.png,Moderate_Dementia/OAS2_0120/OAS2_0120_slice_20_z178.png,Moderate Dementia/OAS2_0120/OAS2_0120_slice_20_z178.png,OAS2_0120,Moderate Dementia,3,0,Non-Demented,0,0.4490554427040707,0.29180145673059144,0.16247643389867125,0.09666666666666666
OASIS_2,RandomForest,47,test,rician_noise__moderate,rician_noise,moderate,D:\OASIS_2\distortions_128\rician_noise\moderate\Non_Demented\OAS2_0004\OAS2_0004_slice_01_z077.png,Non_Demented/OAS2_0004/OAS2_0004_slice_01_z077.png,Non-Demented/OAS2_0004/OAS2_0004_slice_01_z077.png,OAS2_0004,Non-Demented,0,0,Non-Demented,1,0.4344505290239467,0.22855480935414316,0.16366132828857682,0.17333333333333334
OASIS_2,RandomForest,47,test,rician_noise__moderate,rician_noise,moderate,D:\OASIS_2\distortions_128\rician_noise\moderate\Non_Demented\OAS2_0004\OAS2_0004_slice_02_z082.png,Non_Demented/OAS2_0004/OAS2_0004_slice_02_z082.png,Non-Demented/OAS2_0004/OAS2_0004_slice_02_z082.png,OAS2_0004,Non-Demented,0,0,Non-Demented,1,0.44076326207924327,0.2686117933923786,0.14729161119504466,0.14333333333333334
OASIS_2,RandomForest,47,test,rician_noise__moderate,rician_noise,moderate,D:\OASIS_2\distortions_128\rician_noise\moderate\Non_Demented\OAS2_0004\OAS2_0004_slice_03_z088.png,Non_Demented/OAS2_0004/OAS2_0004_slice_03_z088.png,Non-Demented/OAS2_0004/OAS2_0004_slice_03_z088.png,OAS2_0004,Non-Demented,0,0,Non-Demented,1,0.46875998413199305,0.27153405730083047,0.17303929190050965,0.08666666666666667
OASIS_2,RandomForest,47,test,rician_noise__moderate,rician_noise,moderate,D:\OASIS_2\distortions_128\rician_noise\moderate\Non_Demented\OAS2_0004\OAS2_0004_slice_04_z093.png,Non_Demented/OAS2_0004/OAS2_0004_slice_04_z093.png,Non-Demented/OAS2_0004/OAS2_0004_slice_04_z093.png,OAS2_0004,Non-Demented,0,0,Non-Demented,1,0.43164926382135776,0.322769823947467,0.15224757889784185,0.09333333333333334
OASIS_2,RandomForest,47,test,rician_noise__moderate,rician_noise,moderate,D:\OASIS_2\distortions_128\rician_noise\moderate\Non_Demented\OAS2_0004\OAS2_0004_slice_05_z098.png,Non_Demented/OAS2_0004/OAS2_0004_slice_05_z098.png,Non-Demented/OAS2_0004/OAS2_0004_slice_05_z098.png,OAS2_0004,Non-Demented,0,0,Non-Demented,1,0.45584444744554875,0.2709234113156989,0.15323214123875228,0.12
OASIS_2,RandomForest,47,test,rician_noise__moderate,rician_noise,moderate,D:\OASIS_2\distortions_128\rician_noise\moderate\Non_Demented\OAS2_0004\OAS2_0004_slice_06_z104.png,Non_Demented/OAS2_0004/OAS2_0004_slice_06_z104.png,Non-Demented/OAS2_0004/OAS2_0004_slice_06_z104.png,OAS2_0004,Non-Demented,0,0,Non-Demented,1,0.4635054966298441,0.2958572529343221,0.1506372504358338,0.09
OASIS_2,RandomForest,47,test,rician_noise__moderate,rician_noise,moderate,D:\OASIS_2\distortions_128\rician_noise\moderate\Non_Demented\OAS2_0004\OAS2_0004_slice_07_z109.png,Non_Demented/OAS2_0004/OAS2_0004_slice_07_z109.png,Non-Demented/OAS2_0004/OAS2_0004_slice_07_z109.png,OAS2_0004,Non-Demented,0,0,Non-Demented,1,0.5048725369699444,0.245214817222449,0.13991264580760668,0.11
OASIS_2,RandomForest,47,test,rician_noise__moderate,rician_noise,moderate,D:\OASIS_2\distortions_128\rician_noise\moderate\Non_Demented\OAS2_0004\OAS2_0004_slice_08_z114.png,Non_Demented/OAS2_0004/OAS2_0004_slice_08_z114.png,Non-Demented/OAS2_0004/OAS2_0004_slice_08_z114.png,OAS2_0004,Non-Demented,0,0,Non-Demented,1,0.43530029343361304,0.3288621423245935,0.1491708975751268,0.08666666666666667
OASIS_2,RandomForest,47,test,rician_noise__moderate,rician_noise,moderate,D:\OASIS_2\distortions_128\rician_noise\moderate\Non_Demented\OAS2_0004\OAS2_0004_slice_09_z120.png,Non_Demented/OAS2_0004/OAS2_0004_slice_09_z120.png,Non-Demented/OAS2_0004/OAS2_0004_slice_09_z120.png,OAS2_0004,Non-Demented,0,0,Non-Demented,1,0.4540255953229043,0.27219938670897564,0.17044168463478687,0.10333333333333333
OASIS_2,RandomForest,47,test,rician_noise__moderate,rician_noise,moderate,D:\OASIS_2\distortions_128\rician_noise\moderate\Non_Demented\OAS2_0004\OAS2_0004_slice_10_z125.png,Non_Demented/OAS2_0004/OAS2_0004_slice_10_z125.png,Non-Demented/OAS2_0004/OAS2_0004_slice_10_z125.png,OAS2_0004,Non-Demented,0,0,Non-Demented,1,0.4088724176776574,0.3399118490557243,0.18454906659995157,0.06666666666666667
OASIS_2,RandomForest,47,test,rician_noise__moderate,rician_noise,moderate,D:\OASIS_2\distortions_128\rician_noise\moderate\Non_Demented\OAS2_0004\OAS2_0004_slice_11_z130.png,Non_Demented/OAS2_0004/OAS2_0004_slice_11_z130.png,Non-Demented/OAS2_0004/OAS2_0004_slice_11_z130.png,OAS2_0004,Non-Demented,0,0,Non-Demented,1,0.4355388898302896,0.3058771888049621,0.17191725469808158,0.08666666666666667
OASIS_2,RandomForest,47,test,rician_noise__moderate,rician_noise,moderate,D:\OASIS_2\distortions_128\rician_noise\moderate\Non_Demented\OAS2_0004\OAS2_0004_slice_12_z135.png,Non_Demented/OAS2_0004/OAS2_0004_slice_12_z135.png,Non-Demented/OAS2_0004/OAS2_0004_slice_12_z135.png,OAS2_0004,Non-Demented,0,0,Non-Demented,1,0.4682784853953175,0.29901422572535125,0.14270728887933118,0.09
OASIS_2,RandomForest,47,test,rician_noise__moderate,rician_noise,moderate,D:\OASIS_2\distortions_128\rician_noise\moderate\Non_Demented\OAS2_0004\OAS2_0004_slice_13_z141.png,Non_Demented/OAS2_0004/OAS2_0004_slice_13_z141.png,Non-Demented/OAS2_0004/OAS2_0004_slice_13_z141.png,OAS2_0004,Non-Demented,0,0,Non-Demented,1,0.5201305682900634,0.24192055751298042,0.15128220753028948,0.08666666666666667
OASIS_2,RandomForest,47,test,rician_noise__moderate,rician_noise,moderate,D:\OASIS_2\distortions_128\rician_noise\moderate\Non_Demented\OAS2_0004\OAS2_0004_slice_14_z146.png,Non_Demented/OAS2_0004/OAS2_0004_slice_14_z146.png,Non-Demented/OAS2_0004/OAS2_0004_slice_14_z146.png,OAS2_0004,Non-Demented,0,0,Non-Demented,1,0.424952585927799,0.28338914875736865,0.20499159864816563,0.08666666666666667
OASIS_2,RandomForest,47,test,rician_noise__moderate,rician_noise,moderate,D:\OASIS_2\distortions_128\rician_noise\moderate\Non_Demented\OAS2_0004\OAS2_0004_slice_15_z151.png,Non_Demented/OAS2_0004/OAS2_0004_slice_15_z151.png,Non-Demented/OAS2_0004/OAS2_0004_slice_15_z151.png,OAS2_0004,Non-Demented,0,0,Non-Demented,1,0.4844901669184758,0.28661399022640954,0.15222917618844792,0.07666666666666666
OASIS_2,RandomForest,47,test,rician_noise__moderate,rician_noise,moderate,D:\OASIS_2\distortions_128\rician_noise\moderate\Non_Demented\OAS2_0004\OAS2_0004_slice_16_z157.png,Non_Demented/OAS2_0004/OAS2_0004_slice_16_z157.png,Non-Demented/OAS2_0004/OAS2_0004_slice_16_z157.png,OAS2_0004,Non-Demented,0,0,Non-Demented,1,0.46883770071719016,0.26675713466233714,0.1444051646204727,0.12
OASIS_2,RandomForest,47,test,rician_noise__moderate,rician_noise,moderate,D:\OASIS_2\distortions_128\rician_noise\moderate\Non_Demented\OAS2_0004\OAS2_0004_slice_17_z162.png,Non_Demented/OAS2_0004/OAS2_0004_slice_17_z162.png,Non-Demented/OAS2_0004/OAS2_0004_slice_17_z162.png,OAS2_0004,Non-Demented,0,0,Non-Demented,1,0.44040563378363856,0.2876402442254247,0.17195412199093668,0.1
OASIS_2,RandomForest,47,test,rician_noise__moderate,rician_noise,moderate,D:\OASIS_2\distortions_128\rician_noise\moderate\Non_Demented\OAS2_0004\OAS2_0004_slice_18_z167.png,Non_Demented/OAS2_0004/OAS2_0004_slice_18_z167.png,Non-Demented/OAS2_0004/OAS2_0004_slice_18_z167.png,OAS2_0004,Non-Demented,0,0,Non-Demented,1,0.48278351386656465,0.27672972782700894,0.15382009163975968,0.08666666666666667
OASIS_2,RandomForest,47,test,rician_noise__moderate,rician_noise,moderate,D:\OASIS_2\distortions_128\rician_noise\moderate\Non_Demented\OAS2_0004\OAS2_0004_slice_19_z173.png,Non_Demented/OAS2_0004/OAS2_0004_slice_19_z173.png,Non-Demented/OAS2_0004/OAS2_0004_slice_19_z173.png,OAS2_0004,Non-Demented,0,0,Non-Demented,1,0.4549872607701482,0.2732869781007335,0.17839242779578496,0.09333333333333334
OASIS_2,RandomForest,47,test,rician_noise__moderate,rician_noise,moderate,D:\OASIS_2\distortions_128\rician_noise\moderate\Non_Demented\OAS2_0004\OAS2_0004_slice_20_z178.png,Non_Demented/OAS2_0004/OAS2_0004_slice_20_z178.png,Non-Demented/OAS2_0004/OAS2_0004_slice_20_z178.png,OAS2_0004,Non-Demented,0,0,Non-Demented,1,0.46424640115808435,0.24732749850616662,0.13175943366908216,0.15666666666666668
OASIS_2,RandomForest,47,test,rician_noise__moderate,rician_noise,moderate,D:\OASIS_2\distortions_128\rician_noise\moderate\Non_Demented\OAS2_0005\OAS2_0005_slice_01_z077.png,Non_Demented/OAS2_0005/OAS2_0005_slice_01_z077.png,Non-Demented/OAS2_0005/OAS2_0005_slice_01_z077.png,OAS2_0005,Non-Demented,0,0,Non-Demented,1,0.454343886664352,0.279486013910674,0.15283676609164062,0.11333333333333333
OASIS_2,RandomForest,47,test,rician_noise__moderate,rician_noise,moderate,D:\OASIS_2\distortions_128\rician_noise\moderate\Non_Demented\OAS2_0005\OAS2_0005_slice_02_z082.png,Non_Demented/OAS2_0005/OAS2_0005_slice_02_z082.png,Non-Demented/OAS2_0005/OAS2_0005_slice_02_z082.png,OAS2_0005,Non-Demented,0,0,Non-Demented,1,0.500815893533445,0.2996014525435227,0.14958265392303222,0.05
OASIS_2,RandomForest,47,test,rician_noise__moderate,rician_noise,moderate,D:\OASIS_2\distortions_128\rician_noise\moderate\Non_Demented\OAS2_0005\OAS2_0005_slice_03_z088.png,Non_Demented/OAS2_0005/OAS2_0005_slice_03_z088.png,Non-Demented/OAS2_0005/OAS2_0005_slice_03_z088.png,OAS2_0005,Non-Demented,0,0,Non-Demented,1,0.43947250679303207,0.3129533970107451,0.16424076286288955,0.08333333333333333
OASIS_2,RandomForest,47,test,rician_noise__moderate,rician_noise,moderate,D:\OASIS_2\distortions_128\rician_noise\moderate\Non_Demented\OAS2_0005\OAS2_0005_slice_04_z093.png,Non_Demented/OAS2_0005/OAS2_0005_slice_04_z093.png,Non-Demented/OAS2_0005/OAS2_0005_slice_04_z093.png,OAS2_0005,Non-Demented,0,0,Non-Demented,1,0.49252334189601205,0.29527015971743226,0.1422064983865557,0.07
OASIS_2,RandomForest,47,test,rician_noise__moderate,rician_noise,moderate,D:\OASIS_2\distortions_128\rician_noise\moderate\Non_Demented\OAS2_0005\OAS2_0005_slice_05_z098.png,Non_Demented/OAS2_0005/OAS2_0005_slice_05_z098.png,Non-Demented/OAS2_0005/OAS2_0005_slice_05_z098.png,OAS2_0005,Non-Demented,0,0,Non-Demented,1,0.536259714384386,0.2988286341851194,0.10824498476382793,0.056666666666666664
OASIS_2,RandomForest,47,test,rician_noise__moderate,rician_noise,moderate,D:\OASIS_2\distortions_128\rician_noise\moderate\Non_Demented\OAS2_0005\OAS2_0005_slice_06_z104.png,Non_Demented/OAS2_0005/OAS2_0005_slice_06_z104.png,Non-Demented/OAS2_0005/OAS2_0005_slice_06_z104.png,OAS2_0005,Non-Demented,0,0,Non-Demented,1,0.5021425063317563,0.29899964840229903,0.16219117859927806,0.03666666666666667
OASIS_2,RandomForest,47,test,rician_noise__moderate,rician_noise,moderate,D:\OASIS_2\distortions_128\rician_noise\moderate\Non_Demented\OAS2_0005\OAS2_0005_slice_07_z109.png,Non_Demented/OAS2_0005/OAS2_0005_slice_07_z109.png,Non-Demented/OAS2_0005/OAS2_0005_slice_07_z109.png,OAS2_0005,Non-Demented,0,0,Non-Demented,1,0.5342279610104408,0.27188073337295965,0.1305579722832664,0.06333333333333334
OASIS_2,RandomForest,47,test,rician_noise__moderate,rician_noise,moderate,D:\OASIS_2\distortions_128\rician_noise\moderate\Non_Demented\OAS2_0005\OAS2_0005_slice_08_z114.png,Non_Demented/OAS2_0005/OAS2_0005_slice_08_z114.png,Non-Demented/OAS2_0005/OAS2_0005_slice_08_z114.png,OAS2_0005,Non-Demented,0,0,Non-Demented,1,0.5377895712939087,0.2821901425482863,0.13335361949113844,0.04666666666666667
OASIS_2,RandomForest,47,test,rician_noise__moderate,rician_noise,moderate,D:\OASIS_2\distortions_128\rician_noise\moderate\Non_Demented\OAS2_0005\OAS2_0005_slice_09_z120.png,Non_Demented/OAS2_0005/OAS2_0005_slice_09_z120.png,Non-Demented/OAS2_0005/OAS2_0005_slice_09_z120.png,OAS2_0005,Non-Demented,0,0,Non-Demented,1,0.5476286840951187,0.2510239214131082,0.1480140611584397,0.05333333333333334
OASIS_2,RandomForest,47,test,rician_noise__moderate,rician_noise,moderate,D:\OASIS_2\distortions_128\rician_noise\moderate\Non_Demented\OAS2_0005\OAS2_0005_slice_10_z125.png,Non_Demented/OAS2_0005/OAS2_0005_slice_10_z125.png,Non-Demented/OAS2_0005/OAS2_0005_slice_10_z125.png,OAS2_0005,Non-Demented,0,0,Non-Demented,1,0.4868529823155551,0.3128659207055395,0.14361443031223883,0.056666666666666664
OASIS_2,RandomForest,47,test,rician_noise__moderate,rician_noise,moderate,D:\OASIS_2\distortions_128\rician_noise\moderate\Non_Demented\OAS2_0005\OAS2_0005_slice_11_z130.png,Non_Demented/OAS2_0005/OAS2_0005_slice_11_z130.png,Non-Demented/OAS2_0005/OAS2_0005_slice_11_z130.png,OAS2_0005,Non-Demented,0,0,Non-Demented,1,0.566235087510347,0.2757412271678435,0.10802368532180952,0.05
OASIS_2,RandomForest,47,test,rician_noise__moderate,rician_noise,moderate,D:\OASIS_2\distortions_128\rician_noise\moderate\Non_Demented\OAS2_0005\OAS2_0005_slice_12_z135.png,Non_Demented/OAS2_0005/OAS2_0005_slice_12_z135.png,Non-Demented/OAS2_0005/OAS2_0005_slice_12_z135.png,OAS2_0005,Non-Demented,0,0,Non-Demented,1,0.6012387599437194,0.2354151821244586,0.08667939126515528,0.07666666666666666
OASIS_2,RandomForest,47,test,rician_noise__moderate,rician_noise,moderate,D:\OASIS_2\distortions_128\rician_noise\moderate\Non_Demented\OAS2_0005\OAS2_0005_slice_13_z141.png,Non_Demented/OAS2_0005/OAS2_0005_slice_13_z141.png,Non-Demented/OAS2_0005/OAS2_0005_slice_13_z141.png,OAS2_0005,Non-Demented,0,0,Non-Demented,1,0.5438486771243464,0.250900685192826,0.15191730434949458,0.05333333333333334
OASIS_2,RandomForest,47,test,rician_noise__moderate,rician_noise,moderate,D:\OASIS_2\distortions_128\rician_noise\moderate\Non_Demented\OAS2_0005\OAS2_0005_slice_14_z146.png,Non_Demented/OAS2_0005/OAS2_0005_slice_14_z146.png,Non-Demented/OAS2_0005/OAS2_0005_slice_14_z146.png,OAS2_0005,Non-Demented,0,0,Non-Demented,1,0.5250181795715382,0.23287170294773551,0.14211011748072636,0.1
OASIS_2,RandomForest,47,test,rician_noise__moderate,rician_noise,moderate,D:\OASIS_2\distortions_128\rician_noise\moderate\Non_Demented\OAS2_0005\OAS2_0005_slice_15_z151.png,Non_Demented/OAS2_0005/OAS2_0005_slice_15_z151.png,Non-Demented/OAS2_0005/OAS2_0005_slice_15_z151.png,OAS2_0005,Non-Demented,0,0,Non-Demented,1,0.4826411837134144,0.2985464652302169,0.16881235105636871,0.05
OASIS_2,RandomForest,47,test,rician_noise__moderate,rician_noise,moderate,D:\OASIS_2\distortions_128\rician_noise\moderate\Non_Demented\OAS2_0005\OAS2_0005_slice_16_z157.png,Non_Demented/OAS2_0005/OAS2_0005_slice_16_z157.png,Non-Demented/OAS2_0005/OAS2_0005_slice_16_z157.png,OAS2_0005,Non-Demented,0,0,Non-Demented,1,0.46571151745159567,0.26962207820757,0.15799973767416767,0.10666666666666667
OASIS_2,RandomForest,47,test,rician_noise__moderate,rician_noise,moderate,D:\OASIS_2\distortions_128\rician_noise\moderate\Non_Demented\OAS2_0005\OAS2_0005_slice_17_z162.png,Non_Demented/OAS2_0005/OAS2_0005_slice_17_z162.png,Non-Demented/OAS2_0005/OAS2_0005_slice_17_z162.png,OAS2_0005,Non-Demented,0,0,Non-Demented,1,0.503196765928598,0.26899819906918615,0.11113836833554944,0.11666666666666667
OASIS_2,RandomForest,47,test,rician_noise__moderate,rician_noise,moderate,D:\OASIS_2\distortions_128\rician_noise\moderate\Non_Demented\OAS2_0005\OAS2_0005_slice_18_z167.png,Non_Demented/OAS2_0005/OAS2_0005_slice_18_z167.png,Non-Demented/OAS2_0005/OAS2_0005_slice_18_z167.png,OAS2_0005,Non-Demented,0,0,Non-Demented,1,0.4958999011399299,0.266693866380183,0.12073956581322044,0.11666666666666667
OASIS_2,RandomForest,47,test,rician_noise__moderate,rician_noise,moderate,D:\OASIS_2\distortions_128\rician_noise\moderate\Non_Demented\OAS2_0005\OAS2_0005_slice_19_z173.png,Non_Demented/OAS2_0005/OAS2_0005_slice_19_z173.png,Non-Demented/OAS2_0005/OAS2_0005_slice_19_z173.png,OAS2_0005,Non-Demented,0,0,Non-Demented,1,0.5018169812591599,0.24040012363721738,0.10778289510362275,0.15
OASIS_2,RandomForest,47,test,rician_noise__moderate,rician_noise,moderate,D:\OASIS_2\distortions_128\rician_noise\moderate\Non_Demented\OAS2_0005\OAS2_0005_slice_20_z178.png,Non_Demented/OAS2_0005/OAS2_0005_slice_20_z178.png,Non-Demented/OAS2_0005/OAS2_0005_slice_20_z178.png,OAS2_0005,Non-Demented,0,0,Non-Demented,1,0.45762475486154347,0.2781977480748701,0.15084416373025306,0.11333333333333333
OASIS_2,RandomForest,47,test,rician_noise__moderate,rician_noise,moderate,D:\OASIS_2\distortions_128\rician_noise\moderate\Non_Demented\OAS2_0017\OAS2_0017_slice_01_z077.png,Non_Demented/OAS2_0017/OAS2_0017_slice_01_z077.png,Non-Demented/OAS2_0017/OAS2_0017_slice_01_z077.png,OAS2_0017,Non-Demented,0,0,Non-Demented,1,0.5423236496331957,0.2428974259258285,0.1381122577743093,0.07666666666666666
OASIS_2,RandomForest,47,test,rician_noise__moderate,rician_noise,moderate,D:\OASIS_2\distortions_128\rician_noise\moderate\Non_Demented\OAS2_0017\OAS2_0017_slice_02_z082.png,Non_Demented/OAS2_0017/OAS2_0017_slice_02_z082.png,Non-Demented/OAS2_0017/OAS2_0017_slice_02_z082.png,OAS2_0017,Non-Demented,0,0,Non-Demented,1,0.520322993980348,0.29735571053659965,0.1223212954830526,0.06
OASIS_2,RandomForest,47,test,rician_noise__moderate,rician_noise,moderate,D:\OASIS_2\distortions_128\rician_noise\moderate\Non_Demented\OAS2_0017\OAS2_0017_slice_03_z088.png,Non_Demented/OAS2_0017/OAS2_0017_slice_03_z088.png,Non-Demented/OAS2_0017/OAS2_0017_slice_03_z088.png,OAS2_0017,Non-Demented,0,0,Non-Demented,1,0.5422509548123001,0.28441615873404935,0.13333288645365063,0.04
OASIS_2,RandomForest,47,test,rician_noise__moderate,rician_noise,moderate,D:\OASIS_2\distortions_128\rician_noise\moderate\Non_Demented\OAS2_0017\OAS2_0017_slice_04_z093.png,Non_Demented/OAS2_0017/OAS2_0017_slice_04_z093.png,Non-Demented/OAS2_0017/OAS2_0017_slice_04_z093.png,OAS2_0017,Non-Demented,0,0,Non-Demented,1,0.5431084084453246,0.2988568371662143,0.10803475438846119,0.05
OASIS_2,RandomForest,47,test,rician_noise__moderate,rician_noise,moderate,D:\OASIS_2\distortions_128\rician_noise\moderate\Non_Demented\OAS2_0017\OAS2_0017_slice_05_z098.png,Non_Demented/OAS2_0017/OAS2_0017_slice_05_z098.png,Non-Demented/OAS2_0017/OAS2_0017_slice_05_z098.png,OAS2_0017,Non-Demented,0,0,Non-Demented,1,0.56478978817581,0.2688201567394292,0.11639005508476065,0.05
OASIS_2,RandomForest,47,test,rician_noise__moderate,rician_noise,moderate,D:\OASIS_2\distortions_128\rician_noise\moderate\Non_Demented\OAS2_0017\OAS2_0017_slice_06_z104.png,Non_Demented/OAS2_0017/OAS2_0017_slice_06_z104.png,Non-Demented/OAS2_0017/OAS2_0017_slice_06_z104.png,OAS2_0017,Non-Demented,0,0,Non-Demented,1,0.5945968176992174,0.23697265169910006,0.11843053060168254,0.05
OASIS_2,RandomForest,47,test,rician_noise__moderate,rician_noise,moderate,D:\OASIS_2\distortions_128\rician_noise\moderate\Non_Demented\OAS2_0017\OAS2_0017_slice_07_z109.png,Non_Demented/OAS2_0017/OAS2_0017_slice_07_z109.png,Non-Demented/OAS2_0017/OAS2_0017_slice_07_z109.png,OAS2_0017,Non-Demented,0,0,Non-Demented,1,0.5791495631709648,0.24151704431500703,0.12266672584736145,0.056666666666666664
OASIS_2,RandomForest,47,test,rician_noise__moderate,rician_noise,moderate,D:\OASIS_2\distortions_128\rician_noise\moderate\Non_Demented\OAS2_0017\OAS2_0017_slice_08_z114.png,Non_Demented/OAS2_0017/OAS2_0017_slice_08_z114.png,Non-Demented/OAS2_0017/OAS2_0017_slice_08_z114.png,OAS2_0017,Non-Demented,0,0,Non-Demented,1,0.5838038488482559,0.2912660695934199,0.09493008155832433,0.03
OASIS_2,RandomForest,47,test,rician_noise__moderate,rician_noise,moderate,D:\OASIS_2\distortions_128\rician_noise\moderate\Non_Demented\OAS2_0017\OAS2_0017_slice_09_z120.png,Non_Demented/OAS2_0017/OAS2_0017_slice_09_z120.png,Non-Demented/OAS2_0017/OAS2_0017_slice_09_z120.png,OAS2_0017,Non-Demented,0,0,Non-Demented,1,0.5643990828548321,0.23923011055989482,0.13637080658527315,0.06
OASIS_2,RandomForest,47,test,rician_noise__moderate,rician_noise,moderate,D:\OASIS_2\distortions_128\rician_noise\moderate\Non_Demented\OAS2_0017\OAS2_0017_slice_10_z125.png,Non_Demented/OAS2_0017/OAS2_0017_slice_10_z125.png,Non-Demented/OAS2_0017/OAS2_0017_slice_10_z125.png,OAS2_0017,Non-Demented,0,0,Non-Demented,1,0.6005922804584881,0.22711853350887254,0.12562251936597268,0.04666666666666667
OASIS_2,RandomForest,47,test,rician_noise__moderate,rician_noise,moderate,D:\OASIS_2\distortions_128\rician_noise\moderate\Non_Demented\OAS2_0017\OAS2_0017_slice_11_z130.png,Non_Demented/OAS2_0017/OAS2_0017_slice_11_z130.png,Non-Demented/OAS2_0017/OAS2_0017_slice_11_z130.png,OAS2_0017,Non-Demented,0,0,Non-Demented,1,0.5978124505628541,0.25718268729681043,0.11167152880700215,0.03333333333333333
OASIS_2,RandomForest,47,test,rician_noise__moderate,rician_noise,moderate,D:\OASIS_2\distortions_128\rician_noise\moderate\Non_Demented\OAS2_0017\OAS2_0017_slice_12_z135.png,Non_Demented/OAS2_0017/OAS2_0017_slice_12_z135.png,Non-Demented/OAS2_0017/OAS2_0017_slice_12_z135.png,OAS2_0017,Non-Demented,0,0,Non-Demented,1,0.6137316186849838,0.26664332610345265,0.08295838854489701,0.03666666666666667
OASIS_2,RandomForest,47,test,rician_noise__moderate,rician_noise,moderate,D:\OASIS_2\distortions_128\rician_noise\moderate\Non_Demented\OAS2_0017\OAS2_0017_slice_13_z141.png,Non_Demented/OAS2_0017/OAS2_0017_slice_13_z141.png,Non-Demented/OAS2_0017/OAS2_0017_slice_13_z141.png,OAS2_0017,Non-Demented,0,0,Non-Demented,1,0.5461120579204015,0.2923247059920196,0.10489656942091219,0.056666666666666664
OASIS_2,RandomForest,47,test,rician_noise__moderate,rician_noise,moderate,D:\OASIS_2\distortions_128\rician_noise\moderate\Non_Demented\OAS2_0017\OAS2_0017_slice_14_z146.png,Non_Demented/OAS2_0017/OAS2_0017_slice_14_z146.png,Non-Demented/OAS2_0017/OAS2_0017_slice_14_z146.png,OAS2_0017,Non-Demented,0,0,Non-Demented,1,0.5719441535188157,0.23820642612074883,0.15318275369376902,0.03666666666666667
OASIS_2,RandomForest,47,test,rician_noise__moderate,rician_noise,moderate,D:\OASIS_2\distortions_128\rician_noise\moderate\Non_Demented\OAS2_0017\OAS2_0017_slice_15_z151.png,Non_Demented/OAS2_0017/OAS2_0017_slice_15_z151.png,Non-Demented/OAS2_0017/OAS2_0017_slice_15_z151.png,OAS2_0017,Non-Demented,0,0,Non-Demented,1,0.5745436503668547,0.23382340044816283,0.14829961585164933,0.043333333333333335
OASIS_2,RandomForest,47,test,rician_noise__moderate,rician_noise,moderate,D:\OASIS_2\distortions_128\rician_noise\moderate\Non_Demented\OAS2_0017\OAS2_0017_slice_16_z157.png,Non_Demented/OAS2_0017/OAS2_0017_slice_16_z157.png,Non-Demented/OAS2_0017/OAS2_0017_slice_16_z157.png,OAS2_0017,Non-Demented,0,0,Non-Demented,1,0.5623289590093237,0.2546409515544411,0.14636342276956846,0.03666666666666667
OASIS_2,RandomForest,47,test,rician_noise__moderate,rician_noise,moderate,D:\OASIS_2\distortions_128\rician_noise\moderate\Non_Demented\OAS2_0017\OAS2_0017_slice_17_z162.png,Non_Demented/OAS2_0017/OAS2_0017_slice_17_z162.png,Non-Demented/OAS2_0017/OAS2_0017_slice_17_z162.png,OAS2_0017,Non-Demented,0,0,Non-Demented,1,0.5543415820062033,0.2531458245535019,0.1325125934402947,0.06
OASIS_2,RandomForest,47,test,rician_noise__moderate,rician_noise,moderate,D:\OASIS_2\distortions_128\rician_noise\moderate\Non_Demented\OAS2_0017\OAS2_0017_slice_18_z167.png,Non_Demented/OAS2_0017/OAS2_0017_slice_18_z167.png,Non-Demented/OAS2_0017/OAS2_0017_slice_18_z167.png,OAS2_0017,Non-Demented,0,0,Non-Demented,1,0.5742586434907591,0.20741137071835147,0.16499665245755613,0.05333333333333334
OASIS_2,RandomForest,47,test,rician_noise__moderate,rician_noise,moderate,D:\OASIS_2\distortions_128\rician_noise\moderate\Non_Demented\OAS2_0017\OAS2_0017_slice_19_z173.png,Non_Demented/OAS2_0017/OAS2_0017_slice_19_z173.png,Non-Demented/OAS2_0017/OAS2_0017_slice_19_z173.png,OAS2_0017,Non-Demented,0,0,Non-Demented,1,0.4545677457017313,0.3030302410650305,0.14906867989990477,0.09333333333333334
OASIS_2,RandomForest,47,test,rician_noise__moderate,rician_noise,moderate,D:\OASIS_2\distortions_128\rician_noise\moderate\Non_Demented\OAS2_0017\OAS2_0017_slice_20_z178.png,Non_Demented/OAS2_0017/OAS2_0017_slice_20_z178.png,Non-Demented/OAS2_0017/OAS2_0017_slice_20_z178.png,OAS2_0017,Non-Demented,0,0,Non-Demented,1,0.5285939604871743,0.2522705483612531,0.11246882448490612,0.10666666666666667
OASIS_2,RandomForest,47,test,rician_noise__moderate,rician_noise,moderate,D:\OASIS_2\distortions_128\rician_noise\moderate\Non_Demented\OAS2_0036\OAS2_0036_slice_01_z077.png,Non_Demented/OAS2_0036/OAS2_0036_slice_01_z077.png,Non-Demented/OAS2_0036/OAS2_0036_slice_01_z077.png,OAS2_0036,Non-Demented,0,0,Non-Demented,1,0.4455521167566995,0.29914434476203844,0.15197020514792875,0.10333333333333333
OASIS_2,RandomForest,47,test,rician_noise__moderate,rician_noise,moderate,D:\OASIS_2\distortions_128\rician_noise\moderate\Non_Demented\OAS2_0036\OAS2_0036_slice_02_z082.png,Non_Demented/OAS2_0036/OAS2_0036_slice_02_z082.png,Non-Demented/OAS2_0036/OAS2_0036_slice_02_z082.png,OAS2_0036,Non-Demented,0,0,Non-Demented,1,0.441878048670888,0.3181081843948898,0.13001376693422217,0.11
OASIS_2,RandomForest,47,test,rician_noise__moderate,rician_noise,moderate,D:\OASIS_2\distortions_128\rician_noise\moderate\Non_Demented\OAS2_0036\OAS2_0036_slice_03_z088.png,Non_Demented/OAS2_0036/OAS2_0036_slice_03_z088.png,Non-Demented/OAS2_0036/OAS2_0036_slice_03_z088.png,OAS2_0036,Non-Demented,0,0,Non-Demented,1,0.43523944264623,0.2689327778855983,0.16916111280150514,0.12666666666666668
OASIS_2,RandomForest,47,test,rician_noise__moderate,rician_noise,moderate,D:\OASIS_2\distortions_128\rician_noise\moderate\Non_Demented\OAS2_0036\OAS2_0036_slice_04_z093.png,Non_Demented/OAS2_0036/OAS2_0036_slice_04_z093.png,Non-Demented/OAS2_0036/OAS2_0036_slice_04_z093.png,OAS2_0036,Non-Demented,0,0,Non-Demented,1,0.4568382691308211,0.3028253583636428,0.1570030391722027,0.08333333333333333
OASIS_2,RandomForest,47,test,rician_noise__moderate,rician_noise,moderate,D:\OASIS_2\distortions_128\rician_noise\moderate\Non_Demented\OAS2_0036\OAS2_0036_slice_05_z098.png,Non_Demented/OAS2_0036/OAS2_0036_slice_05_z098.png,Non-Demented/OAS2_0036/OAS2_0036_slice_05_z098.png,OAS2_0036,Non-Demented,0,0,Non-Demented,1,0.48051681327331525,0.2859994536219634,0.14015039977138802,0.09333333333333334
OASIS_2,RandomForest,47,test,rician_noise__moderate,rician_noise,moderate,D:\OASIS_2\distortions_128\rician_noise\moderate\Non_Demented\OAS2_0036\OAS2_0036_slice_06_z104.png,Non_Demented/OAS2_0036/OAS2_0036_slice_06_z104.png,Non-Demented/OAS2_0036/OAS2_0036_slice_06_z104.png,OAS2_0036,Non-Demented,0,0,Non-Demented,1,0.4389208638408661,0.34908233376031844,0.14866346906548203,0.06333333333333334
OASIS_2,RandomForest,47,test,rician_noise__moderate,rician_noise,moderate,D:\OASIS_2\distortions_128\rician_noise\moderate\Non_Demented\OAS2_0036\OAS2_0036_slice_07_z109.png,Non_Demented/OAS2_0036/OAS2_0036_slice_07_z109.png,Non-Demented/OAS2_0036/OAS2_0036_slice_07_z109.png,OAS2_0036,Non-Demented,0,0,Non-Demented,1,0.45800793693799563,0.2936582318588565,0.17500049786981442,0.07333333333333333
OASIS_2,RandomForest,47,test,rician_noise__moderate,rician_noise,moderate,D:\OASIS_2\distortions_128\rician_noise\moderate\Non_Demented\OAS2_0036\OAS2_0036_slice_08_z114.png,Non_Demented/OAS2_0036/OAS2_0036_slice_08_z114.png,Non-Demented/OAS2_0036/OAS2_0036_slice_08_z114.png,OAS2_0036,Non-Demented,0,0,Non-Demented,1,0.4699306706905035,0.2862753661120783,0.17712729653075143,0.06666666666666667
OASIS_2,RandomForest,47,test,rician_noise__moderate,rician_noise,moderate,D:\OASIS_2\distortions_128\rician_noise\moderate\Non_Demented\OAS2_0036\OAS2_0036_slice_09_z120.png,Non_Demented/OAS2_0036/OAS2_0036_slice_09_z120.png,Non-Demented/OAS2_0036/OAS2_0036_slice_09_z120.png,OAS2_0036,Non-Demented,0,0,Non-Demented,1,0.5188092016255352,0.3020247245546322,0.11583274048649936,0.06333333333333334
OASIS_2,RandomForest,47,test,rician_noise__moderate,rician_noise,moderate,D:\OASIS_2\distortions_128\rician_noise\moderate\Non_Demented\OAS2_0036\OAS2_0036_slice_10_z125.png,Non_Demented/OAS2_0036/OAS2_0036_slice_10_z125.png,Non-Demented/OAS2_0036/OAS2_0036_slice_10_z125.png,OAS2_0036,Non-Demented,0,0,Non-Demented,1,0.5163903221717647,0.28930980498045356,0.15429987284778166,0.04
OASIS_2,RandomForest,47,test,rician_noise__moderate,rician_noise,moderate,D:\OASIS_2\distortions_128\rician_noise\moderate\Non_Demented\OAS2_0036\OAS2_0036_slice_11_z130.png,Non_Demented/OAS2_0036/OAS2_0036_slice_11_z130.png,Non-Demented/OAS2_0036/OAS2_0036_slice_11_z130.png,OAS2_0036,Non-Demented,0,0,Non-Demented,1,0.45969288480774223,0.31825903348702406,0.16538141503856701,0.056666666666666664
OASIS_2,RandomForest,47,test,rician_noise__moderate,rician_noise,moderate,D:\OASIS_2\distortions_128\rician_noise\moderate\Non_Demented\OAS2_0036\OAS2_0036_slice_12_z135.png,Non_Demented/OAS2_0036/OAS2_0036_slice_12_z135.png,Non-Demented/OAS2_0036/OAS2_0036_slice_12_z135.png,OAS2_0036,Non-Demented,0,0,Non-Demented,1,0.47404573047384874,0.29641992400688805,0.1862010121859299,0.043333333333333335
OASIS_2,RandomForest,47,test,rician_noise__moderate,rician_noise,moderate,D:\OASIS_2\distortions_128\rician_noise\moderate\Non_Demented\OAS2_0036\OAS2_0036_slice_13_z141.png,Non_Demented/OAS2_0036/OAS2_0036_slice_13_z141.png,Non-Demented/OAS2_0036/OAS2_0036_slice_13_z141.png,OAS2_0036,Non-Demented,0,0,Non-Demented,1,0.5296153374794711,0.24901803877158457,0.17469995708227762,0.04666666666666667
OASIS_2,RandomForest,47,test,rician_noise__moderate,rician_noise,moderate,D:\OASIS_2\distortions_128\rician_noise\moderate\Non_Demented\OAS2_0036\OAS2_0036_slice_14_z146.png,Non_Demented/OAS2_0036/OAS2_0036_slice_14_z146.png,Non-Demented/OAS2_0036/OAS2_0036_slice_14_z146.png,OAS2_0036,Non-Demented,0,0,Non-Demented,1,0.5294992628747498,0.28975443795049005,0.13407963250809338,0.04666666666666667
OASIS_2,RandomForest,47,test,rician_noise__moderate,rician_noise,moderate,D:\OASIS_2\distortions_128\rician_noise\moderate\Non_Demented\OAS2_0036\OAS2_0036_slice_15_z151.png,Non_Demented/OAS2_0036/OAS2_0036_slice_15_z151.png,Non-Demented/OAS2_0036/OAS2_0036_slice_15_z151.png,OAS2_0036,Non-Demented,0,0,Non-Demented,1,0.47055500935348166,0.27455417577152963,0.16155748154165522,0.09333333333333334
OASIS_2,RandomForest,47,test,rician_noise__moderate,rician_noise,moderate,D:\OASIS_2\distortions_128\rician_noise\moderate\Non_Demented\OAS2_0036\OAS2_0036_slice_16_z157.png,Non_Demented/OAS2_0036/OAS2_0036_slice_16_z157.png,Non-Demented/OAS2_0036/OAS2_0036_slice_16_z157.png,OAS2_0036,Non-Demented,0,0,Non-Demented,1,0.46183642494449334,0.28431880041114355,0.15384477464436305,0.1
OASIS_2,RandomForest,47,test,rician_noise__moderate,rician_noise,moderate,D:\OASIS_2\distortions_128\rician_noise\moderate\Non_Demented\OAS2_0036\OAS2_0036_slice_17_z162.png,Non_Demented/OAS2_0036/OAS2_0036_slice_17_z162.png,Non-Demented/OAS2_0036/OAS2_0036_slice_17_z162.png,OAS2_0036,Non-Demented,0,0,Non-Demented,1,0.5131324670142425,0.2224990236542518,0.15103517599817248,0.11333333333333333
OASIS_2,RandomForest,47,test,rician_noise__moderate,rician_noise,moderate,D:\OASIS_2\distortions_128\rician_noise\moderate\Non_Demented\OAS2_0036\OAS2_0036_slice_18_z167.png,Non_Demented/OAS2_0036/OAS2_0036_slice_18_z167.png,Non-Demented/OAS2_0036/OAS2_0036_slice_18_z167.png,OAS2_0036,Non-Demented,0,0,Non-Demented,1,0.5266039351120174,0.2373801568929123,0.13934924132840373,0.09666666666666666
OASIS_2,RandomForest,47,test,rician_noise__moderate,rician_noise,moderate,D:\OASIS_2\distortions_128\rician_noise\moderate\Non_Demented\OAS2_0036\OAS2_0036_slice_19_z173.png,Non_Demented/OAS2_0036/OAS2_0036_slice_19_z173.png,Non-Demented/OAS2_0036/OAS2_0036_slice_19_z173.png,OAS2_0036,Non-Demented,0,0,Non-Demented,1,0.40111179552278364,0.2605106744102793,0.2250441967336038,0.11333333333333333
OASIS_2,RandomForest,47,test,rician_noise__moderate,rician_noise,moderate,D:\OASIS_2\distortions_128\rician_noise\moderate\Non_Demented\OAS2_0036\OAS2_0036_slice_20_z178.png,Non_Demented/OAS2_0036/OAS2_0036_slice_20_z178.png,Non-Demented/OAS2_0036/OAS2_0036_slice_20_z178.png,OAS2_0036,Non-Demented,0,0,Non-Demented,1,0.4568545517228691,0.2882022232564502,0.16160989168734746,0.09333333333333334
OASIS_2,RandomForest,47,test,rician_noise__moderate,rician_noise,moderate,D:\OASIS_2\distortions_128\rician_noise\moderate\Non_Demented\OAS2_0067\OAS2_0067_slice_01_z077.png,Non_Demented/OAS2_0067/OAS2_0067_slice_01_z077.png,Non-Demented/OAS2_0067/OAS2_0067_slice_01_z077.png,OAS2_0067,Non-Demented,0,0,Non-Demented,1,0.5111375873178623,0.23081581614361033,0.19137992987186056,0.06666666666666667
OASIS_2,RandomForest,47,test,rician_noise__moderate,rician_noise,moderate,D:\OASIS_2\distortions_128\rician_noise\moderate\Non_Demented\OAS2_0067\OAS2_0067_slice_02_z082.png,Non_Demented/OAS2_0067/OAS2_0067_slice_02_z082.png,Non-Demented/OAS2_0067/OAS2_0067_slice_02_z082.png,OAS2_0067,Non-Demented,0,0,Non-Demented,1,0.5495107608261801,0.2197033256331689,0.14745258020731755,0.08333333333333333
OASIS_2,RandomForest,47,test,rician_noise__moderate,rician_noise,moderate,D:\OASIS_2\distortions_128\rician_noise\moderate\Non_Demented\OAS2_0067\OAS2_0067_slice_03_z088.png,Non_Demented/OAS2_0067/OAS2_0067_slice_03_z088.png,Non-Demented/OAS2_0067/OAS2_0067_slice_03_z088.png,OAS2_0067,Non-Demented,0,0,Non-Demented,1,0.5306481428575457,0.262129728496587,0.12722212864586727,0.08
OASIS_2,RandomForest,47,test,rician_noise__moderate,rician_noise,moderate,D:\OASIS_2\distortions_128\rician_noise\moderate\Non_Demented\OAS2_0067\OAS2_0067_slice_04_z093.png,Non_Demented/OAS2_0067/OAS2_0067_slice_04_z093.png,Non-Demented/OAS2_0067/OAS2_0067_slice_04_z093.png,OAS2_0067,Non-Demented,0,0,Non-Demented,1,0.5208760503946326,0.28228393751836084,0.1401733454203399,0.056666666666666664
OASIS_2,RandomForest,47,test,rician_noise__moderate,rician_noise,moderate,D:\OASIS_2\distortions_128\rician_noise\moderate\Non_Demented\OAS2_0067\OAS2_0067_slice_05_z098.png,Non_Demented/OAS2_0067/OAS2_0067_slice_05_z098.png,Non-Demented/OAS2_0067/OAS2_0067_slice_05_z098.png,OAS2_0067,Non-Demented,0,0,Non-Demented,1,0.5056455788430302,0.2848816461751451,0.1794727749818248,0.03
OASIS_2,RandomForest,47,test,rician_noise__moderate,rician_noise,moderate,D:\OASIS_2\distortions_128\rician_noise\moderate\Non_Demented\OAS2_0067\OAS2_0067_slice_06_z104.png,Non_Demented/OAS2_0067/OAS2_0067_slice_06_z104.png,Non-Demented/OAS2_0067/OAS2_0067_slice_06_z104.png,OAS2_0067,Non-Demented,0,0,Non-Demented,1,0.5563882878410532,0.2576454743690666,0.16263290445654682,0.023333333333333334
OASIS_2,RandomForest,47,test,rician_noise__moderate,rician_noise,moderate,D:\OASIS_2\distortions_128\rician_noise\moderate\Non_Demented\OAS2_0067\OAS2_0067_slice_07_z109.png,Non_Demented/OAS2_0067/OAS2_0067_slice_07_z109.png,Non-Demented/OAS2_0067/OAS2_0067_slice_07_z109.png,OAS2_0067,Non-Demented,0,0,Non-Demented,1,0.48329777055075945,0.3021144770600797,0.1579210857224942,0.056666666666666664
OASIS_2,RandomForest,47,test,rician_noise__moderate,rician_noise,moderate,D:\OASIS_2\distortions_128\rician_noise\moderate\Non_Demented\OAS2_0067\OAS2_0067_slice_08_z114.png,Non_Demented/OAS2_0067/OAS2_0067_slice_08_z114.png,Non-Demented/OAS2_0067/OAS2_0067_slice_08_z114.png,OAS2_0067,Non-Demented,0,0,Non-Demented,1,0.5127753179056873,0.2628218983686292,0.18440278372568347,0.04
OASIS_2,RandomForest,47,test,rician_noise__moderate,rician_noise,moderate,D:\OASIS_2\distortions_128\rician_noise\moderate\Non_Demented\OAS2_0067\OAS2_0067_slice_09_z120.png,Non_Demented/OAS2_0067/OAS2_0067_slice_09_z120.png,Non-Demented/OAS2_0067/OAS2_0067_slice_09_z120.png,OAS2_0067,Non-Demented,0,0,Non-Demented,1,0.5248180308686486,0.258913239721119,0.16960206274356573,0.04666666666666667
OASIS_2,RandomForest,47,test,rician_noise__moderate,rician_noise,moderate,D:\OASIS_2\distortions_128\rician_noise\moderate\Non_Demented\OAS2_0067\OAS2_0067_slice_10_z125.png,Non_Demented/OAS2_0067/OAS2_0067_slice_10_z125.png,Non-Demented/OAS2_0067/OAS2_0067_slice_10_z125.png,OAS2_0067,Non-Demented,0,0,Non-Demented,1,0.47520331646553093,0.2871910178740697,0.18760566566039946,0.05
OASIS_2,RandomForest,47,test,rician_noise__moderate,rician_noise,moderate,D:\OASIS_2\distortions_128\rician_noise\moderate\Non_Demented\OAS2_0067\OAS2_0067_slice_11_z130.png,Non_Demented/OAS2_0067/OAS2_0067_slice_11_z130.png,Non-Demented/OAS2_0067/OAS2_0067_slice_11_z130.png,OAS2_0067,Non-Demented,0,0,Non-Demented,1,0.5269129614703135,0.2575166594643489,0.1555703790653375,0.06
OASIS_2,RandomForest,47,test,rician_noise__moderate,rician_noise,moderate,D:\OASIS_2\distortions_128\rician_noise\moderate\Non_Demented\OAS2_0067\OAS2_0067_slice_12_z135.png,Non_Demented/OAS2_0067/OAS2_0067_slice_12_z135.png,Non-Demented/OAS2_0067/OAS2_0067_slice_12_z135.png,OAS2_0067,Non-Demented,0,0,Non-Demented,1,0.5303536131051034,0.2716941278879284,0.16128559234030146,0.03666666666666667
OASIS_2,RandomForest,47,test,rician_noise__moderate,rician_noise,moderate,D:\OASIS_2\distortions_128\rician_noise\moderate\Non_Demented\OAS2_0067\OAS2_0067_slice_13_z141.png,Non_Demented/OAS2_0067/OAS2_0067_slice_13_z141.png,Non-Demented/OAS2_0067/OAS2_0067_slice_13_z141.png,OAS2_0067,Non-Demented,0,0,Non-Demented,1,0.5193857835990259,0.282514067327999,0.15476681573964177,0.043333333333333335
OASIS_2,RandomForest,47,test,rician_noise__moderate,rician_noise,moderate,D:\OASIS_2\distortions_128\rician_noise\moderate\Non_Demented\OAS2_0067\OAS2_0067_slice_14_z146.png,Non_Demented/OAS2_0067/OAS2_0067_slice_14_z146.png,Non-Demented/OAS2_0067/OAS2_0067_slice_14_z146.png,OAS2_0067,Non-Demented,0,0,Non-Demented,1,0.5917269834999594,0.2554251933489949,0.11951448981771215,0.03333333333333333
OASIS_2,RandomForest,47,test,rician_noise__moderate,rician_noise,moderate,D:\OASIS_2\distortions_128\rician_noise\moderate\Non_Demented\OAS2_0067\OAS2_0067_slice_15_z151.png,Non_Demented/OAS2_0067/OAS2_0067_slice_15_z151.png,Non-Demented/OAS2_0067/OAS2_0067_slice_15_z151.png,OAS2_0067,Non-Demented,0,0,Non-Demented,1,0.5204048276849775,0.2913495861662591,0.1449122528154301,0.043333333333333335
OASIS_2,RandomForest,47,test,rician_noise__moderate,rician_noise,moderate,D:\OASIS_2\distortions_128\rician_noise\moderate\Non_Demented\OAS2_0067\OAS2_0067_slice_16_z157.png,Non_Demented/OAS2_0067/OAS2_0067_slice_16_z157.png,Non-Demented/OAS2_0067/OAS2_0067_slice_16_z157.png,OAS2_0067,Non-Demented,0,0,Non-Demented,1,0.5364535316969536,0.25800696139787016,0.1455395069051763,0.06
OASIS_2,RandomForest,47,test,rician_noise__moderate,rician_noise,moderate,D:\OASIS_2\distortions_128\rician_noise\moderate\Non_Demented\OAS2_0067\OAS2_0067_slice_17_z162.png,Non_Demented/OAS2_0067/OAS2_0067_slice_17_z162.png,Non-Demented/OAS2_0067/OAS2_0067_slice_17_z162.png,OAS2_0067,Non-Demented,0,0,Non-Demented,1,0.5116377038903654,0.2841590988159089,0.15753653062705897,0.04666666666666667
OASIS_2,RandomForest,47,test,rician_noise__moderate,rician_noise,moderate,D:\OASIS_2\distortions_128\rician_noise\moderate\Non_Demented\OAS2_0067\OAS2_0067_slice_18_z167.png,Non_Demented/OAS2_0067/OAS2_0067_slice_18_z167.png,Non-Demented/OAS2_0067/OAS2_0067_slice_18_z167.png,OAS2_0067,Non-Demented,0,0,Non-Demented,1,0.5652798109927252,0.2592679328960261,0.1354522561112487,0.04
OASIS_2,RandomForest,47,test,rician_noise__moderate,rician_noise,moderate,D:\OASIS_2\distortions_128\rician_noise\moderate\Non_Demented\OAS2_0067\OAS2_0067_slice_19_z173.png,Non_Demented/OAS2_0067/OAS2_0067_slice_19_z173.png,Non-Demented/OAS2_0067/OAS2_0067_slice_19_z173.png,OAS2_0067,Non-Demented,0,0,Non-Demented,1,0.5342686666928275,0.23260024727674258,0.18979775269709653,0.043333333333333335
OASIS_2,RandomForest,47,test,rician_noise__moderate,rician_noise,moderate,D:\OASIS_2\distortions_128\rician_noise\moderate\Non_Demented\OAS2_0067\OAS2_0067_slice_20_z178.png,Non_Demented/OAS2_0067/OAS2_0067_slice_20_z178.png,Non-Demented/OAS2_0067/OAS2_0067_slice_20_z178.png,OAS2_0067,Non-Demented,0,0,Non-Demented,1,0.5197958546462468,0.2330453228121137,0.1704921558749729,0.07666666666666666
OASIS_2,RandomForest,47,test,rician_noise__moderate,rician_noise,moderate,D:\OASIS_2\distortions_128\rician_noise\moderate\Non_Demented\OAS2_0069\OAS2_0069_slice_01_z077.png,Non_Demented/OAS2_0069/OAS2_0069_slice_01_z077.png,Non-Demented/OAS2_0069/OAS2_0069_slice_01_z077.png,OAS2_0069,Non-Demented,0,0,Non-Demented,1,0.4723639809654826,0.30255896134495425,0.17507705768956316,0.05
OASIS_2,RandomForest,47,test,rician_noise__moderate,rician_noise,moderate,D:\OASIS_2\distortions_128\rician_noise\moderate\Non_Demented\OAS2_0069\OAS2_0069_slice_02_z082.png,Non_Demented/OAS2_0069/OAS2_0069_slice_02_z082.png,Non-Demented/OAS2_0069/OAS2_0069_slice_02_z082.png,OAS2_0069,Non-Demented,0,0,Non-Demented,1,0.4277679807430666,0.32865309313824925,0.18357892611868423,0.06
OASIS_2,RandomForest,47,test,rician_noise__moderate,rician_noise,moderate,D:\OASIS_2\distortions_128\rician_noise\moderate\Non_Demented\OAS2_0069\OAS2_0069_slice_03_z088.png,Non_Demented/OAS2_0069/OAS2_0069_slice_03_z088.png,Non-Demented/OAS2_0069/OAS2_0069_slice_03_z088.png,OAS2_0069,Non-Demented,0,0,Non-Demented,1,0.4584419099756526,0.29527981108718104,0.1862782789371663,0.06
OASIS_2,RandomForest,47,test,rician_noise__moderate,rician_noise,moderate,D:\OASIS_2\distortions_128\rician_noise\moderate\Non_Demented\OAS2_0069\OAS2_0069_slice_04_z093.png,Non_Demented/OAS2_0069/OAS2_0069_slice_04_z093.png,Non-Demented/OAS2_0069/OAS2_0069_slice_04_z093.png,OAS2_0069,Non-Demented,0,0,Non-Demented,1,0.46344431633194877,0.28658068171184015,0.19664166862287766,0.05333333333333334
OASIS_2,RandomForest,47,test,rician_noise__moderate,rician_noise,moderate,D:\OASIS_2\distortions_128\rician_noise\moderate\Non_Demented\OAS2_0069\OAS2_0069_slice_05_z098.png,Non_Demented/OAS2_0069/OAS2_0069_slice_05_z098.png,Non-Demented/OAS2_0069/OAS2_0069_slice_05_z098.png,OAS2_0069,Non-Demented,0,0,Non-Demented,1,0.49038451554122814,0.27394914718502533,0.18566633727374623,0.05
OASIS_2,RandomForest,47,test,rician_noise__moderate,rician_noise,moderate,D:\OASIS_2\distortions_128\rician_noise\moderate\Non_Demented\OAS2_0069\OAS2_0069_slice_06_z104.png,Non_Demented/OAS2_0069/OAS2_0069_slice_06_z104.png,Non-Demented/OAS2_0069/OAS2_0069_slice_06_z104.png,OAS2_0069,Non-Demented,0,0,Non-Demented,1,0.493921926666663,0.2751110521773702,0.19430035448930005,0.03666666666666667
OASIS_2,RandomForest,47,test,rician_noise__moderate,rician_noise,moderate,D:\OASIS_2\distortions_128\rician_noise\moderate\Non_Demented\OAS2_0069\OAS2_0069_slice_07_z109.png,Non_Demented/OAS2_0069/OAS2_0069_slice_07_z109.png,Non-Demented/OAS2_0069/OAS2_0069_slice_07_z109.png,OAS2_0069,Non-Demented,0,0,Non-Demented,1,0.5463485234366372,0.25736130536899265,0.13629017119436995,0.06
OASIS_2,RandomForest,47,test,rician_noise__moderate,rician_noise,moderate,D:\OASIS_2\distortions_128\rician_noise\moderate\Non_Demented\OAS2_0069\OAS2_0069_slice_08_z114.png,Non_Demented/OAS2_0069/OAS2_0069_slice_08_z114.png,Non-Demented/OAS2_0069/OAS2_0069_slice_08_z114.png,OAS2_0069,Non-Demented,0,0,Non-Demented,1,0.4671114239207593,0.2714161007525126,0.1914724753267281,0.07
OASIS_2,RandomForest,47,test,rician_noise__moderate,rician_noise,moderate,D:\OASIS_2\distortions_128\rician_noise\moderate\Non_Demented\OAS2_0069\OAS2_0069_slice_09_z120.png,Non_Demented/OAS2_0069/OAS2_0069_slice_09_z120.png,Non-Demented/OAS2_0069/OAS2_0069_slice_09_z120.png,OAS2_0069,Non-Demented,0,0,Non-Demented,1,0.535146540314627,0.2279127221590669,0.18694073752630588,0.05
OASIS_2,RandomForest,47,test,rician_noise__moderate,rician_noise,moderate,D:\OASIS_2\distortions_128\rician_noise\moderate\Non_Demented\OAS2_0069\OAS2_0069_slice_10_z125.png,Non_Demented/OAS2_0069/OAS2_0069_slice_10_z125.png,Non-Demented/OAS2_0069/OAS2_0069_slice_10_z125.png,OAS2_0069,Non-Demented,0,0,Non-Demented,1,0.5222925076650895,0.2626975270062115,0.1583432986620324,0.056666666666666664
OASIS_2,RandomForest,47,test,rician_noise__moderate,rician_noise,moderate,D:\OASIS_2\distortions_128\rician_noise\moderate\Non_Demented\OAS2_0069\OAS2_0069_slice_11_z130.png,Non_Demented/OAS2_0069/OAS2_0069_slice_11_z130.png,Non-Demented/OAS2_0069/OAS2_0069_slice_11_z130.png,OAS2_0069,Non-Demented,0,0,Non-Demented,1,0.5174957225181736,0.239541638513184,0.1729626389686425,0.07
OASIS_2,RandomForest,47,test,rician_noise__moderate,rician_noise,moderate,D:\OASIS_2\distortions_128\rician_noise\moderate\Non_Demented\OAS2_0069\OAS2_0069_slice_12_z135.png,Non_Demented/OAS2_0069/OAS2_0069_slice_12_z135.png,Non-Demented/OAS2_0069/OAS2_0069_slice_12_z135.png,OAS2_0069,Non-Demented,0,0,Non-Demented,1,0.5226724776956431,0.256584453044993,0.15740973592603072,0.06333333333333334
OASIS_2,RandomForest,47,test,rician_noise__moderate,rician_noise,moderate,D:\OASIS_2\distortions_128\rician_noise\moderate\Non_Demented\OAS2_0069\OAS2_0069_slice_13_z141.png,Non_Demented/OAS2_0069/OAS2_0069_slice_13_z141.png,Non-Demented/OAS2_0069/OAS2_0069_slice_13_z141.png,OAS2_0069,Non-Demented,0,0,Non-Demented,1,0.4914110773540213,0.23453417616525954,0.20072141314738587,0.07333333333333333
OASIS_2,RandomForest,47,test,rician_noise__moderate,rician_noise,moderate,D:\OASIS_2\distortions_128\rician_noise\moderate\Non_Demented\OAS2_0069\OAS2_0069_slice_14_z146.png,Non_Demented/OAS2_0069/OAS2_0069_slice_14_z146.png,Non-Demented/OAS2_0069/OAS2_0069_slice_14_z146.png,OAS2_0069,Non-Demented,0,0,Non-Demented,1,0.496144130545138,0.2904304009850964,0.11342546846976573,0.1
OASIS_2,RandomForest,47,test,rician_noise__moderate,rician_noise,moderate,D:\OASIS_2\distortions_128\rician_noise\moderate\Non_Demented\OAS2_0069\OAS2_0069_slice_15_z151.png,Non_Demented/OAS2_0069/OAS2_0069_slice_15_z151.png,Non-Demented/OAS2_0069/OAS2_0069_slice_15_z151.png,OAS2_0069,Non-Demented,0,0,Non-Demented,1,0.4655028046909643,0.27130454220602546,0.17652598643634368,0.08666666666666667
OASIS_2,RandomForest,47,test,rician_noise__moderate,rician_noise,moderate,D:\OASIS_2\distortions_128\rician_noise\moderate\Non_Demented\OAS2_0069\OAS2_0069_slice_16_z157.png,Non_Demented/OAS2_0069/OAS2_0069_slice_16_z157.png,Non-Demented/OAS2_0069/OAS2_0069_slice_16_z157.png,OAS2_0069,Non-Demented,0,0,Non-Demented,1,0.5027520015072875,0.27754459476906934,0.14637007039030953,0.07333333333333333
OASIS_2,RandomForest,47,test,rician_noise__moderate,rician_noise,moderate,D:\OASIS_2\distortions_128\rician_noise\moderate\Non_Demented\OAS2_0069\OAS2_0069_slice_17_z162.png,Non_Demented/OAS2_0069/OAS2_0069_slice_17_z162.png,Non-Demented/OAS2_0069/OAS2_0069_slice_17_z162.png,OAS2_0069,Non-Demented,0,0,Non-Demented,1,0.5044157574179942,0.25311060597188356,0.1391403032767892,0.10333333333333333
OASIS_2,RandomForest,47,test,rician_noise__moderate,rician_noise,moderate,D:\OASIS_2\distortions_128\rician_noise\moderate\Non_Demented\OAS2_0069\OAS2_0069_slice_18_z167.png,Non_Demented/OAS2_0069/OAS2_0069_slice_18_z167.png,Non-Demented/OAS2_0069/OAS2_0069_slice_18_z167.png,OAS2_0069,Non-Demented,0,0,Non-Demented,1,0.40947951443052283,0.30221082287819284,0.17164299602461763,0.11666666666666667
OASIS_2,RandomForest,47,test,rician_noise__moderate,rician_noise,moderate,D:\OASIS_2\distortions_128\rician_noise\moderate\Non_Demented\OAS2_0069\OAS2_0069_slice_19_z173.png,Non_Demented/OAS2_0069/OAS2_0069_slice_19_z173.png,Non-Demented/OAS2_0069/OAS2_0069_slice_19_z173.png,OAS2_0069,Non-Demented,0,0,Non-Demented,1,0.4495903185396952,0.3015702104216782,0.16550613770529315,0.08333333333333333
OASIS_2,RandomForest,47,test,rician_noise__moderate,rician_noise,moderate,D:\OASIS_2\distortions_128\rician_noise\moderate\Non_Demented\OAS2_0069\OAS2_0069_slice_20_z178.png,Non_Demented/OAS2_0069/OAS2_0069_slice_20_z178.png,Non-Demented/OAS2_0069/OAS2_0069_slice_20_z178.png,OAS2_0069,Non-Demented,0,0,Non-Demented,1,0.3776331935868777,0.3113766817073645,0.18432345803909128,0.12666666666666668
OASIS_2,RandomForest,47,test,rician_noise__moderate,rician_noise,moderate,D:\OASIS_2\distortions_128\rician_noise\moderate\Non_Demented\OAS2_0070\OAS2_0070_slice_01_z077.png,Non_Demented/OAS2_0070/OAS2_0070_slice_01_z077.png,Non-Demented/OAS2_0070/OAS2_0070_slice_01_z077.png,OAS2_0070,Non-Demented,0,0,Non-Demented,1,0.4581570696386616,0.30191737284188574,0.17659222418611933,0.06333333333333334
OASIS_2,RandomForest,47,test,rician_noise__moderate,rician_noise,moderate,D:\OASIS_2\distortions_128\rician_noise\moderate\Non_Demented\OAS2_0070\OAS2_0070_slice_02_z082.png,Non_Demented/OAS2_0070/OAS2_0070_slice_02_z082.png,Non-Demented/OAS2_0070/OAS2_0070_slice_02_z082.png,OAS2_0070,Non-Demented,0,0,Non-Demented,1,0.46304579686019953,0.2907722798509757,0.18951525662215804,0.056666666666666664
OASIS_2,RandomForest,47,test,rician_noise__moderate,rician_noise,moderate,D:\OASIS_2\distortions_128\rician_noise\moderate\Non_Demented\OAS2_0070\OAS2_0070_slice_03_z088.png,Non_Demented/OAS2_0070/OAS2_0070_slice_03_z088.png,Non-Demented/OAS2_0070/OAS2_0070_slice_03_z088.png,OAS2_0070,Non-Demented,0,0,Non-Demented,1,0.4663263356428692,0.3138422248639296,0.18649810615986803,0.03333333333333333
OASIS_2,RandomForest,47,test,rician_noise__moderate,rician_noise,moderate,D:\OASIS_2\distortions_128\rician_noise\moderate\Non_Demented\OAS2_0070\OAS2_0070_slice_04_z093.png,Non_Demented/OAS2_0070/OAS2_0070_slice_04_z093.png,Non-Demented/OAS2_0070/OAS2_0070_slice_04_z093.png,OAS2_0070,Non-Demented,0,0,Non-Demented,1,0.4495843188478292,0.34411729139589925,0.14629838975627155,0.06
OASIS_2,RandomForest,47,test,rician_noise__moderate,rician_noise,moderate,D:\OASIS_2\distortions_128\rician_noise\moderate\Non_Demented\OAS2_0070\OAS2_0070_slice_05_z098.png,Non_Demented/OAS2_0070/OAS2_0070_slice_05_z098.png,Non-Demented/OAS2_0070/OAS2_0070_slice_05_z098.png,OAS2_0070,Non-Demented,0,0,Non-Demented,1,0.5007193775887342,0.2814928352912987,0.1711211204533005,0.04666666666666667
OASIS_2,RandomForest,47,test,rician_noise__moderate,rician_noise,moderate,D:\OASIS_2\distortions_128\rician_noise\moderate\Non_Demented\OAS2_0070\OAS2_0070_slice_06_z104.png,Non_Demented/OAS2_0070/OAS2_0070_slice_06_z104.png,Non-Demented/OAS2_0070/OAS2_0070_slice_06_z104.png,OAS2_0070,Non-Demented,0,0,Non-Demented,1,0.5104724005540208,0.322084140544697,0.13744345890128243,0.03
OASIS_2,RandomForest,47,test,rician_noise__moderate,rician_noise,moderate,D:\OASIS_2\distortions_128\rician_noise\moderate\Non_Demented\OAS2_0070\OAS2_0070_slice_07_z109.png,Non_Demented/OAS2_0070/OAS2_0070_slice_07_z109.png,Non-Demented/OAS2_0070/OAS2_0070_slice_07_z109.png,OAS2_0070,Non-Demented,0,0,Non-Demented,1,0.4329046894507824,0.40371572323041777,0.12004625398546648,0.043333333333333335
OASIS_2,RandomForest,47,test,rician_noise__moderate,rician_noise,moderate,D:\OASIS_2\distortions_128\rician_noise\moderate\Non_Demented\OAS2_0070\OAS2_0070_slice_08_z114.png,Non_Demented/OAS2_0070/OAS2_0070_slice_08_z114.png,Non-Demented/OAS2_0070/OAS2_0070_slice_08_z114.png,OAS2_0070,Non-Demented,0,0,Non-Demented,1,0.4389939259347145,0.3672089931357399,0.14046374759621233,0.05333333333333334
OASIS_2,RandomForest,47,test,rician_noise__moderate,rician_noise,moderate,D:\OASIS_2\distortions_128\rician_noise\moderate\Non_Demented\OAS2_0070\OAS2_0070_slice_09_z120.png,Non_Demented/OAS2_0070/OAS2_0070_slice_09_z120.png,Non-Demented/OAS2_0070/OAS2_0070_slice_09_z120.png,OAS2_0070,Non-Demented,0,0,Non-Demented,1,0.5130513372206723,0.34171039431495664,0.09523826846437125,0.05
OASIS_2,RandomForest,47,test,rician_noise__moderate,rician_noise,moderate,D:\OASIS_2\distortions_128\rician_noise\moderate\Non_Demented\OAS2_0070\OAS2_0070_slice_10_z125.png,Non_Demented/OAS2_0070/OAS2_0070_slice_10_z125.png,Non-Demented/OAS2_0070/OAS2_0070_slice_10_z125.png,OAS2_0070,Non-Demented,0,0,Non-Demented,1,0.4963574384123279,0.3568646677501056,0.10344456050423302,0.043333333333333335
OASIS_2,RandomForest,47,test,rician_noise__moderate,rician_noise,moderate,D:\OASIS_2\distortions_128\rician_noise\moderate\Non_Demented\OAS2_0070\OAS2_0070_slice_11_z130.png,Non_Demented/OAS2_0070/OAS2_0070_slice_11_z130.png,Non-Demented/OAS2_0070/OAS2_0070_slice_11_z130.png,OAS2_0070,Non-Demented,0,0,Non-Demented,1,0.48263345314799644,0.3550355363134406,0.09899767720522958,0.06333333333333334
OASIS_2,RandomForest,47,test,rician_noise__moderate,rician_noise,moderate,D:\OASIS_2\distortions_128\rician_noise\moderate\Non_Demented\OAS2_0070\OAS2_0070_slice_12_z135.png,Non_Demented/OAS2_0070/OAS2_0070_slice_12_z135.png,Non-Demented/OAS2_0070/OAS2_0070_slice_12_z135.png,OAS2_0070,Non-Demented,0,0,Non-Demented,1,0.5031844457236799,0.3652547424903512,0.0982274784526354,0.03333333333333333
OASIS_2,RandomForest,47,test,rician_noise__moderate,rician_noise,moderate,D:\OASIS_2\distortions_128\rician_noise\moderate\Non_Demented\OAS2_0070\OAS2_0070_slice_13_z141.png,Non_Demented/OAS2_0070/OAS2_0070_slice_13_z141.png,Non-Demented/OAS2_0070/OAS2_0070_slice_13_z141.png,OAS2_0070,Non-Demented,0,0,Non-Demented,1,0.5565440849478774,0.29723075148923617,0.09622516356288634,0.05
OASIS_2,RandomForest,47,test,rician_noise__moderate,rician_noise,moderate,D:\OASIS_2\distortions_128\rician_noise\moderate\Non_Demented\OAS2_0070\OAS2_0070_slice_14_z146.png,Non_Demented/OAS2_0070/OAS2_0070_slice_14_z146.png,Non-Demented/OAS2_0070/OAS2_0070_slice_14_z146.png,OAS2_0070,Non-Demented,0,0,Non-Demented,1,0.5591287518542274,0.3077139858181994,0.08649059566090656,0.04666666666666667
OASIS_2,RandomForest,47,test,rician_noise__moderate,rician_noise,moderate,D:\OASIS_2\distortions_128\rician_noise\moderate\Non_Demented\OAS2_0070\OAS2_0070_slice_15_z151.png,Non_Demented/OAS2_0070/OAS2_0070_slice_15_z151.png,Non-Demented/OAS2_0070/OAS2_0070_slice_15_z151.png,OAS2_0070,Non-Demented,0,0,Non-Demented,1,0.5076866159961902,0.32607357338251175,0.11957314395463117,0.04666666666666667
OASIS_2,RandomForest,47,test,rician_noise__moderate,rician_noise,moderate,D:\OASIS_2\distortions_128\rician_noise\moderate\Non_Demented\OAS2_0070\OAS2_0070_slice_16_z157.png,Non_Demented/OAS2_0070/OAS2_0070_slice_16_z157.png,Non-Demented/OAS2_0070/OAS2_0070_slice_16_z157.png,OAS2_0070,Non-Demented,0,0,Non-Demented,1,0.4799805112010308,0.31485682277256627,0.12516266602640314,0.08
OASIS_2,RandomForest,47,test,rician_noise__moderate,rician_noise,moderate,D:\OASIS_2\distortions_128\rician_noise\moderate\Non_Demented\OAS2_0070\OAS2_0070_slice_17_z162.png,Non_Demented/OAS2_0070/OAS2_0070_slice_17_z162.png,Non-Demented/OAS2_0070/OAS2_0070_slice_17_z162.png,OAS2_0070,Non-Demented,0,0,Non-Demented,1,0.5169990908670984,0.30758564261023313,0.12208193318933505,0.05333333333333334
OASIS_2,RandomForest,47,test,rician_noise__moderate,rician_noise,moderate,D:\OASIS_2\distortions_128\rician_noise\moderate\Non_Demented\OAS2_0070\OAS2_0070_slice_18_z167.png,Non_Demented/OAS2_0070/OAS2_0070_slice_18_z167.png,Non-Demented/OAS2_0070/OAS2_0070_slice_18_z167.png,OAS2_0070,Non-Demented,0,0,Non-Demented,1,0.4423132479867033,0.33630495820698797,0.15804846047297538,0.06333333333333334
OASIS_2,RandomForest,47,test,rician_noise__moderate,rician_noise,moderate,D:\OASIS_2\distortions_128\rician_noise\moderate\Non_Demented\OAS2_0070\OAS2_0070_slice_19_z173.png,Non_Demented/OAS2_0070/OAS2_0070_slice_19_z173.png,Non-Demented/OAS2_0070/OAS2_0070_slice_19_z173.png,OAS2_0070,Non-Demented,0,0,Non-Demented,1,0.536013094891169,0.30760968790833965,0.09971055053382476,0.056666666666666664
OASIS_2,RandomForest,47,test,rician_noise__moderate,rician_noise,moderate,D:\OASIS_2\distortions_128\rician_noise\moderate\Non_Demented\OAS2_0070\OAS2_0070_slice_20_z178.png,Non_Demented/OAS2_0070/OAS2_0070_slice_20_z178.png,Non-Demented/OAS2_0070/OAS2_0070_slice_20_z178.png,OAS2_0070,Non-Demented,0,0,Non-Demented,1,0.5052940206548697,0.35213016465666347,0.10257581468846677,0.04
OASIS_2,RandomForest,47,test,rician_noise__moderate,rician_noise,moderate,D:\OASIS_2\distortions_128\rician_noise\moderate\Non_Demented\OAS2_0128\OAS2_0128_slice_01_z077.png,Non_Demented/OAS2_0128/OAS2_0128_slice_01_z077.png,Non-Demented/OAS2_0128/OAS2_0128_slice_01_z077.png,OAS2_0128,Non-Demented,0,0,Non-Demented,1,0.44702822439225814,0.31091922866303373,0.18538588027804145,0.056666666666666664
OASIS_2,RandomForest,47,test,rician_noise__moderate,rician_noise,moderate,D:\OASIS_2\distortions_128\rician_noise\moderate\Non_Demented\OAS2_0128\OAS2_0128_slice_02_z082.png,Non_Demented/OAS2_0128/OAS2_0128_slice_02_z082.png,Non-Demented/OAS2_0128/OAS2_0128_slice_02_z082.png,OAS2_0128,Non-Demented,0,0,Non-Demented,1,0.4668062412445958,0.33601646595258566,0.1438439594694853,0.05333333333333334
OASIS_2,RandomForest,47,test,rician_noise__moderate,rician_noise,moderate,D:\OASIS_2\distortions_128\rician_noise\moderate\Non_Demented\OAS2_0128\OAS2_0128_slice_03_z088.png,Non_Demented/OAS2_0128/OAS2_0128_slice_03_z088.png,Non-Demented/OAS2_0128/OAS2_0128_slice_03_z088.png,OAS2_0128,Non-Demented,0,0,Non-Demented,1,0.4834973599902754,0.27593842480420677,0.17056421520551796,0.07
OASIS_2,RandomForest,47,test,rician_noise__moderate,rician_noise,moderate,D:\OASIS_2\distortions_128\rician_noise\moderate\Non_Demented\OAS2_0128\OAS2_0128_slice_04_z093.png,Non_Demented/OAS2_0128/OAS2_0128_slice_04_z093.png,Non-Demented/OAS2_0128/OAS2_0128_slice_04_z093.png,OAS2_0128,Non-Demented,0,0,Non-Demented,1,0.49500331154265875,0.2721496595661373,0.18618036222453738,0.04666666666666667
OASIS_2,RandomForest,47,test,rician_noise__moderate,rician_noise,moderate,D:\OASIS_2\distortions_128\rician_noise\moderate\Non_Demented\OAS2_0128\OAS2_0128_slice_05_z098.png,Non_Demented/OAS2_0128/OAS2_0128_slice_05_z098.png,Non-Demented/OAS2_0128/OAS2_0128_slice_05_z098.png,OAS2_0128,Non-Demented,0,0,Non-Demented,1,0.4885407725131522,0.30754424954862497,0.1805816446048894,0.023333333333333334
OASIS_2,RandomForest,47,test,rician_noise__moderate,rician_noise,moderate,D:\OASIS_2\distortions_128\rician_noise\moderate\Non_Demented\OAS2_0128\OAS2_0128_slice_06_z104.png,Non_Demented/OAS2_0128/OAS2_0128_slice_06_z104.png,Non-Demented/OAS2_0128/OAS2_0128_slice_06_z104.png,OAS2_0128,Non-Demented,0,0,Non-Demented,1,0.4853358591087846,0.30319103571622547,0.1581397718416565,0.05333333333333334
OASIS_2,RandomForest,47,test,rician_noise__moderate,rician_noise,moderate,D:\OASIS_2\distortions_128\rician_noise\moderate\Non_Demented\OAS2_0128\OAS2_0128_slice_07_z109.png,Non_Demented/OAS2_0128/OAS2_0128_slice_07_z109.png,Non-Demented/OAS2_0128/OAS2_0128_slice_07_z109.png,OAS2_0128,Non-Demented,0,0,Non-Demented,1,0.5047069444503258,0.2953066781479629,0.16998637740171124,0.03
OASIS_2,RandomForest,47,test,rician_noise__moderate,rician_noise,moderate,D:\OASIS_2\distortions_128\rician_noise\moderate\Non_Demented\OAS2_0128\OAS2_0128_slice_08_z114.png,Non_Demented/OAS2_0128/OAS2_0128_slice_08_z114.png,Non-Demented/OAS2_0128/OAS2_0128_slice_08_z114.png,OAS2_0128,Non-Demented,0,0,Non-Demented,1,0.509614011987072,0.2551032649163611,0.17194938976323357,0.06333333333333334
OASIS_2,RandomForest,47,test,rician_noise__moderate,rician_noise,moderate,D:\OASIS_2\distortions_128\rician_noise\moderate\Non_Demented\OAS2_0128\OAS2_0128_slice_09_z120.png,Non_Demented/OAS2_0128/OAS2_0128_slice_09_z120.png,Non-Demented/OAS2_0128/OAS2_0128_slice_09_z120.png,OAS2_0128,Non-Demented,0,0,Non-Demented,1,0.46792603842189595,0.2892766892541448,0.19946393899062576,0.043333333333333335
OASIS_2,RandomForest,47,test,rician_noise__moderate,rician_noise,moderate,D:\OASIS_2\distortions_128\rician_noise\moderate\Non_Demented\OAS2_0128\OAS2_0128_slice_10_z125.png,Non_Demented/OAS2_0128/OAS2_0128_slice_10_z125.png,Non-Demented/OAS2_0128/OAS2_0128_slice_10_z125.png,OAS2_0128,Non-Demented,0,0,Non-Demented,1,0.4741283294388119,0.2707862118294934,0.19841879206502785,0.056666666666666664
OASIS_2,RandomForest,47,test,rician_noise__moderate,rician_noise,moderate,D:\OASIS_2\distortions_128\rician_noise\moderate\Non_Demented\OAS2_0128\OAS2_0128_slice_11_z130.png,Non_Demented/OAS2_0128/OAS2_0128_slice_11_z130.png,Non-Demented/OAS2_0128/OAS2_0128_slice_11_z130.png,OAS2_0128,Non-Demented,0,0,Non-Demented,1,0.524375947107967,0.24940152926182918,0.17622252363020374,0.05
OASIS_2,RandomForest,47,test,rician_noise__moderate,rician_noise,moderate,D:\OASIS_2\distortions_128\rician_noise\moderate\Non_Demented\OAS2_0128\OAS2_0128_slice_12_z135.png,Non_Demented/OAS2_0128/OAS2_0128_slice_12_z135.png,Non-Demented/OAS2_0128/OAS2_0128_slice_12_z135.png,OAS2_0128,Non-Demented,0,0,Non-Demented,1,0.49041044314136695,0.2656129986096731,0.18064322491562662,0.06333333333333334
OASIS_2,RandomForest,47,test,rician_noise__moderate,rician_noise,moderate,D:\OASIS_2\distortions_128\rician_noise\moderate\Non_Demented\OAS2_0128\OAS2_0128_slice_13_z141.png,Non_Demented/OAS2_0128/OAS2_0128_slice_13_z141.png,Non-Demented/OAS2_0128/OAS2_0128_slice_13_z141.png,OAS2_0128,Non-Demented,0,0,Non-Demented,1,0.48529372331303816,0.2887308429038373,0.12930876711645778,0.09666666666666666
OASIS_2,RandomForest,47,test,rician_noise__moderate,rician_noise,moderate,D:\OASIS_2\distortions_128\rician_noise\moderate\Non_Demented\OAS2_0128\OAS2_0128_slice_14_z146.png,Non_Demented/OAS2_0128/OAS2_0128_slice_14_z146.png,Non-Demented/OAS2_0128/OAS2_0128_slice_14_z146.png,OAS2_0128,Non-Demented,0,0,Non-Demented,1,0.511485789363112,0.238999563474372,0.16618131382918272,0.08333333333333333
OASIS_2,RandomForest,47,test,rician_noise__moderate,rician_noise,moderate,D:\OASIS_2\distortions_128\rician_noise\moderate\Non_Demented\OAS2_0128\OAS2_0128_slice_15_z151.png,Non_Demented/OAS2_0128/OAS2_0128_slice_15_z151.png,Non-Demented/OAS2_0128/OAS2_0128_slice_15_z151.png,OAS2_0128,Non-Demented,0,0,Non-Demented,1,0.4411584089167826,0.315568939098786,0.1732726519844315,0.07
OASIS_2,RandomForest,47,test,rician_noise__moderate,rician_noise,moderate,D:\OASIS_2\distortions_128\rician_noise\moderate\Non_Demented\OAS2_0128\OAS2_0128_slice_16_z157.png,Non_Demented/OAS2_0128/OAS2_0128_slice_16_z157.png,Non-Demented/OAS2_0128/OAS2_0128_slice_16_z157.png,OAS2_0128,Non-Demented,0,0,Non-Demented,1,0.4789908238447247,0.28644883580926167,0.14789367367934686,0.08666666666666667
OASIS_2,RandomForest,47,test,rician_noise__moderate,rician_noise,moderate,D:\OASIS_2\distortions_128\rician_noise\moderate\Non_Demented\OAS2_0128\OAS2_0128_slice_17_z162.png,Non_Demented/OAS2_0128/OAS2_0128_slice_17_z162.png,Non-Demented/OAS2_0128/OAS2_0128_slice_17_z162.png,OAS2_0128,Non-Demented,0,0,Non-Demented,1,0.44926582594572895,0.2502670991485723,0.1804670749056989,0.12
OASIS_2,RandomForest,47,test,rician_noise__moderate,rician_noise,moderate,D:\OASIS_2\distortions_128\rician_noise\moderate\Non_Demented\OAS2_0128\OAS2_0128_slice_18_z167.png,Non_Demented/OAS2_0128/OAS2_0128_slice_18_z167.png,Non-Demented/OAS2_0128/OAS2_0128_slice_18_z167.png,OAS2_0128,Non-Demented,0,0,Non-Demented,1,0.4234044969922882,0.2963666333607863,0.13689553631359225,0.14333333333333334
OASIS_2,RandomForest,47,test,rician_noise__moderate,rician_noise,moderate,D:\OASIS_2\distortions_128\rician_noise\moderate\Non_Demented\OAS2_0128\OAS2_0128_slice_19_z173.png,Non_Demented/OAS2_0128/OAS2_0128_slice_19_z173.png,Non-Demented/OAS2_0128/OAS2_0128_slice_19_z173.png,OAS2_0128,Non-Demented,0,0,Non-Demented,1,0.43380894933532355,0.25342325590238873,0.2127677947622877,0.1
OASIS_2,RandomForest,47,test,rician_noise__moderate,rician_noise,moderate,D:\OASIS_2\distortions_128\rician_noise\moderate\Non_Demented\OAS2_0128\OAS2_0128_slice_20_z178.png,Non_Demented/OAS2_0128/OAS2_0128_slice_20_z178.png,Non-Demented/OAS2_0128/OAS2_0128_slice_20_z178.png,OAS2_0128,Non-Demented,0,0,Non-Demented,1,0.41327661373975944,0.28165280343916926,0.16173724948773802,0.14333333333333334
OASIS_2,RandomForest,47,test,rician_noise__moderate,rician_noise,moderate,D:\OASIS_2\distortions_128\rician_noise\moderate\Non_Demented\OAS2_0135\OAS2_0135_slice_01_z077.png,Non_Demented/OAS2_0135/OAS2_0135_slice_01_z077.png,Non-Demented/OAS2_0135/OAS2_0135_slice_01_z077.png,OAS2_0135,Non-Demented,0,0,Non-Demented,1,0.45583128797592004,0.3154110027074767,0.18209104264993667,0.04666666666666667
OASIS_2,RandomForest,47,test,rician_noise__moderate,rician_noise,moderate,D:\OASIS_2\distortions_128\rician_noise\moderate\Non_Demented\OAS2_0135\OAS2_0135_slice_02_z082.png,Non_Demented/OAS2_0135/OAS2_0135_slice_02_z082.png,Non-Demented/OAS2_0135/OAS2_0135_slice_02_z082.png,OAS2_0135,Non-Demented,0,0,Non-Demented,1,0.491939929515242,0.28752262336560264,0.15053744711915526,0.07
OASIS_2,RandomForest,47,test,rician_noise__moderate,rician_noise,moderate,D:\OASIS_2\distortions_128\rician_noise\moderate\Non_Demented\OAS2_0135\OAS2_0135_slice_03_z088.png,Non_Demented/OAS2_0135/OAS2_0135_slice_03_z088.png,Non-Demented/OAS2_0135/OAS2_0135_slice_03_z088.png,OAS2_0135,Non-Demented,0,0,Non-Demented,1,0.47992915391281876,0.2910044515626564,0.18573306119119148,0.043333333333333335
OASIS_2,RandomForest,47,test,rician_noise__moderate,rician_noise,moderate,D:\OASIS_2\distortions_128\rician_noise\moderate\Non_Demented\OAS2_0135\OAS2_0135_slice_04_z093.png,Non_Demented/OAS2_0135/OAS2_0135_slice_04_z093.png,Non-Demented/OAS2_0135/OAS2_0135_slice_04_z093.png,OAS2_0135,Non-Demented,0,0,Non-Demented,1,0.47966235081781944,0.2913046711508436,0.16903297803133688,0.06
OASIS_2,RandomForest,47,test,rician_noise__moderate,rician_noise,moderate,D:\OASIS_2\distortions_128\rician_noise\moderate\Non_Demented\OAS2_0135\OAS2_0135_slice_05_z098.png,Non_Demented/OAS2_0135/OAS2_0135_slice_05_z098.png,Non-Demented/OAS2_0135/OAS2_0135_slice_05_z098.png,OAS2_0135,Non-Demented,0,0,Non-Demented,1,0.4371270591646561,0.28337370981608806,0.232832564352589,0.04666666666666667
OASIS_2,RandomForest,47,test,rician_noise__moderate,rician_noise,moderate,D:\OASIS_2\distortions_128\rician_noise\moderate\Non_Demented\OAS2_0135\OAS2_0135_slice_06_z104.png,Non_Demented/OAS2_0135/OAS2_0135_slice_06_z104.png,Non-Demented/OAS2_0135/OAS2_0135_slice_06_z104.png,OAS2_0135,Non-Demented,0,0,Non-Demented,1,0.5152749749173451,0.25056707464561756,0.21415795043703734,0.02
OASIS_2,RandomForest,47,test,rician_noise__moderate,rician_noise,moderate,D:\OASIS_2\distortions_128\rician_noise\moderate\Non_Demented\OAS2_0135\OAS2_0135_slice_07_z109.png,Non_Demented/OAS2_0135/OAS2_0135_slice_07_z109.png,Non-Demented/OAS2_0135/OAS2_0135_slice_07_z109.png,OAS2_0135,Non-Demented,0,0,Non-Demented,1,0.5030674043043682,0.30399765247600496,0.14293494321962666,0.05
OASIS_2,RandomForest,47,test,rician_noise__moderate,rician_noise,moderate,D:\OASIS_2\distortions_128\rician_noise\moderate\Non_Demented\OAS2_0135\OAS2_0135_slice_08_z114.png,Non_Demented/OAS2_0135/OAS2_0135_slice_08_z114.png,Non-Demented/OAS2_0135/OAS2_0135_slice_08_z114.png,OAS2_0135,Non-Demented,0,0,Non-Demented,1,0.4662347873239716,0.2701445901858071,0.21362062249022132,0.05
OASIS_2,RandomForest,47,test,rician_noise__moderate,rician_noise,moderate,D:\OASIS_2\distortions_128\rician_noise\moderate\Non_Demented\OAS2_0135\OAS2_0135_slice_09_z120.png,Non_Demented/OAS2_0135/OAS2_0135_slice_09_z120.png,Non-Demented/OAS2_0135/OAS2_0135_slice_09_z120.png,OAS2_0135,Non-Demented,0,0,Non-Demented,1,0.5610480793037912,0.2614834668746393,0.13413512048823611,0.043333333333333335
OASIS_2,RandomForest,47,test,rician_noise__moderate,rician_noise,moderate,D:\OASIS_2\distortions_128\rician_noise\moderate\Non_Demented\OAS2_0135\OAS2_0135_slice_10_z125.png,Non_Demented/OAS2_0135/OAS2_0135_slice_10_z125.png,Non-Demented/OAS2_0135/OAS2_0135_slice_10_z125.png,OAS2_0135,Non-Demented,0,0,Non-Demented,1,0.5101573970112622,0.3100488494284239,0.13979375356031387,0.04
OASIS_2,RandomForest,47,test,rician_noise__moderate,rician_noise,moderate,D:\OASIS_2\distortions_128\rician_noise\moderate\Non_Demented\OAS2_0135\OAS2_0135_slice_11_z130.png,Non_Demented/OAS2_0135/OAS2_0135_slice_11_z130.png,Non-Demented/OAS2_0135/OAS2_0135_slice_11_z130.png,OAS2_0135,Non-Demented,0,0,Non-Demented,1,0.5093843056158669,0.33361223842439275,0.12033678929307363,0.03666666666666667
OASIS_2,RandomForest,47,test,rician_noise__moderate,rician_noise,moderate,D:\OASIS_2\distortions_128\rician_noise\moderate\Non_Demented\OAS2_0135\OAS2_0135_slice_12_z135.png,Non_Demented/OAS2_0135/OAS2_0135_slice_12_z135.png,Non-Demented/OAS2_0135/OAS2_0135_slice_12_z135.png,OAS2_0135,Non-Demented,0,0,Non-Demented,1,0.5437234696760294,0.29579201863807875,0.12048451168589192,0.04
OASIS_2,RandomForest,47,test,rician_noise__moderate,rician_noise,moderate,D:\OASIS_2\distortions_128\rician_noise\moderate\Non_Demented\OAS2_0135\OAS2_0135_slice_13_z141.png,Non_Demented/OAS2_0135/OAS2_0135_slice_13_z141.png,Non-Demented/OAS2_0135/OAS2_0135_slice_13_z141.png,OAS2_0135,Non-Demented,0,0,Non-Demented,1,0.5681349860074051,0.27020419495909664,0.11499415236683151,0.04666666666666667
OASIS_2,RandomForest,47,test,rician_noise__moderate,rician_noise,moderate,D:\OASIS_2\distortions_128\rician_noise\moderate\Non_Demented\OAS2_0135\OAS2_0135_slice_14_z146.png,Non_Demented/OAS2_0135/OAS2_0135_slice_14_z146.png,Non-Demented/OAS2_0135/OAS2_0135_slice_14_z146.png,OAS2_0135,Non-Demented,0,0,Non-Demented,1,0.5564110504701121,0.29389894930438343,0.09302333355883806,0.056666666666666664
OASIS_2,RandomForest,47,test,rician_noise__moderate,rician_noise,moderate,D:\OASIS_2\distortions_128\rician_noise\moderate\Non_Demented\OAS2_0135\OAS2_0135_slice_15_z151.png,Non_Demented/OAS2_0135/OAS2_0135_slice_15_z151.png,Non-Demented/OAS2_0135/OAS2_0135_slice_15_z151.png,OAS2_0135,Non-Demented,0,0,Non-Demented,1,0.5645636701440383,0.3124046202853945,0.06303170957056724,0.06
OASIS_2,RandomForest,47,test,rician_noise__moderate,rician_noise,moderate,D:\OASIS_2\distortions_128\rician_noise\moderate\Non_Demented\OAS2_0135\OAS2_0135_slice_16_z157.png,Non_Demented/OAS2_0135/OAS2_0135_slice_16_z157.png,Non-Demented/OAS2_0135/OAS2_0135_slice_16_z157.png,OAS2_0135,Non-Demented,0,0,Non-Demented,1,0.5851909495127462,0.25119488900466425,0.10694749481592282,0.056666666666666664
OASIS_2,RandomForest,47,test,rician_noise__moderate,rician_noise,moderate,D:\OASIS_2\distortions_128\rician_noise\moderate\Non_Demented\OAS2_0135\OAS2_0135_slice_17_z162.png,Non_Demented/OAS2_0135/OAS2_0135_slice_17_z162.png,Non-Demented/OAS2_0135/OAS2_0135_slice_17_z162.png,OAS2_0135,Non-Demented,0,0,Non-Demented,1,0.5818472826754346,0.24923318960489677,0.1089195277196687,0.06
OASIS_2,RandomForest,47,test,rician_noise__moderate,rician_noise,moderate,D:\OASIS_2\distortions_128\rician_noise\moderate\Non_Demented\OAS2_0135\OAS2_0135_slice_18_z167.png,Non_Demented/OAS2_0135/OAS2_0135_slice_18_z167.png,Non-Demented/OAS2_0135/OAS2_0135_slice_18_z167.png,OAS2_0135,Non-Demented,0,0,Non-Demented,1,0.5465221931245833,0.2763348383631235,0.11714296851229321,0.06
OASIS_2,RandomForest,47,test,rician_noise__moderate,rician_noise,moderate,D:\OASIS_2\distortions_128\rician_noise\moderate\Non_Demented\OAS2_0135\OAS2_0135_slice_19_z173.png,Non_Demented/OAS2_0135/OAS2_0135_slice_19_z173.png,Non-Demented/OAS2_0135/OAS2_0135_slice_19_z173.png,OAS2_0135,Non-Demented,0,0,Non-Demented,1,0.5327693832782282,0.2598627117692368,0.15736790495253522,0.05
OASIS_2,RandomForest,47,test,rician_noise__moderate,rician_noise,moderate,D:\OASIS_2\distortions_128\rician_noise\moderate\Non_Demented\OAS2_0135\OAS2_0135_slice_20_z178.png,Non_Demented/OAS2_0135/OAS2_0135_slice_20_z178.png,Non-Demented/OAS2_0135/OAS2_0135_slice_20_z178.png,OAS2_0135,Non-Demented,0,0,Non-Demented,1,0.5101645379690605,0.25317584013633687,0.1866596218946027,0.05
OASIS_2,RandomForest,47,test,rician_noise__moderate,rician_noise,moderate,D:\OASIS_2\distortions_128\rician_noise\moderate\Non_Demented\OAS2_0141\OAS2_0141_slice_01_z077.png,Non_Demented/OAS2_0141/OAS2_0141_slice_01_z077.png,Non-Demented/OAS2_0141/OAS2_0141_slice_01_z077.png,OAS2_0141,Non-Demented,0,0,Non-Demented,1,0.43271884826460044,0.29070197066422643,0.15657918107117313,0.12
OASIS_2,RandomForest,47,test,rician_noise__moderate,rician_noise,moderate,D:\OASIS_2\distortions_128\rician_noise\moderate\Non_Demented\OAS2_0141\OAS2_0141_slice_02_z082.png,Non_Demented/OAS2_0141/OAS2_0141_slice_02_z082.png,Non-Demented/OAS2_0141/OAS2_0141_slice_02_z082.png,OAS2_0141,Non-Demented,0,0,Non-Demented,1,0.4371065194564493,0.30478027300576227,0.1581132075377885,0.1
OASIS_2,RandomForest,47,test,rician_noise__moderate,rician_noise,moderate,D:\OASIS_2\distortions_128\rician_noise\moderate\Non_Demented\OAS2_0141\OAS2_0141_slice_03_z088.png,Non_Demented/OAS2_0141/OAS2_0141_slice_03_z088.png,Non-Demented/OAS2_0141/OAS2_0141_slice_03_z088.png,OAS2_0141,Non-Demented,0,0,Non-Demented,1,0.4177262136581667,0.32623082438661016,0.16604296195522308,0.09
OASIS_2,RandomForest,47,test,rician_noise__moderate,rician_noise,moderate,D:\OASIS_2\distortions_128\rician_noise\moderate\Non_Demented\OAS2_0141\OAS2_0141_slice_04_z093.png,Non_Demented/OAS2_0141/OAS2_0141_slice_04_z093.png,Non-Demented/OAS2_0141/OAS2_0141_slice_04_z093.png,OAS2_0141,Non-Demented,0,0,Non-Demented,1,0.49696841287933147,0.26513090615770263,0.17790068096296577,0.06
OASIS_2,RandomForest,47,test,rician_noise__moderate,rician_noise,moderate,D:\OASIS_2\distortions_128\rician_noise\moderate\Non_Demented\OAS2_0141\OAS2_0141_slice_05_z098.png,Non_Demented/OAS2_0141/OAS2_0141_slice_05_z098.png,Non-Demented/OAS2_0141/OAS2_0141_slice_05_z098.png,OAS2_0141,Non-Demented,0,0,Non-Demented,1,0.4092448801073663,0.3348819999218809,0.17253978663741923,0.08333333333333333
OASIS_2,RandomForest,47,test,rician_noise__moderate,rician_noise,moderate,D:\OASIS_2\distortions_128\rician_noise\moderate\Non_Demented\OAS2_0141\OAS2_0141_slice_06_z104.png,Non_Demented/OAS2_0141/OAS2_0141_slice_06_z104.png,Non-Demented/OAS2_0141/OAS2_0141_slice_06_z104.png,OAS2_0141,Non-Demented,0,0,Non-Demented,1,0.4410064542902824,0.3196442366516272,0.13601597572475688,0.10333333333333333
OASIS_2,RandomForest,47,test,rician_noise__moderate,rician_noise,moderate,D:\OASIS_2\distortions_128\rician_noise\moderate\Non_Demented\OAS2_0141\OAS2_0141_slice_07_z109.png,Non_Demented/OAS2_0141/OAS2_0141_slice_07_z109.png,Non-Demented/OAS2_0141/OAS2_0141_slice_07_z109.png,OAS2_0141,Non-Demented,0,0,Non-Demented,1,0.4108981922120302,0.3240902285474272,0.18501157924054246,0.08
OASIS_2,RandomForest,47,test,rician_noise__moderate,rician_noise,moderate,D:\OASIS_2\distortions_128\rician_noise\moderate\Non_Demented\OAS2_0141\OAS2_0141_slice_08_z114.png,Non_Demented/OAS2_0141/OAS2_0141_slice_08_z114.png,Non-Demented/OAS2_0141/OAS2_0141_slice_08_z114.png,OAS2_0141,Non-Demented,0,0,Non-Demented,1,0.4025828961752168,0.35031947613569153,0.1804309610224251,0.06666666666666667
OASIS_2,RandomForest,47,test,rician_noise__moderate,rician_noise,moderate,D:\OASIS_2\distortions_128\rician_noise\moderate\Non_Demented\OAS2_0141\OAS2_0141_slice_09_z120.png,Non_Demented/OAS2_0141/OAS2_0141_slice_09_z120.png,Non-Demented/OAS2_0141/OAS2_0141_slice_09_z120.png,OAS2_0141,Non-Demented,0,0,Non-Demented,1,0.4260956382897757,0.31774599459408637,0.17949170044947116,0.07666666666666666
OASIS_2,RandomForest,47,test,rician_noise__moderate,rician_noise,moderate,D:\OASIS_2\distortions_128\rician_noise\moderate\Non_Demented\OAS2_0141\OAS2_0141_slice_10_z125.png,Non_Demented/OAS2_0141/OAS2_0141_slice_10_z125.png,Non-Demented/OAS2_0141/OAS2_0141_slice_10_z125.png,OAS2_0141,Non-Demented,0,0,Non-Demented,1,0.5091134908341818,0.2671209682229903,0.1770988742761613,0.04666666666666667
OASIS_2,RandomForest,47,test,rician_noise__moderate,rician_noise,moderate,D:\OASIS_2\distortions_128\rician_noise\moderate\Non_Demented\OAS2_0141\OAS2_0141_slice_11_z130.png,Non_Demented/OAS2_0141/OAS2_0141_slice_11_z130.png,Non-Demented/OAS2_0141/OAS2_0141_slice_11_z130.png,OAS2_0141,Non-Demented,0,0,Non-Demented,1,0.4564986836146599,0.30692422829478827,0.189910421423885,0.04666666666666667
OASIS_2,RandomForest,47,test,rician_noise__moderate,rician_noise,moderate,D:\OASIS_2\distortions_128\rician_noise\moderate\Non_Demented\OAS2_0141\OAS2_0141_slice_12_z135.png,Non_Demented/OAS2_0141/OAS2_0141_slice_12_z135.png,Non-Demented/OAS2_0141/OAS2_0141_slice_12_z135.png,OAS2_0141,Non-Demented,0,0,Non-Demented,1,0.5348516541367268,0.2922708151425054,0.142877530720768,0.03
OASIS_2,RandomForest,47,test,rician_noise__moderate,rician_noise,moderate,D:\OASIS_2\distortions_128\rician_noise\moderate\Non_Demented\OAS2_0141\OAS2_0141_slice_13_z141.png,Non_Demented/OAS2_0141/OAS2_0141_slice_13_z141.png,Non-Demented/OAS2_0141/OAS2_0141_slice_13_z141.png,OAS2_0141,Non-Demented,0,0,Non-Demented,1,0.5303523070542477,0.2613191992472343,0.15499516036518443,0.05333333333333334
OASIS_2,RandomForest,47,test,rician_noise__moderate,rician_noise,moderate,D:\OASIS_2\distortions_128\rician_noise\moderate\Non_Demented\OAS2_0141\OAS2_0141_slice_14_z146.png,Non_Demented/OAS2_0141/OAS2_0141_slice_14_z146.png,Non-Demented/OAS2_0141/OAS2_0141_slice_14_z146.png,OAS2_0141,Non-Demented,0,0,Non-Demented,1,0.5131791049989779,0.2996282584251433,0.13385930324254558,0.05333333333333334
OASIS_2,RandomForest,47,test,rician_noise__moderate,rician_noise,moderate,D:\OASIS_2\distortions_128\rician_noise\moderate\Non_Demented\OAS2_0141\OAS2_0141_slice_15_z151.png,Non_Demented/OAS2_0141/OAS2_0141_slice_15_z151.png,Non-Demented/OAS2_0141/OAS2_0141_slice_15_z151.png,OAS2_0141,Non-Demented,0,0,Non-Demented,1,0.5064515626736906,0.29635378745567836,0.14719464987063116,0.05
OASIS_2,RandomForest,47,test,rician_noise__moderate,rician_noise,moderate,D:\OASIS_2\distortions_128\rician_noise\moderate\Non_Demented\OAS2_0141\OAS2_0141_slice_16_z157.png,Non_Demented/OAS2_0141/OAS2_0141_slice_16_z157.png,Non-Demented/OAS2_0141/OAS2_0141_slice_16_z157.png,OAS2_0141,Non-Demented,0,0,Non-Demented,1,0.48047233873091416,0.2743817700976087,0.17514589117147697,0.07
OASIS_2,RandomForest,47,test,rician_noise__moderate,rician_noise,moderate,D:\OASIS_2\distortions_128\rician_noise\moderate\Non_Demented\OAS2_0141\OAS2_0141_slice_17_z162.png,Non_Demented/OAS2_0141/OAS2_0141_slice_17_z162.png,Non-Demented/OAS2_0141/OAS2_0141_slice_17_z162.png,OAS2_0141,Non-Demented,0,0,Non-Demented,1,0.5429944312583056,0.24992439273224845,0.1737478426761128,0.03333333333333333
OASIS_2,RandomForest,47,test,rician_noise__moderate,rician_noise,moderate,D:\OASIS_2\distortions_128\rician_noise\moderate\Non_Demented\OAS2_0141\OAS2_0141_slice_18_z167.png,Non_Demented/OAS2_0141/OAS2_0141_slice_18_z167.png,Non-Demented/OAS2_0141/OAS2_0141_slice_18_z167.png,OAS2_0141,Non-Demented,0,0,Non-Demented,1,0.49864044547273323,0.2519118584627119,0.1894476960645548,0.06
OASIS_2,RandomForest,47,test,rician_noise__moderate,rician_noise,moderate,D:\OASIS_2\distortions_128\rician_noise\moderate\Non_Demented\OAS2_0141\OAS2_0141_slice_19_z173.png,Non_Demented/OAS2_0141/OAS2_0141_slice_19_z173.png,Non-Demented/OAS2_0141/OAS2_0141_slice_19_z173.png,OAS2_0141,Non-Demented,0,0,Non-Demented,1,0.4826534269382779,0.2552047807792715,0.17880845894911726,0.08333333333333333
OASIS_2,RandomForest,47,test,rician_noise__moderate,rician_noise,moderate,D:\OASIS_2\distortions_128\rician_noise\moderate\Non_Demented\OAS2_0141\OAS2_0141_slice_20_z178.png,Non_Demented/OAS2_0141/OAS2_0141_slice_20_z178.png,Non-Demented/OAS2_0141/OAS2_0141_slice_20_z178.png,OAS2_0141,Non-Demented,0,0,Non-Demented,1,0.4603744702668363,0.2874993021903787,0.1954595608761182,0.056666666666666664
OASIS_2,RandomForest,47,test,rician_noise__moderate,rician_noise,moderate,D:\OASIS_2\distortions_128\rician_noise\moderate\Non_Demented\OAS2_0171\OAS2_0171_slice_01_z077.png,Non_Demented/OAS2_0171/OAS2_0171_slice_01_z077.png,Non-Demented/OAS2_0171/OAS2_0171_slice_01_z077.png,OAS2_0171,Non-Demented,0,0,Non-Demented,1,0.49529025101991797,0.3455632586776714,0.11914649030241066,0.04
OASIS_2,RandomForest,47,test,rician_noise__moderate,rician_noise,moderate,D:\OASIS_2\distortions_128\rician_noise\moderate\Non_Demented\OAS2_0171\OAS2_0171_slice_02_z082.png,Non_Demented/OAS2_0171/OAS2_0171_slice_02_z082.png,Non-Demented/OAS2_0171/OAS2_0171_slice_02_z082.png,OAS2_0171,Non-Demented,0,0,Non-Demented,1,0.4976322270386686,0.355602957492524,0.10676481546880737,0.04
OASIS_2,RandomForest,47,test,rician_noise__moderate,rician_noise,moderate,D:\OASIS_2\distortions_128\rician_noise\moderate\Non_Demented\OAS2_0171\OAS2_0171_slice_03_z088.png,Non_Demented/OAS2_0171/OAS2_0171_slice_03_z088.png,Non-Demented/OAS2_0171/OAS2_0171_slice_03_z088.png,OAS2_0171,Non-Demented,0,0,Non-Demented,1,0.548788913155544,0.3005708843476775,0.0973068691634453,0.05333333333333334
OASIS_2,RandomForest,47,test,rician_noise__moderate,rician_noise,moderate,D:\OASIS_2\distortions_128\rician_noise\moderate\Non_Demented\OAS2_0171\OAS2_0171_slice_04_z093.png,Non_Demented/OAS2_0171/OAS2_0171_slice_04_z093.png,Non-Demented/OAS2_0171/OAS2_0171_slice_04_z093.png,OAS2_0171,Non-Demented,0,0,Non-Demented,1,0.5307040254066154,0.2954511537614075,0.10717815416531043,0.06666666666666667
OASIS_2,RandomForest,47,test,rician_noise__moderate,rician_noise,moderate,D:\OASIS_2\distortions_128\rician_noise\moderate\Non_Demented\OAS2_0171\OAS2_0171_slice_05_z098.png,Non_Demented/OAS2_0171/OAS2_0171_slice_05_z098.png,Non-Demented/OAS2_0171/OAS2_0171_slice_05_z098.png,OAS2_0171,Non-Demented,0,0,Non-Demented,1,0.5254907749182709,0.30920310987650096,0.10863944853856156,0.056666666666666664
OASIS_2,RandomForest,47,test,rician_noise__moderate,rician_noise,moderate,D:\OASIS_2\distortions_128\rician_noise\moderate\Non_Demented\OAS2_0171\OAS2_0171_slice_06_z104.png,Non_Demented/OAS2_0171/OAS2_0171_slice_06_z104.png,Non-Demented/OAS2_0171/OAS2_0171_slice_06_z104.png,OAS2_0171,Non-Demented,0,0,Non-Demented,1,0.566457802726077,0.26783006679454163,0.11904546381271484,0.04666666666666667
OASIS_2,RandomForest,47,test,rician_noise__moderate,rician_noise,moderate,D:\OASIS_2\distortions_128\rician_noise\moderate\Non_Demented\OAS2_0171\OAS2_0171_slice_07_z109.png,Non_Demented/OAS2_0171/OAS2_0171_slice_07_z109.png,Non-Demented/OAS2_0171/OAS2_0171_slice_07_z109.png,OAS2_0171,Non-Demented,0,0,Non-Demented,1,0.5551112860491216,0.3013188425246031,0.09690320475960877,0.04666666666666667
OASIS_2,RandomForest,47,test,rician_noise__moderate,rician_noise,moderate,D:\OASIS_2\distortions_128\rician_noise\moderate\Non_Demented\OAS2_0171\OAS2_0171_slice_08_z114.png,Non_Demented/OAS2_0171/OAS2_0171_slice_08_z114.png,Non-Demented/OAS2_0171/OAS2_0171_slice_08_z114.png,OAS2_0171,Non-Demented,0,0,Non-Demented,1,0.5559861106822278,0.2786085691265187,0.10873865352458684,0.056666666666666664
OASIS_2,RandomForest,47,test,rician_noise__moderate,rician_noise,moderate,D:\OASIS_2\distortions_128\rician_noise\moderate\Non_Demented\OAS2_0171\OAS2_0171_slice_09_z120.png,Non_Demented/OAS2_0171/OAS2_0171_slice_09_z120.png,Non-Demented/OAS2_0171/OAS2_0171_slice_09_z120.png,OAS2_0171,Non-Demented,0,0,Non-Demented,1,0.5725856846002224,0.28354600808053537,0.09386830731924221,0.05
OASIS_2,RandomForest,47,test,rician_noise__moderate,rician_noise,moderate,D:\OASIS_2\distortions_128\rician_noise\moderate\Non_Demented\OAS2_0171\OAS2_0171_slice_10_z125.png,Non_Demented/OAS2_0171/OAS2_0171_slice_10_z125.png,Non-Demented/OAS2_0171/OAS2_0171_slice_10_z125.png,OAS2_0171,Non-Demented,0,0,Non-Demented,1,0.5514037042481607,0.28430497817390626,0.11095798424459981,0.05333333333333334
OASIS_2,RandomForest,47,test,rician_noise__moderate,rician_noise,moderate,D:\OASIS_2\distortions_128\rician_noise\moderate\Non_Demented\OAS2_0171\OAS2_0171_slice_11_z130.png,Non_Demented/OAS2_0171/OAS2_0171_slice_11_z130.png,Non-Demented/OAS2_0171/OAS2_0171_slice_11_z130.png,OAS2_0171,Non-Demented,0,0,Non-Demented,1,0.5658062692386665,0.2932588140813979,0.09093491667993564,0.05
OASIS_2,RandomForest,47,test,rician_noise__moderate,rician_noise,moderate,D:\OASIS_2\distortions_128\rician_noise\moderate\Non_Demented\OAS2_0171\OAS2_0171_slice_12_z135.png,Non_Demented/OAS2_0171/OAS2_0171_slice_12_z135.png,Non-Demented/OAS2_0171/OAS2_0171_slice_12_z135.png,OAS2_0171,Non-Demented,0,0,Non-Demented,1,0.5614412176934646,0.2582620705965023,0.09696337837669988,0.08333333333333333
OASIS_2,RandomForest,47,test,rician_noise__moderate,rician_noise,moderate,D:\OASIS_2\distortions_128\rician_noise\moderate\Non_Demented\OAS2_0171\OAS2_0171_slice_13_z141.png,Non_Demented/OAS2_0171/OAS2_0171_slice_13_z141.png,Non-Demented/OAS2_0171/OAS2_0171_slice_13_z141.png,OAS2_0171,Non-Demented,0,0,Non-Demented,1,0.5672688920509523,0.2654795253611004,0.09725158258794736,0.07
OASIS_2,RandomForest,47,test,rician_noise__moderate,rician_noise,moderate,D:\OASIS_2\distortions_128\rician_noise\moderate\Non_Demented\OAS2_0171\OAS2_0171_slice_14_z146.png,Non_Demented/OAS2_0171/OAS2_0171_slice_14_z146.png,Non-Demented/OAS2_0171/OAS2_0171_slice_14_z146.png,OAS2_0171,Non-Demented,0,0,Non-Demented,1,0.5887882827476814,0.26751309015216,0.09703196043349203,0.04666666666666667
OASIS_2,RandomForest,47,test,rician_noise__moderate,rician_noise,moderate,D:\OASIS_2\distortions_128\rician_noise\moderate\Non_Demented\OAS2_0171\OAS2_0171_slice_15_z151.png,Non_Demented/OAS2_0171/OAS2_0171_slice_15_z151.png,Non-Demented/OAS2_0171/OAS2_0171_slice_15_z151.png,OAS2_0171,Non-Demented,0,0,Non-Demented,1,0.5444257731315176,0.3140014724772634,0.09157275439121898,0.05
OASIS_2,RandomForest,47,test,rician_noise__moderate,rician_noise,moderate,D:\OASIS_2\distortions_128\rician_noise\moderate\Non_Demented\OAS2_0171\OAS2_0171_slice_16_z157.png,Non_Demented/OAS2_0171/OAS2_0171_slice_16_z157.png,Non-Demented/OAS2_0171/OAS2_0171_slice_16_z157.png,OAS2_0171,Non-Demented,0,0,Non-Demented,1,0.5379291508930951,0.25290591372641,0.15249826871382824,0.056666666666666664
OASIS_2,RandomForest,47,test,rician_noise__moderate,rician_noise,moderate,D:\OASIS_2\distortions_128\rician_noise\moderate\Non_Demented\OAS2_0171\OAS2_0171_slice_17_z162.png,Non_Demented/OAS2_0171/OAS2_0171_slice_17_z162.png,Non-Demented/OAS2_0171/OAS2_0171_slice_17_z162.png,OAS2_0171,Non-Demented,0,0,Non-Demented,1,0.5121869496471497,0.300558402137759,0.13725464821509134,0.05
OASIS_2,RandomForest,47,test,rician_noise__moderate,rician_noise,moderate,D:\OASIS_2\distortions_128\rician_noise\moderate\Non_Demented\OAS2_0171\OAS2_0171_slice_18_z167.png,Non_Demented/OAS2_0171/OAS2_0171_slice_18_z167.png,Non-Demented/OAS2_0171/OAS2_0171_slice_18_z167.png,OAS2_0171,Non-Demented,0,0,Non-Demented,1,0.4337286696975635,0.3097714582058605,0.15983320542990942,0.09666666666666666
OASIS_2,RandomForest,47,test,rician_noise__moderate,rician_noise,moderate,D:\OASIS_2\distortions_128\rician_noise\moderate\Non_Demented\OAS2_0171\OAS2_0171_slice_19_z173.png,Non_Demented/OAS2_0171/OAS2_0171_slice_19_z173.png,Non-Demented/OAS2_0171/OAS2_0171_slice_19_z173.png,OAS2_0171,Non-Demented,0,0,Non-Demented,1,0.4890519395629417,0.29362231673931666,0.14399241036440824,0.07333333333333333
OASIS_2,RandomForest,47,test,rician_noise__moderate,rician_noise,moderate,D:\OASIS_2\distortions_128\rician_noise\moderate\Non_Demented\OAS2_0171\OAS2_0171_slice_20_z178.png,Non_Demented/OAS2_0171/OAS2_0171_slice_20_z178.png,Non-Demented/OAS2_0171/OAS2_0171_slice_20_z178.png,OAS2_0171,Non-Demented,0,0,Non-Demented,1,0.4170457042959509,0.33163759453127695,0.15131670117277207,0.1
OASIS_2,RandomForest,47,test,rician_noise__moderate,rician_noise,moderate,D:\OASIS_2\distortions_128\rician_noise\moderate\Very_Mild_Dementia\OAS2_0009\OAS2_0009_slice_01_z077.png,Very_Mild_Dementia/OAS2_0009/OAS2_0009_slice_01_z077.png,Very Mild Dementia/OAS2_0009/OAS2_0009_slice_01_z077.png,OAS2_0009,Very Mild Dementia,1,0,Non-Demented,0,0.46813459790925377,0.2978238539479286,0.13737488147615098,0.09666666666666666
OASIS_2,RandomForest,47,test,rician_noise__moderate,rician_noise,moderate,D:\OASIS_2\distortions_128\rician_noise\moderate\Very_Mild_Dementia\OAS2_0009\OAS2_0009_slice_02_z082.png,Very_Mild_Dementia/OAS2_0009/OAS2_0009_slice_02_z082.png,Very Mild Dementia/OAS2_0009/OAS2_0009_slice_02_z082.png,OAS2_0009,Very Mild Dementia,1,0,Non-Demented,0,0.5284473606016176,0.26258983505550193,0.13562947100954703,0.07333333333333333
OASIS_2,RandomForest,47,test,rician_noise__moderate,rician_noise,moderate,D:\OASIS_2\distortions_128\rician_noise\moderate\Very_Mild_Dementia\OAS2_0009\OAS2_0009_slice_03_z088.png,Very_Mild_Dementia/OAS2_0009/OAS2_0009_slice_03_z088.png,Very Mild Dementia/OAS2_0009/OAS2_0009_slice_03_z088.png,OAS2_0009,Very Mild Dementia,1,0,Non-Demented,0,0.5197685711668443,0.2390828159899463,0.1578152795098762,0.08333333333333333
OASIS_2,RandomForest,47,test,rician_noise__moderate,rician_noise,moderate,D:\OASIS_2\distortions_128\rician_noise\moderate\Very_Mild_Dementia\OAS2_0009\OAS2_0009_slice_04_z093.png,Very_Mild_Dementia/OAS2_0009/OAS2_0009_slice_04_z093.png,Very Mild Dementia/OAS2_0009/OAS2_0009_slice_04_z093.png,OAS2_0009,Very Mild Dementia,1,0,Non-Demented,0,0.4513021209436774,0.3115611234549711,0.19380342226801817,0.043333333333333335
OASIS_2,RandomForest,47,test,rician_noise__moderate,rician_noise,moderate,D:\OASIS_2\distortions_128\rician_noise\moderate\Very_Mild_Dementia\OAS2_0009\OAS2_0009_slice_05_z098.png,Very_Mild_Dementia/OAS2_0009/OAS2_0009_slice_05_z098.png,Very Mild Dementia/OAS2_0009/OAS2_0009_slice_05_z098.png,OAS2_0009,Very Mild Dementia,1,0,Non-Demented,0,0.5119064532857055,0.26438804556701084,0.15370550114728374,0.07
OASIS_2,RandomForest,47,test,rician_noise__moderate,rician_noise,moderate,D:\OASIS_2\distortions_128\rician_noise\moderate\Very_Mild_Dementia\OAS2_0009\OAS2_0009_slice_06_z104.png,Very_Mild_Dementia/OAS2_0009/OAS2_0009_slice_06_z104.png,Very Mild Dementia/OAS2_0009/OAS2_0009_slice_06_z104.png,OAS2_0009,Very Mild Dementia,1,0,Non-Demented,0,0.49775688354813186,0.2657254314339156,0.19651768501795247,0.04
OASIS_2,RandomForest,47,test,rician_noise__moderate,rician_noise,moderate,D:\OASIS_2\distortions_128\rician_noise\moderate\Very_Mild_Dementia\OAS2_0009\OAS2_0009_slice_07_z109.png,Very_Mild_Dementia/OAS2_0009/OAS2_0009_slice_07_z109.png,Very Mild Dementia/OAS2_0009/OAS2_0009_slice_07_z109.png,OAS2_0009,Very Mild Dementia,1,0,Non-Demented,0,0.5388520990968935,0.3034691716362822,0.11434539593349094,0.043333333333333335
OASIS_2,RandomForest,47,test,rician_noise__moderate,rician_noise,moderate,D:\OASIS_2\distortions_128\rician_noise\moderate\Very_Mild_Dementia\OAS2_0009\OAS2_0009_slice_08_z114.png,Very_Mild_Dementia/OAS2_0009/OAS2_0009_slice_08_z114.png,Very Mild Dementia/OAS2_0009/OAS2_0009_slice_08_z114.png,OAS2_0009,Very Mild Dementia,1,0,Non-Demented,0,0.5447796227041635,0.24613289537384564,0.1424208152553242,0.06666666666666667
OASIS_2,RandomForest,47,test,rician_noise__moderate,rician_noise,moderate,D:\OASIS_2\distortions_128\rician_noise\moderate\Very_Mild_Dementia\OAS2_0009\OAS2_0009_slice_09_z120.png,Very_Mild_Dementia/OAS2_0009/OAS2_0009_slice_09_z120.png,Very Mild Dementia/OAS2_0009/OAS2_0009_slice_09_z120.png,OAS2_0009,Very Mild Dementia,1,0,Non-Demented,0,0.5178041660539905,0.2578335583645644,0.16769560891477844,0.056666666666666664
OASIS_2,RandomForest,47,test,rician_noise__moderate,rician_noise,moderate,D:\OASIS_2\distortions_128\rician_noise\moderate\Very_Mild_Dementia\OAS2_0009\OAS2_0009_slice_10_z125.png,Very_Mild_Dementia/OAS2_0009/OAS2_0009_slice_10_z125.png,Very Mild Dementia/OAS2_0009/OAS2_0009_slice_10_z125.png,OAS2_0009,Very Mild Dementia,1,0,Non-Demented,0,0.530236570338718,0.27484116104822465,0.13825560194639072,0.056666666666666664
OASIS_2,RandomForest,47,test,rician_noise__moderate,rician_noise,moderate,D:\OASIS_2\distortions_128\rician_noise\moderate\Very_Mild_Dementia\OAS2_0009\OAS2_0009_slice_11_z130.png,Very_Mild_Dementia/OAS2_0009/OAS2_0009_slice_11_z130.png,Very Mild Dementia/OAS2_0009/OAS2_0009_slice_11_z130.png,OAS2_0009,Very Mild Dementia,1,0,Non-Demented,0,0.6121287268236414,0.21921914407313675,0.12198546243655524,0.04666666666666667
OASIS_2,RandomForest,47,test,rician_noise__moderate,rician_noise,moderate,D:\OASIS_2\distortions_128\rician_noise\moderate\Very_Mild_Dementia\OAS2_0009\OAS2_0009_slice_12_z135.png,Very_Mild_Dementia/OAS2_0009/OAS2_0009_slice_12_z135.png,Very Mild Dementia/OAS2_0009/OAS2_0009_slice_12_z135.png,OAS2_0009,Very Mild Dementia,1,0,Non-Demented,0,0.5767346221219346,0.23863307005238266,0.14129897449234938,0.043333333333333335
OASIS_2,RandomForest,47,test,rician_noise__moderate,rician_noise,moderate,D:\OASIS_2\distortions_128\rician_noise\moderate\Very_Mild_Dementia\OAS2_0009\OAS2_0009_slice_13_z141.png,Very_Mild_Dementia/OAS2_0009/OAS2_0009_slice_13_z141.png,Very Mild Dementia/OAS2_0009/OAS2_0009_slice_13_z141.png,OAS2_0009,Very Mild Dementia,1,0,Non-Demented,0,0.5858553827207519,0.27754177118638357,0.09326951275953127,0.043333333333333335
OASIS_2,RandomForest,47,test,rician_noise__moderate,rician_noise,moderate,D:\OASIS_2\distortions_128\rician_noise\moderate\Very_Mild_Dementia\OAS2_0009\OAS2_0009_slice_14_z146.png,Very_Mild_Dementia/OAS2_0009/OAS2_0009_slice_14_z146.png,Very Mild Dementia/OAS2_0009/OAS2_0009_slice_14_z146.png,OAS2_0009,Very Mild Dementia,1,0,Non-Demented,0,0.5987031739100144,0.25726941357146405,0.08736074585185499,0.056666666666666664
OASIS_2,RandomForest,47,test,rician_noise__moderate,rician_noise,moderate,D:\OASIS_2\distortions_128\rician_noise\moderate\Very_Mild_Dementia\OAS2_0009\OAS2_0009_slice_15_z151.png,Very_Mild_Dementia/OAS2_0009/OAS2_0009_slice_15_z151.png,Very Mild Dementia/OAS2_0009/OAS2_0009_slice_15_z151.png,OAS2_0009,Very Mild Dementia,1,0,Non-Demented,0,0.5690860549127557,0.2681359193264612,0.08944469242744996,0.07333333333333333
OASIS_2,RandomForest,47,test,rician_noise__moderate,rician_noise,moderate,D:\OASIS_2\distortions_128\rician_noise\moderate\Very_Mild_Dementia\OAS2_0009\OAS2_0009_slice_16_z157.png,Very_Mild_Dementia/OAS2_0009/OAS2_0009_slice_16_z157.png,Very Mild Dementia/OAS2_0009/OAS2_0009_slice_16_z157.png,OAS2_0009,Very Mild Dementia,1,0,Non-Demented,0,0.5132113379520177,0.23683326383925055,0.17662206487539855,0.07333333333333333
OASIS_2,RandomForest,47,test,rician_noise__moderate,rician_noise,moderate,D:\OASIS_2\distortions_128\rician_noise\moderate\Very_Mild_Dementia\OAS2_0009\OAS2_0009_slice_17_z162.png,Very_Mild_Dementia/OAS2_0009/OAS2_0009_slice_17_z162.png,Very Mild Dementia/OAS2_0009/OAS2_0009_slice_17_z162.png,OAS2_0009,Very Mild Dementia,1,0,Non-Demented,0,0.5480966897347878,0.24021288681639244,0.14835709011548648,0.06333333333333334
OASIS_2,RandomForest,47,test,rician_noise__moderate,rician_noise,moderate,D:\OASIS_2\distortions_128\rician_noise\moderate\Very_Mild_Dementia\OAS2_0009\OAS2_0009_slice_18_z167.png,Very_Mild_Dementia/OAS2_0009/OAS2_0009_slice_18_z167.png,Very Mild Dementia/OAS2_0009/OAS2_0009_slice_18_z167.png,OAS2_0009,Very Mild Dementia,1,0,Non-Demented,0,0.4905590029157661,0.27708165494555265,0.13902600880534796,0.09333333333333334
OASIS_2,RandomForest,47,test,rician_noise__moderate,rician_noise,moderate,D:\OASIS_2\distortions_128\rician_noise\moderate\Very_Mild_Dementia\OAS2_0009\OAS2_0009_slice_19_z173.png,Very_Mild_Dementia/OAS2_0009/OAS2_0009_slice_19_z173.png,Very Mild Dementia/OAS2_0009/OAS2_0009_slice_19_z173.png,OAS2_0009,Very Mild Dementia,1,0,Non-Demented,0,0.5014733953866136,0.2408678928748528,0.13432537840520029,0.12333333333333334
OASIS_2,RandomForest,47,test,rician_noise__moderate,rician_noise,moderate,D:\OASIS_2\distortions_128\rician_noise\moderate\Very_Mild_Dementia\OAS2_0009\OAS2_0009_slice_20_z178.png,Very_Mild_Dementia/OAS2_0009/OAS2_0009_slice_20_z178.png,Very Mild Dementia/OAS2_0009/OAS2_0009_slice_20_z178.png,OAS2_0009,Very Mild Dementia,1,0,Non-Demented,0,0.5449369190940995,0.24209823148071724,0.11963151609184976,0.09333333333333334
OASIS_2,RandomForest,47,test,rician_noise__moderate,rician_noise,moderate,D:\OASIS_2\distortions_128\rician_noise\moderate\Very_Mild_Dementia\OAS2_0020\OAS2_0020_slice_01_z077.png,Very_Mild_Dementia/OAS2_0020/OAS2_0020_slice_01_z077.png,Very Mild Dementia/OAS2_0020/OAS2_0020_slice_01_z077.png,OAS2_0020,Very Mild Dementia,1,0,Non-Demented,0,0.48606961671312593,0.33515553074377386,0.14544151920976703,0.03333333333333333
OASIS_2,RandomForest,47,test,rician_noise__moderate,rician_noise,moderate,D:\OASIS_2\distortions_128\rician_noise\moderate\Very_Mild_Dementia\OAS2_0020\OAS2_0020_slice_02_z082.png,Very_Mild_Dementia/OAS2_0020/OAS2_0020_slice_02_z082.png,Very Mild Dementia/OAS2_0020/OAS2_0020_slice_02_z082.png,OAS2_0020,Very Mild Dementia,1,0,Non-Demented,0,0.527624245955278,0.2898719856074203,0.13583710177063513,0.04666666666666667
OASIS_2,RandomForest,47,test,rician_noise__moderate,rician_noise,moderate,D:\OASIS_2\distortions_128\rician_noise\moderate\Very_Mild_Dementia\OAS2_0020\OAS2_0020_slice_03_z088.png,Very_Mild_Dementia/OAS2_0020/OAS2_0020_slice_03_z088.png,Very Mild Dementia/OAS2_0020/OAS2_0020_slice_03_z088.png,OAS2_0020,Very Mild Dementia,1,0,Non-Demented,0,0.505641758046005,0.26417206935459414,0.16685283926606745,0.06333333333333334
OASIS_2,RandomForest,47,test,rician_noise__moderate,rician_noise,moderate,D:\OASIS_2\distortions_128\rician_noise\moderate\Very_Mild_Dementia\OAS2_0020\OAS2_0020_slice_04_z093.png,Very_Mild_Dementia/OAS2_0020/OAS2_0020_slice_04_z093.png,Very Mild Dementia/OAS2_0020/OAS2_0020_slice_04_z093.png,OAS2_0020,Very Mild Dementia,1,0,Non-Demented,0,0.5167849623149903,0.3155050803180949,0.1243766240335816,0.043333333333333335
OASIS_2,RandomForest,47,test,rician_noise__moderate,rician_noise,moderate,D:\OASIS_2\distortions_128\rician_noise\moderate\Very_Mild_Dementia\OAS2_0020\OAS2_0020_slice_05_z098.png,Very_Mild_Dementia/OAS2_0020/OAS2_0020_slice_05_z098.png,Very Mild Dementia/OAS2_0020/OAS2_0020_slice_05_z098.png,OAS2_0020,Very Mild Dementia,1,0,Non-Demented,0,0.5364338807069485,0.2700322043801931,0.14686724824619182,0.04666666666666667
OASIS_2,RandomForest,47,test,rician_noise__moderate,rician_noise,moderate,D:\OASIS_2\distortions_128\rician_noise\moderate\Very_Mild_Dementia\OAS2_0020\OAS2_0020_slice_06_z104.png,Very_Mild_Dementia/OAS2_0020/OAS2_0020_slice_06_z104.png,Very Mild Dementia/OAS2_0020/OAS2_0020_slice_06_z104.png,OAS2_0020,Very Mild Dementia,1,0,Non-Demented,0,0.562546993712604,0.2976768627947041,0.10310947682602499,0.03666666666666667
OASIS_2,RandomForest,47,test,rician_noise__moderate,rician_noise,moderate,D:\OASIS_2\distortions_128\rician_noise\moderate\Very_Mild_Dementia\OAS2_0020\OAS2_0020_slice_07_z109.png,Very_Mild_Dementia/OAS2_0020/OAS2_0020_slice_07_z109.png,Very Mild Dementia/OAS2_0020/OAS2_0020_slice_07_z109.png,OAS2_0020,Very Mild Dementia,1,0,Non-Demented,0,0.5747461431208519,0.2764076678570948,0.11217952235538654,0.03666666666666667
OASIS_2,RandomForest,47,test,rician_noise__moderate,rician_noise,moderate,D:\OASIS_2\distortions_128\rician_noise\moderate\Very_Mild_Dementia\OAS2_0020\OAS2_0020_slice_08_z114.png,Very_Mild_Dementia/OAS2_0020/OAS2_0020_slice_08_z114.png,Very Mild Dementia/OAS2_0020/OAS2_0020_slice_08_z114.png,OAS2_0020,Very Mild Dementia,1,0,Non-Demented,0,0.5339904947745281,0.28392277193889026,0.14542006661991483,0.03666666666666667
OASIS_2,RandomForest,47,test,rician_noise__moderate,rician_noise,moderate,D:\OASIS_2\distortions_128\rician_noise\moderate\Very_Mild_Dementia\OAS2_0020\OAS2_0020_slice_09_z120.png,Very_Mild_Dementia/OAS2_0020/OAS2_0020_slice_09_z120.png,Very Mild Dementia/OAS2_0020/OAS2_0020_slice_09_z120.png,OAS2_0020,Very Mild Dementia,1,0,Non-Demented,0,0.605734266849649,0.22619528930151916,0.13473711051549847,0.03333333333333333
OASIS_2,RandomForest,47,test,rician_noise__moderate,rician_noise,moderate,D:\OASIS_2\distortions_128\rician_noise\moderate\Very_Mild_Dementia\OAS2_0020\OAS2_0020_slice_10_z125.png,Very_Mild_Dementia/OAS2_0020/OAS2_0020_slice_10_z125.png,Very Mild Dementia/OAS2_0020/OAS2_0020_slice_10_z125.png,OAS2_0020,Very Mild Dementia,1,0,Non-Demented,0,0.5386398280280881,0.2568142721514267,0.1645458998204852,0.04
OASIS_2,RandomForest,47,test,rician_noise__moderate,rician_noise,moderate,D:\OASIS_2\distortions_128\rician_noise\moderate\Very_Mild_Dementia\OAS2_0020\OAS2_0020_slice_11_z130.png,Very_Mild_Dementia/OAS2_0020/OAS2_0020_slice_11_z130.png,Very Mild Dementia/OAS2_0020/OAS2_0020_slice_11_z130.png,OAS2_0020,Very Mild Dementia,1,0,Non-Demented,0,0.5332179527432472,0.27380998355932984,0.14963873036408964,0.043333333333333335
OASIS_2,RandomForest,47,test,rician_noise__moderate,rician_noise,moderate,D:\OASIS_2\distortions_128\rician_noise\moderate\Very_Mild_Dementia\OAS2_0020\OAS2_0020_slice_12_z135.png,Very_Mild_Dementia/OAS2_0020/OAS2_0020_slice_12_z135.png,Very Mild Dementia/OAS2_0020/OAS2_0020_slice_12_z135.png,OAS2_0020,Very Mild Dementia,1,0,Non-Demented,0,0.5093443697434347,0.2701181404479722,0.16053748980859306,0.06
OASIS_2,RandomForest,47,test,rician_noise__moderate,rician_noise,moderate,D:\OASIS_2\distortions_128\rician_noise\moderate\Very_Mild_Dementia\OAS2_0020\OAS2_0020_slice_13_z141.png,Very_Mild_Dementia/OAS2_0020/OAS2_0020_slice_13_z141.png,Very Mild Dementia/OAS2_0020/OAS2_0020_slice_13_z141.png,OAS2_0020,Very Mild Dementia,1,0,Non-Demented,0,0.49037991015321725,0.24940003069892544,0.20355339248119064,0.056666666666666664
OASIS_2,RandomForest,47,test,rician_noise__moderate,rician_noise,moderate,D:\OASIS_2\distortions_128\rician_noise\moderate\Very_Mild_Dementia\OAS2_0020\OAS2_0020_slice_14_z146.png,Very_Mild_Dementia/OAS2_0020/OAS2_0020_slice_14_z146.png,Very Mild Dementia/OAS2_0020/OAS2_0020_slice_14_z146.png,OAS2_0020,Very Mild Dementia,1,0,Non-Demented,0,0.5457507754786122,0.24444334941399717,0.14647254177405739,0.06333333333333334
OASIS_2,RandomForest,47,test,rician_noise__moderate,rician_noise,moderate,D:\OASIS_2\distortions_128\rician_noise\moderate\Very_Mild_Dementia\OAS2_0020\OAS2_0020_slice_15_z151.png,Very_Mild_Dementia/OAS2_0020/OAS2_0020_slice_15_z151.png,Very Mild Dementia/OAS2_0020/OAS2_0020_slice_15_z151.png,OAS2_0020,Very Mild Dementia,1,0,Non-Demented,0,0.5058767898475928,0.25004156600613314,0.17408164414627422,0.07
OASIS_2,RandomForest,47,test,rician_noise__moderate,rician_noise,moderate,D:\OASIS_2\distortions_128\rician_noise\moderate\Very_Mild_Dementia\OAS2_0020\OAS2_0020_slice_16_z157.png,Very_Mild_Dementia/OAS2_0020/OAS2_0020_slice_16_z157.png,Very Mild Dementia/OAS2_0020/OAS2_0020_slice_16_z157.png,OAS2_0020,Very Mild Dementia,1,0,Non-Demented,0,0.49207400611455576,0.2772618480046027,0.16066414588084138,0.07
OASIS_2,RandomForest,47,test,rician_noise__moderate,rician_noise,moderate,D:\OASIS_2\distortions_128\rician_noise\moderate\Very_Mild_Dementia\OAS2_0020\OAS2_0020_slice_17_z162.png,Very_Mild_Dementia/OAS2_0020/OAS2_0020_slice_17_z162.png,Very Mild Dementia/OAS2_0020/OAS2_0020_slice_17_z162.png,OAS2_0020,Very Mild Dementia,1,0,Non-Demented,0,0.46604536598635404,0.31173761304226444,0.1455503543047147,0.07666666666666666
OASIS_2,RandomForest,47,test,rician_noise__moderate,rician_noise,moderate,D:\OASIS_2\distortions_128\rician_noise\moderate\Very_Mild_Dementia\OAS2_0020\OAS2_0020_slice_18_z167.png,Very_Mild_Dementia/OAS2_0020/OAS2_0020_slice_18_z167.png,Very Mild Dementia/OAS2_0020/OAS2_0020_slice_18_z167.png,OAS2_0020,Very Mild Dementia,1,0,Non-Demented,0,0.42353025560205426,0.3383939839034747,0.138075760494471,0.1
OASIS_2,RandomForest,47,test,rician_noise__moderate,rician_noise,moderate,D:\OASIS_2\distortions_128\rician_noise\moderate\Very_Mild_Dementia\OAS2_0020\OAS2_0020_slice_19_z173.png,Very_Mild_Dementia/OAS2_0020/OAS2_0020_slice_19_z173.png,Very Mild Dementia/OAS2_0020/OAS2_0020_slice_19_z173.png,OAS2_0020,Very Mild Dementia,1,0,Non-Demented,0,0.39060897046020976,0.3068904679045392,0.20916722830191772,0.09333333333333334
OASIS_2,RandomForest,47,test,rician_noise__moderate,rician_noise,moderate,D:\OASIS_2\distortions_128\rician_noise\moderate\Very_Mild_Dementia\OAS2_0020\OAS2_0020_slice_20_z178.png,Very_Mild_Dementia/OAS2_0020/OAS2_0020_slice_20_z178.png,Very Mild Dementia/OAS2_0020/OAS2_0020_slice_20_z178.png,OAS2_0020,Very Mild Dementia,1,0,Non-Demented,0,0.4592705569420825,0.23286583530876204,0.19786360774915532,0.11
OASIS_2,RandomForest,47,test,rician_noise__moderate,rician_noise,moderate,D:\OASIS_2\distortions_128\rician_noise\moderate\Very_Mild_Dementia\OAS2_0021\OAS2_0021_slice_01_z077.png,Very_Mild_Dementia/OAS2_0021/OAS2_0021_slice_01_z077.png,Very Mild Dementia/OAS2_0021/OAS2_0021_slice_01_z077.png,OAS2_0021,Very Mild Dementia,1,0,Non-Demented,0,0.5389820082086951,0.3097092347804722,0.11797542367749932,0.03333333333333333
OASIS_2,RandomForest,47,test,rician_noise__moderate,rician_noise,moderate,D:\OASIS_2\distortions_128\rician_noise\moderate\Very_Mild_Dementia\OAS2_0021\OAS2_0021_slice_02_z082.png,Very_Mild_Dementia/OAS2_0021/OAS2_0021_slice_02_z082.png,Very Mild Dementia/OAS2_0021/OAS2_0021_slice_02_z082.png,OAS2_0021,Very Mild Dementia,1,0,Non-Demented,0,0.4654511983539727,0.3728892976665645,0.1116595039794628,0.05
OASIS_2,RandomForest,47,test,rician_noise__moderate,rician_noise,moderate,D:\OASIS_2\distortions_128\rician_noise\moderate\Very_Mild_Dementia\OAS2_0021\OAS2_0021_slice_03_z088.png,Very_Mild_Dementia/OAS2_0021/OAS2_0021_slice_03_z088.png,Very Mild Dementia/OAS2_0021/OAS2_0021_slice_03_z088.png,OAS2_0021,Very Mild Dementia,1,0,Non-Demented,0,0.5110334993116765,0.3222643123959115,0.13670218829241187,0.03
OASIS_2,RandomForest,47,test,rician_noise__moderate,rician_noise,moderate,D:\OASIS_2\distortions_128\rician_noise\moderate\Very_Mild_Dementia\OAS2_0021\OAS2_0021_slice_04_z093.png,Very_Mild_Dementia/OAS2_0021/OAS2_0021_slice_04_z093.png,Very Mild Dementia/OAS2_0021/OAS2_0021_slice_04_z093.png,OAS2_0021,Very Mild Dementia,1,0,Non-Demented,0,0.5305588107648841,0.3498562432239137,0.09958494601120234,0.02
OASIS_2,RandomForest,47,test,rician_noise__moderate,rician_noise,moderate,D:\OASIS_2\distortions_128\rician_noise\moderate\Very_Mild_Dementia\OAS2_0021\OAS2_0021_slice_05_z098.png,Very_Mild_Dementia/OAS2_0021/OAS2_0021_slice_05_z098.png,Very Mild Dementia/OAS2_0021/OAS2_0021_slice_05_z098.png,OAS2_0021,Very Mild Dementia,1,0,Non-Demented,0,0.5244560016431413,0.32349989055623274,0.09204410780062594,0.06
OASIS_2,RandomForest,47,test,rician_noise__moderate,rician_noise,moderate,D:\OASIS_2\distortions_128\rician_noise\moderate\Very_Mild_Dementia\OAS2_0021\OAS2_0021_slice_06_z104.png,Very_Mild_Dementia/OAS2_0021/OAS2_0021_slice_06_z104.png,Very Mild Dementia/OAS2_0021/OAS2_0021_slice_06_z104.png,OAS2_0021,Very Mild Dementia,1,0,Non-Demented,0,0.49115148795954894,0.3519364415374938,0.11024540383629054,0.04666666666666667
OASIS_2,RandomForest,47,test,rician_noise__moderate,rician_noise,moderate,D:\OASIS_2\distortions_128\rician_noise\moderate\Very_Mild_Dementia\OAS2_0021\OAS2_0021_slice_07_z109.png,Very_Mild_Dementia/OAS2_0021/OAS2_0021_slice_07_z109.png,Very Mild Dementia/OAS2_0021/OAS2_0021_slice_07_z109.png,OAS2_0021,Very Mild Dementia,1,0,Non-Demented,0,0.4970043189379136,0.3545283712256213,0.12180064316979856,0.02666666666666667
OASIS_2,RandomForest,47,test,rician_noise__moderate,rician_noise,moderate,D:\OASIS_2\distortions_128\rician_noise\moderate\Very_Mild_Dementia\OAS2_0021\OAS2_0021_slice_08_z114.png,Very_Mild_Dementia/OAS2_0021/OAS2_0021_slice_08_z114.png,Very Mild Dementia/OAS2_0021/OAS2_0021_slice_08_z114.png,OAS2_0021,Very Mild Dementia,1,0,Non-Demented,0,0.4897075021295557,0.3457369330258498,0.127888898177928,0.03666666666666667
OASIS_2,RandomForest,47,test,rician_noise__moderate,rician_noise,moderate,D:\OASIS_2\distortions_128\rician_noise\moderate\Very_Mild_Dementia\OAS2_0021\OAS2_0021_slice_09_z120.png,Very_Mild_Dementia/OAS2_0021/OAS2_0021_slice_09_z120.png,Very Mild Dementia/OAS2_0021/OAS2_0021_slice_09_z120.png,OAS2_0021,Very Mild Dementia,1,0,Non-Demented,0,0.5186629921115989,0.33464281558845477,0.10669419229994631,0.04
OASIS_2,RandomForest,47,test,rician_noise__moderate,rician_noise,moderate,D:\OASIS_2\distortions_128\rician_noise\moderate\Very_Mild_Dementia\OAS2_0021\OAS2_0021_slice_10_z125.png,Very_Mild_Dementia/OAS2_0021/OAS2_0021_slice_10_z125.png,Very Mild Dementia/OAS2_0021/OAS2_0021_slice_10_z125.png,OAS2_0021,Very Mild Dementia,1,0,Non-Demented,0,0.5341713978865893,0.2939350727889294,0.1452268626578146,0.02666666666666667
OASIS_2,RandomForest,47,test,rician_noise__moderate,rician_noise,moderate,D:\OASIS_2\distortions_128\rician_noise\moderate\Very_Mild_Dementia\OAS2_0021\OAS2_0021_slice_11_z130.png,Very_Mild_Dementia/OAS2_0021/OAS2_0021_slice_11_z130.png,Very Mild Dementia/OAS2_0021/OAS2_0021_slice_11_z130.png,OAS2_0021,Very Mild Dementia,1,0,Non-Demented,0,0.5032315480146089,0.32158011244783213,0.14185500620422548,0.03333333333333333
OASIS_2,RandomForest,47,test,rician_noise__moderate,rician_noise,moderate,D:\OASIS_2\distortions_128\rician_noise\moderate\Very_Mild_Dementia\OAS2_0021\OAS2_0021_slice_12_z135.png,Very_Mild_Dementia/OAS2_0021/OAS2_0021_slice_12_z135.png,Very Mild Dementia/OAS2_0021/OAS2_0021_slice_12_z135.png,OAS2_0021,Very Mild Dementia,1,0,Non-Demented,0,0.5625699049083337,0.3405519020895927,0.0735448596687403,0.023333333333333334
OASIS_2,RandomForest,47,test,rician_noise__moderate,rician_noise,moderate,D:\OASIS_2\distortions_128\rician_noise\moderate\Very_Mild_Dementia\OAS2_0021\OAS2_0021_slice_13_z141.png,Very_Mild_Dementia/OAS2_0021/OAS2_0021_slice_13_z141.png,Very Mild Dementia/OAS2_0021/OAS2_0021_slice_13_z141.png,OAS2_0021,Very Mild Dementia,1,0,Non-Demented,0,0.5633230293222407,0.32220994418825183,0.08780035982284091,0.02666666666666667
OASIS_2,RandomForest,47,test,rician_noise__moderate,rician_noise,moderate,D:\OASIS_2\distortions_128\rician_noise\moderate\Very_Mild_Dementia\OAS2_0021\OAS2_0021_slice_14_z146.png,Very_Mild_Dementia/OAS2_0021/OAS2_0021_slice_14_z146.png,Very Mild Dementia/OAS2_0021/OAS2_0021_slice_14_z146.png,OAS2_0021,Very Mild Dementia,1,0,Non-Demented,0,0.5059850159293988,0.3277597508166335,0.1329218999206344,0.03333333333333333
OASIS_2,RandomForest,47,test,rician_noise__moderate,rician_noise,moderate,D:\OASIS_2\distortions_128\rician_noise\moderate\Very_Mild_Dementia\OAS2_0021\OAS2_0021_slice_15_z151.png,Very_Mild_Dementia/OAS2_0021/OAS2_0021_slice_15_z151.png,Very Mild Dementia/OAS2_0021/OAS2_0021_slice_15_z151.png,OAS2_0021,Very Mild Dementia,1,0,Non-Demented,0,0.5312746548058597,0.34914692532623126,0.0895784198679091,0.03
OASIS_2,RandomForest,47,test,rician_noise__moderate,rician_noise,moderate,D:\OASIS_2\distortions_128\rician_noise\moderate\Very_Mild_Dementia\OAS2_0021\OAS2_0021_slice_16_z157.png,Very_Mild_Dementia/OAS2_0021/OAS2_0021_slice_16_z157.png,Very Mild Dementia/OAS2_0021/OAS2_0021_slice_16_z157.png,OAS2_0021,Very Mild Dementia,1,0,Non-Demented,0,0.5206793916965742,0.3532913528270041,0.08936258880975516,0.03666666666666667
OASIS_2,RandomForest,47,test,rician_noise__moderate,rician_noise,moderate,D:\OASIS_2\distortions_128\rician_noise\moderate\Very_Mild_Dementia\OAS2_0021\OAS2_0021_slice_17_z162.png,Very_Mild_Dementia/OAS2_0021/OAS2_0021_slice_17_z162.png,Very Mild Dementia/OAS2_0021/OAS2_0021_slice_17_z162.png,OAS2_0021,Very Mild Dementia,1,0,Non-Demented,0,0.5539241455290064,0.28998837521721094,0.11608747925378263,0.04
OASIS_2,RandomForest,47,test,rician_noise__moderate,rician_noise,moderate,D:\OASIS_2\distortions_128\rician_noise\moderate\Very_Mild_Dementia\OAS2_0021\OAS2_0021_slice_18_z167.png,Very_Mild_Dementia/OAS2_0021/OAS2_0021_slice_18_z167.png,Very Mild Dementia/OAS2_0021/OAS2_0021_slice_18_z167.png,OAS2_0021,Very Mild Dementia,1,0,Non-Demented,0,0.5386825721956884,0.2965809335517292,0.11473649425258238,0.05
OASIS_2,RandomForest,47,test,rician_noise__moderate,rician_noise,moderate,D:\OASIS_2\distortions_128\rician_noise\moderate\Very_Mild_Dementia\OAS2_0021\OAS2_0021_slice_19_z173.png,Very_Mild_Dementia/OAS2_0021/OAS2_0021_slice_19_z173.png,Very Mild Dementia/OAS2_0021/OAS2_0021_slice_19_z173.png,OAS2_0021,Very Mild Dementia,1,0,Non-Demented,0,0.5525115258215386,0.2568465495757834,0.15064192460267806,0.04
OASIS_2,RandomForest,47,test,rician_noise__moderate,rician_noise,moderate,D:\OASIS_2\distortions_128\rician_noise\moderate\Very_Mild_Dementia\OAS2_0021\OAS2_0021_slice_20_z178.png,Very_Mild_Dementia/OAS2_0021/OAS2_0021_slice_20_z178.png,Very Mild Dementia/OAS2_0021/OAS2_0021_slice_20_z178.png,OAS2_0021,Very Mild Dementia,1,0,Non-Demented,0,0.5163517765790299,0.32015571649845675,0.1268258402558469,0.03666666666666667
OASIS_2,RandomForest,47,test,rician_noise__moderate,rician_noise,moderate,D:\OASIS_2\distortions_128\rician_noise\moderate\Very_Mild_Dementia\OAS2_0040\OAS2_0040_slice_01_z077.png,Very_Mild_Dementia/OAS2_0040/OAS2_0040_slice_01_z077.png,Very Mild Dementia/OAS2_0040/OAS2_0040_slice_01_z077.png,OAS2_0040,Very Mild Dementia,1,0,Non-Demented,0,0.5821175270707803,0.26235738356483435,0.11552508936438528,0.04
OASIS_2,RandomForest,47,test,rician_noise__moderate,rician_noise,moderate,D:\OASIS_2\distortions_128\rician_noise\moderate\Very_Mild_Dementia\OAS2_0040\OAS2_0040_slice_02_z082.png,Very_Mild_Dementia/OAS2_0040/OAS2_0040_slice_02_z082.png,Very Mild Dementia/OAS2_0040/OAS2_0040_slice_02_z082.png,OAS2_0040,Very Mild Dementia,1,0,Non-Demented,0,0.5710535472795114,0.2675475277633588,0.12806559162379658,0.03333333333333333
OASIS_2,RandomForest,47,test,rician_noise__moderate,rician_noise,moderate,D:\OASIS_2\distortions_128\rician_noise\moderate\Very_Mild_Dementia\OAS2_0040\OAS2_0040_slice_03_z088.png,Very_Mild_Dementia/OAS2_0040/OAS2_0040_slice_03_z088.png,Very Mild Dementia/OAS2_0040/OAS2_0040_slice_03_z088.png,OAS2_0040,Very Mild Dementia,1,0,Non-Demented,0,0.5182482805617558,0.3056307049896178,0.13612101444862648,0.04
OASIS_2,RandomForest,47,test,rician_noise__moderate,rician_noise,moderate,D:\OASIS_2\distortions_128\rician_noise\moderate\Very_Mild_Dementia\OAS2_0040\OAS2_0040_slice_04_z093.png,Very_Mild_Dementia/OAS2_0040/OAS2_0040_slice_04_z093.png,Very Mild Dementia/OAS2_0040/OAS2_0040_slice_04_z093.png,OAS2_0040,Very Mild Dementia,1,0,Non-Demented,0,0.5677667700015192,0.26392170053175834,0.13164486280005577,0.03666666666666667
OASIS_2,RandomForest,47,test,rician_noise__moderate,rician_noise,moderate,D:\OASIS_2\distortions_128\rician_noise\moderate\Very_Mild_Dementia\OAS2_0040\OAS2_0040_slice_05_z098.png,Very_Mild_Dementia/OAS2_0040/OAS2_0040_slice_05_z098.png,Very Mild Dementia/OAS2_0040/OAS2_0040_slice_05_z098.png,OAS2_0040,Very Mild Dementia,1,0,Non-Demented,0,0.5465673053126532,0.2681770069383385,0.12525568774900836,0.06
OASIS_2,RandomForest,47,test,rician_noise__moderate,rician_noise,moderate,D:\OASIS_2\distortions_128\rician_noise\moderate\Very_Mild_Dementia\OAS2_0040\OAS2_0040_slice_06_z104.png,Very_Mild_Dementia/OAS2_0040/OAS2_0040_slice_06_z104.png,Very Mild Dementia/OAS2_0040/OAS2_0040_slice_06_z104.png,OAS2_0040,Very Mild Dementia,1,0,Non-Demented,0,0.5970167287640933,0.23763216042683483,0.09201777747573855,0.07333333333333333
OASIS_2,RandomForest,47,test,rician_noise__moderate,rician_noise,moderate,D:\OASIS_2\distortions_128\rician_noise\moderate\Very_Mild_Dementia\OAS2_0040\OAS2_0040_slice_07_z109.png,Very_Mild_Dementia/OAS2_0040/OAS2_0040_slice_07_z109.png,Very Mild Dementia/OAS2_0040/OAS2_0040_slice_07_z109.png,OAS2_0040,Very Mild Dementia,1,0,Non-Demented,0,0.5694782599433709,0.24574567274750087,0.13477606730912853,0.05
OASIS_2,RandomForest,47,test,rician_noise__moderate,rician_noise,moderate,D:\OASIS_2\distortions_128\rician_noise\moderate\Very_Mild_Dementia\OAS2_0040\OAS2_0040_slice_08_z114.png,Very_Mild_Dementia/OAS2_0040/OAS2_0040_slice_08_z114.png,Very Mild Dementia/OAS2_0040/OAS2_0040_slice_08_z114.png,OAS2_0040,Very Mild Dementia,1,0,Non-Demented,0,0.5761904363970506,0.21951645128459712,0.1376264456516858,0.06666666666666667
OASIS_2,RandomForest,47,test,rician_noise__moderate,rician_noise,moderate,D:\OASIS_2\distortions_128\rician_noise\moderate\Very_Mild_Dementia\OAS2_0040\OAS2_0040_slice_09_z120.png,Very_Mild_Dementia/OAS2_0040/OAS2_0040_slice_09_z120.png,Very Mild Dementia/OAS2_0040/OAS2_0040_slice_09_z120.png,OAS2_0040,Very Mild Dementia,1,0,Non-Demented,0,0.5154493027634055,0.2622806064331137,0.1622700908034809,0.06
OASIS_2,RandomForest,47,test,rician_noise__moderate,rician_noise,moderate,D:\OASIS_2\distortions_128\rician_noise\moderate\Very_Mild_Dementia\OAS2_0040\OAS2_0040_slice_10_z125.png,Very_Mild_Dementia/OAS2_0040/OAS2_0040_slice_10_z125.png,Very Mild Dementia/OAS2_0040/OAS2_0040_slice_10_z125.png,OAS2_0040,Very Mild Dementia,1,0,Non-Demented,0,0.4999513138079841,0.289904587391983,0.15014409880003296,0.06
OASIS_2,RandomForest,47,test,rician_noise__moderate,rician_noise,moderate,D:\OASIS_2\distortions_128\rician_noise\moderate\Very_Mild_Dementia\OAS2_0040\OAS2_0040_slice_11_z130.png,Very_Mild_Dementia/OAS2_0040/OAS2_0040_slice_11_z130.png,Very Mild Dementia/OAS2_0040/OAS2_0040_slice_11_z130.png,OAS2_0040,Very Mild Dementia,1,0,Non-Demented,0,0.5045954964203359,0.24922832386125762,0.14950951305173985,0.09666666666666666
OASIS_2,RandomForest,47,test,rician_noise__moderate,rician_noise,moderate,D:\OASIS_2\distortions_128\rician_noise\moderate\Very_Mild_Dementia\OAS2_0040\OAS2_0040_slice_12_z135.png,Very_Mild_Dementia/OAS2_0040/OAS2_0040_slice_12_z135.png,Very Mild Dementia/OAS2_0040/OAS2_0040_slice_12_z135.png,OAS2_0040,Very Mild Dementia,1,0,Non-Demented,0,0.5220620825652348,0.2641800980833521,0.13042448601807977,0.08333333333333333
OASIS_2,RandomForest,47,test,rician_noise__moderate,rician_noise,moderate,D:\OASIS_2\distortions_128\rician_noise\moderate\Very_Mild_Dementia\OAS2_0040\OAS2_0040_slice_13_z141.png,Very_Mild_Dementia/OAS2_0040/OAS2_0040_slice_13_z141.png,Very Mild Dementia/OAS2_0040/OAS2_0040_slice_13_z141.png,OAS2_0040,Very Mild Dementia,1,0,Non-Demented,0,0.44117649149895094,0.26407922516260757,0.17141095000510836,0.12333333333333334
OASIS_2,RandomForest,47,test,rician_noise__moderate,rician_noise,moderate,D:\OASIS_2\distortions_128\rician_noise\moderate\Very_Mild_Dementia\OAS2_0040\OAS2_0040_slice_14_z146.png,Very_Mild_Dementia/OAS2_0040/OAS2_0040_slice_14_z146.png,Very Mild Dementia/OAS2_0040/OAS2_0040_slice_14_z146.png,OAS2_0040,Very Mild Dementia,1,0,Non-Demented,0,0.4321438435952164,0.32717387249163654,0.14401561724648035,0.09666666666666666
OASIS_2,RandomForest,47,test,rician_noise__moderate,rician_noise,moderate,D:\OASIS_2\distortions_128\rician_noise\moderate\Very_Mild_Dementia\OAS2_0040\OAS2_0040_slice_15_z151.png,Very_Mild_Dementia/OAS2_0040/OAS2_0040_slice_15_z151.png,Very Mild Dementia/OAS2_0040/OAS2_0040_slice_15_z151.png,OAS2_0040,Very Mild Dementia,1,0,Non-Demented,0,0.4618236098009301,0.2997743141155041,0.13173540941689904,0.10666666666666667
OASIS_2,RandomForest,47,test,rician_noise__moderate,rician_noise,moderate,D:\OASIS_2\distortions_128\rician_noise\moderate\Very_Mild_Dementia\OAS2_0040\OAS2_0040_slice_16_z157.png,Very_Mild_Dementia/OAS2_0040/OAS2_0040_slice_16_z157.png,Very Mild Dementia/OAS2_0040/OAS2_0040_slice_16_z157.png,OAS2_0040,Very Mild Dementia,1,0,Non-Demented,0,0.4555194715370119,0.29333528740073134,0.1478119077289236,0.10333333333333333
OASIS_2,RandomForest,47,test,rician_noise__moderate,rician_noise,moderate,D:\OASIS_2\distortions_128\rician_noise\moderate\Very_Mild_Dementia\OAS2_0040\OAS2_0040_slice_17_z162.png,Very_Mild_Dementia/OAS2_0040/OAS2_0040_slice_17_z162.png,Very Mild Dementia/OAS2_0040/OAS2_0040_slice_17_z162.png,OAS2_0040,Very Mild Dementia,1,0,Non-Demented,0,0.4102965883210967,0.32884754778888425,0.16752253055668576,0.09333333333333334
OASIS_2,RandomForest,47,test,rician_noise__moderate,rician_noise,moderate,D:\OASIS_2\distortions_128\rician_noise\moderate\Very_Mild_Dementia\OAS2_0040\OAS2_0040_slice_18_z167.png,Very_Mild_Dementia/OAS2_0040/OAS2_0040_slice_18_z167.png,Very Mild Dementia/OAS2_0040/OAS2_0040_slice_18_z167.png,OAS2_0040,Very Mild Dementia,1,0,Non-Demented,0,0.3920465180278738,0.34215608228776895,0.16913073301769035,0.09666666666666666
OASIS_2,RandomForest,47,test,rician_noise__moderate,rician_noise,moderate,D:\OASIS_2\distortions_128\rician_noise\moderate\Very_Mild_Dementia\OAS2_0040\OAS2_0040_slice_19_z173.png,Very_Mild_Dementia/OAS2_0040/OAS2_0040_slice_19_z173.png,Very Mild Dementia/OAS2_0040/OAS2_0040_slice_19_z173.png,OAS2_0040,Very Mild Dementia,1,0,Non-Demented,0,0.3736450242263628,0.3336285554757092,0.1993930869645945,0.09333333333333334
OASIS_2,RandomForest,47,test,rician_noise__moderate,rician_noise,moderate,D:\OASIS_2\distortions_128\rician_noise\moderate\Very_Mild_Dementia\OAS2_0040\OAS2_0040_slice_20_z178.png,Very_Mild_Dementia/OAS2_0040/OAS2_0040_slice_20_z178.png,Very Mild Dementia/OAS2_0040/OAS2_0040_slice_20_z178.png,OAS2_0040,Very Mild Dementia,1,1,Very Mild Dementia,1,0.3470268989958918,0.3496435196753579,0.20332958132875026,0.1
OASIS_2,RandomForest,47,test,rician_noise__moderate,rician_noise,moderate,D:\OASIS_2\distortions_128\rician_noise\moderate\Very_Mild_Dementia\OAS2_0098\OAS2_0098_slice_01_z077.png,Very_Mild_Dementia/OAS2_0098/OAS2_0098_slice_01_z077.png,Very Mild Dementia/OAS2_0098/OAS2_0098_slice_01_z077.png,OAS2_0098,Very Mild Dementia,1,0,Non-Demented,0,0.4292773257831027,0.3320297939716306,0.16202621357859995,0.07666666666666666
OASIS_2,RandomForest,47,test,rician_noise__moderate,rician_noise,moderate,D:\OASIS_2\distortions_128\rician_noise\moderate\Very_Mild_Dementia\OAS2_0098\OAS2_0098_slice_02_z082.png,Very_Mild_Dementia/OAS2_0098/OAS2_0098_slice_02_z082.png,Very Mild Dementia/OAS2_0098/OAS2_0098_slice_02_z082.png,OAS2_0098,Very Mild Dementia,1,0,Non-Demented,0,0.46709264631417946,0.35213095840139985,0.134109728617754,0.04666666666666667
OASIS_2,RandomForest,47,test,rician_noise__moderate,rician_noise,moderate,D:\OASIS_2\distortions_128\rician_noise\moderate\Very_Mild_Dementia\OAS2_0098\OAS2_0098_slice_03_z088.png,Very_Mild_Dementia/OAS2_0098/OAS2_0098_slice_03_z088.png,Very Mild Dementia/OAS2_0098/OAS2_0098_slice_03_z088.png,OAS2_0098,Very Mild Dementia,1,0,Non-Demented,0,0.44279319095339864,0.3340248851046323,0.15984859060863602,0.06333333333333334
OASIS_2,RandomForest,47,test,rician_noise__moderate,rician_noise,moderate,D:\OASIS_2\distortions_128\rician_noise\moderate\Very_Mild_Dementia\OAS2_0098\OAS2_0098_slice_04_z093.png,Very_Mild_Dementia/OAS2_0098/OAS2_0098_slice_04_z093.png,Very Mild Dementia/OAS2_0098/OAS2_0098_slice_04_z093.png,OAS2_0098,Very Mild Dementia,1,0,Non-Demented,0,0.4322933353074788,0.356533611246726,0.18450638677912848,0.02666666666666667
OASIS_2,RandomForest,47,test,rician_noise__moderate,rician_noise,moderate,D:\OASIS_2\distortions_128\rician_noise\moderate\Very_Mild_Dementia\OAS2_0098\OAS2_0098_slice_05_z098.png,Very_Mild_Dementia/OAS2_0098/OAS2_0098_slice_05_z098.png,Very Mild Dementia/OAS2_0098/OAS2_0098_slice_05_z098.png,OAS2_0098,Very Mild Dementia,1,0,Non-Demented,0,0.49583760639927815,0.3149188727878881,0.16591018747950032,0.023333333333333334
OASIS_2,RandomForest,47,test,rician_noise__moderate,rician_noise,moderate,D:\OASIS_2\distortions_128\rician_noise\moderate\Very_Mild_Dementia\OAS2_0098\OAS2_0098_slice_06_z104.png,Very_Mild_Dementia/OAS2_0098/OAS2_0098_slice_06_z104.png,Very Mild Dementia/OAS2_0098/OAS2_0098_slice_06_z104.png,OAS2_0098,Very Mild Dementia,1,0,Non-Demented,0,0.46416574047246023,0.36467796589649293,0.13115629363104692,0.04
OASIS_2,RandomForest,47,test,rician_noise__moderate,rician_noise,moderate,D:\OASIS_2\distortions_128\rician_noise\moderate\Very_Mild_Dementia\OAS2_0098\OAS2_0098_slice_07_z109.png,Very_Mild_Dementia/OAS2_0098/OAS2_0098_slice_07_z109.png,Very Mild Dementia/OAS2_0098/OAS2_0098_slice_07_z109.png,OAS2_0098,Very Mild Dementia,1,0,Non-Demented,0,0.49179821921174105,0.324815431264716,0.14005301619020966,0.043333333333333335
OASIS_2,RandomForest,47,test,rician_noise__moderate,rician_noise,moderate,D:\OASIS_2\distortions_128\rician_noise\moderate\Very_Mild_Dementia\OAS2_0098\OAS2_0098_slice_08_z114.png,Very_Mild_Dementia/OAS2_0098/OAS2_0098_slice_08_z114.png,Very Mild Dementia/OAS2_0098/OAS2_0098_slice_08_z114.png,OAS2_0098,Very Mild Dementia,1,0,Non-Demented,0,0.44358916227208833,0.41209976949193283,0.11431106823597877,0.03
OASIS_2,RandomForest,47,test,rician_noise__moderate,rician_noise,moderate,D:\OASIS_2\distortions_128\rician_noise\moderate\Very_Mild_Dementia\OAS2_0098\OAS2_0098_slice_09_z120.png,Very_Mild_Dementia/OAS2_0098/OAS2_0098_slice_09_z120.png,Very Mild Dementia/OAS2_0098/OAS2_0098_slice_09_z120.png,OAS2_0098,Very Mild Dementia,1,0,Non-Demented,0,0.43922228658414514,0.39348334828371284,0.13062769846547528,0.03666666666666667
OASIS_2,RandomForest,47,test,rician_noise__moderate,rician_noise,moderate,D:\OASIS_2\distortions_128\rician_noise\moderate\Very_Mild_Dementia\OAS2_0098\OAS2_0098_slice_10_z125.png,Very_Mild_Dementia/OAS2_0098/OAS2_0098_slice_10_z125.png,Very Mild Dementia/OAS2_0098/OAS2_0098_slice_10_z125.png,OAS2_0098,Very Mild Dementia,1,0,Non-Demented,0,0.5019482517373813,0.33406010212370113,0.12399164613891756,0.04
OASIS_2,RandomForest,47,test,rician_noise__moderate,rician_noise,moderate,D:\OASIS_2\distortions_128\rician_noise\moderate\Very_Mild_Dementia\OAS2_0098\OAS2_0098_slice_11_z130.png,Very_Mild_Dementia/OAS2_0098/OAS2_0098_slice_11_z130.png,Very Mild Dementia/OAS2_0098/OAS2_0098_slice_11_z130.png,OAS2_0098,Very Mild Dementia,1,0,Non-Demented,0,0.47233771262269947,0.36124940369294567,0.10307955035102148,0.06333333333333334
OASIS_2,RandomForest,47,test,rician_noise__moderate,rician_noise,moderate,D:\OASIS_2\distortions_128\rician_noise\moderate\Very_Mild_Dementia\OAS2_0098\OAS2_0098_slice_12_z135.png,Very_Mild_Dementia/OAS2_0098/OAS2_0098_slice_12_z135.png,Very Mild Dementia/OAS2_0098/OAS2_0098_slice_12_z135.png,OAS2_0098,Very Mild Dementia,1,0,Non-Demented,0,0.5413714450221677,0.2941295160971053,0.11116570554739359,0.05333333333333334
OASIS_2,RandomForest,47,test,rician_noise__moderate,rician_noise,moderate,D:\OASIS_2\distortions_128\rician_noise\moderate\Very_Mild_Dementia\OAS2_0098\OAS2_0098_slice_13_z141.png,Very_Mild_Dementia/OAS2_0098/OAS2_0098_slice_13_z141.png,Very Mild Dementia/OAS2_0098/OAS2_0098_slice_13_z141.png,OAS2_0098,Very Mild Dementia,1,0,Non-Demented,0,0.5243467258275873,0.29729746860093437,0.14168913890481172,0.03666666666666667
OASIS_2,RandomForest,47,test,rician_noise__moderate,rician_noise,moderate,D:\OASIS_2\distortions_128\rician_noise\moderate\Very_Mild_Dementia\OAS2_0098\OAS2_0098_slice_14_z146.png,Very_Mild_Dementia/OAS2_0098/OAS2_0098_slice_14_z146.png,Very Mild Dementia/OAS2_0098/OAS2_0098_slice_14_z146.png,OAS2_0098,Very Mild Dementia,1,0,Non-Demented,0,0.5110189829298105,0.2952082368846675,0.11710611351885504,0.07666666666666666
OASIS_2,RandomForest,47,test,rician_noise__moderate,rician_noise,moderate,D:\OASIS_2\distortions_128\rician_noise\moderate\Very_Mild_Dementia\OAS2_0098\OAS2_0098_slice_15_z151.png,Very_Mild_Dementia/OAS2_0098/OAS2_0098_slice_15_z151.png,Very Mild Dementia/OAS2_0098/OAS2_0098_slice_15_z151.png,OAS2_0098,Very Mild Dementia,1,0,Non-Demented,0,0.5464077862619647,0.28385400941340627,0.09973820432462895,0.07
OASIS_2,RandomForest,47,test,rician_noise__moderate,rician_noise,moderate,D:\OASIS_2\distortions_128\rician_noise\moderate\Very_Mild_Dementia\OAS2_0098\OAS2_0098_slice_16_z157.png,Very_Mild_Dementia/OAS2_0098/OAS2_0098_slice_16_z157.png,Very Mild Dementia/OAS2_0098/OAS2_0098_slice_16_z157.png,OAS2_0098,Very Mild Dementia,1,0,Non-Demented,0,0.5721248210920754,0.28181565390168556,0.09272619167290577,0.05333333333333334
OASIS_2,RandomForest,47,test,rician_noise__moderate,rician_noise,moderate,D:\OASIS_2\distortions_128\rician_noise\moderate\Very_Mild_Dementia\OAS2_0098\OAS2_0098_slice_17_z162.png,Very_Mild_Dementia/OAS2_0098/OAS2_0098_slice_17_z162.png,Very Mild Dementia/OAS2_0098/OAS2_0098_slice_17_z162.png,OAS2_0098,Very Mild Dementia,1,0,Non-Demented,0,0.4582472658605269,0.33305712551818906,0.11202894195461748,0.09666666666666666
OASIS_2,RandomForest,47,test,rician_noise__moderate,rician_noise,moderate,D:\OASIS_2\distortions_128\rician_noise\moderate\Very_Mild_Dementia\OAS2_0098\OAS2_0098_slice_18_z167.png,Very_Mild_Dementia/OAS2_0098/OAS2_0098_slice_18_z167.png,Very Mild Dementia/OAS2_0098/OAS2_0098_slice_18_z167.png,OAS2_0098,Very Mild Dementia,1,0,Non-Demented,0,0.5280865794619732,0.25591451305890917,0.14933224081245103,0.06666666666666667
OASIS_2,RandomForest,47,test,rician_noise__moderate,rician_noise,moderate,D:\OASIS_2\distortions_128\rician_noise\moderate\Very_Mild_Dementia\OAS2_0098\OAS2_0098_slice_19_z173.png,Very_Mild_Dementia/OAS2_0098/OAS2_0098_slice_19_z173.png,Very Mild Dementia/OAS2_0098/OAS2_0098_slice_19_z173.png,OAS2_0098,Very Mild Dementia,1,0,Non-Demented,0,0.4725242200581846,0.2804840070265266,0.13699177291528894,0.11
OASIS_2,RandomForest,47,test,rician_noise__moderate,rician_noise,moderate,D:\OASIS_2\distortions_128\rician_noise\moderate\Very_Mild_Dementia\OAS2_0098\OAS2_0098_slice_20_z178.png,Very_Mild_Dementia/OAS2_0098/OAS2_0098_slice_20_z178.png,Very Mild Dementia/OAS2_0098/OAS2_0098_slice_20_z178.png,OAS2_0098,Very Mild Dementia,1,0,Non-Demented,0,0.45502444353488375,0.3004230649190103,0.16455249154610616,0.08
OASIS_2,RandomForest,47,test,rician_noise__moderate,rician_noise,moderate,D:\OASIS_2\distortions_128\rician_noise\moderate\Very_Mild_Dementia\OAS2_0102\OAS2_0102_slice_01_z077.png,Very_Mild_Dementia/OAS2_0102/OAS2_0102_slice_01_z077.png,Very Mild Dementia/OAS2_0102/OAS2_0102_slice_01_z077.png,OAS2_0102,Very Mild Dementia,1,0,Non-Demented,0,0.4978360383999499,0.3156797093332994,0.1431509189334175,0.043333333333333335
OASIS_2,RandomForest,47,test,rician_noise__moderate,rician_noise,moderate,D:\OASIS_2\distortions_128\rician_noise\moderate\Very_Mild_Dementia\OAS2_0102\OAS2_0102_slice_02_z082.png,Very_Mild_Dementia/OAS2_0102/OAS2_0102_slice_02_z082.png,Very Mild Dementia/OAS2_0102/OAS2_0102_slice_02_z082.png,OAS2_0102,Very Mild Dementia,1,0,Non-Demented,0,0.4911220253853211,0.35562556360758446,0.1199190776737613,0.03333333333333333
OASIS_2,RandomForest,47,test,rician_noise__moderate,rician_noise,moderate,D:\OASIS_2\distortions_128\rician_noise\moderate\Very_Mild_Dementia\OAS2_0102\OAS2_0102_slice_03_z088.png,Very_Mild_Dementia/OAS2_0102/OAS2_0102_slice_03_z088.png,Very Mild Dementia/OAS2_0102/OAS2_0102_slice_03_z088.png,OAS2_0102,Very Mild Dementia,1,0,Non-Demented,0,0.4076110006309661,0.3552880522414236,0.18043428046094362,0.056666666666666664
OASIS_2,RandomForest,47,test,rician_noise__moderate,rician_noise,moderate,D:\OASIS_2\distortions_128\rician_noise\moderate\Very_Mild_Dementia\OAS2_0102\OAS2_0102_slice_04_z093.png,Very_Mild_Dementia/OAS2_0102/OAS2_0102_slice_04_z093.png,Very Mild Dementia/OAS2_0102/OAS2_0102_slice_04_z093.png,OAS2_0102,Very Mild Dementia,1,0,Non-Demented,0,0.4842747314944545,0.34321172900622793,0.135846872832651,0.03666666666666667
OASIS_2,RandomForest,47,test,rician_noise__moderate,rician_noise,moderate,D:\OASIS_2\distortions_128\rician_noise\moderate\Very_Mild_Dementia\OAS2_0102\OAS2_0102_slice_05_z098.png,Very_Mild_Dementia/OAS2_0102/OAS2_0102_slice_05_z098.png,Very Mild Dementia/OAS2_0102/OAS2_0102_slice_05_z098.png,OAS2_0102,Very Mild Dementia,1,0,Non-Demented,0,0.4814318450168102,0.37187233391356,0.11336248773629667,0.03333333333333333
OASIS_2,RandomForest,47,test,rician_noise__moderate,rician_noise,moderate,D:\OASIS_2\distortions_128\rician_noise\moderate\Very_Mild_Dementia\OAS2_0102\OAS2_0102_slice_06_z104.png,Very_Mild_Dementia/OAS2_0102/OAS2_0102_slice_06_z104.png,Very Mild Dementia/OAS2_0102/OAS2_0102_slice_06_z104.png,OAS2_0102,Very Mild Dementia,1,0,Non-Demented,0,0.5002423106646894,0.34662875211010374,0.11646227055854012,0.03666666666666667
OASIS_2,RandomForest,47,test,rician_noise__moderate,rician_noise,moderate,D:\OASIS_2\distortions_128\rician_noise\moderate\Very_Mild_Dementia\OAS2_0102\OAS2_0102_slice_07_z109.png,Very_Mild_Dementia/OAS2_0102/OAS2_0102_slice_07_z109.png,Very Mild Dementia/OAS2_0102/OAS2_0102_slice_07_z109.png,OAS2_0102,Very Mild Dementia,1,0,Non-Demented,0,0.49730551787636584,0.2992737834178501,0.1734206987057842,0.03
OASIS_2,RandomForest,47,test,rician_noise__moderate,rician_noise,moderate,D:\OASIS_2\distortions_128\rician_noise\moderate\Very_Mild_Dementia\OAS2_0102\OAS2_0102_slice_08_z114.png,Very_Mild_Dementia/OAS2_0102/OAS2_0102_slice_08_z114.png,Very Mild Dementia/OAS2_0102/OAS2_0102_slice_08_z114.png,OAS2_0102,Very Mild Dementia,1,0,Non-Demented,0,0.4821178583747827,0.3412093808067858,0.14667276081843164,0.03
OASIS_2,RandomForest,47,test,rician_noise__moderate,rician_noise,moderate,D:\OASIS_2\distortions_128\rician_noise\moderate\Very_Mild_Dementia\OAS2_0102\OAS2_0102_slice_09_z120.png,Very_Mild_Dementia/OAS2_0102/OAS2_0102_slice_09_z120.png,Very Mild Dementia/OAS2_0102/OAS2_0102_slice_09_z120.png,OAS2_0102,Very Mild Dementia,1,0,Non-Demented,0,0.4995133993288298,0.2683454544209387,0.1888078129168982,0.043333333333333335
OASIS_2,RandomForest,47,test,rician_noise__moderate,rician_noise,moderate,D:\OASIS_2\distortions_128\rician_noise\moderate\Very_Mild_Dementia\OAS2_0102\OAS2_0102_slice_10_z125.png,Very_Mild_Dementia/OAS2_0102/OAS2_0102_slice_10_z125.png,Very Mild Dementia/OAS2_0102/OAS2_0102_slice_10_z125.png,OAS2_0102,Very Mild Dementia,1,0,Non-Demented,0,0.5260099184169076,0.25455692477994585,0.18276649013648,0.03666666666666667
OASIS_2,RandomForest,47,test,rician_noise__moderate,rician_noise,moderate,D:\OASIS_2\distortions_128\rician_noise\moderate\Very_Mild_Dementia\OAS2_0102\OAS2_0102_slice_11_z130.png,Very_Mild_Dementia/OAS2_0102/OAS2_0102_slice_11_z130.png,Very Mild Dementia/OAS2_0102/OAS2_0102_slice_11_z130.png,OAS2_0102,Very Mild Dementia,1,0,Non-Demented,0,0.458523040656363,0.31297610079615046,0.16183419188081982,0.06666666666666667
OASIS_2,RandomForest,47,test,rician_noise__moderate,rician_noise,moderate,D:\OASIS_2\distortions_128\rician_noise\moderate\Very_Mild_Dementia\OAS2_0102\OAS2_0102_slice_12_z135.png,Very_Mild_Dementia/OAS2_0102/OAS2_0102_slice_12_z135.png,Very Mild Dementia/OAS2_0102/OAS2_0102_slice_12_z135.png,OAS2_0102,Very Mild Dementia,1,0,Non-Demented,0,0.4606261296059368,0.29558231005674956,0.187124893670647,0.056666666666666664
OASIS_2,RandomForest,47,test,rician_noise__moderate,rician_noise,moderate,D:\OASIS_2\distortions_128\rician_noise\moderate\Very_Mild_Dementia\OAS2_0102\OAS2_0102_slice_13_z141.png,Very_Mild_Dementia/OAS2_0102/OAS2_0102_slice_13_z141.png,Very Mild Dementia/OAS2_0102/OAS2_0102_slice_13_z141.png,OAS2_0102,Very Mild Dementia,1,0,Non-Demented,0,0.43546311448364367,0.2943636775646498,0.1601732079517065,0.11
OASIS_2,RandomForest,47,test,rician_noise__moderate,rician_noise,moderate,D:\OASIS_2\distortions_128\rician_noise\moderate\Very_Mild_Dementia\OAS2_0102\OAS2_0102_slice_14_z146.png,Very_Mild_Dementia/OAS2_0102/OAS2_0102_slice_14_z146.png,Very Mild Dementia/OAS2_0102/OAS2_0102_slice_14_z146.png,OAS2_0102,Very Mild Dementia,1,0,Non-Demented,0,0.3975172728176299,0.3070241203596621,0.18545860682270812,0.11
OASIS_2,RandomForest,47,test,rician_noise__moderate,rician_noise,moderate,D:\OASIS_2\distortions_128\rician_noise\moderate\Very_Mild_Dementia\OAS2_0102\OAS2_0102_slice_15_z151.png,Very_Mild_Dementia/OAS2_0102/OAS2_0102_slice_15_z151.png,Very Mild Dementia/OAS2_0102/OAS2_0102_slice_15_z151.png,OAS2_0102,Very Mild Dementia,1,0,Non-Demented,0,0.41400165630142993,0.26857430056161624,0.19742404313695386,0.12
OASIS_2,RandomForest,47,test,rician_noise__moderate,rician_noise,moderate,D:\OASIS_2\distortions_128\rician_noise\moderate\Very_Mild_Dementia\OAS2_0102\OAS2_0102_slice_16_z157.png,Very_Mild_Dementia/OAS2_0102/OAS2_0102_slice_16_z157.png,Very Mild Dementia/OAS2_0102/OAS2_0102_slice_16_z157.png,OAS2_0102,Very Mild Dementia,1,0,Non-Demented,0,0.386002382570051,0.27013925686422224,0.1938583605657268,0.15
OASIS_2,RandomForest,47,test,rician_noise__moderate,rician_noise,moderate,D:\OASIS_2\distortions_128\rician_noise\moderate\Very_Mild_Dementia\OAS2_0102\OAS2_0102_slice_17_z162.png,Very_Mild_Dementia/OAS2_0102/OAS2_0102_slice_17_z162.png,Very Mild Dementia/OAS2_0102/OAS2_0102_slice_17_z162.png,OAS2_0102,Very Mild Dementia,1,0,Non-Demented,0,0.4455055386889873,0.2753325208268407,0.18916194048417212,0.09
OASIS_2,RandomForest,47,test,rician_noise__moderate,rician_noise,moderate,D:\OASIS_2\distortions_128\rician_noise\moderate\Very_Mild_Dementia\OAS2_0102\OAS2_0102_slice_18_z167.png,Very_Mild_Dementia/OAS2_0102/OAS2_0102_slice_18_z167.png,Very Mild Dementia/OAS2_0102/OAS2_0102_slice_18_z167.png,OAS2_0102,Very Mild Dementia,1,0,Non-Demented,0,0.3618004437310409,0.3557480084491734,0.1757848811531191,0.10666666666666667
OASIS_2,RandomForest,47,test,rician_noise__moderate,rician_noise,moderate,D:\OASIS_2\distortions_128\rician_noise\moderate\Very_Mild_Dementia\OAS2_0102\OAS2_0102_slice_19_z173.png,Very_Mild_Dementia/OAS2_0102/OAS2_0102_slice_19_z173.png,Very Mild Dementia/OAS2_0102/OAS2_0102_slice_19_z173.png,OAS2_0102,Very Mild Dementia,1,0,Non-Demented,0,0.47297803909848407,0.30196290882606885,0.16505905207544705,0.06
OASIS_2,RandomForest,47,test,rician_noise__moderate,rician_noise,moderate,D:\OASIS_2\distortions_128\rician_noise\moderate\Very_Mild_Dementia\OAS2_0102\OAS2_0102_slice_20_z178.png,Very_Mild_Dementia/OAS2_0102/OAS2_0102_slice_20_z178.png,Very Mild Dementia/OAS2_0102/OAS2_0102_slice_20_z178.png,OAS2_0102,Very Mild Dementia,1,0,Non-Demented,0,0.38561453167062304,0.3298608166724126,0.21452465165696433,0.07
OASIS_2,RandomForest,47,test,rician_noise__moderate,rician_noise,moderate,D:\OASIS_2\distortions_128\rician_noise\moderate\Very_Mild_Dementia\OAS2_0103\OAS2_0103_slice_01_z077.png,Very_Mild_Dementia/OAS2_0103/OAS2_0103_slice_01_z077.png,Very Mild Dementia/OAS2_0103/OAS2_0103_slice_01_z077.png,OAS2_0103,Very Mild Dementia,1,0,Non-Demented,0,0.4211279569320979,0.27026139345423494,0.19527731628033385,0.11333333333333333
OASIS_2,RandomForest,47,test,rician_noise__moderate,rician_noise,moderate,D:\OASIS_2\distortions_128\rician_noise\moderate\Very_Mild_Dementia\OAS2_0103\OAS2_0103_slice_02_z082.png,Very_Mild_Dementia/OAS2_0103/OAS2_0103_slice_02_z082.png,Very Mild Dementia/OAS2_0103/OAS2_0103_slice_02_z082.png,OAS2_0103,Very Mild Dementia,1,0,Non-Demented,0,0.48247328303688686,0.29742688542237955,0.12676649820740016,0.09333333333333334
OASIS_2,RandomForest,47,test,rician_noise__moderate,rician_noise,moderate,D:\OASIS_2\distortions_128\rician_noise\moderate\Very_Mild_Dementia\OAS2_0103\OAS2_0103_slice_03_z088.png,Very_Mild_Dementia/OAS2_0103/OAS2_0103_slice_03_z088.png,Very Mild Dementia/OAS2_0103/OAS2_0103_slice_03_z088.png,OAS2_0103,Very Mild Dementia,1,0,Non-Demented,0,0.4348791284597534,0.31256779318281475,0.1525530783574318,0.1
OASIS_2,RandomForest,47,test,rician_noise__moderate,rician_noise,moderate,D:\OASIS_2\distortions_128\rician_noise\moderate\Very_Mild_Dementia\OAS2_0103\OAS2_0103_slice_04_z093.png,Very_Mild_Dementia/OAS2_0103/OAS2_0103_slice_04_z093.png,Very Mild Dementia/OAS2_0103/OAS2_0103_slice_04_z093.png,OAS2_0103,Very Mild Dementia,1,0,Non-Demented,0,0.47126863867344754,0.28919474358624003,0.13953661774031242,0.1
OASIS_2,RandomForest,47,test,rician_noise__moderate,rician_noise,moderate,D:\OASIS_2\distortions_128\rician_noise\moderate\Very_Mild_Dementia\OAS2_0103\OAS2_0103_slice_05_z098.png,Very_Mild_Dementia/OAS2_0103/OAS2_0103_slice_05_z098.png,Very Mild Dementia/OAS2_0103/OAS2_0103_slice_05_z098.png,OAS2_0103,Very Mild Dementia,1,0,Non-Demented,0,0.43444067871338393,0.2982043337244583,0.14735498756215765,0.12
OASIS_2,RandomForest,47,test,rician_noise__moderate,rician_noise,moderate,D:\OASIS_2\distortions_128\rician_noise\moderate\Very_Mild_Dementia\OAS2_0103\OAS2_0103_slice_06_z104.png,Very_Mild_Dementia/OAS2_0103/OAS2_0103_slice_06_z104.png,Very Mild Dementia/OAS2_0103/OAS2_0103_slice_06_z104.png,OAS2_0103,Very Mild Dementia,1,0,Non-Demented,0,0.5013660246378108,0.2843754978977454,0.1075918107977773,0.10666666666666667
OASIS_2,RandomForest,47,test,rician_noise__moderate,rician_noise,moderate,D:\OASIS_2\distortions_128\rician_noise\moderate\Very_Mild_Dementia\OAS2_0103\OAS2_0103_slice_07_z109.png,Very_Mild_Dementia/OAS2_0103/OAS2_0103_slice_07_z109.png,Very Mild Dementia/OAS2_0103/OAS2_0103_slice_07_z109.png,OAS2_0103,Very Mild Dementia,1,0,Non-Demented,0,0.4705701884663558,0.2839217520925508,0.1588413927744268,0.08666666666666667
OASIS_2,RandomForest,47,test,rician_noise__moderate,rician_noise,moderate,D:\OASIS_2\distortions_128\rician_noise\moderate\Very_Mild_Dementia\OAS2_0103\OAS2_0103_slice_08_z114.png,Very_Mild_Dementia/OAS2_0103/OAS2_0103_slice_08_z114.png,Very Mild Dementia/OAS2_0103/OAS2_0103_slice_08_z114.png,OAS2_0103,Very Mild Dementia,1,0,Non-Demented,0,0.4488038503669292,0.3269571835115115,0.17423896612155929,0.05
OASIS_2,RandomForest,47,test,rician_noise__moderate,rician_noise,moderate,D:\OASIS_2\distortions_128\rician_noise\moderate\Very_Mild_Dementia\OAS2_0103\OAS2_0103_slice_09_z120.png,Very_Mild_Dementia/OAS2_0103/OAS2_0103_slice_09_z120.png,Very Mild Dementia/OAS2_0103/OAS2_0103_slice_09_z120.png,OAS2_0103,Very Mild Dementia,1,0,Non-Demented,0,0.5148897716332956,0.2970549744591162,0.10138858724092147,0.08666666666666667
OASIS_2,RandomForest,47,test,rician_noise__moderate,rician_noise,moderate,D:\OASIS_2\distortions_128\rician_noise\moderate\Very_Mild_Dementia\OAS2_0103\OAS2_0103_slice_10_z125.png,Very_Mild_Dementia/OAS2_0103/OAS2_0103_slice_10_z125.png,Very Mild Dementia/OAS2_0103/OAS2_0103_slice_10_z125.png,OAS2_0103,Very Mild Dementia,1,0,Non-Demented,0,0.4602073465420428,0.3042665772735012,0.13552607618445603,0.1
OASIS_2,RandomForest,47,test,rician_noise__moderate,rician_noise,moderate,D:\OASIS_2\distortions_128\rician_noise\moderate\Very_Mild_Dementia\OAS2_0103\OAS2_0103_slice_11_z130.png,Very_Mild_Dementia/OAS2_0103/OAS2_0103_slice_11_z130.png,Very Mild Dementia/OAS2_0103/OAS2_0103_slice_11_z130.png,OAS2_0103,Very Mild Dementia,1,0,Non-Demented,0,0.4593184042437746,0.28689705375213426,0.12711787533742464,0.12666666666666668
OASIS_2,RandomForest,47,test,rician_noise__moderate,rician_noise,moderate,D:\OASIS_2\distortions_128\rician_noise\moderate\Very_Mild_Dementia\OAS2_0103\OAS2_0103_slice_12_z135.png,Very_Mild_Dementia/OAS2_0103/OAS2_0103_slice_12_z135.png,Very Mild Dementia/OAS2_0103/OAS2_0103_slice_12_z135.png,OAS2_0103,Very Mild Dementia,1,0,Non-Demented,0,0.46230780947599776,0.2690037126988462,0.168688477825156,0.1
OASIS_2,RandomForest,47,test,rician_noise__moderate,rician_noise,moderate,D:\OASIS_2\distortions_128\rician_noise\moderate\Very_Mild_Dementia\OAS2_0103\OAS2_0103_slice_13_z141.png,Very_Mild_Dementia/OAS2_0103/OAS2_0103_slice_13_z141.png,Very Mild Dementia/OAS2_0103/OAS2_0103_slice_13_z141.png,OAS2_0103,Very Mild Dementia,1,0,Non-Demented,0,0.47524046028588135,0.26167926939382286,0.1830802703202957,0.08
OASIS_2,RandomForest,47,test,rician_noise__moderate,rician_noise,moderate,D:\OASIS_2\distortions_128\rician_noise\moderate\Very_Mild_Dementia\OAS2_0103\OAS2_0103_slice_14_z146.png,Very_Mild_Dementia/OAS2_0103/OAS2_0103_slice_14_z146.png,Very Mild Dementia/OAS2_0103/OAS2_0103_slice_14_z146.png,OAS2_0103,Very Mild Dementia,1,0,Non-Demented,0,0.5174095510387294,0.23609767972431858,0.17649276923695212,0.07
OASIS_2,RandomForest,47,test,rician_noise__moderate,rician_noise,moderate,D:\OASIS_2\distortions_128\rician_noise\moderate\Very_Mild_Dementia\OAS2_0103\OAS2_0103_slice_15_z151.png,Very_Mild_Dementia/OAS2_0103/OAS2_0103_slice_15_z151.png,Very Mild Dementia/OAS2_0103/OAS2_0103_slice_15_z151.png,OAS2_0103,Very Mild Dementia,1,0,Non-Demented,0,0.5249079978517082,0.2941185964380306,0.11097340571026135,0.07
OASIS_2,RandomForest,47,test,rician_noise__moderate,rician_noise,moderate,D:\OASIS_2\distortions_128\rician_noise\moderate\Very_Mild_Dementia\OAS2_0103\OAS2_0103_slice_16_z157.png,Very_Mild_Dementia/OAS2_0103/OAS2_0103_slice_16_z157.png,Very Mild Dementia/OAS2_0103/OAS2_0103_slice_16_z157.png,OAS2_0103,Very Mild Dementia,1,0,Non-Demented,0,0.44904686260272236,0.29732635643216254,0.17029344763178175,0.08333333333333333
OASIS_2,RandomForest,47,test,rician_noise__moderate,rician_noise,moderate,D:\OASIS_2\distortions_128\rician_noise\moderate\Very_Mild_Dementia\OAS2_0103\OAS2_0103_slice_17_z162.png,Very_Mild_Dementia/OAS2_0103/OAS2_0103_slice_17_z162.png,Very Mild Dementia/OAS2_0103/OAS2_0103_slice_17_z162.png,OAS2_0103,Very Mild Dementia,1,0,Non-Demented,0,0.5041597538888384,0.2931244565161021,0.11271578959505937,0.09
OASIS_2,RandomForest,47,test,rician_noise__moderate,rician_noise,moderate,D:\OASIS_2\distortions_128\rician_noise\moderate\Very_Mild_Dementia\OAS2_0103\OAS2_0103_slice_18_z167.png,Very_Mild_Dementia/OAS2_0103/OAS2_0103_slice_18_z167.png,Very Mild Dementia/OAS2_0103/OAS2_0103_slice_18_z167.png,OAS2_0103,Very Mild Dementia,1,0,Non-Demented,0,0.4613653395642988,0.2830957756766942,0.15220555142567377,0.10333333333333333
OASIS_2,RandomForest,47,test,rician_noise__moderate,rician_noise,moderate,D:\OASIS_2\distortions_128\rician_noise\moderate\Very_Mild_Dementia\OAS2_0103\OAS2_0103_slice_19_z173.png,Very_Mild_Dementia/OAS2_0103/OAS2_0103_slice_19_z173.png,Very Mild Dementia/OAS2_0103/OAS2_0103_slice_19_z173.png,OAS2_0103,Very Mild Dementia,1,0,Non-Demented,0,0.47286770270713,0.23783235765409325,0.16929993963877676,0.12
OASIS_2,RandomForest,47,test,rician_noise__moderate,rician_noise,moderate,D:\OASIS_2\distortions_128\rician_noise\moderate\Very_Mild_Dementia\OAS2_0103\OAS2_0103_slice_20_z178.png,Very_Mild_Dementia/OAS2_0103/OAS2_0103_slice_20_z178.png,Very Mild Dementia/OAS2_0103/OAS2_0103_slice_20_z178.png,OAS2_0103,Very Mild Dementia,1,0,Non-Demented,0,0.4658147204461585,0.2645671187248981,0.13628482749561002,0.13333333333333333
OASIS_2,RandomForest,47,test,rician_noise__moderate,rician_noise,moderate,D:\OASIS_2\distortions_128\rician_noise\moderate\Very_Mild_Dementia\OAS2_0176\OAS2_0176_slice_01_z077.png,Very_Mild_Dementia/OAS2_0176/OAS2_0176_slice_01_z077.png,Very Mild Dementia/OAS2_0176/OAS2_0176_slice_01_z077.png,OAS2_0176,Very Mild Dementia,1,0,Non-Demented,0,0.4031812674766941,0.3818033138772201,0.14834875197941919,0.06666666666666667
OASIS_2,RandomForest,47,test,rician_noise__moderate,rician_noise,moderate,D:\OASIS_2\distortions_128\rician_noise\moderate\Very_Mild_Dementia\OAS2_0176\OAS2_0176_slice_02_z082.png,Very_Mild_Dementia/OAS2_0176/OAS2_0176_slice_02_z082.png,Very Mild Dementia/OAS2_0176/OAS2_0176_slice_02_z082.png,OAS2_0176,Very Mild Dementia,1,0,Non-Demented,0,0.4199558414645431,0.33533806150023626,0.17137276370188723,0.07333333333333333
OASIS_2,RandomForest,47,test,rician_noise__moderate,rician_noise,moderate,D:\OASIS_2\distortions_128\rician_noise\moderate\Very_Mild_Dementia\OAS2_0176\OAS2_0176_slice_03_z088.png,Very_Mild_Dementia/OAS2_0176/OAS2_0176_slice_03_z088.png,Very Mild Dementia/OAS2_0176/OAS2_0176_slice_03_z088.png,OAS2_0176,Very Mild Dementia,1,0,Non-Demented,0,0.4782125881904697,0.34808431691470976,0.11703642822815384,0.056666666666666664
OASIS_2,RandomForest,47,test,rician_noise__moderate,rician_noise,moderate,D:\OASIS_2\distortions_128\rician_noise\moderate\Very_Mild_Dementia\OAS2_0176\OAS2_0176_slice_04_z093.png,Very_Mild_Dementia/OAS2_0176/OAS2_0176_slice_04_z093.png,Very Mild Dementia/OAS2_0176/OAS2_0176_slice_04_z093.png,OAS2_0176,Very Mild Dementia,1,0,Non-Demented,0,0.45431169495190593,0.35588750860823726,0.13313412977319017,0.056666666666666664
OASIS_2,RandomForest,47,test,rician_noise__moderate,rician_noise,moderate,D:\OASIS_2\distortions_128\rician_noise\moderate\Very_Mild_Dementia\OAS2_0176\OAS2_0176_slice_05_z098.png,Very_Mild_Dementia/OAS2_0176/OAS2_0176_slice_05_z098.png,Very Mild Dementia/OAS2_0176/OAS2_0176_slice_05_z098.png,OAS2_0176,Very Mild Dementia,1,0,Non-Demented,0,0.3943097545647967,0.36119831250232654,0.16115859959954335,0.08333333333333333
OASIS_2,RandomForest,47,test,rician_noise__moderate,rician_noise,moderate,D:\OASIS_2\distortions_128\rician_noise\moderate\Very_Mild_Dementia\OAS2_0176\OAS2_0176_slice_06_z104.png,Very_Mild_Dementia/OAS2_0176/OAS2_0176_slice_06_z104.png,Very Mild Dementia/OAS2_0176/OAS2_0176_slice_06_z104.png,OAS2_0176,Very Mild Dementia,1,0,Non-Demented,0,0.46100747513400686,0.32407242469835534,0.14492010016763776,0.07
OASIS_2,RandomForest,47,test,rician_noise__moderate,rician_noise,moderate,D:\OASIS_2\distortions_128\rician_noise\moderate\Very_Mild_Dementia\OAS2_0176\OAS2_0176_slice_07_z109.png,Very_Mild_Dementia/OAS2_0176/OAS2_0176_slice_07_z109.png,Very Mild Dementia/OAS2_0176/OAS2_0176_slice_07_z109.png,OAS2_0176,Very Mild Dementia,1,0,Non-Demented,0,0.49770753748008917,0.3073916857444425,0.12156744344213505,0.07333333333333333
OASIS_2,RandomForest,47,test,rician_noise__moderate,rician_noise,moderate,D:\OASIS_2\distortions_128\rician_noise\moderate\Very_Mild_Dementia\OAS2_0176\OAS2_0176_slice_08_z114.png,Very_Mild_Dementia/OAS2_0176/OAS2_0176_slice_08_z114.png,Very Mild Dementia/OAS2_0176/OAS2_0176_slice_08_z114.png,OAS2_0176,Very Mild Dementia,1,0,Non-Demented,0,0.5067384830845959,0.31203813223536087,0.1378900513467098,0.043333333333333335
OASIS_2,RandomForest,47,test,rician_noise__moderate,rician_noise,moderate,D:\OASIS_2\distortions_128\rician_noise\moderate\Very_Mild_Dementia\OAS2_0176\OAS2_0176_slice_09_z120.png,Very_Mild_Dementia/OAS2_0176/OAS2_0176_slice_09_z120.png,Very Mild Dementia/OAS2_0176/OAS2_0176_slice_09_z120.png,OAS2_0176,Very Mild Dementia,1,0,Non-Demented,0,0.43673882336564457,0.3290459663113633,0.1708818769896588,0.06333333333333334
OASIS_2,RandomForest,47,test,rician_noise__moderate,rician_noise,moderate,D:\OASIS_2\distortions_128\rician_noise\moderate\Very_Mild_Dementia\OAS2_0176\OAS2_0176_slice_10_z125.png,Very_Mild_Dementia/OAS2_0176/OAS2_0176_slice_10_z125.png,Very Mild Dementia/OAS2_0176/OAS2_0176_slice_10_z125.png,OAS2_0176,Very Mild Dementia,1,0,Non-Demented,0,0.5339291116864031,0.2899733180934549,0.10943090355347533,0.06666666666666667
OASIS_2,RandomForest,47,test,rician_noise__moderate,rician_noise,moderate,D:\OASIS_2\distortions_128\rician_noise\moderate\Very_Mild_Dementia\OAS2_0176\OAS2_0176_slice_11_z130.png,Very_Mild_Dementia/OAS2_0176/OAS2_0176_slice_11_z130.png,Very Mild Dementia/OAS2_0176/OAS2_0176_slice_11_z130.png,OAS2_0176,Very Mild Dementia,1,0,Non-Demented,0,0.43571459447369987,0.3011353848367539,0.11981668735621294,0.14333333333333334
OASIS_2,RandomForest,47,test,rician_noise__moderate,rician_noise,moderate,D:\OASIS_2\distortions_128\rician_noise\moderate\Very_Mild_Dementia\OAS2_0176\OAS2_0176_slice_12_z135.png,Very_Mild_Dementia/OAS2_0176/OAS2_0176_slice_12_z135.png,Very Mild Dementia/OAS2_0176/OAS2_0176_slice_12_z135.png,OAS2_0176,Very Mild Dementia,1,0,Non-Demented,0,0.4809647783061158,0.28525236590378505,0.13044952245676594,0.10333333333333333
OASIS_2,RandomForest,47,test,rician_noise__moderate,rician_noise,moderate,D:\OASIS_2\distortions_128\rician_noise\moderate\Very_Mild_Dementia\OAS2_0176\OAS2_0176_slice_13_z141.png,Very_Mild_Dementia/OAS2_0176/OAS2_0176_slice_13_z141.png,Very Mild Dementia/OAS2_0176/OAS2_0176_slice_13_z141.png,OAS2_0176,Very Mild Dementia,1,0,Non-Demented,0,0.47698731833082925,0.2792302306600629,0.13378245100910785,0.11
OASIS_2,RandomForest,47,test,rician_noise__moderate,rician_noise,moderate,D:\OASIS_2\distortions_128\rician_noise\moderate\Very_Mild_Dementia\OAS2_0176\OAS2_0176_slice_14_z146.png,Very_Mild_Dementia/OAS2_0176/OAS2_0176_slice_14_z146.png,Very Mild Dementia/OAS2_0176/OAS2_0176_slice_14_z146.png,OAS2_0176,Very Mild Dementia,1,0,Non-Demented,0,0.5092677260656924,0.2825603572114766,0.09817191672283111,0.11
OASIS_2,RandomForest,47,test,rician_noise__moderate,rician_noise,moderate,D:\OASIS_2\distortions_128\rician_noise\moderate\Very_Mild_Dementia\OAS2_0176\OAS2_0176_slice_15_z151.png,Very_Mild_Dementia/OAS2_0176/OAS2_0176_slice_15_z151.png,Very Mild Dementia/OAS2_0176/OAS2_0176_slice_15_z151.png,OAS2_0176,Very Mild Dementia,1,0,Non-Demented,0,0.4701469882131993,0.27330297982364354,0.13321669862982383,0.12333333333333334
OASIS_2,RandomForest,47,test,rician_noise__moderate,rician_noise,moderate,D:\OASIS_2\distortions_128\rician_noise\moderate\Very_Mild_Dementia\OAS2_0176\OAS2_0176_slice_16_z157.png,Very_Mild_Dementia/OAS2_0176/OAS2_0176_slice_16_z157.png,Very Mild Dementia/OAS2_0176/OAS2_0176_slice_16_z157.png,OAS2_0176,Very Mild Dementia,1,0,Non-Demented,0,0.45755616455617265,0.2897983287662834,0.1493121733442106,0.10333333333333333
OASIS_2,RandomForest,47,test,rician_noise__moderate,rician_noise,moderate,D:\OASIS_2\distortions_128\rician_noise\moderate\Very_Mild_Dementia\OAS2_0176\OAS2_0176_slice_17_z162.png,Very_Mild_Dementia/OAS2_0176/OAS2_0176_slice_17_z162.png,Very Mild Dementia/OAS2_0176/OAS2_0176_slice_17_z162.png,OAS2_0176,Very Mild Dementia,1,0,Non-Demented,0,0.4088924776096095,0.3095031568443941,0.1849376988793298,0.09666666666666666
OASIS_2,RandomForest,47,test,rician_noise__moderate,rician_noise,moderate,D:\OASIS_2\distortions_128\rician_noise\moderate\Very_Mild_Dementia\OAS2_0176\OAS2_0176_slice_18_z167.png,Very_Mild_Dementia/OAS2_0176/OAS2_0176_slice_18_z167.png,Very Mild Dementia/OAS2_0176/OAS2_0176_slice_18_z167.png,OAS2_0176,Very Mild Dementia,1,0,Non-Demented,0,0.4112674159093719,0.2976843429515116,0.17104824113911665,0.12
OASIS_2,RandomForest,47,test,rician_noise__moderate,rician_noise,moderate,D:\OASIS_2\distortions_128\rician_noise\moderate\Very_Mild_Dementia\OAS2_0176\OAS2_0176_slice_19_z173.png,Very_Mild_Dementia/OAS2_0176/OAS2_0176_slice_19_z173.png,Very Mild Dementia/OAS2_0176/OAS2_0176_slice_19_z173.png,OAS2_0176,Very Mild Dementia,1,0,Non-Demented,0,0.49728968124633527,0.2548164067088312,0.14456057871150016,0.10333333333333333
OASIS_2,RandomForest,47,test,rician_noise__moderate,rician_noise,moderate,D:\OASIS_2\distortions_128\rician_noise\moderate\Very_Mild_Dementia\OAS2_0176\OAS2_0176_slice_20_z178.png,Very_Mild_Dementia/OAS2_0176/OAS2_0176_slice_20_z178.png,Very Mild Dementia/OAS2_0176/OAS2_0176_slice_20_z178.png,OAS2_0176,Very Mild Dementia,1,0,Non-Demented,0,0.4846334261335354,0.2719709995285267,0.15006224100460458,0.09333333333333334
