dataset,model,seed,split,condition,distortion,severity,file_path,relative_path,sample_key,subject_id,class_name,y_true,y_pred,pred_class_name,correct,score_nondemented,score_verymilddementia,score_milddementia,score_moderatedementia
OASIS_2,LinearSVM,13,test,motion__severe,motion,severe,D:\OASIS_2\distortions_128\motion\severe\Mild_Dementia\OAS2_0014\OAS2_0014_slice_01_z077.png,Mild_Dementia/OAS2_0014/OAS2_0014_slice_01_z077.png,Mild Dementia/OAS2_0014/OAS2_0014_slice_01_z077.png,OAS2_0014,Mild Dementia,2,1,Very Mild Dementia,0,-4.998448018045405,3.299493170562983,1.349534687023694,2.1544142242017164
OASIS_2,LinearSVM,13,test,motion__severe,motion,severe,D:\OASIS_2\distortions_128\motion\severe\Mild_Dementia\OAS2_0014\OAS2_0014_slice_02_z082.png,Mild_Dementia/OAS2_0014/OAS2_0014_slice_02_z082.png,Mild Dementia/OAS2_0014/OAS2_0014_slice_02_z082.png,OAS2_0014,Mild Dementia,2,3,Moderate Dementia,0,-2.481784431907822,0.8518089698227875,-0.1352939656507426,1.350149792571227
OASIS_2,LinearSVM,13,test,motion__severe,motion,severe,D:\OASIS_2\distortions_128\motion\severe\Mild_Dementia\OAS2_0014\OAS2_0014_slice_03_z088.png,Mild_Dementia/OAS2_0014/OAS2_0014_slice_03_z088.png,Mild Dementia/OAS2_0014/OAS2_0014_slice_03_z088.png,OAS2_0014,Mild Dementia,2,1,Very Mild Dementia,0,-3.816647103396636,5.201425130389075,-5.18232733504258,2.576934270183117
OASIS_2,LinearSVM,13,test,motion__severe,motion,severe,D:\OASIS_2\distortions_128\motion\severe\Mild_Dementia\OAS2_0014\OAS2_0014_slice_04_z093.png,Mild_Dementia/OAS2_0014/OAS2_0014_slice_04_z093.png,Mild Dementia/OAS2_0014/OAS2_0014_slice_04_z093.png,OAS2_0014,Mild Dementia,2,1,Very Mild Dementia,0,-6.970956117364602,5.340926218688095,0.10913469556076794,1.562124300730816
OASIS_2,LinearSVM,13,test,motion__severe,motion,severe,D:\OASIS_2\distortions_128\motion\severe\Mild_Dementia\OAS2_0014\OAS2_0014_slice_05_z098.png,Mild_Dementia/OAS2_0014/OAS2_0014_slice_05_z098.png,Mild Dementia/OAS2_0014/OAS2_0014_slice_05_z098.png,OAS2_0014,Mild Dementia,2,1,Very Mild Dementia,0,-6.378986443436549,6.043345145381429,-1.4272281034884402,1.9083930003784837
OASIS_2,LinearSVM,13,test,motion__severe,motion,severe,D:\OASIS_2\distortions_128\motion\severe\Mild_Dementia\OAS2_0014\OAS2_0014_slice_06_z104.png,Mild_Dementia/OAS2_0014/OAS2_0014_slice_06_z104.png,Mild Dementia/OAS2_0014/OAS2_0014_slice_06_z104.png,OAS2_0014,Mild Dementia,2,1,Very Mild Dementia,0,-4.527202364125101,6.144879136106257,-1.564316998631474,1.0273984775924656
OASIS_2,LinearSVM,13,test,motion__severe,motion,severe,D:\OASIS_2\distortions_128\motion\severe\Mild_Dementia\OAS2_0014\OAS2_0014_slice_07_z109.png,Mild_Dementia/OAS2_0014/OAS2_0014_slice_07_z109.png,Mild Dementia/OAS2_0014/OAS2_0014_slice_07_z109.png,OAS2_0014,Mild Dementia,2,1,Very Mild Dementia,0,-5.534915755077005,5.573479635773952,-2.3629303652492606,1.7741295577598293
OASIS_2,LinearSVM,13,test,motion__severe,motion,severe,D:\OASIS_2\distortions_128\motion\severe\Mild_Dementia\OAS2_0014\OAS2_0014_slice_08_z114.png,Mild_Dementia/OAS2_0014/OAS2_0014_slice_08_z114.png,Mild Dementia/OAS2_0014/OAS2_0014_slice_08_z114.png,OAS2_0014,Mild Dementia,2,1,Very Mild Dementia,0,-2.4041935294964496,1.7994418322411596,-0.5671470009717194,0.6299566506564516
OASIS_2,LinearSVM,13,test,motion__severe,motion,severe,D:\OASIS_2\distortions_128\motion\severe\Mild_Dementia\OAS2_0014\OAS2_0014_slice_09_z120.png,Mild_Dementia/OAS2_0014/OAS2_0014_slice_09_z120.png,Mild Dementia/OAS2_0014/OAS2_0014_slice_09_z120.png,OAS2_0014,Mild Dementia,2,1,Very Mild Dementia,0,-3.22807312179361,4.0965991395239,-2.4293422630770296,-0.2249345302399074
OASIS_2,LinearSVM,13,test,motion__severe,motion,severe,D:\OASIS_2\distortions_128\motion\severe\Mild_Dementia\OAS2_0014\OAS2_0014_slice_10_z125.png,Mild_Dementia/OAS2_0014/OAS2_0014_slice_10_z125.png,Mild Dementia/OAS2_0014/OAS2_0014_slice_10_z125.png,OAS2_0014,Mild Dementia,2,1,Very Mild Dementia,0,-3.515666727084784,5.028889941055069,-3.374612044610113,0.8999551062414295
OASIS_2,LinearSVM,13,test,motion__severe,motion,severe,D:\OASIS_2\distortions_128\motion\severe\Mild_Dementia\OAS2_0014\OAS2_0014_slice_11_z130.png,Mild_Dementia/OAS2_0014/OAS2_0014_slice_11_z130.png,Mild Dementia/OAS2_0014/OAS2_0014_slice_11_z130.png,OAS2_0014,Mild Dementia,2,1,Very Mild Dementia,0,-1.3953168751917193,2.887687562956707,-2.3913725879259067,-0.04134739459454417
OASIS_2,LinearSVM,13,test,motion__severe,motion,severe,D:\OASIS_2\distortions_128\motion\severe\Mild_Dementia\OAS2_0014\OAS2_0014_slice_12_z135.png,Mild_Dementia/OAS2_0014/OAS2_0014_slice_12_z135.png,Mild Dementia/OAS2_0014/OAS2_0014_slice_12_z135.png,OAS2_0014,Mild Dementia,2,1,Very Mild Dementia,0,-3.2073652094128007,3.4788084397702925,0.5189972145153638,0.5282588026862036
OASIS_2,LinearSVM,13,test,motion__severe,motion,severe,D:\OASIS_2\distortions_128\motion\severe\Mild_Dementia\OAS2_0014\OAS2_0014_slice_13_z141.png,Mild_Dementia/OAS2_0014/OAS2_0014_slice_13_z141.png,Mild Dementia/OAS2_0014/OAS2_0014_slice_13_z141.png,OAS2_0014,Mild Dementia,2,1,Very Mild Dementia,0,-2.547255144363197,4.2647401691995,-3.2441566528610233,0.37885699622785407
OASIS_2,LinearSVM,13,test,motion__severe,motion,severe,D:\OASIS_2\distortions_128\motion\severe\Mild_Dementia\OAS2_0014\OAS2_0014_slice_14_z146.png,Mild_Dementia/OAS2_0014/OAS2_0014_slice_14_z146.png,Mild Dementia/OAS2_0014/OAS2_0014_slice_14_z146.png,OAS2_0014,Mild Dementia,2,1,Very Mild Dementia,0,-0.9943236356455617,2.538824102969821,-1.946652935966939,-0.0027835821884450995
OASIS_2,LinearSVM,13,test,motion__severe,motion,severe,D:\OASIS_2\distortions_128\motion\severe\Mild_Dementia\OAS2_0014\OAS2_0014_slice_15_z151.png,Mild_Dementia/OAS2_0014/OAS2_0014_slice_15_z151.png,Mild Dementia/OAS2_0014/OAS2_0014_slice_15_z151.png,OAS2_0014,Mild Dementia,2,1,Very Mild Dementia,0,-2.6538533093890817,2.6594796834811665,-1.5466470531778702,1.6189394374504156
OASIS_2,LinearSVM,13,test,motion__severe,motion,severe,D:\OASIS_2\distortions_128\motion\severe\Mild_Dementia\OAS2_0014\OAS2_0014_slice_16_z157.png,Mild_Dementia/OAS2_0014/OAS2_0014_slice_16_z157.png,Mild Dementia/OAS2_0014/OAS2_0014_slice_16_z157.png,OAS2_0014,Mild Dementia,2,1,Very Mild Dementia,0,-1.6638291337568059,2.085849464432846,-1.0719473322682234,0.3205863420530026
OASIS_2,LinearSVM,13,test,motion__severe,motion,severe,D:\OASIS_2\distortions_128\motion\severe\Mild_Dementia\OAS2_0014\OAS2_0014_slice_17_z162.png,Mild_Dementia/OAS2_0014/OAS2_0014_slice_17_z162.png,Mild Dementia/OAS2_0014/OAS2_0014_slice_17_z162.png,OAS2_0014,Mild Dementia,2,1,Very Mild Dementia,0,-2.9434392460400454,4.123226264409629,-1.3234933483754694,-0.049682233270638254
OASIS_2,LinearSVM,13,test,motion__severe,motion,severe,D:\OASIS_2\distortions_128\motion\severe\Mild_Dementia\OAS2_0014\OAS2_0014_slice_18_z167.png,Mild_Dementia/OAS2_0014/OAS2_0014_slice_18_z167.png,Mild Dementia/OAS2_0014/OAS2_0014_slice_18_z167.png,OAS2_0014,Mild Dementia,2,1,Very Mild Dementia,0,-3.875939450576952,4.011656117693108,-1.312572584154555,0.6965194925254246
OASIS_2,LinearSVM,13,test,motion__severe,motion,severe,D:\OASIS_2\distortions_128\motion\severe\Mild_Dementia\OAS2_0014\OAS2_0014_slice_19_z173.png,Mild_Dementia/OAS2_0014/OAS2_0014_slice_19_z173.png,Mild Dementia/OAS2_0014/OAS2_0014_slice_19_z173.png,OAS2_0014,Mild Dementia,2,1,Very Mild Dementia,0,-4.17472279846855,3.9363214919425933,-0.1612759118168683,0.49263153738906884
OASIS_2,LinearSVM,13,test,motion__severe,motion,severe,D:\OASIS_2\distortions_128\motion\severe\Mild_Dementia\OAS2_0014\OAS2_0014_slice_20_z178.png,Mild_Dementia/OAS2_0014/OAS2_0014_slice_20_z178.png,Mild Dementia/OAS2_0014/OAS2_0014_slice_20_z178.png,OAS2_0014,Mild Dementia,2,1,Very Mild Dementia,0,-2.787052274080352,2.9730567807868202,-1.0489391062347728,0.5116953355100606
OASIS_2,LinearSVM,13,test,motion__severe,motion,severe,D:\OASIS_2\distortions_128\motion\severe\Mild_Dementia\OAS2_0050\OAS2_0050_slice_01_z077.png,Mild_Dementia/OAS2_0050/OAS2_0050_slice_01_z077.png,Mild Dementia/OAS2_0050/OAS2_0050_slice_01_z077.png,OAS2_0050,Mild Dementia,2,3,Moderate Dementia,0,-0.5479981538574626,0.27902700302524375,-0.6306918223618588,0.3451043721563525
OASIS_2,LinearSVM,13,test,motion__severe,motion,severe,D:\OASIS_2\distortions_128\motion\severe\Mild_Dementia\OAS2_0050\OAS2_0050_slice_02_z082.png,Mild_Dementia/OAS2_0050/OAS2_0050_slice_02_z082.png,Mild Dementia/OAS2_0050/OAS2_0050_slice_02_z082.png,OAS2_0050,Mild Dementia,2,2,Mild Dementia,1,-0.8415947192440495,-0.39238732214043426,0.6760715201438139,-0.2738655491401276
OASIS_2,LinearSVM,13,test,motion__severe,motion,severe,D:\OASIS_2\distortions_128\motion\severe\Mild_Dementia\OAS2_0050\OAS2_0050_slice_03_z088.png,Mild_Dementia/OAS2_0050/OAS2_0050_slice_03_z088.png,Mild Dementia/OAS2_0050/OAS2_0050_slice_03_z088.png,OAS2_0050,Mild Dementia,2,1,Very Mild Dementia,0,-5.373491229070841,5.261351765211588,0.42036402945149254,-0.17300221368241597
OASIS_2,LinearSVM,13,test,motion__severe,motion,severe,D:\OASIS_2\distortions_128\motion\severe\Mild_Dementia\OAS2_0050\OAS2_0050_slice_04_z093.png,Mild_Dementia/OAS2_0050/OAS2_0050_slice_04_z093.png,Mild Dementia/OAS2_0050/OAS2_0050_slice_04_z093.png,OAS2_0050,Mild Dementia,2,1,Very Mild Dementia,0,-8.4167433565541,6.711260969796826,-0.5939512303553236,1.675904255432373
OASIS_2,LinearSVM,13,test,motion__severe,motion,severe,D:\OASIS_2\distortions_128\motion\severe\Mild_Dementia\OAS2_0050\OAS2_0050_slice_05_z098.png,Mild_Dementia/OAS2_0050/OAS2_0050_slice_05_z098.png,Mild Dementia/OAS2_0050/OAS2_0050_slice_05_z098.png,OAS2_0050,Mild Dementia,2,1,Very Mild Dementia,0,-7.793327985483868,5.5436262370025915,-1.0187660334874535,2.8981062036953786
OASIS_2,LinearSVM,13,test,motion__severe,motion,severe,D:\OASIS_2\distortions_128\motion\severe\Mild_Dementia\OAS2_0050\OAS2_0050_slice_06_z104.png,Mild_Dementia/OAS2_0050/OAS2_0050_slice_06_z104.png,Mild Dementia/OAS2_0050/OAS2_0050_slice_06_z104.png,OAS2_0050,Mild Dementia,2,1,Very Mild Dementia,0,-7.019687874757089,7.179883278435125,-1.5063051409923376,1.8724387803648463
OASIS_2,LinearSVM,13,test,motion__severe,motion,severe,D:\OASIS_2\distortions_128\motion\severe\Mild_Dementia\OAS2_0050\OAS2_0050_slice_07_z109.png,Mild_Dementia/OAS2_0050/OAS2_0050_slice_07_z109.png,Mild Dementia/OAS2_0050/OAS2_0050_slice_07_z109.png,OAS2_0050,Mild Dementia,2,1,Very Mild Dementia,0,-4.691902306692644,4.365245711991663,-0.4221328658582729,0.6408190305764223
OASIS_2,LinearSVM,13,test,motion__severe,motion,severe,D:\OASIS_2\distortions_128\motion\severe\Mild_Dementia\OAS2_0050\OAS2_0050_slice_08_z114.png,Mild_Dementia/OAS2_0050/OAS2_0050_slice_08_z114.png,Mild Dementia/OAS2_0050/OAS2_0050_slice_08_z114.png,OAS2_0050,Mild Dementia,2,1,Very Mild Dementia,0,-6.444153380845026,5.956953933313754,-0.021385926020446755,1.2083333337731998
OASIS_2,LinearSVM,13,test,motion__severe,motion,severe,D:\OASIS_2\distortions_128\motion\severe\Mild_Dementia\OAS2_0050\OAS2_0050_slice_09_z120.png,Mild_Dementia/OAS2_0050/OAS2_0050_slice_09_z120.png,Mild Dementia/OAS2_0050/OAS2_0050_slice_09_z120.png,OAS2_0050,Mild Dementia,2,1,Very Mild Dementia,0,-3.8002119638794007,3.021416420756947,0.6679946042922951,0.427904455647687
OASIS_2,LinearSVM,13,test,motion__severe,motion,severe,D:\OASIS_2\distortions_128\motion\severe\Mild_Dementia\OAS2_0050\OAS2_0050_slice_10_z125.png,Mild_Dementia/OAS2_0050/OAS2_0050_slice_10_z125.png,Mild Dementia/OAS2_0050/OAS2_0050_slice_10_z125.png,OAS2_0050,Mild Dementia,2,1,Very Mild Dementia,0,-5.112411476533432,5.836353873191709,-2.51398467394991,1.1891473502904475
OASIS_2,LinearSVM,13,test,motion__severe,motion,severe,D:\OASIS_2\distortions_128\motion\severe\Mild_Dementia\OAS2_0050\OAS2_0050_slice_11_z130.png,Mild_Dementia/OAS2_0050/OAS2_0050_slice_11_z130.png,Mild Dementia/OAS2_0050/OAS2_0050_slice_11_z130.png,OAS2_0050,Mild Dementia,2,1,Very Mild Dementia,0,-5.961264587840523,6.275814223401686,-1.4559353208075458,2.0867241488017028
OASIS_2,LinearSVM,13,test,motion__severe,motion,severe,D:\OASIS_2\distortions_128\motion\severe\Mild_Dementia\OAS2_0050\OAS2_0050_slice_12_z135.png,Mild_Dementia/OAS2_0050/OAS2_0050_slice_12_z135.png,Mild Dementia/OAS2_0050/OAS2_0050_slice_12_z135.png,OAS2_0050,Mild Dementia,2,1,Very Mild Dementia,0,-4.009677889648678,4.7874249290987,-1.6453234171590014,1.6954179598509644
OASIS_2,LinearSVM,13,test,motion__severe,motion,severe,D:\OASIS_2\distortions_128\motion\severe\Mild_Dementia\OAS2_0050\OAS2_0050_slice_13_z141.png,Mild_Dementia/OAS2_0050/OAS2_0050_slice_13_z141.png,Mild Dementia/OAS2_0050/OAS2_0050_slice_13_z141.png,OAS2_0050,Mild Dementia,2,1,Very Mild Dementia,0,-2.8052965798360665,3.5543235338500834,-1.0147917892923035,0.07800042627119375
OASIS_2,LinearSVM,13,test,motion__severe,motion,severe,D:\OASIS_2\distortions_128\motion\severe\Mild_Dementia\OAS2_0050\OAS2_0050_slice_14_z146.png,Mild_Dementia/OAS2_0050/OAS2_0050_slice_14_z146.png,Mild Dementia/OAS2_0050/OAS2_0050_slice_14_z146.png,OAS2_0050,Mild Dementia,2,1,Very Mild Dementia,0,-2.1476871240050017,3.423222082100858,-1.2577014593416485,-0.4598939169291886
OASIS_2,LinearSVM,13,test,motion__severe,motion,severe,D:\OASIS_2\distortions_128\motion\severe\Mild_Dementia\OAS2_0050\OAS2_0050_slice_15_z151.png,Mild_Dementia/OAS2_0050/OAS2_0050_slice_15_z151.png,Mild Dementia/OAS2_0050/OAS2_0050_slice_15_z151.png,OAS2_0050,Mild Dementia,2,1,Very Mild Dementia,0,-4.349394840699048,5.526446422896881,0.11035592910897418,1.7683395390433057
OASIS_2,LinearSVM,13,test,motion__severe,motion,severe,D:\OASIS_2\distortions_128\motion\severe\Mild_Dementia\OAS2_0050\OAS2_0050_slice_16_z157.png,Mild_Dementia/OAS2_0050/OAS2_0050_slice_16_z157.png,Mild Dementia/OAS2_0050/OAS2_0050_slice_16_z157.png,OAS2_0050,Mild Dementia,2,1,Very Mild Dementia,0,-4.106540517783693,8.301637836453093,-2.2415265884206113,-0.3892364274471394
OASIS_2,LinearSVM,13,test,motion__severe,motion,severe,D:\OASIS_2\distortions_128\motion\severe\Mild_Dementia\OAS2_0050\OAS2_0050_slice_17_z162.png,Mild_Dementia/OAS2_0050/OAS2_0050_slice_17_z162.png,Mild Dementia/OAS2_0050/OAS2_0050_slice_17_z162.png,OAS2_0050,Mild Dementia,2,1,Very Mild Dementia,0,-0.09551899647951245,5.621980672528225,-4.634320021873905,0.20968233494296218
OASIS_2,LinearSVM,13,test,motion__severe,motion,severe,D:\OASIS_2\distortions_128\motion\severe\Mild_Dementia\OAS2_0050\OAS2_0050_slice_18_z167.png,Mild_Dementia/OAS2_0050/OAS2_0050_slice_18_z167.png,Mild Dementia/OAS2_0050/OAS2_0050_slice_18_z167.png,OAS2_0050,Mild Dementia,2,1,Very Mild Dementia,0,-1.7351738436492692,4.303670758762767,-1.6803618987783693,0.046679100440929266
OASIS_2,LinearSVM,13,test,motion__severe,motion,severe,D:\OASIS_2\distortions_128\motion\severe\Mild_Dementia\OAS2_0050\OAS2_0050_slice_19_z173.png,Mild_Dementia/OAS2_0050/OAS2_0050_slice_19_z173.png,Mild Dementia/OAS2_0050/OAS2_0050_slice_19_z173.png,OAS2_0050,Mild Dementia,2,1,Very Mild Dementia,0,-2.768111629289304,5.831747420141647,-2.4352334513924276,1.386973918446961
OASIS_2,LinearSVM,13,test,motion__severe,motion,severe,D:\OASIS_2\distortions_128\motion\severe\Mild_Dementia\OAS2_0050\OAS2_0050_slice_20_z178.png,Mild_Dementia/OAS2_0050/OAS2_0050_slice_20_z178.png,Mild Dementia/OAS2_0050/OAS2_0050_slice_20_z178.png,OAS2_0050,Mild Dementia,2,1,Very Mild Dementia,0,-4.793559877410569,6.834959794138391,-1.1184287533967736,1.0196180855190917
OASIS_2,LinearSVM,13,test,motion__severe,motion,severe,D:\OASIS_2\distortions_128\motion\severe\Mild_Dementia\OAS2_0114\OAS2_0114_slice_01_z077.png,Mild_Dementia/OAS2_0114/OAS2_0114_slice_01_z077.png,Mild Dementia/OAS2_0114/OAS2_0114_slice_01_z077.png,OAS2_0114,Mild Dementia,2,1,Very Mild Dementia,0,-3.1557763966282306,1.4203904274422487,-0.18615696708178764,0.6488250279112195
OASIS_2,LinearSVM,13,test,motion__severe,motion,severe,D:\OASIS_2\distortions_128\motion\severe\Mild_Dementia\OAS2_0114\OAS2_0114_slice_02_z082.png,Mild_Dementia/OAS2_0114/OAS2_0114_slice_02_z082.png,Mild Dementia/OAS2_0114/OAS2_0114_slice_02_z082.png,OAS2_0114,Mild Dementia,2,1,Very Mild Dementia,0,-2.1462194452559706,3.231078362308867,-2.685659351467449,1.775391138725798
OASIS_2,LinearSVM,13,test,motion__severe,motion,severe,D:\OASIS_2\distortions_128\motion\severe\Mild_Dementia\OAS2_0114\OAS2_0114_slice_03_z088.png,Mild_Dementia/OAS2_0114/OAS2_0114_slice_03_z088.png,Mild Dementia/OAS2_0114/OAS2_0114_slice_03_z088.png,OAS2_0114,Mild Dementia,2,1,Very Mild Dementia,0,-5.009572034344154,1.8971191667923033,1.2451792083463409,1.3434495484678193
OASIS_2,LinearSVM,13,test,motion__severe,motion,severe,D:\OASIS_2\distortions_128\motion\severe\Mild_Dementia\OAS2_0114\OAS2_0114_slice_04_z093.png,Mild_Dementia/OAS2_0114/OAS2_0114_slice_04_z093.png,Mild Dementia/OAS2_0114/OAS2_0114_slice_04_z093.png,OAS2_0114,Mild Dementia,2,1,Very Mild Dementia,0,-2.889547612749823,3.5391344678148986,-2.4202350716556422,0.2169404683540357
OASIS_2,LinearSVM,13,test,motion__severe,motion,severe,D:\OASIS_2\distortions_128\motion\severe\Mild_Dementia\OAS2_0114\OAS2_0114_slice_05_z098.png,Mild_Dementia/OAS2_0114/OAS2_0114_slice_05_z098.png,Mild Dementia/OAS2_0114/OAS2_0114_slice_05_z098.png,OAS2_0114,Mild Dementia,2,1,Very Mild Dementia,0,-3.9472178444114006,3.3757616095748086,-0.23996048740701137,0.6779912952946456
OASIS_2,LinearSVM,13,test,motion__severe,motion,severe,D:\OASIS_2\distortions_128\motion\severe\Mild_Dementia\OAS2_0114\OAS2_0114_slice_06_z104.png,Mild_Dementia/OAS2_0114/OAS2_0114_slice_06_z104.png,Mild Dementia/OAS2_0114/OAS2_0114_slice_06_z104.png,OAS2_0114,Mild Dementia,2,1,Very Mild Dementia,0,-4.059949607199565,3.5850080864269134,-1.7161754469769694,-0.11321339845076472
OASIS_2,LinearSVM,13,test,motion__severe,motion,severe,D:\OASIS_2\distortions_128\motion\severe\Mild_Dementia\OAS2_0114\OAS2_0114_slice_07_z109.png,Mild_Dementia/OAS2_0114/OAS2_0114_slice_07_z109.png,Mild Dementia/OAS2_0114/OAS2_0114_slice_07_z109.png,OAS2_0114,Mild Dementia,2,1,Very Mild Dementia,0,-2.951163802482306,3.463088441008957,-1.0638126302447741,0.3920575828953543
OASIS_2,LinearSVM,13,test,motion__severe,motion,severe,D:\OASIS_2\distortions_128\motion\severe\Mild_Dementia\OAS2_0114\OAS2_0114_slice_08_z114.png,Mild_Dementia/OAS2_0114/OAS2_0114_slice_08_z114.png,Mild Dementia/OAS2_0114/OAS2_0114_slice_08_z114.png,OAS2_0114,Mild Dementia,2,1,Very Mild Dementia,0,0.023292009683128168,1.436633770792347,-1.5951047124069215,-0.007556975810942168
OASIS_2,LinearSVM,13,test,motion__severe,motion,severe,D:\OASIS_2\distortions_128\motion\severe\Mild_Dementia\OAS2_0114\OAS2_0114_slice_09_z120.png,Mild_Dementia/OAS2_0114/OAS2_0114_slice_09_z120.png,Mild Dementia/OAS2_0114/OAS2_0114_slice_09_z120.png,OAS2_0114,Mild Dementia,2,1,Very Mild Dementia,0,-3.205093476030558,2.8345861544323285,-0.8500540350619281,1.0762229106855647
OASIS_2,LinearSVM,13,test,motion__severe,motion,severe,D:\OASIS_2\distortions_128\motion\severe\Mild_Dementia\OAS2_0114\OAS2_0114_slice_10_z125.png,Mild_Dementia/OAS2_0114/OAS2_0114_slice_10_z125.png,Mild Dementia/OAS2_0114/OAS2_0114_slice_10_z125.png,OAS2_0114,Mild Dementia,2,1,Very Mild Dementia,0,-2.3838546324949696,1.9613493707995817,-0.0855453095691534,0.7767066079764211
OASIS_2,LinearSVM,13,test,motion__severe,motion,severe,D:\OASIS_2\distortions_128\motion\severe\Mild_Dementia\OAS2_0114\OAS2_0114_slice_11_z130.png,Mild_Dementia/OAS2_0114/OAS2_0114_slice_11_z130.png,Mild Dementia/OAS2_0114/OAS2_0114_slice_11_z130.png,OAS2_0114,Mild Dementia,2,1,Very Mild Dementia,0,-3.1463520519107493,3.306825217034606,-1.3218465802739785,0.12431678310754757
OASIS_2,LinearSVM,13,test,motion__severe,motion,severe,D:\OASIS_2\distortions_128\motion\severe\Mild_Dementia\OAS2_0114\OAS2_0114_slice_12_z135.png,Mild_Dementia/OAS2_0114/OAS2_0114_slice_12_z135.png,Mild Dementia/OAS2_0114/OAS2_0114_slice_12_z135.png,OAS2_0114,Mild Dementia,2,1,Very Mild Dementia,0,-3.300987586154371,2.9394587869857625,0.10938299873574109,1.0332816438929415
OASIS_2,LinearSVM,13,test,motion__severe,motion,severe,D:\OASIS_2\distortions_128\motion\severe\Mild_Dementia\OAS2_0114\OAS2_0114_slice_13_z141.png,Mild_Dementia/OAS2_0114/OAS2_0114_slice_13_z141.png,Mild Dementia/OAS2_0114/OAS2_0114_slice_13_z141.png,OAS2_0114,Mild Dementia,2,1,Very Mild Dementia,0,-0.4366087035709802,1.4926181420917308,-2.243182010192082,1.031060891848353
OASIS_2,LinearSVM,13,test,motion__severe,motion,severe,D:\OASIS_2\distortions_128\motion\severe\Mild_Dementia\OAS2_0114\OAS2_0114_slice_14_z146.png,Mild_Dementia/OAS2_0114/OAS2_0114_slice_14_z146.png,Mild Dementia/OAS2_0114/OAS2_0114_slice_14_z146.png,OAS2_0114,Mild Dementia,2,1,Very Mild Dementia,0,-2.718268439359975,4.480436436415394,-1.6887821466259625,0.293826379994637
OASIS_2,LinearSVM,13,test,motion__severe,motion,severe,D:\OASIS_2\distortions_128\motion\severe\Mild_Dementia\OAS2_0114\OAS2_0114_slice_15_z151.png,Mild_Dementia/OAS2_0114/OAS2_0114_slice_15_z151.png,Mild Dementia/OAS2_0114/OAS2_0114_slice_15_z151.png,OAS2_0114,Mild Dementia,2,1,Very Mild Dementia,0,-2.781306878408627,3.3884678102572843,-0.6831569980182786,0.45308326074791383
OASIS_2,LinearSVM,13,test,motion__severe,motion,severe,D:\OASIS_2\distortions_128\motion\severe\Mild_Dementia\OAS2_0114\OAS2_0114_slice_16_z157.png,Mild_Dementia/OAS2_0114/OAS2_0114_slice_16_z157.png,Mild Dementia/OAS2_0114/OAS2_0114_slice_16_z157.png,OAS2_0114,Mild Dementia,2,1,Very Mild Dementia,0,-3.4747905794986305,4.267263456037109,-0.8970378425067795,0.5565612046076134
OASIS_2,LinearSVM,13,test,motion__severe,motion,severe,D:\OASIS_2\distortions_128\motion\severe\Mild_Dementia\OAS2_0114\OAS2_0114_slice_17_z162.png,Mild_Dementia/OAS2_0114/OAS2_0114_slice_17_z162.png,Mild Dementia/OAS2_0114/OAS2_0114_slice_17_z162.png,OAS2_0114,Mild Dementia,2,1,Very Mild Dementia,0,-9.82999953302982,10.107250727115007,-1.3017060279961807,2.2984086975477287
OASIS_2,LinearSVM,13,test,motion__severe,motion,severe,D:\OASIS_2\distortions_128\motion\severe\Mild_Dementia\OAS2_0114\OAS2_0114_slice_18_z167.png,Mild_Dementia/OAS2_0114/OAS2_0114_slice_18_z167.png,Mild Dementia/OAS2_0114/OAS2_0114_slice_18_z167.png,OAS2_0114,Mild Dementia,2,1,Very Mild Dementia,0,-3.567218454129395,3.2111638875893016,0.25294321962871613,-0.24716497001815196
OASIS_2,LinearSVM,13,test,motion__severe,motion,severe,D:\OASIS_2\distortions_128\motion\severe\Mild_Dementia\OAS2_0114\OAS2_0114_slice_19_z173.png,Mild_Dementia/OAS2_0114/OAS2_0114_slice_19_z173.png,Mild Dementia/OAS2_0114/OAS2_0114_slice_19_z173.png,OAS2_0114,Mild Dementia,2,1,Very Mild Dementia,0,-2.3097862503995064,1.905361529821793,-0.4076857768210084,-0.9188119212887487
OASIS_2,LinearSVM,13,test,motion__severe,motion,severe,D:\OASIS_2\distortions_128\motion\severe\Mild_Dementia\OAS2_0114\OAS2_0114_slice_20_z178.png,Mild_Dementia/OAS2_0114/OAS2_0114_slice_20_z178.png,Mild Dementia/OAS2_0114/OAS2_0114_slice_20_z178.png,OAS2_0114,Mild Dementia,2,1,Very Mild Dementia,0,-1.0522708667642964,0.2868875546917632,-0.3287341872483254,-0.8906455033210956
OASIS_2,LinearSVM,13,test,motion__severe,motion,severe,D:\OASIS_2\distortions_128\motion\severe\Moderate_Dementia\OAS2_0120\OAS2_0120_slice_01_z077.png,Moderate_Dementia/OAS2_0120/OAS2_0120_slice_01_z077.png,Moderate Dementia/OAS2_0120/OAS2_0120_slice_01_z077.png,OAS2_0120,Moderate Dementia,3,1,Very Mild Dementia,0,-4.224458006704457,5.08646721586429,-0.8991809092359753,0.23619745362874567
OASIS_2,LinearSVM,13,test,motion__severe,motion,severe,D:\OASIS_2\distortions_128\motion\severe\Moderate_Dementia\OAS2_0120\OAS2_0120_slice_02_z082.png,Moderate_Dementia/OAS2_0120/OAS2_0120_slice_02_z082.png,Moderate Dementia/OAS2_0120/OAS2_0120_slice_02_z082.png,OAS2_0120,Moderate Dementia,3,1,Very Mild Dementia,0,-3.449115129191555,3.2489957985422016,-0.9232961645285499,2.0495615085317547
OASIS_2,LinearSVM,13,test,motion__severe,motion,severe,D:\OASIS_2\distortions_128\motion\severe\Moderate_Dementia\OAS2_0120\OAS2_0120_slice_03_z088.png,Moderate_Dementia/OAS2_0120/OAS2_0120_slice_03_z088.png,Moderate Dementia/OAS2_0120/OAS2_0120_slice_03_z088.png,OAS2_0120,Moderate Dementia,3,1,Very Mild Dementia,0,-2.991808531566617,3.7806862159532413,0.6224505414363704,0.23833734394684036
OASIS_2,LinearSVM,13,test,motion__severe,motion,severe,D:\OASIS_2\distortions_128\motion\severe\Moderate_Dementia\OAS2_0120\OAS2_0120_slice_04_z093.png,Moderate_Dementia/OAS2_0120/OAS2_0120_slice_04_z093.png,Moderate Dementia/OAS2_0120/OAS2_0120_slice_04_z093.png,OAS2_0120,Moderate Dementia,3,1,Very Mild Dementia,0,-3.0369762132764504,2.991322336294235,-1.092489872224204,1.065564041574298
OASIS_2,LinearSVM,13,test,motion__severe,motion,severe,D:\OASIS_2\distortions_128\motion\severe\Moderate_Dementia\OAS2_0120\OAS2_0120_slice_05_z098.png,Moderate_Dementia/OAS2_0120/OAS2_0120_slice_05_z098.png,Moderate Dementia/OAS2_0120/OAS2_0120_slice_05_z098.png,OAS2_0120,Moderate Dementia,3,1,Very Mild Dementia,0,-1.69802522154182,2.7740834561590066,-2.211263469371233,0.9764295325065346
OASIS_2,LinearSVM,13,test,motion__severe,motion,severe,D:\OASIS_2\distortions_128\motion\severe\Moderate_Dementia\OAS2_0120\OAS2_0120_slice_06_z104.png,Moderate_Dementia/OAS2_0120/OAS2_0120_slice_06_z104.png,Moderate Dementia/OAS2_0120/OAS2_0120_slice_06_z104.png,OAS2_0120,Moderate Dementia,3,1,Very Mild Dementia,0,-5.965959472836016,3.6819555463910567,1.2453977031200802,1.7550511592897768
OASIS_2,LinearSVM,13,test,motion__severe,motion,severe,D:\OASIS_2\distortions_128\motion\severe\Moderate_Dementia\OAS2_0120\OAS2_0120_slice_07_z109.png,Moderate_Dementia/OAS2_0120/OAS2_0120_slice_07_z109.png,Moderate Dementia/OAS2_0120/OAS2_0120_slice_07_z109.png,OAS2_0120,Moderate Dementia,3,1,Very Mild Dementia,0,-2.6061977059689467,3.087832691467677,-0.8542136656564089,-0.20069459266831047
OASIS_2,LinearSVM,13,test,motion__severe,motion,severe,D:\OASIS_2\distortions_128\motion\severe\Moderate_Dementia\OAS2_0120\OAS2_0120_slice_08_z114.png,Moderate_Dementia/OAS2_0120/OAS2_0120_slice_08_z114.png,Moderate Dementia/OAS2_0120/OAS2_0120_slice_08_z114.png,OAS2_0120,Moderate Dementia,3,1,Very Mild Dementia,0,-6.212318632985381,4.9857619538325695,0.3204240050553381,1.1689222474058285
OASIS_2,LinearSVM,13,test,motion__severe,motion,severe,D:\OASIS_2\distortions_128\motion\severe\Moderate_Dementia\OAS2_0120\OAS2_0120_slice_09_z120.png,Moderate_Dementia/OAS2_0120/OAS2_0120_slice_09_z120.png,Moderate Dementia/OAS2_0120/OAS2_0120_slice_09_z120.png,OAS2_0120,Moderate Dementia,3,1,Very Mild Dementia,0,-5.268424967327647,4.765339632276457,-0.01969766176615073,0.12969002887861247
OASIS_2,LinearSVM,13,test,motion__severe,motion,severe,D:\OASIS_2\distortions_128\motion\severe\Moderate_Dementia\OAS2_0120\OAS2_0120_slice_10_z125.png,Moderate_Dementia/OAS2_0120/OAS2_0120_slice_10_z125.png,Moderate Dementia/OAS2_0120/OAS2_0120_slice_10_z125.png,OAS2_0120,Moderate Dementia,3,1,Very Mild Dementia,0,-2.3379554092234813,4.581652002617904,-1.7798996501073023,-0.4225958410893783
OASIS_2,LinearSVM,13,test,motion__severe,motion,severe,D:\OASIS_2\distortions_128\motion\severe\Moderate_Dementia\OAS2_0120\OAS2_0120_slice_11_z130.png,Moderate_Dementia/OAS2_0120/OAS2_0120_slice_11_z130.png,Moderate Dementia/OAS2_0120/OAS2_0120_slice_11_z130.png,OAS2_0120,Moderate Dementia,3,1,Very Mild Dementia,0,-1.6435997350930807,3.0870968353767476,-0.6025686926869609,0.30956296356451296
OASIS_2,LinearSVM,13,test,motion__severe,motion,severe,D:\OASIS_2\distortions_128\motion\severe\Moderate_Dementia\OAS2_0120\OAS2_0120_slice_12_z135.png,Moderate_Dementia/OAS2_0120/OAS2_0120_slice_12_z135.png,Moderate Dementia/OAS2_0120/OAS2_0120_slice_12_z135.png,OAS2_0120,Moderate Dementia,3,1,Very Mild Dementia,0,-1.3937751834594216,1.7412248486442226,-1.4004195425509247,-0.28889699647215394
OASIS_2,LinearSVM,13,test,motion__severe,motion,severe,D:\OASIS_2\distortions_128\motion\severe\Moderate_Dementia\OAS2_0120\OAS2_0120_slice_13_z141.png,Moderate_Dementia/OAS2_0120/OAS2_0120_slice_13_z141.png,Moderate Dementia/OAS2_0120/OAS2_0120_slice_13_z141.png,OAS2_0120,Moderate Dementia,3,1,Very Mild Dementia,0,-3.0340753318027587,3.6468704956465468,-1.2156669753055347,0.25264480778666965
OASIS_2,LinearSVM,13,test,motion__severe,motion,severe,D:\OASIS_2\distortions_128\motion\severe\Moderate_Dementia\OAS2_0120\OAS2_0120_slice_14_z146.png,Moderate_Dementia/OAS2_0120/OAS2_0120_slice_14_z146.png,Moderate Dementia/OAS2_0120/OAS2_0120_slice_14_z146.png,OAS2_0120,Moderate Dementia,3,2,Mild Dementia,0,-0.9554796136477174,-1.1196988757989663,1.3848247517108085,0.7556510091066129
OASIS_2,LinearSVM,13,test,motion__severe,motion,severe,D:\OASIS_2\distortions_128\motion\severe\Moderate_Dementia\OAS2_0120\OAS2_0120_slice_15_z151.png,Moderate_Dementia/OAS2_0120/OAS2_0120_slice_15_z151.png,Moderate Dementia/OAS2_0120/OAS2_0120_slice_15_z151.png,OAS2_0120,Moderate Dementia,3,1,Very Mild Dementia,0,-2.64301938615022,3.862494902385448,-1.958481120943753,0.5668127382151917
OASIS_2,LinearSVM,13,test,motion__severe,motion,severe,D:\OASIS_2\distortions_128\motion\severe\Moderate_Dementia\OAS2_0120\OAS2_0120_slice_16_z157.png,Moderate_Dementia/OAS2_0120/OAS2_0120_slice_16_z157.png,Moderate Dementia/OAS2_0120/OAS2_0120_slice_16_z157.png,OAS2_0120,Moderate Dementia,3,1,Very Mild Dementia,0,-2.370745354298074,4.943650498206321,-1.8750355865737347,0.06493344020767788
OASIS_2,LinearSVM,13,test,motion__severe,motion,severe,D:\OASIS_2\distortions_128\motion\severe\Moderate_Dementia\OAS2_0120\OAS2_0120_slice_17_z162.png,Moderate_Dementia/OAS2_0120/OAS2_0120_slice_17_z162.png,Moderate Dementia/OAS2_0120/OAS2_0120_slice_17_z162.png,OAS2_0120,Moderate Dementia,3,1,Very Mild Dementia,0,-2.8188915217971675,3.9422039873338988,-1.1781255536163244,0.21718683732601152
OASIS_2,LinearSVM,13,test,motion__severe,motion,severe,D:\OASIS_2\distortions_128\motion\severe\Moderate_Dementia\OAS2_0120\OAS2_0120_slice_18_z167.png,Moderate_Dementia/OAS2_0120/OAS2_0120_slice_18_z167.png,Moderate Dementia/OAS2_0120/OAS2_0120_slice_18_z167.png,OAS2_0120,Moderate Dementia,3,1,Very Mild Dementia,0,-1.8608039363949849,2.2589821953461815,-0.5339811568120738,0.07620055954577665
OASIS_2,LinearSVM,13,test,motion__severe,motion,severe,D:\OASIS_2\distortions_128\motion\severe\Moderate_Dementia\OAS2_0120\OAS2_0120_slice_19_z173.png,Moderate_Dementia/OAS2_0120/OAS2_0120_slice_19_z173.png,Moderate Dementia/OAS2_0120/OAS2_0120_slice_19_z173.png,OAS2_0120,Moderate Dementia,3,1,Very Mild Dementia,0,-3.7673880382914176,3.557394282078857,-1.1035625482459335,0.23206006099438437
OASIS_2,LinearSVM,13,test,motion__severe,motion,severe,D:\OASIS_2\distortions_128\motion\severe\Moderate_Dementia\OAS2_0120\OAS2_0120_slice_20_z178.png,Moderate_Dementia/OAS2_0120/OAS2_0120_slice_20_z178.png,Moderate Dementia/OAS2_0120/OAS2_0120_slice_20_z178.png,OAS2_0120,Moderate Dementia,3,1,Very Mild Dementia,0,-2.3440751609843065,1.5787971060566215,-0.4969076676199016,0.45497786736817236
OASIS_2,LinearSVM,13,test,motion__severe,motion,severe,D:\OASIS_2\distortions_128\motion\severe\Non_Demented\OAS2_0004\OAS2_0004_slice_01_z077.png,Non_Demented/OAS2_0004/OAS2_0004_slice_01_z077.png,Non-Demented/OAS2_0004/OAS2_0004_slice_01_z077.png,OAS2_0004,Non-Demented,0,1,Very Mild Dementia,0,-1.2958819858957273,2.109041322011335,-1.5734177207857996,-0.4748548832053472
OASIS_2,LinearSVM,13,test,motion__severe,motion,severe,D:\OASIS_2\distortions_128\motion\severe\Non_Demented\OAS2_0004\OAS2_0004_slice_02_z082.png,Non_Demented/OAS2_0004/OAS2_0004_slice_02_z082.png,Non-Demented/OAS2_0004/OAS2_0004_slice_02_z082.png,OAS2_0004,Non-Demented,0,1,Very Mild Dementia,0,-1.4002462333782133,1.471231203464611,-0.6475936645658035,-0.41917130993874596
OASIS_2,LinearSVM,13,test,motion__severe,motion,severe,D:\OASIS_2\distortions_128\motion\severe\Non_Demented\OAS2_0004\OAS2_0004_slice_03_z088.png,Non_Demented/OAS2_0004/OAS2_0004_slice_03_z088.png,Non-Demented/OAS2_0004/OAS2_0004_slice_03_z088.png,OAS2_0004,Non-Demented,0,0,Non-Demented,1,0.10204130568992326,0.056628549436384706,-0.5706438913950015,-0.726508712115234
OASIS_2,LinearSVM,13,test,motion__severe,motion,severe,D:\OASIS_2\distortions_128\motion\severe\Non_Demented\OAS2_0004\OAS2_0004_slice_04_z093.png,Non_Demented/OAS2_0004/OAS2_0004_slice_04_z093.png,Non-Demented/OAS2_0004/OAS2_0004_slice_04_z093.png,OAS2_0004,Non-Demented,0,1,Very Mild Dementia,0,0.0812639577196177,0.21028639396836232,-0.4303960011592945,-0.9418588152460473
OASIS_2,LinearSVM,13,test,motion__severe,motion,severe,D:\OASIS_2\distortions_128\motion\severe\Non_Demented\OAS2_0004\OAS2_0004_slice_05_z098.png,Non_Demented/OAS2_0004/OAS2_0004_slice_05_z098.png,Non-Demented/OAS2_0004/OAS2_0004_slice_05_z098.png,OAS2_0004,Non-Demented,0,1,Very Mild Dementia,0,-1.2371752252823467,1.675028325169155,-0.3409607633618384,-0.10672336576160713
OASIS_2,LinearSVM,13,test,motion__severe,motion,severe,D:\OASIS_2\distortions_128\motion\severe\Non_Demented\OAS2_0004\OAS2_0004_slice_06_z104.png,Non_Demented/OAS2_0004/OAS2_0004_slice_06_z104.png,Non-Demented/OAS2_0004/OAS2_0004_slice_06_z104.png,OAS2_0004,Non-Demented,0,2,Mild Dementia,0,-0.980474789499006,-0.030880469549055573,0.3598096043373835,-0.10812562149444604
OASIS_2,LinearSVM,13,test,motion__severe,motion,severe,D:\OASIS_2\distortions_128\motion\severe\Non_Demented\OAS2_0004\OAS2_0004_slice_07_z109.png,Non_Demented/OAS2_0004/OAS2_0004_slice_07_z109.png,Non-Demented/OAS2_0004/OAS2_0004_slice_07_z109.png,OAS2_0004,Non-Demented,0,1,Very Mild Dementia,0,-0.6392402637011003,0.5177218078913873,0.4768118693515584,-0.7843155920512291
OASIS_2,LinearSVM,13,test,motion__severe,motion,severe,D:\OASIS_2\distortions_128\motion\severe\Non_Demented\OAS2_0004\OAS2_0004_slice_08_z114.png,Non_Demented/OAS2_0004/OAS2_0004_slice_08_z114.png,Non-Demented/OAS2_0004/OAS2_0004_slice_08_z114.png,OAS2_0004,Non-Demented,0,1,Very Mild Dementia,0,-2.566789297124408,3.0621551321523373,-0.10912302371139204,0.13810650518515177
OASIS_2,LinearSVM,13,test,motion__severe,motion,severe,D:\OASIS_2\distortions_128\motion\severe\Non_Demented\OAS2_0004\OAS2_0004_slice_09_z120.png,Non_Demented/OAS2_0004/OAS2_0004_slice_09_z120.png,Non-Demented/OAS2_0004/OAS2_0004_slice_09_z120.png,OAS2_0004,Non-Demented,0,1,Very Mild Dementia,0,-5.882564118012199,6.143271507325243,-0.4932400890559548,0.8912413583275856
OASIS_2,LinearSVM,13,test,motion__severe,motion,severe,D:\OASIS_2\distortions_128\motion\severe\Non_Demented\OAS2_0004\OAS2_0004_slice_10_z125.png,Non_Demented/OAS2_0004/OAS2_0004_slice_10_z125.png,Non-Demented/OAS2_0004/OAS2_0004_slice_10_z125.png,OAS2_0004,Non-Demented,0,1,Very Mild Dementia,0,-5.612711395678542,5.078540546477473,0.02877936590617791,0.31513096362117743
OASIS_2,LinearSVM,13,test,motion__severe,motion,severe,D:\OASIS_2\distortions_128\motion\severe\Non_Demented\OAS2_0004\OAS2_0004_slice_11_z130.png,Non_Demented/OAS2_0004/OAS2_0004_slice_11_z130.png,Non-Demented/OAS2_0004/OAS2_0004_slice_11_z130.png,OAS2_0004,Non-Demented,0,1,Very Mild Dementia,0,-2.1205015753207044,1.8475662733927924,-0.5621597084171479,0.2663657522806684
OASIS_2,LinearSVM,13,test,motion__severe,motion,severe,D:\OASIS_2\distortions_128\motion\severe\Non_Demented\OAS2_0004\OAS2_0004_slice_12_z135.png,Non_Demented/OAS2_0004/OAS2_0004_slice_12_z135.png,Non-Demented/OAS2_0004/OAS2_0004_slice_12_z135.png,OAS2_0004,Non-Demented,0,1,Very Mild Dementia,0,-5.770170340689417,5.887596855107051,-1.6855267862262597,1.5303115139541523
OASIS_2,LinearSVM,13,test,motion__severe,motion,severe,D:\OASIS_2\distortions_128\motion\severe\Non_Demented\OAS2_0004\OAS2_0004_slice_13_z141.png,Non_Demented/OAS2_0004/OAS2_0004_slice_13_z141.png,Non-Demented/OAS2_0004/OAS2_0004_slice_13_z141.png,OAS2_0004,Non-Demented,0,1,Very Mild Dementia,0,-5.6679043362661075,5.3891642463281455,-1.630949411409474,1.1460783526864113
OASIS_2,LinearSVM,13,test,motion__severe,motion,severe,D:\OASIS_2\distortions_128\motion\severe\Non_Demented\OAS2_0004\OAS2_0004_slice_14_z146.png,Non_Demented/OAS2_0004/OAS2_0004_slice_14_z146.png,Non-Demented/OAS2_0004/OAS2_0004_slice_14_z146.png,OAS2_0004,Non-Demented,0,1,Very Mild Dementia,0,-2.422726429312616,4.187724947032285,-2.784039341076965,1.254515818696734
OASIS_2,LinearSVM,13,test,motion__severe,motion,severe,D:\OASIS_2\distortions_128\motion\severe\Non_Demented\OAS2_0004\OAS2_0004_slice_15_z151.png,Non_Demented/OAS2_0004/OAS2_0004_slice_15_z151.png,Non-Demented/OAS2_0004/OAS2_0004_slice_15_z151.png,OAS2_0004,Non-Demented,0,1,Very Mild Dementia,0,-3.172565656031967,4.4620177304632,-2.7899726985075457,0.4524050212941555
OASIS_2,LinearSVM,13,test,motion__severe,motion,severe,D:\OASIS_2\distortions_128\motion\severe\Non_Demented\OAS2_0004\OAS2_0004_slice_16_z157.png,Non_Demented/OAS2_0004/OAS2_0004_slice_16_z157.png,Non-Demented/OAS2_0004/OAS2_0004_slice_16_z157.png,OAS2_0004,Non-Demented,0,1,Very Mild Dementia,0,-5.1516669653893175,5.905352960808631,-1.29419922568034,0.8545981715705646
OASIS_2,LinearSVM,13,test,motion__severe,motion,severe,D:\OASIS_2\distortions_128\motion\severe\Non_Demented\OAS2_0004\OAS2_0004_slice_17_z162.png,Non_Demented/OAS2_0004/OAS2_0004_slice_17_z162.png,Non-Demented/OAS2_0004/OAS2_0004_slice_17_z162.png,OAS2_0004,Non-Demented,0,1,Very Mild Dementia,0,-3.877180351175493,6.095327495229157,-4.039234156995483,1.2000029736925537
OASIS_2,LinearSVM,13,test,motion__severe,motion,severe,D:\OASIS_2\distortions_128\motion\severe\Non_Demented\OAS2_0004\OAS2_0004_slice_18_z167.png,Non_Demented/OAS2_0004/OAS2_0004_slice_18_z167.png,Non-Demented/OAS2_0004/OAS2_0004_slice_18_z167.png,OAS2_0004,Non-Demented,0,1,Very Mild Dementia,0,-5.52426064879981,11.15085332989427,-7.9811598845244,2.6703972140891583
OASIS_2,LinearSVM,13,test,motion__severe,motion,severe,D:\OASIS_2\distortions_128\motion\severe\Non_Demented\OAS2_0004\OAS2_0004_slice_19_z173.png,Non_Demented/OAS2_0004/OAS2_0004_slice_19_z173.png,Non-Demented/OAS2_0004/OAS2_0004_slice_19_z173.png,OAS2_0004,Non-Demented,0,1,Very Mild Dementia,0,-3.292454586835845,3.3162838929453438,0.16777538360132382,0.28326806247706626
OASIS_2,LinearSVM,13,test,motion__severe,motion,severe,D:\OASIS_2\distortions_128\motion\severe\Non_Demented\OAS2_0004\OAS2_0004_slice_20_z178.png,Non_Demented/OAS2_0004/OAS2_0004_slice_20_z178.png,Non-Demented/OAS2_0004/OAS2_0004_slice_20_z178.png,OAS2_0004,Non-Demented,0,1,Very Mild Dementia,0,-4.4866705782331655,3.708419316557175,0.42372361391697866,1.3721077878252332
OASIS_2,LinearSVM,13,test,motion__severe,motion,severe,D:\OASIS_2\distortions_128\motion\severe\Non_Demented\OAS2_0005\OAS2_0005_slice_01_z077.png,Non_Demented/OAS2_0005/OAS2_0005_slice_01_z077.png,Non-Demented/OAS2_0005/OAS2_0005_slice_01_z077.png,OAS2_0005,Non-Demented,0,3,Moderate Dementia,0,0.10353967147244841,-0.25727505273735807,-0.42352825768537516,0.2521199755601473
OASIS_2,LinearSVM,13,test,motion__severe,motion,severe,D:\OASIS_2\distortions_128\motion\severe\Non_Demented\OAS2_0005\OAS2_0005_slice_02_z082.png,Non_Demented/OAS2_0005/OAS2_0005_slice_02_z082.png,Non-Demented/OAS2_0005/OAS2_0005_slice_02_z082.png,OAS2_0005,Non-Demented,0,1,Very Mild Dementia,0,-2.28291698412934,1.9071264343437735,-0.9478313847897395,-0.2719429955985928
OASIS_2,LinearSVM,13,test,motion__severe,motion,severe,D:\OASIS_2\distortions_128\motion\severe\Non_Demented\OAS2_0005\OAS2_0005_slice_03_z088.png,Non_Demented/OAS2_0005/OAS2_0005_slice_03_z088.png,Non-Demented/OAS2_0005/OAS2_0005_slice_03_z088.png,OAS2_0005,Non-Demented,0,1,Very Mild Dementia,0,-3.6154070020438995,2.7901495471296953,-0.7017624377137233,0.47384345666636873
OASIS_2,LinearSVM,13,test,motion__severe,motion,severe,D:\OASIS_2\distortions_128\motion\severe\Non_Demented\OAS2_0005\OAS2_0005_slice_04_z093.png,Non_Demented/OAS2_0005/OAS2_0005_slice_04_z093.png,Non-Demented/OAS2_0005/OAS2_0005_slice_04_z093.png,OAS2_0005,Non-Demented,0,1,Very Mild Dementia,0,-2.182581840057833,1.7056968530682466,-0.8294219383400677,0.677488982676909
OASIS_2,LinearSVM,13,test,motion__severe,motion,severe,D:\OASIS_2\distortions_128\motion\severe\Non_Demented\OAS2_0005\OAS2_0005_slice_05_z098.png,Non_Demented/OAS2_0005/OAS2_0005_slice_05_z098.png,Non-Demented/OAS2_0005/OAS2_0005_slice_05_z098.png,OAS2_0005,Non-Demented,0,1,Very Mild Dementia,0,-1.9745822661692012,3.109249719359749,-1.2822557276569833,-0.47260357853643775
OASIS_2,LinearSVM,13,test,motion__severe,motion,severe,D:\OASIS_2\distortions_128\motion\severe\Non_Demented\OAS2_0005\OAS2_0005_slice_06_z104.png,Non_Demented/OAS2_0005/OAS2_0005_slice_06_z104.png,Non-Demented/OAS2_0005/OAS2_0005_slice_06_z104.png,OAS2_0005,Non-Demented,0,1,Very Mild Dementia,0,-2.0907940907571425,4.001691417958442,-1.4786796035603642,0.23579204000761722
OASIS_2,LinearSVM,13,test,motion__severe,motion,severe,D:\OASIS_2\distortions_128\motion\severe\Non_Demented\OAS2_0005\OAS2_0005_slice_07_z109.png,Non_Demented/OAS2_0005/OAS2_0005_slice_07_z109.png,Non-Demented/OAS2_0005/OAS2_0005_slice_07_z109.png,OAS2_0005,Non-Demented,0,1,Very Mild Dementia,0,-5.495450374059825,9.930580329255609,-4.226889283595769,0.5611438067772831
OASIS_2,LinearSVM,13,test,motion__severe,motion,severe,D:\OASIS_2\distortions_128\motion\severe\Non_Demented\OAS2_0005\OAS2_0005_slice_08_z114.png,Non_Demented/OAS2_0005/OAS2_0005_slice_08_z114.png,Non-Demented/OAS2_0005/OAS2_0005_slice_08_z114.png,OAS2_0005,Non-Demented,0,1,Very Mild Dementia,0,-2.1827288319589977,6.575431693860163,-4.9061202682171094,0.2833642337393092
OASIS_2,LinearSVM,13,test,motion__severe,motion,severe,D:\OASIS_2\distortions_128\motion\severe\Non_Demented\OAS2_0005\OAS2_0005_slice_09_z120.png,Non_Demented/OAS2_0005/OAS2_0005_slice_09_z120.png,Non-Demented/OAS2_0005/OAS2_0005_slice_09_z120.png,OAS2_0005,Non-Demented,0,1,Very Mild Dementia,0,-3.7289611531631306,4.959414826454144,-1.9632795722879461,1.61989993999028
OASIS_2,LinearSVM,13,test,motion__severe,motion,severe,D:\OASIS_2\distortions_128\motion\severe\Non_Demented\OAS2_0005\OAS2_0005_slice_10_z125.png,Non_Demented/OAS2_0005/OAS2_0005_slice_10_z125.png,Non-Demented/OAS2_0005/OAS2_0005_slice_10_z125.png,OAS2_0005,Non-Demented,0,1,Very Mild Dementia,0,-2.6786260921759713,3.9804607338493585,-1.859337550591528,0.539374498730705
OASIS_2,LinearSVM,13,test,motion__severe,motion,severe,D:\OASIS_2\distortions_128\motion\severe\Non_Demented\OAS2_0005\OAS2_0005_slice_11_z130.png,Non_Demented/OAS2_0005/OAS2_0005_slice_11_z130.png,Non-Demented/OAS2_0005/OAS2_0005_slice_11_z130.png,OAS2_0005,Non-Demented,0,1,Very Mild Dementia,0,-4.295149684917173,5.071539854204734,-2.235998149005107,0.8705387182056481
OASIS_2,LinearSVM,13,test,motion__severe,motion,severe,D:\OASIS_2\distortions_128\motion\severe\Non_Demented\OAS2_0005\OAS2_0005_slice_12_z135.png,Non_Demented/OAS2_0005/OAS2_0005_slice_12_z135.png,Non-Demented/OAS2_0005/OAS2_0005_slice_12_z135.png,OAS2_0005,Non-Demented,0,1,Very Mild Dementia,0,-1.6428779457075318,3.0665748085426396,-2.1928816222912375,-0.23688518149578175
OASIS_2,LinearSVM,13,test,motion__severe,motion,severe,D:\OASIS_2\distortions_128\motion\severe\Non_Demented\OAS2_0005\OAS2_0005_slice_13_z141.png,Non_Demented/OAS2_0005/OAS2_0005_slice_13_z141.png,Non-Demented/OAS2_0005/OAS2_0005_slice_13_z141.png,OAS2_0005,Non-Demented,0,1,Very Mild Dementia,0,-3.7942694321826917,4.77533993357524,-2.1839162233029983,0.264133512089304
OASIS_2,LinearSVM,13,test,motion__severe,motion,severe,D:\OASIS_2\distortions_128\motion\severe\Non_Demented\OAS2_0005\OAS2_0005_slice_14_z146.png,Non_Demented/OAS2_0005/OAS2_0005_slice_14_z146.png,Non-Demented/OAS2_0005/OAS2_0005_slice_14_z146.png,OAS2_0005,Non-Demented,0,1,Very Mild Dementia,0,-1.903023512077184,2.3673300788224063,-2.9642587062574206,0.8482036077158521
OASIS_2,LinearSVM,13,test,motion__severe,motion,severe,D:\OASIS_2\distortions_128\motion\severe\Non_Demented\OAS2_0005\OAS2_0005_slice_15_z151.png,Non_Demented/OAS2_0005/OAS2_0005_slice_15_z151.png,Non-Demented/OAS2_0005/OAS2_0005_slice_15_z151.png,OAS2_0005,Non-Demented,0,1,Very Mild Dementia,0,-5.183660798773702,6.277688600316687,-1.7493652706944338,0.5913291951370367
OASIS_2,LinearSVM,13,test,motion__severe,motion,severe,D:\OASIS_2\distortions_128\motion\severe\Non_Demented\OAS2_0005\OAS2_0005_slice_16_z157.png,Non_Demented/OAS2_0005/OAS2_0005_slice_16_z157.png,Non-Demented/OAS2_0005/OAS2_0005_slice_16_z157.png,OAS2_0005,Non-Demented,0,1,Very Mild Dementia,0,-5.943194807520202,6.183454513212597,-0.9997109123852472,0.6154328634223485
OASIS_2,LinearSVM,13,test,motion__severe,motion,severe,D:\OASIS_2\distortions_128\motion\severe\Non_Demented\OAS2_0005\OAS2_0005_slice_17_z162.png,Non_Demented/OAS2_0005/OAS2_0005_slice_17_z162.png,Non-Demented/OAS2_0005/OAS2_0005_slice_17_z162.png,OAS2_0005,Non-Demented,0,1,Very Mild Dementia,0,-2.0742748502574115,2.7678546823854275,-0.45060339487894197,0.18561185154138382
OASIS_2,LinearSVM,13,test,motion__severe,motion,severe,D:\OASIS_2\distortions_128\motion\severe\Non_Demented\OAS2_0005\OAS2_0005_slice_18_z167.png,Non_Demented/OAS2_0005/OAS2_0005_slice_18_z167.png,Non-Demented/OAS2_0005/OAS2_0005_slice_18_z167.png,OAS2_0005,Non-Demented,0,1,Very Mild Dementia,0,-1.198068015478405,2.764370687547655,-1.6135020642942137,-0.4113180625602255
OASIS_2,LinearSVM,13,test,motion__severe,motion,severe,D:\OASIS_2\distortions_128\motion\severe\Non_Demented\OAS2_0005\OAS2_0005_slice_19_z173.png,Non_Demented/OAS2_0005/OAS2_0005_slice_19_z173.png,Non-Demented/OAS2_0005/OAS2_0005_slice_19_z173.png,OAS2_0005,Non-Demented,0,1,Very Mild Dementia,0,-3.028935068183751,3.699523743293978,-1.4553474444545393,-0.3005537633786629
OASIS_2,LinearSVM,13,test,motion__severe,motion,severe,D:\OASIS_2\distortions_128\motion\severe\Non_Demented\OAS2_0005\OAS2_0005_slice_20_z178.png,Non_Demented/OAS2_0005/OAS2_0005_slice_20_z178.png,Non-Demented/OAS2_0005/OAS2_0005_slice_20_z178.png,OAS2_0005,Non-Demented,0,1,Very Mild Dementia,0,-1.4619528231526524,1.6734359222773683,-0.7115787904626947,-1.0213119565249824
OASIS_2,LinearSVM,13,test,motion__severe,motion,severe,D:\OASIS_2\distortions_128\motion\severe\Non_Demented\OAS2_0017\OAS2_0017_slice_01_z077.png,Non_Demented/OAS2_0017/OAS2_0017_slice_01_z077.png,Non-Demented/OAS2_0017/OAS2_0017_slice_01_z077.png,OAS2_0017,Non-Demented,0,1,Very Mild Dementia,0,-2.6154093742595435,1.3503146462294247,0.03882068464176647,0.8387540382755478
OASIS_2,LinearSVM,13,test,motion__severe,motion,severe,D:\OASIS_2\distortions_128\motion\severe\Non_Demented\OAS2_0017\OAS2_0017_slice_02_z082.png,Non_Demented/OAS2_0017/OAS2_0017_slice_02_z082.png,Non-Demented/OAS2_0017/OAS2_0017_slice_02_z082.png,OAS2_0017,Non-Demented,0,1,Very Mild Dementia,0,-2.5163858681349893,1.730068425248474,0.5767602987428497,0.9973851348673071
OASIS_2,LinearSVM,13,test,motion__severe,motion,severe,D:\OASIS_2\distortions_128\motion\severe\Non_Demented\OAS2_0017\OAS2_0017_slice_03_z088.png,Non_Demented/OAS2_0017/OAS2_0017_slice_03_z088.png,Non-Demented/OAS2_0017/OAS2_0017_slice_03_z088.png,OAS2_0017,Non-Demented,0,1,Very Mild Dementia,0,-2.758495556271831,3.684129366871575,-0.8576562270196209,-0.09694637562458364
OASIS_2,LinearSVM,13,test,motion__severe,motion,severe,D:\OASIS_2\distortions_128\motion\severe\Non_Demented\OAS2_0017\OAS2_0017_slice_04_z093.png,Non_Demented/OAS2_0017/OAS2_0017_slice_04_z093.png,Non-Demented/OAS2_0017/OAS2_0017_slice_04_z093.png,OAS2_0017,Non-Demented,0,1,Very Mild Dementia,0,-2.2041368399616297,2.984529329842322,-1.5033917569155886,0.163007059490879
OASIS_2,LinearSVM,13,test,motion__severe,motion,severe,D:\OASIS_2\distortions_128\motion\severe\Non_Demented\OAS2_0017\OAS2_0017_slice_05_z098.png,Non_Demented/OAS2_0017/OAS2_0017_slice_05_z098.png,Non-Demented/OAS2_0017/OAS2_0017_slice_05_z098.png,OAS2_0017,Non-Demented,0,1,Very Mild Dementia,0,-3.470293621076857,4.652105447384465,0.4483568127263282,-0.5148031998697262
OASIS_2,LinearSVM,13,test,motion__severe,motion,severe,D:\OASIS_2\distortions_128\motion\severe\Non_Demented\OAS2_0017\OAS2_0017_slice_06_z104.png,Non_Demented/OAS2_0017/OAS2_0017_slice_06_z104.png,Non-Demented/OAS2_0017/OAS2_0017_slice_06_z104.png,OAS2_0017,Non-Demented,0,1,Very Mild Dementia,0,-2.090332756514334,4.926130059046727,-2.585913689705876,-0.6407826913564524
OASIS_2,LinearSVM,13,test,motion__severe,motion,severe,D:\OASIS_2\distortions_128\motion\severe\Non_Demented\OAS2_0017\OAS2_0017_slice_07_z109.png,Non_Demented/OAS2_0017/OAS2_0017_slice_07_z109.png,Non-Demented/OAS2_0017/OAS2_0017_slice_07_z109.png,OAS2_0017,Non-Demented,0,1,Very Mild Dementia,0,-6.0007384263548,6.277139055332781,-0.4217809638995631,-0.17629173262486242
OASIS_2,LinearSVM,13,test,motion__severe,motion,severe,D:\OASIS_2\distortions_128\motion\severe\Non_Demented\OAS2_0017\OAS2_0017_slice_08_z114.png,Non_Demented/OAS2_0017/OAS2_0017_slice_08_z114.png,Non-Demented/OAS2_0017/OAS2_0017_slice_08_z114.png,OAS2_0017,Non-Demented,0,1,Very Mild Dementia,0,-2.3548489307560656,4.138541570623159,-1.8013862028610037,-0.7379432052430992
OASIS_2,LinearSVM,13,test,motion__severe,motion,severe,D:\OASIS_2\distortions_128\motion\severe\Non_Demented\OAS2_0017\OAS2_0017_slice_09_z120.png,Non_Demented/OAS2_0017/OAS2_0017_slice_09_z120.png,Non-Demented/OAS2_0017/OAS2_0017_slice_09_z120.png,OAS2_0017,Non-Demented,0,1,Very Mild Dementia,0,-2.2337164372653397,3.4364330581559908,-0.939101456776142,-0.21655420567005468
OASIS_2,LinearSVM,13,test,motion__severe,motion,severe,D:\OASIS_2\distortions_128\motion\severe\Non_Demented\OAS2_0017\OAS2_0017_slice_10_z125.png,Non_Demented/OAS2_0017/OAS2_0017_slice_10_z125.png,Non-Demented/OAS2_0017/OAS2_0017_slice_10_z125.png,OAS2_0017,Non-Demented,0,1,Very Mild Dementia,0,-5.457081999173804,8.093915768225791,-2.9519527312039786,0.9675297384514534
OASIS_2,LinearSVM,13,test,motion__severe,motion,severe,D:\OASIS_2\distortions_128\motion\severe\Non_Demented\OAS2_0017\OAS2_0017_slice_11_z130.png,Non_Demented/OAS2_0017/OAS2_0017_slice_11_z130.png,Non-Demented/OAS2_0017/OAS2_0017_slice_11_z130.png,OAS2_0017,Non-Demented,0,1,Very Mild Dementia,0,-3.5300469365976515,5.0953307290001275,-0.5928109300928043,0.09489749218859855
OASIS_2,LinearSVM,13,test,motion__severe,motion,severe,D:\OASIS_2\distortions_128\motion\severe\Non_Demented\OAS2_0017\OAS2_0017_slice_12_z135.png,Non_Demented/OAS2_0017/OAS2_0017_slice_12_z135.png,Non-Demented/OAS2_0017/OAS2_0017_slice_12_z135.png,OAS2_0017,Non-Demented,0,1,Very Mild Dementia,0,-2.112618616291506,4.777094294400181,-3.2710719632850473,1.6122982136123718
OASIS_2,LinearSVM,13,test,motion__severe,motion,severe,D:\OASIS_2\distortions_128\motion\severe\Non_Demented\OAS2_0017\OAS2_0017_slice_13_z141.png,Non_Demented/OAS2_0017/OAS2_0017_slice_13_z141.png,Non-Demented/OAS2_0017/OAS2_0017_slice_13_z141.png,OAS2_0017,Non-Demented,0,1,Very Mild Dementia,0,-3.406980506003222,3.9610028004643794,-0.8779351077470277,0.0029413277654988246
OASIS_2,LinearSVM,13,test,motion__severe,motion,severe,D:\OASIS_2\distortions_128\motion\severe\Non_Demented\OAS2_0017\OAS2_0017_slice_14_z146.png,Non_Demented/OAS2_0017/OAS2_0017_slice_14_z146.png,Non-Demented/OAS2_0017/OAS2_0017_slice_14_z146.png,OAS2_0017,Non-Demented,0,1,Very Mild Dementia,0,-1.617238169499418,6.144491399796969,-4.363624803865034,-1.1066817489178833
OASIS_2,LinearSVM,13,test,motion__severe,motion,severe,D:\OASIS_2\distortions_128\motion\severe\Non_Demented\OAS2_0017\OAS2_0017_slice_15_z151.png,Non_Demented/OAS2_0017/OAS2_0017_slice_15_z151.png,Non-Demented/OAS2_0017/OAS2_0017_slice_15_z151.png,OAS2_0017,Non-Demented,0,1,Very Mild Dementia,0,-3.5794010545001975,3.4277451109262222,-0.17185390923279775,0.7190304472237481
OASIS_2,LinearSVM,13,test,motion__severe,motion,severe,D:\OASIS_2\distortions_128\motion\severe\Non_Demented\OAS2_0017\OAS2_0017_slice_16_z157.png,Non_Demented/OAS2_0017/OAS2_0017_slice_16_z157.png,Non-Demented/OAS2_0017/OAS2_0017_slice_16_z157.png,OAS2_0017,Non-Demented,0,1,Very Mild Dementia,0,-1.988653087564864,3.7255544069262547,-0.9618643755711187,0.3796370392350006
OASIS_2,LinearSVM,13,test,motion__severe,motion,severe,D:\OASIS_2\distortions_128\motion\severe\Non_Demented\OAS2_0017\OAS2_0017_slice_17_z162.png,Non_Demented/OAS2_0017/OAS2_0017_slice_17_z162.png,Non-Demented/OAS2_0017/OAS2_0017_slice_17_z162.png,OAS2_0017,Non-Demented,0,1,Very Mild Dementia,0,-3.791826864478698,6.5873453387345515,-3.952362003138905,0.837836998132264
OASIS_2,LinearSVM,13,test,motion__severe,motion,severe,D:\OASIS_2\distortions_128\motion\severe\Non_Demented\OAS2_0017\OAS2_0017_slice_18_z167.png,Non_Demented/OAS2_0017/OAS2_0017_slice_18_z167.png,Non-Demented/OAS2_0017/OAS2_0017_slice_18_z167.png,OAS2_0017,Non-Demented,0,1,Very Mild Dementia,0,-3.77826327078638,4.600179600295989,-1.175307929337165,-0.6947243515281313
OASIS_2,LinearSVM,13,test,motion__severe,motion,severe,D:\OASIS_2\distortions_128\motion\severe\Non_Demented\OAS2_0017\OAS2_0017_slice_19_z173.png,Non_Demented/OAS2_0017/OAS2_0017_slice_19_z173.png,Non-Demented/OAS2_0017/OAS2_0017_slice_19_z173.png,OAS2_0017,Non-Demented,0,1,Very Mild Dementia,0,-3.7929663451207145,3.2846066910116645,-0.6681936310113736,0.9502810684246916
OASIS_2,LinearSVM,13,test,motion__severe,motion,severe,D:\OASIS_2\distortions_128\motion\severe\Non_Demented\OAS2_0017\OAS2_0017_slice_20_z178.png,Non_Demented/OAS2_0017/OAS2_0017_slice_20_z178.png,Non-Demented/OAS2_0017/OAS2_0017_slice_20_z178.png,OAS2_0017,Non-Demented,0,1,Very Mild Dementia,0,-4.215888480399574,4.222943225012687,-1.9629506349940085,0.8768381705238635
OASIS_2,LinearSVM,13,test,motion__severe,motion,severe,D:\OASIS_2\distortions_128\motion\severe\Non_Demented\OAS2_0036\OAS2_0036_slice_01_z077.png,Non_Demented/OAS2_0036/OAS2_0036_slice_01_z077.png,Non-Demented/OAS2_0036/OAS2_0036_slice_01_z077.png,OAS2_0036,Non-Demented,0,1,Very Mild Dementia,0,-4.750154589435963,3.502552014120878,1.1101026755093395,1.4569303355255507
OASIS_2,LinearSVM,13,test,motion__severe,motion,severe,D:\OASIS_2\distortions_128\motion\severe\Non_Demented\OAS2_0036\OAS2_0036_slice_02_z082.png,Non_Demented/OAS2_0036/OAS2_0036_slice_02_z082.png,Non-Demented/OAS2_0036/OAS2_0036_slice_02_z082.png,OAS2_0036,Non-Demented,0,1,Very Mild Dementia,0,-4.553513728340738,3.559747513968396,1.6209767503912318,0.19784177267128356
OASIS_2,LinearSVM,13,test,motion__severe,motion,severe,D:\OASIS_2\distortions_128\motion\severe\Non_Demented\OAS2_0036\OAS2_0036_slice_03_z088.png,Non_Demented/OAS2_0036/OAS2_0036_slice_03_z088.png,Non-Demented/OAS2_0036/OAS2_0036_slice_03_z088.png,OAS2_0036,Non-Demented,0,1,Very Mild Dementia,0,-4.988770033732074,5.839926238679417,-2.7103878002079362,2.296629317955829
OASIS_2,LinearSVM,13,test,motion__severe,motion,severe,D:\OASIS_2\distortions_128\motion\severe\Non_Demented\OAS2_0036\OAS2_0036_slice_04_z093.png,Non_Demented/OAS2_0036/OAS2_0036_slice_04_z093.png,Non-Demented/OAS2_0036/OAS2_0036_slice_04_z093.png,OAS2_0036,Non-Demented,0,1,Very Mild Dementia,0,-3.698193903441578,3.1164348671365643,-0.47597027303493433,1.536963876344133
OASIS_2,LinearSVM,13,test,motion__severe,motion,severe,D:\OASIS_2\distortions_128\motion\severe\Non_Demented\OAS2_0036\OAS2_0036_slice_05_z098.png,Non_Demented/OAS2_0036/OAS2_0036_slice_05_z098.png,Non-Demented/OAS2_0036/OAS2_0036_slice_05_z098.png,OAS2_0036,Non-Demented,0,1,Very Mild Dementia,0,-4.6606728184845405,2.9068544733118213,0.09016361448965937,1.425005981618051
OASIS_2,LinearSVM,13,test,motion__severe,motion,severe,D:\OASIS_2\distortions_128\motion\severe\Non_Demented\OAS2_0036\OAS2_0036_slice_06_z104.png,Non_Demented/OAS2_0036/OAS2_0036_slice_06_z104.png,Non-Demented/OAS2_0036/OAS2_0036_slice_06_z104.png,OAS2_0036,Non-Demented,0,1,Very Mild Dementia,0,-4.884011977992634,4.17636813837039,-1.427039655544391,1.177639374571139
OASIS_2,LinearSVM,13,test,motion__severe,motion,severe,D:\OASIS_2\distortions_128\motion\severe\Non_Demented\OAS2_0036\OAS2_0036_slice_07_z109.png,Non_Demented/OAS2_0036/OAS2_0036_slice_07_z109.png,Non-Demented/OAS2_0036/OAS2_0036_slice_07_z109.png,OAS2_0036,Non-Demented,0,1,Very Mild Dementia,0,-4.824463228670989,4.102984594718363,-0.9802888466434234,0.7987575522359285
OASIS_2,LinearSVM,13,test,motion__severe,motion,severe,D:\OASIS_2\distortions_128\motion\severe\Non_Demented\OAS2_0036\OAS2_0036_slice_08_z114.png,Non_Demented/OAS2_0036/OAS2_0036_slice_08_z114.png,Non-Demented/OAS2_0036/OAS2_0036_slice_08_z114.png,OAS2_0036,Non-Demented,0,1,Very Mild Dementia,0,-3.4894345980966524,4.7972973172747375,-2.6081897107478342,0.8701209642850054
OASIS_2,LinearSVM,13,test,motion__severe,motion,severe,D:\OASIS_2\distortions_128\motion\severe\Non_Demented\OAS2_0036\OAS2_0036_slice_09_z120.png,Non_Demented/OAS2_0036/OAS2_0036_slice_09_z120.png,Non-Demented/OAS2_0036/OAS2_0036_slice_09_z120.png,OAS2_0036,Non-Demented,0,1,Very Mild Dementia,0,-6.847386350378524,3.2821784518691675,1.401241227176664,1.535368971717027
OASIS_2,LinearSVM,13,test,motion__severe,motion,severe,D:\OASIS_2\distortions_128\motion\severe\Non_Demented\OAS2_0036\OAS2_0036_slice_10_z125.png,Non_Demented/OAS2_0036/OAS2_0036_slice_10_z125.png,Non-Demented/OAS2_0036/OAS2_0036_slice_10_z125.png,OAS2_0036,Non-Demented,0,1,Very Mild Dementia,0,-5.694013509735985,7.418895417041738,-1.6286091419638056,0.6737299713283786
OASIS_2,LinearSVM,13,test,motion__severe,motion,severe,D:\OASIS_2\distortions_128\motion\severe\Non_Demented\OAS2_0036\OAS2_0036_slice_11_z130.png,Non_Demented/OAS2_0036/OAS2_0036_slice_11_z130.png,Non-Demented/OAS2_0036/OAS2_0036_slice_11_z130.png,OAS2_0036,Non-Demented,0,1,Very Mild Dementia,0,-3.778173653722099,2.07459651207615,1.0311352559088534,0.9108932839300401
OASIS_2,LinearSVM,13,test,motion__severe,motion,severe,D:\OASIS_2\distortions_128\motion\severe\Non_Demented\OAS2_0036\OAS2_0036_slice_12_z135.png,Non_Demented/OAS2_0036/OAS2_0036_slice_12_z135.png,Non-Demented/OAS2_0036/OAS2_0036_slice_12_z135.png,OAS2_0036,Non-Demented,0,1,Very Mild Dementia,0,-5.476797737185463,6.199077741975619,-0.2365161191201744,1.1964682761050063
OASIS_2,LinearSVM,13,test,motion__severe,motion,severe,D:\OASIS_2\distortions_128\motion\severe\Non_Demented\OAS2_0036\OAS2_0036_slice_13_z141.png,Non_Demented/OAS2_0036/OAS2_0036_slice_13_z141.png,Non-Demented/OAS2_0036/OAS2_0036_slice_13_z141.png,OAS2_0036,Non-Demented,0,1,Very Mild Dementia,0,-3.838790650627798,3.723610776421429,-0.2197548878969129,-0.01628795074105638
OASIS_2,LinearSVM,13,test,motion__severe,motion,severe,D:\OASIS_2\distortions_128\motion\severe\Non_Demented\OAS2_0036\OAS2_0036_slice_14_z146.png,Non_Demented/OAS2_0036/OAS2_0036_slice_14_z146.png,Non-Demented/OAS2_0036/OAS2_0036_slice_14_z146.png,OAS2_0036,Non-Demented,0,1,Very Mild Dementia,0,-5.314889591264545,6.090717652121478,-1.1628054517227477,1.6481650670120254
OASIS_2,LinearSVM,13,test,motion__severe,motion,severe,D:\OASIS_2\distortions_128\motion\severe\Non_Demented\OAS2_0036\OAS2_0036_slice_15_z151.png,Non_Demented/OAS2_0036/OAS2_0036_slice_15_z151.png,Non-Demented/OAS2_0036/OAS2_0036_slice_15_z151.png,OAS2_0036,Non-Demented,0,1,Very Mild Dementia,0,-1.6098007491378978,3.1461480680072573,-1.8680687077331959,0.8374831823244431
OASIS_2,LinearSVM,13,test,motion__severe,motion,severe,D:\OASIS_2\distortions_128\motion\severe\Non_Demented\OAS2_0036\OAS2_0036_slice_16_z157.png,Non_Demented/OAS2_0036/OAS2_0036_slice_16_z157.png,Non-Demented/OAS2_0036/OAS2_0036_slice_16_z157.png,OAS2_0036,Non-Demented,0,1,Very Mild Dementia,0,-7.423473078233885,7.2416008375567165,-0.9802389318497898,0.9956073279577196
OASIS_2,LinearSVM,13,test,motion__severe,motion,severe,D:\OASIS_2\distortions_128\motion\severe\Non_Demented\OAS2_0036\OAS2_0036_slice_17_z162.png,Non_Demented/OAS2_0036/OAS2_0036_slice_17_z162.png,Non-Demented/OAS2_0036/OAS2_0036_slice_17_z162.png,OAS2_0036,Non-Demented,0,1,Very Mild Dementia,0,-6.214143494857578,5.176099095921551,-0.9116579809766088,1.8129584095742035
OASIS_2,LinearSVM,13,test,motion__severe,motion,severe,D:\OASIS_2\distortions_128\motion\severe\Non_Demented\OAS2_0036\OAS2_0036_slice_18_z167.png,Non_Demented/OAS2_0036/OAS2_0036_slice_18_z167.png,Non-Demented/OAS2_0036/OAS2_0036_slice_18_z167.png,OAS2_0036,Non-Demented,0,1,Very Mild Dementia,0,-5.319517453496802,3.74332014830444,0.886066160812581,1.0272527231831785
OASIS_2,LinearSVM,13,test,motion__severe,motion,severe,D:\OASIS_2\distortions_128\motion\severe\Non_Demented\OAS2_0036\OAS2_0036_slice_19_z173.png,Non_Demented/OAS2_0036/OAS2_0036_slice_19_z173.png,Non-Demented/OAS2_0036/OAS2_0036_slice_19_z173.png,OAS2_0036,Non-Demented,0,1,Very Mild Dementia,0,-2.0868810997712868,2.7760017946500337,-2.307553978226073,0.6170802377268163
OASIS_2,LinearSVM,13,test,motion__severe,motion,severe,D:\OASIS_2\distortions_128\motion\severe\Non_Demented\OAS2_0036\OAS2_0036_slice_20_z178.png,Non_Demented/OAS2_0036/OAS2_0036_slice_20_z178.png,Non-Demented/OAS2_0036/OAS2_0036_slice_20_z178.png,OAS2_0036,Non-Demented,0,1,Very Mild Dementia,0,-5.2329601577697105,5.7440932428631335,-1.0767806634224926,1.2271035464490496
OASIS_2,LinearSVM,13,test,motion__severe,motion,severe,D:\OASIS_2\distortions_128\motion\severe\Non_Demented\OAS2_0067\OAS2_0067_slice_01_z077.png,Non_Demented/OAS2_0067/OAS2_0067_slice_01_z077.png,Non-Demented/OAS2_0067/OAS2_0067_slice_01_z077.png,OAS2_0067,Non-Demented,0,1,Very Mild Dementia,0,-2.9489539095007027,1.7250863194959947,1.1730545612968497,-0.06537180646473784
OASIS_2,LinearSVM,13,test,motion__severe,motion,severe,D:\OASIS_2\distortions_128\motion\severe\Non_Demented\OAS2_0067\OAS2_0067_slice_02_z082.png,Non_Demented/OAS2_0067/OAS2_0067_slice_02_z082.png,Non-Demented/OAS2_0067/OAS2_0067_slice_02_z082.png,OAS2_0067,Non-Demented,0,1,Very Mild Dementia,0,-3.190761982486976,2.198460619988771,-0.06119139247072025,0.07313643070361198
OASIS_2,LinearSVM,13,test,motion__severe,motion,severe,D:\OASIS_2\distortions_128\motion\severe\Non_Demented\OAS2_0067\OAS2_0067_slice_03_z088.png,Non_Demented/OAS2_0067/OAS2_0067_slice_03_z088.png,Non-Demented/OAS2_0067/OAS2_0067_slice_03_z088.png,OAS2_0067,Non-Demented,0,1,Very Mild Dementia,0,-2.8098212142631467,3.389168635265803,0.39493818712537476,0.38216125246513855
OASIS_2,LinearSVM,13,test,motion__severe,motion,severe,D:\OASIS_2\distortions_128\motion\severe\Non_Demented\OAS2_0067\OAS2_0067_slice_04_z093.png,Non_Demented/OAS2_0067/OAS2_0067_slice_04_z093.png,Non-Demented/OAS2_0067/OAS2_0067_slice_04_z093.png,OAS2_0067,Non-Demented,0,1,Very Mild Dementia,0,-2.9340451763808484,1.6902122574273817,1.1474627638333803,1.3014108467592003
OASIS_2,LinearSVM,13,test,motion__severe,motion,severe,D:\OASIS_2\distortions_128\motion\severe\Non_Demented\OAS2_0067\OAS2_0067_slice_05_z098.png,Non_Demented/OAS2_0067/OAS2_0067_slice_05_z098.png,Non-Demented/OAS2_0067/OAS2_0067_slice_05_z098.png,OAS2_0067,Non-Demented,0,2,Mild Dementia,0,-0.9164892151379413,-0.5858975827272226,0.4380776252350438,-0.22257132494726506
OASIS_2,LinearSVM,13,test,motion__severe,motion,severe,D:\OASIS_2\distortions_128\motion\severe\Non_Demented\OAS2_0067\OAS2_0067_slice_06_z104.png,Non_Demented/OAS2_0067/OAS2_0067_slice_06_z104.png,Non-Demented/OAS2_0067/OAS2_0067_slice_06_z104.png,OAS2_0067,Non-Demented,0,1,Very Mild Dementia,0,-5.24272136941697,7.420427781607126,-3.169968241386261,0.9358840753670123
OASIS_2,LinearSVM,13,test,motion__severe,motion,severe,D:\OASIS_2\distortions_128\motion\severe\Non_Demented\OAS2_0067\OAS2_0067_slice_07_z109.png,Non_Demented/OAS2_0067/OAS2_0067_slice_07_z109.png,Non-Demented/OAS2_0067/OAS2_0067_slice_07_z109.png,OAS2_0067,Non-Demented,0,1,Very Mild Dementia,0,-3.6987312328494935,4.4629528480173555,-1.265299921005434,0.43856070703842676
OASIS_2,LinearSVM,13,test,motion__severe,motion,severe,D:\OASIS_2\distortions_128\motion\severe\Non_Demented\OAS2_0067\OAS2_0067_slice_08_z114.png,Non_Demented/OAS2_0067/OAS2_0067_slice_08_z114.png,Non-Demented/OAS2_0067/OAS2_0067_slice_08_z114.png,OAS2_0067,Non-Demented,0,3,Moderate Dementia,0,-4.6059881936059455,1.9724709301434349,0.8723862645091978,2.000828576726499
OASIS_2,LinearSVM,13,test,motion__severe,motion,severe,D:\OASIS_2\distortions_128\motion\severe\Non_Demented\OAS2_0067\OAS2_0067_slice_09_z120.png,Non_Demented/OAS2_0067/OAS2_0067_slice_09_z120.png,Non-Demented/OAS2_0067/OAS2_0067_slice_09_z120.png,OAS2_0067,Non-Demented,0,1,Very Mild Dementia,0,-2.106574335511652,3.213485292171669,-2.299333774249501,1.3802458375916826
OASIS_2,LinearSVM,13,test,motion__severe,motion,severe,D:\OASIS_2\distortions_128\motion\severe\Non_Demented\OAS2_0067\OAS2_0067_slice_10_z125.png,Non_Demented/OAS2_0067/OAS2_0067_slice_10_z125.png,Non-Demented/OAS2_0067/OAS2_0067_slice_10_z125.png,OAS2_0067,Non-Demented,0,1,Very Mild Dementia,0,-3.199543337432852,4.653830829561218,0.3914866574699596,-1.2428588957725886
OASIS_2,LinearSVM,13,test,motion__severe,motion,severe,D:\OASIS_2\distortions_128\motion\severe\Non_Demented\OAS2_0067\OAS2_0067_slice_11_z130.png,Non_Demented/OAS2_0067/OAS2_0067_slice_11_z130.png,Non-Demented/OAS2_0067/OAS2_0067_slice_11_z130.png,OAS2_0067,Non-Demented,0,1,Very Mild Dementia,0,-3.2735232108403927,4.652270648799616,-2.4359019450257966,0.16271239224760548
OASIS_2,LinearSVM,13,test,motion__severe,motion,severe,D:\OASIS_2\distortions_128\motion\severe\Non_Demented\OAS2_0067\OAS2_0067_slice_12_z135.png,Non_Demented/OAS2_0067/OAS2_0067_slice_12_z135.png,Non-Demented/OAS2_0067/OAS2_0067_slice_12_z135.png,OAS2_0067,Non-Demented,0,1,Very Mild Dementia,0,-5.611532332186432,4.765394608858807,-0.7593479353847513,1.1658995793711435
OASIS_2,LinearSVM,13,test,motion__severe,motion,severe,D:\OASIS_2\distortions_128\motion\severe\Non_Demented\OAS2_0067\OAS2_0067_slice_13_z141.png,Non_Demented/OAS2_0067/OAS2_0067_slice_13_z141.png,Non-Demented/OAS2_0067/OAS2_0067_slice_13_z141.png,OAS2_0067,Non-Demented,0,1,Very Mild Dementia,0,-6.47494530007156,9.732596917126587,-3.2133101051132114,0.895819136236518
OASIS_2,LinearSVM,13,test,motion__severe,motion,severe,D:\OASIS_2\distortions_128\motion\severe\Non_Demented\OAS2_0067\OAS2_0067_slice_14_z146.png,Non_Demented/OAS2_0067/OAS2_0067_slice_14_z146.png,Non-Demented/OAS2_0067/OAS2_0067_slice_14_z146.png,OAS2_0067,Non-Demented,0,1,Very Mild Dementia,0,-0.6034115900741056,3.262811020583017,-2.9723962831824142,-0.46290400776788165
OASIS_2,LinearSVM,13,test,motion__severe,motion,severe,D:\OASIS_2\distortions_128\motion\severe\Non_Demented\OAS2_0067\OAS2_0067_slice_15_z151.png,Non_Demented/OAS2_0067/OAS2_0067_slice_15_z151.png,Non-Demented/OAS2_0067/OAS2_0067_slice_15_z151.png,OAS2_0067,Non-Demented,0,3,Moderate Dementia,0,-2.186467232075501,0.19145739862220293,0.8776684710852536,2.4535745937435935
OASIS_2,LinearSVM,13,test,motion__severe,motion,severe,D:\OASIS_2\distortions_128\motion\severe\Non_Demented\OAS2_0067\OAS2_0067_slice_16_z157.png,Non_Demented/OAS2_0067/OAS2_0067_slice_16_z157.png,Non-Demented/OAS2_0067/OAS2_0067_slice_16_z157.png,OAS2_0067,Non-Demented,0,1,Very Mild Dementia,0,-3.3825449446108853,4.527572966301068,-1.2379352658354923,-0.321847935483363
OASIS_2,LinearSVM,13,test,motion__severe,motion,severe,D:\OASIS_2\distortions_128\motion\severe\Non_Demented\OAS2_0067\OAS2_0067_slice_17_z162.png,Non_Demented/OAS2_0067/OAS2_0067_slice_17_z162.png,Non-Demented/OAS2_0067/OAS2_0067_slice_17_z162.png,OAS2_0067,Non-Demented,0,1,Very Mild Dementia,0,-2.0956661607414855,2.531223335422627,-2.757764796770787,1.9109596327082077
OASIS_2,LinearSVM,13,test,motion__severe,motion,severe,D:\OASIS_2\distortions_128\motion\severe\Non_Demented\OAS2_0067\OAS2_0067_slice_18_z167.png,Non_Demented/OAS2_0067/OAS2_0067_slice_18_z167.png,Non-Demented/OAS2_0067/OAS2_0067_slice_18_z167.png,OAS2_0067,Non-Demented,0,1,Very Mild Dementia,0,-1.3166860872633896,4.045451046966954,-4.0613111397078345,0.05245614454790437
OASIS_2,LinearSVM,13,test,motion__severe,motion,severe,D:\OASIS_2\distortions_128\motion\severe\Non_Demented\OAS2_0067\OAS2_0067_slice_19_z173.png,Non_Demented/OAS2_0067/OAS2_0067_slice_19_z173.png,Non-Demented/OAS2_0067/OAS2_0067_slice_19_z173.png,OAS2_0067,Non-Demented,0,1,Very Mild Dementia,0,-1.9527377113328273,3.654967744837242,-2.548870062375551,-0.15887496446201
OASIS_2,LinearSVM,13,test,motion__severe,motion,severe,D:\OASIS_2\distortions_128\motion\severe\Non_Demented\OAS2_0067\OAS2_0067_slice_20_z178.png,Non_Demented/OAS2_0067/OAS2_0067_slice_20_z178.png,Non-Demented/OAS2_0067/OAS2_0067_slice_20_z178.png,OAS2_0067,Non-Demented,0,1,Very Mild Dementia,0,-1.4237251864941451,2.7730791135958017,-1.5639199496688314,-0.40955085276621817
OASIS_2,LinearSVM,13,test,motion__severe,motion,severe,D:\OASIS_2\distortions_128\motion\severe\Non_Demented\OAS2_0069\OAS2_0069_slice_01_z077.png,Non_Demented/OAS2_0069/OAS2_0069_slice_01_z077.png,Non-Demented/OAS2_0069/OAS2_0069_slice_01_z077.png,OAS2_0069,Non-Demented,0,1,Very Mild Dementia,0,-5.401696990667131,6.510724470277927,-0.1473081610417974,1.518321176450876
OASIS_2,LinearSVM,13,test,motion__severe,motion,severe,D:\OASIS_2\distortions_128\motion\severe\Non_Demented\OAS2_0069\OAS2_0069_slice_02_z082.png,Non_Demented/OAS2_0069/OAS2_0069_slice_02_z082.png,Non-Demented/OAS2_0069/OAS2_0069_slice_02_z082.png,OAS2_0069,Non-Demented,0,1,Very Mild Dementia,0,-6.679986709877171,6.6525443496014045,-0.7356230393667481,1.7003454941056986
OASIS_2,LinearSVM,13,test,motion__severe,motion,severe,D:\OASIS_2\distortions_128\motion\severe\Non_Demented\OAS2_0069\OAS2_0069_slice_03_z088.png,Non_Demented/OAS2_0069/OAS2_0069_slice_03_z088.png,Non-Demented/OAS2_0069/OAS2_0069_slice_03_z088.png,OAS2_0069,Non-Demented,0,1,Very Mild Dementia,0,-2.7481619932781536,4.462312022194001,-2.8868591126199075,0.5384943187059203
OASIS_2,LinearSVM,13,test,motion__severe,motion,severe,D:\OASIS_2\distortions_128\motion\severe\Non_Demented\OAS2_0069\OAS2_0069_slice_04_z093.png,Non_Demented/OAS2_0069/OAS2_0069_slice_04_z093.png,Non-Demented/OAS2_0069/OAS2_0069_slice_04_z093.png,OAS2_0069,Non-Demented,0,1,Very Mild Dementia,0,-3.145750373431786,6.773496459732276,-4.721392699642013,1.02743096645065
OASIS_2,LinearSVM,13,test,motion__severe,motion,severe,D:\OASIS_2\distortions_128\motion\severe\Non_Demented\OAS2_0069\OAS2_0069_slice_05_z098.png,Non_Demented/OAS2_0069/OAS2_0069_slice_05_z098.png,Non-Demented/OAS2_0069/OAS2_0069_slice_05_z098.png,OAS2_0069,Non-Demented,0,1,Very Mild Dementia,0,-2.261093560480256,1.397624697358546,0.06913485794002683,0.17997030584089768
OASIS_2,LinearSVM,13,test,motion__severe,motion,severe,D:\OASIS_2\distortions_128\motion\severe\Non_Demented\OAS2_0069\OAS2_0069_slice_06_z104.png,Non_Demented/OAS2_0069/OAS2_0069_slice_06_z104.png,Non-Demented/OAS2_0069/OAS2_0069_slice_06_z104.png,OAS2_0069,Non-Demented,0,1,Very Mild Dementia,0,-4.593007582836347,4.6136263425814334,-0.6179222482343488,0.20429458157958602
OASIS_2,LinearSVM,13,test,motion__severe,motion,severe,D:\OASIS_2\distortions_128\motion\severe\Non_Demented\OAS2_0069\OAS2_0069_slice_07_z109.png,Non_Demented/OAS2_0069/OAS2_0069_slice_07_z109.png,Non-Demented/OAS2_0069/OAS2_0069_slice_07_z109.png,OAS2_0069,Non-Demented,0,1,Very Mild Dementia,0,-2.8412520978045004,7.035947136125143,-5.851495933210842,0.7440682994038963
OASIS_2,LinearSVM,13,test,motion__severe,motion,severe,D:\OASIS_2\distortions_128\motion\severe\Non_Demented\OAS2_0069\OAS2_0069_slice_08_z114.png,Non_Demented/OAS2_0069/OAS2_0069_slice_08_z114.png,Non-Demented/OAS2_0069/OAS2_0069_slice_08_z114.png,OAS2_0069,Non-Demented,0,1,Very Mild Dementia,0,-1.3509479011943228,2.331936657275485,-1.3583374002080026,-0.14026759125361965
OASIS_2,LinearSVM,13,test,motion__severe,motion,severe,D:\OASIS_2\distortions_128\motion\severe\Non_Demented\OAS2_0069\OAS2_0069_slice_09_z120.png,Non_Demented/OAS2_0069/OAS2_0069_slice_09_z120.png,Non-Demented/OAS2_0069/OAS2_0069_slice_09_z120.png,OAS2_0069,Non-Demented,0,1,Very Mild Dementia,0,-1.711602522843342,2.8040610108144564,-1.9600433644006254,0.40818458572534033
OASIS_2,LinearSVM,13,test,motion__severe,motion,severe,D:\OASIS_2\distortions_128\motion\severe\Non_Demented\OAS2_0069\OAS2_0069_slice_10_z125.png,Non_Demented/OAS2_0069/OAS2_0069_slice_10_z125.png,Non-Demented/OAS2_0069/OAS2_0069_slice_10_z125.png,OAS2_0069,Non-Demented,0,1,Very Mild Dementia,0,-4.379020325913045,4.360860282321764,-1.1820322827279688,0.07664538903466545
OASIS_2,LinearSVM,13,test,motion__severe,motion,severe,D:\OASIS_2\distortions_128\motion\severe\Non_Demented\OAS2_0069\OAS2_0069_slice_11_z130.png,Non_Demented/OAS2_0069/OAS2_0069_slice_11_z130.png,Non-Demented/OAS2_0069/OAS2_0069_slice_11_z130.png,OAS2_0069,Non-Demented,0,1,Very Mild Dementia,0,-4.016461023785949,5.922598459301271,-1.8117667856537716,0.7914325370184572
OASIS_2,LinearSVM,13,test,motion__severe,motion,severe,D:\OASIS_2\distortions_128\motion\severe\Non_Demented\OAS2_0069\OAS2_0069_slice_12_z135.png,Non_Demented/OAS2_0069/OAS2_0069_slice_12_z135.png,Non-Demented/OAS2_0069/OAS2_0069_slice_12_z135.png,OAS2_0069,Non-Demented,0,1,Very Mild Dementia,0,-3.027033832340796,4.120477144672912,-0.8025068589172928,0.5590086150140485
OASIS_2,LinearSVM,13,test,motion__severe,motion,severe,D:\OASIS_2\distortions_128\motion\severe\Non_Demented\OAS2_0069\OAS2_0069_slice_13_z141.png,Non_Demented/OAS2_0069/OAS2_0069_slice_13_z141.png,Non-Demented/OAS2_0069/OAS2_0069_slice_13_z141.png,OAS2_0069,Non-Demented,0,1,Very Mild Dementia,0,-2.77630279834112,2.695798164514325,-0.5453294950390224,0.9533402157389932
OASIS_2,LinearSVM,13,test,motion__severe,motion,severe,D:\OASIS_2\distortions_128\motion\severe\Non_Demented\OAS2_0069\OAS2_0069_slice_14_z146.png,Non_Demented/OAS2_0069/OAS2_0069_slice_14_z146.png,Non-Demented/OAS2_0069/OAS2_0069_slice_14_z146.png,OAS2_0069,Non-Demented,0,1,Very Mild Dementia,0,-5.257798565330187,4.113090469016825,-1.1388181423336472,1.5233212291422915
OASIS_2,LinearSVM,13,test,motion__severe,motion,severe,D:\OASIS_2\distortions_128\motion\severe\Non_Demented\OAS2_0069\OAS2_0069_slice_15_z151.png,Non_Demented/OAS2_0069/OAS2_0069_slice_15_z151.png,Non-Demented/OAS2_0069/OAS2_0069_slice_15_z151.png,OAS2_0069,Non-Demented,0,1,Very Mild Dementia,0,-3.0895123427276476,2.9616894248231107,-0.5285142181750148,0.2612751401928408
OASIS_2,LinearSVM,13,test,motion__severe,motion,severe,D:\OASIS_2\distortions_128\motion\severe\Non_Demented\OAS2_0069\OAS2_0069_slice_16_z157.png,Non_Demented/OAS2_0069/OAS2_0069_slice_16_z157.png,Non-Demented/OAS2_0069/OAS2_0069_slice_16_z157.png,OAS2_0069,Non-Demented,0,1,Very Mild Dementia,0,-4.133350663257338,3.1005140688345607,0.13828070651292013,0.4427244921626827
OASIS_2,LinearSVM,13,test,motion__severe,motion,severe,D:\OASIS_2\distortions_128\motion\severe\Non_Demented\OAS2_0069\OAS2_0069_slice_17_z162.png,Non_Demented/OAS2_0069/OAS2_0069_slice_17_z162.png,Non-Demented/OAS2_0069/OAS2_0069_slice_17_z162.png,OAS2_0069,Non-Demented,0,1,Very Mild Dementia,0,-2.968002944317998,3.8608852796260584,-2.738112128199951,1.454645775108692
OASIS_2,LinearSVM,13,test,motion__severe,motion,severe,D:\OASIS_2\distortions_128\motion\severe\Non_Demented\OAS2_0069\OAS2_0069_slice_18_z167.png,Non_Demented/OAS2_0069/OAS2_0069_slice_18_z167.png,Non-Demented/OAS2_0069/OAS2_0069_slice_18_z167.png,OAS2_0069,Non-Demented,0,1,Very Mild Dementia,0,-4.080880396684653,3.6942811075353448,-0.7291286123842781,1.0141648713904645
OASIS_2,LinearSVM,13,test,motion__severe,motion,severe,D:\OASIS_2\distortions_128\motion\severe\Non_Demented\OAS2_0069\OAS2_0069_slice_19_z173.png,Non_Demented/OAS2_0069/OAS2_0069_slice_19_z173.png,Non-Demented/OAS2_0069/OAS2_0069_slice_19_z173.png,OAS2_0069,Non-Demented,0,1,Very Mild Dementia,0,-5.040702125185896,4.400240668893976,0.21702855329430304,0.8076743351937232
OASIS_2,LinearSVM,13,test,motion__severe,motion,severe,D:\OASIS_2\distortions_128\motion\severe\Non_Demented\OAS2_0069\OAS2_0069_slice_20_z178.png,Non_Demented/OAS2_0069/OAS2_0069_slice_20_z178.png,Non-Demented/OAS2_0069/OAS2_0069_slice_20_z178.png,OAS2_0069,Non-Demented,0,1,Very Mild Dementia,0,-6.4803320641045365,5.872188692448027,0.4995952880300558,1.1151615674116484
OASIS_2,LinearSVM,13,test,motion__severe,motion,severe,D:\OASIS_2\distortions_128\motion\severe\Non_Demented\OAS2_0070\OAS2_0070_slice_01_z077.png,Non_Demented/OAS2_0070/OAS2_0070_slice_01_z077.png,Non-Demented/OAS2_0070/OAS2_0070_slice_01_z077.png,OAS2_0070,Non-Demented,0,1,Very Mild Dementia,0,-4.707779024425214,9.14916441945067,-5.083974188195096,0.8530931732603446
OASIS_2,LinearSVM,13,test,motion__severe,motion,severe,D:\OASIS_2\distortions_128\motion\severe\Non_Demented\OAS2_0070\OAS2_0070_slice_02_z082.png,Non_Demented/OAS2_0070/OAS2_0070_slice_02_z082.png,Non-Demented/OAS2_0070/OAS2_0070_slice_02_z082.png,OAS2_0070,Non-Demented,0,1,Very Mild Dementia,0,-3.4157596012258,3.4821677648004834,-2.846670597106664,2.0619525112201456
OASIS_2,LinearSVM,13,test,motion__severe,motion,severe,D:\OASIS_2\distortions_128\motion\severe\Non_Demented\OAS2_0070\OAS2_0070_slice_03_z088.png,Non_Demented/OAS2_0070/OAS2_0070_slice_03_z088.png,Non-Demented/OAS2_0070/OAS2_0070_slice_03_z088.png,OAS2_0070,Non-Demented,0,1,Very Mild Dementia,0,-5.171170822034961,7.324813612779767,-1.232448514039557,0.9759790724864144
OASIS_2,LinearSVM,13,test,motion__severe,motion,severe,D:\OASIS_2\distortions_128\motion\severe\Non_Demented\OAS2_0070\OAS2_0070_slice_04_z093.png,Non_Demented/OAS2_0070/OAS2_0070_slice_04_z093.png,Non-Demented/OAS2_0070/OAS2_0070_slice_04_z093.png,OAS2_0070,Non-Demented,0,1,Very Mild Dementia,0,-5.056571375146866,3.692177762701441,-1.9899659014587132,3.0905135827655763
OASIS_2,LinearSVM,13,test,motion__severe,motion,severe,D:\OASIS_2\distortions_128\motion\severe\Non_Demented\OAS2_0070\OAS2_0070_slice_05_z098.png,Non_Demented/OAS2_0070/OAS2_0070_slice_05_z098.png,Non-Demented/OAS2_0070/OAS2_0070_slice_05_z098.png,OAS2_0070,Non-Demented,0,1,Very Mild Dementia,0,-5.2461719485542995,6.084356279324939,-0.9854493763550789,0.6220803678290132
OASIS_2,LinearSVM,13,test,motion__severe,motion,severe,D:\OASIS_2\distortions_128\motion\severe\Non_Demented\OAS2_0070\OAS2_0070_slice_06_z104.png,Non_Demented/OAS2_0070/OAS2_0070_slice_06_z104.png,Non-Demented/OAS2_0070/OAS2_0070_slice_06_z104.png,OAS2_0070,Non-Demented,0,1,Very Mild Dementia,0,-4.3979717207420475,4.8131615096651625,-1.9276035859735126,0.8541358267872048
OASIS_2,LinearSVM,13,test,motion__severe,motion,severe,D:\OASIS_2\distortions_128\motion\severe\Non_Demented\OAS2_0070\OAS2_0070_slice_07_z109.png,Non_Demented/OAS2_0070/OAS2_0070_slice_07_z109.png,Non-Demented/OAS2_0070/OAS2_0070_slice_07_z109.png,OAS2_0070,Non-Demented,0,1,Very Mild Dementia,0,-3.502423565497507,5.9542902041872035,-4.041763911059352,-0.260970189276743
OASIS_2,LinearSVM,13,test,motion__severe,motion,severe,D:\OASIS_2\distortions_128\motion\severe\Non_Demented\OAS2_0070\OAS2_0070_slice_08_z114.png,Non_Demented/OAS2_0070/OAS2_0070_slice_08_z114.png,Non-Demented/OAS2_0070/OAS2_0070_slice_08_z114.png,OAS2_0070,Non-Demented,0,1,Very Mild Dementia,0,-6.25902746439612,10.507383106707804,-5.037764242847996,1.7335619312988868
OASIS_2,LinearSVM,13,test,motion__severe,motion,severe,D:\OASIS_2\distortions_128\motion\severe\Non_Demented\OAS2_0070\OAS2_0070_slice_09_z120.png,Non_Demented/OAS2_0070/OAS2_0070_slice_09_z120.png,Non-Demented/OAS2_0070/OAS2_0070_slice_09_z120.png,OAS2_0070,Non-Demented,0,1,Very Mild Dementia,0,-5.030561502397502,8.738915490058785,-1.414636949196541,0.18225316673738723
OASIS_2,LinearSVM,13,test,motion__severe,motion,severe,D:\OASIS_2\distortions_128\motion\severe\Non_Demented\OAS2_0070\OAS2_0070_slice_10_z125.png,Non_Demented/OAS2_0070/OAS2_0070_slice_10_z125.png,Non-Demented/OAS2_0070/OAS2_0070_slice_10_z125.png,OAS2_0070,Non-Demented,0,1,Very Mild Dementia,0,-4.146795803958742,10.522732379063765,-2.473803607251255,0.006726514903767078
OASIS_2,LinearSVM,13,test,motion__severe,motion,severe,D:\OASIS_2\distortions_128\motion\severe\Non_Demented\OAS2_0070\OAS2_0070_slice_11_z130.png,Non_Demented/OAS2_0070/OAS2_0070_slice_11_z130.png,Non-Demented/OAS2_0070/OAS2_0070_slice_11_z130.png,OAS2_0070,Non-Demented,0,1,Very Mild Dementia,0,-5.231447440520952,11.529847622949454,-1.4018643699014812,0.7270832216285432
OASIS_2,LinearSVM,13,test,motion__severe,motion,severe,D:\OASIS_2\distortions_128\motion\severe\Non_Demented\OAS2_0070\OAS2_0070_slice_12_z135.png,Non_Demented/OAS2_0070/OAS2_0070_slice_12_z135.png,Non-Demented/OAS2_0070/OAS2_0070_slice_12_z135.png,OAS2_0070,Non-Demented,0,1,Very Mild Dementia,0,-6.089686376856536,13.738130096711442,-1.974192855378196,1.1871393481323693
OASIS_2,LinearSVM,13,test,motion__severe,motion,severe,D:\OASIS_2\distortions_128\motion\severe\Non_Demented\OAS2_0070\OAS2_0070_slice_13_z141.png,Non_Demented/OAS2_0070/OAS2_0070_slice_13_z141.png,Non-Demented/OAS2_0070/OAS2_0070_slice_13_z141.png,OAS2_0070,Non-Demented,0,1,Very Mild Dementia,0,-7.597767961251751,14.781033478901938,-0.44389991358351377,1.005384957712997
OASIS_2,LinearSVM,13,test,motion__severe,motion,severe,D:\OASIS_2\distortions_128\motion\severe\Non_Demented\OAS2_0070\OAS2_0070_slice_14_z146.png,Non_Demented/OAS2_0070/OAS2_0070_slice_14_z146.png,Non-Demented/OAS2_0070/OAS2_0070_slice_14_z146.png,OAS2_0070,Non-Demented,0,1,Very Mild Dementia,0,-5.35020689989937,12.712377377721955,-2.7950582987324726,0.44771365089833415
OASIS_2,LinearSVM,13,test,motion__severe,motion,severe,D:\OASIS_2\distortions_128\motion\severe\Non_Demented\OAS2_0070\OAS2_0070_slice_15_z151.png,Non_Demented/OAS2_0070/OAS2_0070_slice_15_z151.png,Non-Demented/OAS2_0070/OAS2_0070_slice_15_z151.png,OAS2_0070,Non-Demented,0,1,Very Mild Dementia,0,-4.424109254704166,12.4549492880243,-2.7732825663993115,0.25090138974073906
OASIS_2,LinearSVM,13,test,motion__severe,motion,severe,D:\OASIS_2\distortions_128\motion\severe\Non_Demented\OAS2_0070\OAS2_0070_slice_16_z157.png,Non_Demented/OAS2_0070/OAS2_0070_slice_16_z157.png,Non-Demented/OAS2_0070/OAS2_0070_slice_16_z157.png,OAS2_0070,Non-Demented,0,1,Very Mild Dementia,0,-5.580686850802114,10.946101528276637,-1.3447177025412382,0.7196333199825966
OASIS_2,LinearSVM,13,test,motion__severe,motion,severe,D:\OASIS_2\distortions_128\motion\severe\Non_Demented\OAS2_0070\OAS2_0070_slice_17_z162.png,Non_Demented/OAS2_0070/OAS2_0070_slice_17_z162.png,Non-Demented/OAS2_0070/OAS2_0070_slice_17_z162.png,OAS2_0070,Non-Demented,0,1,Very Mild Dementia,0,-4.695273319642823,10.014385299176409,-2.91232516432956,0.828084359679111
OASIS_2,LinearSVM,13,test,motion__severe,motion,severe,D:\OASIS_2\distortions_128\motion\severe\Non_Demented\OAS2_0070\OAS2_0070_slice_18_z167.png,Non_Demented/OAS2_0070/OAS2_0070_slice_18_z167.png,Non-Demented/OAS2_0070/OAS2_0070_slice_18_z167.png,OAS2_0070,Non-Demented,0,1,Very Mild Dementia,0,-5.333508195202364,11.218011636776533,-3.253080694168224,0.2433029471100685
OASIS_2,LinearSVM,13,test,motion__severe,motion,severe,D:\OASIS_2\distortions_128\motion\severe\Non_Demented\OAS2_0070\OAS2_0070_slice_19_z173.png,Non_Demented/OAS2_0070/OAS2_0070_slice_19_z173.png,Non-Demented/OAS2_0070/OAS2_0070_slice_19_z173.png,OAS2_0070,Non-Demented,0,1,Very Mild Dementia,0,-6.58088513012534,9.593366052417869,-2.25048326221847,0.491693054078459
OASIS_2,LinearSVM,13,test,motion__severe,motion,severe,D:\OASIS_2\distortions_128\motion\severe\Non_Demented\OAS2_0070\OAS2_0070_slice_20_z178.png,Non_Demented/OAS2_0070/OAS2_0070_slice_20_z178.png,Non-Demented/OAS2_0070/OAS2_0070_slice_20_z178.png,OAS2_0070,Non-Demented,0,1,Very Mild Dementia,0,-3.0539374468563847,2.3021666589898166,-0.6551534933375659,-0.18201411513817156
OASIS_2,LinearSVM,13,test,motion__severe,motion,severe,D:\OASIS_2\distortions_128\motion\severe\Non_Demented\OAS2_0128\OAS2_0128_slice_01_z077.png,Non_Demented/OAS2_0128/OAS2_0128_slice_01_z077.png,Non-Demented/OAS2_0128/OAS2_0128_slice_01_z077.png,OAS2_0128,Non-Demented,0,1,Very Mild Dementia,0,-8.23484651110821,6.951114965129031,-3.3082068100706534,3.8173255764951137
OASIS_2,LinearSVM,13,test,motion__severe,motion,severe,D:\OASIS_2\distortions_128\motion\severe\Non_Demented\OAS2_0128\OAS2_0128_slice_02_z082.png,Non_Demented/OAS2_0128/OAS2_0128_slice_02_z082.png,Non-Demented/OAS2_0128/OAS2_0128_slice_02_z082.png,OAS2_0128,Non-Demented,0,1,Very Mild Dementia,0,-6.066350028942869,5.656505461528366,-2.2564771262294974,0.9356724704659949
OASIS_2,LinearSVM,13,test,motion__severe,motion,severe,D:\OASIS_2\distortions_128\motion\severe\Non_Demented\OAS2_0128\OAS2_0128_slice_03_z088.png,Non_Demented/OAS2_0128/OAS2_0128_slice_03_z088.png,Non-Demented/OAS2_0128/OAS2_0128_slice_03_z088.png,OAS2_0128,Non-Demented,0,1,Very Mild Dementia,0,-4.658110127576964,6.84074950163672,-3.4232715339664823,0.07836495321985826
OASIS_2,LinearSVM,13,test,motion__severe,motion,severe,D:\OASIS_2\distortions_128\motion\severe\Non_Demented\OAS2_0128\OAS2_0128_slice_04_z093.png,Non_Demented/OAS2_0128/OAS2_0128_slice_04_z093.png,Non-Demented/OAS2_0128/OAS2_0128_slice_04_z093.png,OAS2_0128,Non-Demented,0,1,Very Mild Dementia,0,-5.07680955431234,7.659668220040149,-1.733205617360918,0.06840226407304084
OASIS_2,LinearSVM,13,test,motion__severe,motion,severe,D:\OASIS_2\distortions_128\motion\severe\Non_Demented\OAS2_0128\OAS2_0128_slice_05_z098.png,Non_Demented/OAS2_0128/OAS2_0128_slice_05_z098.png,Non-Demented/OAS2_0128/OAS2_0128_slice_05_z098.png,OAS2_0128,Non-Demented,0,1,Very Mild Dementia,0,-2.2296979281965794,4.598048154583101,-2.158245645929685,-0.18796815126214994
OASIS_2,LinearSVM,13,test,motion__severe,motion,severe,D:\OASIS_2\distortions_128\motion\severe\Non_Demented\OAS2_0128\OAS2_0128_slice_06_z104.png,Non_Demented/OAS2_0128/OAS2_0128_slice_06_z104.png,Non-Demented/OAS2_0128/OAS2_0128_slice_06_z104.png,OAS2_0128,Non-Demented,0,1,Very Mild Dementia,0,-6.957706242800241,10.386620014857597,-5.085213140239031,1.2889431189922615
OASIS_2,LinearSVM,13,test,motion__severe,motion,severe,D:\OASIS_2\distortions_128\motion\severe\Non_Demented\OAS2_0128\OAS2_0128_slice_07_z109.png,Non_Demented/OAS2_0128/OAS2_0128_slice_07_z109.png,Non-Demented/OAS2_0128/OAS2_0128_slice_07_z109.png,OAS2_0128,Non-Demented,0,1,Very Mild Dementia,0,-3.3694626345536896,4.351684989321503,-1.1775350556642212,0.5659391380286662
OASIS_2,LinearSVM,13,test,motion__severe,motion,severe,D:\OASIS_2\distortions_128\motion\severe\Non_Demented\OAS2_0128\OAS2_0128_slice_08_z114.png,Non_Demented/OAS2_0128/OAS2_0128_slice_08_z114.png,Non-Demented/OAS2_0128/OAS2_0128_slice_08_z114.png,OAS2_0128,Non-Demented,0,1,Very Mild Dementia,0,-3.0647408656794046,3.598452730349133,-1.9763627708926756,0.519999445297501
OASIS_2,LinearSVM,13,test,motion__severe,motion,severe,D:\OASIS_2\distortions_128\motion\severe\Non_Demented\OAS2_0128\OAS2_0128_slice_09_z120.png,Non_Demented/OAS2_0128/OAS2_0128_slice_09_z120.png,Non-Demented/OAS2_0128/OAS2_0128_slice_09_z120.png,OAS2_0128,Non-Demented,0,1,Very Mild Dementia,0,-3.828560344440301,4.898850421180973,-1.9335285604225045,1.411911148458532
OASIS_2,LinearSVM,13,test,motion__severe,motion,severe,D:\OASIS_2\distortions_128\motion\severe\Non_Demented\OAS2_0128\OAS2_0128_slice_10_z125.png,Non_Demented/OAS2_0128/OAS2_0128_slice_10_z125.png,Non-Demented/OAS2_0128/OAS2_0128_slice_10_z125.png,OAS2_0128,Non-Demented,0,1,Very Mild Dementia,0,-3.668989880922235,3.454743133729893,-0.5531415603354772,0.07642692528582584
OASIS_2,LinearSVM,13,test,motion__severe,motion,severe,D:\OASIS_2\distortions_128\motion\severe\Non_Demented\OAS2_0128\OAS2_0128_slice_11_z130.png,Non_Demented/OAS2_0128/OAS2_0128_slice_11_z130.png,Non-Demented/OAS2_0128/OAS2_0128_slice_11_z130.png,OAS2_0128,Non-Demented,0,1,Very Mild Dementia,0,-3.2319184558897027,3.403610627691687,-0.041127458033734965,0.06540066344795359
OASIS_2,LinearSVM,13,test,motion__severe,motion,severe,D:\OASIS_2\distortions_128\motion\severe\Non_Demented\OAS2_0128\OAS2_0128_slice_12_z135.png,Non_Demented/OAS2_0128/OAS2_0128_slice_12_z135.png,Non-Demented/OAS2_0128/OAS2_0128_slice_12_z135.png,OAS2_0128,Non-Demented,0,1,Very Mild Dementia,0,-2.33850158412432,6.18982668940971,-2.7601551752617492,0.7545664891353865
OASIS_2,LinearSVM,13,test,motion__severe,motion,severe,D:\OASIS_2\distortions_128\motion\severe\Non_Demented\OAS2_0128\OAS2_0128_slice_13_z141.png,Non_Demented/OAS2_0128/OAS2_0128_slice_13_z141.png,Non-Demented/OAS2_0128/OAS2_0128_slice_13_z141.png,OAS2_0128,Non-Demented,0,1,Very Mild Dementia,0,-1.5465121052335635,4.680716170906922,-3.80192463509072,0.3049803333196992
OASIS_2,LinearSVM,13,test,motion__severe,motion,severe,D:\OASIS_2\distortions_128\motion\severe\Non_Demented\OAS2_0128\OAS2_0128_slice_14_z146.png,Non_Demented/OAS2_0128/OAS2_0128_slice_14_z146.png,Non-Demented/OAS2_0128/OAS2_0128_slice_14_z146.png,OAS2_0128,Non-Demented,0,1,Very Mild Dementia,0,-4.421302223238812,3.603237696207511,0.0023505649918085236,0.9828484526399848
OASIS_2,LinearSVM,13,test,motion__severe,motion,severe,D:\OASIS_2\distortions_128\motion\severe\Non_Demented\OAS2_0128\OAS2_0128_slice_15_z151.png,Non_Demented/OAS2_0128/OAS2_0128_slice_15_z151.png,Non-Demented/OAS2_0128/OAS2_0128_slice_15_z151.png,OAS2_0128,Non-Demented,0,1,Very Mild Dementia,0,-2.325115637078879,2.9685915958299995,-2.4646028854522335,0.48637172745987356
OASIS_2,LinearSVM,13,test,motion__severe,motion,severe,D:\OASIS_2\distortions_128\motion\severe\Non_Demented\OAS2_0128\OAS2_0128_slice_16_z157.png,Non_Demented/OAS2_0128/OAS2_0128_slice_16_z157.png,Non-Demented/OAS2_0128/OAS2_0128_slice_16_z157.png,OAS2_0128,Non-Demented,0,1,Very Mild Dementia,0,-5.710829608932169,5.887928247873631,-2.804240219082361,2.3211390685440816
OASIS_2,LinearSVM,13,test,motion__severe,motion,severe,D:\OASIS_2\distortions_128\motion\severe\Non_Demented\OAS2_0128\OAS2_0128_slice_17_z162.png,Non_Demented/OAS2_0128/OAS2_0128_slice_17_z162.png,Non-Demented/OAS2_0128/OAS2_0128_slice_17_z162.png,OAS2_0128,Non-Demented,0,1,Very Mild Dementia,0,-6.445012520117508,4.647907040102697,0.31738437161222843,1.1135404252981727
OASIS_2,LinearSVM,13,test,motion__severe,motion,severe,D:\OASIS_2\distortions_128\motion\severe\Non_Demented\OAS2_0128\OAS2_0128_slice_18_z167.png,Non_Demented/OAS2_0128/OAS2_0128_slice_18_z167.png,Non-Demented/OAS2_0128/OAS2_0128_slice_18_z167.png,OAS2_0128,Non-Demented,0,1,Very Mild Dementia,0,-3.570709761441506,3.3891635303973784,0.08643016275120852,-0.13779298816118923
OASIS_2,LinearSVM,13,test,motion__severe,motion,severe,D:\OASIS_2\distortions_128\motion\severe\Non_Demented\OAS2_0128\OAS2_0128_slice_19_z173.png,Non_Demented/OAS2_0128/OAS2_0128_slice_19_z173.png,Non-Demented/OAS2_0128/OAS2_0128_slice_19_z173.png,OAS2_0128,Non-Demented,0,1,Very Mild Dementia,0,-4.203198415369979,3.8200978871340356,0.04109380329448342,0.31429690586492787
OASIS_2,LinearSVM,13,test,motion__severe,motion,severe,D:\OASIS_2\distortions_128\motion\severe\Non_Demented\OAS2_0128\OAS2_0128_slice_20_z178.png,Non_Demented/OAS2_0128/OAS2_0128_slice_20_z178.png,Non-Demented/OAS2_0128/OAS2_0128_slice_20_z178.png,OAS2_0128,Non-Demented,0,1,Very Mild Dementia,0,-1.8718181162126344,1.9180285119999747,-0.8929222086710231,-0.7817081389473233
OASIS_2,LinearSVM,13,test,motion__severe,motion,severe,D:\OASIS_2\distortions_128\motion\severe\Non_Demented\OAS2_0135\OAS2_0135_slice_01_z077.png,Non_Demented/OAS2_0135/OAS2_0135_slice_01_z077.png,Non-Demented/OAS2_0135/OAS2_0135_slice_01_z077.png,OAS2_0135,Non-Demented,0,1,Very Mild Dementia,0,-1.9100368620308097,4.450591447488664,-2.3794579818436272,0.8389700440898791
OASIS_2,LinearSVM,13,test,motion__severe,motion,severe,D:\OASIS_2\distortions_128\motion\severe\Non_Demented\OAS2_0135\OAS2_0135_slice_02_z082.png,Non_Demented/OAS2_0135/OAS2_0135_slice_02_z082.png,Non-Demented/OAS2_0135/OAS2_0135_slice_02_z082.png,OAS2_0135,Non-Demented,0,1,Very Mild Dementia,0,-6.189222297475201,2.8457143625978434,1.093434508985007,0.8153135559382911
OASIS_2,LinearSVM,13,test,motion__severe,motion,severe,D:\OASIS_2\distortions_128\motion\severe\Non_Demented\OAS2_0135\OAS2_0135_slice_03_z088.png,Non_Demented/OAS2_0135/OAS2_0135_slice_03_z088.png,Non-Demented/OAS2_0135/OAS2_0135_slice_03_z088.png,OAS2_0135,Non-Demented,0,1,Very Mild Dementia,0,-7.2288362278466245,8.914410283134762,-1.3486015035685335,0.07160251185907307
OASIS_2,LinearSVM,13,test,motion__severe,motion,severe,D:\OASIS_2\distortions_128\motion\severe\Non_Demented\OAS2_0135\OAS2_0135_slice_04_z093.png,Non_Demented/OAS2_0135/OAS2_0135_slice_04_z093.png,Non-Demented/OAS2_0135/OAS2_0135_slice_04_z093.png,OAS2_0135,Non-Demented,0,1,Very Mild Dementia,0,-2.8724626914827165,1.6813749687093684,-0.5676442655626445,1.466371969771362
OASIS_2,LinearSVM,13,test,motion__severe,motion,severe,D:\OASIS_2\distortions_128\motion\severe\Non_Demented\OAS2_0135\OAS2_0135_slice_05_z098.png,Non_Demented/OAS2_0135/OAS2_0135_slice_05_z098.png,Non-Demented/OAS2_0135/OAS2_0135_slice_05_z098.png,OAS2_0135,Non-Demented,0,1,Very Mild Dementia,0,-2.9371474202388765,3.5288249287410074,-3.432746055940852,1.4397262162395412
OASIS_2,LinearSVM,13,test,motion__severe,motion,severe,D:\OASIS_2\distortions_128\motion\severe\Non_Demented\OAS2_0135\OAS2_0135_slice_06_z104.png,Non_Demented/OAS2_0135/OAS2_0135_slice_06_z104.png,Non-Demented/OAS2_0135/OAS2_0135_slice_06_z104.png,OAS2_0135,Non-Demented,0,1,Very Mild Dementia,0,-1.0545487511295981,2.9801060265331163,-2.537647276455397,0.0964041443198429
OASIS_2,LinearSVM,13,test,motion__severe,motion,severe,D:\OASIS_2\distortions_128\motion\severe\Non_Demented\OAS2_0135\OAS2_0135_slice_07_z109.png,Non_Demented/OAS2_0135/OAS2_0135_slice_07_z109.png,Non-Demented/OAS2_0135/OAS2_0135_slice_07_z109.png,OAS2_0135,Non-Demented,0,1,Very Mild Dementia,0,0.14711084900301158,3.233192499518555,-3.2597083576556978,-1.1146618845238638
OASIS_2,LinearSVM,13,test,motion__severe,motion,severe,D:\OASIS_2\distortions_128\motion\severe\Non_Demented\OAS2_0135\OAS2_0135_slice_08_z114.png,Non_Demented/OAS2_0135/OAS2_0135_slice_08_z114.png,Non-Demented/OAS2_0135/OAS2_0135_slice_08_z114.png,OAS2_0135,Non-Demented,0,1,Very Mild Dementia,0,-2.1404378540169136,3.915384614934483,-1.8627825417725554,-0.3740813007181777
OASIS_2,LinearSVM,13,test,motion__severe,motion,severe,D:\OASIS_2\distortions_128\motion\severe\Non_Demented\OAS2_0135\OAS2_0135_slice_09_z120.png,Non_Demented/OAS2_0135/OAS2_0135_slice_09_z120.png,Non-Demented/OAS2_0135/OAS2_0135_slice_09_z120.png,OAS2_0135,Non-Demented,0,1,Very Mild Dementia,0,-3.638771212106378,7.164702630830291,-3.8654056540348485,-0.33799101682967425
OASIS_2,LinearSVM,13,test,motion__severe,motion,severe,D:\OASIS_2\distortions_128\motion\severe\Non_Demented\OAS2_0135\OAS2_0135_slice_10_z125.png,Non_Demented/OAS2_0135/OAS2_0135_slice_10_z125.png,Non-Demented/OAS2_0135/OAS2_0135_slice_10_z125.png,OAS2_0135,Non-Demented,0,1,Very Mild Dementia,0,-1.1045502891378747,3.4022021737792083,-1.188733127081684,0.7318443946383155
OASIS_2,LinearSVM,13,test,motion__severe,motion,severe,D:\OASIS_2\distortions_128\motion\severe\Non_Demented\OAS2_0135\OAS2_0135_slice_11_z130.png,Non_Demented/OAS2_0135/OAS2_0135_slice_11_z130.png,Non-Demented/OAS2_0135/OAS2_0135_slice_11_z130.png,OAS2_0135,Non-Demented,0,1,Very Mild Dementia,0,-3.9435080354436653,5.2696057323627885,-2.5781256648361017,1.4878833150546042
OASIS_2,LinearSVM,13,test,motion__severe,motion,severe,D:\OASIS_2\distortions_128\motion\severe\Non_Demented\OAS2_0135\OAS2_0135_slice_12_z135.png,Non_Demented/OAS2_0135/OAS2_0135_slice_12_z135.png,Non-Demented/OAS2_0135/OAS2_0135_slice_12_z135.png,OAS2_0135,Non-Demented,0,1,Very Mild Dementia,0,-4.08193801490393,6.981743304507648,-2.544607409531471,-0.08156714128034104
OASIS_2,LinearSVM,13,test,motion__severe,motion,severe,D:\OASIS_2\distortions_128\motion\severe\Non_Demented\OAS2_0135\OAS2_0135_slice_13_z141.png,Non_Demented/OAS2_0135/OAS2_0135_slice_13_z141.png,Non-Demented/OAS2_0135/OAS2_0135_slice_13_z141.png,OAS2_0135,Non-Demented,0,1,Very Mild Dementia,0,-0.4431130754854788,2.3997926103541234,-2.720333956405434,1.2937220806826413
OASIS_2,LinearSVM,13,test,motion__severe,motion,severe,D:\OASIS_2\distortions_128\motion\severe\Non_Demented\OAS2_0135\OAS2_0135_slice_14_z146.png,Non_Demented/OAS2_0135/OAS2_0135_slice_14_z146.png,Non-Demented/OAS2_0135/OAS2_0135_slice_14_z146.png,OAS2_0135,Non-Demented,0,1,Very Mild Dementia,0,-2.5263266876141617,6.0118440305373975,-2.1259753951999922,1.1544111068941203
OASIS_2,LinearSVM,13,test,motion__severe,motion,severe,D:\OASIS_2\distortions_128\motion\severe\Non_Demented\OAS2_0135\OAS2_0135_slice_15_z151.png,Non_Demented/OAS2_0135/OAS2_0135_slice_15_z151.png,Non-Demented/OAS2_0135/OAS2_0135_slice_15_z151.png,OAS2_0135,Non-Demented,0,1,Very Mild Dementia,0,-2.267597770089671,6.440281901747985,-4.251113182043013,0.42023350738033893
OASIS_2,LinearSVM,13,test,motion__severe,motion,severe,D:\OASIS_2\distortions_128\motion\severe\Non_Demented\OAS2_0135\OAS2_0135_slice_16_z157.png,Non_Demented/OAS2_0135/OAS2_0135_slice_16_z157.png,Non-Demented/OAS2_0135/OAS2_0135_slice_16_z157.png,OAS2_0135,Non-Demented,0,1,Very Mild Dementia,0,-4.230457686615229,6.973288131526996,-0.038300945162760724,-0.9301458720006237
OASIS_2,LinearSVM,13,test,motion__severe,motion,severe,D:\OASIS_2\distortions_128\motion\severe\Non_Demented\OAS2_0135\OAS2_0135_slice_17_z162.png,Non_Demented/OAS2_0135/OAS2_0135_slice_17_z162.png,Non-Demented/OAS2_0135/OAS2_0135_slice_17_z162.png,OAS2_0135,Non-Demented,0,1,Very Mild Dementia,0,-0.3337690630256429,3.3927907931994006,-3.812614590562098,1.2311366963060237
OASIS_2,LinearSVM,13,test,motion__severe,motion,severe,D:\OASIS_2\distortions_128\motion\severe\Non_Demented\OAS2_0135\OAS2_0135_slice_18_z167.png,Non_Demented/OAS2_0135/OAS2_0135_slice_18_z167.png,Non-Demented/OAS2_0135/OAS2_0135_slice_18_z167.png,OAS2_0135,Non-Demented,0,1,Very Mild Dementia,0,-2.258023093008841,5.95971246339245,-3.377850109011969,-0.18446105886396746
OASIS_2,LinearSVM,13,test,motion__severe,motion,severe,D:\OASIS_2\distortions_128\motion\severe\Non_Demented\OAS2_0135\OAS2_0135_slice_19_z173.png,Non_Demented/OAS2_0135/OAS2_0135_slice_19_z173.png,Non-Demented/OAS2_0135/OAS2_0135_slice_19_z173.png,OAS2_0135,Non-Demented,0,1,Very Mild Dementia,0,-3.0286954919827442,4.501442660018062,-2.584424532968935,-0.16519506370954917
OASIS_2,LinearSVM,13,test,motion__severe,motion,severe,D:\OASIS_2\distortions_128\motion\severe\Non_Demented\OAS2_0135\OAS2_0135_slice_20_z178.png,Non_Demented/OAS2_0135/OAS2_0135_slice_20_z178.png,Non-Demented/OAS2_0135/OAS2_0135_slice_20_z178.png,OAS2_0135,Non-Demented,0,1,Very Mild Dementia,0,-2.8374937019916917,5.08559540152667,-2.9453236439118253,0.10262601845582697
OASIS_2,LinearSVM,13,test,motion__severe,motion,severe,D:\OASIS_2\distortions_128\motion\severe\Non_Demented\OAS2_0141\OAS2_0141_slice_01_z077.png,Non_Demented/OAS2_0141/OAS2_0141_slice_01_z077.png,Non-Demented/OAS2_0141/OAS2_0141_slice_01_z077.png,OAS2_0141,Non-Demented,0,1,Very Mild Dementia,0,-3.388248012793669,2.951178167055693,0.5016215291656314,-0.2611852854554745
OASIS_2,LinearSVM,13,test,motion__severe,motion,severe,D:\OASIS_2\distortions_128\motion\severe\Non_Demented\OAS2_0141\OAS2_0141_slice_02_z082.png,Non_Demented/OAS2_0141/OAS2_0141_slice_02_z082.png,Non-Demented/OAS2_0141/OAS2_0141_slice_02_z082.png,OAS2_0141,Non-Demented,0,1,Very Mild Dementia,0,-2.1533386759776176,1.5052985967932515,0.4080241091576817,0.2710670871837384
OASIS_2,LinearSVM,13,test,motion__severe,motion,severe,D:\OASIS_2\distortions_128\motion\severe\Non_Demented\OAS2_0141\OAS2_0141_slice_03_z088.png,Non_Demented/OAS2_0141/OAS2_0141_slice_03_z088.png,Non-Demented/OAS2_0141/OAS2_0141_slice_03_z088.png,OAS2_0141,Non-Demented,0,1,Very Mild Dementia,0,-5.329923505646152,6.094412359046319,0.364706051916589,0.8256514660278196
OASIS_2,LinearSVM,13,test,motion__severe,motion,severe,D:\OASIS_2\distortions_128\motion\severe\Non_Demented\OAS2_0141\OAS2_0141_slice_04_z093.png,Non_Demented/OAS2_0141/OAS2_0141_slice_04_z093.png,Non-Demented/OAS2_0141/OAS2_0141_slice_04_z093.png,OAS2_0141,Non-Demented,0,1,Very Mild Dementia,0,-6.213955286267769,5.496729186838698,-0.19338182850143115,1.6364282311302212
OASIS_2,LinearSVM,13,test,motion__severe,motion,severe,D:\OASIS_2\distortions_128\motion\severe\Non_Demented\OAS2_0141\OAS2_0141_slice_05_z098.png,Non_Demented/OAS2_0141/OAS2_0141_slice_05_z098.png,Non-Demented/OAS2_0141/OAS2_0141_slice_05_z098.png,OAS2_0141,Non-Demented,0,1,Very Mild Dementia,0,-7.347228657840694,4.873431055857606,1.1721727958682173,2.1772990916059505
OASIS_2,LinearSVM,13,test,motion__severe,motion,severe,D:\OASIS_2\distortions_128\motion\severe\Non_Demented\OAS2_0141\OAS2_0141_slice_06_z104.png,Non_Demented/OAS2_0141/OAS2_0141_slice_06_z104.png,Non-Demented/OAS2_0141/OAS2_0141_slice_06_z104.png,OAS2_0141,Non-Demented,0,1,Very Mild Dementia,0,-5.439715991969029,4.123836631737094,-0.06009436352840358,0.7358592931004144
OASIS_2,LinearSVM,13,test,motion__severe,motion,severe,D:\OASIS_2\distortions_128\motion\severe\Non_Demented\OAS2_0141\OAS2_0141_slice_07_z109.png,Non_Demented/OAS2_0141/OAS2_0141_slice_07_z109.png,Non-Demented/OAS2_0141/OAS2_0141_slice_07_z109.png,OAS2_0141,Non-Demented,0,1,Very Mild Dementia,0,-6.749486870593138,7.518758614303903,-0.36630716184348205,0.9896707857338924
OASIS_2,LinearSVM,13,test,motion__severe,motion,severe,D:\OASIS_2\distortions_128\motion\severe\Non_Demented\OAS2_0141\OAS2_0141_slice_08_z114.png,Non_Demented/OAS2_0141/OAS2_0141_slice_08_z114.png,Non-Demented/OAS2_0141/OAS2_0141_slice_08_z114.png,OAS2_0141,Non-Demented,0,1,Very Mild Dementia,0,-2.808819774008554,3.947632229877701,-2.1624124880957005,0.29747538898935955
OASIS_2,LinearSVM,13,test,motion__severe,motion,severe,D:\OASIS_2\distortions_128\motion\severe\Non_Demented\OAS2_0141\OAS2_0141_slice_09_z120.png,Non_Demented/OAS2_0141/OAS2_0141_slice_09_z120.png,Non-Demented/OAS2_0141/OAS2_0141_slice_09_z120.png,OAS2_0141,Non-Demented,0,1,Very Mild Dementia,0,-3.0334724302174725,3.923563276022151,-1.9621820074447345,0.5687007241387412
OASIS_2,LinearSVM,13,test,motion__severe,motion,severe,D:\OASIS_2\distortions_128\motion\severe\Non_Demented\OAS2_0141\OAS2_0141_slice_10_z125.png,Non_Demented/OAS2_0141/OAS2_0141_slice_10_z125.png,Non-Demented/OAS2_0141/OAS2_0141_slice_10_z125.png,OAS2_0141,Non-Demented,0,1,Very Mild Dementia,0,-2.1511510058569443,3.5994450782143486,-1.4593376898693011,0.22128620327955217
OASIS_2,LinearSVM,13,test,motion__severe,motion,severe,D:\OASIS_2\distortions_128\motion\severe\Non_Demented\OAS2_0141\OAS2_0141_slice_11_z130.png,Non_Demented/OAS2_0141/OAS2_0141_slice_11_z130.png,Non-Demented/OAS2_0141/OAS2_0141_slice_11_z130.png,OAS2_0141,Non-Demented,0,1,Very Mild Dementia,0,-3.0011452660733524,3.6193785198705473,-1.64571503322776,0.4289136109741325
OASIS_2,LinearSVM,13,test,motion__severe,motion,severe,D:\OASIS_2\distortions_128\motion\severe\Non_Demented\OAS2_0141\OAS2_0141_slice_12_z135.png,Non_Demented/OAS2_0141/OAS2_0141_slice_12_z135.png,Non-Demented/OAS2_0141/OAS2_0141_slice_12_z135.png,OAS2_0141,Non-Demented,0,1,Very Mild Dementia,0,-2.3147698546610207,3.548852411617067,-1.8207611204738363,-0.1867875476762877
OASIS_2,LinearSVM,13,test,motion__severe,motion,severe,D:\OASIS_2\distortions_128\motion\severe\Non_Demented\OAS2_0141\OAS2_0141_slice_13_z141.png,Non_Demented/OAS2_0141/OAS2_0141_slice_13_z141.png,Non-Demented/OAS2_0141/OAS2_0141_slice_13_z141.png,OAS2_0141,Non-Demented,0,1,Very Mild Dementia,0,-1.5626284070671979,4.018837629467623,-3.102662372476165,0.2512985454856278
OASIS_2,LinearSVM,13,test,motion__severe,motion,severe,D:\OASIS_2\distortions_128\motion\severe\Non_Demented\OAS2_0141\OAS2_0141_slice_14_z146.png,Non_Demented/OAS2_0141/OAS2_0141_slice_14_z146.png,Non-Demented/OAS2_0141/OAS2_0141_slice_14_z146.png,OAS2_0141,Non-Demented,0,1,Very Mild Dementia,0,-2.028587357353173,2.9798316285416697,-0.6911989065954907,0.25401894740109765
OASIS_2,LinearSVM,13,test,motion__severe,motion,severe,D:\OASIS_2\distortions_128\motion\severe\Non_Demented\OAS2_0141\OAS2_0141_slice_15_z151.png,Non_Demented/OAS2_0141/OAS2_0141_slice_15_z151.png,Non-Demented/OAS2_0141/OAS2_0141_slice_15_z151.png,OAS2_0141,Non-Demented,0,1,Very Mild Dementia,0,-3.170986832848499,4.08852287123563,-1.6028929752792251,0.6139040234500528
OASIS_2,LinearSVM,13,test,motion__severe,motion,severe,D:\OASIS_2\distortions_128\motion\severe\Non_Demented\OAS2_0141\OAS2_0141_slice_16_z157.png,Non_Demented/OAS2_0141/OAS2_0141_slice_16_z157.png,Non-Demented/OAS2_0141/OAS2_0141_slice_16_z157.png,OAS2_0141,Non-Demented,0,1,Very Mild Dementia,0,-2.9210652177485756,3.4184231200605395,-2.395052294025797,1.5698372011488546
OASIS_2,LinearSVM,13,test,motion__severe,motion,severe,D:\OASIS_2\distortions_128\motion\severe\Non_Demented\OAS2_0141\OAS2_0141_slice_17_z162.png,Non_Demented/OAS2_0141/OAS2_0141_slice_17_z162.png,Non-Demented/OAS2_0141/OAS2_0141_slice_17_z162.png,OAS2_0141,Non-Demented,0,1,Very Mild Dementia,0,-5.816278929863225,6.6058193289747145,-2.093326900321,1.1016562461684627
OASIS_2,LinearSVM,13,test,motion__severe,motion,severe,D:\OASIS_2\distortions_128\motion\severe\Non_Demented\OAS2_0141\OAS2_0141_slice_18_z167.png,Non_Demented/OAS2_0141/OAS2_0141_slice_18_z167.png,Non-Demented/OAS2_0141/OAS2_0141_slice_18_z167.png,OAS2_0141,Non-Demented,0,1,Very Mild Dementia,0,-2.7963857193404986,3.430914471302231,-1.736379901424138,0.35155077149853975
OASIS_2,LinearSVM,13,test,motion__severe,motion,severe,D:\OASIS_2\distortions_128\motion\severe\Non_Demented\OAS2_0141\OAS2_0141_slice_19_z173.png,Non_Demented/OAS2_0141/OAS2_0141_slice_19_z173.png,Non-Demented/OAS2_0141/OAS2_0141_slice_19_z173.png,OAS2_0141,Non-Demented,0,1,Very Mild Dementia,0,-3.696770099723225,3.9924559186087145,-1.1467136364027184,0.43463788067540055
OASIS_2,LinearSVM,13,test,motion__severe,motion,severe,D:\OASIS_2\distortions_128\motion\severe\Non_Demented\OAS2_0141\OAS2_0141_slice_20_z178.png,Non_Demented/OAS2_0141/OAS2_0141_slice_20_z178.png,Non-Demented/OAS2_0141/OAS2_0141_slice_20_z178.png,OAS2_0141,Non-Demented,0,1,Very Mild Dementia,0,-3.894733327738191,4.926267695650153,-2.027077911742362,-0.21235398314853315
OASIS_2,LinearSVM,13,test,motion__severe,motion,severe,D:\OASIS_2\distortions_128\motion\severe\Non_Demented\OAS2_0171\OAS2_0171_slice_01_z077.png,Non_Demented/OAS2_0171/OAS2_0171_slice_01_z077.png,Non-Demented/OAS2_0171/OAS2_0171_slice_01_z077.png,OAS2_0171,Non-Demented,0,1,Very Mild Dementia,0,-10.143947157088439,11.021567970514804,-1.1942694176406037,2.4880765182908458
OASIS_2,LinearSVM,13,test,motion__severe,motion,severe,D:\OASIS_2\distortions_128\motion\severe\Non_Demented\OAS2_0171\OAS2_0171_slice_02_z082.png,Non_Demented/OAS2_0171/OAS2_0171_slice_02_z082.png,Non-Demented/OAS2_0171/OAS2_0171_slice_02_z082.png,OAS2_0171,Non-Demented,0,1,Very Mild Dementia,0,-4.834302707430653,5.805157649297036,-1.8633666878792188,0.5237194962143967
OASIS_2,LinearSVM,13,test,motion__severe,motion,severe,D:\OASIS_2\distortions_128\motion\severe\Non_Demented\OAS2_0171\OAS2_0171_slice_03_z088.png,Non_Demented/OAS2_0171/OAS2_0171_slice_03_z088.png,Non-Demented/OAS2_0171/OAS2_0171_slice_03_z088.png,OAS2_0171,Non-Demented,0,1,Very Mild Dementia,0,-2.9282189922210238,3.306803809715529,-0.8823633398976578,1.3384371685934693
OASIS_2,LinearSVM,13,test,motion__severe,motion,severe,D:\OASIS_2\distortions_128\motion\severe\Non_Demented\OAS2_0171\OAS2_0171_slice_04_z093.png,Non_Demented/OAS2_0171/OAS2_0171_slice_04_z093.png,Non-Demented/OAS2_0171/OAS2_0171_slice_04_z093.png,OAS2_0171,Non-Demented,0,1,Very Mild Dementia,0,-5.969250609572411,8.516904271092951,-2.257862516596518,0.7588784094658036
OASIS_2,LinearSVM,13,test,motion__severe,motion,severe,D:\OASIS_2\distortions_128\motion\severe\Non_Demented\OAS2_0171\OAS2_0171_slice_05_z098.png,Non_Demented/OAS2_0171/OAS2_0171_slice_05_z098.png,Non-Demented/OAS2_0171/OAS2_0171_slice_05_z098.png,OAS2_0171,Non-Demented,0,1,Very Mild Dementia,0,-2.8035459421287308,6.827733710886908,-1.3224765183635392,0.14647423012953387
OASIS_2,LinearSVM,13,test,motion__severe,motion,severe,D:\OASIS_2\distortions_128\motion\severe\Non_Demented\OAS2_0171\OAS2_0171_slice_06_z104.png,Non_Demented/OAS2_0171/OAS2_0171_slice_06_z104.png,Non-Demented/OAS2_0171/OAS2_0171_slice_06_z104.png,OAS2_0171,Non-Demented,0,1,Very Mild Dementia,0,-5.356710164674546,7.763298128096287,0.049370344610491945,-0.3834426147124044
OASIS_2,LinearSVM,13,test,motion__severe,motion,severe,D:\OASIS_2\distortions_128\motion\severe\Non_Demented\OAS2_0171\OAS2_0171_slice_07_z109.png,Non_Demented/OAS2_0171/OAS2_0171_slice_07_z109.png,Non-Demented/OAS2_0171/OAS2_0171_slice_07_z109.png,OAS2_0171,Non-Demented,0,1,Very Mild Dementia,0,-3.70155629649761,9.720187897116666,-4.541575453710981,-0.4415018149283151
OASIS_2,LinearSVM,13,test,motion__severe,motion,severe,D:\OASIS_2\distortions_128\motion\severe\Non_Demented\OAS2_0171\OAS2_0171_slice_08_z114.png,Non_Demented/OAS2_0171/OAS2_0171_slice_08_z114.png,Non-Demented/OAS2_0171/OAS2_0171_slice_08_z114.png,OAS2_0171,Non-Demented,0,1,Very Mild Dementia,0,-4.252196284279015,9.452800759331115,-1.1260953915818575,-0.49396394678047123
OASIS_2,LinearSVM,13,test,motion__severe,motion,severe,D:\OASIS_2\distortions_128\motion\severe\Non_Demented\OAS2_0171\OAS2_0171_slice_09_z120.png,Non_Demented/OAS2_0171/OAS2_0171_slice_09_z120.png,Non-Demented/OAS2_0171/OAS2_0171_slice_09_z120.png,OAS2_0171,Non-Demented,0,1,Very Mild Dementia,0,-2.0317864562709453,9.492580598548514,-4.487004213936498,0.5145684641202013
OASIS_2,LinearSVM,13,test,motion__severe,motion,severe,D:\OASIS_2\distortions_128\motion\severe\Non_Demented\OAS2_0171\OAS2_0171_slice_10_z125.png,Non_Demented/OAS2_0171/OAS2_0171_slice_10_z125.png,Non-Demented/OAS2_0171/OAS2_0171_slice_10_z125.png,OAS2_0171,Non-Demented,0,1,Very Mild Dementia,0,-8.833122007902928,11.764169666961939,-0.4370013997340092,1.0037258241964935
OASIS_2,LinearSVM,13,test,motion__severe,motion,severe,D:\OASIS_2\distortions_128\motion\severe\Non_Demented\OAS2_0171\OAS2_0171_slice_11_z130.png,Non_Demented/OAS2_0171/OAS2_0171_slice_11_z130.png,Non-Demented/OAS2_0171/OAS2_0171_slice_11_z130.png,OAS2_0171,Non-Demented,0,1,Very Mild Dementia,0,-5.232004534456445,11.32667277343313,-3.643536342664297,0.34641101598930835
OASIS_2,LinearSVM,13,test,motion__severe,motion,severe,D:\OASIS_2\distortions_128\motion\severe\Non_Demented\OAS2_0171\OAS2_0171_slice_12_z135.png,Non_Demented/OAS2_0171/OAS2_0171_slice_12_z135.png,Non-Demented/OAS2_0171/OAS2_0171_slice_12_z135.png,OAS2_0171,Non-Demented,0,1,Very Mild Dementia,0,-5.4246516062599195,9.942481063216706,-2.5660072082560683,0.9585834727197662
OASIS_2,LinearSVM,13,test,motion__severe,motion,severe,D:\OASIS_2\distortions_128\motion\severe\Non_Demented\OAS2_0171\OAS2_0171_slice_13_z141.png,Non_Demented/OAS2_0171/OAS2_0171_slice_13_z141.png,Non-Demented/OAS2_0171/OAS2_0171_slice_13_z141.png,OAS2_0171,Non-Demented,0,1,Very Mild Dementia,0,-3.448534197722736,7.640007038729507,-4.155429536546823,0.5014196544892611
OASIS_2,LinearSVM,13,test,motion__severe,motion,severe,D:\OASIS_2\distortions_128\motion\severe\Non_Demented\OAS2_0171\OAS2_0171_slice_14_z146.png,Non_Demented/OAS2_0171/OAS2_0171_slice_14_z146.png,Non-Demented/OAS2_0171/OAS2_0171_slice_14_z146.png,OAS2_0171,Non-Demented,0,1,Very Mild Dementia,0,-5.903873133516327,8.248942547301057,-3.0550392265191544,1.9406418840715216
OASIS_2,LinearSVM,13,test,motion__severe,motion,severe,D:\OASIS_2\distortions_128\motion\severe\Non_Demented\OAS2_0171\OAS2_0171_slice_15_z151.png,Non_Demented/OAS2_0171/OAS2_0171_slice_15_z151.png,Non-Demented/OAS2_0171/OAS2_0171_slice_15_z151.png,OAS2_0171,Non-Demented,0,1,Very Mild Dementia,0,-5.0089700217056645,6.475630629016567,-2.7449771920308708,0.793703330604602
OASIS_2,LinearSVM,13,test,motion__severe,motion,severe,D:\OASIS_2\distortions_128\motion\severe\Non_Demented\OAS2_0171\OAS2_0171_slice_16_z157.png,Non_Demented/OAS2_0171/OAS2_0171_slice_16_z157.png,Non-Demented/OAS2_0171/OAS2_0171_slice_16_z157.png,OAS2_0171,Non-Demented,0,1,Very Mild Dementia,0,-4.597465242420349,5.409365424522895,-1.096591858441821,0.7144861616336462
OASIS_2,LinearSVM,13,test,motion__severe,motion,severe,D:\OASIS_2\distortions_128\motion\severe\Non_Demented\OAS2_0171\OAS2_0171_slice_17_z162.png,Non_Demented/OAS2_0171/OAS2_0171_slice_17_z162.png,Non-Demented/OAS2_0171/OAS2_0171_slice_17_z162.png,OAS2_0171,Non-Demented,0,1,Very Mild Dementia,0,-0.47378213525325485,3.0648831727984995,-4.224394198401243,0.9367140809320227
OASIS_2,LinearSVM,13,test,motion__severe,motion,severe,D:\OASIS_2\distortions_128\motion\severe\Non_Demented\OAS2_0171\OAS2_0171_slice_18_z167.png,Non_Demented/OAS2_0171/OAS2_0171_slice_18_z167.png,Non-Demented/OAS2_0171/OAS2_0171_slice_18_z167.png,OAS2_0171,Non-Demented,0,1,Very Mild Dementia,0,-4.030789467393466,4.301519669370706,-1.9203360348293106,0.7216846818621239
OASIS_2,LinearSVM,13,test,motion__severe,motion,severe,D:\OASIS_2\distortions_128\motion\severe\Non_Demented\OAS2_0171\OAS2_0171_slice_19_z173.png,Non_Demented/OAS2_0171/OAS2_0171_slice_19_z173.png,Non-Demented/OAS2_0171/OAS2_0171_slice_19_z173.png,OAS2_0171,Non-Demented,0,1,Very Mild Dementia,0,-2.0846968084776076,2.695496587964139,-1.7205929877539377,-0.4671701311857341
OASIS_2,LinearSVM,13,test,motion__severe,motion,severe,D:\OASIS_2\distortions_128\motion\severe\Non_Demented\OAS2_0171\OAS2_0171_slice_20_z178.png,Non_Demented/OAS2_0171/OAS2_0171_slice_20_z178.png,Non-Demented/OAS2_0171/OAS2_0171_slice_20_z178.png,OAS2_0171,Non-Demented,0,1,Very Mild Dementia,0,-2.1252839180919696,2.5571905196261917,-1.0440775850488284,-0.8767037407312367
OASIS_2,LinearSVM,13,test,motion__severe,motion,severe,D:\OASIS_2\distortions_128\motion\severe\Very_Mild_Dementia\OAS2_0009\OAS2_0009_slice_01_z077.png,Very_Mild_Dementia/OAS2_0009/OAS2_0009_slice_01_z077.png,Very Mild Dementia/OAS2_0009/OAS2_0009_slice_01_z077.png,OAS2_0009,Very Mild Dementia,1,1,Very Mild Dementia,1,-3.6578443505158753,3.2459161608601517,-2.395799274629729,2.07454407427091
OASIS_2,LinearSVM,13,test,motion__severe,motion,severe,D:\OASIS_2\distortions_128\motion\severe\Very_Mild_Dementia\OAS2_0009\OAS2_0009_slice_02_z082.png,Very_Mild_Dementia/OAS2_0009/OAS2_0009_slice_02_z082.png,Very Mild Dementia/OAS2_0009/OAS2_0009_slice_02_z082.png,OAS2_0009,Very Mild Dementia,1,1,Very Mild Dementia,1,-6.494722252408465,3.1864934219578807,1.5157784420683156,1.6428948506179677
OASIS_2,LinearSVM,13,test,motion__severe,motion,severe,D:\OASIS_2\distortions_128\motion\severe\Very_Mild_Dementia\OAS2_0009\OAS2_0009_slice_03_z088.png,Very_Mild_Dementia/OAS2_0009/OAS2_0009_slice_03_z088.png,Very Mild Dementia/OAS2_0009/OAS2_0009_slice_03_z088.png,OAS2_0009,Very Mild Dementia,1,1,Very Mild Dementia,1,-4.013485615642207,2.4248153407729283,-0.15085510220685272,1.18037251943823
OASIS_2,LinearSVM,13,test,motion__severe,motion,severe,D:\OASIS_2\distortions_128\motion\severe\Very_Mild_Dementia\OAS2_0009\OAS2_0009_slice_04_z093.png,Very_Mild_Dementia/OAS2_0009/OAS2_0009_slice_04_z093.png,Very Mild Dementia/OAS2_0009/OAS2_0009_slice_04_z093.png,OAS2_0009,Very Mild Dementia,1,1,Very Mild Dementia,1,-3.1315536367474786,3.949977123061134,-1.316679111215521,0.024869442611756276
OASIS_2,LinearSVM,13,test,motion__severe,motion,severe,D:\OASIS_2\distortions_128\motion\severe\Very_Mild_Dementia\OAS2_0009\OAS2_0009_slice_05_z098.png,Very_Mild_Dementia/OAS2_0009/OAS2_0009_slice_05_z098.png,Very Mild Dementia/OAS2_0009/OAS2_0009_slice_05_z098.png,OAS2_0009,Very Mild Dementia,1,1,Very Mild Dementia,1,-3.559346537844538,3.4275869910339174,-1.4406299577088062,0.6861699049203298
OASIS_2,LinearSVM,13,test,motion__severe,motion,severe,D:\OASIS_2\distortions_128\motion\severe\Very_Mild_Dementia\OAS2_0009\OAS2_0009_slice_06_z104.png,Very_Mild_Dementia/OAS2_0009/OAS2_0009_slice_06_z104.png,Very Mild Dementia/OAS2_0009/OAS2_0009_slice_06_z104.png,OAS2_0009,Very Mild Dementia,1,1,Very Mild Dementia,1,-4.504673964529396,4.552451204978269,-0.8717102419108923,0.2736107102921117
OASIS_2,LinearSVM,13,test,motion__severe,motion,severe,D:\OASIS_2\distortions_128\motion\severe\Very_Mild_Dementia\OAS2_0009\OAS2_0009_slice_07_z109.png,Very_Mild_Dementia/OAS2_0009/OAS2_0009_slice_07_z109.png,Very Mild Dementia/OAS2_0009/OAS2_0009_slice_07_z109.png,OAS2_0009,Very Mild Dementia,1,1,Very Mild Dementia,1,-3.1869866133389304,6.6730375474530454,-3.6854348771294543,0.2242689721894815
OASIS_2,LinearSVM,13,test,motion__severe,motion,severe,D:\OASIS_2\distortions_128\motion\severe\Very_Mild_Dementia\OAS2_0009\OAS2_0009_slice_08_z114.png,Very_Mild_Dementia/OAS2_0009/OAS2_0009_slice_08_z114.png,Very Mild Dementia/OAS2_0009/OAS2_0009_slice_08_z114.png,OAS2_0009,Very Mild Dementia,1,1,Very Mild Dementia,1,-2.6803675374725677,4.826865865946173,-3.4196876753991674,0.717294476662846
OASIS_2,LinearSVM,13,test,motion__severe,motion,severe,D:\OASIS_2\distortions_128\motion\severe\Very_Mild_Dementia\OAS2_0009\OAS2_0009_slice_09_z120.png,Very_Mild_Dementia/OAS2_0009/OAS2_0009_slice_09_z120.png,Very Mild Dementia/OAS2_0009/OAS2_0009_slice_09_z120.png,OAS2_0009,Very Mild Dementia,1,1,Very Mild Dementia,1,-3.2461283900283413,5.073564967033544,-1.7298092406499765,1.576074422250902
OASIS_2,LinearSVM,13,test,motion__severe,motion,severe,D:\OASIS_2\distortions_128\motion\severe\Very_Mild_Dementia\OAS2_0009\OAS2_0009_slice_10_z125.png,Very_Mild_Dementia/OAS2_0009/OAS2_0009_slice_10_z125.png,Very Mild Dementia/OAS2_0009/OAS2_0009_slice_10_z125.png,OAS2_0009,Very Mild Dementia,1,1,Very Mild Dementia,1,-4.749351490174528,8.461882021328732,-4.062930262921492,-0.07302747104602803
OASIS_2,LinearSVM,13,test,motion__severe,motion,severe,D:\OASIS_2\distortions_128\motion\severe\Very_Mild_Dementia\OAS2_0009\OAS2_0009_slice_11_z130.png,Very_Mild_Dementia/OAS2_0009/OAS2_0009_slice_11_z130.png,Very Mild Dementia/OAS2_0009/OAS2_0009_slice_11_z130.png,OAS2_0009,Very Mild Dementia,1,1,Very Mild Dementia,1,-2.5373348490197887,3.4464790442907303,-3.022425178182102,1.8199822374280137
OASIS_2,LinearSVM,13,test,motion__severe,motion,severe,D:\OASIS_2\distortions_128\motion\severe\Very_Mild_Dementia\OAS2_0009\OAS2_0009_slice_12_z135.png,Very_Mild_Dementia/OAS2_0009/OAS2_0009_slice_12_z135.png,Very Mild Dementia/OAS2_0009/OAS2_0009_slice_12_z135.png,OAS2_0009,Very Mild Dementia,1,1,Very Mild Dementia,1,-1.568544086224795,2.4174776461846466,-2.1838163787340754,0.813903143414334
OASIS_2,LinearSVM,13,test,motion__severe,motion,severe,D:\OASIS_2\distortions_128\motion\severe\Very_Mild_Dementia\OAS2_0009\OAS2_0009_slice_13_z141.png,Very_Mild_Dementia/OAS2_0009/OAS2_0009_slice_13_z141.png,Very Mild Dementia/OAS2_0009/OAS2_0009_slice_13_z141.png,OAS2_0009,Very Mild Dementia,1,1,Very Mild Dementia,1,-2.45445172458442,5.824616617732766,-4.7560429550620436,0.7410492513939715
OASIS_2,LinearSVM,13,test,motion__severe,motion,severe,D:\OASIS_2\distortions_128\motion\severe\Very_Mild_Dementia\OAS2_0009\OAS2_0009_slice_14_z146.png,Very_Mild_Dementia/OAS2_0009/OAS2_0009_slice_14_z146.png,Very Mild Dementia/OAS2_0009/OAS2_0009_slice_14_z146.png,OAS2_0009,Very Mild Dementia,1,1,Very Mild Dementia,1,-5.7835086956310064,7.353736408007837,-2.6416366628259356,2.207963933235236
OASIS_2,LinearSVM,13,test,motion__severe,motion,severe,D:\OASIS_2\distortions_128\motion\severe\Very_Mild_Dementia\OAS2_0009\OAS2_0009_slice_15_z151.png,Very_Mild_Dementia/OAS2_0009/OAS2_0009_slice_15_z151.png,Very Mild Dementia/OAS2_0009/OAS2_0009_slice_15_z151.png,OAS2_0009,Very Mild Dementia,1,1,Very Mild Dementia,1,-4.341395892243815,4.246676950671428,-2.498521171976334,1.841535546518934
OASIS_2,LinearSVM,13,test,motion__severe,motion,severe,D:\OASIS_2\distortions_128\motion\severe\Very_Mild_Dementia\OAS2_0009\OAS2_0009_slice_16_z157.png,Very_Mild_Dementia/OAS2_0009/OAS2_0009_slice_16_z157.png,Very Mild Dementia/OAS2_0009/OAS2_0009_slice_16_z157.png,OAS2_0009,Very Mild Dementia,1,1,Very Mild Dementia,1,-0.7290320043747086,6.346934611881636,-5.199993150260113,0.2732500156684734
OASIS_2,LinearSVM,13,test,motion__severe,motion,severe,D:\OASIS_2\distortions_128\motion\severe\Very_Mild_Dementia\OAS2_0009\OAS2_0009_slice_17_z162.png,Very_Mild_Dementia/OAS2_0009/OAS2_0009_slice_17_z162.png,Very Mild Dementia/OAS2_0009/OAS2_0009_slice_17_z162.png,OAS2_0009,Very Mild Dementia,1,1,Very Mild Dementia,1,-2.467724986781206,1.7254533759777197,-1.483367689199019,1.0331018511273862
OASIS_2,LinearSVM,13,test,motion__severe,motion,severe,D:\OASIS_2\distortions_128\motion\severe\Very_Mild_Dementia\OAS2_0009\OAS2_0009_slice_18_z167.png,Very_Mild_Dementia/OAS2_0009/OAS2_0009_slice_18_z167.png,Very Mild Dementia/OAS2_0009/OAS2_0009_slice_18_z167.png,OAS2_0009,Very Mild Dementia,1,1,Very Mild Dementia,1,-3.3276677535081607,1.6973364275045058,0.5409484169335257,1.007979543101437
OASIS_2,LinearSVM,13,test,motion__severe,motion,severe,D:\OASIS_2\distortions_128\motion\severe\Very_Mild_Dementia\OAS2_0009\OAS2_0009_slice_19_z173.png,Very_Mild_Dementia/OAS2_0009/OAS2_0009_slice_19_z173.png,Very Mild Dementia/OAS2_0009/OAS2_0009_slice_19_z173.png,OAS2_0009,Very Mild Dementia,1,1,Very Mild Dementia,1,-6.101257124206915,4.962443235309062,-0.8495246419236899,1.6179375360007469
OASIS_2,LinearSVM,13,test,motion__severe,motion,severe,D:\OASIS_2\distortions_128\motion\severe\Very_Mild_Dementia\OAS2_0009\OAS2_0009_slice_20_z178.png,Very_Mild_Dementia/OAS2_0009/OAS2_0009_slice_20_z178.png,Very Mild Dementia/OAS2_0009/OAS2_0009_slice_20_z178.png,OAS2_0009,Very Mild Dementia,1,1,Very Mild Dementia,1,-3.6101888843813996,2.033244664253067,0.6826654134760182,0.2867018110203532
OASIS_2,LinearSVM,13,test,motion__severe,motion,severe,D:\OASIS_2\distortions_128\motion\severe\Very_Mild_Dementia\OAS2_0020\OAS2_0020_slice_01_z077.png,Very_Mild_Dementia/OAS2_0020/OAS2_0020_slice_01_z077.png,Very Mild Dementia/OAS2_0020/OAS2_0020_slice_01_z077.png,OAS2_0020,Very Mild Dementia,1,1,Very Mild Dementia,1,-1.3723705857306867,2.977575205380743,-2.5710415897166756,-0.21595163579643184
OASIS_2,LinearSVM,13,test,motion__severe,motion,severe,D:\OASIS_2\distortions_128\motion\severe\Very_Mild_Dementia\OAS2_0020\OAS2_0020_slice_02_z082.png,Very_Mild_Dementia/OAS2_0020/OAS2_0020_slice_02_z082.png,Very Mild Dementia/OAS2_0020/OAS2_0020_slice_02_z082.png,OAS2_0020,Very Mild Dementia,1,1,Very Mild Dementia,1,-1.7868826730136669,4.577471769488102,-3.722348106108896,1.5098802114761418
OASIS_2,LinearSVM,13,test,motion__severe,motion,severe,D:\OASIS_2\distortions_128\motion\severe\Very_Mild_Dementia\OAS2_0020\OAS2_0020_slice_03_z088.png,Very_Mild_Dementia/OAS2_0020/OAS2_0020_slice_03_z088.png,Very Mild Dementia/OAS2_0020/OAS2_0020_slice_03_z088.png,OAS2_0020,Very Mild Dementia,1,3,Moderate Dementia,0,-2.103000212771982,2.4637164521045922,-2.220223917816223,2.4897998849441114
OASIS_2,LinearSVM,13,test,motion__severe,motion,severe,D:\OASIS_2\distortions_128\motion\severe\Very_Mild_Dementia\OAS2_0020\OAS2_0020_slice_04_z093.png,Very_Mild_Dementia/OAS2_0020/OAS2_0020_slice_04_z093.png,Very Mild Dementia/OAS2_0020/OAS2_0020_slice_04_z093.png,OAS2_0020,Very Mild Dementia,1,1,Very Mild Dementia,1,-0.5554903290609458,2.4350083987422315,-2.0800856973528363,0.5810223116644966
OASIS_2,LinearSVM,13,test,motion__severe,motion,severe,D:\OASIS_2\distortions_128\motion\severe\Very_Mild_Dementia\OAS2_0020\OAS2_0020_slice_05_z098.png,Very_Mild_Dementia/OAS2_0020/OAS2_0020_slice_05_z098.png,Very Mild Dementia/OAS2_0020/OAS2_0020_slice_05_z098.png,OAS2_0020,Very Mild Dementia,1,1,Very Mild Dementia,1,-4.596792193553207,6.075265251135893,-2.1469103205525606,0.689348122902826
OASIS_2,LinearSVM,13,test,motion__severe,motion,severe,D:\OASIS_2\distortions_128\motion\severe\Very_Mild_Dementia\OAS2_0020\OAS2_0020_slice_06_z104.png,Very_Mild_Dementia/OAS2_0020/OAS2_0020_slice_06_z104.png,Very Mild Dementia/OAS2_0020/OAS2_0020_slice_06_z104.png,OAS2_0020,Very Mild Dementia,1,1,Very Mild Dementia,1,-2.670481724391183,3.9198255557338064,-2.052460984093364,-0.6487160143679687
OASIS_2,LinearSVM,13,test,motion__severe,motion,severe,D:\OASIS_2\distortions_128\motion\severe\Very_Mild_Dementia\OAS2_0020\OAS2_0020_slice_07_z109.png,Very_Mild_Dementia/OAS2_0020/OAS2_0020_slice_07_z109.png,Very Mild Dementia/OAS2_0020/OAS2_0020_slice_07_z109.png,OAS2_0020,Very Mild Dementia,1,1,Very Mild Dementia,1,-2.850731742203375,3.7207132464148915,-1.4637079880540689,0.34176837648392544
OASIS_2,LinearSVM,13,test,motion__severe,motion,severe,D:\OASIS_2\distortions_128\motion\severe\Very_Mild_Dementia\OAS2_0020\OAS2_0020_slice_08_z114.png,Very_Mild_Dementia/OAS2_0020/OAS2_0020_slice_08_z114.png,Very Mild Dementia/OAS2_0020/OAS2_0020_slice_08_z114.png,OAS2_0020,Very Mild Dementia,1,1,Very Mild Dementia,1,-4.995874167951808,5.306848933498247,-0.7316426650143066,0.0011072700695431426
OASIS_2,LinearSVM,13,test,motion__severe,motion,severe,D:\OASIS_2\distortions_128\motion\severe\Very_Mild_Dementia\OAS2_0020\OAS2_0020_slice_09_z120.png,Very_Mild_Dementia/OAS2_0020/OAS2_0020_slice_09_z120.png,Very Mild Dementia/OAS2_0020/OAS2_0020_slice_09_z120.png,OAS2_0020,Very Mild Dementia,1,1,Very Mild Dementia,1,-0.46546089156621084,3.492594512313784,-3.9219243030963566,-0.09057877956539828
OASIS_2,LinearSVM,13,test,motion__severe,motion,severe,D:\OASIS_2\distortions_128\motion\severe\Very_Mild_Dementia\OAS2_0020\OAS2_0020_slice_10_z125.png,Very_Mild_Dementia/OAS2_0020/OAS2_0020_slice_10_z125.png,Very Mild Dementia/OAS2_0020/OAS2_0020_slice_10_z125.png,OAS2_0020,Very Mild Dementia,1,1,Very Mild Dementia,1,-3.4016154796186857,4.1883523237301175,-2.3256710348293894,0.7291997542399231
OASIS_2,LinearSVM,13,test,motion__severe,motion,severe,D:\OASIS_2\distortions_128\motion\severe\Very_Mild_Dementia\OAS2_0020\OAS2_0020_slice_11_z130.png,Very_Mild_Dementia/OAS2_0020/OAS2_0020_slice_11_z130.png,Very Mild Dementia/OAS2_0020/OAS2_0020_slice_11_z130.png,OAS2_0020,Very Mild Dementia,1,1,Very Mild Dementia,1,-1.8582241421880599,6.249291575685491,-3.0698955035659985,-0.40924199418945295
OASIS_2,LinearSVM,13,test,motion__severe,motion,severe,D:\OASIS_2\distortions_128\motion\severe\Very_Mild_Dementia\OAS2_0020\OAS2_0020_slice_12_z135.png,Very_Mild_Dementia/OAS2_0020/OAS2_0020_slice_12_z135.png,Very Mild Dementia/OAS2_0020/OAS2_0020_slice_12_z135.png,OAS2_0020,Very Mild Dementia,1,1,Very Mild Dementia,1,-3.240833466780752,3.9627534164627147,-2.4374766959549135,0.6207389968613435
OASIS_2,LinearSVM,13,test,motion__severe,motion,severe,D:\OASIS_2\distortions_128\motion\severe\Very_Mild_Dementia\OAS2_0020\OAS2_0020_slice_13_z141.png,Very_Mild_Dementia/OAS2_0020/OAS2_0020_slice_13_z141.png,Very Mild Dementia/OAS2_0020/OAS2_0020_slice_13_z141.png,OAS2_0020,Very Mild Dementia,1,1,Very Mild Dementia,1,-5.038631813520102,6.12388740887376,-1.8245460675567042,0.6656518961589766
OASIS_2,LinearSVM,13,test,motion__severe,motion,severe,D:\OASIS_2\distortions_128\motion\severe\Very_Mild_Dementia\OAS2_0020\OAS2_0020_slice_14_z146.png,Very_Mild_Dementia/OAS2_0020/OAS2_0020_slice_14_z146.png,Very Mild Dementia/OAS2_0020/OAS2_0020_slice_14_z146.png,OAS2_0020,Very Mild Dementia,1,1,Very Mild Dementia,1,-4.010613449635091,4.596563448842649,-2.017208317049578,1.3538139173564918
OASIS_2,LinearSVM,13,test,motion__severe,motion,severe,D:\OASIS_2\distortions_128\motion\severe\Very_Mild_Dementia\OAS2_0020\OAS2_0020_slice_15_z151.png,Very_Mild_Dementia/OAS2_0020/OAS2_0020_slice_15_z151.png,Very Mild Dementia/OAS2_0020/OAS2_0020_slice_15_z151.png,OAS2_0020,Very Mild Dementia,1,1,Very Mild Dementia,1,-5.2138154971499535,5.998068841559925,-2.6998986435467893,0.450514880353996
OASIS_2,LinearSVM,13,test,motion__severe,motion,severe,D:\OASIS_2\distortions_128\motion\severe\Very_Mild_Dementia\OAS2_0020\OAS2_0020_slice_16_z157.png,Very_Mild_Dementia/OAS2_0020/OAS2_0020_slice_16_z157.png,Very Mild Dementia/OAS2_0020/OAS2_0020_slice_16_z157.png,OAS2_0020,Very Mild Dementia,1,1,Very Mild Dementia,1,-8.89443419743405,8.814022378302825,-2.498237203829226,2.5872917588901196
OASIS_2,LinearSVM,13,test,motion__severe,motion,severe,D:\OASIS_2\distortions_128\motion\severe\Very_Mild_Dementia\OAS2_0020\OAS2_0020_slice_17_z162.png,Very_Mild_Dementia/OAS2_0020/OAS2_0020_slice_17_z162.png,Very Mild Dementia/OAS2_0020/OAS2_0020_slice_17_z162.png,OAS2_0020,Very Mild Dementia,1,1,Very Mild Dementia,1,-5.202768343706042,5.6897511318674,-2.506904898748163,1.3891707544863845
OASIS_2,LinearSVM,13,test,motion__severe,motion,severe,D:\OASIS_2\distortions_128\motion\severe\Very_Mild_Dementia\OAS2_0020\OAS2_0020_slice_18_z167.png,Very_Mild_Dementia/OAS2_0020/OAS2_0020_slice_18_z167.png,Very Mild Dementia/OAS2_0020/OAS2_0020_slice_18_z167.png,OAS2_0020,Very Mild Dementia,1,1,Very Mild Dementia,1,-5.947676255888955,7.194255789988763,-0.9505381137859804,0.5037976530061785
OASIS_2,LinearSVM,13,test,motion__severe,motion,severe,D:\OASIS_2\distortions_128\motion\severe\Very_Mild_Dementia\OAS2_0020\OAS2_0020_slice_19_z173.png,Very_Mild_Dementia/OAS2_0020/OAS2_0020_slice_19_z173.png,Very Mild Dementia/OAS2_0020/OAS2_0020_slice_19_z173.png,OAS2_0020,Very Mild Dementia,1,1,Very Mild Dementia,1,-3.936566226241839,3.9617293058166,-1.650996638930551,0.5291309891176799
OASIS_2,LinearSVM,13,test,motion__severe,motion,severe,D:\OASIS_2\distortions_128\motion\severe\Very_Mild_Dementia\OAS2_0020\OAS2_0020_slice_20_z178.png,Very_Mild_Dementia/OAS2_0020/OAS2_0020_slice_20_z178.png,Very Mild Dementia/OAS2_0020/OAS2_0020_slice_20_z178.png,OAS2_0020,Very Mild Dementia,1,1,Very Mild Dementia,1,-2.8177900314361275,3.138100986963949,0.6394803116964216,-1.3159185353313583
OASIS_2,LinearSVM,13,test,motion__severe,motion,severe,D:\OASIS_2\distortions_128\motion\severe\Very_Mild_Dementia\OAS2_0021\OAS2_0021_slice_01_z077.png,Very_Mild_Dementia/OAS2_0021/OAS2_0021_slice_01_z077.png,Very Mild Dementia/OAS2_0021/OAS2_0021_slice_01_z077.png,OAS2_0021,Very Mild Dementia,1,1,Very Mild Dementia,1,-3.0923159245452836,7.06715610226322,-5.844218847258636,1.2377675462166127
OASIS_2,LinearSVM,13,test,motion__severe,motion,severe,D:\OASIS_2\distortions_128\motion\severe\Very_Mild_Dementia\OAS2_0021\OAS2_0021_slice_02_z082.png,Very_Mild_Dementia/OAS2_0021/OAS2_0021_slice_02_z082.png,Very Mild Dementia/OAS2_0021/OAS2_0021_slice_02_z082.png,OAS2_0021,Very Mild Dementia,1,1,Very Mild Dementia,1,-1.2162639859287814,4.320422727546514,-5.493828169328663,1.3436164631802607
OASIS_2,LinearSVM,13,test,motion__severe,motion,severe,D:\OASIS_2\distortions_128\motion\severe\Very_Mild_Dementia\OAS2_0021\OAS2_0021_slice_03_z088.png,Very_Mild_Dementia/OAS2_0021/OAS2_0021_slice_03_z088.png,Very Mild Dementia/OAS2_0021/OAS2_0021_slice_03_z088.png,OAS2_0021,Very Mild Dementia,1,1,Very Mild Dementia,1,-0.15869594599229686,0.687810869914076,0.19772426810416122,0.21562760755310073
OASIS_2,LinearSVM,13,test,motion__severe,motion,severe,D:\OASIS_2\distortions_128\motion\severe\Very_Mild_Dementia\OAS2_0021\OAS2_0021_slice_04_z093.png,Very_Mild_Dementia/OAS2_0021/OAS2_0021_slice_04_z093.png,Very Mild Dementia/OAS2_0021/OAS2_0021_slice_04_z093.png,OAS2_0021,Very Mild Dementia,1,1,Very Mild Dementia,1,-5.110126038371407,6.858808207080941,-2.2586292572551603,0.6999511352295591
OASIS_2,LinearSVM,13,test,motion__severe,motion,severe,D:\OASIS_2\distortions_128\motion\severe\Very_Mild_Dementia\OAS2_0021\OAS2_0021_slice_05_z098.png,Very_Mild_Dementia/OAS2_0021/OAS2_0021_slice_05_z098.png,Very Mild Dementia/OAS2_0021/OAS2_0021_slice_05_z098.png,OAS2_0021,Very Mild Dementia,1,1,Very Mild Dementia,1,-2.420081855553702,4.124450913569714,-1.3958459041768227,1.1101197273414156
OASIS_2,LinearSVM,13,test,motion__severe,motion,severe,D:\OASIS_2\distortions_128\motion\severe\Very_Mild_Dementia\OAS2_0021\OAS2_0021_slice_06_z104.png,Very_Mild_Dementia/OAS2_0021/OAS2_0021_slice_06_z104.png,Very Mild Dementia/OAS2_0021/OAS2_0021_slice_06_z104.png,OAS2_0021,Very Mild Dementia,1,1,Very Mild Dementia,1,-2.3139312734384365,6.187131222299996,-3.832195764542072,0.9860883746673303
OASIS_2,LinearSVM,13,test,motion__severe,motion,severe,D:\OASIS_2\distortions_128\motion\severe\Very_Mild_Dementia\OAS2_0021\OAS2_0021_slice_07_z109.png,Very_Mild_Dementia/OAS2_0021/OAS2_0021_slice_07_z109.png,Very Mild Dementia/OAS2_0021/OAS2_0021_slice_07_z109.png,OAS2_0021,Very Mild Dementia,1,2,Mild Dementia,0,-0.7393279910249744,0.3444890917439253,0.49056669353179005,0.3134515398528237
OASIS_2,LinearSVM,13,test,motion__severe,motion,severe,D:\OASIS_2\distortions_128\motion\severe\Very_Mild_Dementia\OAS2_0021\OAS2_0021_slice_08_z114.png,Very_Mild_Dementia/OAS2_0021/OAS2_0021_slice_08_z114.png,Very Mild Dementia/OAS2_0021/OAS2_0021_slice_08_z114.png,OAS2_0021,Very Mild Dementia,1,1,Very Mild Dementia,1,-6.303543256491463,6.315979082810966,0.677629920918364,0.8004194152950332
OASIS_2,LinearSVM,13,test,motion__severe,motion,severe,D:\OASIS_2\distortions_128\motion\severe\Very_Mild_Dementia\OAS2_0021\OAS2_0021_slice_09_z120.png,Very_Mild_Dementia/OAS2_0021/OAS2_0021_slice_09_z120.png,Very Mild Dementia/OAS2_0021/OAS2_0021_slice_09_z120.png,OAS2_0021,Very Mild Dementia,1,1,Very Mild Dementia,1,-2.449543918639775,7.769110813045457,-6.601801177053345,1.0853271273125338
OASIS_2,LinearSVM,13,test,motion__severe,motion,severe,D:\OASIS_2\distortions_128\motion\severe\Very_Mild_Dementia\OAS2_0021\OAS2_0021_slice_10_z125.png,Very_Mild_Dementia/OAS2_0021/OAS2_0021_slice_10_z125.png,Very Mild Dementia/OAS2_0021/OAS2_0021_slice_10_z125.png,OAS2_0021,Very Mild Dementia,1,1,Very Mild Dementia,1,-3.092107630928156,6.7966680489009486,-3.3244688838112006,0.0019040410665519536
OASIS_2,LinearSVM,13,test,motion__severe,motion,severe,D:\OASIS_2\distortions_128\motion\severe\Very_Mild_Dementia\OAS2_0021\OAS2_0021_slice_11_z130.png,Very_Mild_Dementia/OAS2_0021/OAS2_0021_slice_11_z130.png,Very Mild Dementia/OAS2_0021/OAS2_0021_slice_11_z130.png,OAS2_0021,Very Mild Dementia,1,1,Very Mild Dementia,1,-5.7432972642636875,7.062249636699157,-0.18531214810654117,-0.1748621961400164
OASIS_2,LinearSVM,13,test,motion__severe,motion,severe,D:\OASIS_2\distortions_128\motion\severe\Very_Mild_Dementia\OAS2_0021\OAS2_0021_slice_12_z135.png,Very_Mild_Dementia/OAS2_0021/OAS2_0021_slice_12_z135.png,Very Mild Dementia/OAS2_0021/OAS2_0021_slice_12_z135.png,OAS2_0021,Very Mild Dementia,1,1,Very Mild Dementia,1,-6.2898280065659025,11.444280288610459,-4.140673959564216,0.4173499673256065
OASIS_2,LinearSVM,13,test,motion__severe,motion,severe,D:\OASIS_2\distortions_128\motion\severe\Very_Mild_Dementia\OAS2_0021\OAS2_0021_slice_13_z141.png,Very_Mild_Dementia/OAS2_0021/OAS2_0021_slice_13_z141.png,Very Mild Dementia/OAS2_0021/OAS2_0021_slice_13_z141.png,OAS2_0021,Very Mild Dementia,1,1,Very Mild Dementia,1,-5.031776933020179,7.805015462224849,-0.9767380222365981,-0.05573136398440459
OASIS_2,LinearSVM,13,test,motion__severe,motion,severe,D:\OASIS_2\distortions_128\motion\severe\Very_Mild_Dementia\OAS2_0021\OAS2_0021_slice_14_z146.png,Very_Mild_Dementia/OAS2_0021/OAS2_0021_slice_14_z146.png,Very Mild Dementia/OAS2_0021/OAS2_0021_slice_14_z146.png,OAS2_0021,Very Mild Dementia,1,1,Very Mild Dementia,1,-3.1114912455755426,9.26710060761224,-3.2815635407054504,0.16838885811925697
OASIS_2,LinearSVM,13,test,motion__severe,motion,severe,D:\OASIS_2\distortions_128\motion\severe\Very_Mild_Dementia\OAS2_0021\OAS2_0021_slice_15_z151.png,Very_Mild_Dementia/OAS2_0021/OAS2_0021_slice_15_z151.png,Very Mild Dementia/OAS2_0021/OAS2_0021_slice_15_z151.png,OAS2_0021,Very Mild Dementia,1,1,Very Mild Dementia,1,-3.470458740599365,5.526350700386355,-2.529541312934847,0.47934361461516173
OASIS_2,LinearSVM,13,test,motion__severe,motion,severe,D:\OASIS_2\distortions_128\motion\severe\Very_Mild_Dementia\OAS2_0021\OAS2_0021_slice_16_z157.png,Very_Mild_Dementia/OAS2_0021/OAS2_0021_slice_16_z157.png,Very Mild Dementia/OAS2_0021/OAS2_0021_slice_16_z157.png,OAS2_0021,Very Mild Dementia,1,1,Very Mild Dementia,1,-5.9322199229916475,7.580635610253908,-2.6471256560490355,1.627213755903401
OASIS_2,LinearSVM,13,test,motion__severe,motion,severe,D:\OASIS_2\distortions_128\motion\severe\Very_Mild_Dementia\OAS2_0021\OAS2_0021_slice_17_z162.png,Very_Mild_Dementia/OAS2_0021/OAS2_0021_slice_17_z162.png,Very Mild Dementia/OAS2_0021/OAS2_0021_slice_17_z162.png,OAS2_0021,Very Mild Dementia,1,1,Very Mild Dementia,1,-4.24993751491116,6.0146706344799155,-2.161613129271442,0.370150975709429
OASIS_2,LinearSVM,13,test,motion__severe,motion,severe,D:\OASIS_2\distortions_128\motion\severe\Very_Mild_Dementia\OAS2_0021\OAS2_0021_slice_18_z167.png,Very_Mild_Dementia/OAS2_0021/OAS2_0021_slice_18_z167.png,Very Mild Dementia/OAS2_0021/OAS2_0021_slice_18_z167.png,OAS2_0021,Very Mild Dementia,1,1,Very Mild Dementia,1,-6.586946442906264,5.465483339580261,-1.8408925804887446,2.179386814640052
OASIS_2,LinearSVM,13,test,motion__severe,motion,severe,D:\OASIS_2\distortions_128\motion\severe\Very_Mild_Dementia\OAS2_0021\OAS2_0021_slice_19_z173.png,Very_Mild_Dementia/OAS2_0021/OAS2_0021_slice_19_z173.png,Very Mild Dementia/OAS2_0021/OAS2_0021_slice_19_z173.png,OAS2_0021,Very Mild Dementia,1,1,Very Mild Dementia,1,-5.525584734047444,4.729593271242341,0.34663523164078935,1.171071585238038
OASIS_2,LinearSVM,13,test,motion__severe,motion,severe,D:\OASIS_2\distortions_128\motion\severe\Very_Mild_Dementia\OAS2_0021\OAS2_0021_slice_20_z178.png,Very_Mild_Dementia/OAS2_0021/OAS2_0021_slice_20_z178.png,Very Mild Dementia/OAS2_0021/OAS2_0021_slice_20_z178.png,OAS2_0021,Very Mild Dementia,1,1,Very Mild Dementia,1,-1.6752019532289721,4.495096336429409,-3.7916832794332302,-0.008638630879834297
OASIS_2,LinearSVM,13,test,motion__severe,motion,severe,D:\OASIS_2\distortions_128\motion\severe\Very_Mild_Dementia\OAS2_0040\OAS2_0040_slice_01_z077.png,Very_Mild_Dementia/OAS2_0040/OAS2_0040_slice_01_z077.png,Very Mild Dementia/OAS2_0040/OAS2_0040_slice_01_z077.png,OAS2_0040,Very Mild Dementia,1,1,Very Mild Dementia,1,-3.9022819466656222,2.6336089369660844,1.1160486907915972,-0.24783311150444787
OASIS_2,LinearSVM,13,test,motion__severe,motion,severe,D:\OASIS_2\distortions_128\motion\severe\Very_Mild_Dementia\OAS2_0040\OAS2_0040_slice_02_z082.png,Very_Mild_Dementia/OAS2_0040/OAS2_0040_slice_02_z082.png,Very Mild Dementia/OAS2_0040/OAS2_0040_slice_02_z082.png,OAS2_0040,Very Mild Dementia,1,1,Very Mild Dementia,1,-3.221531433515546,5.772615633805752,-3.661495078032953,-0.7479313291135383
OASIS_2,LinearSVM,13,test,motion__severe,motion,severe,D:\OASIS_2\distortions_128\motion\severe\Very_Mild_Dementia\OAS2_0040\OAS2_0040_slice_03_z088.png,Very_Mild_Dementia/OAS2_0040/OAS2_0040_slice_03_z088.png,Very Mild Dementia/OAS2_0040/OAS2_0040_slice_03_z088.png,OAS2_0040,Very Mild Dementia,1,1,Very Mild Dementia,1,-1.902733064840445,3.980109095975274,-2.5178007514871403,-0.3160349342892248
OASIS_2,LinearSVM,13,test,motion__severe,motion,severe,D:\OASIS_2\distortions_128\motion\severe\Very_Mild_Dementia\OAS2_0040\OAS2_0040_slice_04_z093.png,Very_Mild_Dementia/OAS2_0040/OAS2_0040_slice_04_z093.png,Very Mild Dementia/OAS2_0040/OAS2_0040_slice_04_z093.png,OAS2_0040,Very Mild Dementia,1,1,Very Mild Dementia,1,-0.9792655283235282,5.2118771427956565,-4.8682048563580835,-0.5100836892390008
OASIS_2,LinearSVM,13,test,motion__severe,motion,severe,D:\OASIS_2\distortions_128\motion\severe\Very_Mild_Dementia\OAS2_0040\OAS2_0040_slice_05_z098.png,Very_Mild_Dementia/OAS2_0040/OAS2_0040_slice_05_z098.png,Very Mild Dementia/OAS2_0040/OAS2_0040_slice_05_z098.png,OAS2_0040,Very Mild Dementia,1,1,Very Mild Dementia,1,-1.8889175561153668,4.138376723307635,-3.083254731675118,-0.09469884993263977
OASIS_2,LinearSVM,13,test,motion__severe,motion,severe,D:\OASIS_2\distortions_128\motion\severe\Very_Mild_Dementia\OAS2_0040\OAS2_0040_slice_06_z104.png,Very_Mild_Dementia/OAS2_0040/OAS2_0040_slice_06_z104.png,Very Mild Dementia/OAS2_0040/OAS2_0040_slice_06_z104.png,OAS2_0040,Very Mild Dementia,1,1,Very Mild Dementia,1,-1.2575877816528074,4.6656305655360475,-3.630861957117948,0.5474165299605889
OASIS_2,LinearSVM,13,test,motion__severe,motion,severe,D:\OASIS_2\distortions_128\motion\severe\Very_Mild_Dementia\OAS2_0040\OAS2_0040_slice_07_z109.png,Very_Mild_Dementia/OAS2_0040/OAS2_0040_slice_07_z109.png,Very Mild Dementia/OAS2_0040/OAS2_0040_slice_07_z109.png,OAS2_0040,Very Mild Dementia,1,1,Very Mild Dementia,1,-5.004125766561822,6.432659700027435,-2.490894102962778,1.3528145798598605
OASIS_2,LinearSVM,13,test,motion__severe,motion,severe,D:\OASIS_2\distortions_128\motion\severe\Very_Mild_Dementia\OAS2_0040\OAS2_0040_slice_08_z114.png,Very_Mild_Dementia/OAS2_0040/OAS2_0040_slice_08_z114.png,Very Mild Dementia/OAS2_0040/OAS2_0040_slice_08_z114.png,OAS2_0040,Very Mild Dementia,1,1,Very Mild Dementia,1,-1.9796744993444082,6.076442723136069,-4.274109302214199,-0.13553240890866292
OASIS_2,LinearSVM,13,test,motion__severe,motion,severe,D:\OASIS_2\distortions_128\motion\severe\Very_Mild_Dementia\OAS2_0040\OAS2_0040_slice_09_z120.png,Very_Mild_Dementia/OAS2_0040/OAS2_0040_slice_09_z120.png,Very Mild Dementia/OAS2_0040/OAS2_0040_slice_09_z120.png,OAS2_0040,Very Mild Dementia,1,1,Very Mild Dementia,1,-3.8719833857570647,6.200220026951081,-3.418832412163974,0.010851372011023042
OASIS_2,LinearSVM,13,test,motion__severe,motion,severe,D:\OASIS_2\distortions_128\motion\severe\Very_Mild_Dementia\OAS2_0040\OAS2_0040_slice_10_z125.png,Very_Mild_Dementia/OAS2_0040/OAS2_0040_slice_10_z125.png,Very Mild Dementia/OAS2_0040/OAS2_0040_slice_10_z125.png,OAS2_0040,Very Mild Dementia,1,1,Very Mild Dementia,1,-0.9861651324059992,3.1001305032416764,-3.730420962397356,0.05113804905728858
OASIS_2,LinearSVM,13,test,motion__severe,motion,severe,D:\OASIS_2\distortions_128\motion\severe\Very_Mild_Dementia\OAS2_0040\OAS2_0040_slice_11_z130.png,Very_Mild_Dementia/OAS2_0040/OAS2_0040_slice_11_z130.png,Very Mild Dementia/OAS2_0040/OAS2_0040_slice_11_z130.png,OAS2_0040,Very Mild Dementia,1,1,Very Mild Dementia,1,-2.4685873686583495,3.4285388333518605,-1.5675952784398095,-0.027821548212495384
OASIS_2,LinearSVM,13,test,motion__severe,motion,severe,D:\OASIS_2\distortions_128\motion\severe\Very_Mild_Dementia\OAS2_0040\OAS2_0040_slice_12_z135.png,Very_Mild_Dementia/OAS2_0040/OAS2_0040_slice_12_z135.png,Very Mild Dementia/OAS2_0040/OAS2_0040_slice_12_z135.png,OAS2_0040,Very Mild Dementia,1,3,Moderate Dementia,0,-1.1965288997745667,1.0882197918970835,-2.4619295590376957,1.2524135341436096
OASIS_2,LinearSVM,13,test,motion__severe,motion,severe,D:\OASIS_2\distortions_128\motion\severe\Very_Mild_Dementia\OAS2_0040\OAS2_0040_slice_13_z141.png,Very_Mild_Dementia/OAS2_0040/OAS2_0040_slice_13_z141.png,Very Mild Dementia/OAS2_0040/OAS2_0040_slice_13_z141.png,OAS2_0040,Very Mild Dementia,1,1,Very Mild Dementia,1,-1.4590259950504985,1.7149430840465618,-1.7091280226351053,-0.38231443444202706
OASIS_2,LinearSVM,13,test,motion__severe,motion,severe,D:\OASIS_2\distortions_128\motion\severe\Very_Mild_Dementia\OAS2_0040\OAS2_0040_slice_14_z146.png,Very_Mild_Dementia/OAS2_0040/OAS2_0040_slice_14_z146.png,Very Mild Dementia/OAS2_0040/OAS2_0040_slice_14_z146.png,OAS2_0040,Very Mild Dementia,1,1,Very Mild Dementia,1,-2.8330619052304615,3.1543333356558647,-1.2784432025417272,-0.03805693159185308
OASIS_2,LinearSVM,13,test,motion__severe,motion,severe,D:\OASIS_2\distortions_128\motion\severe\Very_Mild_Dementia\OAS2_0040\OAS2_0040_slice_15_z151.png,Very_Mild_Dementia/OAS2_0040/OAS2_0040_slice_15_z151.png,Very Mild Dementia/OAS2_0040/OAS2_0040_slice_15_z151.png,OAS2_0040,Very Mild Dementia,1,1,Very Mild Dementia,1,-3.8185119142434045,3.352628132645773,-0.7841394030810062,0.24987602621486515
OASIS_2,LinearSVM,13,test,motion__severe,motion,severe,D:\OASIS_2\distortions_128\motion\severe\Very_Mild_Dementia\OAS2_0040\OAS2_0040_slice_16_z157.png,Very_Mild_Dementia/OAS2_0040/OAS2_0040_slice_16_z157.png,Very Mild Dementia/OAS2_0040/OAS2_0040_slice_16_z157.png,OAS2_0040,Very Mild Dementia,1,1,Very Mild Dementia,1,-1.8735690950660264,1.9762544191270994,-0.5107952888445214,-0.5267543395427328
OASIS_2,LinearSVM,13,test,motion__severe,motion,severe,D:\OASIS_2\distortions_128\motion\severe\Very_Mild_Dementia\OAS2_0040\OAS2_0040_slice_17_z162.png,Very_Mild_Dementia/OAS2_0040/OAS2_0040_slice_17_z162.png,Very Mild Dementia/OAS2_0040/OAS2_0040_slice_17_z162.png,OAS2_0040,Very Mild Dementia,1,0,Non-Demented,0,0.026561805849074673,-0.2902804898999131,-0.5168713261592683,-0.7798133519106824
OASIS_2,LinearSVM,13,test,motion__severe,motion,severe,D:\OASIS_2\distortions_128\motion\severe\Very_Mild_Dementia\OAS2_0040\OAS2_0040_slice_18_z167.png,Very_Mild_Dementia/OAS2_0040/OAS2_0040_slice_18_z167.png,Very Mild Dementia/OAS2_0040/OAS2_0040_slice_18_z167.png,OAS2_0040,Very Mild Dementia,1,1,Very Mild Dementia,1,-0.3603986722627652,0.18325083949878554,-1.1157386592200818,-0.769677174320567
OASIS_2,LinearSVM,13,test,motion__severe,motion,severe,D:\OASIS_2\distortions_128\motion\severe\Very_Mild_Dementia\OAS2_0040\OAS2_0040_slice_19_z173.png,Very_Mild_Dementia/OAS2_0040/OAS2_0040_slice_19_z173.png,Very Mild Dementia/OAS2_0040/OAS2_0040_slice_19_z173.png,OAS2_0040,Very Mild Dementia,1,1,Very Mild Dementia,1,-1.3681469465379892,0.8774589807412333,-0.6940194730140146,-0.7997822401115178
OASIS_2,LinearSVM,13,test,motion__severe,motion,severe,D:\OASIS_2\distortions_128\motion\severe\Very_Mild_Dementia\OAS2_0040\OAS2_0040_slice_20_z178.png,Very_Mild_Dementia/OAS2_0040/OAS2_0040_slice_20_z178.png,Very Mild Dementia/OAS2_0040/OAS2_0040_slice_20_z178.png,OAS2_0040,Very Mild Dementia,1,1,Very Mild Dementia,1,-1.3507236182227715,1.143431231149423,-1.1984447886978253,-1.0201274862826797
OASIS_2,LinearSVM,13,test,motion__severe,motion,severe,D:\OASIS_2\distortions_128\motion\severe\Very_Mild_Dementia\OAS2_0098\OAS2_0098_slice_01_z077.png,Very_Mild_Dementia/OAS2_0098/OAS2_0098_slice_01_z077.png,Very Mild Dementia/OAS2_0098/OAS2_0098_slice_01_z077.png,OAS2_0098,Very Mild Dementia,1,1,Very Mild Dementia,1,-3.724422958110346,2.897612004387392,0.7199013640789198,-0.015341888213809551
OASIS_2,LinearSVM,13,test,motion__severe,motion,severe,D:\OASIS_2\distortions_128\motion\severe\Very_Mild_Dementia\OAS2_0098\OAS2_0098_slice_02_z082.png,Very_Mild_Dementia/OAS2_0098/OAS2_0098_slice_02_z082.png,Very Mild Dementia/OAS2_0098/OAS2_0098_slice_02_z082.png,OAS2_0098,Very Mild Dementia,1,1,Very Mild Dementia,1,-4.3395455606423115,3.861377823256946,-1.1077642615462522,1.3828352006703275
OASIS_2,LinearSVM,13,test,motion__severe,motion,severe,D:\OASIS_2\distortions_128\motion\severe\Very_Mild_Dementia\OAS2_0098\OAS2_0098_slice_03_z088.png,Very_Mild_Dementia/OAS2_0098/OAS2_0098_slice_03_z088.png,Very Mild Dementia/OAS2_0098/OAS2_0098_slice_03_z088.png,OAS2_0098,Very Mild Dementia,1,1,Very Mild Dementia,1,-3.510488906790507,2.7006105178990345,-0.9680324645724044,1.0846111919443953
OASIS_2,LinearSVM,13,test,motion__severe,motion,severe,D:\OASIS_2\distortions_128\motion\severe\Very_Mild_Dementia\OAS2_0098\OAS2_0098_slice_04_z093.png,Very_Mild_Dementia/OAS2_0098/OAS2_0098_slice_04_z093.png,Very Mild Dementia/OAS2_0098/OAS2_0098_slice_04_z093.png,OAS2_0098,Very Mild Dementia,1,1,Very Mild Dementia,1,-7.222657545498446,11.249746038436308,-5.332256398081034,1.560138621273437
OASIS_2,LinearSVM,13,test,motion__severe,motion,severe,D:\OASIS_2\distortions_128\motion\severe\Very_Mild_Dementia\OAS2_0098\OAS2_0098_slice_05_z098.png,Very_Mild_Dementia/OAS2_0098/OAS2_0098_slice_05_z098.png,Very Mild Dementia/OAS2_0098/OAS2_0098_slice_05_z098.png,OAS2_0098,Very Mild Dementia,1,1,Very Mild Dementia,1,-5.858622343562132,4.465896632132831,-0.5082654361948054,2.294904952701994
OASIS_2,LinearSVM,13,test,motion__severe,motion,severe,D:\OASIS_2\distortions_128\motion\severe\Very_Mild_Dementia\OAS2_0098\OAS2_0098_slice_06_z104.png,Very_Mild_Dementia/OAS2_0098/OAS2_0098_slice_06_z104.png,Very Mild Dementia/OAS2_0098/OAS2_0098_slice_06_z104.png,OAS2_0098,Very Mild Dementia,1,1,Very Mild Dementia,1,-4.77411990937731,6.881582321512402,-2.2311026077983422,0.7381813336745471
OASIS_2,LinearSVM,13,test,motion__severe,motion,severe,D:\OASIS_2\distortions_128\motion\severe\Very_Mild_Dementia\OAS2_0098\OAS2_0098_slice_07_z109.png,Very_Mild_Dementia/OAS2_0098/OAS2_0098_slice_07_z109.png,Very Mild Dementia/OAS2_0098/OAS2_0098_slice_07_z109.png,OAS2_0098,Very Mild Dementia,1,1,Very Mild Dementia,1,-5.553208052243139,6.77092108504108,-2.4671420634104253,1.4459756213809252
OASIS_2,LinearSVM,13,test,motion__severe,motion,severe,D:\OASIS_2\distortions_128\motion\severe\Very_Mild_Dementia\OAS2_0098\OAS2_0098_slice_08_z114.png,Very_Mild_Dementia/OAS2_0098/OAS2_0098_slice_08_z114.png,Very Mild Dementia/OAS2_0098/OAS2_0098_slice_08_z114.png,OAS2_0098,Very Mild Dementia,1,1,Very Mild Dementia,1,-3.9970050808458097,9.257730322278348,-4.854138352949965,0.5341293358901957
OASIS_2,LinearSVM,13,test,motion__severe,motion,severe,D:\OASIS_2\distortions_128\motion\severe\Very_Mild_Dementia\OAS2_0098\OAS2_0098_slice_09_z120.png,Very_Mild_Dementia/OAS2_0098/OAS2_0098_slice_09_z120.png,Very Mild Dementia/OAS2_0098/OAS2_0098_slice_09_z120.png,OAS2_0098,Very Mild Dementia,1,1,Very Mild Dementia,1,-2.5858329183356346,2.597449495535112,-0.9370590312340705,0.09253426648157848
OASIS_2,LinearSVM,13,test,motion__severe,motion,severe,D:\OASIS_2\distortions_128\motion\severe\Very_Mild_Dementia\OAS2_0098\OAS2_0098_slice_10_z125.png,Very_Mild_Dementia/OAS2_0098/OAS2_0098_slice_10_z125.png,Very Mild Dementia/OAS2_0098/OAS2_0098_slice_10_z125.png,OAS2_0098,Very Mild Dementia,1,1,Very Mild Dementia,1,-6.110024461797286,12.265423756926253,-7.581160176934139,1.5693437994789292
OASIS_2,LinearSVM,13,test,motion__severe,motion,severe,D:\OASIS_2\distortions_128\motion\severe\Very_Mild_Dementia\OAS2_0098\OAS2_0098_slice_11_z130.png,Very_Mild_Dementia/OAS2_0098/OAS2_0098_slice_11_z130.png,Very Mild Dementia/OAS2_0098/OAS2_0098_slice_11_z130.png,OAS2_0098,Very Mild Dementia,1,1,Very Mild Dementia,1,-3.9952298627558074,4.383888052342908,0.8177633201630201,1.400293865083459
OASIS_2,LinearSVM,13,test,motion__severe,motion,severe,D:\OASIS_2\distortions_128\motion\severe\Very_Mild_Dementia\OAS2_0098\OAS2_0098_slice_12_z135.png,Very_Mild_Dementia/OAS2_0098/OAS2_0098_slice_12_z135.png,Very Mild Dementia/OAS2_0098/OAS2_0098_slice_12_z135.png,OAS2_0098,Very Mild Dementia,1,1,Very Mild Dementia,1,-6.9029656485241215,8.825266838666746,-1.6865790442010435,1.4009559948871653
OASIS_2,LinearSVM,13,test,motion__severe,motion,severe,D:\OASIS_2\distortions_128\motion\severe\Very_Mild_Dementia\OAS2_0098\OAS2_0098_slice_13_z141.png,Very_Mild_Dementia/OAS2_0098/OAS2_0098_slice_13_z141.png,Very Mild Dementia/OAS2_0098/OAS2_0098_slice_13_z141.png,OAS2_0098,Very Mild Dementia,1,1,Very Mild Dementia,1,-4.192024833995509,5.461320174202801,-0.8987435200804603,1.4279993901932633
OASIS_2,LinearSVM,13,test,motion__severe,motion,severe,D:\OASIS_2\distortions_128\motion\severe\Very_Mild_Dementia\OAS2_0098\OAS2_0098_slice_14_z146.png,Very_Mild_Dementia/OAS2_0098/OAS2_0098_slice_14_z146.png,Very Mild Dementia/OAS2_0098/OAS2_0098_slice_14_z146.png,OAS2_0098,Very Mild Dementia,1,1,Very Mild Dementia,1,-5.769175869633872,6.704595818931928,-1.4104163840992294,1.0985662495089294
OASIS_2,LinearSVM,13,test,motion__severe,motion,severe,D:\OASIS_2\distortions_128\motion\severe\Very_Mild_Dementia\OAS2_0098\OAS2_0098_slice_15_z151.png,Very_Mild_Dementia/OAS2_0098/OAS2_0098_slice_15_z151.png,Very Mild Dementia/OAS2_0098/OAS2_0098_slice_15_z151.png,OAS2_0098,Very Mild Dementia,1,1,Very Mild Dementia,1,-0.9518660055401081,2.6049464653280534,-2.629362567039631,0.5402413613727988
OASIS_2,LinearSVM,13,test,motion__severe,motion,severe,D:\OASIS_2\distortions_128\motion\severe\Very_Mild_Dementia\OAS2_0098\OAS2_0098_slice_16_z157.png,Very_Mild_Dementia/OAS2_0098/OAS2_0098_slice_16_z157.png,Very Mild Dementia/OAS2_0098/OAS2_0098_slice_16_z157.png,OAS2_0098,Very Mild Dementia,1,1,Very Mild Dementia,1,-4.53930097924333,5.047090407201045,-2.248383109465271,1.0024745988496582
OASIS_2,LinearSVM,13,test,motion__severe,motion,severe,D:\OASIS_2\distortions_128\motion\severe\Very_Mild_Dementia\OAS2_0098\OAS2_0098_slice_17_z162.png,Very_Mild_Dementia/OAS2_0098/OAS2_0098_slice_17_z162.png,Very Mild Dementia/OAS2_0098/OAS2_0098_slice_17_z162.png,OAS2_0098,Very Mild Dementia,1,1,Very Mild Dementia,1,-3.906676094588471,4.0741918915591775,-1.8075224728406034,1.1516909696445858
OASIS_2,LinearSVM,13,test,motion__severe,motion,severe,D:\OASIS_2\distortions_128\motion\severe\Very_Mild_Dementia\OAS2_0098\OAS2_0098_slice_18_z167.png,Very_Mild_Dementia/OAS2_0098/OAS2_0098_slice_18_z167.png,Very Mild Dementia/OAS2_0098/OAS2_0098_slice_18_z167.png,OAS2_0098,Very Mild Dementia,1,1,Very Mild Dementia,1,-1.8729181486590671,2.1290850341861463,-0.5848808318012741,-0.2226933043972229
OASIS_2,LinearSVM,13,test,motion__severe,motion,severe,D:\OASIS_2\distortions_128\motion\severe\Very_Mild_Dementia\OAS2_0098\OAS2_0098_slice_19_z173.png,Very_Mild_Dementia/OAS2_0098/OAS2_0098_slice_19_z173.png,Very Mild Dementia/OAS2_0098/OAS2_0098_slice_19_z173.png,OAS2_0098,Very Mild Dementia,1,1,Very Mild Dementia,1,-5.149328148794959,6.102983140855032,-0.7991589591848077,0.11313803353438434
OASIS_2,LinearSVM,13,test,motion__severe,motion,severe,D:\OASIS_2\distortions_128\motion\severe\Very_Mild_Dementia\OAS2_0098\OAS2_0098_slice_20_z178.png,Very_Mild_Dementia/OAS2_0098/OAS2_0098_slice_20_z178.png,Very Mild Dementia/OAS2_0098/OAS2_0098_slice_20_z178.png,OAS2_0098,Very Mild Dementia,1,1,Very Mild Dementia,1,-7.1444275441384,6.97554520429443,-1.2286719705411135,1.2074423741677474
OASIS_2,LinearSVM,13,test,motion__severe,motion,severe,D:\OASIS_2\distortions_128\motion\severe\Very_Mild_Dementia\OAS2_0102\OAS2_0102_slice_01_z077.png,Very_Mild_Dementia/OAS2_0102/OAS2_0102_slice_01_z077.png,Very Mild Dementia/OAS2_0102/OAS2_0102_slice_01_z077.png,OAS2_0102,Very Mild Dementia,1,1,Very Mild Dementia,1,-4.691814407576517,5.5458047242916315,-1.3838153380990241,-0.4927502023256939
OASIS_2,LinearSVM,13,test,motion__severe,motion,severe,D:\OASIS_2\distortions_128\motion\severe\Very_Mild_Dementia\OAS2_0102\OAS2_0102_slice_02_z082.png,Very_Mild_Dementia/OAS2_0102/OAS2_0102_slice_02_z082.png,Very Mild Dementia/OAS2_0102/OAS2_0102_slice_02_z082.png,OAS2_0102,Very Mild Dementia,1,1,Very Mild Dementia,1,-5.400820817128709,6.241611167219442,-1.1273280429938686,1.3197488329889064
OASIS_2,LinearSVM,13,test,motion__severe,motion,severe,D:\OASIS_2\distortions_128\motion\severe\Very_Mild_Dementia\OAS2_0102\OAS2_0102_slice_03_z088.png,Very_Mild_Dementia/OAS2_0102/OAS2_0102_slice_03_z088.png,Very Mild Dementia/OAS2_0102/OAS2_0102_slice_03_z088.png,OAS2_0102,Very Mild Dementia,1,1,Very Mild Dementia,1,-1.5852079169865583,3.316182194306865,-2.2308545845092853,-0.15370685080050672
OASIS_2,LinearSVM,13,test,motion__severe,motion,severe,D:\OASIS_2\distortions_128\motion\severe\Very_Mild_Dementia\OAS2_0102\OAS2_0102_slice_04_z093.png,Very_Mild_Dementia/OAS2_0102/OAS2_0102_slice_04_z093.png,Very Mild Dementia/OAS2_0102/OAS2_0102_slice_04_z093.png,OAS2_0102,Very Mild Dementia,1,1,Very Mild Dementia,1,-3.8039459056432414,6.296117501766311,-2.9380392901679464,0.4857366999873838
OASIS_2,LinearSVM,13,test,motion__severe,motion,severe,D:\OASIS_2\distortions_128\motion\severe\Very_Mild_Dementia\OAS2_0102\OAS2_0102_slice_05_z098.png,Very_Mild_Dementia/OAS2_0102/OAS2_0102_slice_05_z098.png,Very Mild Dementia/OAS2_0102/OAS2_0102_slice_05_z098.png,OAS2_0102,Very Mild Dementia,1,1,Very Mild Dementia,1,-2.0828077414353583,4.746473238922879,-3.1926093947567233,-0.5138733955589379
OASIS_2,LinearSVM,13,test,motion__severe,motion,severe,D:\OASIS_2\distortions_128\motion\severe\Very_Mild_Dementia\OAS2_0102\OAS2_0102_slice_06_z104.png,Very_Mild_Dementia/OAS2_0102/OAS2_0102_slice_06_z104.png,Very Mild Dementia/OAS2_0102/OAS2_0102_slice_06_z104.png,OAS2_0102,Very Mild Dementia,1,1,Very Mild Dementia,1,-6.243349147299502,11.870857311714234,-5.222458548420619,0.8703060595271799
OASIS_2,LinearSVM,13,test,motion__severe,motion,severe,D:\OASIS_2\distortions_128\motion\severe\Very_Mild_Dementia\OAS2_0102\OAS2_0102_slice_07_z109.png,Very_Mild_Dementia/OAS2_0102/OAS2_0102_slice_07_z109.png,Very Mild Dementia/OAS2_0102/OAS2_0102_slice_07_z109.png,OAS2_0102,Very Mild Dementia,1,1,Very Mild Dementia,1,-5.566900741286019,9.299614292787025,-3.7986749451337722,0.6503413361158064
OASIS_2,LinearSVM,13,test,motion__severe,motion,severe,D:\OASIS_2\distortions_128\motion\severe\Very_Mild_Dementia\OAS2_0102\OAS2_0102_slice_08_z114.png,Very_Mild_Dementia/OAS2_0102/OAS2_0102_slice_08_z114.png,Very Mild Dementia/OAS2_0102/OAS2_0102_slice_08_z114.png,OAS2_0102,Very Mild Dementia,1,1,Very Mild Dementia,1,-7.202194687071318,7.470448349425269,-2.772976700718379,2.234556752206834
OASIS_2,LinearSVM,13,test,motion__severe,motion,severe,D:\OASIS_2\distortions_128\motion\severe\Very_Mild_Dementia\OAS2_0102\OAS2_0102_slice_09_z120.png,Very_Mild_Dementia/OAS2_0102/OAS2_0102_slice_09_z120.png,Very Mild Dementia/OAS2_0102/OAS2_0102_slice_09_z120.png,OAS2_0102,Very Mild Dementia,1,1,Very Mild Dementia,1,-4.1680956818581,4.895796852670556,-1.0046298040405641,0.6837838605084496
OASIS_2,LinearSVM,13,test,motion__severe,motion,severe,D:\OASIS_2\distortions_128\motion\severe\Very_Mild_Dementia\OAS2_0102\OAS2_0102_slice_10_z125.png,Very_Mild_Dementia/OAS2_0102/OAS2_0102_slice_10_z125.png,Very Mild Dementia/OAS2_0102/OAS2_0102_slice_10_z125.png,OAS2_0102,Very Mild Dementia,1,1,Very Mild Dementia,1,-5.810569551977703,8.415015314288588,-3.200566167394225,0.53670577228658
OASIS_2,LinearSVM,13,test,motion__severe,motion,severe,D:\OASIS_2\distortions_128\motion\severe\Very_Mild_Dementia\OAS2_0102\OAS2_0102_slice_11_z130.png,Very_Mild_Dementia/OAS2_0102/OAS2_0102_slice_11_z130.png,Very Mild Dementia/OAS2_0102/OAS2_0102_slice_11_z130.png,OAS2_0102,Very Mild Dementia,1,1,Very Mild Dementia,1,-5.172367000215398,5.765600543972851,-1.8737698440753345,0.46739189203388154
OASIS_2,LinearSVM,13,test,motion__severe,motion,severe,D:\OASIS_2\distortions_128\motion\severe\Very_Mild_Dementia\OAS2_0102\OAS2_0102_slice_12_z135.png,Very_Mild_Dementia/OAS2_0102/OAS2_0102_slice_12_z135.png,Very Mild Dementia/OAS2_0102/OAS2_0102_slice_12_z135.png,OAS2_0102,Very Mild Dementia,1,1,Very Mild Dementia,1,-3.137910749542506,5.820473234655354,-3.2974421641130034,-0.48228294601048644
OASIS_2,LinearSVM,13,test,motion__severe,motion,severe,D:\OASIS_2\distortions_128\motion\severe\Very_Mild_Dementia\OAS2_0102\OAS2_0102_slice_13_z141.png,Very_Mild_Dementia/OAS2_0102/OAS2_0102_slice_13_z141.png,Very Mild Dementia/OAS2_0102/OAS2_0102_slice_13_z141.png,OAS2_0102,Very Mild Dementia,1,1,Very Mild Dementia,1,-4.324037499147798,3.9467818680743423,-1.1235071913161518,-0.0360305160042933
OASIS_2,LinearSVM,13,test,motion__severe,motion,severe,D:\OASIS_2\distortions_128\motion\severe\Very_Mild_Dementia\OAS2_0102\OAS2_0102_slice_14_z146.png,Very_Mild_Dementia/OAS2_0102/OAS2_0102_slice_14_z146.png,Very Mild Dementia/OAS2_0102/OAS2_0102_slice_14_z146.png,OAS2_0102,Very Mild Dementia,1,1,Very Mild Dementia,1,-3.1935758701054935,4.656836307395895,-1.3911537282471573,-0.14183197122289604
OASIS_2,LinearSVM,13,test,motion__severe,motion,severe,D:\OASIS_2\distortions_128\motion\severe\Very_Mild_Dementia\OAS2_0102\OAS2_0102_slice_15_z151.png,Very_Mild_Dementia/OAS2_0102/OAS2_0102_slice_15_z151.png,Very Mild Dementia/OAS2_0102/OAS2_0102_slice_15_z151.png,OAS2_0102,Very Mild Dementia,1,1,Very Mild Dementia,1,-4.533456265125703,5.629100034776928,-0.5195585727919964,-0.041860692553672085
OASIS_2,LinearSVM,13,test,motion__severe,motion,severe,D:\OASIS_2\distortions_128\motion\severe\Very_Mild_Dementia\OAS2_0102\OAS2_0102_slice_16_z157.png,Very_Mild_Dementia/OAS2_0102/OAS2_0102_slice_16_z157.png,Very Mild Dementia/OAS2_0102/OAS2_0102_slice_16_z157.png,OAS2_0102,Very Mild Dementia,1,1,Very Mild Dementia,1,-4.517434362340182,3.4435604860015103,0.09959784746811717,-0.6870597738673652
OASIS_2,LinearSVM,13,test,motion__severe,motion,severe,D:\OASIS_2\distortions_128\motion\severe\Very_Mild_Dementia\OAS2_0102\OAS2_0102_slice_17_z162.png,Very_Mild_Dementia/OAS2_0102/OAS2_0102_slice_17_z162.png,Very Mild Dementia/OAS2_0102/OAS2_0102_slice_17_z162.png,OAS2_0102,Very Mild Dementia,1,1,Very Mild Dementia,1,-0.7166583559753695,1.868093884237999,-1.0231219527006563,-1.185138206713663
OASIS_2,LinearSVM,13,test,motion__severe,motion,severe,D:\OASIS_2\distortions_128\motion\severe\Very_Mild_Dementia\OAS2_0102\OAS2_0102_slice_18_z167.png,Very_Mild_Dementia/OAS2_0102/OAS2_0102_slice_18_z167.png,Very Mild Dementia/OAS2_0102/OAS2_0102_slice_18_z167.png,OAS2_0102,Very Mild Dementia,1,1,Very Mild Dementia,1,-0.42798090149014784,0.24258076130392878,-0.29282895624570826,-1.0710112284502205
OASIS_2,LinearSVM,13,test,motion__severe,motion,severe,D:\OASIS_2\distortions_128\motion\severe\Very_Mild_Dementia\OAS2_0102\OAS2_0102_slice_19_z173.png,Very_Mild_Dementia/OAS2_0102/OAS2_0102_slice_19_z173.png,Very Mild Dementia/OAS2_0102/OAS2_0102_slice_19_z173.png,OAS2_0102,Very Mild Dementia,1,0,Non-Demented,0,0.4479808760584708,-0.11849024469557383,-0.9977492246797481,-1.3020542637084
OASIS_2,LinearSVM,13,test,motion__severe,motion,severe,D:\OASIS_2\distortions_128\motion\severe\Very_Mild_Dementia\OAS2_0102\OAS2_0102_slice_20_z178.png,Very_Mild_Dementia/OAS2_0102/OAS2_0102_slice_20_z178.png,Very Mild Dementia/OAS2_0102/OAS2_0102_slice_20_z178.png,OAS2_0102,Very Mild Dementia,1,1,Very Mild Dementia,1,-1.1324280423660555,0.703143405809239,-0.6373619823049534,-1.058493544325517
OASIS_2,LinearSVM,13,test,motion__severe,motion,severe,D:\OASIS_2\distortions_128\motion\severe\Very_Mild_Dementia\OAS2_0103\OAS2_0103_slice_01_z077.png,Very_Mild_Dementia/OAS2_0103/OAS2_0103_slice_01_z077.png,Very Mild Dementia/OAS2_0103/OAS2_0103_slice_01_z077.png,OAS2_0103,Very Mild Dementia,1,1,Very Mild Dementia,1,-2.3078560787216738,2.8866861556497243,-1.063109328552563,0.2025635028264583
OASIS_2,LinearSVM,13,test,motion__severe,motion,severe,D:\OASIS_2\distortions_128\motion\severe\Very_Mild_Dementia\OAS2_0103\OAS2_0103_slice_02_z082.png,Very_Mild_Dementia/OAS2_0103/OAS2_0103_slice_02_z082.png,Very Mild Dementia/OAS2_0103/OAS2_0103_slice_02_z082.png,OAS2_0103,Very Mild Dementia,1,1,Very Mild Dementia,1,-2.677091633187024,3.0289714640454273,-0.11355852933173427,1.175495635687898
OASIS_2,LinearSVM,13,test,motion__severe,motion,severe,D:\OASIS_2\distortions_128\motion\severe\Very_Mild_Dementia\OAS2_0103\OAS2_0103_slice_03_z088.png,Very_Mild_Dementia/OAS2_0103/OAS2_0103_slice_03_z088.png,Very Mild Dementia/OAS2_0103/OAS2_0103_slice_03_z088.png,OAS2_0103,Very Mild Dementia,1,1,Very Mild Dementia,1,-1.5291091571506286,3.372312500124673,-1.2227503458787243,0.10188139083406722
OASIS_2,LinearSVM,13,test,motion__severe,motion,severe,D:\OASIS_2\distortions_128\motion\severe\Very_Mild_Dementia\OAS2_0103\OAS2_0103_slice_04_z093.png,Very_Mild_Dementia/OAS2_0103/OAS2_0103_slice_04_z093.png,Very Mild Dementia/OAS2_0103/OAS2_0103_slice_04_z093.png,OAS2_0103,Very Mild Dementia,1,1,Very Mild Dementia,1,-3.2055598625716457,3.6494768318329682,0.7030269832605247,0.12627738398718824
OASIS_2,LinearSVM,13,test,motion__severe,motion,severe,D:\OASIS_2\distortions_128\motion\severe\Very_Mild_Dementia\OAS2_0103\OAS2_0103_slice_05_z098.png,Very_Mild_Dementia/OAS2_0103/OAS2_0103_slice_05_z098.png,Very Mild Dementia/OAS2_0103/OAS2_0103_slice_05_z098.png,OAS2_0103,Very Mild Dementia,1,1,Very Mild Dementia,1,-3.8454751126619597,3.6731734352680214,-0.8311580729726411,-0.19996477815191005
OASIS_2,LinearSVM,13,test,motion__severe,motion,severe,D:\OASIS_2\distortions_128\motion\severe\Very_Mild_Dementia\OAS2_0103\OAS2_0103_slice_06_z104.png,Very_Mild_Dementia/OAS2_0103/OAS2_0103_slice_06_z104.png,Very Mild Dementia/OAS2_0103/OAS2_0103_slice_06_z104.png,OAS2_0103,Very Mild Dementia,1,1,Very Mild Dementia,1,-0.6159963397242391,0.8502561329617605,-0.872374165645862,-0.26431355327913064
OASIS_2,LinearSVM,13,test,motion__severe,motion,severe,D:\OASIS_2\distortions_128\motion\severe\Very_Mild_Dementia\OAS2_0103\OAS2_0103_slice_07_z109.png,Very_Mild_Dementia/OAS2_0103/OAS2_0103_slice_07_z109.png,Very Mild Dementia/OAS2_0103/OAS2_0103_slice_07_z109.png,OAS2_0103,Very Mild Dementia,1,1,Very Mild Dementia,1,-5.573602755437479,5.799505976654018,0.25847853336076854,0.8040025177566157
OASIS_2,LinearSVM,13,test,motion__severe,motion,severe,D:\OASIS_2\distortions_128\motion\severe\Very_Mild_Dementia\OAS2_0103\OAS2_0103_slice_08_z114.png,Very_Mild_Dementia/OAS2_0103/OAS2_0103_slice_08_z114.png,Very Mild Dementia/OAS2_0103/OAS2_0103_slice_08_z114.png,OAS2_0103,Very Mild Dementia,1,1,Very Mild Dementia,1,-3.8342670548566953,5.824074087333065,-1.6301923094391142,-0.6239124620204697
OASIS_2,LinearSVM,13,test,motion__severe,motion,severe,D:\OASIS_2\distortions_128\motion\severe\Very_Mild_Dementia\OAS2_0103\OAS2_0103_slice_09_z120.png,Very_Mild_Dementia/OAS2_0103/OAS2_0103_slice_09_z120.png,Very Mild Dementia/OAS2_0103/OAS2_0103_slice_09_z120.png,OAS2_0103,Very Mild Dementia,1,1,Very Mild Dementia,1,-5.026438378730802,5.33835665400674,-1.9013816975316027,0.7576552754488173
OASIS_2,LinearSVM,13,test,motion__severe,motion,severe,D:\OASIS_2\distortions_128\motion\severe\Very_Mild_Dementia\OAS2_0103\OAS2_0103_slice_10_z125.png,Very_Mild_Dementia/OAS2_0103/OAS2_0103_slice_10_z125.png,Very Mild Dementia/OAS2_0103/OAS2_0103_slice_10_z125.png,OAS2_0103,Very Mild Dementia,1,1,Very Mild Dementia,1,-2.651939997345578,3.061222027973844,-1.065923942500135,0.4651068332063597
OASIS_2,LinearSVM,13,test,motion__severe,motion,severe,D:\OASIS_2\distortions_128\motion\severe\Very_Mild_Dementia\OAS2_0103\OAS2_0103_slice_11_z130.png,Very_Mild_Dementia/OAS2_0103/OAS2_0103_slice_11_z130.png,Very Mild Dementia/OAS2_0103/OAS2_0103_slice_11_z130.png,OAS2_0103,Very Mild Dementia,1,1,Very Mild Dementia,1,-3.5061812376716484,7.302299324958604,-4.027579671732997,-0.1326527138553678
OASIS_2,LinearSVM,13,test,motion__severe,motion,severe,D:\OASIS_2\distortions_128\motion\severe\Very_Mild_Dementia\OAS2_0103\OAS2_0103_slice_12_z135.png,Very_Mild_Dementia/OAS2_0103/OAS2_0103_slice_12_z135.png,Very Mild Dementia/OAS2_0103/OAS2_0103_slice_12_z135.png,OAS2_0103,Very Mild Dementia,1,1,Very Mild Dementia,1,-2.5110353155891265,3.8935304945606384,-2.268492896822034,1.31201494056668
OASIS_2,LinearSVM,13,test,motion__severe,motion,severe,D:\OASIS_2\distortions_128\motion\severe\Very_Mild_Dementia\OAS2_0103\OAS2_0103_slice_13_z141.png,Very_Mild_Dementia/OAS2_0103/OAS2_0103_slice_13_z141.png,Very Mild Dementia/OAS2_0103/OAS2_0103_slice_13_z141.png,OAS2_0103,Very Mild Dementia,1,1,Very Mild Dementia,1,-1.8594445816694325,1.2751148984924139,0.2996011557039975,0.8528762460242083
OASIS_2,LinearSVM,13,test,motion__severe,motion,severe,D:\OASIS_2\distortions_128\motion\severe\Very_Mild_Dementia\OAS2_0103\OAS2_0103_slice_14_z146.png,Very_Mild_Dementia/OAS2_0103/OAS2_0103_slice_14_z146.png,Very Mild Dementia/OAS2_0103/OAS2_0103_slice_14_z146.png,OAS2_0103,Very Mild Dementia,1,1,Very Mild Dementia,1,-2.8916210568103478,4.034226733893357,-2.951654137645339,1.9790460715040061
OASIS_2,LinearSVM,13,test,motion__severe,motion,severe,D:\OASIS_2\distortions_128\motion\severe\Very_Mild_Dementia\OAS2_0103\OAS2_0103_slice_15_z151.png,Very_Mild_Dementia/OAS2_0103/OAS2_0103_slice_15_z151.png,Very Mild Dementia/OAS2_0103/OAS2_0103_slice_15_z151.png,OAS2_0103,Very Mild Dementia,1,1,Very Mild Dementia,1,-2.9599828377633757,2.8037941064093714,-0.9364563863550401,1.04891019683125
OASIS_2,LinearSVM,13,test,motion__severe,motion,severe,D:\OASIS_2\distortions_128\motion\severe\Very_Mild_Dementia\OAS2_0103\OAS2_0103_slice_16_z157.png,Very_Mild_Dementia/OAS2_0103/OAS2_0103_slice_16_z157.png,Very Mild Dementia/OAS2_0103/OAS2_0103_slice_16_z157.png,OAS2_0103,Very Mild Dementia,1,1,Very Mild Dementia,1,-1.98914344763701,3.648012859504101,-1.6972054247683486,0.8714942546109139
OASIS_2,LinearSVM,13,test,motion__severe,motion,severe,D:\OASIS_2\distortions_128\motion\severe\Very_Mild_Dementia\OAS2_0103\OAS2_0103_slice_17_z162.png,Very_Mild_Dementia/OAS2_0103/OAS2_0103_slice_17_z162.png,Very Mild Dementia/OAS2_0103/OAS2_0103_slice_17_z162.png,OAS2_0103,Very Mild Dementia,1,3,Moderate Dementia,0,-1.9170102829416633,0.4785909002180082,-0.5926894089524306,1.3388585438626688
OASIS_2,LinearSVM,13,test,motion__severe,motion,severe,D:\OASIS_2\distortions_128\motion\severe\Very_Mild_Dementia\OAS2_0103\OAS2_0103_slice_18_z167.png,Very_Mild_Dementia/OAS2_0103/OAS2_0103_slice_18_z167.png,Very Mild Dementia/OAS2_0103/OAS2_0103_slice_18_z167.png,OAS2_0103,Very Mild Dementia,1,1,Very Mild Dementia,1,-1.9180062440064014,3.6656953816779287,-2.2093770991362374,0.09277010156317234
OASIS_2,LinearSVM,13,test,motion__severe,motion,severe,D:\OASIS_2\distortions_128\motion\severe\Very_Mild_Dementia\OAS2_0103\OAS2_0103_slice_19_z173.png,Very_Mild_Dementia/OAS2_0103/OAS2_0103_slice_19_z173.png,Very Mild Dementia/OAS2_0103/OAS2_0103_slice_19_z173.png,OAS2_0103,Very Mild Dementia,1,1,Very Mild Dementia,1,-4.254557985358185,4.792784882180738,-0.07251609274655901,0.38936322334098916
OASIS_2,LinearSVM,13,test,motion__severe,motion,severe,D:\OASIS_2\distortions_128\motion\severe\Very_Mild_Dementia\OAS2_0103\OAS2_0103_slice_20_z178.png,Very_Mild_Dementia/OAS2_0103/OAS2_0103_slice_20_z178.png,Very Mild Dementia/OAS2_0103/OAS2_0103_slice_20_z178.png,OAS2_0103,Very Mild Dementia,1,1,Very Mild Dementia,1,-3.3008522508231555,3.369607368243717,-2.7001080272288194,1.1707979856557063
OASIS_2,LinearSVM,13,test,motion__severe,motion,severe,D:\OASIS_2\distortions_128\motion\severe\Very_Mild_Dementia\OAS2_0176\OAS2_0176_slice_01_z077.png,Very_Mild_Dementia/OAS2_0176/OAS2_0176_slice_01_z077.png,Very Mild Dementia/OAS2_0176/OAS2_0176_slice_01_z077.png,OAS2_0176,Very Mild Dementia,1,1,Very Mild Dementia,1,-4.448471097206176,2.771138377594265,0.2909779445102467,1.0794023999071998
OASIS_2,LinearSVM,13,test,motion__severe,motion,severe,D:\OASIS_2\distortions_128\motion\severe\Very_Mild_Dementia\OAS2_0176\OAS2_0176_slice_02_z082.png,Very_Mild_Dementia/OAS2_0176/OAS2_0176_slice_02_z082.png,Very Mild Dementia/OAS2_0176/OAS2_0176_slice_02_z082.png,OAS2_0176,Very Mild Dementia,1,1,Very Mild Dementia,1,-5.08716004589208,4.17085987514641,-1.2169697372244332,1.036990465800944
OASIS_2,LinearSVM,13,test,motion__severe,motion,severe,D:\OASIS_2\distortions_128\motion\severe\Very_Mild_Dementia\OAS2_0176\OAS2_0176_slice_03_z088.png,Very_Mild_Dementia/OAS2_0176/OAS2_0176_slice_03_z088.png,Very Mild Dementia/OAS2_0176/OAS2_0176_slice_03_z088.png,OAS2_0176,Very Mild Dementia,1,2,Mild Dementia,0,-1.9329758266612935,0.09759477669228736,0.39122049650907487,-0.0796672391008203
OASIS_2,LinearSVM,13,test,motion__severe,motion,severe,D:\OASIS_2\distortions_128\motion\severe\Very_Mild_Dementia\OAS2_0176\OAS2_0176_slice_04_z093.png,Very_Mild_Dementia/OAS2_0176/OAS2_0176_slice_04_z093.png,Very Mild Dementia/OAS2_0176/OAS2_0176_slice_04_z093.png,OAS2_0176,Very Mild Dementia,1,1,Very Mild Dementia,1,-4.103764016692756,1.377015283572157,1.015833515119431,0.9820847311880692
OASIS_2,LinearSVM,13,test,motion__severe,motion,severe,D:\OASIS_2\distortions_128\motion\severe\Very_Mild_Dementia\OAS2_0176\OAS2_0176_slice_05_z098.png,Very_Mild_Dementia/OAS2_0176/OAS2_0176_slice_05_z098.png,Very Mild Dementia/OAS2_0176/OAS2_0176_slice_05_z098.png,OAS2_0176,Very Mild Dementia,1,1,Very Mild Dementia,1,-3.4751981092046544,1.5107873547303277,0.32777439137541053,0.4668885102903775
OASIS_2,LinearSVM,13,test,motion__severe,motion,severe,D:\OASIS_2\distortions_128\motion\severe\Very_Mild_Dementia\OAS2_0176\OAS2_0176_slice_06_z104.png,Very_Mild_Dementia/OAS2_0176/OAS2_0176_slice_06_z104.png,Very Mild Dementia/OAS2_0176/OAS2_0176_slice_06_z104.png,OAS2_0176,Very Mild Dementia,1,1,Very Mild Dementia,1,-4.684654516015572,5.130754759452743,-1.7151133845483173,1.536645292187154
OASIS_2,LinearSVM,13,test,motion__severe,motion,severe,D:\OASIS_2\distortions_128\motion\severe\Very_Mild_Dementia\OAS2_0176\OAS2_0176_slice_07_z109.png,Very_Mild_Dementia/OAS2_0176/OAS2_0176_slice_07_z109.png,Very Mild Dementia/OAS2_0176/OAS2_0176_slice_07_z109.png,OAS2_0176,Very Mild Dementia,1,1,Very Mild Dementia,1,-3.1520548064904035,2.160748155752059,0.1622203254217346,1.531897601721365
OASIS_2,LinearSVM,13,test,motion__severe,motion,severe,D:\OASIS_2\distortions_128\motion\severe\Very_Mild_Dementia\OAS2_0176\OAS2_0176_slice_08_z114.png,Very_Mild_Dementia/OAS2_0176/OAS2_0176_slice_08_z114.png,Very Mild Dementia/OAS2_0176/OAS2_0176_slice_08_z114.png,OAS2_0176,Very Mild Dementia,1,1,Very Mild Dementia,1,-2.5266685312010426,3.6672127669203327,-0.9978095941234375,0.8800566569371375
OASIS_2,LinearSVM,13,test,motion__severe,motion,severe,D:\OASIS_2\distortions_128\motion\severe\Very_Mild_Dementia\OAS2_0176\OAS2_0176_slice_09_z120.png,Very_Mild_Dementia/OAS2_0176/OAS2_0176_slice_09_z120.png,Very Mild Dementia/OAS2_0176/OAS2_0176_slice_09_z120.png,OAS2_0176,Very Mild Dementia,1,1,Very Mild Dementia,1,-2.6422661481830683,3.0353356485209972,-0.8533390689502302,1.25041779240909
OASIS_2,LinearSVM,13,test,motion__severe,motion,severe,D:\OASIS_2\distortions_128\motion\severe\Very_Mild_Dementia\OAS2_0176\OAS2_0176_slice_10_z125.png,Very_Mild_Dementia/OAS2_0176/OAS2_0176_slice_10_z125.png,Very Mild Dementia/OAS2_0176/OAS2_0176_slice_10_z125.png,OAS2_0176,Very Mild Dementia,1,1,Very Mild Dementia,1,-1.8899402094524715,1.6915565670056492,-0.9143606295894823,0.5134448524039237
OASIS_2,LinearSVM,13,test,motion__severe,motion,severe,D:\OASIS_2\distortions_128\motion\severe\Very_Mild_Dementia\OAS2_0176\OAS2_0176_slice_11_z130.png,Very_Mild_Dementia/OAS2_0176/OAS2_0176_slice_11_z130.png,Very Mild Dementia/OAS2_0176/OAS2_0176_slice_11_z130.png,OAS2_0176,Very Mild Dementia,1,1,Very Mild Dementia,1,-4.3172302697044165,4.910071280190747,-1.043160085238337,0.2821460211849962
OASIS_2,LinearSVM,13,test,motion__severe,motion,severe,D:\OASIS_2\distortions_128\motion\severe\Very_Mild_Dementia\OAS2_0176\OAS2_0176_slice_12_z135.png,Very_Mild_Dementia/OAS2_0176/OAS2_0176_slice_12_z135.png,Very Mild Dementia/OAS2_0176/OAS2_0176_slice_12_z135.png,OAS2_0176,Very Mild Dementia,1,1,Very Mild Dementia,1,-7.414500172263727,6.223539717462716,-1.396316309546965,1.9941711607710015
OASIS_2,LinearSVM,13,test,motion__severe,motion,severe,D:\OASIS_2\distortions_128\motion\severe\Very_Mild_Dementia\OAS2_0176\OAS2_0176_slice_13_z141.png,Very_Mild_Dementia/OAS2_0176/OAS2_0176_slice_13_z141.png,Very Mild Dementia/OAS2_0176/OAS2_0176_slice_13_z141.png,OAS2_0176,Very Mild Dementia,1,1,Very Mild Dementia,1,-3.5672959955916257,3.1512860059204963,-0.6985568829798535,1.2708995664669636
OASIS_2,LinearSVM,13,test,motion__severe,motion,severe,D:\OASIS_2\distortions_128\motion\severe\Very_Mild_Dementia\OAS2_0176\OAS2_0176_slice_14_z146.png,Very_Mild_Dementia/OAS2_0176/OAS2_0176_slice_14_z146.png,Very Mild Dementia/OAS2_0176/OAS2_0176_slice_14_z146.png,OAS2_0176,Very Mild Dementia,1,1,Very Mild Dementia,1,-4.222497260442453,3.4484641445658224,-0.07170104688141532,0.5607503072198692
OASIS_2,LinearSVM,13,test,motion__severe,motion,severe,D:\OASIS_2\distortions_128\motion\severe\Very_Mild_Dementia\OAS2_0176\OAS2_0176_slice_15_z151.png,Very_Mild_Dementia/OAS2_0176/OAS2_0176_slice_15_z151.png,Very Mild Dementia/OAS2_0176/OAS2_0176_slice_15_z151.png,OAS2_0176,Very Mild Dementia,1,1,Very Mild Dementia,1,-1.6069290970289312,1.1275897410210145,-1.0515734612721954,0.7155163762930585
OASIS_2,LinearSVM,13,test,motion__severe,motion,severe,D:\OASIS_2\distortions_128\motion\severe\Very_Mild_Dementia\OAS2_0176\OAS2_0176_slice_16_z157.png,Very_Mild_Dementia/OAS2_0176/OAS2_0176_slice_16_z157.png,Very Mild Dementia/OAS2_0176/OAS2_0176_slice_16_z157.png,OAS2_0176,Very Mild Dementia,1,1,Very Mild Dementia,1,-2.0473976364806705,1.4507074037050147,0.25658607655645516,0.20363468345913982
OASIS_2,LinearSVM,13,test,motion__severe,motion,severe,D:\OASIS_2\distortions_128\motion\severe\Very_Mild_Dementia\OAS2_0176\OAS2_0176_slice_17_z162.png,Very_Mild_Dementia/OAS2_0176/OAS2_0176_slice_17_z162.png,Very Mild Dementia/OAS2_0176/OAS2_0176_slice_17_z162.png,OAS2_0176,Very Mild Dementia,1,1,Very Mild Dementia,1,-2.660313970507457,3.689713276128238,-1.248212647358406,-0.06658547872626508
OASIS_2,LinearSVM,13,test,motion__severe,motion,severe,D:\OASIS_2\distortions_128\motion\severe\Very_Mild_Dementia\OAS2_0176\OAS2_0176_slice_18_z167.png,Very_Mild_Dementia/OAS2_0176/OAS2_0176_slice_18_z167.png,Very Mild Dementia/OAS2_0176/OAS2_0176_slice_18_z167.png,OAS2_0176,Very Mild Dementia,1,1,Very Mild Dementia,1,-3.372486993623884,2.932624814917748,-0.09337312540844922,-0.43196552684886247
OASIS_2,LinearSVM,13,test,motion__severe,motion,severe,D:\OASIS_2\distortions_128\motion\severe\Very_Mild_Dementia\OAS2_0176\OAS2_0176_slice_19_z173.png,Very_Mild_Dementia/OAS2_0176/OAS2_0176_slice_19_z173.png,Very Mild Dementia/OAS2_0176/OAS2_0176_slice_19_z173.png,OAS2_0176,Very Mild Dementia,1,1,Very Mild Dementia,1,-3.8273635609342453,2.7312807335017077,0.7442076367203574,-0.4754710363278592
OASIS_2,LinearSVM,13,test,motion__severe,motion,severe,D:\OASIS_2\distortions_128\motion\severe\Very_Mild_Dementia\OAS2_0176\OAS2_0176_slice_20_z178.png,Very_Mild_Dementia/OAS2_0176/OAS2_0176_slice_20_z178.png,Very Mild Dementia/OAS2_0176/OAS2_0176_slice_20_z178.png,OAS2_0176,Very Mild Dementia,1,1,Very Mild Dementia,1,-2.523939646267188,1.5028671151807917,0.501797178794773,-1.1258297066894305
