dataset,model,seed,split,condition,distortion,severity,file_path,relative_path,sample_key,subject_id,class_name,y_true,y_pred,pred_class_name,correct,score_nondemented,score_verymilddementia,score_milddementia,score_moderatedementia
OASIS_2,LinearSVM,101,test,motion__moderate,motion,moderate,D:\OASIS_2\distortions_64\motion\moderate\Mild_Dementia\OAS2_0014\OAS2_0014_slice_01_z077.png,Mild_Dementia/OAS2_0014/OAS2_0014_slice_01_z077.png,Mild Dementia/OAS2_0014/OAS2_0014_slice_01_z077.png,OAS2_0014,Mild Dementia,2,2,Mild Dementia,1,0.19673955514405944,-2.326211443766649,1.923316942906156,-0.3411460591084382
OASIS_2,LinearSVM,101,test,motion__moderate,motion,moderate,D:\OASIS_2\distortions_64\motion\moderate\Mild_Dementia\OAS2_0014\OAS2_0014_slice_02_z082.png,Mild_Dementia/OAS2_0014/OAS2_0014_slice_02_z082.png,Mild Dementia/OAS2_0014/OAS2_0014_slice_02_z082.png,OAS2_0014,Mild Dementia,2,2,Mild Dementia,1,-1.9265110308811204,0.6871693265914434,1.6851741147098243,-0.25703954189544886
OASIS_2,LinearSVM,101,test,motion__moderate,motion,moderate,D:\OASIS_2\distortions_64\motion\moderate\Mild_Dementia\OAS2_0014\OAS2_0014_slice_03_z088.png,Mild_Dementia/OAS2_0014/OAS2_0014_slice_03_z088.png,Mild Dementia/OAS2_0014/OAS2_0014_slice_03_z088.png,OAS2_0014,Mild Dementia,2,1,Very Mild Dementia,0,-8.229876707544646,5.028809688940836,1.9702995488395474,-0.21155147013165077
OASIS_2,LinearSVM,101,test,motion__moderate,motion,moderate,D:\OASIS_2\distortions_64\motion\moderate\Mild_Dementia\OAS2_0014\OAS2_0014_slice_04_z093.png,Mild_Dementia/OAS2_0014/OAS2_0014_slice_04_z093.png,Mild Dementia/OAS2_0014/OAS2_0014_slice_04_z093.png,OAS2_0014,Mild Dementia,2,2,Mild Dementia,1,-3.0895887629110774,-1.9926676181346974,1.7007899692051067,0.09223856239126538
OASIS_2,LinearSVM,101,test,motion__moderate,motion,moderate,D:\OASIS_2\distortions_64\motion\moderate\Mild_Dementia\OAS2_0014\OAS2_0014_slice_05_z098.png,Mild_Dementia/OAS2_0014/OAS2_0014_slice_05_z098.png,Mild Dementia/OAS2_0014/OAS2_0014_slice_05_z098.png,OAS2_0014,Mild Dementia,2,2,Mild Dementia,1,-1.6719168458342195,-2.3281506383765773,1.4399874696155703,0.22442605364072765
OASIS_2,LinearSVM,101,test,motion__moderate,motion,moderate,D:\OASIS_2\distortions_64\motion\moderate\Mild_Dementia\OAS2_0014\OAS2_0014_slice_06_z104.png,Mild_Dementia/OAS2_0014/OAS2_0014_slice_06_z104.png,Mild Dementia/OAS2_0014/OAS2_0014_slice_06_z104.png,OAS2_0014,Mild Dementia,2,1,Very Mild Dementia,0,-3.100014262088536,0.4355463086549398,-1.0068120036310877,-0.10818598598874718
OASIS_2,LinearSVM,101,test,motion__moderate,motion,moderate,D:\OASIS_2\distortions_64\motion\moderate\Mild_Dementia\OAS2_0014\OAS2_0014_slice_07_z109.png,Mild_Dementia/OAS2_0014/OAS2_0014_slice_07_z109.png,Mild Dementia/OAS2_0014/OAS2_0014_slice_07_z109.png,OAS2_0014,Mild Dementia,2,1,Very Mild Dementia,0,-6.467788661911261,5.579086532252231,-3.1706685791475073,0.18771958749979412
OASIS_2,LinearSVM,101,test,motion__moderate,motion,moderate,D:\OASIS_2\distortions_64\motion\moderate\Mild_Dementia\OAS2_0014\OAS2_0014_slice_08_z114.png,Mild_Dementia/OAS2_0014/OAS2_0014_slice_08_z114.png,Mild Dementia/OAS2_0014/OAS2_0014_slice_08_z114.png,OAS2_0014,Mild Dementia,2,3,Moderate Dementia,0,-0.8195248061143366,-2.2329975896222805,-1.4630582114186685,-0.2217206484391765
OASIS_2,LinearSVM,101,test,motion__moderate,motion,moderate,D:\OASIS_2\distortions_64\motion\moderate\Mild_Dementia\OAS2_0014\OAS2_0014_slice_09_z120.png,Mild_Dementia/OAS2_0014/OAS2_0014_slice_09_z120.png,Mild Dementia/OAS2_0014/OAS2_0014_slice_09_z120.png,OAS2_0014,Mild Dementia,2,1,Very Mild Dementia,0,-7.2149396787871,10.78334581894368,-1.0748174763635077,-0.6962746150801973
OASIS_2,LinearSVM,101,test,motion__moderate,motion,moderate,D:\OASIS_2\distortions_64\motion\moderate\Mild_Dementia\OAS2_0014\OAS2_0014_slice_10_z125.png,Mild_Dementia/OAS2_0014/OAS2_0014_slice_10_z125.png,Mild Dementia/OAS2_0014/OAS2_0014_slice_10_z125.png,OAS2_0014,Mild Dementia,2,1,Very Mild Dementia,0,-2.168907199656193,2.9501527608454543,-1.3416262325052832,-0.6751598258911652
OASIS_2,LinearSVM,101,test,motion__moderate,motion,moderate,D:\OASIS_2\distortions_64\motion\moderate\Mild_Dementia\OAS2_0014\OAS2_0014_slice_11_z130.png,Mild_Dementia/OAS2_0014/OAS2_0014_slice_11_z130.png,Mild Dementia/OAS2_0014/OAS2_0014_slice_11_z130.png,OAS2_0014,Mild Dementia,2,1,Very Mild Dementia,0,-0.6591053072636438,0.9043621300858435,-1.9022190898562203,-0.5866658864080628
OASIS_2,LinearSVM,101,test,motion__moderate,motion,moderate,D:\OASIS_2\distortions_64\motion\moderate\Mild_Dementia\OAS2_0014\OAS2_0014_slice_12_z135.png,Mild_Dementia/OAS2_0014/OAS2_0014_slice_12_z135.png,Mild Dementia/OAS2_0014/OAS2_0014_slice_12_z135.png,OAS2_0014,Mild Dementia,2,1,Very Mild Dementia,0,-6.295197877136073,6.199577089710291,-0.051454836908856216,-0.4717112866087738
OASIS_2,LinearSVM,101,test,motion__moderate,motion,moderate,D:\OASIS_2\distortions_64\motion\moderate\Mild_Dementia\OAS2_0014\OAS2_0014_slice_13_z141.png,Mild_Dementia/OAS2_0014/OAS2_0014_slice_13_z141.png,Mild Dementia/OAS2_0014/OAS2_0014_slice_13_z141.png,OAS2_0014,Mild Dementia,2,2,Mild Dementia,1,-0.8002177577516804,-1.1776675747178196,1.4212310514545248,-0.3556515037514164
OASIS_2,LinearSVM,101,test,motion__moderate,motion,moderate,D:\OASIS_2\distortions_64\motion\moderate\Mild_Dementia\OAS2_0014\OAS2_0014_slice_14_z146.png,Mild_Dementia/OAS2_0014/OAS2_0014_slice_14_z146.png,Mild Dementia/OAS2_0014/OAS2_0014_slice_14_z146.png,OAS2_0014,Mild Dementia,2,1,Very Mild Dementia,0,-2.0322409012628624,1.42230149892198,-0.9500975735384481,-0.1969010881087916
OASIS_2,LinearSVM,101,test,motion__moderate,motion,moderate,D:\OASIS_2\distortions_64\motion\moderate\Mild_Dementia\OAS2_0014\OAS2_0014_slice_15_z151.png,Mild_Dementia/OAS2_0014/OAS2_0014_slice_15_z151.png,Mild Dementia/OAS2_0014/OAS2_0014_slice_15_z151.png,OAS2_0014,Mild Dementia,2,1,Very Mild Dementia,0,0.11556522246352581,0.5842416555093936,-1.2623481122665678,-0.8662148112977812
OASIS_2,LinearSVM,101,test,motion__moderate,motion,moderate,D:\OASIS_2\distortions_64\motion\moderate\Mild_Dementia\OAS2_0014\OAS2_0014_slice_16_z157.png,Mild_Dementia/OAS2_0014/OAS2_0014_slice_16_z157.png,Mild Dementia/OAS2_0014/OAS2_0014_slice_16_z157.png,OAS2_0014,Mild Dementia,2,1,Very Mild Dementia,0,-4.708453298401079,6.973316818563924,-4.108467693002305,-0.06242903514636766
OASIS_2,LinearSVM,101,test,motion__moderate,motion,moderate,D:\OASIS_2\distortions_64\motion\moderate\Mild_Dementia\OAS2_0014\OAS2_0014_slice_17_z162.png,Mild_Dementia/OAS2_0014/OAS2_0014_slice_17_z162.png,Mild Dementia/OAS2_0014/OAS2_0014_slice_17_z162.png,OAS2_0014,Mild Dementia,2,1,Very Mild Dementia,0,-0.5095464244097981,1.1308558010480256,-1.1171259747936504,0.11117982737459453
OASIS_2,LinearSVM,101,test,motion__moderate,motion,moderate,D:\OASIS_2\distortions_64\motion\moderate\Mild_Dementia\OAS2_0014\OAS2_0014_slice_18_z167.png,Mild_Dementia/OAS2_0014/OAS2_0014_slice_18_z167.png,Mild Dementia/OAS2_0014/OAS2_0014_slice_18_z167.png,OAS2_0014,Mild Dementia,2,1,Very Mild Dementia,0,-3.7132210074643144,2.0300980541934033,0.12051525411988018,-0.5655744569604337
OASIS_2,LinearSVM,101,test,motion__moderate,motion,moderate,D:\OASIS_2\distortions_64\motion\moderate\Mild_Dementia\OAS2_0014\OAS2_0014_slice_19_z173.png,Mild_Dementia/OAS2_0014/OAS2_0014_slice_19_z173.png,Mild Dementia/OAS2_0014/OAS2_0014_slice_19_z173.png,OAS2_0014,Mild Dementia,2,1,Very Mild Dementia,0,-7.066500636952616,4.541241516787206,0.5718518980156877,-0.6227078705541741
OASIS_2,LinearSVM,101,test,motion__moderate,motion,moderate,D:\OASIS_2\distortions_64\motion\moderate\Mild_Dementia\OAS2_0014\OAS2_0014_slice_20_z178.png,Mild_Dementia/OAS2_0014/OAS2_0014_slice_20_z178.png,Mild Dementia/OAS2_0014/OAS2_0014_slice_20_z178.png,OAS2_0014,Mild Dementia,2,1,Very Mild Dementia,0,-5.555940651450427,4.486212961664389,-1.0595430219416322,-0.5878841348409993
OASIS_2,LinearSVM,101,test,motion__moderate,motion,moderate,D:\OASIS_2\distortions_64\motion\moderate\Mild_Dementia\OAS2_0050\OAS2_0050_slice_01_z077.png,Mild_Dementia/OAS2_0050/OAS2_0050_slice_01_z077.png,Mild Dementia/OAS2_0050/OAS2_0050_slice_01_z077.png,OAS2_0050,Mild Dementia,2,1,Very Mild Dementia,0,-1.2008713518007417,0.761425584988868,-0.38582134061247575,-0.9079853243048908
OASIS_2,LinearSVM,101,test,motion__moderate,motion,moderate,D:\OASIS_2\distortions_64\motion\moderate\Mild_Dementia\OAS2_0050\OAS2_0050_slice_02_z082.png,Mild_Dementia/OAS2_0050/OAS2_0050_slice_02_z082.png,Mild Dementia/OAS2_0050/OAS2_0050_slice_02_z082.png,OAS2_0050,Mild Dementia,2,2,Mild Dementia,1,-0.8816761979202687,-0.7163850581598639,-0.5911831846583693,-1.069911574622617
OASIS_2,LinearSVM,101,test,motion__moderate,motion,moderate,D:\OASIS_2\distortions_64\motion\moderate\Mild_Dementia\OAS2_0050\OAS2_0050_slice_03_z088.png,Mild_Dementia/OAS2_0050/OAS2_0050_slice_03_z088.png,Mild Dementia/OAS2_0050/OAS2_0050_slice_03_z088.png,OAS2_0050,Mild Dementia,2,1,Very Mild Dementia,0,-3.201498307131653,2.825465474795644,0.86999022055959,-0.8277912718582242
OASIS_2,LinearSVM,101,test,motion__moderate,motion,moderate,D:\OASIS_2\distortions_64\motion\moderate\Mild_Dementia\OAS2_0050\OAS2_0050_slice_04_z093.png,Mild_Dementia/OAS2_0050/OAS2_0050_slice_04_z093.png,Mild Dementia/OAS2_0050/OAS2_0050_slice_04_z093.png,OAS2_0050,Mild Dementia,2,2,Mild Dementia,1,-0.8425624527593648,-0.5250136407458177,-0.44069044090064013,-1.3404554163441205
OASIS_2,LinearSVM,101,test,motion__moderate,motion,moderate,D:\OASIS_2\distortions_64\motion\moderate\Mild_Dementia\OAS2_0050\OAS2_0050_slice_05_z098.png,Mild_Dementia/OAS2_0050/OAS2_0050_slice_05_z098.png,Mild Dementia/OAS2_0050/OAS2_0050_slice_05_z098.png,OAS2_0050,Mild Dementia,2,1,Very Mild Dementia,0,-2.3921432541283116,2.584331478216807,0.06358134247261282,-1.0469334353888995
OASIS_2,LinearSVM,101,test,motion__moderate,motion,moderate,D:\OASIS_2\distortions_64\motion\moderate\Mild_Dementia\OAS2_0050\OAS2_0050_slice_06_z104.png,Mild_Dementia/OAS2_0050/OAS2_0050_slice_06_z104.png,Mild Dementia/OAS2_0050/OAS2_0050_slice_06_z104.png,OAS2_0050,Mild Dementia,2,1,Very Mild Dementia,0,-3.2026750031316644,-0.2582568954052664,-0.5880052517442709,-0.40024700188616946
OASIS_2,LinearSVM,101,test,motion__moderate,motion,moderate,D:\OASIS_2\distortions_64\motion\moderate\Mild_Dementia\OAS2_0050\OAS2_0050_slice_07_z109.png,Mild_Dementia/OAS2_0050/OAS2_0050_slice_07_z109.png,Mild Dementia/OAS2_0050/OAS2_0050_slice_07_z109.png,OAS2_0050,Mild Dementia,2,2,Mild Dementia,1,1.1658381091960583,-2.5984323113935703,1.3581642926410011,-0.8830721335273289
OASIS_2,LinearSVM,101,test,motion__moderate,motion,moderate,D:\OASIS_2\distortions_64\motion\moderate\Mild_Dementia\OAS2_0050\OAS2_0050_slice_08_z114.png,Mild_Dementia/OAS2_0050/OAS2_0050_slice_08_z114.png,Mild Dementia/OAS2_0050/OAS2_0050_slice_08_z114.png,OAS2_0050,Mild Dementia,2,1,Very Mild Dementia,0,-1.2162632386434915,0.5639463267483034,0.5442995919041715,-0.008591223339115661
OASIS_2,LinearSVM,101,test,motion__moderate,motion,moderate,D:\OASIS_2\distortions_64\motion\moderate\Mild_Dementia\OAS2_0050\OAS2_0050_slice_09_z120.png,Mild_Dementia/OAS2_0050/OAS2_0050_slice_09_z120.png,Mild Dementia/OAS2_0050/OAS2_0050_slice_09_z120.png,OAS2_0050,Mild Dementia,2,2,Mild Dementia,1,-0.9683188003830553,-2.5249478198899897,0.6619956034336343,-0.3082549378935142
OASIS_2,LinearSVM,101,test,motion__moderate,motion,moderate,D:\OASIS_2\distortions_64\motion\moderate\Mild_Dementia\OAS2_0050\OAS2_0050_slice_10_z125.png,Mild_Dementia/OAS2_0050/OAS2_0050_slice_10_z125.png,Mild Dementia/OAS2_0050/OAS2_0050_slice_10_z125.png,OAS2_0050,Mild Dementia,2,1,Very Mild Dementia,0,-1.2223255624238492,0.00020432420520632988,-1.3244576096996514,-0.5880897524862567
OASIS_2,LinearSVM,101,test,motion__moderate,motion,moderate,D:\OASIS_2\distortions_64\motion\moderate\Mild_Dementia\OAS2_0050\OAS2_0050_slice_11_z130.png,Mild_Dementia/OAS2_0050/OAS2_0050_slice_11_z130.png,Mild Dementia/OAS2_0050/OAS2_0050_slice_11_z130.png,OAS2_0050,Mild Dementia,2,3,Moderate Dementia,0,-0.8462894642855119,-0.7333992484803947,-1.8344050677600423,-0.5341832614345865
OASIS_2,LinearSVM,101,test,motion__moderate,motion,moderate,D:\OASIS_2\distortions_64\motion\moderate\Mild_Dementia\OAS2_0050\OAS2_0050_slice_12_z135.png,Mild_Dementia/OAS2_0050/OAS2_0050_slice_12_z135.png,Mild Dementia/OAS2_0050/OAS2_0050_slice_12_z135.png,OAS2_0050,Mild Dementia,2,1,Very Mild Dementia,0,-2.6151117200349088,2.5154973017490123,-0.9545083581747493,-1.3146612782768543
OASIS_2,LinearSVM,101,test,motion__moderate,motion,moderate,D:\OASIS_2\distortions_64\motion\moderate\Mild_Dementia\OAS2_0050\OAS2_0050_slice_13_z141.png,Mild_Dementia/OAS2_0050/OAS2_0050_slice_13_z141.png,Mild Dementia/OAS2_0050/OAS2_0050_slice_13_z141.png,OAS2_0050,Mild Dementia,2,1,Very Mild Dementia,0,-8.271377264706512,8.36562888950731,-2.600514614960428,-0.5140965041986022
OASIS_2,LinearSVM,101,test,motion__moderate,motion,moderate,D:\OASIS_2\distortions_64\motion\moderate\Mild_Dementia\OAS2_0050\OAS2_0050_slice_14_z146.png,Mild_Dementia/OAS2_0050/OAS2_0050_slice_14_z146.png,Mild Dementia/OAS2_0050/OAS2_0050_slice_14_z146.png,OAS2_0050,Mild Dementia,2,1,Very Mild Dementia,0,-7.242454260751653,9.25101807927437,-2.811085487621579,0.07170205164104337
OASIS_2,LinearSVM,101,test,motion__moderate,motion,moderate,D:\OASIS_2\distortions_64\motion\moderate\Mild_Dementia\OAS2_0050\OAS2_0050_slice_15_z151.png,Mild_Dementia/OAS2_0050/OAS2_0050_slice_15_z151.png,Mild Dementia/OAS2_0050/OAS2_0050_slice_15_z151.png,OAS2_0050,Mild Dementia,2,1,Very Mild Dementia,0,-7.346105532805727,4.352434811666512,0.07226004028553201,-0.25482534331931517
OASIS_2,LinearSVM,101,test,motion__moderate,motion,moderate,D:\OASIS_2\distortions_64\motion\moderate\Mild_Dementia\OAS2_0050\OAS2_0050_slice_16_z157.png,Mild_Dementia/OAS2_0050/OAS2_0050_slice_16_z157.png,Mild Dementia/OAS2_0050/OAS2_0050_slice_16_z157.png,OAS2_0050,Mild Dementia,2,1,Very Mild Dementia,0,-9.638058531738533,8.245220281425508,0.2971241480314304,-0.7246333105516494
OASIS_2,LinearSVM,101,test,motion__moderate,motion,moderate,D:\OASIS_2\distortions_64\motion\moderate\Mild_Dementia\OAS2_0050\OAS2_0050_slice_17_z162.png,Mild_Dementia/OAS2_0050/OAS2_0050_slice_17_z162.png,Mild Dementia/OAS2_0050/OAS2_0050_slice_17_z162.png,OAS2_0050,Mild Dementia,2,1,Very Mild Dementia,0,0.08745788885390134,3.46834525391185,-3.6502770611194384,-0.9555751473901339
OASIS_2,LinearSVM,101,test,motion__moderate,motion,moderate,D:\OASIS_2\distortions_64\motion\moderate\Mild_Dementia\OAS2_0050\OAS2_0050_slice_18_z167.png,Mild_Dementia/OAS2_0050/OAS2_0050_slice_18_z167.png,Mild Dementia/OAS2_0050/OAS2_0050_slice_18_z167.png,OAS2_0050,Mild Dementia,2,1,Very Mild Dementia,0,-6.046998133845133,3.0579312640115157,-0.7352742577721458,0.28883525930655507
OASIS_2,LinearSVM,101,test,motion__moderate,motion,moderate,D:\OASIS_2\distortions_64\motion\moderate\Mild_Dementia\OAS2_0050\OAS2_0050_slice_19_z173.png,Mild_Dementia/OAS2_0050/OAS2_0050_slice_19_z173.png,Mild Dementia/OAS2_0050/OAS2_0050_slice_19_z173.png,OAS2_0050,Mild Dementia,2,1,Very Mild Dementia,0,-4.574714806713006,8.258182537733045,-3.4349519735944383,-0.41795150148909654
OASIS_2,LinearSVM,101,test,motion__moderate,motion,moderate,D:\OASIS_2\distortions_64\motion\moderate\Mild_Dementia\OAS2_0050\OAS2_0050_slice_20_z178.png,Mild_Dementia/OAS2_0050/OAS2_0050_slice_20_z178.png,Mild Dementia/OAS2_0050/OAS2_0050_slice_20_z178.png,OAS2_0050,Mild Dementia,2,1,Very Mild Dementia,0,-8.343951749825846,6.0308426792317675,-0.0823422708922682,-0.3619766685738467
OASIS_2,LinearSVM,101,test,motion__moderate,motion,moderate,D:\OASIS_2\distortions_64\motion\moderate\Mild_Dementia\OAS2_0114\OAS2_0114_slice_01_z077.png,Mild_Dementia/OAS2_0114/OAS2_0114_slice_01_z077.png,Mild Dementia/OAS2_0114/OAS2_0114_slice_01_z077.png,OAS2_0114,Mild Dementia,2,2,Mild Dementia,1,-2.5180616064811905,-4.32010569441738,1.4782340929248274,0.2730107631052445
OASIS_2,LinearSVM,101,test,motion__moderate,motion,moderate,D:\OASIS_2\distortions_64\motion\moderate\Mild_Dementia\OAS2_0114\OAS2_0114_slice_02_z082.png,Mild_Dementia/OAS2_0114/OAS2_0114_slice_02_z082.png,Mild Dementia/OAS2_0114/OAS2_0114_slice_02_z082.png,OAS2_0114,Mild Dementia,2,2,Mild Dementia,1,-5.4308799217547294,-2.063680428579164,1.8681165312419954,0.09502108505881468
OASIS_2,LinearSVM,101,test,motion__moderate,motion,moderate,D:\OASIS_2\distortions_64\motion\moderate\Mild_Dementia\OAS2_0114\OAS2_0114_slice_03_z088.png,Mild_Dementia/OAS2_0114/OAS2_0114_slice_03_z088.png,Mild Dementia/OAS2_0114/OAS2_0114_slice_03_z088.png,OAS2_0114,Mild Dementia,2,2,Mild Dementia,1,-3.749097741996073,-2.5228978027341213,1.5458662811735224,-0.6043768943925529
OASIS_2,LinearSVM,101,test,motion__moderate,motion,moderate,D:\OASIS_2\distortions_64\motion\moderate\Mild_Dementia\OAS2_0114\OAS2_0114_slice_04_z093.png,Mild_Dementia/OAS2_0114/OAS2_0114_slice_04_z093.png,Mild Dementia/OAS2_0114/OAS2_0114_slice_04_z093.png,OAS2_0114,Mild Dementia,2,1,Very Mild Dementia,0,-3.7553904137613365,1.059842534405279,0.08996507753350369,-0.18469246110849125
OASIS_2,LinearSVM,101,test,motion__moderate,motion,moderate,D:\OASIS_2\distortions_64\motion\moderate\Mild_Dementia\OAS2_0114\OAS2_0114_slice_05_z098.png,Mild_Dementia/OAS2_0114/OAS2_0114_slice_05_z098.png,Mild Dementia/OAS2_0114/OAS2_0114_slice_05_z098.png,OAS2_0114,Mild Dementia,2,1,Very Mild Dementia,0,-2.3305806961281057,1.9838094499765917,-2.6312187760729895,-0.4543284178521716
OASIS_2,LinearSVM,101,test,motion__moderate,motion,moderate,D:\OASIS_2\distortions_64\motion\moderate\Mild_Dementia\OAS2_0114\OAS2_0114_slice_06_z104.png,Mild_Dementia/OAS2_0114/OAS2_0114_slice_06_z104.png,Mild Dementia/OAS2_0114/OAS2_0114_slice_06_z104.png,OAS2_0114,Mild Dementia,2,1,Very Mild Dementia,0,-2.192511027454871,9.996464482446033,-7.630251723400466,-0.19214028046667353
OASIS_2,LinearSVM,101,test,motion__moderate,motion,moderate,D:\OASIS_2\distortions_64\motion\moderate\Mild_Dementia\OAS2_0114\OAS2_0114_slice_07_z109.png,Mild_Dementia/OAS2_0114/OAS2_0114_slice_07_z109.png,Mild Dementia/OAS2_0114/OAS2_0114_slice_07_z109.png,OAS2_0114,Mild Dementia,2,1,Very Mild Dementia,0,0.03729618943815434,1.728869502290572,-2.295080353202937,-0.6823611807857934
OASIS_2,LinearSVM,101,test,motion__moderate,motion,moderate,D:\OASIS_2\distortions_64\motion\moderate\Mild_Dementia\OAS2_0114\OAS2_0114_slice_08_z114.png,Mild_Dementia/OAS2_0114/OAS2_0114_slice_08_z114.png,Mild Dementia/OAS2_0114/OAS2_0114_slice_08_z114.png,OAS2_0114,Mild Dementia,2,1,Very Mild Dementia,0,-4.377957530223189,4.7016197720544906,-2.420539399471331,-0.44408277575455857
OASIS_2,LinearSVM,101,test,motion__moderate,motion,moderate,D:\OASIS_2\distortions_64\motion\moderate\Mild_Dementia\OAS2_0114\OAS2_0114_slice_09_z120.png,Mild_Dementia/OAS2_0114/OAS2_0114_slice_09_z120.png,Mild Dementia/OAS2_0114/OAS2_0114_slice_09_z120.png,OAS2_0114,Mild Dementia,2,2,Mild Dementia,1,0.1324952212694715,0.12941497552319015,0.36313446558995355,-0.609858666693436
OASIS_2,LinearSVM,101,test,motion__moderate,motion,moderate,D:\OASIS_2\distortions_64\motion\moderate\Mild_Dementia\OAS2_0114\OAS2_0114_slice_10_z125.png,Mild_Dementia/OAS2_0114/OAS2_0114_slice_10_z125.png,Mild Dementia/OAS2_0114/OAS2_0114_slice_10_z125.png,OAS2_0114,Mild Dementia,2,1,Very Mild Dementia,0,-5.3502719012124205,6.359870015629296,0.1526425616512388,-0.37181981086088367
OASIS_2,LinearSVM,101,test,motion__moderate,motion,moderate,D:\OASIS_2\distortions_64\motion\moderate\Mild_Dementia\OAS2_0114\OAS2_0114_slice_11_z130.png,Mild_Dementia/OAS2_0114/OAS2_0114_slice_11_z130.png,Mild Dementia/OAS2_0114/OAS2_0114_slice_11_z130.png,OAS2_0114,Mild Dementia,2,1,Very Mild Dementia,0,-0.4843507188238005,2.7959425223647187,-1.9826456194974464,-0.4974832261876184
OASIS_2,LinearSVM,101,test,motion__moderate,motion,moderate,D:\OASIS_2\distortions_64\motion\moderate\Mild_Dementia\OAS2_0114\OAS2_0114_slice_12_z135.png,Mild_Dementia/OAS2_0114/OAS2_0114_slice_12_z135.png,Mild Dementia/OAS2_0114/OAS2_0114_slice_12_z135.png,OAS2_0114,Mild Dementia,2,2,Mild Dementia,1,-1.0404914865989818,-0.8137114999601148,0.583034343374722,-0.518816908170101
OASIS_2,LinearSVM,101,test,motion__moderate,motion,moderate,D:\OASIS_2\distortions_64\motion\moderate\Mild_Dementia\OAS2_0114\OAS2_0114_slice_13_z141.png,Mild_Dementia/OAS2_0114/OAS2_0114_slice_13_z141.png,Mild Dementia/OAS2_0114/OAS2_0114_slice_13_z141.png,OAS2_0114,Mild Dementia,2,0,Non-Demented,0,2.789432318458787,-2.3338954160796055,-1.2062308292290722,-0.4878521805898989
OASIS_2,LinearSVM,101,test,motion__moderate,motion,moderate,D:\OASIS_2\distortions_64\motion\moderate\Mild_Dementia\OAS2_0114\OAS2_0114_slice_14_z146.png,Mild_Dementia/OAS2_0114/OAS2_0114_slice_14_z146.png,Mild Dementia/OAS2_0114/OAS2_0114_slice_14_z146.png,OAS2_0114,Mild Dementia,2,2,Mild Dementia,1,-0.4090082648069315,-1.2843192229925409,0.2489331549079703,-0.28320061505686134
OASIS_2,LinearSVM,101,test,motion__moderate,motion,moderate,D:\OASIS_2\distortions_64\motion\moderate\Mild_Dementia\OAS2_0114\OAS2_0114_slice_15_z151.png,Mild_Dementia/OAS2_0114/OAS2_0114_slice_15_z151.png,Mild Dementia/OAS2_0114/OAS2_0114_slice_15_z151.png,OAS2_0114,Mild Dementia,2,0,Non-Demented,0,1.5758782939538776,-2.478068927983509,-0.22738716488142852,-1.2389383564079652
OASIS_2,LinearSVM,101,test,motion__moderate,motion,moderate,D:\OASIS_2\distortions_64\motion\moderate\Mild_Dementia\OAS2_0114\OAS2_0114_slice_16_z157.png,Mild_Dementia/OAS2_0114/OAS2_0114_slice_16_z157.png,Mild Dementia/OAS2_0114/OAS2_0114_slice_16_z157.png,OAS2_0114,Mild Dementia,2,0,Non-Demented,0,0.853950360631641,-2.7532583913903483,-1.3777162900253663,-1.0515444201739113
OASIS_2,LinearSVM,101,test,motion__moderate,motion,moderate,D:\OASIS_2\distortions_64\motion\moderate\Mild_Dementia\OAS2_0114\OAS2_0114_slice_17_z162.png,Mild_Dementia/OAS2_0114/OAS2_0114_slice_17_z162.png,Mild Dementia/OAS2_0114/OAS2_0114_slice_17_z162.png,OAS2_0114,Mild Dementia,2,1,Very Mild Dementia,0,-6.110237910412659,2.8334964886502743,2.2196656263731858,0.024342670788730203
OASIS_2,LinearSVM,101,test,motion__moderate,motion,moderate,D:\OASIS_2\distortions_64\motion\moderate\Mild_Dementia\OAS2_0114\OAS2_0114_slice_18_z167.png,Mild_Dementia/OAS2_0114/OAS2_0114_slice_18_z167.png,Mild Dementia/OAS2_0114/OAS2_0114_slice_18_z167.png,OAS2_0114,Mild Dementia,2,1,Very Mild Dementia,0,-2.1784066389111123,2.658210928896299,0.5350349337239813,-1.2883407674714087
OASIS_2,LinearSVM,101,test,motion__moderate,motion,moderate,D:\OASIS_2\distortions_64\motion\moderate\Mild_Dementia\OAS2_0114\OAS2_0114_slice_19_z173.png,Mild_Dementia/OAS2_0114/OAS2_0114_slice_19_z173.png,Mild Dementia/OAS2_0114/OAS2_0114_slice_19_z173.png,OAS2_0114,Mild Dementia,2,1,Very Mild Dementia,0,-3.4633589395542965,2.986427221997431,0.3224679672932329,-1.273239245453616
OASIS_2,LinearSVM,101,test,motion__moderate,motion,moderate,D:\OASIS_2\distortions_64\motion\moderate\Mild_Dementia\OAS2_0114\OAS2_0114_slice_20_z178.png,Mild_Dementia/OAS2_0114/OAS2_0114_slice_20_z178.png,Mild Dementia/OAS2_0114/OAS2_0114_slice_20_z178.png,OAS2_0114,Mild Dementia,2,0,Non-Demented,0,0.6647374365286124,-0.8092073047449834,-0.44581865295204004,-1.1863711614046415
OASIS_2,LinearSVM,101,test,motion__moderate,motion,moderate,D:\OASIS_2\distortions_64\motion\moderate\Moderate_Dementia\OAS2_0120\OAS2_0120_slice_01_z077.png,Moderate_Dementia/OAS2_0120/OAS2_0120_slice_01_z077.png,Moderate Dementia/OAS2_0120/OAS2_0120_slice_01_z077.png,OAS2_0120,Moderate Dementia,3,1,Very Mild Dementia,0,-9.536586588111987,6.241741948275724,2.9051848403446816,-0.5114940032017352
OASIS_2,LinearSVM,101,test,motion__moderate,motion,moderate,D:\OASIS_2\distortions_64\motion\moderate\Moderate_Dementia\OAS2_0120\OAS2_0120_slice_02_z082.png,Moderate_Dementia/OAS2_0120/OAS2_0120_slice_02_z082.png,Moderate Dementia/OAS2_0120/OAS2_0120_slice_02_z082.png,OAS2_0120,Moderate Dementia,3,2,Mild Dementia,0,-0.05661165628018365,-2.2026276035817878,2.8401659215485817,-0.8397338246234987
OASIS_2,LinearSVM,101,test,motion__moderate,motion,moderate,D:\OASIS_2\distortions_64\motion\moderate\Moderate_Dementia\OAS2_0120\OAS2_0120_slice_03_z088.png,Moderate_Dementia/OAS2_0120/OAS2_0120_slice_03_z088.png,Moderate Dementia/OAS2_0120/OAS2_0120_slice_03_z088.png,OAS2_0120,Moderate Dementia,3,0,Non-Demented,0,0.4188845234582706,-1.0863594974217172,-0.27988328193025835,-1.1130422055955502
OASIS_2,LinearSVM,101,test,motion__moderate,motion,moderate,D:\OASIS_2\distortions_64\motion\moderate\Moderate_Dementia\OAS2_0120\OAS2_0120_slice_04_z093.png,Moderate_Dementia/OAS2_0120/OAS2_0120_slice_04_z093.png,Moderate Dementia/OAS2_0120/OAS2_0120_slice_04_z093.png,OAS2_0120,Moderate Dementia,3,1,Very Mild Dementia,0,-3.8672003331521565,0.4753908826986504,0.3083741559015456,-0.18100405548525456
OASIS_2,LinearSVM,101,test,motion__moderate,motion,moderate,D:\OASIS_2\distortions_64\motion\moderate\Moderate_Dementia\OAS2_0120\OAS2_0120_slice_05_z098.png,Moderate_Dementia/OAS2_0120/OAS2_0120_slice_05_z098.png,Moderate Dementia/OAS2_0120/OAS2_0120_slice_05_z098.png,OAS2_0120,Moderate Dementia,3,2,Mild Dementia,0,-5.620952657518619,0.03194081581848662,4.5766668200468335,0.4048262489825878
OASIS_2,LinearSVM,101,test,motion__moderate,motion,moderate,D:\OASIS_2\distortions_64\motion\moderate\Moderate_Dementia\OAS2_0120\OAS2_0120_slice_06_z104.png,Moderate_Dementia/OAS2_0120/OAS2_0120_slice_06_z104.png,Moderate Dementia/OAS2_0120/OAS2_0120_slice_06_z104.png,OAS2_0120,Moderate Dementia,3,2,Mild Dementia,0,-8.974138757474098,1.9686964863820975,2.373006486548737,-0.13719326863637882
OASIS_2,LinearSVM,101,test,motion__moderate,motion,moderate,D:\OASIS_2\distortions_64\motion\moderate\Moderate_Dementia\OAS2_0120\OAS2_0120_slice_07_z109.png,Moderate_Dementia/OAS2_0120/OAS2_0120_slice_07_z109.png,Moderate Dementia/OAS2_0120/OAS2_0120_slice_07_z109.png,OAS2_0120,Moderate Dementia,3,2,Mild Dementia,0,-5.315045046889326,1.9270685913138557,2.795202596200795,-0.8706406657220127
OASIS_2,LinearSVM,101,test,motion__moderate,motion,moderate,D:\OASIS_2\distortions_64\motion\moderate\Moderate_Dementia\OAS2_0120\OAS2_0120_slice_08_z114.png,Moderate_Dementia/OAS2_0120/OAS2_0120_slice_08_z114.png,Moderate Dementia/OAS2_0120/OAS2_0120_slice_08_z114.png,OAS2_0120,Moderate Dementia,3,1,Very Mild Dementia,0,-5.1216439417321284,3.1835956543081636,-0.37392990257383374,-0.010053278797649057
OASIS_2,LinearSVM,101,test,motion__moderate,motion,moderate,D:\OASIS_2\distortions_64\motion\moderate\Moderate_Dementia\OAS2_0120\OAS2_0120_slice_09_z120.png,Moderate_Dementia/OAS2_0120/OAS2_0120_slice_09_z120.png,Moderate Dementia/OAS2_0120/OAS2_0120_slice_09_z120.png,OAS2_0120,Moderate Dementia,3,1,Very Mild Dementia,0,-5.619335962994672,6.038743707140737,1.049653394703307,-0.37299887321768654
OASIS_2,LinearSVM,101,test,motion__moderate,motion,moderate,D:\OASIS_2\distortions_64\motion\moderate\Moderate_Dementia\OAS2_0120\OAS2_0120_slice_10_z125.png,Moderate_Dementia/OAS2_0120/OAS2_0120_slice_10_z125.png,Moderate Dementia/OAS2_0120/OAS2_0120_slice_10_z125.png,OAS2_0120,Moderate Dementia,3,1,Very Mild Dementia,0,-3.527252251638692,8.710010320626441,-3.9587857564975217,0.14918638089924507
OASIS_2,LinearSVM,101,test,motion__moderate,motion,moderate,D:\OASIS_2\distortions_64\motion\moderate\Moderate_Dementia\OAS2_0120\OAS2_0120_slice_11_z130.png,Moderate_Dementia/OAS2_0120/OAS2_0120_slice_11_z130.png,Moderate Dementia/OAS2_0120/OAS2_0120_slice_11_z130.png,OAS2_0120,Moderate Dementia,3,1,Very Mild Dementia,0,-0.38765644107037217,2.08281512922714,-1.396859352044955,-0.6576038309574024
OASIS_2,LinearSVM,101,test,motion__moderate,motion,moderate,D:\OASIS_2\distortions_64\motion\moderate\Moderate_Dementia\OAS2_0120\OAS2_0120_slice_12_z135.png,Moderate_Dementia/OAS2_0120/OAS2_0120_slice_12_z135.png,Moderate Dementia/OAS2_0120/OAS2_0120_slice_12_z135.png,OAS2_0120,Moderate Dementia,3,1,Very Mild Dementia,0,-1.1329293436388697,1.0505478642776636,-1.8232861977819592,-0.5711603560425748
OASIS_2,LinearSVM,101,test,motion__moderate,motion,moderate,D:\OASIS_2\distortions_64\motion\moderate\Moderate_Dementia\OAS2_0120\OAS2_0120_slice_13_z141.png,Moderate_Dementia/OAS2_0120/OAS2_0120_slice_13_z141.png,Moderate Dementia/OAS2_0120/OAS2_0120_slice_13_z141.png,OAS2_0120,Moderate Dementia,3,0,Non-Demented,0,0.3373279612753453,-0.19609072288371188,-0.2588671037420337,-0.5566495563338738
OASIS_2,LinearSVM,101,test,motion__moderate,motion,moderate,D:\OASIS_2\distortions_64\motion\moderate\Moderate_Dementia\OAS2_0120\OAS2_0120_slice_14_z146.png,Moderate_Dementia/OAS2_0120/OAS2_0120_slice_14_z146.png,Moderate Dementia/OAS2_0120/OAS2_0120_slice_14_z146.png,OAS2_0120,Moderate Dementia,3,1,Very Mild Dementia,0,-2.2325781453862463,13.094369128343939,-6.921209398198231,-0.6446677855933965
OASIS_2,LinearSVM,101,test,motion__moderate,motion,moderate,D:\OASIS_2\distortions_64\motion\moderate\Moderate_Dementia\OAS2_0120\OAS2_0120_slice_15_z151.png,Moderate_Dementia/OAS2_0120/OAS2_0120_slice_15_z151.png,Moderate Dementia/OAS2_0120/OAS2_0120_slice_15_z151.png,OAS2_0120,Moderate Dementia,3,1,Very Mild Dementia,0,-0.9866715640278547,1.8245844841322822,-0.985843888133783,-0.9887554597475143
OASIS_2,LinearSVM,101,test,motion__moderate,motion,moderate,D:\OASIS_2\distortions_64\motion\moderate\Moderate_Dementia\OAS2_0120\OAS2_0120_slice_16_z157.png,Moderate_Dementia/OAS2_0120/OAS2_0120_slice_16_z157.png,Moderate Dementia/OAS2_0120/OAS2_0120_slice_16_z157.png,OAS2_0120,Moderate Dementia,3,1,Very Mild Dementia,0,-2.529462914395198,2.3883756793339295,-0.3487682780168606,-0.6411176378265309
OASIS_2,LinearSVM,101,test,motion__moderate,motion,moderate,D:\OASIS_2\distortions_64\motion\moderate\Moderate_Dementia\OAS2_0120\OAS2_0120_slice_17_z162.png,Moderate_Dementia/OAS2_0120/OAS2_0120_slice_17_z162.png,Moderate Dementia/OAS2_0120/OAS2_0120_slice_17_z162.png,OAS2_0120,Moderate Dementia,3,1,Very Mild Dementia,0,-3.8707299867253,5.649884198714868,-0.15140989574393193,-0.7617217309429948
OASIS_2,LinearSVM,101,test,motion__moderate,motion,moderate,D:\OASIS_2\distortions_64\motion\moderate\Moderate_Dementia\OAS2_0120\OAS2_0120_slice_18_z167.png,Moderate_Dementia/OAS2_0120/OAS2_0120_slice_18_z167.png,Moderate Dementia/OAS2_0120/OAS2_0120_slice_18_z167.png,OAS2_0120,Moderate Dementia,3,1,Very Mild Dementia,0,-3.769887808138346,2.438443387206531,1.5760403796186746,-0.5267439348618781
OASIS_2,LinearSVM,101,test,motion__moderate,motion,moderate,D:\OASIS_2\distortions_64\motion\moderate\Moderate_Dementia\OAS2_0120\OAS2_0120_slice_19_z173.png,Moderate_Dementia/OAS2_0120/OAS2_0120_slice_19_z173.png,Moderate Dementia/OAS2_0120/OAS2_0120_slice_19_z173.png,OAS2_0120,Moderate Dementia,3,1,Very Mild Dementia,0,-4.896476407160904,2.6152669047379815,1.5285553687876727,-0.6507086490392444
OASIS_2,LinearSVM,101,test,motion__moderate,motion,moderate,D:\OASIS_2\distortions_64\motion\moderate\Moderate_Dementia\OAS2_0120\OAS2_0120_slice_20_z178.png,Moderate_Dementia/OAS2_0120/OAS2_0120_slice_20_z178.png,Moderate Dementia/OAS2_0120/OAS2_0120_slice_20_z178.png,OAS2_0120,Moderate Dementia,3,2,Mild Dementia,0,-5.306649479272146,1.2757389978955658,3.196547575508443,-0.2701833046875015
OASIS_2,LinearSVM,101,test,motion__moderate,motion,moderate,D:\OASIS_2\distortions_64\motion\moderate\Non_Demented\OAS2_0004\OAS2_0004_slice_01_z077.png,Non_Demented/OAS2_0004/OAS2_0004_slice_01_z077.png,Non-Demented/OAS2_0004/OAS2_0004_slice_01_z077.png,OAS2_0004,Non-Demented,0,0,Non-Demented,1,2.314851036132284,-2.5956042513890116,-1.8459198291898384,-1.1420140740426947
OASIS_2,LinearSVM,101,test,motion__moderate,motion,moderate,D:\OASIS_2\distortions_64\motion\moderate\Non_Demented\OAS2_0004\OAS2_0004_slice_02_z082.png,Non_Demented/OAS2_0004/OAS2_0004_slice_02_z082.png,Non-Demented/OAS2_0004/OAS2_0004_slice_02_z082.png,OAS2_0004,Non-Demented,0,0,Non-Demented,1,3.4150528870141867,-2.4957636848150546,-2.8434096650751783,-1.0238663719134373
OASIS_2,LinearSVM,101,test,motion__moderate,motion,moderate,D:\OASIS_2\distortions_64\motion\moderate\Non_Demented\OAS2_0004\OAS2_0004_slice_03_z088.png,Non_Demented/OAS2_0004/OAS2_0004_slice_03_z088.png,Non-Demented/OAS2_0004/OAS2_0004_slice_03_z088.png,OAS2_0004,Non-Demented,0,0,Non-Demented,1,0.9595206587597399,-0.5137100515574575,-1.05506074886525,-1.0819257874104713
OASIS_2,LinearSVM,101,test,motion__moderate,motion,moderate,D:\OASIS_2\distortions_64\motion\moderate\Non_Demented\OAS2_0004\OAS2_0004_slice_04_z093.png,Non_Demented/OAS2_0004/OAS2_0004_slice_04_z093.png,Non-Demented/OAS2_0004/OAS2_0004_slice_04_z093.png,OAS2_0004,Non-Demented,0,1,Very Mild Dementia,0,-0.9363847701856524,-0.4737774739943369,-0.7091756377686249,-0.7007169395574651
OASIS_2,LinearSVM,101,test,motion__moderate,motion,moderate,D:\OASIS_2\distortions_64\motion\moderate\Non_Demented\OAS2_0004\OAS2_0004_slice_05_z098.png,Non_Demented/OAS2_0004/OAS2_0004_slice_05_z098.png,Non-Demented/OAS2_0004/OAS2_0004_slice_05_z098.png,OAS2_0004,Non-Demented,0,0,Non-Demented,1,2.7607787587115173,-3.906876946866708,-0.8664839691737689,-0.7609538361974618
OASIS_2,LinearSVM,101,test,motion__moderate,motion,moderate,D:\OASIS_2\distortions_64\motion\moderate\Non_Demented\OAS2_0004\OAS2_0004_slice_06_z104.png,Non_Demented/OAS2_0004/OAS2_0004_slice_06_z104.png,Non-Demented/OAS2_0004/OAS2_0004_slice_06_z104.png,OAS2_0004,Non-Demented,0,2,Mild Dementia,0,-1.8780960672090978,-1.7185173847573583,1.0306806364705805,-0.7254265215160076
OASIS_2,LinearSVM,101,test,motion__moderate,motion,moderate,D:\OASIS_2\distortions_64\motion\moderate\Non_Demented\OAS2_0004\OAS2_0004_slice_07_z109.png,Non_Demented/OAS2_0004/OAS2_0004_slice_07_z109.png,Non-Demented/OAS2_0004/OAS2_0004_slice_07_z109.png,OAS2_0004,Non-Demented,0,0,Non-Demented,1,0.6828620618954875,-2.1552445397483266,0.6605758651777918,-1.0782370309711633
OASIS_2,LinearSVM,101,test,motion__moderate,motion,moderate,D:\OASIS_2\distortions_64\motion\moderate\Non_Demented\OAS2_0004\OAS2_0004_slice_08_z114.png,Non_Demented/OAS2_0004/OAS2_0004_slice_08_z114.png,Non-Demented/OAS2_0004/OAS2_0004_slice_08_z114.png,OAS2_0004,Non-Demented,0,2,Mild Dementia,0,-0.31866213876596755,-2.3222916596328824,1.173929505342937,-0.8409915798622138
OASIS_2,LinearSVM,101,test,motion__moderate,motion,moderate,D:\OASIS_2\distortions_64\motion\moderate\Non_Demented\OAS2_0004\OAS2_0004_slice_09_z120.png,Non_Demented/OAS2_0004/OAS2_0004_slice_09_z120.png,Non-Demented/OAS2_0004/OAS2_0004_slice_09_z120.png,OAS2_0004,Non-Demented,0,1,Very Mild Dementia,0,-1.2161429964108414,1.1265084368830263,0.43566133367356263,-1.3100504005285294
OASIS_2,LinearSVM,101,test,motion__moderate,motion,moderate,D:\OASIS_2\distortions_64\motion\moderate\Non_Demented\OAS2_0004\OAS2_0004_slice_10_z125.png,Non_Demented/OAS2_0004/OAS2_0004_slice_10_z125.png,Non-Demented/OAS2_0004/OAS2_0004_slice_10_z125.png,OAS2_0004,Non-Demented,0,2,Mild Dementia,0,-2.2824406865050153,0.5731261823128665,1.1876778896078788,-0.20421438092672428
OASIS_2,LinearSVM,101,test,motion__moderate,motion,moderate,D:\OASIS_2\distortions_64\motion\moderate\Non_Demented\OAS2_0004\OAS2_0004_slice_11_z130.png,Non_Demented/OAS2_0004/OAS2_0004_slice_11_z130.png,Non-Demented/OAS2_0004/OAS2_0004_slice_11_z130.png,OAS2_0004,Non-Demented,0,1,Very Mild Dementia,0,-3.2605239947416194,2.68966978075893,0.38197710448841926,-0.6626784277998643
OASIS_2,LinearSVM,101,test,motion__moderate,motion,moderate,D:\OASIS_2\distortions_64\motion\moderate\Non_Demented\OAS2_0004\OAS2_0004_slice_12_z135.png,Non_Demented/OAS2_0004/OAS2_0004_slice_12_z135.png,Non-Demented/OAS2_0004/OAS2_0004_slice_12_z135.png,OAS2_0004,Non-Demented,0,2,Mild Dementia,0,-4.122978692645303,-0.5097460796556276,2.7499530207226734,-0.010407613950337735
OASIS_2,LinearSVM,101,test,motion__moderate,motion,moderate,D:\OASIS_2\distortions_64\motion\moderate\Non_Demented\OAS2_0004\OAS2_0004_slice_13_z141.png,Non_Demented/OAS2_0004/OAS2_0004_slice_13_z141.png,Non-Demented/OAS2_0004/OAS2_0004_slice_13_z141.png,OAS2_0004,Non-Demented,0,1,Very Mild Dementia,0,-4.989544985138958,4.288242451876915,-0.9344180634143606,-0.14852439210542578
OASIS_2,LinearSVM,101,test,motion__moderate,motion,moderate,D:\OASIS_2\distortions_64\motion\moderate\Non_Demented\OAS2_0004\OAS2_0004_slice_14_z146.png,Non_Demented/OAS2_0004/OAS2_0004_slice_14_z146.png,Non-Demented/OAS2_0004/OAS2_0004_slice_14_z146.png,OAS2_0004,Non-Demented,0,2,Mild Dementia,0,-2.4408407043345686,-0.8512097772882198,0.4852996278616226,-0.7145268204123644
OASIS_2,LinearSVM,101,test,motion__moderate,motion,moderate,D:\OASIS_2\distortions_64\motion\moderate\Non_Demented\OAS2_0004\OAS2_0004_slice_15_z151.png,Non_Demented/OAS2_0004/OAS2_0004_slice_15_z151.png,Non-Demented/OAS2_0004/OAS2_0004_slice_15_z151.png,OAS2_0004,Non-Demented,0,0,Non-Demented,1,0.23419938088418163,-1.142620941074966,-0.2947203190694818,-0.4765600307129716
OASIS_2,LinearSVM,101,test,motion__moderate,motion,moderate,D:\OASIS_2\distortions_64\motion\moderate\Non_Demented\OAS2_0004\OAS2_0004_slice_16_z157.png,Non_Demented/OAS2_0004/OAS2_0004_slice_16_z157.png,Non-Demented/OAS2_0004/OAS2_0004_slice_16_z157.png,OAS2_0004,Non-Demented,0,0,Non-Demented,1,0.634737842520453,-0.9703032362381727,-0.679395862159826,-0.639006758821649
OASIS_2,LinearSVM,101,test,motion__moderate,motion,moderate,D:\OASIS_2\distortions_64\motion\moderate\Non_Demented\OAS2_0004\OAS2_0004_slice_17_z162.png,Non_Demented/OAS2_0004/OAS2_0004_slice_17_z162.png,Non-Demented/OAS2_0004/OAS2_0004_slice_17_z162.png,OAS2_0004,Non-Demented,0,2,Mild Dementia,0,0.17213664626627972,-2.0936708480209,1.5279551094478694,-0.44997772079335385
OASIS_2,LinearSVM,101,test,motion__moderate,motion,moderate,D:\OASIS_2\distortions_64\motion\moderate\Non_Demented\OAS2_0004\OAS2_0004_slice_18_z167.png,Non_Demented/OAS2_0004/OAS2_0004_slice_18_z167.png,Non-Demented/OAS2_0004/OAS2_0004_slice_18_z167.png,OAS2_0004,Non-Demented,0,1,Very Mild Dementia,0,-0.6644818038800819,1.100127076196877,-0.7636260154289833,-0.5625731042016442
OASIS_2,LinearSVM,101,test,motion__moderate,motion,moderate,D:\OASIS_2\distortions_64\motion\moderate\Non_Demented\OAS2_0004\OAS2_0004_slice_19_z173.png,Non_Demented/OAS2_0004/OAS2_0004_slice_19_z173.png,Non-Demented/OAS2_0004/OAS2_0004_slice_19_z173.png,OAS2_0004,Non-Demented,0,1,Very Mild Dementia,0,-5.926871602817565,5.898718800367085,-1.3789441277408607,-0.16869937984771033
OASIS_2,LinearSVM,101,test,motion__moderate,motion,moderate,D:\OASIS_2\distortions_64\motion\moderate\Non_Demented\OAS2_0004\OAS2_0004_slice_20_z178.png,Non_Demented/OAS2_0004/OAS2_0004_slice_20_z178.png,Non-Demented/OAS2_0004/OAS2_0004_slice_20_z178.png,OAS2_0004,Non-Demented,0,1,Very Mild Dementia,0,-3.7871722055953154,5.218314220835868,-0.4785210844967507,-0.7441074380413093
OASIS_2,LinearSVM,101,test,motion__moderate,motion,moderate,D:\OASIS_2\distortions_64\motion\moderate\Non_Demented\OAS2_0005\OAS2_0005_slice_01_z077.png,Non_Demented/OAS2_0005/OAS2_0005_slice_01_z077.png,Non-Demented/OAS2_0005/OAS2_0005_slice_01_z077.png,OAS2_0005,Non-Demented,0,2,Mild Dementia,0,-3.1061953012529906,0.16555282988701392,1.6955165289370147,-0.5023431792458327
OASIS_2,LinearSVM,101,test,motion__moderate,motion,moderate,D:\OASIS_2\distortions_64\motion\moderate\Non_Demented\OAS2_0005\OAS2_0005_slice_02_z082.png,Non_Demented/OAS2_0005/OAS2_0005_slice_02_z082.png,Non-Demented/OAS2_0005/OAS2_0005_slice_02_z082.png,OAS2_0005,Non-Demented,0,1,Very Mild Dementia,0,-8.321750943827073,3.887254701132748,1.507472637517072,0.015344827608670286
OASIS_2,LinearSVM,101,test,motion__moderate,motion,moderate,D:\OASIS_2\distortions_64\motion\moderate\Non_Demented\OAS2_0005\OAS2_0005_slice_03_z088.png,Non_Demented/OAS2_0005/OAS2_0005_slice_03_z088.png,Non-Demented/OAS2_0005/OAS2_0005_slice_03_z088.png,OAS2_0005,Non-Demented,0,1,Very Mild Dementia,0,-6.718699852593098,6.242484554212476,-1.0988437225791396,-0.16940784027744027
OASIS_2,LinearSVM,101,test,motion__moderate,motion,moderate,D:\OASIS_2\distortions_64\motion\moderate\Non_Demented\OAS2_0005\OAS2_0005_slice_04_z093.png,Non_Demented/OAS2_0005/OAS2_0005_slice_04_z093.png,Non-Demented/OAS2_0005/OAS2_0005_slice_04_z093.png,OAS2_0005,Non-Demented,0,1,Very Mild Dementia,0,-3.3383669427700267,2.9123548980252387,0.26249988405188196,-0.6005102059843428
OASIS_2,LinearSVM,101,test,motion__moderate,motion,moderate,D:\OASIS_2\distortions_64\motion\moderate\Non_Demented\OAS2_0005\OAS2_0005_slice_05_z098.png,Non_Demented/OAS2_0005/OAS2_0005_slice_05_z098.png,Non-Demented/OAS2_0005/OAS2_0005_slice_05_z098.png,OAS2_0005,Non-Demented,0,1,Very Mild Dementia,0,-3.023955603838967,3.676327951698685,-2.28228311200654,-0.6757564159584486
OASIS_2,LinearSVM,101,test,motion__moderate,motion,moderate,D:\OASIS_2\distortions_64\motion\moderate\Non_Demented\OAS2_0005\OAS2_0005_slice_06_z104.png,Non_Demented/OAS2_0005/OAS2_0005_slice_06_z104.png,Non-Demented/OAS2_0005/OAS2_0005_slice_06_z104.png,OAS2_0005,Non-Demented,0,1,Very Mild Dementia,0,-6.407043087529421,6.947609964802719,-2.6458343688632766,0.05639405604993675
OASIS_2,LinearSVM,101,test,motion__moderate,motion,moderate,D:\OASIS_2\distortions_64\motion\moderate\Non_Demented\OAS2_0005\OAS2_0005_slice_07_z109.png,Non_Demented/OAS2_0005/OAS2_0005_slice_07_z109.png,Non-Demented/OAS2_0005/OAS2_0005_slice_07_z109.png,OAS2_0005,Non-Demented,0,1,Very Mild Dementia,0,-3.779625587267845,4.28298959042226,-1.3457819233337929,-0.00816609172768823
OASIS_2,LinearSVM,101,test,motion__moderate,motion,moderate,D:\OASIS_2\distortions_64\motion\moderate\Non_Demented\OAS2_0005\OAS2_0005_slice_08_z114.png,Non_Demented/OAS2_0005/OAS2_0005_slice_08_z114.png,Non-Demented/OAS2_0005/OAS2_0005_slice_08_z114.png,OAS2_0005,Non-Demented,0,1,Very Mild Dementia,0,-6.618913137356513,6.826328847293508,-1.5518636221672741,-0.5597408052122609
OASIS_2,LinearSVM,101,test,motion__moderate,motion,moderate,D:\OASIS_2\distortions_64\motion\moderate\Non_Demented\OAS2_0005\OAS2_0005_slice_09_z120.png,Non_Demented/OAS2_0005/OAS2_0005_slice_09_z120.png,Non-Demented/OAS2_0005/OAS2_0005_slice_09_z120.png,OAS2_0005,Non-Demented,0,1,Very Mild Dementia,0,-4.0138316029845535,8.349188215293871,-5.6586887203894065,-0.5310394632660116
OASIS_2,LinearSVM,101,test,motion__moderate,motion,moderate,D:\OASIS_2\distortions_64\motion\moderate\Non_Demented\OAS2_0005\OAS2_0005_slice_10_z125.png,Non_Demented/OAS2_0005/OAS2_0005_slice_10_z125.png,Non-Demented/OAS2_0005/OAS2_0005_slice_10_z125.png,OAS2_0005,Non-Demented,0,1,Very Mild Dementia,0,-7.320921657209589,6.610766842637611,-0.8875355742705712,-0.3897169638236847
OASIS_2,LinearSVM,101,test,motion__moderate,motion,moderate,D:\OASIS_2\distortions_64\motion\moderate\Non_Demented\OAS2_0005\OAS2_0005_slice_11_z130.png,Non_Demented/OAS2_0005/OAS2_0005_slice_11_z130.png,Non-Demented/OAS2_0005/OAS2_0005_slice_11_z130.png,OAS2_0005,Non-Demented,0,1,Very Mild Dementia,0,-1.7466818994567728,6.490300548282763,-3.0085626375244985,-0.9495165589889969
OASIS_2,LinearSVM,101,test,motion__moderate,motion,moderate,D:\OASIS_2\distortions_64\motion\moderate\Non_Demented\OAS2_0005\OAS2_0005_slice_12_z135.png,Non_Demented/OAS2_0005/OAS2_0005_slice_12_z135.png,Non-Demented/OAS2_0005/OAS2_0005_slice_12_z135.png,OAS2_0005,Non-Demented,0,1,Very Mild Dementia,0,-1.0717876336644057,1.479126133339213,-2.581301118285288,-0.7029040697961357
OASIS_2,LinearSVM,101,test,motion__moderate,motion,moderate,D:\OASIS_2\distortions_64\motion\moderate\Non_Demented\OAS2_0005\OAS2_0005_slice_13_z141.png,Non_Demented/OAS2_0005/OAS2_0005_slice_13_z141.png,Non-Demented/OAS2_0005/OAS2_0005_slice_13_z141.png,OAS2_0005,Non-Demented,0,1,Very Mild Dementia,0,-4.898992429319825,7.058631268111641,-1.7646415533357405,-0.15901651887870794
OASIS_2,LinearSVM,101,test,motion__moderate,motion,moderate,D:\OASIS_2\distortions_64\motion\moderate\Non_Demented\OAS2_0005\OAS2_0005_slice_14_z146.png,Non_Demented/OAS2_0005/OAS2_0005_slice_14_z146.png,Non-Demented/OAS2_0005/OAS2_0005_slice_14_z146.png,OAS2_0005,Non-Demented,0,1,Very Mild Dementia,0,-7.401737466883255,8.364266473302107,-0.45255106054030925,0.12382066099439237
OASIS_2,LinearSVM,101,test,motion__moderate,motion,moderate,D:\OASIS_2\distortions_64\motion\moderate\Non_Demented\OAS2_0005\OAS2_0005_slice_15_z151.png,Non_Demented/OAS2_0005/OAS2_0005_slice_15_z151.png,Non-Demented/OAS2_0005/OAS2_0005_slice_15_z151.png,OAS2_0005,Non-Demented,0,0,Non-Demented,1,1.526161148538481,0.09372752672040868,-2.2724731864333134,-0.9196621851216589
OASIS_2,LinearSVM,101,test,motion__moderate,motion,moderate,D:\OASIS_2\distortions_64\motion\moderate\Non_Demented\OAS2_0005\OAS2_0005_slice_16_z157.png,Non_Demented/OAS2_0005/OAS2_0005_slice_16_z157.png,Non-Demented/OAS2_0005/OAS2_0005_slice_16_z157.png,OAS2_0005,Non-Demented,0,1,Very Mild Dementia,0,-2.8858063214668914,2.20998125712474,1.3263633884691308,-0.6092563743446031
OASIS_2,LinearSVM,101,test,motion__moderate,motion,moderate,D:\OASIS_2\distortions_64\motion\moderate\Non_Demented\OAS2_0005\OAS2_0005_slice_17_z162.png,Non_Demented/OAS2_0005/OAS2_0005_slice_17_z162.png,Non-Demented/OAS2_0005/OAS2_0005_slice_17_z162.png,OAS2_0005,Non-Demented,0,0,Non-Demented,1,0.9392376684711886,-1.7021089646042298,-0.6197428113248258,-0.6042157307311138
OASIS_2,LinearSVM,101,test,motion__moderate,motion,moderate,D:\OASIS_2\distortions_64\motion\moderate\Non_Demented\OAS2_0005\OAS2_0005_slice_18_z167.png,Non_Demented/OAS2_0005/OAS2_0005_slice_18_z167.png,Non-Demented/OAS2_0005/OAS2_0005_slice_18_z167.png,OAS2_0005,Non-Demented,0,0,Non-Demented,1,2.176580231329585,-2.217998777993567,-1.3062956508523924,-0.5578179543364936
OASIS_2,LinearSVM,101,test,motion__moderate,motion,moderate,D:\OASIS_2\distortions_64\motion\moderate\Non_Demented\OAS2_0005\OAS2_0005_slice_19_z173.png,Non_Demented/OAS2_0005/OAS2_0005_slice_19_z173.png,Non-Demented/OAS2_0005/OAS2_0005_slice_19_z173.png,OAS2_0005,Non-Demented,0,1,Very Mild Dementia,0,-1.4393195906053475,0.8381422686581013,-0.5415462857790483,-0.8765085938851619
OASIS_2,LinearSVM,101,test,motion__moderate,motion,moderate,D:\OASIS_2\distortions_64\motion\moderate\Non_Demented\OAS2_0005\OAS2_0005_slice_20_z178.png,Non_Demented/OAS2_0005/OAS2_0005_slice_20_z178.png,Non-Demented/OAS2_0005/OAS2_0005_slice_20_z178.png,OAS2_0005,Non-Demented,0,1,Very Mild Dementia,0,-1.5460016794006124,0.6463035409761639,-1.4017083764542584,-1.1329298787802329
OASIS_2,LinearSVM,101,test,motion__moderate,motion,moderate,D:\OASIS_2\distortions_64\motion\moderate\Non_Demented\OAS2_0017\OAS2_0017_slice_01_z077.png,Non_Demented/OAS2_0017/OAS2_0017_slice_01_z077.png,Non-Demented/OAS2_0017/OAS2_0017_slice_01_z077.png,OAS2_0017,Non-Demented,0,1,Very Mild Dementia,0,-8.044746032820797,3.7077951203769004,2.340312104422877,-0.5812681751066433
OASIS_2,LinearSVM,101,test,motion__moderate,motion,moderate,D:\OASIS_2\distortions_64\motion\moderate\Non_Demented\OAS2_0017\OAS2_0017_slice_02_z082.png,Non_Demented/OAS2_0017/OAS2_0017_slice_02_z082.png,Non-Demented/OAS2_0017/OAS2_0017_slice_02_z082.png,OAS2_0017,Non-Demented,0,2,Mild Dementia,0,-6.178265979513629,1.5230135404977312,1.9442285971714202,-0.7286093110823068
OASIS_2,LinearSVM,101,test,motion__moderate,motion,moderate,D:\OASIS_2\distortions_64\motion\moderate\Non_Demented\OAS2_0017\OAS2_0017_slice_03_z088.png,Non_Demented/OAS2_0017/OAS2_0017_slice_03_z088.png,Non-Demented/OAS2_0017/OAS2_0017_slice_03_z088.png,OAS2_0017,Non-Demented,0,1,Very Mild Dementia,0,-7.216943786843474,6.178177575845237,-0.9210148897160186,-0.13009513748335788
OASIS_2,LinearSVM,101,test,motion__moderate,motion,moderate,D:\OASIS_2\distortions_64\motion\moderate\Non_Demented\OAS2_0017\OAS2_0017_slice_04_z093.png,Non_Demented/OAS2_0017/OAS2_0017_slice_04_z093.png,Non-Demented/OAS2_0017/OAS2_0017_slice_04_z093.png,OAS2_0017,Non-Demented,0,1,Very Mild Dementia,0,-5.701541770137493,3.6610251783821193,0.17212069357587478,-0.6801473429328048
OASIS_2,LinearSVM,101,test,motion__moderate,motion,moderate,D:\OASIS_2\distortions_64\motion\moderate\Non_Demented\OAS2_0017\OAS2_0017_slice_05_z098.png,Non_Demented/OAS2_0017/OAS2_0017_slice_05_z098.png,Non-Demented/OAS2_0017/OAS2_0017_slice_05_z098.png,OAS2_0017,Non-Demented,0,1,Very Mild Dementia,0,-3.865684199119895,7.363214607369694,-3.5217258373371556,-1.1921248682335803
OASIS_2,LinearSVM,101,test,motion__moderate,motion,moderate,D:\OASIS_2\distortions_64\motion\moderate\Non_Demented\OAS2_0017\OAS2_0017_slice_06_z104.png,Non_Demented/OAS2_0017/OAS2_0017_slice_06_z104.png,Non-Demented/OAS2_0017/OAS2_0017_slice_06_z104.png,OAS2_0017,Non-Demented,0,1,Very Mild Dementia,0,-5.854622873824986,5.88990630296446,-2.565659768494786,-0.601769833807301
OASIS_2,LinearSVM,101,test,motion__moderate,motion,moderate,D:\OASIS_2\distortions_64\motion\moderate\Non_Demented\OAS2_0017\OAS2_0017_slice_07_z109.png,Non_Demented/OAS2_0017/OAS2_0017_slice_07_z109.png,Non-Demented/OAS2_0017/OAS2_0017_slice_07_z109.png,OAS2_0017,Non-Demented,0,1,Very Mild Dementia,0,-6.777158496821564,5.232100643430984,-1.8166330937131043,-0.41552621062138084
OASIS_2,LinearSVM,101,test,motion__moderate,motion,moderate,D:\OASIS_2\distortions_64\motion\moderate\Non_Demented\OAS2_0017\OAS2_0017_slice_08_z114.png,Non_Demented/OAS2_0017/OAS2_0017_slice_08_z114.png,Non-Demented/OAS2_0017/OAS2_0017_slice_08_z114.png,OAS2_0017,Non-Demented,0,1,Very Mild Dementia,0,-2.925502292509631,4.076272099259448,-2.5159109030541904,-0.32264951127964214
OASIS_2,LinearSVM,101,test,motion__moderate,motion,moderate,D:\OASIS_2\distortions_64\motion\moderate\Non_Demented\OAS2_0017\OAS2_0017_slice_09_z120.png,Non_Demented/OAS2_0017/OAS2_0017_slice_09_z120.png,Non-Demented/OAS2_0017/OAS2_0017_slice_09_z120.png,OAS2_0017,Non-Demented,0,1,Very Mild Dementia,0,-1.2874639540232666,5.095095360995659,-1.3039677239416707,-1.124453952635942
OASIS_2,LinearSVM,101,test,motion__moderate,motion,moderate,D:\OASIS_2\distortions_64\motion\moderate\Non_Demented\OAS2_0017\OAS2_0017_slice_10_z125.png,Non_Demented/OAS2_0017/OAS2_0017_slice_10_z125.png,Non-Demented/OAS2_0017/OAS2_0017_slice_10_z125.png,OAS2_0017,Non-Demented,0,1,Very Mild Dementia,0,-4.241761773881777,3.609125337550524,-2.18470380716988,-0.07586373073973973
OASIS_2,LinearSVM,101,test,motion__moderate,motion,moderate,D:\OASIS_2\distortions_64\motion\moderate\Non_Demented\OAS2_0017\OAS2_0017_slice_11_z130.png,Non_Demented/OAS2_0017/OAS2_0017_slice_11_z130.png,Non-Demented/OAS2_0017/OAS2_0017_slice_11_z130.png,OAS2_0017,Non-Demented,0,1,Very Mild Dementia,0,-2.5333010918728034,3.3871356970902147,-0.750659623574511,-0.8013398666727353
OASIS_2,LinearSVM,101,test,motion__moderate,motion,moderate,D:\OASIS_2\distortions_64\motion\moderate\Non_Demented\OAS2_0017\OAS2_0017_slice_12_z135.png,Non_Demented/OAS2_0017/OAS2_0017_slice_12_z135.png,Non-Demented/OAS2_0017/OAS2_0017_slice_12_z135.png,OAS2_0017,Non-Demented,0,1,Very Mild Dementia,0,-6.4698046919298475,7.503507237511387,-2.702787961210303,-1.0874313151664121
OASIS_2,LinearSVM,101,test,motion__moderate,motion,moderate,D:\OASIS_2\distortions_64\motion\moderate\Non_Demented\OAS2_0017\OAS2_0017_slice_13_z141.png,Non_Demented/OAS2_0017/OAS2_0017_slice_13_z141.png,Non-Demented/OAS2_0017/OAS2_0017_slice_13_z141.png,OAS2_0017,Non-Demented,0,1,Very Mild Dementia,0,-6.715557556139889,7.642661961726734,-1.4265483400000447,0.19511127080181545
OASIS_2,LinearSVM,101,test,motion__moderate,motion,moderate,D:\OASIS_2\distortions_64\motion\moderate\Non_Demented\OAS2_0017\OAS2_0017_slice_14_z146.png,Non_Demented/OAS2_0017/OAS2_0017_slice_14_z146.png,Non-Demented/OAS2_0017/OAS2_0017_slice_14_z146.png,OAS2_0017,Non-Demented,0,1,Very Mild Dementia,0,-4.916248176400238,9.205159240296787,-5.79319683984442,-0.10916589377190533
OASIS_2,LinearSVM,101,test,motion__moderate,motion,moderate,D:\OASIS_2\distortions_64\motion\moderate\Non_Demented\OAS2_0017\OAS2_0017_slice_15_z151.png,Non_Demented/OAS2_0017/OAS2_0017_slice_15_z151.png,Non-Demented/OAS2_0017/OAS2_0017_slice_15_z151.png,OAS2_0017,Non-Demented,0,1,Very Mild Dementia,0,-2.7837842963544106,5.005313056566205,-2.778202961493979,0.004232998761503515
OASIS_2,LinearSVM,101,test,motion__moderate,motion,moderate,D:\OASIS_2\distortions_64\motion\moderate\Non_Demented\OAS2_0017\OAS2_0017_slice_16_z157.png,Non_Demented/OAS2_0017/OAS2_0017_slice_16_z157.png,Non-Demented/OAS2_0017/OAS2_0017_slice_16_z157.png,OAS2_0017,Non-Demented,0,1,Very Mild Dementia,0,-1.5702942271725593,2.98447169817842,-3.4246257969618665,-0.05784361993858367
OASIS_2,LinearSVM,101,test,motion__moderate,motion,moderate,D:\OASIS_2\distortions_64\motion\moderate\Non_Demented\OAS2_0017\OAS2_0017_slice_17_z162.png,Non_Demented/OAS2_0017/OAS2_0017_slice_17_z162.png,Non-Demented/OAS2_0017/OAS2_0017_slice_17_z162.png,OAS2_0017,Non-Demented,0,1,Very Mild Dementia,0,-8.336349260034417,7.976640411092102,-0.6901347390017236,0.1795043562421199
OASIS_2,LinearSVM,101,test,motion__moderate,motion,moderate,D:\OASIS_2\distortions_64\motion\moderate\Non_Demented\OAS2_0017\OAS2_0017_slice_18_z167.png,Non_Demented/OAS2_0017/OAS2_0017_slice_18_z167.png,Non-Demented/OAS2_0017/OAS2_0017_slice_18_z167.png,OAS2_0017,Non-Demented,0,1,Very Mild Dementia,0,-7.725486971058442,4.389288971460976,0.9208986607819938,0.13592037453315475
OASIS_2,LinearSVM,101,test,motion__moderate,motion,moderate,D:\OASIS_2\distortions_64\motion\moderate\Non_Demented\OAS2_0017\OAS2_0017_slice_19_z173.png,Non_Demented/OAS2_0017/OAS2_0017_slice_19_z173.png,Non-Demented/OAS2_0017/OAS2_0017_slice_19_z173.png,OAS2_0017,Non-Demented,0,0,Non-Demented,1,0.7488639972427658,-1.9029777458379638,0.45942853507173487,-0.80513539898016
OASIS_2,LinearSVM,101,test,motion__moderate,motion,moderate,D:\OASIS_2\distortions_64\motion\moderate\Non_Demented\OAS2_0017\OAS2_0017_slice_20_z178.png,Non_Demented/OAS2_0017/OAS2_0017_slice_20_z178.png,Non-Demented/OAS2_0017/OAS2_0017_slice_20_z178.png,OAS2_0017,Non-Demented,0,2,Mild Dementia,0,-2.7398993151112,0.7852982228329244,1.8218340028539468,-0.36647963051491184
OASIS_2,LinearSVM,101,test,motion__moderate,motion,moderate,D:\OASIS_2\distortions_64\motion\moderate\Non_Demented\OAS2_0036\OAS2_0036_slice_01_z077.png,Non_Demented/OAS2_0036/OAS2_0036_slice_01_z077.png,Non-Demented/OAS2_0036/OAS2_0036_slice_01_z077.png,OAS2_0036,Non-Demented,0,1,Very Mild Dementia,0,-7.130933076479017,5.802191318113156,0.9261996539329769,-0.12075119218535368
OASIS_2,LinearSVM,101,test,motion__moderate,motion,moderate,D:\OASIS_2\distortions_64\motion\moderate\Non_Demented\OAS2_0036\OAS2_0036_slice_02_z082.png,Non_Demented/OAS2_0036/OAS2_0036_slice_02_z082.png,Non-Demented/OAS2_0036/OAS2_0036_slice_02_z082.png,OAS2_0036,Non-Demented,0,0,Non-Demented,1,-0.492409192238206,-0.5173649098449725,-1.4675170977603096,-0.9379677118067585
OASIS_2,LinearSVM,101,test,motion__moderate,motion,moderate,D:\OASIS_2\distortions_64\motion\moderate\Non_Demented\OAS2_0036\OAS2_0036_slice_03_z088.png,Non_Demented/OAS2_0036/OAS2_0036_slice_03_z088.png,Non-Demented/OAS2_0036/OAS2_0036_slice_03_z088.png,OAS2_0036,Non-Demented,0,0,Non-Demented,1,0.7259881597434951,0.02831021295203562,-0.5586601074575452,-0.6284557208151964
OASIS_2,LinearSVM,101,test,motion__moderate,motion,moderate,D:\OASIS_2\distortions_64\motion\moderate\Non_Demented\OAS2_0036\OAS2_0036_slice_04_z093.png,Non_Demented/OAS2_0036/OAS2_0036_slice_04_z093.png,Non-Demented/OAS2_0036/OAS2_0036_slice_04_z093.png,OAS2_0036,Non-Demented,0,1,Very Mild Dementia,0,-6.778979947603676,4.403690923327218,1.3664830499734157,-0.22894172988392714
OASIS_2,LinearSVM,101,test,motion__moderate,motion,moderate,D:\OASIS_2\distortions_64\motion\moderate\Non_Demented\OAS2_0036\OAS2_0036_slice_05_z098.png,Non_Demented/OAS2_0036/OAS2_0036_slice_05_z098.png,Non-Demented/OAS2_0036/OAS2_0036_slice_05_z098.png,OAS2_0036,Non-Demented,0,1,Very Mild Dementia,0,-3.7512749715663367,1.274357182601529,0.9082842380312357,-0.22905113635661245
OASIS_2,LinearSVM,101,test,motion__moderate,motion,moderate,D:\OASIS_2\distortions_64\motion\moderate\Non_Demented\OAS2_0036\OAS2_0036_slice_06_z104.png,Non_Demented/OAS2_0036/OAS2_0036_slice_06_z104.png,Non-Demented/OAS2_0036/OAS2_0036_slice_06_z104.png,OAS2_0036,Non-Demented,0,1,Very Mild Dementia,0,-3.7678096699359447,2.1794344348400294,1.498355015325997,-0.5556271321734447
OASIS_2,LinearSVM,101,test,motion__moderate,motion,moderate,D:\OASIS_2\distortions_64\motion\moderate\Non_Demented\OAS2_0036\OAS2_0036_slice_07_z109.png,Non_Demented/OAS2_0036/OAS2_0036_slice_07_z109.png,Non-Demented/OAS2_0036/OAS2_0036_slice_07_z109.png,OAS2_0036,Non-Demented,0,1,Very Mild Dementia,0,-6.9081756337726645,5.279488493989808,-0.4347466329196612,-0.03626155899772043
OASIS_2,LinearSVM,101,test,motion__moderate,motion,moderate,D:\OASIS_2\distortions_64\motion\moderate\Non_Demented\OAS2_0036\OAS2_0036_slice_08_z114.png,Non_Demented/OAS2_0036/OAS2_0036_slice_08_z114.png,Non-Demented/OAS2_0036/OAS2_0036_slice_08_z114.png,OAS2_0036,Non-Demented,0,1,Very Mild Dementia,0,-5.534851214144122,6.270930165091153,-1.3253207397507047,-0.23689016562664778
OASIS_2,LinearSVM,101,test,motion__moderate,motion,moderate,D:\OASIS_2\distortions_64\motion\moderate\Non_Demented\OAS2_0036\OAS2_0036_slice_09_z120.png,Non_Demented/OAS2_0036/OAS2_0036_slice_09_z120.png,Non-Demented/OAS2_0036/OAS2_0036_slice_09_z120.png,OAS2_0036,Non-Demented,0,1,Very Mild Dementia,0,-8.167420559207894,6.1166208091680065,2.527309530418382,-0.5780332405280383
OASIS_2,LinearSVM,101,test,motion__moderate,motion,moderate,D:\OASIS_2\distortions_64\motion\moderate\Non_Demented\OAS2_0036\OAS2_0036_slice_10_z125.png,Non_Demented/OAS2_0036/OAS2_0036_slice_10_z125.png,Non-Demented/OAS2_0036/OAS2_0036_slice_10_z125.png,OAS2_0036,Non-Demented,0,1,Very Mild Dementia,0,-4.439221910746989,6.439631135216734,-1.6764273044824973,-0.7266796054315086
OASIS_2,LinearSVM,101,test,motion__moderate,motion,moderate,D:\OASIS_2\distortions_64\motion\moderate\Non_Demented\OAS2_0036\OAS2_0036_slice_11_z130.png,Non_Demented/OAS2_0036/OAS2_0036_slice_11_z130.png,Non-Demented/OAS2_0036/OAS2_0036_slice_11_z130.png,OAS2_0036,Non-Demented,0,1,Very Mild Dementia,0,-6.223432735666576,6.9810882347440115,-1.6784187991973654,-0.30239476329752846
OASIS_2,LinearSVM,101,test,motion__moderate,motion,moderate,D:\OASIS_2\distortions_64\motion\moderate\Non_Demented\OAS2_0036\OAS2_0036_slice_12_z135.png,Non_Demented/OAS2_0036/OAS2_0036_slice_12_z135.png,Non-Demented/OAS2_0036/OAS2_0036_slice_12_z135.png,OAS2_0036,Non-Demented,0,1,Very Mild Dementia,0,-2.905273944395808,1.7246413337374282,-0.7547946452167204,-0.7259752860650571
OASIS_2,LinearSVM,101,test,motion__moderate,motion,moderate,D:\OASIS_2\distortions_64\motion\moderate\Non_Demented\OAS2_0036\OAS2_0036_slice_13_z141.png,Non_Demented/OAS2_0036/OAS2_0036_slice_13_z141.png,Non-Demented/OAS2_0036/OAS2_0036_slice_13_z141.png,OAS2_0036,Non-Demented,0,2,Mild Dementia,0,-3.168672096266119,1.0109491895031495,1.155021188769318,-0.16277633301770056
OASIS_2,LinearSVM,101,test,motion__moderate,motion,moderate,D:\OASIS_2\distortions_64\motion\moderate\Non_Demented\OAS2_0036\OAS2_0036_slice_14_z146.png,Non_Demented/OAS2_0036/OAS2_0036_slice_14_z146.png,Non-Demented/OAS2_0036/OAS2_0036_slice_14_z146.png,OAS2_0036,Non-Demented,0,1,Very Mild Dementia,0,-4.964194117526035,4.216864996743725,-0.3111389830665211,-0.42209645686627606
OASIS_2,LinearSVM,101,test,motion__moderate,motion,moderate,D:\OASIS_2\distortions_64\motion\moderate\Non_Demented\OAS2_0036\OAS2_0036_slice_15_z151.png,Non_Demented/OAS2_0036/OAS2_0036_slice_15_z151.png,Non-Demented/OAS2_0036/OAS2_0036_slice_15_z151.png,OAS2_0036,Non-Demented,0,2,Mild Dementia,0,-3.3248816351473915,-0.5495727257047567,2.457253007953901,-0.31116555655613143
OASIS_2,LinearSVM,101,test,motion__moderate,motion,moderate,D:\OASIS_2\distortions_64\motion\moderate\Non_Demented\OAS2_0036\OAS2_0036_slice_16_z157.png,Non_Demented/OAS2_0036/OAS2_0036_slice_16_z157.png,Non-Demented/OAS2_0036/OAS2_0036_slice_16_z157.png,OAS2_0036,Non-Demented,0,1,Very Mild Dementia,0,-7.17351477574456,8.095810212990317,-4.350840698513471,0.8637195612072148
OASIS_2,LinearSVM,101,test,motion__moderate,motion,moderate,D:\OASIS_2\distortions_64\motion\moderate\Non_Demented\OAS2_0036\OAS2_0036_slice_17_z162.png,Non_Demented/OAS2_0036/OAS2_0036_slice_17_z162.png,Non-Demented/OAS2_0036/OAS2_0036_slice_17_z162.png,OAS2_0036,Non-Demented,0,2,Mild Dementia,0,-3.1151594223964967,1.555180990440496,2.00084806593508,0.17133333613596147
OASIS_2,LinearSVM,101,test,motion__moderate,motion,moderate,D:\OASIS_2\distortions_64\motion\moderate\Non_Demented\OAS2_0036\OAS2_0036_slice_18_z167.png,Non_Demented/OAS2_0036/OAS2_0036_slice_18_z167.png,Non-Demented/OAS2_0036/OAS2_0036_slice_18_z167.png,OAS2_0036,Non-Demented,0,1,Very Mild Dementia,0,-1.64270733126867,1.1453212021641426,-1.3111983286158884,-0.5228981389542731
OASIS_2,LinearSVM,101,test,motion__moderate,motion,moderate,D:\OASIS_2\distortions_64\motion\moderate\Non_Demented\OAS2_0036\OAS2_0036_slice_19_z173.png,Non_Demented/OAS2_0036/OAS2_0036_slice_19_z173.png,Non-Demented/OAS2_0036/OAS2_0036_slice_19_z173.png,OAS2_0036,Non-Demented,0,1,Very Mild Dementia,0,-6.820186210778704,4.015729062461971,2.479032104024612,0.4853306067766101
OASIS_2,LinearSVM,101,test,motion__moderate,motion,moderate,D:\OASIS_2\distortions_64\motion\moderate\Non_Demented\OAS2_0036\OAS2_0036_slice_20_z178.png,Non_Demented/OAS2_0036/OAS2_0036_slice_20_z178.png,Non-Demented/OAS2_0036/OAS2_0036_slice_20_z178.png,OAS2_0036,Non-Demented,0,1,Very Mild Dementia,0,-9.114846343410754,7.845463956493312,2.049313616783577,0.05531215860205263
OASIS_2,LinearSVM,101,test,motion__moderate,motion,moderate,D:\OASIS_2\distortions_64\motion\moderate\Non_Demented\OAS2_0067\OAS2_0067_slice_01_z077.png,Non_Demented/OAS2_0067/OAS2_0067_slice_01_z077.png,Non-Demented/OAS2_0067/OAS2_0067_slice_01_z077.png,OAS2_0067,Non-Demented,0,2,Mild Dementia,0,-0.5216935800613356,-4.785959677797503,2.3898905933994534,-0.5702870813116355
OASIS_2,LinearSVM,101,test,motion__moderate,motion,moderate,D:\OASIS_2\distortions_64\motion\moderate\Non_Demented\OAS2_0067\OAS2_0067_slice_02_z082.png,Non_Demented/OAS2_0067/OAS2_0067_slice_02_z082.png,Non-Demented/OAS2_0067/OAS2_0067_slice_02_z082.png,OAS2_0067,Non-Demented,0,1,Very Mild Dementia,0,-0.6356043221431019,0.05548649059076294,-0.973656848833127,-1.2597487647085956
OASIS_2,LinearSVM,101,test,motion__moderate,motion,moderate,D:\OASIS_2\distortions_64\motion\moderate\Non_Demented\OAS2_0067\OAS2_0067_slice_03_z088.png,Non_Demented/OAS2_0067/OAS2_0067_slice_03_z088.png,Non-Demented/OAS2_0067/OAS2_0067_slice_03_z088.png,OAS2_0067,Non-Demented,0,2,Mild Dementia,0,-1.1495656604065894,-5.939235112572329,1.9529462195163219,-0.4945095069033467
OASIS_2,LinearSVM,101,test,motion__moderate,motion,moderate,D:\OASIS_2\distortions_64\motion\moderate\Non_Demented\OAS2_0067\OAS2_0067_slice_04_z093.png,Non_Demented/OAS2_0067/OAS2_0067_slice_04_z093.png,Non-Demented/OAS2_0067/OAS2_0067_slice_04_z093.png,OAS2_0067,Non-Demented,0,2,Mild Dementia,0,-6.5405513713417305,0.286850194751086,2.1963022569433757,0.2475838272370785
OASIS_2,LinearSVM,101,test,motion__moderate,motion,moderate,D:\OASIS_2\distortions_64\motion\moderate\Non_Demented\OAS2_0067\OAS2_0067_slice_05_z098.png,Non_Demented/OAS2_0067/OAS2_0067_slice_05_z098.png,Non-Demented/OAS2_0067/OAS2_0067_slice_05_z098.png,OAS2_0067,Non-Demented,0,2,Mild Dementia,0,-1.474099661136488,0.4056342445903336,1.3870088655703134,-0.8579188906850906
OASIS_2,LinearSVM,101,test,motion__moderate,motion,moderate,D:\OASIS_2\distortions_64\motion\moderate\Non_Demented\OAS2_0067\OAS2_0067_slice_06_z104.png,Non_Demented/OAS2_0067/OAS2_0067_slice_06_z104.png,Non-Demented/OAS2_0067/OAS2_0067_slice_06_z104.png,OAS2_0067,Non-Demented,0,1,Very Mild Dementia,0,-5.120603913399552,4.032942066791962,-0.9412660330491143,-0.5873046309754326
OASIS_2,LinearSVM,101,test,motion__moderate,motion,moderate,D:\OASIS_2\distortions_64\motion\moderate\Non_Demented\OAS2_0067\OAS2_0067_slice_07_z109.png,Non_Demented/OAS2_0067/OAS2_0067_slice_07_z109.png,Non-Demented/OAS2_0067/OAS2_0067_slice_07_z109.png,OAS2_0067,Non-Demented,0,1,Very Mild Dementia,0,-4.7453367424730875,2.614644333903736,0.7009149702437023,-0.11149272342353933
OASIS_2,LinearSVM,101,test,motion__moderate,motion,moderate,D:\OASIS_2\distortions_64\motion\moderate\Non_Demented\OAS2_0067\OAS2_0067_slice_08_z114.png,Non_Demented/OAS2_0067/OAS2_0067_slice_08_z114.png,Non-Demented/OAS2_0067/OAS2_0067_slice_08_z114.png,OAS2_0067,Non-Demented,0,2,Mild Dementia,0,-0.9621603726414845,-3.1359750455402224,1.1832672456479343,-0.5205536523940602
OASIS_2,LinearSVM,101,test,motion__moderate,motion,moderate,D:\OASIS_2\distortions_64\motion\moderate\Non_Demented\OAS2_0067\OAS2_0067_slice_09_z120.png,Non_Demented/OAS2_0067/OAS2_0067_slice_09_z120.png,Non-Demented/OAS2_0067/OAS2_0067_slice_09_z120.png,OAS2_0067,Non-Demented,0,1,Very Mild Dementia,0,-4.063311353473799,2.783391227290922,-1.468971890109788,-0.4987232312599472
OASIS_2,LinearSVM,101,test,motion__moderate,motion,moderate,D:\OASIS_2\distortions_64\motion\moderate\Non_Demented\OAS2_0067\OAS2_0067_slice_10_z125.png,Non_Demented/OAS2_0067/OAS2_0067_slice_10_z125.png,Non-Demented/OAS2_0067/OAS2_0067_slice_10_z125.png,OAS2_0067,Non-Demented,0,1,Very Mild Dementia,0,-4.237195198911641,6.572383338329667,-2.5779776006901307,-0.8932224091981771
OASIS_2,LinearSVM,101,test,motion__moderate,motion,moderate,D:\OASIS_2\distortions_64\motion\moderate\Non_Demented\OAS2_0067\OAS2_0067_slice_11_z130.png,Non_Demented/OAS2_0067/OAS2_0067_slice_11_z130.png,Non-Demented/OAS2_0067/OAS2_0067_slice_11_z130.png,OAS2_0067,Non-Demented,0,1,Very Mild Dementia,0,-2.659628204149915,2.6666817076774487,-0.7026501419626353,-0.5190911976912312
OASIS_2,LinearSVM,101,test,motion__moderate,motion,moderate,D:\OASIS_2\distortions_64\motion\moderate\Non_Demented\OAS2_0067\OAS2_0067_slice_12_z135.png,Non_Demented/OAS2_0067/OAS2_0067_slice_12_z135.png,Non-Demented/OAS2_0067/OAS2_0067_slice_12_z135.png,OAS2_0067,Non-Demented,0,1,Very Mild Dementia,0,1.0670599424427578,6.108609638556609,-6.904982703909482,-0.6673485575789372
OASIS_2,LinearSVM,101,test,motion__moderate,motion,moderate,D:\OASIS_2\distortions_64\motion\moderate\Non_Demented\OAS2_0067\OAS2_0067_slice_13_z141.png,Non_Demented/OAS2_0067/OAS2_0067_slice_13_z141.png,Non-Demented/OAS2_0067/OAS2_0067_slice_13_z141.png,OAS2_0067,Non-Demented,0,1,Very Mild Dementia,0,-2.1046742768413487,4.010632788927669,-2.8360886652882193,-0.6865033175498911
OASIS_2,LinearSVM,101,test,motion__moderate,motion,moderate,D:\OASIS_2\distortions_64\motion\moderate\Non_Demented\OAS2_0067\OAS2_0067_slice_14_z146.png,Non_Demented/OAS2_0067/OAS2_0067_slice_14_z146.png,Non-Demented/OAS2_0067/OAS2_0067_slice_14_z146.png,OAS2_0067,Non-Demented,0,0,Non-Demented,1,2.1506353690702933,-1.4892406917906158,-1.8633261908746057,-0.5438449307565357
OASIS_2,LinearSVM,101,test,motion__moderate,motion,moderate,D:\OASIS_2\distortions_64\motion\moderate\Non_Demented\OAS2_0067\OAS2_0067_slice_15_z151.png,Non_Demented/OAS2_0067/OAS2_0067_slice_15_z151.png,Non-Demented/OAS2_0067/OAS2_0067_slice_15_z151.png,OAS2_0067,Non-Demented,0,1,Very Mild Dementia,0,-1.2027815906738912,1.3576550956833813,-1.8795638759323348,-0.5969051632803608
OASIS_2,LinearSVM,101,test,motion__moderate,motion,moderate,D:\OASIS_2\distortions_64\motion\moderate\Non_Demented\OAS2_0067\OAS2_0067_slice_16_z157.png,Non_Demented/OAS2_0067/OAS2_0067_slice_16_z157.png,Non-Demented/OAS2_0067/OAS2_0067_slice_16_z157.png,OAS2_0067,Non-Demented,0,0,Non-Demented,1,0.7127049211884856,-2.59400828068389,-0.834706846231315,-0.3970665043128162
OASIS_2,LinearSVM,101,test,motion__moderate,motion,moderate,D:\OASIS_2\distortions_64\motion\moderate\Non_Demented\OAS2_0067\OAS2_0067_slice_17_z162.png,Non_Demented/OAS2_0067/OAS2_0067_slice_17_z162.png,Non-Demented/OAS2_0067/OAS2_0067_slice_17_z162.png,OAS2_0067,Non-Demented,0,1,Very Mild Dementia,0,-2.7347094848562046,1.4890767535032816,-1.5307413782172894,-0.920490942663299
OASIS_2,LinearSVM,101,test,motion__moderate,motion,moderate,D:\OASIS_2\distortions_64\motion\moderate\Non_Demented\OAS2_0067\OAS2_0067_slice_18_z167.png,Non_Demented/OAS2_0067/OAS2_0067_slice_18_z167.png,Non-Demented/OAS2_0067/OAS2_0067_slice_18_z167.png,OAS2_0067,Non-Demented,0,2,Mild Dementia,0,-0.834843439555899,-2.1707230202302243,-0.24995444892644503,-0.39119608265213535
OASIS_2,LinearSVM,101,test,motion__moderate,motion,moderate,D:\OASIS_2\distortions_64\motion\moderate\Non_Demented\OAS2_0067\OAS2_0067_slice_19_z173.png,Non_Demented/OAS2_0067/OAS2_0067_slice_19_z173.png,Non-Demented/OAS2_0067/OAS2_0067_slice_19_z173.png,OAS2_0067,Non-Demented,0,1,Very Mild Dementia,0,-3.5595705298475897,3.4553072822600344,-0.9266116716963937,-0.9691681718209475
OASIS_2,LinearSVM,101,test,motion__moderate,motion,moderate,D:\OASIS_2\distortions_64\motion\moderate\Non_Demented\OAS2_0067\OAS2_0067_slice_20_z178.png,Non_Demented/OAS2_0067/OAS2_0067_slice_20_z178.png,Non-Demented/OAS2_0067/OAS2_0067_slice_20_z178.png,OAS2_0067,Non-Demented,0,1,Very Mild Dementia,0,-1.9346675501486024,4.100580934764795,-2.1354445829994915,-1.0741553849230265
OASIS_2,LinearSVM,101,test,motion__moderate,motion,moderate,D:\OASIS_2\distortions_64\motion\moderate\Non_Demented\OAS2_0069\OAS2_0069_slice_01_z077.png,Non_Demented/OAS2_0069/OAS2_0069_slice_01_z077.png,Non-Demented/OAS2_0069/OAS2_0069_slice_01_z077.png,OAS2_0069,Non-Demented,0,2,Mild Dementia,0,-5.9472687053630064,1.4850344128927855,2.8615203327932375,0.41465677569291604
OASIS_2,LinearSVM,101,test,motion__moderate,motion,moderate,D:\OASIS_2\distortions_64\motion\moderate\Non_Demented\OAS2_0069\OAS2_0069_slice_02_z082.png,Non_Demented/OAS2_0069/OAS2_0069_slice_02_z082.png,Non-Demented/OAS2_0069/OAS2_0069_slice_02_z082.png,OAS2_0069,Non-Demented,0,2,Mild Dementia,0,-1.7149691434180365,-0.759335455577,2.040909674704905,-0.5924619599553247
OASIS_2,LinearSVM,101,test,motion__moderate,motion,moderate,D:\OASIS_2\distortions_64\motion\moderate\Non_Demented\OAS2_0069\OAS2_0069_slice_03_z088.png,Non_Demented/OAS2_0069/OAS2_0069_slice_03_z088.png,Non-Demented/OAS2_0069/OAS2_0069_slice_03_z088.png,OAS2_0069,Non-Demented,0,1,Very Mild Dementia,0,-2.030985537283073,5.785217990206868,-1.741216986116685,-0.45026465067463584
OASIS_2,LinearSVM,101,test,motion__moderate,motion,moderate,D:\OASIS_2\distortions_64\motion\moderate\Non_Demented\OAS2_0069\OAS2_0069_slice_04_z093.png,Non_Demented/OAS2_0069/OAS2_0069_slice_04_z093.png,Non-Demented/OAS2_0069/OAS2_0069_slice_04_z093.png,OAS2_0069,Non-Demented,0,1,Very Mild Dementia,0,-2.032994699432875,1.5298060967067169,-2.0430376158318024,-0.6905596037363433
OASIS_2,LinearSVM,101,test,motion__moderate,motion,moderate,D:\OASIS_2\distortions_64\motion\moderate\Non_Demented\OAS2_0069\OAS2_0069_slice_05_z098.png,Non_Demented/OAS2_0069/OAS2_0069_slice_05_z098.png,Non-Demented/OAS2_0069/OAS2_0069_slice_05_z098.png,OAS2_0069,Non-Demented,0,1,Very Mild Dementia,0,-5.688163507159742,9.538075218653894,-3.355181583918618,-0.3810780730164851
OASIS_2,LinearSVM,101,test,motion__moderate,motion,moderate,D:\OASIS_2\distortions_64\motion\moderate\Non_Demented\OAS2_0069\OAS2_0069_slice_06_z104.png,Non_Demented/OAS2_0069/OAS2_0069_slice_06_z104.png,Non-Demented/OAS2_0069/OAS2_0069_slice_06_z104.png,OAS2_0069,Non-Demented,0,1,Very Mild Dementia,0,-4.429576189640558,7.770873737772268,-3.3097797151952677,-0.5717613779646624
OASIS_2,LinearSVM,101,test,motion__moderate,motion,moderate,D:\OASIS_2\distortions_64\motion\moderate\Non_Demented\OAS2_0069\OAS2_0069_slice_07_z109.png,Non_Demented/OAS2_0069/OAS2_0069_slice_07_z109.png,Non-Demented/OAS2_0069/OAS2_0069_slice_07_z109.png,OAS2_0069,Non-Demented,0,1,Very Mild Dementia,0,-5.227339980890052,7.071284509396795,-1.9176289779764208,-0.11432939129600495
OASIS_2,LinearSVM,101,test,motion__moderate,motion,moderate,D:\OASIS_2\distortions_64\motion\moderate\Non_Demented\OAS2_0069\OAS2_0069_slice_08_z114.png,Non_Demented/OAS2_0069/OAS2_0069_slice_08_z114.png,Non-Demented/OAS2_0069/OAS2_0069_slice_08_z114.png,OAS2_0069,Non-Demented,0,1,Very Mild Dementia,0,-8.28521798746443,7.148643072225903,-0.4520673050274131,0.5492269789152338
OASIS_2,LinearSVM,101,test,motion__moderate,motion,moderate,D:\OASIS_2\distortions_64\motion\moderate\Non_Demented\OAS2_0069\OAS2_0069_slice_09_z120.png,Non_Demented/OAS2_0069/OAS2_0069_slice_09_z120.png,Non-Demented/OAS2_0069/OAS2_0069_slice_09_z120.png,OAS2_0069,Non-Demented,0,1,Very Mild Dementia,0,-3.3464788537214614,10.27966749431566,-6.947385757154128,-0.2723626669342907
OASIS_2,LinearSVM,101,test,motion__moderate,motion,moderate,D:\OASIS_2\distortions_64\motion\moderate\Non_Demented\OAS2_0069\OAS2_0069_slice_10_z125.png,Non_Demented/OAS2_0069/OAS2_0069_slice_10_z125.png,Non-Demented/OAS2_0069/OAS2_0069_slice_10_z125.png,OAS2_0069,Non-Demented,0,1,Very Mild Dementia,0,-2.708244456312205,2.086172690250545,-0.6657815259891626,-0.2958004080105391
OASIS_2,LinearSVM,101,test,motion__moderate,motion,moderate,D:\OASIS_2\distortions_64\motion\moderate\Non_Demented\OAS2_0069\OAS2_0069_slice_11_z130.png,Non_Demented/OAS2_0069/OAS2_0069_slice_11_z130.png,Non-Demented/OAS2_0069/OAS2_0069_slice_11_z130.png,OAS2_0069,Non-Demented,0,1,Very Mild Dementia,0,-4.160780907210183,5.223941551110841,-0.8490146069679855,-1.0916859806614383
OASIS_2,LinearSVM,101,test,motion__moderate,motion,moderate,D:\OASIS_2\distortions_64\motion\moderate\Non_Demented\OAS2_0069\OAS2_0069_slice_12_z135.png,Non_Demented/OAS2_0069/OAS2_0069_slice_12_z135.png,Non-Demented/OAS2_0069/OAS2_0069_slice_12_z135.png,OAS2_0069,Non-Demented,0,1,Very Mild Dementia,0,-5.925746875292153,13.274910641236618,-4.652389963722191,-0.6037015141348043
OASIS_2,LinearSVM,101,test,motion__moderate,motion,moderate,D:\OASIS_2\distortions_64\motion\moderate\Non_Demented\OAS2_0069\OAS2_0069_slice_13_z141.png,Non_Demented/OAS2_0069/OAS2_0069_slice_13_z141.png,Non-Demented/OAS2_0069/OAS2_0069_slice_13_z141.png,OAS2_0069,Non-Demented,0,1,Very Mild Dementia,0,-0.8625410031182733,1.3040308232540385,0.6904129440888536,-1.2052223859680942
OASIS_2,LinearSVM,101,test,motion__moderate,motion,moderate,D:\OASIS_2\distortions_64\motion\moderate\Non_Demented\OAS2_0069\OAS2_0069_slice_14_z146.png,Non_Demented/OAS2_0069/OAS2_0069_slice_14_z146.png,Non-Demented/OAS2_0069/OAS2_0069_slice_14_z146.png,OAS2_0069,Non-Demented,0,0,Non-Demented,1,0.9571821323478228,-3.7660852756340466,0.6231285334281078,-0.9879774251684071
OASIS_2,LinearSVM,101,test,motion__moderate,motion,moderate,D:\OASIS_2\distortions_64\motion\moderate\Non_Demented\OAS2_0069\OAS2_0069_slice_15_z151.png,Non_Demented/OAS2_0069/OAS2_0069_slice_15_z151.png,Non-Demented/OAS2_0069/OAS2_0069_slice_15_z151.png,OAS2_0069,Non-Demented,0,2,Mild Dementia,0,-3.3494811105271003,-0.8494642141269699,1.9261778015937447,0.14062031825004206
OASIS_2,LinearSVM,101,test,motion__moderate,motion,moderate,D:\OASIS_2\distortions_64\motion\moderate\Non_Demented\OAS2_0069\OAS2_0069_slice_16_z157.png,Non_Demented/OAS2_0069/OAS2_0069_slice_16_z157.png,Non-Demented/OAS2_0069/OAS2_0069_slice_16_z157.png,OAS2_0069,Non-Demented,0,1,Very Mild Dementia,0,-6.549185420722331,3.40566800475587,0.5241289477846223,-0.21866785125493937
OASIS_2,LinearSVM,101,test,motion__moderate,motion,moderate,D:\OASIS_2\distortions_64\motion\moderate\Non_Demented\OAS2_0069\OAS2_0069_slice_17_z162.png,Non_Demented/OAS2_0069/OAS2_0069_slice_17_z162.png,Non-Demented/OAS2_0069/OAS2_0069_slice_17_z162.png,OAS2_0069,Non-Demented,0,1,Very Mild Dementia,0,-9.424290436501302,4.826952422496818,3.6370947147210804,0.00020726317789176996
OASIS_2,LinearSVM,101,test,motion__moderate,motion,moderate,D:\OASIS_2\distortions_64\motion\moderate\Non_Demented\OAS2_0069\OAS2_0069_slice_18_z167.png,Non_Demented/OAS2_0069/OAS2_0069_slice_18_z167.png,Non-Demented/OAS2_0069/OAS2_0069_slice_18_z167.png,OAS2_0069,Non-Demented,0,1,Very Mild Dementia,0,-3.6484338925114073,1.5872377977426153,1.171824097637756,-0.44507852477359555
OASIS_2,LinearSVM,101,test,motion__moderate,motion,moderate,D:\OASIS_2\distortions_64\motion\moderate\Non_Demented\OAS2_0069\OAS2_0069_slice_19_z173.png,Non_Demented/OAS2_0069/OAS2_0069_slice_19_z173.png,Non-Demented/OAS2_0069/OAS2_0069_slice_19_z173.png,OAS2_0069,Non-Demented,0,2,Mild Dementia,0,-1.646173393436325,-0.1789821698948747,0.339888893688987,-0.903827077158581
OASIS_2,LinearSVM,101,test,motion__moderate,motion,moderate,D:\OASIS_2\distortions_64\motion\moderate\Non_Demented\OAS2_0069\OAS2_0069_slice_20_z178.png,Non_Demented/OAS2_0069/OAS2_0069_slice_20_z178.png,Non-Demented/OAS2_0069/OAS2_0069_slice_20_z178.png,OAS2_0069,Non-Demented,0,1,Very Mild Dementia,0,-3.723526290477919,2.018538114730676,0.23517354652147038,-1.2998436940469316
OASIS_2,LinearSVM,101,test,motion__moderate,motion,moderate,D:\OASIS_2\distortions_64\motion\moderate\Non_Demented\OAS2_0070\OAS2_0070_slice_01_z077.png,Non_Demented/OAS2_0070/OAS2_0070_slice_01_z077.png,Non-Demented/OAS2_0070/OAS2_0070_slice_01_z077.png,OAS2_0070,Non-Demented,0,1,Very Mild Dementia,0,-3.8758525314330394,4.804831820934578,-2.286814780973229,-0.2964426775847697
OASIS_2,LinearSVM,101,test,motion__moderate,motion,moderate,D:\OASIS_2\distortions_64\motion\moderate\Non_Demented\OAS2_0070\OAS2_0070_slice_02_z082.png,Non_Demented/OAS2_0070/OAS2_0070_slice_02_z082.png,Non-Demented/OAS2_0070/OAS2_0070_slice_02_z082.png,OAS2_0070,Non-Demented,0,1,Very Mild Dementia,0,-5.857028293347225,4.6048734975538395,-0.2852791005584865,0.18356599463074996
OASIS_2,LinearSVM,101,test,motion__moderate,motion,moderate,D:\OASIS_2\distortions_64\motion\moderate\Non_Demented\OAS2_0070\OAS2_0070_slice_03_z088.png,Non_Demented/OAS2_0070/OAS2_0070_slice_03_z088.png,Non-Demented/OAS2_0070/OAS2_0070_slice_03_z088.png,OAS2_0070,Non-Demented,0,1,Very Mild Dementia,0,-4.183451960080462,8.572176282246879,-3.5257384052886804,-0.7349683933901922
OASIS_2,LinearSVM,101,test,motion__moderate,motion,moderate,D:\OASIS_2\distortions_64\motion\moderate\Non_Demented\OAS2_0070\OAS2_0070_slice_04_z093.png,Non_Demented/OAS2_0070/OAS2_0070_slice_04_z093.png,Non-Demented/OAS2_0070/OAS2_0070_slice_04_z093.png,OAS2_0070,Non-Demented,0,1,Very Mild Dementia,0,-3.7121046938507267,4.84477059734117,0.7229682122262109,-0.6673243063967503
OASIS_2,LinearSVM,101,test,motion__moderate,motion,moderate,D:\OASIS_2\distortions_64\motion\moderate\Non_Demented\OAS2_0070\OAS2_0070_slice_05_z098.png,Non_Demented/OAS2_0070/OAS2_0070_slice_05_z098.png,Non-Demented/OAS2_0070/OAS2_0070_slice_05_z098.png,OAS2_0070,Non-Demented,0,1,Very Mild Dementia,0,-8.60914946524455,10.384099262331187,-0.8771006810635247,-0.5621486889707508
OASIS_2,LinearSVM,101,test,motion__moderate,motion,moderate,D:\OASIS_2\distortions_64\motion\moderate\Non_Demented\OAS2_0070\OAS2_0070_slice_06_z104.png,Non_Demented/OAS2_0070/OAS2_0070_slice_06_z104.png,Non-Demented/OAS2_0070/OAS2_0070_slice_06_z104.png,OAS2_0070,Non-Demented,0,1,Very Mild Dementia,0,0.07622404666254641,10.026683110891433,-9.377133696628958,-0.031090552880226996
OASIS_2,LinearSVM,101,test,motion__moderate,motion,moderate,D:\OASIS_2\distortions_64\motion\moderate\Non_Demented\OAS2_0070\OAS2_0070_slice_07_z109.png,Non_Demented/OAS2_0070/OAS2_0070_slice_07_z109.png,Non-Demented/OAS2_0070/OAS2_0070_slice_07_z109.png,OAS2_0070,Non-Demented,0,1,Very Mild Dementia,0,-3.461775547922838,10.137346667161209,-8.230973757644822,-0.5950437463516156
OASIS_2,LinearSVM,101,test,motion__moderate,motion,moderate,D:\OASIS_2\distortions_64\motion\moderate\Non_Demented\OAS2_0070\OAS2_0070_slice_08_z114.png,Non_Demented/OAS2_0070/OAS2_0070_slice_08_z114.png,Non-Demented/OAS2_0070/OAS2_0070_slice_08_z114.png,OAS2_0070,Non-Demented,0,1,Very Mild Dementia,0,-7.037398803978385,7.728360383547416,-0.8901489155016682,-0.441830870463473
OASIS_2,LinearSVM,101,test,motion__moderate,motion,moderate,D:\OASIS_2\distortions_64\motion\moderate\Non_Demented\OAS2_0070\OAS2_0070_slice_09_z120.png,Non_Demented/OAS2_0070/OAS2_0070_slice_09_z120.png,Non-Demented/OAS2_0070/OAS2_0070_slice_09_z120.png,OAS2_0070,Non-Demented,0,1,Very Mild Dementia,0,-10.224639034071568,15.918695726410451,-6.500289956408176,-0.31708015366684916
OASIS_2,LinearSVM,101,test,motion__moderate,motion,moderate,D:\OASIS_2\distortions_64\motion\moderate\Non_Demented\OAS2_0070\OAS2_0070_slice_10_z125.png,Non_Demented/OAS2_0070/OAS2_0070_slice_10_z125.png,Non-Demented/OAS2_0070/OAS2_0070_slice_10_z125.png,OAS2_0070,Non-Demented,0,1,Very Mild Dementia,0,-10.591969910422453,17.414766960158435,-5.005665105969371,-0.049871808166722875
OASIS_2,LinearSVM,101,test,motion__moderate,motion,moderate,D:\OASIS_2\distortions_64\motion\moderate\Non_Demented\OAS2_0070\OAS2_0070_slice_11_z130.png,Non_Demented/OAS2_0070/OAS2_0070_slice_11_z130.png,Non-Demented/OAS2_0070/OAS2_0070_slice_11_z130.png,OAS2_0070,Non-Demented,0,1,Very Mild Dementia,0,-14.839773246998874,21.342850298227198,-4.569892632803292,-0.12822773190025583
OASIS_2,LinearSVM,101,test,motion__moderate,motion,moderate,D:\OASIS_2\distortions_64\motion\moderate\Non_Demented\OAS2_0070\OAS2_0070_slice_12_z135.png,Non_Demented/OAS2_0070/OAS2_0070_slice_12_z135.png,Non-Demented/OAS2_0070/OAS2_0070_slice_12_z135.png,OAS2_0070,Non-Demented,0,1,Very Mild Dementia,0,-13.361702336290206,16.542917553139635,-0.30170953240609544,-0.6171633874360939
OASIS_2,LinearSVM,101,test,motion__moderate,motion,moderate,D:\OASIS_2\distortions_64\motion\moderate\Non_Demented\OAS2_0070\OAS2_0070_slice_13_z141.png,Non_Demented/OAS2_0070/OAS2_0070_slice_13_z141.png,Non-Demented/OAS2_0070/OAS2_0070_slice_13_z141.png,OAS2_0070,Non-Demented,0,1,Very Mild Dementia,0,-12.295622049421775,14.661716548798683,2.0104513695387207,-0.400577110470702
OASIS_2,LinearSVM,101,test,motion__moderate,motion,moderate,D:\OASIS_2\distortions_64\motion\moderate\Non_Demented\OAS2_0070\OAS2_0070_slice_14_z146.png,Non_Demented/OAS2_0070/OAS2_0070_slice_14_z146.png,Non-Demented/OAS2_0070/OAS2_0070_slice_14_z146.png,OAS2_0070,Non-Demented,0,1,Very Mild Dementia,0,-12.791997762229705,19.37972515163928,-2.7565820019061404,-0.5880074129034254
OASIS_2,LinearSVM,101,test,motion__moderate,motion,moderate,D:\OASIS_2\distortions_64\motion\moderate\Non_Demented\OAS2_0070\OAS2_0070_slice_15_z151.png,Non_Demented/OAS2_0070/OAS2_0070_slice_15_z151.png,Non-Demented/OAS2_0070/OAS2_0070_slice_15_z151.png,OAS2_0070,Non-Demented,0,1,Very Mild Dementia,0,-8.548843401726941,16.39027904549747,-3.0434455800173397,-0.6615862969507813
OASIS_2,LinearSVM,101,test,motion__moderate,motion,moderate,D:\OASIS_2\distortions_64\motion\moderate\Non_Demented\OAS2_0070\OAS2_0070_slice_16_z157.png,Non_Demented/OAS2_0070/OAS2_0070_slice_16_z157.png,Non-Demented/OAS2_0070/OAS2_0070_slice_16_z157.png,OAS2_0070,Non-Demented,0,1,Very Mild Dementia,0,-9.211901451823602,15.277038571407234,-4.837293567619287,0.012165698131123115
OASIS_2,LinearSVM,101,test,motion__moderate,motion,moderate,D:\OASIS_2\distortions_64\motion\moderate\Non_Demented\OAS2_0070\OAS2_0070_slice_17_z162.png,Non_Demented/OAS2_0070/OAS2_0070_slice_17_z162.png,Non-Demented/OAS2_0070/OAS2_0070_slice_17_z162.png,OAS2_0070,Non-Demented,0,1,Very Mild Dementia,0,-6.70450579038673,9.93782119419846,-1.7630881212902203,-0.7904985939169215
OASIS_2,LinearSVM,101,test,motion__moderate,motion,moderate,D:\OASIS_2\distortions_64\motion\moderate\Non_Demented\OAS2_0070\OAS2_0070_slice_18_z167.png,Non_Demented/OAS2_0070/OAS2_0070_slice_18_z167.png,Non-Demented/OAS2_0070/OAS2_0070_slice_18_z167.png,OAS2_0070,Non-Demented,0,1,Very Mild Dementia,0,-3.025043860337198,11.730726705022729,-9.76237336527239,-0.08743755900973738
OASIS_2,LinearSVM,101,test,motion__moderate,motion,moderate,D:\OASIS_2\distortions_64\motion\moderate\Non_Demented\OAS2_0070\OAS2_0070_slice_19_z173.png,Non_Demented/OAS2_0070/OAS2_0070_slice_19_z173.png,Non-Demented/OAS2_0070/OAS2_0070_slice_19_z173.png,OAS2_0070,Non-Demented,0,1,Very Mild Dementia,0,-5.55217574683362,6.301791020521439,-1.3329116758646613,-0.7959392727609104
OASIS_2,LinearSVM,101,test,motion__moderate,motion,moderate,D:\OASIS_2\distortions_64\motion\moderate\Non_Demented\OAS2_0070\OAS2_0070_slice_20_z178.png,Non_Demented/OAS2_0070/OAS2_0070_slice_20_z178.png,Non-Demented/OAS2_0070/OAS2_0070_slice_20_z178.png,OAS2_0070,Non-Demented,0,1,Very Mild Dementia,0,-5.1896776116268954,6.5593300252452185,-2.626514528035928,0.05470174207961742
OASIS_2,LinearSVM,101,test,motion__moderate,motion,moderate,D:\OASIS_2\distortions_64\motion\moderate\Non_Demented\OAS2_0128\OAS2_0128_slice_01_z077.png,Non_Demented/OAS2_0128/OAS2_0128_slice_01_z077.png,Non-Demented/OAS2_0128/OAS2_0128_slice_01_z077.png,OAS2_0128,Non-Demented,0,2,Mild Dementia,0,-3.9948053801032213,0.5691146711695902,1.87063402725284,-0.6831264238435523
OASIS_2,LinearSVM,101,test,motion__moderate,motion,moderate,D:\OASIS_2\distortions_64\motion\moderate\Non_Demented\OAS2_0128\OAS2_0128_slice_02_z082.png,Non_Demented/OAS2_0128/OAS2_0128_slice_02_z082.png,Non-Demented/OAS2_0128/OAS2_0128_slice_02_z082.png,OAS2_0128,Non-Demented,0,1,Very Mild Dementia,0,-6.276500308548536,3.665840250018407,1.1408353727474134,-0.9276638635663331
OASIS_2,LinearSVM,101,test,motion__moderate,motion,moderate,D:\OASIS_2\distortions_64\motion\moderate\Non_Demented\OAS2_0128\OAS2_0128_slice_03_z088.png,Non_Demented/OAS2_0128/OAS2_0128_slice_03_z088.png,Non-Demented/OAS2_0128/OAS2_0128_slice_03_z088.png,OAS2_0128,Non-Demented,0,1,Very Mild Dementia,0,-8.158459503372882,4.199951101370625,1.0435180369511028,-0.016778393325659557
OASIS_2,LinearSVM,101,test,motion__moderate,motion,moderate,D:\OASIS_2\distortions_64\motion\moderate\Non_Demented\OAS2_0128\OAS2_0128_slice_04_z093.png,Non_Demented/OAS2_0128/OAS2_0128_slice_04_z093.png,Non-Demented/OAS2_0128/OAS2_0128_slice_04_z093.png,OAS2_0128,Non-Demented,0,1,Very Mild Dementia,0,-9.631929061905964,7.964973364203573,0.03749335997871528,-0.7145957895202586
OASIS_2,LinearSVM,101,test,motion__moderate,motion,moderate,D:\OASIS_2\distortions_64\motion\moderate\Non_Demented\OAS2_0128\OAS2_0128_slice_05_z098.png,Non_Demented/OAS2_0128/OAS2_0128_slice_05_z098.png,Non-Demented/OAS2_0128/OAS2_0128_slice_05_z098.png,OAS2_0128,Non-Demented,0,1,Very Mild Dementia,0,-1.5907869671785215,4.596903370492815,-2.095913456322152,-0.8756733363758891
OASIS_2,LinearSVM,101,test,motion__moderate,motion,moderate,D:\OASIS_2\distortions_64\motion\moderate\Non_Demented\OAS2_0128\OAS2_0128_slice_06_z104.png,Non_Demented/OAS2_0128/OAS2_0128_slice_06_z104.png,Non-Demented/OAS2_0128/OAS2_0128_slice_06_z104.png,OAS2_0128,Non-Demented,0,1,Very Mild Dementia,0,-7.406378382788138,8.701455091844034,-2.553769806737959,-0.38897802127787706
OASIS_2,LinearSVM,101,test,motion__moderate,motion,moderate,D:\OASIS_2\distortions_64\motion\moderate\Non_Demented\OAS2_0128\OAS2_0128_slice_07_z109.png,Non_Demented/OAS2_0128/OAS2_0128_slice_07_z109.png,Non-Demented/OAS2_0128/OAS2_0128_slice_07_z109.png,OAS2_0128,Non-Demented,0,1,Very Mild Dementia,0,-4.37924003884175,3.047232000865317,-1.066960602303246,-0.526609422358791
OASIS_2,LinearSVM,101,test,motion__moderate,motion,moderate,D:\OASIS_2\distortions_64\motion\moderate\Non_Demented\OAS2_0128\OAS2_0128_slice_08_z114.png,Non_Demented/OAS2_0128/OAS2_0128_slice_08_z114.png,Non-Demented/OAS2_0128/OAS2_0128_slice_08_z114.png,OAS2_0128,Non-Demented,0,1,Very Mild Dementia,0,-5.805157146343065,7.43239426485326,-1.8814417067874492,-0.17617433826087947
OASIS_2,LinearSVM,101,test,motion__moderate,motion,moderate,D:\OASIS_2\distortions_64\motion\moderate\Non_Demented\OAS2_0128\OAS2_0128_slice_09_z120.png,Non_Demented/OAS2_0128/OAS2_0128_slice_09_z120.png,Non-Demented/OAS2_0128/OAS2_0128_slice_09_z120.png,OAS2_0128,Non-Demented,0,1,Very Mild Dementia,0,2.7467269090508117,3.0570735499908457,-4.361913459803208,-0.6646410826146729
OASIS_2,LinearSVM,101,test,motion__moderate,motion,moderate,D:\OASIS_2\distortions_64\motion\moderate\Non_Demented\OAS2_0128\OAS2_0128_slice_10_z125.png,Non_Demented/OAS2_0128/OAS2_0128_slice_10_z125.png,Non-Demented/OAS2_0128/OAS2_0128_slice_10_z125.png,OAS2_0128,Non-Demented,0,1,Very Mild Dementia,0,-2.938796999574119,2.2830657794112845,-0.27172964363426133,-0.6024951847420352
OASIS_2,LinearSVM,101,test,motion__moderate,motion,moderate,D:\OASIS_2\distortions_64\motion\moderate\Non_Demented\OAS2_0128\OAS2_0128_slice_11_z130.png,Non_Demented/OAS2_0128/OAS2_0128_slice_11_z130.png,Non-Demented/OAS2_0128/OAS2_0128_slice_11_z130.png,OAS2_0128,Non-Demented,0,1,Very Mild Dementia,0,-2.3589440053586745,4.245448874713965,-2.3121951201567295,-0.5667868685476458
OASIS_2,LinearSVM,101,test,motion__moderate,motion,moderate,D:\OASIS_2\distortions_64\motion\moderate\Non_Demented\OAS2_0128\OAS2_0128_slice_12_z135.png,Non_Demented/OAS2_0128/OAS2_0128_slice_12_z135.png,Non-Demented/OAS2_0128/OAS2_0128_slice_12_z135.png,OAS2_0128,Non-Demented,0,1,Very Mild Dementia,0,-6.592664495637185,5.190785281274712,0.4610144097269768,-0.2966695770092491
OASIS_2,LinearSVM,101,test,motion__moderate,motion,moderate,D:\OASIS_2\distortions_64\motion\moderate\Non_Demented\OAS2_0128\OAS2_0128_slice_13_z141.png,Non_Demented/OAS2_0128/OAS2_0128_slice_13_z141.png,Non-Demented/OAS2_0128/OAS2_0128_slice_13_z141.png,OAS2_0128,Non-Demented,0,1,Very Mild Dementia,0,-1.5429762140134986,3.5423324259193523,-2.339998577843118,-0.8019213935224502
OASIS_2,LinearSVM,101,test,motion__moderate,motion,moderate,D:\OASIS_2\distortions_64\motion\moderate\Non_Demented\OAS2_0128\OAS2_0128_slice_14_z146.png,Non_Demented/OAS2_0128/OAS2_0128_slice_14_z146.png,Non-Demented/OAS2_0128/OAS2_0128_slice_14_z146.png,OAS2_0128,Non-Demented,0,1,Very Mild Dementia,0,-1.9245872043310848,2.182196784150001,0.39871583464464133,-0.1360786121179247
OASIS_2,LinearSVM,101,test,motion__moderate,motion,moderate,D:\OASIS_2\distortions_64\motion\moderate\Non_Demented\OAS2_0128\OAS2_0128_slice_15_z151.png,Non_Demented/OAS2_0128/OAS2_0128_slice_15_z151.png,Non-Demented/OAS2_0128/OAS2_0128_slice_15_z151.png,OAS2_0128,Non-Demented,0,1,Very Mild Dementia,0,-7.784317005494337,3.826846373191346,1.147128792538505,0.03993559192006724
OASIS_2,LinearSVM,101,test,motion__moderate,motion,moderate,D:\OASIS_2\distortions_64\motion\moderate\Non_Demented\OAS2_0128\OAS2_0128_slice_16_z157.png,Non_Demented/OAS2_0128/OAS2_0128_slice_16_z157.png,Non-Demented/OAS2_0128/OAS2_0128_slice_16_z157.png,OAS2_0128,Non-Demented,0,1,Very Mild Dementia,0,-3.4664417090865864,1.4902880439996673,0.05081030858549784,-0.5199362938364679
OASIS_2,LinearSVM,101,test,motion__moderate,motion,moderate,D:\OASIS_2\distortions_64\motion\moderate\Non_Demented\OAS2_0128\OAS2_0128_slice_17_z162.png,Non_Demented/OAS2_0128/OAS2_0128_slice_17_z162.png,Non-Demented/OAS2_0128/OAS2_0128_slice_17_z162.png,OAS2_0128,Non-Demented,0,1,Very Mild Dementia,0,-11.819291873514207,7.040626844471323,3.5006873041599955,0.37459786214562807
OASIS_2,LinearSVM,101,test,motion__moderate,motion,moderate,D:\OASIS_2\distortions_64\motion\moderate\Non_Demented\OAS2_0128\OAS2_0128_slice_18_z167.png,Non_Demented/OAS2_0128/OAS2_0128_slice_18_z167.png,Non-Demented/OAS2_0128/OAS2_0128_slice_18_z167.png,OAS2_0128,Non-Demented,0,1,Very Mild Dementia,0,-4.965917413673114,2.208703393826334,1.6138635518478424,-0.533114213610029
OASIS_2,LinearSVM,101,test,motion__moderate,motion,moderate,D:\OASIS_2\distortions_64\motion\moderate\Non_Demented\OAS2_0128\OAS2_0128_slice_19_z173.png,Non_Demented/OAS2_0128/OAS2_0128_slice_19_z173.png,Non-Demented/OAS2_0128/OAS2_0128_slice_19_z173.png,OAS2_0128,Non-Demented,0,0,Non-Demented,1,0.5255901563032536,-1.035426510078957,-0.06335220611901238,-1.0582653562508917
OASIS_2,LinearSVM,101,test,motion__moderate,motion,moderate,D:\OASIS_2\distortions_64\motion\moderate\Non_Demented\OAS2_0128\OAS2_0128_slice_20_z178.png,Non_Demented/OAS2_0128/OAS2_0128_slice_20_z178.png,Non-Demented/OAS2_0128/OAS2_0128_slice_20_z178.png,OAS2_0128,Non-Demented,0,2,Mild Dementia,0,-0.8897847725363569,-0.3767360826867466,-0.10377072353649863,-1.035536601538838
OASIS_2,LinearSVM,101,test,motion__moderate,motion,moderate,D:\OASIS_2\distortions_64\motion\moderate\Non_Demented\OAS2_0135\OAS2_0135_slice_01_z077.png,Non_Demented/OAS2_0135/OAS2_0135_slice_01_z077.png,Non-Demented/OAS2_0135/OAS2_0135_slice_01_z077.png,OAS2_0135,Non-Demented,0,1,Very Mild Dementia,0,-5.687878183816706,2.3683630697845244,0.8092964817447355,-0.7274495484010355
OASIS_2,LinearSVM,101,test,motion__moderate,motion,moderate,D:\OASIS_2\distortions_64\motion\moderate\Non_Demented\OAS2_0135\OAS2_0135_slice_02_z082.png,Non_Demented/OAS2_0135/OAS2_0135_slice_02_z082.png,Non-Demented/OAS2_0135/OAS2_0135_slice_02_z082.png,OAS2_0135,Non-Demented,0,1,Very Mild Dementia,0,-4.667722391547794,1.640846721466257,0.9641381842880001,-0.6322938007037769
OASIS_2,LinearSVM,101,test,motion__moderate,motion,moderate,D:\OASIS_2\distortions_64\motion\moderate\Non_Demented\OAS2_0135\OAS2_0135_slice_03_z088.png,Non_Demented/OAS2_0135/OAS2_0135_slice_03_z088.png,Non-Demented/OAS2_0135/OAS2_0135_slice_03_z088.png,OAS2_0135,Non-Demented,0,1,Very Mild Dementia,0,-8.495779246345638,12.874198302073843,-2.1236372257146217,-0.4052164073779161
OASIS_2,LinearSVM,101,test,motion__moderate,motion,moderate,D:\OASIS_2\distortions_64\motion\moderate\Non_Demented\OAS2_0135\OAS2_0135_slice_04_z093.png,Non_Demented/OAS2_0135/OAS2_0135_slice_04_z093.png,Non-Demented/OAS2_0135/OAS2_0135_slice_04_z093.png,OAS2_0135,Non-Demented,0,1,Very Mild Dementia,0,-0.5106330627481047,3.535592922788524,-3.1220540336537463,-0.5475664584213664
OASIS_2,LinearSVM,101,test,motion__moderate,motion,moderate,D:\OASIS_2\distortions_64\motion\moderate\Non_Demented\OAS2_0135\OAS2_0135_slice_05_z098.png,Non_Demented/OAS2_0135/OAS2_0135_slice_05_z098.png,Non-Demented/OAS2_0135/OAS2_0135_slice_05_z098.png,OAS2_0135,Non-Demented,0,1,Very Mild Dementia,0,-0.0021472237901744434,2.7900521961493343,-3.269893292209192,-0.7622876377780934
OASIS_2,LinearSVM,101,test,motion__moderate,motion,moderate,D:\OASIS_2\distortions_64\motion\moderate\Non_Demented\OAS2_0135\OAS2_0135_slice_06_z104.png,Non_Demented/OAS2_0135/OAS2_0135_slice_06_z104.png,Non-Demented/OAS2_0135/OAS2_0135_slice_06_z104.png,OAS2_0135,Non-Demented,0,0,Non-Demented,1,3.3302066266788373,0.34730773154927486,-3.224902062267133,-1.1955955635597448
OASIS_2,LinearSVM,101,test,motion__moderate,motion,moderate,D:\OASIS_2\distortions_64\motion\moderate\Non_Demented\OAS2_0135\OAS2_0135_slice_07_z109.png,Non_Demented/OAS2_0135/OAS2_0135_slice_07_z109.png,Non-Demented/OAS2_0135/OAS2_0135_slice_07_z109.png,OAS2_0135,Non-Demented,0,1,Very Mild Dementia,0,-0.3653164750741151,3.379666852037282,-0.37520194432779075,-0.6745380001277186
OASIS_2,LinearSVM,101,test,motion__moderate,motion,moderate,D:\OASIS_2\distortions_64\motion\moderate\Non_Demented\OAS2_0135\OAS2_0135_slice_08_z114.png,Non_Demented/OAS2_0135/OAS2_0135_slice_08_z114.png,Non-Demented/OAS2_0135/OAS2_0135_slice_08_z114.png,OAS2_0135,Non-Demented,0,1,Very Mild Dementia,0,0.5926938906311425,7.25475678267072,-6.387226100545364,-1.348206895091495
OASIS_2,LinearSVM,101,test,motion__moderate,motion,moderate,D:\OASIS_2\distortions_64\motion\moderate\Non_Demented\OAS2_0135\OAS2_0135_slice_09_z120.png,Non_Demented/OAS2_0135/OAS2_0135_slice_09_z120.png,Non-Demented/OAS2_0135/OAS2_0135_slice_09_z120.png,OAS2_0135,Non-Demented,0,1,Very Mild Dementia,0,-2.4501380293318955,3.0740805396284507,0.9526747443884951,-0.15093872759625893
OASIS_2,LinearSVM,101,test,motion__moderate,motion,moderate,D:\OASIS_2\distortions_64\motion\moderate\Non_Demented\OAS2_0135\OAS2_0135_slice_10_z125.png,Non_Demented/OAS2_0135/OAS2_0135_slice_10_z125.png,Non-Demented/OAS2_0135/OAS2_0135_slice_10_z125.png,OAS2_0135,Non-Demented,0,1,Very Mild Dementia,0,-2.2858416645505457,7.008957371648428,-3.9901573857964787,-0.7407519319364417
OASIS_2,LinearSVM,101,test,motion__moderate,motion,moderate,D:\OASIS_2\distortions_64\motion\moderate\Non_Demented\OAS2_0135\OAS2_0135_slice_11_z130.png,Non_Demented/OAS2_0135/OAS2_0135_slice_11_z130.png,Non-Demented/OAS2_0135/OAS2_0135_slice_11_z130.png,OAS2_0135,Non-Demented,0,1,Very Mild Dementia,0,-1.303456919574559,6.06080612563221,-3.772503295245151,-0.7572616143159634
OASIS_2,LinearSVM,101,test,motion__moderate,motion,moderate,D:\OASIS_2\distortions_64\motion\moderate\Non_Demented\OAS2_0135\OAS2_0135_slice_12_z135.png,Non_Demented/OAS2_0135/OAS2_0135_slice_12_z135.png,Non-Demented/OAS2_0135/OAS2_0135_slice_12_z135.png,OAS2_0135,Non-Demented,0,1,Very Mild Dementia,0,-0.14775869458358598,-0.013435964831928437,-0.05015753483921359,-0.9265825213735239
OASIS_2,LinearSVM,101,test,motion__moderate,motion,moderate,D:\OASIS_2\distortions_64\motion\moderate\Non_Demented\OAS2_0135\OAS2_0135_slice_13_z141.png,Non_Demented/OAS2_0135/OAS2_0135_slice_13_z141.png,Non-Demented/OAS2_0135/OAS2_0135_slice_13_z141.png,OAS2_0135,Non-Demented,0,1,Very Mild Dementia,0,0.61358006637355,3.6119364444768305,-3.9342044493101587,-0.5014153030129855
OASIS_2,LinearSVM,101,test,motion__moderate,motion,moderate,D:\OASIS_2\distortions_64\motion\moderate\Non_Demented\OAS2_0135\OAS2_0135_slice_14_z146.png,Non_Demented/OAS2_0135/OAS2_0135_slice_14_z146.png,Non-Demented/OAS2_0135/OAS2_0135_slice_14_z146.png,OAS2_0135,Non-Demented,0,1,Very Mild Dementia,0,-4.166615881382151,9.375574402678481,-3.354863717072899,-0.6562026828812757
OASIS_2,LinearSVM,101,test,motion__moderate,motion,moderate,D:\OASIS_2\distortions_64\motion\moderate\Non_Demented\OAS2_0135\OAS2_0135_slice_15_z151.png,Non_Demented/OAS2_0135/OAS2_0135_slice_15_z151.png,Non-Demented/OAS2_0135/OAS2_0135_slice_15_z151.png,OAS2_0135,Non-Demented,0,1,Very Mild Dementia,0,-1.6731677271008643,6.246413833743073,-4.73758557047025,-0.9121831917634169
OASIS_2,LinearSVM,101,test,motion__moderate,motion,moderate,D:\OASIS_2\distortions_64\motion\moderate\Non_Demented\OAS2_0135\OAS2_0135_slice_16_z157.png,Non_Demented/OAS2_0135/OAS2_0135_slice_16_z157.png,Non-Demented/OAS2_0135/OAS2_0135_slice_16_z157.png,OAS2_0135,Non-Demented,0,1,Very Mild Dementia,0,-1.166879668160627,3.834059041057621,-2.541528061940264,0.00804105294085633
OASIS_2,LinearSVM,101,test,motion__moderate,motion,moderate,D:\OASIS_2\distortions_64\motion\moderate\Non_Demented\OAS2_0135\OAS2_0135_slice_17_z162.png,Non_Demented/OAS2_0135/OAS2_0135_slice_17_z162.png,Non-Demented/OAS2_0135/OAS2_0135_slice_17_z162.png,OAS2_0135,Non-Demented,0,1,Very Mild Dementia,0,-3.401179804814216,5.322683448856385,-3.152417709237034,-0.7773964583474606
OASIS_2,LinearSVM,101,test,motion__moderate,motion,moderate,D:\OASIS_2\distortions_64\motion\moderate\Non_Demented\OAS2_0135\OAS2_0135_slice_18_z167.png,Non_Demented/OAS2_0135/OAS2_0135_slice_18_z167.png,Non-Demented/OAS2_0135/OAS2_0135_slice_18_z167.png,OAS2_0135,Non-Demented,0,1,Very Mild Dementia,0,-3.2586804180447326,7.4395333929586,-2.4688895098352672,-0.9616744513391743
OASIS_2,LinearSVM,101,test,motion__moderate,motion,moderate,D:\OASIS_2\distortions_64\motion\moderate\Non_Demented\OAS2_0135\OAS2_0135_slice_19_z173.png,Non_Demented/OAS2_0135/OAS2_0135_slice_19_z173.png,Non-Demented/OAS2_0135/OAS2_0135_slice_19_z173.png,OAS2_0135,Non-Demented,0,1,Very Mild Dementia,0,-2.373913097490228,5.7493224896131725,-2.7051474311708206,-1.0829892149884932
OASIS_2,LinearSVM,101,test,motion__moderate,motion,moderate,D:\OASIS_2\distortions_64\motion\moderate\Non_Demented\OAS2_0135\OAS2_0135_slice_20_z178.png,Non_Demented/OAS2_0135/OAS2_0135_slice_20_z178.png,Non-Demented/OAS2_0135/OAS2_0135_slice_20_z178.png,OAS2_0135,Non-Demented,0,1,Very Mild Dementia,0,-1.3913177004202226,3.1741397327232317,-1.8205859577056576,-0.43437354176338605
OASIS_2,LinearSVM,101,test,motion__moderate,motion,moderate,D:\OASIS_2\distortions_64\motion\moderate\Non_Demented\OAS2_0141\OAS2_0141_slice_01_z077.png,Non_Demented/OAS2_0141/OAS2_0141_slice_01_z077.png,Non-Demented/OAS2_0141/OAS2_0141_slice_01_z077.png,OAS2_0141,Non-Demented,0,1,Very Mild Dementia,0,-2.2290640302840674,1.518335905837257,-0.9027669207504372,-1.196471303967563
OASIS_2,LinearSVM,101,test,motion__moderate,motion,moderate,D:\OASIS_2\distortions_64\motion\moderate\Non_Demented\OAS2_0141\OAS2_0141_slice_02_z082.png,Non_Demented/OAS2_0141/OAS2_0141_slice_02_z082.png,Non-Demented/OAS2_0141/OAS2_0141_slice_02_z082.png,OAS2_0141,Non-Demented,0,1,Very Mild Dementia,0,-1.9047988177035045,2.325932378419589,-1.2404009165515426,-1.1634200546575146
OASIS_2,LinearSVM,101,test,motion__moderate,motion,moderate,D:\OASIS_2\distortions_64\motion\moderate\Non_Demented\OAS2_0141\OAS2_0141_slice_03_z088.png,Non_Demented/OAS2_0141/OAS2_0141_slice_03_z088.png,Non-Demented/OAS2_0141/OAS2_0141_slice_03_z088.png,OAS2_0141,Non-Demented,0,1,Very Mild Dementia,0,-5.024489830011211,1.3813536618732936,0.43203005100665726,-0.6657402209246315
OASIS_2,LinearSVM,101,test,motion__moderate,motion,moderate,D:\OASIS_2\distortions_64\motion\moderate\Non_Demented\OAS2_0141\OAS2_0141_slice_04_z093.png,Non_Demented/OAS2_0141/OAS2_0141_slice_04_z093.png,Non-Demented/OAS2_0141/OAS2_0141_slice_04_z093.png,OAS2_0141,Non-Demented,0,1,Very Mild Dementia,0,-6.770495563545645,3.5797393533689865,2.0176191370668963,-0.3139180313346721
OASIS_2,LinearSVM,101,test,motion__moderate,motion,moderate,D:\OASIS_2\distortions_64\motion\moderate\Non_Demented\OAS2_0141\OAS2_0141_slice_05_z098.png,Non_Demented/OAS2_0141/OAS2_0141_slice_05_z098.png,Non-Demented/OAS2_0141/OAS2_0141_slice_05_z098.png,OAS2_0141,Non-Demented,0,2,Mild Dementia,0,-2.475284747125128,0.07316797609565895,0.6369159043486972,-0.5702807351875786
OASIS_2,LinearSVM,101,test,motion__moderate,motion,moderate,D:\OASIS_2\distortions_64\motion\moderate\Non_Demented\OAS2_0141\OAS2_0141_slice_06_z104.png,Non_Demented/OAS2_0141/OAS2_0141_slice_06_z104.png,Non-Demented/OAS2_0141/OAS2_0141_slice_06_z104.png,OAS2_0141,Non-Demented,0,2,Mild Dementia,0,-2.852733438636647,0.4366970139396794,1.156904335569974,-0.36685239555550164
OASIS_2,LinearSVM,101,test,motion__moderate,motion,moderate,D:\OASIS_2\distortions_64\motion\moderate\Non_Demented\OAS2_0141\OAS2_0141_slice_07_z109.png,Non_Demented/OAS2_0141/OAS2_0141_slice_07_z109.png,Non-Demented/OAS2_0141/OAS2_0141_slice_07_z109.png,OAS2_0141,Non-Demented,0,2,Mild Dementia,0,-5.613275462891261,1.193548013116389,3.8675461436534735,-0.005307544962232846
OASIS_2,LinearSVM,101,test,motion__moderate,motion,moderate,D:\OASIS_2\distortions_64\motion\moderate\Non_Demented\OAS2_0141\OAS2_0141_slice_08_z114.png,Non_Demented/OAS2_0141/OAS2_0141_slice_08_z114.png,Non-Demented/OAS2_0141/OAS2_0141_slice_08_z114.png,OAS2_0141,Non-Demented,0,2,Mild Dementia,0,-6.169331771424299,2.155110178226911,3.750581594525467,-0.03721236364056413
OASIS_2,LinearSVM,101,test,motion__moderate,motion,moderate,D:\OASIS_2\distortions_64\motion\moderate\Non_Demented\OAS2_0141\OAS2_0141_slice_09_z120.png,Non_Demented/OAS2_0141/OAS2_0141_slice_09_z120.png,Non-Demented/OAS2_0141/OAS2_0141_slice_09_z120.png,OAS2_0141,Non-Demented,0,1,Very Mild Dementia,0,-3.0045734751387436,0.2437150328832216,-0.4401094283316891,-0.5179783313086134
OASIS_2,LinearSVM,101,test,motion__moderate,motion,moderate,D:\OASIS_2\distortions_64\motion\moderate\Non_Demented\OAS2_0141\OAS2_0141_slice_10_z125.png,Non_Demented/OAS2_0141/OAS2_0141_slice_10_z125.png,Non-Demented/OAS2_0141/OAS2_0141_slice_10_z125.png,OAS2_0141,Non-Demented,0,1,Very Mild Dementia,0,-1.3350703614217148,2.4203275662951924,-0.2878748528346482,-0.6650742367453494
OASIS_2,LinearSVM,101,test,motion__moderate,motion,moderate,D:\OASIS_2\distortions_64\motion\moderate\Non_Demented\OAS2_0141\OAS2_0141_slice_11_z130.png,Non_Demented/OAS2_0141/OAS2_0141_slice_11_z130.png,Non-Demented/OAS2_0141/OAS2_0141_slice_11_z130.png,OAS2_0141,Non-Demented,0,1,Very Mild Dementia,0,-5.367691212964977,5.941758525170514,-1.4759014407482265,-0.43570089348137286
OASIS_2,LinearSVM,101,test,motion__moderate,motion,moderate,D:\OASIS_2\distortions_64\motion\moderate\Non_Demented\OAS2_0141\OAS2_0141_slice_12_z135.png,Non_Demented/OAS2_0141/OAS2_0141_slice_12_z135.png,Non-Demented/OAS2_0141/OAS2_0141_slice_12_z135.png,OAS2_0141,Non-Demented,0,1,Very Mild Dementia,0,-3.9867818056134436,5.775620321461999,-1.7541170129070687,-0.1611522802298101
OASIS_2,LinearSVM,101,test,motion__moderate,motion,moderate,D:\OASIS_2\distortions_64\motion\moderate\Non_Demented\OAS2_0141\OAS2_0141_slice_13_z141.png,Non_Demented/OAS2_0141/OAS2_0141_slice_13_z141.png,Non-Demented/OAS2_0141/OAS2_0141_slice_13_z141.png,OAS2_0141,Non-Demented,0,1,Very Mild Dementia,0,-1.8418624925219609,2.518075423965546,-0.808202024371378,-0.7090490069055552
OASIS_2,LinearSVM,101,test,motion__moderate,motion,moderate,D:\OASIS_2\distortions_64\motion\moderate\Non_Demented\OAS2_0141\OAS2_0141_slice_14_z146.png,Non_Demented/OAS2_0141/OAS2_0141_slice_14_z146.png,Non-Demented/OAS2_0141/OAS2_0141_slice_14_z146.png,OAS2_0141,Non-Demented,0,1,Very Mild Dementia,0,-1.4809463964840015,5.601615883496461,-2.244903984282159,-0.19375438256611655
OASIS_2,LinearSVM,101,test,motion__moderate,motion,moderate,D:\OASIS_2\distortions_64\motion\moderate\Non_Demented\OAS2_0141\OAS2_0141_slice_15_z151.png,Non_Demented/OAS2_0141/OAS2_0141_slice_15_z151.png,Non-Demented/OAS2_0141/OAS2_0141_slice_15_z151.png,OAS2_0141,Non-Demented,0,1,Very Mild Dementia,0,0.2283844129109614,3.459074698665436,-2.546480252791958,-1.0554784075320351
OASIS_2,LinearSVM,101,test,motion__moderate,motion,moderate,D:\OASIS_2\distortions_64\motion\moderate\Non_Demented\OAS2_0141\OAS2_0141_slice_16_z157.png,Non_Demented/OAS2_0141/OAS2_0141_slice_16_z157.png,Non-Demented/OAS2_0141/OAS2_0141_slice_16_z157.png,OAS2_0141,Non-Demented,0,1,Very Mild Dementia,0,-1.5475422758606576,4.315905967574912,-1.7496692036268968,-0.5808930376039124
OASIS_2,LinearSVM,101,test,motion__moderate,motion,moderate,D:\OASIS_2\distortions_64\motion\moderate\Non_Demented\OAS2_0141\OAS2_0141_slice_17_z162.png,Non_Demented/OAS2_0141/OAS2_0141_slice_17_z162.png,Non-Demented/OAS2_0141/OAS2_0141_slice_17_z162.png,OAS2_0141,Non-Demented,0,1,Very Mild Dementia,0,-3.5283221152761883,11.668640378136406,-6.287534750122433,-0.25982792825102186
OASIS_2,LinearSVM,101,test,motion__moderate,motion,moderate,D:\OASIS_2\distortions_64\motion\moderate\Non_Demented\OAS2_0141\OAS2_0141_slice_18_z167.png,Non_Demented/OAS2_0141/OAS2_0141_slice_18_z167.png,Non-Demented/OAS2_0141/OAS2_0141_slice_18_z167.png,OAS2_0141,Non-Demented,0,1,Very Mild Dementia,0,-7.892667126485391,6.169626481848775,-0.11411381875848459,-0.4251849834847816
OASIS_2,LinearSVM,101,test,motion__moderate,motion,moderate,D:\OASIS_2\distortions_64\motion\moderate\Non_Demented\OAS2_0141\OAS2_0141_slice_19_z173.png,Non_Demented/OAS2_0141/OAS2_0141_slice_19_z173.png,Non-Demented/OAS2_0141/OAS2_0141_slice_19_z173.png,OAS2_0141,Non-Demented,0,2,Mild Dementia,0,-4.598508794971754,1.2072156763065978,3.017652580993461,-0.3435456430420196
OASIS_2,LinearSVM,101,test,motion__moderate,motion,moderate,D:\OASIS_2\distortions_64\motion\moderate\Non_Demented\OAS2_0141\OAS2_0141_slice_20_z178.png,Non_Demented/OAS2_0141/OAS2_0141_slice_20_z178.png,Non-Demented/OAS2_0141/OAS2_0141_slice_20_z178.png,OAS2_0141,Non-Demented,0,2,Mild Dementia,0,-2.7377390269713557,0.5817842572585937,1.5164075853170322,-0.4715115455074872
OASIS_2,LinearSVM,101,test,motion__moderate,motion,moderate,D:\OASIS_2\distortions_64\motion\moderate\Non_Demented\OAS2_0171\OAS2_0171_slice_01_z077.png,Non_Demented/OAS2_0171/OAS2_0171_slice_01_z077.png,Non-Demented/OAS2_0171/OAS2_0171_slice_01_z077.png,OAS2_0171,Non-Demented,0,1,Very Mild Dementia,0,-5.409470298779126,9.192603901368656,-5.07159916500291,-0.58079155349378
OASIS_2,LinearSVM,101,test,motion__moderate,motion,moderate,D:\OASIS_2\distortions_64\motion\moderate\Non_Demented\OAS2_0171\OAS2_0171_slice_02_z082.png,Non_Demented/OAS2_0171/OAS2_0171_slice_02_z082.png,Non-Demented/OAS2_0171/OAS2_0171_slice_02_z082.png,OAS2_0171,Non-Demented,0,1,Very Mild Dementia,0,-4.155904619531196,3.6233826519426016,-0.5478380814266457,-0.3865862624258577
OASIS_2,LinearSVM,101,test,motion__moderate,motion,moderate,D:\OASIS_2\distortions_64\motion\moderate\Non_Demented\OAS2_0171\OAS2_0171_slice_03_z088.png,Non_Demented/OAS2_0171/OAS2_0171_slice_03_z088.png,Non-Demented/OAS2_0171/OAS2_0171_slice_03_z088.png,OAS2_0171,Non-Demented,0,0,Non-Demented,1,2.152072256862446,1.923339252494421,-2.9089975482668438,-0.7858076558763735
OASIS_2,LinearSVM,101,test,motion__moderate,motion,moderate,D:\OASIS_2\distortions_64\motion\moderate\Non_Demented\OAS2_0171\OAS2_0171_slice_04_z093.png,Non_Demented/OAS2_0171/OAS2_0171_slice_04_z093.png,Non-Demented/OAS2_0171/OAS2_0171_slice_04_z093.png,OAS2_0171,Non-Demented,0,1,Very Mild Dementia,0,-3.8492254895167712,6.598165462786941,-3.3232471352304445,-0.7225879521775815
OASIS_2,LinearSVM,101,test,motion__moderate,motion,moderate,D:\OASIS_2\distortions_64\motion\moderate\Non_Demented\OAS2_0171\OAS2_0171_slice_05_z098.png,Non_Demented/OAS2_0171/OAS2_0171_slice_05_z098.png,Non-Demented/OAS2_0171/OAS2_0171_slice_05_z098.png,OAS2_0171,Non-Demented,0,1,Very Mild Dementia,0,-3.2889978739791546,9.833256705684772,-5.982059655085337,-0.10193724608248167
OASIS_2,LinearSVM,101,test,motion__moderate,motion,moderate,D:\OASIS_2\distortions_64\motion\moderate\Non_Demented\OAS2_0171\OAS2_0171_slice_06_z104.png,Non_Demented/OAS2_0171/OAS2_0171_slice_06_z104.png,Non-Demented/OAS2_0171/OAS2_0171_slice_06_z104.png,OAS2_0171,Non-Demented,0,1,Very Mild Dementia,0,-3.2281202924764645,4.92575815645515,-3.4081535035303063,-0.9444903712379344
OASIS_2,LinearSVM,101,test,motion__moderate,motion,moderate,D:\OASIS_2\distortions_64\motion\moderate\Non_Demented\OAS2_0171\OAS2_0171_slice_07_z109.png,Non_Demented/OAS2_0171/OAS2_0171_slice_07_z109.png,Non-Demented/OAS2_0171/OAS2_0171_slice_07_z109.png,OAS2_0171,Non-Demented,0,1,Very Mild Dementia,0,-2.7258403306930723,5.936130535281126,-3.6936090361801077,-0.24985232021705317
OASIS_2,LinearSVM,101,test,motion__moderate,motion,moderate,D:\OASIS_2\distortions_64\motion\moderate\Non_Demented\OAS2_0171\OAS2_0171_slice_08_z114.png,Non_Demented/OAS2_0171/OAS2_0171_slice_08_z114.png,Non-Demented/OAS2_0171/OAS2_0171_slice_08_z114.png,OAS2_0171,Non-Demented,0,1,Very Mild Dementia,0,-2.584624942372874,11.6960904774914,-5.966329383935713,-0.2984150378832864
OASIS_2,LinearSVM,101,test,motion__moderate,motion,moderate,D:\OASIS_2\distortions_64\motion\moderate\Non_Demented\OAS2_0171\OAS2_0171_slice_09_z120.png,Non_Demented/OAS2_0171/OAS2_0171_slice_09_z120.png,Non-Demented/OAS2_0171/OAS2_0171_slice_09_z120.png,OAS2_0171,Non-Demented,0,1,Very Mild Dementia,0,-3.667003067009268,10.80539516278198,-5.319277187051238,-0.7626732385586111
OASIS_2,LinearSVM,101,test,motion__moderate,motion,moderate,D:\OASIS_2\distortions_64\motion\moderate\Non_Demented\OAS2_0171\OAS2_0171_slice_10_z125.png,Non_Demented/OAS2_0171/OAS2_0171_slice_10_z125.png,Non-Demented/OAS2_0171/OAS2_0171_slice_10_z125.png,OAS2_0171,Non-Demented,0,1,Very Mild Dementia,0,-6.287397998811065,9.575076856965486,-1.133998820302035,-1.158797937732139
OASIS_2,LinearSVM,101,test,motion__moderate,motion,moderate,D:\OASIS_2\distortions_64\motion\moderate\Non_Demented\OAS2_0171\OAS2_0171_slice_11_z130.png,Non_Demented/OAS2_0171/OAS2_0171_slice_11_z130.png,Non-Demented/OAS2_0171/OAS2_0171_slice_11_z130.png,OAS2_0171,Non-Demented,0,1,Very Mild Dementia,0,-4.608770950113349,7.666543814070966,-1.8177687891885808,-1.1422184122665173
OASIS_2,LinearSVM,101,test,motion__moderate,motion,moderate,D:\OASIS_2\distortions_64\motion\moderate\Non_Demented\OAS2_0171\OAS2_0171_slice_12_z135.png,Non_Demented/OAS2_0171/OAS2_0171_slice_12_z135.png,Non-Demented/OAS2_0171/OAS2_0171_slice_12_z135.png,OAS2_0171,Non-Demented,0,1,Very Mild Dementia,0,-6.029216540167604,13.968224169474812,-4.906474867709903,-0.8331898533927624
OASIS_2,LinearSVM,101,test,motion__moderate,motion,moderate,D:\OASIS_2\distortions_64\motion\moderate\Non_Demented\OAS2_0171\OAS2_0171_slice_13_z141.png,Non_Demented/OAS2_0171/OAS2_0171_slice_13_z141.png,Non-Demented/OAS2_0171/OAS2_0171_slice_13_z141.png,OAS2_0171,Non-Demented,0,1,Very Mild Dementia,0,-1.9324564597568512,7.483659573918272,-2.496217938059513,-0.615239756678529
OASIS_2,LinearSVM,101,test,motion__moderate,motion,moderate,D:\OASIS_2\distortions_64\motion\moderate\Non_Demented\OAS2_0171\OAS2_0171_slice_14_z146.png,Non_Demented/OAS2_0171/OAS2_0171_slice_14_z146.png,Non-Demented/OAS2_0171/OAS2_0171_slice_14_z146.png,OAS2_0171,Non-Demented,0,1,Very Mild Dementia,0,-9.065039287487739,8.692469565538154,-1.796771332434007,0.03171003753881374
OASIS_2,LinearSVM,101,test,motion__moderate,motion,moderate,D:\OASIS_2\distortions_64\motion\moderate\Non_Demented\OAS2_0171\OAS2_0171_slice_15_z151.png,Non_Demented/OAS2_0171/OAS2_0171_slice_15_z151.png,Non-Demented/OAS2_0171/OAS2_0171_slice_15_z151.png,OAS2_0171,Non-Demented,0,1,Very Mild Dementia,0,-4.483601967460587,10.752006343652432,-7.485846631798518,-0.3631342969250162
OASIS_2,LinearSVM,101,test,motion__moderate,motion,moderate,D:\OASIS_2\distortions_64\motion\moderate\Non_Demented\OAS2_0171\OAS2_0171_slice_16_z157.png,Non_Demented/OAS2_0171/OAS2_0171_slice_16_z157.png,Non-Demented/OAS2_0171/OAS2_0171_slice_16_z157.png,OAS2_0171,Non-Demented,0,1,Very Mild Dementia,0,-1.8052517983946361,5.993147535327338,-3.141130093302843,-1.0922659862809283
OASIS_2,LinearSVM,101,test,motion__moderate,motion,moderate,D:\OASIS_2\distortions_64\motion\moderate\Non_Demented\OAS2_0171\OAS2_0171_slice_17_z162.png,Non_Demented/OAS2_0171/OAS2_0171_slice_17_z162.png,Non-Demented/OAS2_0171/OAS2_0171_slice_17_z162.png,OAS2_0171,Non-Demented,0,1,Very Mild Dementia,0,-2.855671982483486,14.201081643547605,-8.87965221760524,-0.32017199315231304
OASIS_2,LinearSVM,101,test,motion__moderate,motion,moderate,D:\OASIS_2\distortions_64\motion\moderate\Non_Demented\OAS2_0171\OAS2_0171_slice_18_z167.png,Non_Demented/OAS2_0171/OAS2_0171_slice_18_z167.png,Non-Demented/OAS2_0171/OAS2_0171_slice_18_z167.png,OAS2_0171,Non-Demented,0,1,Very Mild Dementia,0,-14.91897902493762,12.694985720692204,-2.924932628487583,0.3663397163929243
OASIS_2,LinearSVM,101,test,motion__moderate,motion,moderate,D:\OASIS_2\distortions_64\motion\moderate\Non_Demented\OAS2_0171\OAS2_0171_slice_19_z173.png,Non_Demented/OAS2_0171/OAS2_0171_slice_19_z173.png,Non-Demented/OAS2_0171/OAS2_0171_slice_19_z173.png,OAS2_0171,Non-Demented,0,1,Very Mild Dementia,0,-3.3705040891839992,3.265345577575805,-1.614301901642308,-0.5564753482304319
OASIS_2,LinearSVM,101,test,motion__moderate,motion,moderate,D:\OASIS_2\distortions_64\motion\moderate\Non_Demented\OAS2_0171\OAS2_0171_slice_20_z178.png,Non_Demented/OAS2_0171/OAS2_0171_slice_20_z178.png,Non-Demented/OAS2_0171/OAS2_0171_slice_20_z178.png,OAS2_0171,Non-Demented,0,1,Very Mild Dementia,0,-3.861403680395731,3.083202441190922,-1.4238440881301602,-0.4667967153440121
OASIS_2,LinearSVM,101,test,motion__moderate,motion,moderate,D:\OASIS_2\distortions_64\motion\moderate\Very_Mild_Dementia\OAS2_0009\OAS2_0009_slice_01_z077.png,Very_Mild_Dementia/OAS2_0009/OAS2_0009_slice_01_z077.png,Very Mild Dementia/OAS2_0009/OAS2_0009_slice_01_z077.png,OAS2_0009,Very Mild Dementia,1,2,Mild Dementia,0,-11.004740464826874,4.070973765581787,5.0811032539495695,0.38277063764223884
OASIS_2,LinearSVM,101,test,motion__moderate,motion,moderate,D:\OASIS_2\distortions_64\motion\moderate\Very_Mild_Dementia\OAS2_0009\OAS2_0009_slice_02_z082.png,Very_Mild_Dementia/OAS2_0009/OAS2_0009_slice_02_z082.png,Very Mild Dementia/OAS2_0009/OAS2_0009_slice_02_z082.png,OAS2_0009,Very Mild Dementia,1,0,Non-Demented,0,1.2897787712961408,0.9697549291036209,-1.8655523162143788,-1.1562066034114409
OASIS_2,LinearSVM,101,test,motion__moderate,motion,moderate,D:\OASIS_2\distortions_64\motion\moderate\Very_Mild_Dementia\OAS2_0009\OAS2_0009_slice_03_z088.png,Very_Mild_Dementia/OAS2_0009/OAS2_0009_slice_03_z088.png,Very Mild Dementia/OAS2_0009/OAS2_0009_slice_03_z088.png,OAS2_0009,Very Mild Dementia,1,2,Mild Dementia,0,-3.470006933096266,0.10107402802312215,3.7091029296748146,0.19456945524796176
OASIS_2,LinearSVM,101,test,motion__moderate,motion,moderate,D:\OASIS_2\distortions_64\motion\moderate\Very_Mild_Dementia\OAS2_0009\OAS2_0009_slice_04_z093.png,Very_Mild_Dementia/OAS2_0009/OAS2_0009_slice_04_z093.png,Very Mild Dementia/OAS2_0009/OAS2_0009_slice_04_z093.png,OAS2_0009,Very Mild Dementia,1,1,Very Mild Dementia,1,-1.7329484850377037,0.2704855468867817,-1.0694732875066677,0.24789219244876604
OASIS_2,LinearSVM,101,test,motion__moderate,motion,moderate,D:\OASIS_2\distortions_64\motion\moderate\Very_Mild_Dementia\OAS2_0009\OAS2_0009_slice_05_z098.png,Very_Mild_Dementia/OAS2_0009/OAS2_0009_slice_05_z098.png,Very Mild Dementia/OAS2_0009/OAS2_0009_slice_05_z098.png,OAS2_0009,Very Mild Dementia,1,1,Very Mild Dementia,1,-2.794869204416256,1.546554818861017,-0.8853020957142387,-0.8688012688448963
OASIS_2,LinearSVM,101,test,motion__moderate,motion,moderate,D:\OASIS_2\distortions_64\motion\moderate\Very_Mild_Dementia\OAS2_0009\OAS2_0009_slice_06_z104.png,Very_Mild_Dementia/OAS2_0009/OAS2_0009_slice_06_z104.png,Very Mild Dementia/OAS2_0009/OAS2_0009_slice_06_z104.png,OAS2_0009,Very Mild Dementia,1,1,Very Mild Dementia,1,-7.900541246746605,4.826979012025501,1.422968490803092,-0.08379140362878634
OASIS_2,LinearSVM,101,test,motion__moderate,motion,moderate,D:\OASIS_2\distortions_64\motion\moderate\Very_Mild_Dementia\OAS2_0009\OAS2_0009_slice_07_z109.png,Very_Mild_Dementia/OAS2_0009/OAS2_0009_slice_07_z109.png,Very Mild Dementia/OAS2_0009/OAS2_0009_slice_07_z109.png,OAS2_0009,Very Mild Dementia,1,1,Very Mild Dementia,1,-5.046692909093536,5.1093192000159755,-0.3173358814727476,-0.6106828352162963
OASIS_2,LinearSVM,101,test,motion__moderate,motion,moderate,D:\OASIS_2\distortions_64\motion\moderate\Very_Mild_Dementia\OAS2_0009\OAS2_0009_slice_08_z114.png,Very_Mild_Dementia/OAS2_0009/OAS2_0009_slice_08_z114.png,Very Mild Dementia/OAS2_0009/OAS2_0009_slice_08_z114.png,OAS2_0009,Very Mild Dementia,1,1,Very Mild Dementia,1,-0.0762908868120437,3.7223536553187087,-2.406291961296737,-0.682196923725479
OASIS_2,LinearSVM,101,test,motion__moderate,motion,moderate,D:\OASIS_2\distortions_64\motion\moderate\Very_Mild_Dementia\OAS2_0009\OAS2_0009_slice_09_z120.png,Very_Mild_Dementia/OAS2_0009/OAS2_0009_slice_09_z120.png,Very Mild Dementia/OAS2_0009/OAS2_0009_slice_09_z120.png,OAS2_0009,Very Mild Dementia,1,1,Very Mild Dementia,1,-4.388096459847872,5.895736892242081,-2.970394973438613,0.04792975124103949
OASIS_2,LinearSVM,101,test,motion__moderate,motion,moderate,D:\OASIS_2\distortions_64\motion\moderate\Very_Mild_Dementia\OAS2_0009\OAS2_0009_slice_10_z125.png,Very_Mild_Dementia/OAS2_0009/OAS2_0009_slice_10_z125.png,Very Mild Dementia/OAS2_0009/OAS2_0009_slice_10_z125.png,OAS2_0009,Very Mild Dementia,1,1,Very Mild Dementia,1,1.9157904484815842,4.661840972287341,-3.4481132913434567,-1.409102832609779
OASIS_2,LinearSVM,101,test,motion__moderate,motion,moderate,D:\OASIS_2\distortions_64\motion\moderate\Very_Mild_Dementia\OAS2_0009\OAS2_0009_slice_11_z130.png,Very_Mild_Dementia/OAS2_0009/OAS2_0009_slice_11_z130.png,Very Mild Dementia/OAS2_0009/OAS2_0009_slice_11_z130.png,OAS2_0009,Very Mild Dementia,1,1,Very Mild Dementia,1,-2.7609713996448972,7.321485734473749,-4.641743320426421,-1.0513499416810783
OASIS_2,LinearSVM,101,test,motion__moderate,motion,moderate,D:\OASIS_2\distortions_64\motion\moderate\Very_Mild_Dementia\OAS2_0009\OAS2_0009_slice_12_z135.png,Very_Mild_Dementia/OAS2_0009/OAS2_0009_slice_12_z135.png,Very Mild Dementia/OAS2_0009/OAS2_0009_slice_12_z135.png,OAS2_0009,Very Mild Dementia,1,1,Very Mild Dementia,1,-0.7936572819070195,1.6985508606650483,-2.599593040993514,-0.28095390354873884
OASIS_2,LinearSVM,101,test,motion__moderate,motion,moderate,D:\OASIS_2\distortions_64\motion\moderate\Very_Mild_Dementia\OAS2_0009\OAS2_0009_slice_13_z141.png,Very_Mild_Dementia/OAS2_0009/OAS2_0009_slice_13_z141.png,Very Mild Dementia/OAS2_0009/OAS2_0009_slice_13_z141.png,OAS2_0009,Very Mild Dementia,1,1,Very Mild Dementia,1,-4.106954762835138,5.721892105094808,-1.49358353246103,-0.23994967710477955
OASIS_2,LinearSVM,101,test,motion__moderate,motion,moderate,D:\OASIS_2\distortions_64\motion\moderate\Very_Mild_Dementia\OAS2_0009\OAS2_0009_slice_14_z146.png,Very_Mild_Dementia/OAS2_0009/OAS2_0009_slice_14_z146.png,Very Mild Dementia/OAS2_0009/OAS2_0009_slice_14_z146.png,OAS2_0009,Very Mild Dementia,1,1,Very Mild Dementia,1,-5.001376916338527,2.9227655202536544,0.70000062362368,-0.3806713121783991
OASIS_2,LinearSVM,101,test,motion__moderate,motion,moderate,D:\OASIS_2\distortions_64\motion\moderate\Very_Mild_Dementia\OAS2_0009\OAS2_0009_slice_15_z151.png,Very_Mild_Dementia/OAS2_0009/OAS2_0009_slice_15_z151.png,Very Mild Dementia/OAS2_0009/OAS2_0009_slice_15_z151.png,OAS2_0009,Very Mild Dementia,1,1,Very Mild Dementia,1,-3.0421569638686132,3.462101448831583,-1.0062676545246765,-0.4460240874694872
OASIS_2,LinearSVM,101,test,motion__moderate,motion,moderate,D:\OASIS_2\distortions_64\motion\moderate\Very_Mild_Dementia\OAS2_0009\OAS2_0009_slice_16_z157.png,Very_Mild_Dementia/OAS2_0009/OAS2_0009_slice_16_z157.png,Very Mild Dementia/OAS2_0009/OAS2_0009_slice_16_z157.png,OAS2_0009,Very Mild Dementia,1,1,Very Mild Dementia,1,-1.0561503455853538,2.9568784618518604,-2.3436686968505818,-0.8424790660351278
OASIS_2,LinearSVM,101,test,motion__moderate,motion,moderate,D:\OASIS_2\distortions_64\motion\moderate\Very_Mild_Dementia\OAS2_0009\OAS2_0009_slice_17_z162.png,Very_Mild_Dementia/OAS2_0009/OAS2_0009_slice_17_z162.png,Very Mild Dementia/OAS2_0009/OAS2_0009_slice_17_z162.png,OAS2_0009,Very Mild Dementia,1,1,Very Mild Dementia,1,-8.569527152398695,8.653258804409395,-1.5975890904849883,-0.1445616904815581
OASIS_2,LinearSVM,101,test,motion__moderate,motion,moderate,D:\OASIS_2\distortions_64\motion\moderate\Very_Mild_Dementia\OAS2_0009\OAS2_0009_slice_18_z167.png,Very_Mild_Dementia/OAS2_0009/OAS2_0009_slice_18_z167.png,Very Mild Dementia/OAS2_0009/OAS2_0009_slice_18_z167.png,OAS2_0009,Very Mild Dementia,1,1,Very Mild Dementia,1,-3.2438674038040856,1.0506855611370083,0.02298555231672217,-0.7504804252807526
OASIS_2,LinearSVM,101,test,motion__moderate,motion,moderate,D:\OASIS_2\distortions_64\motion\moderate\Very_Mild_Dementia\OAS2_0009\OAS2_0009_slice_19_z173.png,Very_Mild_Dementia/OAS2_0009/OAS2_0009_slice_19_z173.png,Very Mild Dementia/OAS2_0009/OAS2_0009_slice_19_z173.png,OAS2_0009,Very Mild Dementia,1,1,Very Mild Dementia,1,-5.919985098397043,2.4457973457229576,1.080809637101138,-0.2949309436166163
OASIS_2,LinearSVM,101,test,motion__moderate,motion,moderate,D:\OASIS_2\distortions_64\motion\moderate\Very_Mild_Dementia\OAS2_0009\OAS2_0009_slice_20_z178.png,Very_Mild_Dementia/OAS2_0009/OAS2_0009_slice_20_z178.png,Very Mild Dementia/OAS2_0009/OAS2_0009_slice_20_z178.png,OAS2_0009,Very Mild Dementia,1,1,Very Mild Dementia,1,-2.532016859088979,0.6743689849819496,0.3640176127509973,-0.5405910720339075
OASIS_2,LinearSVM,101,test,motion__moderate,motion,moderate,D:\OASIS_2\distortions_64\motion\moderate\Very_Mild_Dementia\OAS2_0020\OAS2_0020_slice_01_z077.png,Very_Mild_Dementia/OAS2_0020/OAS2_0020_slice_01_z077.png,Very Mild Dementia/OAS2_0020/OAS2_0020_slice_01_z077.png,OAS2_0020,Very Mild Dementia,1,1,Very Mild Dementia,1,-3.9546014784658508,3.598365679806058,-1.9213398722771726,-0.9116883415821821
OASIS_2,LinearSVM,101,test,motion__moderate,motion,moderate,D:\OASIS_2\distortions_64\motion\moderate\Very_Mild_Dementia\OAS2_0020\OAS2_0020_slice_02_z082.png,Very_Mild_Dementia/OAS2_0020/OAS2_0020_slice_02_z082.png,Very Mild Dementia/OAS2_0020/OAS2_0020_slice_02_z082.png,OAS2_0020,Very Mild Dementia,1,0,Non-Demented,0,5.270875080158155,-0.8633532457219932,-4.083553737029255,-0.4018985160350682
OASIS_2,LinearSVM,101,test,motion__moderate,motion,moderate,D:\OASIS_2\distortions_64\motion\moderate\Very_Mild_Dementia\OAS2_0020\OAS2_0020_slice_03_z088.png,Very_Mild_Dementia/OAS2_0020/OAS2_0020_slice_03_z088.png,Very Mild Dementia/OAS2_0020/OAS2_0020_slice_03_z088.png,OAS2_0020,Very Mild Dementia,1,1,Very Mild Dementia,1,-0.30205359131069137,0.4372641308373817,-2.209405362270293,-0.5612061360157812
OASIS_2,LinearSVM,101,test,motion__moderate,motion,moderate,D:\OASIS_2\distortions_64\motion\moderate\Very_Mild_Dementia\OAS2_0020\OAS2_0020_slice_04_z093.png,Very_Mild_Dementia/OAS2_0020/OAS2_0020_slice_04_z093.png,Very Mild Dementia/OAS2_0020/OAS2_0020_slice_04_z093.png,OAS2_0020,Very Mild Dementia,1,1,Very Mild Dementia,1,-4.023797992859515,8.030831255346609,-5.183848213200838,-0.2582116728021756
OASIS_2,LinearSVM,101,test,motion__moderate,motion,moderate,D:\OASIS_2\distortions_64\motion\moderate\Very_Mild_Dementia\OAS2_0020\OAS2_0020_slice_05_z098.png,Very_Mild_Dementia/OAS2_0020/OAS2_0020_slice_05_z098.png,Very Mild Dementia/OAS2_0020/OAS2_0020_slice_05_z098.png,OAS2_0020,Very Mild Dementia,1,1,Very Mild Dementia,1,-5.521161183275824,7.012568788428247,-2.781797892750533,-0.06803148979741946
OASIS_2,LinearSVM,101,test,motion__moderate,motion,moderate,D:\OASIS_2\distortions_64\motion\moderate\Very_Mild_Dementia\OAS2_0020\OAS2_0020_slice_06_z104.png,Very_Mild_Dementia/OAS2_0020/OAS2_0020_slice_06_z104.png,Very Mild Dementia/OAS2_0020/OAS2_0020_slice_06_z104.png,OAS2_0020,Very Mild Dementia,1,1,Very Mild Dementia,1,-5.530462697048367,6.911021199432781,-1.0420380627992385,-0.6907901787393377
OASIS_2,LinearSVM,101,test,motion__moderate,motion,moderate,D:\OASIS_2\distortions_64\motion\moderate\Very_Mild_Dementia\OAS2_0020\OAS2_0020_slice_07_z109.png,Very_Mild_Dementia/OAS2_0020/OAS2_0020_slice_07_z109.png,Very Mild Dementia/OAS2_0020/OAS2_0020_slice_07_z109.png,OAS2_0020,Very Mild Dementia,1,1,Very Mild Dementia,1,-3.4175925959214286,8.122304842150095,-5.457567134749505,-1.3385436452393855
OASIS_2,LinearSVM,101,test,motion__moderate,motion,moderate,D:\OASIS_2\distortions_64\motion\moderate\Very_Mild_Dementia\OAS2_0020\OAS2_0020_slice_08_z114.png,Very_Mild_Dementia/OAS2_0020/OAS2_0020_slice_08_z114.png,Very Mild Dementia/OAS2_0020/OAS2_0020_slice_08_z114.png,OAS2_0020,Very Mild Dementia,1,1,Very Mild Dementia,1,0.5359476834783911,2.8911500860186665,-2.6311440737566376,-0.8195944095929166
OASIS_2,LinearSVM,101,test,motion__moderate,motion,moderate,D:\OASIS_2\distortions_64\motion\moderate\Very_Mild_Dementia\OAS2_0020\OAS2_0020_slice_09_z120.png,Very_Mild_Dementia/OAS2_0020/OAS2_0020_slice_09_z120.png,Very Mild Dementia/OAS2_0020/OAS2_0020_slice_09_z120.png,OAS2_0020,Very Mild Dementia,1,1,Very Mild Dementia,1,-2.3698909912886896,3.875766115400401,-1.6552830142526258,-0.4845713097440607
OASIS_2,LinearSVM,101,test,motion__moderate,motion,moderate,D:\OASIS_2\distortions_64\motion\moderate\Very_Mild_Dementia\OAS2_0020\OAS2_0020_slice_10_z125.png,Very_Mild_Dementia/OAS2_0020/OAS2_0020_slice_10_z125.png,Very Mild Dementia/OAS2_0020/OAS2_0020_slice_10_z125.png,OAS2_0020,Very Mild Dementia,1,1,Very Mild Dementia,1,-2.644947958588591,10.78643606849705,-6.425284217887544,-0.9103313140648781
OASIS_2,LinearSVM,101,test,motion__moderate,motion,moderate,D:\OASIS_2\distortions_64\motion\moderate\Very_Mild_Dementia\OAS2_0020\OAS2_0020_slice_11_z130.png,Very_Mild_Dementia/OAS2_0020/OAS2_0020_slice_11_z130.png,Very Mild Dementia/OAS2_0020/OAS2_0020_slice_11_z130.png,OAS2_0020,Very Mild Dementia,1,1,Very Mild Dementia,1,-2.058774755100573,6.734657554129608,-3.250799819070705,-0.8861770370530708
OASIS_2,LinearSVM,101,test,motion__moderate,motion,moderate,D:\OASIS_2\distortions_64\motion\moderate\Very_Mild_Dementia\OAS2_0020\OAS2_0020_slice_12_z135.png,Very_Mild_Dementia/OAS2_0020/OAS2_0020_slice_12_z135.png,Very Mild Dementia/OAS2_0020/OAS2_0020_slice_12_z135.png,OAS2_0020,Very Mild Dementia,1,1,Very Mild Dementia,1,1.2501141155912552,2.902672639719767,-4.281999733596335,-0.8610565561019404
OASIS_2,LinearSVM,101,test,motion__moderate,motion,moderate,D:\OASIS_2\distortions_64\motion\moderate\Very_Mild_Dementia\OAS2_0020\OAS2_0020_slice_13_z141.png,Very_Mild_Dementia/OAS2_0020/OAS2_0020_slice_13_z141.png,Very Mild Dementia/OAS2_0020/OAS2_0020_slice_13_z141.png,OAS2_0020,Very Mild Dementia,1,1,Very Mild Dementia,1,-3.6672898362924307,12.542932281583642,-7.256533849775591,-0.6558069038173957
OASIS_2,LinearSVM,101,test,motion__moderate,motion,moderate,D:\OASIS_2\distortions_64\motion\moderate\Very_Mild_Dementia\OAS2_0020\OAS2_0020_slice_14_z146.png,Very_Mild_Dementia/OAS2_0020/OAS2_0020_slice_14_z146.png,Very Mild Dementia/OAS2_0020/OAS2_0020_slice_14_z146.png,OAS2_0020,Very Mild Dementia,1,1,Very Mild Dementia,1,-5.119310206129643,7.90955566762603,-3.512537257281417,-0.5915849324390978
OASIS_2,LinearSVM,101,test,motion__moderate,motion,moderate,D:\OASIS_2\distortions_64\motion\moderate\Very_Mild_Dementia\OAS2_0020\OAS2_0020_slice_15_z151.png,Very_Mild_Dementia/OAS2_0020/OAS2_0020_slice_15_z151.png,Very Mild Dementia/OAS2_0020/OAS2_0020_slice_15_z151.png,OAS2_0020,Very Mild Dementia,1,1,Very Mild Dementia,1,-4.970190701651423,5.882338813841791,-3.5297348450909065,-0.5399630677487764
OASIS_2,LinearSVM,101,test,motion__moderate,motion,moderate,D:\OASIS_2\distortions_64\motion\moderate\Very_Mild_Dementia\OAS2_0020\OAS2_0020_slice_16_z157.png,Very_Mild_Dementia/OAS2_0020/OAS2_0020_slice_16_z157.png,Very Mild Dementia/OAS2_0020/OAS2_0020_slice_16_z157.png,OAS2_0020,Very Mild Dementia,1,1,Very Mild Dementia,1,-7.286629063657922,7.365061147966706,0.9376023505444557,-0.29783064251383284
OASIS_2,LinearSVM,101,test,motion__moderate,motion,moderate,D:\OASIS_2\distortions_64\motion\moderate\Very_Mild_Dementia\OAS2_0020\OAS2_0020_slice_17_z162.png,Very_Mild_Dementia/OAS2_0020/OAS2_0020_slice_17_z162.png,Very Mild Dementia/OAS2_0020/OAS2_0020_slice_17_z162.png,OAS2_0020,Very Mild Dementia,1,1,Very Mild Dementia,1,-6.66710416048798,5.6930762540098705,-1.647185289888626,-0.04494744109057236
OASIS_2,LinearSVM,101,test,motion__moderate,motion,moderate,D:\OASIS_2\distortions_64\motion\moderate\Very_Mild_Dementia\OAS2_0020\OAS2_0020_slice_18_z167.png,Very_Mild_Dementia/OAS2_0020/OAS2_0020_slice_18_z167.png,Very Mild Dementia/OAS2_0020/OAS2_0020_slice_18_z167.png,OAS2_0020,Very Mild Dementia,1,1,Very Mild Dementia,1,-7.23326053429401,6.316295379682109,1.0141175500971622,-0.5997199491028826
OASIS_2,LinearSVM,101,test,motion__moderate,motion,moderate,D:\OASIS_2\distortions_64\motion\moderate\Very_Mild_Dementia\OAS2_0020\OAS2_0020_slice_19_z173.png,Very_Mild_Dementia/OAS2_0020/OAS2_0020_slice_19_z173.png,Very Mild Dementia/OAS2_0020/OAS2_0020_slice_19_z173.png,OAS2_0020,Very Mild Dementia,1,1,Very Mild Dementia,1,-0.40256860768228286,1.5671186787182982,-1.3965723879365466,-1.0734097368011748
OASIS_2,LinearSVM,101,test,motion__moderate,motion,moderate,D:\OASIS_2\distortions_64\motion\moderate\Very_Mild_Dementia\OAS2_0020\OAS2_0020_slice_20_z178.png,Very_Mild_Dementia/OAS2_0020/OAS2_0020_slice_20_z178.png,Very Mild Dementia/OAS2_0020/OAS2_0020_slice_20_z178.png,OAS2_0020,Very Mild Dementia,1,1,Very Mild Dementia,1,-2.7240543229961003,2.041163132328636,0.4002081699381148,-1.214483873937018
OASIS_2,LinearSVM,101,test,motion__moderate,motion,moderate,D:\OASIS_2\distortions_64\motion\moderate\Very_Mild_Dementia\OAS2_0021\OAS2_0021_slice_01_z077.png,Very_Mild_Dementia/OAS2_0021/OAS2_0021_slice_01_z077.png,Very Mild Dementia/OAS2_0021/OAS2_0021_slice_01_z077.png,OAS2_0021,Very Mild Dementia,1,1,Very Mild Dementia,1,0.041019873601085236,2.216580897031988,-4.63148048745326,-0.6051695773109822
OASIS_2,LinearSVM,101,test,motion__moderate,motion,moderate,D:\OASIS_2\distortions_64\motion\moderate\Very_Mild_Dementia\OAS2_0021\OAS2_0021_slice_02_z082.png,Very_Mild_Dementia/OAS2_0021/OAS2_0021_slice_02_z082.png,Very Mild Dementia/OAS2_0021/OAS2_0021_slice_02_z082.png,OAS2_0021,Very Mild Dementia,1,1,Very Mild Dementia,1,-0.9258500580951537,7.328964861321442,-3.89419703922294,-0.012734590650171684
OASIS_2,LinearSVM,101,test,motion__moderate,motion,moderate,D:\OASIS_2\distortions_64\motion\moderate\Very_Mild_Dementia\OAS2_0021\OAS2_0021_slice_03_z088.png,Very_Mild_Dementia/OAS2_0021/OAS2_0021_slice_03_z088.png,Very Mild Dementia/OAS2_0021/OAS2_0021_slice_03_z088.png,OAS2_0021,Very Mild Dementia,1,1,Very Mild Dementia,1,-0.9674322961590477,3.0454996513877832,-3.994246739276601,-0.7291431603422751
OASIS_2,LinearSVM,101,test,motion__moderate,motion,moderate,D:\OASIS_2\distortions_64\motion\moderate\Very_Mild_Dementia\OAS2_0021\OAS2_0021_slice_04_z093.png,Very_Mild_Dementia/OAS2_0021/OAS2_0021_slice_04_z093.png,Very Mild Dementia/OAS2_0021/OAS2_0021_slice_04_z093.png,OAS2_0021,Very Mild Dementia,1,1,Very Mild Dementia,1,-4.135447926628821,9.207503050047816,-6.398030570400087,-0.5889793997706856
OASIS_2,LinearSVM,101,test,motion__moderate,motion,moderate,D:\OASIS_2\distortions_64\motion\moderate\Very_Mild_Dementia\OAS2_0021\OAS2_0021_slice_05_z098.png,Very_Mild_Dementia/OAS2_0021/OAS2_0021_slice_05_z098.png,Very Mild Dementia/OAS2_0021/OAS2_0021_slice_05_z098.png,OAS2_0021,Very Mild Dementia,1,0,Non-Demented,0,1.4752981241095684,1.3046717386082947,-3.100013089371476,-0.44633262293999865
OASIS_2,LinearSVM,101,test,motion__moderate,motion,moderate,D:\OASIS_2\distortions_64\motion\moderate\Very_Mild_Dementia\OAS2_0021\OAS2_0021_slice_06_z104.png,Very_Mild_Dementia/OAS2_0021/OAS2_0021_slice_06_z104.png,Very Mild Dementia/OAS2_0021/OAS2_0021_slice_06_z104.png,OAS2_0021,Very Mild Dementia,1,1,Very Mild Dementia,1,-1.3195335856113812,2.3242565528776717,-3.505131902740147,-0.5269769810761814
OASIS_2,LinearSVM,101,test,motion__moderate,motion,moderate,D:\OASIS_2\distortions_64\motion\moderate\Very_Mild_Dementia\OAS2_0021\OAS2_0021_slice_07_z109.png,Very_Mild_Dementia/OAS2_0021/OAS2_0021_slice_07_z109.png,Very Mild Dementia/OAS2_0021/OAS2_0021_slice_07_z109.png,OAS2_0021,Very Mild Dementia,1,1,Very Mild Dementia,1,-3.2316490744050705,5.294810010180646,-3.768911248141979,-0.44672357876483315
OASIS_2,LinearSVM,101,test,motion__moderate,motion,moderate,D:\OASIS_2\distortions_64\motion\moderate\Very_Mild_Dementia\OAS2_0021\OAS2_0021_slice_08_z114.png,Very_Mild_Dementia/OAS2_0021/OAS2_0021_slice_08_z114.png,Very Mild Dementia/OAS2_0021/OAS2_0021_slice_08_z114.png,OAS2_0021,Very Mild Dementia,1,1,Very Mild Dementia,1,-3.1322527147312136,6.343672303642112,-5.23553147744118,-0.46324833270795585
OASIS_2,LinearSVM,101,test,motion__moderate,motion,moderate,D:\OASIS_2\distortions_64\motion\moderate\Very_Mild_Dementia\OAS2_0021\OAS2_0021_slice_09_z120.png,Very_Mild_Dementia/OAS2_0021/OAS2_0021_slice_09_z120.png,Very Mild Dementia/OAS2_0021/OAS2_0021_slice_09_z120.png,OAS2_0021,Very Mild Dementia,1,1,Very Mild Dementia,1,-5.113469823774401,5.966221613156586,-2.4761991052609282,0.0961727480582637
OASIS_2,LinearSVM,101,test,motion__moderate,motion,moderate,D:\OASIS_2\distortions_64\motion\moderate\Very_Mild_Dementia\OAS2_0021\OAS2_0021_slice_10_z125.png,Very_Mild_Dementia/OAS2_0021/OAS2_0021_slice_10_z125.png,Very Mild Dementia/OAS2_0021/OAS2_0021_slice_10_z125.png,OAS2_0021,Very Mild Dementia,1,1,Very Mild Dementia,1,-6.839380890837471,12.798975786011923,-5.74718684865265,-0.2703413810589308
OASIS_2,LinearSVM,101,test,motion__moderate,motion,moderate,D:\OASIS_2\distortions_64\motion\moderate\Very_Mild_Dementia\OAS2_0021\OAS2_0021_slice_11_z130.png,Very_Mild_Dementia/OAS2_0021/OAS2_0021_slice_11_z130.png,Very Mild Dementia/OAS2_0021/OAS2_0021_slice_11_z130.png,OAS2_0021,Very Mild Dementia,1,1,Very Mild Dementia,1,-7.354485519107333,12.114762728104509,-3.3030003492406794,-0.4114219833296532
OASIS_2,LinearSVM,101,test,motion__moderate,motion,moderate,D:\OASIS_2\distortions_64\motion\moderate\Very_Mild_Dementia\OAS2_0021\OAS2_0021_slice_12_z135.png,Very_Mild_Dementia/OAS2_0021/OAS2_0021_slice_12_z135.png,Very Mild Dementia/OAS2_0021/OAS2_0021_slice_12_z135.png,OAS2_0021,Very Mild Dementia,1,1,Very Mild Dementia,1,-2.6164358252181703,7.017918997141291,-3.9224699734628357,-1.0374349280297468
OASIS_2,LinearSVM,101,test,motion__moderate,motion,moderate,D:\OASIS_2\distortions_64\motion\moderate\Very_Mild_Dementia\OAS2_0021\OAS2_0021_slice_13_z141.png,Very_Mild_Dementia/OAS2_0021/OAS2_0021_slice_13_z141.png,Very Mild Dementia/OAS2_0021/OAS2_0021_slice_13_z141.png,OAS2_0021,Very Mild Dementia,1,1,Very Mild Dementia,1,-4.292667413948395,7.472945326761684,-4.029710696743669,-0.9934413937673262
OASIS_2,LinearSVM,101,test,motion__moderate,motion,moderate,D:\OASIS_2\distortions_64\motion\moderate\Very_Mild_Dementia\OAS2_0021\OAS2_0021_slice_14_z146.png,Very_Mild_Dementia/OAS2_0021/OAS2_0021_slice_14_z146.png,Very Mild Dementia/OAS2_0021/OAS2_0021_slice_14_z146.png,OAS2_0021,Very Mild Dementia,1,1,Very Mild Dementia,1,-8.35841584674489,10.792131956574288,-3.8798515734351686,-0.05291298809957179
OASIS_2,LinearSVM,101,test,motion__moderate,motion,moderate,D:\OASIS_2\distortions_64\motion\moderate\Very_Mild_Dementia\OAS2_0021\OAS2_0021_slice_15_z151.png,Very_Mild_Dementia/OAS2_0021/OAS2_0021_slice_15_z151.png,Very Mild Dementia/OAS2_0021/OAS2_0021_slice_15_z151.png,OAS2_0021,Very Mild Dementia,1,1,Very Mild Dementia,1,-2.17953598348972,8.160949620876226,-3.147526257546614,-0.7675740244383572
OASIS_2,LinearSVM,101,test,motion__moderate,motion,moderate,D:\OASIS_2\distortions_64\motion\moderate\Very_Mild_Dementia\OAS2_0021\OAS2_0021_slice_16_z157.png,Very_Mild_Dementia/OAS2_0021/OAS2_0021_slice_16_z157.png,Very Mild Dementia/OAS2_0021/OAS2_0021_slice_16_z157.png,OAS2_0021,Very Mild Dementia,1,1,Very Mild Dementia,1,-3.2469914689269914,11.474554544958378,-3.976631860870546,-0.6382221716288601
OASIS_2,LinearSVM,101,test,motion__moderate,motion,moderate,D:\OASIS_2\distortions_64\motion\moderate\Very_Mild_Dementia\OAS2_0021\OAS2_0021_slice_17_z162.png,Very_Mild_Dementia/OAS2_0021/OAS2_0021_slice_17_z162.png,Very Mild Dementia/OAS2_0021/OAS2_0021_slice_17_z162.png,OAS2_0021,Very Mild Dementia,1,1,Very Mild Dementia,1,-5.402235220840061,5.513535176715748,-1.1926235264847662,-0.579291861219685
OASIS_2,LinearSVM,101,test,motion__moderate,motion,moderate,D:\OASIS_2\distortions_64\motion\moderate\Very_Mild_Dementia\OAS2_0021\OAS2_0021_slice_18_z167.png,Very_Mild_Dementia/OAS2_0021/OAS2_0021_slice_18_z167.png,Very Mild Dementia/OAS2_0021/OAS2_0021_slice_18_z167.png,OAS2_0021,Very Mild Dementia,1,1,Very Mild Dementia,1,-5.638547932824388,9.39861392518788,-5.447648399415909,-0.6262428071876778
OASIS_2,LinearSVM,101,test,motion__moderate,motion,moderate,D:\OASIS_2\distortions_64\motion\moderate\Very_Mild_Dementia\OAS2_0021\OAS2_0021_slice_19_z173.png,Very_Mild_Dementia/OAS2_0021/OAS2_0021_slice_19_z173.png,Very Mild Dementia/OAS2_0021/OAS2_0021_slice_19_z173.png,OAS2_0021,Very Mild Dementia,1,1,Very Mild Dementia,1,-2.381558995182058,6.3103468105837655,-4.30502279349688,-0.5274383509590774
OASIS_2,LinearSVM,101,test,motion__moderate,motion,moderate,D:\OASIS_2\distortions_64\motion\moderate\Very_Mild_Dementia\OAS2_0021\OAS2_0021_slice_20_z178.png,Very_Mild_Dementia/OAS2_0021/OAS2_0021_slice_20_z178.png,Very Mild Dementia/OAS2_0021/OAS2_0021_slice_20_z178.png,OAS2_0021,Very Mild Dementia,1,1,Very Mild Dementia,1,-3.430340899015986,0.10112104780153297,0.0668391742273764,-0.10192008233332805
OASIS_2,LinearSVM,101,test,motion__moderate,motion,moderate,D:\OASIS_2\distortions_64\motion\moderate\Very_Mild_Dementia\OAS2_0040\OAS2_0040_slice_01_z077.png,Very_Mild_Dementia/OAS2_0040/OAS2_0040_slice_01_z077.png,Very Mild Dementia/OAS2_0040/OAS2_0040_slice_01_z077.png,OAS2_0040,Very Mild Dementia,1,1,Very Mild Dementia,1,-2.8411360459189785,5.507720284737866,-1.7801076835012168,-1.027642949770289
OASIS_2,LinearSVM,101,test,motion__moderate,motion,moderate,D:\OASIS_2\distortions_64\motion\moderate\Very_Mild_Dementia\OAS2_0040\OAS2_0040_slice_02_z082.png,Very_Mild_Dementia/OAS2_0040/OAS2_0040_slice_02_z082.png,Very Mild Dementia/OAS2_0040/OAS2_0040_slice_02_z082.png,OAS2_0040,Very Mild Dementia,1,1,Very Mild Dementia,1,-8.960604853816974,10.166681516235602,-1.8775525058354319,-0.23046533296903227
OASIS_2,LinearSVM,101,test,motion__moderate,motion,moderate,D:\OASIS_2\distortions_64\motion\moderate\Very_Mild_Dementia\OAS2_0040\OAS2_0040_slice_03_z088.png,Very_Mild_Dementia/OAS2_0040/OAS2_0040_slice_03_z088.png,Very Mild Dementia/OAS2_0040/OAS2_0040_slice_03_z088.png,OAS2_0040,Very Mild Dementia,1,1,Very Mild Dementia,1,-1.8385289973346255,6.39284500961136,-4.3449890474912145,-0.8244043908011454
OASIS_2,LinearSVM,101,test,motion__moderate,motion,moderate,D:\OASIS_2\distortions_64\motion\moderate\Very_Mild_Dementia\OAS2_0040\OAS2_0040_slice_04_z093.png,Very_Mild_Dementia/OAS2_0040/OAS2_0040_slice_04_z093.png,Very Mild Dementia/OAS2_0040/OAS2_0040_slice_04_z093.png,OAS2_0040,Very Mild Dementia,1,1,Very Mild Dementia,1,-8.888969172629732,15.806228253059086,-8.228535157156877,0.09857899867749631
OASIS_2,LinearSVM,101,test,motion__moderate,motion,moderate,D:\OASIS_2\distortions_64\motion\moderate\Very_Mild_Dementia\OAS2_0040\OAS2_0040_slice_05_z098.png,Very_Mild_Dementia/OAS2_0040/OAS2_0040_slice_05_z098.png,Very Mild Dementia/OAS2_0040/OAS2_0040_slice_05_z098.png,OAS2_0040,Very Mild Dementia,1,0,Non-Demented,0,5.375878663302245,-0.7222052261986447,-5.6935483969541405,-0.15869210433435976
OASIS_2,LinearSVM,101,test,motion__moderate,motion,moderate,D:\OASIS_2\distortions_64\motion\moderate\Very_Mild_Dementia\OAS2_0040\OAS2_0040_slice_06_z104.png,Very_Mild_Dementia/OAS2_0040/OAS2_0040_slice_06_z104.png,Very Mild Dementia/OAS2_0040/OAS2_0040_slice_06_z104.png,OAS2_0040,Very Mild Dementia,1,0,Non-Demented,0,0.29594689794804413,-0.7049050386998263,0.26774882921615095,-0.49436845937409923
OASIS_2,LinearSVM,101,test,motion__moderate,motion,moderate,D:\OASIS_2\distortions_64\motion\moderate\Very_Mild_Dementia\OAS2_0040\OAS2_0040_slice_07_z109.png,Very_Mild_Dementia/OAS2_0040/OAS2_0040_slice_07_z109.png,Very Mild Dementia/OAS2_0040/OAS2_0040_slice_07_z109.png,OAS2_0040,Very Mild Dementia,1,1,Very Mild Dementia,1,0.01624230333113992,4.36460692135652,-5.708953506876183,-0.9068313223864204
OASIS_2,LinearSVM,101,test,motion__moderate,motion,moderate,D:\OASIS_2\distortions_64\motion\moderate\Very_Mild_Dementia\OAS2_0040\OAS2_0040_slice_08_z114.png,Very_Mild_Dementia/OAS2_0040/OAS2_0040_slice_08_z114.png,Very Mild Dementia/OAS2_0040/OAS2_0040_slice_08_z114.png,OAS2_0040,Very Mild Dementia,1,1,Very Mild Dementia,1,-4.788604205951883,8.79325066657519,-4.220843024589954,-0.327223561766415
OASIS_2,LinearSVM,101,test,motion__moderate,motion,moderate,D:\OASIS_2\distortions_64\motion\moderate\Very_Mild_Dementia\OAS2_0040\OAS2_0040_slice_09_z120.png,Very_Mild_Dementia/OAS2_0040/OAS2_0040_slice_09_z120.png,Very Mild Dementia/OAS2_0040/OAS2_0040_slice_09_z120.png,OAS2_0040,Very Mild Dementia,1,1,Very Mild Dementia,1,-1.7785029903314407,5.91249883832276,-2.517751852276846,-0.8612028347468513
OASIS_2,LinearSVM,101,test,motion__moderate,motion,moderate,D:\OASIS_2\distortions_64\motion\moderate\Very_Mild_Dementia\OAS2_0040\OAS2_0040_slice_10_z125.png,Very_Mild_Dementia/OAS2_0040/OAS2_0040_slice_10_z125.png,Very Mild Dementia/OAS2_0040/OAS2_0040_slice_10_z125.png,OAS2_0040,Very Mild Dementia,1,0,Non-Demented,0,2.1844208274796175,0.7494413338838763,-0.8081991757978002,-1.2876224102991216
OASIS_2,LinearSVM,101,test,motion__moderate,motion,moderate,D:\OASIS_2\distortions_64\motion\moderate\Very_Mild_Dementia\OAS2_0040\OAS2_0040_slice_11_z130.png,Very_Mild_Dementia/OAS2_0040/OAS2_0040_slice_11_z130.png,Very Mild Dementia/OAS2_0040/OAS2_0040_slice_11_z130.png,OAS2_0040,Very Mild Dementia,1,1,Very Mild Dementia,1,-2.433454447832953,11.379022005923375,-8.482736999204997,-0.6257109432332004
OASIS_2,LinearSVM,101,test,motion__moderate,motion,moderate,D:\OASIS_2\distortions_64\motion\moderate\Very_Mild_Dementia\OAS2_0040\OAS2_0040_slice_12_z135.png,Very_Mild_Dementia/OAS2_0040/OAS2_0040_slice_12_z135.png,Very Mild Dementia/OAS2_0040/OAS2_0040_slice_12_z135.png,OAS2_0040,Very Mild Dementia,1,1,Very Mild Dementia,1,-1.9990219814775247,1.9240862911410808,-1.7788940596127603,-0.6892036619745503
OASIS_2,LinearSVM,101,test,motion__moderate,motion,moderate,D:\OASIS_2\distortions_64\motion\moderate\Very_Mild_Dementia\OAS2_0040\OAS2_0040_slice_13_z141.png,Very_Mild_Dementia/OAS2_0040/OAS2_0040_slice_13_z141.png,Very Mild Dementia/OAS2_0040/OAS2_0040_slice_13_z141.png,OAS2_0040,Very Mild Dementia,1,1,Very Mild Dementia,1,-3.879925111387099,1.7617685489660515,-0.16799456597125695,-0.4014704820556707
OASIS_2,LinearSVM,101,test,motion__moderate,motion,moderate,D:\OASIS_2\distortions_64\motion\moderate\Very_Mild_Dementia\OAS2_0040\OAS2_0040_slice_14_z146.png,Very_Mild_Dementia/OAS2_0040/OAS2_0040_slice_14_z146.png,Very Mild Dementia/OAS2_0040/OAS2_0040_slice_14_z146.png,OAS2_0040,Very Mild Dementia,1,1,Very Mild Dementia,1,-5.489604913316767,3.7351699168103654,0.007584843765831684,-0.8029162589287978
OASIS_2,LinearSVM,101,test,motion__moderate,motion,moderate,D:\OASIS_2\distortions_64\motion\moderate\Very_Mild_Dementia\OAS2_0040\OAS2_0040_slice_15_z151.png,Very_Mild_Dementia/OAS2_0040/OAS2_0040_slice_15_z151.png,Very Mild Dementia/OAS2_0040/OAS2_0040_slice_15_z151.png,OAS2_0040,Very Mild Dementia,1,1,Very Mild Dementia,1,-4.44759479771599,5.016969784028664,-1.10747324289186,-0.6358267057666885
OASIS_2,LinearSVM,101,test,motion__moderate,motion,moderate,D:\OASIS_2\distortions_64\motion\moderate\Very_Mild_Dementia\OAS2_0040\OAS2_0040_slice_16_z157.png,Very_Mild_Dementia/OAS2_0040/OAS2_0040_slice_16_z157.png,Very Mild Dementia/OAS2_0040/OAS2_0040_slice_16_z157.png,OAS2_0040,Very Mild Dementia,1,1,Very Mild Dementia,1,0.47756358665477466,0.9507553738583963,-1.6860882583360806,-1.4043757891065023
OASIS_2,LinearSVM,101,test,motion__moderate,motion,moderate,D:\OASIS_2\distortions_64\motion\moderate\Very_Mild_Dementia\OAS2_0040\OAS2_0040_slice_17_z162.png,Very_Mild_Dementia/OAS2_0040/OAS2_0040_slice_17_z162.png,Very Mild Dementia/OAS2_0040/OAS2_0040_slice_17_z162.png,OAS2_0040,Very Mild Dementia,1,1,Very Mild Dementia,1,-0.18015298492325343,0.043594563116618024,-0.60894110103001,-1.0965722336974801
OASIS_2,LinearSVM,101,test,motion__moderate,motion,moderate,D:\OASIS_2\distortions_64\motion\moderate\Very_Mild_Dementia\OAS2_0040\OAS2_0040_slice_18_z167.png,Very_Mild_Dementia/OAS2_0040/OAS2_0040_slice_18_z167.png,Very Mild Dementia/OAS2_0040/OAS2_0040_slice_18_z167.png,OAS2_0040,Very Mild Dementia,1,1,Very Mild Dementia,1,-1.8233686834349037,0.41361374672556395,-0.822715313117606,-1.0760988209019884
OASIS_2,LinearSVM,101,test,motion__moderate,motion,moderate,D:\OASIS_2\distortions_64\motion\moderate\Very_Mild_Dementia\OAS2_0040\OAS2_0040_slice_19_z173.png,Very_Mild_Dementia/OAS2_0040/OAS2_0040_slice_19_z173.png,Very Mild Dementia/OAS2_0040/OAS2_0040_slice_19_z173.png,OAS2_0040,Very Mild Dementia,1,1,Very Mild Dementia,1,-2.151642094408124,1.5999383673269634,-0.9064942665413497,-0.917853397671576
OASIS_2,LinearSVM,101,test,motion__moderate,motion,moderate,D:\OASIS_2\distortions_64\motion\moderate\Very_Mild_Dementia\OAS2_0040\OAS2_0040_slice_20_z178.png,Very_Mild_Dementia/OAS2_0040/OAS2_0040_slice_20_z178.png,Very Mild Dementia/OAS2_0040/OAS2_0040_slice_20_z178.png,OAS2_0040,Very Mild Dementia,1,1,Very Mild Dementia,1,-1.6792021081939208,1.5800558863843024,-1.3899740068145685,-0.988719147231865
OASIS_2,LinearSVM,101,test,motion__moderate,motion,moderate,D:\OASIS_2\distortions_64\motion\moderate\Very_Mild_Dementia\OAS2_0098\OAS2_0098_slice_01_z077.png,Very_Mild_Dementia/OAS2_0098/OAS2_0098_slice_01_z077.png,Very Mild Dementia/OAS2_0098/OAS2_0098_slice_01_z077.png,OAS2_0098,Very Mild Dementia,1,2,Mild Dementia,0,-8.818471318870118,4.773182505394258,4.998752636601425,-0.9497806965546108
OASIS_2,LinearSVM,101,test,motion__moderate,motion,moderate,D:\OASIS_2\distortions_64\motion\moderate\Very_Mild_Dementia\OAS2_0098\OAS2_0098_slice_02_z082.png,Very_Mild_Dementia/OAS2_0098/OAS2_0098_slice_02_z082.png,Very Mild Dementia/OAS2_0098/OAS2_0098_slice_02_z082.png,OAS2_0098,Very Mild Dementia,1,2,Mild Dementia,0,-0.04275455181474268,-1.1562729841176846,0.07890082842031987,-0.9513707570354698
OASIS_2,LinearSVM,101,test,motion__moderate,motion,moderate,D:\OASIS_2\distortions_64\motion\moderate\Very_Mild_Dementia\OAS2_0098\OAS2_0098_slice_03_z088.png,Very_Mild_Dementia/OAS2_0098/OAS2_0098_slice_03_z088.png,Very Mild Dementia/OAS2_0098/OAS2_0098_slice_03_z088.png,OAS2_0098,Very Mild Dementia,1,1,Very Mild Dementia,1,-5.846699978343042,4.49684639898477,1.3216814547586355,0.37145851974682254
OASIS_2,LinearSVM,101,test,motion__moderate,motion,moderate,D:\OASIS_2\distortions_64\motion\moderate\Very_Mild_Dementia\OAS2_0098\OAS2_0098_slice_04_z093.png,Very_Mild_Dementia/OAS2_0098/OAS2_0098_slice_04_z093.png,Very Mild Dementia/OAS2_0098/OAS2_0098_slice_04_z093.png,OAS2_0098,Very Mild Dementia,1,1,Very Mild Dementia,1,-2.8604813874395627,3.324180647836741,-0.3936354396567119,-1.4083813243522376
OASIS_2,LinearSVM,101,test,motion__moderate,motion,moderate,D:\OASIS_2\distortions_64\motion\moderate\Very_Mild_Dementia\OAS2_0098\OAS2_0098_slice_05_z098.png,Very_Mild_Dementia/OAS2_0098/OAS2_0098_slice_05_z098.png,Very Mild Dementia/OAS2_0098/OAS2_0098_slice_05_z098.png,OAS2_0098,Very Mild Dementia,1,1,Very Mild Dementia,1,-9.917846491126554,10.380652451537458,-1.7683646499886536,0.27673849838839626
OASIS_2,LinearSVM,101,test,motion__moderate,motion,moderate,D:\OASIS_2\distortions_64\motion\moderate\Very_Mild_Dementia\OAS2_0098\OAS2_0098_slice_06_z104.png,Very_Mild_Dementia/OAS2_0098/OAS2_0098_slice_06_z104.png,Very Mild Dementia/OAS2_0098/OAS2_0098_slice_06_z104.png,OAS2_0098,Very Mild Dementia,1,1,Very Mild Dementia,1,-4.871482055431146,3.8653535994548847,-1.2109975705830398,-0.9500041148937147
OASIS_2,LinearSVM,101,test,motion__moderate,motion,moderate,D:\OASIS_2\distortions_64\motion\moderate\Very_Mild_Dementia\OAS2_0098\OAS2_0098_slice_07_z109.png,Very_Mild_Dementia/OAS2_0098/OAS2_0098_slice_07_z109.png,Very Mild Dementia/OAS2_0098/OAS2_0098_slice_07_z109.png,OAS2_0098,Very Mild Dementia,1,1,Very Mild Dementia,1,-11.731543720381886,11.149159514951378,-1.4175533083971317,0.0939074127644437
OASIS_2,LinearSVM,101,test,motion__moderate,motion,moderate,D:\OASIS_2\distortions_64\motion\moderate\Very_Mild_Dementia\OAS2_0098\OAS2_0098_slice_08_z114.png,Very_Mild_Dementia/OAS2_0098/OAS2_0098_slice_08_z114.png,Very Mild Dementia/OAS2_0098/OAS2_0098_slice_08_z114.png,OAS2_0098,Very Mild Dementia,1,1,Very Mild Dementia,1,-8.885789699212685,5.6786592317008875,2.1900015470084746,0.47849248384963006
OASIS_2,LinearSVM,101,test,motion__moderate,motion,moderate,D:\OASIS_2\distortions_64\motion\moderate\Very_Mild_Dementia\OAS2_0098\OAS2_0098_slice_09_z120.png,Very_Mild_Dementia/OAS2_0098/OAS2_0098_slice_09_z120.png,Very Mild Dementia/OAS2_0098/OAS2_0098_slice_09_z120.png,OAS2_0098,Very Mild Dementia,1,2,Mild Dementia,0,-3.64153322939061,0.02615033351238427,1.6702915091004167,-0.25393676946667687
OASIS_2,LinearSVM,101,test,motion__moderate,motion,moderate,D:\OASIS_2\distortions_64\motion\moderate\Very_Mild_Dementia\OAS2_0098\OAS2_0098_slice_10_z125.png,Very_Mild_Dementia/OAS2_0098/OAS2_0098_slice_10_z125.png,Very Mild Dementia/OAS2_0098/OAS2_0098_slice_10_z125.png,OAS2_0098,Very Mild Dementia,1,1,Very Mild Dementia,1,-3.717049709632691,9.302419515415776,-5.8656496363467205,-0.31155615949211835
OASIS_2,LinearSVM,101,test,motion__moderate,motion,moderate,D:\OASIS_2\distortions_64\motion\moderate\Very_Mild_Dementia\OAS2_0098\OAS2_0098_slice_11_z130.png,Very_Mild_Dementia/OAS2_0098/OAS2_0098_slice_11_z130.png,Very Mild Dementia/OAS2_0098/OAS2_0098_slice_11_z130.png,OAS2_0098,Very Mild Dementia,1,1,Very Mild Dementia,1,-4.369742475246038,4.067004437484602,-0.6653428262955985,-0.07755012663840644
OASIS_2,LinearSVM,101,test,motion__moderate,motion,moderate,D:\OASIS_2\distortions_64\motion\moderate\Very_Mild_Dementia\OAS2_0098\OAS2_0098_slice_12_z135.png,Very_Mild_Dementia/OAS2_0098/OAS2_0098_slice_12_z135.png,Very Mild Dementia/OAS2_0098/OAS2_0098_slice_12_z135.png,OAS2_0098,Very Mild Dementia,1,1,Very Mild Dementia,1,-4.552831285072021,3.538234702226826,-0.23478926148682067,-0.09933915052476139
OASIS_2,LinearSVM,101,test,motion__moderate,motion,moderate,D:\OASIS_2\distortions_64\motion\moderate\Very_Mild_Dementia\OAS2_0098\OAS2_0098_slice_13_z141.png,Very_Mild_Dementia/OAS2_0098/OAS2_0098_slice_13_z141.png,Very Mild Dementia/OAS2_0098/OAS2_0098_slice_13_z141.png,OAS2_0098,Very Mild Dementia,1,1,Very Mild Dementia,1,-6.559580502167023,7.834644246941121,-2.733795285958358,-0.17373488684155558
OASIS_2,LinearSVM,101,test,motion__moderate,motion,moderate,D:\OASIS_2\distortions_64\motion\moderate\Very_Mild_Dementia\OAS2_0098\OAS2_0098_slice_14_z146.png,Very_Mild_Dementia/OAS2_0098/OAS2_0098_slice_14_z146.png,Very Mild Dementia/OAS2_0098/OAS2_0098_slice_14_z146.png,OAS2_0098,Very Mild Dementia,1,1,Very Mild Dementia,1,-7.1343881001996,7.545587386746947,0.043418937137091884,-0.09064868425499928
OASIS_2,LinearSVM,101,test,motion__moderate,motion,moderate,D:\OASIS_2\distortions_64\motion\moderate\Very_Mild_Dementia\OAS2_0098\OAS2_0098_slice_15_z151.png,Very_Mild_Dementia/OAS2_0098/OAS2_0098_slice_15_z151.png,Very Mild Dementia/OAS2_0098/OAS2_0098_slice_15_z151.png,OAS2_0098,Very Mild Dementia,1,1,Very Mild Dementia,1,-7.543097455747963,4.681082437257528,1.2974291601787065,-0.3816828256320357
OASIS_2,LinearSVM,101,test,motion__moderate,motion,moderate,D:\OASIS_2\distortions_64\motion\moderate\Very_Mild_Dementia\OAS2_0098\OAS2_0098_slice_16_z157.png,Very_Mild_Dementia/OAS2_0098/OAS2_0098_slice_16_z157.png,Very Mild Dementia/OAS2_0098/OAS2_0098_slice_16_z157.png,OAS2_0098,Very Mild Dementia,1,1,Very Mild Dementia,1,-6.529916049026505,6.381100205214386,0.5337143605609096,0.010106424369214828
OASIS_2,LinearSVM,101,test,motion__moderate,motion,moderate,D:\OASIS_2\distortions_64\motion\moderate\Very_Mild_Dementia\OAS2_0098\OAS2_0098_slice_17_z162.png,Very_Mild_Dementia/OAS2_0098/OAS2_0098_slice_17_z162.png,Very Mild Dementia/OAS2_0098/OAS2_0098_slice_17_z162.png,OAS2_0098,Very Mild Dementia,1,1,Very Mild Dementia,1,-6.679772614321249,4.641525943680514,1.9019013545586771,-0.3679342621887758
OASIS_2,LinearSVM,101,test,motion__moderate,motion,moderate,D:\OASIS_2\distortions_64\motion\moderate\Very_Mild_Dementia\OAS2_0098\OAS2_0098_slice_18_z167.png,Very_Mild_Dementia/OAS2_0098/OAS2_0098_slice_18_z167.png,Very Mild Dementia/OAS2_0098/OAS2_0098_slice_18_z167.png,OAS2_0098,Very Mild Dementia,1,1,Very Mild Dementia,1,-8.560728756502368,5.433951927808023,1.2847637042950675,-0.27113050239621617
OASIS_2,LinearSVM,101,test,motion__moderate,motion,moderate,D:\OASIS_2\distortions_64\motion\moderate\Very_Mild_Dementia\OAS2_0098\OAS2_0098_slice_19_z173.png,Very_Mild_Dementia/OAS2_0098/OAS2_0098_slice_19_z173.png,Very Mild Dementia/OAS2_0098/OAS2_0098_slice_19_z173.png,OAS2_0098,Very Mild Dementia,1,2,Mild Dementia,0,-1.1024473520229647,-0.5421172111212542,1.3282163277415937,-0.6358239507118519
OASIS_2,LinearSVM,101,test,motion__moderate,motion,moderate,D:\OASIS_2\distortions_64\motion\moderate\Very_Mild_Dementia\OAS2_0098\OAS2_0098_slice_20_z178.png,Very_Mild_Dementia/OAS2_0098/OAS2_0098_slice_20_z178.png,Very Mild Dementia/OAS2_0098/OAS2_0098_slice_20_z178.png,OAS2_0098,Very Mild Dementia,1,1,Very Mild Dementia,1,-1.7405753017996273,2.4454844547606696,-1.6285644375119006,-0.7859149215034759
OASIS_2,LinearSVM,101,test,motion__moderate,motion,moderate,D:\OASIS_2\distortions_64\motion\moderate\Very_Mild_Dementia\OAS2_0102\OAS2_0102_slice_01_z077.png,Very_Mild_Dementia/OAS2_0102/OAS2_0102_slice_01_z077.png,Very Mild Dementia/OAS2_0102/OAS2_0102_slice_01_z077.png,OAS2_0102,Very Mild Dementia,1,1,Very Mild Dementia,1,-1.8912215233414829,3.170364943807342,0.6744035382675788,-0.9847851802265226
OASIS_2,LinearSVM,101,test,motion__moderate,motion,moderate,D:\OASIS_2\distortions_64\motion\moderate\Very_Mild_Dementia\OAS2_0102\OAS2_0102_slice_02_z082.png,Very_Mild_Dementia/OAS2_0102/OAS2_0102_slice_02_z082.png,Very Mild Dementia/OAS2_0102/OAS2_0102_slice_02_z082.png,OAS2_0102,Very Mild Dementia,1,1,Very Mild Dementia,1,-8.197409165906159,5.909453215467998,-0.1835035180314034,-0.6280131957833375
OASIS_2,LinearSVM,101,test,motion__moderate,motion,moderate,D:\OASIS_2\distortions_64\motion\moderate\Very_Mild_Dementia\OAS2_0102\OAS2_0102_slice_03_z088.png,Very_Mild_Dementia/OAS2_0102/OAS2_0102_slice_03_z088.png,Very Mild Dementia/OAS2_0102/OAS2_0102_slice_03_z088.png,OAS2_0102,Very Mild Dementia,1,1,Very Mild Dementia,1,-6.64147883476889,7.159416917895113,-1.5069042676016022,-0.5363940604967226
OASIS_2,LinearSVM,101,test,motion__moderate,motion,moderate,D:\OASIS_2\distortions_64\motion\moderate\Very_Mild_Dementia\OAS2_0102\OAS2_0102_slice_04_z093.png,Very_Mild_Dementia/OAS2_0102/OAS2_0102_slice_04_z093.png,Very Mild Dementia/OAS2_0102/OAS2_0102_slice_04_z093.png,OAS2_0102,Very Mild Dementia,1,1,Very Mild Dementia,1,-6.676311787938416,9.483702745167577,-2.732027685164209,-0.2626181170149202
OASIS_2,LinearSVM,101,test,motion__moderate,motion,moderate,D:\OASIS_2\distortions_64\motion\moderate\Very_Mild_Dementia\OAS2_0102\OAS2_0102_slice_05_z098.png,Very_Mild_Dementia/OAS2_0102/OAS2_0102_slice_05_z098.png,Very Mild Dementia/OAS2_0102/OAS2_0102_slice_05_z098.png,OAS2_0102,Very Mild Dementia,1,1,Very Mild Dementia,1,-2.7154764337012702,2.287113955713047,-0.3066879215020569,-0.9112364955893888
OASIS_2,LinearSVM,101,test,motion__moderate,motion,moderate,D:\OASIS_2\distortions_64\motion\moderate\Very_Mild_Dementia\OAS2_0102\OAS2_0102_slice_06_z104.png,Very_Mild_Dementia/OAS2_0102/OAS2_0102_slice_06_z104.png,Very Mild Dementia/OAS2_0102/OAS2_0102_slice_06_z104.png,OAS2_0102,Very Mild Dementia,1,1,Very Mild Dementia,1,-4.437684836764129,3.5206345960947116,-0.8741126265183318,-0.5750544804335369
OASIS_2,LinearSVM,101,test,motion__moderate,motion,moderate,D:\OASIS_2\distortions_64\motion\moderate\Very_Mild_Dementia\OAS2_0102\OAS2_0102_slice_07_z109.png,Very_Mild_Dementia/OAS2_0102/OAS2_0102_slice_07_z109.png,Very Mild Dementia/OAS2_0102/OAS2_0102_slice_07_z109.png,OAS2_0102,Very Mild Dementia,1,1,Very Mild Dementia,1,-6.119451108420338,8.438215157360375,-3.5283892517274826,-0.5121342294656904
OASIS_2,LinearSVM,101,test,motion__moderate,motion,moderate,D:\OASIS_2\distortions_64\motion\moderate\Very_Mild_Dementia\OAS2_0102\OAS2_0102_slice_08_z114.png,Very_Mild_Dementia/OAS2_0102/OAS2_0102_slice_08_z114.png,Very Mild Dementia/OAS2_0102/OAS2_0102_slice_08_z114.png,OAS2_0102,Very Mild Dementia,1,1,Very Mild Dementia,1,-6.87649356784464,5.929124870349247,1.0887545246283836,-0.6398469563182605
OASIS_2,LinearSVM,101,test,motion__moderate,motion,moderate,D:\OASIS_2\distortions_64\motion\moderate\Very_Mild_Dementia\OAS2_0102\OAS2_0102_slice_09_z120.png,Very_Mild_Dementia/OAS2_0102/OAS2_0102_slice_09_z120.png,Very Mild Dementia/OAS2_0102/OAS2_0102_slice_09_z120.png,OAS2_0102,Very Mild Dementia,1,1,Very Mild Dementia,1,-6.424440379620231,3.3504344519878595,0.6817771819096747,-0.4346311891472563
OASIS_2,LinearSVM,101,test,motion__moderate,motion,moderate,D:\OASIS_2\distortions_64\motion\moderate\Very_Mild_Dementia\OAS2_0102\OAS2_0102_slice_10_z125.png,Very_Mild_Dementia/OAS2_0102/OAS2_0102_slice_10_z125.png,Very Mild Dementia/OAS2_0102/OAS2_0102_slice_10_z125.png,OAS2_0102,Very Mild Dementia,1,1,Very Mild Dementia,1,-6.37607475464927,5.838784674549335,-0.9908195940621907,-0.691848860134014
OASIS_2,LinearSVM,101,test,motion__moderate,motion,moderate,D:\OASIS_2\distortions_64\motion\moderate\Very_Mild_Dementia\OAS2_0102\OAS2_0102_slice_11_z130.png,Very_Mild_Dementia/OAS2_0102/OAS2_0102_slice_11_z130.png,Very Mild Dementia/OAS2_0102/OAS2_0102_slice_11_z130.png,OAS2_0102,Very Mild Dementia,1,1,Very Mild Dementia,1,-7.640475108197173,9.874121327963792,-3.058149542678446,-0.8168133375065799
OASIS_2,LinearSVM,101,test,motion__moderate,motion,moderate,D:\OASIS_2\distortions_64\motion\moderate\Very_Mild_Dementia\OAS2_0102\OAS2_0102_slice_12_z135.png,Very_Mild_Dementia/OAS2_0102/OAS2_0102_slice_12_z135.png,Very Mild Dementia/OAS2_0102/OAS2_0102_slice_12_z135.png,OAS2_0102,Very Mild Dementia,1,1,Very Mild Dementia,1,-7.624189156119123,8.441899313886951,-3.3114024049960276,-0.4010076280632757
OASIS_2,LinearSVM,101,test,motion__moderate,motion,moderate,D:\OASIS_2\distortions_64\motion\moderate\Very_Mild_Dementia\OAS2_0102\OAS2_0102_slice_13_z141.png,Very_Mild_Dementia/OAS2_0102/OAS2_0102_slice_13_z141.png,Very Mild Dementia/OAS2_0102/OAS2_0102_slice_13_z141.png,OAS2_0102,Very Mild Dementia,1,1,Very Mild Dementia,1,-10.330210482415065,8.373960906711195,-1.9722603246838055,0.1514154487859407
OASIS_2,LinearSVM,101,test,motion__moderate,motion,moderate,D:\OASIS_2\distortions_64\motion\moderate\Very_Mild_Dementia\OAS2_0102\OAS2_0102_slice_14_z146.png,Very_Mild_Dementia/OAS2_0102/OAS2_0102_slice_14_z146.png,Very Mild Dementia/OAS2_0102/OAS2_0102_slice_14_z146.png,OAS2_0102,Very Mild Dementia,1,1,Very Mild Dementia,1,-11.533763282340628,8.579035860817498,1.0579265040034653,-0.4841670248408131
OASIS_2,LinearSVM,101,test,motion__moderate,motion,moderate,D:\OASIS_2\distortions_64\motion\moderate\Very_Mild_Dementia\OAS2_0102\OAS2_0102_slice_15_z151.png,Very_Mild_Dementia/OAS2_0102/OAS2_0102_slice_15_z151.png,Very Mild Dementia/OAS2_0102/OAS2_0102_slice_15_z151.png,OAS2_0102,Very Mild Dementia,1,1,Very Mild Dementia,1,-2.24833770638848,2.986200069217901,-1.3855912561167436,-0.7835245306975576
OASIS_2,LinearSVM,101,test,motion__moderate,motion,moderate,D:\OASIS_2\distortions_64\motion\moderate\Very_Mild_Dementia\OAS2_0102\OAS2_0102_slice_16_z157.png,Very_Mild_Dementia/OAS2_0102/OAS2_0102_slice_16_z157.png,Very Mild Dementia/OAS2_0102/OAS2_0102_slice_16_z157.png,OAS2_0102,Very Mild Dementia,1,2,Mild Dementia,0,-4.2041905687451715,1.2507714763465574,1.3160521076759784,-0.7426112736000581
OASIS_2,LinearSVM,101,test,motion__moderate,motion,moderate,D:\OASIS_2\distortions_64\motion\moderate\Very_Mild_Dementia\OAS2_0102\OAS2_0102_slice_17_z162.png,Very_Mild_Dementia/OAS2_0102/OAS2_0102_slice_17_z162.png,Very Mild Dementia/OAS2_0102/OAS2_0102_slice_17_z162.png,OAS2_0102,Very Mild Dementia,1,0,Non-Demented,0,1.9149311180553585,-2.6485700171805036,-1.4880587996278307,-1.0487849997400238
OASIS_2,LinearSVM,101,test,motion__moderate,motion,moderate,D:\OASIS_2\distortions_64\motion\moderate\Very_Mild_Dementia\OAS2_0102\OAS2_0102_slice_18_z167.png,Very_Mild_Dementia/OAS2_0102/OAS2_0102_slice_18_z167.png,Very Mild Dementia/OAS2_0102/OAS2_0102_slice_18_z167.png,OAS2_0102,Very Mild Dementia,1,0,Non-Demented,0,-0.13456540567087927,-1.406669242254246,-0.7302722332106177,-1.0365054538180745
OASIS_2,LinearSVM,101,test,motion__moderate,motion,moderate,D:\OASIS_2\distortions_64\motion\moderate\Very_Mild_Dementia\OAS2_0102\OAS2_0102_slice_19_z173.png,Very_Mild_Dementia/OAS2_0102/OAS2_0102_slice_19_z173.png,Very Mild Dementia/OAS2_0102/OAS2_0102_slice_19_z173.png,OAS2_0102,Very Mild Dementia,1,0,Non-Demented,0,2.0902130184020202,-1.396912777151972,-2.0482102906507835,-1.200526002472307
OASIS_2,LinearSVM,101,test,motion__moderate,motion,moderate,D:\OASIS_2\distortions_64\motion\moderate\Very_Mild_Dementia\OAS2_0102\OAS2_0102_slice_20_z178.png,Very_Mild_Dementia/OAS2_0102/OAS2_0102_slice_20_z178.png,Very Mild Dementia/OAS2_0102/OAS2_0102_slice_20_z178.png,OAS2_0102,Very Mild Dementia,1,1,Very Mild Dementia,1,-0.9255155390749483,1.1054954960476377,-1.0267379464454307,-1.1026341485521804
OASIS_2,LinearSVM,101,test,motion__moderate,motion,moderate,D:\OASIS_2\distortions_64\motion\moderate\Very_Mild_Dementia\OAS2_0103\OAS2_0103_slice_01_z077.png,Very_Mild_Dementia/OAS2_0103/OAS2_0103_slice_01_z077.png,Very Mild Dementia/OAS2_0103/OAS2_0103_slice_01_z077.png,OAS2_0103,Very Mild Dementia,1,1,Very Mild Dementia,1,-0.6846900114659388,1.0117030982459576,-0.17343700572567722,-1.1144519155451533
OASIS_2,LinearSVM,101,test,motion__moderate,motion,moderate,D:\OASIS_2\distortions_64\motion\moderate\Very_Mild_Dementia\OAS2_0103\OAS2_0103_slice_02_z082.png,Very_Mild_Dementia/OAS2_0103/OAS2_0103_slice_02_z082.png,Very Mild Dementia/OAS2_0103/OAS2_0103_slice_02_z082.png,OAS2_0103,Very Mild Dementia,1,1,Very Mild Dementia,1,-0.08727151489749223,1.556110877420272,-2.977391436352917,-0.6230403526047245
OASIS_2,LinearSVM,101,test,motion__moderate,motion,moderate,D:\OASIS_2\distortions_64\motion\moderate\Very_Mild_Dementia\OAS2_0103\OAS2_0103_slice_03_z088.png,Very_Mild_Dementia/OAS2_0103/OAS2_0103_slice_03_z088.png,Very Mild Dementia/OAS2_0103/OAS2_0103_slice_03_z088.png,OAS2_0103,Very Mild Dementia,1,1,Very Mild Dementia,1,0.14163698974196925,1.7745321146602488,-2.1276617637091997,-0.8767224526844363
OASIS_2,LinearSVM,101,test,motion__moderate,motion,moderate,D:\OASIS_2\distortions_64\motion\moderate\Very_Mild_Dementia\OAS2_0103\OAS2_0103_slice_04_z093.png,Very_Mild_Dementia/OAS2_0103/OAS2_0103_slice_04_z093.png,Very Mild Dementia/OAS2_0103/OAS2_0103_slice_04_z093.png,OAS2_0103,Very Mild Dementia,1,2,Mild Dementia,0,-6.679863527684433,1.3604809328125962,3.1325056953333346,0.10305742461433587
OASIS_2,LinearSVM,101,test,motion__moderate,motion,moderate,D:\OASIS_2\distortions_64\motion\moderate\Very_Mild_Dementia\OAS2_0103\OAS2_0103_slice_05_z098.png,Very_Mild_Dementia/OAS2_0103/OAS2_0103_slice_05_z098.png,Very Mild Dementia/OAS2_0103/OAS2_0103_slice_05_z098.png,OAS2_0103,Very Mild Dementia,1,2,Mild Dementia,0,-1.5072998023409487,-1.0468230520135913,1.2761189622715015,-0.4288497278460933
OASIS_2,LinearSVM,101,test,motion__moderate,motion,moderate,D:\OASIS_2\distortions_64\motion\moderate\Very_Mild_Dementia\OAS2_0103\OAS2_0103_slice_06_z104.png,Very_Mild_Dementia/OAS2_0103/OAS2_0103_slice_06_z104.png,Very Mild Dementia/OAS2_0103/OAS2_0103_slice_06_z104.png,OAS2_0103,Very Mild Dementia,1,1,Very Mild Dementia,1,-7.87943977633822,3.555162694806401,1.935782981036608,0.12045825246917685
OASIS_2,LinearSVM,101,test,motion__moderate,motion,moderate,D:\OASIS_2\distortions_64\motion\moderate\Very_Mild_Dementia\OAS2_0103\OAS2_0103_slice_07_z109.png,Very_Mild_Dementia/OAS2_0103/OAS2_0103_slice_07_z109.png,Very Mild Dementia/OAS2_0103/OAS2_0103_slice_07_z109.png,OAS2_0103,Very Mild Dementia,1,1,Very Mild Dementia,1,-6.778630450537203,2.289279861468848,1.2560711714196602,-0.6377730758089531
OASIS_2,LinearSVM,101,test,motion__moderate,motion,moderate,D:\OASIS_2\distortions_64\motion\moderate\Very_Mild_Dementia\OAS2_0103\OAS2_0103_slice_08_z114.png,Very_Mild_Dementia/OAS2_0103/OAS2_0103_slice_08_z114.png,Very Mild Dementia/OAS2_0103/OAS2_0103_slice_08_z114.png,OAS2_0103,Very Mild Dementia,1,1,Very Mild Dementia,1,-3.5130418801723198,1.9370979698284063,0.753249461302469,-0.4495580699535262
OASIS_2,LinearSVM,101,test,motion__moderate,motion,moderate,D:\OASIS_2\distortions_64\motion\moderate\Very_Mild_Dementia\OAS2_0103\OAS2_0103_slice_09_z120.png,Very_Mild_Dementia/OAS2_0103/OAS2_0103_slice_09_z120.png,Very Mild Dementia/OAS2_0103/OAS2_0103_slice_09_z120.png,OAS2_0103,Very Mild Dementia,1,1,Very Mild Dementia,1,-5.217909179994028,3.1154117130092898,1.026188659669042,-0.7850680232696268
OASIS_2,LinearSVM,101,test,motion__moderate,motion,moderate,D:\OASIS_2\distortions_64\motion\moderate\Very_Mild_Dementia\OAS2_0103\OAS2_0103_slice_10_z125.png,Very_Mild_Dementia/OAS2_0103/OAS2_0103_slice_10_z125.png,Very Mild Dementia/OAS2_0103/OAS2_0103_slice_10_z125.png,OAS2_0103,Very Mild Dementia,1,2,Mild Dementia,0,-5.1151770267990715,1.4296418666219812,2.1460445847806287,-0.3868541672211234
OASIS_2,LinearSVM,101,test,motion__moderate,motion,moderate,D:\OASIS_2\distortions_64\motion\moderate\Very_Mild_Dementia\OAS2_0103\OAS2_0103_slice_11_z130.png,Very_Mild_Dementia/OAS2_0103/OAS2_0103_slice_11_z130.png,Very Mild Dementia/OAS2_0103/OAS2_0103_slice_11_z130.png,OAS2_0103,Very Mild Dementia,1,1,Very Mild Dementia,1,-0.266032413165524,3.8645081229306015,-3.383363461176486,-0.7525298878636753
OASIS_2,LinearSVM,101,test,motion__moderate,motion,moderate,D:\OASIS_2\distortions_64\motion\moderate\Very_Mild_Dementia\OAS2_0103\OAS2_0103_slice_12_z135.png,Very_Mild_Dementia/OAS2_0103/OAS2_0103_slice_12_z135.png,Very Mild Dementia/OAS2_0103/OAS2_0103_slice_12_z135.png,OAS2_0103,Very Mild Dementia,1,2,Mild Dementia,0,-2.5631724410443395,0.5281280225412988,0.8828866608364132,-0.5100310037644764
OASIS_2,LinearSVM,101,test,motion__moderate,motion,moderate,D:\OASIS_2\distortions_64\motion\moderate\Very_Mild_Dementia\OAS2_0103\OAS2_0103_slice_13_z141.png,Very_Mild_Dementia/OAS2_0103/OAS2_0103_slice_13_z141.png,Very Mild Dementia/OAS2_0103/OAS2_0103_slice_13_z141.png,OAS2_0103,Very Mild Dementia,1,1,Very Mild Dementia,1,-4.781605152127084,2.9345369327503974,0.7167823647542799,-0.9932509884819312
OASIS_2,LinearSVM,101,test,motion__moderate,motion,moderate,D:\OASIS_2\distortions_64\motion\moderate\Very_Mild_Dementia\OAS2_0103\OAS2_0103_slice_14_z146.png,Very_Mild_Dementia/OAS2_0103/OAS2_0103_slice_14_z146.png,Very Mild Dementia/OAS2_0103/OAS2_0103_slice_14_z146.png,OAS2_0103,Very Mild Dementia,1,2,Mild Dementia,0,-4.894211355612559,1.5297283600199743,3.086840385116434,0.013907538377963657
OASIS_2,LinearSVM,101,test,motion__moderate,motion,moderate,D:\OASIS_2\distortions_64\motion\moderate\Very_Mild_Dementia\OAS2_0103\OAS2_0103_slice_15_z151.png,Very_Mild_Dementia/OAS2_0103/OAS2_0103_slice_15_z151.png,Very Mild Dementia/OAS2_0103/OAS2_0103_slice_15_z151.png,OAS2_0103,Very Mild Dementia,1,1,Very Mild Dementia,1,-2.7643754030039074,2.749495735449438,-0.5568347683475088,-0.38671231277133744
OASIS_2,LinearSVM,101,test,motion__moderate,motion,moderate,D:\OASIS_2\distortions_64\motion\moderate\Very_Mild_Dementia\OAS2_0103\OAS2_0103_slice_16_z157.png,Very_Mild_Dementia/OAS2_0103/OAS2_0103_slice_16_z157.png,Very Mild Dementia/OAS2_0103/OAS2_0103_slice_16_z157.png,OAS2_0103,Very Mild Dementia,1,1,Very Mild Dementia,1,-6.277465299832819,5.277013027472762,-1.7893273188460368,-0.4658912858671349
OASIS_2,LinearSVM,101,test,motion__moderate,motion,moderate,D:\OASIS_2\distortions_64\motion\moderate\Very_Mild_Dementia\OAS2_0103\OAS2_0103_slice_17_z162.png,Very_Mild_Dementia/OAS2_0103/OAS2_0103_slice_17_z162.png,Very Mild Dementia/OAS2_0103/OAS2_0103_slice_17_z162.png,OAS2_0103,Very Mild Dementia,1,1,Very Mild Dementia,1,-2.5842238086498073,3.3809228230295547,-1.3587708344510978,-1.0398540199850257
OASIS_2,LinearSVM,101,test,motion__moderate,motion,moderate,D:\OASIS_2\distortions_64\motion\moderate\Very_Mild_Dementia\OAS2_0103\OAS2_0103_slice_18_z167.png,Very_Mild_Dementia/OAS2_0103/OAS2_0103_slice_18_z167.png,Very Mild Dementia/OAS2_0103/OAS2_0103_slice_18_z167.png,OAS2_0103,Very Mild Dementia,1,1,Very Mild Dementia,1,-2.950434972073118,1.9284908031372392,0.8376392419762722,-1.1539709156236893
OASIS_2,LinearSVM,101,test,motion__moderate,motion,moderate,D:\OASIS_2\distortions_64\motion\moderate\Very_Mild_Dementia\OAS2_0103\OAS2_0103_slice_19_z173.png,Very_Mild_Dementia/OAS2_0103/OAS2_0103_slice_19_z173.png,Very Mild Dementia/OAS2_0103/OAS2_0103_slice_19_z173.png,OAS2_0103,Very Mild Dementia,1,1,Very Mild Dementia,1,-3.1888454845964955,3.2852901062483895,1.494996846495546,-0.7488891893676188
OASIS_2,LinearSVM,101,test,motion__moderate,motion,moderate,D:\OASIS_2\distortions_64\motion\moderate\Very_Mild_Dementia\OAS2_0103\OAS2_0103_slice_20_z178.png,Very_Mild_Dementia/OAS2_0103/OAS2_0103_slice_20_z178.png,Very Mild Dementia/OAS2_0103/OAS2_0103_slice_20_z178.png,OAS2_0103,Very Mild Dementia,1,1,Very Mild Dementia,1,-3.3077285071403546,3.6472395990506135,-1.140483138512336,-0.47806837807082947
OASIS_2,LinearSVM,101,test,motion__moderate,motion,moderate,D:\OASIS_2\distortions_64\motion\moderate\Very_Mild_Dementia\OAS2_0176\OAS2_0176_slice_01_z077.png,Very_Mild_Dementia/OAS2_0176/OAS2_0176_slice_01_z077.png,Very Mild Dementia/OAS2_0176/OAS2_0176_slice_01_z077.png,OAS2_0176,Very Mild Dementia,1,2,Mild Dementia,0,-9.595130494003676,1.3221630358848842,6.1686927490822985,0.317105663708932
OASIS_2,LinearSVM,101,test,motion__moderate,motion,moderate,D:\OASIS_2\distortions_64\motion\moderate\Very_Mild_Dementia\OAS2_0176\OAS2_0176_slice_02_z082.png,Very_Mild_Dementia/OAS2_0176/OAS2_0176_slice_02_z082.png,Very Mild Dementia/OAS2_0176/OAS2_0176_slice_02_z082.png,OAS2_0176,Very Mild Dementia,1,2,Mild Dementia,0,-3.7245486650530943,-0.5239762486250144,3.732449792994267,-0.5897845089479845
OASIS_2,LinearSVM,101,test,motion__moderate,motion,moderate,D:\OASIS_2\distortions_64\motion\moderate\Very_Mild_Dementia\OAS2_0176\OAS2_0176_slice_03_z088.png,Very_Mild_Dementia/OAS2_0176/OAS2_0176_slice_03_z088.png,Very Mild Dementia/OAS2_0176/OAS2_0176_slice_03_z088.png,OAS2_0176,Very Mild Dementia,1,2,Mild Dementia,0,-6.4290034409564205,1.546630103935304,2.711325178093848,0.027212106899377808
OASIS_2,LinearSVM,101,test,motion__moderate,motion,moderate,D:\OASIS_2\distortions_64\motion\moderate\Very_Mild_Dementia\OAS2_0176\OAS2_0176_slice_04_z093.png,Very_Mild_Dementia/OAS2_0176/OAS2_0176_slice_04_z093.png,Very Mild Dementia/OAS2_0176/OAS2_0176_slice_04_z093.png,OAS2_0176,Very Mild Dementia,1,2,Mild Dementia,0,-6.981102672169259,-0.08874987233749848,2.088180878401739,-0.1772381962481363
OASIS_2,LinearSVM,101,test,motion__moderate,motion,moderate,D:\OASIS_2\distortions_64\motion\moderate\Very_Mild_Dementia\OAS2_0176\OAS2_0176_slice_05_z098.png,Very_Mild_Dementia/OAS2_0176/OAS2_0176_slice_05_z098.png,Very Mild Dementia/OAS2_0176/OAS2_0176_slice_05_z098.png,OAS2_0176,Very Mild Dementia,1,1,Very Mild Dementia,1,-5.484740732395141,4.444640068263715,0.19645069130601311,0.25610568838072467
OASIS_2,LinearSVM,101,test,motion__moderate,motion,moderate,D:\OASIS_2\distortions_64\motion\moderate\Very_Mild_Dementia\OAS2_0176\OAS2_0176_slice_06_z104.png,Very_Mild_Dementia/OAS2_0176/OAS2_0176_slice_06_z104.png,Very Mild Dementia/OAS2_0176/OAS2_0176_slice_06_z104.png,OAS2_0176,Very Mild Dementia,1,2,Mild Dementia,0,-6.726547802014763,0.622527275778973,0.9631589628149946,0.37673290117771074
OASIS_2,LinearSVM,101,test,motion__moderate,motion,moderate,D:\OASIS_2\distortions_64\motion\moderate\Very_Mild_Dementia\OAS2_0176\OAS2_0176_slice_07_z109.png,Very_Mild_Dementia/OAS2_0176/OAS2_0176_slice_07_z109.png,Very Mild Dementia/OAS2_0176/OAS2_0176_slice_07_z109.png,OAS2_0176,Very Mild Dementia,1,1,Very Mild Dementia,1,-3.369755960492278,0.8783095764584314,-0.1914983151890466,-0.4718369976382566
OASIS_2,LinearSVM,101,test,motion__moderate,motion,moderate,D:\OASIS_2\distortions_64\motion\moderate\Very_Mild_Dementia\OAS2_0176\OAS2_0176_slice_08_z114.png,Very_Mild_Dementia/OAS2_0176/OAS2_0176_slice_08_z114.png,Very Mild Dementia/OAS2_0176/OAS2_0176_slice_08_z114.png,OAS2_0176,Very Mild Dementia,1,1,Very Mild Dementia,1,-6.939065519994792,7.5053852901823,-1.3315195189440636,-0.3879612679278097
OASIS_2,LinearSVM,101,test,motion__moderate,motion,moderate,D:\OASIS_2\distortions_64\motion\moderate\Very_Mild_Dementia\OAS2_0176\OAS2_0176_slice_09_z120.png,Very_Mild_Dementia/OAS2_0176/OAS2_0176_slice_09_z120.png,Very Mild Dementia/OAS2_0176/OAS2_0176_slice_09_z120.png,OAS2_0176,Very Mild Dementia,1,1,Very Mild Dementia,1,-5.669560962212413,1.646493487092313,1.5466441962378856,0.06375433970490851
OASIS_2,LinearSVM,101,test,motion__moderate,motion,moderate,D:\OASIS_2\distortions_64\motion\moderate\Very_Mild_Dementia\OAS2_0176\OAS2_0176_slice_10_z125.png,Very_Mild_Dementia/OAS2_0176/OAS2_0176_slice_10_z125.png,Very Mild Dementia/OAS2_0176/OAS2_0176_slice_10_z125.png,OAS2_0176,Very Mild Dementia,1,2,Mild Dementia,0,-5.911458516106948,0.6847308835951176,2.485988428443538,-0.7900294969116338
OASIS_2,LinearSVM,101,test,motion__moderate,motion,moderate,D:\OASIS_2\distortions_64\motion\moderate\Very_Mild_Dementia\OAS2_0176\OAS2_0176_slice_11_z130.png,Very_Mild_Dementia/OAS2_0176/OAS2_0176_slice_11_z130.png,Very Mild Dementia/OAS2_0176/OAS2_0176_slice_11_z130.png,OAS2_0176,Very Mild Dementia,1,2,Mild Dementia,0,-6.390228207486434,1.1535231120460396,3.6419835311776736,0.606643940672309
OASIS_2,LinearSVM,101,test,motion__moderate,motion,moderate,D:\OASIS_2\distortions_64\motion\moderate\Very_Mild_Dementia\OAS2_0176\OAS2_0176_slice_12_z135.png,Very_Mild_Dementia/OAS2_0176/OAS2_0176_slice_12_z135.png,Very Mild Dementia/OAS2_0176/OAS2_0176_slice_12_z135.png,OAS2_0176,Very Mild Dementia,1,1,Very Mild Dementia,1,-8.804875591579727,4.466333160971969,1.9605310769684503,0.16540078732799746
OASIS_2,LinearSVM,101,test,motion__moderate,motion,moderate,D:\OASIS_2\distortions_64\motion\moderate\Very_Mild_Dementia\OAS2_0176\OAS2_0176_slice_13_z141.png,Very_Mild_Dementia/OAS2_0176/OAS2_0176_slice_13_z141.png,Very Mild Dementia/OAS2_0176/OAS2_0176_slice_13_z141.png,OAS2_0176,Very Mild Dementia,1,1,Very Mild Dementia,1,-3.968610478427138,1.4845778781082521,-0.7880562121219798,0.20825779728377003
OASIS_2,LinearSVM,101,test,motion__moderate,motion,moderate,D:\OASIS_2\distortions_64\motion\moderate\Very_Mild_Dementia\OAS2_0176\OAS2_0176_slice_14_z146.png,Very_Mild_Dementia/OAS2_0176/OAS2_0176_slice_14_z146.png,Very Mild Dementia/OAS2_0176/OAS2_0176_slice_14_z146.png,OAS2_0176,Very Mild Dementia,1,2,Mild Dementia,0,-8.134732672757918,-0.3028166584580344,3.6979218306775503,-0.0655497206004596
OASIS_2,LinearSVM,101,test,motion__moderate,motion,moderate,D:\OASIS_2\distortions_64\motion\moderate\Very_Mild_Dementia\OAS2_0176\OAS2_0176_slice_15_z151.png,Very_Mild_Dementia/OAS2_0176/OAS2_0176_slice_15_z151.png,Very Mild Dementia/OAS2_0176/OAS2_0176_slice_15_z151.png,OAS2_0176,Very Mild Dementia,1,2,Mild Dementia,0,-1.3280645985977033,-2.2927276904216844,0.9185168153878818,-0.010687987131929866
OASIS_2,LinearSVM,101,test,motion__moderate,motion,moderate,D:\OASIS_2\distortions_64\motion\moderate\Very_Mild_Dementia\OAS2_0176\OAS2_0176_slice_16_z157.png,Very_Mild_Dementia/OAS2_0176/OAS2_0176_slice_16_z157.png,Very Mild Dementia/OAS2_0176/OAS2_0176_slice_16_z157.png,OAS2_0176,Very Mild Dementia,1,2,Mild Dementia,0,-1.516202152683256,-2.3797141893311053,0.3923807835325548,-0.6395025733224491
OASIS_2,LinearSVM,101,test,motion__moderate,motion,moderate,D:\OASIS_2\distortions_64\motion\moderate\Very_Mild_Dementia\OAS2_0176\OAS2_0176_slice_17_z162.png,Very_Mild_Dementia/OAS2_0176/OAS2_0176_slice_17_z162.png,Very Mild Dementia/OAS2_0176/OAS2_0176_slice_17_z162.png,OAS2_0176,Very Mild Dementia,1,2,Mild Dementia,0,-4.018510441130814,1.7256511750894334,2.0583802533211473,-0.48415359693651294
OASIS_2,LinearSVM,101,test,motion__moderate,motion,moderate,D:\OASIS_2\distortions_64\motion\moderate\Very_Mild_Dementia\OAS2_0176\OAS2_0176_slice_18_z167.png,Very_Mild_Dementia/OAS2_0176/OAS2_0176_slice_18_z167.png,Very Mild Dementia/OAS2_0176/OAS2_0176_slice_18_z167.png,OAS2_0176,Very Mild Dementia,1,1,Very Mild Dementia,1,-0.6371232315720835,0.6180674558967816,-0.07840422683336712,-0.5682627223613702
OASIS_2,LinearSVM,101,test,motion__moderate,motion,moderate,D:\OASIS_2\distortions_64\motion\moderate\Very_Mild_Dementia\OAS2_0176\OAS2_0176_slice_19_z173.png,Very_Mild_Dementia/OAS2_0176/OAS2_0176_slice_19_z173.png,Very Mild Dementia/OAS2_0176/OAS2_0176_slice_19_z173.png,OAS2_0176,Very Mild Dementia,1,1,Very Mild Dementia,1,-1.1909289325153438,0.7048770165183529,0.3807393712052547,-1.0392681366809127
OASIS_2,LinearSVM,101,test,motion__moderate,motion,moderate,D:\OASIS_2\distortions_64\motion\moderate\Very_Mild_Dementia\OAS2_0176\OAS2_0176_slice_20_z178.png,Very_Mild_Dementia/OAS2_0176/OAS2_0176_slice_20_z178.png,Very Mild Dementia/OAS2_0176/OAS2_0176_slice_20_z178.png,OAS2_0176,Very Mild Dementia,1,1,Very Mild Dementia,1,-1.9908575197555372,0.1904506663971154,0.053694584284903035,-0.8541503893132659
