dataset,model,seed,split,condition,distortion,severity,file_path,relative_path,sample_key,subject_id,class_name,y_true,y_pred,pred_class_name,correct,score_nondemented,score_verymilddementia,score_milddementia,score_moderatedementia
OASIS_2,LinearSVM,47,test,gaussian_blur__moderate,gaussian_blur,moderate,D:\OASIS_2\distortions_64\gaussian_blur\moderate\Mild_Dementia\OAS2_0014\OAS2_0014_slice_01_z077.png,Mild_Dementia/OAS2_0014/OAS2_0014_slice_01_z077.png,Mild Dementia/OAS2_0014/OAS2_0014_slice_01_z077.png,OAS2_0014,Mild Dementia,2,0,Non-Demented,0,0.5030167158711748,-1.8539841144944276,0.31549940374864893,-0.8910843817193003
OASIS_2,LinearSVM,47,test,gaussian_blur__moderate,gaussian_blur,moderate,D:\OASIS_2\distortions_64\gaussian_blur\moderate\Mild_Dementia\OAS2_0014\OAS2_0014_slice_02_z082.png,Mild_Dementia/OAS2_0014/OAS2_0014_slice_02_z082.png,Mild Dementia/OAS2_0014/OAS2_0014_slice_02_z082.png,OAS2_0014,Mild Dementia,2,0,Non-Demented,0,1.1220248669268462,-2.1607462401177875,0.2415567769369702,-0.9107000189484337
OASIS_2,LinearSVM,47,test,gaussian_blur__moderate,gaussian_blur,moderate,D:\OASIS_2\distortions_64\gaussian_blur\moderate\Mild_Dementia\OAS2_0014\OAS2_0014_slice_03_z088.png,Mild_Dementia/OAS2_0014/OAS2_0014_slice_03_z088.png,Mild Dementia/OAS2_0014/OAS2_0014_slice_03_z088.png,OAS2_0014,Mild Dementia,2,0,Non-Demented,0,0.09005947795191967,-1.001728399899934,-0.5170402627528543,-0.9888359971979933
OASIS_2,LinearSVM,47,test,gaussian_blur__moderate,gaussian_blur,moderate,D:\OASIS_2\distortions_64\gaussian_blur\moderate\Mild_Dementia\OAS2_0014\OAS2_0014_slice_04_z093.png,Mild_Dementia/OAS2_0014/OAS2_0014_slice_04_z093.png,Mild Dementia/OAS2_0014/OAS2_0014_slice_04_z093.png,OAS2_0014,Mild Dementia,2,0,Non-Demented,0,0.6502273439788708,-2.124321454879602,-0.580704082524717,-0.9588773536412325
OASIS_2,LinearSVM,47,test,gaussian_blur__moderate,gaussian_blur,moderate,D:\OASIS_2\distortions_64\gaussian_blur\moderate\Mild_Dementia\OAS2_0014\OAS2_0014_slice_05_z098.png,Mild_Dementia/OAS2_0014/OAS2_0014_slice_05_z098.png,Mild Dementia/OAS2_0014/OAS2_0014_slice_05_z098.png,OAS2_0014,Mild Dementia,2,0,Non-Demented,0,3.4625228907768935,-4.4439617148916835,-0.470624563366132,-0.9415740203062266
OASIS_2,LinearSVM,47,test,gaussian_blur__moderate,gaussian_blur,moderate,D:\OASIS_2\distortions_64\gaussian_blur\moderate\Mild_Dementia\OAS2_0014\OAS2_0014_slice_06_z104.png,Mild_Dementia/OAS2_0014/OAS2_0014_slice_06_z104.png,Mild Dementia/OAS2_0014/OAS2_0014_slice_06_z104.png,OAS2_0014,Mild Dementia,2,0,Non-Demented,0,2.256113583381767,-3.1614899060117647,-1.0305688794976002,-0.9334612437175845
OASIS_2,LinearSVM,47,test,gaussian_blur__moderate,gaussian_blur,moderate,D:\OASIS_2\distortions_64\gaussian_blur\moderate\Mild_Dementia\OAS2_0014\OAS2_0014_slice_07_z109.png,Mild_Dementia/OAS2_0014/OAS2_0014_slice_07_z109.png,Mild Dementia/OAS2_0014/OAS2_0014_slice_07_z109.png,OAS2_0014,Mild Dementia,2,0,Non-Demented,0,2.4243483161184005,-4.741475095295029,-0.4482493365550425,-0.9715470870385535
OASIS_2,LinearSVM,47,test,gaussian_blur__moderate,gaussian_blur,moderate,D:\OASIS_2\distortions_64\gaussian_blur\moderate\Mild_Dementia\OAS2_0014\OAS2_0014_slice_08_z114.png,Mild_Dementia/OAS2_0014/OAS2_0014_slice_08_z114.png,Mild Dementia/OAS2_0014/OAS2_0014_slice_08_z114.png,OAS2_0014,Mild Dementia,2,0,Non-Demented,0,1.4427936420975236,-2.8421194952202304,-1.1327004617181735,-0.8683505007956374
OASIS_2,LinearSVM,47,test,gaussian_blur__moderate,gaussian_blur,moderate,D:\OASIS_2\distortions_64\gaussian_blur\moderate\Mild_Dementia\OAS2_0014\OAS2_0014_slice_09_z120.png,Mild_Dementia/OAS2_0014/OAS2_0014_slice_09_z120.png,Mild Dementia/OAS2_0014/OAS2_0014_slice_09_z120.png,OAS2_0014,Mild Dementia,2,1,Very Mild Dementia,0,-0.2673291703916039,-0.2595877681346562,-0.7204778680010475,-0.9999586460689521
OASIS_2,LinearSVM,47,test,gaussian_blur__moderate,gaussian_blur,moderate,D:\OASIS_2\distortions_64\gaussian_blur\moderate\Mild_Dementia\OAS2_0014\OAS2_0014_slice_10_z125.png,Mild_Dementia/OAS2_0014/OAS2_0014_slice_10_z125.png,Mild Dementia/OAS2_0014/OAS2_0014_slice_10_z125.png,OAS2_0014,Mild Dementia,2,0,Non-Demented,0,0.3381448251449517,-1.3924058305386533,-0.43374452221359383,-0.8249482256033939
OASIS_2,LinearSVM,47,test,gaussian_blur__moderate,gaussian_blur,moderate,D:\OASIS_2\distortions_64\gaussian_blur\moderate\Mild_Dementia\OAS2_0014\OAS2_0014_slice_11_z130.png,Mild_Dementia/OAS2_0014/OAS2_0014_slice_11_z130.png,Mild Dementia/OAS2_0014/OAS2_0014_slice_11_z130.png,OAS2_0014,Mild Dementia,2,0,Non-Demented,0,-0.04584250740816152,-2.089741637590045,-0.12342666790001522,-1.046118632441829
OASIS_2,LinearSVM,47,test,gaussian_blur__moderate,gaussian_blur,moderate,D:\OASIS_2\distortions_64\gaussian_blur\moderate\Mild_Dementia\OAS2_0014\OAS2_0014_slice_12_z135.png,Mild_Dementia/OAS2_0014/OAS2_0014_slice_12_z135.png,Mild Dementia/OAS2_0014/OAS2_0014_slice_12_z135.png,OAS2_0014,Mild Dementia,2,1,Very Mild Dementia,0,-2.0513767223718213,0.6076907620117187,0.4456199165363919,-1.0168050549208751
OASIS_2,LinearSVM,47,test,gaussian_blur__moderate,gaussian_blur,moderate,D:\OASIS_2\distortions_64\gaussian_blur\moderate\Mild_Dementia\OAS2_0014\OAS2_0014_slice_13_z141.png,Mild_Dementia/OAS2_0014/OAS2_0014_slice_13_z141.png,Mild Dementia/OAS2_0014/OAS2_0014_slice_13_z141.png,OAS2_0014,Mild Dementia,2,0,Non-Demented,0,-0.2110971176324153,-0.7273307797543869,-0.7824791693802389,-0.9763709026856199
OASIS_2,LinearSVM,47,test,gaussian_blur__moderate,gaussian_blur,moderate,D:\OASIS_2\distortions_64\gaussian_blur\moderate\Mild_Dementia\OAS2_0014\OAS2_0014_slice_14_z146.png,Mild_Dementia/OAS2_0014/OAS2_0014_slice_14_z146.png,Mild Dementia/OAS2_0014/OAS2_0014_slice_14_z146.png,OAS2_0014,Mild Dementia,2,1,Very Mild Dementia,0,-0.8386375381741646,-0.2993906911980569,-0.8157405257669412,-0.8702014999573549
OASIS_2,LinearSVM,47,test,gaussian_blur__moderate,gaussian_blur,moderate,D:\OASIS_2\distortions_64\gaussian_blur\moderate\Mild_Dementia\OAS2_0014\OAS2_0014_slice_15_z151.png,Mild_Dementia/OAS2_0014/OAS2_0014_slice_15_z151.png,Mild Dementia/OAS2_0014/OAS2_0014_slice_15_z151.png,OAS2_0014,Mild Dementia,2,0,Non-Demented,0,1.4251786013346917,-1.7833726151885787,-1.0314976391026252,-1.0317621444997207
OASIS_2,LinearSVM,47,test,gaussian_blur__moderate,gaussian_blur,moderate,D:\OASIS_2\distortions_64\gaussian_blur\moderate\Mild_Dementia\OAS2_0014\OAS2_0014_slice_16_z157.png,Mild_Dementia/OAS2_0014/OAS2_0014_slice_16_z157.png,Mild Dementia/OAS2_0014/OAS2_0014_slice_16_z157.png,OAS2_0014,Mild Dementia,2,0,Non-Demented,0,1.9022346197149174,-3.8603403749263165,-0.6335013552762452,-0.9300969477899312
OASIS_2,LinearSVM,47,test,gaussian_blur__moderate,gaussian_blur,moderate,D:\OASIS_2\distortions_64\gaussian_blur\moderate\Mild_Dementia\OAS2_0014\OAS2_0014_slice_17_z162.png,Mild_Dementia/OAS2_0014/OAS2_0014_slice_17_z162.png,Mild Dementia/OAS2_0014/OAS2_0014_slice_17_z162.png,OAS2_0014,Mild Dementia,2,0,Non-Demented,0,1.529165759245281,-2.002072352031326,-1.2722332219211494,-0.6646332292453003
OASIS_2,LinearSVM,47,test,gaussian_blur__moderate,gaussian_blur,moderate,D:\OASIS_2\distortions_64\gaussian_blur\moderate\Mild_Dementia\OAS2_0014\OAS2_0014_slice_18_z167.png,Mild_Dementia/OAS2_0014/OAS2_0014_slice_18_z167.png,Mild Dementia/OAS2_0014/OAS2_0014_slice_18_z167.png,OAS2_0014,Mild Dementia,2,2,Mild Dementia,1,-0.781335344108368,-0.8241309706989208,-0.5593548229342581,-0.840714970411548
OASIS_2,LinearSVM,47,test,gaussian_blur__moderate,gaussian_blur,moderate,D:\OASIS_2\distortions_64\gaussian_blur\moderate\Mild_Dementia\OAS2_0014\OAS2_0014_slice_19_z173.png,Mild_Dementia/OAS2_0014/OAS2_0014_slice_19_z173.png,Mild Dementia/OAS2_0014/OAS2_0014_slice_19_z173.png,OAS2_0014,Mild Dementia,2,1,Very Mild Dementia,0,-2.1656503884229945,-0.025640937877330128,-0.42587107636369015,-1.1055129908828534
OASIS_2,LinearSVM,47,test,gaussian_blur__moderate,gaussian_blur,moderate,D:\OASIS_2\distortions_64\gaussian_blur\moderate\Mild_Dementia\OAS2_0014\OAS2_0014_slice_20_z178.png,Mild_Dementia/OAS2_0014/OAS2_0014_slice_20_z178.png,Mild Dementia/OAS2_0014/OAS2_0014_slice_20_z178.png,OAS2_0014,Mild Dementia,2,1,Very Mild Dementia,0,-0.8934037961057636,-0.25027949274445505,-1.279248010878931,-1.0259753653408934
OASIS_2,LinearSVM,47,test,gaussian_blur__moderate,gaussian_blur,moderate,D:\OASIS_2\distortions_64\gaussian_blur\moderate\Mild_Dementia\OAS2_0050\OAS2_0050_slice_01_z077.png,Mild_Dementia/OAS2_0050/OAS2_0050_slice_01_z077.png,Mild Dementia/OAS2_0050/OAS2_0050_slice_01_z077.png,OAS2_0050,Mild Dementia,2,0,Non-Demented,0,0.33714786956819937,-1.0270720995108786,-0.5848930425346582,-1.1674784942377279
OASIS_2,LinearSVM,47,test,gaussian_blur__moderate,gaussian_blur,moderate,D:\OASIS_2\distortions_64\gaussian_blur\moderate\Mild_Dementia\OAS2_0050\OAS2_0050_slice_02_z082.png,Mild_Dementia/OAS2_0050/OAS2_0050_slice_02_z082.png,Mild Dementia/OAS2_0050/OAS2_0050_slice_02_z082.png,OAS2_0050,Mild Dementia,2,0,Non-Demented,0,0.6407756780210967,-1.5305107401384987,-0.6313235866645645,-1.2431648860301379
OASIS_2,LinearSVM,47,test,gaussian_blur__moderate,gaussian_blur,moderate,D:\OASIS_2\distortions_64\gaussian_blur\moderate\Mild_Dementia\OAS2_0050\OAS2_0050_slice_03_z088.png,Mild_Dementia/OAS2_0050/OAS2_0050_slice_03_z088.png,Mild Dementia/OAS2_0050/OAS2_0050_slice_03_z088.png,OAS2_0050,Mild Dementia,2,0,Non-Demented,0,-0.34340159990637664,-0.5466010159231676,-0.5575512118563035,-1.0507708087500727
OASIS_2,LinearSVM,47,test,gaussian_blur__moderate,gaussian_blur,moderate,D:\OASIS_2\distortions_64\gaussian_blur\moderate\Mild_Dementia\OAS2_0050\OAS2_0050_slice_04_z093.png,Mild_Dementia/OAS2_0050/OAS2_0050_slice_04_z093.png,Mild Dementia/OAS2_0050/OAS2_0050_slice_04_z093.png,OAS2_0050,Mild Dementia,2,0,Non-Demented,0,-0.4534114302091305,-0.6710695577023609,-0.5471324113523454,-1.3439368229197306
OASIS_2,LinearSVM,47,test,gaussian_blur__moderate,gaussian_blur,moderate,D:\OASIS_2\distortions_64\gaussian_blur\moderate\Mild_Dementia\OAS2_0050\OAS2_0050_slice_05_z098.png,Mild_Dementia/OAS2_0050/OAS2_0050_slice_05_z098.png,Mild Dementia/OAS2_0050/OAS2_0050_slice_05_z098.png,OAS2_0050,Mild Dementia,2,0,Non-Demented,0,0.2126923886649687,-0.34511182745506097,-1.1357295048868556,-1.271116376712342
OASIS_2,LinearSVM,47,test,gaussian_blur__moderate,gaussian_blur,moderate,D:\OASIS_2\distortions_64\gaussian_blur\moderate\Mild_Dementia\OAS2_0050\OAS2_0050_slice_06_z104.png,Mild_Dementia/OAS2_0050/OAS2_0050_slice_06_z104.png,Mild Dementia/OAS2_0050/OAS2_0050_slice_06_z104.png,OAS2_0050,Mild Dementia,2,1,Very Mild Dementia,0,-0.36593570220181054,-0.06214956591040377,-0.17537249717575132,-1.3611208452889394
OASIS_2,LinearSVM,47,test,gaussian_blur__moderate,gaussian_blur,moderate,D:\OASIS_2\distortions_64\gaussian_blur\moderate\Mild_Dementia\OAS2_0050\OAS2_0050_slice_07_z109.png,Mild_Dementia/OAS2_0050/OAS2_0050_slice_07_z109.png,Mild Dementia/OAS2_0050/OAS2_0050_slice_07_z109.png,OAS2_0050,Mild Dementia,2,0,Non-Demented,0,1.1835810248269236,-2.7296645377179516,-0.14831463754607122,-1.0985983583008458
OASIS_2,LinearSVM,47,test,gaussian_blur__moderate,gaussian_blur,moderate,D:\OASIS_2\distortions_64\gaussian_blur\moderate\Mild_Dementia\OAS2_0050\OAS2_0050_slice_08_z114.png,Mild_Dementia/OAS2_0050/OAS2_0050_slice_08_z114.png,Mild Dementia/OAS2_0050/OAS2_0050_slice_08_z114.png,OAS2_0050,Mild Dementia,2,0,Non-Demented,0,0.6943293980668213,-2.0479694865375144,-0.7593104005947765,-0.9639155194484672
OASIS_2,LinearSVM,47,test,gaussian_blur__moderate,gaussian_blur,moderate,D:\OASIS_2\distortions_64\gaussian_blur\moderate\Mild_Dementia\OAS2_0050\OAS2_0050_slice_09_z120.png,Mild_Dementia/OAS2_0050/OAS2_0050_slice_09_z120.png,Mild Dementia/OAS2_0050/OAS2_0050_slice_09_z120.png,OAS2_0050,Mild Dementia,2,0,Non-Demented,0,0.8621528626356073,-1.5456399111860446,-1.0063289729219789,-1.1101228310659996
OASIS_2,LinearSVM,47,test,gaussian_blur__moderate,gaussian_blur,moderate,D:\OASIS_2\distortions_64\gaussian_blur\moderate\Mild_Dementia\OAS2_0050\OAS2_0050_slice_10_z125.png,Mild_Dementia/OAS2_0050/OAS2_0050_slice_10_z125.png,Mild Dementia/OAS2_0050/OAS2_0050_slice_10_z125.png,OAS2_0050,Mild Dementia,2,0,Non-Demented,0,1.6243083729973802,-2.289896692245101,-0.5634387345921252,-1.0634785848799926
OASIS_2,LinearSVM,47,test,gaussian_blur__moderate,gaussian_blur,moderate,D:\OASIS_2\distortions_64\gaussian_blur\moderate\Mild_Dementia\OAS2_0050\OAS2_0050_slice_11_z130.png,Mild_Dementia/OAS2_0050/OAS2_0050_slice_11_z130.png,Mild Dementia/OAS2_0050/OAS2_0050_slice_11_z130.png,OAS2_0050,Mild Dementia,2,0,Non-Demented,0,0.9700562940811389,-1.099267240596168,-1.162088981908501,-1.0021193253480167
OASIS_2,LinearSVM,47,test,gaussian_blur__moderate,gaussian_blur,moderate,D:\OASIS_2\distortions_64\gaussian_blur\moderate\Mild_Dementia\OAS2_0050\OAS2_0050_slice_12_z135.png,Mild_Dementia/OAS2_0050/OAS2_0050_slice_12_z135.png,Mild Dementia/OAS2_0050/OAS2_0050_slice_12_z135.png,OAS2_0050,Mild Dementia,2,0,Non-Demented,0,-0.08392519066173537,-0.6650533928694333,-0.7343116131032073,-1.0972064606047396
OASIS_2,LinearSVM,47,test,gaussian_blur__moderate,gaussian_blur,moderate,D:\OASIS_2\distortions_64\gaussian_blur\moderate\Mild_Dementia\OAS2_0050\OAS2_0050_slice_13_z141.png,Mild_Dementia/OAS2_0050/OAS2_0050_slice_13_z141.png,Mild Dementia/OAS2_0050/OAS2_0050_slice_13_z141.png,OAS2_0050,Mild Dementia,2,1,Very Mild Dementia,0,-0.8682245160470897,0.12126488587831474,-0.8014663211994058,-1.2792281496933189
OASIS_2,LinearSVM,47,test,gaussian_blur__moderate,gaussian_blur,moderate,D:\OASIS_2\distortions_64\gaussian_blur\moderate\Mild_Dementia\OAS2_0050\OAS2_0050_slice_14_z146.png,Mild_Dementia/OAS2_0050/OAS2_0050_slice_14_z146.png,Mild Dementia/OAS2_0050/OAS2_0050_slice_14_z146.png,OAS2_0050,Mild Dementia,2,2,Mild Dementia,1,-2.0386051463175177,-0.299778039693709,0.3820766075237083,-1.1546360471995802
OASIS_2,LinearSVM,47,test,gaussian_blur__moderate,gaussian_blur,moderate,D:\OASIS_2\distortions_64\gaussian_blur\moderate\Mild_Dementia\OAS2_0050\OAS2_0050_slice_15_z151.png,Mild_Dementia/OAS2_0050/OAS2_0050_slice_15_z151.png,Mild Dementia/OAS2_0050/OAS2_0050_slice_15_z151.png,OAS2_0050,Mild Dementia,2,1,Very Mild Dementia,0,-1.1541166645459648,0.1989398229329794,-0.647239447432257,-1.0991064642810162
OASIS_2,LinearSVM,47,test,gaussian_blur__moderate,gaussian_blur,moderate,D:\OASIS_2\distortions_64\gaussian_blur\moderate\Mild_Dementia\OAS2_0050\OAS2_0050_slice_16_z157.png,Mild_Dementia/OAS2_0050/OAS2_0050_slice_16_z157.png,Mild Dementia/OAS2_0050/OAS2_0050_slice_16_z157.png,OAS2_0050,Mild Dementia,2,1,Very Mild Dementia,0,-2.908001389604782,2.4378837917207905,-0.7259730346384825,-1.1682353154009013
OASIS_2,LinearSVM,47,test,gaussian_blur__moderate,gaussian_blur,moderate,D:\OASIS_2\distortions_64\gaussian_blur\moderate\Mild_Dementia\OAS2_0050\OAS2_0050_slice_17_z162.png,Mild_Dementia/OAS2_0050/OAS2_0050_slice_17_z162.png,Mild Dementia/OAS2_0050/OAS2_0050_slice_17_z162.png,OAS2_0050,Mild Dementia,2,1,Very Mild Dementia,0,-0.2617676029615365,0.7185815705567054,-1.5094103516451542,-1.1040124169041143
OASIS_2,LinearSVM,47,test,gaussian_blur__moderate,gaussian_blur,moderate,D:\OASIS_2\distortions_64\gaussian_blur\moderate\Mild_Dementia\OAS2_0050\OAS2_0050_slice_18_z167.png,Mild_Dementia/OAS2_0050/OAS2_0050_slice_18_z167.png,Mild Dementia/OAS2_0050/OAS2_0050_slice_18_z167.png,OAS2_0050,Mild Dementia,2,1,Very Mild Dementia,0,-0.9196000810338277,1.2353420895441782,-1.3465658436887387,-0.9471901464246869
OASIS_2,LinearSVM,47,test,gaussian_blur__moderate,gaussian_blur,moderate,D:\OASIS_2\distortions_64\gaussian_blur\moderate\Mild_Dementia\OAS2_0050\OAS2_0050_slice_19_z173.png,Mild_Dementia/OAS2_0050/OAS2_0050_slice_19_z173.png,Mild Dementia/OAS2_0050/OAS2_0050_slice_19_z173.png,OAS2_0050,Mild Dementia,2,1,Very Mild Dementia,0,-2.211737045625036,0.9739594371377831,0.005037049810613592,-1.1705678531410015
OASIS_2,LinearSVM,47,test,gaussian_blur__moderate,gaussian_blur,moderate,D:\OASIS_2\distortions_64\gaussian_blur\moderate\Mild_Dementia\OAS2_0050\OAS2_0050_slice_20_z178.png,Mild_Dementia/OAS2_0050/OAS2_0050_slice_20_z178.png,Mild Dementia/OAS2_0050/OAS2_0050_slice_20_z178.png,OAS2_0050,Mild Dementia,2,1,Very Mild Dementia,0,-2.747775242937056,1.2863985571902903,-0.0220546568877642,-1.0735961950614372
OASIS_2,LinearSVM,47,test,gaussian_blur__moderate,gaussian_blur,moderate,D:\OASIS_2\distortions_64\gaussian_blur\moderate\Mild_Dementia\OAS2_0114\OAS2_0114_slice_01_z077.png,Mild_Dementia/OAS2_0114/OAS2_0114_slice_01_z077.png,Mild Dementia/OAS2_0114/OAS2_0114_slice_01_z077.png,OAS2_0114,Mild Dementia,2,0,Non-Demented,0,-0.1281425939478681,-3.459652437354176,-0.5856294437740733,-0.8033620927199099
OASIS_2,LinearSVM,47,test,gaussian_blur__moderate,gaussian_blur,moderate,D:\OASIS_2\distortions_64\gaussian_blur\moderate\Mild_Dementia\OAS2_0114\OAS2_0114_slice_02_z082.png,Mild_Dementia/OAS2_0114/OAS2_0114_slice_02_z082.png,Mild Dementia/OAS2_0114/OAS2_0114_slice_02_z082.png,OAS2_0114,Mild Dementia,2,0,Non-Demented,0,1.358892996672765,-4.818194809465984,-0.17422670404813978,-0.9887792203219451
OASIS_2,LinearSVM,47,test,gaussian_blur__moderate,gaussian_blur,moderate,D:\OASIS_2\distortions_64\gaussian_blur\moderate\Mild_Dementia\OAS2_0114\OAS2_0114_slice_03_z088.png,Mild_Dementia/OAS2_0114/OAS2_0114_slice_03_z088.png,Mild Dementia/OAS2_0114/OAS2_0114_slice_03_z088.png,OAS2_0114,Mild Dementia,2,2,Mild Dementia,1,-0.41826386968656354,-4.704393056252764,0.9537169401932968,-0.9878333868708548
OASIS_2,LinearSVM,47,test,gaussian_blur__moderate,gaussian_blur,moderate,D:\OASIS_2\distortions_64\gaussian_blur\moderate\Mild_Dementia\OAS2_0114\OAS2_0114_slice_04_z093.png,Mild_Dementia/OAS2_0114/OAS2_0114_slice_04_z093.png,Mild Dementia/OAS2_0114/OAS2_0114_slice_04_z093.png,OAS2_0114,Mild Dementia,2,0,Non-Demented,0,1.4546566412117277,-3.5520581047871875,-0.11138859096805509,-0.998042506276154
OASIS_2,LinearSVM,47,test,gaussian_blur__moderate,gaussian_blur,moderate,D:\OASIS_2\distortions_64\gaussian_blur\moderate\Mild_Dementia\OAS2_0114\OAS2_0114_slice_05_z098.png,Mild_Dementia/OAS2_0114/OAS2_0114_slice_05_z098.png,Mild Dementia/OAS2_0114/OAS2_0114_slice_05_z098.png,OAS2_0114,Mild Dementia,2,0,Non-Demented,0,1.8982082904648525,-3.8982420555478905,0.024250525087002206,-1.1144357072708415
OASIS_2,LinearSVM,47,test,gaussian_blur__moderate,gaussian_blur,moderate,D:\OASIS_2\distortions_64\gaussian_blur\moderate\Mild_Dementia\OAS2_0114\OAS2_0114_slice_06_z104.png,Mild_Dementia/OAS2_0114/OAS2_0114_slice_06_z104.png,Mild Dementia/OAS2_0114/OAS2_0114_slice_06_z104.png,OAS2_0114,Mild Dementia,2,0,Non-Demented,0,1.190772054674083,-2.747745560588397,-0.5078815510818764,-1.0562033237021933
OASIS_2,LinearSVM,47,test,gaussian_blur__moderate,gaussian_blur,moderate,D:\OASIS_2\distortions_64\gaussian_blur\moderate\Mild_Dementia\OAS2_0114\OAS2_0114_slice_07_z109.png,Mild_Dementia/OAS2_0114/OAS2_0114_slice_07_z109.png,Mild Dementia/OAS2_0114/OAS2_0114_slice_07_z109.png,OAS2_0114,Mild Dementia,2,0,Non-Demented,0,2.6292142876154445,-3.377919362353345,-0.7413813311028139,-1.1304699233808193
OASIS_2,LinearSVM,47,test,gaussian_blur__moderate,gaussian_blur,moderate,D:\OASIS_2\distortions_64\gaussian_blur\moderate\Mild_Dementia\OAS2_0114\OAS2_0114_slice_08_z114.png,Mild_Dementia/OAS2_0114/OAS2_0114_slice_08_z114.png,Mild Dementia/OAS2_0114/OAS2_0114_slice_08_z114.png,OAS2_0114,Mild Dementia,2,0,Non-Demented,0,3.4120038005860507,-3.363185028910017,-1.6840031881453141,-1.0032515043326566
OASIS_2,LinearSVM,47,test,gaussian_blur__moderate,gaussian_blur,moderate,D:\OASIS_2\distortions_64\gaussian_blur\moderate\Mild_Dementia\OAS2_0114\OAS2_0114_slice_09_z120.png,Mild_Dementia/OAS2_0114/OAS2_0114_slice_09_z120.png,Mild Dementia/OAS2_0114/OAS2_0114_slice_09_z120.png,OAS2_0114,Mild Dementia,2,0,Non-Demented,0,3.7772668993315675,-4.569280538158301,-0.44291782792951917,-1.1811846373450556
OASIS_2,LinearSVM,47,test,gaussian_blur__moderate,gaussian_blur,moderate,D:\OASIS_2\distortions_64\gaussian_blur\moderate\Mild_Dementia\OAS2_0114\OAS2_0114_slice_10_z125.png,Mild_Dementia/OAS2_0114/OAS2_0114_slice_10_z125.png,Mild Dementia/OAS2_0114/OAS2_0114_slice_10_z125.png,OAS2_0114,Mild Dementia,2,0,Non-Demented,0,2.0862602148367912,-2.747266756335959,-0.495280613626474,-1.094614342687635
OASIS_2,LinearSVM,47,test,gaussian_blur__moderate,gaussian_blur,moderate,D:\OASIS_2\distortions_64\gaussian_blur\moderate\Mild_Dementia\OAS2_0114\OAS2_0114_slice_11_z130.png,Mild_Dementia/OAS2_0114/OAS2_0114_slice_11_z130.png,Mild Dementia/OAS2_0114/OAS2_0114_slice_11_z130.png,OAS2_0114,Mild Dementia,2,0,Non-Demented,0,1.9798434970204066,-3.070889069812411,-0.33894594158033964,-0.969904706606309
OASIS_2,LinearSVM,47,test,gaussian_blur__moderate,gaussian_blur,moderate,D:\OASIS_2\distortions_64\gaussian_blur\moderate\Mild_Dementia\OAS2_0114\OAS2_0114_slice_12_z135.png,Mild_Dementia/OAS2_0114/OAS2_0114_slice_12_z135.png,Mild Dementia/OAS2_0114/OAS2_0114_slice_12_z135.png,OAS2_0114,Mild Dementia,2,0,Non-Demented,0,2.7183746777764544,-3.8849360949760854,-0.6491289151403415,-0.9528168315029405
OASIS_2,LinearSVM,47,test,gaussian_blur__moderate,gaussian_blur,moderate,D:\OASIS_2\distortions_64\gaussian_blur\moderate\Mild_Dementia\OAS2_0114\OAS2_0114_slice_13_z141.png,Mild_Dementia/OAS2_0114/OAS2_0114_slice_13_z141.png,Mild Dementia/OAS2_0114/OAS2_0114_slice_13_z141.png,OAS2_0114,Mild Dementia,2,0,Non-Demented,0,4.539270469653831,-3.6475382450583016,-2.0574133980660587,-1.1073929803806588
OASIS_2,LinearSVM,47,test,gaussian_blur__moderate,gaussian_blur,moderate,D:\OASIS_2\distortions_64\gaussian_blur\moderate\Mild_Dementia\OAS2_0114\OAS2_0114_slice_14_z146.png,Mild_Dementia/OAS2_0114/OAS2_0114_slice_14_z146.png,Mild Dementia/OAS2_0114/OAS2_0114_slice_14_z146.png,OAS2_0114,Mild Dementia,2,0,Non-Demented,0,4.053648987956591,-3.9350220189830187,-1.242820749732312,-1.2773571885985278
OASIS_2,LinearSVM,47,test,gaussian_blur__moderate,gaussian_blur,moderate,D:\OASIS_2\distortions_64\gaussian_blur\moderate\Mild_Dementia\OAS2_0114\OAS2_0114_slice_15_z151.png,Mild_Dementia/OAS2_0114/OAS2_0114_slice_15_z151.png,Mild Dementia/OAS2_0114/OAS2_0114_slice_15_z151.png,OAS2_0114,Mild Dementia,2,0,Non-Demented,0,4.334404649293496,-4.066214692616126,-1.2742200730982225,-1.3586968456601738
OASIS_2,LinearSVM,47,test,gaussian_blur__moderate,gaussian_blur,moderate,D:\OASIS_2\distortions_64\gaussian_blur\moderate\Mild_Dementia\OAS2_0114\OAS2_0114_slice_16_z157.png,Mild_Dementia/OAS2_0114/OAS2_0114_slice_16_z157.png,Mild Dementia/OAS2_0114/OAS2_0114_slice_16_z157.png,OAS2_0114,Mild Dementia,2,0,Non-Demented,0,3.3378442680438694,-3.4682428897990007,-1.2451058934574832,-1.2400074877289666
OASIS_2,LinearSVM,47,test,gaussian_blur__moderate,gaussian_blur,moderate,D:\OASIS_2\distortions_64\gaussian_blur\moderate\Mild_Dementia\OAS2_0114\OAS2_0114_slice_17_z162.png,Mild_Dementia/OAS2_0114/OAS2_0114_slice_17_z162.png,Mild Dementia/OAS2_0114/OAS2_0114_slice_17_z162.png,OAS2_0114,Mild Dementia,2,0,Non-Demented,0,1.6351772605473711,-1.843484641029861,-1.0787773220170138,-1.153170412851476
OASIS_2,LinearSVM,47,test,gaussian_blur__moderate,gaussian_blur,moderate,D:\OASIS_2\distortions_64\gaussian_blur\moderate\Mild_Dementia\OAS2_0114\OAS2_0114_slice_18_z167.png,Mild_Dementia/OAS2_0114/OAS2_0114_slice_18_z167.png,Mild Dementia/OAS2_0114/OAS2_0114_slice_18_z167.png,OAS2_0114,Mild Dementia,2,1,Very Mild Dementia,0,-0.1298635515821333,-0.02695646794892803,-0.49794038295537657,-1.4438808666308312
OASIS_2,LinearSVM,47,test,gaussian_blur__moderate,gaussian_blur,moderate,D:\OASIS_2\distortions_64\gaussian_blur\moderate\Mild_Dementia\OAS2_0114\OAS2_0114_slice_19_z173.png,Mild_Dementia/OAS2_0114/OAS2_0114_slice_19_z173.png,Mild Dementia/OAS2_0114/OAS2_0114_slice_19_z173.png,OAS2_0114,Mild Dementia,2,2,Mild Dementia,1,-1.3704519083903637,-0.3563457785951617,0.3269882619716382,-1.397532151685502
OASIS_2,LinearSVM,47,test,gaussian_blur__moderate,gaussian_blur,moderate,D:\OASIS_2\distortions_64\gaussian_blur\moderate\Mild_Dementia\OAS2_0114\OAS2_0114_slice_20_z178.png,Mild_Dementia/OAS2_0114/OAS2_0114_slice_20_z178.png,Mild Dementia/OAS2_0114/OAS2_0114_slice_20_z178.png,OAS2_0114,Mild Dementia,2,0,Non-Demented,0,0.36874420040069855,-1.5788150967491397,0.013911004609286293,-1.3947362439375859
OASIS_2,LinearSVM,47,test,gaussian_blur__moderate,gaussian_blur,moderate,D:\OASIS_2\distortions_64\gaussian_blur\moderate\Moderate_Dementia\OAS2_0120\OAS2_0120_slice_01_z077.png,Moderate_Dementia/OAS2_0120/OAS2_0120_slice_01_z077.png,Moderate Dementia/OAS2_0120/OAS2_0120_slice_01_z077.png,OAS2_0120,Moderate Dementia,3,0,Non-Demented,0,0.26360046670041354,-1.0089882364586806,-0.7206057564819225,-1.2400656997936685
OASIS_2,LinearSVM,47,test,gaussian_blur__moderate,gaussian_blur,moderate,D:\OASIS_2\distortions_64\gaussian_blur\moderate\Moderate_Dementia\OAS2_0120\OAS2_0120_slice_02_z082.png,Moderate_Dementia/OAS2_0120/OAS2_0120_slice_02_z082.png,Moderate Dementia/OAS2_0120/OAS2_0120_slice_02_z082.png,OAS2_0120,Moderate Dementia,3,0,Non-Demented,0,1.7596930834313003,-3.1289466442072964,-0.06005920214008553,-1.2191606069465784
OASIS_2,LinearSVM,47,test,gaussian_blur__moderate,gaussian_blur,moderate,D:\OASIS_2\distortions_64\gaussian_blur\moderate\Moderate_Dementia\OAS2_0120\OAS2_0120_slice_03_z088.png,Moderate_Dementia/OAS2_0120/OAS2_0120_slice_03_z088.png,Moderate Dementia/OAS2_0120/OAS2_0120_slice_03_z088.png,OAS2_0120,Moderate Dementia,3,0,Non-Demented,0,1.2655895877944994,-2.713768141296476,-0.02981142205007692,-1.3203177783066302
OASIS_2,LinearSVM,47,test,gaussian_blur__moderate,gaussian_blur,moderate,D:\OASIS_2\distortions_64\gaussian_blur\moderate\Moderate_Dementia\OAS2_0120\OAS2_0120_slice_04_z093.png,Moderate_Dementia/OAS2_0120/OAS2_0120_slice_04_z093.png,Moderate Dementia/OAS2_0120/OAS2_0120_slice_04_z093.png,OAS2_0120,Moderate Dementia,3,0,Non-Demented,0,2.2153994440745453,-3.697504140828835,-0.19863308965379867,-1.1130634645310282
OASIS_2,LinearSVM,47,test,gaussian_blur__moderate,gaussian_blur,moderate,D:\OASIS_2\distortions_64\gaussian_blur\moderate\Moderate_Dementia\OAS2_0120\OAS2_0120_slice_05_z098.png,Moderate_Dementia/OAS2_0120/OAS2_0120_slice_05_z098.png,Moderate Dementia/OAS2_0120/OAS2_0120_slice_05_z098.png,OAS2_0120,Moderate Dementia,3,0,Non-Demented,0,2.8009721940179926,-3.8319523261071433,-0.9101366651102067,-1.1226321019399996
OASIS_2,LinearSVM,47,test,gaussian_blur__moderate,gaussian_blur,moderate,D:\OASIS_2\distortions_64\gaussian_blur\moderate\Moderate_Dementia\OAS2_0120\OAS2_0120_slice_06_z104.png,Moderate_Dementia/OAS2_0120/OAS2_0120_slice_06_z104.png,Moderate Dementia/OAS2_0120/OAS2_0120_slice_06_z104.png,OAS2_0120,Moderate Dementia,3,0,Non-Demented,0,0.6705673178685535,-2.035507335300509,-0.42276936135979737,-1.189400353236527
OASIS_2,LinearSVM,47,test,gaussian_blur__moderate,gaussian_blur,moderate,D:\OASIS_2\distortions_64\gaussian_blur\moderate\Moderate_Dementia\OAS2_0120\OAS2_0120_slice_07_z109.png,Moderate_Dementia/OAS2_0120/OAS2_0120_slice_07_z109.png,Moderate Dementia/OAS2_0120/OAS2_0120_slice_07_z109.png,OAS2_0120,Moderate Dementia,3,2,Mild Dementia,0,-0.33720410782424876,-1.313456430918602,-0.18677631767956537,-1.265614041931558
OASIS_2,LinearSVM,47,test,gaussian_blur__moderate,gaussian_blur,moderate,D:\OASIS_2\distortions_64\gaussian_blur\moderate\Moderate_Dementia\OAS2_0120\OAS2_0120_slice_08_z114.png,Moderate_Dementia/OAS2_0120/OAS2_0120_slice_08_z114.png,Moderate Dementia/OAS2_0120/OAS2_0120_slice_08_z114.png,OAS2_0120,Moderate Dementia,3,1,Very Mild Dementia,0,-0.4768161854779644,-0.25062121799435294,-0.3923249028127791,-1.1477674279252486
OASIS_2,LinearSVM,47,test,gaussian_blur__moderate,gaussian_blur,moderate,D:\OASIS_2\distortions_64\gaussian_blur\moderate\Moderate_Dementia\OAS2_0120\OAS2_0120_slice_09_z120.png,Moderate_Dementia/OAS2_0120/OAS2_0120_slice_09_z120.png,Moderate Dementia/OAS2_0120/OAS2_0120_slice_09_z120.png,OAS2_0120,Moderate Dementia,3,2,Mild Dementia,0,-0.5624038999239612,-1.1248362601717659,0.6417456872085081,-1.2983182350152422
OASIS_2,LinearSVM,47,test,gaussian_blur__moderate,gaussian_blur,moderate,D:\OASIS_2\distortions_64\gaussian_blur\moderate\Moderate_Dementia\OAS2_0120\OAS2_0120_slice_10_z125.png,Moderate_Dementia/OAS2_0120/OAS2_0120_slice_10_z125.png,Moderate Dementia/OAS2_0120/OAS2_0120_slice_10_z125.png,OAS2_0120,Moderate Dementia,3,2,Mild Dementia,0,-0.17046482197099644,-1.301624980326591,0.012927448570606792,-1.1361312921402873
OASIS_2,LinearSVM,47,test,gaussian_blur__moderate,gaussian_blur,moderate,D:\OASIS_2\distortions_64\gaussian_blur\moderate\Moderate_Dementia\OAS2_0120\OAS2_0120_slice_11_z130.png,Moderate_Dementia/OAS2_0120/OAS2_0120_slice_11_z130.png,Moderate Dementia/OAS2_0120/OAS2_0120_slice_11_z130.png,OAS2_0120,Moderate Dementia,3,0,Non-Demented,0,2.195062781812097,-2.523760057099855,-1.0321281383229748,-1.0966668753457218
OASIS_2,LinearSVM,47,test,gaussian_blur__moderate,gaussian_blur,moderate,D:\OASIS_2\distortions_64\gaussian_blur\moderate\Moderate_Dementia\OAS2_0120\OAS2_0120_slice_12_z135.png,Moderate_Dementia/OAS2_0120/OAS2_0120_slice_12_z135.png,Moderate Dementia/OAS2_0120/OAS2_0120_slice_12_z135.png,OAS2_0120,Moderate Dementia,3,0,Non-Demented,0,0.8303169326017752,-2.2649563353667377,-0.18112825357000495,-1.1185920050469218
OASIS_2,LinearSVM,47,test,gaussian_blur__moderate,gaussian_blur,moderate,D:\OASIS_2\distortions_64\gaussian_blur\moderate\Moderate_Dementia\OAS2_0120\OAS2_0120_slice_13_z141.png,Moderate_Dementia/OAS2_0120/OAS2_0120_slice_13_z141.png,Moderate Dementia/OAS2_0120/OAS2_0120_slice_13_z141.png,OAS2_0120,Moderate Dementia,3,0,Non-Demented,0,0.5557516312879157,-1.700994786281216,-0.25728723395300923,-1.0172000172462206
OASIS_2,LinearSVM,47,test,gaussian_blur__moderate,gaussian_blur,moderate,D:\OASIS_2\distortions_64\gaussian_blur\moderate\Moderate_Dementia\OAS2_0120\OAS2_0120_slice_14_z146.png,Moderate_Dementia/OAS2_0120/OAS2_0120_slice_14_z146.png,Moderate Dementia/OAS2_0120/OAS2_0120_slice_14_z146.png,OAS2_0120,Moderate Dementia,3,0,Non-Demented,0,1.3376840869139857,-2.0592171293405777,-0.7754267513116591,-0.9954479493818221
OASIS_2,LinearSVM,47,test,gaussian_blur__moderate,gaussian_blur,moderate,D:\OASIS_2\distortions_64\gaussian_blur\moderate\Moderate_Dementia\OAS2_0120\OAS2_0120_slice_15_z151.png,Moderate_Dementia/OAS2_0120/OAS2_0120_slice_15_z151.png,Moderate Dementia/OAS2_0120/OAS2_0120_slice_15_z151.png,OAS2_0120,Moderate Dementia,3,0,Non-Demented,0,1.1309020818969215,-1.0368766461293628,-0.7595217182786259,-1.1488431275324358
OASIS_2,LinearSVM,47,test,gaussian_blur__moderate,gaussian_blur,moderate,D:\OASIS_2\distortions_64\gaussian_blur\moderate\Moderate_Dementia\OAS2_0120\OAS2_0120_slice_16_z157.png,Moderate_Dementia/OAS2_0120/OAS2_0120_slice_16_z157.png,Moderate Dementia/OAS2_0120/OAS2_0120_slice_16_z157.png,OAS2_0120,Moderate Dementia,3,0,Non-Demented,0,0.78106272933678,-0.3771634358467746,-1.334333436135214,-1.249138502354198
OASIS_2,LinearSVM,47,test,gaussian_blur__moderate,gaussian_blur,moderate,D:\OASIS_2\distortions_64\gaussian_blur\moderate\Moderate_Dementia\OAS2_0120\OAS2_0120_slice_17_z162.png,Moderate_Dementia/OAS2_0120/OAS2_0120_slice_17_z162.png,Moderate Dementia/OAS2_0120/OAS2_0120_slice_17_z162.png,OAS2_0120,Moderate Dementia,3,0,Non-Demented,0,1.688343003943378,-1.8379765593149802,-0.6735298950091028,-1.1357911148207605
OASIS_2,LinearSVM,47,test,gaussian_blur__moderate,gaussian_blur,moderate,D:\OASIS_2\distortions_64\gaussian_blur\moderate\Moderate_Dementia\OAS2_0120\OAS2_0120_slice_18_z167.png,Moderate_Dementia/OAS2_0120/OAS2_0120_slice_18_z167.png,Moderate Dementia/OAS2_0120/OAS2_0120_slice_18_z167.png,OAS2_0120,Moderate Dementia,3,0,Non-Demented,0,0.9024010821047181,-2.0411878932175345,-0.6451831320357104,-1.0164777268575973
OASIS_2,LinearSVM,47,test,gaussian_blur__moderate,gaussian_blur,moderate,D:\OASIS_2\distortions_64\gaussian_blur\moderate\Moderate_Dementia\OAS2_0120\OAS2_0120_slice_19_z173.png,Moderate_Dementia/OAS2_0120/OAS2_0120_slice_19_z173.png,Moderate Dementia/OAS2_0120/OAS2_0120_slice_19_z173.png,OAS2_0120,Moderate Dementia,3,0,Non-Demented,0,0.35908460893167,-2.267056033306898,0.3524226268995656,-1.1488127513322206
OASIS_2,LinearSVM,47,test,gaussian_blur__moderate,gaussian_blur,moderate,D:\OASIS_2\distortions_64\gaussian_blur\moderate\Moderate_Dementia\OAS2_0120\OAS2_0120_slice_20_z178.png,Moderate_Dementia/OAS2_0120/OAS2_0120_slice_20_z178.png,Moderate Dementia/OAS2_0120/OAS2_0120_slice_20_z178.png,OAS2_0120,Moderate Dementia,3,2,Mild Dementia,0,-0.11728669421888284,-1.3719302413794079,0.6231946612214019,-1.1707961293451645
OASIS_2,LinearSVM,47,test,gaussian_blur__moderate,gaussian_blur,moderate,D:\OASIS_2\distortions_64\gaussian_blur\moderate\Non_Demented\OAS2_0004\OAS2_0004_slice_01_z077.png,Non_Demented/OAS2_0004/OAS2_0004_slice_01_z077.png,Non-Demented/OAS2_0004/OAS2_0004_slice_01_z077.png,OAS2_0004,Non-Demented,0,0,Non-Demented,1,2.499518271091283,-2.5598163312235434,-1.4542596124729978,-1.2397955715492086
OASIS_2,LinearSVM,47,test,gaussian_blur__moderate,gaussian_blur,moderate,D:\OASIS_2\distortions_64\gaussian_blur\moderate\Non_Demented\OAS2_0004\OAS2_0004_slice_02_z082.png,Non_Demented/OAS2_0004/OAS2_0004_slice_02_z082.png,Non-Demented/OAS2_0004/OAS2_0004_slice_02_z082.png,OAS2_0004,Non-Demented,0,0,Non-Demented,1,2.923094890113998,-2.381761401112569,-1.7227023228509153,-1.1516743706268449
OASIS_2,LinearSVM,47,test,gaussian_blur__moderate,gaussian_blur,moderate,D:\OASIS_2\distortions_64\gaussian_blur\moderate\Non_Demented\OAS2_0004\OAS2_0004_slice_03_z088.png,Non_Demented/OAS2_0004/OAS2_0004_slice_03_z088.png,Non-Demented/OAS2_0004/OAS2_0004_slice_03_z088.png,OAS2_0004,Non-Demented,0,0,Non-Demented,1,2.6793773409718478,-2.875753629896651,-1.1200926445237553,-1.083004489797216
OASIS_2,LinearSVM,47,test,gaussian_blur__moderate,gaussian_blur,moderate,D:\OASIS_2\distortions_64\gaussian_blur\moderate\Non_Demented\OAS2_0004\OAS2_0004_slice_04_z093.png,Non_Demented/OAS2_0004/OAS2_0004_slice_04_z093.png,Non-Demented/OAS2_0004/OAS2_0004_slice_04_z093.png,OAS2_0004,Non-Demented,0,0,Non-Demented,1,1.0339091315015076,-2.0641237413028692,-0.7692759498791955,-0.9718337322290799
OASIS_2,LinearSVM,47,test,gaussian_blur__moderate,gaussian_blur,moderate,D:\OASIS_2\distortions_64\gaussian_blur\moderate\Non_Demented\OAS2_0004\OAS2_0004_slice_05_z098.png,Non_Demented/OAS2_0004/OAS2_0004_slice_05_z098.png,Non-Demented/OAS2_0004/OAS2_0004_slice_05_z098.png,OAS2_0004,Non-Demented,0,0,Non-Demented,1,1.4717093244599102,-2.8578429333333233,-0.910689126632318,-0.8669249315681791
OASIS_2,LinearSVM,47,test,gaussian_blur__moderate,gaussian_blur,moderate,D:\OASIS_2\distortions_64\gaussian_blur\moderate\Non_Demented\OAS2_0004\OAS2_0004_slice_06_z104.png,Non_Demented/OAS2_0004/OAS2_0004_slice_06_z104.png,Non-Demented/OAS2_0004/OAS2_0004_slice_06_z104.png,OAS2_0004,Non-Demented,0,0,Non-Demented,1,0.7216431307562594,-2.3140624194865547,0.08452914704261394,-0.965836809309943
OASIS_2,LinearSVM,47,test,gaussian_blur__moderate,gaussian_blur,moderate,D:\OASIS_2\distortions_64\gaussian_blur\moderate\Non_Demented\OAS2_0004\OAS2_0004_slice_07_z109.png,Non_Demented/OAS2_0004/OAS2_0004_slice_07_z109.png,Non-Demented/OAS2_0004/OAS2_0004_slice_07_z109.png,OAS2_0004,Non-Demented,0,0,Non-Demented,1,1.4649327176469493,-2.1674238167535345,-0.0609275076478768,-1.2027088439429874
OASIS_2,LinearSVM,47,test,gaussian_blur__moderate,gaussian_blur,moderate,D:\OASIS_2\distortions_64\gaussian_blur\moderate\Non_Demented\OAS2_0004\OAS2_0004_slice_08_z114.png,Non_Demented/OAS2_0004/OAS2_0004_slice_08_z114.png,Non-Demented/OAS2_0004/OAS2_0004_slice_08_z114.png,OAS2_0004,Non-Demented,0,0,Non-Demented,1,0.6566736899295401,-2.0811404541886933,-0.42862197704638405,-1.0982691372119535
OASIS_2,LinearSVM,47,test,gaussian_blur__moderate,gaussian_blur,moderate,D:\OASIS_2\distortions_64\gaussian_blur\moderate\Non_Demented\OAS2_0004\OAS2_0004_slice_09_z120.png,Non_Demented/OAS2_0004/OAS2_0004_slice_09_z120.png,Non-Demented/OAS2_0004/OAS2_0004_slice_09_z120.png,OAS2_0004,Non-Demented,0,2,Mild Dementia,0,0.3435271597998946,-1.8182561223066194,0.37743589785879683,-1.210841891994378
OASIS_2,LinearSVM,47,test,gaussian_blur__moderate,gaussian_blur,moderate,D:\OASIS_2\distortions_64\gaussian_blur\moderate\Non_Demented\OAS2_0004\OAS2_0004_slice_10_z125.png,Non_Demented/OAS2_0004/OAS2_0004_slice_10_z125.png,Non-Demented/OAS2_0004/OAS2_0004_slice_10_z125.png,OAS2_0004,Non-Demented,0,0,Non-Demented,1,0.3294316878182531,-1.9363092221747717,-0.30463867645368514,-1.168079120365152
OASIS_2,LinearSVM,47,test,gaussian_blur__moderate,gaussian_blur,moderate,D:\OASIS_2\distortions_64\gaussian_blur\moderate\Non_Demented\OAS2_0004\OAS2_0004_slice_11_z130.png,Non_Demented/OAS2_0004/OAS2_0004_slice_11_z130.png,Non-Demented/OAS2_0004/OAS2_0004_slice_11_z130.png,OAS2_0004,Non-Demented,0,0,Non-Demented,1,1.074333108563707,-2.368486307925485,-0.30675341536989564,-1.1017701835417957
OASIS_2,LinearSVM,47,test,gaussian_blur__moderate,gaussian_blur,moderate,D:\OASIS_2\distortions_64\gaussian_blur\moderate\Non_Demented\OAS2_0004\OAS2_0004_slice_12_z135.png,Non_Demented/OAS2_0004/OAS2_0004_slice_12_z135.png,Non-Demented/OAS2_0004/OAS2_0004_slice_12_z135.png,OAS2_0004,Non-Demented,0,0,Non-Demented,1,2.4567797387749875,-3.029411971996848,-0.789687474375218,-1.116249816172401
OASIS_2,LinearSVM,47,test,gaussian_blur__moderate,gaussian_blur,moderate,D:\OASIS_2\distortions_64\gaussian_blur\moderate\Non_Demented\OAS2_0004\OAS2_0004_slice_13_z141.png,Non_Demented/OAS2_0004/OAS2_0004_slice_13_z141.png,Non-Demented/OAS2_0004/OAS2_0004_slice_13_z141.png,OAS2_0004,Non-Demented,0,0,Non-Demented,1,0.8776777003030167,-1.1443611471371933,-0.8521077345890983,-1.152220138565772
OASIS_2,LinearSVM,47,test,gaussian_blur__moderate,gaussian_blur,moderate,D:\OASIS_2\distortions_64\gaussian_blur\moderate\Non_Demented\OAS2_0004\OAS2_0004_slice_14_z146.png,Non_Demented/OAS2_0004/OAS2_0004_slice_14_z146.png,Non-Demented/OAS2_0004/OAS2_0004_slice_14_z146.png,OAS2_0004,Non-Demented,0,0,Non-Demented,1,0.7690022447494518,-2.364543990482008,-0.1788016602628979,-1.1900756912125754
OASIS_2,LinearSVM,47,test,gaussian_blur__moderate,gaussian_blur,moderate,D:\OASIS_2\distortions_64\gaussian_blur\moderate\Non_Demented\OAS2_0004\OAS2_0004_slice_15_z151.png,Non_Demented/OAS2_0004/OAS2_0004_slice_15_z151.png,Non-Demented/OAS2_0004/OAS2_0004_slice_15_z151.png,OAS2_0004,Non-Demented,0,0,Non-Demented,1,1.847347780312078,-2.1268507833826744,-1.131489387979677,-1.0812714838170034
OASIS_2,LinearSVM,47,test,gaussian_blur__moderate,gaussian_blur,moderate,D:\OASIS_2\distortions_64\gaussian_blur\moderate\Non_Demented\OAS2_0004\OAS2_0004_slice_16_z157.png,Non_Demented/OAS2_0004/OAS2_0004_slice_16_z157.png,Non-Demented/OAS2_0004/OAS2_0004_slice_16_z157.png,OAS2_0004,Non-Demented,0,0,Non-Demented,1,1.8939046728268634,-2.29356466109414,-0.9659141601810657,-1.152949599091979
OASIS_2,LinearSVM,47,test,gaussian_blur__moderate,gaussian_blur,moderate,D:\OASIS_2\distortions_64\gaussian_blur\moderate\Non_Demented\OAS2_0004\OAS2_0004_slice_17_z162.png,Non_Demented/OAS2_0004/OAS2_0004_slice_17_z162.png,Non-Demented/OAS2_0004/OAS2_0004_slice_17_z162.png,OAS2_0004,Non-Demented,0,0,Non-Demented,1,1.7110793104969004,-2.4702198657959586,-0.7209670642606683,-0.9956007849745188
OASIS_2,LinearSVM,47,test,gaussian_blur__moderate,gaussian_blur,moderate,D:\OASIS_2\distortions_64\gaussian_blur\moderate\Non_Demented\OAS2_0004\OAS2_0004_slice_18_z167.png,Non_Demented/OAS2_0004/OAS2_0004_slice_18_z167.png,Non-Demented/OAS2_0004/OAS2_0004_slice_18_z167.png,OAS2_0004,Non-Demented,0,0,Non-Demented,1,1.610311912674322,-1.5650472075514472,-1.0791782922937092,-1.051891040712449
OASIS_2,LinearSVM,47,test,gaussian_blur__moderate,gaussian_blur,moderate,D:\OASIS_2\distortions_64\gaussian_blur\moderate\Non_Demented\OAS2_0004\OAS2_0004_slice_19_z173.png,Non_Demented/OAS2_0004/OAS2_0004_slice_19_z173.png,Non-Demented/OAS2_0004/OAS2_0004_slice_19_z173.png,OAS2_0004,Non-Demented,0,0,Non-Demented,1,0.7837757351242819,-0.7811218775487191,-1.1206531630195655,-1.160123123998237
OASIS_2,LinearSVM,47,test,gaussian_blur__moderate,gaussian_blur,moderate,D:\OASIS_2\distortions_64\gaussian_blur\moderate\Non_Demented\OAS2_0004\OAS2_0004_slice_20_z178.png,Non_Demented/OAS2_0004/OAS2_0004_slice_20_z178.png,Non-Demented/OAS2_0004/OAS2_0004_slice_20_z178.png,OAS2_0004,Non-Demented,0,0,Non-Demented,1,1.4121629646261782,-1.530902090674869,-1.1338890719461818,-1.0868382436269066
OASIS_2,LinearSVM,47,test,gaussian_blur__moderate,gaussian_blur,moderate,D:\OASIS_2\distortions_64\gaussian_blur\moderate\Non_Demented\OAS2_0005\OAS2_0005_slice_01_z077.png,Non_Demented/OAS2_0005/OAS2_0005_slice_01_z077.png,Non-Demented/OAS2_0005/OAS2_0005_slice_01_z077.png,OAS2_0005,Non-Demented,0,0,Non-Demented,1,0.40649766271331444,-2.3754222216124825,-0.8238909605394596,-0.9614715122834246
OASIS_2,LinearSVM,47,test,gaussian_blur__moderate,gaussian_blur,moderate,D:\OASIS_2\distortions_64\gaussian_blur\moderate\Non_Demented\OAS2_0005\OAS2_0005_slice_02_z082.png,Non_Demented/OAS2_0005/OAS2_0005_slice_02_z082.png,Non-Demented/OAS2_0005/OAS2_0005_slice_02_z082.png,OAS2_0005,Non-Demented,0,0,Non-Demented,1,-0.17567113425855854,-1.135722172548388,-0.559477115438183,-1.042761553454424
OASIS_2,LinearSVM,47,test,gaussian_blur__moderate,gaussian_blur,moderate,D:\OASIS_2\distortions_64\gaussian_blur\moderate\Non_Demented\OAS2_0005\OAS2_0005_slice_03_z088.png,Non_Demented/OAS2_0005/OAS2_0005_slice_03_z088.png,Non-Demented/OAS2_0005/OAS2_0005_slice_03_z088.png,OAS2_0005,Non-Demented,0,0,Non-Demented,1,-0.1178286713903061,-0.8265990639496918,-1.295561911814859,-0.9687736185052123
OASIS_2,LinearSVM,47,test,gaussian_blur__moderate,gaussian_blur,moderate,D:\OASIS_2\distortions_64\gaussian_blur\moderate\Non_Demented\OAS2_0005\OAS2_0005_slice_04_z093.png,Non_Demented/OAS2_0005/OAS2_0005_slice_04_z093.png,Non-Demented/OAS2_0005/OAS2_0005_slice_04_z093.png,OAS2_0005,Non-Demented,0,1,Very Mild Dementia,0,-0.3295270224466476,0.1400930302265836,-0.5899055109503648,-1.0568807515400787
OASIS_2,LinearSVM,47,test,gaussian_blur__moderate,gaussian_blur,moderate,D:\OASIS_2\distortions_64\gaussian_blur\moderate\Non_Demented\OAS2_0005\OAS2_0005_slice_05_z098.png,Non_Demented/OAS2_0005/OAS2_0005_slice_05_z098.png,Non-Demented/OAS2_0005/OAS2_0005_slice_05_z098.png,OAS2_0005,Non-Demented,0,0,Non-Demented,1,0.2886818727787277,-0.22746981331150234,-1.7514595096506118,-0.9530874881513449
OASIS_2,LinearSVM,47,test,gaussian_blur__moderate,gaussian_blur,moderate,D:\OASIS_2\distortions_64\gaussian_blur\moderate\Non_Demented\OAS2_0005\OAS2_0005_slice_06_z104.png,Non_Demented/OAS2_0005/OAS2_0005_slice_06_z104.png,Non-Demented/OAS2_0005/OAS2_0005_slice_06_z104.png,OAS2_0005,Non-Demented,0,1,Very Mild Dementia,0,-1.1877956362989424,0.8152671341826723,-1.3343609528992981,-0.8411022779693123
OASIS_2,LinearSVM,47,test,gaussian_blur__moderate,gaussian_blur,moderate,D:\OASIS_2\distortions_64\gaussian_blur\moderate\Non_Demented\OAS2_0005\OAS2_0005_slice_07_z109.png,Non_Demented/OAS2_0005/OAS2_0005_slice_07_z109.png,Non-Demented/OAS2_0005/OAS2_0005_slice_07_z109.png,OAS2_0005,Non-Demented,0,0,Non-Demented,1,1.2210327611076166,-0.0490854167297714,-2.3639776465493094,-1.082280414997786
OASIS_2,LinearSVM,47,test,gaussian_blur__moderate,gaussian_blur,moderate,D:\OASIS_2\distortions_64\gaussian_blur\moderate\Non_Demented\OAS2_0005\OAS2_0005_slice_08_z114.png,Non_Demented/OAS2_0005/OAS2_0005_slice_08_z114.png,Non-Demented/OAS2_0005/OAS2_0005_slice_08_z114.png,OAS2_0005,Non-Demented,0,1,Very Mild Dementia,0,-0.4800530196369016,0.48119205297295164,-0.7275457309761463,-1.316636903552045
OASIS_2,LinearSVM,47,test,gaussian_blur__moderate,gaussian_blur,moderate,D:\OASIS_2\distortions_64\gaussian_blur\moderate\Non_Demented\OAS2_0005\OAS2_0005_slice_09_z120.png,Non_Demented/OAS2_0005/OAS2_0005_slice_09_z120.png,Non-Demented/OAS2_0005/OAS2_0005_slice_09_z120.png,OAS2_0005,Non-Demented,0,0,Non-Demented,1,1.0883651883529035,-0.11541234650741122,-2.574979270315729,-0.9678357572622848
OASIS_2,LinearSVM,47,test,gaussian_blur__moderate,gaussian_blur,moderate,D:\OASIS_2\distortions_64\gaussian_blur\moderate\Non_Demented\OAS2_0005\OAS2_0005_slice_10_z125.png,Non_Demented/OAS2_0005/OAS2_0005_slice_10_z125.png,Non-Demented/OAS2_0005/OAS2_0005_slice_10_z125.png,OAS2_0005,Non-Demented,0,0,Non-Demented,1,1.072622448979166,-0.6069261157927937,-2.030501393022594,-0.9873763122640131
OASIS_2,LinearSVM,47,test,gaussian_blur__moderate,gaussian_blur,moderate,D:\OASIS_2\distortions_64\gaussian_blur\moderate\Non_Demented\OAS2_0005\OAS2_0005_slice_11_z130.png,Non_Demented/OAS2_0005/OAS2_0005_slice_11_z130.png,Non-Demented/OAS2_0005/OAS2_0005_slice_11_z130.png,OAS2_0005,Non-Demented,0,1,Very Mild Dementia,0,-0.9594887122191986,1.4964515072759124,-2.034117559145888,-1.0867330098250558
OASIS_2,LinearSVM,47,test,gaussian_blur__moderate,gaussian_blur,moderate,D:\OASIS_2\distortions_64\gaussian_blur\moderate\Non_Demented\OAS2_0005\OAS2_0005_slice_12_z135.png,Non_Demented/OAS2_0005/OAS2_0005_slice_12_z135.png,Non-Demented/OAS2_0005/OAS2_0005_slice_12_z135.png,OAS2_0005,Non-Demented,0,0,Non-Demented,1,-0.041938215154683725,-0.26135006233863345,-1.7028754400243016,-1.1705089689190662
OASIS_2,LinearSVM,47,test,gaussian_blur__moderate,gaussian_blur,moderate,D:\OASIS_2\distortions_64\gaussian_blur\moderate\Non_Demented\OAS2_0005\OAS2_0005_slice_13_z141.png,Non_Demented/OAS2_0005/OAS2_0005_slice_13_z141.png,Non-Demented/OAS2_0005/OAS2_0005_slice_13_z141.png,OAS2_0005,Non-Demented,0,1,Very Mild Dementia,0,-1.2092410457177671,1.8622790997250325,-1.8860283742699568,-1.033208196418824
OASIS_2,LinearSVM,47,test,gaussian_blur__moderate,gaussian_blur,moderate,D:\OASIS_2\distortions_64\gaussian_blur\moderate\Non_Demented\OAS2_0005\OAS2_0005_slice_14_z146.png,Non_Demented/OAS2_0005/OAS2_0005_slice_14_z146.png,Non-Demented/OAS2_0005/OAS2_0005_slice_14_z146.png,OAS2_0005,Non-Demented,0,0,Non-Demented,1,0.5002992330538524,0.10548125844719647,-2.011154856980773,-0.7783552923058172
OASIS_2,LinearSVM,47,test,gaussian_blur__moderate,gaussian_blur,moderate,D:\OASIS_2\distortions_64\gaussian_blur\moderate\Non_Demented\OAS2_0005\OAS2_0005_slice_15_z151.png,Non_Demented/OAS2_0005/OAS2_0005_slice_15_z151.png,Non-Demented/OAS2_0005/OAS2_0005_slice_15_z151.png,OAS2_0005,Non-Demented,0,0,Non-Demented,1,0.6501957740457076,-0.4652344075270882,-1.6412818109607479,-1.0356121519646393
OASIS_2,LinearSVM,47,test,gaussian_blur__moderate,gaussian_blur,moderate,D:\OASIS_2\distortions_64\gaussian_blur\moderate\Non_Demented\OAS2_0005\OAS2_0005_slice_16_z157.png,Non_Demented/OAS2_0005/OAS2_0005_slice_16_z157.png,Non-Demented/OAS2_0005/OAS2_0005_slice_16_z157.png,OAS2_0005,Non-Demented,0,0,Non-Demented,1,0.6188206169586914,-0.661739661838798,-0.9143844952137694,-1.1803605698563435
OASIS_2,LinearSVM,47,test,gaussian_blur__moderate,gaussian_blur,moderate,D:\OASIS_2\distortions_64\gaussian_blur\moderate\Non_Demented\OAS2_0005\OAS2_0005_slice_17_z162.png,Non_Demented/OAS2_0005/OAS2_0005_slice_17_z162.png,Non-Demented/OAS2_0005/OAS2_0005_slice_17_z162.png,OAS2_0005,Non-Demented,0,0,Non-Demented,1,1.5843655022295093,-1.6221918536189224,-0.6768000006085626,-1.0821080355159467
OASIS_2,LinearSVM,47,test,gaussian_blur__moderate,gaussian_blur,moderate,D:\OASIS_2\distortions_64\gaussian_blur\moderate\Non_Demented\OAS2_0005\OAS2_0005_slice_18_z167.png,Non_Demented/OAS2_0005/OAS2_0005_slice_18_z167.png,Non-Demented/OAS2_0005/OAS2_0005_slice_18_z167.png,OAS2_0005,Non-Demented,0,0,Non-Demented,1,1.812105498108849,-0.4336168830827274,-2.068324406032324,-1.169876571042212
OASIS_2,LinearSVM,47,test,gaussian_blur__moderate,gaussian_blur,moderate,D:\OASIS_2\distortions_64\gaussian_blur\moderate\Non_Demented\OAS2_0005\OAS2_0005_slice_19_z173.png,Non_Demented/OAS2_0005/OAS2_0005_slice_19_z173.png,Non-Demented/OAS2_0005/OAS2_0005_slice_19_z173.png,OAS2_0005,Non-Demented,0,0,Non-Demented,1,0.6883299977975333,-0.8452631024604271,-1.047719971617645,-1.0434198350754362
OASIS_2,LinearSVM,47,test,gaussian_blur__moderate,gaussian_blur,moderate,D:\OASIS_2\distortions_64\gaussian_blur\moderate\Non_Demented\OAS2_0005\OAS2_0005_slice_20_z178.png,Non_Demented/OAS2_0005/OAS2_0005_slice_20_z178.png,Non-Demented/OAS2_0005/OAS2_0005_slice_20_z178.png,OAS2_0005,Non-Demented,0,0,Non-Demented,1,0.4162502234561061,-1.6449501835002807,-0.5202416466779338,-1.2243872526731354
OASIS_2,LinearSVM,47,test,gaussian_blur__moderate,gaussian_blur,moderate,D:\OASIS_2\distortions_64\gaussian_blur\moderate\Non_Demented\OAS2_0017\OAS2_0017_slice_01_z077.png,Non_Demented/OAS2_0017/OAS2_0017_slice_01_z077.png,Non-Demented/OAS2_0017/OAS2_0017_slice_01_z077.png,OAS2_0017,Non-Demented,0,2,Mild Dementia,0,-1.7354259706987014,-0.2150372787794242,0.8306798968410944,-1.3632766445661109
OASIS_2,LinearSVM,47,test,gaussian_blur__moderate,gaussian_blur,moderate,D:\OASIS_2\distortions_64\gaussian_blur\moderate\Non_Demented\OAS2_0017\OAS2_0017_slice_02_z082.png,Non_Demented/OAS2_0017/OAS2_0017_slice_02_z082.png,Non-Demented/OAS2_0017/OAS2_0017_slice_02_z082.png,OAS2_0017,Non-Demented,0,2,Mild Dementia,0,-1.7510217938225725,-1.0888313756678425,1.796650063263396,-1.1218183773889439
OASIS_2,LinearSVM,47,test,gaussian_blur__moderate,gaussian_blur,moderate,D:\OASIS_2\distortions_64\gaussian_blur\moderate\Non_Demented\OAS2_0017\OAS2_0017_slice_03_z088.png,Non_Demented/OAS2_0017/OAS2_0017_slice_03_z088.png,Non-Demented/OAS2_0017/OAS2_0017_slice_03_z088.png,OAS2_0017,Non-Demented,0,2,Mild Dementia,0,-1.2091680876793047,-0.4470696746320164,0.4711555177317561,-1.262244870889798
OASIS_2,LinearSVM,47,test,gaussian_blur__moderate,gaussian_blur,moderate,D:\OASIS_2\distortions_64\gaussian_blur\moderate\Non_Demented\OAS2_0017\OAS2_0017_slice_04_z093.png,Non_Demented/OAS2_0017/OAS2_0017_slice_04_z093.png,Non-Demented/OAS2_0017/OAS2_0017_slice_04_z093.png,OAS2_0017,Non-Demented,0,1,Very Mild Dementia,0,-1.1960750595759926,0.076930460206455,-0.17521479449399968,-1.3785824272381197
OASIS_2,LinearSVM,47,test,gaussian_blur__moderate,gaussian_blur,moderate,D:\OASIS_2\distortions_64\gaussian_blur\moderate\Non_Demented\OAS2_0017\OAS2_0017_slice_05_z098.png,Non_Demented/OAS2_0017/OAS2_0017_slice_05_z098.png,Non-Demented/OAS2_0017/OAS2_0017_slice_05_z098.png,OAS2_0017,Non-Demented,0,1,Very Mild Dementia,0,-1.8460080496943903,0.36003371175765564,0.053214396431073396,-1.0977845207252204
OASIS_2,LinearSVM,47,test,gaussian_blur__moderate,gaussian_blur,moderate,D:\OASIS_2\distortions_64\gaussian_blur\moderate\Non_Demented\OAS2_0017\OAS2_0017_slice_06_z104.png,Non_Demented/OAS2_0017/OAS2_0017_slice_06_z104.png,Non-Demented/OAS2_0017/OAS2_0017_slice_06_z104.png,OAS2_0017,Non-Demented,0,1,Very Mild Dementia,0,-1.4658656933659049,0.6936147476121184,-0.7094045700002907,-1.199177791451506
OASIS_2,LinearSVM,47,test,gaussian_blur__moderate,gaussian_blur,moderate,D:\OASIS_2\distortions_64\gaussian_blur\moderate\Non_Demented\OAS2_0017\OAS2_0017_slice_07_z109.png,Non_Demented/OAS2_0017/OAS2_0017_slice_07_z109.png,Non-Demented/OAS2_0017/OAS2_0017_slice_07_z109.png,OAS2_0017,Non-Demented,0,1,Very Mild Dementia,0,-2.074740822448831,0.2944292602971439,-0.16461098564424703,-1.1482720172853933
OASIS_2,LinearSVM,47,test,gaussian_blur__moderate,gaussian_blur,moderate,D:\OASIS_2\distortions_64\gaussian_blur\moderate\Non_Demented\OAS2_0017\OAS2_0017_slice_08_z114.png,Non_Demented/OAS2_0017/OAS2_0017_slice_08_z114.png,Non-Demented/OAS2_0017/OAS2_0017_slice_08_z114.png,OAS2_0017,Non-Demented,0,2,Mild Dementia,0,-2.025253160306173,0.11583540921161539,0.7305093905249189,-1.3103451298054427
OASIS_2,LinearSVM,47,test,gaussian_blur__moderate,gaussian_blur,moderate,D:\OASIS_2\distortions_64\gaussian_blur\moderate\Non_Demented\OAS2_0017\OAS2_0017_slice_09_z120.png,Non_Demented/OAS2_0017/OAS2_0017_slice_09_z120.png,Non-Demented/OAS2_0017/OAS2_0017_slice_09_z120.png,OAS2_0017,Non-Demented,0,1,Very Mild Dementia,0,-1.2331295976481649,-0.052831908494492374,-0.25863574006833545,-0.918280777395828
OASIS_2,LinearSVM,47,test,gaussian_blur__moderate,gaussian_blur,moderate,D:\OASIS_2\distortions_64\gaussian_blur\moderate\Non_Demented\OAS2_0017\OAS2_0017_slice_10_z125.png,Non_Demented/OAS2_0017/OAS2_0017_slice_10_z125.png,Non-Demented/OAS2_0017/OAS2_0017_slice_10_z125.png,OAS2_0017,Non-Demented,0,2,Mild Dementia,0,-1.3133877629359665,-0.6083899153112096,0.2560272011808358,-0.8042818468933285
OASIS_2,LinearSVM,47,test,gaussian_blur__moderate,gaussian_blur,moderate,D:\OASIS_2\distortions_64\gaussian_blur\moderate\Non_Demented\OAS2_0017\OAS2_0017_slice_11_z130.png,Non_Demented/OAS2_0017/OAS2_0017_slice_11_z130.png,Non-Demented/OAS2_0017/OAS2_0017_slice_11_z130.png,OAS2_0017,Non-Demented,0,1,Very Mild Dementia,0,-1.1894415014798525,-0.12492975015815766,-0.5196931889211284,-1.0080073704039914
OASIS_2,LinearSVM,47,test,gaussian_blur__moderate,gaussian_blur,moderate,D:\OASIS_2\distortions_64\gaussian_blur\moderate\Non_Demented\OAS2_0017\OAS2_0017_slice_12_z135.png,Non_Demented/OAS2_0017/OAS2_0017_slice_12_z135.png,Non-Demented/OAS2_0017/OAS2_0017_slice_12_z135.png,OAS2_0017,Non-Demented,0,1,Very Mild Dementia,0,-2.2596144488752734,1.5753152308859175,-1.1515414439268965,-1.0410748373630367
OASIS_2,LinearSVM,47,test,gaussian_blur__moderate,gaussian_blur,moderate,D:\OASIS_2\distortions_64\gaussian_blur\moderate\Non_Demented\OAS2_0017\OAS2_0017_slice_13_z141.png,Non_Demented/OAS2_0017/OAS2_0017_slice_13_z141.png,Non-Demented/OAS2_0017/OAS2_0017_slice_13_z141.png,OAS2_0017,Non-Demented,0,2,Mild Dementia,0,-2.444976983657602,-0.10903891337458593,0.14080217720516908,-0.9465509364331801
OASIS_2,LinearSVM,47,test,gaussian_blur__moderate,gaussian_blur,moderate,D:\OASIS_2\distortions_64\gaussian_blur\moderate\Non_Demented\OAS2_0017\OAS2_0017_slice_14_z146.png,Non_Demented/OAS2_0017/OAS2_0017_slice_14_z146.png,Non-Demented/OAS2_0017/OAS2_0017_slice_14_z146.png,OAS2_0017,Non-Demented,0,1,Very Mild Dementia,0,-2.095612923359763,0.7295994552657226,-0.8469793726766623,-0.9730909195584088
OASIS_2,LinearSVM,47,test,gaussian_blur__moderate,gaussian_blur,moderate,D:\OASIS_2\distortions_64\gaussian_blur\moderate\Non_Demented\OAS2_0017\OAS2_0017_slice_15_z151.png,Non_Demented/OAS2_0017/OAS2_0017_slice_15_z151.png,Non-Demented/OAS2_0017/OAS2_0017_slice_15_z151.png,OAS2_0017,Non-Demented,0,0,Non-Demented,1,1.0243339599058081,-1.941878124223272,-1.1033871411473792,-0.9268838333399102
OASIS_2,LinearSVM,47,test,gaussian_blur__moderate,gaussian_blur,moderate,D:\OASIS_2\distortions_64\gaussian_blur\moderate\Non_Demented\OAS2_0017\OAS2_0017_slice_16_z157.png,Non_Demented/OAS2_0017/OAS2_0017_slice_16_z157.png,Non-Demented/OAS2_0017/OAS2_0017_slice_16_z157.png,OAS2_0017,Non-Demented,0,0,Non-Demented,1,0.3515309970571526,-1.7266970153956513,-0.15543427189771264,-1.0109744065023172
OASIS_2,LinearSVM,47,test,gaussian_blur__moderate,gaussian_blur,moderate,D:\OASIS_2\distortions_64\gaussian_blur\moderate\Non_Demented\OAS2_0017\OAS2_0017_slice_17_z162.png,Non_Demented/OAS2_0017/OAS2_0017_slice_17_z162.png,Non-Demented/OAS2_0017/OAS2_0017_slice_17_z162.png,OAS2_0017,Non-Demented,0,2,Mild Dementia,0,-0.6398846880481015,-0.6698673023345113,-0.3420862688111218,-0.9241746231820349
OASIS_2,LinearSVM,47,test,gaussian_blur__moderate,gaussian_blur,moderate,D:\OASIS_2\distortions_64\gaussian_blur\moderate\Non_Demented\OAS2_0017\OAS2_0017_slice_18_z167.png,Non_Demented/OAS2_0017/OAS2_0017_slice_18_z167.png,Non-Demented/OAS2_0017/OAS2_0017_slice_18_z167.png,OAS2_0017,Non-Demented,0,2,Mild Dementia,0,-0.27758006969646193,-2.400436851290177,0.745766175881291,-1.090708593177772
OASIS_2,LinearSVM,47,test,gaussian_blur__moderate,gaussian_blur,moderate,D:\OASIS_2\distortions_64\gaussian_blur\moderate\Non_Demented\OAS2_0017\OAS2_0017_slice_19_z173.png,Non_Demented/OAS2_0017/OAS2_0017_slice_19_z173.png,Non-Demented/OAS2_0017/OAS2_0017_slice_19_z173.png,OAS2_0017,Non-Demented,0,0,Non-Demented,1,0.8627196322885858,-2.273457761869541,-0.4630262747930256,-1.1915579422638019
OASIS_2,LinearSVM,47,test,gaussian_blur__moderate,gaussian_blur,moderate,D:\OASIS_2\distortions_64\gaussian_blur\moderate\Non_Demented\OAS2_0017\OAS2_0017_slice_20_z178.png,Non_Demented/OAS2_0017/OAS2_0017_slice_20_z178.png,Non-Demented/OAS2_0017/OAS2_0017_slice_20_z178.png,OAS2_0017,Non-Demented,0,0,Non-Demented,1,0.5694395065123402,-2.015108574619073,-0.013088671844653899,-1.038965191677304
OASIS_2,LinearSVM,47,test,gaussian_blur__moderate,gaussian_blur,moderate,D:\OASIS_2\distortions_64\gaussian_blur\moderate\Non_Demented\OAS2_0036\OAS2_0036_slice_01_z077.png,Non_Demented/OAS2_0036/OAS2_0036_slice_01_z077.png,Non-Demented/OAS2_0036/OAS2_0036_slice_01_z077.png,OAS2_0036,Non-Demented,0,0,Non-Demented,1,0.9402582741658815,-1.0864746610169926,-0.8286687826889434,-1.0286127488917691
OASIS_2,LinearSVM,47,test,gaussian_blur__moderate,gaussian_blur,moderate,D:\OASIS_2\distortions_64\gaussian_blur\moderate\Non_Demented\OAS2_0036\OAS2_0036_slice_02_z082.png,Non_Demented/OAS2_0036/OAS2_0036_slice_02_z082.png,Non-Demented/OAS2_0036/OAS2_0036_slice_02_z082.png,OAS2_0036,Non-Demented,0,0,Non-Demented,1,-0.17413850005750386,-1.5560788677538107,-0.19272161934020793,-0.9272555716591777
OASIS_2,LinearSVM,47,test,gaussian_blur__moderate,gaussian_blur,moderate,D:\OASIS_2\distortions_64\gaussian_blur\moderate\Non_Demented\OAS2_0036\OAS2_0036_slice_03_z088.png,Non_Demented/OAS2_0036/OAS2_0036_slice_03_z088.png,Non-Demented/OAS2_0036/OAS2_0036_slice_03_z088.png,OAS2_0036,Non-Demented,0,0,Non-Demented,1,0.40046834131898607,-0.757441411670956,-0.6120225004011747,-0.8418480825482234
OASIS_2,LinearSVM,47,test,gaussian_blur__moderate,gaussian_blur,moderate,D:\OASIS_2\distortions_64\gaussian_blur\moderate\Non_Demented\OAS2_0036\OAS2_0036_slice_04_z093.png,Non_Demented/OAS2_0036/OAS2_0036_slice_04_z093.png,Non-Demented/OAS2_0036/OAS2_0036_slice_04_z093.png,OAS2_0036,Non-Demented,0,2,Mild Dementia,0,-1.0670214426504765,-0.15396482978972598,0.3922245484390572,-1.027518401350469
OASIS_2,LinearSVM,47,test,gaussian_blur__moderate,gaussian_blur,moderate,D:\OASIS_2\distortions_64\gaussian_blur\moderate\Non_Demented\OAS2_0036\OAS2_0036_slice_05_z098.png,Non_Demented/OAS2_0036/OAS2_0036_slice_05_z098.png,Non-Demented/OAS2_0036/OAS2_0036_slice_05_z098.png,OAS2_0036,Non-Demented,0,2,Mild Dementia,0,-0.8628743170970714,-0.7406631616420696,-0.17344529847390033,-0.8054376698710319
OASIS_2,LinearSVM,47,test,gaussian_blur__moderate,gaussian_blur,moderate,D:\OASIS_2\distortions_64\gaussian_blur\moderate\Non_Demented\OAS2_0036\OAS2_0036_slice_06_z104.png,Non_Demented/OAS2_0036/OAS2_0036_slice_06_z104.png,Non-Demented/OAS2_0036/OAS2_0036_slice_06_z104.png,OAS2_0036,Non-Demented,0,0,Non-Demented,1,0.651759178693727,-2.7838195694002668,0.2668801500419373,-0.8482671327271782
OASIS_2,LinearSVM,47,test,gaussian_blur__moderate,gaussian_blur,moderate,D:\OASIS_2\distortions_64\gaussian_blur\moderate\Non_Demented\OAS2_0036\OAS2_0036_slice_07_z109.png,Non_Demented/OAS2_0036/OAS2_0036_slice_07_z109.png,Non-Demented/OAS2_0036/OAS2_0036_slice_07_z109.png,OAS2_0036,Non-Demented,0,2,Mild Dementia,0,-0.19876815890904703,-1.2893502014785014,0.08662197710912878,-0.88592718617243
OASIS_2,LinearSVM,47,test,gaussian_blur__moderate,gaussian_blur,moderate,D:\OASIS_2\distortions_64\gaussian_blur\moderate\Non_Demented\OAS2_0036\OAS2_0036_slice_08_z114.png,Non_Demented/OAS2_0036/OAS2_0036_slice_08_z114.png,Non-Demented/OAS2_0036/OAS2_0036_slice_08_z114.png,OAS2_0036,Non-Demented,0,0,Non-Demented,1,0.9864434984379605,-1.8749271651041222,-0.12942328145749782,-1.0402839207494081
OASIS_2,LinearSVM,47,test,gaussian_blur__moderate,gaussian_blur,moderate,D:\OASIS_2\distortions_64\gaussian_blur\moderate\Non_Demented\OAS2_0036\OAS2_0036_slice_09_z120.png,Non_Demented/OAS2_0036/OAS2_0036_slice_09_z120.png,Non-Demented/OAS2_0036/OAS2_0036_slice_09_z120.png,OAS2_0036,Non-Demented,0,0,Non-Demented,1,0.20573921466825307,-1.5801937001200372,-0.10955526392413739,-1.079016918983984
OASIS_2,LinearSVM,47,test,gaussian_blur__moderate,gaussian_blur,moderate,D:\OASIS_2\distortions_64\gaussian_blur\moderate\Non_Demented\OAS2_0036\OAS2_0036_slice_10_z125.png,Non_Demented/OAS2_0036/OAS2_0036_slice_10_z125.png,Non-Demented/OAS2_0036/OAS2_0036_slice_10_z125.png,OAS2_0036,Non-Demented,0,0,Non-Demented,1,-0.09745592243855958,-1.119569613958414,-0.2616436822686644,-1.2533246322908471
OASIS_2,LinearSVM,47,test,gaussian_blur__moderate,gaussian_blur,moderate,D:\OASIS_2\distortions_64\gaussian_blur\moderate\Non_Demented\OAS2_0036\OAS2_0036_slice_11_z130.png,Non_Demented/OAS2_0036/OAS2_0036_slice_11_z130.png,Non-Demented/OAS2_0036/OAS2_0036_slice_11_z130.png,OAS2_0036,Non-Demented,0,0,Non-Demented,1,-0.12469972566731549,-1.0434668128259128,-0.12493141319864087,-1.0967811586292515
OASIS_2,LinearSVM,47,test,gaussian_blur__moderate,gaussian_blur,moderate,D:\OASIS_2\distortions_64\gaussian_blur\moderate\Non_Demented\OAS2_0036\OAS2_0036_slice_12_z135.png,Non_Demented/OAS2_0036/OAS2_0036_slice_12_z135.png,Non-Demented/OAS2_0036/OAS2_0036_slice_12_z135.png,OAS2_0036,Non-Demented,0,2,Mild Dementia,0,-0.10051400369224649,-1.786639880838901,0.12636392051878964,-1.1118148372622316
OASIS_2,LinearSVM,47,test,gaussian_blur__moderate,gaussian_blur,moderate,D:\OASIS_2\distortions_64\gaussian_blur\moderate\Non_Demented\OAS2_0036\OAS2_0036_slice_13_z141.png,Non_Demented/OAS2_0036/OAS2_0036_slice_13_z141.png,Non-Demented/OAS2_0036/OAS2_0036_slice_13_z141.png,OAS2_0036,Non-Demented,0,2,Mild Dementia,0,-0.3045503690975408,-1.1877795366290922,0.050566583601318715,-1.0766493377971458
OASIS_2,LinearSVM,47,test,gaussian_blur__moderate,gaussian_blur,moderate,D:\OASIS_2\distortions_64\gaussian_blur\moderate\Non_Demented\OAS2_0036\OAS2_0036_slice_14_z146.png,Non_Demented/OAS2_0036/OAS2_0036_slice_14_z146.png,Non-Demented/OAS2_0036/OAS2_0036_slice_14_z146.png,OAS2_0036,Non-Demented,0,0,Non-Demented,1,0.24569618301439083,-1.6646188043021009,-0.1624962676074404,-1.1980695190337887
OASIS_2,LinearSVM,47,test,gaussian_blur__moderate,gaussian_blur,moderate,D:\OASIS_2\distortions_64\gaussian_blur\moderate\Non_Demented\OAS2_0036\OAS2_0036_slice_15_z151.png,Non_Demented/OAS2_0036/OAS2_0036_slice_15_z151.png,Non-Demented/OAS2_0036/OAS2_0036_slice_15_z151.png,OAS2_0036,Non-Demented,0,2,Mild Dementia,0,-0.02619151749382055,-1.5210189726602072,0.13459544336450135,-1.0869360551652103
OASIS_2,LinearSVM,47,test,gaussian_blur__moderate,gaussian_blur,moderate,D:\OASIS_2\distortions_64\gaussian_blur\moderate\Non_Demented\OAS2_0036\OAS2_0036_slice_16_z157.png,Non_Demented/OAS2_0036/OAS2_0036_slice_16_z157.png,Non-Demented/OAS2_0036/OAS2_0036_slice_16_z157.png,OAS2_0036,Non-Demented,0,0,Non-Demented,1,0.19963602000382236,-1.34508343033652,0.03510835247142907,-0.938455179800153
OASIS_2,LinearSVM,47,test,gaussian_blur__moderate,gaussian_blur,moderate,D:\OASIS_2\distortions_64\gaussian_blur\moderate\Non_Demented\OAS2_0036\OAS2_0036_slice_17_z162.png,Non_Demented/OAS2_0036/OAS2_0036_slice_17_z162.png,Non-Demented/OAS2_0036/OAS2_0036_slice_17_z162.png,OAS2_0036,Non-Demented,0,0,Non-Demented,1,0.5805227368776651,-1.450699076655178,-0.408586356862219,-0.9424759324376679
OASIS_2,LinearSVM,47,test,gaussian_blur__moderate,gaussian_blur,moderate,D:\OASIS_2\distortions_64\gaussian_blur\moderate\Non_Demented\OAS2_0036\OAS2_0036_slice_18_z167.png,Non_Demented/OAS2_0036/OAS2_0036_slice_18_z167.png,Non-Demented/OAS2_0036/OAS2_0036_slice_18_z167.png,OAS2_0036,Non-Demented,0,0,Non-Demented,1,0.6274377893850062,-1.4360526190909304,-0.5995423246601467,-0.8348369407055585
OASIS_2,LinearSVM,47,test,gaussian_blur__moderate,gaussian_blur,moderate,D:\OASIS_2\distortions_64\gaussian_blur\moderate\Non_Demented\OAS2_0036\OAS2_0036_slice_19_z173.png,Non_Demented/OAS2_0036/OAS2_0036_slice_19_z173.png,Non-Demented/OAS2_0036/OAS2_0036_slice_19_z173.png,OAS2_0036,Non-Demented,0,0,Non-Demented,1,0.3604113237582411,-2.0726848954394126,-0.3557470752083407,-0.9681986312689922
OASIS_2,LinearSVM,47,test,gaussian_blur__moderate,gaussian_blur,moderate,D:\OASIS_2\distortions_64\gaussian_blur\moderate\Non_Demented\OAS2_0036\OAS2_0036_slice_20_z178.png,Non_Demented/OAS2_0036/OAS2_0036_slice_20_z178.png,Non-Demented/OAS2_0036/OAS2_0036_slice_20_z178.png,OAS2_0036,Non-Demented,0,0,Non-Demented,1,0.6463662629262378,-1.4695606957869083,-0.5669889752629647,-0.9293482790111599
OASIS_2,LinearSVM,47,test,gaussian_blur__moderate,gaussian_blur,moderate,D:\OASIS_2\distortions_64\gaussian_blur\moderate\Non_Demented\OAS2_0067\OAS2_0067_slice_01_z077.png,Non_Demented/OAS2_0067/OAS2_0067_slice_01_z077.png,Non-Demented/OAS2_0067/OAS2_0067_slice_01_z077.png,OAS2_0067,Non-Demented,0,2,Mild Dementia,0,-0.666968218026648,-2.930677316042157,1.1782680785418433,-0.9668199962585369
OASIS_2,LinearSVM,47,test,gaussian_blur__moderate,gaussian_blur,moderate,D:\OASIS_2\distortions_64\gaussian_blur\moderate\Non_Demented\OAS2_0067\OAS2_0067_slice_02_z082.png,Non_Demented/OAS2_0067/OAS2_0067_slice_02_z082.png,Non-Demented/OAS2_0067/OAS2_0067_slice_02_z082.png,OAS2_0067,Non-Demented,0,0,Non-Demented,1,0.37650861404775565,-1.7667468996823033,-0.24448655553073173,-1.2003000013917247
OASIS_2,LinearSVM,47,test,gaussian_blur__moderate,gaussian_blur,moderate,D:\OASIS_2\distortions_64\gaussian_blur\moderate\Non_Demented\OAS2_0067\OAS2_0067_slice_03_z088.png,Non_Demented/OAS2_0067/OAS2_0067_slice_03_z088.png,Non-Demented/OAS2_0067/OAS2_0067_slice_03_z088.png,OAS2_0067,Non-Demented,0,2,Mild Dementia,0,-0.47590190657873394,-2.329386687134377,0.7431089446404786,-1.19466792910776
OASIS_2,LinearSVM,47,test,gaussian_blur__moderate,gaussian_blur,moderate,D:\OASIS_2\distortions_64\gaussian_blur\moderate\Non_Demented\OAS2_0067\OAS2_0067_slice_04_z093.png,Non_Demented/OAS2_0067/OAS2_0067_slice_04_z093.png,Non-Demented/OAS2_0067/OAS2_0067_slice_04_z093.png,OAS2_0067,Non-Demented,0,2,Mild Dementia,0,-0.3280591297020607,-2.8342791223967314,0.23170953104974523,-1.050150142845937
OASIS_2,LinearSVM,47,test,gaussian_blur__moderate,gaussian_blur,moderate,D:\OASIS_2\distortions_64\gaussian_blur\moderate\Non_Demented\OAS2_0067\OAS2_0067_slice_05_z098.png,Non_Demented/OAS2_0067/OAS2_0067_slice_05_z098.png,Non-Demented/OAS2_0067/OAS2_0067_slice_05_z098.png,OAS2_0067,Non-Demented,0,2,Mild Dementia,0,-1.838414127864938,-1.074281532122807,1.0588042536529398,-1.2081447695709369
OASIS_2,LinearSVM,47,test,gaussian_blur__moderate,gaussian_blur,moderate,D:\OASIS_2\distortions_64\gaussian_blur\moderate\Non_Demented\OAS2_0067\OAS2_0067_slice_06_z104.png,Non_Demented/OAS2_0067/OAS2_0067_slice_06_z104.png,Non-Demented/OAS2_0067/OAS2_0067_slice_06_z104.png,OAS2_0067,Non-Demented,0,2,Mild Dementia,0,-1.3910990872942472,-0.5951339362013652,0.19802016831804048,-1.209393682336779
OASIS_2,LinearSVM,47,test,gaussian_blur__moderate,gaussian_blur,moderate,D:\OASIS_2\distortions_64\gaussian_blur\moderate\Non_Demented\OAS2_0067\OAS2_0067_slice_07_z109.png,Non_Demented/OAS2_0067/OAS2_0067_slice_07_z109.png,Non-Demented/OAS2_0067/OAS2_0067_slice_07_z109.png,OAS2_0067,Non-Demented,0,1,Very Mild Dementia,0,-1.4440549332431845,0.251909330120629,-0.3988396030043704,-1.0200112422290157
OASIS_2,LinearSVM,47,test,gaussian_blur__moderate,gaussian_blur,moderate,D:\OASIS_2\distortions_64\gaussian_blur\moderate\Non_Demented\OAS2_0067\OAS2_0067_slice_08_z114.png,Non_Demented/OAS2_0067/OAS2_0067_slice_08_z114.png,Non-Demented/OAS2_0067/OAS2_0067_slice_08_z114.png,OAS2_0067,Non-Demented,0,2,Mild Dementia,0,-0.24540668734702725,-2.502806354394391,0.6115895660580215,-1.138354281050646
OASIS_2,LinearSVM,47,test,gaussian_blur__moderate,gaussian_blur,moderate,D:\OASIS_2\distortions_64\gaussian_blur\moderate\Non_Demented\OAS2_0067\OAS2_0067_slice_09_z120.png,Non_Demented/OAS2_0067/OAS2_0067_slice_09_z120.png,Non-Demented/OAS2_0067/OAS2_0067_slice_09_z120.png,OAS2_0067,Non-Demented,0,0,Non-Demented,1,-0.3234264244090101,-0.9780956608517875,-0.42589751573341794,-1.027251635431061
OASIS_2,LinearSVM,47,test,gaussian_blur__moderate,gaussian_blur,moderate,D:\OASIS_2\distortions_64\gaussian_blur\moderate\Non_Demented\OAS2_0067\OAS2_0067_slice_10_z125.png,Non_Demented/OAS2_0067/OAS2_0067_slice_10_z125.png,Non-Demented/OAS2_0067/OAS2_0067_slice_10_z125.png,OAS2_0067,Non-Demented,0,2,Mild Dementia,0,-2.2278226645951733,-1.9188108153706256,1.414347343644906,-1.0605381579357949
OASIS_2,LinearSVM,47,test,gaussian_blur__moderate,gaussian_blur,moderate,D:\OASIS_2\distortions_64\gaussian_blur\moderate\Non_Demented\OAS2_0067\OAS2_0067_slice_11_z130.png,Non_Demented/OAS2_0067/OAS2_0067_slice_11_z130.png,Non-Demented/OAS2_0067/OAS2_0067_slice_11_z130.png,OAS2_0067,Non-Demented,0,0,Non-Demented,1,0.4231696218079288,-2.814052050744312,0.23455038294162045,-0.981779121485361
OASIS_2,LinearSVM,47,test,gaussian_blur__moderate,gaussian_blur,moderate,D:\OASIS_2\distortions_64\gaussian_blur\moderate\Non_Demented\OAS2_0067\OAS2_0067_slice_12_z135.png,Non_Demented/OAS2_0067/OAS2_0067_slice_12_z135.png,Non-Demented/OAS2_0067/OAS2_0067_slice_12_z135.png,OAS2_0067,Non-Demented,0,0,Non-Demented,1,0.880655144163946,-2.2215253598064315,-0.5616451529583724,-1.061351954569423
OASIS_2,LinearSVM,47,test,gaussian_blur__moderate,gaussian_blur,moderate,D:\OASIS_2\distortions_64\gaussian_blur\moderate\Non_Demented\OAS2_0067\OAS2_0067_slice_13_z141.png,Non_Demented/OAS2_0067/OAS2_0067_slice_13_z141.png,Non-Demented/OAS2_0067/OAS2_0067_slice_13_z141.png,OAS2_0067,Non-Demented,0,0,Non-Demented,1,0.8724512064961526,-2.5319314232827166,-0.272360717856873,-0.9727420212212784
OASIS_2,LinearSVM,47,test,gaussian_blur__moderate,gaussian_blur,moderate,D:\OASIS_2\distortions_64\gaussian_blur\moderate\Non_Demented\OAS2_0067\OAS2_0067_slice_14_z146.png,Non_Demented/OAS2_0067/OAS2_0067_slice_14_z146.png,Non-Demented/OAS2_0067/OAS2_0067_slice_14_z146.png,OAS2_0067,Non-Demented,0,0,Non-Demented,1,0.12934068657262704,-1.4783115375337224,-0.584533283561854,-0.9055334187757401
OASIS_2,LinearSVM,47,test,gaussian_blur__moderate,gaussian_blur,moderate,D:\OASIS_2\distortions_64\gaussian_blur\moderate\Non_Demented\OAS2_0067\OAS2_0067_slice_15_z151.png,Non_Demented/OAS2_0067/OAS2_0067_slice_15_z151.png,Non-Demented/OAS2_0067/OAS2_0067_slice_15_z151.png,OAS2_0067,Non-Demented,0,2,Mild Dementia,0,-0.3600123429247061,-2.4482959200857755,0.28087699683458656,-1.0052147772020534
OASIS_2,LinearSVM,47,test,gaussian_blur__moderate,gaussian_blur,moderate,D:\OASIS_2\distortions_64\gaussian_blur\moderate\Non_Demented\OAS2_0067\OAS2_0067_slice_16_z157.png,Non_Demented/OAS2_0067/OAS2_0067_slice_16_z157.png,Non-Demented/OAS2_0067/OAS2_0067_slice_16_z157.png,OAS2_0067,Non-Demented,0,0,Non-Demented,1,1.1686697073755528,-2.71138687733413,-0.49146975248679947,-1.0740089464526594
OASIS_2,LinearSVM,47,test,gaussian_blur__moderate,gaussian_blur,moderate,D:\OASIS_2\distortions_64\gaussian_blur\moderate\Non_Demented\OAS2_0067\OAS2_0067_slice_17_z162.png,Non_Demented/OAS2_0067/OAS2_0067_slice_17_z162.png,Non-Demented/OAS2_0067/OAS2_0067_slice_17_z162.png,OAS2_0067,Non-Demented,0,2,Mild Dementia,0,-0.20586718392555992,-2.33061061063219,-0.1599231394134637,-1.1578927520358868
OASIS_2,LinearSVM,47,test,gaussian_blur__moderate,gaussian_blur,moderate,D:\OASIS_2\distortions_64\gaussian_blur\moderate\Non_Demented\OAS2_0067\OAS2_0067_slice_18_z167.png,Non_Demented/OAS2_0067/OAS2_0067_slice_18_z167.png,Non-Demented/OAS2_0067/OAS2_0067_slice_18_z167.png,OAS2_0067,Non-Demented,0,2,Mild Dementia,0,0.2268778960689683,-2.9080189256684985,0.25223803011736834,-0.9469225904162671
OASIS_2,LinearSVM,47,test,gaussian_blur__moderate,gaussian_blur,moderate,D:\OASIS_2\distortions_64\gaussian_blur\moderate\Non_Demented\OAS2_0067\OAS2_0067_slice_19_z173.png,Non_Demented/OAS2_0067/OAS2_0067_slice_19_z173.png,Non-Demented/OAS2_0067/OAS2_0067_slice_19_z173.png,OAS2_0067,Non-Demented,0,2,Mild Dementia,0,0.008112499422368316,-1.954649182188856,0.35371492459872655,-1.2089841479643026
OASIS_2,LinearSVM,47,test,gaussian_blur__moderate,gaussian_blur,moderate,D:\OASIS_2\distortions_64\gaussian_blur\moderate\Non_Demented\OAS2_0067\OAS2_0067_slice_20_z178.png,Non_Demented/OAS2_0067/OAS2_0067_slice_20_z178.png,Non-Demented/OAS2_0067/OAS2_0067_slice_20_z178.png,OAS2_0067,Non-Demented,0,0,Non-Demented,1,0.8452999467720962,-2.2789519058744467,-0.2715604748688836,-1.2298163609470478
OASIS_2,LinearSVM,47,test,gaussian_blur__moderate,gaussian_blur,moderate,D:\OASIS_2\distortions_64\gaussian_blur\moderate\Non_Demented\OAS2_0069\OAS2_0069_slice_01_z077.png,Non_Demented/OAS2_0069/OAS2_0069_slice_01_z077.png,Non-Demented/OAS2_0069/OAS2_0069_slice_01_z077.png,OAS2_0069,Non-Demented,0,0,Non-Demented,1,0.8581792323177323,-1.2300377597765042,-0.514998459902342,-1.3183257859658917
OASIS_2,LinearSVM,47,test,gaussian_blur__moderate,gaussian_blur,moderate,D:\OASIS_2\distortions_64\gaussian_blur\moderate\Non_Demented\OAS2_0069\OAS2_0069_slice_02_z082.png,Non_Demented/OAS2_0069/OAS2_0069_slice_02_z082.png,Non-Demented/OAS2_0069/OAS2_0069_slice_02_z082.png,OAS2_0069,Non-Demented,0,0,Non-Demented,1,0.8086060689200847,-1.146997917816383,-0.045952928223204514,-1.2728026398633379
OASIS_2,LinearSVM,47,test,gaussian_blur__moderate,gaussian_blur,moderate,D:\OASIS_2\distortions_64\gaussian_blur\moderate\Non_Demented\OAS2_0069\OAS2_0069_slice_03_z088.png,Non_Demented/OAS2_0069/OAS2_0069_slice_03_z088.png,Non-Demented/OAS2_0069/OAS2_0069_slice_03_z088.png,OAS2_0069,Non-Demented,0,0,Non-Demented,1,2.610624304305613,-3.211515583389918,-0.2406774443587859,-1.2491924704769088
OASIS_2,LinearSVM,47,test,gaussian_blur__moderate,gaussian_blur,moderate,D:\OASIS_2\distortions_64\gaussian_blur\moderate\Non_Demented\OAS2_0069\OAS2_0069_slice_04_z093.png,Non_Demented/OAS2_0069/OAS2_0069_slice_04_z093.png,Non-Demented/OAS2_0069/OAS2_0069_slice_04_z093.png,OAS2_0069,Non-Demented,0,0,Non-Demented,1,0.9072378698846593,-2.8868582152759483,0.14212369935138036,-1.1814011692027453
OASIS_2,LinearSVM,47,test,gaussian_blur__moderate,gaussian_blur,moderate,D:\OASIS_2\distortions_64\gaussian_blur\moderate\Non_Demented\OAS2_0069\OAS2_0069_slice_05_z098.png,Non_Demented/OAS2_0069/OAS2_0069_slice_05_z098.png,Non-Demented/OAS2_0069/OAS2_0069_slice_05_z098.png,OAS2_0069,Non-Demented,0,0,Non-Demented,1,1.9435689736307558,-3.6102773422322256,0.10472515491204937,-1.1817329192433579
OASIS_2,LinearSVM,47,test,gaussian_blur__moderate,gaussian_blur,moderate,D:\OASIS_2\distortions_64\gaussian_blur\moderate\Non_Demented\OAS2_0069\OAS2_0069_slice_06_z104.png,Non_Demented/OAS2_0069/OAS2_0069_slice_06_z104.png,Non-Demented/OAS2_0069/OAS2_0069_slice_06_z104.png,OAS2_0069,Non-Demented,0,2,Mild Dementia,0,0.47719499305011875,-2.840378501185855,0.6827985959895289,-1.0348415263105708
OASIS_2,LinearSVM,47,test,gaussian_blur__moderate,gaussian_blur,moderate,D:\OASIS_2\distortions_64\gaussian_blur\moderate\Non_Demented\OAS2_0069\OAS2_0069_slice_07_z109.png,Non_Demented/OAS2_0069/OAS2_0069_slice_07_z109.png,Non-Demented/OAS2_0069/OAS2_0069_slice_07_z109.png,OAS2_0069,Non-Demented,0,0,Non-Demented,1,0.5603369445444839,-2.022428330762267,-0.11756693625444925,-1.0605768164507015
OASIS_2,LinearSVM,47,test,gaussian_blur__moderate,gaussian_blur,moderate,D:\OASIS_2\distortions_64\gaussian_blur\moderate\Non_Demented\OAS2_0069\OAS2_0069_slice_08_z114.png,Non_Demented/OAS2_0069/OAS2_0069_slice_08_z114.png,Non-Demented/OAS2_0069/OAS2_0069_slice_08_z114.png,OAS2_0069,Non-Demented,0,0,Non-Demented,1,1.498226593219495,-3.5300075172948606,0.1322462814359835,-1.1607731709924192
OASIS_2,LinearSVM,47,test,gaussian_blur__moderate,gaussian_blur,moderate,D:\OASIS_2\distortions_64\gaussian_blur\moderate\Non_Demented\OAS2_0069\OAS2_0069_slice_09_z120.png,Non_Demented/OAS2_0069/OAS2_0069_slice_09_z120.png,Non-Demented/OAS2_0069/OAS2_0069_slice_09_z120.png,OAS2_0069,Non-Demented,0,0,Non-Demented,1,2.7411740981506836,-3.1748611429144997,-1.1166350073606686,-1.1567833121612434
OASIS_2,LinearSVM,47,test,gaussian_blur__moderate,gaussian_blur,moderate,D:\OASIS_2\distortions_64\gaussian_blur\moderate\Non_Demented\OAS2_0069\OAS2_0069_slice_10_z125.png,Non_Demented/OAS2_0069/OAS2_0069_slice_10_z125.png,Non-Demented/OAS2_0069/OAS2_0069_slice_10_z125.png,OAS2_0069,Non-Demented,0,0,Non-Demented,1,0.4197958556349494,-2.069491092436473,0.3402220169093275,-1.1138342708116427
OASIS_2,LinearSVM,47,test,gaussian_blur__moderate,gaussian_blur,moderate,D:\OASIS_2\distortions_64\gaussian_blur\moderate\Non_Demented\OAS2_0069\OAS2_0069_slice_11_z130.png,Non_Demented/OAS2_0069/OAS2_0069_slice_11_z130.png,Non-Demented/OAS2_0069/OAS2_0069_slice_11_z130.png,OAS2_0069,Non-Demented,0,0,Non-Demented,1,0.7947493962802591,-2.4385720620163926,-0.03257770972488738,-1.135772906070393
OASIS_2,LinearSVM,47,test,gaussian_blur__moderate,gaussian_blur,moderate,D:\OASIS_2\distortions_64\gaussian_blur\moderate\Non_Demented\OAS2_0069\OAS2_0069_slice_12_z135.png,Non_Demented/OAS2_0069/OAS2_0069_slice_12_z135.png,Non-Demented/OAS2_0069/OAS2_0069_slice_12_z135.png,OAS2_0069,Non-Demented,0,0,Non-Demented,1,1.1798434602277934,-2.395233885945478,-0.18648571919411272,-1.1761917463526896
OASIS_2,LinearSVM,47,test,gaussian_blur__moderate,gaussian_blur,moderate,D:\OASIS_2\distortions_64\gaussian_blur\moderate\Non_Demented\OAS2_0069\OAS2_0069_slice_13_z141.png,Non_Demented/OAS2_0069/OAS2_0069_slice_13_z141.png,Non-Demented/OAS2_0069/OAS2_0069_slice_13_z141.png,OAS2_0069,Non-Demented,0,0,Non-Demented,1,1.4650385581190801,-2.6793794770943293,-0.004679007028842053,-1.2244919956988334
OASIS_2,LinearSVM,47,test,gaussian_blur__moderate,gaussian_blur,moderate,D:\OASIS_2\distortions_64\gaussian_blur\moderate\Non_Demented\OAS2_0069\OAS2_0069_slice_14_z146.png,Non_Demented/OAS2_0069/OAS2_0069_slice_14_z146.png,Non-Demented/OAS2_0069/OAS2_0069_slice_14_z146.png,OAS2_0069,Non-Demented,0,0,Non-Demented,1,1.5651560771514526,-4.054793474613369,0.9072634170571603,-1.1622871242061408
OASIS_2,LinearSVM,47,test,gaussian_blur__moderate,gaussian_blur,moderate,D:\OASIS_2\distortions_64\gaussian_blur\moderate\Non_Demented\OAS2_0069\OAS2_0069_slice_15_z151.png,Non_Demented/OAS2_0069/OAS2_0069_slice_15_z151.png,Non-Demented/OAS2_0069/OAS2_0069_slice_15_z151.png,OAS2_0069,Non-Demented,0,0,Non-Demented,1,1.3208528338581618,-1.8408608687898413,-0.344606967160071,-1.0768799271808132
OASIS_2,LinearSVM,47,test,gaussian_blur__moderate,gaussian_blur,moderate,D:\OASIS_2\distortions_64\gaussian_blur\moderate\Non_Demented\OAS2_0069\OAS2_0069_slice_16_z157.png,Non_Demented/OAS2_0069/OAS2_0069_slice_16_z157.png,Non-Demented/OAS2_0069/OAS2_0069_slice_16_z157.png,OAS2_0069,Non-Demented,0,0,Non-Demented,1,1.8616925735974454,-2.8007569041799734,-0.6540393928410875,-1.0542966966450515
OASIS_2,LinearSVM,47,test,gaussian_blur__moderate,gaussian_blur,moderate,D:\OASIS_2\distortions_64\gaussian_blur\moderate\Non_Demented\OAS2_0069\OAS2_0069_slice_17_z162.png,Non_Demented/OAS2_0069/OAS2_0069_slice_17_z162.png,Non-Demented/OAS2_0069/OAS2_0069_slice_17_z162.png,OAS2_0069,Non-Demented,0,0,Non-Demented,1,2.3034957214804224,-2.9641364116485924,-0.3279735943076971,-0.9398048222818148
OASIS_2,LinearSVM,47,test,gaussian_blur__moderate,gaussian_blur,moderate,D:\OASIS_2\distortions_64\gaussian_blur\moderate\Non_Demented\OAS2_0069\OAS2_0069_slice_18_z167.png,Non_Demented/OAS2_0069/OAS2_0069_slice_18_z167.png,Non-Demented/OAS2_0069/OAS2_0069_slice_18_z167.png,OAS2_0069,Non-Demented,0,0,Non-Demented,1,2.203815824578578,-3.0285973084819853,0.23677401448246238,-1.0165369021384487
OASIS_2,LinearSVM,47,test,gaussian_blur__moderate,gaussian_blur,moderate,D:\OASIS_2\distortions_64\gaussian_blur\moderate\Non_Demented\OAS2_0069\OAS2_0069_slice_19_z173.png,Non_Demented/OAS2_0069/OAS2_0069_slice_19_z173.png,Non-Demented/OAS2_0069/OAS2_0069_slice_19_z173.png,OAS2_0069,Non-Demented,0,0,Non-Demented,1,1.71890292368086,-2.4831410009352055,-0.03662369997965387,-1.1877285240437085
OASIS_2,LinearSVM,47,test,gaussian_blur__moderate,gaussian_blur,moderate,D:\OASIS_2\distortions_64\gaussian_blur\moderate\Non_Demented\OAS2_0069\OAS2_0069_slice_20_z178.png,Non_Demented/OAS2_0069/OAS2_0069_slice_20_z178.png,Non-Demented/OAS2_0069/OAS2_0069_slice_20_z178.png,OAS2_0069,Non-Demented,0,2,Mild Dementia,0,-0.054949133313065154,-1.4897283825400514,0.2079555738226706,-1.1963963031512328
OASIS_2,LinearSVM,47,test,gaussian_blur__moderate,gaussian_blur,moderate,D:\OASIS_2\distortions_64\gaussian_blur\moderate\Non_Demented\OAS2_0070\OAS2_0070_slice_01_z077.png,Non_Demented/OAS2_0070/OAS2_0070_slice_01_z077.png,Non-Demented/OAS2_0070/OAS2_0070_slice_01_z077.png,OAS2_0070,Non-Demented,0,0,Non-Demented,1,2.3585734433953416,-3.3080415565403882,-0.44851960674632396,-1.1936884086076205
OASIS_2,LinearSVM,47,test,gaussian_blur__moderate,gaussian_blur,moderate,D:\OASIS_2\distortions_64\gaussian_blur\moderate\Non_Demented\OAS2_0070\OAS2_0070_slice_02_z082.png,Non_Demented/OAS2_0070/OAS2_0070_slice_02_z082.png,Non-Demented/OAS2_0070/OAS2_0070_slice_02_z082.png,OAS2_0070,Non-Demented,0,0,Non-Demented,1,0.7983550065693651,-1.399000274941341,-0.47947270502927597,-1.1826364741349606
OASIS_2,LinearSVM,47,test,gaussian_blur__moderate,gaussian_blur,moderate,D:\OASIS_2\distortions_64\gaussian_blur\moderate\Non_Demented\OAS2_0070\OAS2_0070_slice_03_z088.png,Non_Demented/OAS2_0070/OAS2_0070_slice_03_z088.png,Non-Demented/OAS2_0070/OAS2_0070_slice_03_z088.png,OAS2_0070,Non-Demented,0,2,Mild Dementia,0,0.03024786723990959,-0.8097526783493134,0.1672853626862747,-1.0541150980200937
OASIS_2,LinearSVM,47,test,gaussian_blur__moderate,gaussian_blur,moderate,D:\OASIS_2\distortions_64\gaussian_blur\moderate\Non_Demented\OAS2_0070\OAS2_0070_slice_04_z093.png,Non_Demented/OAS2_0070/OAS2_0070_slice_04_z093.png,Non-Demented/OAS2_0070/OAS2_0070_slice_04_z093.png,OAS2_0070,Non-Demented,0,0,Non-Demented,1,0.27894575435092034,-0.2697902323106911,-0.32354890123934954,-0.966533637825611
OASIS_2,LinearSVM,47,test,gaussian_blur__moderate,gaussian_blur,moderate,D:\OASIS_2\distortions_64\gaussian_blur\moderate\Non_Demented\OAS2_0070\OAS2_0070_slice_05_z098.png,Non_Demented/OAS2_0070/OAS2_0070_slice_05_z098.png,Non-Demented/OAS2_0070/OAS2_0070_slice_05_z098.png,OAS2_0070,Non-Demented,0,2,Mild Dementia,0,-0.6082435420088813,-0.19540674226563204,0.1899004585768984,-0.7662377646886573
OASIS_2,LinearSVM,47,test,gaussian_blur__moderate,gaussian_blur,moderate,D:\OASIS_2\distortions_64\gaussian_blur\moderate\Non_Demented\OAS2_0070\OAS2_0070_slice_06_z104.png,Non_Demented/OAS2_0070/OAS2_0070_slice_06_z104.png,Non-Demented/OAS2_0070/OAS2_0070_slice_06_z104.png,OAS2_0070,Non-Demented,0,0,Non-Demented,1,1.3225614411720295,-0.8442210273360689,-0.644080406017755,-0.8900021247800483
OASIS_2,LinearSVM,47,test,gaussian_blur__moderate,gaussian_blur,moderate,D:\OASIS_2\distortions_64\gaussian_blur\moderate\Non_Demented\OAS2_0070\OAS2_0070_slice_07_z109.png,Non_Demented/OAS2_0070/OAS2_0070_slice_07_z109.png,Non-Demented/OAS2_0070/OAS2_0070_slice_07_z109.png,OAS2_0070,Non-Demented,0,1,Very Mild Dementia,0,-2.66301883766339,1.7213913517533757,0.30069422028184434,-1.0616311851900275
OASIS_2,LinearSVM,47,test,gaussian_blur__moderate,gaussian_blur,moderate,D:\OASIS_2\distortions_64\gaussian_blur\moderate\Non_Demented\OAS2_0070\OAS2_0070_slice_08_z114.png,Non_Demented/OAS2_0070/OAS2_0070_slice_08_z114.png,Non-Demented/OAS2_0070/OAS2_0070_slice_08_z114.png,OAS2_0070,Non-Demented,0,1,Very Mild Dementia,0,-4.412754250767349,4.040409335437049,0.6154191465335672,-1.0473644875832542
OASIS_2,LinearSVM,47,test,gaussian_blur__moderate,gaussian_blur,moderate,D:\OASIS_2\distortions_64\gaussian_blur\moderate\Non_Demented\OAS2_0070\OAS2_0070_slice_09_z120.png,Non_Demented/OAS2_0070/OAS2_0070_slice_09_z120.png,Non-Demented/OAS2_0070/OAS2_0070_slice_09_z120.png,OAS2_0070,Non-Demented,0,1,Very Mild Dementia,0,-7.062204905316393,7.528760156350762,0.5225305621302554,-1.1666597143574722
OASIS_2,LinearSVM,47,test,gaussian_blur__moderate,gaussian_blur,moderate,D:\OASIS_2\distortions_64\gaussian_blur\moderate\Non_Demented\OAS2_0070\OAS2_0070_slice_10_z125.png,Non_Demented/OAS2_0070/OAS2_0070_slice_10_z125.png,Non-Demented/OAS2_0070/OAS2_0070_slice_10_z125.png,OAS2_0070,Non-Demented,0,1,Very Mild Dementia,0,-8.769965177331141,10.817010483657802,0.449650253366523,-0.8697224125560734
OASIS_2,LinearSVM,47,test,gaussian_blur__moderate,gaussian_blur,moderate,D:\OASIS_2\distortions_64\gaussian_blur\moderate\Non_Demented\OAS2_0070\OAS2_0070_slice_11_z130.png,Non_Demented/OAS2_0070/OAS2_0070_slice_11_z130.png,Non-Demented/OAS2_0070/OAS2_0070_slice_11_z130.png,OAS2_0070,Non-Demented,0,1,Very Mild Dementia,0,-9.885498770951592,11.217739472517831,1.3809521066985369,-0.7734373058445775
OASIS_2,LinearSVM,47,test,gaussian_blur__moderate,gaussian_blur,moderate,D:\OASIS_2\distortions_64\gaussian_blur\moderate\Non_Demented\OAS2_0070\OAS2_0070_slice_12_z135.png,Non_Demented/OAS2_0070/OAS2_0070_slice_12_z135.png,Non-Demented/OAS2_0070/OAS2_0070_slice_12_z135.png,OAS2_0070,Non-Demented,0,1,Very Mild Dementia,0,-10.311578180819025,12.47831489258803,1.5716846633414043,-0.8182398249446938
OASIS_2,LinearSVM,47,test,gaussian_blur__moderate,gaussian_blur,moderate,D:\OASIS_2\distortions_64\gaussian_blur\moderate\Non_Demented\OAS2_0070\OAS2_0070_slice_13_z141.png,Non_Demented/OAS2_0070/OAS2_0070_slice_13_z141.png,Non-Demented/OAS2_0070/OAS2_0070_slice_13_z141.png,OAS2_0070,Non-Demented,0,1,Very Mild Dementia,0,-9.618574801899388,11.630887581295463,2.305586078769089,-0.9010960828620984
OASIS_2,LinearSVM,47,test,gaussian_blur__moderate,gaussian_blur,moderate,D:\OASIS_2\distortions_64\gaussian_blur\moderate\Non_Demented\OAS2_0070\OAS2_0070_slice_14_z146.png,Non_Demented/OAS2_0070/OAS2_0070_slice_14_z146.png,Non-Demented/OAS2_0070/OAS2_0070_slice_14_z146.png,OAS2_0070,Non-Demented,0,1,Very Mild Dementia,0,-9.723307203679461,14.404758169263012,1.4728852481243724,-1.0549953158276772
OASIS_2,LinearSVM,47,test,gaussian_blur__moderate,gaussian_blur,moderate,D:\OASIS_2\distortions_64\gaussian_blur\moderate\Non_Demented\OAS2_0070\OAS2_0070_slice_15_z151.png,Non_Demented/OAS2_0070/OAS2_0070_slice_15_z151.png,Non-Demented/OAS2_0070/OAS2_0070_slice_15_z151.png,OAS2_0070,Non-Demented,0,1,Very Mild Dementia,0,-9.941961636201617,12.714962012071814,1.8761209440254394,-1.1667858093448584
OASIS_2,LinearSVM,47,test,gaussian_blur__moderate,gaussian_blur,moderate,D:\OASIS_2\distortions_64\gaussian_blur\moderate\Non_Demented\OAS2_0070\OAS2_0070_slice_16_z157.png,Non_Demented/OAS2_0070/OAS2_0070_slice_16_z157.png,Non-Demented/OAS2_0070/OAS2_0070_slice_16_z157.png,OAS2_0070,Non-Demented,0,1,Very Mild Dementia,0,-6.287494525980092,10.782470010138384,0.5873927215720482,-1.3858770803025289
OASIS_2,LinearSVM,47,test,gaussian_blur__moderate,gaussian_blur,moderate,D:\OASIS_2\distortions_64\gaussian_blur\moderate\Non_Demented\OAS2_0070\OAS2_0070_slice_17_z162.png,Non_Demented/OAS2_0070/OAS2_0070_slice_17_z162.png,Non-Demented/OAS2_0070/OAS2_0070_slice_17_z162.png,OAS2_0070,Non-Demented,0,1,Very Mild Dementia,0,-5.49982546128222,8.933105964148904,-0.24299043776201312,-1.2479904946726654
OASIS_2,LinearSVM,47,test,gaussian_blur__moderate,gaussian_blur,moderate,D:\OASIS_2\distortions_64\gaussian_blur\moderate\Non_Demented\OAS2_0070\OAS2_0070_slice_18_z167.png,Non_Demented/OAS2_0070/OAS2_0070_slice_18_z167.png,Non-Demented/OAS2_0070/OAS2_0070_slice_18_z167.png,OAS2_0070,Non-Demented,0,1,Very Mild Dementia,0,-4.137286939242609,6.480611262101506,-0.8068570218080175,-1.082260033709933
OASIS_2,LinearSVM,47,test,gaussian_blur__moderate,gaussian_blur,moderate,D:\OASIS_2\distortions_64\gaussian_blur\moderate\Non_Demented\OAS2_0070\OAS2_0070_slice_19_z173.png,Non_Demented/OAS2_0070/OAS2_0070_slice_19_z173.png,Non-Demented/OAS2_0070/OAS2_0070_slice_19_z173.png,OAS2_0070,Non-Demented,0,1,Very Mild Dementia,0,-2.6181405156218442,3.011812944412113,-0.8019863956009937,-1.0070862707914272
OASIS_2,LinearSVM,47,test,gaussian_blur__moderate,gaussian_blur,moderate,D:\OASIS_2\distortions_64\gaussian_blur\moderate\Non_Demented\OAS2_0070\OAS2_0070_slice_20_z178.png,Non_Demented/OAS2_0070/OAS2_0070_slice_20_z178.png,Non-Demented/OAS2_0070/OAS2_0070_slice_20_z178.png,OAS2_0070,Non-Demented,0,1,Very Mild Dementia,0,-2.5165653412361864,2.1189721090450364,-1.1839185808679784,-0.9284632926929077
OASIS_2,LinearSVM,47,test,gaussian_blur__moderate,gaussian_blur,moderate,D:\OASIS_2\distortions_64\gaussian_blur\moderate\Non_Demented\OAS2_0128\OAS2_0128_slice_01_z077.png,Non_Demented/OAS2_0128/OAS2_0128_slice_01_z077.png,Non-Demented/OAS2_0128/OAS2_0128_slice_01_z077.png,OAS2_0128,Non-Demented,0,2,Mild Dementia,0,-0.44030082774679774,-0.6544103971620148,0.2782918120322848,-1.2211007982832602
OASIS_2,LinearSVM,47,test,gaussian_blur__moderate,gaussian_blur,moderate,D:\OASIS_2\distortions_64\gaussian_blur\moderate\Non_Demented\OAS2_0128\OAS2_0128_slice_02_z082.png,Non_Demented/OAS2_0128/OAS2_0128_slice_02_z082.png,Non-Demented/OAS2_0128/OAS2_0128_slice_02_z082.png,OAS2_0128,Non-Demented,0,2,Mild Dementia,0,-1.3609606989330574,-0.5606699343495563,0.5209594087230871,-1.2827825798594492
OASIS_2,LinearSVM,47,test,gaussian_blur__moderate,gaussian_blur,moderate,D:\OASIS_2\distortions_64\gaussian_blur\moderate\Non_Demented\OAS2_0128\OAS2_0128_slice_03_z088.png,Non_Demented/OAS2_0128/OAS2_0128_slice_03_z088.png,Non-Demented/OAS2_0128/OAS2_0128_slice_03_z088.png,OAS2_0128,Non-Demented,0,2,Mild Dementia,0,-1.2835302641589243,-0.47289886434483763,0.26138640084448905,-1.0703898153786926
OASIS_2,LinearSVM,47,test,gaussian_blur__moderate,gaussian_blur,moderate,D:\OASIS_2\distortions_64\gaussian_blur\moderate\Non_Demented\OAS2_0128\OAS2_0128_slice_04_z093.png,Non_Demented/OAS2_0128/OAS2_0128_slice_04_z093.png,Non-Demented/OAS2_0128/OAS2_0128_slice_04_z093.png,OAS2_0128,Non-Demented,0,2,Mild Dementia,0,-0.9454770017541634,-0.16842498472985493,0.04169033085285667,-1.2555165595754152
OASIS_2,LinearSVM,47,test,gaussian_blur__moderate,gaussian_blur,moderate,D:\OASIS_2\distortions_64\gaussian_blur\moderate\Non_Demented\OAS2_0128\OAS2_0128_slice_05_z098.png,Non_Demented/OAS2_0128/OAS2_0128_slice_05_z098.png,Non-Demented/OAS2_0128/OAS2_0128_slice_05_z098.png,OAS2_0128,Non-Demented,0,2,Mild Dementia,0,-0.23405952451124507,-1.6926466369905167,0.07514779636219027,-1.250251346228635
OASIS_2,LinearSVM,47,test,gaussian_blur__moderate,gaussian_blur,moderate,D:\OASIS_2\distortions_64\gaussian_blur\moderate\Non_Demented\OAS2_0128\OAS2_0128_slice_06_z104.png,Non_Demented/OAS2_0128/OAS2_0128_slice_06_z104.png,Non-Demented/OAS2_0128/OAS2_0128_slice_06_z104.png,OAS2_0128,Non-Demented,0,0,Non-Demented,1,0.5210745774916217,-1.4258000124191035,-1.017053144235757,-1.1979022093353437
OASIS_2,LinearSVM,47,test,gaussian_blur__moderate,gaussian_blur,moderate,D:\OASIS_2\distortions_64\gaussian_blur\moderate\Non_Demented\OAS2_0128\OAS2_0128_slice_07_z109.png,Non_Demented/OAS2_0128/OAS2_0128_slice_07_z109.png,Non-Demented/OAS2_0128/OAS2_0128_slice_07_z109.png,OAS2_0128,Non-Demented,0,0,Non-Demented,1,0.9999570183820402,-2.247661800854382,-0.5867436331669276,-1.2134296707697463
OASIS_2,LinearSVM,47,test,gaussian_blur__moderate,gaussian_blur,moderate,D:\OASIS_2\distortions_64\gaussian_blur\moderate\Non_Demented\OAS2_0128\OAS2_0128_slice_08_z114.png,Non_Demented/OAS2_0128/OAS2_0128_slice_08_z114.png,Non-Demented/OAS2_0128/OAS2_0128_slice_08_z114.png,OAS2_0128,Non-Demented,0,0,Non-Demented,1,0.4781275975962033,-1.7413772640860994,-0.13119216584456384,-1.0973119743066242
OASIS_2,LinearSVM,47,test,gaussian_blur__moderate,gaussian_blur,moderate,D:\OASIS_2\distortions_64\gaussian_blur\moderate\Non_Demented\OAS2_0128\OAS2_0128_slice_09_z120.png,Non_Demented/OAS2_0128/OAS2_0128_slice_09_z120.png,Non-Demented/OAS2_0128/OAS2_0128_slice_09_z120.png,OAS2_0128,Non-Demented,0,0,Non-Demented,1,2.4955166592626616,-2.9934876540224584,-0.4894229447066003,-1.2330605153234306
OASIS_2,LinearSVM,47,test,gaussian_blur__moderate,gaussian_blur,moderate,D:\OASIS_2\distortions_64\gaussian_blur\moderate\Non_Demented\OAS2_0128\OAS2_0128_slice_10_z125.png,Non_Demented/OAS2_0128/OAS2_0128_slice_10_z125.png,Non-Demented/OAS2_0128/OAS2_0128_slice_10_z125.png,OAS2_0128,Non-Demented,0,0,Non-Demented,1,2.073959475871786,-2.895342360981129,-0.6826883126270056,-1.1322790448105737
OASIS_2,LinearSVM,47,test,gaussian_blur__moderate,gaussian_blur,moderate,D:\OASIS_2\distortions_64\gaussian_blur\moderate\Non_Demented\OAS2_0128\OAS2_0128_slice_11_z130.png,Non_Demented/OAS2_0128/OAS2_0128_slice_11_z130.png,Non-Demented/OAS2_0128/OAS2_0128_slice_11_z130.png,OAS2_0128,Non-Demented,0,0,Non-Demented,1,0.5022024574373495,-2.052846008251155,0.17332050181814695,-1.0359096869880458
OASIS_2,LinearSVM,47,test,gaussian_blur__moderate,gaussian_blur,moderate,D:\OASIS_2\distortions_64\gaussian_blur\moderate\Non_Demented\OAS2_0128\OAS2_0128_slice_12_z135.png,Non_Demented/OAS2_0128/OAS2_0128_slice_12_z135.png,Non-Demented/OAS2_0128/OAS2_0128_slice_12_z135.png,OAS2_0128,Non-Demented,0,0,Non-Demented,1,0.5225130501696288,-2.3814406168019477,0.38862378199639513,-1.0446578159446929
OASIS_2,LinearSVM,47,test,gaussian_blur__moderate,gaussian_blur,moderate,D:\OASIS_2\distortions_64\gaussian_blur\moderate\Non_Demented\OAS2_0128\OAS2_0128_slice_13_z141.png,Non_Demented/OAS2_0128/OAS2_0128_slice_13_z141.png,Non-Demented/OAS2_0128/OAS2_0128_slice_13_z141.png,OAS2_0128,Non-Demented,0,0,Non-Demented,1,0.7844021796594186,-1.9311557850503316,0.07535235765839854,-1.1680066218120366
OASIS_2,LinearSVM,47,test,gaussian_blur__moderate,gaussian_blur,moderate,D:\OASIS_2\distortions_64\gaussian_blur\moderate\Non_Demented\OAS2_0128\OAS2_0128_slice_14_z146.png,Non_Demented/OAS2_0128/OAS2_0128_slice_14_z146.png,Non-Demented/OAS2_0128/OAS2_0128_slice_14_z146.png,OAS2_0128,Non-Demented,0,0,Non-Demented,1,0.4992845629734504,-1.3260777922606535,-0.3654046918678209,-1.0216327592069308
OASIS_2,LinearSVM,47,test,gaussian_blur__moderate,gaussian_blur,moderate,D:\OASIS_2\distortions_64\gaussian_blur\moderate\Non_Demented\OAS2_0128\OAS2_0128_slice_15_z151.png,Non_Demented/OAS2_0128/OAS2_0128_slice_15_z151.png,Non-Demented/OAS2_0128/OAS2_0128_slice_15_z151.png,OAS2_0128,Non-Demented,0,0,Non-Demented,1,0.027545809988602718,-0.6021978431993504,-0.5829702171614215,-1.127647061633166
OASIS_2,LinearSVM,47,test,gaussian_blur__moderate,gaussian_blur,moderate,D:\OASIS_2\distortions_64\gaussian_blur\moderate\Non_Demented\OAS2_0128\OAS2_0128_slice_16_z157.png,Non_Demented/OAS2_0128/OAS2_0128_slice_16_z157.png,Non-Demented/OAS2_0128/OAS2_0128_slice_16_z157.png,OAS2_0128,Non-Demented,0,0,Non-Demented,1,0.5763348587700847,-0.7357137845422084,-1.12810504893011,-1.190078843854507
OASIS_2,LinearSVM,47,test,gaussian_blur__moderate,gaussian_blur,moderate,D:\OASIS_2\distortions_64\gaussian_blur\moderate\Non_Demented\OAS2_0128\OAS2_0128_slice_17_z162.png,Non_Demented/OAS2_0128/OAS2_0128_slice_17_z162.png,Non-Demented/OAS2_0128/OAS2_0128_slice_17_z162.png,OAS2_0128,Non-Demented,0,0,Non-Demented,1,0.07086634977376823,-0.8907444131706896,-0.6491154253438438,-1.0831176086948202
OASIS_2,LinearSVM,47,test,gaussian_blur__moderate,gaussian_blur,moderate,D:\OASIS_2\distortions_64\gaussian_blur\moderate\Non_Demented\OAS2_0128\OAS2_0128_slice_18_z167.png,Non_Demented/OAS2_0128/OAS2_0128_slice_18_z167.png,Non-Demented/OAS2_0128/OAS2_0128_slice_18_z167.png,OAS2_0128,Non-Demented,0,0,Non-Demented,1,0.03600654209023153,-1.9504316642531474,-0.3402186755583627,-1.0906927980891499
OASIS_2,LinearSVM,47,test,gaussian_blur__moderate,gaussian_blur,moderate,D:\OASIS_2\distortions_64\gaussian_blur\moderate\Non_Demented\OAS2_0128\OAS2_0128_slice_19_z173.png,Non_Demented/OAS2_0128/OAS2_0128_slice_19_z173.png,Non-Demented/OAS2_0128/OAS2_0128_slice_19_z173.png,OAS2_0128,Non-Demented,0,0,Non-Demented,1,0.9925773086434514,-1.66240918945742,-0.029010334610470423,-1.129454108254423
OASIS_2,LinearSVM,47,test,gaussian_blur__moderate,gaussian_blur,moderate,D:\OASIS_2\distortions_64\gaussian_blur\moderate\Non_Demented\OAS2_0128\OAS2_0128_slice_20_z178.png,Non_Demented/OAS2_0128/OAS2_0128_slice_20_z178.png,Non-Demented/OAS2_0128/OAS2_0128_slice_20_z178.png,OAS2_0128,Non-Demented,0,0,Non-Demented,1,-0.16247545576973715,-0.8856246057831523,-0.22384428863380834,-1.0740235856898013
OASIS_2,LinearSVM,47,test,gaussian_blur__moderate,gaussian_blur,moderate,D:\OASIS_2\distortions_64\gaussian_blur\moderate\Non_Demented\OAS2_0135\OAS2_0135_slice_01_z077.png,Non_Demented/OAS2_0135/OAS2_0135_slice_01_z077.png,Non-Demented/OAS2_0135/OAS2_0135_slice_01_z077.png,OAS2_0135,Non-Demented,0,1,Very Mild Dementia,0,-1.965916439474303,1.2343781945211865,0.44584106911841626,-1.2493870493540524
OASIS_2,LinearSVM,47,test,gaussian_blur__moderate,gaussian_blur,moderate,D:\OASIS_2\distortions_64\gaussian_blur\moderate\Non_Demented\OAS2_0135\OAS2_0135_slice_02_z082.png,Non_Demented/OAS2_0135/OAS2_0135_slice_02_z082.png,Non-Demented/OAS2_0135/OAS2_0135_slice_02_z082.png,OAS2_0135,Non-Demented,0,1,Very Mild Dementia,0,-0.3357259296456567,-0.2903790270513032,-0.5538309013657614,-1.1902677684959049
OASIS_2,LinearSVM,47,test,gaussian_blur__moderate,gaussian_blur,moderate,D:\OASIS_2\distortions_64\gaussian_blur\moderate\Non_Demented\OAS2_0135\OAS2_0135_slice_03_z088.png,Non_Demented/OAS2_0135/OAS2_0135_slice_03_z088.png,Non-Demented/OAS2_0135/OAS2_0135_slice_03_z088.png,OAS2_0135,Non-Demented,0,0,Non-Demented,1,0.7715603552175049,-0.25007456505079817,-0.2872051785060754,-1.4015074393538385
OASIS_2,LinearSVM,47,test,gaussian_blur__moderate,gaussian_blur,moderate,D:\OASIS_2\distortions_64\gaussian_blur\moderate\Non_Demented\OAS2_0135\OAS2_0135_slice_04_z093.png,Non_Demented/OAS2_0135/OAS2_0135_slice_04_z093.png,Non-Demented/OAS2_0135/OAS2_0135_slice_04_z093.png,OAS2_0135,Non-Demented,0,0,Non-Demented,1,2.140868341680616,-1.1499583017703554,-1.4131714848259904,-1.1180585797419862
OASIS_2,LinearSVM,47,test,gaussian_blur__moderate,gaussian_blur,moderate,D:\OASIS_2\distortions_64\gaussian_blur\moderate\Non_Demented\OAS2_0135\OAS2_0135_slice_05_z098.png,Non_Demented/OAS2_0135/OAS2_0135_slice_05_z098.png,Non-Demented/OAS2_0135/OAS2_0135_slice_05_z098.png,OAS2_0135,Non-Demented,0,0,Non-Demented,1,3.1018892953554946,-3.183509381247708,-1.0186764185398487,-1.1145003022993178
OASIS_2,LinearSVM,47,test,gaussian_blur__moderate,gaussian_blur,moderate,D:\OASIS_2\distortions_64\gaussian_blur\moderate\Non_Demented\OAS2_0135\OAS2_0135_slice_06_z104.png,Non_Demented/OAS2_0135/OAS2_0135_slice_06_z104.png,Non-Demented/OAS2_0135/OAS2_0135_slice_06_z104.png,OAS2_0135,Non-Demented,0,0,Non-Demented,1,3.8514533748088806,-3.075456021988381,-1.0364021510534218,-1.262244540914578
OASIS_2,LinearSVM,47,test,gaussian_blur__moderate,gaussian_blur,moderate,D:\OASIS_2\distortions_64\gaussian_blur\moderate\Non_Demented\OAS2_0135\OAS2_0135_slice_07_z109.png,Non_Demented/OAS2_0135/OAS2_0135_slice_07_z109.png,Non-Demented/OAS2_0135/OAS2_0135_slice_07_z109.png,OAS2_0135,Non-Demented,0,0,Non-Demented,1,1.0158573372116857,-1.007579014164171,-0.31715377454837945,-1.1635331118633088
OASIS_2,LinearSVM,47,test,gaussian_blur__moderate,gaussian_blur,moderate,D:\OASIS_2\distortions_64\gaussian_blur\moderate\Non_Demented\OAS2_0135\OAS2_0135_slice_08_z114.png,Non_Demented/OAS2_0135/OAS2_0135_slice_08_z114.png,Non-Demented/OAS2_0135/OAS2_0135_slice_08_z114.png,OAS2_0135,Non-Demented,0,0,Non-Demented,1,1.0673915027909047,-1.0331097481826286,-0.2466249510106624,-1.3870864287082472
OASIS_2,LinearSVM,47,test,gaussian_blur__moderate,gaussian_blur,moderate,D:\OASIS_2\distortions_64\gaussian_blur\moderate\Non_Demented\OAS2_0135\OAS2_0135_slice_09_z120.png,Non_Demented/OAS2_0135/OAS2_0135_slice_09_z120.png,Non-Demented/OAS2_0135/OAS2_0135_slice_09_z120.png,OAS2_0135,Non-Demented,0,0,Non-Demented,1,0.8806180976742092,-0.3655737629137934,-0.7766904960284884,-1.2816342721764808
OASIS_2,LinearSVM,47,test,gaussian_blur__moderate,gaussian_blur,moderate,D:\OASIS_2\distortions_64\gaussian_blur\moderate\Non_Demented\OAS2_0135\OAS2_0135_slice_10_z125.png,Non_Demented/OAS2_0135/OAS2_0135_slice_10_z125.png,Non-Demented/OAS2_0135/OAS2_0135_slice_10_z125.png,OAS2_0135,Non-Demented,0,1,Very Mild Dementia,0,-0.8229818275088465,0.1654881561963576,-0.5815927213682781,-1.1802838796877713
OASIS_2,LinearSVM,47,test,gaussian_blur__moderate,gaussian_blur,moderate,D:\OASIS_2\distortions_64\gaussian_blur\moderate\Non_Demented\OAS2_0135\OAS2_0135_slice_11_z130.png,Non_Demented/OAS2_0135/OAS2_0135_slice_11_z130.png,Non-Demented/OAS2_0135/OAS2_0135_slice_11_z130.png,OAS2_0135,Non-Demented,0,0,Non-Demented,1,0.19929818640023805,0.05060640376563941,-0.5835812941400362,-1.07332410071921
OASIS_2,LinearSVM,47,test,gaussian_blur__moderate,gaussian_blur,moderate,D:\OASIS_2\distortions_64\gaussian_blur\moderate\Non_Demented\OAS2_0135\OAS2_0135_slice_12_z135.png,Non_Demented/OAS2_0135/OAS2_0135_slice_12_z135.png,Non-Demented/OAS2_0135/OAS2_0135_slice_12_z135.png,OAS2_0135,Non-Demented,0,1,Very Mild Dementia,0,-0.4268315001440304,0.712309076063038,-0.8664542159428834,-1.2720980890417952
OASIS_2,LinearSVM,47,test,gaussian_blur__moderate,gaussian_blur,moderate,D:\OASIS_2\distortions_64\gaussian_blur\moderate\Non_Demented\OAS2_0135\OAS2_0135_slice_13_z141.png,Non_Demented/OAS2_0135/OAS2_0135_slice_13_z141.png,Non-Demented/OAS2_0135/OAS2_0135_slice_13_z141.png,OAS2_0135,Non-Demented,0,1,Very Mild Dementia,0,-0.1868859358650125,0.4663030574988598,-0.9506933902005846,-1.1118121372763583
OASIS_2,LinearSVM,47,test,gaussian_blur__moderate,gaussian_blur,moderate,D:\OASIS_2\distortions_64\gaussian_blur\moderate\Non_Demented\OAS2_0135\OAS2_0135_slice_14_z146.png,Non_Demented/OAS2_0135/OAS2_0135_slice_14_z146.png,Non-Demented/OAS2_0135/OAS2_0135_slice_14_z146.png,OAS2_0135,Non-Demented,0,0,Non-Demented,1,0.5925524887429964,-0.5666967544780293,-0.3297698538197127,-1.0973560017320982
OASIS_2,LinearSVM,47,test,gaussian_blur__moderate,gaussian_blur,moderate,D:\OASIS_2\distortions_64\gaussian_blur\moderate\Non_Demented\OAS2_0135\OAS2_0135_slice_15_z151.png,Non_Demented/OAS2_0135/OAS2_0135_slice_15_z151.png,Non-Demented/OAS2_0135/OAS2_0135_slice_15_z151.png,OAS2_0135,Non-Demented,0,0,Non-Demented,1,0.5930350049349719,-0.513021057337592,-1.0857390089185242,-1.1492801977964773
OASIS_2,LinearSVM,47,test,gaussian_blur__moderate,gaussian_blur,moderate,D:\OASIS_2\distortions_64\gaussian_blur\moderate\Non_Demented\OAS2_0135\OAS2_0135_slice_16_z157.png,Non_Demented/OAS2_0135/OAS2_0135_slice_16_z157.png,Non-Demented/OAS2_0135/OAS2_0135_slice_16_z157.png,OAS2_0135,Non-Demented,0,0,Non-Demented,1,0.7967126828023575,-1.1904910095919699,-0.7173361176698687,-1.1304914671903
OASIS_2,LinearSVM,47,test,gaussian_blur__moderate,gaussian_blur,moderate,D:\OASIS_2\distortions_64\gaussian_blur\moderate\Non_Demented\OAS2_0135\OAS2_0135_slice_17_z162.png,Non_Demented/OAS2_0135/OAS2_0135_slice_17_z162.png,Non-Demented/OAS2_0135/OAS2_0135_slice_17_z162.png,OAS2_0135,Non-Demented,0,0,Non-Demented,1,0.21614640761680354,-0.6671285510477524,-0.8055140131999124,-1.1649015530778193
OASIS_2,LinearSVM,47,test,gaussian_blur__moderate,gaussian_blur,moderate,D:\OASIS_2\distortions_64\gaussian_blur\moderate\Non_Demented\OAS2_0135\OAS2_0135_slice_18_z167.png,Non_Demented/OAS2_0135/OAS2_0135_slice_18_z167.png,Non-Demented/OAS2_0135/OAS2_0135_slice_18_z167.png,OAS2_0135,Non-Demented,0,1,Very Mild Dementia,0,-0.61638195997918,-0.275130483822444,-0.4039699466879514,-1.0572122447402479
OASIS_2,LinearSVM,47,test,gaussian_blur__moderate,gaussian_blur,moderate,D:\OASIS_2\distortions_64\gaussian_blur\moderate\Non_Demented\OAS2_0135\OAS2_0135_slice_19_z173.png,Non_Demented/OAS2_0135/OAS2_0135_slice_19_z173.png,Non-Demented/OAS2_0135/OAS2_0135_slice_19_z173.png,OAS2_0135,Non-Demented,0,0,Non-Demented,1,0.5450839022543305,-0.8500225345996976,-1.2050804415302963,-1.179924409979551
OASIS_2,LinearSVM,47,test,gaussian_blur__moderate,gaussian_blur,moderate,D:\OASIS_2\distortions_64\gaussian_blur\moderate\Non_Demented\OAS2_0135\OAS2_0135_slice_20_z178.png,Non_Demented/OAS2_0135/OAS2_0135_slice_20_z178.png,Non-Demented/OAS2_0135/OAS2_0135_slice_20_z178.png,OAS2_0135,Non-Demented,0,0,Non-Demented,1,1.189671640996117,-2.20244713360478,-0.4229420339516381,-1.0598122961745786
OASIS_2,LinearSVM,47,test,gaussian_blur__moderate,gaussian_blur,moderate,D:\OASIS_2\distortions_64\gaussian_blur\moderate\Non_Demented\OAS2_0141\OAS2_0141_slice_01_z077.png,Non_Demented/OAS2_0141/OAS2_0141_slice_01_z077.png,Non-Demented/OAS2_0141/OAS2_0141_slice_01_z077.png,OAS2_0141,Non-Demented,0,0,Non-Demented,1,0.6085262733022797,-1.2528250120528066,-0.2118383330836282,-1.2497070464349926
OASIS_2,LinearSVM,47,test,gaussian_blur__moderate,gaussian_blur,moderate,D:\OASIS_2\distortions_64\gaussian_blur\moderate\Non_Demented\OAS2_0141\OAS2_0141_slice_02_z082.png,Non_Demented/OAS2_0141/OAS2_0141_slice_02_z082.png,Non-Demented/OAS2_0141/OAS2_0141_slice_02_z082.png,OAS2_0141,Non-Demented,0,0,Non-Demented,1,0.20127185681712345,-0.5602765169277438,-0.6736595676824237,-1.2623464265621585
OASIS_2,LinearSVM,47,test,gaussian_blur__moderate,gaussian_blur,moderate,D:\OASIS_2\distortions_64\gaussian_blur\moderate\Non_Demented\OAS2_0141\OAS2_0141_slice_03_z088.png,Non_Demented/OAS2_0141/OAS2_0141_slice_03_z088.png,Non-Demented/OAS2_0141/OAS2_0141_slice_03_z088.png,OAS2_0141,Non-Demented,0,0,Non-Demented,1,-0.1020018615159138,-1.2850005469509833,-0.25280058563677765,-1.1472163061873277
OASIS_2,LinearSVM,47,test,gaussian_blur__moderate,gaussian_blur,moderate,D:\OASIS_2\distortions_64\gaussian_blur\moderate\Non_Demented\OAS2_0141\OAS2_0141_slice_04_z093.png,Non_Demented/OAS2_0141/OAS2_0141_slice_04_z093.png,Non-Demented/OAS2_0141/OAS2_0141_slice_04_z093.png,OAS2_0141,Non-Demented,0,0,Non-Demented,1,1.057210910010806,-1.6772569625573677,-0.5510401089442849,-1.2489792860416986
OASIS_2,LinearSVM,47,test,gaussian_blur__moderate,gaussian_blur,moderate,D:\OASIS_2\distortions_64\gaussian_blur\moderate\Non_Demented\OAS2_0141\OAS2_0141_slice_05_z098.png,Non_Demented/OAS2_0141/OAS2_0141_slice_05_z098.png,Non-Demented/OAS2_0141/OAS2_0141_slice_05_z098.png,OAS2_0141,Non-Demented,0,0,Non-Demented,1,0.4454132007365162,-1.438604862118759,-0.05812331969107132,-1.1684782517924743
OASIS_2,LinearSVM,47,test,gaussian_blur__moderate,gaussian_blur,moderate,D:\OASIS_2\distortions_64\gaussian_blur\moderate\Non_Demented\OAS2_0141\OAS2_0141_slice_06_z104.png,Non_Demented/OAS2_0141/OAS2_0141_slice_06_z104.png,Non-Demented/OAS2_0141/OAS2_0141_slice_06_z104.png,OAS2_0141,Non-Demented,0,0,Non-Demented,1,1.2567666502133534,-2.2373720623786273,0.1504296290309033,-1.3132653176530236
OASIS_2,LinearSVM,47,test,gaussian_blur__moderate,gaussian_blur,moderate,D:\OASIS_2\distortions_64\gaussian_blur\moderate\Non_Demented\OAS2_0141\OAS2_0141_slice_07_z109.png,Non_Demented/OAS2_0141/OAS2_0141_slice_07_z109.png,Non-Demented/OAS2_0141/OAS2_0141_slice_07_z109.png,OAS2_0141,Non-Demented,0,0,Non-Demented,1,0.7260969288092765,-2.600461643671432,-0.009767239603920785,-1.2798005891973188
OASIS_2,LinearSVM,47,test,gaussian_blur__moderate,gaussian_blur,moderate,D:\OASIS_2\distortions_64\gaussian_blur\moderate\Non_Demented\OAS2_0141\OAS2_0141_slice_08_z114.png,Non_Demented/OAS2_0141/OAS2_0141_slice_08_z114.png,Non-Demented/OAS2_0141/OAS2_0141_slice_08_z114.png,OAS2_0141,Non-Demented,0,0,Non-Demented,1,0.379920302886595,-1.986351604087156,0.18267359644012293,-1.2674502367447453
OASIS_2,LinearSVM,47,test,gaussian_blur__moderate,gaussian_blur,moderate,D:\OASIS_2\distortions_64\gaussian_blur\moderate\Non_Demented\OAS2_0141\OAS2_0141_slice_09_z120.png,Non_Demented/OAS2_0141/OAS2_0141_slice_09_z120.png,Non-Demented/OAS2_0141/OAS2_0141_slice_09_z120.png,OAS2_0141,Non-Demented,0,0,Non-Demented,1,1.3573227555982554,-2.8537361780503954,-0.06698757408233924,-1.2878176860206563
OASIS_2,LinearSVM,47,test,gaussian_blur__moderate,gaussian_blur,moderate,D:\OASIS_2\distortions_64\gaussian_blur\moderate\Non_Demented\OAS2_0141\OAS2_0141_slice_10_z125.png,Non_Demented/OAS2_0141/OAS2_0141_slice_10_z125.png,Non-Demented/OAS2_0141/OAS2_0141_slice_10_z125.png,OAS2_0141,Non-Demented,0,0,Non-Demented,1,2.413005102220947,-2.3252067037651676,-0.9276889365956286,-1.1332001897435597
OASIS_2,LinearSVM,47,test,gaussian_blur__moderate,gaussian_blur,moderate,D:\OASIS_2\distortions_64\gaussian_blur\moderate\Non_Demented\OAS2_0141\OAS2_0141_slice_11_z130.png,Non_Demented/OAS2_0141/OAS2_0141_slice_11_z130.png,Non-Demented/OAS2_0141/OAS2_0141_slice_11_z130.png,OAS2_0141,Non-Demented,0,0,Non-Demented,1,1.414129622426724,-1.827886821929907,-0.9494209723866517,-1.218083620074772
OASIS_2,LinearSVM,47,test,gaussian_blur__moderate,gaussian_blur,moderate,D:\OASIS_2\distortions_64\gaussian_blur\moderate\Non_Demented\OAS2_0141\OAS2_0141_slice_12_z135.png,Non_Demented/OAS2_0141/OAS2_0141_slice_12_z135.png,Non-Demented/OAS2_0141/OAS2_0141_slice_12_z135.png,OAS2_0141,Non-Demented,0,0,Non-Demented,1,1.5246589186032906,-2.0852788669708398,-0.3106207289412346,-1.3035737641250278
OASIS_2,LinearSVM,47,test,gaussian_blur__moderate,gaussian_blur,moderate,D:\OASIS_2\distortions_64\gaussian_blur\moderate\Non_Demented\OAS2_0141\OAS2_0141_slice_13_z141.png,Non_Demented/OAS2_0141/OAS2_0141_slice_13_z141.png,Non-Demented/OAS2_0141/OAS2_0141_slice_13_z141.png,OAS2_0141,Non-Demented,0,0,Non-Demented,1,1.2402696683071677,-2.018826528367933,-0.166202359257411,-1.269465210609701
OASIS_2,LinearSVM,47,test,gaussian_blur__moderate,gaussian_blur,moderate,D:\OASIS_2\distortions_64\gaussian_blur\moderate\Non_Demented\OAS2_0141\OAS2_0141_slice_14_z146.png,Non_Demented/OAS2_0141/OAS2_0141_slice_14_z146.png,Non-Demented/OAS2_0141/OAS2_0141_slice_14_z146.png,OAS2_0141,Non-Demented,0,0,Non-Demented,1,1.6314775155985706,-2.149089762824719,-0.5666931728643648,-1.2356747570495685
OASIS_2,LinearSVM,47,test,gaussian_blur__moderate,gaussian_blur,moderate,D:\OASIS_2\distortions_64\gaussian_blur\moderate\Non_Demented\OAS2_0141\OAS2_0141_slice_15_z151.png,Non_Demented/OAS2_0141/OAS2_0141_slice_15_z151.png,Non-Demented/OAS2_0141/OAS2_0141_slice_15_z151.png,OAS2_0141,Non-Demented,0,0,Non-Demented,1,2.136935076324994,-3.341418660043508,0.4598718917178053,-1.2182822050745972
OASIS_2,LinearSVM,47,test,gaussian_blur__moderate,gaussian_blur,moderate,D:\OASIS_2\distortions_64\gaussian_blur\moderate\Non_Demented\OAS2_0141\OAS2_0141_slice_16_z157.png,Non_Demented/OAS2_0141/OAS2_0141_slice_16_z157.png,Non-Demented/OAS2_0141/OAS2_0141_slice_16_z157.png,OAS2_0141,Non-Demented,0,0,Non-Demented,1,2.5044597272393507,-3.380820479616732,0.4572859084622638,-1.208646496695157
OASIS_2,LinearSVM,47,test,gaussian_blur__moderate,gaussian_blur,moderate,D:\OASIS_2\distortions_64\gaussian_blur\moderate\Non_Demented\OAS2_0141\OAS2_0141_slice_17_z162.png,Non_Demented/OAS2_0141/OAS2_0141_slice_17_z162.png,Non-Demented/OAS2_0141/OAS2_0141_slice_17_z162.png,OAS2_0141,Non-Demented,0,0,Non-Demented,1,1.3746790936301079,-2.3637415131107935,-0.031870046154514164,-1.2852334596218518
OASIS_2,LinearSVM,47,test,gaussian_blur__moderate,gaussian_blur,moderate,D:\OASIS_2\distortions_64\gaussian_blur\moderate\Non_Demented\OAS2_0141\OAS2_0141_slice_18_z167.png,Non_Demented/OAS2_0141/OAS2_0141_slice_18_z167.png,Non-Demented/OAS2_0141/OAS2_0141_slice_18_z167.png,OAS2_0141,Non-Demented,0,0,Non-Demented,1,0.9192516286133113,-1.6186481683341054,0.014891615152009763,-1.2192429556918425
OASIS_2,LinearSVM,47,test,gaussian_blur__moderate,gaussian_blur,moderate,D:\OASIS_2\distortions_64\gaussian_blur\moderate\Non_Demented\OAS2_0141\OAS2_0141_slice_19_z173.png,Non_Demented/OAS2_0141/OAS2_0141_slice_19_z173.png,Non-Demented/OAS2_0141/OAS2_0141_slice_19_z173.png,OAS2_0141,Non-Demented,0,0,Non-Demented,1,0.8988656926968354,-2.4292981141610452,0.3985775726403349,-1.0852939966853243
OASIS_2,LinearSVM,47,test,gaussian_blur__moderate,gaussian_blur,moderate,D:\OASIS_2\distortions_64\gaussian_blur\moderate\Non_Demented\OAS2_0141\OAS2_0141_slice_20_z178.png,Non_Demented/OAS2_0141/OAS2_0141_slice_20_z178.png,Non-Demented/OAS2_0141/OAS2_0141_slice_20_z178.png,OAS2_0141,Non-Demented,0,0,Non-Demented,1,1.1054322982190319,-1.604854376755283,-0.06327987719981898,-1.2035924871868153
OASIS_2,LinearSVM,47,test,gaussian_blur__moderate,gaussian_blur,moderate,D:\OASIS_2\distortions_64\gaussian_blur\moderate\Non_Demented\OAS2_0171\OAS2_0171_slice_01_z077.png,Non_Demented/OAS2_0171/OAS2_0171_slice_01_z077.png,Non-Demented/OAS2_0171/OAS2_0171_slice_01_z077.png,OAS2_0171,Non-Demented,0,2,Mild Dementia,0,-0.13366576578417427,-1.0117604063351524,0.45046463712118445,-1.152405258061133
OASIS_2,LinearSVM,47,test,gaussian_blur__moderate,gaussian_blur,moderate,D:\OASIS_2\distortions_64\gaussian_blur\moderate\Non_Demented\OAS2_0171\OAS2_0171_slice_02_z082.png,Non_Demented/OAS2_0171/OAS2_0171_slice_02_z082.png,Non-Demented/OAS2_0171/OAS2_0171_slice_02_z082.png,OAS2_0171,Non-Demented,0,1,Very Mild Dementia,0,-1.559703096469655,0.5554662239409011,-0.6031457658155261,-1.179371181514509
OASIS_2,LinearSVM,47,test,gaussian_blur__moderate,gaussian_blur,moderate,D:\OASIS_2\distortions_64\gaussian_blur\moderate\Non_Demented\OAS2_0171\OAS2_0171_slice_03_z088.png,Non_Demented/OAS2_0171/OAS2_0171_slice_03_z088.png,Non-Demented/OAS2_0171/OAS2_0171_slice_03_z088.png,OAS2_0171,Non-Demented,0,1,Very Mild Dementia,0,-0.019550387590773807,0.1505476811490798,-0.9251856879225152,-1.1767568196365767
OASIS_2,LinearSVM,47,test,gaussian_blur__moderate,gaussian_blur,moderate,D:\OASIS_2\distortions_64\gaussian_blur\moderate\Non_Demented\OAS2_0171\OAS2_0171_slice_04_z093.png,Non_Demented/OAS2_0171/OAS2_0171_slice_04_z093.png,Non-Demented/OAS2_0171/OAS2_0171_slice_04_z093.png,OAS2_0171,Non-Demented,0,1,Very Mild Dementia,0,-1.491259560995819,1.3594689626031269,-0.6276728206124584,-1.24995876692689
OASIS_2,LinearSVM,47,test,gaussian_blur__moderate,gaussian_blur,moderate,D:\OASIS_2\distortions_64\gaussian_blur\moderate\Non_Demented\OAS2_0171\OAS2_0171_slice_05_z098.png,Non_Demented/OAS2_0171/OAS2_0171_slice_05_z098.png,Non-Demented/OAS2_0171/OAS2_0171_slice_05_z098.png,OAS2_0171,Non-Demented,0,1,Very Mild Dementia,0,-1.1439854134533516,2.4571081629375797,-0.8984478260367474,-1.1505938378220413
OASIS_2,LinearSVM,47,test,gaussian_blur__moderate,gaussian_blur,moderate,D:\OASIS_2\distortions_64\gaussian_blur\moderate\Non_Demented\OAS2_0171\OAS2_0171_slice_06_z104.png,Non_Demented/OAS2_0171/OAS2_0171_slice_06_z104.png,Non-Demented/OAS2_0171/OAS2_0171_slice_06_z104.png,OAS2_0171,Non-Demented,0,1,Very Mild Dementia,0,-1.2438314118994305,1.506719181406927,-0.3177746345967858,-1.2034489809719846
OASIS_2,LinearSVM,47,test,gaussian_blur__moderate,gaussian_blur,moderate,D:\OASIS_2\distortions_64\gaussian_blur\moderate\Non_Demented\OAS2_0171\OAS2_0171_slice_07_z109.png,Non_Demented/OAS2_0171/OAS2_0171_slice_07_z109.png,Non-Demented/OAS2_0171/OAS2_0171_slice_07_z109.png,OAS2_0171,Non-Demented,0,1,Very Mild Dementia,0,0.49510845409465915,2.862836441286354,-1.562512799076282,-1.152033112043151
OASIS_2,LinearSVM,47,test,gaussian_blur__moderate,gaussian_blur,moderate,D:\OASIS_2\distortions_64\gaussian_blur\moderate\Non_Demented\OAS2_0171\OAS2_0171_slice_08_z114.png,Non_Demented/OAS2_0171/OAS2_0171_slice_08_z114.png,Non-Demented/OAS2_0171/OAS2_0171_slice_08_z114.png,OAS2_0171,Non-Demented,0,1,Very Mild Dementia,0,-1.1128054878710134,4.835162547714294,-1.5488140181368866,-1.1978112415889224
OASIS_2,LinearSVM,47,test,gaussian_blur__moderate,gaussian_blur,moderate,D:\OASIS_2\distortions_64\gaussian_blur\moderate\Non_Demented\OAS2_0171\OAS2_0171_slice_09_z120.png,Non_Demented/OAS2_0171/OAS2_0171_slice_09_z120.png,Non-Demented/OAS2_0171/OAS2_0171_slice_09_z120.png,OAS2_0171,Non-Demented,0,1,Very Mild Dementia,0,-2.7046930691422157,4.742051107347166,-0.5914223629305285,-1.075483027551802
OASIS_2,LinearSVM,47,test,gaussian_blur__moderate,gaussian_blur,moderate,D:\OASIS_2\distortions_64\gaussian_blur\moderate\Non_Demented\OAS2_0171\OAS2_0171_slice_10_z125.png,Non_Demented/OAS2_0171/OAS2_0171_slice_10_z125.png,Non-Demented/OAS2_0171/OAS2_0171_slice_10_z125.png,OAS2_0171,Non-Demented,0,1,Very Mild Dementia,0,-4.843139741807605,6.657696820551739,0.10823177817815854,-1.1853082852761971
OASIS_2,LinearSVM,47,test,gaussian_blur__moderate,gaussian_blur,moderate,D:\OASIS_2\distortions_64\gaussian_blur\moderate\Non_Demented\OAS2_0171\OAS2_0171_slice_11_z130.png,Non_Demented/OAS2_0171/OAS2_0171_slice_11_z130.png,Non-Demented/OAS2_0171/OAS2_0171_slice_11_z130.png,OAS2_0171,Non-Demented,0,1,Very Mild Dementia,0,-3.4166542283288353,4.72242815031795,0.36978419597934287,-1.127138618632215
OASIS_2,LinearSVM,47,test,gaussian_blur__moderate,gaussian_blur,moderate,D:\OASIS_2\distortions_64\gaussian_blur\moderate\Non_Demented\OAS2_0171\OAS2_0171_slice_12_z135.png,Non_Demented/OAS2_0171/OAS2_0171_slice_12_z135.png,Non-Demented/OAS2_0171/OAS2_0171_slice_12_z135.png,OAS2_0171,Non-Demented,0,1,Very Mild Dementia,0,-4.785481436185297,5.475110344835154,0.2630311004079906,-0.9573823303866276
OASIS_2,LinearSVM,47,test,gaussian_blur__moderate,gaussian_blur,moderate,D:\OASIS_2\distortions_64\gaussian_blur\moderate\Non_Demented\OAS2_0171\OAS2_0171_slice_13_z141.png,Non_Demented/OAS2_0171/OAS2_0171_slice_13_z141.png,Non-Demented/OAS2_0171/OAS2_0171_slice_13_z141.png,OAS2_0171,Non-Demented,0,1,Very Mild Dementia,0,-1.36361952086264,2.85649059151737,-0.22935923285851345,-1.2484750118703656
OASIS_2,LinearSVM,47,test,gaussian_blur__moderate,gaussian_blur,moderate,D:\OASIS_2\distortions_64\gaussian_blur\moderate\Non_Demented\OAS2_0171\OAS2_0171_slice_14_z146.png,Non_Demented/OAS2_0171/OAS2_0171_slice_14_z146.png,Non-Demented/OAS2_0171/OAS2_0171_slice_14_z146.png,OAS2_0171,Non-Demented,0,1,Very Mild Dementia,0,-2.0962235330233834,2.0067904455133485,0.11291524401092978,-1.0469871689985786
OASIS_2,LinearSVM,47,test,gaussian_blur__moderate,gaussian_blur,moderate,D:\OASIS_2\distortions_64\gaussian_blur\moderate\Non_Demented\OAS2_0171\OAS2_0171_slice_15_z151.png,Non_Demented/OAS2_0171/OAS2_0171_slice_15_z151.png,Non-Demented/OAS2_0171/OAS2_0171_slice_15_z151.png,OAS2_0171,Non-Demented,0,1,Very Mild Dementia,0,-2.343378488029808,1.8804079239562868,-0.7270449853455156,-0.9690986942816825
OASIS_2,LinearSVM,47,test,gaussian_blur__moderate,gaussian_blur,moderate,D:\OASIS_2\distortions_64\gaussian_blur\moderate\Non_Demented\OAS2_0171\OAS2_0171_slice_16_z157.png,Non_Demented/OAS2_0171/OAS2_0171_slice_16_z157.png,Non-Demented/OAS2_0171/OAS2_0171_slice_16_z157.png,OAS2_0171,Non-Demented,0,1,Very Mild Dementia,0,-0.6929319407696392,0.7017869428515788,-0.765818295046051,-1.1504290203100438
OASIS_2,LinearSVM,47,test,gaussian_blur__moderate,gaussian_blur,moderate,D:\OASIS_2\distortions_64\gaussian_blur\moderate\Non_Demented\OAS2_0171\OAS2_0171_slice_17_z162.png,Non_Demented/OAS2_0171/OAS2_0171_slice_17_z162.png,Non-Demented/OAS2_0171/OAS2_0171_slice_17_z162.png,OAS2_0171,Non-Demented,0,1,Very Mild Dementia,0,0.33443686910807174,0.4128415370035381,-1.9867784327977231,-1.0339096840895834
OASIS_2,LinearSVM,47,test,gaussian_blur__moderate,gaussian_blur,moderate,D:\OASIS_2\distortions_64\gaussian_blur\moderate\Non_Demented\OAS2_0171\OAS2_0171_slice_18_z167.png,Non_Demented/OAS2_0171/OAS2_0171_slice_18_z167.png,Non-Demented/OAS2_0171/OAS2_0171_slice_18_z167.png,OAS2_0171,Non-Demented,0,0,Non-Demented,1,-0.27270346047539124,-0.39847528915358854,-1.2100359521144561,-1.0376758867460056
OASIS_2,LinearSVM,47,test,gaussian_blur__moderate,gaussian_blur,moderate,D:\OASIS_2\distortions_64\gaussian_blur\moderate\Non_Demented\OAS2_0171\OAS2_0171_slice_19_z173.png,Non_Demented/OAS2_0171/OAS2_0171_slice_19_z173.png,Non-Demented/OAS2_0171/OAS2_0171_slice_19_z173.png,OAS2_0171,Non-Demented,0,1,Very Mild Dementia,0,-0.46147557042683124,-0.41986135748145165,-1.4295182091334926,-1.0340616207458195
OASIS_2,LinearSVM,47,test,gaussian_blur__moderate,gaussian_blur,moderate,D:\OASIS_2\distortions_64\gaussian_blur\moderate\Non_Demented\OAS2_0171\OAS2_0171_slice_20_z178.png,Non_Demented/OAS2_0171/OAS2_0171_slice_20_z178.png,Non-Demented/OAS2_0171/OAS2_0171_slice_20_z178.png,OAS2_0171,Non-Demented,0,0,Non-Demented,1,0.3113886377394902,-0.37209748098845286,-1.5304827302496276,-0.9073495212343023
OASIS_2,LinearSVM,47,test,gaussian_blur__moderate,gaussian_blur,moderate,D:\OASIS_2\distortions_64\gaussian_blur\moderate\Very_Mild_Dementia\OAS2_0009\OAS2_0009_slice_01_z077.png,Very_Mild_Dementia/OAS2_0009/OAS2_0009_slice_01_z077.png,Very Mild Dementia/OAS2_0009/OAS2_0009_slice_01_z077.png,OAS2_0009,Very Mild Dementia,1,2,Mild Dementia,0,0.3128683494284967,-2.2465372270842994,0.3185331455858633,-1.1615785416360271
OASIS_2,LinearSVM,47,test,gaussian_blur__moderate,gaussian_blur,moderate,D:\OASIS_2\distortions_64\gaussian_blur\moderate\Very_Mild_Dementia\OAS2_0009\OAS2_0009_slice_02_z082.png,Very_Mild_Dementia/OAS2_0009/OAS2_0009_slice_02_z082.png,Very Mild Dementia/OAS2_0009/OAS2_0009_slice_02_z082.png,OAS2_0009,Very Mild Dementia,1,0,Non-Demented,0,0.45657240398412074,-0.6484190553628486,-0.8830990307754887,-1.0769443919770365
OASIS_2,LinearSVM,47,test,gaussian_blur__moderate,gaussian_blur,moderate,D:\OASIS_2\distortions_64\gaussian_blur\moderate\Very_Mild_Dementia\OAS2_0009\OAS2_0009_slice_03_z088.png,Very_Mild_Dementia/OAS2_0009/OAS2_0009_slice_03_z088.png,Very Mild Dementia/OAS2_0009/OAS2_0009_slice_03_z088.png,OAS2_0009,Very Mild Dementia,1,2,Mild Dementia,0,-0.4859438667325053,-0.84778203564601,-0.005979025863231957,-0.8438798618053807
OASIS_2,LinearSVM,47,test,gaussian_blur__moderate,gaussian_blur,moderate,D:\OASIS_2\distortions_64\gaussian_blur\moderate\Very_Mild_Dementia\OAS2_0009\OAS2_0009_slice_04_z093.png,Very_Mild_Dementia/OAS2_0009/OAS2_0009_slice_04_z093.png,Very Mild Dementia/OAS2_0009/OAS2_0009_slice_04_z093.png,OAS2_0009,Very Mild Dementia,1,0,Non-Demented,0,-0.1623797536161834,-1.0073968420522559,-1.1336206432421614,-0.9213224947913511
OASIS_2,LinearSVM,47,test,gaussian_blur__moderate,gaussian_blur,moderate,D:\OASIS_2\distortions_64\gaussian_blur\moderate\Very_Mild_Dementia\OAS2_0009\OAS2_0009_slice_05_z098.png,Very_Mild_Dementia/OAS2_0009/OAS2_0009_slice_05_z098.png,Very Mild Dementia/OAS2_0009/OAS2_0009_slice_05_z098.png,OAS2_0009,Very Mild Dementia,1,0,Non-Demented,0,0.3038804433848458,-1.8883090162004295,-0.47352382285515426,-0.9757061957344203
OASIS_2,LinearSVM,47,test,gaussian_blur__moderate,gaussian_blur,moderate,D:\OASIS_2\distortions_64\gaussian_blur\moderate\Very_Mild_Dementia\OAS2_0009\OAS2_0009_slice_06_z104.png,Very_Mild_Dementia/OAS2_0009/OAS2_0009_slice_06_z104.png,Very Mild Dementia/OAS2_0009/OAS2_0009_slice_06_z104.png,OAS2_0009,Very Mild Dementia,1,2,Mild Dementia,0,-0.9429612998089864,-0.40202142378937067,-0.3461587808034474,-0.956356477104248
OASIS_2,LinearSVM,47,test,gaussian_blur__moderate,gaussian_blur,moderate,D:\OASIS_2\distortions_64\gaussian_blur\moderate\Very_Mild_Dementia\OAS2_0009\OAS2_0009_slice_07_z109.png,Very_Mild_Dementia/OAS2_0009/OAS2_0009_slice_07_z109.png,Very Mild Dementia/OAS2_0009/OAS2_0009_slice_07_z109.png,OAS2_0009,Very Mild Dementia,1,1,Very Mild Dementia,1,-0.8551635183110785,0.1400861075761719,-0.563302041983007,-1.0382360207612165
OASIS_2,LinearSVM,47,test,gaussian_blur__moderate,gaussian_blur,moderate,D:\OASIS_2\distortions_64\gaussian_blur\moderate\Very_Mild_Dementia\OAS2_0009\OAS2_0009_slice_08_z114.png,Very_Mild_Dementia/OAS2_0009/OAS2_0009_slice_08_z114.png,Very Mild Dementia/OAS2_0009/OAS2_0009_slice_08_z114.png,OAS2_0009,Very Mild Dementia,1,2,Mild Dementia,0,-0.6049153094013023,-0.35674232955735874,-0.3123943403395081,-0.9500156926899042
OASIS_2,LinearSVM,47,test,gaussian_blur__moderate,gaussian_blur,moderate,D:\OASIS_2\distortions_64\gaussian_blur\moderate\Very_Mild_Dementia\OAS2_0009\OAS2_0009_slice_09_z120.png,Very_Mild_Dementia/OAS2_0009/OAS2_0009_slice_09_z120.png,Very Mild Dementia/OAS2_0009/OAS2_0009_slice_09_z120.png,OAS2_0009,Very Mild Dementia,1,0,Non-Demented,0,0.14790199053431613,-0.7811509117585538,-0.5691772319873353,-1.1514399969745774
OASIS_2,LinearSVM,47,test,gaussian_blur__moderate,gaussian_blur,moderate,D:\OASIS_2\distortions_64\gaussian_blur\moderate\Very_Mild_Dementia\OAS2_0009\OAS2_0009_slice_10_z125.png,Very_Mild_Dementia/OAS2_0009/OAS2_0009_slice_10_z125.png,Very Mild Dementia/OAS2_0009/OAS2_0009_slice_10_z125.png,OAS2_0009,Very Mild Dementia,1,0,Non-Demented,0,0.692320419163052,0.5902231233229775,-1.2084600465816107,-1.3054566243324377
OASIS_2,LinearSVM,47,test,gaussian_blur__moderate,gaussian_blur,moderate,D:\OASIS_2\distortions_64\gaussian_blur\moderate\Very_Mild_Dementia\OAS2_0009\OAS2_0009_slice_11_z130.png,Very_Mild_Dementia/OAS2_0009/OAS2_0009_slice_11_z130.png,Very Mild Dementia/OAS2_0009/OAS2_0009_slice_11_z130.png,OAS2_0009,Very Mild Dementia,1,1,Very Mild Dementia,1,-0.5423141116751179,-0.541124357380846,-0.8560516749530931,-1.2196578092867623
OASIS_2,LinearSVM,47,test,gaussian_blur__moderate,gaussian_blur,moderate,D:\OASIS_2\distortions_64\gaussian_blur\moderate\Very_Mild_Dementia\OAS2_0009\OAS2_0009_slice_12_z135.png,Very_Mild_Dementia/OAS2_0009/OAS2_0009_slice_12_z135.png,Very Mild Dementia/OAS2_0009/OAS2_0009_slice_12_z135.png,OAS2_0009,Very Mild Dementia,1,0,Non-Demented,0,0.6590673993372822,-1.3177166752313532,-1.324675781999313,-0.888663823179666
OASIS_2,LinearSVM,47,test,gaussian_blur__moderate,gaussian_blur,moderate,D:\OASIS_2\distortions_64\gaussian_blur\moderate\Very_Mild_Dementia\OAS2_0009\OAS2_0009_slice_13_z141.png,Very_Mild_Dementia/OAS2_0009/OAS2_0009_slice_13_z141.png,Very Mild Dementia/OAS2_0009/OAS2_0009_slice_13_z141.png,OAS2_0009,Very Mild Dementia,1,0,Non-Demented,0,-0.04320888979872177,-0.8864989835975916,-0.3172426158207118,-1.0622532647027736
OASIS_2,LinearSVM,47,test,gaussian_blur__moderate,gaussian_blur,moderate,D:\OASIS_2\distortions_64\gaussian_blur\moderate\Very_Mild_Dementia\OAS2_0009\OAS2_0009_slice_14_z146.png,Very_Mild_Dementia/OAS2_0009/OAS2_0009_slice_14_z146.png,Very Mild Dementia/OAS2_0009/OAS2_0009_slice_14_z146.png,OAS2_0009,Very Mild Dementia,1,1,Very Mild Dementia,1,-1.2243712174203683,0.7796378107390041,-1.2133420560814234,-0.9872377749988641
OASIS_2,LinearSVM,47,test,gaussian_blur__moderate,gaussian_blur,moderate,D:\OASIS_2\distortions_64\gaussian_blur\moderate\Very_Mild_Dementia\OAS2_0009\OAS2_0009_slice_15_z151.png,Very_Mild_Dementia/OAS2_0009/OAS2_0009_slice_15_z151.png,Very Mild Dementia/OAS2_0009/OAS2_0009_slice_15_z151.png,OAS2_0009,Very Mild Dementia,1,0,Non-Demented,0,0.44057849040494884,-0.7748953956550494,-1.1542384133494683,-1.0901485926547663
OASIS_2,LinearSVM,47,test,gaussian_blur__moderate,gaussian_blur,moderate,D:\OASIS_2\distortions_64\gaussian_blur\moderate\Very_Mild_Dementia\OAS2_0009\OAS2_0009_slice_16_z157.png,Very_Mild_Dementia/OAS2_0009/OAS2_0009_slice_16_z157.png,Very Mild Dementia/OAS2_0009/OAS2_0009_slice_16_z157.png,OAS2_0009,Very Mild Dementia,1,0,Non-Demented,0,0.9442707683324426,-0.21177225295851648,-1.2518343381517936,-1.0457748937399227
OASIS_2,LinearSVM,47,test,gaussian_blur__moderate,gaussian_blur,moderate,D:\OASIS_2\distortions_64\gaussian_blur\moderate\Very_Mild_Dementia\OAS2_0009\OAS2_0009_slice_17_z162.png,Very_Mild_Dementia/OAS2_0009/OAS2_0009_slice_17_z162.png,Very Mild Dementia/OAS2_0009/OAS2_0009_slice_17_z162.png,OAS2_0009,Very Mild Dementia,1,1,Very Mild Dementia,1,-0.16150370365473604,0.7343565740505378,-1.3612569417062867,-1.12859942586637
OASIS_2,LinearSVM,47,test,gaussian_blur__moderate,gaussian_blur,moderate,D:\OASIS_2\distortions_64\gaussian_blur\moderate\Very_Mild_Dementia\OAS2_0009\OAS2_0009_slice_18_z167.png,Very_Mild_Dementia/OAS2_0009/OAS2_0009_slice_18_z167.png,Very Mild Dementia/OAS2_0009/OAS2_0009_slice_18_z167.png,OAS2_0009,Very Mild Dementia,1,0,Non-Demented,0,-0.057171411601118924,-1.2213685925097477,-0.41502418338404035,-1.056012078670196
OASIS_2,LinearSVM,47,test,gaussian_blur__moderate,gaussian_blur,moderate,D:\OASIS_2\distortions_64\gaussian_blur\moderate\Very_Mild_Dementia\OAS2_0009\OAS2_0009_slice_19_z173.png,Very_Mild_Dementia/OAS2_0009/OAS2_0009_slice_19_z173.png,Very Mild Dementia/OAS2_0009/OAS2_0009_slice_19_z173.png,OAS2_0009,Very Mild Dementia,1,2,Mild Dementia,0,-0.10677732552577675,-2.618605952338413,0.9913890150873863,-1.0083724698443226
OASIS_2,LinearSVM,47,test,gaussian_blur__moderate,gaussian_blur,moderate,D:\OASIS_2\distortions_64\gaussian_blur\moderate\Very_Mild_Dementia\OAS2_0009\OAS2_0009_slice_20_z178.png,Very_Mild_Dementia/OAS2_0009/OAS2_0009_slice_20_z178.png,Very Mild Dementia/OAS2_0009/OAS2_0009_slice_20_z178.png,OAS2_0009,Very Mild Dementia,1,2,Mild Dementia,0,-1.4146345475524866,-0.38380800380560576,0.5829366964328591,-0.7466248758341864
OASIS_2,LinearSVM,47,test,gaussian_blur__moderate,gaussian_blur,moderate,D:\OASIS_2\distortions_64\gaussian_blur\moderate\Very_Mild_Dementia\OAS2_0020\OAS2_0020_slice_01_z077.png,Very_Mild_Dementia/OAS2_0020/OAS2_0020_slice_01_z077.png,Very Mild Dementia/OAS2_0020/OAS2_0020_slice_01_z077.png,OAS2_0020,Very Mild Dementia,1,0,Non-Demented,0,0.43854108867749947,-0.9575022223091966,-1.3435989152455745,-0.9742156407239464
OASIS_2,LinearSVM,47,test,gaussian_blur__moderate,gaussian_blur,moderate,D:\OASIS_2\distortions_64\gaussian_blur\moderate\Very_Mild_Dementia\OAS2_0020\OAS2_0020_slice_02_z082.png,Very_Mild_Dementia/OAS2_0020/OAS2_0020_slice_02_z082.png,Very Mild Dementia/OAS2_0020/OAS2_0020_slice_02_z082.png,OAS2_0020,Very Mild Dementia,1,0,Non-Demented,0,1.252724908357362,-1.3756917708818186,-2.1376468090137877,-0.871473581855139
OASIS_2,LinearSVM,47,test,gaussian_blur__moderate,gaussian_blur,moderate,D:\OASIS_2\distortions_64\gaussian_blur\moderate\Very_Mild_Dementia\OAS2_0020\OAS2_0020_slice_03_z088.png,Very_Mild_Dementia/OAS2_0020/OAS2_0020_slice_03_z088.png,Very Mild Dementia/OAS2_0020/OAS2_0020_slice_03_z088.png,OAS2_0020,Very Mild Dementia,1,0,Non-Demented,0,0.5005138033206828,-0.7974307378858072,-1.490222848528951,-0.8770685685063984
OASIS_2,LinearSVM,47,test,gaussian_blur__moderate,gaussian_blur,moderate,D:\OASIS_2\distortions_64\gaussian_blur\moderate\Very_Mild_Dementia\OAS2_0020\OAS2_0020_slice_04_z093.png,Very_Mild_Dementia/OAS2_0020/OAS2_0020_slice_04_z093.png,Very Mild Dementia/OAS2_0020/OAS2_0020_slice_04_z093.png,OAS2_0020,Very Mild Dementia,1,1,Very Mild Dementia,1,-0.042568289948176755,0.4805751913846944,-1.7341470458780681,-1.0184583385195036
OASIS_2,LinearSVM,47,test,gaussian_blur__moderate,gaussian_blur,moderate,D:\OASIS_2\distortions_64\gaussian_blur\moderate\Very_Mild_Dementia\OAS2_0020\OAS2_0020_slice_05_z098.png,Very_Mild_Dementia/OAS2_0020/OAS2_0020_slice_05_z098.png,Very Mild Dementia/OAS2_0020/OAS2_0020_slice_05_z098.png,OAS2_0020,Very Mild Dementia,1,1,Very Mild Dementia,1,-0.8648226537763106,0.16800122691474806,-0.8957492402711709,-1.135647425886474
OASIS_2,LinearSVM,47,test,gaussian_blur__moderate,gaussian_blur,moderate,D:\OASIS_2\distortions_64\gaussian_blur\moderate\Very_Mild_Dementia\OAS2_0020\OAS2_0020_slice_06_z104.png,Very_Mild_Dementia/OAS2_0020/OAS2_0020_slice_06_z104.png,Very Mild Dementia/OAS2_0020/OAS2_0020_slice_06_z104.png,OAS2_0020,Very Mild Dementia,1,1,Very Mild Dementia,1,-1.2987235753871058,0.5264499737673547,-0.3332130693184058,-1.139103248729968
OASIS_2,LinearSVM,47,test,gaussian_blur__moderate,gaussian_blur,moderate,D:\OASIS_2\distortions_64\gaussian_blur\moderate\Very_Mild_Dementia\OAS2_0020\OAS2_0020_slice_07_z109.png,Very_Mild_Dementia/OAS2_0020/OAS2_0020_slice_07_z109.png,Very Mild Dementia/OAS2_0020/OAS2_0020_slice_07_z109.png,OAS2_0020,Very Mild Dementia,1,1,Very Mild Dementia,1,-0.6014965527177573,0.30583211573056257,-1.475104695135153,-1.3301355436128657
OASIS_2,LinearSVM,47,test,gaussian_blur__moderate,gaussian_blur,moderate,D:\OASIS_2\distortions_64\gaussian_blur\moderate\Very_Mild_Dementia\OAS2_0020\OAS2_0020_slice_08_z114.png,Very_Mild_Dementia/OAS2_0020/OAS2_0020_slice_08_z114.png,Very Mild Dementia/OAS2_0020/OAS2_0020_slice_08_z114.png,OAS2_0020,Very Mild Dementia,1,0,Non-Demented,0,1.2897381355839548,-0.4884658461860827,-1.6181389498759293,-1.0953289542489468
OASIS_2,LinearSVM,47,test,gaussian_blur__moderate,gaussian_blur,moderate,D:\OASIS_2\distortions_64\gaussian_blur\moderate\Very_Mild_Dementia\OAS2_0020\OAS2_0020_slice_09_z120.png,Very_Mild_Dementia/OAS2_0020/OAS2_0020_slice_09_z120.png,Very Mild Dementia/OAS2_0020/OAS2_0020_slice_09_z120.png,OAS2_0020,Very Mild Dementia,1,0,Non-Demented,0,1.7879952563232988,-1.8187939306701801,-0.7086120445434445,-1.1594829254528145
OASIS_2,LinearSVM,47,test,gaussian_blur__moderate,gaussian_blur,moderate,D:\OASIS_2\distortions_64\gaussian_blur\moderate\Very_Mild_Dementia\OAS2_0020\OAS2_0020_slice_10_z125.png,Very_Mild_Dementia/OAS2_0020/OAS2_0020_slice_10_z125.png,Very Mild Dementia/OAS2_0020/OAS2_0020_slice_10_z125.png,OAS2_0020,Very Mild Dementia,1,0,Non-Demented,0,1.0964184932788759,-1.129604567028204,-1.082580850285542,-1.2061243434764224
OASIS_2,LinearSVM,47,test,gaussian_blur__moderate,gaussian_blur,moderate,D:\OASIS_2\distortions_64\gaussian_blur\moderate\Very_Mild_Dementia\OAS2_0020\OAS2_0020_slice_11_z130.png,Very_Mild_Dementia/OAS2_0020/OAS2_0020_slice_11_z130.png,Very Mild Dementia/OAS2_0020/OAS2_0020_slice_11_z130.png,OAS2_0020,Very Mild Dementia,1,0,Non-Demented,0,0.7598592430552177,-1.4828324462019664,-0.5239875968312462,-1.221121549690695
OASIS_2,LinearSVM,47,test,gaussian_blur__moderate,gaussian_blur,moderate,D:\OASIS_2\distortions_64\gaussian_blur\moderate\Very_Mild_Dementia\OAS2_0020\OAS2_0020_slice_12_z135.png,Very_Mild_Dementia/OAS2_0020/OAS2_0020_slice_12_z135.png,Very Mild Dementia/OAS2_0020/OAS2_0020_slice_12_z135.png,OAS2_0020,Very Mild Dementia,1,0,Non-Demented,0,1.0993800681993298,-1.4669175781156305,-0.9410496136958365,-1.242178225385544
OASIS_2,LinearSVM,47,test,gaussian_blur__moderate,gaussian_blur,moderate,D:\OASIS_2\distortions_64\gaussian_blur\moderate\Very_Mild_Dementia\OAS2_0020\OAS2_0020_slice_13_z141.png,Very_Mild_Dementia/OAS2_0020/OAS2_0020_slice_13_z141.png,Very Mild Dementia/OAS2_0020/OAS2_0020_slice_13_z141.png,OAS2_0020,Very Mild Dementia,1,2,Mild Dementia,0,-0.998861717745169,-0.17393281044813685,-0.018081098870367907,-1.1477026905484677
OASIS_2,LinearSVM,47,test,gaussian_blur__moderate,gaussian_blur,moderate,D:\OASIS_2\distortions_64\gaussian_blur\moderate\Very_Mild_Dementia\OAS2_0020\OAS2_0020_slice_14_z146.png,Very_Mild_Dementia/OAS2_0020/OAS2_0020_slice_14_z146.png,Very Mild Dementia/OAS2_0020/OAS2_0020_slice_14_z146.png,OAS2_0020,Very Mild Dementia,1,0,Non-Demented,0,-0.30589375468307606,-1.3101692475571873,-0.37795496595670774,-1.0697349731362813
OASIS_2,LinearSVM,47,test,gaussian_blur__moderate,gaussian_blur,moderate,D:\OASIS_2\distortions_64\gaussian_blur\moderate\Very_Mild_Dementia\OAS2_0020\OAS2_0020_slice_15_z151.png,Very_Mild_Dementia/OAS2_0020/OAS2_0020_slice_15_z151.png,Very Mild Dementia/OAS2_0020/OAS2_0020_slice_15_z151.png,OAS2_0020,Very Mild Dementia,1,0,Non-Demented,0,1.052760964392184,-1.582167341668485,-0.47084965222388064,-1.1716939910393747
OASIS_2,LinearSVM,47,test,gaussian_blur__moderate,gaussian_blur,moderate,D:\OASIS_2\distortions_64\gaussian_blur\moderate\Very_Mild_Dementia\OAS2_0020\OAS2_0020_slice_16_z157.png,Very_Mild_Dementia/OAS2_0020/OAS2_0020_slice_16_z157.png,Very Mild Dementia/OAS2_0020/OAS2_0020_slice_16_z157.png,OAS2_0020,Very Mild Dementia,1,0,Non-Demented,0,0.42389439529657663,-0.05382341513572031,-1.4033872922297976,-1.2843723593498613
OASIS_2,LinearSVM,47,test,gaussian_blur__moderate,gaussian_blur,moderate,D:\OASIS_2\distortions_64\gaussian_blur\moderate\Very_Mild_Dementia\OAS2_0020\OAS2_0020_slice_17_z162.png,Very_Mild_Dementia/OAS2_0020/OAS2_0020_slice_17_z162.png,Very Mild Dementia/OAS2_0020/OAS2_0020_slice_17_z162.png,OAS2_0020,Very Mild Dementia,1,0,Non-Demented,0,0.8028331466684546,-0.31421357708977926,-1.7078455606403504,-1.1535932350311418
OASIS_2,LinearSVM,47,test,gaussian_blur__moderate,gaussian_blur,moderate,D:\OASIS_2\distortions_64\gaussian_blur\moderate\Very_Mild_Dementia\OAS2_0020\OAS2_0020_slice_18_z167.png,Very_Mild_Dementia/OAS2_0020/OAS2_0020_slice_18_z167.png,Very Mild Dementia/OAS2_0020/OAS2_0020_slice_18_z167.png,OAS2_0020,Very Mild Dementia,1,0,Non-Demented,0,0.7451565230708261,-1.0388922629567925,-0.6842496126841058,-1.1616042873550916
OASIS_2,LinearSVM,47,test,gaussian_blur__moderate,gaussian_blur,moderate,D:\OASIS_2\distortions_64\gaussian_blur\moderate\Very_Mild_Dementia\OAS2_0020\OAS2_0020_slice_19_z173.png,Very_Mild_Dementia/OAS2_0020/OAS2_0020_slice_19_z173.png,Very Mild Dementia/OAS2_0020/OAS2_0020_slice_19_z173.png,OAS2_0020,Very Mild Dementia,1,1,Very Mild Dementia,1,-0.033579729198252514,0.04152835753265427,-0.8222560664688093,-1.1836920567152276
OASIS_2,LinearSVM,47,test,gaussian_blur__moderate,gaussian_blur,moderate,D:\OASIS_2\distortions_64\gaussian_blur\moderate\Very_Mild_Dementia\OAS2_0020\OAS2_0020_slice_20_z178.png,Very_Mild_Dementia/OAS2_0020/OAS2_0020_slice_20_z178.png,Very Mild Dementia/OAS2_0020/OAS2_0020_slice_20_z178.png,OAS2_0020,Very Mild Dementia,1,1,Very Mild Dementia,1,-0.5429174645781956,0.14546601777123236,-0.15663216156781834,-1.3733550737779736
OASIS_2,LinearSVM,47,test,gaussian_blur__moderate,gaussian_blur,moderate,D:\OASIS_2\distortions_64\gaussian_blur\moderate\Very_Mild_Dementia\OAS2_0021\OAS2_0021_slice_01_z077.png,Very_Mild_Dementia/OAS2_0021/OAS2_0021_slice_01_z077.png,Very Mild Dementia/OAS2_0021/OAS2_0021_slice_01_z077.png,OAS2_0021,Very Mild Dementia,1,0,Non-Demented,0,1.121050851273796,-2.5920314087360525,-0.3029173024267686,-1.4036575286101687
OASIS_2,LinearSVM,47,test,gaussian_blur__moderate,gaussian_blur,moderate,D:\OASIS_2\distortions_64\gaussian_blur\moderate\Very_Mild_Dementia\OAS2_0021\OAS2_0021_slice_02_z082.png,Very_Mild_Dementia/OAS2_0021/OAS2_0021_slice_02_z082.png,Very Mild Dementia/OAS2_0021/OAS2_0021_slice_02_z082.png,OAS2_0021,Very Mild Dementia,1,0,Non-Demented,0,1.4369560947083813,-1.8153219345161975,-1.0653041383729223,-0.9268723925578298
OASIS_2,LinearSVM,47,test,gaussian_blur__moderate,gaussian_blur,moderate,D:\OASIS_2\distortions_64\gaussian_blur\moderate\Very_Mild_Dementia\OAS2_0021\OAS2_0021_slice_03_z088.png,Very_Mild_Dementia/OAS2_0021/OAS2_0021_slice_03_z088.png,Very Mild Dementia/OAS2_0021/OAS2_0021_slice_03_z088.png,OAS2_0021,Very Mild Dementia,1,0,Non-Demented,0,-0.11186132167677637,-0.7895575880526984,-0.9232169726468334,-0.8988563042447013
OASIS_2,LinearSVM,47,test,gaussian_blur__moderate,gaussian_blur,moderate,D:\OASIS_2\distortions_64\gaussian_blur\moderate\Very_Mild_Dementia\OAS2_0021\OAS2_0021_slice_04_z093.png,Very_Mild_Dementia/OAS2_0021/OAS2_0021_slice_04_z093.png,Very Mild Dementia/OAS2_0021/OAS2_0021_slice_04_z093.png,OAS2_0021,Very Mild Dementia,1,1,Very Mild Dementia,1,-0.1914500426131917,1.2905899918220547,-2.394335110304933,-0.9686702268899433
OASIS_2,LinearSVM,47,test,gaussian_blur__moderate,gaussian_blur,moderate,D:\OASIS_2\distortions_64\gaussian_blur\moderate\Very_Mild_Dementia\OAS2_0021\OAS2_0021_slice_05_z098.png,Very_Mild_Dementia/OAS2_0021/OAS2_0021_slice_05_z098.png,Very Mild Dementia/OAS2_0021/OAS2_0021_slice_05_z098.png,OAS2_0021,Very Mild Dementia,1,0,Non-Demented,0,1.8219232467198474,-0.7417564873422096,-2.5521451049270722,-0.8528763118190275
OASIS_2,LinearSVM,47,test,gaussian_blur__moderate,gaussian_blur,moderate,D:\OASIS_2\distortions_64\gaussian_blur\moderate\Very_Mild_Dementia\OAS2_0021\OAS2_0021_slice_06_z104.png,Very_Mild_Dementia/OAS2_0021/OAS2_0021_slice_06_z104.png,Very Mild Dementia/OAS2_0021/OAS2_0021_slice_06_z104.png,OAS2_0021,Very Mild Dementia,1,0,Non-Demented,0,0.3290595499659984,-0.06001903565588873,-1.8366218964853418,-0.8407228056212493
OASIS_2,LinearSVM,47,test,gaussian_blur__moderate,gaussian_blur,moderate,D:\OASIS_2\distortions_64\gaussian_blur\moderate\Very_Mild_Dementia\OAS2_0021\OAS2_0021_slice_07_z109.png,Very_Mild_Dementia/OAS2_0021/OAS2_0021_slice_07_z109.png,Very Mild Dementia/OAS2_0021/OAS2_0021_slice_07_z109.png,OAS2_0021,Very Mild Dementia,1,1,Very Mild Dementia,1,-1.0243367047191905,1.1718364885456471,-1.5613243706053979,-0.8674174678161167
OASIS_2,LinearSVM,47,test,gaussian_blur__moderate,gaussian_blur,moderate,D:\OASIS_2\distortions_64\gaussian_blur\moderate\Very_Mild_Dementia\OAS2_0021\OAS2_0021_slice_08_z114.png,Very_Mild_Dementia/OAS2_0021/OAS2_0021_slice_08_z114.png,Very Mild Dementia/OAS2_0021/OAS2_0021_slice_08_z114.png,OAS2_0021,Very Mild Dementia,1,1,Very Mild Dementia,1,-3.364284654249774,4.458297062434382,-1.5877101939587943,-0.7892613935509287
OASIS_2,LinearSVM,47,test,gaussian_blur__moderate,gaussian_blur,moderate,D:\OASIS_2\distortions_64\gaussian_blur\moderate\Very_Mild_Dementia\OAS2_0021\OAS2_0021_slice_09_z120.png,Very_Mild_Dementia/OAS2_0021/OAS2_0021_slice_09_z120.png,Very Mild Dementia/OAS2_0021/OAS2_0021_slice_09_z120.png,OAS2_0021,Very Mild Dementia,1,1,Very Mild Dementia,1,-2.0709248391709765,3.040729226702653,-1.5581945857881925,-0.8103568771759402
OASIS_2,LinearSVM,47,test,gaussian_blur__moderate,gaussian_blur,moderate,D:\OASIS_2\distortions_64\gaussian_blur\moderate\Very_Mild_Dementia\OAS2_0021\OAS2_0021_slice_10_z125.png,Very_Mild_Dementia/OAS2_0021/OAS2_0021_slice_10_z125.png,Very Mild Dementia/OAS2_0021/OAS2_0021_slice_10_z125.png,OAS2_0021,Very Mild Dementia,1,1,Very Mild Dementia,1,-3.670466413403157,4.477593584071663,-0.7633717780417744,-0.9150073554180645
OASIS_2,LinearSVM,47,test,gaussian_blur__moderate,gaussian_blur,moderate,D:\OASIS_2\distortions_64\gaussian_blur\moderate\Very_Mild_Dementia\OAS2_0021\OAS2_0021_slice_11_z130.png,Very_Mild_Dementia/OAS2_0021/OAS2_0021_slice_11_z130.png,Very Mild Dementia/OAS2_0021/OAS2_0021_slice_11_z130.png,OAS2_0021,Very Mild Dementia,1,1,Very Mild Dementia,1,-2.542343316769373,4.055828296241502,-0.6550503808191313,-1.1318794447467517
OASIS_2,LinearSVM,47,test,gaussian_blur__moderate,gaussian_blur,moderate,D:\OASIS_2\distortions_64\gaussian_blur\moderate\Very_Mild_Dementia\OAS2_0021\OAS2_0021_slice_12_z135.png,Very_Mild_Dementia/OAS2_0021/OAS2_0021_slice_12_z135.png,Very Mild Dementia/OAS2_0021/OAS2_0021_slice_12_z135.png,OAS2_0021,Very Mild Dementia,1,1,Very Mild Dementia,1,-3.724454121046558,5.521676771388909,-1.4336393191943357,-1.038742688958106
OASIS_2,LinearSVM,47,test,gaussian_blur__moderate,gaussian_blur,moderate,D:\OASIS_2\distortions_64\gaussian_blur\moderate\Very_Mild_Dementia\OAS2_0021\OAS2_0021_slice_13_z141.png,Very_Mild_Dementia/OAS2_0021/OAS2_0021_slice_13_z141.png,Very Mild Dementia/OAS2_0021/OAS2_0021_slice_13_z141.png,OAS2_0021,Very Mild Dementia,1,1,Very Mild Dementia,1,-2.3461255188987393,3.539008022379048,-1.5253023418313014,-1.2394098360078898
OASIS_2,LinearSVM,47,test,gaussian_blur__moderate,gaussian_blur,moderate,D:\OASIS_2\distortions_64\gaussian_blur\moderate\Very_Mild_Dementia\OAS2_0021\OAS2_0021_slice_14_z146.png,Very_Mild_Dementia/OAS2_0021/OAS2_0021_slice_14_z146.png,Very Mild Dementia/OAS2_0021/OAS2_0021_slice_14_z146.png,OAS2_0021,Very Mild Dementia,1,1,Very Mild Dementia,1,-0.3704373194861687,2.7928985767038297,-1.9336872998024675,-1.2658542391225627
OASIS_2,LinearSVM,47,test,gaussian_blur__moderate,gaussian_blur,moderate,D:\OASIS_2\distortions_64\gaussian_blur\moderate\Very_Mild_Dementia\OAS2_0021\OAS2_0021_slice_15_z151.png,Very_Mild_Dementia/OAS2_0021/OAS2_0021_slice_15_z151.png,Very Mild Dementia/OAS2_0021/OAS2_0021_slice_15_z151.png,OAS2_0021,Very Mild Dementia,1,1,Very Mild Dementia,1,-1.25710676666903,3.9076469149720374,-1.5418468909621343,-1.2248489731924554
OASIS_2,LinearSVM,47,test,gaussian_blur__moderate,gaussian_blur,moderate,D:\OASIS_2\distortions_64\gaussian_blur\moderate\Very_Mild_Dementia\OAS2_0021\OAS2_0021_slice_16_z157.png,Very_Mild_Dementia/OAS2_0021/OAS2_0021_slice_16_z157.png,Very Mild Dementia/OAS2_0021/OAS2_0021_slice_16_z157.png,OAS2_0021,Very Mild Dementia,1,1,Very Mild Dementia,1,-2.1009512769580625,2.6925886052533814,-0.4623896555477952,-1.0977436085891827
OASIS_2,LinearSVM,47,test,gaussian_blur__moderate,gaussian_blur,moderate,D:\OASIS_2\distortions_64\gaussian_blur\moderate\Very_Mild_Dementia\OAS2_0021\OAS2_0021_slice_17_z162.png,Very_Mild_Dementia/OAS2_0021/OAS2_0021_slice_17_z162.png,Very Mild Dementia/OAS2_0021/OAS2_0021_slice_17_z162.png,OAS2_0021,Very Mild Dementia,1,1,Very Mild Dementia,1,-2.499359285033478,3.2421593547747047,-0.9533135438434159,-1.155026782072204
OASIS_2,LinearSVM,47,test,gaussian_blur__moderate,gaussian_blur,moderate,D:\OASIS_2\distortions_64\gaussian_blur\moderate\Very_Mild_Dementia\OAS2_0021\OAS2_0021_slice_18_z167.png,Very_Mild_Dementia/OAS2_0021/OAS2_0021_slice_18_z167.png,Very Mild Dementia/OAS2_0021/OAS2_0021_slice_18_z167.png,OAS2_0021,Very Mild Dementia,1,1,Very Mild Dementia,1,-1.43556266641937,0.5829370639325311,-0.5752657629644019,-0.9671173567654688
OASIS_2,LinearSVM,47,test,gaussian_blur__moderate,gaussian_blur,moderate,D:\OASIS_2\distortions_64\gaussian_blur\moderate\Very_Mild_Dementia\OAS2_0021\OAS2_0021_slice_19_z173.png,Very_Mild_Dementia/OAS2_0021/OAS2_0021_slice_19_z173.png,Very Mild Dementia/OAS2_0021/OAS2_0021_slice_19_z173.png,OAS2_0021,Very Mild Dementia,1,2,Mild Dementia,0,-0.9908611733345518,-1.6346990290167511,0.14613732208673103,-0.911161948114836
OASIS_2,LinearSVM,47,test,gaussian_blur__moderate,gaussian_blur,moderate,D:\OASIS_2\distortions_64\gaussian_blur\moderate\Very_Mild_Dementia\OAS2_0021\OAS2_0021_slice_20_z178.png,Very_Mild_Dementia/OAS2_0021/OAS2_0021_slice_20_z178.png,Very Mild Dementia/OAS2_0021/OAS2_0021_slice_20_z178.png,OAS2_0021,Very Mild Dementia,1,2,Mild Dementia,0,-1.167351894643078,-1.9426045777756031,0.3687949860410058,-0.929913929773465
OASIS_2,LinearSVM,47,test,gaussian_blur__moderate,gaussian_blur,moderate,D:\OASIS_2\distortions_64\gaussian_blur\moderate\Very_Mild_Dementia\OAS2_0040\OAS2_0040_slice_01_z077.png,Very_Mild_Dementia/OAS2_0040/OAS2_0040_slice_01_z077.png,Very Mild Dementia/OAS2_0040/OAS2_0040_slice_01_z077.png,OAS2_0040,Very Mild Dementia,1,1,Very Mild Dementia,1,-2.3358821621809875,2.6900972463586577,0.004030165962320975,-1.1851140057191665
OASIS_2,LinearSVM,47,test,gaussian_blur__moderate,gaussian_blur,moderate,D:\OASIS_2\distortions_64\gaussian_blur\moderate\Very_Mild_Dementia\OAS2_0040\OAS2_0040_slice_02_z082.png,Very_Mild_Dementia/OAS2_0040/OAS2_0040_slice_02_z082.png,Very Mild Dementia/OAS2_0040/OAS2_0040_slice_02_z082.png,OAS2_0040,Very Mild Dementia,1,1,Very Mild Dementia,1,-4.15881089885393,5.294913033358775,-0.5762834827514296,-0.9033114850289427
OASIS_2,LinearSVM,47,test,gaussian_blur__moderate,gaussian_blur,moderate,D:\OASIS_2\distortions_64\gaussian_blur\moderate\Very_Mild_Dementia\OAS2_0040\OAS2_0040_slice_03_z088.png,Very_Mild_Dementia/OAS2_0040/OAS2_0040_slice_03_z088.png,Very Mild Dementia/OAS2_0040/OAS2_0040_slice_03_z088.png,OAS2_0040,Very Mild Dementia,1,1,Very Mild Dementia,1,-2.771476308798983,4.230715621208147,-0.6891852445695705,-1.0790251604804897
OASIS_2,LinearSVM,47,test,gaussian_blur__moderate,gaussian_blur,moderate,D:\OASIS_2\distortions_64\gaussian_blur\moderate\Very_Mild_Dementia\OAS2_0040\OAS2_0040_slice_04_z093.png,Very_Mild_Dementia/OAS2_0040/OAS2_0040_slice_04_z093.png,Very Mild Dementia/OAS2_0040/OAS2_0040_slice_04_z093.png,OAS2_0040,Very Mild Dementia,1,1,Very Mild Dementia,1,-0.11828810354128376,3.72751462196383,-2.543352776489474,-1.1817280369250214
OASIS_2,LinearSVM,47,test,gaussian_blur__moderate,gaussian_blur,moderate,D:\OASIS_2\distortions_64\gaussian_blur\moderate\Very_Mild_Dementia\OAS2_0040\OAS2_0040_slice_05_z098.png,Very_Mild_Dementia/OAS2_0040/OAS2_0040_slice_05_z098.png,Very Mild Dementia/OAS2_0040/OAS2_0040_slice_05_z098.png,OAS2_0040,Very Mild Dementia,1,0,Non-Demented,0,3.625907902001781,-0.6598897630009519,-2.63132308089699,-1.2668954578310627
OASIS_2,LinearSVM,47,test,gaussian_blur__moderate,gaussian_blur,moderate,D:\OASIS_2\distortions_64\gaussian_blur\moderate\Very_Mild_Dementia\OAS2_0040\OAS2_0040_slice_06_z104.png,Very_Mild_Dementia/OAS2_0040/OAS2_0040_slice_06_z104.png,Very Mild Dementia/OAS2_0040/OAS2_0040_slice_06_z104.png,OAS2_0040,Very Mild Dementia,1,0,Non-Demented,0,1.8250320801270281,-1.3384057919194492,-0.6024663672781173,-1.1143154824561883
OASIS_2,LinearSVM,47,test,gaussian_blur__moderate,gaussian_blur,moderate,D:\OASIS_2\distortions_64\gaussian_blur\moderate\Very_Mild_Dementia\OAS2_0040\OAS2_0040_slice_07_z109.png,Very_Mild_Dementia/OAS2_0040/OAS2_0040_slice_07_z109.png,Very Mild Dementia/OAS2_0040/OAS2_0040_slice_07_z109.png,OAS2_0040,Very Mild Dementia,1,0,Non-Demented,0,3.0824599199679024,-1.5677228560342726,-1.7024388271146396,-1.2334532426887292
OASIS_2,LinearSVM,47,test,gaussian_blur__moderate,gaussian_blur,moderate,D:\OASIS_2\distortions_64\gaussian_blur\moderate\Very_Mild_Dementia\OAS2_0040\OAS2_0040_slice_08_z114.png,Very_Mild_Dementia/OAS2_0040/OAS2_0040_slice_08_z114.png,Very Mild Dementia/OAS2_0040/OAS2_0040_slice_08_z114.png,OAS2_0040,Very Mild Dementia,1,0,Non-Demented,0,2.185755812146177,-0.358577447927893,-2.156617842333186,-1.297399982752222
OASIS_2,LinearSVM,47,test,gaussian_blur__moderate,gaussian_blur,moderate,D:\OASIS_2\distortions_64\gaussian_blur\moderate\Very_Mild_Dementia\OAS2_0040\OAS2_0040_slice_09_z120.png,Very_Mild_Dementia/OAS2_0040/OAS2_0040_slice_09_z120.png,Very Mild Dementia/OAS2_0040/OAS2_0040_slice_09_z120.png,OAS2_0040,Very Mild Dementia,1,0,Non-Demented,0,3.987932329831234,-3.0066081442480277,-0.9928259856060455,-1.4067393966409387
OASIS_2,LinearSVM,47,test,gaussian_blur__moderate,gaussian_blur,moderate,D:\OASIS_2\distortions_64\gaussian_blur\moderate\Very_Mild_Dementia\OAS2_0040\OAS2_0040_slice_10_z125.png,Very_Mild_Dementia/OAS2_0040/OAS2_0040_slice_10_z125.png,Very Mild Dementia/OAS2_0040/OAS2_0040_slice_10_z125.png,OAS2_0040,Very Mild Dementia,1,0,Non-Demented,0,3.024087763519511,-1.7677770004558633,-0.49467266144442,-1.3797726180440946
OASIS_2,LinearSVM,47,test,gaussian_blur__moderate,gaussian_blur,moderate,D:\OASIS_2\distortions_64\gaussian_blur\moderate\Very_Mild_Dementia\OAS2_0040\OAS2_0040_slice_11_z130.png,Very_Mild_Dementia/OAS2_0040/OAS2_0040_slice_11_z130.png,Very Mild Dementia/OAS2_0040/OAS2_0040_slice_11_z130.png,OAS2_0040,Very Mild Dementia,1,0,Non-Demented,0,1.7881000513324914,-0.733646271220733,-1.0221947106184666,-1.1217259871783867
OASIS_2,LinearSVM,47,test,gaussian_blur__moderate,gaussian_blur,moderate,D:\OASIS_2\distortions_64\gaussian_blur\moderate\Very_Mild_Dementia\OAS2_0040\OAS2_0040_slice_12_z135.png,Very_Mild_Dementia/OAS2_0040/OAS2_0040_slice_12_z135.png,Very Mild Dementia/OAS2_0040/OAS2_0040_slice_12_z135.png,OAS2_0040,Very Mild Dementia,1,0,Non-Demented,0,1.6062505095440196,-1.5925716527422422,-1.1844268036220609,-0.9363152808183941
OASIS_2,LinearSVM,47,test,gaussian_blur__moderate,gaussian_blur,moderate,D:\OASIS_2\distortions_64\gaussian_blur\moderate\Very_Mild_Dementia\OAS2_0040\OAS2_0040_slice_13_z141.png,Very_Mild_Dementia/OAS2_0040/OAS2_0040_slice_13_z141.png,Very Mild Dementia/OAS2_0040/OAS2_0040_slice_13_z141.png,OAS2_0040,Very Mild Dementia,1,0,Non-Demented,0,0.17251775251910434,-1.539562478466718,-0.688762431518348,-0.9830316530341978
OASIS_2,LinearSVM,47,test,gaussian_blur__moderate,gaussian_blur,moderate,D:\OASIS_2\distortions_64\gaussian_blur\moderate\Very_Mild_Dementia\OAS2_0040\OAS2_0040_slice_14_z146.png,Very_Mild_Dementia/OAS2_0040/OAS2_0040_slice_14_z146.png,Very Mild Dementia/OAS2_0040/OAS2_0040_slice_14_z146.png,OAS2_0040,Very Mild Dementia,1,1,Very Mild Dementia,1,-1.8229770672593704,0.22439516942046422,0.12460368706195113,-1.2935302528916546
OASIS_2,LinearSVM,47,test,gaussian_blur__moderate,gaussian_blur,moderate,D:\OASIS_2\distortions_64\gaussian_blur\moderate\Very_Mild_Dementia\OAS2_0040\OAS2_0040_slice_15_z151.png,Very_Mild_Dementia/OAS2_0040/OAS2_0040_slice_15_z151.png,Very Mild Dementia/OAS2_0040/OAS2_0040_slice_15_z151.png,OAS2_0040,Very Mild Dementia,1,1,Very Mild Dementia,1,-2.2670900420737863,1.6285075396514024,-0.7375467635190808,-1.1868159113820287
OASIS_2,LinearSVM,47,test,gaussian_blur__moderate,gaussian_blur,moderate,D:\OASIS_2\distortions_64\gaussian_blur\moderate\Very_Mild_Dementia\OAS2_0040\OAS2_0040_slice_16_z157.png,Very_Mild_Dementia/OAS2_0040/OAS2_0040_slice_16_z157.png,Very Mild Dementia/OAS2_0040/OAS2_0040_slice_16_z157.png,OAS2_0040,Very Mild Dementia,1,1,Very Mild Dementia,1,-0.41561903411710044,-0.13232448933707264,-0.3287477427003601,-1.339343156868638
OASIS_2,LinearSVM,47,test,gaussian_blur__moderate,gaussian_blur,moderate,D:\OASIS_2\distortions_64\gaussian_blur\moderate\Very_Mild_Dementia\OAS2_0040\OAS2_0040_slice_17_z162.png,Very_Mild_Dementia/OAS2_0040/OAS2_0040_slice_17_z162.png,Very Mild Dementia/OAS2_0040/OAS2_0040_slice_17_z162.png,OAS2_0040,Very Mild Dementia,1,1,Very Mild Dementia,1,-0.35533143384515253,0.11786814041222815,-0.01602895992368536,-1.2091008778281238
OASIS_2,LinearSVM,47,test,gaussian_blur__moderate,gaussian_blur,moderate,D:\OASIS_2\distortions_64\gaussian_blur\moderate\Very_Mild_Dementia\OAS2_0040\OAS2_0040_slice_18_z167.png,Very_Mild_Dementia/OAS2_0040/OAS2_0040_slice_18_z167.png,Very Mild Dementia/OAS2_0040/OAS2_0040_slice_18_z167.png,OAS2_0040,Very Mild Dementia,1,1,Very Mild Dementia,1,-0.7423574062041487,-0.5210534511810642,-0.6129118718486863,-1.2107583602134167
OASIS_2,LinearSVM,47,test,gaussian_blur__moderate,gaussian_blur,moderate,D:\OASIS_2\distortions_64\gaussian_blur\moderate\Very_Mild_Dementia\OAS2_0040\OAS2_0040_slice_19_z173.png,Very_Mild_Dementia/OAS2_0040/OAS2_0040_slice_19_z173.png,Very Mild Dementia/OAS2_0040/OAS2_0040_slice_19_z173.png,OAS2_0040,Very Mild Dementia,1,1,Very Mild Dementia,1,-2.07724775172092,1.3299122894558373,-0.3673977743084418,-1.017105374684061
OASIS_2,LinearSVM,47,test,gaussian_blur__moderate,gaussian_blur,moderate,D:\OASIS_2\distortions_64\gaussian_blur\moderate\Very_Mild_Dementia\OAS2_0040\OAS2_0040_slice_20_z178.png,Very_Mild_Dementia/OAS2_0040/OAS2_0040_slice_20_z178.png,Very Mild Dementia/OAS2_0040/OAS2_0040_slice_20_z178.png,OAS2_0040,Very Mild Dementia,1,1,Very Mild Dementia,1,-0.9876104682897188,0.6071348247707964,-0.7912568156406476,-1.0615700157285817
OASIS_2,LinearSVM,47,test,gaussian_blur__moderate,gaussian_blur,moderate,D:\OASIS_2\distortions_64\gaussian_blur\moderate\Very_Mild_Dementia\OAS2_0098\OAS2_0098_slice_01_z077.png,Very_Mild_Dementia/OAS2_0098/OAS2_0098_slice_01_z077.png,Very Mild Dementia/OAS2_0098/OAS2_0098_slice_01_z077.png,OAS2_0098,Very Mild Dementia,1,2,Mild Dementia,0,0.2843210310619824,-3.352982478197256,1.394490827873522,-1.063618479281855
OASIS_2,LinearSVM,47,test,gaussian_blur__moderate,gaussian_blur,moderate,D:\OASIS_2\distortions_64\gaussian_blur\moderate\Very_Mild_Dementia\OAS2_0098\OAS2_0098_slice_02_z082.png,Very_Mild_Dementia/OAS2_0098/OAS2_0098_slice_02_z082.png,Very Mild Dementia/OAS2_0098/OAS2_0098_slice_02_z082.png,OAS2_0098,Very Mild Dementia,1,0,Non-Demented,0,1.5185251775778297,-2.6793355412728506,0.06155653218013546,-1.170301605450363
OASIS_2,LinearSVM,47,test,gaussian_blur__moderate,gaussian_blur,moderate,D:\OASIS_2\distortions_64\gaussian_blur\moderate\Very_Mild_Dementia\OAS2_0098\OAS2_0098_slice_03_z088.png,Very_Mild_Dementia/OAS2_0098/OAS2_0098_slice_03_z088.png,Very Mild Dementia/OAS2_0098/OAS2_0098_slice_03_z088.png,OAS2_0098,Very Mild Dementia,1,2,Mild Dementia,0,-0.8076304202678389,-0.5780765653259337,-0.3016351503201856,-1.261652292101318
OASIS_2,LinearSVM,47,test,gaussian_blur__moderate,gaussian_blur,moderate,D:\OASIS_2\distortions_64\gaussian_blur\moderate\Very_Mild_Dementia\OAS2_0098\OAS2_0098_slice_04_z093.png,Very_Mild_Dementia/OAS2_0098/OAS2_0098_slice_04_z093.png,Very Mild Dementia/OAS2_0098/OAS2_0098_slice_04_z093.png,OAS2_0098,Very Mild Dementia,1,1,Very Mild Dementia,1,-1.2448205543469515,0.011338292619234358,-0.3056238029625,-1.230038654311705
OASIS_2,LinearSVM,47,test,gaussian_blur__moderate,gaussian_blur,moderate,D:\OASIS_2\distortions_64\gaussian_blur\moderate\Very_Mild_Dementia\OAS2_0098\OAS2_0098_slice_05_z098.png,Very_Mild_Dementia/OAS2_0098/OAS2_0098_slice_05_z098.png,Very Mild Dementia/OAS2_0098/OAS2_0098_slice_05_z098.png,OAS2_0098,Very Mild Dementia,1,2,Mild Dementia,0,-1.2583126383539294,-0.9248461238479126,0.3402027305939095,-1.1554828419686907
OASIS_2,LinearSVM,47,test,gaussian_blur__moderate,gaussian_blur,moderate,D:\OASIS_2\distortions_64\gaussian_blur\moderate\Very_Mild_Dementia\OAS2_0098\OAS2_0098_slice_06_z104.png,Very_Mild_Dementia/OAS2_0098/OAS2_0098_slice_06_z104.png,Very Mild Dementia/OAS2_0098/OAS2_0098_slice_06_z104.png,OAS2_0098,Very Mild Dementia,1,1,Very Mild Dementia,1,-1.1503099119969857,1.2221915664727518,-1.1125164842690944,-1.3296976264620226
OASIS_2,LinearSVM,47,test,gaussian_blur__moderate,gaussian_blur,moderate,D:\OASIS_2\distortions_64\gaussian_blur\moderate\Very_Mild_Dementia\OAS2_0098\OAS2_0098_slice_07_z109.png,Very_Mild_Dementia/OAS2_0098/OAS2_0098_slice_07_z109.png,Very Mild Dementia/OAS2_0098/OAS2_0098_slice_07_z109.png,OAS2_0098,Very Mild Dementia,1,1,Very Mild Dementia,1,-1.9526996001762265,2.3218489724842426,-1.0621480162019492,-1.1168828329948373
OASIS_2,LinearSVM,47,test,gaussian_blur__moderate,gaussian_blur,moderate,D:\OASIS_2\distortions_64\gaussian_blur\moderate\Very_Mild_Dementia\OAS2_0098\OAS2_0098_slice_08_z114.png,Very_Mild_Dementia/OAS2_0098/OAS2_0098_slice_08_z114.png,Very Mild Dementia/OAS2_0098/OAS2_0098_slice_08_z114.png,OAS2_0098,Very Mild Dementia,1,1,Very Mild Dementia,1,0.030820387199858426,0.1373119105670242,-0.8363115265655162,-1.0875928245728161
OASIS_2,LinearSVM,47,test,gaussian_blur__moderate,gaussian_blur,moderate,D:\OASIS_2\distortions_64\gaussian_blur\moderate\Very_Mild_Dementia\OAS2_0098\OAS2_0098_slice_09_z120.png,Very_Mild_Dementia/OAS2_0098/OAS2_0098_slice_09_z120.png,Very Mild Dementia/OAS2_0098/OAS2_0098_slice_09_z120.png,OAS2_0098,Very Mild Dementia,1,0,Non-Demented,0,0.2515302265823403,-0.9300362772567455,-0.9899319159413771,-1.1657876876714799
OASIS_2,LinearSVM,47,test,gaussian_blur__moderate,gaussian_blur,moderate,D:\OASIS_2\distortions_64\gaussian_blur\moderate\Very_Mild_Dementia\OAS2_0098\OAS2_0098_slice_10_z125.png,Very_Mild_Dementia/OAS2_0098/OAS2_0098_slice_10_z125.png,Very Mild Dementia/OAS2_0098/OAS2_0098_slice_10_z125.png,OAS2_0098,Very Mild Dementia,1,1,Very Mild Dementia,1,-0.7412576629559225,-0.1180723464991753,-0.8674271993826119,-1.095431910271321
OASIS_2,LinearSVM,47,test,gaussian_blur__moderate,gaussian_blur,moderate,D:\OASIS_2\distortions_64\gaussian_blur\moderate\Very_Mild_Dementia\OAS2_0098\OAS2_0098_slice_11_z130.png,Very_Mild_Dementia/OAS2_0098/OAS2_0098_slice_11_z130.png,Very Mild Dementia/OAS2_0098/OAS2_0098_slice_11_z130.png,OAS2_0098,Very Mild Dementia,1,1,Very Mild Dementia,1,-1.917887122625262,0.8500763050421845,-0.47345860897637304,-1.0440975266464807
OASIS_2,LinearSVM,47,test,gaussian_blur__moderate,gaussian_blur,moderate,D:\OASIS_2\distortions_64\gaussian_blur\moderate\Very_Mild_Dementia\OAS2_0098\OAS2_0098_slice_12_z135.png,Very_Mild_Dementia/OAS2_0098/OAS2_0098_slice_12_z135.png,Very Mild Dementia/OAS2_0098/OAS2_0098_slice_12_z135.png,OAS2_0098,Very Mild Dementia,1,1,Very Mild Dementia,1,-0.9088223441008776,-0.041900751470184794,-0.36680221346966113,-1.009901011300766
OASIS_2,LinearSVM,47,test,gaussian_blur__moderate,gaussian_blur,moderate,D:\OASIS_2\distortions_64\gaussian_blur\moderate\Very_Mild_Dementia\OAS2_0098\OAS2_0098_slice_13_z141.png,Very_Mild_Dementia/OAS2_0098/OAS2_0098_slice_13_z141.png,Very Mild Dementia/OAS2_0098/OAS2_0098_slice_13_z141.png,OAS2_0098,Very Mild Dementia,1,0,Non-Demented,0,0.7811162373761473,-0.7306236679501985,-1.3685182302720365,-0.9971005251581091
OASIS_2,LinearSVM,47,test,gaussian_blur__moderate,gaussian_blur,moderate,D:\OASIS_2\distortions_64\gaussian_blur\moderate\Very_Mild_Dementia\OAS2_0098\OAS2_0098_slice_14_z146.png,Very_Mild_Dementia/OAS2_0098/OAS2_0098_slice_14_z146.png,Very Mild Dementia/OAS2_0098/OAS2_0098_slice_14_z146.png,OAS2_0098,Very Mild Dementia,1,1,Very Mild Dementia,1,-0.8832998344704072,0.9550966860176369,-0.5963343893965549,-1.0430121328631263
OASIS_2,LinearSVM,47,test,gaussian_blur__moderate,gaussian_blur,moderate,D:\OASIS_2\distortions_64\gaussian_blur\moderate\Very_Mild_Dementia\OAS2_0098\OAS2_0098_slice_15_z151.png,Very_Mild_Dementia/OAS2_0098/OAS2_0098_slice_15_z151.png,Very Mild Dementia/OAS2_0098/OAS2_0098_slice_15_z151.png,OAS2_0098,Very Mild Dementia,1,1,Very Mild Dementia,1,-0.4271978893542806,0.2808271187005744,-0.9971730515901948,-1.0162333150567655
OASIS_2,LinearSVM,47,test,gaussian_blur__moderate,gaussian_blur,moderate,D:\OASIS_2\distortions_64\gaussian_blur\moderate\Very_Mild_Dementia\OAS2_0098\OAS2_0098_slice_16_z157.png,Very_Mild_Dementia/OAS2_0098/OAS2_0098_slice_16_z157.png,Very Mild Dementia/OAS2_0098/OAS2_0098_slice_16_z157.png,OAS2_0098,Very Mild Dementia,1,1,Very Mild Dementia,1,-0.1670654443829166,0.1822797262052599,-1.5536393860283768,-1.0672127350849496
OASIS_2,LinearSVM,47,test,gaussian_blur__moderate,gaussian_blur,moderate,D:\OASIS_2\distortions_64\gaussian_blur\moderate\Very_Mild_Dementia\OAS2_0098\OAS2_0098_slice_17_z162.png,Very_Mild_Dementia/OAS2_0098/OAS2_0098_slice_17_z162.png,Very Mild Dementia/OAS2_0098/OAS2_0098_slice_17_z162.png,OAS2_0098,Very Mild Dementia,1,0,Non-Demented,0,0.13247938207881932,-0.667527829858867,-1.4699488830212792,-1.1948691176380053
OASIS_2,LinearSVM,47,test,gaussian_blur__moderate,gaussian_blur,moderate,D:\OASIS_2\distortions_64\gaussian_blur\moderate\Very_Mild_Dementia\OAS2_0098\OAS2_0098_slice_18_z167.png,Very_Mild_Dementia/OAS2_0098/OAS2_0098_slice_18_z167.png,Very Mild Dementia/OAS2_0098/OAS2_0098_slice_18_z167.png,OAS2_0098,Very Mild Dementia,1,1,Very Mild Dementia,1,-0.4479335052631984,-0.41598712456879067,-0.7102747433905676,-1.091945890743049
OASIS_2,LinearSVM,47,test,gaussian_blur__moderate,gaussian_blur,moderate,D:\OASIS_2\distortions_64\gaussian_blur\moderate\Very_Mild_Dementia\OAS2_0098\OAS2_0098_slice_19_z173.png,Very_Mild_Dementia/OAS2_0098/OAS2_0098_slice_19_z173.png,Very Mild Dementia/OAS2_0098/OAS2_0098_slice_19_z173.png,OAS2_0098,Very Mild Dementia,1,0,Non-Demented,0,1.8935226010155028,-1.7619339888560102,-1.5911932294411042,-1.2585378469882955
OASIS_2,LinearSVM,47,test,gaussian_blur__moderate,gaussian_blur,moderate,D:\OASIS_2\distortions_64\gaussian_blur\moderate\Very_Mild_Dementia\OAS2_0098\OAS2_0098_slice_20_z178.png,Very_Mild_Dementia/OAS2_0098/OAS2_0098_slice_20_z178.png,Very Mild Dementia/OAS2_0098/OAS2_0098_slice_20_z178.png,OAS2_0098,Very Mild Dementia,1,0,Non-Demented,0,0.4808486628807564,-0.07647838674873014,-1.8303477262893404,-1.127272000076637
OASIS_2,LinearSVM,47,test,gaussian_blur__moderate,gaussian_blur,moderate,D:\OASIS_2\distortions_64\gaussian_blur\moderate\Very_Mild_Dementia\OAS2_0102\OAS2_0102_slice_01_z077.png,Very_Mild_Dementia/OAS2_0102/OAS2_0102_slice_01_z077.png,Very Mild Dementia/OAS2_0102/OAS2_0102_slice_01_z077.png,OAS2_0102,Very Mild Dementia,1,2,Mild Dementia,0,-1.549887909070738,0.13948083240302023,0.35719521386041664,-1.3295036972411838
OASIS_2,LinearSVM,47,test,gaussian_blur__moderate,gaussian_blur,moderate,D:\OASIS_2\distortions_64\gaussian_blur\moderate\Very_Mild_Dementia\OAS2_0102\OAS2_0102_slice_02_z082.png,Very_Mild_Dementia/OAS2_0102/OAS2_0102_slice_02_z082.png,Very Mild Dementia/OAS2_0102/OAS2_0102_slice_02_z082.png,OAS2_0102,Very Mild Dementia,1,2,Mild Dementia,0,-3.0226464832397255,0.8279491109407171,0.8507688715800619,-1.40608994406411
OASIS_2,LinearSVM,47,test,gaussian_blur__moderate,gaussian_blur,moderate,D:\OASIS_2\distortions_64\gaussian_blur\moderate\Very_Mild_Dementia\OAS2_0102\OAS2_0102_slice_03_z088.png,Very_Mild_Dementia/OAS2_0102/OAS2_0102_slice_03_z088.png,Very Mild Dementia/OAS2_0102/OAS2_0102_slice_03_z088.png,OAS2_0102,Very Mild Dementia,1,2,Mild Dementia,0,-1.7327230017450856,-0.7464539035284139,0.7494427464712232,-1.3199648870673868
OASIS_2,LinearSVM,47,test,gaussian_blur__moderate,gaussian_blur,moderate,D:\OASIS_2\distortions_64\gaussian_blur\moderate\Very_Mild_Dementia\OAS2_0102\OAS2_0102_slice_04_z093.png,Very_Mild_Dementia/OAS2_0102/OAS2_0102_slice_04_z093.png,Very Mild Dementia/OAS2_0102/OAS2_0102_slice_04_z093.png,OAS2_0102,Very Mild Dementia,1,2,Mild Dementia,0,-0.7875322416804298,-0.31261718162212815,0.04393307672672675,-1.268446112200921
OASIS_2,LinearSVM,47,test,gaussian_blur__moderate,gaussian_blur,moderate,D:\OASIS_2\distortions_64\gaussian_blur\moderate\Very_Mild_Dementia\OAS2_0102\OAS2_0102_slice_05_z098.png,Very_Mild_Dementia/OAS2_0102/OAS2_0102_slice_05_z098.png,Very Mild Dementia/OAS2_0102/OAS2_0102_slice_05_z098.png,OAS2_0102,Very Mild Dementia,1,2,Mild Dementia,0,-0.3708035669702518,-0.5642452654963981,0.08102478634059418,-1.136739991893036
OASIS_2,LinearSVM,47,test,gaussian_blur__moderate,gaussian_blur,moderate,D:\OASIS_2\distortions_64\gaussian_blur\moderate\Very_Mild_Dementia\OAS2_0102\OAS2_0102_slice_06_z104.png,Very_Mild_Dementia/OAS2_0102/OAS2_0102_slice_06_z104.png,Very Mild Dementia/OAS2_0102/OAS2_0102_slice_06_z104.png,OAS2_0102,Very Mild Dementia,1,1,Very Mild Dementia,1,-0.9930345431641684,0.15564067915287838,0.03283112863606896,-1.2242984305350315
OASIS_2,LinearSVM,47,test,gaussian_blur__moderate,gaussian_blur,moderate,D:\OASIS_2\distortions_64\gaussian_blur\moderate\Very_Mild_Dementia\OAS2_0102\OAS2_0102_slice_07_z109.png,Very_Mild_Dementia/OAS2_0102/OAS2_0102_slice_07_z109.png,Very Mild Dementia/OAS2_0102/OAS2_0102_slice_07_z109.png,OAS2_0102,Very Mild Dementia,1,1,Very Mild Dementia,1,-2.3279719405505173,0.47255187154608147,0.3597721345843552,-1.19581837016101
OASIS_2,LinearSVM,47,test,gaussian_blur__moderate,gaussian_blur,moderate,D:\OASIS_2\distortions_64\gaussian_blur\moderate\Very_Mild_Dementia\OAS2_0102\OAS2_0102_slice_08_z114.png,Very_Mild_Dementia/OAS2_0102/OAS2_0102_slice_08_z114.png,Very Mild Dementia/OAS2_0102/OAS2_0102_slice_08_z114.png,OAS2_0102,Very Mild Dementia,1,2,Mild Dementia,0,-1.4497271476807079,0.09149502094213346,0.21621063108312555,-1.2975465800568766
OASIS_2,LinearSVM,47,test,gaussian_blur__moderate,gaussian_blur,moderate,D:\OASIS_2\distortions_64\gaussian_blur\moderate\Very_Mild_Dementia\OAS2_0102\OAS2_0102_slice_09_z120.png,Very_Mild_Dementia/OAS2_0102/OAS2_0102_slice_09_z120.png,Very Mild Dementia/OAS2_0102/OAS2_0102_slice_09_z120.png,OAS2_0102,Very Mild Dementia,1,2,Mild Dementia,0,-1.0909510209063538,-0.810860942274229,0.023089111636538817,-1.1322699802855007
OASIS_2,LinearSVM,47,test,gaussian_blur__moderate,gaussian_blur,moderate,D:\OASIS_2\distortions_64\gaussian_blur\moderate\Very_Mild_Dementia\OAS2_0102\OAS2_0102_slice_10_z125.png,Very_Mild_Dementia/OAS2_0102/OAS2_0102_slice_10_z125.png,Very Mild Dementia/OAS2_0102/OAS2_0102_slice_10_z125.png,OAS2_0102,Very Mild Dementia,1,2,Mild Dementia,0,-1.1140430083709143,-0.4642534472524359,-0.20426947046576127,-1.179040012485885
OASIS_2,LinearSVM,47,test,gaussian_blur__moderate,gaussian_blur,moderate,D:\OASIS_2\distortions_64\gaussian_blur\moderate\Very_Mild_Dementia\OAS2_0102\OAS2_0102_slice_11_z130.png,Very_Mild_Dementia/OAS2_0102/OAS2_0102_slice_11_z130.png,Very Mild Dementia/OAS2_0102/OAS2_0102_slice_11_z130.png,OAS2_0102,Very Mild Dementia,1,1,Very Mild Dementia,1,-1.894681052275603,0.05921455796112096,0.03656212500177647,-1.0819359740012908
OASIS_2,LinearSVM,47,test,gaussian_blur__moderate,gaussian_blur,moderate,D:\OASIS_2\distortions_64\gaussian_blur\moderate\Very_Mild_Dementia\OAS2_0102\OAS2_0102_slice_12_z135.png,Very_Mild_Dementia/OAS2_0102/OAS2_0102_slice_12_z135.png,Very Mild Dementia/OAS2_0102/OAS2_0102_slice_12_z135.png,OAS2_0102,Very Mild Dementia,1,2,Mild Dementia,0,-0.8778895070644752,-0.40109245512397484,-0.20458321479235209,-1.1496059773012248
OASIS_2,LinearSVM,47,test,gaussian_blur__moderate,gaussian_blur,moderate,D:\OASIS_2\distortions_64\gaussian_blur\moderate\Very_Mild_Dementia\OAS2_0102\OAS2_0102_slice_13_z141.png,Very_Mild_Dementia/OAS2_0102/OAS2_0102_slice_13_z141.png,Very Mild Dementia/OAS2_0102/OAS2_0102_slice_13_z141.png,OAS2_0102,Very Mild Dementia,1,1,Very Mild Dementia,1,-1.1402194441445344,1.076223282657946,-1.3602515388836636,-1.1037593921677833
OASIS_2,LinearSVM,47,test,gaussian_blur__moderate,gaussian_blur,moderate,D:\OASIS_2\distortions_64\gaussian_blur\moderate\Very_Mild_Dementia\OAS2_0102\OAS2_0102_slice_14_z146.png,Very_Mild_Dementia/OAS2_0102/OAS2_0102_slice_14_z146.png,Very Mild Dementia/OAS2_0102/OAS2_0102_slice_14_z146.png,OAS2_0102,Very Mild Dementia,1,0,Non-Demented,0,0.7039193735268418,-0.8978902034074936,-0.7854142235734267,-1.2146914900457548
OASIS_2,LinearSVM,47,test,gaussian_blur__moderate,gaussian_blur,moderate,D:\OASIS_2\distortions_64\gaussian_blur\moderate\Very_Mild_Dementia\OAS2_0102\OAS2_0102_slice_15_z151.png,Very_Mild_Dementia/OAS2_0102/OAS2_0102_slice_15_z151.png,Very Mild Dementia/OAS2_0102/OAS2_0102_slice_15_z151.png,OAS2_0102,Very Mild Dementia,1,0,Non-Demented,0,0.4854188312200554,0.03772376030224883,-1.1221843217065244,-1.2847642168916997
OASIS_2,LinearSVM,47,test,gaussian_blur__moderate,gaussian_blur,moderate,D:\OASIS_2\distortions_64\gaussian_blur\moderate\Very_Mild_Dementia\OAS2_0102\OAS2_0102_slice_16_z157.png,Very_Mild_Dementia/OAS2_0102/OAS2_0102_slice_16_z157.png,Very Mild Dementia/OAS2_0102/OAS2_0102_slice_16_z157.png,OAS2_0102,Very Mild Dementia,1,2,Mild Dementia,0,-0.8914658048628756,-1.37460945354867,0.5748244301839878,-1.1292887349329268
OASIS_2,LinearSVM,47,test,gaussian_blur__moderate,gaussian_blur,moderate,D:\OASIS_2\distortions_64\gaussian_blur\moderate\Very_Mild_Dementia\OAS2_0102\OAS2_0102_slice_17_z162.png,Very_Mild_Dementia/OAS2_0102/OAS2_0102_slice_17_z162.png,Very Mild Dementia/OAS2_0102/OAS2_0102_slice_17_z162.png,OAS2_0102,Very Mild Dementia,1,0,Non-Demented,0,0.9040318755019785,-1.783076343667143,-0.8707216665589174,-1.3092042183501715
OASIS_2,LinearSVM,47,test,gaussian_blur__moderate,gaussian_blur,moderate,D:\OASIS_2\distortions_64\gaussian_blur\moderate\Very_Mild_Dementia\OAS2_0102\OAS2_0102_slice_18_z167.png,Very_Mild_Dementia/OAS2_0102/OAS2_0102_slice_18_z167.png,Very Mild Dementia/OAS2_0102/OAS2_0102_slice_18_z167.png,OAS2_0102,Very Mild Dementia,1,2,Mild Dementia,0,-0.8210633879076311,-0.49161799918127524,-0.14012009450048146,-1.2617900984454251
OASIS_2,LinearSVM,47,test,gaussian_blur__moderate,gaussian_blur,moderate,D:\OASIS_2\distortions_64\gaussian_blur\moderate\Very_Mild_Dementia\OAS2_0102\OAS2_0102_slice_19_z173.png,Very_Mild_Dementia/OAS2_0102/OAS2_0102_slice_19_z173.png,Very Mild Dementia/OAS2_0102/OAS2_0102_slice_19_z173.png,OAS2_0102,Very Mild Dementia,1,0,Non-Demented,0,1.846340900514995,-1.1290600767889405,-1.2129049156012188,-1.4261206349126783
OASIS_2,LinearSVM,47,test,gaussian_blur__moderate,gaussian_blur,moderate,D:\OASIS_2\distortions_64\gaussian_blur\moderate\Very_Mild_Dementia\OAS2_0102\OAS2_0102_slice_20_z178.png,Very_Mild_Dementia/OAS2_0102/OAS2_0102_slice_20_z178.png,Very Mild Dementia/OAS2_0102/OAS2_0102_slice_20_z178.png,OAS2_0102,Very Mild Dementia,1,1,Very Mild Dementia,1,-1.012656335475698,0.4755377152757396,-0.5609696624976626,-1.1758579117872916
OASIS_2,LinearSVM,47,test,gaussian_blur__moderate,gaussian_blur,moderate,D:\OASIS_2\distortions_64\gaussian_blur\moderate\Very_Mild_Dementia\OAS2_0103\OAS2_0103_slice_01_z077.png,Very_Mild_Dementia/OAS2_0103/OAS2_0103_slice_01_z077.png,Very Mild Dementia/OAS2_0103/OAS2_0103_slice_01_z077.png,OAS2_0103,Very Mild Dementia,1,0,Non-Demented,0,1.6546377008263855,-1.125988655584582,-0.962177222511439,-1.2026993457360757
OASIS_2,LinearSVM,47,test,gaussian_blur__moderate,gaussian_blur,moderate,D:\OASIS_2\distortions_64\gaussian_blur\moderate\Very_Mild_Dementia\OAS2_0103\OAS2_0103_slice_02_z082.png,Very_Mild_Dementia/OAS2_0103/OAS2_0103_slice_02_z082.png,Very Mild Dementia/OAS2_0103/OAS2_0103_slice_02_z082.png,OAS2_0103,Very Mild Dementia,1,0,Non-Demented,0,0.39557398571631414,-0.3060912011649308,-1.4310256898371692,-1.1792072423387414
OASIS_2,LinearSVM,47,test,gaussian_blur__moderate,gaussian_blur,moderate,D:\OASIS_2\distortions_64\gaussian_blur\moderate\Very_Mild_Dementia\OAS2_0103\OAS2_0103_slice_03_z088.png,Very_Mild_Dementia/OAS2_0103/OAS2_0103_slice_03_z088.png,Very Mild Dementia/OAS2_0103/OAS2_0103_slice_03_z088.png,OAS2_0103,Very Mild Dementia,1,0,Non-Demented,0,-0.19031358824484126,-0.6509330163632734,-1.0786396604851984,-1.091688388268392
OASIS_2,LinearSVM,47,test,gaussian_blur__moderate,gaussian_blur,moderate,D:\OASIS_2\distortions_64\gaussian_blur\moderate\Very_Mild_Dementia\OAS2_0103\OAS2_0103_slice_04_z093.png,Very_Mild_Dementia/OAS2_0103/OAS2_0103_slice_04_z093.png,Very Mild Dementia/OAS2_0103/OAS2_0103_slice_04_z093.png,OAS2_0103,Very Mild Dementia,1,0,Non-Demented,0,0.03854204819671293,-2.044941291261569,0.015469698657989195,-1.2017547963722246
OASIS_2,LinearSVM,47,test,gaussian_blur__moderate,gaussian_blur,moderate,D:\OASIS_2\distortions_64\gaussian_blur\moderate\Very_Mild_Dementia\OAS2_0103\OAS2_0103_slice_05_z098.png,Very_Mild_Dementia/OAS2_0103/OAS2_0103_slice_05_z098.png,Very Mild Dementia/OAS2_0103/OAS2_0103_slice_05_z098.png,OAS2_0103,Very Mild Dementia,1,0,Non-Demented,0,1.6183005464241618,-2.2862129501824775,-0.4109676713343132,-0.9796542757684168
OASIS_2,LinearSVM,47,test,gaussian_blur__moderate,gaussian_blur,moderate,D:\OASIS_2\distortions_64\gaussian_blur\moderate\Very_Mild_Dementia\OAS2_0103\OAS2_0103_slice_06_z104.png,Very_Mild_Dementia/OAS2_0103/OAS2_0103_slice_06_z104.png,Very Mild Dementia/OAS2_0103/OAS2_0103_slice_06_z104.png,OAS2_0103,Very Mild Dementia,1,0,Non-Demented,0,0.3138416701502033,-1.4488133898783304,-0.6534705595307317,-1.3163155516764653
OASIS_2,LinearSVM,47,test,gaussian_blur__moderate,gaussian_blur,moderate,D:\OASIS_2\distortions_64\gaussian_blur\moderate\Very_Mild_Dementia\OAS2_0103\OAS2_0103_slice_07_z109.png,Very_Mild_Dementia/OAS2_0103/OAS2_0103_slice_07_z109.png,Very Mild Dementia/OAS2_0103/OAS2_0103_slice_07_z109.png,OAS2_0103,Very Mild Dementia,1,2,Mild Dementia,0,-0.6742134934059891,-1.617830840453371,0.2690795962572714,-1.3558197700359762
OASIS_2,LinearSVM,47,test,gaussian_blur__moderate,gaussian_blur,moderate,D:\OASIS_2\distortions_64\gaussian_blur\moderate\Very_Mild_Dementia\OAS2_0103\OAS2_0103_slice_08_z114.png,Very_Mild_Dementia/OAS2_0103/OAS2_0103_slice_08_z114.png,Very Mild Dementia/OAS2_0103/OAS2_0103_slice_08_z114.png,OAS2_0103,Very Mild Dementia,1,0,Non-Demented,0,0.9852025287681875,-2.3967433637201134,-0.4139368915776239,-1.2328753028245971
OASIS_2,LinearSVM,47,test,gaussian_blur__moderate,gaussian_blur,moderate,D:\OASIS_2\distortions_64\gaussian_blur\moderate\Very_Mild_Dementia\OAS2_0103\OAS2_0103_slice_09_z120.png,Very_Mild_Dementia/OAS2_0103/OAS2_0103_slice_09_z120.png,Very Mild Dementia/OAS2_0103/OAS2_0103_slice_09_z120.png,OAS2_0103,Very Mild Dementia,1,0,Non-Demented,0,0.6672770866995793,-1.1949781065261833,-0.6014920530205929,-1.336224067391015
OASIS_2,LinearSVM,47,test,gaussian_blur__moderate,gaussian_blur,moderate,D:\OASIS_2\distortions_64\gaussian_blur\moderate\Very_Mild_Dementia\OAS2_0103\OAS2_0103_slice_10_z125.png,Very_Mild_Dementia/OAS2_0103/OAS2_0103_slice_10_z125.png,Very Mild Dementia/OAS2_0103/OAS2_0103_slice_10_z125.png,OAS2_0103,Very Mild Dementia,1,0,Non-Demented,0,0.7317194800159819,-0.9068854030406496,-1.0628619431093163,-1.1879016929151367
OASIS_2,LinearSVM,47,test,gaussian_blur__moderate,gaussian_blur,moderate,D:\OASIS_2\distortions_64\gaussian_blur\moderate\Very_Mild_Dementia\OAS2_0103\OAS2_0103_slice_11_z130.png,Very_Mild_Dementia/OAS2_0103/OAS2_0103_slice_11_z130.png,Very Mild Dementia/OAS2_0103/OAS2_0103_slice_11_z130.png,OAS2_0103,Very Mild Dementia,1,0,Non-Demented,0,0.8087488056162956,-0.16663225072445537,-1.6800941251996295,-1.2181501683194806
OASIS_2,LinearSVM,47,test,gaussian_blur__moderate,gaussian_blur,moderate,D:\OASIS_2\distortions_64\gaussian_blur\moderate\Very_Mild_Dementia\OAS2_0103\OAS2_0103_slice_12_z135.png,Very_Mild_Dementia/OAS2_0103/OAS2_0103_slice_12_z135.png,Very Mild Dementia/OAS2_0103/OAS2_0103_slice_12_z135.png,OAS2_0103,Very Mild Dementia,1,0,Non-Demented,0,0.8771867477596633,-1.9937387632894679,-0.18234314621140146,-1.1805996690901979
OASIS_2,LinearSVM,47,test,gaussian_blur__moderate,gaussian_blur,moderate,D:\OASIS_2\distortions_64\gaussian_blur\moderate\Very_Mild_Dementia\OAS2_0103\OAS2_0103_slice_13_z141.png,Very_Mild_Dementia/OAS2_0103/OAS2_0103_slice_13_z141.png,Very Mild Dementia/OAS2_0103/OAS2_0103_slice_13_z141.png,OAS2_0103,Very Mild Dementia,1,0,Non-Demented,0,0.9692839292033167,-2.3055018990357006,-0.1084041305816621,-1.1234973081854194
OASIS_2,LinearSVM,47,test,gaussian_blur__moderate,gaussian_blur,moderate,D:\OASIS_2\distortions_64\gaussian_blur\moderate\Very_Mild_Dementia\OAS2_0103\OAS2_0103_slice_14_z146.png,Very_Mild_Dementia/OAS2_0103/OAS2_0103_slice_14_z146.png,Very Mild Dementia/OAS2_0103/OAS2_0103_slice_14_z146.png,OAS2_0103,Very Mild Dementia,1,0,Non-Demented,0,0.6745018067795318,-1.652612176389492,-0.3209525462473882,-1.0747987730911612
OASIS_2,LinearSVM,47,test,gaussian_blur__moderate,gaussian_blur,moderate,D:\OASIS_2\distortions_64\gaussian_blur\moderate\Very_Mild_Dementia\OAS2_0103\OAS2_0103_slice_15_z151.png,Very_Mild_Dementia/OAS2_0103/OAS2_0103_slice_15_z151.png,Very Mild Dementia/OAS2_0103/OAS2_0103_slice_15_z151.png,OAS2_0103,Very Mild Dementia,1,1,Very Mild Dementia,1,-0.2371459866738922,-0.12130928957747333,-0.36242600382048973,-1.0497162123789934
OASIS_2,LinearSVM,47,test,gaussian_blur__moderate,gaussian_blur,moderate,D:\OASIS_2\distortions_64\gaussian_blur\moderate\Very_Mild_Dementia\OAS2_0103\OAS2_0103_slice_16_z157.png,Very_Mild_Dementia/OAS2_0103/OAS2_0103_slice_16_z157.png,Very Mild Dementia/OAS2_0103/OAS2_0103_slice_16_z157.png,OAS2_0103,Very Mild Dementia,1,2,Mild Dementia,0,-0.7613973228921851,-0.20930057318448997,-0.1447484628913016,-1.2018581337463388
OASIS_2,LinearSVM,47,test,gaussian_blur__moderate,gaussian_blur,moderate,D:\OASIS_2\distortions_64\gaussian_blur\moderate\Very_Mild_Dementia\OAS2_0103\OAS2_0103_slice_17_z162.png,Very_Mild_Dementia/OAS2_0103/OAS2_0103_slice_17_z162.png,Very Mild Dementia/OAS2_0103/OAS2_0103_slice_17_z162.png,OAS2_0103,Very Mild Dementia,1,1,Very Mild Dementia,1,-0.7922704733183372,0.4889718128009859,-0.6250530030330276,-1.1587212537136986
OASIS_2,LinearSVM,47,test,gaussian_blur__moderate,gaussian_blur,moderate,D:\OASIS_2\distortions_64\gaussian_blur\moderate\Very_Mild_Dementia\OAS2_0103\OAS2_0103_slice_18_z167.png,Very_Mild_Dementia/OAS2_0103/OAS2_0103_slice_18_z167.png,Very Mild Dementia/OAS2_0103/OAS2_0103_slice_18_z167.png,OAS2_0103,Very Mild Dementia,1,0,Non-Demented,0,0.5452900474407111,-0.8054416962172617,-0.5657261469309334,-1.2663325898632196
OASIS_2,LinearSVM,47,test,gaussian_blur__moderate,gaussian_blur,moderate,D:\OASIS_2\distortions_64\gaussian_blur\moderate\Very_Mild_Dementia\OAS2_0103\OAS2_0103_slice_19_z173.png,Very_Mild_Dementia/OAS2_0103/OAS2_0103_slice_19_z173.png,Very Mild Dementia/OAS2_0103/OAS2_0103_slice_19_z173.png,OAS2_0103,Very Mild Dementia,1,2,Mild Dementia,0,-0.20285841065468796,-0.40538060038675006,-0.030752506199512974,-1.1947503895362068
OASIS_2,LinearSVM,47,test,gaussian_blur__moderate,gaussian_blur,moderate,D:\OASIS_2\distortions_64\gaussian_blur\moderate\Very_Mild_Dementia\OAS2_0103\OAS2_0103_slice_20_z178.png,Very_Mild_Dementia/OAS2_0103/OAS2_0103_slice_20_z178.png,Very Mild Dementia/OAS2_0103/OAS2_0103_slice_20_z178.png,OAS2_0103,Very Mild Dementia,1,2,Mild Dementia,0,-0.2700143496565161,-1.279945857320947,0.20346759193202923,-1.1715441152010126
OASIS_2,LinearSVM,47,test,gaussian_blur__moderate,gaussian_blur,moderate,D:\OASIS_2\distortions_64\gaussian_blur\moderate\Very_Mild_Dementia\OAS2_0176\OAS2_0176_slice_01_z077.png,Very_Mild_Dementia/OAS2_0176/OAS2_0176_slice_01_z077.png,Very Mild Dementia/OAS2_0176/OAS2_0176_slice_01_z077.png,OAS2_0176,Very Mild Dementia,1,2,Mild Dementia,0,-3.5110614502386457,-1.9764871666581196,3.7861502139384786,-0.9812183198232873
OASIS_2,LinearSVM,47,test,gaussian_blur__moderate,gaussian_blur,moderate,D:\OASIS_2\distortions_64\gaussian_blur\moderate\Very_Mild_Dementia\OAS2_0176\OAS2_0176_slice_02_z082.png,Very_Mild_Dementia/OAS2_0176/OAS2_0176_slice_02_z082.png,Very Mild Dementia/OAS2_0176/OAS2_0176_slice_02_z082.png,OAS2_0176,Very Mild Dementia,1,2,Mild Dementia,0,-1.8814629786192714,-2.146839207367349,2.2502758346511893,-0.8918540534706954
OASIS_2,LinearSVM,47,test,gaussian_blur__moderate,gaussian_blur,moderate,D:\OASIS_2\distortions_64\gaussian_blur\moderate\Very_Mild_Dementia\OAS2_0176\OAS2_0176_slice_03_z088.png,Very_Mild_Dementia/OAS2_0176/OAS2_0176_slice_03_z088.png,Very Mild Dementia/OAS2_0176/OAS2_0176_slice_03_z088.png,OAS2_0176,Very Mild Dementia,1,2,Mild Dementia,0,-2.452201779479849,-1.7962135337459844,2.3399879830728483,-0.8496290382058193
OASIS_2,LinearSVM,47,test,gaussian_blur__moderate,gaussian_blur,moderate,D:\OASIS_2\distortions_64\gaussian_blur\moderate\Very_Mild_Dementia\OAS2_0176\OAS2_0176_slice_04_z093.png,Very_Mild_Dementia/OAS2_0176/OAS2_0176_slice_04_z093.png,Very Mild Dementia/OAS2_0176/OAS2_0176_slice_04_z093.png,OAS2_0176,Very Mild Dementia,1,2,Mild Dementia,0,-1.7087346382376778,-2.7302116713095224,2.04452688453061,-0.8406376689433434
OASIS_2,LinearSVM,47,test,gaussian_blur__moderate,gaussian_blur,moderate,D:\OASIS_2\distortions_64\gaussian_blur\moderate\Very_Mild_Dementia\OAS2_0176\OAS2_0176_slice_05_z098.png,Very_Mild_Dementia/OAS2_0176/OAS2_0176_slice_05_z098.png,Very Mild Dementia/OAS2_0176/OAS2_0176_slice_05_z098.png,OAS2_0176,Very Mild Dementia,1,2,Mild Dementia,0,0.42137924774397445,-3.631587122171683,1.505047701166001,-0.74029353856758
OASIS_2,LinearSVM,47,test,gaussian_blur__moderate,gaussian_blur,moderate,D:\OASIS_2\distortions_64\gaussian_blur\moderate\Very_Mild_Dementia\OAS2_0176\OAS2_0176_slice_06_z104.png,Very_Mild_Dementia/OAS2_0176/OAS2_0176_slice_06_z104.png,Very Mild Dementia/OAS2_0176/OAS2_0176_slice_06_z104.png,OAS2_0176,Very Mild Dementia,1,2,Mild Dementia,0,-0.5576009607321748,-1.9126125988265883,0.6335197085384388,-0.9231567256524287
OASIS_2,LinearSVM,47,test,gaussian_blur__moderate,gaussian_blur,moderate,D:\OASIS_2\distortions_64\gaussian_blur\moderate\Very_Mild_Dementia\OAS2_0176\OAS2_0176_slice_07_z109.png,Very_Mild_Dementia/OAS2_0176/OAS2_0176_slice_07_z109.png,Very Mild Dementia/OAS2_0176/OAS2_0176_slice_07_z109.png,OAS2_0176,Very Mild Dementia,1,2,Mild Dementia,0,-0.46621183069483735,-1.8232882706923113,0.739769406859992,-0.8426830132471532
OASIS_2,LinearSVM,47,test,gaussian_blur__moderate,gaussian_blur,moderate,D:\OASIS_2\distortions_64\gaussian_blur\moderate\Very_Mild_Dementia\OAS2_0176\OAS2_0176_slice_08_z114.png,Very_Mild_Dementia/OAS2_0176/OAS2_0176_slice_08_z114.png,Very Mild Dementia/OAS2_0176/OAS2_0176_slice_08_z114.png,OAS2_0176,Very Mild Dementia,1,0,Non-Demented,0,0.6625027184059097,-0.8538205311807996,-0.8217527260590627,-0.8282089838811706
OASIS_2,LinearSVM,47,test,gaussian_blur__moderate,gaussian_blur,moderate,D:\OASIS_2\distortions_64\gaussian_blur\moderate\Very_Mild_Dementia\OAS2_0176\OAS2_0176_slice_09_z120.png,Very_Mild_Dementia/OAS2_0176/OAS2_0176_slice_09_z120.png,Very Mild Dementia/OAS2_0176/OAS2_0176_slice_09_z120.png,OAS2_0176,Very Mild Dementia,1,0,Non-Demented,0,0.68251254592968,-2.5046815216227394,-0.38102977244498637,-0.9538701770733036
OASIS_2,LinearSVM,47,test,gaussian_blur__moderate,gaussian_blur,moderate,D:\OASIS_2\distortions_64\gaussian_blur\moderate\Very_Mild_Dementia\OAS2_0176\OAS2_0176_slice_10_z125.png,Very_Mild_Dementia/OAS2_0176/OAS2_0176_slice_10_z125.png,Very Mild Dementia/OAS2_0176/OAS2_0176_slice_10_z125.png,OAS2_0176,Very Mild Dementia,1,2,Mild Dementia,0,-0.6488925784860827,-3.415725641623613,1.4459841387818058,-0.948926457307816
OASIS_2,LinearSVM,47,test,gaussian_blur__moderate,gaussian_blur,moderate,D:\OASIS_2\distortions_64\gaussian_blur\moderate\Very_Mild_Dementia\OAS2_0176\OAS2_0176_slice_11_z130.png,Very_Mild_Dementia/OAS2_0176/OAS2_0176_slice_11_z130.png,Very Mild Dementia/OAS2_0176/OAS2_0176_slice_11_z130.png,OAS2_0176,Very Mild Dementia,1,2,Mild Dementia,0,-1.5607982395118165,-2.7444216093932265,2.04153351058827,-0.7080509980437975
OASIS_2,LinearSVM,47,test,gaussian_blur__moderate,gaussian_blur,moderate,D:\OASIS_2\distortions_64\gaussian_blur\moderate\Very_Mild_Dementia\OAS2_0176\OAS2_0176_slice_12_z135.png,Very_Mild_Dementia/OAS2_0176/OAS2_0176_slice_12_z135.png,Very Mild Dementia/OAS2_0176/OAS2_0176_slice_12_z135.png,OAS2_0176,Very Mild Dementia,1,2,Mild Dementia,0,-0.6436136210210879,-2.0912828497917486,0.8508198923092443,-0.661518293869142
OASIS_2,LinearSVM,47,test,gaussian_blur__moderate,gaussian_blur,moderate,D:\OASIS_2\distortions_64\gaussian_blur\moderate\Very_Mild_Dementia\OAS2_0176\OAS2_0176_slice_13_z141.png,Very_Mild_Dementia/OAS2_0176/OAS2_0176_slice_13_z141.png,Very Mild Dementia/OAS2_0176/OAS2_0176_slice_13_z141.png,OAS2_0176,Very Mild Dementia,1,0,Non-Demented,0,3.26346244757239,-2.91748471491778,-1.3157192021883144,-0.6612403725721867
OASIS_2,LinearSVM,47,test,gaussian_blur__moderate,gaussian_blur,moderate,D:\OASIS_2\distortions_64\gaussian_blur\moderate\Very_Mild_Dementia\OAS2_0176\OAS2_0176_slice_14_z146.png,Very_Mild_Dementia/OAS2_0176/OAS2_0176_slice_14_z146.png,Very Mild Dementia/OAS2_0176/OAS2_0176_slice_14_z146.png,OAS2_0176,Very Mild Dementia,1,0,Non-Demented,0,1.3245611710616043,-3.9681636720295748,0.7869090825665659,-0.9783007433114528
OASIS_2,LinearSVM,47,test,gaussian_blur__moderate,gaussian_blur,moderate,D:\OASIS_2\distortions_64\gaussian_blur\moderate\Very_Mild_Dementia\OAS2_0176\OAS2_0176_slice_15_z151.png,Very_Mild_Dementia/OAS2_0176/OAS2_0176_slice_15_z151.png,Very Mild Dementia/OAS2_0176/OAS2_0176_slice_15_z151.png,OAS2_0176,Very Mild Dementia,1,0,Non-Demented,0,2.028281146811058,-4.855620055645022,0.5621414218181662,-0.874567968720336
OASIS_2,LinearSVM,47,test,gaussian_blur__moderate,gaussian_blur,moderate,D:\OASIS_2\distortions_64\gaussian_blur\moderate\Very_Mild_Dementia\OAS2_0176\OAS2_0176_slice_16_z157.png,Very_Mild_Dementia/OAS2_0176/OAS2_0176_slice_16_z157.png,Very Mild Dementia/OAS2_0176/OAS2_0176_slice_16_z157.png,OAS2_0176,Very Mild Dementia,1,0,Non-Demented,0,2.3977760013917506,-4.492291826664787,0.697766284665815,-1.0153369540666397
OASIS_2,LinearSVM,47,test,gaussian_blur__moderate,gaussian_blur,moderate,D:\OASIS_2\distortions_64\gaussian_blur\moderate\Very_Mild_Dementia\OAS2_0176\OAS2_0176_slice_17_z162.png,Very_Mild_Dementia/OAS2_0176/OAS2_0176_slice_17_z162.png,Very Mild Dementia/OAS2_0176/OAS2_0176_slice_17_z162.png,OAS2_0176,Very Mild Dementia,1,0,Non-Demented,0,2.1349196021211467,-3.846184253208704,0.4386310360286201,-1.1320009985373367
OASIS_2,LinearSVM,47,test,gaussian_blur__moderate,gaussian_blur,moderate,D:\OASIS_2\distortions_64\gaussian_blur\moderate\Very_Mild_Dementia\OAS2_0176\OAS2_0176_slice_18_z167.png,Very_Mild_Dementia/OAS2_0176/OAS2_0176_slice_18_z167.png,Very Mild Dementia/OAS2_0176/OAS2_0176_slice_18_z167.png,OAS2_0176,Very Mild Dementia,1,0,Non-Demented,0,2.6399766241083995,-2.46960157332213,-1.304682988925603,-1.129713688633754
OASIS_2,LinearSVM,47,test,gaussian_blur__moderate,gaussian_blur,moderate,D:\OASIS_2\distortions_64\gaussian_blur\moderate\Very_Mild_Dementia\OAS2_0176\OAS2_0176_slice_19_z173.png,Very_Mild_Dementia/OAS2_0176/OAS2_0176_slice_19_z173.png,Very Mild Dementia/OAS2_0176/OAS2_0176_slice_19_z173.png,OAS2_0176,Very Mild Dementia,1,1,Very Mild Dementia,1,-1.7214996653125547,0.7911282184776305,0.39424325641631786,-1.1519663352058953
OASIS_2,LinearSVM,47,test,gaussian_blur__moderate,gaussian_blur,moderate,D:\OASIS_2\distortions_64\gaussian_blur\moderate\Very_Mild_Dementia\OAS2_0176\OAS2_0176_slice_20_z178.png,Very_Mild_Dementia/OAS2_0176/OAS2_0176_slice_20_z178.png,Very Mild Dementia/OAS2_0176/OAS2_0176_slice_20_z178.png,OAS2_0176,Very Mild Dementia,1,2,Mild Dementia,0,-0.8192684728562181,-1.8761730884634362,0.8121213817505428,-1.090983712503435
