dataset,model,seed,split,condition,distortion,severity,file_path,relative_path,sample_key,subject_id,class_name,y_true,y_pred,pred_class_name,correct,score_nondemented,score_verymilddementia,score_milddementia,score_moderatedementia
OASIS_1,RandomForest,13,test,brightness_contrast__moderate,brightness_contrast,moderate,D:\OASIS_1\distortions_128\brightness_contrast\moderate\Mild_Dementia\OAS1_0028\OAS1_0028_slice_01_z038.png,Mild_Dementia/OAS1_0028/OAS1_0028_slice_01_z038.png,Mild Dementia/OAS1_0028/OAS1_0028_slice_01_z038.png,OAS1_0028,Mild Dementia,2,1,Very Mild Dementia,0,0.2903289355756492,0.5401956911048011,0.16947537331954984,0.0
OASIS_1,RandomForest,13,test,brightness_contrast__moderate,brightness_contrast,moderate,D:\OASIS_1\distortions_128\brightness_contrast\moderate\Mild_Dementia\OAS1_0028\OAS1_0028_slice_02_z041.png,Mild_Dementia/OAS1_0028/OAS1_0028_slice_02_z041.png,Mild Dementia/OAS1_0028/OAS1_0028_slice_02_z041.png,OAS1_0028,Mild Dementia,2,0,Non-Demented,0,0.3868628577114263,0.2662144974068075,0.346922644881767,0.0
OASIS_1,RandomForest,13,test,brightness_contrast__moderate,brightness_contrast,moderate,D:\OASIS_1\distortions_128\brightness_contrast\moderate\Mild_Dementia\OAS1_0028\OAS1_0028_slice_03_z043.png,Mild_Dementia/OAS1_0028/OAS1_0028_slice_03_z043.png,Mild Dementia/OAS1_0028/OAS1_0028_slice_03_z043.png,OAS1_0028,Mild Dementia,2,1,Very Mild Dementia,0,0.27988033479748464,0.5177980488892998,0.2023216163132158,0.0
OASIS_1,RandomForest,13,test,brightness_contrast__moderate,brightness_contrast,moderate,D:\OASIS_1\distortions_128\brightness_contrast\moderate\Mild_Dementia\OAS1_0028\OAS1_0028_slice_04_z046.png,Mild_Dementia/OAS1_0028/OAS1_0028_slice_04_z046.png,Mild Dementia/OAS1_0028/OAS1_0028_slice_04_z046.png,OAS1_0028,Mild Dementia,2,1,Very Mild Dementia,0,0.31399722815541,0.5002736986490076,0.18572907319558293,0.0
OASIS_1,RandomForest,13,test,brightness_contrast__moderate,brightness_contrast,moderate,D:\OASIS_1\distortions_128\brightness_contrast\moderate\Mild_Dementia\OAS1_0028\OAS1_0028_slice_05_z049.png,Mild_Dementia/OAS1_0028/OAS1_0028_slice_05_z049.png,Mild Dementia/OAS1_0028/OAS1_0028_slice_05_z049.png,OAS1_0028,Mild Dementia,2,1,Very Mild Dementia,0,0.31083465728243115,0.49583173724387225,0.19333360547369685,0.0
OASIS_1,RandomForest,13,test,brightness_contrast__moderate,brightness_contrast,moderate,D:\OASIS_1\distortions_128\brightness_contrast\moderate\Mild_Dementia\OAS1_0028\OAS1_0028_slice_06_z051.png,Mild_Dementia/OAS1_0028/OAS1_0028_slice_06_z051.png,Mild Dementia/OAS1_0028/OAS1_0028_slice_06_z051.png,OAS1_0028,Mild Dementia,2,0,Non-Demented,0,0.37406534235353983,0.13105009270372345,0.14488456494273674,0.35
OASIS_1,RandomForest,13,test,brightness_contrast__moderate,brightness_contrast,moderate,D:\OASIS_1\distortions_128\brightness_contrast\moderate\Mild_Dementia\OAS1_0028\OAS1_0028_slice_07_z054.png,Mild_Dementia/OAS1_0028/OAS1_0028_slice_07_z054.png,Mild Dementia/OAS1_0028/OAS1_0028_slice_07_z054.png,OAS1_0028,Mild Dementia,2,1,Very Mild Dementia,0,0.3317290330156377,0.4204302772362578,0.24784068974810425,0.0
OASIS_1,RandomForest,13,test,brightness_contrast__moderate,brightness_contrast,moderate,D:\OASIS_1\distortions_128\brightness_contrast\moderate\Mild_Dementia\OAS1_0028\OAS1_0028_slice_08_z057.png,Mild_Dementia/OAS1_0028/OAS1_0028_slice_08_z057.png,Mild Dementia/OAS1_0028/OAS1_0028_slice_08_z057.png,OAS1_0028,Mild Dementia,2,3,Moderate Dementia,0,0.34026652518238304,0.10152966653071883,0.12820380828689815,0.43
OASIS_1,RandomForest,13,test,brightness_contrast__moderate,brightness_contrast,moderate,D:\OASIS_1\distortions_128\brightness_contrast\moderate\Mild_Dementia\OAS1_0028\OAS1_0028_slice_09_z059.png,Mild_Dementia/OAS1_0028/OAS1_0028_slice_09_z059.png,Mild Dementia/OAS1_0028/OAS1_0028_slice_09_z059.png,OAS1_0028,Mild Dementia,2,1,Very Mild Dementia,0,0.36004035342349333,0.5184365846922238,0.12152306188428326,0.0
OASIS_1,RandomForest,13,test,brightness_contrast__moderate,brightness_contrast,moderate,D:\OASIS_1\distortions_128\brightness_contrast\moderate\Mild_Dementia\OAS1_0028\OAS1_0028_slice_10_z062.png,Mild_Dementia/OAS1_0028/OAS1_0028_slice_10_z062.png,Mild Dementia/OAS1_0028/OAS1_0028_slice_10_z062.png,OAS1_0028,Mild Dementia,2,3,Moderate Dementia,0,0.3275971807087303,0.10454194079346589,0.14119421183113712,0.4266666666666667
OASIS_1,RandomForest,13,test,brightness_contrast__moderate,brightness_contrast,moderate,D:\OASIS_1\distortions_128\brightness_contrast\moderate\Mild_Dementia\OAS1_0028\OAS1_0028_slice_11_z065.png,Mild_Dementia/OAS1_0028/OAS1_0028_slice_11_z065.png,Mild Dementia/OAS1_0028/OAS1_0028_slice_11_z065.png,OAS1_0028,Mild Dementia,2,1,Very Mild Dementia,0,0.35205260369278835,0.410810498120901,0.23713689818631042,0.0
OASIS_1,RandomForest,13,test,brightness_contrast__moderate,brightness_contrast,moderate,D:\OASIS_1\distortions_128\brightness_contrast\moderate\Mild_Dementia\OAS1_0028\OAS1_0028_slice_12_z068.png,Mild_Dementia/OAS1_0028/OAS1_0028_slice_12_z068.png,Mild Dementia/OAS1_0028/OAS1_0028_slice_12_z068.png,OAS1_0028,Mild Dementia,2,0,Non-Demented,0,0.4742128269508918,0.32081316529786735,0.20497400775124078,0.0
OASIS_1,RandomForest,13,test,brightness_contrast__moderate,brightness_contrast,moderate,D:\OASIS_1\distortions_128\brightness_contrast\moderate\Mild_Dementia\OAS1_0028\OAS1_0028_slice_13_z070.png,Mild_Dementia/OAS1_0028/OAS1_0028_slice_13_z070.png,Mild Dementia/OAS1_0028/OAS1_0028_slice_13_z070.png,OAS1_0028,Mild Dementia,2,1,Very Mild Dementia,0,0.3133171584701437,0.5113016546910785,0.17538118683877804,0.0
OASIS_1,RandomForest,13,test,brightness_contrast__moderate,brightness_contrast,moderate,D:\OASIS_1\distortions_128\brightness_contrast\moderate\Mild_Dementia\OAS1_0028\OAS1_0028_slice_14_z073.png,Mild_Dementia/OAS1_0028/OAS1_0028_slice_14_z073.png,Mild Dementia/OAS1_0028/OAS1_0028_slice_14_z073.png,OAS1_0028,Mild Dementia,2,3,Moderate Dementia,0,0.35913526461631395,0.108921094889545,0.1286103071608077,0.4033333333333333
OASIS_1,RandomForest,13,test,brightness_contrast__moderate,brightness_contrast,moderate,D:\OASIS_1\distortions_128\brightness_contrast\moderate\Mild_Dementia\OAS1_0028\OAS1_0028_slice_15_z076.png,Mild_Dementia/OAS1_0028/OAS1_0028_slice_15_z076.png,Mild Dementia/OAS1_0028/OAS1_0028_slice_15_z076.png,OAS1_0028,Mild Dementia,2,1,Very Mild Dementia,0,0.31062207073721215,0.5106631668480184,0.17871476241476955,0.0
OASIS_1,RandomForest,13,test,brightness_contrast__moderate,brightness_contrast,moderate,D:\OASIS_1\distortions_128\brightness_contrast\moderate\Mild_Dementia\OAS1_0028\OAS1_0028_slice_16_z078.png,Mild_Dementia/OAS1_0028/OAS1_0028_slice_16_z078.png,Mild Dementia/OAS1_0028/OAS1_0028_slice_16_z078.png,OAS1_0028,Mild Dementia,2,1,Very Mild Dementia,0,0.30023756217524544,0.42830954689829837,0.27145289092645636,0.0
OASIS_1,RandomForest,13,test,brightness_contrast__moderate,brightness_contrast,moderate,D:\OASIS_1\distortions_128\brightness_contrast\moderate\Mild_Dementia\OAS1_0028\OAS1_0028_slice_17_z081.png,Mild_Dementia/OAS1_0028/OAS1_0028_slice_17_z081.png,Mild Dementia/OAS1_0028/OAS1_0028_slice_17_z081.png,OAS1_0028,Mild Dementia,2,1,Very Mild Dementia,0,0.32011153577588525,0.40145672814088895,0.2784317360832258,0.0
OASIS_1,RandomForest,13,test,brightness_contrast__moderate,brightness_contrast,moderate,D:\OASIS_1\distortions_128\brightness_contrast\moderate\Mild_Dementia\OAS1_0028\OAS1_0028_slice_18_z084.png,Mild_Dementia/OAS1_0028/OAS1_0028_slice_18_z084.png,Mild Dementia/OAS1_0028/OAS1_0028_slice_18_z084.png,OAS1_0028,Mild Dementia,2,3,Moderate Dementia,0,0.35703255701323344,0.1323905299718779,0.14724357968155535,0.36333333333333334
OASIS_1,RandomForest,13,test,brightness_contrast__moderate,brightness_contrast,moderate,D:\OASIS_1\distortions_128\brightness_contrast\moderate\Mild_Dementia\OAS1_0028\OAS1_0028_slice_19_z086.png,Mild_Dementia/OAS1_0028/OAS1_0028_slice_19_z086.png,Mild Dementia/OAS1_0028/OAS1_0028_slice_19_z086.png,OAS1_0028,Mild Dementia,2,0,Non-Demented,0,0.5200669297605995,0.34570986687397215,0.13422320336542823,0.0
OASIS_1,RandomForest,13,test,brightness_contrast__moderate,brightness_contrast,moderate,D:\OASIS_1\distortions_128\brightness_contrast\moderate\Mild_Dementia\OAS1_0028\OAS1_0028_slice_20_z089.png,Mild_Dementia/OAS1_0028/OAS1_0028_slice_20_z089.png,Mild Dementia/OAS1_0028/OAS1_0028_slice_20_z089.png,OAS1_0028,Mild Dementia,2,0,Non-Demented,0,0.3985182834596316,0.3710738562256674,0.2304078603147014,0.0
OASIS_1,RandomForest,13,test,brightness_contrast__moderate,brightness_contrast,moderate,D:\OASIS_1\distortions_128\brightness_contrast\moderate\Mild_Dementia\OAS1_0137\OAS1_0137_slice_01_z038.png,Mild_Dementia/OAS1_0137/OAS1_0137_slice_01_z038.png,Mild Dementia/OAS1_0137/OAS1_0137_slice_01_z038.png,OAS1_0137,Mild Dementia,2,3,Moderate Dementia,0,0.3467457706681362,0.12584954083957392,0.16407135515895657,0.36333333333333334
OASIS_1,RandomForest,13,test,brightness_contrast__moderate,brightness_contrast,moderate,D:\OASIS_1\distortions_128\brightness_contrast\moderate\Mild_Dementia\OAS1_0137\OAS1_0137_slice_02_z041.png,Mild_Dementia/OAS1_0137/OAS1_0137_slice_02_z041.png,Mild Dementia/OAS1_0137/OAS1_0137_slice_02_z041.png,OAS1_0137,Mild Dementia,2,1,Very Mild Dementia,0,0.28581187479794085,0.6438060787100317,0.07038204649202767,0.0
OASIS_1,RandomForest,13,test,brightness_contrast__moderate,brightness_contrast,moderate,D:\OASIS_1\distortions_128\brightness_contrast\moderate\Mild_Dementia\OAS1_0137\OAS1_0137_slice_03_z043.png,Mild_Dementia/OAS1_0137/OAS1_0137_slice_03_z043.png,Mild Dementia/OAS1_0137/OAS1_0137_slice_03_z043.png,OAS1_0137,Mild Dementia,2,0,Non-Demented,0,0.6002327465725995,0.3358283929340856,0.060605527159981576,0.0033333333333333335
OASIS_1,RandomForest,13,test,brightness_contrast__moderate,brightness_contrast,moderate,D:\OASIS_1\distortions_128\brightness_contrast\moderate\Mild_Dementia\OAS1_0137\OAS1_0137_slice_04_z046.png,Mild_Dementia/OAS1_0137/OAS1_0137_slice_04_z046.png,Mild Dementia/OAS1_0137/OAS1_0137_slice_04_z046.png,OAS1_0137,Mild Dementia,2,3,Moderate Dementia,0,0.3188632498704618,0.12054616594288253,0.18392391751998902,0.37666666666666665
OASIS_1,RandomForest,13,test,brightness_contrast__moderate,brightness_contrast,moderate,D:\OASIS_1\distortions_128\brightness_contrast\moderate\Mild_Dementia\OAS1_0137\OAS1_0137_slice_05_z049.png,Mild_Dementia/OAS1_0137/OAS1_0137_slice_05_z049.png,Mild Dementia/OAS1_0137/OAS1_0137_slice_05_z049.png,OAS1_0137,Mild Dementia,2,1,Very Mild Dementia,0,0.24003358842520237,0.6783786084656026,0.08158780310919539,0.0
OASIS_1,RandomForest,13,test,brightness_contrast__moderate,brightness_contrast,moderate,D:\OASIS_1\distortions_128\brightness_contrast\moderate\Mild_Dementia\OAS1_0137\OAS1_0137_slice_06_z051.png,Mild_Dementia/OAS1_0137/OAS1_0137_slice_06_z051.png,Mild Dementia/OAS1_0137/OAS1_0137_slice_06_z051.png,OAS1_0137,Mild Dementia,2,0,Non-Demented,0,0.5125382778542037,0.3341179559239946,0.15334376622180138,0.0
OASIS_1,RandomForest,13,test,brightness_contrast__moderate,brightness_contrast,moderate,D:\OASIS_1\distortions_128\brightness_contrast\moderate\Mild_Dementia\OAS1_0137\OAS1_0137_slice_07_z054.png,Mild_Dementia/OAS1_0137/OAS1_0137_slice_07_z054.png,Mild Dementia/OAS1_0137/OAS1_0137_slice_07_z054.png,OAS1_0137,Mild Dementia,2,1,Very Mild Dementia,0,0.311257241698601,0.6049413424487142,0.08380141585268466,0.0
OASIS_1,RandomForest,13,test,brightness_contrast__moderate,brightness_contrast,moderate,D:\OASIS_1\distortions_128\brightness_contrast\moderate\Mild_Dementia\OAS1_0137\OAS1_0137_slice_08_z057.png,Mild_Dementia/OAS1_0137/OAS1_0137_slice_08_z057.png,Mild Dementia/OAS1_0137/OAS1_0137_slice_08_z057.png,OAS1_0137,Mild Dementia,2,0,Non-Demented,0,0.5972217441445727,0.2770872820254981,0.12569097382992964,0.0
OASIS_1,RandomForest,13,test,brightness_contrast__moderate,brightness_contrast,moderate,D:\OASIS_1\distortions_128\brightness_contrast\moderate\Mild_Dementia\OAS1_0137\OAS1_0137_slice_09_z059.png,Mild_Dementia/OAS1_0137/OAS1_0137_slice_09_z059.png,Mild Dementia/OAS1_0137/OAS1_0137_slice_09_z059.png,OAS1_0137,Mild Dementia,2,1,Very Mild Dementia,0,0.30290726290733805,0.6038331296528865,0.09325960743977578,0.0
OASIS_1,RandomForest,13,test,brightness_contrast__moderate,brightness_contrast,moderate,D:\OASIS_1\distortions_128\brightness_contrast\moderate\Mild_Dementia\OAS1_0137\OAS1_0137_slice_10_z062.png,Mild_Dementia/OAS1_0137/OAS1_0137_slice_10_z062.png,Mild Dementia/OAS1_0137/OAS1_0137_slice_10_z062.png,OAS1_0137,Mild Dementia,2,1,Very Mild Dementia,0,0.28401995439159194,0.615546425631731,0.10043361997667741,0.0
OASIS_1,RandomForest,13,test,brightness_contrast__moderate,brightness_contrast,moderate,D:\OASIS_1\distortions_128\brightness_contrast\moderate\Mild_Dementia\OAS1_0137\OAS1_0137_slice_11_z065.png,Mild_Dementia/OAS1_0137/OAS1_0137_slice_11_z065.png,Mild Dementia/OAS1_0137/OAS1_0137_slice_11_z065.png,OAS1_0137,Mild Dementia,2,3,Moderate Dementia,0,0.3081503403050259,0.12231558755449415,0.13286740547381323,0.43666666666666665
OASIS_1,RandomForest,13,test,brightness_contrast__moderate,brightness_contrast,moderate,D:\OASIS_1\distortions_128\brightness_contrast\moderate\Mild_Dementia\OAS1_0137\OAS1_0137_slice_12_z068.png,Mild_Dementia/OAS1_0137/OAS1_0137_slice_12_z068.png,Mild Dementia/OAS1_0137/OAS1_0137_slice_12_z068.png,OAS1_0137,Mild Dementia,2,3,Moderate Dementia,0,0.29578236673574554,0.10767984427244078,0.13987112232514703,0.45666666666666667
OASIS_1,RandomForest,13,test,brightness_contrast__moderate,brightness_contrast,moderate,D:\OASIS_1\distortions_128\brightness_contrast\moderate\Mild_Dementia\OAS1_0137\OAS1_0137_slice_13_z070.png,Mild_Dementia/OAS1_0137/OAS1_0137_slice_13_z070.png,Mild Dementia/OAS1_0137/OAS1_0137_slice_13_z070.png,OAS1_0137,Mild Dementia,2,1,Very Mild Dementia,0,0.37472251963612063,0.4150363032767298,0.21024117708714968,0.0
OASIS_1,RandomForest,13,test,brightness_contrast__moderate,brightness_contrast,moderate,D:\OASIS_1\distortions_128\brightness_contrast\moderate\Mild_Dementia\OAS1_0137\OAS1_0137_slice_14_z073.png,Mild_Dementia/OAS1_0137/OAS1_0137_slice_14_z073.png,Mild Dementia/OAS1_0137/OAS1_0137_slice_14_z073.png,OAS1_0137,Mild Dementia,2,1,Very Mild Dementia,0,0.3003840366838789,0.6016128847182877,0.09800307859783391,0.0
OASIS_1,RandomForest,13,test,brightness_contrast__moderate,brightness_contrast,moderate,D:\OASIS_1\distortions_128\brightness_contrast\moderate\Mild_Dementia\OAS1_0137\OAS1_0137_slice_15_z076.png,Mild_Dementia/OAS1_0137/OAS1_0137_slice_15_z076.png,Mild Dementia/OAS1_0137/OAS1_0137_slice_15_z076.png,OAS1_0137,Mild Dementia,2,0,Non-Demented,0,0.5431342311761718,0.3196344196199779,0.13723134920385077,0.0
OASIS_1,RandomForest,13,test,brightness_contrast__moderate,brightness_contrast,moderate,D:\OASIS_1\distortions_128\brightness_contrast\moderate\Mild_Dementia\OAS1_0137\OAS1_0137_slice_16_z078.png,Mild_Dementia/OAS1_0137/OAS1_0137_slice_16_z078.png,Mild Dementia/OAS1_0137/OAS1_0137_slice_16_z078.png,OAS1_0137,Mild Dementia,2,1,Very Mild Dementia,0,0.3100320287040832,0.5142797315940412,0.17568823970187572,0.0
OASIS_1,RandomForest,13,test,brightness_contrast__moderate,brightness_contrast,moderate,D:\OASIS_1\distortions_128\brightness_contrast\moderate\Mild_Dementia\OAS1_0137\OAS1_0137_slice_17_z081.png,Mild_Dementia/OAS1_0137/OAS1_0137_slice_17_z081.png,Mild Dementia/OAS1_0137/OAS1_0137_slice_17_z081.png,OAS1_0137,Mild Dementia,2,3,Moderate Dementia,0,0.3145467249068307,0.15063219317602836,0.15148774858380762,0.38333333333333336
OASIS_1,RandomForest,13,test,brightness_contrast__moderate,brightness_contrast,moderate,D:\OASIS_1\distortions_128\brightness_contrast\moderate\Mild_Dementia\OAS1_0137\OAS1_0137_slice_18_z084.png,Mild_Dementia/OAS1_0137/OAS1_0137_slice_18_z084.png,Mild Dementia/OAS1_0137/OAS1_0137_slice_18_z084.png,OAS1_0137,Mild Dementia,2,1,Very Mild Dementia,0,0.27886426558705557,0.6437985042264834,0.07733723018646137,0.0
OASIS_1,RandomForest,13,test,brightness_contrast__moderate,brightness_contrast,moderate,D:\OASIS_1\distortions_128\brightness_contrast\moderate\Mild_Dementia\OAS1_0137\OAS1_0137_slice_19_z086.png,Mild_Dementia/OAS1_0137/OAS1_0137_slice_19_z086.png,Mild Dementia/OAS1_0137/OAS1_0137_slice_19_z086.png,OAS1_0137,Mild Dementia,2,0,Non-Demented,0,0.357588417645755,0.1420420531416648,0.14703619587924693,0.35333333333333333
OASIS_1,RandomForest,13,test,brightness_contrast__moderate,brightness_contrast,moderate,D:\OASIS_1\distortions_128\brightness_contrast\moderate\Mild_Dementia\OAS1_0137\OAS1_0137_slice_20_z089.png,Mild_Dementia/OAS1_0137/OAS1_0137_slice_20_z089.png,Mild Dementia/OAS1_0137/OAS1_0137_slice_20_z089.png,OAS1_0137,Mild Dementia,2,0,Non-Demented,0,0.599401411508202,0.2937521245434367,0.10684646394836164,0.0
OASIS_1,RandomForest,13,test,brightness_contrast__moderate,brightness_contrast,moderate,D:\OASIS_1\distortions_128\brightness_contrast\moderate\Mild_Dementia\OAS1_0184\OAS1_0184_slice_01_z038.png,Mild_Dementia/OAS1_0184/OAS1_0184_slice_01_z038.png,Mild Dementia/OAS1_0184/OAS1_0184_slice_01_z038.png,OAS1_0184,Mild Dementia,2,3,Moderate Dementia,0,0.34527448824526197,0.13388526350198116,0.12084024825275685,0.4
OASIS_1,RandomForest,13,test,brightness_contrast__moderate,brightness_contrast,moderate,D:\OASIS_1\distortions_128\brightness_contrast\moderate\Mild_Dementia\OAS1_0184\OAS1_0184_slice_02_z041.png,Mild_Dementia/OAS1_0184/OAS1_0184_slice_02_z041.png,Mild Dementia/OAS1_0184/OAS1_0184_slice_02_z041.png,OAS1_0184,Mild Dementia,2,0,Non-Demented,0,0.5706857602557488,0.3718864670223757,0.05742777272187566,0.0
OASIS_1,RandomForest,13,test,brightness_contrast__moderate,brightness_contrast,moderate,D:\OASIS_1\distortions_128\brightness_contrast\moderate\Mild_Dementia\OAS1_0184\OAS1_0184_slice_03_z043.png,Mild_Dementia/OAS1_0184/OAS1_0184_slice_03_z043.png,Mild Dementia/OAS1_0184/OAS1_0184_slice_03_z043.png,OAS1_0184,Mild Dementia,2,0,Non-Demented,0,0.5717434677069376,0.3723980223175802,0.055858509975482314,0.0
OASIS_1,RandomForest,13,test,brightness_contrast__moderate,brightness_contrast,moderate,D:\OASIS_1\distortions_128\brightness_contrast\moderate\Mild_Dementia\OAS1_0184\OAS1_0184_slice_04_z046.png,Mild_Dementia/OAS1_0184/OAS1_0184_slice_04_z046.png,Mild Dementia/OAS1_0184/OAS1_0184_slice_04_z046.png,OAS1_0184,Mild Dementia,2,0,Non-Demented,0,0.5523094127307816,0.37452631059924957,0.07316427666996855,0.0
OASIS_1,RandomForest,13,test,brightness_contrast__moderate,brightness_contrast,moderate,D:\OASIS_1\distortions_128\brightness_contrast\moderate\Mild_Dementia\OAS1_0184\OAS1_0184_slice_05_z049.png,Mild_Dementia/OAS1_0184/OAS1_0184_slice_05_z049.png,Mild Dementia/OAS1_0184/OAS1_0184_slice_05_z049.png,OAS1_0184,Mild Dementia,2,0,Non-Demented,0,0.4709755661005467,0.41884401086844486,0.10684708969767504,0.0033333333333333335
OASIS_1,RandomForest,13,test,brightness_contrast__moderate,brightness_contrast,moderate,D:\OASIS_1\distortions_128\brightness_contrast\moderate\Mild_Dementia\OAS1_0184\OAS1_0184_slice_06_z051.png,Mild_Dementia/OAS1_0184/OAS1_0184_slice_06_z051.png,Mild Dementia/OAS1_0184/OAS1_0184_slice_06_z051.png,OAS1_0184,Mild Dementia,2,0,Non-Demented,0,0.4497670152116846,0.3528773605509343,0.19735562423738132,0.0
OASIS_1,RandomForest,13,test,brightness_contrast__moderate,brightness_contrast,moderate,D:\OASIS_1\distortions_128\brightness_contrast\moderate\Mild_Dementia\OAS1_0184\OAS1_0184_slice_07_z054.png,Mild_Dementia/OAS1_0184/OAS1_0184_slice_07_z054.png,Mild Dementia/OAS1_0184/OAS1_0184_slice_07_z054.png,OAS1_0184,Mild Dementia,2,0,Non-Demented,0,0.4654308891059742,0.35115286391671136,0.18341624697731465,0.0
OASIS_1,RandomForest,13,test,brightness_contrast__moderate,brightness_contrast,moderate,D:\OASIS_1\distortions_128\brightness_contrast\moderate\Mild_Dementia\OAS1_0184\OAS1_0184_slice_08_z057.png,Mild_Dementia/OAS1_0184/OAS1_0184_slice_08_z057.png,Mild Dementia/OAS1_0184/OAS1_0184_slice_08_z057.png,OAS1_0184,Mild Dementia,2,0,Non-Demented,0,0.4447998402075428,0.35634019031710795,0.19885996947534912,0.0
OASIS_1,RandomForest,13,test,brightness_contrast__moderate,brightness_contrast,moderate,D:\OASIS_1\distortions_128\brightness_contrast\moderate\Mild_Dementia\OAS1_0184\OAS1_0184_slice_09_z059.png,Mild_Dementia/OAS1_0184/OAS1_0184_slice_09_z059.png,Mild Dementia/OAS1_0184/OAS1_0184_slice_09_z059.png,OAS1_0184,Mild Dementia,2,0,Non-Demented,0,0.44478656526940236,0.3494719180683778,0.20574151666221982,0.0
OASIS_1,RandomForest,13,test,brightness_contrast__moderate,brightness_contrast,moderate,D:\OASIS_1\distortions_128\brightness_contrast\moderate\Mild_Dementia\OAS1_0184\OAS1_0184_slice_10_z062.png,Mild_Dementia/OAS1_0184/OAS1_0184_slice_10_z062.png,Mild Dementia/OAS1_0184/OAS1_0184_slice_10_z062.png,OAS1_0184,Mild Dementia,2,3,Moderate Dementia,0,0.3673994361053304,0.13714317674944212,0.11879072047856082,0.37666666666666665
OASIS_1,RandomForest,13,test,brightness_contrast__moderate,brightness_contrast,moderate,D:\OASIS_1\distortions_128\brightness_contrast\moderate\Mild_Dementia\OAS1_0184\OAS1_0184_slice_11_z065.png,Mild_Dementia/OAS1_0184/OAS1_0184_slice_11_z065.png,Mild Dementia/OAS1_0184/OAS1_0184_slice_11_z065.png,OAS1_0184,Mild Dementia,2,3,Moderate Dementia,0,0.3449146309381277,0.1400357260988173,0.13838297629638835,0.37666666666666665
OASIS_1,RandomForest,13,test,brightness_contrast__moderate,brightness_contrast,moderate,D:\OASIS_1\distortions_128\brightness_contrast\moderate\Mild_Dementia\OAS1_0184\OAS1_0184_slice_12_z068.png,Mild_Dementia/OAS1_0184/OAS1_0184_slice_12_z068.png,Mild Dementia/OAS1_0184/OAS1_0184_slice_12_z068.png,OAS1_0184,Mild Dementia,2,3,Moderate Dementia,0,0.37373811193470996,0.1210675163621165,0.12852770503650682,0.37666666666666665
OASIS_1,RandomForest,13,test,brightness_contrast__moderate,brightness_contrast,moderate,D:\OASIS_1\distortions_128\brightness_contrast\moderate\Mild_Dementia\OAS1_0184\OAS1_0184_slice_13_z070.png,Mild_Dementia/OAS1_0184/OAS1_0184_slice_13_z070.png,Mild Dementia/OAS1_0184/OAS1_0184_slice_13_z070.png,OAS1_0184,Mild Dementia,2,0,Non-Demented,0,0.46471857612080103,0.34737268732263504,0.18790873655656393,0.0
OASIS_1,RandomForest,13,test,brightness_contrast__moderate,brightness_contrast,moderate,D:\OASIS_1\distortions_128\brightness_contrast\moderate\Mild_Dementia\OAS1_0184\OAS1_0184_slice_14_z073.png,Mild_Dementia/OAS1_0184/OAS1_0184_slice_14_z073.png,Mild Dementia/OAS1_0184/OAS1_0184_slice_14_z073.png,OAS1_0184,Mild Dementia,2,0,Non-Demented,0,0.4123773538820829,0.3920517690155734,0.19557087710234375,0.0
OASIS_1,RandomForest,13,test,brightness_contrast__moderate,brightness_contrast,moderate,D:\OASIS_1\distortions_128\brightness_contrast\moderate\Mild_Dementia\OAS1_0184\OAS1_0184_slice_15_z076.png,Mild_Dementia/OAS1_0184/OAS1_0184_slice_15_z076.png,Mild Dementia/OAS1_0184/OAS1_0184_slice_15_z076.png,OAS1_0184,Mild Dementia,2,1,Very Mild Dementia,0,0.3866146091284411,0.4080005503075533,0.2053848405640059,0.0
OASIS_1,RandomForest,13,test,brightness_contrast__moderate,brightness_contrast,moderate,D:\OASIS_1\distortions_128\brightness_contrast\moderate\Mild_Dementia\OAS1_0184\OAS1_0184_slice_16_z078.png,Mild_Dementia/OAS1_0184/OAS1_0184_slice_16_z078.png,Mild Dementia/OAS1_0184/OAS1_0184_slice_16_z078.png,OAS1_0184,Mild Dementia,2,1,Very Mild Dementia,0,0.3861323065328504,0.4337891499245044,0.18007854354264533,0.0
OASIS_1,RandomForest,13,test,brightness_contrast__moderate,brightness_contrast,moderate,D:\OASIS_1\distortions_128\brightness_contrast\moderate\Mild_Dementia\OAS1_0184\OAS1_0184_slice_17_z081.png,Mild_Dementia/OAS1_0184/OAS1_0184_slice_17_z081.png,Mild Dementia/OAS1_0184/OAS1_0184_slice_17_z081.png,OAS1_0184,Mild Dementia,2,0,Non-Demented,0,0.48225710449754927,0.4120022533459475,0.10574064215650356,0.0
OASIS_1,RandomForest,13,test,brightness_contrast__moderate,brightness_contrast,moderate,D:\OASIS_1\distortions_128\brightness_contrast\moderate\Mild_Dementia\OAS1_0184\OAS1_0184_slice_18_z084.png,Mild_Dementia/OAS1_0184/OAS1_0184_slice_18_z084.png,Mild Dementia/OAS1_0184/OAS1_0184_slice_18_z084.png,OAS1_0184,Mild Dementia,2,0,Non-Demented,0,0.4790896636555533,0.3555061876162691,0.16540414872817805,0.0
OASIS_1,RandomForest,13,test,brightness_contrast__moderate,brightness_contrast,moderate,D:\OASIS_1\distortions_128\brightness_contrast\moderate\Mild_Dementia\OAS1_0184\OAS1_0184_slice_19_z086.png,Mild_Dementia/OAS1_0184/OAS1_0184_slice_19_z086.png,Mild Dementia/OAS1_0184/OAS1_0184_slice_19_z086.png,OAS1_0184,Mild Dementia,2,0,Non-Demented,0,0.4031657966327548,0.14592890284941318,0.12423863385116538,0.32666666666666666
OASIS_1,RandomForest,13,test,brightness_contrast__moderate,brightness_contrast,moderate,D:\OASIS_1\distortions_128\brightness_contrast\moderate\Mild_Dementia\OAS1_0184\OAS1_0184_slice_20_z089.png,Mild_Dementia/OAS1_0184/OAS1_0184_slice_20_z089.png,Mild Dementia/OAS1_0184/OAS1_0184_slice_20_z089.png,OAS1_0184,Mild Dementia,2,0,Non-Demented,0,0.46351670001446543,0.3949911079031468,0.14149219208238759,0.0
OASIS_1,RandomForest,13,test,brightness_contrast__moderate,brightness_contrast,moderate,D:\OASIS_1\distortions_128\brightness_contrast\moderate\Mild_Dementia\OAS1_0278\OAS1_0278_slice_01_z038.png,Mild_Dementia/OAS1_0278/OAS1_0278_slice_01_z038.png,Mild Dementia/OAS1_0278/OAS1_0278_slice_01_z038.png,OAS1_0278,Mild Dementia,2,0,Non-Demented,0,0.4841413712836236,0.2929582931316564,0.206233668918053,0.016666666666666666
OASIS_1,RandomForest,13,test,brightness_contrast__moderate,brightness_contrast,moderate,D:\OASIS_1\distortions_128\brightness_contrast\moderate\Mild_Dementia\OAS1_0278\OAS1_0278_slice_02_z041.png,Mild_Dementia/OAS1_0278/OAS1_0278_slice_02_z041.png,Mild Dementia/OAS1_0278/OAS1_0278_slice_02_z041.png,OAS1_0278,Mild Dementia,2,1,Very Mild Dementia,0,0.28614149386575793,0.5340129748566906,0.17984553127755165,0.0
OASIS_1,RandomForest,13,test,brightness_contrast__moderate,brightness_contrast,moderate,D:\OASIS_1\distortions_128\brightness_contrast\moderate\Mild_Dementia\OAS1_0278\OAS1_0278_slice_03_z043.png,Mild_Dementia/OAS1_0278/OAS1_0278_slice_03_z043.png,Mild Dementia/OAS1_0278/OAS1_0278_slice_03_z043.png,OAS1_0278,Mild Dementia,2,0,Non-Demented,0,0.36095093517361804,0.12407466300608053,0.1583077351536348,0.3566666666666667
OASIS_1,RandomForest,13,test,brightness_contrast__moderate,brightness_contrast,moderate,D:\OASIS_1\distortions_128\brightness_contrast\moderate\Mild_Dementia\OAS1_0278\OAS1_0278_slice_04_z046.png,Mild_Dementia/OAS1_0278/OAS1_0278_slice_04_z046.png,Mild Dementia/OAS1_0278/OAS1_0278_slice_04_z046.png,OAS1_0278,Mild Dementia,2,1,Very Mild Dementia,0,0.3304359178146152,0.51255629003646,0.15367445881559147,0.0033333333333333335
OASIS_1,RandomForest,13,test,brightness_contrast__moderate,brightness_contrast,moderate,D:\OASIS_1\distortions_128\brightness_contrast\moderate\Mild_Dementia\OAS1_0278\OAS1_0278_slice_05_z049.png,Mild_Dementia/OAS1_0278/OAS1_0278_slice_05_z049.png,Mild Dementia/OAS1_0278/OAS1_0278_slice_05_z049.png,OAS1_0278,Mild Dementia,2,0,Non-Demented,0,0.45168946715027053,0.34192913007841474,0.20638140277131498,0.0
OASIS_1,RandomForest,13,test,brightness_contrast__moderate,brightness_contrast,moderate,D:\OASIS_1\distortions_128\brightness_contrast\moderate\Mild_Dementia\OAS1_0278\OAS1_0278_slice_06_z051.png,Mild_Dementia/OAS1_0278/OAS1_0278_slice_06_z051.png,Mild Dementia/OAS1_0278/OAS1_0278_slice_06_z051.png,OAS1_0278,Mild Dementia,2,0,Non-Demented,0,0.4790139070910005,0.38931541070962095,0.13167068219937872,0.0
OASIS_1,RandomForest,13,test,brightness_contrast__moderate,brightness_contrast,moderate,D:\OASIS_1\distortions_128\brightness_contrast\moderate\Mild_Dementia\OAS1_0278\OAS1_0278_slice_07_z054.png,Mild_Dementia/OAS1_0278/OAS1_0278_slice_07_z054.png,Mild Dementia/OAS1_0278/OAS1_0278_slice_07_z054.png,OAS1_0278,Mild Dementia,2,1,Very Mild Dementia,0,0.334010194225796,0.4508558309794153,0.21513397479478907,0.0
OASIS_1,RandomForest,13,test,brightness_contrast__moderate,brightness_contrast,moderate,D:\OASIS_1\distortions_128\brightness_contrast\moderate\Mild_Dementia\OAS1_0278\OAS1_0278_slice_08_z057.png,Mild_Dementia/OAS1_0278/OAS1_0278_slice_08_z057.png,Mild Dementia/OAS1_0278/OAS1_0278_slice_08_z057.png,OAS1_0278,Mild Dementia,2,3,Moderate Dementia,0,0.30581445642000643,0.1450442850876114,0.1424745918257155,0.4066666666666667
OASIS_1,RandomForest,13,test,brightness_contrast__moderate,brightness_contrast,moderate,D:\OASIS_1\distortions_128\brightness_contrast\moderate\Mild_Dementia\OAS1_0278\OAS1_0278_slice_09_z059.png,Mild_Dementia/OAS1_0278/OAS1_0278_slice_09_z059.png,Mild Dementia/OAS1_0278/OAS1_0278_slice_09_z059.png,OAS1_0278,Mild Dementia,2,3,Moderate Dementia,0,0.2751810580541992,0.14263650713766254,0.14884910147480498,0.43333333333333335
OASIS_1,RandomForest,13,test,brightness_contrast__moderate,brightness_contrast,moderate,D:\OASIS_1\distortions_128\brightness_contrast\moderate\Mild_Dementia\OAS1_0278\OAS1_0278_slice_10_z062.png,Mild_Dementia/OAS1_0278/OAS1_0278_slice_10_z062.png,Mild Dementia/OAS1_0278/OAS1_0278_slice_10_z062.png,OAS1_0278,Mild Dementia,2,0,Non-Demented,0,0.441189899901709,0.33192904301977144,0.2268810570785198,0.0
OASIS_1,RandomForest,13,test,brightness_contrast__moderate,brightness_contrast,moderate,D:\OASIS_1\distortions_128\brightness_contrast\moderate\Mild_Dementia\OAS1_0278\OAS1_0278_slice_11_z065.png,Mild_Dementia/OAS1_0278/OAS1_0278_slice_11_z065.png,Mild Dementia/OAS1_0278/OAS1_0278_slice_11_z065.png,OAS1_0278,Mild Dementia,2,0,Non-Demented,0,0.44863279822786817,0.3927545439794236,0.1586126577927086,0.0
OASIS_1,RandomForest,13,test,brightness_contrast__moderate,brightness_contrast,moderate,D:\OASIS_1\distortions_128\brightness_contrast\moderate\Mild_Dementia\OAS1_0278\OAS1_0278_slice_12_z068.png,Mild_Dementia/OAS1_0278/OAS1_0278_slice_12_z068.png,Mild Dementia/OAS1_0278/OAS1_0278_slice_12_z068.png,OAS1_0278,Mild Dementia,2,1,Very Mild Dementia,0,0.408587444999268,0.4335814701129838,0.15783108488774844,0.0
OASIS_1,RandomForest,13,test,brightness_contrast__moderate,brightness_contrast,moderate,D:\OASIS_1\distortions_128\brightness_contrast\moderate\Mild_Dementia\OAS1_0278\OAS1_0278_slice_13_z070.png,Mild_Dementia/OAS1_0278/OAS1_0278_slice_13_z070.png,Mild Dementia/OAS1_0278/OAS1_0278_slice_13_z070.png,OAS1_0278,Mild Dementia,2,1,Very Mild Dementia,0,0.36681611125716557,0.4394240344351875,0.1937598543076472,0.0
OASIS_1,RandomForest,13,test,brightness_contrast__moderate,brightness_contrast,moderate,D:\OASIS_1\distortions_128\brightness_contrast\moderate\Mild_Dementia\OAS1_0278\OAS1_0278_slice_14_z073.png,Mild_Dementia/OAS1_0278/OAS1_0278_slice_14_z073.png,Mild Dementia/OAS1_0278/OAS1_0278_slice_14_z073.png,OAS1_0278,Mild Dementia,2,3,Moderate Dementia,0,0.30441176896168926,0.1304921983863656,0.15509603265194508,0.41
OASIS_1,RandomForest,13,test,brightness_contrast__moderate,brightness_contrast,moderate,D:\OASIS_1\distortions_128\brightness_contrast\moderate\Mild_Dementia\OAS1_0278\OAS1_0278_slice_15_z076.png,Mild_Dementia/OAS1_0278/OAS1_0278_slice_15_z076.png,Mild Dementia/OAS1_0278/OAS1_0278_slice_15_z076.png,OAS1_0278,Mild Dementia,2,0,Non-Demented,0,0.432262558615762,0.33480911548392084,0.22626165923365055,0.006666666666666667
OASIS_1,RandomForest,13,test,brightness_contrast__moderate,brightness_contrast,moderate,D:\OASIS_1\distortions_128\brightness_contrast\moderate\Mild_Dementia\OAS1_0278\OAS1_0278_slice_16_z078.png,Mild_Dementia/OAS1_0278/OAS1_0278_slice_16_z078.png,Mild Dementia/OAS1_0278/OAS1_0278_slice_16_z078.png,OAS1_0278,Mild Dementia,2,0,Non-Demented,0,0.4083385589350466,0.3054297536438012,0.2862316874211526,0.0
OASIS_1,RandomForest,13,test,brightness_contrast__moderate,brightness_contrast,moderate,D:\OASIS_1\distortions_128\brightness_contrast\moderate\Mild_Dementia\OAS1_0278\OAS1_0278_slice_17_z081.png,Mild_Dementia/OAS1_0278/OAS1_0278_slice_17_z081.png,Mild Dementia/OAS1_0278/OAS1_0278_slice_17_z081.png,OAS1_0278,Mild Dementia,2,0,Non-Demented,0,0.4373297303799387,0.33570135401384593,0.2069689156062153,0.02
OASIS_1,RandomForest,13,test,brightness_contrast__moderate,brightness_contrast,moderate,D:\OASIS_1\distortions_128\brightness_contrast\moderate\Mild_Dementia\OAS1_0278\OAS1_0278_slice_18_z084.png,Mild_Dementia/OAS1_0278/OAS1_0278_slice_18_z084.png,Mild Dementia/OAS1_0278/OAS1_0278_slice_18_z084.png,OAS1_0278,Mild Dementia,2,1,Very Mild Dementia,0,0.33602281924471816,0.5103941321652617,0.15358304859001984,0.0
OASIS_1,RandomForest,13,test,brightness_contrast__moderate,brightness_contrast,moderate,D:\OASIS_1\distortions_128\brightness_contrast\moderate\Mild_Dementia\OAS1_0278\OAS1_0278_slice_19_z086.png,Mild_Dementia/OAS1_0278/OAS1_0278_slice_19_z086.png,Mild Dementia/OAS1_0278/OAS1_0278_slice_19_z086.png,OAS1_0278,Mild Dementia,2,0,Non-Demented,0,0.410578010062506,0.34064592809961125,0.24877606183788292,0.0
OASIS_1,RandomForest,13,test,brightness_contrast__moderate,brightness_contrast,moderate,D:\OASIS_1\distortions_128\brightness_contrast\moderate\Mild_Dementia\OAS1_0278\OAS1_0278_slice_20_z089.png,Mild_Dementia/OAS1_0278/OAS1_0278_slice_20_z089.png,Mild Dementia/OAS1_0278/OAS1_0278_slice_20_z089.png,OAS1_0278,Mild Dementia,2,0,Non-Demented,0,0.4198134791040077,0.3359208462749781,0.24093234128768126,0.0033333333333333335
OASIS_1,RandomForest,13,test,brightness_contrast__moderate,brightness_contrast,moderate,D:\OASIS_1\distortions_128\brightness_contrast\moderate\Moderate_Dementia\OAS1_0308\OAS1_0308_slice_01_z038.png,Moderate_Dementia/OAS1_0308/OAS1_0308_slice_01_z038.png,Moderate Dementia/OAS1_0308/OAS1_0308_slice_01_z038.png,OAS1_0308,Moderate Dementia,3,1,Very Mild Dementia,0,0.3992171269289823,0.4499288721236909,0.1475206676139936,0.0033333333333333335
OASIS_1,RandomForest,13,test,brightness_contrast__moderate,brightness_contrast,moderate,D:\OASIS_1\distortions_128\brightness_contrast\moderate\Moderate_Dementia\OAS1_0308\OAS1_0308_slice_02_z041.png,Moderate_Dementia/OAS1_0308/OAS1_0308_slice_02_z041.png,Moderate Dementia/OAS1_0308/OAS1_0308_slice_02_z041.png,OAS1_0308,Moderate Dementia,3,0,Non-Demented,0,0.5381519402327687,0.35891852437584104,0.10292953539139048,0.0
OASIS_1,RandomForest,13,test,brightness_contrast__moderate,brightness_contrast,moderate,D:\OASIS_1\distortions_128\brightness_contrast\moderate\Moderate_Dementia\OAS1_0308\OAS1_0308_slice_03_z043.png,Moderate_Dementia/OAS1_0308/OAS1_0308_slice_03_z043.png,Moderate Dementia/OAS1_0308/OAS1_0308_slice_03_z043.png,OAS1_0308,Moderate Dementia,3,0,Non-Demented,0,0.5499862408790056,0.37269149405335134,0.07732226506764274,0.0
OASIS_1,RandomForest,13,test,brightness_contrast__moderate,brightness_contrast,moderate,D:\OASIS_1\distortions_128\brightness_contrast\moderate\Moderate_Dementia\OAS1_0308\OAS1_0308_slice_04_z046.png,Moderate_Dementia/OAS1_0308/OAS1_0308_slice_04_z046.png,Moderate Dementia/OAS1_0308/OAS1_0308_slice_04_z046.png,OAS1_0308,Moderate Dementia,3,0,Non-Demented,0,0.41176915327065333,0.11346645358124388,0.12809772648143614,0.3466666666666667
OASIS_1,RandomForest,13,test,brightness_contrast__moderate,brightness_contrast,moderate,D:\OASIS_1\distortions_128\brightness_contrast\moderate\Moderate_Dementia\OAS1_0308\OAS1_0308_slice_05_z049.png,Moderate_Dementia/OAS1_0308/OAS1_0308_slice_05_z049.png,Moderate Dementia/OAS1_0308/OAS1_0308_slice_05_z049.png,OAS1_0308,Moderate Dementia,3,1,Very Mild Dementia,0,0.3848321263088768,0.4078576763358061,0.20731019735531706,0.0
OASIS_1,RandomForest,13,test,brightness_contrast__moderate,brightness_contrast,moderate,D:\OASIS_1\distortions_128\brightness_contrast\moderate\Moderate_Dementia\OAS1_0308\OAS1_0308_slice_06_z051.png,Moderate_Dementia/OAS1_0308/OAS1_0308_slice_06_z051.png,Moderate Dementia/OAS1_0308/OAS1_0308_slice_06_z051.png,OAS1_0308,Moderate Dementia,3,1,Very Mild Dementia,0,0.36856615766778894,0.4209322704913149,0.21050157184089624,0.0
OASIS_1,RandomForest,13,test,brightness_contrast__moderate,brightness_contrast,moderate,D:\OASIS_1\distortions_128\brightness_contrast\moderate\Moderate_Dementia\OAS1_0308\OAS1_0308_slice_07_z054.png,Moderate_Dementia/OAS1_0308/OAS1_0308_slice_07_z054.png,Moderate Dementia/OAS1_0308/OAS1_0308_slice_07_z054.png,OAS1_0308,Moderate Dementia,3,0,Non-Demented,0,0.4048322792420148,0.38660951600299365,0.2085582047549917,0.0
OASIS_1,RandomForest,13,test,brightness_contrast__moderate,brightness_contrast,moderate,D:\OASIS_1\distortions_128\brightness_contrast\moderate\Moderate_Dementia\OAS1_0308\OAS1_0308_slice_08_z057.png,Moderate_Dementia/OAS1_0308/OAS1_0308_slice_08_z057.png,Moderate Dementia/OAS1_0308/OAS1_0308_slice_08_z057.png,OAS1_0308,Moderate Dementia,3,0,Non-Demented,0,0.4895858647629091,0.3959850386644821,0.11442909657260879,0.0
OASIS_1,RandomForest,13,test,brightness_contrast__moderate,brightness_contrast,moderate,D:\OASIS_1\distortions_128\brightness_contrast\moderate\Moderate_Dementia\OAS1_0308\OAS1_0308_slice_09_z059.png,Moderate_Dementia/OAS1_0308/OAS1_0308_slice_09_z059.png,Moderate Dementia/OAS1_0308/OAS1_0308_slice_09_z059.png,OAS1_0308,Moderate Dementia,3,0,Non-Demented,0,0.4579561410195479,0.4324154578288765,0.10962840115157552,0.0
OASIS_1,RandomForest,13,test,brightness_contrast__moderate,brightness_contrast,moderate,D:\OASIS_1\distortions_128\brightness_contrast\moderate\Moderate_Dementia\OAS1_0308\OAS1_0308_slice_10_z062.png,Moderate_Dementia/OAS1_0308/OAS1_0308_slice_10_z062.png,Moderate Dementia/OAS1_0308/OAS1_0308_slice_10_z062.png,OAS1_0308,Moderate Dementia,3,3,Moderate Dementia,1,0.34432533288450196,0.1170257528076876,0.11198224764114371,0.4266666666666667
OASIS_1,RandomForest,13,test,brightness_contrast__moderate,brightness_contrast,moderate,D:\OASIS_1\distortions_128\brightness_contrast\moderate\Moderate_Dementia\OAS1_0308\OAS1_0308_slice_11_z065.png,Moderate_Dementia/OAS1_0308/OAS1_0308_slice_11_z065.png,Moderate Dementia/OAS1_0308/OAS1_0308_slice_11_z065.png,OAS1_0308,Moderate Dementia,3,0,Non-Demented,0,0.4353892346538923,0.3703294750775839,0.19428129026852406,0.0
OASIS_1,RandomForest,13,test,brightness_contrast__moderate,brightness_contrast,moderate,D:\OASIS_1\distortions_128\brightness_contrast\moderate\Moderate_Dementia\OAS1_0308\OAS1_0308_slice_12_z068.png,Moderate_Dementia/OAS1_0308/OAS1_0308_slice_12_z068.png,Moderate Dementia/OAS1_0308/OAS1_0308_slice_12_z068.png,OAS1_0308,Moderate Dementia,3,0,Non-Demented,0,0.5158508150008552,0.3266244280181326,0.1575247569810126,0.0
OASIS_1,RandomForest,13,test,brightness_contrast__moderate,brightness_contrast,moderate,D:\OASIS_1\distortions_128\brightness_contrast\moderate\Moderate_Dementia\OAS1_0308\OAS1_0308_slice_13_z070.png,Moderate_Dementia/OAS1_0308/OAS1_0308_slice_13_z070.png,Moderate Dementia/OAS1_0308/OAS1_0308_slice_13_z070.png,OAS1_0308,Moderate Dementia,3,0,Non-Demented,0,0.5396322223455314,0.3426316001155761,0.11773617753889286,0.0
OASIS_1,RandomForest,13,test,brightness_contrast__moderate,brightness_contrast,moderate,D:\OASIS_1\distortions_128\brightness_contrast\moderate\Moderate_Dementia\OAS1_0308\OAS1_0308_slice_14_z073.png,Moderate_Dementia/OAS1_0308/OAS1_0308_slice_14_z073.png,Moderate Dementia/OAS1_0308/OAS1_0308_slice_14_z073.png,OAS1_0308,Moderate Dementia,3,0,Non-Demented,0,0.507451553873054,0.38187740692403194,0.11067103920291459,0.0
OASIS_1,RandomForest,13,test,brightness_contrast__moderate,brightness_contrast,moderate,D:\OASIS_1\distortions_128\brightness_contrast\moderate\Moderate_Dementia\OAS1_0308\OAS1_0308_slice_15_z076.png,Moderate_Dementia/OAS1_0308/OAS1_0308_slice_15_z076.png,Moderate Dementia/OAS1_0308/OAS1_0308_slice_15_z076.png,OAS1_0308,Moderate Dementia,3,0,Non-Demented,0,0.4908403896209645,0.38066077631749057,0.12849883406154472,0.0
OASIS_1,RandomForest,13,test,brightness_contrast__moderate,brightness_contrast,moderate,D:\OASIS_1\distortions_128\brightness_contrast\moderate\Moderate_Dementia\OAS1_0308\OAS1_0308_slice_16_z078.png,Moderate_Dementia/OAS1_0308/OAS1_0308_slice_16_z078.png,Moderate Dementia/OAS1_0308/OAS1_0308_slice_16_z078.png,OAS1_0308,Moderate Dementia,3,0,Non-Demented,0,0.41494297660451723,0.3854847054196621,0.1995723179758208,0.0
OASIS_1,RandomForest,13,test,brightness_contrast__moderate,brightness_contrast,moderate,D:\OASIS_1\distortions_128\brightness_contrast\moderate\Moderate_Dementia\OAS1_0308\OAS1_0308_slice_17_z081.png,Moderate_Dementia/OAS1_0308/OAS1_0308_slice_17_z081.png,Moderate Dementia/OAS1_0308/OAS1_0308_slice_17_z081.png,OAS1_0308,Moderate Dementia,3,0,Non-Demented,0,0.43111983025834594,0.3841079459659945,0.18477222377565958,0.0
OASIS_1,RandomForest,13,test,brightness_contrast__moderate,brightness_contrast,moderate,D:\OASIS_1\distortions_128\brightness_contrast\moderate\Moderate_Dementia\OAS1_0308\OAS1_0308_slice_18_z084.png,Moderate_Dementia/OAS1_0308/OAS1_0308_slice_18_z084.png,Moderate Dementia/OAS1_0308/OAS1_0308_slice_18_z084.png,OAS1_0308,Moderate Dementia,3,0,Non-Demented,0,0.5356914642638698,0.3846515130719499,0.07965702266418051,0.0
OASIS_1,RandomForest,13,test,brightness_contrast__moderate,brightness_contrast,moderate,D:\OASIS_1\distortions_128\brightness_contrast\moderate\Moderate_Dementia\OAS1_0308\OAS1_0308_slice_19_z086.png,Moderate_Dementia/OAS1_0308/OAS1_0308_slice_19_z086.png,Moderate Dementia/OAS1_0308/OAS1_0308_slice_19_z086.png,OAS1_0308,Moderate Dementia,3,0,Non-Demented,0,0.3857800792655307,0.13577000523084087,0.1251165821702951,0.35333333333333333
OASIS_1,RandomForest,13,test,brightness_contrast__moderate,brightness_contrast,moderate,D:\OASIS_1\distortions_128\brightness_contrast\moderate\Moderate_Dementia\OAS1_0308\OAS1_0308_slice_20_z089.png,Moderate_Dementia/OAS1_0308/OAS1_0308_slice_20_z089.png,Moderate Dementia/OAS1_0308/OAS1_0308_slice_20_z089.png,OAS1_0308,Moderate Dementia,3,0,Non-Demented,0,0.4708116100711107,0.4118709341627568,0.11731745576613295,0.0
OASIS_1,RandomForest,13,test,brightness_contrast__moderate,brightness_contrast,moderate,D:\OASIS_1\distortions_128\brightness_contrast\moderate\Non_Demented\OAS1_0013\OAS1_0013_slice_01_z038.png,Non_Demented/OAS1_0013/OAS1_0013_slice_01_z038.png,Non-Demented/OAS1_0013/OAS1_0013_slice_01_z038.png,OAS1_0013,Non-Demented,0,1,Very Mild Dementia,0,0.39609464561423646,0.5138984825854097,0.09000687180035413,0.0
OASIS_1,RandomForest,13,test,brightness_contrast__moderate,brightness_contrast,moderate,D:\OASIS_1\distortions_128\brightness_contrast\moderate\Non_Demented\OAS1_0013\OAS1_0013_slice_02_z041.png,Non_Demented/OAS1_0013/OAS1_0013_slice_02_z041.png,Non-Demented/OAS1_0013/OAS1_0013_slice_02_z041.png,OAS1_0013,Non-Demented,0,1,Very Mild Dementia,0,0.41979191708566077,0.5055147235883629,0.07469335932597632,0.0
OASIS_1,RandomForest,13,test,brightness_contrast__moderate,brightness_contrast,moderate,D:\OASIS_1\distortions_128\brightness_contrast\moderate\Non_Demented\OAS1_0013\OAS1_0013_slice_03_z043.png,Non_Demented/OAS1_0013/OAS1_0013_slice_03_z043.png,Non-Demented/OAS1_0013/OAS1_0013_slice_03_z043.png,OAS1_0013,Non-Demented,0,0,Non-Demented,1,0.5267657636722599,0.29230432354439295,0.1809299127833466,0.0
OASIS_1,RandomForest,13,test,brightness_contrast__moderate,brightness_contrast,moderate,D:\OASIS_1\distortions_128\brightness_contrast\moderate\Non_Demented\OAS1_0013\OAS1_0013_slice_04_z046.png,Non_Demented/OAS1_0013/OAS1_0013_slice_04_z046.png,Non-Demented/OAS1_0013/OAS1_0013_slice_04_z046.png,OAS1_0013,Non-Demented,0,0,Non-Demented,1,0.6128028321049075,0.314293260768319,0.06957057379344037,0.0033333333333333335
OASIS_1,RandomForest,13,test,brightness_contrast__moderate,brightness_contrast,moderate,D:\OASIS_1\distortions_128\brightness_contrast\moderate\Non_Demented\OAS1_0013\OAS1_0013_slice_05_z049.png,Non_Demented/OAS1_0013/OAS1_0013_slice_05_z049.png,Non-Demented/OAS1_0013/OAS1_0013_slice_05_z049.png,OAS1_0013,Non-Demented,0,3,Moderate Dementia,0,0.3429254719027379,0.12631736393635407,0.14742383082757468,0.38333333333333336
OASIS_1,RandomForest,13,test,brightness_contrast__moderate,brightness_contrast,moderate,D:\OASIS_1\distortions_128\brightness_contrast\moderate\Non_Demented\OAS1_0013\OAS1_0013_slice_06_z051.png,Non_Demented/OAS1_0013/OAS1_0013_slice_06_z051.png,Non-Demented/OAS1_0013/OAS1_0013_slice_06_z051.png,OAS1_0013,Non-Demented,0,0,Non-Demented,1,0.5211532724735861,0.3211222827008282,0.1510577781589188,0.006666666666666667
OASIS_1,RandomForest,13,test,brightness_contrast__moderate,brightness_contrast,moderate,D:\OASIS_1\distortions_128\brightness_contrast\moderate\Non_Demented\OAS1_0013\OAS1_0013_slice_07_z054.png,Non_Demented/OAS1_0013/OAS1_0013_slice_07_z054.png,Non-Demented/OAS1_0013/OAS1_0013_slice_07_z054.png,OAS1_0013,Non-Demented,0,0,Non-Demented,1,0.5608387168571924,0.278460900924126,0.1407003822186818,0.02
OASIS_1,RandomForest,13,test,brightness_contrast__moderate,brightness_contrast,moderate,D:\OASIS_1\distortions_128\brightness_contrast\moderate\Non_Demented\OAS1_0013\OAS1_0013_slice_08_z057.png,Non_Demented/OAS1_0013/OAS1_0013_slice_08_z057.png,Non-Demented/OAS1_0013/OAS1_0013_slice_08_z057.png,OAS1_0013,Non-Demented,0,3,Moderate Dementia,0,0.3494967177686692,0.0997461180704228,0.13742383082757464,0.41333333333333333
OASIS_1,RandomForest,13,test,brightness_contrast__moderate,brightness_contrast,moderate,D:\OASIS_1\distortions_128\brightness_contrast\moderate\Non_Demented\OAS1_0013\OAS1_0013_slice_09_z059.png,Non_Demented/OAS1_0013/OAS1_0013_slice_09_z059.png,Non-Demented/OAS1_0013/OAS1_0013_slice_09_z059.png,OAS1_0013,Non-Demented,0,1,Very Mild Dementia,0,0.4076820294374388,0.44078211596242645,0.14486918793346826,0.006666666666666667
OASIS_1,RandomForest,13,test,brightness_contrast__moderate,brightness_contrast,moderate,D:\OASIS_1\distortions_128\brightness_contrast\moderate\Non_Demented\OAS1_0013\OAS1_0013_slice_10_z062.png,Non_Demented/OAS1_0013/OAS1_0013_slice_10_z062.png,Non-Demented/OAS1_0013/OAS1_0013_slice_10_z062.png,OAS1_0013,Non-Demented,0,0,Non-Demented,1,0.405944817393847,0.2624775817204848,0.3315776008856686,0.0
OASIS_1,RandomForest,13,test,brightness_contrast__moderate,brightness_contrast,moderate,D:\OASIS_1\distortions_128\brightness_contrast\moderate\Non_Demented\OAS1_0013\OAS1_0013_slice_11_z065.png,Non_Demented/OAS1_0013/OAS1_0013_slice_11_z065.png,Non-Demented/OAS1_0013/OAS1_0013_slice_11_z065.png,OAS1_0013,Non-Demented,0,0,Non-Demented,1,0.41603105084216263,0.26639788581553736,0.31423773000896704,0.0033333333333333335
OASIS_1,RandomForest,13,test,brightness_contrast__moderate,brightness_contrast,moderate,D:\OASIS_1\distortions_128\brightness_contrast\moderate\Non_Demented\OAS1_0013\OAS1_0013_slice_12_z068.png,Non_Demented/OAS1_0013/OAS1_0013_slice_12_z068.png,Non-Demented/OAS1_0013/OAS1_0013_slice_12_z068.png,OAS1_0013,Non-Demented,0,1,Very Mild Dementia,0,0.36820342318916477,0.4991809626250826,0.12594894751908592,0.006666666666666667
OASIS_1,RandomForest,13,test,brightness_contrast__moderate,brightness_contrast,moderate,D:\OASIS_1\distortions_128\brightness_contrast\moderate\Non_Demented\OAS1_0013\OAS1_0013_slice_13_z070.png,Non_Demented/OAS1_0013/OAS1_0013_slice_13_z070.png,Non-Demented/OAS1_0013/OAS1_0013_slice_13_z070.png,OAS1_0013,Non-Demented,0,1,Very Mild Dementia,0,0.36927677564629363,0.479184954157591,0.14487160352944878,0.006666666666666667
OASIS_1,RandomForest,13,test,brightness_contrast__moderate,brightness_contrast,moderate,D:\OASIS_1\distortions_128\brightness_contrast\moderate\Non_Demented\OAS1_0013\OAS1_0013_slice_14_z073.png,Non_Demented/OAS1_0013/OAS1_0013_slice_14_z073.png,Non-Demented/OAS1_0013/OAS1_0013_slice_14_z073.png,OAS1_0013,Non-Demented,0,0,Non-Demented,1,0.5880266685748137,0.2804396002998022,0.12820039779205084,0.0033333333333333335
OASIS_1,RandomForest,13,test,brightness_contrast__moderate,brightness_contrast,moderate,D:\OASIS_1\distortions_128\brightness_contrast\moderate\Non_Demented\OAS1_0013\OAS1_0013_slice_15_z076.png,Non_Demented/OAS1_0013/OAS1_0013_slice_15_z076.png,Non-Demented/OAS1_0013/OAS1_0013_slice_15_z076.png,OAS1_0013,Non-Demented,0,3,Moderate Dementia,0,0.3660422849129892,0.1097461180704228,0.1208782636832547,0.4033333333333333
OASIS_1,RandomForest,13,test,brightness_contrast__moderate,brightness_contrast,moderate,D:\OASIS_1\distortions_128\brightness_contrast\moderate\Non_Demented\OAS1_0013\OAS1_0013_slice_16_z078.png,Non_Demented/OAS1_0013/OAS1_0013_slice_16_z078.png,Non-Demented/OAS1_0013/OAS1_0013_slice_16_z078.png,OAS1_0013,Non-Demented,0,0,Non-Demented,1,0.4940409078028397,0.24279269863765676,0.26316639355950344,0.0
OASIS_1,RandomForest,13,test,brightness_contrast__moderate,brightness_contrast,moderate,D:\OASIS_1\distortions_128\brightness_contrast\moderate\Non_Demented\OAS1_0013\OAS1_0013_slice_17_z081.png,Non_Demented/OAS1_0013/OAS1_0013_slice_17_z081.png,Non-Demented/OAS1_0013/OAS1_0013_slice_17_z081.png,OAS1_0013,Non-Demented,0,0,Non-Demented,1,0.5284304768471443,0.266410021745944,0.20515950140691164,0.0
OASIS_1,RandomForest,13,test,brightness_contrast__moderate,brightness_contrast,moderate,D:\OASIS_1\distortions_128\brightness_contrast\moderate\Non_Demented\OAS1_0013\OAS1_0013_slice_18_z084.png,Non_Demented/OAS1_0013/OAS1_0013_slice_18_z084.png,Non-Demented/OAS1_0013/OAS1_0013_slice_18_z084.png,OAS1_0013,Non-Demented,0,0,Non-Demented,1,0.5838487022277071,0.3296213343016295,0.07986329680399691,0.006666666666666667
OASIS_1,RandomForest,13,test,brightness_contrast__moderate,brightness_contrast,moderate,D:\OASIS_1\distortions_128\brightness_contrast\moderate\Non_Demented\OAS1_0013\OAS1_0013_slice_19_z086.png,Non_Demented/OAS1_0013/OAS1_0013_slice_19_z086.png,Non-Demented/OAS1_0013/OAS1_0013_slice_19_z086.png,OAS1_0013,Non-Demented,0,1,Very Mild Dementia,0,0.45901207096305163,0.4639595261882227,0.07702840284872584,0.0
OASIS_1,RandomForest,13,test,brightness_contrast__moderate,brightness_contrast,moderate,D:\OASIS_1\distortions_128\brightness_contrast\moderate\Non_Demented\OAS1_0013\OAS1_0013_slice_20_z089.png,Non_Demented/OAS1_0013/OAS1_0013_slice_20_z089.png,Non-Demented/OAS1_0013/OAS1_0013_slice_20_z089.png,OAS1_0013,Non-Demented,0,0,Non-Demented,1,0.5082072263770361,0.3440825321421297,0.14771024148083411,0.0
OASIS_1,RandomForest,13,test,brightness_contrast__moderate,brightness_contrast,moderate,D:\OASIS_1\distortions_128\brightness_contrast\moderate\Non_Demented\OAS1_0044\OAS1_0044_slice_01_z038.png,Non_Demented/OAS1_0044/OAS1_0044_slice_01_z038.png,Non-Demented/OAS1_0044/OAS1_0044_slice_01_z038.png,OAS1_0044,Non-Demented,0,1,Very Mild Dementia,0,0.42873194642635987,0.4501694999863155,0.12109855358732446,0.0
OASIS_1,RandomForest,13,test,brightness_contrast__moderate,brightness_contrast,moderate,D:\OASIS_1\distortions_128\brightness_contrast\moderate\Non_Demented\OAS1_0044\OAS1_0044_slice_02_z041.png,Non_Demented/OAS1_0044/OAS1_0044_slice_02_z041.png,Non-Demented/OAS1_0044/OAS1_0044_slice_02_z041.png,OAS1_0044,Non-Demented,0,0,Non-Demented,1,0.6756483546318168,0.27915561472956146,0.045196030638621876,0.0
OASIS_1,RandomForest,13,test,brightness_contrast__moderate,brightness_contrast,moderate,D:\OASIS_1\distortions_128\brightness_contrast\moderate\Non_Demented\OAS1_0044\OAS1_0044_slice_03_z043.png,Non_Demented/OAS1_0044/OAS1_0044_slice_03_z043.png,Non-Demented/OAS1_0044/OAS1_0044_slice_03_z043.png,OAS1_0044,Non-Demented,0,0,Non-Demented,1,0.52154338136365,0.30173671285192516,0.17671990578442512,0.0
OASIS_1,RandomForest,13,test,brightness_contrast__moderate,brightness_contrast,moderate,D:\OASIS_1\distortions_128\brightness_contrast\moderate\Non_Demented\OAS1_0044\OAS1_0044_slice_04_z046.png,Non_Demented/OAS1_0044/OAS1_0044_slice_04_z046.png,Non-Demented/OAS1_0044/OAS1_0044_slice_04_z046.png,OAS1_0044,Non-Demented,0,0,Non-Demented,1,0.6837116867291091,0.2656817429866992,0.050606570284191715,0.0
OASIS_1,RandomForest,13,test,brightness_contrast__moderate,brightness_contrast,moderate,D:\OASIS_1\distortions_128\brightness_contrast\moderate\Non_Demented\OAS1_0044\OAS1_0044_slice_05_z049.png,Non_Demented/OAS1_0044/OAS1_0044_slice_05_z049.png,Non-Demented/OAS1_0044/OAS1_0044_slice_05_z049.png,OAS1_0044,Non-Demented,0,0,Non-Demented,1,0.4965400245099211,0.3999973037374634,0.10346267175261573,0.0
OASIS_1,RandomForest,13,test,brightness_contrast__moderate,brightness_contrast,moderate,D:\OASIS_1\distortions_128\brightness_contrast\moderate\Non_Demented\OAS1_0044\OAS1_0044_slice_06_z051.png,Non_Demented/OAS1_0044/OAS1_0044_slice_06_z051.png,Non-Demented/OAS1_0044/OAS1_0044_slice_06_z051.png,OAS1_0044,Non-Demented,0,0,Non-Demented,1,0.5323053700253056,0.2935584018775056,0.17413622809718893,0.0
OASIS_1,RandomForest,13,test,brightness_contrast__moderate,brightness_contrast,moderate,D:\OASIS_1\distortions_128\brightness_contrast\moderate\Non_Demented\OAS1_0044\OAS1_0044_slice_07_z054.png,Non_Demented/OAS1_0044/OAS1_0044_slice_07_z054.png,Non-Demented/OAS1_0044/OAS1_0044_slice_07_z054.png,OAS1_0044,Non-Demented,0,0,Non-Demented,1,0.4731101426184692,0.39830048252628303,0.1285893748552478,0.0
OASIS_1,RandomForest,13,test,brightness_contrast__moderate,brightness_contrast,moderate,D:\OASIS_1\distortions_128\brightness_contrast\moderate\Non_Demented\OAS1_0044\OAS1_0044_slice_08_z057.png,Non_Demented/OAS1_0044/OAS1_0044_slice_08_z057.png,Non-Demented/OAS1_0044/OAS1_0044_slice_08_z057.png,OAS1_0044,Non-Demented,0,0,Non-Demented,1,0.5662160083874146,0.2946744516417237,0.13910953997086192,0.0
OASIS_1,RandomForest,13,test,brightness_contrast__moderate,brightness_contrast,moderate,D:\OASIS_1\distortions_128\brightness_contrast\moderate\Non_Demented\OAS1_0044\OAS1_0044_slice_09_z059.png,Non_Demented/OAS1_0044/OAS1_0044_slice_09_z059.png,Non-Demented/OAS1_0044/OAS1_0044_slice_09_z059.png,OAS1_0044,Non-Demented,0,3,Moderate Dementia,0,0.34633242679238474,0.11635874172189044,0.12730883148572492,0.41
OASIS_1,RandomForest,13,test,brightness_contrast__moderate,brightness_contrast,moderate,D:\OASIS_1\distortions_128\brightness_contrast\moderate\Non_Demented\OAS1_0044\OAS1_0044_slice_10_z062.png,Non_Demented/OAS1_0044/OAS1_0044_slice_10_z062.png,Non-Demented/OAS1_0044/OAS1_0044_slice_10_z062.png,OAS1_0044,Non-Demented,0,0,Non-Demented,1,0.4474881616242245,0.4107559212886501,0.14175591708712554,0.0
OASIS_1,RandomForest,13,test,brightness_contrast__moderate,brightness_contrast,moderate,D:\OASIS_1\distortions_128\brightness_contrast\moderate\Non_Demented\OAS1_0044\OAS1_0044_slice_11_z065.png,Non_Demented/OAS1_0044/OAS1_0044_slice_11_z065.png,Non-Demented/OAS1_0044/OAS1_0044_slice_11_z065.png,OAS1_0044,Non-Demented,0,0,Non-Demented,1,0.5729249989323508,0.30819629310232977,0.11887870796531952,0.0
OASIS_1,RandomForest,13,test,brightness_contrast__moderate,brightness_contrast,moderate,D:\OASIS_1\distortions_128\brightness_contrast\moderate\Non_Demented\OAS1_0044\OAS1_0044_slice_12_z068.png,Non_Demented/OAS1_0044/OAS1_0044_slice_12_z068.png,Non-Demented/OAS1_0044/OAS1_0044_slice_12_z068.png,OAS1_0044,Non-Demented,0,0,Non-Demented,1,0.63810822382197,0.2780194083479752,0.08387236783005468,0.0
OASIS_1,RandomForest,13,test,brightness_contrast__moderate,brightness_contrast,moderate,D:\OASIS_1\distortions_128\brightness_contrast\moderate\Non_Demented\OAS1_0044\OAS1_0044_slice_13_z070.png,Non_Demented/OAS1_0044/OAS1_0044_slice_13_z070.png,Non-Demented/OAS1_0044/OAS1_0044_slice_13_z070.png,OAS1_0044,Non-Demented,0,0,Non-Demented,1,0.4884032567137524,0.38621854190052574,0.12537820138572173,0.0
OASIS_1,RandomForest,13,test,brightness_contrast__moderate,brightness_contrast,moderate,D:\OASIS_1\distortions_128\brightness_contrast\moderate\Non_Demented\OAS1_0044\OAS1_0044_slice_14_z073.png,Non_Demented/OAS1_0044/OAS1_0044_slice_14_z073.png,Non-Demented/OAS1_0044/OAS1_0044_slice_14_z073.png,OAS1_0044,Non-Demented,0,0,Non-Demented,1,0.5280146347212956,0.2903957621854698,0.1815896030932347,0.0
OASIS_1,RandomForest,13,test,brightness_contrast__moderate,brightness_contrast,moderate,D:\OASIS_1\distortions_128\brightness_contrast\moderate\Non_Demented\OAS1_0044\OAS1_0044_slice_15_z076.png,Non_Demented/OAS1_0044/OAS1_0044_slice_15_z076.png,Non-Demented/OAS1_0044/OAS1_0044_slice_15_z076.png,OAS1_0044,Non-Demented,0,0,Non-Demented,1,0.6066048819277473,0.32280708460568924,0.07058803346656348,0.0
OASIS_1,RandomForest,13,test,brightness_contrast__moderate,brightness_contrast,moderate,D:\OASIS_1\distortions_128\brightness_contrast\moderate\Non_Demented\OAS1_0044\OAS1_0044_slice_16_z078.png,Non_Demented/OAS1_0044/OAS1_0044_slice_16_z078.png,Non-Demented/OAS1_0044/OAS1_0044_slice_16_z078.png,OAS1_0044,Non-Demented,0,0,Non-Demented,1,0.5239602845952974,0.2790809897330084,0.19695872567169448,0.0
OASIS_1,RandomForest,13,test,brightness_contrast__moderate,brightness_contrast,moderate,D:\OASIS_1\distortions_128\brightness_contrast\moderate\Non_Demented\OAS1_0044\OAS1_0044_slice_17_z081.png,Non_Demented/OAS1_0044/OAS1_0044_slice_17_z081.png,Non-Demented/OAS1_0044/OAS1_0044_slice_17_z081.png,OAS1_0044,Non-Demented,0,0,Non-Demented,1,0.41582213077276065,0.11045954170398102,0.14371832752325836,0.33
OASIS_1,RandomForest,13,test,brightness_contrast__moderate,brightness_contrast,moderate,D:\OASIS_1\distortions_128\brightness_contrast\moderate\Non_Demented\OAS1_0044\OAS1_0044_slice_18_z084.png,Non_Demented/OAS1_0044/OAS1_0044_slice_18_z084.png,Non-Demented/OAS1_0044/OAS1_0044_slice_18_z084.png,OAS1_0044,Non-Demented,0,0,Non-Demented,1,0.46249763290600526,0.3421412246319505,0.1953611424620444,0.0
OASIS_1,RandomForest,13,test,brightness_contrast__moderate,brightness_contrast,moderate,D:\OASIS_1\distortions_128\brightness_contrast\moderate\Non_Demented\OAS1_0044\OAS1_0044_slice_19_z086.png,Non_Demented/OAS1_0044/OAS1_0044_slice_19_z086.png,Non-Demented/OAS1_0044/OAS1_0044_slice_19_z086.png,OAS1_0044,Non-Demented,0,0,Non-Demented,1,0.3765860287982138,0.10849155365053062,0.14825575088458895,0.36666666666666664
OASIS_1,RandomForest,13,test,brightness_contrast__moderate,brightness_contrast,moderate,D:\OASIS_1\distortions_128\brightness_contrast\moderate\Non_Demented\OAS1_0044\OAS1_0044_slice_20_z089.png,Non_Demented/OAS1_0044/OAS1_0044_slice_20_z089.png,Non-Demented/OAS1_0044/OAS1_0044_slice_20_z089.png,OAS1_0044,Non-Demented,0,1,Very Mild Dementia,0,0.3378582614972226,0.5129608868063247,0.14918085169645348,0.0
OASIS_1,RandomForest,13,test,brightness_contrast__moderate,brightness_contrast,moderate,D:\OASIS_1\distortions_128\brightness_contrast\moderate\Non_Demented\OAS1_0074\OAS1_0074_slice_01_z038.png,Non_Demented/OAS1_0074/OAS1_0074_slice_01_z038.png,Non-Demented/OAS1_0074/OAS1_0074_slice_01_z038.png,OAS1_0074,Non-Demented,0,3,Moderate Dementia,0,0.34872892110094206,0.09388526350198119,0.16738581539707684,0.39
OASIS_1,RandomForest,13,test,brightness_contrast__moderate,brightness_contrast,moderate,D:\OASIS_1\distortions_128\brightness_contrast\moderate\Non_Demented\OAS1_0074\OAS1_0074_slice_02_z041.png,Non_Demented/OAS1_0074/OAS1_0074_slice_02_z041.png,Non-Demented/OAS1_0074/OAS1_0074_slice_02_z041.png,OAS1_0074,Non-Demented,0,0,Non-Demented,1,0.5649659948879993,0.31674939864579127,0.11495127313287644,0.0033333333333333335
OASIS_1,RandomForest,13,test,brightness_contrast__moderate,brightness_contrast,moderate,D:\OASIS_1\distortions_128\brightness_contrast\moderate\Non_Demented\OAS1_0074\OAS1_0074_slice_03_z043.png,Non_Demented/OAS1_0074/OAS1_0074_slice_03_z043.png,Non-Demented/OAS1_0074/OAS1_0074_slice_03_z043.png,OAS1_0074,Non-Demented,0,0,Non-Demented,1,0.5814227726672339,0.3297106661440588,0.08886656118870744,0.0
OASIS_1,RandomForest,13,test,brightness_contrast__moderate,brightness_contrast,moderate,D:\OASIS_1\distortions_128\brightness_contrast\moderate\Non_Demented\OAS1_0074\OAS1_0074_slice_04_z046.png,Non_Demented/OAS1_0074/OAS1_0074_slice_04_z046.png,Non-Demented/OAS1_0074/OAS1_0074_slice_04_z046.png,OAS1_0074,Non-Demented,0,0,Non-Demented,1,0.576427949540073,0.3250033211534623,0.09523539597313146,0.0033333333333333335
OASIS_1,RandomForest,13,test,brightness_contrast__moderate,brightness_contrast,moderate,D:\OASIS_1\distortions_128\brightness_contrast\moderate\Non_Demented\OAS1_0074\OAS1_0074_slice_05_z049.png,Non_Demented/OAS1_0074/OAS1_0074_slice_05_z049.png,Non-Demented/OAS1_0074/OAS1_0074_slice_05_z049.png,OAS1_0074,Non-Demented,0,1,Very Mild Dementia,0,0.38176308018250676,0.4918824738547873,0.12635444596270606,0.0
OASIS_1,RandomForest,13,test,brightness_contrast__moderate,brightness_contrast,moderate,D:\OASIS_1\distortions_128\brightness_contrast\moderate\Non_Demented\OAS1_0074\OAS1_0074_slice_06_z051.png,Non_Demented/OAS1_0074/OAS1_0074_slice_06_z051.png,Non-Demented/OAS1_0074/OAS1_0074_slice_06_z051.png,OAS1_0074,Non-Demented,0,1,Very Mild Dementia,0,0.3841590406752914,0.5032039422441908,0.1126370170805182,0.0
OASIS_1,RandomForest,13,test,brightness_contrast__moderate,brightness_contrast,moderate,D:\OASIS_1\distortions_128\brightness_contrast\moderate\Non_Demented\OAS1_0074\OAS1_0074_slice_07_z054.png,Non_Demented/OAS1_0074/OAS1_0074_slice_07_z054.png,Non-Demented/OAS1_0074/OAS1_0074_slice_07_z054.png,OAS1_0074,Non-Demented,0,0,Non-Demented,1,0.40946634297331125,0.08554176447924901,0.14165855921410642,0.36333333333333334
OASIS_1,RandomForest,13,test,brightness_contrast__moderate,brightness_contrast,moderate,D:\OASIS_1\distortions_128\brightness_contrast\moderate\Non_Demented\OAS1_0074\OAS1_0074_slice_08_z057.png,Non_Demented/OAS1_0074/OAS1_0074_slice_08_z057.png,Non-Demented/OAS1_0074/OAS1_0074_slice_08_z057.png,OAS1_0074,Non-Demented,0,0,Non-Demented,1,0.5274375988041213,0.3766573589055181,0.09590504229036038,0.0
OASIS_1,RandomForest,13,test,brightness_contrast__moderate,brightness_contrast,moderate,D:\OASIS_1\distortions_128\brightness_contrast\moderate\Non_Demented\OAS1_0074\OAS1_0074_slice_09_z059.png,Non_Demented/OAS1_0074/OAS1_0074_slice_09_z059.png,Non-Demented/OAS1_0074/OAS1_0074_slice_09_z059.png,OAS1_0074,Non-Demented,0,0,Non-Demented,1,0.4565274564785729,0.40348737965104303,0.13998516387038418,0.0
OASIS_1,RandomForest,13,test,brightness_contrast__moderate,brightness_contrast,moderate,D:\OASIS_1\distortions_128\brightness_contrast\moderate\Non_Demented\OAS1_0074\OAS1_0074_slice_10_z062.png,Non_Demented/OAS1_0074/OAS1_0074_slice_10_z062.png,Non-Demented/OAS1_0074/OAS1_0074_slice_10_z062.png,OAS1_0074,Non-Demented,0,0,Non-Demented,1,0.4821992883595164,0.3765891082130823,0.14121160342740147,0.0
OASIS_1,RandomForest,13,test,brightness_contrast__moderate,brightness_contrast,moderate,D:\OASIS_1\distortions_128\brightness_contrast\moderate\Non_Demented\OAS1_0074\OAS1_0074_slice_11_z065.png,Non_Demented/OAS1_0074/OAS1_0074_slice_11_z065.png,Non-Demented/OAS1_0074/OAS1_0074_slice_11_z065.png,OAS1_0074,Non-Demented,0,0,Non-Demented,1,0.48573566713967525,0.34588653551660475,0.16837779734372,0.0
OASIS_1,RandomForest,13,test,brightness_contrast__moderate,brightness_contrast,moderate,D:\OASIS_1\distortions_128\brightness_contrast\moderate\Non_Demented\OAS1_0074\OAS1_0074_slice_12_z068.png,Non_Demented/OAS1_0074/OAS1_0074_slice_12_z068.png,Non-Demented/OAS1_0074/OAS1_0074_slice_12_z068.png,OAS1_0074,Non-Demented,0,0,Non-Demented,1,0.5568710785106483,0.34739179911658236,0.09573712237276921,0.0
OASIS_1,RandomForest,13,test,brightness_contrast__moderate,brightness_contrast,moderate,D:\OASIS_1\distortions_128\brightness_contrast\moderate\Non_Demented\OAS1_0074\OAS1_0074_slice_13_z070.png,Non_Demented/OAS1_0074/OAS1_0074_slice_13_z070.png,Non-Demented/OAS1_0074/OAS1_0074_slice_13_z070.png,OAS1_0074,Non-Demented,0,3,Moderate Dementia,0,0.3884805278457001,0.10327408888012973,0.10491204994083676,0.4033333333333333
OASIS_1,RandomForest,13,test,brightness_contrast__moderate,brightness_contrast,moderate,D:\OASIS_1\distortions_128\brightness_contrast\moderate\Non_Demented\OAS1_0074\OAS1_0074_slice_14_z073.png,Non_Demented/OAS1_0074/OAS1_0074_slice_14_z073.png,Non-Demented/OAS1_0074/OAS1_0074_slice_14_z073.png,OAS1_0074,Non-Demented,0,0,Non-Demented,1,0.5132721526072305,0.41209121232349083,0.0746366350692784,0.0
OASIS_1,RandomForest,13,test,brightness_contrast__moderate,brightness_contrast,moderate,D:\OASIS_1\distortions_128\brightness_contrast\moderate\Non_Demented\OAS1_0074\OAS1_0074_slice_15_z076.png,Non_Demented/OAS1_0074/OAS1_0074_slice_15_z076.png,Non-Demented/OAS1_0074/OAS1_0074_slice_15_z076.png,OAS1_0074,Non-Demented,0,0,Non-Demented,1,0.5162488575340237,0.3968338397958398,0.08691730267013625,0.0
OASIS_1,RandomForest,13,test,brightness_contrast__moderate,brightness_contrast,moderate,D:\OASIS_1\distortions_128\brightness_contrast\moderate\Non_Demented\OAS1_0074\OAS1_0074_slice_16_z078.png,Non_Demented/OAS1_0074/OAS1_0074_slice_16_z078.png,Non-Demented/OAS1_0074/OAS1_0074_slice_16_z078.png,OAS1_0074,Non-Demented,0,0,Non-Demented,1,0.3885901684301633,0.09633528986375701,0.14840787503941308,0.36666666666666664
OASIS_1,RandomForest,13,test,brightness_contrast__moderate,brightness_contrast,moderate,D:\OASIS_1\distortions_128\brightness_contrast\moderate\Non_Demented\OAS1_0074\OAS1_0074_slice_17_z081.png,Non_Demented/OAS1_0074/OAS1_0074_slice_17_z081.png,Non-Demented/OAS1_0074/OAS1_0074_slice_17_z081.png,OAS1_0074,Non-Demented,0,3,Moderate Dementia,0,0.38571741154636163,0.07954537393426798,0.1480705478527037,0.38666666666666666
OASIS_1,RandomForest,13,test,brightness_contrast__moderate,brightness_contrast,moderate,D:\OASIS_1\distortions_128\brightness_contrast\moderate\Non_Demented\OAS1_0074\OAS1_0074_slice_18_z084.png,Non_Demented/OAS1_0074/OAS1_0074_slice_18_z084.png,Non-Demented/OAS1_0074/OAS1_0074_slice_18_z084.png,OAS1_0074,Non-Demented,0,0,Non-Demented,1,0.5317688081148885,0.31874235251423094,0.14948883937088076,0.0
OASIS_1,RandomForest,13,test,brightness_contrast__moderate,brightness_contrast,moderate,D:\OASIS_1\distortions_128\brightness_contrast\moderate\Non_Demented\OAS1_0074\OAS1_0074_slice_19_z086.png,Non_Demented/OAS1_0074/OAS1_0074_slice_19_z086.png,Non-Demented/OAS1_0074/OAS1_0074_slice_19_z086.png,OAS1_0074,Non-Demented,0,0,Non-Demented,1,0.6120353557725213,0.2769953151210313,0.11096932910644777,0.0
OASIS_1,RandomForest,13,test,brightness_contrast__moderate,brightness_contrast,moderate,D:\OASIS_1\distortions_128\brightness_contrast\moderate\Non_Demented\OAS1_0074\OAS1_0074_slice_20_z089.png,Non_Demented/OAS1_0074/OAS1_0074_slice_20_z089.png,Non-Demented/OAS1_0074/OAS1_0074_slice_20_z089.png,OAS1_0074,Non-Demented,0,0,Non-Demented,1,0.5420069682526208,0.2945484052609436,0.16344462648643548,0.0
OASIS_1,RandomForest,13,test,brightness_contrast__moderate,brightness_contrast,moderate,D:\OASIS_1\distortions_128\brightness_contrast\moderate\Non_Demented\OAS1_0075\OAS1_0075_slice_01_z038.png,Non_Demented/OAS1_0075/OAS1_0075_slice_01_z038.png,Non-Demented/OAS1_0075/OAS1_0075_slice_01_z038.png,OAS1_0075,Non-Demented,0,1,Very Mild Dementia,0,0.32631141519390816,0.59538886319938,0.0782997216067119,0.0
OASIS_1,RandomForest,13,test,brightness_contrast__moderate,brightness_contrast,moderate,D:\OASIS_1\distortions_128\brightness_contrast\moderate\Non_Demented\OAS1_0075\OAS1_0075_slice_02_z041.png,Non_Demented/OAS1_0075/OAS1_0075_slice_02_z041.png,Non-Demented/OAS1_0075/OAS1_0075_slice_02_z041.png,OAS1_0075,Non-Demented,0,1,Very Mild Dementia,0,0.32026155018738006,0.570955747057431,0.10878270275518882,0.0
OASIS_1,RandomForest,13,test,brightness_contrast__moderate,brightness_contrast,moderate,D:\OASIS_1\distortions_128\brightness_contrast\moderate\Non_Demented\OAS1_0075\OAS1_0075_slice_03_z043.png,Non_Demented/OAS1_0075/OAS1_0075_slice_03_z043.png,Non-Demented/OAS1_0075/OAS1_0075_slice_03_z043.png,OAS1_0075,Non-Demented,0,1,Very Mild Dementia,0,0.3059602544995922,0.5845410436016245,0.10949870189878323,0.0
OASIS_1,RandomForest,13,test,brightness_contrast__moderate,brightness_contrast,moderate,D:\OASIS_1\distortions_128\brightness_contrast\moderate\Non_Demented\OAS1_0075\OAS1_0075_slice_04_z046.png,Non_Demented/OAS1_0075/OAS1_0075_slice_04_z046.png,Non-Demented/OAS1_0075/OAS1_0075_slice_04_z046.png,OAS1_0075,Non-Demented,0,0,Non-Demented,1,0.46153860979664707,0.4259386850277534,0.11252270517559931,0.0
OASIS_1,RandomForest,13,test,brightness_contrast__moderate,brightness_contrast,moderate,D:\OASIS_1\distortions_128\brightness_contrast\moderate\Non_Demented\OAS1_0075\OAS1_0075_slice_05_z049.png,Non_Demented/OAS1_0075/OAS1_0075_slice_05_z049.png,Non-Demented/OAS1_0075/OAS1_0075_slice_05_z049.png,OAS1_0075,Non-Demented,0,1,Very Mild Dementia,0,0.270525274091596,0.6284647361524439,0.10100998975596026,0.0
OASIS_1,RandomForest,13,test,brightness_contrast__moderate,brightness_contrast,moderate,D:\OASIS_1\distortions_128\brightness_contrast\moderate\Non_Demented\OAS1_0075\OAS1_0075_slice_06_z051.png,Non_Demented/OAS1_0075/OAS1_0075_slice_06_z051.png,Non-Demented/OAS1_0075/OAS1_0075_slice_06_z051.png,OAS1_0075,Non-Demented,0,1,Very Mild Dementia,0,0.3040220322304756,0.5930511514087866,0.10292681636073808,0.0
OASIS_1,RandomForest,13,test,brightness_contrast__moderate,brightness_contrast,moderate,D:\OASIS_1\distortions_128\brightness_contrast\moderate\Non_Demented\OAS1_0075\OAS1_0075_slice_07_z054.png,Non_Demented/OAS1_0075/OAS1_0075_slice_07_z054.png,Non-Demented/OAS1_0075/OAS1_0075_slice_07_z054.png,OAS1_0075,Non-Demented,0,1,Very Mild Dementia,0,0.31549290492218923,0.5740674414154877,0.1071063203289902,0.0033333333333333335
OASIS_1,RandomForest,13,test,brightness_contrast__moderate,brightness_contrast,moderate,D:\OASIS_1\distortions_128\brightness_contrast\moderate\Non_Demented\OAS1_0075\OAS1_0075_slice_08_z057.png,Non_Demented/OAS1_0075/OAS1_0075_slice_08_z057.png,Non-Demented/OAS1_0075/OAS1_0075_slice_08_z057.png,OAS1_0075,Non-Demented,0,0,Non-Demented,1,0.4793405884250912,0.36762893832720667,0.14969713991436895,0.0033333333333333335
OASIS_1,RandomForest,13,test,brightness_contrast__moderate,brightness_contrast,moderate,D:\OASIS_1\distortions_128\brightness_contrast\moderate\Non_Demented\OAS1_0075\OAS1_0075_slice_09_z059.png,Non_Demented/OAS1_0075/OAS1_0075_slice_09_z059.png,Non-Demented/OAS1_0075/OAS1_0075_slice_09_z059.png,OAS1_0075,Non-Demented,0,0,Non-Demented,1,0.45259208741152057,0.34275246391576686,0.1946554486727127,0.01
OASIS_1,RandomForest,13,test,brightness_contrast__moderate,brightness_contrast,moderate,D:\OASIS_1\distortions_128\brightness_contrast\moderate\Non_Demented\OAS1_0075\OAS1_0075_slice_10_z062.png,Non_Demented/OAS1_0075/OAS1_0075_slice_10_z062.png,Non-Demented/OAS1_0075/OAS1_0075_slice_10_z062.png,OAS1_0075,Non-Demented,0,1,Very Mild Dementia,0,0.2724830642367819,0.5603394793228536,0.1638441231070316,0.0033333333333333335
OASIS_1,RandomForest,13,test,brightness_contrast__moderate,brightness_contrast,moderate,D:\OASIS_1\distortions_128\brightness_contrast\moderate\Non_Demented\OAS1_0075\OAS1_0075_slice_11_z065.png,Non_Demented/OAS1_0075/OAS1_0075_slice_11_z065.png,Non-Demented/OAS1_0075/OAS1_0075_slice_11_z065.png,OAS1_0075,Non-Demented,0,0,Non-Demented,1,0.41221184194116045,0.4038987749598941,0.18388938309894579,0.0
OASIS_1,RandomForest,13,test,brightness_contrast__moderate,brightness_contrast,moderate,D:\OASIS_1\distortions_128\brightness_contrast\moderate\Non_Demented\OAS1_0075\OAS1_0075_slice_12_z068.png,Non_Demented/OAS1_0075/OAS1_0075_slice_12_z068.png,Non-Demented/OAS1_0075/OAS1_0075_slice_12_z068.png,OAS1_0075,Non-Demented,0,0,Non-Demented,1,0.43801411159010417,0.391973311170898,0.17001257723899801,0.0
OASIS_1,RandomForest,13,test,brightness_contrast__moderate,brightness_contrast,moderate,D:\OASIS_1\distortions_128\brightness_contrast\moderate\Non_Demented\OAS1_0075\OAS1_0075_slice_13_z070.png,Non_Demented/OAS1_0075/OAS1_0075_slice_13_z070.png,Non-Demented/OAS1_0075/OAS1_0075_slice_13_z070.png,OAS1_0075,Non-Demented,0,0,Non-Demented,1,0.43654643512195124,0.4098702714743878,0.15024996007032784,0.0033333333333333335
OASIS_1,RandomForest,13,test,brightness_contrast__moderate,brightness_contrast,moderate,D:\OASIS_1\distortions_128\brightness_contrast\moderate\Non_Demented\OAS1_0075\OAS1_0075_slice_14_z073.png,Non_Demented/OAS1_0075/OAS1_0075_slice_14_z073.png,Non-Demented/OAS1_0075/OAS1_0075_slice_14_z073.png,OAS1_0075,Non-Demented,0,1,Very Mild Dementia,0,0.2724274343136494,0.6257021703661082,0.10187039532024234,0.0
OASIS_1,RandomForest,13,test,brightness_contrast__moderate,brightness_contrast,moderate,D:\OASIS_1\distortions_128\brightness_contrast\moderate\Non_Demented\OAS1_0075\OAS1_0075_slice_15_z076.png,Non_Demented/OAS1_0075/OAS1_0075_slice_15_z076.png,Non-Demented/OAS1_0075/OAS1_0075_slice_15_z076.png,OAS1_0075,Non-Demented,0,0,Non-Demented,1,0.4795573251168204,0.4250013029373894,0.09544137194579058,0.0
OASIS_1,RandomForest,13,test,brightness_contrast__moderate,brightness_contrast,moderate,D:\OASIS_1\distortions_128\brightness_contrast\moderate\Non_Demented\OAS1_0075\OAS1_0075_slice_16_z078.png,Non_Demented/OAS1_0075/OAS1_0075_slice_16_z078.png,Non-Demented/OAS1_0075/OAS1_0075_slice_16_z078.png,OAS1_0075,Non-Demented,0,1,Very Mild Dementia,0,0.2935196016556078,0.6149939178296808,0.09148648051471125,0.0
OASIS_1,RandomForest,13,test,brightness_contrast__moderate,brightness_contrast,moderate,D:\OASIS_1\distortions_128\brightness_contrast\moderate\Non_Demented\OAS1_0075\OAS1_0075_slice_17_z081.png,Non_Demented/OAS1_0075/OAS1_0075_slice_17_z081.png,Non-Demented/OAS1_0075/OAS1_0075_slice_17_z081.png,OAS1_0075,Non-Demented,0,3,Moderate Dementia,0,0.3277940448875918,0.12526167525569135,0.1569442798567169,0.39
OASIS_1,RandomForest,13,test,brightness_contrast__moderate,brightness_contrast,moderate,D:\OASIS_1\distortions_128\brightness_contrast\moderate\Non_Demented\OAS1_0075\OAS1_0075_slice_18_z084.png,Non_Demented/OAS1_0075/OAS1_0075_slice_18_z084.png,Non-Demented/OAS1_0075/OAS1_0075_slice_18_z084.png,OAS1_0075,Non-Demented,0,3,Moderate Dementia,0,0.30752242491483417,0.1319981730644001,0.16714606868743243,0.3933333333333333
OASIS_1,RandomForest,13,test,brightness_contrast__moderate,brightness_contrast,moderate,D:\OASIS_1\distortions_128\brightness_contrast\moderate\Non_Demented\OAS1_0075\OAS1_0075_slice_19_z086.png,Non_Demented/OAS1_0075/OAS1_0075_slice_19_z086.png,Non-Demented/OAS1_0075/OAS1_0075_slice_19_z086.png,OAS1_0075,Non-Demented,0,0,Non-Demented,1,0.6225850970477542,0.3196734168706081,0.05774148608163737,0.0
OASIS_1,RandomForest,13,test,brightness_contrast__moderate,brightness_contrast,moderate,D:\OASIS_1\distortions_128\brightness_contrast\moderate\Non_Demented\OAS1_0075\OAS1_0075_slice_20_z089.png,Non_Demented/OAS1_0075/OAS1_0075_slice_20_z089.png,Non-Demented/OAS1_0075/OAS1_0075_slice_20_z089.png,OAS1_0075,Non-Demented,0,1,Very Mild Dementia,0,0.3616713786440071,0.5644821787085238,0.07384644264746895,0.0
OASIS_1,RandomForest,13,test,brightness_contrast__moderate,brightness_contrast,moderate,D:\OASIS_1\distortions_128\brightness_contrast\moderate\Non_Demented\OAS1_0083\OAS1_0083_slice_01_z038.png,Non_Demented/OAS1_0083/OAS1_0083_slice_01_z038.png,Non-Demented/OAS1_0083/OAS1_0083_slice_01_z038.png,OAS1_0083,Non-Demented,0,0,Non-Demented,1,0.41082196900948637,0.1117518040727389,0.14409289358444144,0.3333333333333333
OASIS_1,RandomForest,13,test,brightness_contrast__moderate,brightness_contrast,moderate,D:\OASIS_1\distortions_128\brightness_contrast\moderate\Non_Demented\OAS1_0083\OAS1_0083_slice_02_z041.png,Non_Demented/OAS1_0083/OAS1_0083_slice_02_z041.png,Non-Demented/OAS1_0083/OAS1_0083_slice_02_z041.png,OAS1_0083,Non-Demented,0,1,Very Mild Dementia,0,0.3666218494603262,0.48146993642089153,0.15190821411878236,0.0
OASIS_1,RandomForest,13,test,brightness_contrast__moderate,brightness_contrast,moderate,D:\OASIS_1\distortions_128\brightness_contrast\moderate\Non_Demented\OAS1_0083\OAS1_0083_slice_03_z043.png,Non_Demented/OAS1_0083/OAS1_0083_slice_03_z043.png,Non-Demented/OAS1_0083/OAS1_0083_slice_03_z043.png,OAS1_0083,Non-Demented,0,1,Very Mild Dementia,0,0.41571035005699514,0.4597977141343006,0.12449193580870471,0.0
OASIS_1,RandomForest,13,test,brightness_contrast__moderate,brightness_contrast,moderate,D:\OASIS_1\distortions_128\brightness_contrast\moderate\Non_Demented\OAS1_0083\OAS1_0083_slice_04_z046.png,Non_Demented/OAS1_0083/OAS1_0083_slice_04_z046.png,Non-Demented/OAS1_0083/OAS1_0083_slice_04_z046.png,OAS1_0083,Non-Demented,0,0,Non-Demented,1,0.4565563153315009,0.4174406768830606,0.1260030077854387,0.0
OASIS_1,RandomForest,13,test,brightness_contrast__moderate,brightness_contrast,moderate,D:\OASIS_1\distortions_128\brightness_contrast\moderate\Non_Demented\OAS1_0083\OAS1_0083_slice_05_z049.png,Non_Demented/OAS1_0083/OAS1_0083_slice_05_z049.png,Non-Demented/OAS1_0083/OAS1_0083_slice_05_z049.png,OAS1_0083,Non-Demented,0,0,Non-Demented,1,0.49927679138779285,0.40683658855433386,0.09388662005787334,0.0
OASIS_1,RandomForest,13,test,brightness_contrast__moderate,brightness_contrast,moderate,D:\OASIS_1\distortions_128\brightness_contrast\moderate\Non_Demented\OAS1_0083\OAS1_0083_slice_06_z051.png,Non_Demented/OAS1_0083/OAS1_0083_slice_06_z051.png,Non-Demented/OAS1_0083/OAS1_0083_slice_06_z051.png,OAS1_0083,Non-Demented,0,0,Non-Demented,1,0.5123672098614949,0.41009958854691075,0.07086653492492775,0.006666666666666667
OASIS_1,RandomForest,13,test,brightness_contrast__moderate,brightness_contrast,moderate,D:\OASIS_1\distortions_128\brightness_contrast\moderate\Non_Demented\OAS1_0083\OAS1_0083_slice_07_z054.png,Non_Demented/OAS1_0083/OAS1_0083_slice_07_z054.png,Non-Demented/OAS1_0083/OAS1_0083_slice_07_z054.png,OAS1_0083,Non-Demented,0,0,Non-Demented,1,0.49139405319522383,0.35330004500403206,0.15197256846741083,0.0033333333333333335
OASIS_1,RandomForest,13,test,brightness_contrast__moderate,brightness_contrast,moderate,D:\OASIS_1\distortions_128\brightness_contrast\moderate\Non_Demented\OAS1_0083\OAS1_0083_slice_08_z057.png,Non_Demented/OAS1_0083/OAS1_0083_slice_08_z057.png,Non-Demented/OAS1_0083/OAS1_0083_slice_08_z057.png,OAS1_0083,Non-Demented,0,1,Very Mild Dementia,0,0.4185006792736534,0.419068596542509,0.15909739085050423,0.0033333333333333335
OASIS_1,RandomForest,13,test,brightness_contrast__moderate,brightness_contrast,moderate,D:\OASIS_1\distortions_128\brightness_contrast\moderate\Non_Demented\OAS1_0083\OAS1_0083_slice_09_z059.png,Non_Demented/OAS1_0083/OAS1_0083_slice_09_z059.png,Non-Demented/OAS1_0083/OAS1_0083_slice_09_z059.png,OAS1_0083,Non-Demented,0,0,Non-Demented,1,0.3999045791992646,0.10342875413406873,0.11,0.38666666666666666
OASIS_1,RandomForest,13,test,brightness_contrast__moderate,brightness_contrast,moderate,D:\OASIS_1\distortions_128\brightness_contrast\moderate\Non_Demented\OAS1_0083\OAS1_0083_slice_10_z062.png,Non_Demented/OAS1_0083/OAS1_0083_slice_10_z062.png,Non-Demented/OAS1_0083/OAS1_0083_slice_10_z062.png,OAS1_0083,Non-Demented,0,0,Non-Demented,1,0.5798950817817289,0.33419719981477636,0.07590771840349474,0.01
OASIS_1,RandomForest,13,test,brightness_contrast__moderate,brightness_contrast,moderate,D:\OASIS_1\distortions_128\brightness_contrast\moderate\Non_Demented\OAS1_0083\OAS1_0083_slice_11_z065.png,Non_Demented/OAS1_0083/OAS1_0083_slice_11_z065.png,Non-Demented/OAS1_0083/OAS1_0083_slice_11_z065.png,OAS1_0083,Non-Demented,0,0,Non-Demented,1,0.44357546263788794,0.3751344197139999,0.16795678431477865,0.013333333333333334
OASIS_1,RandomForest,13,test,brightness_contrast__moderate,brightness_contrast,moderate,D:\OASIS_1\distortions_128\brightness_contrast\moderate\Non_Demented\OAS1_0083\OAS1_0083_slice_12_z068.png,Non_Demented/OAS1_0083/OAS1_0083_slice_12_z068.png,Non-Demented/OAS1_0083/OAS1_0083_slice_12_z068.png,OAS1_0083,Non-Demented,0,0,Non-Demented,1,0.4541346990748781,0.3825921181763091,0.15660651608214607,0.006666666666666667
OASIS_1,RandomForest,13,test,brightness_contrast__moderate,brightness_contrast,moderate,D:\OASIS_1\distortions_128\brightness_contrast\moderate\Non_Demented\OAS1_0083\OAS1_0083_slice_13_z070.png,Non_Demented/OAS1_0083/OAS1_0083_slice_13_z070.png,Non-Demented/OAS1_0083/OAS1_0083_slice_13_z070.png,OAS1_0083,Non-Demented,0,0,Non-Demented,1,0.5691479312841523,0.29584072105601306,0.13167801432650128,0.0033333333333333335
OASIS_1,RandomForest,13,test,brightness_contrast__moderate,brightness_contrast,moderate,D:\OASIS_1\distortions_128\brightness_contrast\moderate\Non_Demented\OAS1_0083\OAS1_0083_slice_14_z073.png,Non_Demented/OAS1_0083/OAS1_0083_slice_14_z073.png,Non-Demented/OAS1_0083/OAS1_0083_slice_14_z073.png,OAS1_0083,Non-Demented,0,0,Non-Demented,1,0.4486351773850112,0.3811215522280313,0.1635766037202908,0.006666666666666667
OASIS_1,RandomForest,13,test,brightness_contrast__moderate,brightness_contrast,moderate,D:\OASIS_1\distortions_128\brightness_contrast\moderate\Non_Demented\OAS1_0083\OAS1_0083_slice_15_z076.png,Non_Demented/OAS1_0083/OAS1_0083_slice_15_z076.png,Non-Demented/OAS1_0083/OAS1_0083_slice_15_z076.png,OAS1_0083,Non-Demented,0,3,Moderate Dementia,0,0.364304516047902,0.0915429288102257,0.13081922180853894,0.41333333333333333
OASIS_1,RandomForest,13,test,brightness_contrast__moderate,brightness_contrast,moderate,D:\OASIS_1\distortions_128\brightness_contrast\moderate\Non_Demented\OAS1_0083\OAS1_0083_slice_16_z078.png,Non_Demented/OAS1_0083/OAS1_0083_slice_16_z078.png,Non-Demented/OAS1_0083/OAS1_0083_slice_16_z078.png,OAS1_0083,Non-Demented,0,0,Non-Demented,1,0.5237060162052759,0.35859694072385245,0.11103037640420517,0.006666666666666667
OASIS_1,RandomForest,13,test,brightness_contrast__moderate,brightness_contrast,moderate,D:\OASIS_1\distortions_128\brightness_contrast\moderate\Non_Demented\OAS1_0083\OAS1_0083_slice_17_z081.png,Non_Demented/OAS1_0083/OAS1_0083_slice_17_z081.png,Non-Demented/OAS1_0083/OAS1_0083_slice_17_z081.png,OAS1_0083,Non-Demented,0,0,Non-Demented,1,0.4830156759187989,0.35130849743039194,0.16234249331747613,0.0033333333333333335
OASIS_1,RandomForest,13,test,brightness_contrast__moderate,brightness_contrast,moderate,D:\OASIS_1\distortions_128\brightness_contrast\moderate\Non_Demented\OAS1_0083\OAS1_0083_slice_18_z084.png,Non_Demented/OAS1_0083/OAS1_0083_slice_18_z084.png,Non-Demented/OAS1_0083/OAS1_0083_slice_18_z084.png,OAS1_0083,Non-Demented,0,0,Non-Demented,1,0.41403957072149356,0.10216604860252106,0.13379438067598545,0.35
OASIS_1,RandomForest,13,test,brightness_contrast__moderate,brightness_contrast,moderate,D:\OASIS_1\distortions_128\brightness_contrast\moderate\Non_Demented\OAS1_0083\OAS1_0083_slice_19_z086.png,Non_Demented/OAS1_0083/OAS1_0083_slice_19_z086.png,Non-Demented/OAS1_0083/OAS1_0083_slice_19_z086.png,OAS1_0083,Non-Demented,0,1,Very Mild Dementia,0,0.3884387117813663,0.43240676424817964,0.17582119063712073,0.0033333333333333335
OASIS_1,RandomForest,13,test,brightness_contrast__moderate,brightness_contrast,moderate,D:\OASIS_1\distortions_128\brightness_contrast\moderate\Non_Demented\OAS1_0083\OAS1_0083_slice_20_z089.png,Non_Demented/OAS1_0083/OAS1_0083_slice_20_z089.png,Non-Demented/OAS1_0083/OAS1_0083_slice_20_z089.png,OAS1_0083,Non-Demented,0,0,Non-Demented,1,0.4507707380107693,0.3835658545895763,0.16566340739965424,0.0
OASIS_1,RandomForest,13,test,brightness_contrast__moderate,brightness_contrast,moderate,D:\OASIS_1\distortions_128\brightness_contrast\moderate\Non_Demented\OAS1_0113\OAS1_0113_slice_01_z038.png,Non_Demented/OAS1_0113/OAS1_0113_slice_01_z038.png,Non-Demented/OAS1_0113/OAS1_0113_slice_01_z038.png,OAS1_0113,Non-Demented,0,0,Non-Demented,1,0.6444496706586473,0.22666094771665346,0.12222271495803251,0.006666666666666667
OASIS_1,RandomForest,13,test,brightness_contrast__moderate,brightness_contrast,moderate,D:\OASIS_1\distortions_128\brightness_contrast\moderate\Non_Demented\OAS1_0113\OAS1_0113_slice_02_z041.png,Non_Demented/OAS1_0113/OAS1_0113_slice_02_z041.png,Non-Demented/OAS1_0113/OAS1_0113_slice_02_z041.png,OAS1_0113,Non-Demented,0,1,Very Mild Dementia,0,0.3557422513213366,0.49310073261287424,0.15115701606578913,0.0
OASIS_1,RandomForest,13,test,brightness_contrast__moderate,brightness_contrast,moderate,D:\OASIS_1\distortions_128\brightness_contrast\moderate\Non_Demented\OAS1_0113\OAS1_0113_slice_03_z043.png,Non_Demented/OAS1_0113/OAS1_0113_slice_03_z043.png,Non-Demented/OAS1_0113/OAS1_0113_slice_03_z043.png,OAS1_0113,Non-Demented,0,1,Very Mild Dementia,0,0.32944692951832766,0.491154245640099,0.17939882484157305,0.0
OASIS_1,RandomForest,13,test,brightness_contrast__moderate,brightness_contrast,moderate,D:\OASIS_1\distortions_128\brightness_contrast\moderate\Non_Demented\OAS1_0113\OAS1_0113_slice_04_z046.png,Non_Demented/OAS1_0113/OAS1_0113_slice_04_z046.png,Non-Demented/OAS1_0113/OAS1_0113_slice_04_z046.png,OAS1_0113,Non-Demented,0,0,Non-Demented,1,0.6279596604157938,0.25419439882149053,0.11784594076271572,0.0
OASIS_1,RandomForest,13,test,brightness_contrast__moderate,brightness_contrast,moderate,D:\OASIS_1\distortions_128\brightness_contrast\moderate\Non_Demented\OAS1_0113\OAS1_0113_slice_05_z049.png,Non_Demented/OAS1_0113/OAS1_0113_slice_05_z049.png,Non-Demented/OAS1_0113/OAS1_0113_slice_05_z049.png,OAS1_0113,Non-Demented,0,3,Moderate Dementia,0,0.34383890565627395,0.1323056586604828,0.1305221023499099,0.3933333333333333
OASIS_1,RandomForest,13,test,brightness_contrast__moderate,brightness_contrast,moderate,D:\OASIS_1\distortions_128\brightness_contrast\moderate\Non_Demented\OAS1_0113\OAS1_0113_slice_06_z051.png,Non_Demented/OAS1_0113/OAS1_0113_slice_06_z051.png,Non-Demented/OAS1_0113/OAS1_0113_slice_06_z051.png,OAS1_0113,Non-Demented,0,0,Non-Demented,1,0.5437698011466932,0.3079842346798305,0.14491263084014286,0.0033333333333333335
OASIS_1,RandomForest,13,test,brightness_contrast__moderate,brightness_contrast,moderate,D:\OASIS_1\distortions_128\brightness_contrast\moderate\Non_Demented\OAS1_0113\OAS1_0113_slice_07_z054.png,Non_Demented/OAS1_0113/OAS1_0113_slice_07_z054.png,Non-Demented/OAS1_0113/OAS1_0113_slice_07_z054.png,OAS1_0113,Non-Demented,0,3,Moderate Dementia,0,0.34708680431218614,0.12221507340162162,0.10736478895285892,0.42333333333333334
OASIS_1,RandomForest,13,test,brightness_contrast__moderate,brightness_contrast,moderate,D:\OASIS_1\distortions_128\brightness_contrast\moderate\Non_Demented\OAS1_0113\OAS1_0113_slice_08_z057.png,Non_Demented/OAS1_0113/OAS1_0113_slice_08_z057.png,Non-Demented/OAS1_0113/OAS1_0113_slice_08_z057.png,OAS1_0113,Non-Demented,0,1,Very Mild Dementia,0,0.3691276147257782,0.47498783672208733,0.15255121521880133,0.0033333333333333335
OASIS_1,RandomForest,13,test,brightness_contrast__moderate,brightness_contrast,moderate,D:\OASIS_1\distortions_128\brightness_contrast\moderate\Non_Demented\OAS1_0113\OAS1_0113_slice_09_z059.png,Non_Demented/OAS1_0113/OAS1_0113_slice_09_z059.png,Non-Demented/OAS1_0113/OAS1_0113_slice_09_z059.png,OAS1_0113,Non-Demented,0,0,Non-Demented,1,0.48039384187141443,0.28425727934487427,0.2353488787837114,0.0
OASIS_1,RandomForest,13,test,brightness_contrast__moderate,brightness_contrast,moderate,D:\OASIS_1\distortions_128\brightness_contrast\moderate\Non_Demented\OAS1_0113\OAS1_0113_slice_10_z062.png,Non_Demented/OAS1_0113/OAS1_0113_slice_10_z062.png,Non-Demented/OAS1_0113/OAS1_0113_slice_10_z062.png,OAS1_0113,Non-Demented,0,0,Non-Demented,1,0.5298274399621105,0.2850073134829972,0.1851652465548923,0.0
OASIS_1,RandomForest,13,test,brightness_contrast__moderate,brightness_contrast,moderate,D:\OASIS_1\distortions_128\brightness_contrast\moderate\Non_Demented\OAS1_0113\OAS1_0113_slice_11_z065.png,Non_Demented/OAS1_0113/OAS1_0113_slice_11_z065.png,Non-Demented/OAS1_0113/OAS1_0113_slice_11_z065.png,OAS1_0113,Non-Demented,0,3,Moderate Dementia,0,0.29393001727168333,0.11675840936189755,0.13597824003308578,0.4533333333333333
OASIS_1,RandomForest,13,test,brightness_contrast__moderate,brightness_contrast,moderate,D:\OASIS_1\distortions_128\brightness_contrast\moderate\Non_Demented\OAS1_0113\OAS1_0113_slice_12_z068.png,Non_Demented/OAS1_0113/OAS1_0113_slice_12_z068.png,Non-Demented/OAS1_0113/OAS1_0113_slice_12_z068.png,OAS1_0113,Non-Demented,0,0,Non-Demented,1,0.5198449882062595,0.3001865574659033,0.1799684543278372,0.0
OASIS_1,RandomForest,13,test,brightness_contrast__moderate,brightness_contrast,moderate,D:\OASIS_1\distortions_128\brightness_contrast\moderate\Non_Demented\OAS1_0113\OAS1_0113_slice_13_z070.png,Non_Demented/OAS1_0113/OAS1_0113_slice_13_z070.png,Non-Demented/OAS1_0113/OAS1_0113_slice_13_z070.png,OAS1_0113,Non-Demented,0,0,Non-Demented,1,0.5555772800471052,0.30190999964246423,0.14251272031043064,0.0
OASIS_1,RandomForest,13,test,brightness_contrast__moderate,brightness_contrast,moderate,D:\OASIS_1\distortions_128\brightness_contrast\moderate\Non_Demented\OAS1_0113\OAS1_0113_slice_14_z073.png,Non_Demented/OAS1_0113/OAS1_0113_slice_14_z073.png,Non-Demented/OAS1_0113/OAS1_0113_slice_14_z073.png,OAS1_0113,Non-Demented,0,1,Very Mild Dementia,0,0.34599601877586955,0.4539845030526791,0.20001947817145152,0.0
OASIS_1,RandomForest,13,test,brightness_contrast__moderate,brightness_contrast,moderate,D:\OASIS_1\distortions_128\brightness_contrast\moderate\Non_Demented\OAS1_0113\OAS1_0113_slice_15_z076.png,Non_Demented/OAS1_0113/OAS1_0113_slice_15_z076.png,Non-Demented/OAS1_0113/OAS1_0113_slice_15_z076.png,OAS1_0113,Non-Demented,0,3,Moderate Dementia,0,0.33454672490683074,0.12063219317602834,0.12815441525047425,0.4166666666666667
OASIS_1,RandomForest,13,test,brightness_contrast__moderate,brightness_contrast,moderate,D:\OASIS_1\distortions_128\brightness_contrast\moderate\Non_Demented\OAS1_0113\OAS1_0113_slice_16_z078.png,Non_Demented/OAS1_0113/OAS1_0113_slice_16_z078.png,Non-Demented/OAS1_0113/OAS1_0113_slice_16_z078.png,OAS1_0113,Non-Demented,0,0,Non-Demented,1,0.47522467415291497,0.35332367633122647,0.16811831618252523,0.0033333333333333335
OASIS_1,RandomForest,13,test,brightness_contrast__moderate,brightness_contrast,moderate,D:\OASIS_1\distortions_128\brightness_contrast\moderate\Non_Demented\OAS1_0113\OAS1_0113_slice_17_z081.png,Non_Demented/OAS1_0113/OAS1_0113_slice_17_z081.png,Non-Demented/OAS1_0113/OAS1_0113_slice_17_z081.png,OAS1_0113,Non-Demented,0,0,Non-Demented,1,0.3540773530365201,0.1512550147518955,0.15466763221158444,0.34
OASIS_1,RandomForest,13,test,brightness_contrast__moderate,brightness_contrast,moderate,D:\OASIS_1\distortions_128\brightness_contrast\moderate\Non_Demented\OAS1_0113\OAS1_0113_slice_18_z084.png,Non_Demented/OAS1_0113/OAS1_0113_slice_18_z084.png,Non-Demented/OAS1_0113/OAS1_0113_slice_18_z084.png,OAS1_0113,Non-Demented,0,3,Moderate Dementia,0,0.3569701435187444,0.12233173419506338,0.16069812228619226,0.36
OASIS_1,RandomForest,13,test,brightness_contrast__moderate,brightness_contrast,moderate,D:\OASIS_1\distortions_128\brightness_contrast\moderate\Non_Demented\OAS1_0113\OAS1_0113_slice_19_z086.png,Non_Demented/OAS1_0113/OAS1_0113_slice_19_z086.png,Non-Demented/OAS1_0113/OAS1_0113_slice_19_z086.png,OAS1_0113,Non-Demented,0,1,Very Mild Dementia,0,0.30467806617465193,0.5918542253955866,0.1034677084297614,0.0
OASIS_1,RandomForest,13,test,brightness_contrast__moderate,brightness_contrast,moderate,D:\OASIS_1\distortions_128\brightness_contrast\moderate\Non_Demented\OAS1_0113\OAS1_0113_slice_20_z089.png,Non_Demented/OAS1_0113/OAS1_0113_slice_20_z089.png,Non-Demented/OAS1_0113/OAS1_0113_slice_20_z089.png,OAS1_0113,Non-Demented,0,0,Non-Demented,1,0.4492031649142593,0.32706585549361034,0.22373097959213037,0.0
OASIS_1,RandomForest,13,test,brightness_contrast__moderate,brightness_contrast,moderate,D:\OASIS_1\distortions_128\brightness_contrast\moderate\Non_Demented\OAS1_0138\OAS1_0138_slice_01_z038.png,Non_Demented/OAS1_0138/OAS1_0138_slice_01_z038.png,Non-Demented/OAS1_0138/OAS1_0138_slice_01_z038.png,OAS1_0138,Non-Demented,0,1,Very Mild Dementia,0,0.3425744529118938,0.5549701565530356,0.10245539053507075,0.0
OASIS_1,RandomForest,13,test,brightness_contrast__moderate,brightness_contrast,moderate,D:\OASIS_1\distortions_128\brightness_contrast\moderate\Non_Demented\OAS1_0138\OAS1_0138_slice_02_z041.png,Non_Demented/OAS1_0138/OAS1_0138_slice_02_z041.png,Non-Demented/OAS1_0138/OAS1_0138_slice_02_z041.png,OAS1_0138,Non-Demented,0,0,Non-Demented,1,0.6141669152389306,0.3015716393125691,0.0775947787818334,0.006666666666666667
OASIS_1,RandomForest,13,test,brightness_contrast__moderate,brightness_contrast,moderate,D:\OASIS_1\distortions_128\brightness_contrast\moderate\Non_Demented\OAS1_0138\OAS1_0138_slice_03_z043.png,Non_Demented/OAS1_0138/OAS1_0138_slice_03_z043.png,Non-Demented/OAS1_0138/OAS1_0138_slice_03_z043.png,OAS1_0138,Non-Demented,0,0,Non-Demented,1,0.3903713480932357,0.3824002841869867,0.22722836771977806,0.0
OASIS_1,RandomForest,13,test,brightness_contrast__moderate,brightness_contrast,moderate,D:\OASIS_1\distortions_128\brightness_contrast\moderate\Non_Demented\OAS1_0138\OAS1_0138_slice_04_z046.png,Non_Demented/OAS1_0138/OAS1_0138_slice_04_z046.png,Non-Demented/OAS1_0138/OAS1_0138_slice_04_z046.png,OAS1_0138,Non-Demented,0,3,Moderate Dementia,0,0.3275454641084655,0.1416134918184608,0.16084104407307365,0.37
OASIS_1,RandomForest,13,test,brightness_contrast__moderate,brightness_contrast,moderate,D:\OASIS_1\distortions_128\brightness_contrast\moderate\Non_Demented\OAS1_0138\OAS1_0138_slice_05_z049.png,Non_Demented/OAS1_0138/OAS1_0138_slice_05_z049.png,Non-Demented/OAS1_0138/OAS1_0138_slice_05_z049.png,OAS1_0138,Non-Demented,0,0,Non-Demented,1,0.5487729129155129,0.29296870832895894,0.15159171208886138,0.006666666666666667
OASIS_1,RandomForest,13,test,brightness_contrast__moderate,brightness_contrast,moderate,D:\OASIS_1\distortions_128\brightness_contrast\moderate\Non_Demented\OAS1_0138\OAS1_0138_slice_06_z051.png,Non_Demented/OAS1_0138/OAS1_0138_slice_06_z051.png,Non-Demented/OAS1_0138/OAS1_0138_slice_06_z051.png,OAS1_0138,Non-Demented,0,1,Very Mild Dementia,0,0.37649000373935265,0.5215232978295923,0.10198669843105515,0.0
OASIS_1,RandomForest,13,test,brightness_contrast__moderate,brightness_contrast,moderate,D:\OASIS_1\distortions_128\brightness_contrast\moderate\Non_Demented\OAS1_0138\OAS1_0138_slice_07_z054.png,Non_Demented/OAS1_0138/OAS1_0138_slice_07_z054.png,Non-Demented/OAS1_0138/OAS1_0138_slice_07_z054.png,OAS1_0138,Non-Demented,0,1,Very Mild Dementia,0,0.35279639049112915,0.5072501215777437,0.1399534879311271,0.0
OASIS_1,RandomForest,13,test,brightness_contrast__moderate,brightness_contrast,moderate,D:\OASIS_1\distortions_128\brightness_contrast\moderate\Non_Demented\OAS1_0138\OAS1_0138_slice_08_z057.png,Non_Demented/OAS1_0138/OAS1_0138_slice_08_z057.png,Non-Demented/OAS1_0138/OAS1_0138_slice_08_z057.png,OAS1_0138,Non-Demented,0,3,Moderate Dementia,0,0.3067122677513962,0.11876900662999883,0.12451872561860503,0.45
OASIS_1,RandomForest,13,test,brightness_contrast__moderate,brightness_contrast,moderate,D:\OASIS_1\distortions_128\brightness_contrast\moderate\Non_Demented\OAS1_0138\OAS1_0138_slice_09_z059.png,Non_Demented/OAS1_0138/OAS1_0138_slice_09_z059.png,Non-Demented/OAS1_0138/OAS1_0138_slice_09_z059.png,OAS1_0138,Non-Demented,0,3,Moderate Dementia,0,0.3203034768520777,0.11233173419506338,0.11736478895285891,0.45
OASIS_1,RandomForest,13,test,brightness_contrast__moderate,brightness_contrast,moderate,D:\OASIS_1\distortions_128\brightness_contrast\moderate\Non_Demented\OAS1_0138\OAS1_0138_slice_10_z062.png,Non_Demented/OAS1_0138/OAS1_0138_slice_10_z062.png,Non-Demented/OAS1_0138/OAS1_0138_slice_10_z062.png,OAS1_0138,Non-Demented,0,3,Moderate Dementia,0,0.3012163121667808,0.11612391929798382,0.1326597685352354,0.45
OASIS_1,RandomForest,13,test,brightness_contrast__moderate,brightness_contrast,moderate,D:\OASIS_1\distortions_128\brightness_contrast\moderate\Non_Demented\OAS1_0138\OAS1_0138_slice_11_z065.png,Non_Demented/OAS1_0138/OAS1_0138_slice_11_z065.png,Non-Demented/OAS1_0138/OAS1_0138_slice_11_z065.png,OAS1_0138,Non-Demented,0,3,Moderate Dementia,0,0.31232622397911497,0.1417397160270321,0.1392673933271863,0.4066666666666667
OASIS_1,RandomForest,13,test,brightness_contrast__moderate,brightness_contrast,moderate,D:\OASIS_1\distortions_128\brightness_contrast\moderate\Non_Demented\OAS1_0138\OAS1_0138_slice_12_z068.png,Non_Demented/OAS1_0138/OAS1_0138_slice_12_z068.png,Non-Demented/OAS1_0138/OAS1_0138_slice_12_z068.png,OAS1_0138,Non-Demented,0,3,Moderate Dementia,0,0.2880864758626804,0.11040130215857781,0.14484555531207519,0.45666666666666667
OASIS_1,RandomForest,13,test,brightness_contrast__moderate,brightness_contrast,moderate,D:\OASIS_1\distortions_128\brightness_contrast\moderate\Non_Demented\OAS1_0138\OAS1_0138_slice_13_z070.png,Non_Demented/OAS1_0138/OAS1_0138_slice_13_z070.png,Non-Demented/OAS1_0138/OAS1_0138_slice_13_z070.png,OAS1_0138,Non-Demented,0,3,Moderate Dementia,0,0.3063108919757232,0.098772219182296,0.13825022217531416,0.45666666666666667
OASIS_1,RandomForest,13,test,brightness_contrast__moderate,brightness_contrast,moderate,D:\OASIS_1\distortions_128\brightness_contrast\moderate\Non_Demented\OAS1_0138\OAS1_0138_slice_14_z073.png,Non_Demented/OAS1_0138/OAS1_0138_slice_14_z073.png,Non-Demented/OAS1_0138/OAS1_0138_slice_14_z073.png,OAS1_0138,Non-Demented,0,0,Non-Demented,1,0.6184660323916211,0.2446506269177708,0.13688334069060812,0.0
OASIS_1,RandomForest,13,test,brightness_contrast__moderate,brightness_contrast,moderate,D:\OASIS_1\distortions_128\brightness_contrast\moderate\Non_Demented\OAS1_0138\OAS1_0138_slice_15_z076.png,Non_Demented/OAS1_0138/OAS1_0138_slice_15_z076.png,Non-Demented/OAS1_0138/OAS1_0138_slice_15_z076.png,OAS1_0138,Non-Demented,0,0,Non-Demented,1,0.4226867291453297,0.31610702419238645,0.26120624666228415,0.0
OASIS_1,RandomForest,13,test,brightness_contrast__moderate,brightness_contrast,moderate,D:\OASIS_1\distortions_128\brightness_contrast\moderate\Non_Demented\OAS1_0138\OAS1_0138_slice_16_z078.png,Non_Demented/OAS1_0138/OAS1_0138_slice_16_z078.png,Non-Demented/OAS1_0138/OAS1_0138_slice_16_z078.png,OAS1_0138,Non-Demented,0,0,Non-Demented,1,0.5638186465640099,0.29088863718701163,0.14529271624897894,0.0
OASIS_1,RandomForest,13,test,brightness_contrast__moderate,brightness_contrast,moderate,D:\OASIS_1\distortions_128\brightness_contrast\moderate\Non_Demented\OAS1_0138\OAS1_0138_slice_17_z081.png,Non_Demented/OAS1_0138/OAS1_0138_slice_17_z081.png,Non-Demented/OAS1_0138/OAS1_0138_slice_17_z081.png,OAS1_0138,Non-Demented,0,1,Very Mild Dementia,0,0.36919875623273807,0.38573345985911334,0.24506778390814873,0.0
OASIS_1,RandomForest,13,test,brightness_contrast__moderate,brightness_contrast,moderate,D:\OASIS_1\distortions_128\brightness_contrast\moderate\Non_Demented\OAS1_0138\OAS1_0138_slice_18_z084.png,Non_Demented/OAS1_0138/OAS1_0138_slice_18_z084.png,Non-Demented/OAS1_0138/OAS1_0138_slice_18_z084.png,OAS1_0138,Non-Demented,0,1,Very Mild Dementia,0,0.34506862155963064,0.4597188324935511,0.19521254594681792,0.0
OASIS_1,RandomForest,13,test,brightness_contrast__moderate,brightness_contrast,moderate,D:\OASIS_1\distortions_128\brightness_contrast\moderate\Non_Demented\OAS1_0138\OAS1_0138_slice_19_z086.png,Non_Demented/OAS1_0138/OAS1_0138_slice_19_z086.png,Non-Demented/OAS1_0138/OAS1_0138_slice_19_z086.png,OAS1_0138,Non-Demented,0,1,Very Mild Dementia,0,0.2905309251516323,0.6185713451798709,0.09089772966849714,0.0
OASIS_1,RandomForest,13,test,brightness_contrast__moderate,brightness_contrast,moderate,D:\OASIS_1\distortions_128\brightness_contrast\moderate\Non_Demented\OAS1_0138\OAS1_0138_slice_20_z089.png,Non_Demented/OAS1_0138/OAS1_0138_slice_20_z089.png,Non-Demented/OAS1_0138/OAS1_0138_slice_20_z089.png,OAS1_0138,Non-Demented,0,1,Very Mild Dementia,0,0.30824144794429037,0.5685008349557877,0.12325771709992216,0.0
OASIS_1,RandomForest,13,test,brightness_contrast__moderate,brightness_contrast,moderate,D:\OASIS_1\distortions_128\brightness_contrast\moderate\Non_Demented\OAS1_0180\OAS1_0180_slice_01_z038.png,Non_Demented/OAS1_0180/OAS1_0180_slice_01_z038.png,Non-Demented/OAS1_0180/OAS1_0180_slice_01_z038.png,OAS1_0180,Non-Demented,0,3,Moderate Dementia,0,0.3377744898046421,0.11193264280456044,0.15695953405746413,0.3933333333333333
OASIS_1,RandomForest,13,test,brightness_contrast__moderate,brightness_contrast,moderate,D:\OASIS_1\distortions_128\brightness_contrast\moderate\Non_Demented\OAS1_0180\OAS1_0180_slice_02_z041.png,Non_Demented/OAS1_0180/OAS1_0180_slice_02_z041.png,Non-Demented/OAS1_0180/OAS1_0180_slice_02_z041.png,OAS1_0180,Non-Demented,0,1,Very Mild Dementia,0,0.44344439890968335,0.5193579510465618,0.03719765004375524,0.0
OASIS_1,RandomForest,13,test,brightness_contrast__moderate,brightness_contrast,moderate,D:\OASIS_1\distortions_128\brightness_contrast\moderate\Non_Demented\OAS1_0180\OAS1_0180_slice_03_z043.png,Non_Demented/OAS1_0180/OAS1_0180_slice_03_z043.png,Non-Demented/OAS1_0180/OAS1_0180_slice_03_z043.png,OAS1_0180,Non-Demented,0,3,Moderate Dementia,0,0.33677197593888875,0.09957541426178199,0.16698594313266268,0.39666666666666667
OASIS_1,RandomForest,13,test,brightness_contrast__moderate,brightness_contrast,moderate,D:\OASIS_1\distortions_128\brightness_contrast\moderate\Non_Demented\OAS1_0180\OAS1_0180_slice_04_z046.png,Non_Demented/OAS1_0180/OAS1_0180_slice_04_z046.png,Non-Demented/OAS1_0180/OAS1_0180_slice_04_z046.png,OAS1_0180,Non-Demented,0,1,Very Mild Dementia,0,0.3173012211252289,0.6158272975259003,0.06687148134887078,0.0
OASIS_1,RandomForest,13,test,brightness_contrast__moderate,brightness_contrast,moderate,D:\OASIS_1\distortions_128\brightness_contrast\moderate\Non_Demented\OAS1_0180\OAS1_0180_slice_05_z049.png,Non_Demented/OAS1_0180/OAS1_0180_slice_05_z049.png,Non-Demented/OAS1_0180/OAS1_0180_slice_05_z049.png,OAS1_0180,Non-Demented,0,3,Moderate Dementia,0,0.32883240658962026,0.11425867950978784,0.1835755805672586,0.37333333333333335
OASIS_1,RandomForest,13,test,brightness_contrast__moderate,brightness_contrast,moderate,D:\OASIS_1\distortions_128\brightness_contrast\moderate\Non_Demented\OAS1_0180\OAS1_0180_slice_06_z051.png,Non_Demented/OAS1_0180/OAS1_0180_slice_06_z051.png,Non-Demented/OAS1_0180/OAS1_0180_slice_06_z051.png,OAS1_0180,Non-Demented,0,1,Very Mild Dementia,0,0.33339518391819195,0.6148789997469088,0.05172581633489945,0.0
OASIS_1,RandomForest,13,test,brightness_contrast__moderate,brightness_contrast,moderate,D:\OASIS_1\distortions_128\brightness_contrast\moderate\Non_Demented\OAS1_0180\OAS1_0180_slice_07_z054.png,Non_Demented/OAS1_0180/OAS1_0180_slice_07_z054.png,Non-Demented/OAS1_0180/OAS1_0180_slice_07_z054.png,OAS1_0180,Non-Demented,0,1,Very Mild Dementia,0,0.3760186890451431,0.5741770557367125,0.04980425521814461,0.0
OASIS_1,RandomForest,13,test,brightness_contrast__moderate,brightness_contrast,moderate,D:\OASIS_1\distortions_128\brightness_contrast\moderate\Non_Demented\OAS1_0180\OAS1_0180_slice_08_z057.png,Non_Demented/OAS1_0180/OAS1_0180_slice_08_z057.png,Non-Demented/OAS1_0180/OAS1_0180_slice_08_z057.png,OAS1_0180,Non-Demented,0,3,Moderate Dementia,0,0.28589843424809974,0.12040517684060366,0.16702972224462992,0.4266666666666667
OASIS_1,RandomForest,13,test,brightness_contrast__moderate,brightness_contrast,moderate,D:\OASIS_1\distortions_128\brightness_contrast\moderate\Non_Demented\OAS1_0180\OAS1_0180_slice_09_z059.png,Non_Demented/OAS1_0180/OAS1_0180_slice_09_z059.png,Non-Demented/OAS1_0180/OAS1_0180_slice_09_z059.png,OAS1_0180,Non-Demented,0,0,Non-Demented,1,0.5550385793723404,0.4271155227970711,0.017845897830588552,0.0
OASIS_1,RandomForest,13,test,brightness_contrast__moderate,brightness_contrast,moderate,D:\OASIS_1\distortions_128\brightness_contrast\moderate\Non_Demented\OAS1_0180\OAS1_0180_slice_10_z062.png,Non_Demented/OAS1_0180/OAS1_0180_slice_10_z062.png,Non-Demented/OAS1_0180/OAS1_0180_slice_10_z062.png,OAS1_0180,Non-Demented,0,3,Moderate Dementia,0,0.319418259516917,0.1002186849051198,0.16036305557796324,0.42
OASIS_1,RandomForest,13,test,brightness_contrast__moderate,brightness_contrast,moderate,D:\OASIS_1\distortions_128\brightness_contrast\moderate\Non_Demented\OAS1_0180\OAS1_0180_slice_11_z065.png,Non_Demented/OAS1_0180/OAS1_0180_slice_11_z065.png,Non-Demented/OAS1_0180/OAS1_0180_slice_11_z065.png,OAS1_0180,Non-Demented,0,3,Moderate Dementia,0,0.2957688648798331,0.10749356989311423,0.15340423189371938,0.44333333333333336
OASIS_1,RandomForest,13,test,brightness_contrast__moderate,brightness_contrast,moderate,D:\OASIS_1\distortions_128\brightness_contrast\moderate\Non_Demented\OAS1_0180\OAS1_0180_slice_12_z068.png,Non_Demented/OAS1_0180/OAS1_0180_slice_12_z068.png,Non-Demented/OAS1_0180/OAS1_0180_slice_12_z068.png,OAS1_0180,Non-Demented,0,3,Moderate Dementia,0,0.31741402997346846,0.1351410956925587,0.15411154100063942,0.3933333333333333
OASIS_1,RandomForest,13,test,brightness_contrast__moderate,brightness_contrast,moderate,D:\OASIS_1\distortions_128\brightness_contrast\moderate\Non_Demented\OAS1_0180\OAS1_0180_slice_13_z070.png,Non_Demented/OAS1_0180/OAS1_0180_slice_13_z070.png,Non-Demented/OAS1_0180/OAS1_0180_slice_13_z070.png,OAS1_0180,Non-Demented,0,3,Moderate Dementia,0,0.3291287235063289,0.11017949649363928,0.1573584466666985,0.4033333333333333
OASIS_1,RandomForest,13,test,brightness_contrast__moderate,brightness_contrast,moderate,D:\OASIS_1\distortions_128\brightness_contrast\moderate\Non_Demented\OAS1_0180\OAS1_0180_slice_14_z073.png,Non_Demented/OAS1_0180/OAS1_0180_slice_14_z073.png,Non-Demented/OAS1_0180/OAS1_0180_slice_14_z073.png,OAS1_0180,Non-Demented,0,3,Moderate Dementia,0,0.3208945075972721,0.10920503019754316,0.1699004622051847,0.4
OASIS_1,RandomForest,13,test,brightness_contrast__moderate,brightness_contrast,moderate,D:\OASIS_1\distortions_128\brightness_contrast\moderate\Non_Demented\OAS1_0180\OAS1_0180_slice_15_z076.png,Non_Demented/OAS1_0180/OAS1_0180_slice_15_z076.png,Non-Demented/OAS1_0180/OAS1_0180_slice_15_z076.png,OAS1_0180,Non-Demented,0,0,Non-Demented,1,0.5828965509067283,0.394583800223,0.022519648870271358,0.0
OASIS_1,RandomForest,13,test,brightness_contrast__moderate,brightness_contrast,moderate,D:\OASIS_1\distortions_128\brightness_contrast\moderate\Non_Demented\OAS1_0180\OAS1_0180_slice_16_z078.png,Non_Demented/OAS1_0180/OAS1_0180_slice_16_z078.png,Non-Demented/OAS1_0180/OAS1_0180_slice_16_z078.png,OAS1_0180,Non-Demented,0,1,Very Mild Dementia,0,0.34498630651190765,0.5985534209287844,0.0564602725593082,0.0
OASIS_1,RandomForest,13,test,brightness_contrast__moderate,brightness_contrast,moderate,D:\OASIS_1\distortions_128\brightness_contrast\moderate\Non_Demented\OAS1_0180\OAS1_0180_slice_17_z081.png,Non_Demented/OAS1_0180/OAS1_0180_slice_17_z081.png,Non-Demented/OAS1_0180/OAS1_0180_slice_17_z081.png,OAS1_0180,Non-Demented,0,3,Moderate Dementia,0,0.35291881237186123,0.10938282226081313,0.14769836536732567,0.39
OASIS_1,RandomForest,13,test,brightness_contrast__moderate,brightness_contrast,moderate,D:\OASIS_1\distortions_128\brightness_contrast\moderate\Non_Demented\OAS1_0180\OAS1_0180_slice_18_z084.png,Non_Demented/OAS1_0180/OAS1_0180_slice_18_z084.png,Non-Demented/OAS1_0180/OAS1_0180_slice_18_z084.png,OAS1_0180,Non-Demented,0,1,Very Mild Dementia,0,0.3312144630926488,0.5916937409448777,0.07709179596247376,0.0
OASIS_1,RandomForest,13,test,brightness_contrast__moderate,brightness_contrast,moderate,D:\OASIS_1\distortions_128\brightness_contrast\moderate\Non_Demented\OAS1_0180\OAS1_0180_slice_19_z086.png,Non_Demented/OAS1_0180/OAS1_0180_slice_19_z086.png,Non-Demented/OAS1_0180/OAS1_0180_slice_19_z086.png,OAS1_0180,Non-Demented,0,3,Moderate Dementia,0,0.3073615447676048,0.11996567197079258,0.18600611659493593,0.38666666666666666
OASIS_1,RandomForest,13,test,brightness_contrast__moderate,brightness_contrast,moderate,D:\OASIS_1\distortions_128\brightness_contrast\moderate\Non_Demented\OAS1_0180\OAS1_0180_slice_20_z089.png,Non_Demented/OAS1_0180/OAS1_0180_slice_20_z089.png,Non-Demented/OAS1_0180/OAS1_0180_slice_20_z089.png,OAS1_0180,Non-Demented,0,0,Non-Demented,1,0.5436826483814298,0.4337774359286229,0.022539915689947298,0.0
OASIS_1,RandomForest,13,test,brightness_contrast__moderate,brightness_contrast,moderate,D:\OASIS_1\distortions_128\brightness_contrast\moderate\Non_Demented\OAS1_0181\OAS1_0181_slice_01_z038.png,Non_Demented/OAS1_0181/OAS1_0181_slice_01_z038.png,Non-Demented/OAS1_0181/OAS1_0181_slice_01_z038.png,OAS1_0181,Non-Demented,0,0,Non-Demented,1,0.6454976907238084,0.27414685578954984,0.08035545348664211,0.0
OASIS_1,RandomForest,13,test,brightness_contrast__moderate,brightness_contrast,moderate,D:\OASIS_1\distortions_128\brightness_contrast\moderate\Non_Demented\OAS1_0181\OAS1_0181_slice_02_z041.png,Non_Demented/OAS1_0181/OAS1_0181_slice_02_z041.png,Non-Demented/OAS1_0181/OAS1_0181_slice_02_z041.png,OAS1_0181,Non-Demented,0,1,Very Mild Dementia,0,0.3855746068943334,0.4813187866689477,0.13310660643671898,0.0
OASIS_1,RandomForest,13,test,brightness_contrast__moderate,brightness_contrast,moderate,D:\OASIS_1\distortions_128\brightness_contrast\moderate\Non_Demented\OAS1_0181\OAS1_0181_slice_03_z043.png,Non_Demented/OAS1_0181/OAS1_0181_slice_03_z043.png,Non-Demented/OAS1_0181/OAS1_0181_slice_03_z043.png,OAS1_0181,Non-Demented,0,0,Non-Demented,1,0.4182704282633629,0.11114660386197028,0.11391630120800011,0.3566666666666667
OASIS_1,RandomForest,13,test,brightness_contrast__moderate,brightness_contrast,moderate,D:\OASIS_1\distortions_128\brightness_contrast\moderate\Non_Demented\OAS1_0181\OAS1_0181_slice_04_z046.png,Non_Demented/OAS1_0181/OAS1_0181_slice_04_z046.png,Non-Demented/OAS1_0181/OAS1_0181_slice_04_z046.png,OAS1_0181,Non-Demented,0,0,Non-Demented,1,0.6631309475051346,0.28927665359617094,0.04759239889869463,0.0
OASIS_1,RandomForest,13,test,brightness_contrast__moderate,brightness_contrast,moderate,D:\OASIS_1\distortions_128\brightness_contrast\moderate\Non_Demented\OAS1_0181\OAS1_0181_slice_05_z049.png,Non_Demented/OAS1_0181/OAS1_0181_slice_05_z049.png,Non-Demented/OAS1_0181/OAS1_0181_slice_05_z049.png,OAS1_0181,Non-Demented,0,0,Non-Demented,1,0.5409167816964717,0.36911385812298275,0.08996936018054595,0.0
OASIS_1,RandomForest,13,test,brightness_contrast__moderate,brightness_contrast,moderate,D:\OASIS_1\distortions_128\brightness_contrast\moderate\Non_Demented\OAS1_0181\OAS1_0181_slice_06_z051.png,Non_Demented/OAS1_0181/OAS1_0181_slice_06_z051.png,Non-Demented/OAS1_0181/OAS1_0181_slice_06_z051.png,OAS1_0181,Non-Demented,0,0,Non-Demented,1,0.46093989516362427,0.41509336499698773,0.1239667398393882,0.0
OASIS_1,RandomForest,13,test,brightness_contrast__moderate,brightness_contrast,moderate,D:\OASIS_1\distortions_128\brightness_contrast\moderate\Non_Demented\OAS1_0181\OAS1_0181_slice_07_z054.png,Non_Demented/OAS1_0181/OAS1_0181_slice_07_z054.png,Non-Demented/OAS1_0181/OAS1_0181_slice_07_z054.png,OAS1_0181,Non-Demented,0,0,Non-Demented,1,0.5829551867838244,0.3449012457536822,0.0688102341291602,0.0033333333333333335
OASIS_1,RandomForest,13,test,brightness_contrast__moderate,brightness_contrast,moderate,D:\OASIS_1\distortions_128\brightness_contrast\moderate\Non_Demented\OAS1_0181\OAS1_0181_slice_08_z057.png,Non_Demented/OAS1_0181/OAS1_0181_slice_08_z057.png,Non-Demented/OAS1_0181/OAS1_0181_slice_08_z057.png,OAS1_0181,Non-Demented,0,1,Very Mild Dementia,0,0.42553065525040745,0.4431613361865691,0.13130800856302335,0.0
OASIS_1,RandomForest,13,test,brightness_contrast__moderate,brightness_contrast,moderate,D:\OASIS_1\distortions_128\brightness_contrast\moderate\Non_Demented\OAS1_0181\OAS1_0181_slice_09_z059.png,Non_Demented/OAS1_0181/OAS1_0181_slice_09_z059.png,Non-Demented/OAS1_0181/OAS1_0181_slice_09_z059.png,OAS1_0181,Non-Demented,0,0,Non-Demented,1,0.5256896856294279,0.36009839430235097,0.11421192006822146,0.0
OASIS_1,RandomForest,13,test,brightness_contrast__moderate,brightness_contrast,moderate,D:\OASIS_1\distortions_128\brightness_contrast\moderate\Non_Demented\OAS1_0181\OAS1_0181_slice_10_z062.png,Non_Demented/OAS1_0181/OAS1_0181_slice_10_z062.png,Non-Demented/OAS1_0181/OAS1_0181_slice_10_z062.png,OAS1_0181,Non-Demented,0,0,Non-Demented,1,0.5969000114481728,0.32029623137436875,0.08280375717745857,0.0
OASIS_1,RandomForest,13,test,brightness_contrast__moderate,brightness_contrast,moderate,D:\OASIS_1\distortions_128\brightness_contrast\moderate\Non_Demented\OAS1_0181\OAS1_0181_slice_11_z065.png,Non_Demented/OAS1_0181/OAS1_0181_slice_11_z065.png,Non-Demented/OAS1_0181/OAS1_0181_slice_11_z065.png,OAS1_0181,Non-Demented,0,0,Non-Demented,1,0.49135300144865873,0.38025575813225304,0.1283912404190885,0.0
OASIS_1,RandomForest,13,test,brightness_contrast__moderate,brightness_contrast,moderate,D:\OASIS_1\distortions_128\brightness_contrast\moderate\Non_Demented\OAS1_0181\OAS1_0181_slice_12_z068.png,Non_Demented/OAS1_0181/OAS1_0181_slice_12_z068.png,Non-Demented/OAS1_0181/OAS1_0181_slice_12_z068.png,OAS1_0181,Non-Demented,0,3,Moderate Dementia,0,0.3017203284390933,0.12417545554419346,0.11743754935004655,0.45666666666666667
OASIS_1,RandomForest,13,test,brightness_contrast__moderate,brightness_contrast,moderate,D:\OASIS_1\distortions_128\brightness_contrast\moderate\Non_Demented\OAS1_0181\OAS1_0181_slice_13_z070.png,Non_Demented/OAS1_0181/OAS1_0181_slice_13_z070.png,Non-Demented/OAS1_0181/OAS1_0181_slice_13_z070.png,OAS1_0181,Non-Demented,0,1,Very Mild Dementia,0,0.40678928612067256,0.43739920764637996,0.15581150623294746,0.0
OASIS_1,RandomForest,13,test,brightness_contrast__moderate,brightness_contrast,moderate,D:\OASIS_1\distortions_128\brightness_contrast\moderate\Non_Demented\OAS1_0181\OAS1_0181_slice_14_z073.png,Non_Demented/OAS1_0181/OAS1_0181_slice_14_z073.png,Non-Demented/OAS1_0181/OAS1_0181_slice_14_z073.png,OAS1_0181,Non-Demented,0,1,Very Mild Dementia,0,0.4164298402934237,0.4509312992702445,0.1326388604363316,0.0
OASIS_1,RandomForest,13,test,brightness_contrast__moderate,brightness_contrast,moderate,D:\OASIS_1\distortions_128\brightness_contrast\moderate\Non_Demented\OAS1_0181\OAS1_0181_slice_15_z076.png,Non_Demented/OAS1_0181/OAS1_0181_slice_15_z076.png,Non-Demented/OAS1_0181/OAS1_0181_slice_15_z076.png,OAS1_0181,Non-Demented,0,0,Non-Demented,1,0.4003369324149193,0.12268587517216752,0.16364385907957985,0.31333333333333335
OASIS_1,RandomForest,13,test,brightness_contrast__moderate,brightness_contrast,moderate,D:\OASIS_1\distortions_128\brightness_contrast\moderate\Non_Demented\OAS1_0181\OAS1_0181_slice_16_z078.png,Non_Demented/OAS1_0181/OAS1_0181_slice_16_z078.png,Non-Demented/OAS1_0181/OAS1_0181_slice_16_z078.png,OAS1_0181,Non-Demented,0,0,Non-Demented,1,0.42597065225052705,0.13032248265979934,0.13037353175634026,0.31333333333333335
OASIS_1,RandomForest,13,test,brightness_contrast__moderate,brightness_contrast,moderate,D:\OASIS_1\distortions_128\brightness_contrast\moderate\Non_Demented\OAS1_0181\OAS1_0181_slice_17_z081.png,Non_Demented/OAS1_0181/OAS1_0181_slice_17_z081.png,Non-Demented/OAS1_0181/OAS1_0181_slice_17_z081.png,OAS1_0181,Non-Demented,0,0,Non-Demented,1,0.4630041012048114,0.4465291718079413,0.09046672698724742,0.0
OASIS_1,RandomForest,13,test,brightness_contrast__moderate,brightness_contrast,moderate,D:\OASIS_1\distortions_128\brightness_contrast\moderate\Non_Demented\OAS1_0181\OAS1_0181_slice_18_z084.png,Non_Demented/OAS1_0181/OAS1_0181_slice_18_z084.png,Non-Demented/OAS1_0181/OAS1_0181_slice_18_z084.png,OAS1_0181,Non-Demented,0,1,Very Mild Dementia,0,0.3784234947123066,0.49881280659130967,0.12276369869638401,0.0
OASIS_1,RandomForest,13,test,brightness_contrast__moderate,brightness_contrast,moderate,D:\OASIS_1\distortions_128\brightness_contrast\moderate\Non_Demented\OAS1_0181\OAS1_0181_slice_19_z086.png,Non_Demented/OAS1_0181/OAS1_0181_slice_19_z086.png,Non-Demented/OAS1_0181/OAS1_0181_slice_19_z086.png,OAS1_0181,Non-Demented,0,0,Non-Demented,1,0.5081108415499916,0.38644128431739766,0.10544787413261099,0.0
OASIS_1,RandomForest,13,test,brightness_contrast__moderate,brightness_contrast,moderate,D:\OASIS_1\distortions_128\brightness_contrast\moderate\Non_Demented\OAS1_0181\OAS1_0181_slice_20_z089.png,Non_Demented/OAS1_0181/OAS1_0181_slice_20_z089.png,Non-Demented/OAS1_0181/OAS1_0181_slice_20_z089.png,OAS1_0181,Non-Demented,0,0,Non-Demented,1,0.6531692657636127,0.2729292082903059,0.07390152594608178,0.0
OASIS_1,RandomForest,13,test,brightness_contrast__moderate,brightness_contrast,moderate,D:\OASIS_1\distortions_128\brightness_contrast\moderate\Non_Demented\OAS1_0262\OAS1_0262_slice_01_z038.png,Non_Demented/OAS1_0262/OAS1_0262_slice_01_z038.png,Non-Demented/OAS1_0262/OAS1_0262_slice_01_z038.png,OAS1_0262,Non-Demented,0,0,Non-Demented,1,0.616598054175452,0.29013047487605387,0.08993813761516056,0.0033333333333333335
OASIS_1,RandomForest,13,test,brightness_contrast__moderate,brightness_contrast,moderate,D:\OASIS_1\distortions_128\brightness_contrast\moderate\Non_Demented\OAS1_0262\OAS1_0262_slice_02_z041.png,Non_Demented/OAS1_0262/OAS1_0262_slice_02_z041.png,Non-Demented/OAS1_0262/OAS1_0262_slice_02_z041.png,OAS1_0262,Non-Demented,0,1,Very Mild Dementia,0,0.4453630065178273,0.45994146778766276,0.09469552569451005,0.0
OASIS_1,RandomForest,13,test,brightness_contrast__moderate,brightness_contrast,moderate,D:\OASIS_1\distortions_128\brightness_contrast\moderate\Non_Demented\OAS1_0262\OAS1_0262_slice_03_z043.png,Non_Demented/OAS1_0262/OAS1_0262_slice_03_z043.png,Non-Demented/OAS1_0262/OAS1_0262_slice_03_z043.png,OAS1_0262,Non-Demented,0,0,Non-Demented,1,0.6629531219684436,0.25550789304285476,0.08153898498870144,0.0
OASIS_1,RandomForest,13,test,brightness_contrast__moderate,brightness_contrast,moderate,D:\OASIS_1\distortions_128\brightness_contrast\moderate\Non_Demented\OAS1_0262\OAS1_0262_slice_04_z046.png,Non_Demented/OAS1_0262/OAS1_0262_slice_04_z046.png,Non-Demented/OAS1_0262/OAS1_0262_slice_04_z046.png,OAS1_0262,Non-Demented,0,0,Non-Demented,1,0.6829948211743646,0.23469708798407604,0.07897475750822626,0.0033333333333333335
OASIS_1,RandomForest,13,test,brightness_contrast__moderate,brightness_contrast,moderate,D:\OASIS_1\distortions_128\brightness_contrast\moderate\Non_Demented\OAS1_0262\OAS1_0262_slice_05_z049.png,Non_Demented/OAS1_0262/OAS1_0262_slice_05_z049.png,Non-Demented/OAS1_0262/OAS1_0262_slice_05_z049.png,OAS1_0262,Non-Demented,0,0,Non-Demented,1,0.6770255314567337,0.25588310413219884,0.0604246977444008,0.006666666666666667
OASIS_1,RandomForest,13,test,brightness_contrast__moderate,brightness_contrast,moderate,D:\OASIS_1\distortions_128\brightness_contrast\moderate\Non_Demented\OAS1_0262\OAS1_0262_slice_06_z051.png,Non_Demented/OAS1_0262/OAS1_0262_slice_06_z051.png,Non-Demented/OAS1_0262/OAS1_0262_slice_06_z051.png,OAS1_0262,Non-Demented,0,3,Moderate Dementia,0,0.3724887974394273,0.1071262083706477,0.14371832752325836,0.37666666666666665
OASIS_1,RandomForest,13,test,brightness_contrast__moderate,brightness_contrast,moderate,D:\OASIS_1\distortions_128\brightness_contrast\moderate\Non_Demented\OAS1_0262\OAS1_0262_slice_07_z054.png,Non_Demented/OAS1_0262/OAS1_0262_slice_07_z054.png,Non-Demented/OAS1_0262/OAS1_0262_slice_07_z054.png,OAS1_0262,Non-Demented,0,0,Non-Demented,1,0.7056175415704642,0.19383529257411755,0.10054716585541892,0.0
OASIS_1,RandomForest,13,test,brightness_contrast__moderate,brightness_contrast,moderate,D:\OASIS_1\distortions_128\brightness_contrast\moderate\Non_Demented\OAS1_0262\OAS1_0262_slice_08_z057.png,Non_Demented/OAS1_0262/OAS1_0262_slice_08_z057.png,Non-Demented/OAS1_0262/OAS1_0262_slice_08_z057.png,OAS1_0262,Non-Demented,0,0,Non-Demented,1,0.4460299602719464,0.44504247777969264,0.10559422861502755,0.0033333333333333335
OASIS_1,RandomForest,13,test,brightness_contrast__moderate,brightness_contrast,moderate,D:\OASIS_1\distortions_128\brightness_contrast\moderate\Non_Demented\OAS1_0262\OAS1_0262_slice_09_z059.png,Non_Demented/OAS1_0262/OAS1_0262_slice_09_z059.png,Non-Demented/OAS1_0262/OAS1_0262_slice_09_z059.png,OAS1_0262,Non-Demented,0,1,Very Mild Dementia,0,0.41263068180394247,0.47386159121802557,0.11017439364469868,0.0033333333333333335
OASIS_1,RandomForest,13,test,brightness_contrast__moderate,brightness_contrast,moderate,D:\OASIS_1\distortions_128\brightness_contrast\moderate\Non_Demented\OAS1_0262\OAS1_0262_slice_10_z062.png,Non_Demented/OAS1_0262/OAS1_0262_slice_10_z062.png,Non-Demented/OAS1_0262/OAS1_0262_slice_10_z062.png,OAS1_0262,Non-Demented,0,0,Non-Demented,1,0.47549196711938485,0.2754602507353994,0.2490477821452158,0.0
OASIS_1,RandomForest,13,test,brightness_contrast__moderate,brightness_contrast,moderate,D:\OASIS_1\distortions_128\brightness_contrast\moderate\Non_Demented\OAS1_0262\OAS1_0262_slice_11_z065.png,Non_Demented/OAS1_0262/OAS1_0262_slice_11_z065.png,Non-Demented/OAS1_0262/OAS1_0262_slice_11_z065.png,OAS1_0262,Non-Demented,0,1,Very Mild Dementia,0,0.357696087023288,0.5312060247474407,0.10776455489593831,0.0033333333333333335
OASIS_1,RandomForest,13,test,brightness_contrast__moderate,brightness_contrast,moderate,D:\OASIS_1\distortions_128\brightness_contrast\moderate\Non_Demented\OAS1_0262\OAS1_0262_slice_12_z068.png,Non_Demented/OAS1_0262/OAS1_0262_slice_12_z068.png,Non-Demented/OAS1_0262/OAS1_0262_slice_12_z068.png,OAS1_0262,Non-Demented,0,0,Non-Demented,1,0.5015352126539271,0.2914264448295929,0.20703834251647985,0.0
OASIS_1,RandomForest,13,test,brightness_contrast__moderate,brightness_contrast,moderate,D:\OASIS_1\distortions_128\brightness_contrast\moderate\Non_Demented\OAS1_0262\OAS1_0262_slice_13_z070.png,Non_Demented/OAS1_0262/OAS1_0262_slice_13_z070.png,Non-Demented/OAS1_0262/OAS1_0262_slice_13_z070.png,OAS1_0262,Non-Demented,0,1,Very Mild Dementia,0,0.3977040537035642,0.4956711910308523,0.10329142193225062,0.0033333333333333335
OASIS_1,RandomForest,13,test,brightness_contrast__moderate,brightness_contrast,moderate,D:\OASIS_1\distortions_128\brightness_contrast\moderate\Non_Demented\OAS1_0262\OAS1_0262_slice_14_z073.png,Non_Demented/OAS1_0262/OAS1_0262_slice_14_z073.png,Non-Demented/OAS1_0262/OAS1_0262_slice_14_z073.png,OAS1_0262,Non-Demented,0,3,Moderate Dementia,0,0.3600260329790279,0.11213953054685999,0.14116776980744553,0.38666666666666666
OASIS_1,RandomForest,13,test,brightness_contrast__moderate,brightness_contrast,moderate,D:\OASIS_1\distortions_128\brightness_contrast\moderate\Non_Demented\OAS1_0262\OAS1_0262_slice_15_z076.png,Non_Demented/OAS1_0262/OAS1_0262_slice_15_z076.png,Non-Demented/OAS1_0262/OAS1_0262_slice_15_z076.png,OAS1_0262,Non-Demented,0,1,Very Mild Dementia,0,0.3919043946724182,0.5380074756249683,0.06675479636928064,0.0033333333333333335
OASIS_1,RandomForest,13,test,brightness_contrast__moderate,brightness_contrast,moderate,D:\OASIS_1\distortions_128\brightness_contrast\moderate\Non_Demented\OAS1_0262\OAS1_0262_slice_16_z078.png,Non_Demented/OAS1_0262/OAS1_0262_slice_16_z078.png,Non-Demented/OAS1_0262/OAS1_0262_slice_16_z078.png,OAS1_0262,Non-Demented,0,3,Moderate Dementia,0,0.3256806767734839,0.1062486656248555,0.1780706576016606,0.39
OASIS_1,RandomForest,13,test,brightness_contrast__moderate,brightness_contrast,moderate,D:\OASIS_1\distortions_128\brightness_contrast\moderate\Non_Demented\OAS1_0262\OAS1_0262_slice_17_z081.png,Non_Demented/OAS1_0262/OAS1_0262_slice_17_z081.png,Non-Demented/OAS1_0262/OAS1_0262_slice_17_z081.png,OAS1_0262,Non-Demented,0,3,Moderate Dementia,0,0.3346280848282356,0.11761438566637109,0.16442419617206003,0.38333333333333336
OASIS_1,RandomForest,13,test,brightness_contrast__moderate,brightness_contrast,moderate,D:\OASIS_1\distortions_128\brightness_contrast\moderate\Non_Demented\OAS1_0262\OAS1_0262_slice_18_z084.png,Non_Demented/OAS1_0262/OAS1_0262_slice_18_z084.png,Non-Demented/OAS1_0262/OAS1_0262_slice_18_z084.png,OAS1_0262,Non-Demented,0,1,Very Mild Dementia,0,0.4293524258787546,0.47570373223836715,0.09494384188287797,0.0
OASIS_1,RandomForest,13,test,brightness_contrast__moderate,brightness_contrast,moderate,D:\OASIS_1\distortions_128\brightness_contrast\moderate\Non_Demented\OAS1_0262\OAS1_0262_slice_19_z086.png,Non_Demented/OAS1_0262/OAS1_0262_slice_19_z086.png,Non-Demented/OAS1_0262/OAS1_0262_slice_19_z086.png,OAS1_0262,Non-Demented,0,0,Non-Demented,1,0.5072970258680715,0.42114076047962057,0.07156221365230762,0.0
OASIS_1,RandomForest,13,test,brightness_contrast__moderate,brightness_contrast,moderate,D:\OASIS_1\distortions_128\brightness_contrast\moderate\Non_Demented\OAS1_0262\OAS1_0262_slice_20_z089.png,Non_Demented/OAS1_0262/OAS1_0262_slice_20_z089.png,Non-Demented/OAS1_0262/OAS1_0262_slice_20_z089.png,OAS1_0262,Non-Demented,0,1,Very Mild Dementia,0,0.3926357169157293,0.5441059171656293,0.06325836591864163,0.0
OASIS_1,RandomForest,13,test,brightness_contrast__moderate,brightness_contrast,moderate,D:\OASIS_1\distortions_128\brightness_contrast\moderate\Non_Demented\OAS1_0266\OAS1_0266_slice_01_z038.png,Non_Demented/OAS1_0266/OAS1_0266_slice_01_z038.png,Non-Demented/OAS1_0266/OAS1_0266_slice_01_z038.png,OAS1_0266,Non-Demented,0,0,Non-Demented,1,0.48071076015384906,0.4232054525578165,0.09608378728833444,0.0
OASIS_1,RandomForest,13,test,brightness_contrast__moderate,brightness_contrast,moderate,D:\OASIS_1\distortions_128\brightness_contrast\moderate\Non_Demented\OAS1_0266\OAS1_0266_slice_02_z041.png,Non_Demented/OAS1_0266/OAS1_0266_slice_02_z041.png,Non-Demented/OAS1_0266/OAS1_0266_slice_02_z041.png,OAS1_0266,Non-Demented,0,0,Non-Demented,1,0.4672768066133395,0.4419262944629948,0.09079689892366576,0.0
OASIS_1,RandomForest,13,test,brightness_contrast__moderate,brightness_contrast,moderate,D:\OASIS_1\distortions_128\brightness_contrast\moderate\Non_Demented\OAS1_0266\OAS1_0266_slice_03_z043.png,Non_Demented/OAS1_0266/OAS1_0266_slice_03_z043.png,Non-Demented/OAS1_0266/OAS1_0266_slice_03_z043.png,OAS1_0266,Non-Demented,0,0,Non-Demented,1,0.6864540352016836,0.23910483289344497,0.06777446523820449,0.006666666666666667
OASIS_1,RandomForest,13,test,brightness_contrast__moderate,brightness_contrast,moderate,D:\OASIS_1\distortions_128\brightness_contrast\moderate\Non_Demented\OAS1_0266\OAS1_0266_slice_04_z046.png,Non_Demented/OAS1_0266/OAS1_0266_slice_04_z046.png,Non-Demented/OAS1_0266/OAS1_0266_slice_04_z046.png,OAS1_0266,Non-Demented,0,0,Non-Demented,1,0.6399093827265971,0.28995798055706684,0.06679930338300248,0.0033333333333333335
OASIS_1,RandomForest,13,test,brightness_contrast__moderate,brightness_contrast,moderate,D:\OASIS_1\distortions_128\brightness_contrast\moderate\Non_Demented\OAS1_0266\OAS1_0266_slice_05_z049.png,Non_Demented/OAS1_0266/OAS1_0266_slice_05_z049.png,Non-Demented/OAS1_0266/OAS1_0266_slice_05_z049.png,OAS1_0266,Non-Demented,0,0,Non-Demented,1,0.3768490439963977,0.11566506752839673,0.1474858884752056,0.36
OASIS_1,RandomForest,13,test,brightness_contrast__moderate,brightness_contrast,moderate,D:\OASIS_1\distortions_128\brightness_contrast\moderate\Non_Demented\OAS1_0266\OAS1_0266_slice_06_z051.png,Non_Demented/OAS1_0266/OAS1_0266_slice_06_z051.png,Non-Demented/OAS1_0266/OAS1_0266_slice_06_z051.png,OAS1_0266,Non-Demented,0,0,Non-Demented,1,0.3837277922572415,0.11545298593421957,0.15081922180853893,0.35
OASIS_1,RandomForest,13,test,brightness_contrast__moderate,brightness_contrast,moderate,D:\OASIS_1\distortions_128\brightness_contrast\moderate\Non_Demented\OAS1_0266\OAS1_0266_slice_07_z054.png,Non_Demented/OAS1_0266/OAS1_0266_slice_07_z054.png,Non-Demented/OAS1_0266/OAS1_0266_slice_07_z054.png,OAS1_0266,Non-Demented,0,0,Non-Demented,1,0.552050855538529,0.29243186006236127,0.15551728439910956,0.0
OASIS_1,RandomForest,13,test,brightness_contrast__moderate,brightness_contrast,moderate,D:\OASIS_1\distortions_128\brightness_contrast\moderate\Non_Demented\OAS1_0266\OAS1_0266_slice_08_z057.png,Non_Demented/OAS1_0266/OAS1_0266_slice_08_z057.png,Non-Demented/OAS1_0266/OAS1_0266_slice_08_z057.png,OAS1_0266,Non-Demented,0,0,Non-Demented,1,0.6132611837531352,0.28101707411157306,0.10238840880195851,0.0033333333333333335
OASIS_1,RandomForest,13,test,brightness_contrast__moderate,brightness_contrast,moderate,D:\OASIS_1\distortions_128\brightness_contrast\moderate\Non_Demented\OAS1_0266\OAS1_0266_slice_09_z059.png,Non_Demented/OAS1_0266/OAS1_0266_slice_09_z059.png,Non-Demented/OAS1_0266/OAS1_0266_slice_09_z059.png,OAS1_0266,Non-Demented,0,3,Moderate Dementia,0,0.3378403186392222,0.10428105233303775,0.11787862902774009,0.44
OASIS_1,RandomForest,13,test,brightness_contrast__moderate,brightness_contrast,moderate,D:\OASIS_1\distortions_128\brightness_contrast\moderate\Non_Demented\OAS1_0266\OAS1_0266_slice_10_z062.png,Non_Demented/OAS1_0266/OAS1_0266_slice_10_z062.png,Non-Demented/OAS1_0266/OAS1_0266_slice_10_z062.png,OAS1_0266,Non-Demented,0,0,Non-Demented,1,0.5336753131499561,0.27486939446819214,0.19145529238185197,0.0
OASIS_1,RandomForest,13,test,brightness_contrast__moderate,brightness_contrast,moderate,D:\OASIS_1\distortions_128\brightness_contrast\moderate\Non_Demented\OAS1_0266\OAS1_0266_slice_11_z065.png,Non_Demented/OAS1_0266/OAS1_0266_slice_11_z065.png,Non-Demented/OAS1_0266/OAS1_0266_slice_11_z065.png,OAS1_0266,Non-Demented,0,0,Non-Demented,1,0.4617648062041718,0.32705006825219335,0.21118512554363505,0.0
OASIS_1,RandomForest,13,test,brightness_contrast__moderate,brightness_contrast,moderate,D:\OASIS_1\distortions_128\brightness_contrast\moderate\Non_Demented\OAS1_0266\OAS1_0266_slice_12_z068.png,Non_Demented/OAS1_0266/OAS1_0266_slice_12_z068.png,Non-Demented/OAS1_0266/OAS1_0266_slice_12_z068.png,OAS1_0266,Non-Demented,0,0,Non-Demented,1,0.41708754168207157,0.39671625271102634,0.18619620560690198,0.0
OASIS_1,RandomForest,13,test,brightness_contrast__moderate,brightness_contrast,moderate,D:\OASIS_1\distortions_128\brightness_contrast\moderate\Non_Demented\OAS1_0266\OAS1_0266_slice_13_z070.png,Non_Demented/OAS1_0266/OAS1_0266_slice_13_z070.png,Non-Demented/OAS1_0266/OAS1_0266_slice_13_z070.png,OAS1_0266,Non-Demented,0,0,Non-Demented,1,0.5596699451880804,0.3163160262671985,0.12068069521138769,0.0033333333333333335
OASIS_1,RandomForest,13,test,brightness_contrast__moderate,brightness_contrast,moderate,D:\OASIS_1\distortions_128\brightness_contrast\moderate\Non_Demented\OAS1_0266\OAS1_0266_slice_14_z073.png,Non_Demented/OAS1_0266/OAS1_0266_slice_14_z073.png,Non-Demented/OAS1_0266/OAS1_0266_slice_14_z073.png,OAS1_0266,Non-Demented,0,3,Moderate Dementia,0,0.32257977951125777,0.09691412677647052,0.1271727603789384,0.4533333333333333
OASIS_1,RandomForest,13,test,brightness_contrast__moderate,brightness_contrast,moderate,D:\OASIS_1\distortions_128\brightness_contrast\moderate\Non_Demented\OAS1_0266\OAS1_0266_slice_15_z076.png,Non_Demented/OAS1_0266/OAS1_0266_slice_15_z076.png,Non-Demented/OAS1_0266/OAS1_0266_slice_15_z076.png,OAS1_0266,Non-Demented,0,0,Non-Demented,1,0.5509857249730985,0.3418119633931836,0.10720231163371785,0.0
OASIS_1,RandomForest,13,test,brightness_contrast__moderate,brightness_contrast,moderate,D:\OASIS_1\distortions_128\brightness_contrast\moderate\Non_Demented\OAS1_0266\OAS1_0266_slice_16_z078.png,Non_Demented/OAS1_0266/OAS1_0266_slice_16_z078.png,Non-Demented/OAS1_0266/OAS1_0266_slice_16_z078.png,OAS1_0266,Non-Demented,0,0,Non-Demented,1,0.6126672474335595,0.26252089846157445,0.12481185410486603,0.0
OASIS_1,RandomForest,13,test,brightness_contrast__moderate,brightness_contrast,moderate,D:\OASIS_1\distortions_128\brightness_contrast\moderate\Non_Demented\OAS1_0266\OAS1_0266_slice_17_z081.png,Non_Demented/OAS1_0266/OAS1_0266_slice_17_z081.png,Non-Demented/OAS1_0266/OAS1_0266_slice_17_z081.png,OAS1_0266,Non-Demented,0,0,Non-Demented,1,0.6430329745031697,0.2571927939402985,0.09977423155653212,0.0
OASIS_1,RandomForest,13,test,brightness_contrast__moderate,brightness_contrast,moderate,D:\OASIS_1\distortions_128\brightness_contrast\moderate\Non_Demented\OAS1_0266\OAS1_0266_slice_18_z084.png,Non_Demented/OAS1_0266/OAS1_0266_slice_18_z084.png,Non-Demented/OAS1_0266/OAS1_0266_slice_18_z084.png,OAS1_0266,Non-Demented,0,0,Non-Demented,1,0.5829049021945639,0.32335780611251913,0.09373729169291661,0.0
OASIS_1,RandomForest,13,test,brightness_contrast__moderate,brightness_contrast,moderate,D:\OASIS_1\distortions_128\brightness_contrast\moderate\Non_Demented\OAS1_0266\OAS1_0266_slice_19_z086.png,Non_Demented/OAS1_0266/OAS1_0266_slice_19_z086.png,Non-Demented/OAS1_0266/OAS1_0266_slice_19_z086.png,OAS1_0266,Non-Demented,0,0,Non-Demented,1,0.6000281067368094,0.25597403870675123,0.14399785455643935,0.0
OASIS_1,RandomForest,13,test,brightness_contrast__moderate,brightness_contrast,moderate,D:\OASIS_1\distortions_128\brightness_contrast\moderate\Non_Demented\OAS1_0266\OAS1_0266_slice_20_z089.png,Non_Demented/OAS1_0266/OAS1_0266_slice_20_z089.png,Non-Demented/OAS1_0266/OAS1_0266_slice_20_z089.png,OAS1_0266,Non-Demented,0,0,Non-Demented,1,0.7147108775061441,0.22647052686341637,0.04881859563043962,0.01
OASIS_1,RandomForest,13,test,brightness_contrast__moderate,brightness_contrast,moderate,D:\OASIS_1\distortions_128\brightness_contrast\moderate\Non_Demented\OAS1_0280\OAS1_0280_slice_01_z038.png,Non_Demented/OAS1_0280/OAS1_0280_slice_01_z038.png,Non-Demented/OAS1_0280/OAS1_0280_slice_01_z038.png,OAS1_0280,Non-Demented,0,0,Non-Demented,1,0.404090919104742,0.2771849197499679,0.3187241611452907,0.0
OASIS_1,RandomForest,13,test,brightness_contrast__moderate,brightness_contrast,moderate,D:\OASIS_1\distortions_128\brightness_contrast\moderate\Non_Demented\OAS1_0280\OAS1_0280_slice_02_z041.png,Non_Demented/OAS1_0280/OAS1_0280_slice_02_z041.png,Non-Demented/OAS1_0280/OAS1_0280_slice_02_z041.png,OAS1_0280,Non-Demented,0,0,Non-Demented,1,0.5470011927983319,0.29031525894381077,0.13268354825785741,0.03
OASIS_1,RandomForest,13,test,brightness_contrast__moderate,brightness_contrast,moderate,D:\OASIS_1\distortions_128\brightness_contrast\moderate\Non_Demented\OAS1_0280\OAS1_0280_slice_03_z043.png,Non_Demented/OAS1_0280/OAS1_0280_slice_03_z043.png,Non-Demented/OAS1_0280/OAS1_0280_slice_03_z043.png,OAS1_0280,Non-Demented,0,0,Non-Demented,1,0.38010540883643296,0.10472248587849,0.13850543861841041,0.37666666666666665
OASIS_1,RandomForest,13,test,brightness_contrast__moderate,brightness_contrast,moderate,D:\OASIS_1\distortions_128\brightness_contrast\moderate\Non_Demented\OAS1_0280\OAS1_0280_slice_04_z046.png,Non_Demented/OAS1_0280/OAS1_0280_slice_04_z046.png,Non-Demented/OAS1_0280/OAS1_0280_slice_04_z046.png,OAS1_0280,Non-Demented,0,0,Non-Demented,1,0.3736617593858499,0.33737930043233455,0.28895894018181567,0.0
OASIS_1,RandomForest,13,test,brightness_contrast__moderate,brightness_contrast,moderate,D:\OASIS_1\distortions_128\brightness_contrast\moderate\Non_Demented\OAS1_0280\OAS1_0280_slice_05_z049.png,Non_Demented/OAS1_0280/OAS1_0280_slice_05_z049.png,Non-Demented/OAS1_0280/OAS1_0280_slice_05_z049.png,OAS1_0280,Non-Demented,0,3,Moderate Dementia,0,0.33500231872159425,0.12609938404449844,0.1688982972339073,0.37
OASIS_1,RandomForest,13,test,brightness_contrast__moderate,brightness_contrast,moderate,D:\OASIS_1\distortions_128\brightness_contrast\moderate\Non_Demented\OAS1_0280\OAS1_0280_slice_06_z051.png,Non_Demented/OAS1_0280/OAS1_0280_slice_06_z051.png,Non-Demented/OAS1_0280/OAS1_0280_slice_06_z051.png,OAS1_0280,Non-Demented,0,3,Moderate Dementia,0,0.33445911404701106,0.12402049542802743,0.17152039052496149,0.37
OASIS_1,RandomForest,13,test,brightness_contrast__moderate,brightness_contrast,moderate,D:\OASIS_1\distortions_128\brightness_contrast\moderate\Non_Demented\OAS1_0280\OAS1_0280_slice_07_z054.png,Non_Demented/OAS1_0280/OAS1_0280_slice_07_z054.png,Non-Demented/OAS1_0280/OAS1_0280_slice_07_z054.png,OAS1_0280,Non-Demented,0,3,Moderate Dementia,0,0.3076154919008091,0.1470866866165302,0.16196448814932732,0.38333333333333336
OASIS_1,RandomForest,13,test,brightness_contrast__moderate,brightness_contrast,moderate,D:\OASIS_1\distortions_128\brightness_contrast\moderate\Non_Demented\OAS1_0280\OAS1_0280_slice_08_z057.png,Non_Demented/OAS1_0280/OAS1_0280_slice_08_z057.png,Non-Demented/OAS1_0280/OAS1_0280_slice_08_z057.png,OAS1_0280,Non-Demented,0,0,Non-Demented,1,0.4367180066488971,0.4095496804198949,0.1537323129312081,0.0
OASIS_1,RandomForest,13,test,brightness_contrast__moderate,brightness_contrast,moderate,D:\OASIS_1\distortions_128\brightness_contrast\moderate\Non_Demented\OAS1_0280\OAS1_0280_slice_09_z059.png,Non_Demented/OAS1_0280/OAS1_0280_slice_09_z059.png,Non-Demented/OAS1_0280/OAS1_0280_slice_09_z059.png,OAS1_0280,Non-Demented,0,0,Non-Demented,1,0.416993208620605,0.37143500974510496,0.21157178163429027,0.0
OASIS_1,RandomForest,13,test,brightness_contrast__moderate,brightness_contrast,moderate,D:\OASIS_1\distortions_128\brightness_contrast\moderate\Non_Demented\OAS1_0280\OAS1_0280_slice_10_z062.png,Non_Demented/OAS1_0280/OAS1_0280_slice_10_z062.png,Non-Demented/OAS1_0280/OAS1_0280_slice_10_z062.png,OAS1_0280,Non-Demented,0,0,Non-Demented,1,0.453180521549437,0.3677059243241757,0.1791135541263872,0.0
OASIS_1,RandomForest,13,test,brightness_contrast__moderate,brightness_contrast,moderate,D:\OASIS_1\distortions_128\brightness_contrast\moderate\Non_Demented\OAS1_0280\OAS1_0280_slice_11_z065.png,Non_Demented/OAS1_0280/OAS1_0280_slice_11_z065.png,Non-Demented/OAS1_0280/OAS1_0280_slice_11_z065.png,OAS1_0280,Non-Demented,0,1,Very Mild Dementia,0,0.35791961230478303,0.4553919419613133,0.18335511240057056,0.0033333333333333335
OASIS_1,RandomForest,13,test,brightness_contrast__moderate,brightness_contrast,moderate,D:\OASIS_1\distortions_128\brightness_contrast\moderate\Non_Demented\OAS1_0280\OAS1_0280_slice_12_z068.png,Non_Demented/OAS1_0280/OAS1_0280_slice_12_z068.png,Non-Demented/OAS1_0280/OAS1_0280_slice_12_z068.png,OAS1_0280,Non-Demented,0,1,Very Mild Dementia,0,0.340150915079593,0.49601767204421254,0.1638314128761948,0.0
OASIS_1,RandomForest,13,test,brightness_contrast__moderate,brightness_contrast,moderate,D:\OASIS_1\distortions_128\brightness_contrast\moderate\Non_Demented\OAS1_0280\OAS1_0280_slice_13_z070.png,Non_Demented/OAS1_0280/OAS1_0280_slice_13_z070.png,Non-Demented/OAS1_0280/OAS1_0280_slice_13_z070.png,OAS1_0280,Non-Demented,0,1,Very Mild Dementia,0,0.3541285146036646,0.4826482854858891,0.16322319991044645,0.0
OASIS_1,RandomForest,13,test,brightness_contrast__moderate,brightness_contrast,moderate,D:\OASIS_1\distortions_128\brightness_contrast\moderate\Non_Demented\OAS1_0280\OAS1_0280_slice_14_z073.png,Non_Demented/OAS1_0280/OAS1_0280_slice_14_z073.png,Non-Demented/OAS1_0280/OAS1_0280_slice_14_z073.png,OAS1_0280,Non-Demented,0,0,Non-Demented,1,0.42235456047887204,0.3746372070567522,0.20300823246437594,0.0
OASIS_1,RandomForest,13,test,brightness_contrast__moderate,brightness_contrast,moderate,D:\OASIS_1\distortions_128\brightness_contrast\moderate\Non_Demented\OAS1_0280\OAS1_0280_slice_15_z076.png,Non_Demented/OAS1_0280/OAS1_0280_slice_15_z076.png,Non-Demented/OAS1_0280/OAS1_0280_slice_15_z076.png,OAS1_0280,Non-Demented,0,3,Moderate Dementia,0,0.31570659845649185,0.15627408473374474,0.15801931680976344,0.37
OASIS_1,RandomForest,13,test,brightness_contrast__moderate,brightness_contrast,moderate,D:\OASIS_1\distortions_128\brightness_contrast\moderate\Non_Demented\OAS1_0280\OAS1_0280_slice_16_z078.png,Non_Demented/OAS1_0280/OAS1_0280_slice_16_z078.png,Non-Demented/OAS1_0280/OAS1_0280_slice_16_z078.png,OAS1_0280,Non-Demented,0,0,Non-Demented,1,0.3920170128124034,0.3611915364605328,0.24679145072706418,0.0
OASIS_1,RandomForest,13,test,brightness_contrast__moderate,brightness_contrast,moderate,D:\OASIS_1\distortions_128\brightness_contrast\moderate\Non_Demented\OAS1_0280\OAS1_0280_slice_17_z081.png,Non_Demented/OAS1_0280/OAS1_0280_slice_17_z081.png,Non-Demented/OAS1_0280/OAS1_0280_slice_17_z081.png,OAS1_0280,Non-Demented,0,3,Moderate Dementia,0,0.3397749750170547,0.13505947259025436,0.1418322190593576,0.38333333333333336
OASIS_1,RandomForest,13,test,brightness_contrast__moderate,brightness_contrast,moderate,D:\OASIS_1\distortions_128\brightness_contrast\moderate\Non_Demented\OAS1_0280\OAS1_0280_slice_18_z084.png,Non_Demented/OAS1_0280/OAS1_0280_slice_18_z084.png,Non-Demented/OAS1_0280/OAS1_0280_slice_18_z084.png,OAS1_0280,Non-Demented,0,1,Very Mild Dementia,0,0.33977535940634523,0.534390125839981,0.1258345147536737,0.0
OASIS_1,RandomForest,13,test,brightness_contrast__moderate,brightness_contrast,moderate,D:\OASIS_1\distortions_128\brightness_contrast\moderate\Non_Demented\OAS1_0280\OAS1_0280_slice_19_z086.png,Non_Demented/OAS1_0280/OAS1_0280_slice_19_z086.png,Non-Demented/OAS1_0280/OAS1_0280_slice_19_z086.png,OAS1_0280,Non-Demented,0,1,Very Mild Dementia,0,0.3797389821924646,0.5255880899948512,0.0946729278126841,0.0
OASIS_1,RandomForest,13,test,brightness_contrast__moderate,brightness_contrast,moderate,D:\OASIS_1\distortions_128\brightness_contrast\moderate\Non_Demented\OAS1_0280\OAS1_0280_slice_20_z089.png,Non_Demented/OAS1_0280/OAS1_0280_slice_20_z089.png,Non-Demented/OAS1_0280/OAS1_0280_slice_20_z089.png,OAS1_0280,Non-Demented,0,0,Non-Demented,1,0.48830513346133275,0.33152423811029436,0.16683729509503928,0.013333333333333334
OASIS_1,RandomForest,13,test,brightness_contrast__moderate,brightness_contrast,moderate,D:\OASIS_1\distortions_128\brightness_contrast\moderate\Non_Demented\OAS1_0309\OAS1_0309_slice_01_z038.png,Non_Demented/OAS1_0309/OAS1_0309_slice_01_z038.png,Non-Demented/OAS1_0309/OAS1_0309_slice_01_z038.png,OAS1_0309,Non-Demented,0,0,Non-Demented,1,0.5260912836652308,0.462220746069193,0.011687970265576098,0.0
OASIS_1,RandomForest,13,test,brightness_contrast__moderate,brightness_contrast,moderate,D:\OASIS_1\distortions_128\brightness_contrast\moderate\Non_Demented\OAS1_0309\OAS1_0309_slice_02_z041.png,Non_Demented/OAS1_0309/OAS1_0309_slice_02_z041.png,Non-Demented/OAS1_0309/OAS1_0309_slice_02_z041.png,OAS1_0309,Non-Demented,0,1,Very Mild Dementia,0,0.3515860055681343,0.6162618922343888,0.03215210219747703,0.0
OASIS_1,RandomForest,13,test,brightness_contrast__moderate,brightness_contrast,moderate,D:\OASIS_1\distortions_128\brightness_contrast\moderate\Non_Demented\OAS1_0309\OAS1_0309_slice_03_z043.png,Non_Demented/OAS1_0309/OAS1_0309_slice_03_z043.png,Non-Demented/OAS1_0309/OAS1_0309_slice_03_z043.png,OAS1_0309,Non-Demented,0,0,Non-Demented,1,0.8370836385834955,0.13669942852665967,0.026216932889845092,0.0
OASIS_1,RandomForest,13,test,brightness_contrast__moderate,brightness_contrast,moderate,D:\OASIS_1\distortions_128\brightness_contrast\moderate\Non_Demented\OAS1_0309\OAS1_0309_slice_04_z046.png,Non_Demented/OAS1_0309/OAS1_0309_slice_04_z046.png,Non-Demented/OAS1_0309/OAS1_0309_slice_04_z046.png,OAS1_0309,Non-Demented,0,1,Very Mild Dementia,0,0.3834791516989037,0.5941999241910567,0.022320924110039966,0.0
OASIS_1,RandomForest,13,test,brightness_contrast__moderate,brightness_contrast,moderate,D:\OASIS_1\distortions_128\brightness_contrast\moderate\Non_Demented\OAS1_0309\OAS1_0309_slice_05_z049.png,Non_Demented/OAS1_0309/OAS1_0309_slice_05_z049.png,Non-Demented/OAS1_0309/OAS1_0309_slice_05_z049.png,OAS1_0309,Non-Demented,0,0,Non-Demented,1,0.6870596035541923,0.2980377452622255,0.01490265118358176,0.0
OASIS_1,RandomForest,13,test,brightness_contrast__moderate,brightness_contrast,moderate,D:\OASIS_1\distortions_128\brightness_contrast\moderate\Non_Demented\OAS1_0309\OAS1_0309_slice_06_z051.png,Non_Demented/OAS1_0309/OAS1_0309_slice_06_z051.png,Non-Demented/OAS1_0309/OAS1_0309_slice_06_z051.png,OAS1_0309,Non-Demented,0,0,Non-Demented,1,0.8363645802421995,0.14002833735412626,0.0236070824036743,0.0
OASIS_1,RandomForest,13,test,brightness_contrast__moderate,brightness_contrast,moderate,D:\OASIS_1\distortions_128\brightness_contrast\moderate\Non_Demented\OAS1_0309\OAS1_0309_slice_07_z054.png,Non_Demented/OAS1_0309/OAS1_0309_slice_07_z054.png,Non-Demented/OAS1_0309/OAS1_0309_slice_07_z054.png,OAS1_0309,Non-Demented,0,0,Non-Demented,1,0.48363057826985056,0.46587192483327705,0.05049749689687245,0.0
OASIS_1,RandomForest,13,test,brightness_contrast__moderate,brightness_contrast,moderate,D:\OASIS_1\distortions_128\brightness_contrast\moderate\Non_Demented\OAS1_0309\OAS1_0309_slice_08_z057.png,Non_Demented/OAS1_0309/OAS1_0309_slice_08_z057.png,Non-Demented/OAS1_0309/OAS1_0309_slice_08_z057.png,OAS1_0309,Non-Demented,0,1,Very Mild Dementia,0,0.44796397848572783,0.5011776687222195,0.05085835279205279,0.0
OASIS_1,RandomForest,13,test,brightness_contrast__moderate,brightness_contrast,moderate,D:\OASIS_1\distortions_128\brightness_contrast\moderate\Non_Demented\OAS1_0309\OAS1_0309_slice_09_z059.png,Non_Demented/OAS1_0309/OAS1_0309_slice_09_z059.png,Non-Demented/OAS1_0309/OAS1_0309_slice_09_z059.png,OAS1_0309,Non-Demented,0,3,Moderate Dementia,0,0.31814540691372467,0.13291727995492864,0.17227064646468007,0.37666666666666665
OASIS_1,RandomForest,13,test,brightness_contrast__moderate,brightness_contrast,moderate,D:\OASIS_1\distortions_128\brightness_contrast\moderate\Non_Demented\OAS1_0309\OAS1_0309_slice_10_z062.png,Non_Demented/OAS1_0309/OAS1_0309_slice_10_z062.png,Non-Demented/OAS1_0309/OAS1_0309_slice_10_z062.png,OAS1_0309,Non-Demented,0,0,Non-Demented,1,0.5760480575143254,0.3987318579596654,0.02522008452600911,0.0
OASIS_1,RandomForest,13,test,brightness_contrast__moderate,brightness_contrast,moderate,D:\OASIS_1\distortions_128\brightness_contrast\moderate\Non_Demented\OAS1_0309\OAS1_0309_slice_11_z065.png,Non_Demented/OAS1_0309/OAS1_0309_slice_11_z065.png,Non-Demented/OAS1_0309/OAS1_0309_slice_11_z065.png,OAS1_0309,Non-Demented,0,0,Non-Demented,1,0.5606815472339141,0.4110671112680975,0.028251341497988254,0.0
OASIS_1,RandomForest,13,test,brightness_contrast__moderate,brightness_contrast,moderate,D:\OASIS_1\distortions_128\brightness_contrast\moderate\Non_Demented\OAS1_0309\OAS1_0309_slice_12_z068.png,Non_Demented/OAS1_0309/OAS1_0309_slice_12_z068.png,Non-Demented/OAS1_0309/OAS1_0309_slice_12_z068.png,OAS1_0309,Non-Demented,0,1,Very Mild Dementia,0,0.4192001807719726,0.5315540550074832,0.0492457642205442,0.0
OASIS_1,RandomForest,13,test,brightness_contrast__moderate,brightness_contrast,moderate,D:\OASIS_1\distortions_128\brightness_contrast\moderate\Non_Demented\OAS1_0309\OAS1_0309_slice_13_z070.png,Non_Demented/OAS1_0309/OAS1_0309_slice_13_z070.png,Non-Demented/OAS1_0309/OAS1_0309_slice_13_z070.png,OAS1_0309,Non-Demented,0,0,Non-Demented,1,0.6076196624027196,0.3753754573725828,0.017004880224697445,0.0
OASIS_1,RandomForest,13,test,brightness_contrast__moderate,brightness_contrast,moderate,D:\OASIS_1\distortions_128\brightness_contrast\moderate\Non_Demented\OAS1_0309\OAS1_0309_slice_14_z073.png,Non_Demented/OAS1_0309/OAS1_0309_slice_14_z073.png,Non-Demented/OAS1_0309/OAS1_0309_slice_14_z073.png,OAS1_0309,Non-Demented,0,3,Moderate Dementia,0,0.29826930627687787,0.12698890994771186,0.15807511710874358,0.4166666666666667
OASIS_1,RandomForest,13,test,brightness_contrast__moderate,brightness_contrast,moderate,D:\OASIS_1\distortions_128\brightness_contrast\moderate\Non_Demented\OAS1_0309\OAS1_0309_slice_15_z076.png,Non_Demented/OAS1_0309/OAS1_0309_slice_15_z076.png,Non-Demented/OAS1_0309/OAS1_0309_slice_15_z076.png,OAS1_0309,Non-Demented,0,0,Non-Demented,1,0.8112517658237949,0.1787595638991354,0.009988670277069883,0.0
OASIS_1,RandomForest,13,test,brightness_contrast__moderate,brightness_contrast,moderate,D:\OASIS_1\distortions_128\brightness_contrast\moderate\Non_Demented\OAS1_0309\OAS1_0309_slice_16_z078.png,Non_Demented/OAS1_0309/OAS1_0309_slice_16_z078.png,Non-Demented/OAS1_0309/OAS1_0309_slice_16_z078.png,OAS1_0309,Non-Demented,0,0,Non-Demented,1,0.5588979582255343,0.42583353598154766,0.015268505792917603,0.0
OASIS_1,RandomForest,13,test,brightness_contrast__moderate,brightness_contrast,moderate,D:\OASIS_1\distortions_128\brightness_contrast\moderate\Non_Demented\OAS1_0309\OAS1_0309_slice_17_z081.png,Non_Demented/OAS1_0309/OAS1_0309_slice_17_z081.png,Non-Demented/OAS1_0309/OAS1_0309_slice_17_z081.png,OAS1_0309,Non-Demented,0,3,Moderate Dementia,0,0.3058597173621494,0.12977812827210322,0.1610288210324141,0.4033333333333333
OASIS_1,RandomForest,13,test,brightness_contrast__moderate,brightness_contrast,moderate,D:\OASIS_1\distortions_128\brightness_contrast\moderate\Non_Demented\OAS1_0309\OAS1_0309_slice_18_z084.png,Non_Demented/OAS1_0309/OAS1_0309_slice_18_z084.png,Non-Demented/OAS1_0309/OAS1_0309_slice_18_z084.png,OAS1_0309,Non-Demented,0,1,Very Mild Dementia,0,0.37490715609248343,0.6176308254355111,0.007462018472005634,0.0
OASIS_1,RandomForest,13,test,brightness_contrast__moderate,brightness_contrast,moderate,D:\OASIS_1\distortions_128\brightness_contrast\moderate\Non_Demented\OAS1_0309\OAS1_0309_slice_19_z086.png,Non_Demented/OAS1_0309/OAS1_0309_slice_19_z086.png,Non-Demented/OAS1_0309/OAS1_0309_slice_19_z086.png,OAS1_0309,Non-Demented,0,1,Very Mild Dementia,0,0.3452985371343214,0.6205284258319428,0.0341730370337359,0.0
OASIS_1,RandomForest,13,test,brightness_contrast__moderate,brightness_contrast,moderate,D:\OASIS_1\distortions_128\brightness_contrast\moderate\Non_Demented\OAS1_0309\OAS1_0309_slice_20_z089.png,Non_Demented/OAS1_0309/OAS1_0309_slice_20_z089.png,Non-Demented/OAS1_0309/OAS1_0309_slice_20_z089.png,OAS1_0309,Non-Demented,0,3,Moderate Dementia,0,0.26515144802258517,0.14406269770959512,0.15411918760115303,0.43666666666666665
OASIS_1,RandomForest,13,test,brightness_contrast__moderate,brightness_contrast,moderate,D:\OASIS_1\distortions_128\brightness_contrast\moderate\Non_Demented\OAS1_0323\OAS1_0323_slice_01_z038.png,Non_Demented/OAS1_0323/OAS1_0323_slice_01_z038.png,Non-Demented/OAS1_0323/OAS1_0323_slice_01_z038.png,OAS1_0323,Non-Demented,0,0,Non-Demented,1,0.5062764274364286,0.3719584559460266,0.12176511661754465,0.0
OASIS_1,RandomForest,13,test,brightness_contrast__moderate,brightness_contrast,moderate,D:\OASIS_1\distortions_128\brightness_contrast\moderate\Non_Demented\OAS1_0323\OAS1_0323_slice_02_z041.png,Non_Demented/OAS1_0323/OAS1_0323_slice_02_z041.png,Non-Demented/OAS1_0323/OAS1_0323_slice_02_z041.png,OAS1_0323,Non-Demented,0,0,Non-Demented,1,0.47296660101840016,0.36145935615639224,0.16557404282520738,0.0
OASIS_1,RandomForest,13,test,brightness_contrast__moderate,brightness_contrast,moderate,D:\OASIS_1\distortions_128\brightness_contrast\moderate\Non_Demented\OAS1_0323\OAS1_0323_slice_03_z043.png,Non_Demented/OAS1_0323/OAS1_0323_slice_03_z043.png,Non-Demented/OAS1_0323/OAS1_0323_slice_03_z043.png,OAS1_0323,Non-Demented,0,0,Non-Demented,1,0.6408517094173675,0.2786655401144215,0.07714941713487726,0.0033333333333333335
OASIS_1,RandomForest,13,test,brightness_contrast__moderate,brightness_contrast,moderate,D:\OASIS_1\distortions_128\brightness_contrast\moderate\Non_Demented\OAS1_0323\OAS1_0323_slice_04_z046.png,Non_Demented/OAS1_0323/OAS1_0323_slice_04_z046.png,Non-Demented/OAS1_0323/OAS1_0323_slice_04_z046.png,OAS1_0323,Non-Demented,0,0,Non-Demented,1,0.49046934248725527,0.3494710977714884,0.1600595597412568,0.0
OASIS_1,RandomForest,13,test,brightness_contrast__moderate,brightness_contrast,moderate,D:\OASIS_1\distortions_128\brightness_contrast\moderate\Non_Demented\OAS1_0323\OAS1_0323_slice_05_z049.png,Non_Demented/OAS1_0323/OAS1_0323_slice_05_z049.png,Non-Demented/OAS1_0323/OAS1_0323_slice_05_z049.png,OAS1_0323,Non-Demented,0,0,Non-Demented,1,0.4888867846486368,0.3387541454062597,0.1723590699451035,0.0
OASIS_1,RandomForest,13,test,brightness_contrast__moderate,brightness_contrast,moderate,D:\OASIS_1\distortions_128\brightness_contrast\moderate\Non_Demented\OAS1_0323\OAS1_0323_slice_06_z051.png,Non_Demented/OAS1_0323/OAS1_0323_slice_06_z051.png,Non-Demented/OAS1_0323/OAS1_0323_slice_06_z051.png,OAS1_0323,Non-Demented,0,0,Non-Demented,1,0.42268957340765284,0.0993260532706483,0.13465103998836556,0.3433333333333333
OASIS_1,RandomForest,13,test,brightness_contrast__moderate,brightness_contrast,moderate,D:\OASIS_1\distortions_128\brightness_contrast\moderate\Non_Demented\OAS1_0323\OAS1_0323_slice_07_z054.png,Non_Demented/OAS1_0323/OAS1_0323_slice_07_z054.png,Non-Demented/OAS1_0323/OAS1_0323_slice_07_z054.png,OAS1_0323,Non-Demented,0,0,Non-Demented,1,0.5055996444166897,0.3185712163835443,0.17582913919976592,0.0
OASIS_1,RandomForest,13,test,brightness_contrast__moderate,brightness_contrast,moderate,D:\OASIS_1\distortions_128\brightness_contrast\moderate\Non_Demented\OAS1_0323\OAS1_0323_slice_08_z057.png,Non_Demented/OAS1_0323/OAS1_0323_slice_08_z057.png,Non-Demented/OAS1_0323/OAS1_0323_slice_08_z057.png,OAS1_0323,Non-Demented,0,3,Moderate Dementia,0,0.3556603648797538,0.12675933881419985,0.15091362963937968,0.36666666666666664
OASIS_1,RandomForest,13,test,brightness_contrast__moderate,brightness_contrast,moderate,D:\OASIS_1\distortions_128\brightness_contrast\moderate\Non_Demented\OAS1_0323\OAS1_0323_slice_09_z059.png,Non_Demented/OAS1_0323/OAS1_0323_slice_09_z059.png,Non-Demented/OAS1_0323/OAS1_0323_slice_09_z059.png,OAS1_0323,Non-Demented,0,0,Non-Demented,1,0.5174146117632291,0.3205735217384627,0.158678533164975,0.0033333333333333335
OASIS_1,RandomForest,13,test,brightness_contrast__moderate,brightness_contrast,moderate,D:\OASIS_1\distortions_128\brightness_contrast\moderate\Non_Demented\OAS1_0323\OAS1_0323_slice_10_z062.png,Non_Demented/OAS1_0323/OAS1_0323_slice_10_z062.png,Non-Demented/OAS1_0323/OAS1_0323_slice_10_z062.png,OAS1_0323,Non-Demented,0,0,Non-Demented,1,0.5593475495401818,0.3234214337237083,0.11723101673610972,0.0
OASIS_1,RandomForest,13,test,brightness_contrast__moderate,brightness_contrast,moderate,D:\OASIS_1\distortions_128\brightness_contrast\moderate\Non_Demented\OAS1_0323\OAS1_0323_slice_11_z065.png,Non_Demented/OAS1_0323/OAS1_0323_slice_11_z065.png,Non-Demented/OAS1_0323/OAS1_0323_slice_11_z065.png,OAS1_0323,Non-Demented,0,1,Very Mild Dementia,0,0.3321221613264376,0.465608230161234,0.19893627517899512,0.0033333333333333335
OASIS_1,RandomForest,13,test,brightness_contrast__moderate,brightness_contrast,moderate,D:\OASIS_1\distortions_128\brightness_contrast\moderate\Non_Demented\OAS1_0323\OAS1_0323_slice_12_z068.png,Non_Demented/OAS1_0323/OAS1_0323_slice_12_z068.png,Non-Demented/OAS1_0323/OAS1_0323_slice_12_z068.png,OAS1_0323,Non-Demented,0,3,Moderate Dementia,0,0.362130748185131,0.1266634651579121,0.13120578665695687,0.38
OASIS_1,RandomForest,13,test,brightness_contrast__moderate,brightness_contrast,moderate,D:\OASIS_1\distortions_128\brightness_contrast\moderate\Non_Demented\OAS1_0323\OAS1_0323_slice_13_z070.png,Non_Demented/OAS1_0323/OAS1_0323_slice_13_z070.png,Non-Demented/OAS1_0323/OAS1_0323_slice_13_z070.png,OAS1_0323,Non-Demented,0,0,Non-Demented,1,0.3790066067879121,0.13645427322179773,0.12120578665695686,0.36333333333333334
OASIS_1,RandomForest,13,test,brightness_contrast__moderate,brightness_contrast,moderate,D:\OASIS_1\distortions_128\brightness_contrast\moderate\Non_Demented\OAS1_0323\OAS1_0323_slice_14_z073.png,Non_Demented/OAS1_0323/OAS1_0323_slice_14_z073.png,Non-Demented/OAS1_0323/OAS1_0323_slice_14_z073.png,OAS1_0323,Non-Demented,0,0,Non-Demented,1,0.48862939862760174,0.3623363842698028,0.14903421710259512,0.0
OASIS_1,RandomForest,13,test,brightness_contrast__moderate,brightness_contrast,moderate,D:\OASIS_1\distortions_128\brightness_contrast\moderate\Non_Demented\OAS1_0323\OAS1_0323_slice_15_z076.png,Non_Demented/OAS1_0323/OAS1_0323_slice_15_z076.png,Non-Demented/OAS1_0323/OAS1_0323_slice_15_z076.png,OAS1_0323,Non-Demented,0,0,Non-Demented,1,0.47586767246744716,0.3608358452708857,0.1632964822616671,0.0
OASIS_1,RandomForest,13,test,brightness_contrast__moderate,brightness_contrast,moderate,D:\OASIS_1\distortions_128\brightness_contrast\moderate\Non_Demented\OAS1_0323\OAS1_0323_slice_16_z078.png,Non_Demented/OAS1_0323/OAS1_0323_slice_16_z078.png,Non-Demented/OAS1_0323/OAS1_0323_slice_16_z078.png,OAS1_0323,Non-Demented,0,0,Non-Demented,1,0.48333205528798534,0.37006076481538197,0.1466071798966326,0.0
OASIS_1,RandomForest,13,test,brightness_contrast__moderate,brightness_contrast,moderate,D:\OASIS_1\distortions_128\brightness_contrast\moderate\Non_Demented\OAS1_0323\OAS1_0323_slice_17_z081.png,Non_Demented/OAS1_0323/OAS1_0323_slice_17_z081.png,Non-Demented/OAS1_0323/OAS1_0323_slice_17_z081.png,OAS1_0323,Non-Demented,0,0,Non-Demented,1,0.5020034987530004,0.3498977768610798,0.14809872438591964,0.0
OASIS_1,RandomForest,13,test,brightness_contrast__moderate,brightness_contrast,moderate,D:\OASIS_1\distortions_128\brightness_contrast\moderate\Non_Demented\OAS1_0323\OAS1_0323_slice_18_z084.png,Non_Demented/OAS1_0323/OAS1_0323_slice_18_z084.png,Non-Demented/OAS1_0323/OAS1_0323_slice_18_z084.png,OAS1_0323,Non-Demented,0,0,Non-Demented,1,0.45698111729987184,0.38017819992481555,0.16284068277531258,0.0
OASIS_1,RandomForest,13,test,brightness_contrast__moderate,brightness_contrast,moderate,D:\OASIS_1\distortions_128\brightness_contrast\moderate\Non_Demented\OAS1_0323\OAS1_0323_slice_19_z086.png,Non_Demented/OAS1_0323/OAS1_0323_slice_19_z086.png,Non-Demented/OAS1_0323/OAS1_0323_slice_19_z086.png,OAS1_0323,Non-Demented,0,0,Non-Demented,1,0.3706174983115856,0.13356005086931766,0.12582245081909676,0.37
OASIS_1,RandomForest,13,test,brightness_contrast__moderate,brightness_contrast,moderate,D:\OASIS_1\distortions_128\brightness_contrast\moderate\Non_Demented\OAS1_0323\OAS1_0323_slice_20_z089.png,Non_Demented/OAS1_0323/OAS1_0323_slice_20_z089.png,Non-Demented/OAS1_0323/OAS1_0323_slice_20_z089.png,OAS1_0323,Non-Demented,0,0,Non-Demented,1,0.48033580681881677,0.3929595741335138,0.12670461904766958,0.0
OASIS_1,RandomForest,13,test,brightness_contrast__moderate,brightness_contrast,moderate,D:\OASIS_1\distortions_128\brightness_contrast\moderate\Non_Demented\OAS1_0343\OAS1_0343_slice_01_z038.png,Non_Demented/OAS1_0343/OAS1_0343_slice_01_z038.png,Non-Demented/OAS1_0343/OAS1_0343_slice_01_z038.png,OAS1_0343,Non-Demented,0,0,Non-Demented,1,0.5332760047824775,0.4239315536158132,0.04279244160170923,0.0
OASIS_1,RandomForest,13,test,brightness_contrast__moderate,brightness_contrast,moderate,D:\OASIS_1\distortions_128\brightness_contrast\moderate\Non_Demented\OAS1_0343\OAS1_0343_slice_02_z041.png,Non_Demented/OAS1_0343/OAS1_0343_slice_02_z041.png,Non-Demented/OAS1_0343/OAS1_0343_slice_02_z041.png,OAS1_0343,Non-Demented,0,1,Very Mild Dementia,0,0.35321039881858135,0.5944197509401409,0.05236985024127771,0.0
OASIS_1,RandomForest,13,test,brightness_contrast__moderate,brightness_contrast,moderate,D:\OASIS_1\distortions_128\brightness_contrast\moderate\Non_Demented\OAS1_0343\OAS1_0343_slice_03_z043.png,Non_Demented/OAS1_0343/OAS1_0343_slice_03_z043.png,Non-Demented/OAS1_0343/OAS1_0343_slice_03_z043.png,OAS1_0343,Non-Demented,0,3,Moderate Dementia,0,0.288239953725584,0.12257591430901314,0.15918413196540288,0.43
OASIS_1,RandomForest,13,test,brightness_contrast__moderate,brightness_contrast,moderate,D:\OASIS_1\distortions_128\brightness_contrast\moderate\Non_Demented\OAS1_0343\OAS1_0343_slice_04_z046.png,Non_Demented/OAS1_0343/OAS1_0343_slice_04_z046.png,Non-Demented/OAS1_0343/OAS1_0343_slice_04_z046.png,OAS1_0343,Non-Demented,0,3,Moderate Dementia,0,0.3114004743915452,0.1306706813035019,0.16126217763828626,0.39666666666666667
OASIS_1,RandomForest,13,test,brightness_contrast__moderate,brightness_contrast,moderate,D:\OASIS_1\distortions_128\brightness_contrast\moderate\Non_Demented\OAS1_0343\OAS1_0343_slice_05_z049.png,Non_Demented/OAS1_0343/OAS1_0343_slice_05_z049.png,Non-Demented/OAS1_0343/OAS1_0343_slice_05_z049.png,OAS1_0343,Non-Demented,0,3,Moderate Dementia,0,0.3060926949300135,0.12465946054971155,0.17258117785360833,0.39666666666666667
OASIS_1,RandomForest,13,test,brightness_contrast__moderate,brightness_contrast,moderate,D:\OASIS_1\distortions_128\brightness_contrast\moderate\Non_Demented\OAS1_0343\OAS1_0343_slice_06_z051.png,Non_Demented/OAS1_0343/OAS1_0343_slice_06_z051.png,Non-Demented/OAS1_0343/OAS1_0343_slice_06_z051.png,OAS1_0343,Non-Demented,0,0,Non-Demented,1,0.6509327785608993,0.290334714008186,0.05873250743091477,0.0
OASIS_1,RandomForest,13,test,brightness_contrast__moderate,brightness_contrast,moderate,D:\OASIS_1\distortions_128\brightness_contrast\moderate\Non_Demented\OAS1_0343\OAS1_0343_slice_07_z054.png,Non_Demented/OAS1_0343/OAS1_0343_slice_07_z054.png,Non-Demented/OAS1_0343/OAS1_0343_slice_07_z054.png,OAS1_0343,Non-Demented,0,0,Non-Demented,1,0.6310502006189,0.29423875231614505,0.06804438039828786,0.006666666666666667
OASIS_1,RandomForest,13,test,brightness_contrast__moderate,brightness_contrast,moderate,D:\OASIS_1\distortions_128\brightness_contrast\moderate\Non_Demented\OAS1_0343\OAS1_0343_slice_08_z057.png,Non_Demented/OAS1_0343/OAS1_0343_slice_08_z057.png,Non-Demented/OAS1_0343/OAS1_0343_slice_08_z057.png,OAS1_0343,Non-Demented,0,0,Non-Demented,1,0.49090344559474386,0.46955455894338227,0.039541995461873765,0.0
OASIS_1,RandomForest,13,test,brightness_contrast__moderate,brightness_contrast,moderate,D:\OASIS_1\distortions_128\brightness_contrast\moderate\Non_Demented\OAS1_0343\OAS1_0343_slice_09_z059.png,Non_Demented/OAS1_0343/OAS1_0343_slice_09_z059.png,Non-Demented/OAS1_0343/OAS1_0343_slice_09_z059.png,OAS1_0343,Non-Demented,0,1,Very Mild Dementia,0,0.4567679589940569,0.49091635359694835,0.05231568740899497,0.0
OASIS_1,RandomForest,13,test,brightness_contrast__moderate,brightness_contrast,moderate,D:\OASIS_1\distortions_128\brightness_contrast\moderate\Non_Demented\OAS1_0343\OAS1_0343_slice_10_z062.png,Non_Demented/OAS1_0343/OAS1_0343_slice_10_z062.png,Non-Demented/OAS1_0343/OAS1_0343_slice_10_z062.png,OAS1_0343,Non-Demented,0,1,Very Mild Dementia,0,0.4266200637169349,0.5238863441850246,0.049493592098040565,0.0
OASIS_1,RandomForest,13,test,brightness_contrast__moderate,brightness_contrast,moderate,D:\OASIS_1\distortions_128\brightness_contrast\moderate\Non_Demented\OAS1_0343\OAS1_0343_slice_11_z065.png,Non_Demented/OAS1_0343/OAS1_0343_slice_11_z065.png,Non-Demented/OAS1_0343/OAS1_0343_slice_11_z065.png,OAS1_0343,Non-Demented,0,1,Very Mild Dementia,0,0.4699540274582506,0.47694774652764804,0.05309822601410165,0.0
OASIS_1,RandomForest,13,test,brightness_contrast__moderate,brightness_contrast,moderate,D:\OASIS_1\distortions_128\brightness_contrast\moderate\Non_Demented\OAS1_0343\OAS1_0343_slice_12_z068.png,Non_Demented/OAS1_0343/OAS1_0343_slice_12_z068.png,Non-Demented/OAS1_0343/OAS1_0343_slice_12_z068.png,OAS1_0343,Non-Demented,0,1,Very Mild Dementia,0,0.4772425418318982,0.48581110211243556,0.036946356055666235,0.0
OASIS_1,RandomForest,13,test,brightness_contrast__moderate,brightness_contrast,moderate,D:\OASIS_1\distortions_128\brightness_contrast\moderate\Non_Demented\OAS1_0343\OAS1_0343_slice_13_z070.png,Non_Demented/OAS1_0343/OAS1_0343_slice_13_z070.png,Non-Demented/OAS1_0343/OAS1_0343_slice_13_z070.png,OAS1_0343,Non-Demented,0,3,Moderate Dementia,0,0.3035696575258341,0.13684982105071236,0.14958052142345352,0.41
OASIS_1,RandomForest,13,test,brightness_contrast__moderate,brightness_contrast,moderate,D:\OASIS_1\distortions_128\brightness_contrast\moderate\Non_Demented\OAS1_0343\OAS1_0343_slice_14_z073.png,Non_Demented/OAS1_0343/OAS1_0343_slice_14_z073.png,Non-Demented/OAS1_0343/OAS1_0343_slice_14_z073.png,OAS1_0343,Non-Demented,0,3,Moderate Dementia,0,0.3163668357056022,0.1258992074759099,0.1777339568184879,0.38
OASIS_1,RandomForest,13,test,brightness_contrast__moderate,brightness_contrast,moderate,D:\OASIS_1\distortions_128\brightness_contrast\moderate\Non_Demented\OAS1_0343\OAS1_0343_slice_15_z076.png,Non_Demented/OAS1_0343/OAS1_0343_slice_15_z076.png,Non-Demented/OAS1_0343/OAS1_0343_slice_15_z076.png,OAS1_0343,Non-Demented,0,3,Moderate Dementia,0,0.3073919731024201,0.12770398150726242,0.1782373787236508,0.38666666666666666
OASIS_1,RandomForest,13,test,brightness_contrast__moderate,brightness_contrast,moderate,D:\OASIS_1\distortions_128\brightness_contrast\moderate\Non_Demented\OAS1_0343\OAS1_0343_slice_16_z078.png,Non_Demented/OAS1_0343/OAS1_0343_slice_16_z078.png,Non-Demented/OAS1_0343/OAS1_0343_slice_16_z078.png,OAS1_0343,Non-Demented,0,1,Very Mild Dementia,0,0.3198713885064059,0.6146036105148122,0.06552500097878176,0.0
OASIS_1,RandomForest,13,test,brightness_contrast__moderate,brightness_contrast,moderate,D:\OASIS_1\distortions_128\brightness_contrast\moderate\Non_Demented\OAS1_0343\OAS1_0343_slice_17_z081.png,Non_Demented/OAS1_0343/OAS1_0343_slice_17_z081.png,Non-Demented/OAS1_0343/OAS1_0343_slice_17_z081.png,OAS1_0343,Non-Demented,0,3,Moderate Dementia,0,0.28836502277501824,0.14437842079717964,0.17058988976113557,0.39666666666666667
OASIS_1,RandomForest,13,test,brightness_contrast__moderate,brightness_contrast,moderate,D:\OASIS_1\distortions_128\brightness_contrast\moderate\Non_Demented\OAS1_0343\OAS1_0343_slice_18_z084.png,Non_Demented/OAS1_0343/OAS1_0343_slice_18_z084.png,Non-Demented/OAS1_0343/OAS1_0343_slice_18_z084.png,OAS1_0343,Non-Demented,0,3,Moderate Dementia,0,0.3060665711854918,0.12878532406876184,0.16181477141241304,0.4033333333333333
OASIS_1,RandomForest,13,test,brightness_contrast__moderate,brightness_contrast,moderate,D:\OASIS_1\distortions_128\brightness_contrast\moderate\Non_Demented\OAS1_0343\OAS1_0343_slice_19_z086.png,Non_Demented/OAS1_0343/OAS1_0343_slice_19_z086.png,Non-Demented/OAS1_0343/OAS1_0343_slice_19_z086.png,OAS1_0343,Non-Demented,0,1,Very Mild Dementia,0,0.47734711465677665,0.5015405028861724,0.02111238245705119,0.0
OASIS_1,RandomForest,13,test,brightness_contrast__moderate,brightness_contrast,moderate,D:\OASIS_1\distortions_128\brightness_contrast\moderate\Non_Demented\OAS1_0343\OAS1_0343_slice_20_z089.png,Non_Demented/OAS1_0343/OAS1_0343_slice_20_z089.png,Non-Demented/OAS1_0343/OAS1_0343_slice_20_z089.png,OAS1_0343,Non-Demented,0,0,Non-Demented,1,0.7934495512017568,0.1889391217893192,0.017611327008924125,0.0
OASIS_1,RandomForest,13,test,brightness_contrast__moderate,brightness_contrast,moderate,D:\OASIS_1\distortions_128\brightness_contrast\moderate\Non_Demented\OAS1_0367\OAS1_0367_slice_01_z038.png,Non_Demented/OAS1_0367/OAS1_0367_slice_01_z038.png,Non-Demented/OAS1_0367/OAS1_0367_slice_01_z038.png,OAS1_0367,Non-Demented,0,3,Moderate Dementia,0,0.3358570567648868,0.12115058118530962,0.1496590287164703,0.3933333333333333
OASIS_1,RandomForest,13,test,brightness_contrast__moderate,brightness_contrast,moderate,D:\OASIS_1\distortions_128\brightness_contrast\moderate\Non_Demented\OAS1_0367\OAS1_0367_slice_02_z041.png,Non_Demented/OAS1_0367/OAS1_0367_slice_02_z041.png,Non-Demented/OAS1_0367/OAS1_0367_slice_02_z041.png,OAS1_0367,Non-Demented,0,0,Non-Demented,1,0.7034913031894231,0.2644736175784118,0.03203507923216532,0.0
OASIS_1,RandomForest,13,test,brightness_contrast__moderate,brightness_contrast,moderate,D:\OASIS_1\distortions_128\brightness_contrast\moderate\Non_Demented\OAS1_0367\OAS1_0367_slice_03_z043.png,Non_Demented/OAS1_0367/OAS1_0367_slice_03_z043.png,Non-Demented/OAS1_0367/OAS1_0367_slice_03_z043.png,OAS1_0367,Non-Demented,0,0,Non-Demented,1,0.7051858204322098,0.2738928179291405,0.017588028305316666,0.0033333333333333335
OASIS_1,RandomForest,13,test,brightness_contrast__moderate,brightness_contrast,moderate,D:\OASIS_1\distortions_128\brightness_contrast\moderate\Non_Demented\OAS1_0367\OAS1_0367_slice_04_z046.png,Non_Demented/OAS1_0367/OAS1_0367_slice_04_z046.png,Non-Demented/OAS1_0367/OAS1_0367_slice_04_z046.png,OAS1_0367,Non-Demented,0,3,Moderate Dementia,0,0.36181840556542894,0.11751991833939732,0.15399500942850713,0.36666666666666664
OASIS_1,RandomForest,13,test,brightness_contrast__moderate,brightness_contrast,moderate,D:\OASIS_1\distortions_128\brightness_contrast\moderate\Non_Demented\OAS1_0367\OAS1_0367_slice_05_z049.png,Non_Demented/OAS1_0367/OAS1_0367_slice_05_z049.png,Non-Demented/OAS1_0367/OAS1_0367_slice_05_z049.png,OAS1_0367,Non-Demented,0,1,Very Mild Dementia,0,0.2938600034971181,0.6800809082661887,0.026059088236693544,0.0
OASIS_1,RandomForest,13,test,brightness_contrast__moderate,brightness_contrast,moderate,D:\OASIS_1\distortions_128\brightness_contrast\moderate\Non_Demented\OAS1_0367\OAS1_0367_slice_06_z051.png,Non_Demented/OAS1_0367/OAS1_0367_slice_06_z051.png,Non-Demented/OAS1_0367/OAS1_0367_slice_06_z051.png,OAS1_0367,Non-Demented,0,1,Very Mild Dementia,0,0.2805322600752224,0.6406201525552259,0.07884758736955205,0.0
OASIS_1,RandomForest,13,test,brightness_contrast__moderate,brightness_contrast,moderate,D:\OASIS_1\distortions_128\brightness_contrast\moderate\Non_Demented\OAS1_0367\OAS1_0367_slice_07_z054.png,Non_Demented/OAS1_0367/OAS1_0367_slice_07_z054.png,Non-Demented/OAS1_0367/OAS1_0367_slice_07_z054.png,OAS1_0367,Non-Demented,0,0,Non-Demented,1,0.6314527449234241,0.34533472683089034,0.023212528245685374,0.0
OASIS_1,RandomForest,13,test,brightness_contrast__moderate,brightness_contrast,moderate,D:\OASIS_1\distortions_128\brightness_contrast\moderate\Non_Demented\OAS1_0367\OAS1_0367_slice_08_z057.png,Non_Demented/OAS1_0367/OAS1_0367_slice_08_z057.png,Non-Demented/OAS1_0367/OAS1_0367_slice_08_z057.png,OAS1_0367,Non-Demented,0,0,Non-Demented,1,0.5850289332073113,0.3818555833833366,0.03311548340935229,0.0
OASIS_1,RandomForest,13,test,brightness_contrast__moderate,brightness_contrast,moderate,D:\OASIS_1\distortions_128\brightness_contrast\moderate\Non_Demented\OAS1_0367\OAS1_0367_slice_09_z059.png,Non_Demented/OAS1_0367/OAS1_0367_slice_09_z059.png,Non-Demented/OAS1_0367/OAS1_0367_slice_09_z059.png,OAS1_0367,Non-Demented,0,1,Very Mild Dementia,0,0.30018814825300305,0.6012808185299384,0.09853103321705906,0.0
OASIS_1,RandomForest,13,test,brightness_contrast__moderate,brightness_contrast,moderate,D:\OASIS_1\distortions_128\brightness_contrast\moderate\Non_Demented\OAS1_0367\OAS1_0367_slice_10_z062.png,Non_Demented/OAS1_0367/OAS1_0367_slice_10_z062.png,Non-Demented/OAS1_0367/OAS1_0367_slice_10_z062.png,OAS1_0367,Non-Demented,0,3,Moderate Dementia,0,0.30236432491276455,0.1279961117890662,0.1696395632981693,0.4
OASIS_1,RandomForest,13,test,brightness_contrast__moderate,brightness_contrast,moderate,D:\OASIS_1\distortions_128\brightness_contrast\moderate\Non_Demented\OAS1_0367\OAS1_0367_slice_11_z065.png,Non_Demented/OAS1_0367/OAS1_0367_slice_11_z065.png,Non-Demented/OAS1_0367/OAS1_0367_slice_11_z065.png,OAS1_0367,Non-Demented,0,3,Moderate Dementia,0,0.29121631216678084,0.12612391929798383,0.1626597685352354,0.42
OASIS_1,RandomForest,13,test,brightness_contrast__moderate,brightness_contrast,moderate,D:\OASIS_1\distortions_128\brightness_contrast\moderate\Non_Demented\OAS1_0367\OAS1_0367_slice_12_z068.png,Non_Demented/OAS1_0367/OAS1_0367_slice_12_z068.png,Non-Demented/OAS1_0367/OAS1_0367_slice_12_z068.png,OAS1_0367,Non-Demented,0,0,Non-Demented,1,0.56871043557721,0.39836643745222494,0.03292312697056495,0.0
OASIS_1,RandomForest,13,test,brightness_contrast__moderate,brightness_contrast,moderate,D:\OASIS_1\distortions_128\brightness_contrast\moderate\Non_Demented\OAS1_0367\OAS1_0367_slice_13_z070.png,Non_Demented/OAS1_0367/OAS1_0367_slice_13_z070.png,Non-Demented/OAS1_0367/OAS1_0367_slice_13_z070.png,OAS1_0367,Non-Demented,0,1,Very Mild Dementia,0,0.2743717664326496,0.6900632784272702,0.03556495514008042,0.0
OASIS_1,RandomForest,13,test,brightness_contrast__moderate,brightness_contrast,moderate,D:\OASIS_1\distortions_128\brightness_contrast\moderate\Non_Demented\OAS1_0367\OAS1_0367_slice_14_z073.png,Non_Demented/OAS1_0367/OAS1_0367_slice_14_z073.png,Non-Demented/OAS1_0367/OAS1_0367_slice_14_z073.png,OAS1_0367,Non-Demented,0,1,Very Mild Dementia,0,0.23617833599353402,0.7306429001264988,0.033178763879967994,0.0
OASIS_1,RandomForest,13,test,brightness_contrast__moderate,brightness_contrast,moderate,D:\OASIS_1\distortions_128\brightness_contrast\moderate\Non_Demented\OAS1_0367\OAS1_0367_slice_15_z076.png,Non_Demented/OAS1_0367/OAS1_0367_slice_15_z076.png,Non-Demented/OAS1_0367/OAS1_0367_slice_15_z076.png,OAS1_0367,Non-Demented,0,1,Very Mild Dementia,0,0.24018378174976818,0.6844376501891428,0.07537856806108925,0.0
OASIS_1,RandomForest,13,test,brightness_contrast__moderate,brightness_contrast,moderate,D:\OASIS_1\distortions_128\brightness_contrast\moderate\Non_Demented\OAS1_0367\OAS1_0367_slice_16_z078.png,Non_Demented/OAS1_0367/OAS1_0367_slice_16_z078.png,Non-Demented/OAS1_0367/OAS1_0367_slice_16_z078.png,OAS1_0367,Non-Demented,0,0,Non-Demented,1,0.7025357754276199,0.2765117116246834,0.02095251294769691,0.0
OASIS_1,RandomForest,13,test,brightness_contrast__moderate,brightness_contrast,moderate,D:\OASIS_1\distortions_128\brightness_contrast\moderate\Non_Demented\OAS1_0367\OAS1_0367_slice_17_z081.png,Non_Demented/OAS1_0367/OAS1_0367_slice_17_z081.png,Non-Demented/OAS1_0367/OAS1_0367_slice_17_z081.png,OAS1_0367,Non-Demented,0,1,Very Mild Dementia,0,0.2564902844940314,0.7112419828067534,0.032267732699215644,0.0
OASIS_1,RandomForest,13,test,brightness_contrast__moderate,brightness_contrast,moderate,D:\OASIS_1\distortions_128\brightness_contrast\moderate\Non_Demented\OAS1_0367\OAS1_0367_slice_18_z084.png,Non_Demented/OAS1_0367/OAS1_0367_slice_18_z084.png,Non-Demented/OAS1_0367/OAS1_0367_slice_18_z084.png,OAS1_0367,Non-Demented,0,0,Non-Demented,1,0.6706696783419711,0.29975436706722236,0.02957595459080682,0.0
OASIS_1,RandomForest,13,test,brightness_contrast__moderate,brightness_contrast,moderate,D:\OASIS_1\distortions_128\brightness_contrast\moderate\Non_Demented\OAS1_0367\OAS1_0367_slice_19_z086.png,Non_Demented/OAS1_0367/OAS1_0367_slice_19_z086.png,Non-Demented/OAS1_0367/OAS1_0367_slice_19_z086.png,OAS1_0367,Non-Demented,0,1,Very Mild Dementia,0,0.32262393737543293,0.6188166802049222,0.05855938241964471,0.0
OASIS_1,RandomForest,13,test,brightness_contrast__moderate,brightness_contrast,moderate,D:\OASIS_1\distortions_128\brightness_contrast\moderate\Non_Demented\OAS1_0367\OAS1_0367_slice_20_z089.png,Non_Demented/OAS1_0367/OAS1_0367_slice_20_z089.png,Non-Demented/OAS1_0367/OAS1_0367_slice_20_z089.png,OAS1_0367,Non-Demented,0,1,Very Mild Dementia,0,0.34675423370353026,0.6138802223612447,0.039365543935225296,0.0
OASIS_1,RandomForest,13,test,brightness_contrast__moderate,brightness_contrast,moderate,D:\OASIS_1\distortions_128\brightness_contrast\moderate\Non_Demented\OAS1_0371\OAS1_0371_slice_01_z038.png,Non_Demented/OAS1_0371/OAS1_0371_slice_01_z038.png,Non-Demented/OAS1_0371/OAS1_0371_slice_01_z038.png,OAS1_0371,Non-Demented,0,1,Very Mild Dementia,0,0.35964180926701755,0.5870075428490682,0.05335064788391421,0.0
OASIS_1,RandomForest,13,test,brightness_contrast__moderate,brightness_contrast,moderate,D:\OASIS_1\distortions_128\brightness_contrast\moderate\Non_Demented\OAS1_0371\OAS1_0371_slice_02_z041.png,Non_Demented/OAS1_0371/OAS1_0371_slice_02_z041.png,Non-Demented/OAS1_0371/OAS1_0371_slice_02_z041.png,OAS1_0371,Non-Demented,0,0,Non-Demented,1,0.7802757675963359,0.18807969399450955,0.031644538409154294,0.0
OASIS_1,RandomForest,13,test,brightness_contrast__moderate,brightness_contrast,moderate,D:\OASIS_1\distortions_128\brightness_contrast\moderate\Non_Demented\OAS1_0371\OAS1_0371_slice_03_z043.png,Non_Demented/OAS1_0371/OAS1_0371_slice_03_z043.png,Non-Demented/OAS1_0371/OAS1_0371_slice_03_z043.png,OAS1_0371,Non-Demented,0,0,Non-Demented,1,0.6217199505373248,0.3387057245180966,0.039574324944578514,0.0
OASIS_1,RandomForest,13,test,brightness_contrast__moderate,brightness_contrast,moderate,D:\OASIS_1\distortions_128\brightness_contrast\moderate\Non_Demented\OAS1_0371\OAS1_0371_slice_04_z046.png,Non_Demented/OAS1_0371/OAS1_0371_slice_04_z046.png,Non-Demented/OAS1_0371/OAS1_0371_slice_04_z046.png,OAS1_0371,Non-Demented,0,3,Moderate Dementia,0,0.32081849108734045,0.12798149867096112,0.1778666769083651,0.37333333333333335
OASIS_1,RandomForest,13,test,brightness_contrast__moderate,brightness_contrast,moderate,D:\OASIS_1\distortions_128\brightness_contrast\moderate\Non_Demented\OAS1_0371\OAS1_0371_slice_05_z049.png,Non_Demented/OAS1_0371/OAS1_0371_slice_05_z049.png,Non-Demented/OAS1_0371/OAS1_0371_slice_05_z049.png,OAS1_0371,Non-Demented,0,0,Non-Demented,1,0.6461654253936568,0.2899022591195641,0.06393231548677876,0.0
OASIS_1,RandomForest,13,test,brightness_contrast__moderate,brightness_contrast,moderate,D:\OASIS_1\distortions_128\brightness_contrast\moderate\Non_Demented\OAS1_0371\OAS1_0371_slice_06_z051.png,Non_Demented/OAS1_0371/OAS1_0371_slice_06_z051.png,Non-Demented/OAS1_0371/OAS1_0371_slice_06_z051.png,OAS1_0371,Non-Demented,0,0,Non-Demented,1,0.6060986028821232,0.35916890882294256,0.034732488294933944,0.0
OASIS_1,RandomForest,13,test,brightness_contrast__moderate,brightness_contrast,moderate,D:\OASIS_1\distortions_128\brightness_contrast\moderate\Non_Demented\OAS1_0371\OAS1_0371_slice_07_z054.png,Non_Demented/OAS1_0371/OAS1_0371_slice_07_z054.png,Non-Demented/OAS1_0371/OAS1_0371_slice_07_z054.png,OAS1_0371,Non-Demented,0,3,Moderate Dementia,0,0.35071477851707833,0.12103731484059575,0.17158123997565927,0.3566666666666667
OASIS_1,RandomForest,13,test,brightness_contrast__moderate,brightness_contrast,moderate,D:\OASIS_1\distortions_128\brightness_contrast\moderate\Non_Demented\OAS1_0371\OAS1_0371_slice_08_z057.png,Non_Demented/OAS1_0371/OAS1_0371_slice_08_z057.png,Non-Demented/OAS1_0371/OAS1_0371_slice_08_z057.png,OAS1_0371,Non-Demented,0,0,Non-Demented,1,0.5511844819363322,0.38627659351910637,0.06253892454456114,0.0
OASIS_1,RandomForest,13,test,brightness_contrast__moderate,brightness_contrast,moderate,D:\OASIS_1\distortions_128\brightness_contrast\moderate\Non_Demented\OAS1_0371\OAS1_0371_slice_09_z059.png,Non_Demented/OAS1_0371/OAS1_0371_slice_09_z059.png,Non-Demented/OAS1_0371/OAS1_0371_slice_09_z059.png,OAS1_0371,Non-Demented,0,0,Non-Demented,1,0.5462349116535636,0.3981211419422251,0.055643946404211025,0.0
OASIS_1,RandomForest,13,test,brightness_contrast__moderate,brightness_contrast,moderate,D:\OASIS_1\distortions_128\brightness_contrast\moderate\Non_Demented\OAS1_0371\OAS1_0371_slice_10_z062.png,Non_Demented/OAS1_0371/OAS1_0371_slice_10_z062.png,Non-Demented/OAS1_0371/OAS1_0371_slice_10_z062.png,OAS1_0371,Non-Demented,0,3,Moderate Dementia,0,0.3218171540048921,0.10849406164372719,0.17635545101804742,0.3933333333333333
OASIS_1,RandomForest,13,test,brightness_contrast__moderate,brightness_contrast,moderate,D:\OASIS_1\distortions_128\brightness_contrast\moderate\Non_Demented\OAS1_0371\OAS1_0371_slice_11_z065.png,Non_Demented/OAS1_0371/OAS1_0371_slice_11_z065.png,Non-Demented/OAS1_0371/OAS1_0371_slice_11_z065.png,OAS1_0371,Non-Demented,0,1,Very Mild Dementia,0,0.31117495286286434,0.5763495474719442,0.11247549966519178,0.0
OASIS_1,RandomForest,13,test,brightness_contrast__moderate,brightness_contrast,moderate,D:\OASIS_1\distortions_128\brightness_contrast\moderate\Non_Demented\OAS1_0371\OAS1_0371_slice_12_z068.png,Non_Demented/OAS1_0371/OAS1_0371_slice_12_z068.png,Non-Demented/OAS1_0371/OAS1_0371_slice_12_z068.png,OAS1_0371,Non-Demented,0,0,Non-Demented,1,0.6116058531000703,0.3052058767314605,0.08318827016846927,0.0
OASIS_1,RandomForest,13,test,brightness_contrast__moderate,brightness_contrast,moderate,D:\OASIS_1\distortions_128\brightness_contrast\moderate\Non_Demented\OAS1_0371\OAS1_0371_slice_13_z070.png,Non_Demented/OAS1_0371/OAS1_0371_slice_13_z070.png,Non-Demented/OAS1_0371/OAS1_0371_slice_13_z070.png,OAS1_0371,Non-Demented,0,0,Non-Demented,1,0.569098759382781,0.38718704140350674,0.04371419921371204,0.0
OASIS_1,RandomForest,13,test,brightness_contrast__moderate,brightness_contrast,moderate,D:\OASIS_1\distortions_128\brightness_contrast\moderate\Non_Demented\OAS1_0371\OAS1_0371_slice_14_z073.png,Non_Demented/OAS1_0371/OAS1_0371_slice_14_z073.png,Non-Demented/OAS1_0371/OAS1_0371_slice_14_z073.png,OAS1_0371,Non-Demented,0,1,Very Mild Dementia,0,0.30233820033185294,0.6219209392551748,0.07574086041297255,0.0
OASIS_1,RandomForest,13,test,brightness_contrast__moderate,brightness_contrast,moderate,D:\OASIS_1\distortions_128\brightness_contrast\moderate\Non_Demented\OAS1_0371\OAS1_0371_slice_15_z076.png,Non_Demented/OAS1_0371/OAS1_0371_slice_15_z076.png,Non-Demented/OAS1_0371/OAS1_0371_slice_15_z076.png,OAS1_0371,Non-Demented,0,3,Moderate Dementia,0,0.3349957458942622,0.12391339126701117,0.1777575295053934,0.36333333333333334
OASIS_1,RandomForest,13,test,brightness_contrast__moderate,brightness_contrast,moderate,D:\OASIS_1\distortions_128\brightness_contrast\moderate\Non_Demented\OAS1_0371\OAS1_0371_slice_16_z078.png,Non_Demented/OAS1_0371/OAS1_0371_slice_16_z078.png,Non-Demented/OAS1_0371/OAS1_0371_slice_16_z078.png,OAS1_0371,Non-Demented,0,0,Non-Demented,1,0.6564523233781191,0.3198007861375664,0.02374689048431417,0.0
OASIS_1,RandomForest,13,test,brightness_contrast__moderate,brightness_contrast,moderate,D:\OASIS_1\distortions_128\brightness_contrast\moderate\Non_Demented\OAS1_0371\OAS1_0371_slice_17_z081.png,Non_Demented/OAS1_0371/OAS1_0371_slice_17_z081.png,Non-Demented/OAS1_0371/OAS1_0371_slice_17_z081.png,OAS1_0371,Non-Demented,0,1,Very Mild Dementia,0,0.3209170527810439,0.6078194543974358,0.0712634928215206,0.0
OASIS_1,RandomForest,13,test,brightness_contrast__moderate,brightness_contrast,moderate,D:\OASIS_1\distortions_128\brightness_contrast\moderate\Non_Demented\OAS1_0371\OAS1_0371_slice_18_z084.png,Non_Demented/OAS1_0371/OAS1_0371_slice_18_z084.png,Non-Demented/OAS1_0371/OAS1_0371_slice_18_z084.png,OAS1_0371,Non-Demented,0,0,Non-Demented,1,0.7928628604265548,0.17729195201777453,0.02984518755567055,0.0
OASIS_1,RandomForest,13,test,brightness_contrast__moderate,brightness_contrast,moderate,D:\OASIS_1\distortions_128\brightness_contrast\moderate\Non_Demented\OAS1_0371\OAS1_0371_slice_19_z086.png,Non_Demented/OAS1_0371/OAS1_0371_slice_19_z086.png,Non-Demented/OAS1_0371/OAS1_0371_slice_19_z086.png,OAS1_0371,Non-Demented,0,1,Very Mild Dementia,0,0.4079666508400543,0.5506505803064292,0.041382768853516445,0.0
OASIS_1,RandomForest,13,test,brightness_contrast__moderate,brightness_contrast,moderate,D:\OASIS_1\distortions_128\brightness_contrast\moderate\Non_Demented\OAS1_0371\OAS1_0371_slice_20_z089.png,Non_Demented/OAS1_0371/OAS1_0371_slice_20_z089.png,Non-Demented/OAS1_0371/OAS1_0371_slice_20_z089.png,OAS1_0371,Non-Demented,0,0,Non-Demented,1,0.8135356857872673,0.1474296260743668,0.0390346881383664,0.0
OASIS_1,RandomForest,13,test,brightness_contrast__moderate,brightness_contrast,moderate,D:\OASIS_1\distortions_128\brightness_contrast\moderate\Non_Demented\OAS1_0381\OAS1_0381_slice_01_z038.png,Non_Demented/OAS1_0381/OAS1_0381_slice_01_z038.png,Non-Demented/OAS1_0381/OAS1_0381_slice_01_z038.png,OAS1_0381,Non-Demented,0,0,Non-Demented,1,0.4135443372002165,0.31967816053991827,0.2634441689265319,0.0033333333333333335
OASIS_1,RandomForest,13,test,brightness_contrast__moderate,brightness_contrast,moderate,D:\OASIS_1\distortions_128\brightness_contrast\moderate\Non_Demented\OAS1_0381\OAS1_0381_slice_02_z041.png,Non_Demented/OAS1_0381/OAS1_0381_slice_02_z041.png,Non-Demented/OAS1_0381/OAS1_0381_slice_02_z041.png,OAS1_0381,Non-Demented,0,0,Non-Demented,1,0.4214500359313179,0.3005061391219352,0.27471049161341365,0.0033333333333333335
OASIS_1,RandomForest,13,test,brightness_contrast__moderate,brightness_contrast,moderate,D:\OASIS_1\distortions_128\brightness_contrast\moderate\Non_Demented\OAS1_0381\OAS1_0381_slice_03_z043.png,Non_Demented/OAS1_0381/OAS1_0381_slice_03_z043.png,Non-Demented/OAS1_0381/OAS1_0381_slice_03_z043.png,OAS1_0381,Non-Demented,0,0,Non-Demented,1,0.5481424080074533,0.22861014302235436,0.22324744897019233,0.0
OASIS_1,RandomForest,13,test,brightness_contrast__moderate,brightness_contrast,moderate,D:\OASIS_1\distortions_128\brightness_contrast\moderate\Non_Demented\OAS1_0381\OAS1_0381_slice_04_z046.png,Non_Demented/OAS1_0381/OAS1_0381_slice_04_z046.png,Non-Demented/OAS1_0381/OAS1_0381_slice_04_z046.png,OAS1_0381,Non-Demented,0,0,Non-Demented,1,0.504475154038967,0.2856024112037913,0.20992243475724176,0.0
OASIS_1,RandomForest,13,test,brightness_contrast__moderate,brightness_contrast,moderate,D:\OASIS_1\distortions_128\brightness_contrast\moderate\Non_Demented\OAS1_0381\OAS1_0381_slice_05_z049.png,Non_Demented/OAS1_0381/OAS1_0381_slice_05_z049.png,Non-Demented/OAS1_0381/OAS1_0381_slice_05_z049.png,OAS1_0381,Non-Demented,0,0,Non-Demented,1,0.4399045791992647,0.11342875413406872,0.15,0.2966666666666667
OASIS_1,RandomForest,13,test,brightness_contrast__moderate,brightness_contrast,moderate,D:\OASIS_1\distortions_128\brightness_contrast\moderate\Non_Demented\OAS1_0381\OAS1_0381_slice_06_z051.png,Non_Demented/OAS1_0381/OAS1_0381_slice_06_z051.png,Non-Demented/OAS1_0381/OAS1_0381_slice_06_z051.png,OAS1_0381,Non-Demented,0,0,Non-Demented,1,0.6747366328803047,0.1728304525324041,0.15243291458729108,0.0
OASIS_1,RandomForest,13,test,brightness_contrast__moderate,brightness_contrast,moderate,D:\OASIS_1\distortions_128\brightness_contrast\moderate\Non_Demented\OAS1_0381\OAS1_0381_slice_07_z054.png,Non_Demented/OAS1_0381/OAS1_0381_slice_07_z054.png,Non-Demented/OAS1_0381/OAS1_0381_slice_07_z054.png,OAS1_0381,Non-Demented,0,0,Non-Demented,1,0.5299162996883172,0.3263472850653443,0.13706974857967177,0.006666666666666667
OASIS_1,RandomForest,13,test,brightness_contrast__moderate,brightness_contrast,moderate,D:\OASIS_1\distortions_128\brightness_contrast\moderate\Non_Demented\OAS1_0381\OAS1_0381_slice_08_z057.png,Non_Demented/OAS1_0381/OAS1_0381_slice_08_z057.png,Non-Demented/OAS1_0381/OAS1_0381_slice_08_z057.png,OAS1_0381,Non-Demented,0,0,Non-Demented,1,0.7094661640935118,0.18768564109004868,0.09951486148310625,0.0033333333333333335
OASIS_1,RandomForest,13,test,brightness_contrast__moderate,brightness_contrast,moderate,D:\OASIS_1\distortions_128\brightness_contrast\moderate\Non_Demented\OAS1_0381\OAS1_0381_slice_09_z059.png,Non_Demented/OAS1_0381/OAS1_0381_slice_09_z059.png,Non-Demented/OAS1_0381/OAS1_0381_slice_09_z059.png,OAS1_0381,Non-Demented,0,0,Non-Demented,1,0.762520427772935,0.16263797225776605,0.07484159996929866,0.0
OASIS_1,RandomForest,13,test,brightness_contrast__moderate,brightness_contrast,moderate,D:\OASIS_1\distortions_128\brightness_contrast\moderate\Non_Demented\OAS1_0381\OAS1_0381_slice_10_z062.png,Non_Demented/OAS1_0381/OAS1_0381_slice_10_z062.png,Non-Demented/OAS1_0381/OAS1_0381_slice_10_z062.png,OAS1_0381,Non-Demented,0,0,Non-Demented,1,0.6306683034679922,0.23193926952960353,0.1373924270024042,0.0
OASIS_1,RandomForest,13,test,brightness_contrast__moderate,brightness_contrast,moderate,D:\OASIS_1\distortions_128\brightness_contrast\moderate\Non_Demented\OAS1_0381\OAS1_0381_slice_11_z065.png,Non_Demented/OAS1_0381/OAS1_0381_slice_11_z065.png,Non-Demented/OAS1_0381/OAS1_0381_slice_11_z065.png,OAS1_0381,Non-Demented,0,3,Moderate Dementia,0,0.32909584079838167,0.1365316530407939,0.09437250616082439,0.44
OASIS_1,RandomForest,13,test,brightness_contrast__moderate,brightness_contrast,moderate,D:\OASIS_1\distortions_128\brightness_contrast\moderate\Non_Demented\OAS1_0381\OAS1_0381_slice_12_z068.png,Non_Demented/OAS1_0381/OAS1_0381_slice_12_z068.png,Non-Demented/OAS1_0381/OAS1_0381_slice_12_z068.png,OAS1_0381,Non-Demented,0,0,Non-Demented,1,0.48039497861744757,0.3499326114691129,0.1630057432467729,0.006666666666666667
OASIS_1,RandomForest,13,test,brightness_contrast__moderate,brightness_contrast,moderate,D:\OASIS_1\distortions_128\brightness_contrast\moderate\Non_Demented\OAS1_0381\OAS1_0381_slice_13_z070.png,Non_Demented/OAS1_0381/OAS1_0381_slice_13_z070.png,Non-Demented/OAS1_0381/OAS1_0381_slice_13_z070.png,OAS1_0381,Non-Demented,0,0,Non-Demented,1,0.6533195007691995,0.1989273865673743,0.14775311266342622,0.0
OASIS_1,RandomForest,13,test,brightness_contrast__moderate,brightness_contrast,moderate,D:\OASIS_1\distortions_128\brightness_contrast\moderate\Non_Demented\OAS1_0381\OAS1_0381_slice_14_z073.png,Non_Demented/OAS1_0381/OAS1_0381_slice_14_z073.png,Non-Demented/OAS1_0381/OAS1_0381_slice_14_z073.png,OAS1_0381,Non-Demented,0,0,Non-Demented,1,0.6346372442201345,0.22521745675596325,0.14014529902390205,0.0
OASIS_1,RandomForest,13,test,brightness_contrast__moderate,brightness_contrast,moderate,D:\OASIS_1\distortions_128\brightness_contrast\moderate\Non_Demented\OAS1_0381\OAS1_0381_slice_15_z076.png,Non_Demented/OAS1_0381/OAS1_0381_slice_15_z076.png,Non-Demented/OAS1_0381/OAS1_0381_slice_15_z076.png,OAS1_0381,Non-Demented,0,0,Non-Demented,1,0.4071110267412826,0.11955563992538407,0.14666666666666667,0.32666666666666666
OASIS_1,RandomForest,13,test,brightness_contrast__moderate,brightness_contrast,moderate,D:\OASIS_1\distortions_128\brightness_contrast\moderate\Non_Demented\OAS1_0381\OAS1_0381_slice_16_z078.png,Non_Demented/OAS1_0381/OAS1_0381_slice_16_z078.png,Non-Demented/OAS1_0381/OAS1_0381_slice_16_z078.png,OAS1_0381,Non-Demented,0,0,Non-Demented,1,0.5461864215858522,0.23659287624244058,0.21388736883837395,0.0033333333333333335
OASIS_1,RandomForest,13,test,brightness_contrast__moderate,brightness_contrast,moderate,D:\OASIS_1\distortions_128\brightness_contrast\moderate\Non_Demented\OAS1_0381\OAS1_0381_slice_17_z081.png,Non_Demented/OAS1_0381/OAS1_0381_slice_17_z081.png,Non-Demented/OAS1_0381/OAS1_0381_slice_17_z081.png,OAS1_0381,Non-Demented,0,0,Non-Demented,1,0.4826250888042648,0.33415010782564436,0.18322480337009073,0.0
OASIS_1,RandomForest,13,test,brightness_contrast__moderate,brightness_contrast,moderate,D:\OASIS_1\distortions_128\brightness_contrast\moderate\Non_Demented\OAS1_0381\OAS1_0381_slice_18_z084.png,Non_Demented/OAS1_0381/OAS1_0381_slice_18_z084.png,Non-Demented/OAS1_0381/OAS1_0381_slice_18_z084.png,OAS1_0381,Non-Demented,0,0,Non-Demented,1,0.48540928366328323,0.26682736332687595,0.24776335300984081,0.0
OASIS_1,RandomForest,13,test,brightness_contrast__moderate,brightness_contrast,moderate,D:\OASIS_1\distortions_128\brightness_contrast\moderate\Non_Demented\OAS1_0381\OAS1_0381_slice_19_z086.png,Non_Demented/OAS1_0381/OAS1_0381_slice_19_z086.png,Non-Demented/OAS1_0381/OAS1_0381_slice_19_z086.png,OAS1_0381,Non-Demented,0,0,Non-Demented,1,0.4200105279186751,0.10666666666666667,0.16665613874799157,0.30666666666666664
OASIS_1,RandomForest,13,test,brightness_contrast__moderate,brightness_contrast,moderate,D:\OASIS_1\distortions_128\brightness_contrast\moderate\Non_Demented\OAS1_0381\OAS1_0381_slice_20_z089.png,Non_Demented/OAS1_0381/OAS1_0381_slice_20_z089.png,Non-Demented/OAS1_0381/OAS1_0381_slice_20_z089.png,OAS1_0381,Non-Demented,0,0,Non-Demented,1,0.44663215006659146,0.24172976295685114,0.3116380869765576,0.0
OASIS_1,RandomForest,13,test,brightness_contrast__moderate,brightness_contrast,moderate,D:\OASIS_1\distortions_128\brightness_contrast\moderate\Non_Demented\OAS1_0443\OAS1_0443_slice_01_z038.png,Non_Demented/OAS1_0443/OAS1_0443_slice_01_z038.png,Non-Demented/OAS1_0443/OAS1_0443_slice_01_z038.png,OAS1_0443,Non-Demented,0,0,Non-Demented,1,0.773631889301083,0.20276231920543458,0.023605791493482894,0.0
OASIS_1,RandomForest,13,test,brightness_contrast__moderate,brightness_contrast,moderate,D:\OASIS_1\distortions_128\brightness_contrast\moderate\Non_Demented\OAS1_0443\OAS1_0443_slice_02_z041.png,Non_Demented/OAS1_0443/OAS1_0443_slice_02_z041.png,Non-Demented/OAS1_0443/OAS1_0443_slice_02_z041.png,OAS1_0443,Non-Demented,0,0,Non-Demented,1,0.5542453969269248,0.4201219325127711,0.025632670560304067,0.0
OASIS_1,RandomForest,13,test,brightness_contrast__moderate,brightness_contrast,moderate,D:\OASIS_1\distortions_128\brightness_contrast\moderate\Non_Demented\OAS1_0443\OAS1_0443_slice_03_z043.png,Non_Demented/OAS1_0443/OAS1_0443_slice_03_z043.png,Non-Demented/OAS1_0443/OAS1_0443_slice_03_z043.png,OAS1_0443,Non-Demented,0,0,Non-Demented,1,0.7408609129708248,0.20607332856780153,0.05306575846137384,0.0
OASIS_1,RandomForest,13,test,brightness_contrast__moderate,brightness_contrast,moderate,D:\OASIS_1\distortions_128\brightness_contrast\moderate\Non_Demented\OAS1_0443\OAS1_0443_slice_04_z046.png,Non_Demented/OAS1_0443/OAS1_0443_slice_04_z046.png,Non-Demented/OAS1_0443/OAS1_0443_slice_04_z046.png,OAS1_0443,Non-Demented,0,0,Non-Demented,1,0.5319296821990711,0.3994468886822931,0.06862342911863567,0.0
OASIS_1,RandomForest,13,test,brightness_contrast__moderate,brightness_contrast,moderate,D:\OASIS_1\distortions_128\brightness_contrast\moderate\Non_Demented\OAS1_0443\OAS1_0443_slice_05_z049.png,Non_Demented/OAS1_0443/OAS1_0443_slice_05_z049.png,Non-Demented/OAS1_0443/OAS1_0443_slice_05_z049.png,OAS1_0443,Non-Demented,0,1,Very Mild Dementia,0,0.4304213775587934,0.5212883538420023,0.04829026859920435,0.0
OASIS_1,RandomForest,13,test,brightness_contrast__moderate,brightness_contrast,moderate,D:\OASIS_1\distortions_128\brightness_contrast\moderate\Non_Demented\OAS1_0443\OAS1_0443_slice_06_z051.png,Non_Demented/OAS1_0443/OAS1_0443_slice_06_z051.png,Non-Demented/OAS1_0443/OAS1_0443_slice_06_z051.png,OAS1_0443,Non-Demented,0,3,Moderate Dementia,0,0.3592508849068294,0.1070307875699123,0.1570516608565917,0.37666666666666665
OASIS_1,RandomForest,13,test,brightness_contrast__moderate,brightness_contrast,moderate,D:\OASIS_1\distortions_128\brightness_contrast\moderate\Non_Demented\OAS1_0443\OAS1_0443_slice_07_z054.png,Non_Demented/OAS1_0443/OAS1_0443_slice_07_z054.png,Non-Demented/OAS1_0443/OAS1_0443_slice_07_z054.png,OAS1_0443,Non-Demented,0,3,Moderate Dementia,0,0.36591755157349604,0.1170307875699123,0.14371832752325836,0.37333333333333335
OASIS_1,RandomForest,13,test,brightness_contrast__moderate,brightness_contrast,moderate,D:\OASIS_1\distortions_128\brightness_contrast\moderate\Non_Demented\OAS1_0443\OAS1_0443_slice_08_z057.png,Non_Demented/OAS1_0443/OAS1_0443_slice_08_z057.png,Non-Demented/OAS1_0443/OAS1_0443_slice_08_z057.png,OAS1_0443,Non-Demented,0,1,Very Mild Dementia,0,0.391616343027108,0.5360613068240365,0.07232235014885567,0.0
OASIS_1,RandomForest,13,test,brightness_contrast__moderate,brightness_contrast,moderate,D:\OASIS_1\distortions_128\brightness_contrast\moderate\Non_Demented\OAS1_0443\OAS1_0443_slice_09_z059.png,Non_Demented/OAS1_0443/OAS1_0443_slice_09_z059.png,Non-Demented/OAS1_0443/OAS1_0443_slice_09_z059.png,OAS1_0443,Non-Demented,0,0,Non-Demented,1,0.3671349797792193,0.12219050521851275,0.15734118166893468,0.35333333333333333
OASIS_1,RandomForest,13,test,brightness_contrast__moderate,brightness_contrast,moderate,D:\OASIS_1\distortions_128\brightness_contrast\moderate\Non_Demented\OAS1_0443\OAS1_0443_slice_10_z062.png,Non_Demented/OAS1_0443/OAS1_0443_slice_10_z062.png,Non-Demented/OAS1_0443/OAS1_0443_slice_10_z062.png,OAS1_0443,Non-Demented,0,3,Moderate Dementia,0,0.34613642144103646,0.13059197201749767,0.1499382732081326,0.37333333333333335
OASIS_1,RandomForest,13,test,brightness_contrast__moderate,brightness_contrast,moderate,D:\OASIS_1\distortions_128\brightness_contrast\moderate\Non_Demented\OAS1_0443\OAS1_0443_slice_11_z065.png,Non_Demented/OAS1_0443/OAS1_0443_slice_11_z065.png,Non-Demented/OAS1_0443/OAS1_0443_slice_11_z065.png,OAS1_0443,Non-Demented,0,0,Non-Demented,1,0.5145520430715322,0.2809326100238039,0.2045153469046637,0.0
OASIS_1,RandomForest,13,test,brightness_contrast__moderate,brightness_contrast,moderate,D:\OASIS_1\distortions_128\brightness_contrast\moderate\Non_Demented\OAS1_0443\OAS1_0443_slice_12_z068.png,Non_Demented/OAS1_0443/OAS1_0443_slice_12_z068.png,Non-Demented/OAS1_0443/OAS1_0443_slice_12_z068.png,OAS1_0443,Non-Demented,0,1,Very Mild Dementia,0,0.3854112695560622,0.5379286812149053,0.07332671589569933,0.0033333333333333335
OASIS_1,RandomForest,13,test,brightness_contrast__moderate,brightness_contrast,moderate,D:\OASIS_1\distortions_128\brightness_contrast\moderate\Non_Demented\OAS1_0443\OAS1_0443_slice_13_z070.png,Non_Demented/OAS1_0443/OAS1_0443_slice_13_z070.png,Non-Demented/OAS1_0443/OAS1_0443_slice_13_z070.png,OAS1_0443,Non-Demented,0,3,Moderate Dementia,0,0.34369551357111927,0.12230716601195453,0.17066398708359296,0.36333333333333334
OASIS_1,RandomForest,13,test,brightness_contrast__moderate,brightness_contrast,moderate,D:\OASIS_1\distortions_128\brightness_contrast\moderate\Non_Demented\OAS1_0443\OAS1_0443_slice_14_z073.png,Non_Demented/OAS1_0443/OAS1_0443_slice_14_z073.png,Non-Demented/OAS1_0443/OAS1_0443_slice_14_z073.png,OAS1_0443,Non-Demented,0,0,Non-Demented,1,0.5503557086067234,0.297110181925168,0.15253410946810878,0.0
OASIS_1,RandomForest,13,test,brightness_contrast__moderate,brightness_contrast,moderate,D:\OASIS_1\distortions_128\brightness_contrast\moderate\Non_Demented\OAS1_0443\OAS1_0443_slice_15_z076.png,Non_Demented/OAS1_0443/OAS1_0443_slice_15_z076.png,Non-Demented/OAS1_0443/OAS1_0443_slice_15_z076.png,OAS1_0443,Non-Demented,0,0,Non-Demented,1,0.6925294750717806,0.2472886018263425,0.06018192310187669,0.0
OASIS_1,RandomForest,13,test,brightness_contrast__moderate,brightness_contrast,moderate,D:\OASIS_1\distortions_128\brightness_contrast\moderate\Non_Demented\OAS1_0443\OAS1_0443_slice_16_z078.png,Non_Demented/OAS1_0443/OAS1_0443_slice_16_z078.png,Non-Demented/OAS1_0443/OAS1_0443_slice_16_z078.png,OAS1_0443,Non-Demented,0,1,Very Mild Dementia,0,0.4014165978638842,0.5387215340821804,0.05986186805393584,0.0
OASIS_1,RandomForest,13,test,brightness_contrast__moderate,brightness_contrast,moderate,D:\OASIS_1\distortions_128\brightness_contrast\moderate\Non_Demented\OAS1_0443\OAS1_0443_slice_17_z081.png,Non_Demented/OAS1_0443/OAS1_0443_slice_17_z081.png,Non-Demented/OAS1_0443/OAS1_0443_slice_17_z081.png,OAS1_0443,Non-Demented,0,0,Non-Demented,1,0.7259037291689969,0.23818476851001166,0.035911502320991225,0.0
OASIS_1,RandomForest,13,test,brightness_contrast__moderate,brightness_contrast,moderate,D:\OASIS_1\distortions_128\brightness_contrast\moderate\Non_Demented\OAS1_0443\OAS1_0443_slice_18_z084.png,Non_Demented/OAS1_0443/OAS1_0443_slice_18_z084.png,Non-Demented/OAS1_0443/OAS1_0443_slice_18_z084.png,OAS1_0443,Non-Demented,0,0,Non-Demented,1,0.5618124477729526,0.40259915477501607,0.035588397452031205,0.0
OASIS_1,RandomForest,13,test,brightness_contrast__moderate,brightness_contrast,moderate,D:\OASIS_1\distortions_128\brightness_contrast\moderate\Non_Demented\OAS1_0443\OAS1_0443_slice_19_z086.png,Non_Demented/OAS1_0443/OAS1_0443_slice_19_z086.png,Non-Demented/OAS1_0443/OAS1_0443_slice_19_z086.png,OAS1_0443,Non-Demented,0,1,Very Mild Dementia,0,0.46757926106011166,0.4743447197056585,0.058076019234229684,0.0
OASIS_1,RandomForest,13,test,brightness_contrast__moderate,brightness_contrast,moderate,D:\OASIS_1\distortions_128\brightness_contrast\moderate\Non_Demented\OAS1_0443\OAS1_0443_slice_20_z089.png,Non_Demented/OAS1_0443/OAS1_0443_slice_20_z089.png,Non-Demented/OAS1_0443/OAS1_0443_slice_20_z089.png,OAS1_0443,Non-Demented,0,1,Very Mild Dementia,0,0.4421027688772212,0.500141541896428,0.057755689226350715,0.0
OASIS_1,RandomForest,13,test,brightness_contrast__moderate,brightness_contrast,moderate,D:\OASIS_1\distortions_128\brightness_contrast\moderate\Non_Demented\OAS1_0445\OAS1_0445_slice_01_z038.png,Non_Demented/OAS1_0445/OAS1_0445_slice_01_z038.png,Non-Demented/OAS1_0445/OAS1_0445_slice_01_z038.png,OAS1_0445,Non-Demented,0,1,Very Mild Dementia,0,0.35313325735549045,0.5189272099240368,0.12793953272047298,0.0
OASIS_1,RandomForest,13,test,brightness_contrast__moderate,brightness_contrast,moderate,D:\OASIS_1\distortions_128\brightness_contrast\moderate\Non_Demented\OAS1_0445\OAS1_0445_slice_02_z041.png,Non_Demented/OAS1_0445/OAS1_0445_slice_02_z041.png,Non-Demented/OAS1_0445/OAS1_0445_slice_02_z041.png,OAS1_0445,Non-Demented,0,1,Very Mild Dementia,0,0.39145239704931073,0.4752030118592085,0.13334459109148086,0.0
OASIS_1,RandomForest,13,test,brightness_contrast__moderate,brightness_contrast,moderate,D:\OASIS_1\distortions_128\brightness_contrast\moderate\Non_Demented\OAS1_0445\OAS1_0445_slice_03_z043.png,Non_Demented/OAS1_0445/OAS1_0445_slice_03_z043.png,Non-Demented/OAS1_0445/OAS1_0445_slice_03_z043.png,OAS1_0445,Non-Demented,0,0,Non-Demented,1,0.5344174652205079,0.2284769633461905,0.2371055714333009,0.0
OASIS_1,RandomForest,13,test,brightness_contrast__moderate,brightness_contrast,moderate,D:\OASIS_1\distortions_128\brightness_contrast\moderate\Non_Demented\OAS1_0445\OAS1_0445_slice_04_z046.png,Non_Demented/OAS1_0445/OAS1_0445_slice_04_z046.png,Non-Demented/OAS1_0445/OAS1_0445_slice_04_z046.png,OAS1_0445,Non-Demented,0,0,Non-Demented,1,0.44633657219490325,0.24774418732750023,0.3059192404775965,0.0
OASIS_1,RandomForest,13,test,brightness_contrast__moderate,brightness_contrast,moderate,D:\OASIS_1\distortions_128\brightness_contrast\moderate\Non_Demented\OAS1_0445\OAS1_0445_slice_05_z049.png,Non_Demented/OAS1_0445/OAS1_0445_slice_05_z049.png,Non-Demented/OAS1_0445/OAS1_0445_slice_05_z049.png,OAS1_0445,Non-Demented,0,0,Non-Demented,1,0.39815214903479546,0.11453080859983819,0.1339837090320331,0.35333333333333333
OASIS_1,RandomForest,13,test,brightness_contrast__moderate,brightness_contrast,moderate,D:\OASIS_1\distortions_128\brightness_contrast\moderate\Non_Demented\OAS1_0445\OAS1_0445_slice_06_z051.png,Non_Demented/OAS1_0445/OAS1_0445_slice_06_z051.png,Non-Demented/OAS1_0445/OAS1_0445_slice_06_z051.png,OAS1_0445,Non-Demented,0,0,Non-Demented,1,0.4010049105326921,0.10927508449126627,0.12972000497604164,0.36
OASIS_1,RandomForest,13,test,brightness_contrast__moderate,brightness_contrast,moderate,D:\OASIS_1\distortions_128\brightness_contrast\moderate\Non_Demented\OAS1_0445\OAS1_0445_slice_07_z054.png,Non_Demented/OAS1_0445/OAS1_0445_slice_07_z054.png,Non-Demented/OAS1_0445/OAS1_0445_slice_07_z054.png,OAS1_0445,Non-Demented,0,1,Very Mild Dementia,0,0.3573800085707407,0.4844962240051716,0.15812376742408793,0.0
OASIS_1,RandomForest,13,test,brightness_contrast__moderate,brightness_contrast,moderate,D:\OASIS_1\distortions_128\brightness_contrast\moderate\Non_Demented\OAS1_0445\OAS1_0445_slice_08_z057.png,Non_Demented/OAS1_0445/OAS1_0445_slice_08_z057.png,Non-Demented/OAS1_0445/OAS1_0445_slice_08_z057.png,OAS1_0445,Non-Demented,0,0,Non-Demented,1,0.4796943797545115,0.2801792882196545,0.24012633202583364,0.0
OASIS_1,RandomForest,13,test,brightness_contrast__moderate,brightness_contrast,moderate,D:\OASIS_1\distortions_128\brightness_contrast\moderate\Non_Demented\OAS1_0445\OAS1_0445_slice_09_z059.png,Non_Demented/OAS1_0445/OAS1_0445_slice_09_z059.png,Non-Demented/OAS1_0445/OAS1_0445_slice_09_z059.png,OAS1_0445,Non-Demented,0,3,Moderate Dementia,0,0.31935525109113744,0.11212114740874035,0.13185693483345554,0.43666666666666665
OASIS_1,RandomForest,13,test,brightness_contrast__moderate,brightness_contrast,moderate,D:\OASIS_1\distortions_128\brightness_contrast\moderate\Non_Demented\OAS1_0445\OAS1_0445_slice_10_z062.png,Non_Demented/OAS1_0445/OAS1_0445_slice_10_z062.png,Non-Demented/OAS1_0445/OAS1_0445_slice_10_z062.png,OAS1_0445,Non-Demented,0,1,Very Mild Dementia,0,0.3715065526745142,0.5046165712066396,0.12387687611884621,0.0
OASIS_1,RandomForest,13,test,brightness_contrast__moderate,brightness_contrast,moderate,D:\OASIS_1\distortions_128\brightness_contrast\moderate\Non_Demented\OAS1_0445\OAS1_0445_slice_11_z065.png,Non_Demented/OAS1_0445/OAS1_0445_slice_11_z065.png,Non-Demented/OAS1_0445/OAS1_0445_slice_11_z065.png,OAS1_0445,Non-Demented,0,0,Non-Demented,1,0.4543210355265057,0.25094956147111724,0.2947294030023768,0.0
OASIS_1,RandomForest,13,test,brightness_contrast__moderate,brightness_contrast,moderate,D:\OASIS_1\distortions_128\brightness_contrast\moderate\Non_Demented\OAS1_0445\OAS1_0445_slice_12_z068.png,Non_Demented/OAS1_0445/OAS1_0445_slice_12_z068.png,Non-Demented/OAS1_0445/OAS1_0445_slice_12_z068.png,OAS1_0445,Non-Demented,0,3,Moderate Dementia,0,0.3437490250351891,0.10095648223977907,0.11529449272503184,0.44
OASIS_1,RandomForest,13,test,brightness_contrast__moderate,brightness_contrast,moderate,D:\OASIS_1\distortions_128\brightness_contrast\moderate\Non_Demented\OAS1_0445\OAS1_0445_slice_13_z070.png,Non_Demented/OAS1_0445/OAS1_0445_slice_13_z070.png,Non-Demented/OAS1_0445/OAS1_0445_slice_13_z070.png,OAS1_0445,Non-Demented,0,0,Non-Demented,1,0.43472708351256584,0.27657128746450793,0.2887016290229266,0.0
OASIS_1,RandomForest,13,test,brightness_contrast__moderate,brightness_contrast,moderate,D:\OASIS_1\distortions_128\brightness_contrast\moderate\Non_Demented\OAS1_0445\OAS1_0445_slice_14_z073.png,Non_Demented/OAS1_0445/OAS1_0445_slice_14_z073.png,Non-Demented/OAS1_0445/OAS1_0445_slice_14_z073.png,OAS1_0445,Non-Demented,0,0,Non-Demented,1,0.4811343422506788,0.23397083355046505,0.2848948241988565,0.0
OASIS_1,RandomForest,13,test,brightness_contrast__moderate,brightness_contrast,moderate,D:\OASIS_1\distortions_128\brightness_contrast\moderate\Non_Demented\OAS1_0445\OAS1_0445_slice_15_z076.png,Non_Demented/OAS1_0445/OAS1_0445_slice_15_z076.png,Non-Demented/OAS1_0445/OAS1_0445_slice_15_z076.png,OAS1_0445,Non-Demented,0,0,Non-Demented,1,0.4199144742360411,0.3042549122962765,0.27583061346768256,0.0
OASIS_1,RandomForest,13,test,brightness_contrast__moderate,brightness_contrast,moderate,D:\OASIS_1\distortions_128\brightness_contrast\moderate\Non_Demented\OAS1_0445\OAS1_0445_slice_16_z078.png,Non_Demented/OAS1_0445/OAS1_0445_slice_16_z078.png,Non-Demented/OAS1_0445/OAS1_0445_slice_16_z078.png,OAS1_0445,Non-Demented,0,0,Non-Demented,1,0.41846831489283054,0.30235322184020164,0.279178463266968,0.0
OASIS_1,RandomForest,13,test,brightness_contrast__moderate,brightness_contrast,moderate,D:\OASIS_1\distortions_128\brightness_contrast\moderate\Non_Demented\OAS1_0445\OAS1_0445_slice_17_z081.png,Non_Demented/OAS1_0445/OAS1_0445_slice_17_z081.png,Non-Demented/OAS1_0445/OAS1_0445_slice_17_z081.png,OAS1_0445,Non-Demented,0,1,Very Mild Dementia,0,0.37232799683851814,0.4907346765956102,0.13693732656587163,0.0
OASIS_1,RandomForest,13,test,brightness_contrast__moderate,brightness_contrast,moderate,D:\OASIS_1\distortions_128\brightness_contrast\moderate\Non_Demented\OAS1_0445\OAS1_0445_slice_18_z084.png,Non_Demented/OAS1_0445/OAS1_0445_slice_18_z084.png,Non-Demented/OAS1_0445/OAS1_0445_slice_18_z084.png,OAS1_0445,Non-Demented,0,0,Non-Demented,1,0.4448120697977114,0.2518778474256364,0.3033100827766525,0.0
OASIS_1,RandomForest,13,test,brightness_contrast__moderate,brightness_contrast,moderate,D:\OASIS_1\distortions_128\brightness_contrast\moderate\Non_Demented\OAS1_0445\OAS1_0445_slice_19_z086.png,Non_Demented/OAS1_0445/OAS1_0445_slice_19_z086.png,Non-Demented/OAS1_0445/OAS1_0445_slice_19_z086.png,OAS1_0445,Non-Demented,0,0,Non-Demented,1,0.5743466847003155,0.21736750992672602,0.20161913870629186,0.006666666666666667
OASIS_1,RandomForest,13,test,brightness_contrast__moderate,brightness_contrast,moderate,D:\OASIS_1\distortions_128\brightness_contrast\moderate\Non_Demented\OAS1_0445\OAS1_0445_slice_20_z089.png,Non_Demented/OAS1_0445/OAS1_0445_slice_20_z089.png,Non-Demented/OAS1_0445/OAS1_0445_slice_20_z089.png,OAS1_0445,Non-Demented,0,0,Non-Demented,1,0.4778569268431634,0.2100204556775986,0.312122617479238,0.0
OASIS_1,RandomForest,13,test,brightness_contrast__moderate,brightness_contrast,moderate,D:\OASIS_1\distortions_128\brightness_contrast\moderate\Very_Mild_Dementia\OAS1_0015\OAS1_0015_slice_01_z038.png,Very_Mild_Dementia/OAS1_0015/OAS1_0015_slice_01_z038.png,Very Mild Dementia/OAS1_0015/OAS1_0015_slice_01_z038.png,OAS1_0015,Very Mild Dementia,1,0,Non-Demented,0,0.39589129198882433,0.10601098152973953,0.10809772648143615,0.39
OASIS_1,RandomForest,13,test,brightness_contrast__moderate,brightness_contrast,moderate,D:\OASIS_1\distortions_128\brightness_contrast\moderate\Very_Mild_Dementia\OAS1_0015\OAS1_0015_slice_02_z041.png,Very_Mild_Dementia/OAS1_0015/OAS1_0015_slice_02_z041.png,Very Mild Dementia/OAS1_0015/OAS1_0015_slice_02_z041.png,OAS1_0015,Very Mild Dementia,1,0,Non-Demented,0,0.7335669426494029,0.1663198253225815,0.09677989869468225,0.0033333333333333335
OASIS_1,RandomForest,13,test,brightness_contrast__moderate,brightness_contrast,moderate,D:\OASIS_1\distortions_128\brightness_contrast\moderate\Very_Mild_Dementia\OAS1_0015\OAS1_0015_slice_03_z043.png,Very_Mild_Dementia/OAS1_0015/OAS1_0015_slice_03_z043.png,Very Mild Dementia/OAS1_0015/OAS1_0015_slice_03_z043.png,OAS1_0015,Very Mild Dementia,1,0,Non-Demented,0,0.42,0.08333333333333333,0.11333333333333333,0.38333333333333336
OASIS_1,RandomForest,13,test,brightness_contrast__moderate,brightness_contrast,moderate,D:\OASIS_1\distortions_128\brightness_contrast\moderate\Very_Mild_Dementia\OAS1_0015\OAS1_0015_slice_04_z046.png,Very_Mild_Dementia/OAS1_0015/OAS1_0015_slice_04_z046.png,Very Mild Dementia/OAS1_0015/OAS1_0015_slice_04_z046.png,OAS1_0015,Very Mild Dementia,1,0,Non-Demented,0,0.41333333333333333,0.09333333333333334,0.13666666666666666,0.3566666666666667
OASIS_1,RandomForest,13,test,brightness_contrast__moderate,brightness_contrast,moderate,D:\OASIS_1\distortions_128\brightness_contrast\moderate\Very_Mild_Dementia\OAS1_0015\OAS1_0015_slice_05_z049.png,Very_Mild_Dementia/OAS1_0015/OAS1_0015_slice_05_z049.png,Very Mild Dementia/OAS1_0015/OAS1_0015_slice_05_z049.png,OAS1_0015,Very Mild Dementia,1,0,Non-Demented,0,0.5472969989531103,0.305692850821211,0.13701015022567883,0.01
OASIS_1,RandomForest,13,test,brightness_contrast__moderate,brightness_contrast,moderate,D:\OASIS_1\distortions_128\brightness_contrast\moderate\Very_Mild_Dementia\OAS1_0015\OAS1_0015_slice_06_z051.png,Very_Mild_Dementia/OAS1_0015/OAS1_0015_slice_06_z051.png,Very Mild Dementia/OAS1_0015/OAS1_0015_slice_06_z051.png,OAS1_0015,Very Mild Dementia,1,0,Non-Demented,0,0.3933438612520085,0.08333333333333333,0.13332280541465824,0.39
OASIS_1,RandomForest,13,test,brightness_contrast__moderate,brightness_contrast,moderate,D:\OASIS_1\distortions_128\brightness_contrast\moderate\Very_Mild_Dementia\OAS1_0015\OAS1_0015_slice_07_z054.png,Very_Mild_Dementia/OAS1_0015/OAS1_0015_slice_07_z054.png,Very Mild Dementia/OAS1_0015/OAS1_0015_slice_07_z054.png,OAS1_0015,Very Mild Dementia,1,3,Moderate Dementia,0,0.3948536648476181,0.08816147198232177,0.12031819650339348,0.39666666666666667
OASIS_1,RandomForest,13,test,brightness_contrast__moderate,brightness_contrast,moderate,D:\OASIS_1\distortions_128\brightness_contrast\moderate\Very_Mild_Dementia\OAS1_0015\OAS1_0015_slice_08_z057.png,Very_Mild_Dementia/OAS1_0015/OAS1_0015_slice_08_z057.png,Very Mild Dementia/OAS1_0015/OAS1_0015_slice_08_z057.png,OAS1_0015,Very Mild Dementia,1,0,Non-Demented,0,0.5829441328191947,0.3034907031741995,0.10689849733993927,0.006666666666666667
OASIS_1,RandomForest,13,test,brightness_contrast__moderate,brightness_contrast,moderate,D:\OASIS_1\distortions_128\brightness_contrast\moderate\Very_Mild_Dementia\OAS1_0015\OAS1_0015_slice_09_z059.png,Very_Mild_Dementia/OAS1_0015/OAS1_0015_slice_09_z059.png,Very Mild Dementia/OAS1_0015/OAS1_0015_slice_09_z059.png,OAS1_0015,Very Mild Dementia,1,0,Non-Demented,0,0.4087105332547395,0.09058359809645879,0.09737253531546837,0.4033333333333333
OASIS_1,RandomForest,13,test,brightness_contrast__moderate,brightness_contrast,moderate,D:\OASIS_1\distortions_128\brightness_contrast\moderate\Very_Mild_Dementia\OAS1_0015\OAS1_0015_slice_10_z062.png,Very_Mild_Dementia/OAS1_0015/OAS1_0015_slice_10_z062.png,Very Mild Dementia/OAS1_0015/OAS1_0015_slice_10_z062.png,OAS1_0015,Very Mild Dementia,1,0,Non-Demented,0,0.7486315649151224,0.2077580832686463,0.040277018482897976,0.0033333333333333335
OASIS_1,RandomForest,13,test,brightness_contrast__moderate,brightness_contrast,moderate,D:\OASIS_1\distortions_128\brightness_contrast\moderate\Very_Mild_Dementia\OAS1_0015\OAS1_0015_slice_11_z065.png,Very_Mild_Dementia/OAS1_0015/OAS1_0015_slice_11_z065.png,Very Mild Dementia/OAS1_0015/OAS1_0015_slice_11_z065.png,OAS1_0015,Very Mild Dementia,1,0,Non-Demented,0,0.8024765661271707,0.15761928503718384,0.03657081550231209,0.0033333333333333335
OASIS_1,RandomForest,13,test,brightness_contrast__moderate,brightness_contrast,moderate,D:\OASIS_1\distortions_128\brightness_contrast\moderate\Very_Mild_Dementia\OAS1_0015\OAS1_0015_slice_12_z068.png,Very_Mild_Dementia/OAS1_0015/OAS1_0015_slice_12_z068.png,Very Mild Dementia/OAS1_0015/OAS1_0015_slice_12_z068.png,OAS1_0015,Very Mild Dementia,1,1,Very Mild Dementia,1,0.39184620011110755,0.4608393811095447,0.1406477521126812,0.006666666666666667
OASIS_1,RandomForest,13,test,brightness_contrast__moderate,brightness_contrast,moderate,D:\OASIS_1\distortions_128\brightness_contrast\moderate\Very_Mild_Dementia\OAS1_0015\OAS1_0015_slice_13_z070.png,Very_Mild_Dementia/OAS1_0015/OAS1_0015_slice_13_z070.png,Very Mild Dementia/OAS1_0015/OAS1_0015_slice_13_z070.png,OAS1_0015,Very Mild Dementia,1,3,Moderate Dementia,0,0.3953877278400813,0.08391693142979212,0.10402867406345992,0.4166666666666667
OASIS_1,RandomForest,13,test,brightness_contrast__moderate,brightness_contrast,moderate,D:\OASIS_1\distortions_128\brightness_contrast\moderate\Very_Mild_Dementia\OAS1_0015\OAS1_0015_slice_14_z073.png,Very_Mild_Dementia/OAS1_0015/OAS1_0015_slice_14_z073.png,Very Mild Dementia/OAS1_0015/OAS1_0015_slice_14_z073.png,OAS1_0015,Very Mild Dementia,1,0,Non-Demented,0,0.8266560369690195,0.13880454751290702,0.03453941551807348,0.0
OASIS_1,RandomForest,13,test,brightness_contrast__moderate,brightness_contrast,moderate,D:\OASIS_1\distortions_128\brightness_contrast\moderate\Very_Mild_Dementia\OAS1_0015\OAS1_0015_slice_15_z076.png,Very_Mild_Dementia/OAS1_0015/OAS1_0015_slice_15_z076.png,Very Mild Dementia/OAS1_0015/OAS1_0015_slice_15_z076.png,OAS1_0015,Very Mild Dementia,1,0,Non-Demented,0,0.7172167122775917,0.23040951947364136,0.04904043491543378,0.0033333333333333335
OASIS_1,RandomForest,13,test,brightness_contrast__moderate,brightness_contrast,moderate,D:\OASIS_1\distortions_128\brightness_contrast\moderate\Very_Mild_Dementia\OAS1_0015\OAS1_0015_slice_16_z078.png,Very_Mild_Dementia/OAS1_0015/OAS1_0015_slice_16_z078.png,Very Mild Dementia/OAS1_0015/OAS1_0015_slice_16_z078.png,OAS1_0015,Very Mild Dementia,1,0,Non-Demented,0,0.557439431779988,0.3130978106109987,0.12612942427568033,0.0033333333333333335
OASIS_1,RandomForest,13,test,brightness_contrast__moderate,brightness_contrast,moderate,D:\OASIS_1\distortions_128\brightness_contrast\moderate\Very_Mild_Dementia\OAS1_0015\OAS1_0015_slice_17_z081.png,Very_Mild_Dementia/OAS1_0015/OAS1_0015_slice_17_z081.png,Very Mild Dementia/OAS1_0015/OAS1_0015_slice_17_z081.png,OAS1_0015,Very Mild Dementia,1,0,Non-Demented,0,0.8129992602500647,0.13316686982983092,0.04716720325343778,0.006666666666666667
OASIS_1,RandomForest,13,test,brightness_contrast__moderate,brightness_contrast,moderate,D:\OASIS_1\distortions_128\brightness_contrast\moderate\Very_Mild_Dementia\OAS1_0015\OAS1_0015_slice_18_z084.png,Very_Mild_Dementia/OAS1_0015/OAS1_0015_slice_18_z084.png,Very Mild Dementia/OAS1_0015/OAS1_0015_slice_18_z084.png,OAS1_0015,Very Mild Dementia,1,0,Non-Demented,0,0.41334386125200845,0.09,0.11998947208132489,0.37666666666666665
OASIS_1,RandomForest,13,test,brightness_contrast__moderate,brightness_contrast,moderate,D:\OASIS_1\distortions_128\brightness_contrast\moderate\Very_Mild_Dementia\OAS1_0015\OAS1_0015_slice_19_z086.png,Very_Mild_Dementia/OAS1_0015/OAS1_0015_slice_19_z086.png,Very Mild Dementia/OAS1_0015/OAS1_0015_slice_19_z086.png,OAS1_0015,Very Mild Dementia,1,0,Non-Demented,0,0.7973508187117485,0.1448623662886687,0.05445348166624952,0.0033333333333333335
OASIS_1,RandomForest,13,test,brightness_contrast__moderate,brightness_contrast,moderate,D:\OASIS_1\distortions_128\brightness_contrast\moderate\Very_Mild_Dementia\OAS1_0015\OAS1_0015_slice_20_z089.png,Very_Mild_Dementia/OAS1_0015/OAS1_0015_slice_20_z089.png,Very Mild Dementia/OAS1_0015/OAS1_0015_slice_20_z089.png,OAS1_0015,Very Mild Dementia,1,0,Non-Demented,0,0.6375646208134408,0.26461223205903406,0.09448981379419182,0.0033333333333333335
OASIS_1,RandomForest,13,test,brightness_contrast__moderate,brightness_contrast,moderate,D:\OASIS_1\distortions_128\brightness_contrast\moderate\Very_Mild_Dementia\OAS1_0022\OAS1_0022_slice_01_z038.png,Very_Mild_Dementia/OAS1_0022/OAS1_0022_slice_01_z038.png,Very Mild Dementia/OAS1_0022/OAS1_0022_slice_01_z038.png,OAS1_0022,Very Mild Dementia,1,0,Non-Demented,0,0.7145413228307589,0.19397140298155277,0.08815394085435511,0.0033333333333333335
OASIS_1,RandomForest,13,test,brightness_contrast__moderate,brightness_contrast,moderate,D:\OASIS_1\distortions_128\brightness_contrast\moderate\Very_Mild_Dementia\OAS1_0022\OAS1_0022_slice_02_z041.png,Very_Mild_Dementia/OAS1_0022/OAS1_0022_slice_02_z041.png,Very Mild Dementia/OAS1_0022/OAS1_0022_slice_02_z041.png,OAS1_0022,Very Mild Dementia,1,0,Non-Demented,0,0.5142597122189194,0.3498462593313383,0.13589402844974222,0.0
OASIS_1,RandomForest,13,test,brightness_contrast__moderate,brightness_contrast,moderate,D:\OASIS_1\distortions_128\brightness_contrast\moderate\Very_Mild_Dementia\OAS1_0022\OAS1_0022_slice_03_z043.png,Very_Mild_Dementia/OAS1_0022/OAS1_0022_slice_03_z043.png,Very Mild Dementia/OAS1_0022/OAS1_0022_slice_03_z043.png,OAS1_0022,Very Mild Dementia,1,0,Non-Demented,0,0.729513374041904,0.1793499358965653,0.08780335672819721,0.0033333333333333335
OASIS_1,RandomForest,13,test,brightness_contrast__moderate,brightness_contrast,moderate,D:\OASIS_1\distortions_128\brightness_contrast\moderate\Very_Mild_Dementia\OAS1_0022\OAS1_0022_slice_04_z046.png,Very_Mild_Dementia/OAS1_0022/OAS1_0022_slice_04_z046.png,Very Mild Dementia/OAS1_0022/OAS1_0022_slice_04_z046.png,OAS1_0022,Very Mild Dementia,1,0,Non-Demented,0,0.5564601275931328,0.20368463049222835,0.23985524191463828,0.0
OASIS_1,RandomForest,13,test,brightness_contrast__moderate,brightness_contrast,moderate,D:\OASIS_1\distortions_128\brightness_contrast\moderate\Very_Mild_Dementia\OAS1_0022\OAS1_0022_slice_05_z049.png,Very_Mild_Dementia/OAS1_0022/OAS1_0022_slice_05_z049.png,Very Mild Dementia/OAS1_0022/OAS1_0022_slice_05_z049.png,OAS1_0022,Very Mild Dementia,1,0,Non-Demented,0,0.5271996408287436,0.22701701217212597,0.24578334699913001,0.0
OASIS_1,RandomForest,13,test,brightness_contrast__moderate,brightness_contrast,moderate,D:\OASIS_1\distortions_128\brightness_contrast\moderate\Very_Mild_Dementia\OAS1_0022\OAS1_0022_slice_06_z051.png,Very_Mild_Dementia/OAS1_0022/OAS1_0022_slice_06_z051.png,Very Mild Dementia/OAS1_0022/OAS1_0022_slice_06_z051.png,OAS1_0022,Very Mild Dementia,1,0,Non-Demented,0,0.535798477474188,0.22131398022659662,0.24288754229921486,0.0
OASIS_1,RandomForest,13,test,brightness_contrast__moderate,brightness_contrast,moderate,D:\OASIS_1\distortions_128\brightness_contrast\moderate\Very_Mild_Dementia\OAS1_0022\OAS1_0022_slice_07_z054.png,Very_Mild_Dementia/OAS1_0022/OAS1_0022_slice_07_z054.png,Very Mild Dementia/OAS1_0022/OAS1_0022_slice_07_z054.png,OAS1_0022,Very Mild Dementia,1,0,Non-Demented,0,0.5139060208458099,0.29918010676426626,0.18691387238992366,0.0
OASIS_1,RandomForest,13,test,brightness_contrast__moderate,brightness_contrast,moderate,D:\OASIS_1\distortions_128\brightness_contrast\moderate\Very_Mild_Dementia\OAS1_0022\OAS1_0022_slice_08_z057.png,Very_Mild_Dementia/OAS1_0022/OAS1_0022_slice_08_z057.png,Very Mild Dementia/OAS1_0022/OAS1_0022_slice_08_z057.png,OAS1_0022,Very Mild Dementia,1,3,Moderate Dementia,0,0.3236569591099944,0.09511396025738407,0.12456241396595479,0.45666666666666667
OASIS_1,RandomForest,13,test,brightness_contrast__moderate,brightness_contrast,moderate,D:\OASIS_1\distortions_128\brightness_contrast\moderate\Very_Mild_Dementia\OAS1_0022\OAS1_0022_slice_09_z059.png,Very_Mild_Dementia/OAS1_0022/OAS1_0022_slice_09_z059.png,Very Mild Dementia/OAS1_0022/OAS1_0022_slice_09_z059.png,OAS1_0022,Very Mild Dementia,1,0,Non-Demented,0,0.5191780064059766,0.22685738840766134,0.25396460518636166,0.0
OASIS_1,RandomForest,13,test,brightness_contrast__moderate,brightness_contrast,moderate,D:\OASIS_1\distortions_128\brightness_contrast\moderate\Very_Mild_Dementia\OAS1_0022\OAS1_0022_slice_10_z062.png,Very_Mild_Dementia/OAS1_0022/OAS1_0022_slice_10_z062.png,Very Mild Dementia/OAS1_0022/OAS1_0022_slice_10_z062.png,OAS1_0022,Very Mild Dementia,1,3,Moderate Dementia,0,0.35585079229186845,0.09947367364812251,0.13134220072667568,0.41333333333333333
OASIS_1,RandomForest,13,test,brightness_contrast__moderate,brightness_contrast,moderate,D:\OASIS_1\distortions_128\brightness_contrast\moderate\Very_Mild_Dementia\OAS1_0022\OAS1_0022_slice_11_z065.png,Very_Mild_Dementia/OAS1_0022/OAS1_0022_slice_11_z065.png,Very Mild Dementia/OAS1_0022/OAS1_0022_slice_11_z065.png,OAS1_0022,Very Mild Dementia,1,0,Non-Demented,0,0.4776440196550428,0.22801576415381802,0.2943402161911388,0.0
OASIS_1,RandomForest,13,test,brightness_contrast__moderate,brightness_contrast,moderate,D:\OASIS_1\distortions_128\brightness_contrast\moderate\Very_Mild_Dementia\OAS1_0022\OAS1_0022_slice_12_z068.png,Very_Mild_Dementia/OAS1_0022/OAS1_0022_slice_12_z068.png,Very Mild Dementia/OAS1_0022/OAS1_0022_slice_12_z068.png,OAS1_0022,Very Mild Dementia,1,1,Very Mild Dementia,1,0.40774060519373156,0.4223734470016638,0.1698859478046046,0.0
OASIS_1,RandomForest,13,test,brightness_contrast__moderate,brightness_contrast,moderate,D:\OASIS_1\distortions_128\brightness_contrast\moderate\Very_Mild_Dementia\OAS1_0022\OAS1_0022_slice_13_z070.png,Very_Mild_Dementia/OAS1_0022/OAS1_0022_slice_13_z070.png,Very Mild Dementia/OAS1_0022/OAS1_0022_slice_13_z070.png,OAS1_0022,Very Mild Dementia,1,3,Moderate Dementia,0,0.3529027674285309,0.0887278650598452,0.1383693675116239,0.42
OASIS_1,RandomForest,13,test,brightness_contrast__moderate,brightness_contrast,moderate,D:\OASIS_1\distortions_128\brightness_contrast\moderate\Very_Mild_Dementia\OAS1_0022\OAS1_0022_slice_14_z073.png,Very_Mild_Dementia/OAS1_0022/OAS1_0022_slice_14_z073.png,Very Mild Dementia/OAS1_0022/OAS1_0022_slice_14_z073.png,OAS1_0022,Very Mild Dementia,1,0,Non-Demented,0,0.3923700086035691,0.1018464094520746,0.132450248611023,0.37333333333333335
OASIS_1,RandomForest,13,test,brightness_contrast__moderate,brightness_contrast,moderate,D:\OASIS_1\distortions_128\brightness_contrast\moderate\Very_Mild_Dementia\OAS1_0022\OAS1_0022_slice_15_z076.png,Very_Mild_Dementia/OAS1_0022/OAS1_0022_slice_15_z076.png,Very Mild Dementia/OAS1_0022/OAS1_0022_slice_15_z076.png,OAS1_0022,Very Mild Dementia,1,0,Non-Demented,0,0.5841860116867009,0.20484584103913617,0.21096814727416255,0.0
OASIS_1,RandomForest,13,test,brightness_contrast__moderate,brightness_contrast,moderate,D:\OASIS_1\distortions_128\brightness_contrast\moderate\Very_Mild_Dementia\OAS1_0022\OAS1_0022_slice_16_z078.png,Very_Mild_Dementia/OAS1_0022/OAS1_0022_slice_16_z078.png,Very Mild Dementia/OAS1_0022/OAS1_0022_slice_16_z078.png,OAS1_0022,Very Mild Dementia,1,0,Non-Demented,0,0.7006587998229707,0.22634255686258042,0.06966530998111521,0.0033333333333333335
OASIS_1,RandomForest,13,test,brightness_contrast__moderate,brightness_contrast,moderate,D:\OASIS_1\distortions_128\brightness_contrast\moderate\Very_Mild_Dementia\OAS1_0022\OAS1_0022_slice_17_z081.png,Very_Mild_Dementia/OAS1_0022/OAS1_0022_slice_17_z081.png,Very Mild Dementia/OAS1_0022/OAS1_0022_slice_17_z081.png,OAS1_0022,Very Mild Dementia,1,0,Non-Demented,0,0.5488886301117257,0.2391296367776412,0.2119817331106329,0.0
OASIS_1,RandomForest,13,test,brightness_contrast__moderate,brightness_contrast,moderate,D:\OASIS_1\distortions_128\brightness_contrast\moderate\Very_Mild_Dementia\OAS1_0022\OAS1_0022_slice_18_z084.png,Very_Mild_Dementia/OAS1_0022/OAS1_0022_slice_18_z084.png,Very Mild Dementia/OAS1_0022/OAS1_0022_slice_18_z084.png,OAS1_0022,Very Mild Dementia,1,3,Moderate Dementia,0,0.35418904241521876,0.1148325212172841,0.13097843636749712,0.4
OASIS_1,RandomForest,13,test,brightness_contrast__moderate,brightness_contrast,moderate,D:\OASIS_1\distortions_128\brightness_contrast\moderate\Very_Mild_Dementia\OAS1_0022\OAS1_0022_slice_19_z086.png,Very_Mild_Dementia/OAS1_0022/OAS1_0022_slice_19_z086.png,Very Mild Dementia/OAS1_0022/OAS1_0022_slice_19_z086.png,OAS1_0022,Very Mild Dementia,1,0,Non-Demented,0,0.5177576071786256,0.37658166483586886,0.10566072798550552,0.0
OASIS_1,RandomForest,13,test,brightness_contrast__moderate,brightness_contrast,moderate,D:\OASIS_1\distortions_128\brightness_contrast\moderate\Very_Mild_Dementia\OAS1_0022\OAS1_0022_slice_20_z089.png,Very_Mild_Dementia/OAS1_0022/OAS1_0022_slice_20_z089.png,Very Mild Dementia/OAS1_0022/OAS1_0022_slice_20_z089.png,OAS1_0022,Very Mild Dementia,1,3,Moderate Dementia,0,0.32776013606434057,0.10804919375717564,0.15752400351181714,0.4066666666666667
OASIS_1,RandomForest,13,test,brightness_contrast__moderate,brightness_contrast,moderate,D:\OASIS_1\distortions_128\brightness_contrast\moderate\Very_Mild_Dementia\OAS1_0120\OAS1_0120_slice_01_z038.png,Very_Mild_Dementia/OAS1_0120/OAS1_0120_slice_01_z038.png,Very Mild Dementia/OAS1_0120/OAS1_0120_slice_01_z038.png,OAS1_0120,Very Mild Dementia,1,1,Very Mild Dementia,1,0.384265924206524,0.43216221661552806,0.1835718591779483,0.0
OASIS_1,RandomForest,13,test,brightness_contrast__moderate,brightness_contrast,moderate,D:\OASIS_1\distortions_128\brightness_contrast\moderate\Very_Mild_Dementia\OAS1_0120\OAS1_0120_slice_02_z041.png,Very_Mild_Dementia/OAS1_0120/OAS1_0120_slice_02_z041.png,Very Mild Dementia/OAS1_0120/OAS1_0120_slice_02_z041.png,OAS1_0120,Very Mild Dementia,1,1,Very Mild Dementia,1,0.38104182368796624,0.41208052630226194,0.20687765000977185,0.0
OASIS_1,RandomForest,13,test,brightness_contrast__moderate,brightness_contrast,moderate,D:\OASIS_1\distortions_128\brightness_contrast\moderate\Very_Mild_Dementia\OAS1_0120\OAS1_0120_slice_03_z043.png,Very_Mild_Dementia/OAS1_0120/OAS1_0120_slice_03_z043.png,Very Mild Dementia/OAS1_0120/OAS1_0120_slice_03_z043.png,OAS1_0120,Very Mild Dementia,1,0,Non-Demented,0,0.4002990381231728,0.08554840673495495,0.1474858884752056,0.36666666666666664
OASIS_1,RandomForest,13,test,brightness_contrast__moderate,brightness_contrast,moderate,D:\OASIS_1\distortions_128\brightness_contrast\moderate\Very_Mild_Dementia\OAS1_0120\OAS1_0120_slice_04_z046.png,Very_Mild_Dementia/OAS1_0120/OAS1_0120_slice_04_z046.png,Very Mild Dementia/OAS1_0120/OAS1_0120_slice_04_z046.png,OAS1_0120,Very Mild Dementia,1,0,Non-Demented,0,0.3797513822055347,0.34908613566006896,0.2578291488010628,0.013333333333333334
OASIS_1,RandomForest,13,test,brightness_contrast__moderate,brightness_contrast,moderate,D:\OASIS_1\distortions_128\brightness_contrast\moderate\Very_Mild_Dementia\OAS1_0120\OAS1_0120_slice_05_z049.png,Very_Mild_Dementia/OAS1_0120/OAS1_0120_slice_05_z049.png,Very Mild Dementia/OAS1_0120/OAS1_0120_slice_05_z049.png,OAS1_0120,Very Mild Dementia,1,0,Non-Demented,0,0.4687172164697891,0.2486988253539386,0.1259172915096055,0.15666666666666668
OASIS_1,RandomForest,13,test,brightness_contrast__moderate,brightness_contrast,moderate,D:\OASIS_1\distortions_128\brightness_contrast\moderate\Very_Mild_Dementia\OAS1_0120\OAS1_0120_slice_06_z051.png,Very_Mild_Dementia/OAS1_0120/OAS1_0120_slice_06_z051.png,Very Mild Dementia/OAS1_0120/OAS1_0120_slice_06_z051.png,OAS1_0120,Very Mild Dementia,1,0,Non-Demented,0,0.4778562122357486,0.23368337787531948,0.24846040988893178,0.04
OASIS_1,RandomForest,13,test,brightness_contrast__moderate,brightness_contrast,moderate,D:\OASIS_1\distortions_128\brightness_contrast\moderate\Very_Mild_Dementia\OAS1_0120\OAS1_0120_slice_07_z054.png,Very_Mild_Dementia/OAS1_0120/OAS1_0120_slice_07_z054.png,Very Mild Dementia/OAS1_0120/OAS1_0120_slice_07_z054.png,OAS1_0120,Very Mild Dementia,1,0,Non-Demented,0,0.5351520960690778,0.24133536950134427,0.1635125344295777,0.06
OASIS_1,RandomForest,13,test,brightness_contrast__moderate,brightness_contrast,moderate,D:\OASIS_1\distortions_128\brightness_contrast\moderate\Very_Mild_Dementia\OAS1_0120\OAS1_0120_slice_08_z057.png,Very_Mild_Dementia/OAS1_0120/OAS1_0120_slice_08_z057.png,Very Mild Dementia/OAS1_0120/OAS1_0120_slice_08_z057.png,OAS1_0120,Very Mild Dementia,1,0,Non-Demented,0,0.5702495303245336,0.2439308684363166,0.16248626790581638,0.023333333333333334
OASIS_1,RandomForest,13,test,brightness_contrast__moderate,brightness_contrast,moderate,D:\OASIS_1\distortions_128\brightness_contrast\moderate\Very_Mild_Dementia\OAS1_0120\OAS1_0120_slice_09_z059.png,Very_Mild_Dementia/OAS1_0120/OAS1_0120_slice_09_z059.png,Very Mild Dementia/OAS1_0120/OAS1_0120_slice_09_z059.png,OAS1_0120,Very Mild Dementia,1,0,Non-Demented,0,0.49911805129715436,0.22348788386054697,0.26072739817563184,0.016666666666666666
OASIS_1,RandomForest,13,test,brightness_contrast__moderate,brightness_contrast,moderate,D:\OASIS_1\distortions_128\brightness_contrast\moderate\Very_Mild_Dementia\OAS1_0120\OAS1_0120_slice_10_z062.png,Very_Mild_Dementia/OAS1_0120/OAS1_0120_slice_10_z062.png,Very Mild Dementia/OAS1_0120/OAS1_0120_slice_10_z062.png,OAS1_0120,Very Mild Dementia,1,0,Non-Demented,0,0.5570112146964165,0.2166774956710168,0.18964462296590015,0.03666666666666667
OASIS_1,RandomForest,13,test,brightness_contrast__moderate,brightness_contrast,moderate,D:\OASIS_1\distortions_128\brightness_contrast\moderate\Very_Mild_Dementia\OAS1_0120\OAS1_0120_slice_11_z065.png,Very_Mild_Dementia/OAS1_0120/OAS1_0120_slice_11_z065.png,Very Mild Dementia/OAS1_0120/OAS1_0120_slice_11_z065.png,OAS1_0120,Very Mild Dementia,1,0,Non-Demented,0,0.4487241902590148,0.33823499016963077,0.20637415290468758,0.006666666666666667
OASIS_1,RandomForest,13,test,brightness_contrast__moderate,brightness_contrast,moderate,D:\OASIS_1\distortions_128\brightness_contrast\moderate\Very_Mild_Dementia\OAS1_0120\OAS1_0120_slice_12_z068.png,Very_Mild_Dementia/OAS1_0120/OAS1_0120_slice_12_z068.png,Very Mild Dementia/OAS1_0120/OAS1_0120_slice_12_z068.png,OAS1_0120,Very Mild Dementia,1,3,Moderate Dementia,0,0.31683048232214744,0.09150992141054777,0.1449929296006381,0.44666666666666666
OASIS_1,RandomForest,13,test,brightness_contrast__moderate,brightness_contrast,moderate,D:\OASIS_1\distortions_128\brightness_contrast\moderate\Very_Mild_Dementia\OAS1_0120\OAS1_0120_slice_13_z070.png,Very_Mild_Dementia/OAS1_0120/OAS1_0120_slice_13_z070.png,Very Mild Dementia/OAS1_0120/OAS1_0120_slice_13_z070.png,OAS1_0120,Very Mild Dementia,1,0,Non-Demented,0,0.5809604269696933,0.21919391157096565,0.1898456614593408,0.01
OASIS_1,RandomForest,13,test,brightness_contrast__moderate,brightness_contrast,moderate,D:\OASIS_1\distortions_128\brightness_contrast\moderate\Very_Mild_Dementia\OAS1_0120\OAS1_0120_slice_14_z073.png,Very_Mild_Dementia/OAS1_0120/OAS1_0120_slice_14_z073.png,Very Mild Dementia/OAS1_0120/OAS1_0120_slice_14_z073.png,OAS1_0120,Very Mild Dementia,1,3,Moderate Dementia,0,0.3434537844114821,0.09804393271826409,0.16516894953692046,0.3933333333333333
OASIS_1,RandomForest,13,test,brightness_contrast__moderate,brightness_contrast,moderate,D:\OASIS_1\distortions_128\brightness_contrast\moderate\Very_Mild_Dementia\OAS1_0120\OAS1_0120_slice_15_z076.png,Very_Mild_Dementia/OAS1_0120/OAS1_0120_slice_15_z076.png,Very Mild Dementia/OAS1_0120/OAS1_0120_slice_15_z076.png,OAS1_0120,Very Mild Dementia,1,0,Non-Demented,0,0.542163795873832,0.26900878205978207,0.17549408873305228,0.013333333333333334
OASIS_1,RandomForest,13,test,brightness_contrast__moderate,brightness_contrast,moderate,D:\OASIS_1\distortions_128\brightness_contrast\moderate\Very_Mild_Dementia\OAS1_0120\OAS1_0120_slice_16_z078.png,Very_Mild_Dementia/OAS1_0120/OAS1_0120_slice_16_z078.png,Very Mild Dementia/OAS1_0120/OAS1_0120_slice_16_z078.png,OAS1_0120,Very Mild Dementia,1,0,Non-Demented,0,0.5347364127752959,0.29797676431865755,0.157286822906046,0.01
OASIS_1,RandomForest,13,test,brightness_contrast__moderate,brightness_contrast,moderate,D:\OASIS_1\distortions_128\brightness_contrast\moderate\Very_Mild_Dementia\OAS1_0120\OAS1_0120_slice_17_z081.png,Very_Mild_Dementia/OAS1_0120/OAS1_0120_slice_17_z081.png,Very Mild Dementia/OAS1_0120/OAS1_0120_slice_17_z081.png,OAS1_0120,Very Mild Dementia,1,0,Non-Demented,0,0.41573672926366406,0.30830119410255075,0.2759620766337854,0.0
OASIS_1,RandomForest,13,test,brightness_contrast__moderate,brightness_contrast,moderate,D:\OASIS_1\distortions_128\brightness_contrast\moderate\Very_Mild_Dementia\OAS1_0120\OAS1_0120_slice_18_z084.png,Very_Mild_Dementia/OAS1_0120/OAS1_0120_slice_18_z084.png,Very Mild Dementia/OAS1_0120/OAS1_0120_slice_18_z084.png,OAS1_0120,Very Mild Dementia,1,3,Moderate Dementia,0,0.35914295692123793,0.11001645945446877,0.15750725029095997,0.37333333333333335
OASIS_1,RandomForest,13,test,brightness_contrast__moderate,brightness_contrast,moderate,D:\OASIS_1\distortions_128\brightness_contrast\moderate\Very_Mild_Dementia\OAS1_0120\OAS1_0120_slice_19_z086.png,Very_Mild_Dementia/OAS1_0120/OAS1_0120_slice_19_z086.png,Very Mild Dementia/OAS1_0120/OAS1_0120_slice_19_z086.png,OAS1_0120,Very Mild Dementia,1,0,Non-Demented,0,0.3908741624403053,0.38729731149862895,0.22182852606106587,0.0
OASIS_1,RandomForest,13,test,brightness_contrast__moderate,brightness_contrast,moderate,D:\OASIS_1\distortions_128\brightness_contrast\moderate\Very_Mild_Dementia\OAS1_0120\OAS1_0120_slice_20_z089.png,Very_Mild_Dementia/OAS1_0120/OAS1_0120_slice_20_z089.png,Very Mild Dementia/OAS1_0120/OAS1_0120_slice_20_z089.png,OAS1_0120,Very Mild Dementia,1,0,Non-Demented,0,0.4490056673016799,0.35592795636442903,0.1950663763338911,0.0
OASIS_1,RandomForest,13,test,brightness_contrast__moderate,brightness_contrast,moderate,D:\OASIS_1\distortions_128\brightness_contrast\moderate\Very_Mild_Dementia\OAS1_0166\OAS1_0166_slice_01_z038.png,Very_Mild_Dementia/OAS1_0166/OAS1_0166_slice_01_z038.png,Very Mild Dementia/OAS1_0166/OAS1_0166_slice_01_z038.png,OAS1_0166,Very Mild Dementia,1,0,Non-Demented,0,0.5336906975863114,0.3392498448359858,0.12039279091103627,0.006666666666666667
OASIS_1,RandomForest,13,test,brightness_contrast__moderate,brightness_contrast,moderate,D:\OASIS_1\distortions_128\brightness_contrast\moderate\Very_Mild_Dementia\OAS1_0166\OAS1_0166_slice_02_z041.png,Very_Mild_Dementia/OAS1_0166/OAS1_0166_slice_02_z041.png,Very Mild Dementia/OAS1_0166/OAS1_0166_slice_02_z041.png,OAS1_0166,Very Mild Dementia,1,0,Non-Demented,0,0.7157050855149059,0.24160284894447823,0.039358732207282705,0.0033333333333333335
OASIS_1,RandomForest,13,test,brightness_contrast__moderate,brightness_contrast,moderate,D:\OASIS_1\distortions_128\brightness_contrast\moderate\Very_Mild_Dementia\OAS1_0166\OAS1_0166_slice_03_z043.png,Very_Mild_Dementia/OAS1_0166/OAS1_0166_slice_03_z043.png,Very Mild Dementia/OAS1_0166/OAS1_0166_slice_03_z043.png,OAS1_0166,Very Mild Dementia,1,0,Non-Demented,0,0.6993406918726183,0.24680233953934366,0.050523635254704914,0.0033333333333333335
OASIS_1,RandomForest,13,test,brightness_contrast__moderate,brightness_contrast,moderate,D:\OASIS_1\distortions_128\brightness_contrast\moderate\Very_Mild_Dementia\OAS1_0166\OAS1_0166_slice_04_z046.png,Very_Mild_Dementia/OAS1_0166/OAS1_0166_slice_04_z046.png,Very Mild Dementia/OAS1_0166/OAS1_0166_slice_04_z046.png,OAS1_0166,Very Mild Dementia,1,0,Non-Demented,0,0.5851292072276861,0.2860559052881416,0.11881488748417218,0.01
OASIS_1,RandomForest,13,test,brightness_contrast__moderate,brightness_contrast,moderate,D:\OASIS_1\distortions_128\brightness_contrast\moderate\Very_Mild_Dementia\OAS1_0166\OAS1_0166_slice_05_z049.png,Very_Mild_Dementia/OAS1_0166/OAS1_0166_slice_05_z049.png,Very Mild Dementia/OAS1_0166/OAS1_0166_slice_05_z049.png,OAS1_0166,Very Mild Dementia,1,0,Non-Demented,0,0.7257958126505588,0.2277835432773463,0.03975397740542848,0.006666666666666667
OASIS_1,RandomForest,13,test,brightness_contrast__moderate,brightness_contrast,moderate,D:\OASIS_1\distortions_128\brightness_contrast\moderate\Very_Mild_Dementia\OAS1_0166\OAS1_0166_slice_06_z051.png,Very_Mild_Dementia/OAS1_0166/OAS1_0166_slice_06_z051.png,Very Mild Dementia/OAS1_0166/OAS1_0166_slice_06_z051.png,OAS1_0166,Very Mild Dementia,1,0,Non-Demented,0,0.41333333333333333,0.11666666666666667,0.1,0.37
OASIS_1,RandomForest,13,test,brightness_contrast__moderate,brightness_contrast,moderate,D:\OASIS_1\distortions_128\brightness_contrast\moderate\Very_Mild_Dementia\OAS1_0166\OAS1_0166_slice_07_z054.png,Very_Mild_Dementia/OAS1_0166/OAS1_0166_slice_07_z054.png,Very Mild Dementia/OAS1_0166/OAS1_0166_slice_07_z054.png,OAS1_0166,Very Mild Dementia,1,0,Non-Demented,0,0.694149739485108,0.2683144480107266,0.0375358125041653,0.0
OASIS_1,RandomForest,13,test,brightness_contrast__moderate,brightness_contrast,moderate,D:\OASIS_1\distortions_128\brightness_contrast\moderate\Very_Mild_Dementia\OAS1_0166\OAS1_0166_slice_08_z057.png,Very_Mild_Dementia/OAS1_0166/OAS1_0166_slice_08_z057.png,Very Mild Dementia/OAS1_0166/OAS1_0166_slice_08_z057.png,OAS1_0166,Very Mild Dementia,1,0,Non-Demented,0,0.4293110268754134,0.3877303797103412,0.17295859341424538,0.01
OASIS_1,RandomForest,13,test,brightness_contrast__moderate,brightness_contrast,moderate,D:\OASIS_1\distortions_128\brightness_contrast\moderate\Very_Mild_Dementia\OAS1_0166\OAS1_0166_slice_09_z059.png,Very_Mild_Dementia/OAS1_0166/OAS1_0166_slice_09_z059.png,Very Mild Dementia/OAS1_0166/OAS1_0166_slice_09_z059.png,OAS1_0166,Very Mild Dementia,1,0,Non-Demented,0,0.7689447147569988,0.17887273041498303,0.05218255482801805,0.0
OASIS_1,RandomForest,13,test,brightness_contrast__moderate,brightness_contrast,moderate,D:\OASIS_1\distortions_128\brightness_contrast\moderate\Very_Mild_Dementia\OAS1_0166\OAS1_0166_slice_10_z062.png,Very_Mild_Dementia/OAS1_0166/OAS1_0166_slice_10_z062.png,Very Mild Dementia/OAS1_0166/OAS1_0166_slice_10_z062.png,OAS1_0166,Very Mild Dementia,1,3,Moderate Dementia,0,0.3633467275030582,0.11666666666666667,0.11331993916360851,0.4066666666666667
OASIS_1,RandomForest,13,test,brightness_contrast__moderate,brightness_contrast,moderate,D:\OASIS_1\distortions_128\brightness_contrast\moderate\Very_Mild_Dementia\OAS1_0166\OAS1_0166_slice_11_z065.png,Very_Mild_Dementia/OAS1_0166/OAS1_0166_slice_11_z065.png,Very Mild Dementia/OAS1_0166/OAS1_0166_slice_11_z065.png,OAS1_0166,Very Mild Dementia,1,0,Non-Demented,0,0.786520679091416,0.17259957412193216,0.030879746786651965,0.01
OASIS_1,RandomForest,13,test,brightness_contrast__moderate,brightness_contrast,moderate,D:\OASIS_1\distortions_128\brightness_contrast\moderate\Very_Mild_Dementia\OAS1_0166\OAS1_0166_slice_12_z068.png,Very_Mild_Dementia/OAS1_0166/OAS1_0166_slice_12_z068.png,Very Mild Dementia/OAS1_0166/OAS1_0166_slice_12_z068.png,OAS1_0166,Very Mild Dementia,1,0,Non-Demented,0,0.40155695650172424,0.37042278980729454,0.228020253690981,0.0
OASIS_1,RandomForest,13,test,brightness_contrast__moderate,brightness_contrast,moderate,D:\OASIS_1\distortions_128\brightness_contrast\moderate\Very_Mild_Dementia\OAS1_0166\OAS1_0166_slice_13_z070.png,Very_Mild_Dementia/OAS1_0166/OAS1_0166_slice_13_z070.png,Very Mild Dementia/OAS1_0166/OAS1_0166_slice_13_z070.png,OAS1_0166,Very Mild Dementia,1,0,Non-Demented,0,0.7014992978195261,0.2337705535053922,0.05806348200841502,0.006666666666666667
OASIS_1,RandomForest,13,test,brightness_contrast__moderate,brightness_contrast,moderate,D:\OASIS_1\distortions_128\brightness_contrast\moderate\Very_Mild_Dementia\OAS1_0166\OAS1_0166_slice_14_z073.png,Very_Mild_Dementia/OAS1_0166/OAS1_0166_slice_14_z073.png,Very Mild Dementia/OAS1_0166/OAS1_0166_slice_14_z073.png,OAS1_0166,Very Mild Dementia,1,0,Non-Demented,0,0.7113832575274932,0.22018103066290715,0.0684357118095996,0.0
OASIS_1,RandomForest,13,test,brightness_contrast__moderate,brightness_contrast,moderate,D:\OASIS_1\distortions_128\brightness_contrast\moderate\Very_Mild_Dementia\OAS1_0166\OAS1_0166_slice_15_z076.png,Very_Mild_Dementia/OAS1_0166/OAS1_0166_slice_15_z076.png,Very Mild Dementia/OAS1_0166/OAS1_0166_slice_15_z076.png,OAS1_0166,Very Mild Dementia,1,0,Non-Demented,0,0.41,0.11333333333333333,0.1,0.37666666666666665
OASIS_1,RandomForest,13,test,brightness_contrast__moderate,brightness_contrast,moderate,D:\OASIS_1\distortions_128\brightness_contrast\moderate\Very_Mild_Dementia\OAS1_0166\OAS1_0166_slice_16_z078.png,Very_Mild_Dementia/OAS1_0166/OAS1_0166_slice_16_z078.png,Very Mild Dementia/OAS1_0166/OAS1_0166_slice_16_z078.png,OAS1_0166,Very Mild Dementia,1,0,Non-Demented,0,0.7955141308488216,0.1776740312893135,0.026811837861864897,0.0
OASIS_1,RandomForest,13,test,brightness_contrast__moderate,brightness_contrast,moderate,D:\OASIS_1\distortions_128\brightness_contrast\moderate\Very_Mild_Dementia\OAS1_0166\OAS1_0166_slice_17_z081.png,Very_Mild_Dementia/OAS1_0166/OAS1_0166_slice_17_z081.png,Very Mild Dementia/OAS1_0166/OAS1_0166_slice_17_z081.png,OAS1_0166,Very Mild Dementia,1,0,Non-Demented,0,0.7302081705417977,0.2206335271512276,0.045824968973641515,0.0033333333333333335
OASIS_1,RandomForest,13,test,brightness_contrast__moderate,brightness_contrast,moderate,D:\OASIS_1\distortions_128\brightness_contrast\moderate\Very_Mild_Dementia\OAS1_0166\OAS1_0166_slice_18_z084.png,Very_Mild_Dementia/OAS1_0166/OAS1_0166_slice_18_z084.png,Very Mild Dementia/OAS1_0166/OAS1_0166_slice_18_z084.png,OAS1_0166,Very Mild Dementia,1,0,Non-Demented,0,0.716383274748544,0.23955252733202348,0.04073086458609943,0.0033333333333333335
OASIS_1,RandomForest,13,test,brightness_contrast__moderate,brightness_contrast,moderate,D:\OASIS_1\distortions_128\brightness_contrast\moderate\Very_Mild_Dementia\OAS1_0166\OAS1_0166_slice_19_z086.png,Very_Mild_Dementia/OAS1_0166/OAS1_0166_slice_19_z086.png,Very Mild Dementia/OAS1_0166/OAS1_0166_slice_19_z086.png,OAS1_0166,Very Mild Dementia,1,0,Non-Demented,0,0.6838703568722491,0.2663203643074482,0.046475945486969504,0.0033333333333333335
OASIS_1,RandomForest,13,test,brightness_contrast__moderate,brightness_contrast,moderate,D:\OASIS_1\distortions_128\brightness_contrast\moderate\Very_Mild_Dementia\OAS1_0166\OAS1_0166_slice_20_z089.png,Very_Mild_Dementia/OAS1_0166/OAS1_0166_slice_20_z089.png,Very Mild Dementia/OAS1_0166/OAS1_0166_slice_20_z089.png,OAS1_0166,Very Mild Dementia,1,0,Non-Demented,0,0.6354502198474608,0.31480093931154374,0.04641550750766228,0.0033333333333333335
OASIS_1,RandomForest,13,test,brightness_contrast__moderate,brightness_contrast,moderate,D:\OASIS_1\distortions_128\brightness_contrast\moderate\Very_Mild_Dementia\OAS1_0210\OAS1_0210_slice_01_z038.png,Very_Mild_Dementia/OAS1_0210/OAS1_0210_slice_01_z038.png,Very Mild Dementia/OAS1_0210/OAS1_0210_slice_01_z038.png,OAS1_0210,Very Mild Dementia,1,0,Non-Demented,0,0.422150311613251,0.2379654600920299,0.33988422829471937,0.0
OASIS_1,RandomForest,13,test,brightness_contrast__moderate,brightness_contrast,moderate,D:\OASIS_1\distortions_128\brightness_contrast\moderate\Very_Mild_Dementia\OAS1_0210\OAS1_0210_slice_02_z041.png,Very_Mild_Dementia/OAS1_0210/OAS1_0210_slice_02_z041.png,Very Mild Dementia/OAS1_0210/OAS1_0210_slice_02_z041.png,OAS1_0210,Very Mild Dementia,1,0,Non-Demented,0,0.5673334923742537,0.2250535907313135,0.2076129168944329,0.0
OASIS_1,RandomForest,13,test,brightness_contrast__moderate,brightness_contrast,moderate,D:\OASIS_1\distortions_128\brightness_contrast\moderate\Very_Mild_Dementia\OAS1_0210\OAS1_0210_slice_03_z043.png,Very_Mild_Dementia/OAS1_0210/OAS1_0210_slice_03_z043.png,Very Mild Dementia/OAS1_0210/OAS1_0210_slice_03_z043.png,OAS1_0210,Very Mild Dementia,1,2,Mild Dementia,0,0.3700721925442889,0.21872440569899315,0.41120340175671816,0.0
OASIS_1,RandomForest,13,test,brightness_contrast__moderate,brightness_contrast,moderate,D:\OASIS_1\distortions_128\brightness_contrast\moderate\Very_Mild_Dementia\OAS1_0210\OAS1_0210_slice_04_z046.png,Very_Mild_Dementia/OAS1_0210/OAS1_0210_slice_04_z046.png,Very Mild Dementia/OAS1_0210/OAS1_0210_slice_04_z046.png,OAS1_0210,Very Mild Dementia,1,3,Moderate Dementia,0,0.342071490244181,0.1236504942855675,0.1509446821369182,0.38333333333333336
OASIS_1,RandomForest,13,test,brightness_contrast__moderate,brightness_contrast,moderate,D:\OASIS_1\distortions_128\brightness_contrast\moderate\Very_Mild_Dementia\OAS1_0210\OAS1_0210_slice_05_z049.png,Very_Mild_Dementia/OAS1_0210/OAS1_0210_slice_05_z049.png,Very Mild Dementia/OAS1_0210/OAS1_0210_slice_05_z049.png,OAS1_0210,Very Mild Dementia,1,0,Non-Demented,0,0.4066832936911238,0.19674548616237508,0.39657122014650087,0.0
OASIS_1,RandomForest,13,test,brightness_contrast__moderate,brightness_contrast,moderate,D:\OASIS_1\distortions_128\brightness_contrast\moderate\Very_Mild_Dementia\OAS1_0210\OAS1_0210_slice_06_z051.png,Very_Mild_Dementia/OAS1_0210/OAS1_0210_slice_06_z051.png,Very Mild Dementia/OAS1_0210/OAS1_0210_slice_06_z051.png,OAS1_0210,Very Mild Dementia,1,2,Mild Dementia,0,0.36971456227285854,0.19668981309223285,0.43359562463490864,0.0
OASIS_1,RandomForest,13,test,brightness_contrast__moderate,brightness_contrast,moderate,D:\OASIS_1\distortions_128\brightness_contrast\moderate\Very_Mild_Dementia\OAS1_0210\OAS1_0210_slice_07_z054.png,Very_Mild_Dementia/OAS1_0210/OAS1_0210_slice_07_z054.png,Very Mild Dementia/OAS1_0210/OAS1_0210_slice_07_z054.png,OAS1_0210,Very Mild Dementia,1,0,Non-Demented,0,0.48824745472847125,0.2262755998711085,0.2854769454004199,0.0
OASIS_1,RandomForest,13,test,brightness_contrast__moderate,brightness_contrast,moderate,D:\OASIS_1\distortions_128\brightness_contrast\moderate\Very_Mild_Dementia\OAS1_0210\OAS1_0210_slice_08_z057.png,Very_Mild_Dementia/OAS1_0210/OAS1_0210_slice_08_z057.png,Very Mild Dementia/OAS1_0210/OAS1_0210_slice_08_z057.png,OAS1_0210,Very Mild Dementia,1,2,Mild Dementia,0,0.37139735291787335,0.19585752692676878,0.4294117868220244,0.0033333333333333335
OASIS_1,RandomForest,13,test,brightness_contrast__moderate,brightness_contrast,moderate,D:\OASIS_1\distortions_128\brightness_contrast\moderate\Very_Mild_Dementia\OAS1_0210\OAS1_0210_slice_09_z059.png,Very_Mild_Dementia/OAS1_0210/OAS1_0210_slice_09_z059.png,Very Mild Dementia/OAS1_0210/OAS1_0210_slice_09_z059.png,OAS1_0210,Very Mild Dementia,1,0,Non-Demented,0,0.396304599545538,0.22400242933260153,0.3796929711218603,0.0
OASIS_1,RandomForest,13,test,brightness_contrast__moderate,brightness_contrast,moderate,D:\OASIS_1\distortions_128\brightness_contrast\moderate\Very_Mild_Dementia\OAS1_0210\OAS1_0210_slice_10_z062.png,Very_Mild_Dementia/OAS1_0210/OAS1_0210_slice_10_z062.png,Very Mild Dementia/OAS1_0210/OAS1_0210_slice_10_z062.png,OAS1_0210,Very Mild Dementia,1,2,Mild Dementia,0,0.3506208980006356,0.25847208217522954,0.39090701982413484,0.0
OASIS_1,RandomForest,13,test,brightness_contrast__moderate,brightness_contrast,moderate,D:\OASIS_1\distortions_128\brightness_contrast\moderate\Very_Mild_Dementia\OAS1_0210\OAS1_0210_slice_11_z065.png,Very_Mild_Dementia/OAS1_0210/OAS1_0210_slice_11_z065.png,Very Mild Dementia/OAS1_0210/OAS1_0210_slice_11_z065.png,OAS1_0210,Very Mild Dementia,1,3,Moderate Dementia,0,0.32588430585401357,0.11123238978349193,0.18954997102916124,0.37333333333333335
OASIS_1,RandomForest,13,test,brightness_contrast__moderate,brightness_contrast,moderate,D:\OASIS_1\distortions_128\brightness_contrast\moderate\Very_Mild_Dementia\OAS1_0210\OAS1_0210_slice_12_z068.png,Very_Mild_Dementia/OAS1_0210/OAS1_0210_slice_12_z068.png,Very Mild Dementia/OAS1_0210/OAS1_0210_slice_12_z068.png,OAS1_0210,Very Mild Dementia,1,1,Very Mild Dementia,1,0.35148505101577987,0.4591288019206534,0.18605281373023375,0.0033333333333333335
OASIS_1,RandomForest,13,test,brightness_contrast__moderate,brightness_contrast,moderate,D:\OASIS_1\distortions_128\brightness_contrast\moderate\Very_Mild_Dementia\OAS1_0210\OAS1_0210_slice_13_z070.png,Very_Mild_Dementia/OAS1_0210/OAS1_0210_slice_13_z070.png,Very Mild Dementia/OAS1_0210/OAS1_0210_slice_13_z070.png,OAS1_0210,Very Mild Dementia,1,1,Very Mild Dementia,1,0.3645870405070034,0.44654582070449844,0.1855338054551649,0.0033333333333333335
OASIS_1,RandomForest,13,test,brightness_contrast__moderate,brightness_contrast,moderate,D:\OASIS_1\distortions_128\brightness_contrast\moderate\Very_Mild_Dementia\OAS1_0210\OAS1_0210_slice_14_z073.png,Very_Mild_Dementia/OAS1_0210/OAS1_0210_slice_14_z073.png,Very Mild Dementia/OAS1_0210/OAS1_0210_slice_14_z073.png,OAS1_0210,Very Mild Dementia,1,0,Non-Demented,0,0.4121862981852435,0.19927108309571198,0.3885426187190447,0.0
OASIS_1,RandomForest,13,test,brightness_contrast__moderate,brightness_contrast,moderate,D:\OASIS_1\distortions_128\brightness_contrast\moderate\Very_Mild_Dementia\OAS1_0210\OAS1_0210_slice_15_z076.png,Very_Mild_Dementia/OAS1_0210/OAS1_0210_slice_15_z076.png,Very Mild Dementia/OAS1_0210/OAS1_0210_slice_15_z076.png,OAS1_0210,Very Mild Dementia,1,3,Moderate Dementia,0,0.31331501563685665,0.09015901235824077,0.1465259720049026,0.45
OASIS_1,RandomForest,13,test,brightness_contrast__moderate,brightness_contrast,moderate,D:\OASIS_1\distortions_128\brightness_contrast\moderate\Very_Mild_Dementia\OAS1_0210\OAS1_0210_slice_16_z078.png,Very_Mild_Dementia/OAS1_0210/OAS1_0210_slice_16_z078.png,Very Mild Dementia/OAS1_0210/OAS1_0210_slice_16_z078.png,OAS1_0210,Very Mild Dementia,1,0,Non-Demented,0,0.43739649980380846,0.2566142988306841,0.3059892013655074,0.0
OASIS_1,RandomForest,13,test,brightness_contrast__moderate,brightness_contrast,moderate,D:\OASIS_1\distortions_128\brightness_contrast\moderate\Very_Mild_Dementia\OAS1_0210\OAS1_0210_slice_17_z081.png,Very_Mild_Dementia/OAS1_0210/OAS1_0210_slice_17_z081.png,Very Mild Dementia/OAS1_0210/OAS1_0210_slice_17_z081.png,OAS1_0210,Very Mild Dementia,1,1,Very Mild Dementia,1,0.3645694524705216,0.4996062625179504,0.135824285011528,0.0
OASIS_1,RandomForest,13,test,brightness_contrast__moderate,brightness_contrast,moderate,D:\OASIS_1\distortions_128\brightness_contrast\moderate\Very_Mild_Dementia\OAS1_0210\OAS1_0210_slice_18_z084.png,Very_Mild_Dementia/OAS1_0210/OAS1_0210_slice_18_z084.png,Very Mild Dementia/OAS1_0210/OAS1_0210_slice_18_z084.png,OAS1_0210,Very Mild Dementia,1,0,Non-Demented,0,0.5053520519872372,0.23439761919918184,0.2602503288135809,0.0
OASIS_1,RandomForest,13,test,brightness_contrast__moderate,brightness_contrast,moderate,D:\OASIS_1\distortions_128\brightness_contrast\moderate\Very_Mild_Dementia\OAS1_0210\OAS1_0210_slice_19_z086.png,Very_Mild_Dementia/OAS1_0210/OAS1_0210_slice_19_z086.png,Very Mild Dementia/OAS1_0210/OAS1_0210_slice_19_z086.png,OAS1_0210,Very Mild Dementia,1,3,Moderate Dementia,0,0.30686975909658437,0.11389301706698159,0.1859038905031007,0.3933333333333333
OASIS_1,RandomForest,13,test,brightness_contrast__moderate,brightness_contrast,moderate,D:\OASIS_1\distortions_128\brightness_contrast\moderate\Very_Mild_Dementia\OAS1_0210\OAS1_0210_slice_20_z089.png,Very_Mild_Dementia/OAS1_0210/OAS1_0210_slice_20_z089.png,Very Mild Dementia/OAS1_0210/OAS1_0210_slice_20_z089.png,OAS1_0210,Very Mild Dementia,1,1,Very Mild Dementia,1,0.3902898636705973,0.546537389320064,0.0631727470093386,0.0
OASIS_1,RandomForest,13,test,brightness_contrast__moderate,brightness_contrast,moderate,D:\OASIS_1\distortions_128\brightness_contrast\moderate\Very_Mild_Dementia\OAS1_0287\OAS1_0287_slice_01_z038.png,Very_Mild_Dementia/OAS1_0287/OAS1_0287_slice_01_z038.png,Very Mild Dementia/OAS1_0287/OAS1_0287_slice_01_z038.png,OAS1_0287,Very Mild Dementia,1,1,Very Mild Dementia,1,0.27100869574417596,0.6724415209723131,0.05654978328351099,0.0
OASIS_1,RandomForest,13,test,brightness_contrast__moderate,brightness_contrast,moderate,D:\OASIS_1\distortions_128\brightness_contrast\moderate\Very_Mild_Dementia\OAS1_0287\OAS1_0287_slice_02_z041.png,Very_Mild_Dementia/OAS1_0287/OAS1_0287_slice_02_z041.png,Very Mild Dementia/OAS1_0287/OAS1_0287_slice_02_z041.png,OAS1_0287,Very Mild Dementia,1,3,Moderate Dementia,0,0.3100648120275208,0.1125578318029766,0.13737735616950264,0.44
OASIS_1,RandomForest,13,test,brightness_contrast__moderate,brightness_contrast,moderate,D:\OASIS_1\distortions_128\brightness_contrast\moderate\Very_Mild_Dementia\OAS1_0287\OAS1_0287_slice_03_z043.png,Very_Mild_Dementia/OAS1_0287/OAS1_0287_slice_03_z043.png,Very Mild Dementia/OAS1_0287/OAS1_0287_slice_03_z043.png,OAS1_0287,Very Mild Dementia,1,1,Very Mild Dementia,1,0.26887286220619266,0.6994224861382418,0.031704651655566095,0.0
OASIS_1,RandomForest,13,test,brightness_contrast__moderate,brightness_contrast,moderate,D:\OASIS_1\distortions_128\brightness_contrast\moderate\Very_Mild_Dementia\OAS1_0287\OAS1_0287_slice_04_z046.png,Very_Mild_Dementia/OAS1_0287/OAS1_0287_slice_04_z046.png,Very Mild Dementia/OAS1_0287/OAS1_0287_slice_04_z046.png,OAS1_0287,Very Mild Dementia,1,3,Moderate Dementia,0,0.36529652753949754,0.11685858269139175,0.14784488976911075,0.37
OASIS_1,RandomForest,13,test,brightness_contrast__moderate,brightness_contrast,moderate,D:\OASIS_1\distortions_128\brightness_contrast\moderate\Very_Mild_Dementia\OAS1_0287\OAS1_0287_slice_05_z049.png,Very_Mild_Dementia/OAS1_0287/OAS1_0287_slice_05_z049.png,Very Mild Dementia/OAS1_0287/OAS1_0287_slice_05_z049.png,OAS1_0287,Very Mild Dementia,1,3,Moderate Dementia,0,0.3476500502710922,0.13905383600575552,0.1566294470564856,0.3566666666666667
OASIS_1,RandomForest,13,test,brightness_contrast__moderate,brightness_contrast,moderate,D:\OASIS_1\distortions_128\brightness_contrast\moderate\Very_Mild_Dementia\OAS1_0287\OAS1_0287_slice_06_z051.png,Very_Mild_Dementia/OAS1_0287/OAS1_0287_slice_06_z051.png,Very Mild Dementia/OAS1_0287/OAS1_0287_slice_06_z051.png,OAS1_0287,Very Mild Dementia,1,0,Non-Demented,0,0.5551647368629863,0.40106388078718586,0.043771382349827435,0.0
OASIS_1,RandomForest,13,test,brightness_contrast__moderate,brightness_contrast,moderate,D:\OASIS_1\distortions_128\brightness_contrast\moderate\Very_Mild_Dementia\OAS1_0287\OAS1_0287_slice_07_z054.png,Very_Mild_Dementia/OAS1_0287/OAS1_0287_slice_07_z054.png,Very Mild Dementia/OAS1_0287/OAS1_0287_slice_07_z054.png,OAS1_0287,Very Mild Dementia,1,1,Very Mild Dementia,1,0.4038140331142145,0.5493795792448904,0.0468063876408953,0.0
OASIS_1,RandomForest,13,test,brightness_contrast__moderate,brightness_contrast,moderate,D:\OASIS_1\distortions_128\brightness_contrast\moderate\Very_Mild_Dementia\OAS1_0287\OAS1_0287_slice_08_z057.png,Very_Mild_Dementia/OAS1_0287/OAS1_0287_slice_08_z057.png,Very Mild Dementia/OAS1_0287/OAS1_0287_slice_08_z057.png,OAS1_0287,Very Mild Dementia,1,1,Very Mild Dementia,1,0.4323369750694556,0.5130014910976186,0.05132820049959262,0.0033333333333333335
OASIS_1,RandomForest,13,test,brightness_contrast__moderate,brightness_contrast,moderate,D:\OASIS_1\distortions_128\brightness_contrast\moderate\Very_Mild_Dementia\OAS1_0287\OAS1_0287_slice_09_z059.png,Very_Mild_Dementia/OAS1_0287/OAS1_0287_slice_09_z059.png,Very Mild Dementia/OAS1_0287/OAS1_0287_slice_09_z059.png,OAS1_0287,Very Mild Dementia,1,1,Very Mild Dementia,1,0.26032054764425444,0.6329272591550265,0.10341885986738572,0.0033333333333333335
OASIS_1,RandomForest,13,test,brightness_contrast__moderate,brightness_contrast,moderate,D:\OASIS_1\distortions_128\brightness_contrast\moderate\Very_Mild_Dementia\OAS1_0287\OAS1_0287_slice_10_z062.png,Very_Mild_Dementia/OAS1_0287/OAS1_0287_slice_10_z062.png,Very Mild Dementia/OAS1_0287/OAS1_0287_slice_10_z062.png,OAS1_0287,Very Mild Dementia,1,0,Non-Demented,0,0.5139975904483064,0.4096266667523085,0.0763757427993853,0.0
OASIS_1,RandomForest,13,test,brightness_contrast__moderate,brightness_contrast,moderate,D:\OASIS_1\distortions_128\brightness_contrast\moderate\Very_Mild_Dementia\OAS1_0287\OAS1_0287_slice_11_z065.png,Very_Mild_Dementia/OAS1_0287/OAS1_0287_slice_11_z065.png,Very Mild Dementia/OAS1_0287/OAS1_0287_slice_11_z065.png,OAS1_0287,Very Mild Dementia,1,0,Non-Demented,0,0.47271082535156134,0.44340325733899033,0.08388591730944883,0.0
OASIS_1,RandomForest,13,test,brightness_contrast__moderate,brightness_contrast,moderate,D:\OASIS_1\distortions_128\brightness_contrast\moderate\Very_Mild_Dementia\OAS1_0287\OAS1_0287_slice_12_z068.png,Very_Mild_Dementia/OAS1_0287/OAS1_0287_slice_12_z068.png,Very Mild Dementia/OAS1_0287/OAS1_0287_slice_12_z068.png,OAS1_0287,Very Mild Dementia,1,1,Very Mild Dementia,1,0.3535965061748587,0.577686638126574,0.06871685569856785,0.0
OASIS_1,RandomForest,13,test,brightness_contrast__moderate,brightness_contrast,moderate,D:\OASIS_1\distortions_128\brightness_contrast\moderate\Very_Mild_Dementia\OAS1_0287\OAS1_0287_slice_13_z070.png,Very_Mild_Dementia/OAS1_0287/OAS1_0287_slice_13_z070.png,Very Mild Dementia/OAS1_0287/OAS1_0287_slice_13_z070.png,OAS1_0287,Very Mild Dementia,1,0,Non-Demented,0,0.4981333827328289,0.4483847634932688,0.05348185377390242,0.0
OASIS_1,RandomForest,13,test,brightness_contrast__moderate,brightness_contrast,moderate,D:\OASIS_1\distortions_128\brightness_contrast\moderate\Very_Mild_Dementia\OAS1_0287\OAS1_0287_slice_14_z073.png,Very_Mild_Dementia/OAS1_0287/OAS1_0287_slice_14_z073.png,Very Mild Dementia/OAS1_0287/OAS1_0287_slice_14_z073.png,OAS1_0287,Very Mild Dementia,1,1,Very Mild Dementia,1,0.24474091283632926,0.6716346065662661,0.08362448059740468,0.0
OASIS_1,RandomForest,13,test,brightness_contrast__moderate,brightness_contrast,moderate,D:\OASIS_1\distortions_128\brightness_contrast\moderate\Very_Mild_Dementia\OAS1_0287\OAS1_0287_slice_15_z076.png,Very_Mild_Dementia/OAS1_0287/OAS1_0287_slice_15_z076.png,Very Mild Dementia/OAS1_0287/OAS1_0287_slice_15_z076.png,OAS1_0287,Very Mild Dementia,1,1,Very Mild Dementia,1,0.28851719621542055,0.676043655047802,0.03543914873677757,0.0
OASIS_1,RandomForest,13,test,brightness_contrast__moderate,brightness_contrast,moderate,D:\OASIS_1\distortions_128\brightness_contrast\moderate\Very_Mild_Dementia\OAS1_0287\OAS1_0287_slice_16_z078.png,Very_Mild_Dementia/OAS1_0287/OAS1_0287_slice_16_z078.png,Very Mild Dementia/OAS1_0287/OAS1_0287_slice_16_z078.png,OAS1_0287,Very Mild Dementia,1,0,Non-Demented,0,0.47689053001243803,0.4749949391422088,0.048114530845353415,0.0
OASIS_1,RandomForest,13,test,brightness_contrast__moderate,brightness_contrast,moderate,D:\OASIS_1\distortions_128\brightness_contrast\moderate\Very_Mild_Dementia\OAS1_0287\OAS1_0287_slice_17_z081.png,Very_Mild_Dementia/OAS1_0287/OAS1_0287_slice_17_z081.png,Very Mild Dementia/OAS1_0287/OAS1_0287_slice_17_z081.png,OAS1_0287,Very Mild Dementia,1,0,Non-Demented,0,0.36373223098614643,0.13890298006099466,0.1340314556195256,0.36333333333333334
OASIS_1,RandomForest,13,test,brightness_contrast__moderate,brightness_contrast,moderate,D:\OASIS_1\distortions_128\brightness_contrast\moderate\Very_Mild_Dementia\OAS1_0287\OAS1_0287_slice_18_z084.png,Very_Mild_Dementia/OAS1_0287/OAS1_0287_slice_18_z084.png,Very Mild Dementia/OAS1_0287/OAS1_0287_slice_18_z084.png,OAS1_0287,Very Mild Dementia,1,1,Very Mild Dementia,1,0.19607166555092764,0.7622480930980996,0.041680241350973174,0.0
OASIS_1,RandomForest,13,test,brightness_contrast__moderate,brightness_contrast,moderate,D:\OASIS_1\distortions_128\brightness_contrast\moderate\Very_Mild_Dementia\OAS1_0287\OAS1_0287_slice_19_z086.png,Very_Mild_Dementia/OAS1_0287/OAS1_0287_slice_19_z086.png,Very Mild Dementia/OAS1_0287/OAS1_0287_slice_19_z086.png,OAS1_0287,Very Mild Dementia,1,1,Very Mild Dementia,1,0.1908572797647548,0.7346730573884015,0.07446966284684403,0.0
OASIS_1,RandomForest,13,test,brightness_contrast__moderate,brightness_contrast,moderate,D:\OASIS_1\distortions_128\brightness_contrast\moderate\Very_Mild_Dementia\OAS1_0287\OAS1_0287_slice_20_z089.png,Very_Mild_Dementia/OAS1_0287/OAS1_0287_slice_20_z089.png,Very Mild Dementia/OAS1_0287/OAS1_0287_slice_20_z089.png,OAS1_0287,Very Mild Dementia,1,3,Moderate Dementia,0,0.34360984719111165,0.11317758814213823,0.1565458980000835,0.38666666666666666
OASIS_1,RandomForest,13,test,brightness_contrast__moderate,brightness_contrast,moderate,D:\OASIS_1\distortions_128\brightness_contrast\moderate\Very_Mild_Dementia\OAS1_0312\OAS1_0312_slice_01_z038.png,Very_Mild_Dementia/OAS1_0312/OAS1_0312_slice_01_z038.png,Very Mild Dementia/OAS1_0312/OAS1_0312_slice_01_z038.png,OAS1_0312,Very Mild Dementia,1,0,Non-Demented,0,0.462415385757833,0.3757859553779569,0.158465325530877,0.0033333333333333335
OASIS_1,RandomForest,13,test,brightness_contrast__moderate,brightness_contrast,moderate,D:\OASIS_1\distortions_128\brightness_contrast\moderate\Very_Mild_Dementia\OAS1_0312\OAS1_0312_slice_02_z041.png,Very_Mild_Dementia/OAS1_0312/OAS1_0312_slice_02_z041.png,Very Mild Dementia/OAS1_0312/OAS1_0312_slice_02_z041.png,OAS1_0312,Very Mild Dementia,1,0,Non-Demented,0,0.38507259177680403,0.0783206005510802,0.15327347433878244,0.38333333333333336
OASIS_1,RandomForest,13,test,brightness_contrast__moderate,brightness_contrast,moderate,D:\OASIS_1\distortions_128\brightness_contrast\moderate\Very_Mild_Dementia\OAS1_0312\OAS1_0312_slice_03_z043.png,Very_Mild_Dementia/OAS1_0312/OAS1_0312_slice_03_z043.png,Very Mild Dementia/OAS1_0312/OAS1_0312_slice_03_z043.png,OAS1_0312,Very Mild Dementia,1,0,Non-Demented,0,0.5114643204549755,0.32700937513128187,0.15485963774707617,0.006666666666666667
OASIS_1,RandomForest,13,test,brightness_contrast__moderate,brightness_contrast,moderate,D:\OASIS_1\distortions_128\brightness_contrast\moderate\Very_Mild_Dementia\OAS1_0312\OAS1_0312_slice_04_z046.png,Very_Mild_Dementia/OAS1_0312/OAS1_0312_slice_04_z046.png,Very Mild Dementia/OAS1_0312/OAS1_0312_slice_04_z046.png,OAS1_0312,Very Mild Dementia,1,0,Non-Demented,0,0.4758387850052305,0.327967226166784,0.1828606554946522,0.013333333333333334
OASIS_1,RandomForest,13,test,brightness_contrast__moderate,brightness_contrast,moderate,D:\OASIS_1\distortions_128\brightness_contrast\moderate\Very_Mild_Dementia\OAS1_0312\OAS1_0312_slice_05_z049.png,Very_Mild_Dementia/OAS1_0312/OAS1_0312_slice_05_z049.png,Very Mild Dementia/OAS1_0312/OAS1_0312_slice_05_z049.png,OAS1_0312,Very Mild Dementia,1,0,Non-Demented,0,0.6561267249544778,0.1866812848858733,0.14052532349298236,0.016666666666666666
OASIS_1,RandomForest,13,test,brightness_contrast__moderate,brightness_contrast,moderate,D:\OASIS_1\distortions_128\brightness_contrast\moderate\Very_Mild_Dementia\OAS1_0312\OAS1_0312_slice_06_z051.png,Very_Mild_Dementia/OAS1_0312/OAS1_0312_slice_06_z051.png,Very Mild Dementia/OAS1_0312/OAS1_0312_slice_06_z051.png,OAS1_0312,Very Mild Dementia,1,0,Non-Demented,0,0.6166044292231821,0.21756998154642954,0.15582558923038847,0.01
OASIS_1,RandomForest,13,test,brightness_contrast__moderate,brightness_contrast,moderate,D:\OASIS_1\distortions_128\brightness_contrast\moderate\Very_Mild_Dementia\OAS1_0312\OAS1_0312_slice_07_z054.png,Very_Mild_Dementia/OAS1_0312/OAS1_0312_slice_07_z054.png,Very Mild Dementia/OAS1_0312/OAS1_0312_slice_07_z054.png,OAS1_0312,Very Mild Dementia,1,0,Non-Demented,0,0.669760989307733,0.17228448887883513,0.137954521813432,0.02
OASIS_1,RandomForest,13,test,brightness_contrast__moderate,brightness_contrast,moderate,D:\OASIS_1\distortions_128\brightness_contrast\moderate\Very_Mild_Dementia\OAS1_0312\OAS1_0312_slice_08_z057.png,Very_Mild_Dementia/OAS1_0312/OAS1_0312_slice_08_z057.png,Very Mild Dementia/OAS1_0312/OAS1_0312_slice_08_z057.png,OAS1_0312,Very Mild Dementia,1,0,Non-Demented,0,0.6999291069301756,0.14897367297493092,0.14776388676156002,0.0033333333333333335
OASIS_1,RandomForest,13,test,brightness_contrast__moderate,brightness_contrast,moderate,D:\OASIS_1\distortions_128\brightness_contrast\moderate\Very_Mild_Dementia\OAS1_0312\OAS1_0312_slice_09_z059.png,Very_Mild_Dementia/OAS1_0312/OAS1_0312_slice_09_z059.png,Very Mild Dementia/OAS1_0312/OAS1_0312_slice_09_z059.png,OAS1_0312,Very Mild Dementia,1,0,Non-Demented,0,0.5471693928221286,0.27780481673829105,0.16502579043958027,0.01
OASIS_1,RandomForest,13,test,brightness_contrast__moderate,brightness_contrast,moderate,D:\OASIS_1\distortions_128\brightness_contrast\moderate\Very_Mild_Dementia\OAS1_0312\OAS1_0312_slice_10_z062.png,Very_Mild_Dementia/OAS1_0312/OAS1_0312_slice_10_z062.png,Very Mild Dementia/OAS1_0312/OAS1_0312_slice_10_z062.png,OAS1_0312,Very Mild Dementia,1,0,Non-Demented,0,0.666141345326561,0.18146911591955556,0.14572287208721693,0.006666666666666667
OASIS_1,RandomForest,13,test,brightness_contrast__moderate,brightness_contrast,moderate,D:\OASIS_1\distortions_128\brightness_contrast\moderate\Very_Mild_Dementia\OAS1_0312\OAS1_0312_slice_11_z065.png,Very_Mild_Dementia/OAS1_0312/OAS1_0312_slice_11_z065.png,Very Mild Dementia/OAS1_0312/OAS1_0312_slice_11_z065.png,OAS1_0312,Very Mild Dementia,1,0,Non-Demented,0,0.6823735275780749,0.1566144787299307,0.15434532702532794,0.006666666666666667
OASIS_1,RandomForest,13,test,brightness_contrast__moderate,brightness_contrast,moderate,D:\OASIS_1\distortions_128\brightness_contrast\moderate\Very_Mild_Dementia\OAS1_0312\OAS1_0312_slice_12_z068.png,Very_Mild_Dementia/OAS1_0312/OAS1_0312_slice_12_z068.png,Very Mild Dementia/OAS1_0312/OAS1_0312_slice_12_z068.png,OAS1_0312,Very Mild Dementia,1,0,Non-Demented,0,0.5272075841973013,0.2866118057636998,0.16618061003899903,0.02
OASIS_1,RandomForest,13,test,brightness_contrast__moderate,brightness_contrast,moderate,D:\OASIS_1\distortions_128\brightness_contrast\moderate\Very_Mild_Dementia\OAS1_0312\OAS1_0312_slice_13_z070.png,Very_Mild_Dementia/OAS1_0312/OAS1_0312_slice_13_z070.png,Very Mild Dementia/OAS1_0312/OAS1_0312_slice_13_z070.png,OAS1_0312,Very Mild Dementia,1,0,Non-Demented,0,0.5662815881527565,0.28872418254223436,0.12499422930500927,0.02
OASIS_1,RandomForest,13,test,brightness_contrast__moderate,brightness_contrast,moderate,D:\OASIS_1\distortions_128\brightness_contrast\moderate\Very_Mild_Dementia\OAS1_0312\OAS1_0312_slice_14_z073.png,Very_Mild_Dementia/OAS1_0312/OAS1_0312_slice_14_z073.png,Very Mild Dementia/OAS1_0312/OAS1_0312_slice_14_z073.png,OAS1_0312,Very Mild Dementia,1,3,Moderate Dementia,0,0.3481685497255287,0.10789680685358256,0.12393464342088877,0.42
OASIS_1,RandomForest,13,test,brightness_contrast__moderate,brightness_contrast,moderate,D:\OASIS_1\distortions_128\brightness_contrast\moderate\Very_Mild_Dementia\OAS1_0312\OAS1_0312_slice_15_z076.png,Very_Mild_Dementia/OAS1_0312/OAS1_0312_slice_15_z076.png,Very Mild Dementia/OAS1_0312/OAS1_0312_slice_15_z076.png,OAS1_0312,Very Mild Dementia,1,0,Non-Demented,0,0.613381894144316,0.16250764910012883,0.20744379008888864,0.016666666666666666
OASIS_1,RandomForest,13,test,brightness_contrast__moderate,brightness_contrast,moderate,D:\OASIS_1\distortions_128\brightness_contrast\moderate\Very_Mild_Dementia\OAS1_0312\OAS1_0312_slice_16_z078.png,Very_Mild_Dementia/OAS1_0312/OAS1_0312_slice_16_z078.png,Very Mild Dementia/OAS1_0312/OAS1_0312_slice_16_z078.png,OAS1_0312,Very Mild Dementia,1,0,Non-Demented,0,0.6218944449156121,0.17823286747568234,0.19320602094203873,0.006666666666666667
OASIS_1,RandomForest,13,test,brightness_contrast__moderate,brightness_contrast,moderate,D:\OASIS_1\distortions_128\brightness_contrast\moderate\Very_Mild_Dementia\OAS1_0312\OAS1_0312_slice_17_z081.png,Very_Mild_Dementia/OAS1_0312/OAS1_0312_slice_17_z081.png,Very Mild Dementia/OAS1_0312/OAS1_0312_slice_17_z081.png,OAS1_0312,Very Mild Dementia,1,0,Non-Demented,0,0.45544635704956393,0.33924306852501585,0.19531057442542046,0.01
OASIS_1,RandomForest,13,test,brightness_contrast__moderate,brightness_contrast,moderate,D:\OASIS_1\distortions_128\brightness_contrast\moderate\Very_Mild_Dementia\OAS1_0312\OAS1_0312_slice_18_z084.png,Very_Mild_Dementia/OAS1_0312/OAS1_0312_slice_18_z084.png,Very Mild Dementia/OAS1_0312/OAS1_0312_slice_18_z084.png,OAS1_0312,Very Mild Dementia,1,3,Moderate Dementia,0,0.3702878736787197,0.07904808218532239,0.12399737746929126,0.4266666666666667
OASIS_1,RandomForest,13,test,brightness_contrast__moderate,brightness_contrast,moderate,D:\OASIS_1\distortions_128\brightness_contrast\moderate\Very_Mild_Dementia\OAS1_0312\OAS1_0312_slice_19_z086.png,Very_Mild_Dementia/OAS1_0312/OAS1_0312_slice_19_z086.png,Very Mild Dementia/OAS1_0312/OAS1_0312_slice_19_z086.png,OAS1_0312,Very Mild Dementia,1,0,Non-Demented,0,0.4300917714905262,0.29665444010114583,0.25992045507499467,0.013333333333333334
OASIS_1,RandomForest,13,test,brightness_contrast__moderate,brightness_contrast,moderate,D:\OASIS_1\distortions_128\brightness_contrast\moderate\Very_Mild_Dementia\OAS1_0312\OAS1_0312_slice_20_z089.png,Very_Mild_Dementia/OAS1_0312/OAS1_0312_slice_20_z089.png,Very Mild Dementia/OAS1_0312/OAS1_0312_slice_20_z089.png,OAS1_0312,Very Mild Dementia,1,0,Non-Demented,0,0.48414568799865576,0.2845942140065277,0.2245934313281502,0.006666666666666667
OASIS_1,RandomForest,13,test,brightness_contrast__moderate,brightness_contrast,moderate,D:\OASIS_1\distortions_128\brightness_contrast\moderate\Very_Mild_Dementia\OAS1_0380\OAS1_0380_slice_01_z038.png,Very_Mild_Dementia/OAS1_0380/OAS1_0380_slice_01_z038.png,Very Mild Dementia/OAS1_0380/OAS1_0380_slice_01_z038.png,OAS1_0380,Very Mild Dementia,1,0,Non-Demented,0,0.49569834553141734,0.35562250374157134,0.14201248406034456,0.006666666666666667
OASIS_1,RandomForest,13,test,brightness_contrast__moderate,brightness_contrast,moderate,D:\OASIS_1\distortions_128\brightness_contrast\moderate\Very_Mild_Dementia\OAS1_0380\OAS1_0380_slice_02_z041.png,Very_Mild_Dementia/OAS1_0380/OAS1_0380_slice_02_z041.png,Very Mild Dementia/OAS1_0380/OAS1_0380_slice_02_z041.png,OAS1_0380,Very Mild Dementia,1,0,Non-Demented,0,0.41503111550056576,0.31642127537551734,0.26854760912391734,0.0
OASIS_1,RandomForest,13,test,brightness_contrast__moderate,brightness_contrast,moderate,D:\OASIS_1\distortions_128\brightness_contrast\moderate\Very_Mild_Dementia\OAS1_0380\OAS1_0380_slice_03_z043.png,Very_Mild_Dementia/OAS1_0380/OAS1_0380_slice_03_z043.png,Very Mild Dementia/OAS1_0380/OAS1_0380_slice_03_z043.png,OAS1_0380,Very Mild Dementia,1,0,Non-Demented,0,0.4077435232441339,0.12521463092538504,0.1337085124971477,0.3333333333333333
OASIS_1,RandomForest,13,test,brightness_contrast__moderate,brightness_contrast,moderate,D:\OASIS_1\distortions_128\brightness_contrast\moderate\Very_Mild_Dementia\OAS1_0380\OAS1_0380_slice_04_z046.png,Very_Mild_Dementia/OAS1_0380/OAS1_0380_slice_04_z046.png,Very Mild Dementia/OAS1_0380/OAS1_0380_slice_04_z046.png,OAS1_0380,Very Mild Dementia,1,0,Non-Demented,0,0.38038438762245386,0.31065170433336403,0.3089639080441823,0.0
OASIS_1,RandomForest,13,test,brightness_contrast__moderate,brightness_contrast,moderate,D:\OASIS_1\distortions_128\brightness_contrast\moderate\Very_Mild_Dementia\OAS1_0380\OAS1_0380_slice_05_z049.png,Very_Mild_Dementia/OAS1_0380/OAS1_0380_slice_05_z049.png,Very Mild Dementia/OAS1_0380/OAS1_0380_slice_05_z049.png,OAS1_0380,Very Mild Dementia,1,3,Moderate Dementia,0,0.36398267078105306,0.11439287320238047,0.15162445601656646,0.37
OASIS_1,RandomForest,13,test,brightness_contrast__moderate,brightness_contrast,moderate,D:\OASIS_1\distortions_128\brightness_contrast\moderate\Very_Mild_Dementia\OAS1_0380\OAS1_0380_slice_06_z051.png,Very_Mild_Dementia/OAS1_0380/OAS1_0380_slice_06_z051.png,Very Mild Dementia/OAS1_0380/OAS1_0380_slice_06_z051.png,OAS1_0380,Very Mild Dementia,1,0,Non-Demented,0,0.3746329590212703,0.13027318052204342,0.14176052712335296,0.35333333333333333
OASIS_1,RandomForest,13,test,brightness_contrast__moderate,brightness_contrast,moderate,D:\OASIS_1\distortions_128\brightness_contrast\moderate\Very_Mild_Dementia\OAS1_0380\OAS1_0380_slice_07_z054.png,Very_Mild_Dementia/OAS1_0380/OAS1_0380_slice_07_z054.png,Very Mild Dementia/OAS1_0380/OAS1_0380_slice_07_z054.png,OAS1_0380,Very Mild Dementia,1,1,Very Mild Dementia,1,0.3622432139542186,0.4140611699810542,0.22369561606472724,0.0
OASIS_1,RandomForest,13,test,brightness_contrast__moderate,brightness_contrast,moderate,D:\OASIS_1\distortions_128\brightness_contrast\moderate\Very_Mild_Dementia\OAS1_0380\OAS1_0380_slice_08_z057.png,Very_Mild_Dementia/OAS1_0380/OAS1_0380_slice_08_z057.png,Very Mild Dementia/OAS1_0380/OAS1_0380_slice_08_z057.png,OAS1_0380,Very Mild Dementia,1,1,Very Mild Dementia,1,0.36423120825759836,0.36679005708344364,0.26897873465895805,0.0
OASIS_1,RandomForest,13,test,brightness_contrast__moderate,brightness_contrast,moderate,D:\OASIS_1\distortions_128\brightness_contrast\moderate\Very_Mild_Dementia\OAS1_0380\OAS1_0380_slice_09_z059.png,Very_Mild_Dementia/OAS1_0380/OAS1_0380_slice_09_z059.png,Very Mild Dementia/OAS1_0380/OAS1_0380_slice_09_z059.png,OAS1_0380,Very Mild Dementia,1,1,Very Mild Dementia,1,0.35037153168469787,0.430543929776764,0.219084538538538,0.0
OASIS_1,RandomForest,13,test,brightness_contrast__moderate,brightness_contrast,moderate,D:\OASIS_1\distortions_128\brightness_contrast\moderate\Very_Mild_Dementia\OAS1_0380\OAS1_0380_slice_10_z062.png,Very_Mild_Dementia/OAS1_0380/OAS1_0380_slice_10_z062.png,Very Mild Dementia/OAS1_0380/OAS1_0380_slice_10_z062.png,OAS1_0380,Very Mild Dementia,1,3,Moderate Dementia,0,0.3271930924237915,0.12951778658991278,0.11662245431962896,0.4266666666666667
OASIS_1,RandomForest,13,test,brightness_contrast__moderate,brightness_contrast,moderate,D:\OASIS_1\distortions_128\brightness_contrast\moderate\Very_Mild_Dementia\OAS1_0380\OAS1_0380_slice_11_z065.png,Very_Mild_Dementia/OAS1_0380/OAS1_0380_slice_11_z065.png,Very Mild Dementia/OAS1_0380/OAS1_0380_slice_11_z065.png,OAS1_0380,Very Mild Dementia,1,2,Mild Dementia,0,0.3306129593676344,0.31793947722629096,0.3481142300727417,0.0033333333333333335
OASIS_1,RandomForest,13,test,brightness_contrast__moderate,brightness_contrast,moderate,D:\OASIS_1\distortions_128\brightness_contrast\moderate\Very_Mild_Dementia\OAS1_0380\OAS1_0380_slice_12_z068.png,Very_Mild_Dementia/OAS1_0380/OAS1_0380_slice_12_z068.png,Very Mild Dementia/OAS1_0380/OAS1_0380_slice_12_z068.png,OAS1_0380,Very Mild Dementia,1,0,Non-Demented,0,0.3612231268354042,0.35168594293016053,0.28709093023443566,0.0
OASIS_1,RandomForest,13,test,brightness_contrast__moderate,brightness_contrast,moderate,D:\OASIS_1\distortions_128\brightness_contrast\moderate\Very_Mild_Dementia\OAS1_0380\OAS1_0380_slice_13_z070.png,Very_Mild_Dementia/OAS1_0380/OAS1_0380_slice_13_z070.png,Very Mild Dementia/OAS1_0380/OAS1_0380_slice_13_z070.png,OAS1_0380,Very Mild Dementia,1,0,Non-Demented,0,0.3562515186351143,0.13893005354697682,0.15481842781790883,0.35
OASIS_1,RandomForest,13,test,brightness_contrast__moderate,brightness_contrast,moderate,D:\OASIS_1\distortions_128\brightness_contrast\moderate\Very_Mild_Dementia\OAS1_0380\OAS1_0380_slice_14_z073.png,Very_Mild_Dementia/OAS1_0380/OAS1_0380_slice_14_z073.png,Very Mild Dementia/OAS1_0380/OAS1_0380_slice_14_z073.png,OAS1_0380,Very Mild Dementia,1,0,Non-Demented,0,0.380857870286007,0.331978207559514,0.2871639221544793,0.0
OASIS_1,RandomForest,13,test,brightness_contrast__moderate,brightness_contrast,moderate,D:\OASIS_1\distortions_128\brightness_contrast\moderate\Very_Mild_Dementia\OAS1_0380\OAS1_0380_slice_15_z076.png,Very_Mild_Dementia/OAS1_0380/OAS1_0380_slice_15_z076.png,Very Mild Dementia/OAS1_0380/OAS1_0380_slice_15_z076.png,OAS1_0380,Very Mild Dementia,1,0,Non-Demented,0,0.37985054412266867,0.13513440692568443,0.14168171561831358,0.3433333333333333
OASIS_1,RandomForest,13,test,brightness_contrast__moderate,brightness_contrast,moderate,D:\OASIS_1\distortions_128\brightness_contrast\moderate\Very_Mild_Dementia\OAS1_0380\OAS1_0380_slice_16_z078.png,Very_Mild_Dementia/OAS1_0380/OAS1_0380_slice_16_z078.png,Very Mild Dementia/OAS1_0380/OAS1_0380_slice_16_z078.png,OAS1_0380,Very Mild Dementia,1,0,Non-Demented,0,0.4103733673952529,0.3761045193384123,0.21352211326633488,0.0
OASIS_1,RandomForest,13,test,brightness_contrast__moderate,brightness_contrast,moderate,D:\OASIS_1\distortions_128\brightness_contrast\moderate\Very_Mild_Dementia\OAS1_0380\OAS1_0380_slice_17_z081.png,Very_Mild_Dementia/OAS1_0380/OAS1_0380_slice_17_z081.png,Very Mild Dementia/OAS1_0380/OAS1_0380_slice_17_z081.png,OAS1_0380,Very Mild Dementia,1,0,Non-Demented,0,0.4125036038508801,0.3734018692742543,0.21409452687486577,0.0
OASIS_1,RandomForest,13,test,brightness_contrast__moderate,brightness_contrast,moderate,D:\OASIS_1\distortions_128\brightness_contrast\moderate\Very_Mild_Dementia\OAS1_0380\OAS1_0380_slice_18_z084.png,Very_Mild_Dementia/OAS1_0380/OAS1_0380_slice_18_z084.png,Very Mild Dementia/OAS1_0380/OAS1_0380_slice_18_z084.png,OAS1_0380,Very Mild Dementia,1,0,Non-Demented,0,0.37732306797037524,0.11401046309091839,0.16199980227203972,0.3466666666666667
OASIS_1,RandomForest,13,test,brightness_contrast__moderate,brightness_contrast,moderate,D:\OASIS_1\distortions_128\brightness_contrast\moderate\Very_Mild_Dementia\OAS1_0380\OAS1_0380_slice_19_z086.png,Very_Mild_Dementia/OAS1_0380/OAS1_0380_slice_19_z086.png,Very Mild Dementia/OAS1_0380/OAS1_0380_slice_19_z086.png,OAS1_0380,Very Mild Dementia,1,0,Non-Demented,0,0.4011363563204201,0.11037804685570156,0.14848559682387838,0.34
OASIS_1,RandomForest,13,test,brightness_contrast__moderate,brightness_contrast,moderate,D:\OASIS_1\distortions_128\brightness_contrast\moderate\Very_Mild_Dementia\OAS1_0380\OAS1_0380_slice_20_z089.png,Very_Mild_Dementia/OAS1_0380/OAS1_0380_slice_20_z089.png,Very Mild Dementia/OAS1_0380/OAS1_0380_slice_20_z089.png,OAS1_0380,Very Mild Dementia,1,0,Non-Demented,0,0.4456852941638263,0.3324775113395364,0.2218371944966374,0.0
OASIS_1,RandomForest,13,test,brightness_contrast__moderate,brightness_contrast,moderate,D:\OASIS_1\distortions_128\brightness_contrast\moderate\Very_Mild_Dementia\OAS1_0400\OAS1_0400_slice_01_z038.png,Very_Mild_Dementia/OAS1_0400/OAS1_0400_slice_01_z038.png,Very Mild Dementia/OAS1_0400/OAS1_0400_slice_01_z038.png,OAS1_0400,Very Mild Dementia,1,0,Non-Demented,0,0.5344592219616735,0.3556507414028056,0.10655670330218754,0.0033333333333333335
OASIS_1,RandomForest,13,test,brightness_contrast__moderate,brightness_contrast,moderate,D:\OASIS_1\distortions_128\brightness_contrast\moderate\Very_Mild_Dementia\OAS1_0400\OAS1_0400_slice_02_z041.png,Very_Mild_Dementia/OAS1_0400/OAS1_0400_slice_02_z041.png,Very Mild Dementia/OAS1_0400/OAS1_0400_slice_02_z041.png,OAS1_0400,Very Mild Dementia,1,0,Non-Demented,0,0.4282586510268345,0.40993295673126073,0.16180839224190463,0.0
OASIS_1,RandomForest,13,test,brightness_contrast__moderate,brightness_contrast,moderate,D:\OASIS_1\distortions_128\brightness_contrast\moderate\Very_Mild_Dementia\OAS1_0400\OAS1_0400_slice_03_z043.png,Very_Mild_Dementia/OAS1_0400/OAS1_0400_slice_03_z043.png,Very Mild Dementia/OAS1_0400/OAS1_0400_slice_03_z043.png,OAS1_0400,Very Mild Dementia,1,0,Non-Demented,0,0.41125500946659327,0.34592054331330163,0.24282444722010535,0.0
OASIS_1,RandomForest,13,test,brightness_contrast__moderate,brightness_contrast,moderate,D:\OASIS_1\distortions_128\brightness_contrast\moderate\Very_Mild_Dementia\OAS1_0400\OAS1_0400_slice_04_z046.png,Very_Mild_Dementia/OAS1_0400/OAS1_0400_slice_04_z046.png,Very Mild Dementia/OAS1_0400/OAS1_0400_slice_04_z046.png,OAS1_0400,Very Mild Dementia,1,1,Very Mild Dementia,1,0.38316919964302176,0.38514529342341786,0.23168550693356071,0.0
OASIS_1,RandomForest,13,test,brightness_contrast__moderate,brightness_contrast,moderate,D:\OASIS_1\distortions_128\brightness_contrast\moderate\Very_Mild_Dementia\OAS1_0400\OAS1_0400_slice_05_z049.png,Very_Mild_Dementia/OAS1_0400/OAS1_0400_slice_05_z049.png,Very Mild Dementia/OAS1_0400/OAS1_0400_slice_05_z049.png,OAS1_0400,Very Mild Dementia,1,0,Non-Demented,0,0.47011590243148305,0.37305272280074653,0.15683137476777068,0.0
OASIS_1,RandomForest,13,test,brightness_contrast__moderate,brightness_contrast,moderate,D:\OASIS_1\distortions_128\brightness_contrast\moderate\Very_Mild_Dementia\OAS1_0400\OAS1_0400_slice_06_z051.png,Very_Mild_Dementia/OAS1_0400/OAS1_0400_slice_06_z051.png,Very Mild Dementia/OAS1_0400/OAS1_0400_slice_06_z051.png,OAS1_0400,Very Mild Dementia,1,0,Non-Demented,0,0.43378087428667894,0.3753140911052949,0.19090503460802613,0.0
OASIS_1,RandomForest,13,test,brightness_contrast__moderate,brightness_contrast,moderate,D:\OASIS_1\distortions_128\brightness_contrast\moderate\Very_Mild_Dementia\OAS1_0400\OAS1_0400_slice_07_z054.png,Very_Mild_Dementia/OAS1_0400/OAS1_0400_slice_07_z054.png,Very Mild Dementia/OAS1_0400/OAS1_0400_slice_07_z054.png,OAS1_0400,Very Mild Dementia,1,3,Moderate Dementia,0,0.3325590512249775,0.15889662544055339,0.12854432333446916,0.38
OASIS_1,RandomForest,13,test,brightness_contrast__moderate,brightness_contrast,moderate,D:\OASIS_1\distortions_128\brightness_contrast\moderate\Very_Mild_Dementia\OAS1_0400\OAS1_0400_slice_08_z057.png,Very_Mild_Dementia/OAS1_0400/OAS1_0400_slice_08_z057.png,Very Mild Dementia/OAS1_0400/OAS1_0400_slice_08_z057.png,OAS1_0400,Very Mild Dementia,1,0,Non-Demented,0,0.46000152922667353,0.3840142085432134,0.15598426223011289,0.0
OASIS_1,RandomForest,13,test,brightness_contrast__moderate,brightness_contrast,moderate,D:\OASIS_1\distortions_128\brightness_contrast\moderate\Very_Mild_Dementia\OAS1_0400\OAS1_0400_slice_09_z059.png,Very_Mild_Dementia/OAS1_0400/OAS1_0400_slice_09_z059.png,Very Mild Dementia/OAS1_0400/OAS1_0400_slice_09_z059.png,OAS1_0400,Very Mild Dementia,1,0,Non-Demented,0,0.4810753523601239,0.3201396628527567,0.19878498478711937,0.0
OASIS_1,RandomForest,13,test,brightness_contrast__moderate,brightness_contrast,moderate,D:\OASIS_1\distortions_128\brightness_contrast\moderate\Very_Mild_Dementia\OAS1_0400\OAS1_0400_slice_10_z062.png,Very_Mild_Dementia/OAS1_0400/OAS1_0400_slice_10_z062.png,Very Mild Dementia/OAS1_0400/OAS1_0400_slice_10_z062.png,OAS1_0400,Very Mild Dementia,1,0,Non-Demented,0,0.49219063915697064,0.3243577102062088,0.1834516506368204,0.0
OASIS_1,RandomForest,13,test,brightness_contrast__moderate,brightness_contrast,moderate,D:\OASIS_1\distortions_128\brightness_contrast\moderate\Very_Mild_Dementia\OAS1_0400\OAS1_0400_slice_11_z065.png,Very_Mild_Dementia/OAS1_0400/OAS1_0400_slice_11_z065.png,Very Mild Dementia/OAS1_0400/OAS1_0400_slice_11_z065.png,OAS1_0400,Very Mild Dementia,1,0,Non-Demented,0,0.492525298731875,0.3140015158208289,0.193473185447296,0.0
OASIS_1,RandomForest,13,test,brightness_contrast__moderate,brightness_contrast,moderate,D:\OASIS_1\distortions_128\brightness_contrast\moderate\Very_Mild_Dementia\OAS1_0400\OAS1_0400_slice_12_z068.png,Very_Mild_Dementia/OAS1_0400/OAS1_0400_slice_12_z068.png,Very Mild Dementia/OAS1_0400/OAS1_0400_slice_12_z068.png,OAS1_0400,Very Mild Dementia,1,0,Non-Demented,0,0.48883075137575477,0.3328680454433706,0.17496786984754126,0.0033333333333333335
OASIS_1,RandomForest,13,test,brightness_contrast__moderate,brightness_contrast,moderate,D:\OASIS_1\distortions_128\brightness_contrast\moderate\Very_Mild_Dementia\OAS1_0400\OAS1_0400_slice_13_z070.png,Very_Mild_Dementia/OAS1_0400/OAS1_0400_slice_13_z070.png,Very Mild Dementia/OAS1_0400/OAS1_0400_slice_13_z070.png,OAS1_0400,Very Mild Dementia,1,0,Non-Demented,0,0.43878906916804833,0.32214295667629234,0.23906797415565934,0.0
OASIS_1,RandomForest,13,test,brightness_contrast__moderate,brightness_contrast,moderate,D:\OASIS_1\distortions_128\brightness_contrast\moderate\Very_Mild_Dementia\OAS1_0400\OAS1_0400_slice_14_z073.png,Very_Mild_Dementia/OAS1_0400/OAS1_0400_slice_14_z073.png,Very Mild Dementia/OAS1_0400/OAS1_0400_slice_14_z073.png,OAS1_0400,Very Mild Dementia,1,0,Non-Demented,0,0.4382278211676763,0.31076119140026665,0.2510109874320571,0.0
OASIS_1,RandomForest,13,test,brightness_contrast__moderate,brightness_contrast,moderate,D:\OASIS_1\distortions_128\brightness_contrast\moderate\Very_Mild_Dementia\OAS1_0400\OAS1_0400_slice_15_z076.png,Very_Mild_Dementia/OAS1_0400/OAS1_0400_slice_15_z076.png,Very Mild Dementia/OAS1_0400/OAS1_0400_slice_15_z076.png,OAS1_0400,Very Mild Dementia,1,3,Moderate Dementia,0,0.3141277558480288,0.1344422218138713,0.15476335567143315,0.39666666666666667
OASIS_1,RandomForest,13,test,brightness_contrast__moderate,brightness_contrast,moderate,D:\OASIS_1\distortions_128\brightness_contrast\moderate\Very_Mild_Dementia\OAS1_0400\OAS1_0400_slice_16_z078.png,Very_Mild_Dementia/OAS1_0400/OAS1_0400_slice_16_z078.png,Very Mild Dementia/OAS1_0400/OAS1_0400_slice_16_z078.png,OAS1_0400,Very Mild Dementia,1,0,Non-Demented,0,0.48968920309861336,0.3126485473635735,0.19432891620448,0.0033333333333333335
OASIS_1,RandomForest,13,test,brightness_contrast__moderate,brightness_contrast,moderate,D:\OASIS_1\distortions_128\brightness_contrast\moderate\Very_Mild_Dementia\OAS1_0400\OAS1_0400_slice_17_z081.png,Very_Mild_Dementia/OAS1_0400/OAS1_0400_slice_17_z081.png,Very Mild Dementia/OAS1_0400/OAS1_0400_slice_17_z081.png,OAS1_0400,Very Mild Dementia,1,1,Very Mild Dementia,1,0.3723169772581067,0.49860498844003415,0.12907803430185935,0.0
OASIS_1,RandomForest,13,test,brightness_contrast__moderate,brightness_contrast,moderate,D:\OASIS_1\distortions_128\brightness_contrast\moderate\Very_Mild_Dementia\OAS1_0400\OAS1_0400_slice_18_z084.png,Very_Mild_Dementia/OAS1_0400/OAS1_0400_slice_18_z084.png,Very Mild Dementia/OAS1_0400/OAS1_0400_slice_18_z084.png,OAS1_0400,Very Mild Dementia,1,0,Non-Demented,0,0.5078820107830496,0.3200295279039614,0.1554217946463225,0.016666666666666666
OASIS_1,RandomForest,13,test,brightness_contrast__moderate,brightness_contrast,moderate,D:\OASIS_1\distortions_128\brightness_contrast\moderate\Very_Mild_Dementia\OAS1_0400\OAS1_0400_slice_19_z086.png,Very_Mild_Dementia/OAS1_0400/OAS1_0400_slice_19_z086.png,Very Mild Dementia/OAS1_0400/OAS1_0400_slice_19_z086.png,OAS1_0400,Very Mild Dementia,1,1,Very Mild Dementia,1,0.31012215000106036,0.5685055726357329,0.12137227736320683,0.0
OASIS_1,RandomForest,13,test,brightness_contrast__moderate,brightness_contrast,moderate,D:\OASIS_1\distortions_128\brightness_contrast\moderate\Very_Mild_Dementia\OAS1_0400\OAS1_0400_slice_20_z089.png,Very_Mild_Dementia/OAS1_0400/OAS1_0400_slice_20_z089.png,Very Mild Dementia/OAS1_0400/OAS1_0400_slice_20_z089.png,OAS1_0400,Very Mild Dementia,1,1,Very Mild Dementia,1,0.25408151733095186,0.5300658046451877,0.2158526780238606,0.0
OASIS_1,RandomForest,13,test,brightness_contrast__moderate,brightness_contrast,moderate,D:\OASIS_1\distortions_128\brightness_contrast\moderate\Very_Mild_Dementia\OAS1_0432\OAS1_0432_slice_01_z038.png,Very_Mild_Dementia/OAS1_0432/OAS1_0432_slice_01_z038.png,Very Mild Dementia/OAS1_0432/OAS1_0432_slice_01_z038.png,OAS1_0432,Very Mild Dementia,1,1,Very Mild Dementia,1,0.39253723193583084,0.4924266704338004,0.11503609763036882,0.0
OASIS_1,RandomForest,13,test,brightness_contrast__moderate,brightness_contrast,moderate,D:\OASIS_1\distortions_128\brightness_contrast\moderate\Very_Mild_Dementia\OAS1_0432\OAS1_0432_slice_02_z041.png,Very_Mild_Dementia/OAS1_0432/OAS1_0432_slice_02_z041.png,Very Mild Dementia/OAS1_0432/OAS1_0432_slice_02_z041.png,OAS1_0432,Very Mild Dementia,1,0,Non-Demented,0,0.7547327848429176,0.1939850187757627,0.05128219638131966,0.0
OASIS_1,RandomForest,13,test,brightness_contrast__moderate,brightness_contrast,moderate,D:\OASIS_1\distortions_128\brightness_contrast\moderate\Very_Mild_Dementia\OAS1_0432\OAS1_0432_slice_03_z043.png,Very_Mild_Dementia/OAS1_0432/OAS1_0432_slice_03_z043.png,Very Mild Dementia/OAS1_0432/OAS1_0432_slice_03_z043.png,OAS1_0432,Very Mild Dementia,1,1,Very Mild Dementia,1,0.35864719732194217,0.5523261983592679,0.08902660431879017,0.0
OASIS_1,RandomForest,13,test,brightness_contrast__moderate,brightness_contrast,moderate,D:\OASIS_1\distortions_128\brightness_contrast\moderate\Very_Mild_Dementia\OAS1_0432\OAS1_0432_slice_04_z046.png,Very_Mild_Dementia/OAS1_0432/OAS1_0432_slice_04_z046.png,Very Mild Dementia/OAS1_0432/OAS1_0432_slice_04_z046.png,OAS1_0432,Very Mild Dementia,1,0,Non-Demented,0,0.4713397141438472,0.31670229716026344,0.21195798869588992,0.0
OASIS_1,RandomForest,13,test,brightness_contrast__moderate,brightness_contrast,moderate,D:\OASIS_1\distortions_128\brightness_contrast\moderate\Very_Mild_Dementia\OAS1_0432\OAS1_0432_slice_05_z049.png,Very_Mild_Dementia/OAS1_0432/OAS1_0432_slice_05_z049.png,Very Mild Dementia/OAS1_0432/OAS1_0432_slice_05_z049.png,OAS1_0432,Very Mild Dementia,1,1,Very Mild Dementia,1,0.35412853204048356,0.5445232953785003,0.10134817258101622,0.0
OASIS_1,RandomForest,13,test,brightness_contrast__moderate,brightness_contrast,moderate,D:\OASIS_1\distortions_128\brightness_contrast\moderate\Very_Mild_Dementia\OAS1_0432\OAS1_0432_slice_06_z051.png,Very_Mild_Dementia/OAS1_0432/OAS1_0432_slice_06_z051.png,Very Mild Dementia/OAS1_0432/OAS1_0432_slice_06_z051.png,OAS1_0432,Very Mild Dementia,1,1,Very Mild Dementia,1,0.3519421626977163,0.5437788192426053,0.10427901805967832,0.0
OASIS_1,RandomForest,13,test,brightness_contrast__moderate,brightness_contrast,moderate,D:\OASIS_1\distortions_128\brightness_contrast\moderate\Very_Mild_Dementia\OAS1_0432\OAS1_0432_slice_07_z054.png,Very_Mild_Dementia/OAS1_0432/OAS1_0432_slice_07_z054.png,Very Mild Dementia/OAS1_0432/OAS1_0432_slice_07_z054.png,OAS1_0432,Very Mild Dementia,1,0,Non-Demented,0,0.6928423531817012,0.23259357498618513,0.07456407183211376,0.0
OASIS_1,RandomForest,13,test,brightness_contrast__moderate,brightness_contrast,moderate,D:\OASIS_1\distortions_128\brightness_contrast\moderate\Very_Mild_Dementia\OAS1_0432\OAS1_0432_slice_08_z057.png,Very_Mild_Dementia/OAS1_0432/OAS1_0432_slice_08_z057.png,Very Mild Dementia/OAS1_0432/OAS1_0432_slice_08_z057.png,OAS1_0432,Very Mild Dementia,1,1,Very Mild Dementia,1,0.30954545653289733,0.5787827141027867,0.1116718293643159,0.0
OASIS_1,RandomForest,13,test,brightness_contrast__moderate,brightness_contrast,moderate,D:\OASIS_1\distortions_128\brightness_contrast\moderate\Very_Mild_Dementia\OAS1_0432\OAS1_0432_slice_09_z059.png,Very_Mild_Dementia/OAS1_0432/OAS1_0432_slice_09_z059.png,Very Mild Dementia/OAS1_0432/OAS1_0432_slice_09_z059.png,OAS1_0432,Very Mild Dementia,1,0,Non-Demented,0,0.49014666881776636,0.3234996318375952,0.18635369934463877,0.0
OASIS_1,RandomForest,13,test,brightness_contrast__moderate,brightness_contrast,moderate,D:\OASIS_1\distortions_128\brightness_contrast\moderate\Very_Mild_Dementia\OAS1_0432\OAS1_0432_slice_10_z062.png,Very_Mild_Dementia/OAS1_0432/OAS1_0432_slice_10_z062.png,Very Mild Dementia/OAS1_0432/OAS1_0432_slice_10_z062.png,OAS1_0432,Very Mild Dementia,1,1,Very Mild Dementia,1,0.32071242648047954,0.5512743435842773,0.12801322993524322,0.0
OASIS_1,RandomForest,13,test,brightness_contrast__moderate,brightness_contrast,moderate,D:\OASIS_1\distortions_128\brightness_contrast\moderate\Very_Mild_Dementia\OAS1_0432\OAS1_0432_slice_11_z065.png,Very_Mild_Dementia/OAS1_0432/OAS1_0432_slice_11_z065.png,Very Mild Dementia/OAS1_0432/OAS1_0432_slice_11_z065.png,OAS1_0432,Very Mild Dementia,1,3,Moderate Dementia,0,0.30934463444646004,0.13143820001796158,0.12255049886891174,0.43666666666666665
OASIS_1,RandomForest,13,test,brightness_contrast__moderate,brightness_contrast,moderate,D:\OASIS_1\distortions_128\brightness_contrast\moderate\Very_Mild_Dementia\OAS1_0432\OAS1_0432_slice_12_z068.png,Very_Mild_Dementia/OAS1_0432/OAS1_0432_slice_12_z068.png,Very Mild Dementia/OAS1_0432/OAS1_0432_slice_12_z068.png,OAS1_0432,Very Mild Dementia,1,0,Non-Demented,0,0.5046573644951893,0.31928644232259046,0.17605619318222038,0.0
OASIS_1,RandomForest,13,test,brightness_contrast__moderate,brightness_contrast,moderate,D:\OASIS_1\distortions_128\brightness_contrast\moderate\Very_Mild_Dementia\OAS1_0432\OAS1_0432_slice_13_z070.png,Very_Mild_Dementia/OAS1_0432/OAS1_0432_slice_13_z070.png,Very Mild Dementia/OAS1_0432/OAS1_0432_slice_13_z070.png,OAS1_0432,Very Mild Dementia,1,3,Moderate Dementia,0,0.32936754570027116,0.09691412677647052,0.13371832752325838,0.44
OASIS_1,RandomForest,13,test,brightness_contrast__moderate,brightness_contrast,moderate,D:\OASIS_1\distortions_128\brightness_contrast\moderate\Very_Mild_Dementia\OAS1_0432\OAS1_0432_slice_14_z073.png,Very_Mild_Dementia/OAS1_0432/OAS1_0432_slice_14_z073.png,Very Mild Dementia/OAS1_0432/OAS1_0432_slice_14_z073.png,OAS1_0432,Very Mild Dementia,1,1,Very Mild Dementia,1,0.3911911877659017,0.48979598268725055,0.1190128295468479,0.0
OASIS_1,RandomForest,13,test,brightness_contrast__moderate,brightness_contrast,moderate,D:\OASIS_1\distortions_128\brightness_contrast\moderate\Very_Mild_Dementia\OAS1_0432\OAS1_0432_slice_15_z076.png,Very_Mild_Dementia/OAS1_0432/OAS1_0432_slice_15_z076.png,Very Mild Dementia/OAS1_0432/OAS1_0432_slice_15_z076.png,OAS1_0432,Very Mild Dementia,1,0,Non-Demented,0,0.6586532402080189,0.2937718248076446,0.0475749349843366,0.0
OASIS_1,RandomForest,13,test,brightness_contrast__moderate,brightness_contrast,moderate,D:\OASIS_1\distortions_128\brightness_contrast\moderate\Very_Mild_Dementia\OAS1_0432\OAS1_0432_slice_16_z078.png,Very_Mild_Dementia/OAS1_0432/OAS1_0432_slice_16_z078.png,Very Mild Dementia/OAS1_0432/OAS1_0432_slice_16_z078.png,OAS1_0432,Very Mild Dementia,1,0,Non-Demented,0,0.45311123296875955,0.39732091672149417,0.14956785030974631,0.0
OASIS_1,RandomForest,13,test,brightness_contrast__moderate,brightness_contrast,moderate,D:\OASIS_1\distortions_128\brightness_contrast\moderate\Very_Mild_Dementia\OAS1_0432\OAS1_0432_slice_17_z081.png,Very_Mild_Dementia/OAS1_0432/OAS1_0432_slice_17_z081.png,Very Mild Dementia/OAS1_0432/OAS1_0432_slice_17_z081.png,OAS1_0432,Very Mild Dementia,1,0,Non-Demented,0,0.6911072072690481,0.25242491317059973,0.05646787956035235,0.0
OASIS_1,RandomForest,13,test,brightness_contrast__moderate,brightness_contrast,moderate,D:\OASIS_1\distortions_128\brightness_contrast\moderate\Very_Mild_Dementia\OAS1_0432\OAS1_0432_slice_18_z084.png,Very_Mild_Dementia/OAS1_0432/OAS1_0432_slice_18_z084.png,Very Mild Dementia/OAS1_0432/OAS1_0432_slice_18_z084.png,OAS1_0432,Very Mild Dementia,1,0,Non-Demented,0,0.6811430778435876,0.27464253494056085,0.04088105388251846,0.0033333333333333335
OASIS_1,RandomForest,13,test,brightness_contrast__moderate,brightness_contrast,moderate,D:\OASIS_1\distortions_128\brightness_contrast\moderate\Very_Mild_Dementia\OAS1_0432\OAS1_0432_slice_19_z086.png,Very_Mild_Dementia/OAS1_0432/OAS1_0432_slice_19_z086.png,Very Mild Dementia/OAS1_0432/OAS1_0432_slice_19_z086.png,OAS1_0432,Very Mild Dementia,1,1,Very Mild Dementia,1,0.32749667172769814,0.6028260659913347,0.06967726228096743,0.0
OASIS_1,RandomForest,13,test,brightness_contrast__moderate,brightness_contrast,moderate,D:\OASIS_1\distortions_128\brightness_contrast\moderate\Very_Mild_Dementia\OAS1_0432\OAS1_0432_slice_20_z089.png,Very_Mild_Dementia/OAS1_0432/OAS1_0432_slice_20_z089.png,Very Mild Dementia/OAS1_0432/OAS1_0432_slice_20_z089.png,OAS1_0432,Very Mild Dementia,1,1,Very Mild Dementia,1,0.2673690268496783,0.6583314798270717,0.07429949332324996,0.0
OASIS_1,RandomForest,13,test,brightness_contrast__moderate,brightness_contrast,moderate,D:\OASIS_1\distortions_128\brightness_contrast\moderate\Very_Mild_Dementia\OAS1_0454\OAS1_0454_slice_01_z038.png,Very_Mild_Dementia/OAS1_0454/OAS1_0454_slice_01_z038.png,Very Mild Dementia/OAS1_0454/OAS1_0454_slice_01_z038.png,OAS1_0454,Very Mild Dementia,1,0,Non-Demented,0,0.49220659454582866,0.2538595086070715,0.24726723018043273,0.006666666666666667
OASIS_1,RandomForest,13,test,brightness_contrast__moderate,brightness_contrast,moderate,D:\OASIS_1\distortions_128\brightness_contrast\moderate\Very_Mild_Dementia\OAS1_0454\OAS1_0454_slice_02_z041.png,Very_Mild_Dementia/OAS1_0454/OAS1_0454_slice_02_z041.png,Very Mild Dementia/OAS1_0454/OAS1_0454_slice_02_z041.png,OAS1_0454,Very Mild Dementia,1,0,Non-Demented,0,0.5991147953281164,0.26327521777140467,0.13094332023381244,0.006666666666666667
OASIS_1,RandomForest,13,test,brightness_contrast__moderate,brightness_contrast,moderate,D:\OASIS_1\distortions_128\brightness_contrast\moderate\Very_Mild_Dementia\OAS1_0454\OAS1_0454_slice_03_z043.png,Very_Mild_Dementia/OAS1_0454/OAS1_0454_slice_03_z043.png,Very Mild Dementia/OAS1_0454/OAS1_0454_slice_03_z043.png,OAS1_0454,Very Mild Dementia,1,1,Very Mild Dementia,1,0.3765820556635557,0.5211344763470607,0.10228346798938406,0.0
OASIS_1,RandomForest,13,test,brightness_contrast__moderate,brightness_contrast,moderate,D:\OASIS_1\distortions_128\brightness_contrast\moderate\Very_Mild_Dementia\OAS1_0454\OAS1_0454_slice_04_z046.png,Very_Mild_Dementia/OAS1_0454/OAS1_0454_slice_04_z046.png,Very Mild Dementia/OAS1_0454/OAS1_0454_slice_04_z046.png,OAS1_0454,Very Mild Dementia,1,3,Moderate Dementia,0,0.3415413130385821,0.1205800579336778,0.16121196236107344,0.37666666666666665
OASIS_1,RandomForest,13,test,brightness_contrast__moderate,brightness_contrast,moderate,D:\OASIS_1\distortions_128\brightness_contrast\moderate\Very_Mild_Dementia\OAS1_0454\OAS1_0454_slice_05_z049.png,Very_Mild_Dementia/OAS1_0454/OAS1_0454_slice_05_z049.png,Very Mild Dementia/OAS1_0454/OAS1_0454_slice_05_z049.png,OAS1_0454,Very Mild Dementia,1,0,Non-Demented,0,0.4380794278232583,0.2710439082603696,0.2875433305830382,0.0033333333333333335
OASIS_1,RandomForest,13,test,brightness_contrast__moderate,brightness_contrast,moderate,D:\OASIS_1\distortions_128\brightness_contrast\moderate\Very_Mild_Dementia\OAS1_0454\OAS1_0454_slice_06_z051.png,Very_Mild_Dementia/OAS1_0454/OAS1_0454_slice_06_z051.png,Very Mild Dementia/OAS1_0454/OAS1_0454_slice_06_z051.png,OAS1_0454,Very Mild Dementia,1,3,Moderate Dementia,0,0.3391179007534726,0.11239818510494289,0.1584839141415845,0.39
OASIS_1,RandomForest,13,test,brightness_contrast__moderate,brightness_contrast,moderate,D:\OASIS_1\distortions_128\brightness_contrast\moderate\Very_Mild_Dementia\OAS1_0454\OAS1_0454_slice_07_z054.png,Very_Mild_Dementia/OAS1_0454/OAS1_0454_slice_07_z054.png,Very Mild Dementia/OAS1_0454/OAS1_0454_slice_07_z054.png,OAS1_0454,Very Mild Dementia,1,1,Very Mild Dementia,1,0.42803068730439425,0.47394729743738667,0.09802201525821903,0.0
OASIS_1,RandomForest,13,test,brightness_contrast__moderate,brightness_contrast,moderate,D:\OASIS_1\distortions_128\brightness_contrast\moderate\Very_Mild_Dementia\OAS1_0454\OAS1_0454_slice_08_z057.png,Very_Mild_Dementia/OAS1_0454/OAS1_0454_slice_08_z057.png,Very Mild Dementia/OAS1_0454/OAS1_0454_slice_08_z057.png,OAS1_0454,Very Mild Dementia,1,0,Non-Demented,0,0.4991368124454609,0.29519094980905514,0.20233890441215066,0.0033333333333333335
OASIS_1,RandomForest,13,test,brightness_contrast__moderate,brightness_contrast,moderate,D:\OASIS_1\distortions_128\brightness_contrast\moderate\Very_Mild_Dementia\OAS1_0454\OAS1_0454_slice_09_z059.png,Very_Mild_Dementia/OAS1_0454/OAS1_0454_slice_09_z059.png,Very Mild Dementia/OAS1_0454/OAS1_0454_slice_09_z059.png,OAS1_0454,Very Mild Dementia,1,0,Non-Demented,0,0.5256060415074473,0.29253067129209126,0.17186328720046173,0.01
OASIS_1,RandomForest,13,test,brightness_contrast__moderate,brightness_contrast,moderate,D:\OASIS_1\distortions_128\brightness_contrast\moderate\Very_Mild_Dementia\OAS1_0454\OAS1_0454_slice_10_z062.png,Very_Mild_Dementia/OAS1_0454/OAS1_0454_slice_10_z062.png,Very Mild Dementia/OAS1_0454/OAS1_0454_slice_10_z062.png,OAS1_0454,Very Mild Dementia,1,3,Moderate Dementia,0,0.30806892757474463,0.12132612721637823,0.14060494520887717,0.43
OASIS_1,RandomForest,13,test,brightness_contrast__moderate,brightness_contrast,moderate,D:\OASIS_1\distortions_128\brightness_contrast\moderate\Very_Mild_Dementia\OAS1_0454\OAS1_0454_slice_11_z065.png,Very_Mild_Dementia/OAS1_0454/OAS1_0454_slice_11_z065.png,Very Mild Dementia/OAS1_0454/OAS1_0454_slice_11_z065.png,OAS1_0454,Very Mild Dementia,1,0,Non-Demented,0,0.5149742702469883,0.26037044388162794,0.2079886192047174,0.016666666666666666
OASIS_1,RandomForest,13,test,brightness_contrast__moderate,brightness_contrast,moderate,D:\OASIS_1\distortions_128\brightness_contrast\moderate\Very_Mild_Dementia\OAS1_0454\OAS1_0454_slice_12_z068.png,Very_Mild_Dementia/OAS1_0454/OAS1_0454_slice_12_z068.png,Very Mild Dementia/OAS1_0454/OAS1_0454_slice_12_z068.png,OAS1_0454,Very Mild Dementia,1,0,Non-Demented,0,0.5596044932093289,0.24780849049458667,0.1892536829627511,0.0033333333333333335
OASIS_1,RandomForest,13,test,brightness_contrast__moderate,brightness_contrast,moderate,D:\OASIS_1\distortions_128\brightness_contrast\moderate\Very_Mild_Dementia\OAS1_0454\OAS1_0454_slice_13_z070.png,Very_Mild_Dementia/OAS1_0454/OAS1_0454_slice_13_z070.png,Very Mild Dementia/OAS1_0454/OAS1_0454_slice_13_z070.png,OAS1_0454,Very Mild Dementia,1,3,Moderate Dementia,0,0.3369444647971331,0.11890298006099466,0.13415255514187227,0.41
OASIS_1,RandomForest,13,test,brightness_contrast__moderate,brightness_contrast,moderate,D:\OASIS_1\distortions_128\brightness_contrast\moderate\Very_Mild_Dementia\OAS1_0454\OAS1_0454_slice_14_z073.png,Very_Mild_Dementia/OAS1_0454/OAS1_0454_slice_14_z073.png,Very Mild Dementia/OAS1_0454/OAS1_0454_slice_14_z073.png,OAS1_0454,Very Mild Dementia,1,0,Non-Demented,0,0.5752177422428929,0.24807009300866606,0.16671216474844075,0.01
OASIS_1,RandomForest,13,test,brightness_contrast__moderate,brightness_contrast,moderate,D:\OASIS_1\distortions_128\brightness_contrast\moderate\Very_Mild_Dementia\OAS1_0454\OAS1_0454_slice_15_z076.png,Very_Mild_Dementia/OAS1_0454/OAS1_0454_slice_15_z076.png,Very Mild Dementia/OAS1_0454/OAS1_0454_slice_15_z076.png,OAS1_0454,Very Mild Dementia,1,3,Moderate Dementia,0,0.34901401010681726,0.11958199895818884,0.1580706576016606,0.37333333333333335
OASIS_1,RandomForest,13,test,brightness_contrast__moderate,brightness_contrast,moderate,D:\OASIS_1\distortions_128\brightness_contrast\moderate\Very_Mild_Dementia\OAS1_0454\OAS1_0454_slice_16_z078.png,Very_Mild_Dementia/OAS1_0454/OAS1_0454_slice_16_z078.png,Very Mild Dementia/OAS1_0454/OAS1_0454_slice_16_z078.png,OAS1_0454,Very Mild Dementia,1,0,Non-Demented,0,0.4765307972277576,0.293582919742397,0.2265529496965119,0.0033333333333333335
OASIS_1,RandomForest,13,test,brightness_contrast__moderate,brightness_contrast,moderate,D:\OASIS_1\distortions_128\brightness_contrast\moderate\Very_Mild_Dementia\OAS1_0454\OAS1_0454_slice_17_z081.png,Very_Mild_Dementia/OAS1_0454/OAS1_0454_slice_17_z081.png,Very Mild Dementia/OAS1_0454/OAS1_0454_slice_17_z081.png,OAS1_0454,Very Mild Dementia,1,0,Non-Demented,0,0.6548300689300331,0.21509185327095423,0.13007807779901281,0.0
OASIS_1,RandomForest,13,test,brightness_contrast__moderate,brightness_contrast,moderate,D:\OASIS_1\distortions_128\brightness_contrast\moderate\Very_Mild_Dementia\OAS1_0454\OAS1_0454_slice_18_z084.png,Very_Mild_Dementia/OAS1_0454/OAS1_0454_slice_18_z084.png,Very Mild Dementia/OAS1_0454/OAS1_0454_slice_18_z084.png,OAS1_0454,Very Mild Dementia,1,0,Non-Demented,0,0.5072688757070698,0.2757103731410979,0.2170207511518324,0.0
OASIS_1,RandomForest,13,test,brightness_contrast__moderate,brightness_contrast,moderate,D:\OASIS_1\distortions_128\brightness_contrast\moderate\Very_Mild_Dementia\OAS1_0454\OAS1_0454_slice_19_z086.png,Very_Mild_Dementia/OAS1_0454/OAS1_0454_slice_19_z086.png,Very Mild Dementia/OAS1_0454/OAS1_0454_slice_19_z086.png,OAS1_0454,Very Mild Dementia,1,0,Non-Demented,0,0.6391799001709684,0.22295939691442238,0.1378607029146092,0.0
OASIS_1,RandomForest,13,test,brightness_contrast__moderate,brightness_contrast,moderate,D:\OASIS_1\distortions_128\brightness_contrast\moderate\Very_Mild_Dementia\OAS1_0454\OAS1_0454_slice_20_z089.png,Very_Mild_Dementia/OAS1_0454/OAS1_0454_slice_20_z089.png,Very Mild Dementia/OAS1_0454/OAS1_0454_slice_20_z089.png,OAS1_0454,Very Mild Dementia,1,0,Non-Demented,0,0.530276124425355,0.21287591556298505,0.25684796001165944,0.0
