dataset,model,seed,split,condition,distortion,severity,file_path,relative_path,sample_key,subject_id,class_name,y_true,y_pred,pred_class_name,correct,score_nondemented,score_verymilddementia,score_milddementia,score_moderatedementia
OASIS_1,RandomForest,101,test,rotation__severe,rotation,severe,D:\OASIS_1\distortions_64\rotation\severe\Mild_Dementia\OAS1_0028\OAS1_0028_slice_01_z038.png,Mild_Dementia/OAS1_0028/OAS1_0028_slice_01_z038.png,Mild Dementia/OAS1_0028/OAS1_0028_slice_01_z038.png,OAS1_0028,Mild Dementia,2,0,Non-Demented,0,0.560590677660109,0.27022830279834315,0.16918101954154796,0.0
OASIS_1,RandomForest,101,test,rotation__severe,rotation,severe,D:\OASIS_1\distortions_64\rotation\severe\Mild_Dementia\OAS1_0028\OAS1_0028_slice_02_z041.png,Mild_Dementia/OAS1_0028/OAS1_0028_slice_02_z041.png,Mild Dementia/OAS1_0028/OAS1_0028_slice_02_z041.png,OAS1_0028,Mild Dementia,2,0,Non-Demented,0,0.5711724615016481,0.29161195935196904,0.1372155791463831,0.0
OASIS_1,RandomForest,101,test,rotation__severe,rotation,severe,D:\OASIS_1\distortions_64\rotation\severe\Mild_Dementia\OAS1_0028\OAS1_0028_slice_03_z043.png,Mild_Dementia/OAS1_0028/OAS1_0028_slice_03_z043.png,Mild Dementia/OAS1_0028/OAS1_0028_slice_03_z043.png,OAS1_0028,Mild Dementia,2,0,Non-Demented,0,0.5160099638148313,0.23498987863775833,0.24900015754741026,0.0
OASIS_1,RandomForest,101,test,rotation__severe,rotation,severe,D:\OASIS_1\distortions_64\rotation\severe\Mild_Dementia\OAS1_0028\OAS1_0028_slice_04_z046.png,Mild_Dementia/OAS1_0028/OAS1_0028_slice_04_z046.png,Mild Dementia/OAS1_0028/OAS1_0028_slice_04_z046.png,OAS1_0028,Mild Dementia,2,0,Non-Demented,0,0.47828766235101755,0.24006421497424,0.28164812267474215,0.0
OASIS_1,RandomForest,101,test,rotation__severe,rotation,severe,D:\OASIS_1\distortions_64\rotation\severe\Mild_Dementia\OAS1_0028\OAS1_0028_slice_05_z049.png,Mild_Dementia/OAS1_0028/OAS1_0028_slice_05_z049.png,Mild Dementia/OAS1_0028/OAS1_0028_slice_05_z049.png,OAS1_0028,Mild Dementia,2,0,Non-Demented,0,0.44723059949018096,0.38311392688283896,0.16965547362698022,0.0
OASIS_1,RandomForest,101,test,rotation__severe,rotation,severe,D:\OASIS_1\distortions_64\rotation\severe\Mild_Dementia\OAS1_0028\OAS1_0028_slice_06_z051.png,Mild_Dementia/OAS1_0028/OAS1_0028_slice_06_z051.png,Mild Dementia/OAS1_0028/OAS1_0028_slice_06_z051.png,OAS1_0028,Mild Dementia,2,1,Very Mild Dementia,0,0.39338417714596235,0.4068493403934386,0.19976648246059892,0.0
OASIS_1,RandomForest,101,test,rotation__severe,rotation,severe,D:\OASIS_1\distortions_64\rotation\severe\Mild_Dementia\OAS1_0028\OAS1_0028_slice_07_z054.png,Mild_Dementia/OAS1_0028/OAS1_0028_slice_07_z054.png,Mild Dementia/OAS1_0028/OAS1_0028_slice_07_z054.png,OAS1_0028,Mild Dementia,2,0,Non-Demented,0,0.3728337185077152,0.28277137068339037,0.34439491080889467,0.0
OASIS_1,RandomForest,101,test,rotation__severe,rotation,severe,D:\OASIS_1\distortions_64\rotation\severe\Mild_Dementia\OAS1_0028\OAS1_0028_slice_08_z057.png,Mild_Dementia/OAS1_0028/OAS1_0028_slice_08_z057.png,Mild Dementia/OAS1_0028/OAS1_0028_slice_08_z057.png,OAS1_0028,Mild Dementia,2,0,Non-Demented,0,0.4891222875576879,0.32598811829012236,0.18488959415218975,0.0
OASIS_1,RandomForest,101,test,rotation__severe,rotation,severe,D:\OASIS_1\distortions_64\rotation\severe\Mild_Dementia\OAS1_0028\OAS1_0028_slice_09_z059.png,Mild_Dementia/OAS1_0028/OAS1_0028_slice_09_z059.png,Mild Dementia/OAS1_0028/OAS1_0028_slice_09_z059.png,OAS1_0028,Mild Dementia,2,0,Non-Demented,0,0.45361737049615075,0.34063529487637884,0.20574733462747047,0.0
OASIS_1,RandomForest,101,test,rotation__severe,rotation,severe,D:\OASIS_1\distortions_64\rotation\severe\Mild_Dementia\OAS1_0028\OAS1_0028_slice_10_z062.png,Mild_Dementia/OAS1_0028/OAS1_0028_slice_10_z062.png,Mild Dementia/OAS1_0028/OAS1_0028_slice_10_z062.png,OAS1_0028,Mild Dementia,2,0,Non-Demented,0,0.44872353805506304,0.35080347808153134,0.20047298386340578,0.0
OASIS_1,RandomForest,101,test,rotation__severe,rotation,severe,D:\OASIS_1\distortions_64\rotation\severe\Mild_Dementia\OAS1_0028\OAS1_0028_slice_11_z065.png,Mild_Dementia/OAS1_0028/OAS1_0028_slice_11_z065.png,Mild Dementia/OAS1_0028/OAS1_0028_slice_11_z065.png,OAS1_0028,Mild Dementia,2,0,Non-Demented,0,0.35855504492741896,0.2989900888308323,0.3424548662417491,0.0
OASIS_1,RandomForest,101,test,rotation__severe,rotation,severe,D:\OASIS_1\distortions_64\rotation\severe\Mild_Dementia\OAS1_0028\OAS1_0028_slice_12_z068.png,Mild_Dementia/OAS1_0028/OAS1_0028_slice_12_z068.png,Mild Dementia/OAS1_0028/OAS1_0028_slice_12_z068.png,OAS1_0028,Mild Dementia,2,0,Non-Demented,0,0.452255649866873,0.3608115040698938,0.18693284606323382,0.0
OASIS_1,RandomForest,101,test,rotation__severe,rotation,severe,D:\OASIS_1\distortions_64\rotation\severe\Mild_Dementia\OAS1_0028\OAS1_0028_slice_13_z070.png,Mild_Dementia/OAS1_0028/OAS1_0028_slice_13_z070.png,Mild Dementia/OAS1_0028/OAS1_0028_slice_13_z070.png,OAS1_0028,Mild Dementia,2,0,Non-Demented,0,0.3794191444006476,0.34553297363732494,0.2750478819620276,0.0
OASIS_1,RandomForest,101,test,rotation__severe,rotation,severe,D:\OASIS_1\distortions_64\rotation\severe\Mild_Dementia\OAS1_0028\OAS1_0028_slice_14_z073.png,Mild_Dementia/OAS1_0028/OAS1_0028_slice_14_z073.png,Mild Dementia/OAS1_0028/OAS1_0028_slice_14_z073.png,OAS1_0028,Mild Dementia,2,0,Non-Demented,0,0.3646058812913595,0.33782376007028847,0.2975703586383521,0.0
OASIS_1,RandomForest,101,test,rotation__severe,rotation,severe,D:\OASIS_1\distortions_64\rotation\severe\Mild_Dementia\OAS1_0028\OAS1_0028_slice_15_z076.png,Mild_Dementia/OAS1_0028/OAS1_0028_slice_15_z076.png,Mild Dementia/OAS1_0028/OAS1_0028_slice_15_z076.png,OAS1_0028,Mild Dementia,2,0,Non-Demented,0,0.3823063031798081,0.2995305155773735,0.31816318124281856,0.0
OASIS_1,RandomForest,101,test,rotation__severe,rotation,severe,D:\OASIS_1\distortions_64\rotation\severe\Mild_Dementia\OAS1_0028\OAS1_0028_slice_16_z078.png,Mild_Dementia/OAS1_0028/OAS1_0028_slice_16_z078.png,Mild Dementia/OAS1_0028/OAS1_0028_slice_16_z078.png,OAS1_0028,Mild Dementia,2,0,Non-Demented,0,0.4617489242343591,0.3829848182919476,0.15526625747369344,0.0
OASIS_1,RandomForest,101,test,rotation__severe,rotation,severe,D:\OASIS_1\distortions_64\rotation\severe\Mild_Dementia\OAS1_0028\OAS1_0028_slice_17_z081.png,Mild_Dementia/OAS1_0028/OAS1_0028_slice_17_z081.png,Mild Dementia/OAS1_0028/OAS1_0028_slice_17_z081.png,OAS1_0028,Mild Dementia,2,0,Non-Demented,0,0.5497133575425556,0.35097749068720596,0.09930915177023861,0.0
OASIS_1,RandomForest,101,test,rotation__severe,rotation,severe,D:\OASIS_1\distortions_64\rotation\severe\Mild_Dementia\OAS1_0028\OAS1_0028_slice_18_z084.png,Mild_Dementia/OAS1_0028/OAS1_0028_slice_18_z084.png,Mild Dementia/OAS1_0028/OAS1_0028_slice_18_z084.png,OAS1_0028,Mild Dementia,2,0,Non-Demented,0,0.43683880138752584,0.281450571416917,0.28171062719555706,0.0
OASIS_1,RandomForest,101,test,rotation__severe,rotation,severe,D:\OASIS_1\distortions_64\rotation\severe\Mild_Dementia\OAS1_0028\OAS1_0028_slice_19_z086.png,Mild_Dementia/OAS1_0028/OAS1_0028_slice_19_z086.png,Mild Dementia/OAS1_0028/OAS1_0028_slice_19_z086.png,OAS1_0028,Mild Dementia,2,0,Non-Demented,0,0.4358339781406336,0.2623278177521494,0.3018382041072167,0.0
OASIS_1,RandomForest,101,test,rotation__severe,rotation,severe,D:\OASIS_1\distortions_64\rotation\severe\Mild_Dementia\OAS1_0028\OAS1_0028_slice_20_z089.png,Mild_Dementia/OAS1_0028/OAS1_0028_slice_20_z089.png,Mild Dementia/OAS1_0028/OAS1_0028_slice_20_z089.png,OAS1_0028,Mild Dementia,2,0,Non-Demented,0,0.4961393095451345,0.3719456636937367,0.131915026761129,0.0
OASIS_1,RandomForest,101,test,rotation__severe,rotation,severe,D:\OASIS_1\distortions_64\rotation\severe\Mild_Dementia\OAS1_0137\OAS1_0137_slice_01_z038.png,Mild_Dementia/OAS1_0137/OAS1_0137_slice_01_z038.png,Mild Dementia/OAS1_0137/OAS1_0137_slice_01_z038.png,OAS1_0137,Mild Dementia,2,1,Very Mild Dementia,0,0.44266193437851276,0.4590524671772377,0.0982855984442495,0.0
OASIS_1,RandomForest,101,test,rotation__severe,rotation,severe,D:\OASIS_1\distortions_64\rotation\severe\Mild_Dementia\OAS1_0137\OAS1_0137_slice_02_z041.png,Mild_Dementia/OAS1_0137/OAS1_0137_slice_02_z041.png,Mild Dementia/OAS1_0137/OAS1_0137_slice_02_z041.png,OAS1_0137,Mild Dementia,2,1,Very Mild Dementia,0,0.43679920996504296,0.4679103007061636,0.0952904893287931,0.0
OASIS_1,RandomForest,101,test,rotation__severe,rotation,severe,D:\OASIS_1\distortions_64\rotation\severe\Mild_Dementia\OAS1_0137\OAS1_0137_slice_03_z043.png,Mild_Dementia/OAS1_0137/OAS1_0137_slice_03_z043.png,Mild Dementia/OAS1_0137/OAS1_0137_slice_03_z043.png,OAS1_0137,Mild Dementia,2,0,Non-Demented,0,0.5934157030986693,0.3193139300241445,0.08727036687718576,0.0
OASIS_1,RandomForest,101,test,rotation__severe,rotation,severe,D:\OASIS_1\distortions_64\rotation\severe\Mild_Dementia\OAS1_0137\OAS1_0137_slice_04_z046.png,Mild_Dementia/OAS1_0137/OAS1_0137_slice_04_z046.png,Mild Dementia/OAS1_0137/OAS1_0137_slice_04_z046.png,OAS1_0137,Mild Dementia,2,0,Non-Demented,0,0.5310262145460288,0.3495952653092104,0.11604518681142698,0.0033333333333333335
OASIS_1,RandomForest,101,test,rotation__severe,rotation,severe,D:\OASIS_1\distortions_64\rotation\severe\Mild_Dementia\OAS1_0137\OAS1_0137_slice_05_z049.png,Mild_Dementia/OAS1_0137/OAS1_0137_slice_05_z049.png,Mild Dementia/OAS1_0137/OAS1_0137_slice_05_z049.png,OAS1_0137,Mild Dementia,2,1,Very Mild Dementia,0,0.37060246470301633,0.37776656844970663,0.25163096684727687,0.0
OASIS_1,RandomForest,101,test,rotation__severe,rotation,severe,D:\OASIS_1\distortions_64\rotation\severe\Mild_Dementia\OAS1_0137\OAS1_0137_slice_06_z051.png,Mild_Dementia/OAS1_0137/OAS1_0137_slice_06_z051.png,Mild Dementia/OAS1_0137/OAS1_0137_slice_06_z051.png,OAS1_0137,Mild Dementia,2,0,Non-Demented,0,0.4779632610047743,0.3861346955717926,0.13590204342343284,0.0
OASIS_1,RandomForest,101,test,rotation__severe,rotation,severe,D:\OASIS_1\distortions_64\rotation\severe\Mild_Dementia\OAS1_0137\OAS1_0137_slice_07_z054.png,Mild_Dementia/OAS1_0137/OAS1_0137_slice_07_z054.png,Mild Dementia/OAS1_0137/OAS1_0137_slice_07_z054.png,OAS1_0137,Mild Dementia,2,0,Non-Demented,0,0.4742180556265445,0.376435587444362,0.14934635692909343,0.0
OASIS_1,RandomForest,101,test,rotation__severe,rotation,severe,D:\OASIS_1\distortions_64\rotation\severe\Mild_Dementia\OAS1_0137\OAS1_0137_slice_08_z057.png,Mild_Dementia/OAS1_0137/OAS1_0137_slice_08_z057.png,Mild Dementia/OAS1_0137/OAS1_0137_slice_08_z057.png,OAS1_0137,Mild Dementia,2,0,Non-Demented,0,0.4020080444801285,0.3966056951273039,0.2013862603925679,0.0
OASIS_1,RandomForest,101,test,rotation__severe,rotation,severe,D:\OASIS_1\distortions_64\rotation\severe\Mild_Dementia\OAS1_0137\OAS1_0137_slice_09_z059.png,Mild_Dementia/OAS1_0137/OAS1_0137_slice_09_z059.png,Mild Dementia/OAS1_0137/OAS1_0137_slice_09_z059.png,OAS1_0137,Mild Dementia,2,0,Non-Demented,0,0.43157736856690415,0.31824237310811315,0.2501802583249822,0.0
OASIS_1,RandomForest,101,test,rotation__severe,rotation,severe,D:\OASIS_1\distortions_64\rotation\severe\Mild_Dementia\OAS1_0137\OAS1_0137_slice_10_z062.png,Mild_Dementia/OAS1_0137/OAS1_0137_slice_10_z062.png,Mild Dementia/OAS1_0137/OAS1_0137_slice_10_z062.png,OAS1_0137,Mild Dementia,2,0,Non-Demented,0,0.4059394209547785,0.3898587786663525,0.20420180037886926,0.0
OASIS_1,RandomForest,101,test,rotation__severe,rotation,severe,D:\OASIS_1\distortions_64\rotation\severe\Mild_Dementia\OAS1_0137\OAS1_0137_slice_11_z065.png,Mild_Dementia/OAS1_0137/OAS1_0137_slice_11_z065.png,Mild Dementia/OAS1_0137/OAS1_0137_slice_11_z065.png,OAS1_0137,Mild Dementia,2,0,Non-Demented,0,0.404524829756163,0.3816675193267573,0.2138076509170799,0.0
OASIS_1,RandomForest,101,test,rotation__severe,rotation,severe,D:\OASIS_1\distortions_64\rotation\severe\Mild_Dementia\OAS1_0137\OAS1_0137_slice_12_z068.png,Mild_Dementia/OAS1_0137/OAS1_0137_slice_12_z068.png,Mild Dementia/OAS1_0137/OAS1_0137_slice_12_z068.png,OAS1_0137,Mild Dementia,2,0,Non-Demented,0,0.4309939694585369,0.3903721282513367,0.17863390229012668,0.0
OASIS_1,RandomForest,101,test,rotation__severe,rotation,severe,D:\OASIS_1\distortions_64\rotation\severe\Mild_Dementia\OAS1_0137\OAS1_0137_slice_13_z070.png,Mild_Dementia/OAS1_0137/OAS1_0137_slice_13_z070.png,Mild Dementia/OAS1_0137/OAS1_0137_slice_13_z070.png,OAS1_0137,Mild Dementia,2,0,Non-Demented,0,0.43029236060428805,0.3679032703886864,0.2018043690070255,0.0
OASIS_1,RandomForest,101,test,rotation__severe,rotation,severe,D:\OASIS_1\distortions_64\rotation\severe\Mild_Dementia\OAS1_0137\OAS1_0137_slice_14_z073.png,Mild_Dementia/OAS1_0137/OAS1_0137_slice_14_z073.png,Mild Dementia/OAS1_0137/OAS1_0137_slice_14_z073.png,OAS1_0137,Mild Dementia,2,0,Non-Demented,0,0.4477664617473847,0.3593845462826382,0.19284899196997707,0.0
OASIS_1,RandomForest,101,test,rotation__severe,rotation,severe,D:\OASIS_1\distortions_64\rotation\severe\Mild_Dementia\OAS1_0137\OAS1_0137_slice_15_z076.png,Mild_Dementia/OAS1_0137/OAS1_0137_slice_15_z076.png,Mild Dementia/OAS1_0137/OAS1_0137_slice_15_z076.png,OAS1_0137,Mild Dementia,2,0,Non-Demented,0,0.4050812310293735,0.3532463490499517,0.2416724199206749,0.0
OASIS_1,RandomForest,101,test,rotation__severe,rotation,severe,D:\OASIS_1\distortions_64\rotation\severe\Mild_Dementia\OAS1_0137\OAS1_0137_slice_16_z078.png,Mild_Dementia/OAS1_0137/OAS1_0137_slice_16_z078.png,Mild Dementia/OAS1_0137/OAS1_0137_slice_16_z078.png,OAS1_0137,Mild Dementia,2,0,Non-Demented,0,0.4537501511370196,0.42298508545443675,0.1232647634085436,0.0
OASIS_1,RandomForest,101,test,rotation__severe,rotation,severe,D:\OASIS_1\distortions_64\rotation\severe\Mild_Dementia\OAS1_0137\OAS1_0137_slice_17_z081.png,Mild_Dementia/OAS1_0137/OAS1_0137_slice_17_z081.png,Mild Dementia/OAS1_0137/OAS1_0137_slice_17_z081.png,OAS1_0137,Mild Dementia,2,0,Non-Demented,0,0.46865258746190575,0.38792182671915615,0.143425585818938,0.0
OASIS_1,RandomForest,101,test,rotation__severe,rotation,severe,D:\OASIS_1\distortions_64\rotation\severe\Mild_Dementia\OAS1_0137\OAS1_0137_slice_18_z084.png,Mild_Dementia/OAS1_0137/OAS1_0137_slice_18_z084.png,Mild Dementia/OAS1_0137/OAS1_0137_slice_18_z084.png,OAS1_0137,Mild Dementia,2,1,Very Mild Dementia,0,0.3812924512741005,0.4055965936188909,0.21311095510700878,0.0
OASIS_1,RandomForest,101,test,rotation__severe,rotation,severe,D:\OASIS_1\distortions_64\rotation\severe\Mild_Dementia\OAS1_0137\OAS1_0137_slice_19_z086.png,Mild_Dementia/OAS1_0137/OAS1_0137_slice_19_z086.png,Mild Dementia/OAS1_0137/OAS1_0137_slice_19_z086.png,OAS1_0137,Mild Dementia,2,0,Non-Demented,0,0.5503358588089624,0.3347482221974786,0.11491591899355874,0.0
OASIS_1,RandomForest,101,test,rotation__severe,rotation,severe,D:\OASIS_1\distortions_64\rotation\severe\Mild_Dementia\OAS1_0137\OAS1_0137_slice_20_z089.png,Mild_Dementia/OAS1_0137/OAS1_0137_slice_20_z089.png,Mild Dementia/OAS1_0137/OAS1_0137_slice_20_z089.png,OAS1_0137,Mild Dementia,2,1,Very Mild Dementia,0,0.3635411839747057,0.5084181210939023,0.12804069493139175,0.0
OASIS_1,RandomForest,101,test,rotation__severe,rotation,severe,D:\OASIS_1\distortions_64\rotation\severe\Mild_Dementia\OAS1_0184\OAS1_0184_slice_01_z038.png,Mild_Dementia/OAS1_0184/OAS1_0184_slice_01_z038.png,Mild Dementia/OAS1_0184/OAS1_0184_slice_01_z038.png,OAS1_0184,Mild Dementia,2,0,Non-Demented,0,0.5093564143441229,0.3968404046276118,0.09380318102826574,0.0
OASIS_1,RandomForest,101,test,rotation__severe,rotation,severe,D:\OASIS_1\distortions_64\rotation\severe\Mild_Dementia\OAS1_0184\OAS1_0184_slice_02_z041.png,Mild_Dementia/OAS1_0184/OAS1_0184_slice_02_z041.png,Mild Dementia/OAS1_0184/OAS1_0184_slice_02_z041.png,OAS1_0184,Mild Dementia,2,0,Non-Demented,0,0.5412239486977335,0.34624786302669164,0.11252818827557509,0.0
OASIS_1,RandomForest,101,test,rotation__severe,rotation,severe,D:\OASIS_1\distortions_64\rotation\severe\Mild_Dementia\OAS1_0184\OAS1_0184_slice_03_z043.png,Mild_Dementia/OAS1_0184/OAS1_0184_slice_03_z043.png,Mild Dementia/OAS1_0184/OAS1_0184_slice_03_z043.png,OAS1_0184,Mild Dementia,2,0,Non-Demented,0,0.5367965286912513,0.3012084426791318,0.16199502862961676,0.0
OASIS_1,RandomForest,101,test,rotation__severe,rotation,severe,D:\OASIS_1\distortions_64\rotation\severe\Mild_Dementia\OAS1_0184\OAS1_0184_slice_04_z046.png,Mild_Dementia/OAS1_0184/OAS1_0184_slice_04_z046.png,Mild Dementia/OAS1_0184/OAS1_0184_slice_04_z046.png,OAS1_0184,Mild Dementia,2,0,Non-Demented,0,0.549836807099259,0.3197364409850807,0.13042675191566047,0.0
OASIS_1,RandomForest,101,test,rotation__severe,rotation,severe,D:\OASIS_1\distortions_64\rotation\severe\Mild_Dementia\OAS1_0184\OAS1_0184_slice_05_z049.png,Mild_Dementia/OAS1_0184/OAS1_0184_slice_05_z049.png,Mild Dementia/OAS1_0184/OAS1_0184_slice_05_z049.png,OAS1_0184,Mild Dementia,2,0,Non-Demented,0,0.4745234945793495,0.3321970989166387,0.19327940650401204,0.0
OASIS_1,RandomForest,101,test,rotation__severe,rotation,severe,D:\OASIS_1\distortions_64\rotation\severe\Mild_Dementia\OAS1_0184\OAS1_0184_slice_06_z051.png,Mild_Dementia/OAS1_0184/OAS1_0184_slice_06_z051.png,Mild Dementia/OAS1_0184/OAS1_0184_slice_06_z051.png,OAS1_0184,Mild Dementia,2,0,Non-Demented,0,0.5143519433164592,0.338767026817086,0.1468810298664546,0.0
OASIS_1,RandomForest,101,test,rotation__severe,rotation,severe,D:\OASIS_1\distortions_64\rotation\severe\Mild_Dementia\OAS1_0184\OAS1_0184_slice_07_z054.png,Mild_Dementia/OAS1_0184/OAS1_0184_slice_07_z054.png,Mild Dementia/OAS1_0184/OAS1_0184_slice_07_z054.png,OAS1_0184,Mild Dementia,2,0,Non-Demented,0,0.4778119012916002,0.29466476629596744,0.2275233324124321,0.0
OASIS_1,RandomForest,101,test,rotation__severe,rotation,severe,D:\OASIS_1\distortions_64\rotation\severe\Mild_Dementia\OAS1_0184\OAS1_0184_slice_08_z057.png,Mild_Dementia/OAS1_0184/OAS1_0184_slice_08_z057.png,Mild Dementia/OAS1_0184/OAS1_0184_slice_08_z057.png,OAS1_0184,Mild Dementia,2,0,Non-Demented,0,0.5133246677118166,0.2656138807427127,0.2210614515454704,0.0
OASIS_1,RandomForest,101,test,rotation__severe,rotation,severe,D:\OASIS_1\distortions_64\rotation\severe\Mild_Dementia\OAS1_0184\OAS1_0184_slice_09_z059.png,Mild_Dementia/OAS1_0184/OAS1_0184_slice_09_z059.png,Mild Dementia/OAS1_0184/OAS1_0184_slice_09_z059.png,OAS1_0184,Mild Dementia,2,0,Non-Demented,0,0.47966655674580455,0.265474270333091,0.2548591729211045,0.0
OASIS_1,RandomForest,101,test,rotation__severe,rotation,severe,D:\OASIS_1\distortions_64\rotation\severe\Mild_Dementia\OAS1_0184\OAS1_0184_slice_10_z062.png,Mild_Dementia/OAS1_0184/OAS1_0184_slice_10_z062.png,Mild Dementia/OAS1_0184/OAS1_0184_slice_10_z062.png,OAS1_0184,Mild Dementia,2,0,Non-Demented,0,0.4511010592560404,0.2786139705177657,0.2702849702261939,0.0
OASIS_1,RandomForest,101,test,rotation__severe,rotation,severe,D:\OASIS_1\distortions_64\rotation\severe\Mild_Dementia\OAS1_0184\OAS1_0184_slice_11_z065.png,Mild_Dementia/OAS1_0184/OAS1_0184_slice_11_z065.png,Mild Dementia/OAS1_0184/OAS1_0184_slice_11_z065.png,OAS1_0184,Mild Dementia,2,0,Non-Demented,0,0.44453674284905226,0.2818131086998508,0.27365014845109703,0.0
OASIS_1,RandomForest,101,test,rotation__severe,rotation,severe,D:\OASIS_1\distortions_64\rotation\severe\Mild_Dementia\OAS1_0184\OAS1_0184_slice_12_z068.png,Mild_Dementia/OAS1_0184/OAS1_0184_slice_12_z068.png,Mild Dementia/OAS1_0184/OAS1_0184_slice_12_z068.png,OAS1_0184,Mild Dementia,2,0,Non-Demented,0,0.5278828572847618,0.3198150768860642,0.15230206582917408,0.0
OASIS_1,RandomForest,101,test,rotation__severe,rotation,severe,D:\OASIS_1\distortions_64\rotation\severe\Mild_Dementia\OAS1_0184\OAS1_0184_slice_13_z070.png,Mild_Dementia/OAS1_0184/OAS1_0184_slice_13_z070.png,Mild Dementia/OAS1_0184/OAS1_0184_slice_13_z070.png,OAS1_0184,Mild Dementia,2,0,Non-Demented,0,0.4358668566769088,0.2852116545840141,0.27892148873907713,0.0
OASIS_1,RandomForest,101,test,rotation__severe,rotation,severe,D:\OASIS_1\distortions_64\rotation\severe\Mild_Dementia\OAS1_0184\OAS1_0184_slice_14_z073.png,Mild_Dementia/OAS1_0184/OAS1_0184_slice_14_z073.png,Mild Dementia/OAS1_0184/OAS1_0184_slice_14_z073.png,OAS1_0184,Mild Dementia,2,0,Non-Demented,0,0.4157802081236202,0.3130617020452758,0.27115808983110407,0.0
OASIS_1,RandomForest,101,test,rotation__severe,rotation,severe,D:\OASIS_1\distortions_64\rotation\severe\Mild_Dementia\OAS1_0184\OAS1_0184_slice_15_z076.png,Mild_Dementia/OAS1_0184/OAS1_0184_slice_15_z076.png,Mild Dementia/OAS1_0184/OAS1_0184_slice_15_z076.png,OAS1_0184,Mild Dementia,2,0,Non-Demented,0,0.4449087084319653,0.3468823387651989,0.20820895280283605,0.0
OASIS_1,RandomForest,101,test,rotation__severe,rotation,severe,D:\OASIS_1\distortions_64\rotation\severe\Mild_Dementia\OAS1_0184\OAS1_0184_slice_16_z078.png,Mild_Dementia/OAS1_0184/OAS1_0184_slice_16_z078.png,Mild Dementia/OAS1_0184/OAS1_0184_slice_16_z078.png,OAS1_0184,Mild Dementia,2,0,Non-Demented,0,0.49175574766540714,0.4066948948798762,0.10154935745471658,0.0
OASIS_1,RandomForest,101,test,rotation__severe,rotation,severe,D:\OASIS_1\distortions_64\rotation\severe\Mild_Dementia\OAS1_0184\OAS1_0184_slice_17_z081.png,Mild_Dementia/OAS1_0184/OAS1_0184_slice_17_z081.png,Mild Dementia/OAS1_0184/OAS1_0184_slice_17_z081.png,OAS1_0184,Mild Dementia,2,0,Non-Demented,0,0.4646796007418438,0.3602139767259527,0.16843975586553675,0.006666666666666667
OASIS_1,RandomForest,101,test,rotation__severe,rotation,severe,D:\OASIS_1\distortions_64\rotation\severe\Mild_Dementia\OAS1_0184\OAS1_0184_slice_18_z084.png,Mild_Dementia/OAS1_0184/OAS1_0184_slice_18_z084.png,Mild Dementia/OAS1_0184/OAS1_0184_slice_18_z084.png,OAS1_0184,Mild Dementia,2,0,Non-Demented,0,0.5056070138773764,0.3982263167108404,0.0961666694117831,0.0
OASIS_1,RandomForest,101,test,rotation__severe,rotation,severe,D:\OASIS_1\distortions_64\rotation\severe\Mild_Dementia\OAS1_0184\OAS1_0184_slice_19_z086.png,Mild_Dementia/OAS1_0184/OAS1_0184_slice_19_z086.png,Mild Dementia/OAS1_0184/OAS1_0184_slice_19_z086.png,OAS1_0184,Mild Dementia,2,0,Non-Demented,0,0.452137204638115,0.349012891135039,0.1988499042268461,0.0
OASIS_1,RandomForest,101,test,rotation__severe,rotation,severe,D:\OASIS_1\distortions_64\rotation\severe\Mild_Dementia\OAS1_0184\OAS1_0184_slice_20_z089.png,Mild_Dementia/OAS1_0184/OAS1_0184_slice_20_z089.png,Mild Dementia/OAS1_0184/OAS1_0184_slice_20_z089.png,OAS1_0184,Mild Dementia,2,0,Non-Demented,0,0.4554148190101678,0.42345408620316904,0.12113109478666285,0.0
OASIS_1,RandomForest,101,test,rotation__severe,rotation,severe,D:\OASIS_1\distortions_64\rotation\severe\Mild_Dementia\OAS1_0278\OAS1_0278_slice_01_z038.png,Mild_Dementia/OAS1_0278/OAS1_0278_slice_01_z038.png,Mild Dementia/OAS1_0278/OAS1_0278_slice_01_z038.png,OAS1_0278,Mild Dementia,2,0,Non-Demented,0,0.5098067779194486,0.3535161897672242,0.1333436989799941,0.0033333333333333335
OASIS_1,RandomForest,101,test,rotation__severe,rotation,severe,D:\OASIS_1\distortions_64\rotation\severe\Mild_Dementia\OAS1_0278\OAS1_0278_slice_02_z041.png,Mild_Dementia/OAS1_0278/OAS1_0278_slice_02_z041.png,Mild Dementia/OAS1_0278/OAS1_0278_slice_02_z041.png,OAS1_0278,Mild Dementia,2,0,Non-Demented,0,0.43191109817221096,0.30643186659164956,0.2616570352361392,0.0
OASIS_1,RandomForest,101,test,rotation__severe,rotation,severe,D:\OASIS_1\distortions_64\rotation\severe\Mild_Dementia\OAS1_0278\OAS1_0278_slice_03_z043.png,Mild_Dementia/OAS1_0278/OAS1_0278_slice_03_z043.png,Mild Dementia/OAS1_0278/OAS1_0278_slice_03_z043.png,OAS1_0278,Mild Dementia,2,0,Non-Demented,0,0.5489888453892288,0.31948634427018574,0.1281914770072522,0.0033333333333333335
OASIS_1,RandomForest,101,test,rotation__severe,rotation,severe,D:\OASIS_1\distortions_64\rotation\severe\Mild_Dementia\OAS1_0278\OAS1_0278_slice_04_z046.png,Mild_Dementia/OAS1_0278/OAS1_0278_slice_04_z046.png,Mild Dementia/OAS1_0278/OAS1_0278_slice_04_z046.png,OAS1_0278,Mild Dementia,2,0,Non-Demented,0,0.5581646150585438,0.3132234502935352,0.12861193464792106,0.0
OASIS_1,RandomForest,101,test,rotation__severe,rotation,severe,D:\OASIS_1\distortions_64\rotation\severe\Mild_Dementia\OAS1_0278\OAS1_0278_slice_05_z049.png,Mild_Dementia/OAS1_0278/OAS1_0278_slice_05_z049.png,Mild Dementia/OAS1_0278/OAS1_0278_slice_05_z049.png,OAS1_0278,Mild Dementia,2,0,Non-Demented,0,0.5227747501942712,0.3508081646120598,0.1264170851936685,0.0
OASIS_1,RandomForest,101,test,rotation__severe,rotation,severe,D:\OASIS_1\distortions_64\rotation\severe\Mild_Dementia\OAS1_0278\OAS1_0278_slice_06_z051.png,Mild_Dementia/OAS1_0278/OAS1_0278_slice_06_z051.png,Mild Dementia/OAS1_0278/OAS1_0278_slice_06_z051.png,OAS1_0278,Mild Dementia,2,0,Non-Demented,0,0.47790263607909805,0.2762077681338331,0.24255626245373557,0.0033333333333333335
OASIS_1,RandomForest,101,test,rotation__severe,rotation,severe,D:\OASIS_1\distortions_64\rotation\severe\Mild_Dementia\OAS1_0278\OAS1_0278_slice_07_z054.png,Mild_Dementia/OAS1_0278/OAS1_0278_slice_07_z054.png,Mild Dementia/OAS1_0278/OAS1_0278_slice_07_z054.png,OAS1_0278,Mild Dementia,2,0,Non-Demented,0,0.5022275904106065,0.24378235511662485,0.25399005447276846,0.0
OASIS_1,RandomForest,101,test,rotation__severe,rotation,severe,D:\OASIS_1\distortions_64\rotation\severe\Mild_Dementia\OAS1_0278\OAS1_0278_slice_08_z057.png,Mild_Dementia/OAS1_0278/OAS1_0278_slice_08_z057.png,Mild Dementia/OAS1_0278/OAS1_0278_slice_08_z057.png,OAS1_0278,Mild Dementia,2,0,Non-Demented,0,0.5001956545679869,0.3189309516670659,0.1808733937649472,0.0
OASIS_1,RandomForest,101,test,rotation__severe,rotation,severe,D:\OASIS_1\distortions_64\rotation\severe\Mild_Dementia\OAS1_0278\OAS1_0278_slice_09_z059.png,Mild_Dementia/OAS1_0278/OAS1_0278_slice_09_z059.png,Mild Dementia/OAS1_0278/OAS1_0278_slice_09_z059.png,OAS1_0278,Mild Dementia,2,0,Non-Demented,0,0.4256227496194488,0.2883548704894218,0.28602237989112883,0.0
OASIS_1,RandomForest,101,test,rotation__severe,rotation,severe,D:\OASIS_1\distortions_64\rotation\severe\Mild_Dementia\OAS1_0278\OAS1_0278_slice_10_z062.png,Mild_Dementia/OAS1_0278/OAS1_0278_slice_10_z062.png,Mild Dementia/OAS1_0278/OAS1_0278_slice_10_z062.png,OAS1_0278,Mild Dementia,2,0,Non-Demented,0,0.48021313955831896,0.33712445399816937,0.1826624064435117,0.0
OASIS_1,RandomForest,101,test,rotation__severe,rotation,severe,D:\OASIS_1\distortions_64\rotation\severe\Mild_Dementia\OAS1_0278\OAS1_0278_slice_11_z065.png,Mild_Dementia/OAS1_0278/OAS1_0278_slice_11_z065.png,Mild Dementia/OAS1_0278/OAS1_0278_slice_11_z065.png,OAS1_0278,Mild Dementia,2,0,Non-Demented,0,0.41255406505552855,0.2778582402599794,0.30958769468449177,0.0
OASIS_1,RandomForest,101,test,rotation__severe,rotation,severe,D:\OASIS_1\distortions_64\rotation\severe\Mild_Dementia\OAS1_0278\OAS1_0278_slice_12_z068.png,Mild_Dementia/OAS1_0278/OAS1_0278_slice_12_z068.png,Mild Dementia/OAS1_0278/OAS1_0278_slice_12_z068.png,OAS1_0278,Mild Dementia,2,0,Non-Demented,0,0.47079294134440924,0.3419181000094669,0.1872889586461241,0.0
OASIS_1,RandomForest,101,test,rotation__severe,rotation,severe,D:\OASIS_1\distortions_64\rotation\severe\Mild_Dementia\OAS1_0278\OAS1_0278_slice_13_z070.png,Mild_Dementia/OAS1_0278/OAS1_0278_slice_13_z070.png,Mild Dementia/OAS1_0278/OAS1_0278_slice_13_z070.png,OAS1_0278,Mild Dementia,2,0,Non-Demented,0,0.4566830527272766,0.2657603102474152,0.2775566370253081,0.0
OASIS_1,RandomForest,101,test,rotation__severe,rotation,severe,D:\OASIS_1\distortions_64\rotation\severe\Mild_Dementia\OAS1_0278\OAS1_0278_slice_14_z073.png,Mild_Dementia/OAS1_0278/OAS1_0278_slice_14_z073.png,Mild Dementia/OAS1_0278/OAS1_0278_slice_14_z073.png,OAS1_0278,Mild Dementia,2,0,Non-Demented,0,0.48322607129621037,0.2710813170743981,0.2390259449627247,0.006666666666666667
OASIS_1,RandomForest,101,test,rotation__severe,rotation,severe,D:\OASIS_1\distortions_64\rotation\severe\Mild_Dementia\OAS1_0278\OAS1_0278_slice_15_z076.png,Mild_Dementia/OAS1_0278/OAS1_0278_slice_15_z076.png,Mild Dementia/OAS1_0278/OAS1_0278_slice_15_z076.png,OAS1_0278,Mild Dementia,2,0,Non-Demented,0,0.45937154456022994,0.300931338471961,0.2330304503011424,0.006666666666666667
OASIS_1,RandomForest,101,test,rotation__severe,rotation,severe,D:\OASIS_1\distortions_64\rotation\severe\Mild_Dementia\OAS1_0278\OAS1_0278_slice_16_z078.png,Mild_Dementia/OAS1_0278/OAS1_0278_slice_16_z078.png,Mild Dementia/OAS1_0278/OAS1_0278_slice_16_z078.png,OAS1_0278,Mild Dementia,2,0,Non-Demented,0,0.5137036464187443,0.2867700021630506,0.1995263514182052,0.0
OASIS_1,RandomForest,101,test,rotation__severe,rotation,severe,D:\OASIS_1\distortions_64\rotation\severe\Mild_Dementia\OAS1_0278\OAS1_0278_slice_17_z081.png,Mild_Dementia/OAS1_0278/OAS1_0278_slice_17_z081.png,Mild Dementia/OAS1_0278/OAS1_0278_slice_17_z081.png,OAS1_0278,Mild Dementia,2,0,Non-Demented,0,0.5074828596272125,0.27566080270463755,0.21685633766814993,0.0
OASIS_1,RandomForest,101,test,rotation__severe,rotation,severe,D:\OASIS_1\distortions_64\rotation\severe\Mild_Dementia\OAS1_0278\OAS1_0278_slice_18_z084.png,Mild_Dementia/OAS1_0278/OAS1_0278_slice_18_z084.png,Mild Dementia/OAS1_0278/OAS1_0278_slice_18_z084.png,OAS1_0278,Mild Dementia,2,0,Non-Demented,0,0.5049113216578585,0.30170363315396126,0.1933850451881804,0.0
OASIS_1,RandomForest,101,test,rotation__severe,rotation,severe,D:\OASIS_1\distortions_64\rotation\severe\Mild_Dementia\OAS1_0278\OAS1_0278_slice_19_z086.png,Mild_Dementia/OAS1_0278/OAS1_0278_slice_19_z086.png,Mild Dementia/OAS1_0278/OAS1_0278_slice_19_z086.png,OAS1_0278,Mild Dementia,2,0,Non-Demented,0,0.4896763312844461,0.26586375255575856,0.24445991615979545,0.0
OASIS_1,RandomForest,101,test,rotation__severe,rotation,severe,D:\OASIS_1\distortions_64\rotation\severe\Mild_Dementia\OAS1_0278\OAS1_0278_slice_20_z089.png,Mild_Dementia/OAS1_0278/OAS1_0278_slice_20_z089.png,Mild Dementia/OAS1_0278/OAS1_0278_slice_20_z089.png,OAS1_0278,Mild Dementia,2,0,Non-Demented,0,0.45942649691494847,0.3420733888468037,0.1985001142382481,0.0
OASIS_1,RandomForest,101,test,rotation__severe,rotation,severe,D:\OASIS_1\distortions_64\rotation\severe\Moderate_Dementia\OAS1_0308\OAS1_0308_slice_01_z038.png,Moderate_Dementia/OAS1_0308/OAS1_0308_slice_01_z038.png,Moderate Dementia/OAS1_0308/OAS1_0308_slice_01_z038.png,OAS1_0308,Moderate Dementia,3,0,Non-Demented,0,0.45321752516801506,0.4117737906313447,0.13167535086730695,0.0033333333333333335
OASIS_1,RandomForest,101,test,rotation__severe,rotation,severe,D:\OASIS_1\distortions_64\rotation\severe\Moderate_Dementia\OAS1_0308\OAS1_0308_slice_02_z041.png,Moderate_Dementia/OAS1_0308/OAS1_0308_slice_02_z041.png,Moderate Dementia/OAS1_0308/OAS1_0308_slice_02_z041.png,OAS1_0308,Moderate Dementia,3,1,Very Mild Dementia,0,0.43900653268801154,0.44618260716865316,0.11147752681000192,0.0033333333333333335
OASIS_1,RandomForest,101,test,rotation__severe,rotation,severe,D:\OASIS_1\distortions_64\rotation\severe\Moderate_Dementia\OAS1_0308\OAS1_0308_slice_03_z043.png,Moderate_Dementia/OAS1_0308/OAS1_0308_slice_03_z043.png,Moderate Dementia/OAS1_0308/OAS1_0308_slice_03_z043.png,OAS1_0308,Moderate Dementia,3,0,Non-Demented,0,0.4507564009097534,0.3410294841869114,0.20821411490333552,0.0
OASIS_1,RandomForest,101,test,rotation__severe,rotation,severe,D:\OASIS_1\distortions_64\rotation\severe\Moderate_Dementia\OAS1_0308\OAS1_0308_slice_04_z046.png,Moderate_Dementia/OAS1_0308/OAS1_0308_slice_04_z046.png,Moderate Dementia/OAS1_0308/OAS1_0308_slice_04_z046.png,OAS1_0308,Moderate Dementia,3,0,Non-Demented,0,0.42566581183049784,0.3633002268368914,0.21103396133261057,0.0
OASIS_1,RandomForest,101,test,rotation__severe,rotation,severe,D:\OASIS_1\distortions_64\rotation\severe\Moderate_Dementia\OAS1_0308\OAS1_0308_slice_05_z049.png,Moderate_Dementia/OAS1_0308/OAS1_0308_slice_05_z049.png,Moderate Dementia/OAS1_0308/OAS1_0308_slice_05_z049.png,OAS1_0308,Moderate Dementia,3,0,Non-Demented,0,0.399569003091499,0.37702660889075595,0.2200710546844115,0.0033333333333333335
OASIS_1,RandomForest,101,test,rotation__severe,rotation,severe,D:\OASIS_1\distortions_64\rotation\severe\Moderate_Dementia\OAS1_0308\OAS1_0308_slice_06_z051.png,Moderate_Dementia/OAS1_0308/OAS1_0308_slice_06_z051.png,Moderate Dementia/OAS1_0308/OAS1_0308_slice_06_z051.png,OAS1_0308,Moderate Dementia,3,0,Non-Demented,0,0.39617843997002933,0.39359810641294873,0.21022345361702144,0.0
OASIS_1,RandomForest,101,test,rotation__severe,rotation,severe,D:\OASIS_1\distortions_64\rotation\severe\Moderate_Dementia\OAS1_0308\OAS1_0308_slice_07_z054.png,Moderate_Dementia/OAS1_0308/OAS1_0308_slice_07_z054.png,Moderate Dementia/OAS1_0308/OAS1_0308_slice_07_z054.png,OAS1_0308,Moderate Dementia,3,1,Very Mild Dementia,0,0.372688897925233,0.38308334247640746,0.24422775959835935,0.0
OASIS_1,RandomForest,101,test,rotation__severe,rotation,severe,D:\OASIS_1\distortions_64\rotation\severe\Moderate_Dementia\OAS1_0308\OAS1_0308_slice_08_z057.png,Moderate_Dementia/OAS1_0308/OAS1_0308_slice_08_z057.png,Moderate Dementia/OAS1_0308/OAS1_0308_slice_08_z057.png,OAS1_0308,Moderate Dementia,3,1,Very Mild Dementia,0,0.3713254633872276,0.46026962333654114,0.1684049132762311,0.0
OASIS_1,RandomForest,101,test,rotation__severe,rotation,severe,D:\OASIS_1\distortions_64\rotation\severe\Moderate_Dementia\OAS1_0308\OAS1_0308_slice_09_z059.png,Moderate_Dementia/OAS1_0308/OAS1_0308_slice_09_z059.png,Moderate Dementia/OAS1_0308/OAS1_0308_slice_09_z059.png,OAS1_0308,Moderate Dementia,3,1,Very Mild Dementia,0,0.39097760935927994,0.43655804512146756,0.1724643455192523,0.0
OASIS_1,RandomForest,101,test,rotation__severe,rotation,severe,D:\OASIS_1\distortions_64\rotation\severe\Moderate_Dementia\OAS1_0308\OAS1_0308_slice_10_z062.png,Moderate_Dementia/OAS1_0308/OAS1_0308_slice_10_z062.png,Moderate Dementia/OAS1_0308/OAS1_0308_slice_10_z062.png,OAS1_0308,Moderate Dementia,3,1,Very Mild Dementia,0,0.4070480221667606,0.41892735541417286,0.17402462241906644,0.0
OASIS_1,RandomForest,101,test,rotation__severe,rotation,severe,D:\OASIS_1\distortions_64\rotation\severe\Moderate_Dementia\OAS1_0308\OAS1_0308_slice_11_z065.png,Moderate_Dementia/OAS1_0308/OAS1_0308_slice_11_z065.png,Moderate Dementia/OAS1_0308/OAS1_0308_slice_11_z065.png,OAS1_0308,Moderate Dementia,3,0,Non-Demented,0,0.43792527808876136,0.30238420176607395,0.25969052014516486,0.0
OASIS_1,RandomForest,101,test,rotation__severe,rotation,severe,D:\OASIS_1\distortions_64\rotation\severe\Moderate_Dementia\OAS1_0308\OAS1_0308_slice_12_z068.png,Moderate_Dementia/OAS1_0308/OAS1_0308_slice_12_z068.png,Moderate Dementia/OAS1_0308/OAS1_0308_slice_12_z068.png,OAS1_0308,Moderate Dementia,3,0,Non-Demented,0,0.4286917702047903,0.37407914241708895,0.1972290873781208,0.0
OASIS_1,RandomForest,101,test,rotation__severe,rotation,severe,D:\OASIS_1\distortions_64\rotation\severe\Moderate_Dementia\OAS1_0308\OAS1_0308_slice_13_z070.png,Moderate_Dementia/OAS1_0308/OAS1_0308_slice_13_z070.png,Moderate Dementia/OAS1_0308/OAS1_0308_slice_13_z070.png,OAS1_0308,Moderate Dementia,3,0,Non-Demented,0,0.46824677520586905,0.32616680877788523,0.20558641601624575,0.0
OASIS_1,RandomForest,101,test,rotation__severe,rotation,severe,D:\OASIS_1\distortions_64\rotation\severe\Moderate_Dementia\OAS1_0308\OAS1_0308_slice_14_z073.png,Moderate_Dementia/OAS1_0308/OAS1_0308_slice_14_z073.png,Moderate Dementia/OAS1_0308/OAS1_0308_slice_14_z073.png,OAS1_0308,Moderate Dementia,3,0,Non-Demented,0,0.4350717643192212,0.4128577033722776,0.15207053230850123,0.0
OASIS_1,RandomForest,101,test,rotation__severe,rotation,severe,D:\OASIS_1\distortions_64\rotation\severe\Moderate_Dementia\OAS1_0308\OAS1_0308_slice_15_z076.png,Moderate_Dementia/OAS1_0308/OAS1_0308_slice_15_z076.png,Moderate Dementia/OAS1_0308/OAS1_0308_slice_15_z076.png,OAS1_0308,Moderate Dementia,3,0,Non-Demented,0,0.42962614332470567,0.36084365647449745,0.20953020020079705,0.0
OASIS_1,RandomForest,101,test,rotation__severe,rotation,severe,D:\OASIS_1\distortions_64\rotation\severe\Moderate_Dementia\OAS1_0308\OAS1_0308_slice_16_z078.png,Moderate_Dementia/OAS1_0308/OAS1_0308_slice_16_z078.png,Moderate Dementia/OAS1_0308/OAS1_0308_slice_16_z078.png,OAS1_0308,Moderate Dementia,3,0,Non-Demented,0,0.4913977220811435,0.4076105148138989,0.10099176310495699,0.0
OASIS_1,RandomForest,101,test,rotation__severe,rotation,severe,D:\OASIS_1\distortions_64\rotation\severe\Moderate_Dementia\OAS1_0308\OAS1_0308_slice_17_z081.png,Moderate_Dementia/OAS1_0308/OAS1_0308_slice_17_z081.png,Moderate Dementia/OAS1_0308/OAS1_0308_slice_17_z081.png,OAS1_0308,Moderate Dementia,3,0,Non-Demented,0,0.4550597947998561,0.3470378235921102,0.19790238160803392,0.0
OASIS_1,RandomForest,101,test,rotation__severe,rotation,severe,D:\OASIS_1\distortions_64\rotation\severe\Moderate_Dementia\OAS1_0308\OAS1_0308_slice_18_z084.png,Moderate_Dementia/OAS1_0308/OAS1_0308_slice_18_z084.png,Moderate Dementia/OAS1_0308/OAS1_0308_slice_18_z084.png,OAS1_0308,Moderate Dementia,3,0,Non-Demented,0,0.44957446866006584,0.3352753601937909,0.21515017114614346,0.0
OASIS_1,RandomForest,101,test,rotation__severe,rotation,severe,D:\OASIS_1\distortions_64\rotation\severe\Moderate_Dementia\OAS1_0308\OAS1_0308_slice_19_z086.png,Moderate_Dementia/OAS1_0308/OAS1_0308_slice_19_z086.png,Moderate Dementia/OAS1_0308/OAS1_0308_slice_19_z086.png,OAS1_0308,Moderate Dementia,3,0,Non-Demented,0,0.480097987124272,0.42337698662644657,0.09652502624928108,0.0
OASIS_1,RandomForest,101,test,rotation__severe,rotation,severe,D:\OASIS_1\distortions_64\rotation\severe\Moderate_Dementia\OAS1_0308\OAS1_0308_slice_20_z089.png,Moderate_Dementia/OAS1_0308/OAS1_0308_slice_20_z089.png,Moderate Dementia/OAS1_0308/OAS1_0308_slice_20_z089.png,OAS1_0308,Moderate Dementia,3,0,Non-Demented,0,0.4571038747334982,0.4335592669007142,0.1093368583657876,0.0
OASIS_1,RandomForest,101,test,rotation__severe,rotation,severe,D:\OASIS_1\distortions_64\rotation\severe\Non_Demented\OAS1_0013\OAS1_0013_slice_01_z038.png,Non_Demented/OAS1_0013/OAS1_0013_slice_01_z038.png,Non-Demented/OAS1_0013/OAS1_0013_slice_01_z038.png,OAS1_0013,Non-Demented,0,0,Non-Demented,1,0.5882543925279257,0.2239053663176303,0.18784024115444367,0.0
OASIS_1,RandomForest,101,test,rotation__severe,rotation,severe,D:\OASIS_1\distortions_64\rotation\severe\Non_Demented\OAS1_0013\OAS1_0013_slice_02_z041.png,Non_Demented/OAS1_0013/OAS1_0013_slice_02_z041.png,Non-Demented/OAS1_0013/OAS1_0013_slice_02_z041.png,OAS1_0013,Non-Demented,0,0,Non-Demented,1,0.5545088116038758,0.29987117456370554,0.14562001383241843,0.0
OASIS_1,RandomForest,101,test,rotation__severe,rotation,severe,D:\OASIS_1\distortions_64\rotation\severe\Non_Demented\OAS1_0013\OAS1_0013_slice_03_z043.png,Non_Demented/OAS1_0013/OAS1_0013_slice_03_z043.png,Non-Demented/OAS1_0013/OAS1_0013_slice_03_z043.png,OAS1_0013,Non-Demented,0,0,Non-Demented,1,0.5816008878944358,0.23737202135423247,0.18102709075133142,0.0
OASIS_1,RandomForest,101,test,rotation__severe,rotation,severe,D:\OASIS_1\distortions_64\rotation\severe\Non_Demented\OAS1_0013\OAS1_0013_slice_04_z046.png,Non_Demented/OAS1_0013/OAS1_0013_slice_04_z046.png,Non-Demented/OAS1_0013/OAS1_0013_slice_04_z046.png,OAS1_0013,Non-Demented,0,0,Non-Demented,1,0.5881882661571302,0.2694167884422535,0.14239494540061648,0.0
OASIS_1,RandomForest,101,test,rotation__severe,rotation,severe,D:\OASIS_1\distortions_64\rotation\severe\Non_Demented\OAS1_0013\OAS1_0013_slice_05_z049.png,Non_Demented/OAS1_0013/OAS1_0013_slice_05_z049.png,Non-Demented/OAS1_0013/OAS1_0013_slice_05_z049.png,OAS1_0013,Non-Demented,0,0,Non-Demented,1,0.5487498623783559,0.2819030356162694,0.16268043533870769,0.006666666666666667
OASIS_1,RandomForest,101,test,rotation__severe,rotation,severe,D:\OASIS_1\distortions_64\rotation\severe\Non_Demented\OAS1_0013\OAS1_0013_slice_06_z051.png,Non_Demented/OAS1_0013/OAS1_0013_slice_06_z051.png,Non-Demented/OAS1_0013/OAS1_0013_slice_06_z051.png,OAS1_0013,Non-Demented,0,0,Non-Demented,1,0.5044157234002746,0.2819350255830526,0.21364925101667293,0.0
OASIS_1,RandomForest,101,test,rotation__severe,rotation,severe,D:\OASIS_1\distortions_64\rotation\severe\Non_Demented\OAS1_0013\OAS1_0013_slice_07_z054.png,Non_Demented/OAS1_0013/OAS1_0013_slice_07_z054.png,Non-Demented/OAS1_0013/OAS1_0013_slice_07_z054.png,OAS1_0013,Non-Demented,0,0,Non-Demented,1,0.5099916200028084,0.3158496161261915,0.1708254305376667,0.0033333333333333335
OASIS_1,RandomForest,101,test,rotation__severe,rotation,severe,D:\OASIS_1\distortions_64\rotation\severe\Non_Demented\OAS1_0013\OAS1_0013_slice_08_z057.png,Non_Demented/OAS1_0013/OAS1_0013_slice_08_z057.png,Non-Demented/OAS1_0013/OAS1_0013_slice_08_z057.png,OAS1_0013,Non-Demented,0,0,Non-Demented,1,0.45362961100431304,0.2553835796435488,0.2909868093521385,0.0
OASIS_1,RandomForest,101,test,rotation__severe,rotation,severe,D:\OASIS_1\distortions_64\rotation\severe\Non_Demented\OAS1_0013\OAS1_0013_slice_09_z059.png,Non_Demented/OAS1_0013/OAS1_0013_slice_09_z059.png,Non-Demented/OAS1_0013/OAS1_0013_slice_09_z059.png,OAS1_0013,Non-Demented,0,0,Non-Demented,1,0.47534611893293005,0.2043068323776905,0.3203470486893799,0.0
OASIS_1,RandomForest,101,test,rotation__severe,rotation,severe,D:\OASIS_1\distortions_64\rotation\severe\Non_Demented\OAS1_0013\OAS1_0013_slice_10_z062.png,Non_Demented/OAS1_0013/OAS1_0013_slice_10_z062.png,Non-Demented/OAS1_0013/OAS1_0013_slice_10_z062.png,OAS1_0013,Non-Demented,0,2,Mild Dementia,0,0.3922733705266782,0.20634471196981857,0.4013819175035036,0.0
OASIS_1,RandomForest,101,test,rotation__severe,rotation,severe,D:\OASIS_1\distortions_64\rotation\severe\Non_Demented\OAS1_0013\OAS1_0013_slice_11_z065.png,Non_Demented/OAS1_0013/OAS1_0013_slice_11_z065.png,Non-Demented/OAS1_0013/OAS1_0013_slice_11_z065.png,OAS1_0013,Non-Demented,0,2,Mild Dementia,0,0.39105052668595014,0.21738830856608,0.3915611647479699,0.0
OASIS_1,RandomForest,101,test,rotation__severe,rotation,severe,D:\OASIS_1\distortions_64\rotation\severe\Non_Demented\OAS1_0013\OAS1_0013_slice_12_z068.png,Non_Demented/OAS1_0013/OAS1_0013_slice_12_z068.png,Non-Demented/OAS1_0013/OAS1_0013_slice_12_z068.png,OAS1_0013,Non-Demented,0,0,Non-Demented,1,0.47053643675651374,0.3143900981875693,0.21507346505591693,0.0
OASIS_1,RandomForest,101,test,rotation__severe,rotation,severe,D:\OASIS_1\distortions_64\rotation\severe\Non_Demented\OAS1_0013\OAS1_0013_slice_13_z070.png,Non_Demented/OAS1_0013/OAS1_0013_slice_13_z070.png,Non-Demented/OAS1_0013/OAS1_0013_slice_13_z070.png,OAS1_0013,Non-Demented,0,0,Non-Demented,1,0.4709154950728156,0.19486507301751999,0.3342194319096647,0.0
OASIS_1,RandomForest,101,test,rotation__severe,rotation,severe,D:\OASIS_1\distortions_64\rotation\severe\Non_Demented\OAS1_0013\OAS1_0013_slice_14_z073.png,Non_Demented/OAS1_0013/OAS1_0013_slice_14_z073.png,Non-Demented/OAS1_0013/OAS1_0013_slice_14_z073.png,OAS1_0013,Non-Demented,0,0,Non-Demented,1,0.4946576876936397,0.2008998467864175,0.3044424655199429,0.0
OASIS_1,RandomForest,101,test,rotation__severe,rotation,severe,D:\OASIS_1\distortions_64\rotation\severe\Non_Demented\OAS1_0013\OAS1_0013_slice_15_z076.png,Non_Demented/OAS1_0013/OAS1_0013_slice_15_z076.png,Non-Demented/OAS1_0013/OAS1_0013_slice_15_z076.png,OAS1_0013,Non-Demented,0,0,Non-Demented,1,0.5670513569178832,0.1908453864103842,0.2421032566717328,0.0
OASIS_1,RandomForest,101,test,rotation__severe,rotation,severe,D:\OASIS_1\distortions_64\rotation\severe\Non_Demented\OAS1_0013\OAS1_0013_slice_16_z078.png,Non_Demented/OAS1_0013/OAS1_0013_slice_16_z078.png,Non-Demented/OAS1_0013/OAS1_0013_slice_16_z078.png,OAS1_0013,Non-Demented,0,0,Non-Demented,1,0.5061899372369584,0.27084729729582135,0.22296276546722046,0.0
OASIS_1,RandomForest,101,test,rotation__severe,rotation,severe,D:\OASIS_1\distortions_64\rotation\severe\Non_Demented\OAS1_0013\OAS1_0013_slice_17_z081.png,Non_Demented/OAS1_0013/OAS1_0013_slice_17_z081.png,Non-Demented/OAS1_0013/OAS1_0013_slice_17_z081.png,OAS1_0013,Non-Demented,0,0,Non-Demented,1,0.5140248969848529,0.28928641606333627,0.1933553536184778,0.0033333333333333335
OASIS_1,RandomForest,101,test,rotation__severe,rotation,severe,D:\OASIS_1\distortions_64\rotation\severe\Non_Demented\OAS1_0013\OAS1_0013_slice_18_z084.png,Non_Demented/OAS1_0013/OAS1_0013_slice_18_z084.png,Non-Demented/OAS1_0013/OAS1_0013_slice_18_z084.png,OAS1_0013,Non-Demented,0,0,Non-Demented,1,0.5525327693912693,0.2796733017554601,0.16779392885327063,0.0
OASIS_1,RandomForest,101,test,rotation__severe,rotation,severe,D:\OASIS_1\distortions_64\rotation\severe\Non_Demented\OAS1_0013\OAS1_0013_slice_19_z086.png,Non_Demented/OAS1_0013/OAS1_0013_slice_19_z086.png,Non-Demented/OAS1_0013/OAS1_0013_slice_19_z086.png,OAS1_0013,Non-Demented,0,0,Non-Demented,1,0.5892021865731816,0.29668491917095974,0.11411289425585863,0.0
OASIS_1,RandomForest,101,test,rotation__severe,rotation,severe,D:\OASIS_1\distortions_64\rotation\severe\Non_Demented\OAS1_0013\OAS1_0013_slice_20_z089.png,Non_Demented/OAS1_0013/OAS1_0013_slice_20_z089.png,Non-Demented/OAS1_0013/OAS1_0013_slice_20_z089.png,OAS1_0013,Non-Demented,0,0,Non-Demented,1,0.5623050582176832,0.3075644304369011,0.13013051134541584,0.0
OASIS_1,RandomForest,101,test,rotation__severe,rotation,severe,D:\OASIS_1\distortions_64\rotation\severe\Non_Demented\OAS1_0044\OAS1_0044_slice_01_z038.png,Non_Demented/OAS1_0044/OAS1_0044_slice_01_z038.png,Non-Demented/OAS1_0044/OAS1_0044_slice_01_z038.png,OAS1_0044,Non-Demented,0,0,Non-Demented,1,0.6263967568275022,0.23006505449277503,0.1435381886797225,0.0
OASIS_1,RandomForest,101,test,rotation__severe,rotation,severe,D:\OASIS_1\distortions_64\rotation\severe\Non_Demented\OAS1_0044\OAS1_0044_slice_02_z041.png,Non_Demented/OAS1_0044/OAS1_0044_slice_02_z041.png,Non-Demented/OAS1_0044/OAS1_0044_slice_02_z041.png,OAS1_0044,Non-Demented,0,0,Non-Demented,1,0.6948661708724074,0.2611633165302633,0.043970512597328766,0.0
OASIS_1,RandomForest,101,test,rotation__severe,rotation,severe,D:\OASIS_1\distortions_64\rotation\severe\Non_Demented\OAS1_0044\OAS1_0044_slice_03_z043.png,Non_Demented/OAS1_0044/OAS1_0044_slice_03_z043.png,Non-Demented/OAS1_0044/OAS1_0044_slice_03_z043.png,OAS1_0044,Non-Demented,0,0,Non-Demented,1,0.6732038198634628,0.27167186673096066,0.05512431340557601,0.0
OASIS_1,RandomForest,101,test,rotation__severe,rotation,severe,D:\OASIS_1\distortions_64\rotation\severe\Non_Demented\OAS1_0044\OAS1_0044_slice_04_z046.png,Non_Demented/OAS1_0044/OAS1_0044_slice_04_z046.png,Non-Demented/OAS1_0044/OAS1_0044_slice_04_z046.png,OAS1_0044,Non-Demented,0,0,Non-Demented,1,0.6228509414367402,0.2576058493849187,0.11620987584500722,0.0033333333333333335
OASIS_1,RandomForest,101,test,rotation__severe,rotation,severe,D:\OASIS_1\distortions_64\rotation\severe\Non_Demented\OAS1_0044\OAS1_0044_slice_05_z049.png,Non_Demented/OAS1_0044/OAS1_0044_slice_05_z049.png,Non-Demented/OAS1_0044/OAS1_0044_slice_05_z049.png,OAS1_0044,Non-Demented,0,0,Non-Demented,1,0.6243572173235749,0.2925520854533777,0.08309069722304689,0.0
OASIS_1,RandomForest,101,test,rotation__severe,rotation,severe,D:\OASIS_1\distortions_64\rotation\severe\Non_Demented\OAS1_0044\OAS1_0044_slice_06_z051.png,Non_Demented/OAS1_0044/OAS1_0044_slice_06_z051.png,Non-Demented/OAS1_0044/OAS1_0044_slice_06_z051.png,OAS1_0044,Non-Demented,0,0,Non-Demented,1,0.6060149509094446,0.2930386270810997,0.1009464220094555,0.0
OASIS_1,RandomForest,101,test,rotation__severe,rotation,severe,D:\OASIS_1\distortions_64\rotation\severe\Non_Demented\OAS1_0044\OAS1_0044_slice_07_z054.png,Non_Demented/OAS1_0044/OAS1_0044_slice_07_z054.png,Non-Demented/OAS1_0044/OAS1_0044_slice_07_z054.png,OAS1_0044,Non-Demented,0,0,Non-Demented,1,0.6739243859995657,0.272147705318141,0.053927908682292885,0.0
OASIS_1,RandomForest,101,test,rotation__severe,rotation,severe,D:\OASIS_1\distortions_64\rotation\severe\Non_Demented\OAS1_0044\OAS1_0044_slice_08_z057.png,Non_Demented/OAS1_0044/OAS1_0044_slice_08_z057.png,Non-Demented/OAS1_0044/OAS1_0044_slice_08_z057.png,OAS1_0044,Non-Demented,0,0,Non-Demented,1,0.6639901946570884,0.27359453112929666,0.062415274213614785,0.0
OASIS_1,RandomForest,101,test,rotation__severe,rotation,severe,D:\OASIS_1\distortions_64\rotation\severe\Non_Demented\OAS1_0044\OAS1_0044_slice_09_z059.png,Non_Demented/OAS1_0044/OAS1_0044_slice_09_z059.png,Non-Demented/OAS1_0044/OAS1_0044_slice_09_z059.png,OAS1_0044,Non-Demented,0,0,Non-Demented,1,0.6011442637073159,0.3140828297207012,0.08477290657198273,0.0
OASIS_1,RandomForest,101,test,rotation__severe,rotation,severe,D:\OASIS_1\distortions_64\rotation\severe\Non_Demented\OAS1_0044\OAS1_0044_slice_10_z062.png,Non_Demented/OAS1_0044/OAS1_0044_slice_10_z062.png,Non-Demented/OAS1_0044/OAS1_0044_slice_10_z062.png,OAS1_0044,Non-Demented,0,0,Non-Demented,1,0.561484416426099,0.3239138330552984,0.11460175051860257,0.0
OASIS_1,RandomForest,101,test,rotation__severe,rotation,severe,D:\OASIS_1\distortions_64\rotation\severe\Non_Demented\OAS1_0044\OAS1_0044_slice_11_z065.png,Non_Demented/OAS1_0044/OAS1_0044_slice_11_z065.png,Non-Demented/OAS1_0044/OAS1_0044_slice_11_z065.png,OAS1_0044,Non-Demented,0,0,Non-Demented,1,0.552969808789369,0.3145320307917457,0.13249816041888549,0.0
OASIS_1,RandomForest,101,test,rotation__severe,rotation,severe,D:\OASIS_1\distortions_64\rotation\severe\Non_Demented\OAS1_0044\OAS1_0044_slice_12_z068.png,Non_Demented/OAS1_0044/OAS1_0044_slice_12_z068.png,Non-Demented/OAS1_0044/OAS1_0044_slice_12_z068.png,OAS1_0044,Non-Demented,0,0,Non-Demented,1,0.5087186211527875,0.2860061281119655,0.20527525073524652,0.0
OASIS_1,RandomForest,101,test,rotation__severe,rotation,severe,D:\OASIS_1\distortions_64\rotation\severe\Non_Demented\OAS1_0044\OAS1_0044_slice_13_z070.png,Non_Demented/OAS1_0044/OAS1_0044_slice_13_z070.png,Non-Demented/OAS1_0044/OAS1_0044_slice_13_z070.png,OAS1_0044,Non-Demented,0,0,Non-Demented,1,0.5401389758306265,0.28675160478421396,0.17310941938515947,0.0
OASIS_1,RandomForest,101,test,rotation__severe,rotation,severe,D:\OASIS_1\distortions_64\rotation\severe\Non_Demented\OAS1_0044\OAS1_0044_slice_14_z073.png,Non_Demented/OAS1_0044/OAS1_0044_slice_14_z073.png,Non-Demented/OAS1_0044/OAS1_0044_slice_14_z073.png,OAS1_0044,Non-Demented,0,0,Non-Demented,1,0.5687424877106829,0.26764722363304744,0.16361028865626948,0.0
OASIS_1,RandomForest,101,test,rotation__severe,rotation,severe,D:\OASIS_1\distortions_64\rotation\severe\Non_Demented\OAS1_0044\OAS1_0044_slice_15_z076.png,Non_Demented/OAS1_0044/OAS1_0044_slice_15_z076.png,Non-Demented/OAS1_0044/OAS1_0044_slice_15_z076.png,OAS1_0044,Non-Demented,0,0,Non-Demented,1,0.6159393601326512,0.28179554748635005,0.10226509238099862,0.0
OASIS_1,RandomForest,101,test,rotation__severe,rotation,severe,D:\OASIS_1\distortions_64\rotation\severe\Non_Demented\OAS1_0044\OAS1_0044_slice_16_z078.png,Non_Demented/OAS1_0044/OAS1_0044_slice_16_z078.png,Non-Demented/OAS1_0044/OAS1_0044_slice_16_z078.png,OAS1_0044,Non-Demented,0,0,Non-Demented,1,0.6055775969760848,0.29038646438974536,0.10070260530083631,0.0033333333333333335
OASIS_1,RandomForest,101,test,rotation__severe,rotation,severe,D:\OASIS_1\distortions_64\rotation\severe\Non_Demented\OAS1_0044\OAS1_0044_slice_17_z081.png,Non_Demented/OAS1_0044/OAS1_0044_slice_17_z081.png,Non-Demented/OAS1_0044/OAS1_0044_slice_17_z081.png,OAS1_0044,Non-Demented,0,0,Non-Demented,1,0.6308764352821971,0.25938579198483575,0.10640443939963347,0.0033333333333333335
OASIS_1,RandomForest,101,test,rotation__severe,rotation,severe,D:\OASIS_1\distortions_64\rotation\severe\Non_Demented\OAS1_0044\OAS1_0044_slice_18_z084.png,Non_Demented/OAS1_0044/OAS1_0044_slice_18_z084.png,Non-Demented/OAS1_0044/OAS1_0044_slice_18_z084.png,OAS1_0044,Non-Demented,0,0,Non-Demented,1,0.6799123473262959,0.2574685528630478,0.06261909981065629,0.0
OASIS_1,RandomForest,101,test,rotation__severe,rotation,severe,D:\OASIS_1\distortions_64\rotation\severe\Non_Demented\OAS1_0044\OAS1_0044_slice_19_z086.png,Non_Demented/OAS1_0044/OAS1_0044_slice_19_z086.png,Non-Demented/OAS1_0044/OAS1_0044_slice_19_z086.png,OAS1_0044,Non-Demented,0,0,Non-Demented,1,0.6850304749925604,0.25441621953880283,0.06055330546863662,0.0
OASIS_1,RandomForest,101,test,rotation__severe,rotation,severe,D:\OASIS_1\distortions_64\rotation\severe\Non_Demented\OAS1_0044\OAS1_0044_slice_20_z089.png,Non_Demented/OAS1_0044/OAS1_0044_slice_20_z089.png,Non-Demented/OAS1_0044/OAS1_0044_slice_20_z089.png,OAS1_0044,Non-Demented,0,0,Non-Demented,1,0.6128695838552424,0.29394859408188373,0.09318182206287344,0.0
OASIS_1,RandomForest,101,test,rotation__severe,rotation,severe,D:\OASIS_1\distortions_64\rotation\severe\Non_Demented\OAS1_0074\OAS1_0074_slice_01_z038.png,Non_Demented/OAS1_0074/OAS1_0074_slice_01_z038.png,Non-Demented/OAS1_0074/OAS1_0074_slice_01_z038.png,OAS1_0074,Non-Demented,0,0,Non-Demented,1,0.504321692534465,0.28571533772446966,0.20996296974106546,0.0
OASIS_1,RandomForest,101,test,rotation__severe,rotation,severe,D:\OASIS_1\distortions_64\rotation\severe\Non_Demented\OAS1_0074\OAS1_0074_slice_02_z041.png,Non_Demented/OAS1_0074/OAS1_0074_slice_02_z041.png,Non-Demented/OAS1_0074/OAS1_0074_slice_02_z041.png,OAS1_0074,Non-Demented,0,0,Non-Demented,1,0.6356464878169636,0.2989275698794427,0.06542594230359369,0.0
OASIS_1,RandomForest,101,test,rotation__severe,rotation,severe,D:\OASIS_1\distortions_64\rotation\severe\Non_Demented\OAS1_0074\OAS1_0074_slice_03_z043.png,Non_Demented/OAS1_0074/OAS1_0074_slice_03_z043.png,Non-Demented/OAS1_0074/OAS1_0074_slice_03_z043.png,OAS1_0074,Non-Demented,0,0,Non-Demented,1,0.6248975886942875,0.29827900387996925,0.07682340742574335,0.0
OASIS_1,RandomForest,101,test,rotation__severe,rotation,severe,D:\OASIS_1\distortions_64\rotation\severe\Non_Demented\OAS1_0074\OAS1_0074_slice_04_z046.png,Non_Demented/OAS1_0074/OAS1_0074_slice_04_z046.png,Non-Demented/OAS1_0074/OAS1_0074_slice_04_z046.png,OAS1_0074,Non-Demented,0,0,Non-Demented,1,0.5747524209610178,0.350455323490185,0.0747922555487972,0.0
OASIS_1,RandomForest,101,test,rotation__severe,rotation,severe,D:\OASIS_1\distortions_64\rotation\severe\Non_Demented\OAS1_0074\OAS1_0074_slice_05_z049.png,Non_Demented/OAS1_0074/OAS1_0074_slice_05_z049.png,Non-Demented/OAS1_0074/OAS1_0074_slice_05_z049.png,OAS1_0074,Non-Demented,0,0,Non-Demented,1,0.5137294106767786,0.38504574027505856,0.10122484904816301,0.0
OASIS_1,RandomForest,101,test,rotation__severe,rotation,severe,D:\OASIS_1\distortions_64\rotation\severe\Non_Demented\OAS1_0074\OAS1_0074_slice_06_z051.png,Non_Demented/OAS1_0074/OAS1_0074_slice_06_z051.png,Non-Demented/OAS1_0074/OAS1_0074_slice_06_z051.png,OAS1_0074,Non-Demented,0,0,Non-Demented,1,0.5224810932179449,0.3784887886453104,0.09903011813674509,0.0
OASIS_1,RandomForest,101,test,rotation__severe,rotation,severe,D:\OASIS_1\distortions_64\rotation\severe\Non_Demented\OAS1_0074\OAS1_0074_slice_07_z054.png,Non_Demented/OAS1_0074/OAS1_0074_slice_07_z054.png,Non-Demented/OAS1_0074/OAS1_0074_slice_07_z054.png,OAS1_0074,Non-Demented,0,0,Non-Demented,1,0.539837749095573,0.3620237974732775,0.09813845343114973,0.0
OASIS_1,RandomForest,101,test,rotation__severe,rotation,severe,D:\OASIS_1\distortions_64\rotation\severe\Non_Demented\OAS1_0074\OAS1_0074_slice_08_z057.png,Non_Demented/OAS1_0074/OAS1_0074_slice_08_z057.png,Non-Demented/OAS1_0074/OAS1_0074_slice_08_z057.png,OAS1_0074,Non-Demented,0,0,Non-Demented,1,0.4951498208164772,0.33282346284874753,0.1720267163347754,0.0
OASIS_1,RandomForest,101,test,rotation__severe,rotation,severe,D:\OASIS_1\distortions_64\rotation\severe\Non_Demented\OAS1_0074\OAS1_0074_slice_09_z059.png,Non_Demented/OAS1_0074/OAS1_0074_slice_09_z059.png,Non-Demented/OAS1_0074/OAS1_0074_slice_09_z059.png,OAS1_0074,Non-Demented,0,0,Non-Demented,1,0.48071677162230286,0.37363866526630424,0.14564456311139298,0.0
OASIS_1,RandomForest,101,test,rotation__severe,rotation,severe,D:\OASIS_1\distortions_64\rotation\severe\Non_Demented\OAS1_0074\OAS1_0074_slice_10_z062.png,Non_Demented/OAS1_0074/OAS1_0074_slice_10_z062.png,Non-Demented/OAS1_0074/OAS1_0074_slice_10_z062.png,OAS1_0074,Non-Demented,0,0,Non-Demented,1,0.41329543087781123,0.348838333091958,0.23786623603023063,0.0
OASIS_1,RandomForest,101,test,rotation__severe,rotation,severe,D:\OASIS_1\distortions_64\rotation\severe\Non_Demented\OAS1_0074\OAS1_0074_slice_11_z065.png,Non_Demented/OAS1_0074/OAS1_0074_slice_11_z065.png,Non-Demented/OAS1_0074/OAS1_0074_slice_11_z065.png,OAS1_0074,Non-Demented,0,0,Non-Demented,1,0.4287588151708889,0.39184131089551394,0.17939987393359733,0.0
OASIS_1,RandomForest,101,test,rotation__severe,rotation,severe,D:\OASIS_1\distortions_64\rotation\severe\Non_Demented\OAS1_0074\OAS1_0074_slice_12_z068.png,Non_Demented/OAS1_0074/OAS1_0074_slice_12_z068.png,Non-Demented/OAS1_0074/OAS1_0074_slice_12_z068.png,OAS1_0074,Non-Demented,0,0,Non-Demented,1,0.4610890316300791,0.3222894334848074,0.21662153488511368,0.0
OASIS_1,RandomForest,101,test,rotation__severe,rotation,severe,D:\OASIS_1\distortions_64\rotation\severe\Non_Demented\OAS1_0074\OAS1_0074_slice_13_z070.png,Non_Demented/OAS1_0074/OAS1_0074_slice_13_z070.png,Non-Demented/OAS1_0074/OAS1_0074_slice_13_z070.png,OAS1_0074,Non-Demented,0,0,Non-Demented,1,0.47003813955612816,0.33162396570088426,0.198337894742988,0.0
OASIS_1,RandomForest,101,test,rotation__severe,rotation,severe,D:\OASIS_1\distortions_64\rotation\severe\Non_Demented\OAS1_0074\OAS1_0074_slice_14_z073.png,Non_Demented/OAS1_0074/OAS1_0074_slice_14_z073.png,Non-Demented/OAS1_0074/OAS1_0074_slice_14_z073.png,OAS1_0074,Non-Demented,0,0,Non-Demented,1,0.4997238792500874,0.33703765614123454,0.16323846460867805,0.0
OASIS_1,RandomForest,101,test,rotation__severe,rotation,severe,D:\OASIS_1\distortions_64\rotation\severe\Non_Demented\OAS1_0074\OAS1_0074_slice_15_z076.png,Non_Demented/OAS1_0074/OAS1_0074_slice_15_z076.png,Non-Demented/OAS1_0074/OAS1_0074_slice_15_z076.png,OAS1_0074,Non-Demented,0,0,Non-Demented,1,0.4680490399322274,0.35296519441801466,0.17898576564975852,0.0
OASIS_1,RandomForest,101,test,rotation__severe,rotation,severe,D:\OASIS_1\distortions_64\rotation\severe\Non_Demented\OAS1_0074\OAS1_0074_slice_16_z078.png,Non_Demented/OAS1_0074/OAS1_0074_slice_16_z078.png,Non-Demented/OAS1_0074/OAS1_0074_slice_16_z078.png,OAS1_0074,Non-Demented,0,0,Non-Demented,1,0.5132271716775179,0.38852851583704195,0.0982443124854402,0.0
OASIS_1,RandomForest,101,test,rotation__severe,rotation,severe,D:\OASIS_1\distortions_64\rotation\severe\Non_Demented\OAS1_0074\OAS1_0074_slice_17_z081.png,Non_Demented/OAS1_0074/OAS1_0074_slice_17_z081.png,Non-Demented/OAS1_0074/OAS1_0074_slice_17_z081.png,OAS1_0074,Non-Demented,0,0,Non-Demented,1,0.5620979120903181,0.3599786680041869,0.0779234199054944,0.0
OASIS_1,RandomForest,101,test,rotation__severe,rotation,severe,D:\OASIS_1\distortions_64\rotation\severe\Non_Demented\OAS1_0074\OAS1_0074_slice_18_z084.png,Non_Demented/OAS1_0074/OAS1_0074_slice_18_z084.png,Non-Demented/OAS1_0074/OAS1_0074_slice_18_z084.png,OAS1_0074,Non-Demented,0,0,Non-Demented,1,0.5602968405128451,0.3165856017081709,0.12311755777898341,0.0
OASIS_1,RandomForest,101,test,rotation__severe,rotation,severe,D:\OASIS_1\distortions_64\rotation\severe\Non_Demented\OAS1_0074\OAS1_0074_slice_19_z086.png,Non_Demented/OAS1_0074/OAS1_0074_slice_19_z086.png,Non-Demented/OAS1_0074/OAS1_0074_slice_19_z086.png,OAS1_0074,Non-Demented,0,0,Non-Demented,1,0.513983899209726,0.3203697413702661,0.16564635942000772,0.0
OASIS_1,RandomForest,101,test,rotation__severe,rotation,severe,D:\OASIS_1\distortions_64\rotation\severe\Non_Demented\OAS1_0074\OAS1_0074_slice_20_z089.png,Non_Demented/OAS1_0074/OAS1_0074_slice_20_z089.png,Non-Demented/OAS1_0074/OAS1_0074_slice_20_z089.png,OAS1_0074,Non-Demented,0,0,Non-Demented,1,0.6708949136392696,0.2696820805461187,0.05942300581461231,0.0
OASIS_1,RandomForest,101,test,rotation__severe,rotation,severe,D:\OASIS_1\distortions_64\rotation\severe\Non_Demented\OAS1_0075\OAS1_0075_slice_01_z038.png,Non_Demented/OAS1_0075/OAS1_0075_slice_01_z038.png,Non-Demented/OAS1_0075/OAS1_0075_slice_01_z038.png,OAS1_0075,Non-Demented,0,1,Very Mild Dementia,0,0.44593599372269266,0.4568886175103329,0.09717538876697479,0.0
OASIS_1,RandomForest,101,test,rotation__severe,rotation,severe,D:\OASIS_1\distortions_64\rotation\severe\Non_Demented\OAS1_0075\OAS1_0075_slice_02_z041.png,Non_Demented/OAS1_0075/OAS1_0075_slice_02_z041.png,Non-Demented/OAS1_0075/OAS1_0075_slice_02_z041.png,OAS1_0075,Non-Demented,0,0,Non-Demented,1,0.5513497794697839,0.2761568255938709,0.1724933949363448,0.0
OASIS_1,RandomForest,101,test,rotation__severe,rotation,severe,D:\OASIS_1\distortions_64\rotation\severe\Non_Demented\OAS1_0075\OAS1_0075_slice_03_z043.png,Non_Demented/OAS1_0075/OAS1_0075_slice_03_z043.png,Non-Demented/OAS1_0075/OAS1_0075_slice_03_z043.png,OAS1_0075,Non-Demented,0,1,Very Mild Dementia,0,0.43918847961269575,0.4531490407276232,0.10766247965968119,0.0
OASIS_1,RandomForest,101,test,rotation__severe,rotation,severe,D:\OASIS_1\distortions_64\rotation\severe\Non_Demented\OAS1_0075\OAS1_0075_slice_04_z046.png,Non_Demented/OAS1_0075/OAS1_0075_slice_04_z046.png,Non-Demented/OAS1_0075/OAS1_0075_slice_04_z046.png,OAS1_0075,Non-Demented,0,0,Non-Demented,1,0.5163186816229342,0.258951073084442,0.22473024529262348,0.0
OASIS_1,RandomForest,101,test,rotation__severe,rotation,severe,D:\OASIS_1\distortions_64\rotation\severe\Non_Demented\OAS1_0075\OAS1_0075_slice_05_z049.png,Non_Demented/OAS1_0075/OAS1_0075_slice_05_z049.png,Non-Demented/OAS1_0075/OAS1_0075_slice_05_z049.png,OAS1_0075,Non-Demented,0,0,Non-Demented,1,0.5019973901360252,0.30099831928266946,0.19700429058130503,0.0
OASIS_1,RandomForest,101,test,rotation__severe,rotation,severe,D:\OASIS_1\distortions_64\rotation\severe\Non_Demented\OAS1_0075\OAS1_0075_slice_06_z051.png,Non_Demented/OAS1_0075/OAS1_0075_slice_06_z051.png,Non-Demented/OAS1_0075/OAS1_0075_slice_06_z051.png,OAS1_0075,Non-Demented,0,0,Non-Demented,1,0.4555945997652312,0.397173823138672,0.14723157709609716,0.0
OASIS_1,RandomForest,101,test,rotation__severe,rotation,severe,D:\OASIS_1\distortions_64\rotation\severe\Non_Demented\OAS1_0075\OAS1_0075_slice_07_z054.png,Non_Demented/OAS1_0075/OAS1_0075_slice_07_z054.png,Non-Demented/OAS1_0075/OAS1_0075_slice_07_z054.png,OAS1_0075,Non-Demented,0,0,Non-Demented,1,0.5508022898381215,0.2601971284736146,0.1890005816882634,0.0
OASIS_1,RandomForest,101,test,rotation__severe,rotation,severe,D:\OASIS_1\distortions_64\rotation\severe\Non_Demented\OAS1_0075\OAS1_0075_slice_08_z057.png,Non_Demented/OAS1_0075/OAS1_0075_slice_08_z057.png,Non-Demented/OAS1_0075/OAS1_0075_slice_08_z057.png,OAS1_0075,Non-Demented,0,0,Non-Demented,1,0.5248520581204617,0.27896131580469474,0.19618662607484366,0.0
OASIS_1,RandomForest,101,test,rotation__severe,rotation,severe,D:\OASIS_1\distortions_64\rotation\severe\Non_Demented\OAS1_0075\OAS1_0075_slice_09_z059.png,Non_Demented/OAS1_0075/OAS1_0075_slice_09_z059.png,Non-Demented/OAS1_0075/OAS1_0075_slice_09_z059.png,OAS1_0075,Non-Demented,0,1,Very Mild Dementia,0,0.4052130570418771,0.4311726377216385,0.1636143052364845,0.0
OASIS_1,RandomForest,101,test,rotation__severe,rotation,severe,D:\OASIS_1\distortions_64\rotation\severe\Non_Demented\OAS1_0075\OAS1_0075_slice_10_z062.png,Non_Demented/OAS1_0075/OAS1_0075_slice_10_z062.png,Non-Demented/OAS1_0075/OAS1_0075_slice_10_z062.png,OAS1_0075,Non-Demented,0,1,Very Mild Dementia,0,0.38416004293267086,0.41860736877033305,0.19723258829699614,0.0
OASIS_1,RandomForest,101,test,rotation__severe,rotation,severe,D:\OASIS_1\distortions_64\rotation\severe\Non_Demented\OAS1_0075\OAS1_0075_slice_11_z065.png,Non_Demented/OAS1_0075/OAS1_0075_slice_11_z065.png,Non-Demented/OAS1_0075/OAS1_0075_slice_11_z065.png,OAS1_0075,Non-Demented,0,0,Non-Demented,1,0.427478173130206,0.41930338354752794,0.15321844332226625,0.0
OASIS_1,RandomForest,101,test,rotation__severe,rotation,severe,D:\OASIS_1\distortions_64\rotation\severe\Non_Demented\OAS1_0075\OAS1_0075_slice_12_z068.png,Non_Demented/OAS1_0075/OAS1_0075_slice_12_z068.png,Non-Demented/OAS1_0075/OAS1_0075_slice_12_z068.png,OAS1_0075,Non-Demented,0,0,Non-Demented,1,0.5331913725020719,0.27006010889909365,0.19674851859883413,0.0
OASIS_1,RandomForest,101,test,rotation__severe,rotation,severe,D:\OASIS_1\distortions_64\rotation\severe\Non_Demented\OAS1_0075\OAS1_0075_slice_13_z070.png,Non_Demented/OAS1_0075/OAS1_0075_slice_13_z070.png,Non-Demented/OAS1_0075/OAS1_0075_slice_13_z070.png,OAS1_0075,Non-Demented,0,0,Non-Demented,1,0.43739199682390656,0.42620325705052164,0.13640474612557202,0.0
OASIS_1,RandomForest,101,test,rotation__severe,rotation,severe,D:\OASIS_1\distortions_64\rotation\severe\Non_Demented\OAS1_0075\OAS1_0075_slice_14_z073.png,Non_Demented/OAS1_0075/OAS1_0075_slice_14_z073.png,Non-Demented/OAS1_0075/OAS1_0075_slice_14_z073.png,OAS1_0075,Non-Demented,0,0,Non-Demented,1,0.5500833152125638,0.29330629652903684,0.15661038825839899,0.0
OASIS_1,RandomForest,101,test,rotation__severe,rotation,severe,D:\OASIS_1\distortions_64\rotation\severe\Non_Demented\OAS1_0075\OAS1_0075_slice_15_z076.png,Non_Demented/OAS1_0075/OAS1_0075_slice_15_z076.png,Non-Demented/OAS1_0075/OAS1_0075_slice_15_z076.png,OAS1_0075,Non-Demented,0,1,Very Mild Dementia,0,0.4131965197717312,0.4548380588603548,0.13196542136791398,0.0
OASIS_1,RandomForest,101,test,rotation__severe,rotation,severe,D:\OASIS_1\distortions_64\rotation\severe\Non_Demented\OAS1_0075\OAS1_0075_slice_16_z078.png,Non_Demented/OAS1_0075/OAS1_0075_slice_16_z078.png,Non-Demented/OAS1_0075/OAS1_0075_slice_16_z078.png,OAS1_0075,Non-Demented,0,1,Very Mild Dementia,0,0.3905693699421935,0.4819822406107371,0.12744838944706918,0.0
OASIS_1,RandomForest,101,test,rotation__severe,rotation,severe,D:\OASIS_1\distortions_64\rotation\severe\Non_Demented\OAS1_0075\OAS1_0075_slice_17_z081.png,Non_Demented/OAS1_0075/OAS1_0075_slice_17_z081.png,Non-Demented/OAS1_0075/OAS1_0075_slice_17_z081.png,OAS1_0075,Non-Demented,0,0,Non-Demented,1,0.5270481888768652,0.32852250571831193,0.1444293054048227,0.0
OASIS_1,RandomForest,101,test,rotation__severe,rotation,severe,D:\OASIS_1\distortions_64\rotation\severe\Non_Demented\OAS1_0075\OAS1_0075_slice_18_z084.png,Non_Demented/OAS1_0075/OAS1_0075_slice_18_z084.png,Non-Demented/OAS1_0075/OAS1_0075_slice_18_z084.png,OAS1_0075,Non-Demented,0,0,Non-Demented,1,0.5472288161083135,0.3511711627936233,0.1016000210980629,0.0
OASIS_1,RandomForest,101,test,rotation__severe,rotation,severe,D:\OASIS_1\distortions_64\rotation\severe\Non_Demented\OAS1_0075\OAS1_0075_slice_19_z086.png,Non_Demented/OAS1_0075/OAS1_0075_slice_19_z086.png,Non-Demented/OAS1_0075/OAS1_0075_slice_19_z086.png,OAS1_0075,Non-Demented,0,1,Very Mild Dementia,0,0.37881198795184645,0.5480016243006008,0.07318638774755301,0.0
OASIS_1,RandomForest,101,test,rotation__severe,rotation,severe,D:\OASIS_1\distortions_64\rotation\severe\Non_Demented\OAS1_0075\OAS1_0075_slice_20_z089.png,Non_Demented/OAS1_0075/OAS1_0075_slice_20_z089.png,Non-Demented/OAS1_0075/OAS1_0075_slice_20_z089.png,OAS1_0075,Non-Demented,0,1,Very Mild Dementia,0,0.4054266821677637,0.5227821598834858,0.07179115794875053,0.0
OASIS_1,RandomForest,101,test,rotation__severe,rotation,severe,D:\OASIS_1\distortions_64\rotation\severe\Non_Demented\OAS1_0083\OAS1_0083_slice_01_z038.png,Non_Demented/OAS1_0083/OAS1_0083_slice_01_z038.png,Non-Demented/OAS1_0083/OAS1_0083_slice_01_z038.png,OAS1_0083,Non-Demented,0,0,Non-Demented,1,0.5209452197090307,0.32724889059758294,0.14847255636005313,0.0033333333333333335
OASIS_1,RandomForest,101,test,rotation__severe,rotation,severe,D:\OASIS_1\distortions_64\rotation\severe\Non_Demented\OAS1_0083\OAS1_0083_slice_02_z041.png,Non_Demented/OAS1_0083/OAS1_0083_slice_02_z041.png,Non-Demented/OAS1_0083/OAS1_0083_slice_02_z041.png,OAS1_0083,Non-Demented,0,0,Non-Demented,1,0.4964910486534874,0.3085020903629737,0.19500686098353892,0.0
OASIS_1,RandomForest,101,test,rotation__severe,rotation,severe,D:\OASIS_1\distortions_64\rotation\severe\Non_Demented\OAS1_0083\OAS1_0083_slice_03_z043.png,Non_Demented/OAS1_0083/OAS1_0083_slice_03_z043.png,Non-Demented/OAS1_0083/OAS1_0083_slice_03_z043.png,OAS1_0083,Non-Demented,0,0,Non-Demented,1,0.5259332467002916,0.2745285622279325,0.19953819107177584,0.0
OASIS_1,RandomForest,101,test,rotation__severe,rotation,severe,D:\OASIS_1\distortions_64\rotation\severe\Non_Demented\OAS1_0083\OAS1_0083_slice_04_z046.png,Non_Demented/OAS1_0083/OAS1_0083_slice_04_z046.png,Non-Demented/OAS1_0083/OAS1_0083_slice_04_z046.png,OAS1_0083,Non-Demented,0,0,Non-Demented,1,0.5622591447472012,0.3642714511126559,0.07346940414014282,0.0
OASIS_1,RandomForest,101,test,rotation__severe,rotation,severe,D:\OASIS_1\distortions_64\rotation\severe\Non_Demented\OAS1_0083\OAS1_0083_slice_05_z049.png,Non_Demented/OAS1_0083/OAS1_0083_slice_05_z049.png,Non-Demented/OAS1_0083/OAS1_0083_slice_05_z049.png,OAS1_0083,Non-Demented,0,0,Non-Demented,1,0.4708908466267111,0.2595972443647689,0.2661785756751866,0.0033333333333333335
OASIS_1,RandomForest,101,test,rotation__severe,rotation,severe,D:\OASIS_1\distortions_64\rotation\severe\Non_Demented\OAS1_0083\OAS1_0083_slice_06_z051.png,Non_Demented/OAS1_0083/OAS1_0083_slice_06_z051.png,Non-Demented/OAS1_0083/OAS1_0083_slice_06_z051.png,OAS1_0083,Non-Demented,0,0,Non-Demented,1,0.5971869790199185,0.2960830718150768,0.1033966158316713,0.0033333333333333335
OASIS_1,RandomForest,101,test,rotation__severe,rotation,severe,D:\OASIS_1\distortions_64\rotation\severe\Non_Demented\OAS1_0083\OAS1_0083_slice_07_z054.png,Non_Demented/OAS1_0083/OAS1_0083_slice_07_z054.png,Non-Demented/OAS1_0083/OAS1_0083_slice_07_z054.png,OAS1_0083,Non-Demented,0,0,Non-Demented,1,0.6247799521603051,0.27948317578199244,0.09573687205770226,0.0
OASIS_1,RandomForest,101,test,rotation__severe,rotation,severe,D:\OASIS_1\distortions_64\rotation\severe\Non_Demented\OAS1_0083\OAS1_0083_slice_08_z057.png,Non_Demented/OAS1_0083/OAS1_0083_slice_08_z057.png,Non-Demented/OAS1_0083/OAS1_0083_slice_08_z057.png,OAS1_0083,Non-Demented,0,0,Non-Demented,1,0.5945810893108161,0.30658248442827946,0.09883642626090426,0.0
OASIS_1,RandomForest,101,test,rotation__severe,rotation,severe,D:\OASIS_1\distortions_64\rotation\severe\Non_Demented\OAS1_0083\OAS1_0083_slice_09_z059.png,Non_Demented/OAS1_0083/OAS1_0083_slice_09_z059.png,Non-Demented/OAS1_0083/OAS1_0083_slice_09_z059.png,OAS1_0083,Non-Demented,0,0,Non-Demented,1,0.5728383153667954,0.3191338447526539,0.10802783988055066,0.0
OASIS_1,RandomForest,101,test,rotation__severe,rotation,severe,D:\OASIS_1\distortions_64\rotation\severe\Non_Demented\OAS1_0083\OAS1_0083_slice_10_z062.png,Non_Demented/OAS1_0083/OAS1_0083_slice_10_z062.png,Non-Demented/OAS1_0083/OAS1_0083_slice_10_z062.png,OAS1_0083,Non-Demented,0,0,Non-Demented,1,0.587919449401692,0.3017081559281916,0.10703906133678302,0.0033333333333333335
OASIS_1,RandomForest,101,test,rotation__severe,rotation,severe,D:\OASIS_1\distortions_64\rotation\severe\Non_Demented\OAS1_0083\OAS1_0083_slice_11_z065.png,Non_Demented/OAS1_0083/OAS1_0083_slice_11_z065.png,Non-Demented/OAS1_0083/OAS1_0083_slice_11_z065.png,OAS1_0083,Non-Demented,0,0,Non-Demented,1,0.5868782683411602,0.28880097086809314,0.12098742745741314,0.0033333333333333335
OASIS_1,RandomForest,101,test,rotation__severe,rotation,severe,D:\OASIS_1\distortions_64\rotation\severe\Non_Demented\OAS1_0083\OAS1_0083_slice_12_z068.png,Non_Demented/OAS1_0083/OAS1_0083_slice_12_z068.png,Non-Demented/OAS1_0083/OAS1_0083_slice_12_z068.png,OAS1_0083,Non-Demented,0,0,Non-Demented,1,0.4826006770467802,0.21445872777829852,0.2929405951749215,0.01
OASIS_1,RandomForest,101,test,rotation__severe,rotation,severe,D:\OASIS_1\distortions_64\rotation\severe\Non_Demented\OAS1_0083\OAS1_0083_slice_13_z070.png,Non_Demented/OAS1_0083/OAS1_0083_slice_13_z070.png,Non-Demented/OAS1_0083/OAS1_0083_slice_13_z070.png,OAS1_0083,Non-Demented,0,0,Non-Demented,1,0.4836674212372453,0.2185505898444552,0.28778198891829937,0.01
OASIS_1,RandomForest,101,test,rotation__severe,rotation,severe,D:\OASIS_1\distortions_64\rotation\severe\Non_Demented\OAS1_0083\OAS1_0083_slice_14_z073.png,Non_Demented/OAS1_0083/OAS1_0083_slice_14_z073.png,Non-Demented/OAS1_0083/OAS1_0083_slice_14_z073.png,OAS1_0083,Non-Demented,0,0,Non-Demented,1,0.422374656309855,0.21448487521106221,0.35314046847908287,0.01
OASIS_1,RandomForest,101,test,rotation__severe,rotation,severe,D:\OASIS_1\distortions_64\rotation\severe\Non_Demented\OAS1_0083\OAS1_0083_slice_15_z076.png,Non_Demented/OAS1_0083/OAS1_0083_slice_15_z076.png,Non-Demented/OAS1_0083/OAS1_0083_slice_15_z076.png,OAS1_0083,Non-Demented,0,0,Non-Demented,1,0.4431426528273869,0.2282153580177834,0.30530865582149647,0.023333333333333334
OASIS_1,RandomForest,101,test,rotation__severe,rotation,severe,D:\OASIS_1\distortions_64\rotation\severe\Non_Demented\OAS1_0083\OAS1_0083_slice_16_z078.png,Non_Demented/OAS1_0083/OAS1_0083_slice_16_z078.png,Non-Demented/OAS1_0083/OAS1_0083_slice_16_z078.png,OAS1_0083,Non-Demented,0,0,Non-Demented,1,0.5509308238766976,0.36172943353499015,0.08067307592164547,0.006666666666666667
OASIS_1,RandomForest,101,test,rotation__severe,rotation,severe,D:\OASIS_1\distortions_64\rotation\severe\Non_Demented\OAS1_0083\OAS1_0083_slice_17_z081.png,Non_Demented/OAS1_0083/OAS1_0083_slice_17_z081.png,Non-Demented/OAS1_0083/OAS1_0083_slice_17_z081.png,OAS1_0083,Non-Demented,0,0,Non-Demented,1,0.5629889369269759,0.34334467333912017,0.08699972306723704,0.006666666666666667
OASIS_1,RandomForest,101,test,rotation__severe,rotation,severe,D:\OASIS_1\distortions_64\rotation\severe\Non_Demented\OAS1_0083\OAS1_0083_slice_18_z084.png,Non_Demented/OAS1_0083/OAS1_0083_slice_18_z084.png,Non-Demented/OAS1_0083/OAS1_0083_slice_18_z084.png,OAS1_0083,Non-Demented,0,0,Non-Demented,1,0.5427238545973722,0.30699361357172866,0.14361586516423255,0.006666666666666667
OASIS_1,RandomForest,101,test,rotation__severe,rotation,severe,D:\OASIS_1\distortions_64\rotation\severe\Non_Demented\OAS1_0083\OAS1_0083_slice_19_z086.png,Non_Demented/OAS1_0083/OAS1_0083_slice_19_z086.png,Non-Demented/OAS1_0083/OAS1_0083_slice_19_z086.png,OAS1_0083,Non-Demented,0,0,Non-Demented,1,0.5263816468727945,0.3327996855418655,0.14081866758533987,0.0
OASIS_1,RandomForest,101,test,rotation__severe,rotation,severe,D:\OASIS_1\distortions_64\rotation\severe\Non_Demented\OAS1_0083\OAS1_0083_slice_20_z089.png,Non_Demented/OAS1_0083/OAS1_0083_slice_20_z089.png,Non-Demented/OAS1_0083/OAS1_0083_slice_20_z089.png,OAS1_0083,Non-Demented,0,0,Non-Demented,1,0.49598275249803997,0.3543083204775838,0.1463755936910428,0.0033333333333333335
OASIS_1,RandomForest,101,test,rotation__severe,rotation,severe,D:\OASIS_1\distortions_64\rotation\severe\Non_Demented\OAS1_0113\OAS1_0113_slice_01_z038.png,Non_Demented/OAS1_0113/OAS1_0113_slice_01_z038.png,Non-Demented/OAS1_0113/OAS1_0113_slice_01_z038.png,OAS1_0113,Non-Demented,0,0,Non-Demented,1,0.5151418108455732,0.3008658104333645,0.18399237872106233,0.0
OASIS_1,RandomForest,101,test,rotation__severe,rotation,severe,D:\OASIS_1\distortions_64\rotation\severe\Non_Demented\OAS1_0113\OAS1_0113_slice_02_z041.png,Non_Demented/OAS1_0113/OAS1_0113_slice_02_z041.png,Non-Demented/OAS1_0113/OAS1_0113_slice_02_z041.png,OAS1_0113,Non-Demented,0,0,Non-Demented,1,0.5986135684634486,0.18695915370885058,0.2144272778277003,0.0
OASIS_1,RandomForest,101,test,rotation__severe,rotation,severe,D:\OASIS_1\distortions_64\rotation\severe\Non_Demented\OAS1_0113\OAS1_0113_slice_03_z043.png,Non_Demented/OAS1_0113/OAS1_0113_slice_03_z043.png,Non-Demented/OAS1_0113/OAS1_0113_slice_03_z043.png,OAS1_0113,Non-Demented,0,0,Non-Demented,1,0.5505769532776968,0.2975587159018923,0.1518643308204113,0.0
OASIS_1,RandomForest,101,test,rotation__severe,rotation,severe,D:\OASIS_1\distortions_64\rotation\severe\Non_Demented\OAS1_0113\OAS1_0113_slice_04_z046.png,Non_Demented/OAS1_0113/OAS1_0113_slice_04_z046.png,Non-Demented/OAS1_0113/OAS1_0113_slice_04_z046.png,OAS1_0113,Non-Demented,0,0,Non-Demented,1,0.5138935744248176,0.32213099021041913,0.16397543536476364,0.0
OASIS_1,RandomForest,101,test,rotation__severe,rotation,severe,D:\OASIS_1\distortions_64\rotation\severe\Non_Demented\OAS1_0113\OAS1_0113_slice_05_z049.png,Non_Demented/OAS1_0113/OAS1_0113_slice_05_z049.png,Non-Demented/OAS1_0113/OAS1_0113_slice_05_z049.png,OAS1_0113,Non-Demented,0,0,Non-Demented,1,0.5464498697202186,0.16061030865835768,0.29293982162142373,0.0
OASIS_1,RandomForest,101,test,rotation__severe,rotation,severe,D:\OASIS_1\distortions_64\rotation\severe\Non_Demented\OAS1_0113\OAS1_0113_slice_06_z051.png,Non_Demented/OAS1_0113/OAS1_0113_slice_06_z051.png,Non-Demented/OAS1_0113/OAS1_0113_slice_06_z051.png,OAS1_0113,Non-Demented,0,0,Non-Demented,1,0.5111377778517135,0.2926723701881356,0.19618985196015085,0.0
OASIS_1,RandomForest,101,test,rotation__severe,rotation,severe,D:\OASIS_1\distortions_64\rotation\severe\Non_Demented\OAS1_0113\OAS1_0113_slice_07_z054.png,Non_Demented/OAS1_0113/OAS1_0113_slice_07_z054.png,Non-Demented/OAS1_0113/OAS1_0113_slice_07_z054.png,OAS1_0113,Non-Demented,0,0,Non-Demented,1,0.5099277456343964,0.3052240327299886,0.18484822163561487,0.0
OASIS_1,RandomForest,101,test,rotation__severe,rotation,severe,D:\OASIS_1\distortions_64\rotation\severe\Non_Demented\OAS1_0113\OAS1_0113_slice_08_z057.png,Non_Demented/OAS1_0113/OAS1_0113_slice_08_z057.png,Non-Demented/OAS1_0113/OAS1_0113_slice_08_z057.png,OAS1_0113,Non-Demented,0,0,Non-Demented,1,0.4450990835535599,0.22130930776962068,0.33359160867681953,0.0
OASIS_1,RandomForest,101,test,rotation__severe,rotation,severe,D:\OASIS_1\distortions_64\rotation\severe\Non_Demented\OAS1_0113\OAS1_0113_slice_09_z059.png,Non_Demented/OAS1_0113/OAS1_0113_slice_09_z059.png,Non-Demented/OAS1_0113/OAS1_0113_slice_09_z059.png,OAS1_0113,Non-Demented,0,0,Non-Demented,1,0.4176363133101396,0.2140660063031481,0.36829768038671207,0.0
OASIS_1,RandomForest,101,test,rotation__severe,rotation,severe,D:\OASIS_1\distortions_64\rotation\severe\Non_Demented\OAS1_0113\OAS1_0113_slice_10_z062.png,Non_Demented/OAS1_0113/OAS1_0113_slice_10_z062.png,Non-Demented/OAS1_0113/OAS1_0113_slice_10_z062.png,OAS1_0113,Non-Demented,0,0,Non-Demented,1,0.5072133538541301,0.3167980356647621,0.17598861048110814,0.0
OASIS_1,RandomForest,101,test,rotation__severe,rotation,severe,D:\OASIS_1\distortions_64\rotation\severe\Non_Demented\OAS1_0113\OAS1_0113_slice_11_z065.png,Non_Demented/OAS1_0113/OAS1_0113_slice_11_z065.png,Non-Demented/OAS1_0113/OAS1_0113_slice_11_z065.png,OAS1_0113,Non-Demented,0,0,Non-Demented,1,0.40630863206257506,0.23511343160426187,0.35857793633316315,0.0
OASIS_1,RandomForest,101,test,rotation__severe,rotation,severe,D:\OASIS_1\distortions_64\rotation\severe\Non_Demented\OAS1_0113\OAS1_0113_slice_12_z068.png,Non_Demented/OAS1_0113/OAS1_0113_slice_12_z068.png,Non-Demented/OAS1_0113/OAS1_0113_slice_12_z068.png,OAS1_0113,Non-Demented,0,0,Non-Demented,1,0.44681492965292147,0.21973823519031058,0.33344683515676804,0.0
OASIS_1,RandomForest,101,test,rotation__severe,rotation,severe,D:\OASIS_1\distortions_64\rotation\severe\Non_Demented\OAS1_0113\OAS1_0113_slice_13_z070.png,Non_Demented/OAS1_0113/OAS1_0113_slice_13_z070.png,Non-Demented/OAS1_0113/OAS1_0113_slice_13_z070.png,OAS1_0113,Non-Demented,0,0,Non-Demented,1,0.48450145757740604,0.31683921154316225,0.19865933087943163,0.0
OASIS_1,RandomForest,101,test,rotation__severe,rotation,severe,D:\OASIS_1\distortions_64\rotation\severe\Non_Demented\OAS1_0113\OAS1_0113_slice_14_z073.png,Non_Demented/OAS1_0113/OAS1_0113_slice_14_z073.png,Non-Demented/OAS1_0113/OAS1_0113_slice_14_z073.png,OAS1_0113,Non-Demented,0,0,Non-Demented,1,0.5078395344028747,0.304581676520513,0.18757878907661205,0.0
OASIS_1,RandomForest,101,test,rotation__severe,rotation,severe,D:\OASIS_1\distortions_64\rotation\severe\Non_Demented\OAS1_0113\OAS1_0113_slice_15_z076.png,Non_Demented/OAS1_0113/OAS1_0113_slice_15_z076.png,Non-Demented/OAS1_0113/OAS1_0113_slice_15_z076.png,OAS1_0113,Non-Demented,0,0,Non-Demented,1,0.44747345100011426,0.19943572860740755,0.35309082039247836,0.0
OASIS_1,RandomForest,101,test,rotation__severe,rotation,severe,D:\OASIS_1\distortions_64\rotation\severe\Non_Demented\OAS1_0113\OAS1_0113_slice_16_z078.png,Non_Demented/OAS1_0113/OAS1_0113_slice_16_z078.png,Non-Demented/OAS1_0113/OAS1_0113_slice_16_z078.png,OAS1_0113,Non-Demented,0,0,Non-Demented,1,0.5165991143792387,0.3350774188512519,0.14832346676950947,0.0
OASIS_1,RandomForest,101,test,rotation__severe,rotation,severe,D:\OASIS_1\distortions_64\rotation\severe\Non_Demented\OAS1_0113\OAS1_0113_slice_17_z081.png,Non_Demented/OAS1_0113/OAS1_0113_slice_17_z081.png,Non-Demented/OAS1_0113/OAS1_0113_slice_17_z081.png,OAS1_0113,Non-Demented,0,0,Non-Demented,1,0.4697055601858717,0.245149598438035,0.2851448413760928,0.0
OASIS_1,RandomForest,101,test,rotation__severe,rotation,severe,D:\OASIS_1\distortions_64\rotation\severe\Non_Demented\OAS1_0113\OAS1_0113_slice_18_z084.png,Non_Demented/OAS1_0113/OAS1_0113_slice_18_z084.png,Non-Demented/OAS1_0113/OAS1_0113_slice_18_z084.png,OAS1_0113,Non-Demented,0,0,Non-Demented,1,0.5502783624231034,0.29548661760117456,0.15423501997572195,0.0
OASIS_1,RandomForest,101,test,rotation__severe,rotation,severe,D:\OASIS_1\distortions_64\rotation\severe\Non_Demented\OAS1_0113\OAS1_0113_slice_19_z086.png,Non_Demented/OAS1_0113/OAS1_0113_slice_19_z086.png,Non-Demented/OAS1_0113/OAS1_0113_slice_19_z086.png,OAS1_0113,Non-Demented,0,0,Non-Demented,1,0.532379158918742,0.23612961489267748,0.23149122618858026,0.0
OASIS_1,RandomForest,101,test,rotation__severe,rotation,severe,D:\OASIS_1\distortions_64\rotation\severe\Non_Demented\OAS1_0113\OAS1_0113_slice_20_z089.png,Non_Demented/OAS1_0113/OAS1_0113_slice_20_z089.png,Non-Demented/OAS1_0113/OAS1_0113_slice_20_z089.png,OAS1_0113,Non-Demented,0,0,Non-Demented,1,0.4973252610709404,0.31133814697219414,0.19133659195686584,0.0
OASIS_1,RandomForest,101,test,rotation__severe,rotation,severe,D:\OASIS_1\distortions_64\rotation\severe\Non_Demented\OAS1_0138\OAS1_0138_slice_01_z038.png,Non_Demented/OAS1_0138/OAS1_0138_slice_01_z038.png,Non-Demented/OAS1_0138/OAS1_0138_slice_01_z038.png,OAS1_0138,Non-Demented,0,0,Non-Demented,1,0.5078341285681846,0.40821446386143223,0.08395140757038297,0.0
OASIS_1,RandomForest,101,test,rotation__severe,rotation,severe,D:\OASIS_1\distortions_64\rotation\severe\Non_Demented\OAS1_0138\OAS1_0138_slice_02_z041.png,Non_Demented/OAS1_0138/OAS1_0138_slice_02_z041.png,Non-Demented/OAS1_0138/OAS1_0138_slice_02_z041.png,OAS1_0138,Non-Demented,0,0,Non-Demented,1,0.47760945274011,0.39650952619727836,0.12588102106261181,0.0
OASIS_1,RandomForest,101,test,rotation__severe,rotation,severe,D:\OASIS_1\distortions_64\rotation\severe\Non_Demented\OAS1_0138\OAS1_0138_slice_03_z043.png,Non_Demented/OAS1_0138/OAS1_0138_slice_03_z043.png,Non-Demented/OAS1_0138/OAS1_0138_slice_03_z043.png,OAS1_0138,Non-Demented,0,0,Non-Demented,1,0.5973689276597757,0.28116356253853747,0.12146750980168736,0.0
OASIS_1,RandomForest,101,test,rotation__severe,rotation,severe,D:\OASIS_1\distortions_64\rotation\severe\Non_Demented\OAS1_0138\OAS1_0138_slice_04_z046.png,Non_Demented/OAS1_0138/OAS1_0138_slice_04_z046.png,Non-Demented/OAS1_0138/OAS1_0138_slice_04_z046.png,OAS1_0138,Non-Demented,0,0,Non-Demented,1,0.4838118574804695,0.36007106729156774,0.156117075227963,0.0
OASIS_1,RandomForest,101,test,rotation__severe,rotation,severe,D:\OASIS_1\distortions_64\rotation\severe\Non_Demented\OAS1_0138\OAS1_0138_slice_05_z049.png,Non_Demented/OAS1_0138/OAS1_0138_slice_05_z049.png,Non-Demented/OAS1_0138/OAS1_0138_slice_05_z049.png,OAS1_0138,Non-Demented,0,0,Non-Demented,1,0.5016024344762943,0.29998451741719023,0.19841304810651542,0.0
OASIS_1,RandomForest,101,test,rotation__severe,rotation,severe,D:\OASIS_1\distortions_64\rotation\severe\Non_Demented\OAS1_0138\OAS1_0138_slice_06_z051.png,Non_Demented/OAS1_0138/OAS1_0138_slice_06_z051.png,Non-Demented/OAS1_0138/OAS1_0138_slice_06_z051.png,OAS1_0138,Non-Demented,0,0,Non-Demented,1,0.529380470211426,0.2592744325511749,0.21134509723739905,0.0
OASIS_1,RandomForest,101,test,rotation__severe,rotation,severe,D:\OASIS_1\distortions_64\rotation\severe\Non_Demented\OAS1_0138\OAS1_0138_slice_07_z054.png,Non_Demented/OAS1_0138/OAS1_0138_slice_07_z054.png,Non-Demented/OAS1_0138/OAS1_0138_slice_07_z054.png,OAS1_0138,Non-Demented,0,0,Non-Demented,1,0.5768020039321183,0.2558963856717512,0.16730161039613042,0.0
OASIS_1,RandomForest,101,test,rotation__severe,rotation,severe,D:\OASIS_1\distortions_64\rotation\severe\Non_Demented\OAS1_0138\OAS1_0138_slice_08_z057.png,Non_Demented/OAS1_0138/OAS1_0138_slice_08_z057.png,Non-Demented/OAS1_0138/OAS1_0138_slice_08_z057.png,OAS1_0138,Non-Demented,0,0,Non-Demented,1,0.5243616093176855,0.34904814023759695,0.1265902504447172,0.0
OASIS_1,RandomForest,101,test,rotation__severe,rotation,severe,D:\OASIS_1\distortions_64\rotation\severe\Non_Demented\OAS1_0138\OAS1_0138_slice_09_z059.png,Non_Demented/OAS1_0138/OAS1_0138_slice_09_z059.png,Non-Demented/OAS1_0138/OAS1_0138_slice_09_z059.png,OAS1_0138,Non-Demented,0,0,Non-Demented,1,0.4663131766796686,0.2703273432907556,0.2633594800295759,0.0
OASIS_1,RandomForest,101,test,rotation__severe,rotation,severe,D:\OASIS_1\distortions_64\rotation\severe\Non_Demented\OAS1_0138\OAS1_0138_slice_10_z062.png,Non_Demented/OAS1_0138/OAS1_0138_slice_10_z062.png,Non-Demented/OAS1_0138/OAS1_0138_slice_10_z062.png,OAS1_0138,Non-Demented,0,0,Non-Demented,1,0.48096233219022433,0.35558189235744325,0.16345577545233236,0.0
OASIS_1,RandomForest,101,test,rotation__severe,rotation,severe,D:\OASIS_1\distortions_64\rotation\severe\Non_Demented\OAS1_0138\OAS1_0138_slice_11_z065.png,Non_Demented/OAS1_0138/OAS1_0138_slice_11_z065.png,Non-Demented/OAS1_0138/OAS1_0138_slice_11_z065.png,OAS1_0138,Non-Demented,0,0,Non-Demented,1,0.4466555493238545,0.2878808885910133,0.2654635620851322,0.0
OASIS_1,RandomForest,101,test,rotation__severe,rotation,severe,D:\OASIS_1\distortions_64\rotation\severe\Non_Demented\OAS1_0138\OAS1_0138_slice_12_z068.png,Non_Demented/OAS1_0138/OAS1_0138_slice_12_z068.png,Non-Demented/OAS1_0138/OAS1_0138_slice_12_z068.png,OAS1_0138,Non-Demented,0,0,Non-Demented,1,0.46609959741588264,0.28090534929195093,0.2529950532921663,0.0
OASIS_1,RandomForest,101,test,rotation__severe,rotation,severe,D:\OASIS_1\distortions_64\rotation\severe\Non_Demented\OAS1_0138\OAS1_0138_slice_13_z070.png,Non_Demented/OAS1_0138/OAS1_0138_slice_13_z070.png,Non-Demented/OAS1_0138/OAS1_0138_slice_13_z070.png,OAS1_0138,Non-Demented,0,0,Non-Demented,1,0.47711471781844617,0.3025036500107979,0.22038163217075615,0.0
OASIS_1,RandomForest,101,test,rotation__severe,rotation,severe,D:\OASIS_1\distortions_64\rotation\severe\Non_Demented\OAS1_0138\OAS1_0138_slice_14_z073.png,Non_Demented/OAS1_0138/OAS1_0138_slice_14_z073.png,Non-Demented/OAS1_0138/OAS1_0138_slice_14_z073.png,OAS1_0138,Non-Demented,0,0,Non-Demented,1,0.4772574821915097,0.27672962842016546,0.2460128893883249,0.0
OASIS_1,RandomForest,101,test,rotation__severe,rotation,severe,D:\OASIS_1\distortions_64\rotation\severe\Non_Demented\OAS1_0138\OAS1_0138_slice_15_z076.png,Non_Demented/OAS1_0138/OAS1_0138_slice_15_z076.png,Non-Demented/OAS1_0138/OAS1_0138_slice_15_z076.png,OAS1_0138,Non-Demented,0,0,Non-Demented,1,0.5069117358378347,0.2872675995507846,0.20582066461138054,0.0
OASIS_1,RandomForest,101,test,rotation__severe,rotation,severe,D:\OASIS_1\distortions_64\rotation\severe\Non_Demented\OAS1_0138\OAS1_0138_slice_16_z078.png,Non_Demented/OAS1_0138/OAS1_0138_slice_16_z078.png,Non-Demented/OAS1_0138/OAS1_0138_slice_16_z078.png,OAS1_0138,Non-Demented,0,0,Non-Demented,1,0.5482964837046101,0.2735659257965426,0.17813759049884764,0.0
OASIS_1,RandomForest,101,test,rotation__severe,rotation,severe,D:\OASIS_1\distortions_64\rotation\severe\Non_Demented\OAS1_0138\OAS1_0138_slice_17_z081.png,Non_Demented/OAS1_0138/OAS1_0138_slice_17_z081.png,Non-Demented/OAS1_0138/OAS1_0138_slice_17_z081.png,OAS1_0138,Non-Demented,0,0,Non-Demented,1,0.44969600583226765,0.3740600470230264,0.1762439471447061,0.0
OASIS_1,RandomForest,101,test,rotation__severe,rotation,severe,D:\OASIS_1\distortions_64\rotation\severe\Non_Demented\OAS1_0138\OAS1_0138_slice_18_z084.png,Non_Demented/OAS1_0138/OAS1_0138_slice_18_z084.png,Non-Demented/OAS1_0138/OAS1_0138_slice_18_z084.png,OAS1_0138,Non-Demented,0,0,Non-Demented,1,0.5827672179113816,0.27297479604905067,0.14425798603956763,0.0
OASIS_1,RandomForest,101,test,rotation__severe,rotation,severe,D:\OASIS_1\distortions_64\rotation\severe\Non_Demented\OAS1_0138\OAS1_0138_slice_19_z086.png,Non_Demented/OAS1_0138/OAS1_0138_slice_19_z086.png,Non-Demented/OAS1_0138/OAS1_0138_slice_19_z086.png,OAS1_0138,Non-Demented,0,0,Non-Demented,1,0.6307052132044645,0.2526481151972035,0.11664667159833217,0.0
OASIS_1,RandomForest,101,test,rotation__severe,rotation,severe,D:\OASIS_1\distortions_64\rotation\severe\Non_Demented\OAS1_0138\OAS1_0138_slice_20_z089.png,Non_Demented/OAS1_0138/OAS1_0138_slice_20_z089.png,Non-Demented/OAS1_0138/OAS1_0138_slice_20_z089.png,OAS1_0138,Non-Demented,0,0,Non-Demented,1,0.6520572115478929,0.2791098370066024,0.06883295144550468,0.0
OASIS_1,RandomForest,101,test,rotation__severe,rotation,severe,D:\OASIS_1\distortions_64\rotation\severe\Non_Demented\OAS1_0180\OAS1_0180_slice_01_z038.png,Non_Demented/OAS1_0180/OAS1_0180_slice_01_z038.png,Non-Demented/OAS1_0180/OAS1_0180_slice_01_z038.png,OAS1_0180,Non-Demented,0,0,Non-Demented,1,0.5121735137813522,0.44215835246635693,0.04233480041895746,0.0033333333333333335
OASIS_1,RandomForest,101,test,rotation__severe,rotation,severe,D:\OASIS_1\distortions_64\rotation\severe\Non_Demented\OAS1_0180\OAS1_0180_slice_02_z041.png,Non_Demented/OAS1_0180/OAS1_0180_slice_02_z041.png,Non-Demented/OAS1_0180/OAS1_0180_slice_02_z041.png,OAS1_0180,Non-Demented,0,1,Very Mild Dementia,0,0.4404498882037362,0.5158711157405085,0.04367899605575534,0.0
OASIS_1,RandomForest,101,test,rotation__severe,rotation,severe,D:\OASIS_1\distortions_64\rotation\severe\Non_Demented\OAS1_0180\OAS1_0180_slice_03_z043.png,Non_Demented/OAS1_0180/OAS1_0180_slice_03_z043.png,Non-Demented/OAS1_0180/OAS1_0180_slice_03_z043.png,OAS1_0180,Non-Demented,0,1,Very Mild Dementia,0,0.4135226150996747,0.5534071482018441,0.033070236698481296,0.0
OASIS_1,RandomForest,101,test,rotation__severe,rotation,severe,D:\OASIS_1\distortions_64\rotation\severe\Non_Demented\OAS1_0180\OAS1_0180_slice_04_z046.png,Non_Demented/OAS1_0180/OAS1_0180_slice_04_z046.png,Non-Demented/OAS1_0180/OAS1_0180_slice_04_z046.png,OAS1_0180,Non-Demented,0,0,Non-Demented,1,0.5873444941574332,0.38262499544813433,0.030030510394432313,0.0
OASIS_1,RandomForest,101,test,rotation__severe,rotation,severe,D:\OASIS_1\distortions_64\rotation\severe\Non_Demented\OAS1_0180\OAS1_0180_slice_05_z049.png,Non_Demented/OAS1_0180/OAS1_0180_slice_05_z049.png,Non-Demented/OAS1_0180/OAS1_0180_slice_05_z049.png,OAS1_0180,Non-Demented,0,0,Non-Demented,1,0.5569716785770414,0.3808776915323085,0.05548396322398322,0.006666666666666667
OASIS_1,RandomForest,101,test,rotation__severe,rotation,severe,D:\OASIS_1\distortions_64\rotation\severe\Non_Demented\OAS1_0180\OAS1_0180_slice_06_z051.png,Non_Demented/OAS1_0180/OAS1_0180_slice_06_z051.png,Non-Demented/OAS1_0180/OAS1_0180_slice_06_z051.png,OAS1_0180,Non-Demented,0,1,Very Mild Dementia,0,0.3331001144460956,0.6318540278123068,0.03504585774159747,0.0
OASIS_1,RandomForest,101,test,rotation__severe,rotation,severe,D:\OASIS_1\distortions_64\rotation\severe\Non_Demented\OAS1_0180\OAS1_0180_slice_07_z054.png,Non_Demented/OAS1_0180/OAS1_0180_slice_07_z054.png,Non-Demented/OAS1_0180/OAS1_0180_slice_07_z054.png,OAS1_0180,Non-Demented,0,1,Very Mild Dementia,0,0.3083347619350972,0.6404570182111161,0.05120821985378658,0.0
OASIS_1,RandomForest,101,test,rotation__severe,rotation,severe,D:\OASIS_1\distortions_64\rotation\severe\Non_Demented\OAS1_0180\OAS1_0180_slice_08_z057.png,Non_Demented/OAS1_0180/OAS1_0180_slice_08_z057.png,Non-Demented/OAS1_0180/OAS1_0180_slice_08_z057.png,OAS1_0180,Non-Demented,0,1,Very Mild Dementia,0,0.3239042792290858,0.6390072021338287,0.03708851863708573,0.0
OASIS_1,RandomForest,101,test,rotation__severe,rotation,severe,D:\OASIS_1\distortions_64\rotation\severe\Non_Demented\OAS1_0180\OAS1_0180_slice_09_z059.png,Non_Demented/OAS1_0180/OAS1_0180_slice_09_z059.png,Non-Demented/OAS1_0180/OAS1_0180_slice_09_z059.png,OAS1_0180,Non-Demented,0,1,Very Mild Dementia,0,0.32725380367539836,0.6118502310497973,0.060895965274804606,0.0
OASIS_1,RandomForest,101,test,rotation__severe,rotation,severe,D:\OASIS_1\distortions_64\rotation\severe\Non_Demented\OAS1_0180\OAS1_0180_slice_10_z062.png,Non_Demented/OAS1_0180/OAS1_0180_slice_10_z062.png,Non-Demented/OAS1_0180/OAS1_0180_slice_10_z062.png,OAS1_0180,Non-Demented,0,1,Very Mild Dementia,0,0.40393037937334453,0.5168242579080217,0.07924536271863358,0.0
OASIS_1,RandomForest,101,test,rotation__severe,rotation,severe,D:\OASIS_1\distortions_64\rotation\severe\Non_Demented\OAS1_0180\OAS1_0180_slice_11_z065.png,Non_Demented/OAS1_0180/OAS1_0180_slice_11_z065.png,Non-Demented/OAS1_0180/OAS1_0180_slice_11_z065.png,OAS1_0180,Non-Demented,0,1,Very Mild Dementia,0,0.29939949193180526,0.5994650191629931,0.10113548890520149,0.0
OASIS_1,RandomForest,101,test,rotation__severe,rotation,severe,D:\OASIS_1\distortions_64\rotation\severe\Non_Demented\OAS1_0180\OAS1_0180_slice_12_z068.png,Non_Demented/OAS1_0180/OAS1_0180_slice_12_z068.png,Non-Demented/OAS1_0180/OAS1_0180_slice_12_z068.png,OAS1_0180,Non-Demented,0,1,Very Mild Dementia,0,0.33803305627558017,0.5920228814999001,0.06994406222451946,0.0
OASIS_1,RandomForest,101,test,rotation__severe,rotation,severe,D:\OASIS_1\distortions_64\rotation\severe\Non_Demented\OAS1_0180\OAS1_0180_slice_13_z070.png,Non_Demented/OAS1_0180/OAS1_0180_slice_13_z070.png,Non-Demented/OAS1_0180/OAS1_0180_slice_13_z070.png,OAS1_0180,Non-Demented,0,1,Very Mild Dementia,0,0.3252606604227498,0.6214519294701768,0.0532874101070737,0.0
OASIS_1,RandomForest,101,test,rotation__severe,rotation,severe,D:\OASIS_1\distortions_64\rotation\severe\Non_Demented\OAS1_0180\OAS1_0180_slice_14_z073.png,Non_Demented/OAS1_0180/OAS1_0180_slice_14_z073.png,Non-Demented/OAS1_0180/OAS1_0180_slice_14_z073.png,OAS1_0180,Non-Demented,0,1,Very Mild Dementia,0,0.4721859943501256,0.4748705176024274,0.052943488047446856,0.0
OASIS_1,RandomForest,101,test,rotation__severe,rotation,severe,D:\OASIS_1\distortions_64\rotation\severe\Non_Demented\OAS1_0180\OAS1_0180_slice_15_z076.png,Non_Demented/OAS1_0180/OAS1_0180_slice_15_z076.png,Non-Demented/OAS1_0180/OAS1_0180_slice_15_z076.png,OAS1_0180,Non-Demented,0,1,Very Mild Dementia,0,0.32182626978861634,0.6331869532280923,0.04498677698329142,0.0
OASIS_1,RandomForest,101,test,rotation__severe,rotation,severe,D:\OASIS_1\distortions_64\rotation\severe\Non_Demented\OAS1_0180\OAS1_0180_slice_16_z078.png,Non_Demented/OAS1_0180/OAS1_0180_slice_16_z078.png,Non-Demented/OAS1_0180/OAS1_0180_slice_16_z078.png,OAS1_0180,Non-Demented,0,1,Very Mild Dementia,0,0.36033137423850825,0.6007313749294635,0.038937250832028314,0.0
OASIS_1,RandomForest,101,test,rotation__severe,rotation,severe,D:\OASIS_1\distortions_64\rotation\severe\Non_Demented\OAS1_0180\OAS1_0180_slice_17_z081.png,Non_Demented/OAS1_0180/OAS1_0180_slice_17_z081.png,Non-Demented/OAS1_0180/OAS1_0180_slice_17_z081.png,OAS1_0180,Non-Demented,0,1,Very Mild Dementia,0,0.33114938080531175,0.6350030572096032,0.0338475619850853,0.0
OASIS_1,RandomForest,101,test,rotation__severe,rotation,severe,D:\OASIS_1\distortions_64\rotation\severe\Non_Demented\OAS1_0180\OAS1_0180_slice_18_z084.png,Non_Demented/OAS1_0180/OAS1_0180_slice_18_z084.png,Non-Demented/OAS1_0180/OAS1_0180_slice_18_z084.png,OAS1_0180,Non-Demented,0,1,Very Mild Dementia,0,0.3553558061430499,0.6262162344518494,0.0184279594051009,0.0
OASIS_1,RandomForest,101,test,rotation__severe,rotation,severe,D:\OASIS_1\distortions_64\rotation\severe\Non_Demented\OAS1_0180\OAS1_0180_slice_19_z086.png,Non_Demented/OAS1_0180/OAS1_0180_slice_19_z086.png,Non-Demented/OAS1_0180/OAS1_0180_slice_19_z086.png,OAS1_0180,Non-Demented,0,0,Non-Demented,1,0.5636208081261879,0.387244820058132,0.04913437181568034,0.0
OASIS_1,RandomForest,101,test,rotation__severe,rotation,severe,D:\OASIS_1\distortions_64\rotation\severe\Non_Demented\OAS1_0180\OAS1_0180_slice_20_z089.png,Non_Demented/OAS1_0180/OAS1_0180_slice_20_z089.png,Non-Demented/OAS1_0180/OAS1_0180_slice_20_z089.png,OAS1_0180,Non-Demented,0,0,Non-Demented,1,0.5569395619695185,0.38692478478977566,0.05280231990737235,0.0033333333333333335
OASIS_1,RandomForest,101,test,rotation__severe,rotation,severe,D:\OASIS_1\distortions_64\rotation\severe\Non_Demented\OAS1_0181\OAS1_0181_slice_01_z038.png,Non_Demented/OAS1_0181/OAS1_0181_slice_01_z038.png,Non-Demented/OAS1_0181/OAS1_0181_slice_01_z038.png,OAS1_0181,Non-Demented,0,0,Non-Demented,1,0.4619057327744183,0.3274557285577665,0.21063853866781507,0.0
OASIS_1,RandomForest,101,test,rotation__severe,rotation,severe,D:\OASIS_1\distortions_64\rotation\severe\Non_Demented\OAS1_0181\OAS1_0181_slice_02_z041.png,Non_Demented/OAS1_0181/OAS1_0181_slice_02_z041.png,Non-Demented/OAS1_0181/OAS1_0181_slice_02_z041.png,OAS1_0181,Non-Demented,0,0,Non-Demented,1,0.5942315865240655,0.33358476812038307,0.07218364535555116,0.0
OASIS_1,RandomForest,101,test,rotation__severe,rotation,severe,D:\OASIS_1\distortions_64\rotation\severe\Non_Demented\OAS1_0181\OAS1_0181_slice_03_z043.png,Non_Demented/OAS1_0181/OAS1_0181_slice_03_z043.png,Non-Demented/OAS1_0181/OAS1_0181_slice_03_z043.png,OAS1_0181,Non-Demented,0,0,Non-Demented,1,0.6247883790571984,0.3061148890125229,0.06909673193027889,0.0
OASIS_1,RandomForest,101,test,rotation__severe,rotation,severe,D:\OASIS_1\distortions_64\rotation\severe\Non_Demented\OAS1_0181\OAS1_0181_slice_04_z046.png,Non_Demented/OAS1_0181/OAS1_0181_slice_04_z046.png,Non-Demented/OAS1_0181/OAS1_0181_slice_04_z046.png,OAS1_0181,Non-Demented,0,0,Non-Demented,1,0.5880583479868552,0.32600190012105607,0.08593975189208876,0.0
OASIS_1,RandomForest,101,test,rotation__severe,rotation,severe,D:\OASIS_1\distortions_64\rotation\severe\Non_Demented\OAS1_0181\OAS1_0181_slice_05_z049.png,Non_Demented/OAS1_0181/OAS1_0181_slice_05_z049.png,Non-Demented/OAS1_0181/OAS1_0181_slice_05_z049.png,OAS1_0181,Non-Demented,0,0,Non-Demented,1,0.5853396699975932,0.33958424648335955,0.0750760835190467,0.0
OASIS_1,RandomForest,101,test,rotation__severe,rotation,severe,D:\OASIS_1\distortions_64\rotation\severe\Non_Demented\OAS1_0181\OAS1_0181_slice_06_z051.png,Non_Demented/OAS1_0181/OAS1_0181_slice_06_z051.png,Non-Demented/OAS1_0181/OAS1_0181_slice_06_z051.png,OAS1_0181,Non-Demented,0,0,Non-Demented,1,0.5870429864255303,0.3284887775546128,0.07780156935318994,0.006666666666666667
OASIS_1,RandomForest,101,test,rotation__severe,rotation,severe,D:\OASIS_1\distortions_64\rotation\severe\Non_Demented\OAS1_0181\OAS1_0181_slice_07_z054.png,Non_Demented/OAS1_0181/OAS1_0181_slice_07_z054.png,Non-Demented/OAS1_0181/OAS1_0181_slice_07_z054.png,OAS1_0181,Non-Demented,0,0,Non-Demented,1,0.5460033140390351,0.3337868062015897,0.12020987975937521,0.0
OASIS_1,RandomForest,101,test,rotation__severe,rotation,severe,D:\OASIS_1\distortions_64\rotation\severe\Non_Demented\OAS1_0181\OAS1_0181_slice_08_z057.png,Non_Demented/OAS1_0181/OAS1_0181_slice_08_z057.png,Non-Demented/OAS1_0181/OAS1_0181_slice_08_z057.png,OAS1_0181,Non-Demented,0,0,Non-Demented,1,0.5362906935518797,0.33115060572591437,0.13255870072220566,0.0
OASIS_1,RandomForest,101,test,rotation__severe,rotation,severe,D:\OASIS_1\distortions_64\rotation\severe\Non_Demented\OAS1_0181\OAS1_0181_slice_09_z059.png,Non_Demented/OAS1_0181/OAS1_0181_slice_09_z059.png,Non-Demented/OAS1_0181/OAS1_0181_slice_09_z059.png,OAS1_0181,Non-Demented,0,0,Non-Demented,1,0.4975526828257238,0.3489289534033877,0.15351836377088837,0.0
OASIS_1,RandomForest,101,test,rotation__severe,rotation,severe,D:\OASIS_1\distortions_64\rotation\severe\Non_Demented\OAS1_0181\OAS1_0181_slice_10_z062.png,Non_Demented/OAS1_0181/OAS1_0181_slice_10_z062.png,Non-Demented/OAS1_0181/OAS1_0181_slice_10_z062.png,OAS1_0181,Non-Demented,0,0,Non-Demented,1,0.4902321456964418,0.3255028750420641,0.18426497926149396,0.0
OASIS_1,RandomForest,101,test,rotation__severe,rotation,severe,D:\OASIS_1\distortions_64\rotation\severe\Non_Demented\OAS1_0181\OAS1_0181_slice_11_z065.png,Non_Demented/OAS1_0181/OAS1_0181_slice_11_z065.png,Non-Demented/OAS1_0181/OAS1_0181_slice_11_z065.png,OAS1_0181,Non-Demented,0,0,Non-Demented,1,0.49079348116799904,0.3658391090332652,0.1433674097987362,0.0
OASIS_1,RandomForest,101,test,rotation__severe,rotation,severe,D:\OASIS_1\distortions_64\rotation\severe\Non_Demented\OAS1_0181\OAS1_0181_slice_12_z068.png,Non_Demented/OAS1_0181/OAS1_0181_slice_12_z068.png,Non-Demented/OAS1_0181/OAS1_0181_slice_12_z068.png,OAS1_0181,Non-Demented,0,0,Non-Demented,1,0.5461858367844815,0.3103856851160999,0.14342847809941892,0.0
OASIS_1,RandomForest,101,test,rotation__severe,rotation,severe,D:\OASIS_1\distortions_64\rotation\severe\Non_Demented\OAS1_0181\OAS1_0181_slice_13_z070.png,Non_Demented/OAS1_0181/OAS1_0181_slice_13_z070.png,Non-Demented/OAS1_0181/OAS1_0181_slice_13_z070.png,OAS1_0181,Non-Demented,0,0,Non-Demented,1,0.5866771426711587,0.3002185782377117,0.11310427909113008,0.0
OASIS_1,RandomForest,101,test,rotation__severe,rotation,severe,D:\OASIS_1\distortions_64\rotation\severe\Non_Demented\OAS1_0181\OAS1_0181_slice_14_z073.png,Non_Demented/OAS1_0181/OAS1_0181_slice_14_z073.png,Non-Demented/OAS1_0181/OAS1_0181_slice_14_z073.png,OAS1_0181,Non-Demented,0,0,Non-Demented,1,0.5109867247442162,0.3258663712360764,0.16314690401970697,0.0
OASIS_1,RandomForest,101,test,rotation__severe,rotation,severe,D:\OASIS_1\distortions_64\rotation\severe\Non_Demented\OAS1_0181\OAS1_0181_slice_15_z076.png,Non_Demented/OAS1_0181/OAS1_0181_slice_15_z076.png,Non-Demented/OAS1_0181/OAS1_0181_slice_15_z076.png,OAS1_0181,Non-Demented,0,0,Non-Demented,1,0.5849913568225876,0.3129217550414492,0.10208688813596326,0.0
OASIS_1,RandomForest,101,test,rotation__severe,rotation,severe,D:\OASIS_1\distortions_64\rotation\severe\Non_Demented\OAS1_0181\OAS1_0181_slice_16_z078.png,Non_Demented/OAS1_0181/OAS1_0181_slice_16_z078.png,Non-Demented/OAS1_0181/OAS1_0181_slice_16_z078.png,OAS1_0181,Non-Demented,0,0,Non-Demented,1,0.5771111200244053,0.3289619681310619,0.09059357851119944,0.0033333333333333335
OASIS_1,RandomForest,101,test,rotation__severe,rotation,severe,D:\OASIS_1\distortions_64\rotation\severe\Non_Demented\OAS1_0181\OAS1_0181_slice_17_z081.png,Non_Demented/OAS1_0181/OAS1_0181_slice_17_z081.png,Non-Demented/OAS1_0181/OAS1_0181_slice_17_z081.png,OAS1_0181,Non-Demented,0,0,Non-Demented,1,0.5819876680798246,0.35227026873094214,0.06574206318923337,0.0
OASIS_1,RandomForest,101,test,rotation__severe,rotation,severe,D:\OASIS_1\distortions_64\rotation\severe\Non_Demented\OAS1_0181\OAS1_0181_slice_18_z084.png,Non_Demented/OAS1_0181/OAS1_0181_slice_18_z084.png,Non-Demented/OAS1_0181/OAS1_0181_slice_18_z084.png,OAS1_0181,Non-Demented,0,0,Non-Demented,1,0.6016194087740363,0.32064997469886586,0.0777306165270978,0.0
OASIS_1,RandomForest,101,test,rotation__severe,rotation,severe,D:\OASIS_1\distortions_64\rotation\severe\Non_Demented\OAS1_0181\OAS1_0181_slice_19_z086.png,Non_Demented/OAS1_0181/OAS1_0181_slice_19_z086.png,Non-Demented/OAS1_0181/OAS1_0181_slice_19_z086.png,OAS1_0181,Non-Demented,0,0,Non-Demented,1,0.5662469510129541,0.34664921162700696,0.08710383736003861,0.0
OASIS_1,RandomForest,101,test,rotation__severe,rotation,severe,D:\OASIS_1\distortions_64\rotation\severe\Non_Demented\OAS1_0181\OAS1_0181_slice_20_z089.png,Non_Demented/OAS1_0181/OAS1_0181_slice_20_z089.png,Non-Demented/OAS1_0181/OAS1_0181_slice_20_z089.png,OAS1_0181,Non-Demented,0,0,Non-Demented,1,0.5721062075637121,0.3413060269973547,0.08658776543893262,0.0
OASIS_1,RandomForest,101,test,rotation__severe,rotation,severe,D:\OASIS_1\distortions_64\rotation\severe\Non_Demented\OAS1_0262\OAS1_0262_slice_01_z038.png,Non_Demented/OAS1_0262/OAS1_0262_slice_01_z038.png,Non-Demented/OAS1_0262/OAS1_0262_slice_01_z038.png,OAS1_0262,Non-Demented,0,0,Non-Demented,1,0.5795795635575409,0.33148229611535046,0.0889381403271085,0.0
OASIS_1,RandomForest,101,test,rotation__severe,rotation,severe,D:\OASIS_1\distortions_64\rotation\severe\Non_Demented\OAS1_0262\OAS1_0262_slice_02_z041.png,Non_Demented/OAS1_0262/OAS1_0262_slice_02_z041.png,Non-Demented/OAS1_0262/OAS1_0262_slice_02_z041.png,OAS1_0262,Non-Demented,0,0,Non-Demented,1,0.5978886686347314,0.2645486854398117,0.137562645925457,0.0
OASIS_1,RandomForest,101,test,rotation__severe,rotation,severe,D:\OASIS_1\distortions_64\rotation\severe\Non_Demented\OAS1_0262\OAS1_0262_slice_03_z043.png,Non_Demented/OAS1_0262/OAS1_0262_slice_03_z043.png,Non-Demented/OAS1_0262/OAS1_0262_slice_03_z043.png,OAS1_0262,Non-Demented,0,0,Non-Demented,1,0.6975664454104332,0.2181191177876999,0.08431443680186693,0.0
OASIS_1,RandomForest,101,test,rotation__severe,rotation,severe,D:\OASIS_1\distortions_64\rotation\severe\Non_Demented\OAS1_0262\OAS1_0262_slice_04_z046.png,Non_Demented/OAS1_0262/OAS1_0262_slice_04_z046.png,Non-Demented/OAS1_0262/OAS1_0262_slice_04_z046.png,OAS1_0262,Non-Demented,0,0,Non-Demented,1,0.6055846030390875,0.2602592321403009,0.13415616482061163,0.0
OASIS_1,RandomForest,101,test,rotation__severe,rotation,severe,D:\OASIS_1\distortions_64\rotation\severe\Non_Demented\OAS1_0262\OAS1_0262_slice_05_z049.png,Non_Demented/OAS1_0262/OAS1_0262_slice_05_z049.png,Non-Demented/OAS1_0262/OAS1_0262_slice_05_z049.png,OAS1_0262,Non-Demented,0,0,Non-Demented,1,0.5343566708247948,0.28208852771657295,0.18355480145863212,0.0
OASIS_1,RandomForest,101,test,rotation__severe,rotation,severe,D:\OASIS_1\distortions_64\rotation\severe\Non_Demented\OAS1_0262\OAS1_0262_slice_06_z051.png,Non_Demented/OAS1_0262/OAS1_0262_slice_06_z051.png,Non-Demented/OAS1_0262/OAS1_0262_slice_06_z051.png,OAS1_0262,Non-Demented,0,0,Non-Demented,1,0.713743984698083,0.20851325208852625,0.07774276321339063,0.0
OASIS_1,RandomForest,101,test,rotation__severe,rotation,severe,D:\OASIS_1\distortions_64\rotation\severe\Non_Demented\OAS1_0262\OAS1_0262_slice_07_z054.png,Non_Demented/OAS1_0262/OAS1_0262_slice_07_z054.png,Non-Demented/OAS1_0262/OAS1_0262_slice_07_z054.png,OAS1_0262,Non-Demented,0,0,Non-Demented,1,0.7118499304389903,0.2191609223449375,0.06898914721607176,0.0
OASIS_1,RandomForest,101,test,rotation__severe,rotation,severe,D:\OASIS_1\distortions_64\rotation\severe\Non_Demented\OAS1_0262\OAS1_0262_slice_08_z057.png,Non_Demented/OAS1_0262/OAS1_0262_slice_08_z057.png,Non-Demented/OAS1_0262/OAS1_0262_slice_08_z057.png,OAS1_0262,Non-Demented,0,0,Non-Demented,1,0.48173972422297795,0.220027025580033,0.29823325019698915,0.0
OASIS_1,RandomForest,101,test,rotation__severe,rotation,severe,D:\OASIS_1\distortions_64\rotation\severe\Non_Demented\OAS1_0262\OAS1_0262_slice_09_z059.png,Non_Demented/OAS1_0262/OAS1_0262_slice_09_z059.png,Non-Demented/OAS1_0262/OAS1_0262_slice_09_z059.png,OAS1_0262,Non-Demented,0,0,Non-Demented,1,0.5873639872946335,0.29656361158409694,0.1160724011212699,0.0
OASIS_1,RandomForest,101,test,rotation__severe,rotation,severe,D:\OASIS_1\distortions_64\rotation\severe\Non_Demented\OAS1_0262\OAS1_0262_slice_10_z062.png,Non_Demented/OAS1_0262/OAS1_0262_slice_10_z062.png,Non-Demented/OAS1_0262/OAS1_0262_slice_10_z062.png,OAS1_0262,Non-Demented,0,2,Mild Dementia,0,0.3785230755537786,0.2222112354117129,0.39926568903450904,0.0
OASIS_1,RandomForest,101,test,rotation__severe,rotation,severe,D:\OASIS_1\distortions_64\rotation\severe\Non_Demented\OAS1_0262\OAS1_0262_slice_11_z065.png,Non_Demented/OAS1_0262/OAS1_0262_slice_11_z065.png,Non-Demented/OAS1_0262/OAS1_0262_slice_11_z065.png,OAS1_0262,Non-Demented,0,0,Non-Demented,1,0.5521150764292213,0.32002250410940625,0.1278624194613724,0.0
OASIS_1,RandomForest,101,test,rotation__severe,rotation,severe,D:\OASIS_1\distortions_64\rotation\severe\Non_Demented\OAS1_0262\OAS1_0262_slice_12_z068.png,Non_Demented/OAS1_0262/OAS1_0262_slice_12_z068.png,Non-Demented/OAS1_0262/OAS1_0262_slice_12_z068.png,OAS1_0262,Non-Demented,0,0,Non-Demented,1,0.5862548923862799,0.2783960311557803,0.1353490764579395,0.0
OASIS_1,RandomForest,101,test,rotation__severe,rotation,severe,D:\OASIS_1\distortions_64\rotation\severe\Non_Demented\OAS1_0262\OAS1_0262_slice_13_z070.png,Non_Demented/OAS1_0262/OAS1_0262_slice_13_z070.png,Non-Demented/OAS1_0262/OAS1_0262_slice_13_z070.png,OAS1_0262,Non-Demented,0,0,Non-Demented,1,0.6276979701157106,0.2579140495940601,0.11438798029022998,0.0
OASIS_1,RandomForest,101,test,rotation__severe,rotation,severe,D:\OASIS_1\distortions_64\rotation\severe\Non_Demented\OAS1_0262\OAS1_0262_slice_14_z073.png,Non_Demented/OAS1_0262/OAS1_0262_slice_14_z073.png,Non-Demented/OAS1_0262/OAS1_0262_slice_14_z073.png,OAS1_0262,Non-Demented,0,0,Non-Demented,1,0.6740206256107164,0.20484600917564944,0.12113336521363434,0.0
OASIS_1,RandomForest,101,test,rotation__severe,rotation,severe,D:\OASIS_1\distortions_64\rotation\severe\Non_Demented\OAS1_0262\OAS1_0262_slice_15_z076.png,Non_Demented/OAS1_0262/OAS1_0262_slice_15_z076.png,Non-Demented/OAS1_0262/OAS1_0262_slice_15_z076.png,OAS1_0262,Non-Demented,0,0,Non-Demented,1,0.5981683606688558,0.25134062389452266,0.15049101543662138,0.0
OASIS_1,RandomForest,101,test,rotation__severe,rotation,severe,D:\OASIS_1\distortions_64\rotation\severe\Non_Demented\OAS1_0262\OAS1_0262_slice_16_z078.png,Non_Demented/OAS1_0262/OAS1_0262_slice_16_z078.png,Non-Demented/OAS1_0262/OAS1_0262_slice_16_z078.png,OAS1_0262,Non-Demented,0,0,Non-Demented,1,0.66561919126057,0.21275457599183323,0.12162623274759685,0.0
OASIS_1,RandomForest,101,test,rotation__severe,rotation,severe,D:\OASIS_1\distortions_64\rotation\severe\Non_Demented\OAS1_0262\OAS1_0262_slice_17_z081.png,Non_Demented/OAS1_0262/OAS1_0262_slice_17_z081.png,Non-Demented/OAS1_0262/OAS1_0262_slice_17_z081.png,OAS1_0262,Non-Demented,0,0,Non-Demented,1,0.6593319919155596,0.22719930704465569,0.11346870103978482,0.0
OASIS_1,RandomForest,101,test,rotation__severe,rotation,severe,D:\OASIS_1\distortions_64\rotation\severe\Non_Demented\OAS1_0262\OAS1_0262_slice_18_z084.png,Non_Demented/OAS1_0262/OAS1_0262_slice_18_z084.png,Non-Demented/OAS1_0262/OAS1_0262_slice_18_z084.png,OAS1_0262,Non-Demented,0,0,Non-Demented,1,0.6758755491833546,0.2521351362766181,0.07198931454002705,0.0
OASIS_1,RandomForest,101,test,rotation__severe,rotation,severe,D:\OASIS_1\distortions_64\rotation\severe\Non_Demented\OAS1_0262\OAS1_0262_slice_19_z086.png,Non_Demented/OAS1_0262/OAS1_0262_slice_19_z086.png,Non-Demented/OAS1_0262/OAS1_0262_slice_19_z086.png,OAS1_0262,Non-Demented,0,0,Non-Demented,1,0.6929839060180414,0.23580149982570622,0.07121459415625207,0.0
OASIS_1,RandomForest,101,test,rotation__severe,rotation,severe,D:\OASIS_1\distortions_64\rotation\severe\Non_Demented\OAS1_0262\OAS1_0262_slice_20_z089.png,Non_Demented/OAS1_0262/OAS1_0262_slice_20_z089.png,Non-Demented/OAS1_0262/OAS1_0262_slice_20_z089.png,OAS1_0262,Non-Demented,0,0,Non-Demented,1,0.6120220673138217,0.33372454263248935,0.05425339005368909,0.0
OASIS_1,RandomForest,101,test,rotation__severe,rotation,severe,D:\OASIS_1\distortions_64\rotation\severe\Non_Demented\OAS1_0266\OAS1_0266_slice_01_z038.png,Non_Demented/OAS1_0266/OAS1_0266_slice_01_z038.png,Non-Demented/OAS1_0266/OAS1_0266_slice_01_z038.png,OAS1_0266,Non-Demented,0,0,Non-Demented,1,0.5843794227013767,0.276544542650455,0.13907603464816837,0.0
OASIS_1,RandomForest,101,test,rotation__severe,rotation,severe,D:\OASIS_1\distortions_64\rotation\severe\Non_Demented\OAS1_0266\OAS1_0266_slice_02_z041.png,Non_Demented/OAS1_0266/OAS1_0266_slice_02_z041.png,Non-Demented/OAS1_0266/OAS1_0266_slice_02_z041.png,OAS1_0266,Non-Demented,0,0,Non-Demented,1,0.6409027865720134,0.24389409145461907,0.11520312197336717,0.0
OASIS_1,RandomForest,101,test,rotation__severe,rotation,severe,D:\OASIS_1\distortions_64\rotation\severe\Non_Demented\OAS1_0266\OAS1_0266_slice_03_z043.png,Non_Demented/OAS1_0266/OAS1_0266_slice_03_z043.png,Non-Demented/OAS1_0266/OAS1_0266_slice_03_z043.png,OAS1_0266,Non-Demented,0,0,Non-Demented,1,0.6596889106405028,0.24562133518633908,0.09468975417315756,0.0
OASIS_1,RandomForest,101,test,rotation__severe,rotation,severe,D:\OASIS_1\distortions_64\rotation\severe\Non_Demented\OAS1_0266\OAS1_0266_slice_04_z046.png,Non_Demented/OAS1_0266/OAS1_0266_slice_04_z046.png,Non-Demented/OAS1_0266/OAS1_0266_slice_04_z046.png,OAS1_0266,Non-Demented,0,0,Non-Demented,1,0.6504056094110579,0.23721257041964056,0.11238182016930107,0.0
OASIS_1,RandomForest,101,test,rotation__severe,rotation,severe,D:\OASIS_1\distortions_64\rotation\severe\Non_Demented\OAS1_0266\OAS1_0266_slice_05_z049.png,Non_Demented/OAS1_0266/OAS1_0266_slice_05_z049.png,Non-Demented/OAS1_0266/OAS1_0266_slice_05_z049.png,OAS1_0266,Non-Demented,0,0,Non-Demented,1,0.6006400393061729,0.2855383441386687,0.11382161655515813,0.0
OASIS_1,RandomForest,101,test,rotation__severe,rotation,severe,D:\OASIS_1\distortions_64\rotation\severe\Non_Demented\OAS1_0266\OAS1_0266_slice_06_z051.png,Non_Demented/OAS1_0266/OAS1_0266_slice_06_z051.png,Non-Demented/OAS1_0266/OAS1_0266_slice_06_z051.png,OAS1_0266,Non-Demented,0,0,Non-Demented,1,0.5807998672172164,0.27306750890378456,0.14279929054566531,0.0033333333333333335
OASIS_1,RandomForest,101,test,rotation__severe,rotation,severe,D:\OASIS_1\distortions_64\rotation\severe\Non_Demented\OAS1_0266\OAS1_0266_slice_07_z054.png,Non_Demented/OAS1_0266/OAS1_0266_slice_07_z054.png,Non-Demented/OAS1_0266/OAS1_0266_slice_07_z054.png,OAS1_0266,Non-Demented,0,0,Non-Demented,1,0.5791467882218709,0.2549431833052061,0.16591002847292238,0.0
OASIS_1,RandomForest,101,test,rotation__severe,rotation,severe,D:\OASIS_1\distortions_64\rotation\severe\Non_Demented\OAS1_0266\OAS1_0266_slice_08_z057.png,Non_Demented/OAS1_0266/OAS1_0266_slice_08_z057.png,Non-Demented/OAS1_0266/OAS1_0266_slice_08_z057.png,OAS1_0266,Non-Demented,0,0,Non-Demented,1,0.5553681594401281,0.2793638070986011,0.16526803346127095,0.0
OASIS_1,RandomForest,101,test,rotation__severe,rotation,severe,D:\OASIS_1\distortions_64\rotation\severe\Non_Demented\OAS1_0266\OAS1_0266_slice_09_z059.png,Non_Demented/OAS1_0266/OAS1_0266_slice_09_z059.png,Non-Demented/OAS1_0266/OAS1_0266_slice_09_z059.png,OAS1_0266,Non-Demented,0,0,Non-Demented,1,0.4996410630410407,0.3387485518843131,0.16161038507464595,0.0
OASIS_1,RandomForest,101,test,rotation__severe,rotation,severe,D:\OASIS_1\distortions_64\rotation\severe\Non_Demented\OAS1_0266\OAS1_0266_slice_10_z062.png,Non_Demented/OAS1_0266/OAS1_0266_slice_10_z062.png,Non-Demented/OAS1_0266/OAS1_0266_slice_10_z062.png,OAS1_0266,Non-Demented,0,0,Non-Demented,1,0.4366816914411428,0.3315777944918574,0.23174051406700003,0.0
OASIS_1,RandomForest,101,test,rotation__severe,rotation,severe,D:\OASIS_1\distortions_64\rotation\severe\Non_Demented\OAS1_0266\OAS1_0266_slice_11_z065.png,Non_Demented/OAS1_0266/OAS1_0266_slice_11_z065.png,Non-Demented/OAS1_0266/OAS1_0266_slice_11_z065.png,OAS1_0266,Non-Demented,0,0,Non-Demented,1,0.3815640951863355,0.3269312457297296,0.2915046590839349,0.0
OASIS_1,RandomForest,101,test,rotation__severe,rotation,severe,D:\OASIS_1\distortions_64\rotation\severe\Non_Demented\OAS1_0266\OAS1_0266_slice_12_z068.png,Non_Demented/OAS1_0266/OAS1_0266_slice_12_z068.png,Non-Demented/OAS1_0266/OAS1_0266_slice_12_z068.png,OAS1_0266,Non-Demented,0,0,Non-Demented,1,0.46768387662825567,0.2640516627686979,0.26493112726971313,0.0033333333333333335
OASIS_1,RandomForest,101,test,rotation__severe,rotation,severe,D:\OASIS_1\distortions_64\rotation\severe\Non_Demented\OAS1_0266\OAS1_0266_slice_13_z070.png,Non_Demented/OAS1_0266/OAS1_0266_slice_13_z070.png,Non-Demented/OAS1_0266/OAS1_0266_slice_13_z070.png,OAS1_0266,Non-Demented,0,0,Non-Demented,1,0.5080382827029132,0.2693805087635791,0.21591454186684103,0.006666666666666667
OASIS_1,RandomForest,101,test,rotation__severe,rotation,severe,D:\OASIS_1\distortions_64\rotation\severe\Non_Demented\OAS1_0266\OAS1_0266_slice_14_z073.png,Non_Demented/OAS1_0266/OAS1_0266_slice_14_z073.png,Non-Demented/OAS1_0266/OAS1_0266_slice_14_z073.png,OAS1_0266,Non-Demented,0,0,Non-Demented,1,0.5670881927613899,0.24089424812970842,0.18868422577556865,0.0033333333333333335
OASIS_1,RandomForest,101,test,rotation__severe,rotation,severe,D:\OASIS_1\distortions_64\rotation\severe\Non_Demented\OAS1_0266\OAS1_0266_slice_15_z076.png,Non_Demented/OAS1_0266/OAS1_0266_slice_15_z076.png,Non-Demented/OAS1_0266/OAS1_0266_slice_15_z076.png,OAS1_0266,Non-Demented,0,0,Non-Demented,1,0.6064156735579108,0.2248500036385125,0.1620676561369103,0.006666666666666667
OASIS_1,RandomForest,101,test,rotation__severe,rotation,severe,D:\OASIS_1\distortions_64\rotation\severe\Non_Demented\OAS1_0266\OAS1_0266_slice_16_z078.png,Non_Demented/OAS1_0266/OAS1_0266_slice_16_z078.png,Non-Demented/OAS1_0266/OAS1_0266_slice_16_z078.png,OAS1_0266,Non-Demented,0,0,Non-Demented,1,0.596700047261579,0.2783449994387372,0.1249549532996833,0.0
OASIS_1,RandomForest,101,test,rotation__severe,rotation,severe,D:\OASIS_1\distortions_64\rotation\severe\Non_Demented\OAS1_0266\OAS1_0266_slice_17_z081.png,Non_Demented/OAS1_0266/OAS1_0266_slice_17_z081.png,Non-Demented/OAS1_0266/OAS1_0266_slice_17_z081.png,OAS1_0266,Non-Demented,0,0,Non-Demented,1,0.616716868231758,0.25240278219798384,0.1308803495702578,0.0
OASIS_1,RandomForest,101,test,rotation__severe,rotation,severe,D:\OASIS_1\distortions_64\rotation\severe\Non_Demented\OAS1_0266\OAS1_0266_slice_18_z084.png,Non_Demented/OAS1_0266/OAS1_0266_slice_18_z084.png,Non-Demented/OAS1_0266/OAS1_0266_slice_18_z084.png,OAS1_0266,Non-Demented,0,0,Non-Demented,1,0.5611849307684935,0.2639955934093387,0.1714861424888343,0.0033333333333333335
OASIS_1,RandomForest,101,test,rotation__severe,rotation,severe,D:\OASIS_1\distortions_64\rotation\severe\Non_Demented\OAS1_0266\OAS1_0266_slice_19_z086.png,Non_Demented/OAS1_0266/OAS1_0266_slice_19_z086.png,Non-Demented/OAS1_0266/OAS1_0266_slice_19_z086.png,OAS1_0266,Non-Demented,0,0,Non-Demented,1,0.58266030051997,0.2716380521058251,0.1423683140408713,0.0033333333333333335
OASIS_1,RandomForest,101,test,rotation__severe,rotation,severe,D:\OASIS_1\distortions_64\rotation\severe\Non_Demented\OAS1_0266\OAS1_0266_slice_20_z089.png,Non_Demented/OAS1_0266/OAS1_0266_slice_20_z089.png,Non-Demented/OAS1_0266/OAS1_0266_slice_20_z089.png,OAS1_0266,Non-Demented,0,0,Non-Demented,1,0.6433540006333357,0.25473710554802187,0.10190889381864189,0.0
OASIS_1,RandomForest,101,test,rotation__severe,rotation,severe,D:\OASIS_1\distortions_64\rotation\severe\Non_Demented\OAS1_0280\OAS1_0280_slice_01_z038.png,Non_Demented/OAS1_0280/OAS1_0280_slice_01_z038.png,Non-Demented/OAS1_0280/OAS1_0280_slice_01_z038.png,OAS1_0280,Non-Demented,0,0,Non-Demented,1,0.5644581269358905,0.2617516591283195,0.17379021393579056,0.0
OASIS_1,RandomForest,101,test,rotation__severe,rotation,severe,D:\OASIS_1\distortions_64\rotation\severe\Non_Demented\OAS1_0280\OAS1_0280_slice_02_z041.png,Non_Demented/OAS1_0280/OAS1_0280_slice_02_z041.png,Non-Demented/OAS1_0280/OAS1_0280_slice_02_z041.png,OAS1_0280,Non-Demented,0,0,Non-Demented,1,0.5762673250980341,0.2384742211694484,0.1852584537325174,0.0
OASIS_1,RandomForest,101,test,rotation__severe,rotation,severe,D:\OASIS_1\distortions_64\rotation\severe\Non_Demented\OAS1_0280\OAS1_0280_slice_03_z043.png,Non_Demented/OAS1_0280/OAS1_0280_slice_03_z043.png,Non-Demented/OAS1_0280/OAS1_0280_slice_03_z043.png,OAS1_0280,Non-Demented,0,0,Non-Demented,1,0.5664102910871861,0.25673061536971414,0.17685909354309948,0.0
OASIS_1,RandomForest,101,test,rotation__severe,rotation,severe,D:\OASIS_1\distortions_64\rotation\severe\Non_Demented\OAS1_0280\OAS1_0280_slice_04_z046.png,Non_Demented/OAS1_0280/OAS1_0280_slice_04_z046.png,Non-Demented/OAS1_0280/OAS1_0280_slice_04_z046.png,OAS1_0280,Non-Demented,0,0,Non-Demented,1,0.6002790641809237,0.2753018747993573,0.1244190610197185,0.0
OASIS_1,RandomForest,101,test,rotation__severe,rotation,severe,D:\OASIS_1\distortions_64\rotation\severe\Non_Demented\OAS1_0280\OAS1_0280_slice_05_z049.png,Non_Demented/OAS1_0280/OAS1_0280_slice_05_z049.png,Non-Demented/OAS1_0280/OAS1_0280_slice_05_z049.png,OAS1_0280,Non-Demented,0,0,Non-Demented,1,0.46828688309989314,0.27626256991183973,0.23878388032160047,0.016666666666666666
OASIS_1,RandomForest,101,test,rotation__severe,rotation,severe,D:\OASIS_1\distortions_64\rotation\severe\Non_Demented\OAS1_0280\OAS1_0280_slice_06_z051.png,Non_Demented/OAS1_0280/OAS1_0280_slice_06_z051.png,Non-Demented/OAS1_0280/OAS1_0280_slice_06_z051.png,OAS1_0280,Non-Demented,0,0,Non-Demented,1,0.4852453560300473,0.26759122109148903,0.2338300895451302,0.013333333333333334
OASIS_1,RandomForest,101,test,rotation__severe,rotation,severe,D:\OASIS_1\distortions_64\rotation\severe\Non_Demented\OAS1_0280\OAS1_0280_slice_07_z054.png,Non_Demented/OAS1_0280/OAS1_0280_slice_07_z054.png,Non-Demented/OAS1_0280/OAS1_0280_slice_07_z054.png,OAS1_0280,Non-Demented,0,0,Non-Demented,1,0.5173550427106337,0.3378782636559386,0.14476669363342748,0.0
OASIS_1,RandomForest,101,test,rotation__severe,rotation,severe,D:\OASIS_1\distortions_64\rotation\severe\Non_Demented\OAS1_0280\OAS1_0280_slice_08_z057.png,Non_Demented/OAS1_0280/OAS1_0280_slice_08_z057.png,Non-Demented/OAS1_0280/OAS1_0280_slice_08_z057.png,OAS1_0280,Non-Demented,0,0,Non-Demented,1,0.5366531745882688,0.3325974713060891,0.13074935410564156,0.0
OASIS_1,RandomForest,101,test,rotation__severe,rotation,severe,D:\OASIS_1\distortions_64\rotation\severe\Non_Demented\OAS1_0280\OAS1_0280_slice_09_z059.png,Non_Demented/OAS1_0280/OAS1_0280_slice_09_z059.png,Non-Demented/OAS1_0280/OAS1_0280_slice_09_z059.png,OAS1_0280,Non-Demented,0,0,Non-Demented,1,0.5398747440054714,0.33897549684675143,0.12114975914777683,0.0
OASIS_1,RandomForest,101,test,rotation__severe,rotation,severe,D:\OASIS_1\distortions_64\rotation\severe\Non_Demented\OAS1_0280\OAS1_0280_slice_10_z062.png,Non_Demented/OAS1_0280/OAS1_0280_slice_10_z062.png,Non-Demented/OAS1_0280/OAS1_0280_slice_10_z062.png,OAS1_0280,Non-Demented,0,0,Non-Demented,1,0.42880478311822157,0.2474208634293806,0.3237743534523979,0.0
OASIS_1,RandomForest,101,test,rotation__severe,rotation,severe,D:\OASIS_1\distortions_64\rotation\severe\Non_Demented\OAS1_0280\OAS1_0280_slice_11_z065.png,Non_Demented/OAS1_0280/OAS1_0280_slice_11_z065.png,Non-Demented/OAS1_0280/OAS1_0280_slice_11_z065.png,OAS1_0280,Non-Demented,0,0,Non-Demented,1,0.49025510724673393,0.3388913226153524,0.17085357013791383,0.0
OASIS_1,RandomForest,101,test,rotation__severe,rotation,severe,D:\OASIS_1\distortions_64\rotation\severe\Non_Demented\OAS1_0280\OAS1_0280_slice_12_z068.png,Non_Demented/OAS1_0280/OAS1_0280_slice_12_z068.png,Non-Demented/OAS1_0280/OAS1_0280_slice_12_z068.png,OAS1_0280,Non-Demented,0,0,Non-Demented,1,0.38072852609559915,0.27249878086670415,0.3467726930376967,0.0
OASIS_1,RandomForest,101,test,rotation__severe,rotation,severe,D:\OASIS_1\distortions_64\rotation\severe\Non_Demented\OAS1_0280\OAS1_0280_slice_13_z070.png,Non_Demented/OAS1_0280/OAS1_0280_slice_13_z070.png,Non-Demented/OAS1_0280/OAS1_0280_slice_13_z070.png,OAS1_0280,Non-Demented,0,0,Non-Demented,1,0.5353461584359122,0.33308049000733453,0.13157335155675323,0.0
OASIS_1,RandomForest,101,test,rotation__severe,rotation,severe,D:\OASIS_1\distortions_64\rotation\severe\Non_Demented\OAS1_0280\OAS1_0280_slice_14_z073.png,Non_Demented/OAS1_0280/OAS1_0280_slice_14_z073.png,Non-Demented/OAS1_0280/OAS1_0280_slice_14_z073.png,OAS1_0280,Non-Demented,0,0,Non-Demented,1,0.5497303717128881,0.33286827892162246,0.11740134936548963,0.0
OASIS_1,RandomForest,101,test,rotation__severe,rotation,severe,D:\OASIS_1\distortions_64\rotation\severe\Non_Demented\OAS1_0280\OAS1_0280_slice_15_z076.png,Non_Demented/OAS1_0280/OAS1_0280_slice_15_z076.png,Non-Demented/OAS1_0280/OAS1_0280_slice_15_z076.png,OAS1_0280,Non-Demented,0,0,Non-Demented,1,0.5630429344086602,0.32617921941874245,0.11077784617259745,0.0
OASIS_1,RandomForest,101,test,rotation__severe,rotation,severe,D:\OASIS_1\distortions_64\rotation\severe\Non_Demented\OAS1_0280\OAS1_0280_slice_16_z078.png,Non_Demented/OAS1_0280/OAS1_0280_slice_16_z078.png,Non-Demented/OAS1_0280/OAS1_0280_slice_16_z078.png,OAS1_0280,Non-Demented,0,0,Non-Demented,1,0.5034057719432763,0.26273959241952455,0.2205213023038655,0.013333333333333334
OASIS_1,RandomForest,101,test,rotation__severe,rotation,severe,D:\OASIS_1\distortions_64\rotation\severe\Non_Demented\OAS1_0280\OAS1_0280_slice_17_z081.png,Non_Demented/OAS1_0280/OAS1_0280_slice_17_z081.png,Non-Demented/OAS1_0280/OAS1_0280_slice_17_z081.png,OAS1_0280,Non-Demented,0,0,Non-Demented,1,0.5681055637681047,0.279691656942193,0.15220277928970175,0.0
OASIS_1,RandomForest,101,test,rotation__severe,rotation,severe,D:\OASIS_1\distortions_64\rotation\severe\Non_Demented\OAS1_0280\OAS1_0280_slice_18_z084.png,Non_Demented/OAS1_0280/OAS1_0280_slice_18_z084.png,Non-Demented/OAS1_0280/OAS1_0280_slice_18_z084.png,OAS1_0280,Non-Demented,0,0,Non-Demented,1,0.5498688468661473,0.2668124397645495,0.18331871336930267,0.0
OASIS_1,RandomForest,101,test,rotation__severe,rotation,severe,D:\OASIS_1\distortions_64\rotation\severe\Non_Demented\OAS1_0280\OAS1_0280_slice_19_z086.png,Non_Demented/OAS1_0280/OAS1_0280_slice_19_z086.png,Non-Demented/OAS1_0280/OAS1_0280_slice_19_z086.png,OAS1_0280,Non-Demented,0,0,Non-Demented,1,0.5421256610831012,0.28346145224661073,0.17441288667028768,0.0
OASIS_1,RandomForest,101,test,rotation__severe,rotation,severe,D:\OASIS_1\distortions_64\rotation\severe\Non_Demented\OAS1_0280\OAS1_0280_slice_20_z089.png,Non_Demented/OAS1_0280/OAS1_0280_slice_20_z089.png,Non-Demented/OAS1_0280/OAS1_0280_slice_20_z089.png,OAS1_0280,Non-Demented,0,0,Non-Demented,1,0.532533386136959,0.32243536795443023,0.14503124590861094,0.0
OASIS_1,RandomForest,101,test,rotation__severe,rotation,severe,D:\OASIS_1\distortions_64\rotation\severe\Non_Demented\OAS1_0309\OAS1_0309_slice_01_z038.png,Non_Demented/OAS1_0309/OAS1_0309_slice_01_z038.png,Non-Demented/OAS1_0309/OAS1_0309_slice_01_z038.png,OAS1_0309,Non-Demented,0,0,Non-Demented,1,0.6824354277580191,0.28673592994879227,0.03082864229318836,0.0
OASIS_1,RandomForest,101,test,rotation__severe,rotation,severe,D:\OASIS_1\distortions_64\rotation\severe\Non_Demented\OAS1_0309\OAS1_0309_slice_02_z041.png,Non_Demented/OAS1_0309/OAS1_0309_slice_02_z041.png,Non-Demented/OAS1_0309/OAS1_0309_slice_02_z041.png,OAS1_0309,Non-Demented,0,0,Non-Demented,1,0.6335370639129559,0.3307100956704958,0.03575284041654846,0.0
OASIS_1,RandomForest,101,test,rotation__severe,rotation,severe,D:\OASIS_1\distortions_64\rotation\severe\Non_Demented\OAS1_0309\OAS1_0309_slice_03_z043.png,Non_Demented/OAS1_0309/OAS1_0309_slice_03_z043.png,Non-Demented/OAS1_0309/OAS1_0309_slice_03_z043.png,OAS1_0309,Non-Demented,0,1,Very Mild Dementia,0,0.4713796212161258,0.4923375553206814,0.03628282346319295,0.0
OASIS_1,RandomForest,101,test,rotation__severe,rotation,severe,D:\OASIS_1\distortions_64\rotation\severe\Non_Demented\OAS1_0309\OAS1_0309_slice_04_z046.png,Non_Demented/OAS1_0309/OAS1_0309_slice_04_z046.png,Non-Demented/OAS1_0309/OAS1_0309_slice_04_z046.png,OAS1_0309,Non-Demented,0,0,Non-Demented,1,0.5415457867768274,0.4240720607594092,0.03438215246376349,0.0
OASIS_1,RandomForest,101,test,rotation__severe,rotation,severe,D:\OASIS_1\distortions_64\rotation\severe\Non_Demented\OAS1_0309\OAS1_0309_slice_05_z049.png,Non_Demented/OAS1_0309/OAS1_0309_slice_05_z049.png,Non-Demented/OAS1_0309/OAS1_0309_slice_05_z049.png,OAS1_0309,Non-Demented,0,0,Non-Demented,1,0.5283633276144599,0.43680334135559634,0.03483333102994365,0.0
OASIS_1,RandomForest,101,test,rotation__severe,rotation,severe,D:\OASIS_1\distortions_64\rotation\severe\Non_Demented\OAS1_0309\OAS1_0309_slice_06_z051.png,Non_Demented/OAS1_0309/OAS1_0309_slice_06_z051.png,Non-Demented/OAS1_0309/OAS1_0309_slice_06_z051.png,OAS1_0309,Non-Demented,0,1,Very Mild Dementia,0,0.4220874573139674,0.5130298843218645,0.06488265836416819,0.0
OASIS_1,RandomForest,101,test,rotation__severe,rotation,severe,D:\OASIS_1\distortions_64\rotation\severe\Non_Demented\OAS1_0309\OAS1_0309_slice_07_z054.png,Non_Demented/OAS1_0309/OAS1_0309_slice_07_z054.png,Non-Demented/OAS1_0309/OAS1_0309_slice_07_z054.png,OAS1_0309,Non-Demented,0,1,Very Mild Dementia,0,0.4082305587452462,0.5127165703872977,0.0790528708674561,0.0
OASIS_1,RandomForest,101,test,rotation__severe,rotation,severe,D:\OASIS_1\distortions_64\rotation\severe\Non_Demented\OAS1_0309\OAS1_0309_slice_08_z057.png,Non_Demented/OAS1_0309/OAS1_0309_slice_08_z057.png,Non-Demented/OAS1_0309/OAS1_0309_slice_08_z057.png,OAS1_0309,Non-Demented,0,0,Non-Demented,1,0.5016387590477009,0.47313276221827305,0.02522847873402607,0.0
OASIS_1,RandomForest,101,test,rotation__severe,rotation,severe,D:\OASIS_1\distortions_64\rotation\severe\Non_Demented\OAS1_0309\OAS1_0309_slice_09_z059.png,Non_Demented/OAS1_0309/OAS1_0309_slice_09_z059.png,Non-Demented/OAS1_0309/OAS1_0309_slice_09_z059.png,OAS1_0309,Non-Demented,0,1,Very Mild Dementia,0,0.30074984733924787,0.6141049818631156,0.08514517079763673,0.0
OASIS_1,RandomForest,101,test,rotation__severe,rotation,severe,D:\OASIS_1\distortions_64\rotation\severe\Non_Demented\OAS1_0309\OAS1_0309_slice_10_z062.png,Non_Demented/OAS1_0309/OAS1_0309_slice_10_z062.png,Non-Demented/OAS1_0309/OAS1_0309_slice_10_z062.png,OAS1_0309,Non-Demented,0,1,Very Mild Dementia,0,0.2571022948510416,0.6397429080648139,0.10315479708414464,0.0
OASIS_1,RandomForest,101,test,rotation__severe,rotation,severe,D:\OASIS_1\distortions_64\rotation\severe\Non_Demented\OAS1_0309\OAS1_0309_slice_11_z065.png,Non_Demented/OAS1_0309/OAS1_0309_slice_11_z065.png,Non-Demented/OAS1_0309/OAS1_0309_slice_11_z065.png,OAS1_0309,Non-Demented,0,1,Very Mild Dementia,0,0.2898316608091208,0.6173884763953852,0.09277986279549437,0.0
OASIS_1,RandomForest,101,test,rotation__severe,rotation,severe,D:\OASIS_1\distortions_64\rotation\severe\Non_Demented\OAS1_0309\OAS1_0309_slice_12_z068.png,Non_Demented/OAS1_0309/OAS1_0309_slice_12_z068.png,Non-Demented/OAS1_0309/OAS1_0309_slice_12_z068.png,OAS1_0309,Non-Demented,0,1,Very Mild Dementia,0,0.41398723051861386,0.5602737996851601,0.025738969796226377,0.0
OASIS_1,RandomForest,101,test,rotation__severe,rotation,severe,D:\OASIS_1\distortions_64\rotation\severe\Non_Demented\OAS1_0309\OAS1_0309_slice_13_z070.png,Non_Demented/OAS1_0309/OAS1_0309_slice_13_z070.png,Non-Demented/OAS1_0309/OAS1_0309_slice_13_z070.png,OAS1_0309,Non-Demented,0,1,Very Mild Dementia,0,0.3066473231384741,0.6092670798313254,0.0840855970302005,0.0
OASIS_1,RandomForest,101,test,rotation__severe,rotation,severe,D:\OASIS_1\distortions_64\rotation\severe\Non_Demented\OAS1_0309\OAS1_0309_slice_14_z073.png,Non_Demented/OAS1_0309/OAS1_0309_slice_14_z073.png,Non-Demented/OAS1_0309/OAS1_0309_slice_14_z073.png,OAS1_0309,Non-Demented,0,1,Very Mild Dementia,0,0.4486276801127234,0.516398249823526,0.0349740700637508,0.0
OASIS_1,RandomForest,101,test,rotation__severe,rotation,severe,D:\OASIS_1\distortions_64\rotation\severe\Non_Demented\OAS1_0309\OAS1_0309_slice_15_z076.png,Non_Demented/OAS1_0309/OAS1_0309_slice_15_z076.png,Non-Demented/OAS1_0309/OAS1_0309_slice_15_z076.png,OAS1_0309,Non-Demented,0,1,Very Mild Dementia,0,0.4730826839438295,0.49916552211450677,0.027751793941663876,0.0
OASIS_1,RandomForest,101,test,rotation__severe,rotation,severe,D:\OASIS_1\distortions_64\rotation\severe\Non_Demented\OAS1_0309\OAS1_0309_slice_16_z078.png,Non_Demented/OAS1_0309/OAS1_0309_slice_16_z078.png,Non-Demented/OAS1_0309/OAS1_0309_slice_16_z078.png,OAS1_0309,Non-Demented,0,0,Non-Demented,1,0.5723379884548321,0.40343211888163566,0.024229892663532225,0.0
OASIS_1,RandomForest,101,test,rotation__severe,rotation,severe,D:\OASIS_1\distortions_64\rotation\severe\Non_Demented\OAS1_0309\OAS1_0309_slice_17_z081.png,Non_Demented/OAS1_0309/OAS1_0309_slice_17_z081.png,Non-Demented/OAS1_0309/OAS1_0309_slice_17_z081.png,OAS1_0309,Non-Demented,0,1,Very Mild Dementia,0,0.44954124596222317,0.5092747792399728,0.04118397479780394,0.0
OASIS_1,RandomForest,101,test,rotation__severe,rotation,severe,D:\OASIS_1\distortions_64\rotation\severe\Non_Demented\OAS1_0309\OAS1_0309_slice_18_z084.png,Non_Demented/OAS1_0309/OAS1_0309_slice_18_z084.png,Non-Demented/OAS1_0309/OAS1_0309_slice_18_z084.png,OAS1_0309,Non-Demented,0,0,Non-Demented,1,0.7108675772259277,0.2676651682364779,0.021467254537594117,0.0
OASIS_1,RandomForest,101,test,rotation__severe,rotation,severe,D:\OASIS_1\distortions_64\rotation\severe\Non_Demented\OAS1_0309\OAS1_0309_slice_19_z086.png,Non_Demented/OAS1_0309/OAS1_0309_slice_19_z086.png,Non-Demented/OAS1_0309/OAS1_0309_slice_19_z086.png,OAS1_0309,Non-Demented,0,0,Non-Demented,1,0.7461907292256859,0.22968784254881353,0.024121428225500532,0.0
OASIS_1,RandomForest,101,test,rotation__severe,rotation,severe,D:\OASIS_1\distortions_64\rotation\severe\Non_Demented\OAS1_0309\OAS1_0309_slice_20_z089.png,Non_Demented/OAS1_0309/OAS1_0309_slice_20_z089.png,Non-Demented/OAS1_0309/OAS1_0309_slice_20_z089.png,OAS1_0309,Non-Demented,0,1,Very Mild Dementia,0,0.41856434940976495,0.5593418896725925,0.02209376091764248,0.0
OASIS_1,RandomForest,101,test,rotation__severe,rotation,severe,D:\OASIS_1\distortions_64\rotation\severe\Non_Demented\OAS1_0323\OAS1_0323_slice_01_z038.png,Non_Demented/OAS1_0323/OAS1_0323_slice_01_z038.png,Non-Demented/OAS1_0323/OAS1_0323_slice_01_z038.png,OAS1_0323,Non-Demented,0,0,Non-Demented,1,0.5969171530331197,0.29680749371623794,0.10627535325064255,0.0
OASIS_1,RandomForest,101,test,rotation__severe,rotation,severe,D:\OASIS_1\distortions_64\rotation\severe\Non_Demented\OAS1_0323\OAS1_0323_slice_02_z041.png,Non_Demented/OAS1_0323/OAS1_0323_slice_02_z041.png,Non-Demented/OAS1_0323/OAS1_0323_slice_02_z041.png,OAS1_0323,Non-Demented,0,0,Non-Demented,1,0.5260073647535745,0.3603785354893037,0.11361409975712197,0.0
OASIS_1,RandomForest,101,test,rotation__severe,rotation,severe,D:\OASIS_1\distortions_64\rotation\severe\Non_Demented\OAS1_0323\OAS1_0323_slice_03_z043.png,Non_Demented/OAS1_0323/OAS1_0323_slice_03_z043.png,Non-Demented/OAS1_0323/OAS1_0323_slice_03_z043.png,OAS1_0323,Non-Demented,0,0,Non-Demented,1,0.5304567920680928,0.35301923232440663,0.11652397560750029,0.0
OASIS_1,RandomForest,101,test,rotation__severe,rotation,severe,D:\OASIS_1\distortions_64\rotation\severe\Non_Demented\OAS1_0323\OAS1_0323_slice_04_z046.png,Non_Demented/OAS1_0323/OAS1_0323_slice_04_z046.png,Non-Demented/OAS1_0323/OAS1_0323_slice_04_z046.png,OAS1_0323,Non-Demented,0,0,Non-Demented,1,0.5189755327755566,0.36947915568024703,0.11154531154419627,0.0
OASIS_1,RandomForest,101,test,rotation__severe,rotation,severe,D:\OASIS_1\distortions_64\rotation\severe\Non_Demented\OAS1_0323\OAS1_0323_slice_05_z049.png,Non_Demented/OAS1_0323/OAS1_0323_slice_05_z049.png,Non-Demented/OAS1_0323/OAS1_0323_slice_05_z049.png,OAS1_0323,Non-Demented,0,0,Non-Demented,1,0.5176586467989996,0.29832013083851056,0.1840212223624896,0.0
OASIS_1,RandomForest,101,test,rotation__severe,rotation,severe,D:\OASIS_1\distortions_64\rotation\severe\Non_Demented\OAS1_0323\OAS1_0323_slice_06_z051.png,Non_Demented/OAS1_0323/OAS1_0323_slice_06_z051.png,Non-Demented/OAS1_0323/OAS1_0323_slice_06_z051.png,OAS1_0323,Non-Demented,0,0,Non-Demented,1,0.4847258249251547,0.3278485290344694,0.18742564604037562,0.0
OASIS_1,RandomForest,101,test,rotation__severe,rotation,severe,D:\OASIS_1\distortions_64\rotation\severe\Non_Demented\OAS1_0323\OAS1_0323_slice_07_z054.png,Non_Demented/OAS1_0323/OAS1_0323_slice_07_z054.png,Non-Demented/OAS1_0323/OAS1_0323_slice_07_z054.png,OAS1_0323,Non-Demented,0,0,Non-Demented,1,0.5104392879786581,0.3081385874390464,0.1814221245822956,0.0
OASIS_1,RandomForest,101,test,rotation__severe,rotation,severe,D:\OASIS_1\distortions_64\rotation\severe\Non_Demented\OAS1_0323\OAS1_0323_slice_08_z057.png,Non_Demented/OAS1_0323/OAS1_0323_slice_08_z057.png,Non-Demented/OAS1_0323/OAS1_0323_slice_08_z057.png,OAS1_0323,Non-Demented,0,0,Non-Demented,1,0.5165897592890851,0.2844275731136023,0.1989826675973124,0.0
OASIS_1,RandomForest,101,test,rotation__severe,rotation,severe,D:\OASIS_1\distortions_64\rotation\severe\Non_Demented\OAS1_0323\OAS1_0323_slice_09_z059.png,Non_Demented/OAS1_0323/OAS1_0323_slice_09_z059.png,Non-Demented/OAS1_0323/OAS1_0323_slice_09_z059.png,OAS1_0323,Non-Demented,0,0,Non-Demented,1,0.5034025666423401,0.30552789282408604,0.19106954053357364,0.0
OASIS_1,RandomForest,101,test,rotation__severe,rotation,severe,D:\OASIS_1\distortions_64\rotation\severe\Non_Demented\OAS1_0323\OAS1_0323_slice_10_z062.png,Non_Demented/OAS1_0323/OAS1_0323_slice_10_z062.png,Non-Demented/OAS1_0323/OAS1_0323_slice_10_z062.png,OAS1_0323,Non-Demented,0,0,Non-Demented,1,0.43759032307722606,0.33138460577387524,0.2310250711488987,0.0
OASIS_1,RandomForest,101,test,rotation__severe,rotation,severe,D:\OASIS_1\distortions_64\rotation\severe\Non_Demented\OAS1_0323\OAS1_0323_slice_11_z065.png,Non_Demented/OAS1_0323/OAS1_0323_slice_11_z065.png,Non-Demented/OAS1_0323/OAS1_0323_slice_11_z065.png,OAS1_0323,Non-Demented,0,0,Non-Demented,1,0.48468332392331376,0.3637987930369683,0.1348512163730509,0.016666666666666666
OASIS_1,RandomForest,101,test,rotation__severe,rotation,severe,D:\OASIS_1\distortions_64\rotation\severe\Non_Demented\OAS1_0323\OAS1_0323_slice_12_z068.png,Non_Demented/OAS1_0323/OAS1_0323_slice_12_z068.png,Non-Demented/OAS1_0323/OAS1_0323_slice_12_z068.png,OAS1_0323,Non-Demented,0,0,Non-Demented,1,0.4600776483813982,0.3896637927447094,0.13692522554055878,0.013333333333333334
OASIS_1,RandomForest,101,test,rotation__severe,rotation,severe,D:\OASIS_1\distortions_64\rotation\severe\Non_Demented\OAS1_0323\OAS1_0323_slice_13_z070.png,Non_Demented/OAS1_0323/OAS1_0323_slice_13_z070.png,Non-Demented/OAS1_0323/OAS1_0323_slice_13_z070.png,OAS1_0323,Non-Demented,0,0,Non-Demented,1,0.49176495880794524,0.32909583588501895,0.17913920530703573,0.0
OASIS_1,RandomForest,101,test,rotation__severe,rotation,severe,D:\OASIS_1\distortions_64\rotation\severe\Non_Demented\OAS1_0323\OAS1_0323_slice_14_z073.png,Non_Demented/OAS1_0323/OAS1_0323_slice_14_z073.png,Non-Demented/OAS1_0323/OAS1_0323_slice_14_z073.png,OAS1_0323,Non-Demented,0,0,Non-Demented,1,0.47295965610758295,0.33233111832397333,0.19470922556844342,0.0
OASIS_1,RandomForest,101,test,rotation__severe,rotation,severe,D:\OASIS_1\distortions_64\rotation\severe\Non_Demented\OAS1_0323\OAS1_0323_slice_15_z076.png,Non_Demented/OAS1_0323/OAS1_0323_slice_15_z076.png,Non-Demented/OAS1_0323/OAS1_0323_slice_15_z076.png,OAS1_0323,Non-Demented,0,0,Non-Demented,1,0.44992970105059554,0.4222172211790001,0.12785307777040397,0.0
OASIS_1,RandomForest,101,test,rotation__severe,rotation,severe,D:\OASIS_1\distortions_64\rotation\severe\Non_Demented\OAS1_0323\OAS1_0323_slice_16_z078.png,Non_Demented/OAS1_0323/OAS1_0323_slice_16_z078.png,Non-Demented/OAS1_0323/OAS1_0323_slice_16_z078.png,OAS1_0323,Non-Demented,0,0,Non-Demented,1,0.45666838038076235,0.41734722915473693,0.12598439046450038,0.0
OASIS_1,RandomForest,101,test,rotation__severe,rotation,severe,D:\OASIS_1\distortions_64\rotation\severe\Non_Demented\OAS1_0323\OAS1_0323_slice_17_z081.png,Non_Demented/OAS1_0323/OAS1_0323_slice_17_z081.png,Non-Demented/OAS1_0323/OAS1_0323_slice_17_z081.png,OAS1_0323,Non-Demented,0,0,Non-Demented,1,0.5664669825718661,0.2965044066684165,0.1370286107597176,0.0
OASIS_1,RandomForest,101,test,rotation__severe,rotation,severe,D:\OASIS_1\distortions_64\rotation\severe\Non_Demented\OAS1_0323\OAS1_0323_slice_18_z084.png,Non_Demented/OAS1_0323/OAS1_0323_slice_18_z084.png,Non-Demented/OAS1_0323/OAS1_0323_slice_18_z084.png,OAS1_0323,Non-Demented,0,0,Non-Demented,1,0.5352133992002683,0.3498753888070134,0.11491121199271835,0.0
OASIS_1,RandomForest,101,test,rotation__severe,rotation,severe,D:\OASIS_1\distortions_64\rotation\severe\Non_Demented\OAS1_0323\OAS1_0323_slice_19_z086.png,Non_Demented/OAS1_0323/OAS1_0323_slice_19_z086.png,Non-Demented/OAS1_0323/OAS1_0323_slice_19_z086.png,OAS1_0323,Non-Demented,0,0,Non-Demented,1,0.5138744493975509,0.383365882770528,0.10275966783192099,0.0
OASIS_1,RandomForest,101,test,rotation__severe,rotation,severe,D:\OASIS_1\distortions_64\rotation\severe\Non_Demented\OAS1_0323\OAS1_0323_slice_20_z089.png,Non_Demented/OAS1_0323/OAS1_0323_slice_20_z089.png,Non-Demented/OAS1_0323/OAS1_0323_slice_20_z089.png,OAS1_0323,Non-Demented,0,0,Non-Demented,1,0.559935141846942,0.3194664288596463,0.11726509596007823,0.0033333333333333335
OASIS_1,RandomForest,101,test,rotation__severe,rotation,severe,D:\OASIS_1\distortions_64\rotation\severe\Non_Demented\OAS1_0343\OAS1_0343_slice_01_z038.png,Non_Demented/OAS1_0343/OAS1_0343_slice_01_z038.png,Non-Demented/OAS1_0343/OAS1_0343_slice_01_z038.png,OAS1_0343,Non-Demented,0,0,Non-Demented,1,0.5344057553160243,0.4419697493390947,0.02362449534488065,0.0
OASIS_1,RandomForest,101,test,rotation__severe,rotation,severe,D:\OASIS_1\distortions_64\rotation\severe\Non_Demented\OAS1_0343\OAS1_0343_slice_02_z041.png,Non_Demented/OAS1_0343/OAS1_0343_slice_02_z041.png,Non-Demented/OAS1_0343/OAS1_0343_slice_02_z041.png,OAS1_0343,Non-Demented,0,0,Non-Demented,1,0.5382726767085833,0.40788101411076527,0.05384630918065122,0.0
OASIS_1,RandomForest,101,test,rotation__severe,rotation,severe,D:\OASIS_1\distortions_64\rotation\severe\Non_Demented\OAS1_0343\OAS1_0343_slice_03_z043.png,Non_Demented/OAS1_0343/OAS1_0343_slice_03_z043.png,Non-Demented/OAS1_0343/OAS1_0343_slice_03_z043.png,OAS1_0343,Non-Demented,0,0,Non-Demented,1,0.5425658296632369,0.35258887946031214,0.10484529087645088,0.0
OASIS_1,RandomForest,101,test,rotation__severe,rotation,severe,D:\OASIS_1\distortions_64\rotation\severe\Non_Demented\OAS1_0343\OAS1_0343_slice_04_z046.png,Non_Demented/OAS1_0343/OAS1_0343_slice_04_z046.png,Non-Demented/OAS1_0343/OAS1_0343_slice_04_z046.png,OAS1_0343,Non-Demented,0,0,Non-Demented,1,0.5324494006126889,0.2964738859220935,0.17107671346521747,0.0
OASIS_1,RandomForest,101,test,rotation__severe,rotation,severe,D:\OASIS_1\distortions_64\rotation\severe\Non_Demented\OAS1_0343\OAS1_0343_slice_05_z049.png,Non_Demented/OAS1_0343/OAS1_0343_slice_05_z049.png,Non-Demented/OAS1_0343/OAS1_0343_slice_05_z049.png,OAS1_0343,Non-Demented,0,0,Non-Demented,1,0.5362386782757299,0.2814454368774203,0.18231588484684963,0.0
OASIS_1,RandomForest,101,test,rotation__severe,rotation,severe,D:\OASIS_1\distortions_64\rotation\severe\Non_Demented\OAS1_0343\OAS1_0343_slice_06_z051.png,Non_Demented/OAS1_0343/OAS1_0343_slice_06_z051.png,Non-Demented/OAS1_0343/OAS1_0343_slice_06_z051.png,OAS1_0343,Non-Demented,0,0,Non-Demented,1,0.5203366492963579,0.30003659575746827,0.1796267549461735,0.0
OASIS_1,RandomForest,101,test,rotation__severe,rotation,severe,D:\OASIS_1\distortions_64\rotation\severe\Non_Demented\OAS1_0343\OAS1_0343_slice_07_z054.png,Non_Demented/OAS1_0343/OAS1_0343_slice_07_z054.png,Non-Demented/OAS1_0343/OAS1_0343_slice_07_z054.png,OAS1_0343,Non-Demented,0,0,Non-Demented,1,0.5125293060398429,0.3033405950622477,0.18413009889790916,0.0
OASIS_1,RandomForest,101,test,rotation__severe,rotation,severe,D:\OASIS_1\distortions_64\rotation\severe\Non_Demented\OAS1_0343\OAS1_0343_slice_08_z057.png,Non_Demented/OAS1_0343/OAS1_0343_slice_08_z057.png,Non-Demented/OAS1_0343/OAS1_0343_slice_08_z057.png,OAS1_0343,Non-Demented,0,1,Very Mild Dementia,0,0.40061282811299487,0.5487347153271761,0.0506524565598294,0.0
OASIS_1,RandomForest,101,test,rotation__severe,rotation,severe,D:\OASIS_1\distortions_64\rotation\severe\Non_Demented\OAS1_0343\OAS1_0343_slice_09_z059.png,Non_Demented/OAS1_0343/OAS1_0343_slice_09_z059.png,Non-Demented/OAS1_0343/OAS1_0343_slice_09_z059.png,OAS1_0343,Non-Demented,0,1,Very Mild Dementia,0,0.3418715715566476,0.6095119617525647,0.04861646669078779,0.0
OASIS_1,RandomForest,101,test,rotation__severe,rotation,severe,D:\OASIS_1\distortions_64\rotation\severe\Non_Demented\OAS1_0343\OAS1_0343_slice_10_z062.png,Non_Demented/OAS1_0343/OAS1_0343_slice_10_z062.png,Non-Demented/OAS1_0343/OAS1_0343_slice_10_z062.png,OAS1_0343,Non-Demented,0,1,Very Mild Dementia,0,0.30508558188344476,0.6362854486463032,0.05862896947025207,0.0
OASIS_1,RandomForest,101,test,rotation__severe,rotation,severe,D:\OASIS_1\distortions_64\rotation\severe\Non_Demented\OAS1_0343\OAS1_0343_slice_11_z065.png,Non_Demented/OAS1_0343/OAS1_0343_slice_11_z065.png,Non-Demented/OAS1_0343/OAS1_0343_slice_11_z065.png,OAS1_0343,Non-Demented,0,1,Very Mild Dementia,0,0.3235430499047226,0.6160675087128147,0.06038944138246306,0.0
OASIS_1,RandomForest,101,test,rotation__severe,rotation,severe,D:\OASIS_1\distortions_64\rotation\severe\Non_Demented\OAS1_0343\OAS1_0343_slice_12_z068.png,Non_Demented/OAS1_0343/OAS1_0343_slice_12_z068.png,Non-Demented/OAS1_0343/OAS1_0343_slice_12_z068.png,OAS1_0343,Non-Demented,0,1,Very Mild Dementia,0,0.3742157053963943,0.5779413101078175,0.04784298449578862,0.0
OASIS_1,RandomForest,101,test,rotation__severe,rotation,severe,D:\OASIS_1\distortions_64\rotation\severe\Non_Demented\OAS1_0343\OAS1_0343_slice_13_z070.png,Non_Demented/OAS1_0343/OAS1_0343_slice_13_z070.png,Non-Demented/OAS1_0343/OAS1_0343_slice_13_z070.png,OAS1_0343,Non-Demented,0,0,Non-Demented,1,0.5122240937555596,0.31769256807143037,0.17008333817301,0.0
OASIS_1,RandomForest,101,test,rotation__severe,rotation,severe,D:\OASIS_1\distortions_64\rotation\severe\Non_Demented\OAS1_0343\OAS1_0343_slice_14_z073.png,Non_Demented/OAS1_0343/OAS1_0343_slice_14_z073.png,Non-Demented/OAS1_0343/OAS1_0343_slice_14_z073.png,OAS1_0343,Non-Demented,0,0,Non-Demented,1,0.5237998991179057,0.3376697590602884,0.1385303418218058,0.0
OASIS_1,RandomForest,101,test,rotation__severe,rotation,severe,D:\OASIS_1\distortions_64\rotation\severe\Non_Demented\OAS1_0343\OAS1_0343_slice_15_z076.png,Non_Demented/OAS1_0343/OAS1_0343_slice_15_z076.png,Non-Demented/OAS1_0343/OAS1_0343_slice_15_z076.png,OAS1_0343,Non-Demented,0,0,Non-Demented,1,0.5568785158178305,0.3175503628114712,0.12557112137069829,0.0
OASIS_1,RandomForest,101,test,rotation__severe,rotation,severe,D:\OASIS_1\distortions_64\rotation\severe\Non_Demented\OAS1_0343\OAS1_0343_slice_16_z078.png,Non_Demented/OAS1_0343/OAS1_0343_slice_16_z078.png,Non-Demented/OAS1_0343/OAS1_0343_slice_16_z078.png,OAS1_0343,Non-Demented,0,1,Very Mild Dementia,0,0.35873630082122554,0.6003520152354851,0.040911683943289215,0.0
OASIS_1,RandomForest,101,test,rotation__severe,rotation,severe,D:\OASIS_1\distortions_64\rotation\severe\Non_Demented\OAS1_0343\OAS1_0343_slice_17_z081.png,Non_Demented/OAS1_0343/OAS1_0343_slice_17_z081.png,Non-Demented/OAS1_0343/OAS1_0343_slice_17_z081.png,OAS1_0343,Non-Demented,0,1,Very Mild Dementia,0,0.4038532890666869,0.5667650296993818,0.029381681233931478,0.0
OASIS_1,RandomForest,101,test,rotation__severe,rotation,severe,D:\OASIS_1\distortions_64\rotation\severe\Non_Demented\OAS1_0343\OAS1_0343_slice_18_z084.png,Non_Demented/OAS1_0343/OAS1_0343_slice_18_z084.png,Non-Demented/OAS1_0343/OAS1_0343_slice_18_z084.png,OAS1_0343,Non-Demented,0,0,Non-Demented,1,0.6031587625976612,0.3386553740751767,0.058185863327162225,0.0
OASIS_1,RandomForest,101,test,rotation__severe,rotation,severe,D:\OASIS_1\distortions_64\rotation\severe\Non_Demented\OAS1_0343\OAS1_0343_slice_19_z086.png,Non_Demented/OAS1_0343/OAS1_0343_slice_19_z086.png,Non-Demented/OAS1_0343/OAS1_0343_slice_19_z086.png,OAS1_0343,Non-Demented,0,0,Non-Demented,1,0.5990098401359712,0.37242801121532143,0.028562148648707233,0.0
OASIS_1,RandomForest,101,test,rotation__severe,rotation,severe,D:\OASIS_1\distortions_64\rotation\severe\Non_Demented\OAS1_0343\OAS1_0343_slice_20_z089.png,Non_Demented/OAS1_0343/OAS1_0343_slice_20_z089.png,Non-Demented/OAS1_0343/OAS1_0343_slice_20_z089.png,OAS1_0343,Non-Demented,0,0,Non-Demented,1,0.5075828248670164,0.4366880279289242,0.055729147204059484,0.0
OASIS_1,RandomForest,101,test,rotation__severe,rotation,severe,D:\OASIS_1\distortions_64\rotation\severe\Non_Demented\OAS1_0367\OAS1_0367_slice_01_z038.png,Non_Demented/OAS1_0367/OAS1_0367_slice_01_z038.png,Non-Demented/OAS1_0367/OAS1_0367_slice_01_z038.png,OAS1_0367,Non-Demented,0,0,Non-Demented,1,0.4968688304733131,0.46880018970204285,0.03433097982464399,0.0
OASIS_1,RandomForest,101,test,rotation__severe,rotation,severe,D:\OASIS_1\distortions_64\rotation\severe\Non_Demented\OAS1_0367\OAS1_0367_slice_02_z041.png,Non_Demented/OAS1_0367/OAS1_0367_slice_02_z041.png,Non-Demented/OAS1_0367/OAS1_0367_slice_02_z041.png,OAS1_0367,Non-Demented,0,0,Non-Demented,1,0.7311006863092026,0.22285073020340387,0.046048583487393435,0.0
OASIS_1,RandomForest,101,test,rotation__severe,rotation,severe,D:\OASIS_1\distortions_64\rotation\severe\Non_Demented\OAS1_0367\OAS1_0367_slice_03_z043.png,Non_Demented/OAS1_0367/OAS1_0367_slice_03_z043.png,Non-Demented/OAS1_0367/OAS1_0367_slice_03_z043.png,OAS1_0367,Non-Demented,0,0,Non-Demented,1,0.7145358922620645,0.2400980654992234,0.045366042238711796,0.0
OASIS_1,RandomForest,101,test,rotation__severe,rotation,severe,D:\OASIS_1\distortions_64\rotation\severe\Non_Demented\OAS1_0367\OAS1_0367_slice_04_z046.png,Non_Demented/OAS1_0367/OAS1_0367_slice_04_z046.png,Non-Demented/OAS1_0367/OAS1_0367_slice_04_z046.png,OAS1_0367,Non-Demented,0,0,Non-Demented,1,0.6671881401481754,0.27921376759950056,0.053598092252323856,0.0
OASIS_1,RandomForest,101,test,rotation__severe,rotation,severe,D:\OASIS_1\distortions_64\rotation\severe\Non_Demented\OAS1_0367\OAS1_0367_slice_05_z049.png,Non_Demented/OAS1_0367/OAS1_0367_slice_05_z049.png,Non-Demented/OAS1_0367/OAS1_0367_slice_05_z049.png,OAS1_0367,Non-Demented,0,0,Non-Demented,1,0.5074327507312304,0.4502294195288715,0.04233782973989804,0.0
OASIS_1,RandomForest,101,test,rotation__severe,rotation,severe,D:\OASIS_1\distortions_64\rotation\severe\Non_Demented\OAS1_0367\OAS1_0367_slice_06_z051.png,Non_Demented/OAS1_0367/OAS1_0367_slice_06_z051.png,Non-Demented/OAS1_0367/OAS1_0367_slice_06_z051.png,OAS1_0367,Non-Demented,0,0,Non-Demented,1,0.6525478812622176,0.28613831416601343,0.061313804571768375,0.0
OASIS_1,RandomForest,101,test,rotation__severe,rotation,severe,D:\OASIS_1\distortions_64\rotation\severe\Non_Demented\OAS1_0367\OAS1_0367_slice_07_z054.png,Non_Demented/OAS1_0367/OAS1_0367_slice_07_z054.png,Non-Demented/OAS1_0367/OAS1_0367_slice_07_z054.png,OAS1_0367,Non-Demented,0,0,Non-Demented,1,0.5973262996290294,0.33100959161646526,0.07166410875450516,0.0
OASIS_1,RandomForest,101,test,rotation__severe,rotation,severe,D:\OASIS_1\distortions_64\rotation\severe\Non_Demented\OAS1_0367\OAS1_0367_slice_08_z057.png,Non_Demented/OAS1_0367/OAS1_0367_slice_08_z057.png,Non-Demented/OAS1_0367/OAS1_0367_slice_08_z057.png,OAS1_0367,Non-Demented,0,0,Non-Demented,1,0.5672186639500878,0.35107924048942607,0.08170209556048608,0.0
OASIS_1,RandomForest,101,test,rotation__severe,rotation,severe,D:\OASIS_1\distortions_64\rotation\severe\Non_Demented\OAS1_0367\OAS1_0367_slice_09_z059.png,Non_Demented/OAS1_0367/OAS1_0367_slice_09_z059.png,Non-Demented/OAS1_0367/OAS1_0367_slice_09_z059.png,OAS1_0367,Non-Demented,0,1,Very Mild Dementia,0,0.3966673496037922,0.48524317140359985,0.1180894789926078,0.0
OASIS_1,RandomForest,101,test,rotation__severe,rotation,severe,D:\OASIS_1\distortions_64\rotation\severe\Non_Demented\OAS1_0367\OAS1_0367_slice_10_z062.png,Non_Demented/OAS1_0367/OAS1_0367_slice_10_z062.png,Non-Demented/OAS1_0367/OAS1_0367_slice_10_z062.png,OAS1_0367,Non-Demented,0,1,Very Mild Dementia,0,0.42169153441486285,0.4834104127311145,0.0948980528540224,0.0
OASIS_1,RandomForest,101,test,rotation__severe,rotation,severe,D:\OASIS_1\distortions_64\rotation\severe\Non_Demented\OAS1_0367\OAS1_0367_slice_11_z065.png,Non_Demented/OAS1_0367/OAS1_0367_slice_11_z065.png,Non-Demented/OAS1_0367/OAS1_0367_slice_11_z065.png,OAS1_0367,Non-Demented,0,1,Very Mild Dementia,0,0.38387168732833565,0.47738394111251864,0.1387443715591452,0.0
OASIS_1,RandomForest,101,test,rotation__severe,rotation,severe,D:\OASIS_1\distortions_64\rotation\severe\Non_Demented\OAS1_0367\OAS1_0367_slice_12_z068.png,Non_Demented/OAS1_0367/OAS1_0367_slice_12_z068.png,Non-Demented/OAS1_0367/OAS1_0367_slice_12_z068.png,OAS1_0367,Non-Demented,0,1,Very Mild Dementia,0,0.43574320758446294,0.452026749604094,0.11223004281144294,0.0
OASIS_1,RandomForest,101,test,rotation__severe,rotation,severe,D:\OASIS_1\distortions_64\rotation\severe\Non_Demented\OAS1_0367\OAS1_0367_slice_13_z070.png,Non_Demented/OAS1_0367/OAS1_0367_slice_13_z070.png,Non-Demented/OAS1_0367/OAS1_0367_slice_13_z070.png,OAS1_0367,Non-Demented,0,0,Non-Demented,1,0.5369834488158614,0.3884277071391541,0.07458884404498412,0.0
OASIS_1,RandomForest,101,test,rotation__severe,rotation,severe,D:\OASIS_1\distortions_64\rotation\severe\Non_Demented\OAS1_0367\OAS1_0367_slice_14_z073.png,Non_Demented/OAS1_0367/OAS1_0367_slice_14_z073.png,Non-Demented/OAS1_0367/OAS1_0367_slice_14_z073.png,OAS1_0367,Non-Demented,0,0,Non-Demented,1,0.5600250051884254,0.38868121401918526,0.0512937807923888,0.0
OASIS_1,RandomForest,101,test,rotation__severe,rotation,severe,D:\OASIS_1\distortions_64\rotation\severe\Non_Demented\OAS1_0367\OAS1_0367_slice_15_z076.png,Non_Demented/OAS1_0367/OAS1_0367_slice_15_z076.png,Non-Demented/OAS1_0367/OAS1_0367_slice_15_z076.png,OAS1_0367,Non-Demented,0,0,Non-Demented,1,0.6572605173789083,0.29522275347342464,0.04751672914766711,0.0
OASIS_1,RandomForest,101,test,rotation__severe,rotation,severe,D:\OASIS_1\distortions_64\rotation\severe\Non_Demented\OAS1_0367\OAS1_0367_slice_16_z078.png,Non_Demented/OAS1_0367/OAS1_0367_slice_16_z078.png,Non-Demented/OAS1_0367/OAS1_0367_slice_16_z078.png,OAS1_0367,Non-Demented,0,0,Non-Demented,1,0.6904607780574528,0.2610865205663621,0.048452701376184744,0.0
OASIS_1,RandomForest,101,test,rotation__severe,rotation,severe,D:\OASIS_1\distortions_64\rotation\severe\Non_Demented\OAS1_0367\OAS1_0367_slice_17_z081.png,Non_Demented/OAS1_0367/OAS1_0367_slice_17_z081.png,Non-Demented/OAS1_0367/OAS1_0367_slice_17_z081.png,OAS1_0367,Non-Demented,0,0,Non-Demented,1,0.6923892105032581,0.2512536282746735,0.05635716122206796,0.0
OASIS_1,RandomForest,101,test,rotation__severe,rotation,severe,D:\OASIS_1\distortions_64\rotation\severe\Non_Demented\OAS1_0367\OAS1_0367_slice_18_z084.png,Non_Demented/OAS1_0367/OAS1_0367_slice_18_z084.png,Non-Demented/OAS1_0367/OAS1_0367_slice_18_z084.png,OAS1_0367,Non-Demented,0,0,Non-Demented,1,0.6971243033792706,0.2437103304923815,0.05916536612834752,0.0
OASIS_1,RandomForest,101,test,rotation__severe,rotation,severe,D:\OASIS_1\distortions_64\rotation\severe\Non_Demented\OAS1_0367\OAS1_0367_slice_19_z086.png,Non_Demented/OAS1_0367/OAS1_0367_slice_19_z086.png,Non-Demented/OAS1_0367/OAS1_0367_slice_19_z086.png,OAS1_0367,Non-Demented,0,1,Very Mild Dementia,0,0.420126832115783,0.545153674888952,0.03471949299526528,0.0
OASIS_1,RandomForest,101,test,rotation__severe,rotation,severe,D:\OASIS_1\distortions_64\rotation\severe\Non_Demented\OAS1_0367\OAS1_0367_slice_20_z089.png,Non_Demented/OAS1_0367/OAS1_0367_slice_20_z089.png,Non-Demented/OAS1_0367/OAS1_0367_slice_20_z089.png,OAS1_0367,Non-Demented,0,1,Very Mild Dementia,0,0.4277173453712773,0.5375867208386071,0.03469593379011534,0.0
OASIS_1,RandomForest,101,test,rotation__severe,rotation,severe,D:\OASIS_1\distortions_64\rotation\severe\Non_Demented\OAS1_0371\OAS1_0371_slice_01_z038.png,Non_Demented/OAS1_0371/OAS1_0371_slice_01_z038.png,Non-Demented/OAS1_0371/OAS1_0371_slice_01_z038.png,OAS1_0371,Non-Demented,0,0,Non-Demented,1,0.625327143892958,0.32543591532666327,0.04923694078037852,0.0
OASIS_1,RandomForest,101,test,rotation__severe,rotation,severe,D:\OASIS_1\distortions_64\rotation\severe\Non_Demented\OAS1_0371\OAS1_0371_slice_02_z041.png,Non_Demented/OAS1_0371/OAS1_0371_slice_02_z041.png,Non-Demented/OAS1_0371/OAS1_0371_slice_02_z041.png,OAS1_0371,Non-Demented,0,0,Non-Demented,1,0.5741896844682969,0.3529919972550463,0.07281831827665665,0.0
OASIS_1,RandomForest,101,test,rotation__severe,rotation,severe,D:\OASIS_1\distortions_64\rotation\severe\Non_Demented\OAS1_0371\OAS1_0371_slice_03_z043.png,Non_Demented/OAS1_0371/OAS1_0371_slice_03_z043.png,Non-Demented/OAS1_0371/OAS1_0371_slice_03_z043.png,OAS1_0371,Non-Demented,0,0,Non-Demented,1,0.5207979329820095,0.4310804086790769,0.0481216583389138,0.0
OASIS_1,RandomForest,101,test,rotation__severe,rotation,severe,D:\OASIS_1\distortions_64\rotation\severe\Non_Demented\OAS1_0371\OAS1_0371_slice_04_z046.png,Non_Demented/OAS1_0371/OAS1_0371_slice_04_z046.png,Non-Demented/OAS1_0371/OAS1_0371_slice_04_z046.png,OAS1_0371,Non-Demented,0,0,Non-Demented,1,0.5137833786349331,0.44348329239548706,0.04273332896957973,0.0
OASIS_1,RandomForest,101,test,rotation__severe,rotation,severe,D:\OASIS_1\distortions_64\rotation\severe\Non_Demented\OAS1_0371\OAS1_0371_slice_05_z049.png,Non_Demented/OAS1_0371/OAS1_0371_slice_05_z049.png,Non-Demented/OAS1_0371/OAS1_0371_slice_05_z049.png,OAS1_0371,Non-Demented,0,0,Non-Demented,1,0.5074724068525794,0.4381845889436145,0.05434300420380572,0.0
OASIS_1,RandomForest,101,test,rotation__severe,rotation,severe,D:\OASIS_1\distortions_64\rotation\severe\Non_Demented\OAS1_0371\OAS1_0371_slice_06_z051.png,Non_Demented/OAS1_0371/OAS1_0371_slice_06_z051.png,Non-Demented/OAS1_0371/OAS1_0371_slice_06_z051.png,OAS1_0371,Non-Demented,0,0,Non-Demented,1,0.5063964416583348,0.43723060498016736,0.05637295336149762,0.0
OASIS_1,RandomForest,101,test,rotation__severe,rotation,severe,D:\OASIS_1\distortions_64\rotation\severe\Non_Demented\OAS1_0371\OAS1_0371_slice_07_z054.png,Non_Demented/OAS1_0371/OAS1_0371_slice_07_z054.png,Non-Demented/OAS1_0371/OAS1_0371_slice_07_z054.png,OAS1_0371,Non-Demented,0,0,Non-Demented,1,0.5038502026393927,0.3361766468055117,0.15997315055509553,0.0
OASIS_1,RandomForest,101,test,rotation__severe,rotation,severe,D:\OASIS_1\distortions_64\rotation\severe\Non_Demented\OAS1_0371\OAS1_0371_slice_08_z057.png,Non_Demented/OAS1_0371/OAS1_0371_slice_08_z057.png,Non-Demented/OAS1_0371/OAS1_0371_slice_08_z057.png,OAS1_0371,Non-Demented,0,1,Very Mild Dementia,0,0.4153566669005882,0.514725358803906,0.06991797429550575,0.0
OASIS_1,RandomForest,101,test,rotation__severe,rotation,severe,D:\OASIS_1\distortions_64\rotation\severe\Non_Demented\OAS1_0371\OAS1_0371_slice_09_z059.png,Non_Demented/OAS1_0371/OAS1_0371_slice_09_z059.png,Non-Demented/OAS1_0371/OAS1_0371_slice_09_z059.png,OAS1_0371,Non-Demented,0,1,Very Mild Dementia,0,0.4362708282331808,0.4987730216941381,0.06495615007268102,0.0
OASIS_1,RandomForest,101,test,rotation__severe,rotation,severe,D:\OASIS_1\distortions_64\rotation\severe\Non_Demented\OAS1_0371\OAS1_0371_slice_10_z062.png,Non_Demented/OAS1_0371/OAS1_0371_slice_10_z062.png,Non-Demented/OAS1_0371/OAS1_0371_slice_10_z062.png,OAS1_0371,Non-Demented,0,0,Non-Demented,1,0.4536811193622704,0.38975502221640973,0.15656385842131962,0.0
OASIS_1,RandomForest,101,test,rotation__severe,rotation,severe,D:\OASIS_1\distortions_64\rotation\severe\Non_Demented\OAS1_0371\OAS1_0371_slice_11_z065.png,Non_Demented/OAS1_0371/OAS1_0371_slice_11_z065.png,Non-Demented/OAS1_0371/OAS1_0371_slice_11_z065.png,OAS1_0371,Non-Demented,0,1,Very Mild Dementia,0,0.3975994533884855,0.5084881769592619,0.09391236965225241,0.0
OASIS_1,RandomForest,101,test,rotation__severe,rotation,severe,D:\OASIS_1\distortions_64\rotation\severe\Non_Demented\OAS1_0371\OAS1_0371_slice_12_z068.png,Non_Demented/OAS1_0371/OAS1_0371_slice_12_z068.png,Non-Demented/OAS1_0371/OAS1_0371_slice_12_z068.png,OAS1_0371,Non-Demented,0,0,Non-Demented,1,0.49533843328039256,0.3594389663418694,0.14522260037773754,0.0
OASIS_1,RandomForest,101,test,rotation__severe,rotation,severe,D:\OASIS_1\distortions_64\rotation\severe\Non_Demented\OAS1_0371\OAS1_0371_slice_13_z070.png,Non_Demented/OAS1_0371/OAS1_0371_slice_13_z070.png,Non-Demented/OAS1_0371/OAS1_0371_slice_13_z070.png,OAS1_0371,Non-Demented,0,1,Very Mild Dementia,0,0.445193641406195,0.4881424617971523,0.06666389679665241,0.0
OASIS_1,RandomForest,101,test,rotation__severe,rotation,severe,D:\OASIS_1\distortions_64\rotation\severe\Non_Demented\OAS1_0371\OAS1_0371_slice_14_z073.png,Non_Demented/OAS1_0371/OAS1_0371_slice_14_z073.png,Non-Demented/OAS1_0371/OAS1_0371_slice_14_z073.png,OAS1_0371,Non-Demented,0,1,Very Mild Dementia,0,0.45307393400761803,0.4953532819012118,0.05157278409116996,0.0
OASIS_1,RandomForest,101,test,rotation__severe,rotation,severe,D:\OASIS_1\distortions_64\rotation\severe\Non_Demented\OAS1_0371\OAS1_0371_slice_15_z076.png,Non_Demented/OAS1_0371/OAS1_0371_slice_15_z076.png,Non-Demented/OAS1_0371/OAS1_0371_slice_15_z076.png,OAS1_0371,Non-Demented,0,0,Non-Demented,1,0.49811504796040595,0.4618297300572914,0.0400552219823025,0.0
OASIS_1,RandomForest,101,test,rotation__severe,rotation,severe,D:\OASIS_1\distortions_64\rotation\severe\Non_Demented\OAS1_0371\OAS1_0371_slice_16_z078.png,Non_Demented/OAS1_0371/OAS1_0371_slice_16_z078.png,Non-Demented/OAS1_0371/OAS1_0371_slice_16_z078.png,OAS1_0371,Non-Demented,0,0,Non-Demented,1,0.5188601375937761,0.4382862738880419,0.042853588518181794,0.0
OASIS_1,RandomForest,101,test,rotation__severe,rotation,severe,D:\OASIS_1\distortions_64\rotation\severe\Non_Demented\OAS1_0371\OAS1_0371_slice_17_z081.png,Non_Demented/OAS1_0371/OAS1_0371_slice_17_z081.png,Non-Demented/OAS1_0371/OAS1_0371_slice_17_z081.png,OAS1_0371,Non-Demented,0,0,Non-Demented,1,0.5537624961685539,0.3338243518841323,0.11241315194731369,0.0
OASIS_1,RandomForest,101,test,rotation__severe,rotation,severe,D:\OASIS_1\distortions_64\rotation\severe\Non_Demented\OAS1_0371\OAS1_0371_slice_18_z084.png,Non_Demented/OAS1_0371/OAS1_0371_slice_18_z084.png,Non-Demented/OAS1_0371/OAS1_0371_slice_18_z084.png,OAS1_0371,Non-Demented,0,0,Non-Demented,1,0.5698858491665377,0.38119757550351485,0.048916575329947524,0.0
OASIS_1,RandomForest,101,test,rotation__severe,rotation,severe,D:\OASIS_1\distortions_64\rotation\severe\Non_Demented\OAS1_0371\OAS1_0371_slice_19_z086.png,Non_Demented/OAS1_0371/OAS1_0371_slice_19_z086.png,Non-Demented/OAS1_0371/OAS1_0371_slice_19_z086.png,OAS1_0371,Non-Demented,0,0,Non-Demented,1,0.5920957775962316,0.3495596590840364,0.05501122998639866,0.0033333333333333335
OASIS_1,RandomForest,101,test,rotation__severe,rotation,severe,D:\OASIS_1\distortions_64\rotation\severe\Non_Demented\OAS1_0371\OAS1_0371_slice_20_z089.png,Non_Demented/OAS1_0371/OAS1_0371_slice_20_z089.png,Non-Demented/OAS1_0371/OAS1_0371_slice_20_z089.png,OAS1_0371,Non-Demented,0,0,Non-Demented,1,0.6327146299397737,0.31725745744457634,0.050027912615650115,0.0
OASIS_1,RandomForest,101,test,rotation__severe,rotation,severe,D:\OASIS_1\distortions_64\rotation\severe\Non_Demented\OAS1_0381\OAS1_0381_slice_01_z038.png,Non_Demented/OAS1_0381/OAS1_0381_slice_01_z038.png,Non-Demented/OAS1_0381/OAS1_0381_slice_01_z038.png,OAS1_0381,Non-Demented,0,2,Mild Dementia,0,0.3314773007720915,0.1609279654296804,0.507594733798228,0.0
OASIS_1,RandomForest,101,test,rotation__severe,rotation,severe,D:\OASIS_1\distortions_64\rotation\severe\Non_Demented\OAS1_0381\OAS1_0381_slice_02_z041.png,Non_Demented/OAS1_0381/OAS1_0381_slice_02_z041.png,Non-Demented/OAS1_0381/OAS1_0381_slice_02_z041.png,OAS1_0381,Non-Demented,0,2,Mild Dementia,0,0.3178301715522298,0.1458697994843808,0.5363000289633894,0.0
OASIS_1,RandomForest,101,test,rotation__severe,rotation,severe,D:\OASIS_1\distortions_64\rotation\severe\Non_Demented\OAS1_0381\OAS1_0381_slice_03_z043.png,Non_Demented/OAS1_0381/OAS1_0381_slice_03_z043.png,Non-Demented/OAS1_0381/OAS1_0381_slice_03_z043.png,OAS1_0381,Non-Demented,0,0,Non-Demented,1,0.6792662844662274,0.20775271780099533,0.11298099773277741,0.0
OASIS_1,RandomForest,101,test,rotation__severe,rotation,severe,D:\OASIS_1\distortions_64\rotation\severe\Non_Demented\OAS1_0381\OAS1_0381_slice_04_z046.png,Non_Demented/OAS1_0381/OAS1_0381_slice_04_z046.png,Non-Demented/OAS1_0381/OAS1_0381_slice_04_z046.png,OAS1_0381,Non-Demented,0,2,Mild Dementia,0,0.35360980580972057,0.18232885734128243,0.46406133684899714,0.0
OASIS_1,RandomForest,101,test,rotation__severe,rotation,severe,D:\OASIS_1\distortions_64\rotation\severe\Non_Demented\OAS1_0381\OAS1_0381_slice_05_z049.png,Non_Demented/OAS1_0381/OAS1_0381_slice_05_z049.png,Non-Demented/OAS1_0381/OAS1_0381_slice_05_z049.png,OAS1_0381,Non-Demented,0,2,Mild Dementia,0,0.3548039967473855,0.2285069499508325,0.416689053301782,0.0
OASIS_1,RandomForest,101,test,rotation__severe,rotation,severe,D:\OASIS_1\distortions_64\rotation\severe\Non_Demented\OAS1_0381\OAS1_0381_slice_06_z051.png,Non_Demented/OAS1_0381/OAS1_0381_slice_06_z051.png,Non-Demented/OAS1_0381/OAS1_0381_slice_06_z051.png,OAS1_0381,Non-Demented,0,2,Mild Dementia,0,0.32747733446489047,0.22624813765048937,0.44627452788461985,0.0
OASIS_1,RandomForest,101,test,rotation__severe,rotation,severe,D:\OASIS_1\distortions_64\rotation\severe\Non_Demented\OAS1_0381\OAS1_0381_slice_07_z054.png,Non_Demented/OAS1_0381/OAS1_0381_slice_07_z054.png,Non-Demented/OAS1_0381/OAS1_0381_slice_07_z054.png,OAS1_0381,Non-Demented,0,0,Non-Demented,1,0.7951914064580466,0.127181769148259,0.07429349106036102,0.0033333333333333335
OASIS_1,RandomForest,101,test,rotation__severe,rotation,severe,D:\OASIS_1\distortions_64\rotation\severe\Non_Demented\OAS1_0381\OAS1_0381_slice_08_z057.png,Non_Demented/OAS1_0381/OAS1_0381_slice_08_z057.png,Non-Demented/OAS1_0381/OAS1_0381_slice_08_z057.png,OAS1_0381,Non-Demented,0,0,Non-Demented,1,0.46319696016829776,0.2039045075111462,0.33289853232055616,0.0
OASIS_1,RandomForest,101,test,rotation__severe,rotation,severe,D:\OASIS_1\distortions_64\rotation\severe\Non_Demented\OAS1_0381\OAS1_0381_slice_09_z059.png,Non_Demented/OAS1_0381/OAS1_0381_slice_09_z059.png,Non-Demented/OAS1_0381/OAS1_0381_slice_09_z059.png,OAS1_0381,Non-Demented,0,0,Non-Demented,1,0.8599245585080229,0.09278280724241238,0.04729263424956456,0.0
OASIS_1,RandomForest,101,test,rotation__severe,rotation,severe,D:\OASIS_1\distortions_64\rotation\severe\Non_Demented\OAS1_0381\OAS1_0381_slice_10_z062.png,Non_Demented/OAS1_0381/OAS1_0381_slice_10_z062.png,Non-Demented/OAS1_0381/OAS1_0381_slice_10_z062.png,OAS1_0381,Non-Demented,0,0,Non-Demented,1,0.4552908704889354,0.1795549298550879,0.36515419965597684,0.0
OASIS_1,RandomForest,101,test,rotation__severe,rotation,severe,D:\OASIS_1\distortions_64\rotation\severe\Non_Demented\OAS1_0381\OAS1_0381_slice_11_z065.png,Non_Demented/OAS1_0381/OAS1_0381_slice_11_z065.png,Non-Demented/OAS1_0381/OAS1_0381_slice_11_z065.png,OAS1_0381,Non-Demented,0,0,Non-Demented,1,0.8189515446613757,0.1105326902690759,0.06718243173621499,0.0033333333333333335
OASIS_1,RandomForest,101,test,rotation__severe,rotation,severe,D:\OASIS_1\distortions_64\rotation\severe\Non_Demented\OAS1_0381\OAS1_0381_slice_12_z068.png,Non_Demented/OAS1_0381/OAS1_0381_slice_12_z068.png,Non-Demented/OAS1_0381/OAS1_0381_slice_12_z068.png,OAS1_0381,Non-Demented,0,0,Non-Demented,1,0.47361033265544555,0.20460800602418167,0.32178166132037267,0.0
OASIS_1,RandomForest,101,test,rotation__severe,rotation,severe,D:\OASIS_1\distortions_64\rotation\severe\Non_Demented\OAS1_0381\OAS1_0381_slice_13_z070.png,Non_Demented/OAS1_0381/OAS1_0381_slice_13_z070.png,Non-Demented/OAS1_0381/OAS1_0381_slice_13_z070.png,OAS1_0381,Non-Demented,0,0,Non-Demented,1,0.4377198094884932,0.21869038687544282,0.34358980363606406,0.0
OASIS_1,RandomForest,101,test,rotation__severe,rotation,severe,D:\OASIS_1\distortions_64\rotation\severe\Non_Demented\OAS1_0381\OAS1_0381_slice_14_z073.png,Non_Demented/OAS1_0381/OAS1_0381_slice_14_z073.png,Non-Demented/OAS1_0381/OAS1_0381_slice_14_z073.png,OAS1_0381,Non-Demented,0,0,Non-Demented,1,0.7937195602485545,0.11450871419379818,0.08510505889098048,0.006666666666666667
OASIS_1,RandomForest,101,test,rotation__severe,rotation,severe,D:\OASIS_1\distortions_64\rotation\severe\Non_Demented\OAS1_0381\OAS1_0381_slice_15_z076.png,Non_Demented/OAS1_0381/OAS1_0381_slice_15_z076.png,Non-Demented/OAS1_0381/OAS1_0381_slice_15_z076.png,OAS1_0381,Non-Demented,0,0,Non-Demented,1,0.7256252138516873,0.17746491676713197,0.09357653604784742,0.0033333333333333335
OASIS_1,RandomForest,101,test,rotation__severe,rotation,severe,D:\OASIS_1\distortions_64\rotation\severe\Non_Demented\OAS1_0381\OAS1_0381_slice_16_z078.png,Non_Demented/OAS1_0381/OAS1_0381_slice_16_z078.png,Non-Demented/OAS1_0381/OAS1_0381_slice_16_z078.png,OAS1_0381,Non-Demented,0,2,Mild Dementia,0,0.37511940954832085,0.18877846777738946,0.4361021226742894,0.0
OASIS_1,RandomForest,101,test,rotation__severe,rotation,severe,D:\OASIS_1\distortions_64\rotation\severe\Non_Demented\OAS1_0381\OAS1_0381_slice_17_z081.png,Non_Demented/OAS1_0381/OAS1_0381_slice_17_z081.png,Non-Demented/OAS1_0381/OAS1_0381_slice_17_z081.png,OAS1_0381,Non-Demented,0,2,Mild Dementia,0,0.36938690078491165,0.1823007077181398,0.444979058163615,0.0033333333333333335
OASIS_1,RandomForest,101,test,rotation__severe,rotation,severe,D:\OASIS_1\distortions_64\rotation\severe\Non_Demented\OAS1_0381\OAS1_0381_slice_18_z084.png,Non_Demented/OAS1_0381/OAS1_0381_slice_18_z084.png,Non-Demented/OAS1_0381/OAS1_0381_slice_18_z084.png,OAS1_0381,Non-Demented,0,0,Non-Demented,1,0.6073085943348201,0.24686950952492567,0.14248856280692102,0.0033333333333333335
OASIS_1,RandomForest,101,test,rotation__severe,rotation,severe,D:\OASIS_1\distortions_64\rotation\severe\Non_Demented\OAS1_0381\OAS1_0381_slice_19_z086.png,Non_Demented/OAS1_0381/OAS1_0381_slice_19_z086.png,Non-Demented/OAS1_0381/OAS1_0381_slice_19_z086.png,OAS1_0381,Non-Demented,0,2,Mild Dementia,0,0.3687634097605034,0.15340692055977226,0.477829669679724,0.0
OASIS_1,RandomForest,101,test,rotation__severe,rotation,severe,D:\OASIS_1\distortions_64\rotation\severe\Non_Demented\OAS1_0381\OAS1_0381_slice_20_z089.png,Non_Demented/OAS1_0381/OAS1_0381_slice_20_z089.png,Non-Demented/OAS1_0381/OAS1_0381_slice_20_z089.png,OAS1_0381,Non-Demented,0,2,Mild Dementia,0,0.4191598654522493,0.1589739563587596,0.42186617818899097,0.0
OASIS_1,RandomForest,101,test,rotation__severe,rotation,severe,D:\OASIS_1\distortions_64\rotation\severe\Non_Demented\OAS1_0443\OAS1_0443_slice_01_z038.png,Non_Demented/OAS1_0443/OAS1_0443_slice_01_z038.png,Non-Demented/OAS1_0443/OAS1_0443_slice_01_z038.png,OAS1_0443,Non-Demented,0,0,Non-Demented,1,0.7352063437633357,0.21362539369815972,0.05116826253850467,0.0
OASIS_1,RandomForest,101,test,rotation__severe,rotation,severe,D:\OASIS_1\distortions_64\rotation\severe\Non_Demented\OAS1_0443\OAS1_0443_slice_02_z041.png,Non_Demented/OAS1_0443/OAS1_0443_slice_02_z041.png,Non-Demented/OAS1_0443/OAS1_0443_slice_02_z041.png,OAS1_0443,Non-Demented,0,0,Non-Demented,1,0.6640146674933336,0.29646193409056615,0.03952339841610037,0.0
OASIS_1,RandomForest,101,test,rotation__severe,rotation,severe,D:\OASIS_1\distortions_64\rotation\severe\Non_Demented\OAS1_0443\OAS1_0443_slice_03_z043.png,Non_Demented/OAS1_0443/OAS1_0443_slice_03_z043.png,Non-Demented/OAS1_0443/OAS1_0443_slice_03_z043.png,OAS1_0443,Non-Demented,0,0,Non-Demented,1,0.6406354785420169,0.31567112816917153,0.04369339328881181,0.0
OASIS_1,RandomForest,101,test,rotation__severe,rotation,severe,D:\OASIS_1\distortions_64\rotation\severe\Non_Demented\OAS1_0443\OAS1_0443_slice_04_z046.png,Non_Demented/OAS1_0443/OAS1_0443_slice_04_z046.png,Non-Demented/OAS1_0443/OAS1_0443_slice_04_z046.png,OAS1_0443,Non-Demented,0,0,Non-Demented,1,0.6301715141801367,0.30636777462998216,0.06346071118988107,0.0
OASIS_1,RandomForest,101,test,rotation__severe,rotation,severe,D:\OASIS_1\distortions_64\rotation\severe\Non_Demented\OAS1_0443\OAS1_0443_slice_05_z049.png,Non_Demented/OAS1_0443/OAS1_0443_slice_05_z049.png,Non-Demented/OAS1_0443/OAS1_0443_slice_05_z049.png,OAS1_0443,Non-Demented,0,0,Non-Demented,1,0.6406626353527414,0.21071194995611614,0.14862541469114207,0.0
OASIS_1,RandomForest,101,test,rotation__severe,rotation,severe,D:\OASIS_1\distortions_64\rotation\severe\Non_Demented\OAS1_0443\OAS1_0443_slice_06_z051.png,Non_Demented/OAS1_0443/OAS1_0443_slice_06_z051.png,Non-Demented/OAS1_0443/OAS1_0443_slice_06_z051.png,OAS1_0443,Non-Demented,0,0,Non-Demented,1,0.6416922415954363,0.2271860698158222,0.1311216885887411,0.0
OASIS_1,RandomForest,101,test,rotation__severe,rotation,severe,D:\OASIS_1\distortions_64\rotation\severe\Non_Demented\OAS1_0443\OAS1_0443_slice_07_z054.png,Non_Demented/OAS1_0443/OAS1_0443_slice_07_z054.png,Non-Demented/OAS1_0443/OAS1_0443_slice_07_z054.png,OAS1_0443,Non-Demented,0,0,Non-Demented,1,0.620169969372253,0.2381350691009876,0.1416949615267592,0.0
OASIS_1,RandomForest,101,test,rotation__severe,rotation,severe,D:\OASIS_1\distortions_64\rotation\severe\Non_Demented\OAS1_0443\OAS1_0443_slice_08_z057.png,Non_Demented/OAS1_0443/OAS1_0443_slice_08_z057.png,Non-Demented/OAS1_0443/OAS1_0443_slice_08_z057.png,OAS1_0443,Non-Demented,0,0,Non-Demented,1,0.6030340855869517,0.27976466282842166,0.11720125158462624,0.0
OASIS_1,RandomForest,101,test,rotation__severe,rotation,severe,D:\OASIS_1\distortions_64\rotation\severe\Non_Demented\OAS1_0443\OAS1_0443_slice_09_z059.png,Non_Demented/OAS1_0443/OAS1_0443_slice_09_z059.png,Non-Demented/OAS1_0443/OAS1_0443_slice_09_z059.png,OAS1_0443,Non-Demented,0,0,Non-Demented,1,0.5662932962486183,0.3024352953363447,0.13127140841503673,0.0
OASIS_1,RandomForest,101,test,rotation__severe,rotation,severe,D:\OASIS_1\distortions_64\rotation\severe\Non_Demented\OAS1_0443\OAS1_0443_slice_10_z062.png,Non_Demented/OAS1_0443/OAS1_0443_slice_10_z062.png,Non-Demented/OAS1_0443/OAS1_0443_slice_10_z062.png,OAS1_0443,Non-Demented,0,0,Non-Demented,1,0.5265440254727866,0.22070696383701904,0.25274901069019445,0.0
OASIS_1,RandomForest,101,test,rotation__severe,rotation,severe,D:\OASIS_1\distortions_64\rotation\severe\Non_Demented\OAS1_0443\OAS1_0443_slice_11_z065.png,Non_Demented/OAS1_0443/OAS1_0443_slice_11_z065.png,Non-Demented/OAS1_0443/OAS1_0443_slice_11_z065.png,OAS1_0443,Non-Demented,0,0,Non-Demented,1,0.49616309315585627,0.31510205621249304,0.1887348506316506,0.0
OASIS_1,RandomForest,101,test,rotation__severe,rotation,severe,D:\OASIS_1\distortions_64\rotation\severe\Non_Demented\OAS1_0443\OAS1_0443_slice_12_z068.png,Non_Demented/OAS1_0443/OAS1_0443_slice_12_z068.png,Non-Demented/OAS1_0443/OAS1_0443_slice_12_z068.png,OAS1_0443,Non-Demented,0,0,Non-Demented,1,0.48640413845387276,0.23083424311155729,0.2827616184345699,0.0
OASIS_1,RandomForest,101,test,rotation__severe,rotation,severe,D:\OASIS_1\distortions_64\rotation\severe\Non_Demented\OAS1_0443\OAS1_0443_slice_13_z070.png,Non_Demented/OAS1_0443/OAS1_0443_slice_13_z070.png,Non-Demented/OAS1_0443/OAS1_0443_slice_13_z070.png,OAS1_0443,Non-Demented,0,0,Non-Demented,1,0.5870316793120427,0.2958076864435152,0.11716063424444224,0.0
OASIS_1,RandomForest,101,test,rotation__severe,rotation,severe,D:\OASIS_1\distortions_64\rotation\severe\Non_Demented\OAS1_0443\OAS1_0443_slice_14_z073.png,Non_Demented/OAS1_0443/OAS1_0443_slice_14_z073.png,Non-Demented/OAS1_0443/OAS1_0443_slice_14_z073.png,OAS1_0443,Non-Demented,0,0,Non-Demented,1,0.5575305417068961,0.22819597750957551,0.2142734807835282,0.0
OASIS_1,RandomForest,101,test,rotation__severe,rotation,severe,D:\OASIS_1\distortions_64\rotation\severe\Non_Demented\OAS1_0443\OAS1_0443_slice_15_z076.png,Non_Demented/OAS1_0443/OAS1_0443_slice_15_z076.png,Non-Demented/OAS1_0443/OAS1_0443_slice_15_z076.png,OAS1_0443,Non-Demented,0,0,Non-Demented,1,0.6640913321168479,0.27910645819362434,0.056802209689527754,0.0
OASIS_1,RandomForest,101,test,rotation__severe,rotation,severe,D:\OASIS_1\distortions_64\rotation\severe\Non_Demented\OAS1_0443\OAS1_0443_slice_16_z078.png,Non_Demented/OAS1_0443/OAS1_0443_slice_16_z078.png,Non-Demented/OAS1_0443/OAS1_0443_slice_16_z078.png,OAS1_0443,Non-Demented,0,0,Non-Demented,1,0.6258855128609884,0.212819027025934,0.16129546011307738,0.0
OASIS_1,RandomForest,101,test,rotation__severe,rotation,severe,D:\OASIS_1\distortions_64\rotation\severe\Non_Demented\OAS1_0443\OAS1_0443_slice_17_z081.png,Non_Demented/OAS1_0443/OAS1_0443_slice_17_z081.png,Non-Demented/OAS1_0443/OAS1_0443_slice_17_z081.png,OAS1_0443,Non-Demented,0,0,Non-Demented,1,0.6223165413178958,0.22646274157212914,0.15122071710997442,0.0
OASIS_1,RandomForest,101,test,rotation__severe,rotation,severe,D:\OASIS_1\distortions_64\rotation\severe\Non_Demented\OAS1_0443\OAS1_0443_slice_18_z084.png,Non_Demented/OAS1_0443/OAS1_0443_slice_18_z084.png,Non-Demented/OAS1_0443/OAS1_0443_slice_18_z084.png,OAS1_0443,Non-Demented,0,0,Non-Demented,1,0.6399174123343908,0.31985036547478707,0.04023222219082237,0.0
OASIS_1,RandomForest,101,test,rotation__severe,rotation,severe,D:\OASIS_1\distortions_64\rotation\severe\Non_Demented\OAS1_0443\OAS1_0443_slice_19_z086.png,Non_Demented/OAS1_0443/OAS1_0443_slice_19_z086.png,Non-Demented/OAS1_0443/OAS1_0443_slice_19_z086.png,OAS1_0443,Non-Demented,0,0,Non-Demented,1,0.6753636343550024,0.21614375164415833,0.10849261400083927,0.0
OASIS_1,RandomForest,101,test,rotation__severe,rotation,severe,D:\OASIS_1\distortions_64\rotation\severe\Non_Demented\OAS1_0443\OAS1_0443_slice_20_z089.png,Non_Demented/OAS1_0443/OAS1_0443_slice_20_z089.png,Non-Demented/OAS1_0443/OAS1_0443_slice_20_z089.png,OAS1_0443,Non-Demented,0,0,Non-Demented,1,0.6772189004306295,0.2990443955138658,0.023736704055504473,0.0
OASIS_1,RandomForest,101,test,rotation__severe,rotation,severe,D:\OASIS_1\distortions_64\rotation\severe\Non_Demented\OAS1_0445\OAS1_0445_slice_01_z038.png,Non_Demented/OAS1_0445/OAS1_0445_slice_01_z038.png,Non-Demented/OAS1_0445/OAS1_0445_slice_01_z038.png,OAS1_0445,Non-Demented,0,0,Non-Demented,1,0.5234751796206463,0.31200530150281625,0.16451951887653718,0.0
OASIS_1,RandomForest,101,test,rotation__severe,rotation,severe,D:\OASIS_1\distortions_64\rotation\severe\Non_Demented\OAS1_0445\OAS1_0445_slice_02_z041.png,Non_Demented/OAS1_0445/OAS1_0445_slice_02_z041.png,Non-Demented/OAS1_0445/OAS1_0445_slice_02_z041.png,OAS1_0445,Non-Demented,0,0,Non-Demented,1,0.5222444752486116,0.32041761727445134,0.1573379074769367,0.0
OASIS_1,RandomForest,101,test,rotation__severe,rotation,severe,D:\OASIS_1\distortions_64\rotation\severe\Non_Demented\OAS1_0445\OAS1_0445_slice_03_z043.png,Non_Demented/OAS1_0445/OAS1_0445_slice_03_z043.png,Non-Demented/OAS1_0445/OAS1_0445_slice_03_z043.png,OAS1_0445,Non-Demented,0,0,Non-Demented,1,0.4851708503903661,0.3365748440873419,0.17825430552229193,0.0
OASIS_1,RandomForest,101,test,rotation__severe,rotation,severe,D:\OASIS_1\distortions_64\rotation\severe\Non_Demented\OAS1_0445\OAS1_0445_slice_04_z046.png,Non_Demented/OAS1_0445/OAS1_0445_slice_04_z046.png,Non-Demented/OAS1_0445/OAS1_0445_slice_04_z046.png,OAS1_0445,Non-Demented,0,0,Non-Demented,1,0.522088535817138,0.32668836361762177,0.15122310056523994,0.0
OASIS_1,RandomForest,101,test,rotation__severe,rotation,severe,D:\OASIS_1\distortions_64\rotation\severe\Non_Demented\OAS1_0445\OAS1_0445_slice_05_z049.png,Non_Demented/OAS1_0445/OAS1_0445_slice_05_z049.png,Non-Demented/OAS1_0445/OAS1_0445_slice_05_z049.png,OAS1_0445,Non-Demented,0,0,Non-Demented,1,0.5216537250031082,0.3133750692390786,0.16163787242447955,0.0033333333333333335
OASIS_1,RandomForest,101,test,rotation__severe,rotation,severe,D:\OASIS_1\distortions_64\rotation\severe\Non_Demented\OAS1_0445\OAS1_0445_slice_06_z051.png,Non_Demented/OAS1_0445/OAS1_0445_slice_06_z051.png,Non-Demented/OAS1_0445/OAS1_0445_slice_06_z051.png,OAS1_0445,Non-Demented,0,0,Non-Demented,1,0.48986150117720884,0.3251664160367545,0.1849720827860367,0.0
OASIS_1,RandomForest,101,test,rotation__severe,rotation,severe,D:\OASIS_1\distortions_64\rotation\severe\Non_Demented\OAS1_0445\OAS1_0445_slice_07_z054.png,Non_Demented/OAS1_0445/OAS1_0445_slice_07_z054.png,Non-Demented/OAS1_0445/OAS1_0445_slice_07_z054.png,OAS1_0445,Non-Demented,0,0,Non-Demented,1,0.5084622054102916,0.2901563386303578,0.19804812262601693,0.0033333333333333335
OASIS_1,RandomForest,101,test,rotation__severe,rotation,severe,D:\OASIS_1\distortions_64\rotation\severe\Non_Demented\OAS1_0445\OAS1_0445_slice_08_z057.png,Non_Demented/OAS1_0445/OAS1_0445_slice_08_z057.png,Non-Demented/OAS1_0445/OAS1_0445_slice_08_z057.png,OAS1_0445,Non-Demented,0,0,Non-Demented,1,0.4762437262436981,0.31364920311898775,0.20677373730398063,0.0033333333333333335
OASIS_1,RandomForest,101,test,rotation__severe,rotation,severe,D:\OASIS_1\distortions_64\rotation\severe\Non_Demented\OAS1_0445\OAS1_0445_slice_09_z059.png,Non_Demented/OAS1_0445/OAS1_0445_slice_09_z059.png,Non-Demented/OAS1_0445/OAS1_0445_slice_09_z059.png,OAS1_0445,Non-Demented,0,0,Non-Demented,1,0.40261174827045354,0.2690786870630656,0.3216428979998141,0.006666666666666667
OASIS_1,RandomForest,101,test,rotation__severe,rotation,severe,D:\OASIS_1\distortions_64\rotation\severe\Non_Demented\OAS1_0445\OAS1_0445_slice_10_z062.png,Non_Demented/OAS1_0445/OAS1_0445_slice_10_z062.png,Non-Demented/OAS1_0445/OAS1_0445_slice_10_z062.png,OAS1_0445,Non-Demented,0,0,Non-Demented,1,0.3806114825818921,0.2959367376524246,0.31678511309901625,0.006666666666666667
OASIS_1,RandomForest,101,test,rotation__severe,rotation,severe,D:\OASIS_1\distortions_64\rotation\severe\Non_Demented\OAS1_0445\OAS1_0445_slice_11_z065.png,Non_Demented/OAS1_0445/OAS1_0445_slice_11_z065.png,Non-Demented/OAS1_0445/OAS1_0445_slice_11_z065.png,OAS1_0445,Non-Demented,0,0,Non-Demented,1,0.46683155873130633,0.35018158719063613,0.18298685407805754,0.0
OASIS_1,RandomForest,101,test,rotation__severe,rotation,severe,D:\OASIS_1\distortions_64\rotation\severe\Non_Demented\OAS1_0445\OAS1_0445_slice_12_z068.png,Non_Demented/OAS1_0445/OAS1_0445_slice_12_z068.png,Non-Demented/OAS1_0445/OAS1_0445_slice_12_z068.png,OAS1_0445,Non-Demented,0,0,Non-Demented,1,0.401176736709422,0.26551649751966544,0.3299734324375791,0.0033333333333333335
OASIS_1,RandomForest,101,test,rotation__severe,rotation,severe,D:\OASIS_1\distortions_64\rotation\severe\Non_Demented\OAS1_0445\OAS1_0445_slice_13_z070.png,Non_Demented/OAS1_0445/OAS1_0445_slice_13_z070.png,Non-Demented/OAS1_0445/OAS1_0445_slice_13_z070.png,OAS1_0445,Non-Demented,0,0,Non-Demented,1,0.40361677045714395,0.27996814817467935,0.3130817480348433,0.0033333333333333335
OASIS_1,RandomForest,101,test,rotation__severe,rotation,severe,D:\OASIS_1\distortions_64\rotation\severe\Non_Demented\OAS1_0445\OAS1_0445_slice_14_z073.png,Non_Demented/OAS1_0445/OAS1_0445_slice_14_z073.png,Non-Demented/OAS1_0445/OAS1_0445_slice_14_z073.png,OAS1_0445,Non-Demented,0,0,Non-Demented,1,0.5067368481207957,0.32777504792825374,0.16548810395095026,0.0
OASIS_1,RandomForest,101,test,rotation__severe,rotation,severe,D:\OASIS_1\distortions_64\rotation\severe\Non_Demented\OAS1_0445\OAS1_0445_slice_15_z076.png,Non_Demented/OAS1_0445/OAS1_0445_slice_15_z076.png,Non-Demented/OAS1_0445/OAS1_0445_slice_15_z076.png,OAS1_0445,Non-Demented,0,0,Non-Demented,1,0.4879572985410679,0.3690160480634897,0.1430266533954421,0.0
OASIS_1,RandomForest,101,test,rotation__severe,rotation,severe,D:\OASIS_1\distortions_64\rotation\severe\Non_Demented\OAS1_0445\OAS1_0445_slice_16_z078.png,Non_Demented/OAS1_0445/OAS1_0445_slice_16_z078.png,Non-Demented/OAS1_0445/OAS1_0445_slice_16_z078.png,OAS1_0445,Non-Demented,0,0,Non-Demented,1,0.5032982384370591,0.3558824648366489,0.14081929672629148,0.0
OASIS_1,RandomForest,101,test,rotation__severe,rotation,severe,D:\OASIS_1\distortions_64\rotation\severe\Non_Demented\OAS1_0445\OAS1_0445_slice_17_z081.png,Non_Demented/OAS1_0445/OAS1_0445_slice_17_z081.png,Non-Demented/OAS1_0445/OAS1_0445_slice_17_z081.png,OAS1_0445,Non-Demented,0,0,Non-Demented,1,0.44733578717721295,0.24197151679107942,0.31069269603170746,0.0
OASIS_1,RandomForest,101,test,rotation__severe,rotation,severe,D:\OASIS_1\distortions_64\rotation\severe\Non_Demented\OAS1_0445\OAS1_0445_slice_18_z084.png,Non_Demented/OAS1_0445/OAS1_0445_slice_18_z084.png,Non-Demented/OAS1_0445/OAS1_0445_slice_18_z084.png,OAS1_0445,Non-Demented,0,0,Non-Demented,1,0.5205512342616146,0.3482414919299345,0.13120727380845015,0.0
OASIS_1,RandomForest,101,test,rotation__severe,rotation,severe,D:\OASIS_1\distortions_64\rotation\severe\Non_Demented\OAS1_0445\OAS1_0445_slice_19_z086.png,Non_Demented/OAS1_0445/OAS1_0445_slice_19_z086.png,Non-Demented/OAS1_0445/OAS1_0445_slice_19_z086.png,OAS1_0445,Non-Demented,0,0,Non-Demented,1,0.46277721340720773,0.2438738479165797,0.29001560534287896,0.0033333333333333335
OASIS_1,RandomForest,101,test,rotation__severe,rotation,severe,D:\OASIS_1\distortions_64\rotation\severe\Non_Demented\OAS1_0445\OAS1_0445_slice_20_z089.png,Non_Demented/OAS1_0445/OAS1_0445_slice_20_z089.png,Non-Demented/OAS1_0445/OAS1_0445_slice_20_z089.png,OAS1_0445,Non-Demented,0,0,Non-Demented,1,0.4966333375699679,0.2204643215763954,0.2829023408536369,0.0
OASIS_1,RandomForest,101,test,rotation__severe,rotation,severe,D:\OASIS_1\distortions_64\rotation\severe\Very_Mild_Dementia\OAS1_0015\OAS1_0015_slice_01_z038.png,Very_Mild_Dementia/OAS1_0015/OAS1_0015_slice_01_z038.png,Very Mild Dementia/OAS1_0015/OAS1_0015_slice_01_z038.png,OAS1_0015,Very Mild Dementia,1,0,Non-Demented,0,0.500919789008938,0.28709928591355943,0.20864759174416936,0.0033333333333333335
OASIS_1,RandomForest,101,test,rotation__severe,rotation,severe,D:\OASIS_1\distortions_64\rotation\severe\Very_Mild_Dementia\OAS1_0015\OAS1_0015_slice_02_z041.png,Very_Mild_Dementia/OAS1_0015/OAS1_0015_slice_02_z041.png,Very Mild Dementia/OAS1_0015/OAS1_0015_slice_02_z041.png,OAS1_0015,Very Mild Dementia,1,0,Non-Demented,0,0.5463617425216537,0.36425318798549394,0.08938506949285231,0.0
OASIS_1,RandomForest,101,test,rotation__severe,rotation,severe,D:\OASIS_1\distortions_64\rotation\severe\Very_Mild_Dementia\OAS1_0015\OAS1_0015_slice_03_z043.png,Very_Mild_Dementia/OAS1_0015/OAS1_0015_slice_03_z043.png,Very Mild Dementia/OAS1_0015/OAS1_0015_slice_03_z043.png,OAS1_0015,Very Mild Dementia,1,0,Non-Demented,0,0.5328998223823156,0.21499397112817065,0.2521062064895137,0.0
OASIS_1,RandomForest,101,test,rotation__severe,rotation,severe,D:\OASIS_1\distortions_64\rotation\severe\Very_Mild_Dementia\OAS1_0015\OAS1_0015_slice_04_z046.png,Very_Mild_Dementia/OAS1_0015/OAS1_0015_slice_04_z046.png,Very Mild Dementia/OAS1_0015/OAS1_0015_slice_04_z046.png,OAS1_0015,Very Mild Dementia,1,0,Non-Demented,0,0.516292264309594,0.1886562365015788,0.29171816585549387,0.0033333333333333335
OASIS_1,RandomForest,101,test,rotation__severe,rotation,severe,D:\OASIS_1\distortions_64\rotation\severe\Very_Mild_Dementia\OAS1_0015\OAS1_0015_slice_05_z049.png,Very_Mild_Dementia/OAS1_0015/OAS1_0015_slice_05_z049.png,Very Mild Dementia/OAS1_0015/OAS1_0015_slice_05_z049.png,OAS1_0015,Very Mild Dementia,1,0,Non-Demented,0,0.6013039504775968,0.13474644700906951,0.25728293584666684,0.006666666666666667
OASIS_1,RandomForest,101,test,rotation__severe,rotation,severe,D:\OASIS_1\distortions_64\rotation\severe\Very_Mild_Dementia\OAS1_0015\OAS1_0015_slice_06_z051.png,Very_Mild_Dementia/OAS1_0015/OAS1_0015_slice_06_z051.png,Very Mild Dementia/OAS1_0015/OAS1_0015_slice_06_z051.png,OAS1_0015,Very Mild Dementia,1,0,Non-Demented,0,0.6253177096004966,0.13612991602394373,0.23188570770889314,0.006666666666666667
OASIS_1,RandomForest,101,test,rotation__severe,rotation,severe,D:\OASIS_1\distortions_64\rotation\severe\Very_Mild_Dementia\OAS1_0015\OAS1_0015_slice_07_z054.png,Very_Mild_Dementia/OAS1_0015/OAS1_0015_slice_07_z054.png,Very Mild Dementia/OAS1_0015/OAS1_0015_slice_07_z054.png,OAS1_0015,Very Mild Dementia,1,0,Non-Demented,0,0.6906561980862655,0.23476094944695755,0.074582852466777,0.0
OASIS_1,RandomForest,101,test,rotation__severe,rotation,severe,D:\OASIS_1\distortions_64\rotation\severe\Very_Mild_Dementia\OAS1_0015\OAS1_0015_slice_08_z057.png,Very_Mild_Dementia/OAS1_0015/OAS1_0015_slice_08_z057.png,Very Mild Dementia/OAS1_0015/OAS1_0015_slice_08_z057.png,OAS1_0015,Very Mild Dementia,1,0,Non-Demented,0,0.7078224857978719,0.23001655962726617,0.062160954574862044,0.0
OASIS_1,RandomForest,101,test,rotation__severe,rotation,severe,D:\OASIS_1\distortions_64\rotation\severe\Very_Mild_Dementia\OAS1_0015\OAS1_0015_slice_09_z059.png,Very_Mild_Dementia/OAS1_0015/OAS1_0015_slice_09_z059.png,Very Mild Dementia/OAS1_0015/OAS1_0015_slice_09_z059.png,OAS1_0015,Very Mild Dementia,1,0,Non-Demented,0,0.7112872076499714,0.12346544857163695,0.1652473437783916,0.0
OASIS_1,RandomForest,101,test,rotation__severe,rotation,severe,D:\OASIS_1\distortions_64\rotation\severe\Very_Mild_Dementia\OAS1_0015\OAS1_0015_slice_10_z062.png,Very_Mild_Dementia/OAS1_0015/OAS1_0015_slice_10_z062.png,Very Mild Dementia/OAS1_0015/OAS1_0015_slice_10_z062.png,OAS1_0015,Very Mild Dementia,1,0,Non-Demented,0,0.6853697292492313,0.2299187664882606,0.08471150426250794,0.0
OASIS_1,RandomForest,101,test,rotation__severe,rotation,severe,D:\OASIS_1\distortions_64\rotation\severe\Very_Mild_Dementia\OAS1_0015\OAS1_0015_slice_11_z065.png,Very_Mild_Dementia/OAS1_0015/OAS1_0015_slice_11_z065.png,Very Mild Dementia/OAS1_0015/OAS1_0015_slice_11_z065.png,OAS1_0015,Very Mild Dementia,1,0,Non-Demented,0,0.6851012787621965,0.24497817426966473,0.06658721363480521,0.0033333333333333335
OASIS_1,RandomForest,101,test,rotation__severe,rotation,severe,D:\OASIS_1\distortions_64\rotation\severe\Very_Mild_Dementia\OAS1_0015\OAS1_0015_slice_12_z068.png,Very_Mild_Dementia/OAS1_0015/OAS1_0015_slice_12_z068.png,Very Mild Dementia/OAS1_0015/OAS1_0015_slice_12_z068.png,OAS1_0015,Very Mild Dementia,1,0,Non-Demented,0,0.6672070394505542,0.24277374537898302,0.08335254850379617,0.006666666666666667
OASIS_1,RandomForest,101,test,rotation__severe,rotation,severe,D:\OASIS_1\distortions_64\rotation\severe\Very_Mild_Dementia\OAS1_0015\OAS1_0015_slice_13_z070.png,Very_Mild_Dementia/OAS1_0015/OAS1_0015_slice_13_z070.png,Very Mild Dementia/OAS1_0015/OAS1_0015_slice_13_z070.png,OAS1_0015,Very Mild Dementia,1,0,Non-Demented,0,0.7012407575246503,0.2289862144192716,0.06643969472274447,0.0033333333333333335
OASIS_1,RandomForest,101,test,rotation__severe,rotation,severe,D:\OASIS_1\distortions_64\rotation\severe\Very_Mild_Dementia\OAS1_0015\OAS1_0015_slice_14_z073.png,Very_Mild_Dementia/OAS1_0015/OAS1_0015_slice_14_z073.png,Very Mild Dementia/OAS1_0015/OAS1_0015_slice_14_z073.png,OAS1_0015,Very Mild Dementia,1,0,Non-Demented,0,0.6990036562588575,0.12108386235796643,0.17991248138317611,0.0
OASIS_1,RandomForest,101,test,rotation__severe,rotation,severe,D:\OASIS_1\distortions_64\rotation\severe\Very_Mild_Dementia\OAS1_0015\OAS1_0015_slice_15_z076.png,Very_Mild_Dementia/OAS1_0015/OAS1_0015_slice_15_z076.png,Very Mild Dementia/OAS1_0015/OAS1_0015_slice_15_z076.png,OAS1_0015,Very Mild Dementia,1,0,Non-Demented,0,0.6772410283582612,0.12646702297518927,0.1896252819998828,0.006666666666666667
OASIS_1,RandomForest,101,test,rotation__severe,rotation,severe,D:\OASIS_1\distortions_64\rotation\severe\Very_Mild_Dementia\OAS1_0015\OAS1_0015_slice_16_z078.png,Very_Mild_Dementia/OAS1_0015/OAS1_0015_slice_16_z078.png,Very Mild Dementia/OAS1_0015/OAS1_0015_slice_16_z078.png,OAS1_0015,Very Mild Dementia,1,0,Non-Demented,0,0.6328365540101494,0.30233324515552196,0.06483020083432862,0.0
OASIS_1,RandomForest,101,test,rotation__severe,rotation,severe,D:\OASIS_1\distortions_64\rotation\severe\Very_Mild_Dementia\OAS1_0015\OAS1_0015_slice_17_z081.png,Very_Mild_Dementia/OAS1_0015/OAS1_0015_slice_17_z081.png,Very Mild Dementia/OAS1_0015/OAS1_0015_slice_17_z081.png,OAS1_0015,Very Mild Dementia,1,0,Non-Demented,0,0.6608979538830724,0.16028556676347078,0.1721498126867901,0.006666666666666667
OASIS_1,RandomForest,101,test,rotation__severe,rotation,severe,D:\OASIS_1\distortions_64\rotation\severe\Very_Mild_Dementia\OAS1_0015\OAS1_0015_slice_18_z084.png,Very_Mild_Dementia/OAS1_0015/OAS1_0015_slice_18_z084.png,Very Mild Dementia/OAS1_0015/OAS1_0015_slice_18_z084.png,OAS1_0015,Very Mild Dementia,1,0,Non-Demented,0,0.657123721108947,0.2657112083693649,0.07716507052168824,0.0
OASIS_1,RandomForest,101,test,rotation__severe,rotation,severe,D:\OASIS_1\distortions_64\rotation\severe\Very_Mild_Dementia\OAS1_0015\OAS1_0015_slice_19_z086.png,Very_Mild_Dementia/OAS1_0015/OAS1_0015_slice_19_z086.png,Very Mild Dementia/OAS1_0015/OAS1_0015_slice_19_z086.png,OAS1_0015,Very Mild Dementia,1,0,Non-Demented,0,0.6839202785346802,0.1491957522092668,0.16355063592271982,0.0033333333333333335
OASIS_1,RandomForest,101,test,rotation__severe,rotation,severe,D:\OASIS_1\distortions_64\rotation\severe\Very_Mild_Dementia\OAS1_0015\OAS1_0015_slice_20_z089.png,Very_Mild_Dementia/OAS1_0015/OAS1_0015_slice_20_z089.png,Very Mild Dementia/OAS1_0015/OAS1_0015_slice_20_z089.png,OAS1_0015,Very Mild Dementia,1,0,Non-Demented,0,0.6268310374044552,0.16694173695483924,0.19622722564070563,0.01
OASIS_1,RandomForest,101,test,rotation__severe,rotation,severe,D:\OASIS_1\distortions_64\rotation\severe\Very_Mild_Dementia\OAS1_0022\OAS1_0022_slice_01_z038.png,Very_Mild_Dementia/OAS1_0022/OAS1_0022_slice_01_z038.png,Very Mild Dementia/OAS1_0022/OAS1_0022_slice_01_z038.png,OAS1_0022,Very Mild Dementia,1,0,Non-Demented,0,0.7069885750392495,0.19075257134650922,0.10225885361424106,0.0
OASIS_1,RandomForest,101,test,rotation__severe,rotation,severe,D:\OASIS_1\distortions_64\rotation\severe\Very_Mild_Dementia\OAS1_0022\OAS1_0022_slice_02_z041.png,Very_Mild_Dementia/OAS1_0022/OAS1_0022_slice_02_z041.png,Very Mild Dementia/OAS1_0022/OAS1_0022_slice_02_z041.png,OAS1_0022,Very Mild Dementia,1,0,Non-Demented,0,0.6946971981857694,0.2031401162843088,0.10216268552992186,0.0
OASIS_1,RandomForest,101,test,rotation__severe,rotation,severe,D:\OASIS_1\distortions_64\rotation\severe\Very_Mild_Dementia\OAS1_0022\OAS1_0022_slice_03_z043.png,Very_Mild_Dementia/OAS1_0022/OAS1_0022_slice_03_z043.png,Very Mild Dementia/OAS1_0022/OAS1_0022_slice_03_z043.png,OAS1_0022,Very Mild Dementia,1,0,Non-Demented,0,0.7434990553920341,0.17486600967969573,0.0816349349282698,0.0
OASIS_1,RandomForest,101,test,rotation__severe,rotation,severe,D:\OASIS_1\distortions_64\rotation\severe\Very_Mild_Dementia\OAS1_0022\OAS1_0022_slice_04_z046.png,Very_Mild_Dementia/OAS1_0022/OAS1_0022_slice_04_z046.png,Very Mild Dementia/OAS1_0022/OAS1_0022_slice_04_z046.png,OAS1_0022,Very Mild Dementia,1,0,Non-Demented,0,0.7282831625496882,0.20687818502602384,0.06483865242428795,0.0
OASIS_1,RandomForest,101,test,rotation__severe,rotation,severe,D:\OASIS_1\distortions_64\rotation\severe\Very_Mild_Dementia\OAS1_0022\OAS1_0022_slice_05_z049.png,Very_Mild_Dementia/OAS1_0022/OAS1_0022_slice_05_z049.png,Very Mild Dementia/OAS1_0022/OAS1_0022_slice_05_z049.png,OAS1_0022,Very Mild Dementia,1,0,Non-Demented,0,0.6403806169520827,0.21770869416124516,0.13857735555333928,0.0033333333333333335
OASIS_1,RandomForest,101,test,rotation__severe,rotation,severe,D:\OASIS_1\distortions_64\rotation\severe\Very_Mild_Dementia\OAS1_0022\OAS1_0022_slice_06_z051.png,Very_Mild_Dementia/OAS1_0022/OAS1_0022_slice_06_z051.png,Very Mild Dementia/OAS1_0022/OAS1_0022_slice_06_z051.png,OAS1_0022,Very Mild Dementia,1,0,Non-Demented,0,0.6259964682166205,0.22105031433173788,0.15295321745164153,0.0
OASIS_1,RandomForest,101,test,rotation__severe,rotation,severe,D:\OASIS_1\distortions_64\rotation\severe\Very_Mild_Dementia\OAS1_0022\OAS1_0022_slice_07_z054.png,Very_Mild_Dementia/OAS1_0022/OAS1_0022_slice_07_z054.png,Very Mild Dementia/OAS1_0022/OAS1_0022_slice_07_z054.png,OAS1_0022,Very Mild Dementia,1,0,Non-Demented,0,0.6014309934295372,0.2046199039525341,0.19394910261792866,0.0
OASIS_1,RandomForest,101,test,rotation__severe,rotation,severe,D:\OASIS_1\distortions_64\rotation\severe\Very_Mild_Dementia\OAS1_0022\OAS1_0022_slice_08_z057.png,Very_Mild_Dementia/OAS1_0022/OAS1_0022_slice_08_z057.png,Very Mild Dementia/OAS1_0022/OAS1_0022_slice_08_z057.png,OAS1_0022,Very Mild Dementia,1,0,Non-Demented,0,0.5763142201818626,0.20499614779333256,0.21868963202480468,0.0
OASIS_1,RandomForest,101,test,rotation__severe,rotation,severe,D:\OASIS_1\distortions_64\rotation\severe\Very_Mild_Dementia\OAS1_0022\OAS1_0022_slice_09_z059.png,Very_Mild_Dementia/OAS1_0022/OAS1_0022_slice_09_z059.png,Very Mild Dementia/OAS1_0022/OAS1_0022_slice_09_z059.png,OAS1_0022,Very Mild Dementia,1,0,Non-Demented,0,0.5584470236365696,0.18984476083657648,0.2517082155268538,0.0
OASIS_1,RandomForest,101,test,rotation__severe,rotation,severe,D:\OASIS_1\distortions_64\rotation\severe\Very_Mild_Dementia\OAS1_0022\OAS1_0022_slice_10_z062.png,Very_Mild_Dementia/OAS1_0022/OAS1_0022_slice_10_z062.png,Very Mild Dementia/OAS1_0022/OAS1_0022_slice_10_z062.png,OAS1_0022,Very Mild Dementia,1,0,Non-Demented,0,0.4813809616357341,0.2063800556099656,0.31223898275430023,0.0
OASIS_1,RandomForest,101,test,rotation__severe,rotation,severe,D:\OASIS_1\distortions_64\rotation\severe\Very_Mild_Dementia\OAS1_0022\OAS1_0022_slice_11_z065.png,Very_Mild_Dementia/OAS1_0022/OAS1_0022_slice_11_z065.png,Very Mild Dementia/OAS1_0022/OAS1_0022_slice_11_z065.png,OAS1_0022,Very Mild Dementia,1,0,Non-Demented,0,0.49730867426139186,0.27802672733379874,0.22466459840480904,0.0
OASIS_1,RandomForest,101,test,rotation__severe,rotation,severe,D:\OASIS_1\distortions_64\rotation\severe\Very_Mild_Dementia\OAS1_0022\OAS1_0022_slice_12_z068.png,Very_Mild_Dementia/OAS1_0022/OAS1_0022_slice_12_z068.png,Very Mild Dementia/OAS1_0022/OAS1_0022_slice_12_z068.png,OAS1_0022,Very Mild Dementia,1,0,Non-Demented,0,0.5649598997820001,0.20939627873017502,0.22564382148782508,0.0
OASIS_1,RandomForest,101,test,rotation__severe,rotation,severe,D:\OASIS_1\distortions_64\rotation\severe\Very_Mild_Dementia\OAS1_0022\OAS1_0022_slice_13_z070.png,Very_Mild_Dementia/OAS1_0022/OAS1_0022_slice_13_z070.png,Very Mild Dementia/OAS1_0022/OAS1_0022_slice_13_z070.png,OAS1_0022,Very Mild Dementia,1,0,Non-Demented,0,0.6587562805556353,0.20347556440366246,0.13776815504070206,0.0
OASIS_1,RandomForest,101,test,rotation__severe,rotation,severe,D:\OASIS_1\distortions_64\rotation\severe\Very_Mild_Dementia\OAS1_0022\OAS1_0022_slice_14_z073.png,Very_Mild_Dementia/OAS1_0022/OAS1_0022_slice_14_z073.png,Very Mild Dementia/OAS1_0022/OAS1_0022_slice_14_z073.png,OAS1_0022,Very Mild Dementia,1,0,Non-Demented,0,0.5874330774179758,0.20130051721954975,0.21126640536247435,0.0
OASIS_1,RandomForest,101,test,rotation__severe,rotation,severe,D:\OASIS_1\distortions_64\rotation\severe\Very_Mild_Dementia\OAS1_0022\OAS1_0022_slice_15_z076.png,Very_Mild_Dementia/OAS1_0022/OAS1_0022_slice_15_z076.png,Very Mild Dementia/OAS1_0022/OAS1_0022_slice_15_z076.png,OAS1_0022,Very Mild Dementia,1,0,Non-Demented,0,0.6420842644031243,0.1922058187447093,0.16570991685216635,0.0
OASIS_1,RandomForest,101,test,rotation__severe,rotation,severe,D:\OASIS_1\distortions_64\rotation\severe\Very_Mild_Dementia\OAS1_0022\OAS1_0022_slice_16_z078.png,Very_Mild_Dementia/OAS1_0022/OAS1_0022_slice_16_z078.png,Very Mild Dementia/OAS1_0022/OAS1_0022_slice_16_z078.png,OAS1_0022,Very Mild Dementia,1,0,Non-Demented,0,0.7155622695592675,0.21014984292905123,0.07428788751168144,0.0
OASIS_1,RandomForest,101,test,rotation__severe,rotation,severe,D:\OASIS_1\distortions_64\rotation\severe\Very_Mild_Dementia\OAS1_0022\OAS1_0022_slice_17_z081.png,Very_Mild_Dementia/OAS1_0022/OAS1_0022_slice_17_z081.png,Very Mild Dementia/OAS1_0022/OAS1_0022_slice_17_z081.png,OAS1_0022,Very Mild Dementia,1,0,Non-Demented,0,0.6906749203392483,0.22906153960307138,0.08026354005768031,0.0
OASIS_1,RandomForest,101,test,rotation__severe,rotation,severe,D:\OASIS_1\distortions_64\rotation\severe\Very_Mild_Dementia\OAS1_0022\OAS1_0022_slice_18_z084.png,Very_Mild_Dementia/OAS1_0022/OAS1_0022_slice_18_z084.png,Very Mild Dementia/OAS1_0022/OAS1_0022_slice_18_z084.png,OAS1_0022,Very Mild Dementia,1,0,Non-Demented,0,0.6700240287877018,0.21871134257435193,0.11126462863794578,0.0
OASIS_1,RandomForest,101,test,rotation__severe,rotation,severe,D:\OASIS_1\distortions_64\rotation\severe\Very_Mild_Dementia\OAS1_0022\OAS1_0022_slice_19_z086.png,Very_Mild_Dementia/OAS1_0022/OAS1_0022_slice_19_z086.png,Very Mild Dementia/OAS1_0022/OAS1_0022_slice_19_z086.png,OAS1_0022,Very Mild Dementia,1,0,Non-Demented,0,0.6620381728085474,0.22986729882045098,0.10809452837100117,0.0
OASIS_1,RandomForest,101,test,rotation__severe,rotation,severe,D:\OASIS_1\distortions_64\rotation\severe\Very_Mild_Dementia\OAS1_0022\OAS1_0022_slice_20_z089.png,Very_Mild_Dementia/OAS1_0022/OAS1_0022_slice_20_z089.png,Very Mild Dementia/OAS1_0022/OAS1_0022_slice_20_z089.png,OAS1_0022,Very Mild Dementia,1,0,Non-Demented,0,0.6556593245957174,0.2073702643093553,0.13697041109492694,0.0
OASIS_1,RandomForest,101,test,rotation__severe,rotation,severe,D:\OASIS_1\distortions_64\rotation\severe\Very_Mild_Dementia\OAS1_0120\OAS1_0120_slice_01_z038.png,Very_Mild_Dementia/OAS1_0120/OAS1_0120_slice_01_z038.png,Very Mild Dementia/OAS1_0120/OAS1_0120_slice_01_z038.png,OAS1_0120,Very Mild Dementia,1,1,Very Mild Dementia,1,0.3835878205227073,0.45973844392430513,0.14667373555298796,0.01
OASIS_1,RandomForest,101,test,rotation__severe,rotation,severe,D:\OASIS_1\distortions_64\rotation\severe\Very_Mild_Dementia\OAS1_0120\OAS1_0120_slice_02_z041.png,Very_Mild_Dementia/OAS1_0120/OAS1_0120_slice_02_z041.png,Very Mild Dementia/OAS1_0120/OAS1_0120_slice_02_z041.png,OAS1_0120,Very Mild Dementia,1,0,Non-Demented,0,0.40246614446805423,0.4007179800120751,0.1934825421865373,0.0033333333333333335
OASIS_1,RandomForest,101,test,rotation__severe,rotation,severe,D:\OASIS_1\distortions_64\rotation\severe\Very_Mild_Dementia\OAS1_0120\OAS1_0120_slice_03_z043.png,Very_Mild_Dementia/OAS1_0120/OAS1_0120_slice_03_z043.png,Very Mild Dementia/OAS1_0120/OAS1_0120_slice_03_z043.png,OAS1_0120,Very Mild Dementia,1,0,Non-Demented,0,0.4561368036814791,0.2995641547217436,0.20429904159677714,0.04
OASIS_1,RandomForest,101,test,rotation__severe,rotation,severe,D:\OASIS_1\distortions_64\rotation\severe\Very_Mild_Dementia\OAS1_0120\OAS1_0120_slice_04_z046.png,Very_Mild_Dementia/OAS1_0120/OAS1_0120_slice_04_z046.png,Very Mild Dementia/OAS1_0120/OAS1_0120_slice_04_z046.png,OAS1_0120,Very Mild Dementia,1,0,Non-Demented,0,0.5008702713428145,0.2548079637952565,0.1876550981952623,0.056666666666666664
OASIS_1,RandomForest,101,test,rotation__severe,rotation,severe,D:\OASIS_1\distortions_64\rotation\severe\Very_Mild_Dementia\OAS1_0120\OAS1_0120_slice_05_z049.png,Very_Mild_Dementia/OAS1_0120/OAS1_0120_slice_05_z049.png,Very Mild Dementia/OAS1_0120/OAS1_0120_slice_05_z049.png,OAS1_0120,Very Mild Dementia,1,0,Non-Demented,0,0.3878728383066478,0.3157264403978645,0.2597340546288211,0.03666666666666667
OASIS_1,RandomForest,101,test,rotation__severe,rotation,severe,D:\OASIS_1\distortions_64\rotation\severe\Very_Mild_Dementia\OAS1_0120\OAS1_0120_slice_06_z051.png,Very_Mild_Dementia/OAS1_0120/OAS1_0120_slice_06_z051.png,Very Mild Dementia/OAS1_0120/OAS1_0120_slice_06_z051.png,OAS1_0120,Very Mild Dementia,1,0,Non-Demented,0,0.5640736121220679,0.18513056708623207,0.1907958207916998,0.06
OASIS_1,RandomForest,101,test,rotation__severe,rotation,severe,D:\OASIS_1\distortions_64\rotation\severe\Very_Mild_Dementia\OAS1_0120\OAS1_0120_slice_07_z054.png,Very_Mild_Dementia/OAS1_0120/OAS1_0120_slice_07_z054.png,Very Mild Dementia/OAS1_0120/OAS1_0120_slice_07_z054.png,OAS1_0120,Very Mild Dementia,1,0,Non-Demented,0,0.39756545248492386,0.24636009886361385,0.27607444865146236,0.08
OASIS_1,RandomForest,101,test,rotation__severe,rotation,severe,D:\OASIS_1\distortions_64\rotation\severe\Very_Mild_Dementia\OAS1_0120\OAS1_0120_slice_08_z057.png,Very_Mild_Dementia/OAS1_0120/OAS1_0120_slice_08_z057.png,Very Mild Dementia/OAS1_0120/OAS1_0120_slice_08_z057.png,OAS1_0120,Very Mild Dementia,1,0,Non-Demented,0,0.5894398402993999,0.2331506997361731,0.1374094599644271,0.04
OASIS_1,RandomForest,101,test,rotation__severe,rotation,severe,D:\OASIS_1\distortions_64\rotation\severe\Very_Mild_Dementia\OAS1_0120\OAS1_0120_slice_09_z059.png,Very_Mild_Dementia/OAS1_0120/OAS1_0120_slice_09_z059.png,Very Mild Dementia/OAS1_0120/OAS1_0120_slice_09_z059.png,OAS1_0120,Very Mild Dementia,1,0,Non-Demented,0,0.4348059514601202,0.2038978426654758,0.2846295392077377,0.07666666666666666
OASIS_1,RandomForest,101,test,rotation__severe,rotation,severe,D:\OASIS_1\distortions_64\rotation\severe\Very_Mild_Dementia\OAS1_0120\OAS1_0120_slice_10_z062.png,Very_Mild_Dementia/OAS1_0120/OAS1_0120_slice_10_z062.png,Very Mild Dementia/OAS1_0120/OAS1_0120_slice_10_z062.png,OAS1_0120,Very Mild Dementia,1,0,Non-Demented,0,0.418038400511942,0.20354903965437607,0.29174589316701544,0.08666666666666667
OASIS_1,RandomForest,101,test,rotation__severe,rotation,severe,D:\OASIS_1\distortions_64\rotation\severe\Very_Mild_Dementia\OAS1_0120\OAS1_0120_slice_11_z065.png,Very_Mild_Dementia/OAS1_0120/OAS1_0120_slice_11_z065.png,Very Mild Dementia/OAS1_0120/OAS1_0120_slice_11_z065.png,OAS1_0120,Very Mild Dementia,1,0,Non-Demented,0,0.6167904367344709,0.21862382886958856,0.12458573439594055,0.04
OASIS_1,RandomForest,101,test,rotation__severe,rotation,severe,D:\OASIS_1\distortions_64\rotation\severe\Very_Mild_Dementia\OAS1_0120\OAS1_0120_slice_12_z068.png,Very_Mild_Dementia/OAS1_0120/OAS1_0120_slice_12_z068.png,Very Mild Dementia/OAS1_0120/OAS1_0120_slice_12_z068.png,OAS1_0120,Very Mild Dementia,1,0,Non-Demented,0,0.4330934661809825,0.20846940632325012,0.32510379416243423,0.03333333333333333
OASIS_1,RandomForest,101,test,rotation__severe,rotation,severe,D:\OASIS_1\distortions_64\rotation\severe\Very_Mild_Dementia\OAS1_0120\OAS1_0120_slice_13_z070.png,Very_Mild_Dementia/OAS1_0120/OAS1_0120_slice_13_z070.png,Very Mild Dementia/OAS1_0120/OAS1_0120_slice_13_z070.png,OAS1_0120,Very Mild Dementia,1,0,Non-Demented,0,0.4279094428662997,0.21424659975529503,0.3178439573784051,0.04
OASIS_1,RandomForest,101,test,rotation__severe,rotation,severe,D:\OASIS_1\distortions_64\rotation\severe\Very_Mild_Dementia\OAS1_0120\OAS1_0120_slice_14_z073.png,Very_Mild_Dementia/OAS1_0120/OAS1_0120_slice_14_z073.png,Very Mild Dementia/OAS1_0120/OAS1_0120_slice_14_z073.png,OAS1_0120,Very Mild Dementia,1,0,Non-Demented,0,0.5786569159785266,0.2256654218801694,0.16901099547463724,0.02666666666666667
OASIS_1,RandomForest,101,test,rotation__severe,rotation,severe,D:\OASIS_1\distortions_64\rotation\severe\Very_Mild_Dementia\OAS1_0120\OAS1_0120_slice_15_z076.png,Very_Mild_Dementia/OAS1_0120/OAS1_0120_slice_15_z076.png,Very Mild Dementia/OAS1_0120/OAS1_0120_slice_15_z076.png,OAS1_0120,Very Mild Dementia,1,0,Non-Demented,0,0.5908202009669873,0.22267102140717696,0.16650877762583557,0.02
OASIS_1,RandomForest,101,test,rotation__severe,rotation,severe,D:\OASIS_1\distortions_64\rotation\severe\Very_Mild_Dementia\OAS1_0120\OAS1_0120_slice_16_z078.png,Very_Mild_Dementia/OAS1_0120/OAS1_0120_slice_16_z078.png,Very Mild Dementia/OAS1_0120/OAS1_0120_slice_16_z078.png,OAS1_0120,Very Mild Dementia,1,0,Non-Demented,0,0.5021308959786009,0.28496190847690267,0.2062405288778294,0.006666666666666667
OASIS_1,RandomForest,101,test,rotation__severe,rotation,severe,D:\OASIS_1\distortions_64\rotation\severe\Very_Mild_Dementia\OAS1_0120\OAS1_0120_slice_17_z081.png,Very_Mild_Dementia/OAS1_0120/OAS1_0120_slice_17_z081.png,Very Mild Dementia/OAS1_0120/OAS1_0120_slice_17_z081.png,OAS1_0120,Very Mild Dementia,1,0,Non-Demented,0,0.4180833643761111,0.3318545495075723,0.2500620861163167,0.0
OASIS_1,RandomForest,101,test,rotation__severe,rotation,severe,D:\OASIS_1\distortions_64\rotation\severe\Very_Mild_Dementia\OAS1_0120\OAS1_0120_slice_18_z084.png,Very_Mild_Dementia/OAS1_0120/OAS1_0120_slice_18_z084.png,Very Mild Dementia/OAS1_0120/OAS1_0120_slice_18_z084.png,OAS1_0120,Very Mild Dementia,1,0,Non-Demented,0,0.4581678903787276,0.35487925343252275,0.18695285618874966,0.0
OASIS_1,RandomForest,101,test,rotation__severe,rotation,severe,D:\OASIS_1\distortions_64\rotation\severe\Very_Mild_Dementia\OAS1_0120\OAS1_0120_slice_19_z086.png,Very_Mild_Dementia/OAS1_0120/OAS1_0120_slice_19_z086.png,Very Mild Dementia/OAS1_0120/OAS1_0120_slice_19_z086.png,OAS1_0120,Very Mild Dementia,1,1,Very Mild Dementia,1,0.3406503996930353,0.39184478471014317,0.25750481559682165,0.01
OASIS_1,RandomForest,101,test,rotation__severe,rotation,severe,D:\OASIS_1\distortions_64\rotation\severe\Very_Mild_Dementia\OAS1_0120\OAS1_0120_slice_20_z089.png,Very_Mild_Dementia/OAS1_0120/OAS1_0120_slice_20_z089.png,Very Mild Dementia/OAS1_0120/OAS1_0120_slice_20_z089.png,OAS1_0120,Very Mild Dementia,1,0,Non-Demented,0,0.45171233948770406,0.3888677596123231,0.15941990089997313,0.0
OASIS_1,RandomForest,101,test,rotation__severe,rotation,severe,D:\OASIS_1\distortions_64\rotation\severe\Very_Mild_Dementia\OAS1_0166\OAS1_0166_slice_01_z038.png,Very_Mild_Dementia/OAS1_0166/OAS1_0166_slice_01_z038.png,Very Mild Dementia/OAS1_0166/OAS1_0166_slice_01_z038.png,OAS1_0166,Very Mild Dementia,1,0,Non-Demented,0,0.515778481034009,0.35540728844741015,0.12881423051858087,0.0
OASIS_1,RandomForest,101,test,rotation__severe,rotation,severe,D:\OASIS_1\distortions_64\rotation\severe\Very_Mild_Dementia\OAS1_0166\OAS1_0166_slice_02_z041.png,Very_Mild_Dementia/OAS1_0166/OAS1_0166_slice_02_z041.png,Very Mild Dementia/OAS1_0166/OAS1_0166_slice_02_z041.png,OAS1_0166,Very Mild Dementia,1,0,Non-Demented,0,0.5648362663025982,0.298674271707988,0.1331561286560804,0.0033333333333333335
OASIS_1,RandomForest,101,test,rotation__severe,rotation,severe,D:\OASIS_1\distortions_64\rotation\severe\Very_Mild_Dementia\OAS1_0166\OAS1_0166_slice_03_z043.png,Very_Mild_Dementia/OAS1_0166/OAS1_0166_slice_03_z043.png,Very Mild Dementia/OAS1_0166/OAS1_0166_slice_03_z043.png,OAS1_0166,Very Mild Dementia,1,0,Non-Demented,0,0.6448453581852863,0.3254887353768547,0.0296659064378591,0.0
OASIS_1,RandomForest,101,test,rotation__severe,rotation,severe,D:\OASIS_1\distortions_64\rotation\severe\Very_Mild_Dementia\OAS1_0166\OAS1_0166_slice_04_z046.png,Very_Mild_Dementia/OAS1_0166/OAS1_0166_slice_04_z046.png,Very Mild Dementia/OAS1_0166/OAS1_0166_slice_04_z046.png,OAS1_0166,Very Mild Dementia,1,0,Non-Demented,0,0.6122022401782633,0.24166884665844446,0.14279557982995889,0.0033333333333333335
OASIS_1,RandomForest,101,test,rotation__severe,rotation,severe,D:\OASIS_1\distortions_64\rotation\severe\Very_Mild_Dementia\OAS1_0166\OAS1_0166_slice_05_z049.png,Very_Mild_Dementia/OAS1_0166/OAS1_0166_slice_05_z049.png,Very Mild Dementia/OAS1_0166/OAS1_0166_slice_05_z049.png,OAS1_0166,Very Mild Dementia,1,0,Non-Demented,0,0.6244377738993576,0.22891244339216538,0.1433164493751435,0.0033333333333333335
OASIS_1,RandomForest,101,test,rotation__severe,rotation,severe,D:\OASIS_1\distortions_64\rotation\severe\Very_Mild_Dementia\OAS1_0166\OAS1_0166_slice_06_z051.png,Very_Mild_Dementia/OAS1_0166/OAS1_0166_slice_06_z051.png,Very Mild Dementia/OAS1_0166/OAS1_0166_slice_06_z051.png,OAS1_0166,Very Mild Dementia,1,0,Non-Demented,0,0.5385786006645574,0.4053502345167136,0.05607116481872903,0.0
OASIS_1,RandomForest,101,test,rotation__severe,rotation,severe,D:\OASIS_1\distortions_64\rotation\severe\Very_Mild_Dementia\OAS1_0166\OAS1_0166_slice_07_z054.png,Very_Mild_Dementia/OAS1_0166/OAS1_0166_slice_07_z054.png,Very Mild Dementia/OAS1_0166/OAS1_0166_slice_07_z054.png,OAS1_0166,Very Mild Dementia,1,0,Non-Demented,0,0.6394219009219012,0.22747126480600172,0.12644016760543056,0.006666666666666667
OASIS_1,RandomForest,101,test,rotation__severe,rotation,severe,D:\OASIS_1\distortions_64\rotation\severe\Very_Mild_Dementia\OAS1_0166\OAS1_0166_slice_08_z057.png,Very_Mild_Dementia/OAS1_0166/OAS1_0166_slice_08_z057.png,Very Mild Dementia/OAS1_0166/OAS1_0166_slice_08_z057.png,OAS1_0166,Very Mild Dementia,1,0,Non-Demented,0,0.5621104114705067,0.40188597916548535,0.036003609364008066,0.0
OASIS_1,RandomForest,101,test,rotation__severe,rotation,severe,D:\OASIS_1\distortions_64\rotation\severe\Very_Mild_Dementia\OAS1_0166\OAS1_0166_slice_09_z059.png,Very_Mild_Dementia/OAS1_0166/OAS1_0166_slice_09_z059.png,Very Mild Dementia/OAS1_0166/OAS1_0166_slice_09_z059.png,OAS1_0166,Very Mild Dementia,1,0,Non-Demented,0,0.5457277704156173,0.4143232580327916,0.0399489715515912,0.0
OASIS_1,RandomForest,101,test,rotation__severe,rotation,severe,D:\OASIS_1\distortions_64\rotation\severe\Very_Mild_Dementia\OAS1_0166\OAS1_0166_slice_10_z062.png,Very_Mild_Dementia/OAS1_0166/OAS1_0166_slice_10_z062.png,Very Mild Dementia/OAS1_0166/OAS1_0166_slice_10_z062.png,OAS1_0166,Very Mild Dementia,1,0,Non-Demented,0,0.5522234880202174,0.4082426224166356,0.03953388956314714,0.0
OASIS_1,RandomForest,101,test,rotation__severe,rotation,severe,D:\OASIS_1\distortions_64\rotation\severe\Very_Mild_Dementia\OAS1_0166\OAS1_0166_slice_11_z065.png,Very_Mild_Dementia/OAS1_0166/OAS1_0166_slice_11_z065.png,Very Mild Dementia/OAS1_0166/OAS1_0166_slice_11_z065.png,OAS1_0166,Very Mild Dementia,1,0,Non-Demented,0,0.5481624426960358,0.403997267014872,0.04784029028909228,0.0
OASIS_1,RandomForest,101,test,rotation__severe,rotation,severe,D:\OASIS_1\distortions_64\rotation\severe\Very_Mild_Dementia\OAS1_0166\OAS1_0166_slice_12_z068.png,Very_Mild_Dementia/OAS1_0166/OAS1_0166_slice_12_z068.png,Very Mild Dementia/OAS1_0166/OAS1_0166_slice_12_z068.png,OAS1_0166,Very Mild Dementia,1,0,Non-Demented,0,0.6760920233188098,0.20813070853281612,0.11244393481504057,0.0033333333333333335
OASIS_1,RandomForest,101,test,rotation__severe,rotation,severe,D:\OASIS_1\distortions_64\rotation\severe\Very_Mild_Dementia\OAS1_0166\OAS1_0166_slice_13_z070.png,Very_Mild_Dementia/OAS1_0166/OAS1_0166_slice_13_z070.png,Very Mild Dementia/OAS1_0166/OAS1_0166_slice_13_z070.png,OAS1_0166,Very Mild Dementia,1,0,Non-Demented,0,0.6597652492399625,0.22059933287104788,0.11963541788898946,0.0
OASIS_1,RandomForest,101,test,rotation__severe,rotation,severe,D:\OASIS_1\distortions_64\rotation\severe\Very_Mild_Dementia\OAS1_0166\OAS1_0166_slice_14_z073.png,Very_Mild_Dementia/OAS1_0166/OAS1_0166_slice_14_z073.png,Very Mild Dementia/OAS1_0166/OAS1_0166_slice_14_z073.png,OAS1_0166,Very Mild Dementia,1,0,Non-Demented,0,0.554209279921177,0.4079471715155805,0.0378435485632426,0.0
OASIS_1,RandomForest,101,test,rotation__severe,rotation,severe,D:\OASIS_1\distortions_64\rotation\severe\Very_Mild_Dementia\OAS1_0166\OAS1_0166_slice_15_z076.png,Very_Mild_Dementia/OAS1_0166/OAS1_0166_slice_15_z076.png,Very Mild Dementia/OAS1_0166/OAS1_0166_slice_15_z076.png,OAS1_0166,Very Mild Dementia,1,0,Non-Demented,0,0.639396642839825,0.2322228346460623,0.12171385584744589,0.006666666666666667
OASIS_1,RandomForest,101,test,rotation__severe,rotation,severe,D:\OASIS_1\distortions_64\rotation\severe\Very_Mild_Dementia\OAS1_0166\OAS1_0166_slice_16_z078.png,Very_Mild_Dementia/OAS1_0166/OAS1_0166_slice_16_z078.png,Very Mild Dementia/OAS1_0166/OAS1_0166_slice_16_z078.png,OAS1_0166,Very Mild Dementia,1,0,Non-Demented,0,0.6485783129276559,0.22558445204986086,0.12250390168914997,0.0033333333333333335
OASIS_1,RandomForest,101,test,rotation__severe,rotation,severe,D:\OASIS_1\distortions_64\rotation\severe\Very_Mild_Dementia\OAS1_0166\OAS1_0166_slice_17_z081.png,Very_Mild_Dementia/OAS1_0166/OAS1_0166_slice_17_z081.png,Very Mild Dementia/OAS1_0166/OAS1_0166_slice_17_z081.png,OAS1_0166,Very Mild Dementia,1,0,Non-Demented,0,0.6203760201029108,0.35206548117260067,0.027558498724488678,0.0
OASIS_1,RandomForest,101,test,rotation__severe,rotation,severe,D:\OASIS_1\distortions_64\rotation\severe\Very_Mild_Dementia\OAS1_0166\OAS1_0166_slice_18_z084.png,Very_Mild_Dementia/OAS1_0166/OAS1_0166_slice_18_z084.png,Very Mild Dementia/OAS1_0166/OAS1_0166_slice_18_z084.png,OAS1_0166,Very Mild Dementia,1,0,Non-Demented,0,0.6835308185732164,0.2897881635841603,0.026681017842623344,0.0
OASIS_1,RandomForest,101,test,rotation__severe,rotation,severe,D:\OASIS_1\distortions_64\rotation\severe\Very_Mild_Dementia\OAS1_0166\OAS1_0166_slice_19_z086.png,Very_Mild_Dementia/OAS1_0166/OAS1_0166_slice_19_z086.png,Very Mild Dementia/OAS1_0166/OAS1_0166_slice_19_z086.png,OAS1_0166,Very Mild Dementia,1,0,Non-Demented,0,0.5818254686679625,0.28347190717363,0.128035957491741,0.006666666666666667
OASIS_1,RandomForest,101,test,rotation__severe,rotation,severe,D:\OASIS_1\distortions_64\rotation\severe\Very_Mild_Dementia\OAS1_0166\OAS1_0166_slice_20_z089.png,Very_Mild_Dementia/OAS1_0166/OAS1_0166_slice_20_z089.png,Very Mild Dementia/OAS1_0166/OAS1_0166_slice_20_z089.png,OAS1_0166,Very Mild Dementia,1,0,Non-Demented,0,0.5284752142306525,0.31098926281591904,0.15720218962009525,0.0033333333333333335
OASIS_1,RandomForest,101,test,rotation__severe,rotation,severe,D:\OASIS_1\distortions_64\rotation\severe\Very_Mild_Dementia\OAS1_0210\OAS1_0210_slice_01_z038.png,Very_Mild_Dementia/OAS1_0210/OAS1_0210_slice_01_z038.png,Very Mild Dementia/OAS1_0210/OAS1_0210_slice_01_z038.png,OAS1_0210,Very Mild Dementia,1,0,Non-Demented,0,0.44275993050648443,0.30908229989492514,0.2481577695985904,0.0
OASIS_1,RandomForest,101,test,rotation__severe,rotation,severe,D:\OASIS_1\distortions_64\rotation\severe\Very_Mild_Dementia\OAS1_0210\OAS1_0210_slice_02_z041.png,Very_Mild_Dementia/OAS1_0210/OAS1_0210_slice_02_z041.png,Very Mild Dementia/OAS1_0210/OAS1_0210_slice_02_z041.png,OAS1_0210,Very Mild Dementia,1,0,Non-Demented,0,0.4460624120655539,0.29566149368441424,0.2582760942500316,0.0
OASIS_1,RandomForest,101,test,rotation__severe,rotation,severe,D:\OASIS_1\distortions_64\rotation\severe\Very_Mild_Dementia\OAS1_0210\OAS1_0210_slice_03_z043.png,Very_Mild_Dementia/OAS1_0210/OAS1_0210_slice_03_z043.png,Very Mild Dementia/OAS1_0210/OAS1_0210_slice_03_z043.png,OAS1_0210,Very Mild Dementia,1,0,Non-Demented,0,0.45451264521165463,0.22467786395890546,0.32080949082944005,0.0
OASIS_1,RandomForest,101,test,rotation__severe,rotation,severe,D:\OASIS_1\distortions_64\rotation\severe\Very_Mild_Dementia\OAS1_0210\OAS1_0210_slice_04_z046.png,Very_Mild_Dementia/OAS1_0210/OAS1_0210_slice_04_z046.png,Very Mild Dementia/OAS1_0210/OAS1_0210_slice_04_z046.png,OAS1_0210,Very Mild Dementia,1,0,Non-Demented,0,0.4306248614381447,0.21528311713397807,0.35409202142787705,0.0
OASIS_1,RandomForest,101,test,rotation__severe,rotation,severe,D:\OASIS_1\distortions_64\rotation\severe\Very_Mild_Dementia\OAS1_0210\OAS1_0210_slice_05_z049.png,Very_Mild_Dementia/OAS1_0210/OAS1_0210_slice_05_z049.png,Very Mild Dementia/OAS1_0210/OAS1_0210_slice_05_z049.png,OAS1_0210,Very Mild Dementia,1,0,Non-Demented,0,0.3896203660883213,0.23237937541128048,0.3780002585003981,0.0
OASIS_1,RandomForest,101,test,rotation__severe,rotation,severe,D:\OASIS_1\distortions_64\rotation\severe\Very_Mild_Dementia\OAS1_0210\OAS1_0210_slice_06_z051.png,Very_Mild_Dementia/OAS1_0210/OAS1_0210_slice_06_z051.png,Very Mild Dementia/OAS1_0210/OAS1_0210_slice_06_z051.png,OAS1_0210,Very Mild Dementia,1,0,Non-Demented,0,0.4195241895568133,0.23777222222002958,0.3427035882231571,0.0
OASIS_1,RandomForest,101,test,rotation__severe,rotation,severe,D:\OASIS_1\distortions_64\rotation\severe\Very_Mild_Dementia\OAS1_0210\OAS1_0210_slice_07_z054.png,Very_Mild_Dementia/OAS1_0210/OAS1_0210_slice_07_z054.png,Very Mild Dementia/OAS1_0210/OAS1_0210_slice_07_z054.png,OAS1_0210,Very Mild Dementia,1,0,Non-Demented,0,0.39519773421771487,0.2536317476441775,0.35117051813810757,0.0
OASIS_1,RandomForest,101,test,rotation__severe,rotation,severe,D:\OASIS_1\distortions_64\rotation\severe\Very_Mild_Dementia\OAS1_0210\OAS1_0210_slice_08_z057.png,Very_Mild_Dementia/OAS1_0210/OAS1_0210_slice_08_z057.png,Very Mild Dementia/OAS1_0210/OAS1_0210_slice_08_z057.png,OAS1_0210,Very Mild Dementia,1,2,Mild Dementia,0,0.40489525565657286,0.1819881097792923,0.4131166345641345,0.0
OASIS_1,RandomForest,101,test,rotation__severe,rotation,severe,D:\OASIS_1\distortions_64\rotation\severe\Very_Mild_Dementia\OAS1_0210\OAS1_0210_slice_09_z059.png,Very_Mild_Dementia/OAS1_0210/OAS1_0210_slice_09_z059.png,Very Mild Dementia/OAS1_0210/OAS1_0210_slice_09_z059.png,OAS1_0210,Very Mild Dementia,1,0,Non-Demented,0,0.4022233261329345,0.2521725237715478,0.34560415009551754,0.0
OASIS_1,RandomForest,101,test,rotation__severe,rotation,severe,D:\OASIS_1\distortions_64\rotation\severe\Very_Mild_Dementia\OAS1_0210\OAS1_0210_slice_10_z062.png,Very_Mild_Dementia/OAS1_0210/OAS1_0210_slice_10_z062.png,Very Mild Dementia/OAS1_0210/OAS1_0210_slice_10_z062.png,OAS1_0210,Very Mild Dementia,1,2,Mild Dementia,0,0.37350736822336666,0.2056032635959235,0.42088936818070977,0.0
OASIS_1,RandomForest,101,test,rotation__severe,rotation,severe,D:\OASIS_1\distortions_64\rotation\severe\Very_Mild_Dementia\OAS1_0210\OAS1_0210_slice_11_z065.png,Very_Mild_Dementia/OAS1_0210/OAS1_0210_slice_11_z065.png,Very Mild Dementia/OAS1_0210/OAS1_0210_slice_11_z065.png,OAS1_0210,Very Mild Dementia,1,0,Non-Demented,0,0.39498387129833795,0.2327286521790631,0.3722874765225993,0.0
OASIS_1,RandomForest,101,test,rotation__severe,rotation,severe,D:\OASIS_1\distortions_64\rotation\severe\Very_Mild_Dementia\OAS1_0210\OAS1_0210_slice_12_z068.png,Very_Mild_Dementia/OAS1_0210/OAS1_0210_slice_12_z068.png,Very Mild Dementia/OAS1_0210/OAS1_0210_slice_12_z068.png,OAS1_0210,Very Mild Dementia,1,0,Non-Demented,0,0.41604240133300685,0.2676164935150946,0.3163411051518989,0.0
OASIS_1,RandomForest,101,test,rotation__severe,rotation,severe,D:\OASIS_1\distortions_64\rotation\severe\Very_Mild_Dementia\OAS1_0210\OAS1_0210_slice_13_z070.png,Very_Mild_Dementia/OAS1_0210/OAS1_0210_slice_13_z070.png,Very Mild Dementia/OAS1_0210/OAS1_0210_slice_13_z070.png,OAS1_0210,Very Mild Dementia,1,0,Non-Demented,0,0.43468735242715534,0.2795526846786586,0.2857599628941858,0.0
OASIS_1,RandomForest,101,test,rotation__severe,rotation,severe,D:\OASIS_1\distortions_64\rotation\severe\Very_Mild_Dementia\OAS1_0210\OAS1_0210_slice_14_z073.png,Very_Mild_Dementia/OAS1_0210/OAS1_0210_slice_14_z073.png,Very Mild Dementia/OAS1_0210/OAS1_0210_slice_14_z073.png,OAS1_0210,Very Mild Dementia,1,0,Non-Demented,0,0.4482367249489704,0.20869438276880425,0.34306889228222515,0.0
OASIS_1,RandomForest,101,test,rotation__severe,rotation,severe,D:\OASIS_1\distortions_64\rotation\severe\Very_Mild_Dementia\OAS1_0210\OAS1_0210_slice_15_z076.png,Very_Mild_Dementia/OAS1_0210/OAS1_0210_slice_15_z076.png,Very Mild Dementia/OAS1_0210/OAS1_0210_slice_15_z076.png,OAS1_0210,Very Mild Dementia,1,0,Non-Demented,0,0.42504389251119684,0.28854977454080283,0.28640633294800016,0.0
OASIS_1,RandomForest,101,test,rotation__severe,rotation,severe,D:\OASIS_1\distortions_64\rotation\severe\Very_Mild_Dementia\OAS1_0210\OAS1_0210_slice_16_z078.png,Very_Mild_Dementia/OAS1_0210/OAS1_0210_slice_16_z078.png,Very Mild Dementia/OAS1_0210/OAS1_0210_slice_16_z078.png,OAS1_0210,Very Mild Dementia,1,0,Non-Demented,0,0.4472545590362001,0.27652564719898964,0.2762197937648103,0.0
OASIS_1,RandomForest,101,test,rotation__severe,rotation,severe,D:\OASIS_1\distortions_64\rotation\severe\Very_Mild_Dementia\OAS1_0210\OAS1_0210_slice_17_z081.png,Very_Mild_Dementia/OAS1_0210/OAS1_0210_slice_17_z081.png,Very Mild Dementia/OAS1_0210/OAS1_0210_slice_17_z081.png,OAS1_0210,Very Mild Dementia,1,0,Non-Demented,0,0.4408192580550471,0.24883343061293137,0.3103473113320217,0.0
OASIS_1,RandomForest,101,test,rotation__severe,rotation,severe,D:\OASIS_1\distortions_64\rotation\severe\Very_Mild_Dementia\OAS1_0210\OAS1_0210_slice_18_z084.png,Very_Mild_Dementia/OAS1_0210/OAS1_0210_slice_18_z084.png,Very Mild Dementia/OAS1_0210/OAS1_0210_slice_18_z084.png,OAS1_0210,Very Mild Dementia,1,0,Non-Demented,0,0.40995804082705173,0.2836950972906511,0.3063468618822975,0.0
OASIS_1,RandomForest,101,test,rotation__severe,rotation,severe,D:\OASIS_1\distortions_64\rotation\severe\Very_Mild_Dementia\OAS1_0210\OAS1_0210_slice_19_z086.png,Very_Mild_Dementia/OAS1_0210/OAS1_0210_slice_19_z086.png,Very Mild Dementia/OAS1_0210/OAS1_0210_slice_19_z086.png,OAS1_0210,Very Mild Dementia,1,0,Non-Demented,0,0.38868595792546384,0.34574787569360105,0.2655661663809353,0.0
OASIS_1,RandomForest,101,test,rotation__severe,rotation,severe,D:\OASIS_1\distortions_64\rotation\severe\Very_Mild_Dementia\OAS1_0210\OAS1_0210_slice_20_z089.png,Very_Mild_Dementia/OAS1_0210/OAS1_0210_slice_20_z089.png,Very Mild Dementia/OAS1_0210/OAS1_0210_slice_20_z089.png,OAS1_0210,Very Mild Dementia,1,1,Very Mild Dementia,1,0.3383430399310626,0.4949178055826464,0.16673915448629106,0.0
OASIS_1,RandomForest,101,test,rotation__severe,rotation,severe,D:\OASIS_1\distortions_64\rotation\severe\Very_Mild_Dementia\OAS1_0287\OAS1_0287_slice_01_z038.png,Very_Mild_Dementia/OAS1_0287/OAS1_0287_slice_01_z038.png,Very Mild Dementia/OAS1_0287/OAS1_0287_slice_01_z038.png,OAS1_0287,Very Mild Dementia,1,1,Very Mild Dementia,1,0.4176587819457969,0.5072413244265616,0.07509989362764127,0.0
OASIS_1,RandomForest,101,test,rotation__severe,rotation,severe,D:\OASIS_1\distortions_64\rotation\severe\Very_Mild_Dementia\OAS1_0287\OAS1_0287_slice_02_z041.png,Very_Mild_Dementia/OAS1_0287/OAS1_0287_slice_02_z041.png,Very Mild Dementia/OAS1_0287/OAS1_0287_slice_02_z041.png,OAS1_0287,Very Mild Dementia,1,1,Very Mild Dementia,1,0.4196618504782263,0.5078377836709437,0.07250036585082964,0.0
OASIS_1,RandomForest,101,test,rotation__severe,rotation,severe,D:\OASIS_1\distortions_64\rotation\severe\Very_Mild_Dementia\OAS1_0287\OAS1_0287_slice_03_z043.png,Very_Mild_Dementia/OAS1_0287/OAS1_0287_slice_03_z043.png,Very Mild Dementia/OAS1_0287/OAS1_0287_slice_03_z043.png,OAS1_0287,Very Mild Dementia,1,0,Non-Demented,0,0.4884770320584537,0.4325188799929163,0.07900408794862973,0.0
OASIS_1,RandomForest,101,test,rotation__severe,rotation,severe,D:\OASIS_1\distortions_64\rotation\severe\Very_Mild_Dementia\OAS1_0287\OAS1_0287_slice_04_z046.png,Very_Mild_Dementia/OAS1_0287/OAS1_0287_slice_04_z046.png,Very Mild Dementia/OAS1_0287/OAS1_0287_slice_04_z046.png,OAS1_0287,Very Mild Dementia,1,1,Very Mild Dementia,1,0.4051789430724824,0.5118436311497714,0.08297742577774612,0.0
OASIS_1,RandomForest,101,test,rotation__severe,rotation,severe,D:\OASIS_1\distortions_64\rotation\severe\Very_Mild_Dementia\OAS1_0287\OAS1_0287_slice_05_z049.png,Very_Mild_Dementia/OAS1_0287/OAS1_0287_slice_05_z049.png,Very Mild Dementia/OAS1_0287/OAS1_0287_slice_05_z049.png,OAS1_0287,Very Mild Dementia,1,0,Non-Demented,0,0.47207943159729754,0.4099820427541121,0.11793852564859002,0.0
OASIS_1,RandomForest,101,test,rotation__severe,rotation,severe,D:\OASIS_1\distortions_64\rotation\severe\Very_Mild_Dementia\OAS1_0287\OAS1_0287_slice_06_z051.png,Very_Mild_Dementia/OAS1_0287/OAS1_0287_slice_06_z051.png,Very Mild Dementia/OAS1_0287/OAS1_0287_slice_06_z051.png,OAS1_0287,Very Mild Dementia,1,0,Non-Demented,0,0.47058711736642106,0.4167337909907152,0.11267909164286309,0.0
OASIS_1,RandomForest,101,test,rotation__severe,rotation,severe,D:\OASIS_1\distortions_64\rotation\severe\Very_Mild_Dementia\OAS1_0287\OAS1_0287_slice_07_z054.png,Very_Mild_Dementia/OAS1_0287/OAS1_0287_slice_07_z054.png,Very Mild Dementia/OAS1_0287/OAS1_0287_slice_07_z054.png,OAS1_0287,Very Mild Dementia,1,0,Non-Demented,0,0.47132104334318553,0.43544309506022083,0.09323586159659342,0.0
OASIS_1,RandomForest,101,test,rotation__severe,rotation,severe,D:\OASIS_1\distortions_64\rotation\severe\Very_Mild_Dementia\OAS1_0287\OAS1_0287_slice_08_z057.png,Very_Mild_Dementia/OAS1_0287/OAS1_0287_slice_08_z057.png,Very Mild Dementia/OAS1_0287/OAS1_0287_slice_08_z057.png,OAS1_0287,Very Mild Dementia,1,0,Non-Demented,0,0.4823830692120099,0.4175461467520002,0.1000707840359895,0.0
OASIS_1,RandomForest,101,test,rotation__severe,rotation,severe,D:\OASIS_1\distortions_64\rotation\severe\Very_Mild_Dementia\OAS1_0287\OAS1_0287_slice_09_z059.png,Very_Mild_Dementia/OAS1_0287/OAS1_0287_slice_09_z059.png,Very Mild Dementia/OAS1_0287/OAS1_0287_slice_09_z059.png,OAS1_0287,Very Mild Dementia,1,1,Very Mild Dementia,1,0.4256143047873433,0.44155931706264795,0.13282637815000867,0.0
OASIS_1,RandomForest,101,test,rotation__severe,rotation,severe,D:\OASIS_1\distortions_64\rotation\severe\Very_Mild_Dementia\OAS1_0287\OAS1_0287_slice_10_z062.png,Very_Mild_Dementia/OAS1_0287/OAS1_0287_slice_10_z062.png,Very Mild Dementia/OAS1_0287/OAS1_0287_slice_10_z062.png,OAS1_0287,Very Mild Dementia,1,1,Very Mild Dementia,1,0.4163586314242695,0.43143464407907584,0.15220672449665482,0.0
OASIS_1,RandomForest,101,test,rotation__severe,rotation,severe,D:\OASIS_1\distortions_64\rotation\severe\Very_Mild_Dementia\OAS1_0287\OAS1_0287_slice_11_z065.png,Very_Mild_Dementia/OAS1_0287/OAS1_0287_slice_11_z065.png,Very Mild Dementia/OAS1_0287/OAS1_0287_slice_11_z065.png,OAS1_0287,Very Mild Dementia,1,1,Very Mild Dementia,1,0.30658538441623634,0.5275472703830766,0.16586734520068666,0.0
OASIS_1,RandomForest,101,test,rotation__severe,rotation,severe,D:\OASIS_1\distortions_64\rotation\severe\Very_Mild_Dementia\OAS1_0287\OAS1_0287_slice_12_z068.png,Very_Mild_Dementia/OAS1_0287/OAS1_0287_slice_12_z068.png,Very Mild Dementia/OAS1_0287/OAS1_0287_slice_12_z068.png,OAS1_0287,Very Mild Dementia,1,1,Very Mild Dementia,1,0.32204947857608685,0.5523079051002813,0.12564261632363166,0.0
OASIS_1,RandomForest,101,test,rotation__severe,rotation,severe,D:\OASIS_1\distortions_64\rotation\severe\Very_Mild_Dementia\OAS1_0287\OAS1_0287_slice_13_z070.png,Very_Mild_Dementia/OAS1_0287/OAS1_0287_slice_13_z070.png,Very Mild Dementia/OAS1_0287/OAS1_0287_slice_13_z070.png,OAS1_0287,Very Mild Dementia,1,1,Very Mild Dementia,1,0.4167353670234094,0.4403731171368771,0.1428915158397134,0.0
OASIS_1,RandomForest,101,test,rotation__severe,rotation,severe,D:\OASIS_1\distortions_64\rotation\severe\Very_Mild_Dementia\OAS1_0287\OAS1_0287_slice_14_z073.png,Very_Mild_Dementia/OAS1_0287/OAS1_0287_slice_14_z073.png,Very Mild Dementia/OAS1_0287/OAS1_0287_slice_14_z073.png,OAS1_0287,Very Mild Dementia,1,1,Very Mild Dementia,1,0.4382715946073439,0.48004993198558843,0.0816784734070675,0.0
OASIS_1,RandomForest,101,test,rotation__severe,rotation,severe,D:\OASIS_1\distortions_64\rotation\severe\Very_Mild_Dementia\OAS1_0287\OAS1_0287_slice_15_z076.png,Very_Mild_Dementia/OAS1_0287/OAS1_0287_slice_15_z076.png,Very Mild Dementia/OAS1_0287/OAS1_0287_slice_15_z076.png,OAS1_0287,Very Mild Dementia,1,1,Very Mild Dementia,1,0.4124252852211706,0.5009526808839827,0.08662203389484643,0.0
OASIS_1,RandomForest,101,test,rotation__severe,rotation,severe,D:\OASIS_1\distortions_64\rotation\severe\Very_Mild_Dementia\OAS1_0287\OAS1_0287_slice_16_z078.png,Very_Mild_Dementia/OAS1_0287/OAS1_0287_slice_16_z078.png,Very Mild Dementia/OAS1_0287/OAS1_0287_slice_16_z078.png,OAS1_0287,Very Mild Dementia,1,1,Very Mild Dementia,1,0.3934897277552866,0.5073767054859573,0.09913356675875615,0.0
OASIS_1,RandomForest,101,test,rotation__severe,rotation,severe,D:\OASIS_1\distortions_64\rotation\severe\Very_Mild_Dementia\OAS1_0287\OAS1_0287_slice_17_z081.png,Very_Mild_Dementia/OAS1_0287/OAS1_0287_slice_17_z081.png,Very Mild Dementia/OAS1_0287/OAS1_0287_slice_17_z081.png,OAS1_0287,Very Mild Dementia,1,1,Very Mild Dementia,1,0.40577645608217483,0.5106588457312942,0.08356469818653092,0.0
OASIS_1,RandomForest,101,test,rotation__severe,rotation,severe,D:\OASIS_1\distortions_64\rotation\severe\Very_Mild_Dementia\OAS1_0287\OAS1_0287_slice_18_z084.png,Very_Mild_Dementia/OAS1_0287/OAS1_0287_slice_18_z084.png,Very Mild Dementia/OAS1_0287/OAS1_0287_slice_18_z084.png,OAS1_0287,Very Mild Dementia,1,1,Very Mild Dementia,1,0.4217745528068424,0.4806740770091023,0.09755137018405524,0.0
OASIS_1,RandomForest,101,test,rotation__severe,rotation,severe,D:\OASIS_1\distortions_64\rotation\severe\Very_Mild_Dementia\OAS1_0287\OAS1_0287_slice_19_z086.png,Very_Mild_Dementia/OAS1_0287/OAS1_0287_slice_19_z086.png,Very Mild Dementia/OAS1_0287/OAS1_0287_slice_19_z086.png,OAS1_0287,Very Mild Dementia,1,1,Very Mild Dementia,1,0.35325613051321353,0.5785614078657578,0.06818246162102866,0.0
OASIS_1,RandomForest,101,test,rotation__severe,rotation,severe,D:\OASIS_1\distortions_64\rotation\severe\Very_Mild_Dementia\OAS1_0287\OAS1_0287_slice_20_z089.png,Very_Mild_Dementia/OAS1_0287/OAS1_0287_slice_20_z089.png,Very Mild Dementia/OAS1_0287/OAS1_0287_slice_20_z089.png,OAS1_0287,Very Mild Dementia,1,0,Non-Demented,0,0.48045733580837396,0.43611774532930325,0.08342491886232256,0.0
OASIS_1,RandomForest,101,test,rotation__severe,rotation,severe,D:\OASIS_1\distortions_64\rotation\severe\Very_Mild_Dementia\OAS1_0312\OAS1_0312_slice_01_z038.png,Very_Mild_Dementia/OAS1_0312/OAS1_0312_slice_01_z038.png,Very Mild Dementia/OAS1_0312/OAS1_0312_slice_01_z038.png,OAS1_0312,Very Mild Dementia,1,0,Non-Demented,0,0.5052123547703808,0.33282809492993,0.16195955029968875,0.0
OASIS_1,RandomForest,101,test,rotation__severe,rotation,severe,D:\OASIS_1\distortions_64\rotation\severe\Very_Mild_Dementia\OAS1_0312\OAS1_0312_slice_02_z041.png,Very_Mild_Dementia/OAS1_0312/OAS1_0312_slice_02_z041.png,Very Mild Dementia/OAS1_0312/OAS1_0312_slice_02_z041.png,OAS1_0312,Very Mild Dementia,1,0,Non-Demented,0,0.5668252847791703,0.2864771084800564,0.14003094007410657,0.006666666666666667
OASIS_1,RandomForest,101,test,rotation__severe,rotation,severe,D:\OASIS_1\distortions_64\rotation\severe\Very_Mild_Dementia\OAS1_0312\OAS1_0312_slice_03_z043.png,Very_Mild_Dementia/OAS1_0312/OAS1_0312_slice_03_z043.png,Very Mild Dementia/OAS1_0312/OAS1_0312_slice_03_z043.png,OAS1_0312,Very Mild Dementia,1,0,Non-Demented,0,0.45967206792878285,0.29375203772996256,0.24657589434125451,0.0
OASIS_1,RandomForest,101,test,rotation__severe,rotation,severe,D:\OASIS_1\distortions_64\rotation\severe\Very_Mild_Dementia\OAS1_0312\OAS1_0312_slice_04_z046.png,Very_Mild_Dementia/OAS1_0312/OAS1_0312_slice_04_z046.png,Very Mild Dementia/OAS1_0312/OAS1_0312_slice_04_z046.png,OAS1_0312,Very Mild Dementia,1,0,Non-Demented,0,0.5958175663401271,0.3177347995718233,0.08311430075471611,0.0033333333333333335
OASIS_1,RandomForest,101,test,rotation__severe,rotation,severe,D:\OASIS_1\distortions_64\rotation\severe\Very_Mild_Dementia\OAS1_0312\OAS1_0312_slice_05_z049.png,Very_Mild_Dementia/OAS1_0312/OAS1_0312_slice_05_z049.png,Very Mild Dementia/OAS1_0312/OAS1_0312_slice_05_z049.png,OAS1_0312,Very Mild Dementia,1,0,Non-Demented,0,0.5107136323348136,0.22904295307764555,0.25357674792087415,0.006666666666666667
OASIS_1,RandomForest,101,test,rotation__severe,rotation,severe,D:\OASIS_1\distortions_64\rotation\severe\Very_Mild_Dementia\OAS1_0312\OAS1_0312_slice_06_z051.png,Very_Mild_Dementia/OAS1_0312/OAS1_0312_slice_06_z051.png,Very Mild Dementia/OAS1_0312/OAS1_0312_slice_06_z051.png,OAS1_0312,Very Mild Dementia,1,0,Non-Demented,0,0.47477807814643674,0.22504217675978136,0.29017974509378225,0.01
OASIS_1,RandomForest,101,test,rotation__severe,rotation,severe,D:\OASIS_1\distortions_64\rotation\severe\Very_Mild_Dementia\OAS1_0312\OAS1_0312_slice_07_z054.png,Very_Mild_Dementia/OAS1_0312/OAS1_0312_slice_07_z054.png,Very Mild Dementia/OAS1_0312/OAS1_0312_slice_07_z054.png,OAS1_0312,Very Mild Dementia,1,0,Non-Demented,0,0.5909148877475288,0.33391530714748985,0.07183647177164795,0.0033333333333333335
OASIS_1,RandomForest,101,test,rotation__severe,rotation,severe,D:\OASIS_1\distortions_64\rotation\severe\Very_Mild_Dementia\OAS1_0312\OAS1_0312_slice_08_z057.png,Very_Mild_Dementia/OAS1_0312/OAS1_0312_slice_08_z057.png,Very Mild Dementia/OAS1_0312/OAS1_0312_slice_08_z057.png,OAS1_0312,Very Mild Dementia,1,0,Non-Demented,0,0.475108033796262,0.190686447618343,0.31087218525206184,0.023333333333333334
OASIS_1,RandomForest,101,test,rotation__severe,rotation,severe,D:\OASIS_1\distortions_64\rotation\severe\Very_Mild_Dementia\OAS1_0312\OAS1_0312_slice_09_z059.png,Very_Mild_Dementia/OAS1_0312/OAS1_0312_slice_09_z059.png,Very Mild Dementia/OAS1_0312/OAS1_0312_slice_09_z059.png,OAS1_0312,Very Mild Dementia,1,0,Non-Demented,0,0.4879787349092691,0.1803112869810274,0.31837664477637023,0.013333333333333334
OASIS_1,RandomForest,101,test,rotation__severe,rotation,severe,D:\OASIS_1\distortions_64\rotation\severe\Very_Mild_Dementia\OAS1_0312\OAS1_0312_slice_10_z062.png,Very_Mild_Dementia/OAS1_0312/OAS1_0312_slice_10_z062.png,Very Mild Dementia/OAS1_0312/OAS1_0312_slice_10_z062.png,OAS1_0312,Very Mild Dementia,1,0,Non-Demented,0,0.5982033694559734,0.3023445030277213,0.09278546084963861,0.006666666666666667
OASIS_1,RandomForest,101,test,rotation__severe,rotation,severe,D:\OASIS_1\distortions_64\rotation\severe\Very_Mild_Dementia\OAS1_0312\OAS1_0312_slice_11_z065.png,Very_Mild_Dementia/OAS1_0312/OAS1_0312_slice_11_z065.png,Very Mild Dementia/OAS1_0312/OAS1_0312_slice_11_z065.png,OAS1_0312,Very Mild Dementia,1,0,Non-Demented,0,0.48400920384241997,0.1969922475278887,0.3089985486296915,0.01
OASIS_1,RandomForest,101,test,rotation__severe,rotation,severe,D:\OASIS_1\distortions_64\rotation\severe\Very_Mild_Dementia\OAS1_0312\OAS1_0312_slice_12_z068.png,Very_Mild_Dementia/OAS1_0312/OAS1_0312_slice_12_z068.png,Very Mild Dementia/OAS1_0312/OAS1_0312_slice_12_z068.png,OAS1_0312,Very Mild Dementia,1,0,Non-Demented,0,0.6617154670838433,0.24786787901401122,0.08374998723547865,0.006666666666666667
OASIS_1,RandomForest,101,test,rotation__severe,rotation,severe,D:\OASIS_1\distortions_64\rotation\severe\Very_Mild_Dementia\OAS1_0312\OAS1_0312_slice_13_z070.png,Very_Mild_Dementia/OAS1_0312/OAS1_0312_slice_13_z070.png,Very Mild Dementia/OAS1_0312/OAS1_0312_slice_13_z070.png,OAS1_0312,Very Mild Dementia,1,0,Non-Demented,0,0.6403015673580061,0.27651200383049124,0.07985309547816904,0.0033333333333333335
OASIS_1,RandomForest,101,test,rotation__severe,rotation,severe,D:\OASIS_1\distortions_64\rotation\severe\Very_Mild_Dementia\OAS1_0312\OAS1_0312_slice_14_z073.png,Very_Mild_Dementia/OAS1_0312/OAS1_0312_slice_14_z073.png,Very Mild Dementia/OAS1_0312/OAS1_0312_slice_14_z073.png,OAS1_0312,Very Mild Dementia,1,0,Non-Demented,0,0.4532622859163425,0.19379330399421535,0.3462777434227752,0.006666666666666667
OASIS_1,RandomForest,101,test,rotation__severe,rotation,severe,D:\OASIS_1\distortions_64\rotation\severe\Very_Mild_Dementia\OAS1_0312\OAS1_0312_slice_15_z076.png,Very_Mild_Dementia/OAS1_0312/OAS1_0312_slice_15_z076.png,Very Mild Dementia/OAS1_0312/OAS1_0312_slice_15_z076.png,OAS1_0312,Very Mild Dementia,1,0,Non-Demented,0,0.4502501065675519,0.20325608528626382,0.33316047481285066,0.013333333333333334
OASIS_1,RandomForest,101,test,rotation__severe,rotation,severe,D:\OASIS_1\distortions_64\rotation\severe\Very_Mild_Dementia\OAS1_0312\OAS1_0312_slice_16_z078.png,Very_Mild_Dementia/OAS1_0312/OAS1_0312_slice_16_z078.png,Very Mild Dementia/OAS1_0312/OAS1_0312_slice_16_z078.png,OAS1_0312,Very Mild Dementia,1,0,Non-Demented,0,0.5848517616326866,0.3220631097091374,0.08641846199150915,0.006666666666666667
OASIS_1,RandomForest,101,test,rotation__severe,rotation,severe,D:\OASIS_1\distortions_64\rotation\severe\Very_Mild_Dementia\OAS1_0312\OAS1_0312_slice_17_z081.png,Very_Mild_Dementia/OAS1_0312/OAS1_0312_slice_17_z081.png,Very Mild Dementia/OAS1_0312/OAS1_0312_slice_17_z081.png,OAS1_0312,Very Mild Dementia,1,0,Non-Demented,0,0.5694446568000289,0.3096645462598597,0.11089079694011131,0.01
OASIS_1,RandomForest,101,test,rotation__severe,rotation,severe,D:\OASIS_1\distortions_64\rotation\severe\Very_Mild_Dementia\OAS1_0312\OAS1_0312_slice_18_z084.png,Very_Mild_Dementia/OAS1_0312/OAS1_0312_slice_18_z084.png,Very Mild Dementia/OAS1_0312/OAS1_0312_slice_18_z084.png,OAS1_0312,Very Mild Dementia,1,0,Non-Demented,0,0.5092921927265862,0.31938398060951056,0.1646571599972362,0.006666666666666667
OASIS_1,RandomForest,101,test,rotation__severe,rotation,severe,D:\OASIS_1\distortions_64\rotation\severe\Very_Mild_Dementia\OAS1_0312\OAS1_0312_slice_19_z086.png,Very_Mild_Dementia/OAS1_0312/OAS1_0312_slice_19_z086.png,Very Mild Dementia/OAS1_0312/OAS1_0312_slice_19_z086.png,OAS1_0312,Very Mild Dementia,1,0,Non-Demented,0,0.5474809841825917,0.283341140988682,0.16584454149539296,0.0033333333333333335
OASIS_1,RandomForest,101,test,rotation__severe,rotation,severe,D:\OASIS_1\distortions_64\rotation\severe\Very_Mild_Dementia\OAS1_0312\OAS1_0312_slice_20_z089.png,Very_Mild_Dementia/OAS1_0312/OAS1_0312_slice_20_z089.png,Very Mild Dementia/OAS1_0312/OAS1_0312_slice_20_z089.png,OAS1_0312,Very Mild Dementia,1,0,Non-Demented,0,0.5254138990664843,0.30212093679588176,0.17246516413763385,0.0
OASIS_1,RandomForest,101,test,rotation__severe,rotation,severe,D:\OASIS_1\distortions_64\rotation\severe\Very_Mild_Dementia\OAS1_0380\OAS1_0380_slice_01_z038.png,Very_Mild_Dementia/OAS1_0380/OAS1_0380_slice_01_z038.png,Very Mild Dementia/OAS1_0380/OAS1_0380_slice_01_z038.png,OAS1_0380,Very Mild Dementia,1,0,Non-Demented,0,0.4004783389007673,0.3989050253771985,0.20061663572203423,0.0
OASIS_1,RandomForest,101,test,rotation__severe,rotation,severe,D:\OASIS_1\distortions_64\rotation\severe\Very_Mild_Dementia\OAS1_0380\OAS1_0380_slice_02_z041.png,Very_Mild_Dementia/OAS1_0380/OAS1_0380_slice_02_z041.png,Very Mild Dementia/OAS1_0380/OAS1_0380_slice_02_z041.png,OAS1_0380,Very Mild Dementia,1,1,Very Mild Dementia,1,0.3617577300177894,0.38011855988152393,0.25812371010068674,0.0
OASIS_1,RandomForest,101,test,rotation__severe,rotation,severe,D:\OASIS_1\distortions_64\rotation\severe\Very_Mild_Dementia\OAS1_0380\OAS1_0380_slice_03_z043.png,Very_Mild_Dementia/OAS1_0380/OAS1_0380_slice_03_z043.png,Very Mild Dementia/OAS1_0380/OAS1_0380_slice_03_z043.png,OAS1_0380,Very Mild Dementia,1,0,Non-Demented,0,0.43795918709369486,0.36473152440344253,0.19730928850286264,0.0
OASIS_1,RandomForest,101,test,rotation__severe,rotation,severe,D:\OASIS_1\distortions_64\rotation\severe\Very_Mild_Dementia\OAS1_0380\OAS1_0380_slice_04_z046.png,Very_Mild_Dementia/OAS1_0380/OAS1_0380_slice_04_z046.png,Very Mild Dementia/OAS1_0380/OAS1_0380_slice_04_z046.png,OAS1_0380,Very Mild Dementia,1,0,Non-Demented,0,0.3891357316445776,0.374151216294225,0.23671305206119736,0.0
OASIS_1,RandomForest,101,test,rotation__severe,rotation,severe,D:\OASIS_1\distortions_64\rotation\severe\Very_Mild_Dementia\OAS1_0380\OAS1_0380_slice_05_z049.png,Very_Mild_Dementia/OAS1_0380/OAS1_0380_slice_05_z049.png,Very Mild Dementia/OAS1_0380/OAS1_0380_slice_05_z049.png,OAS1_0380,Very Mild Dementia,1,0,Non-Demented,0,0.3998882537035982,0.39743276073909056,0.20267898555731126,0.0
OASIS_1,RandomForest,101,test,rotation__severe,rotation,severe,D:\OASIS_1\distortions_64\rotation\severe\Very_Mild_Dementia\OAS1_0380\OAS1_0380_slice_06_z051.png,Very_Mild_Dementia/OAS1_0380/OAS1_0380_slice_06_z051.png,Very Mild Dementia/OAS1_0380/OAS1_0380_slice_06_z051.png,OAS1_0380,Very Mild Dementia,1,0,Non-Demented,0,0.4228549222841498,0.3776416069381685,0.19950347077768146,0.0
OASIS_1,RandomForest,101,test,rotation__severe,rotation,severe,D:\OASIS_1\distortions_64\rotation\severe\Very_Mild_Dementia\OAS1_0380\OAS1_0380_slice_07_z054.png,Very_Mild_Dementia/OAS1_0380/OAS1_0380_slice_07_z054.png,Very Mild Dementia/OAS1_0380/OAS1_0380_slice_07_z054.png,OAS1_0380,Very Mild Dementia,1,2,Mild Dementia,0,0.3208162561336002,0.3156436272771654,0.3568734499225681,0.006666666666666667
OASIS_1,RandomForest,101,test,rotation__severe,rotation,severe,D:\OASIS_1\distortions_64\rotation\severe\Very_Mild_Dementia\OAS1_0380\OAS1_0380_slice_08_z057.png,Very_Mild_Dementia/OAS1_0380/OAS1_0380_slice_08_z057.png,Very Mild Dementia/OAS1_0380/OAS1_0380_slice_08_z057.png,OAS1_0380,Very Mild Dementia,1,2,Mild Dementia,0,0.2556808150612259,0.33206289492103563,0.4089229566844051,0.0033333333333333335
OASIS_1,RandomForest,101,test,rotation__severe,rotation,severe,D:\OASIS_1\distortions_64\rotation\severe\Very_Mild_Dementia\OAS1_0380\OAS1_0380_slice_09_z059.png,Very_Mild_Dementia/OAS1_0380/OAS1_0380_slice_09_z059.png,Very Mild Dementia/OAS1_0380/OAS1_0380_slice_09_z059.png,OAS1_0380,Very Mild Dementia,1,0,Non-Demented,0,0.3999739689549587,0.3500721529010024,0.24995387814403894,0.0
OASIS_1,RandomForest,101,test,rotation__severe,rotation,severe,D:\OASIS_1\distortions_64\rotation\severe\Very_Mild_Dementia\OAS1_0380\OAS1_0380_slice_10_z062.png,Very_Mild_Dementia/OAS1_0380/OAS1_0380_slice_10_z062.png,Very Mild Dementia/OAS1_0380/OAS1_0380_slice_10_z062.png,OAS1_0380,Very Mild Dementia,1,2,Mild Dementia,0,0.272971343478834,0.34297966054728796,0.3840489959738782,0.0
OASIS_1,RandomForest,101,test,rotation__severe,rotation,severe,D:\OASIS_1\distortions_64\rotation\severe\Very_Mild_Dementia\OAS1_0380\OAS1_0380_slice_11_z065.png,Very_Mild_Dementia/OAS1_0380/OAS1_0380_slice_11_z065.png,Very Mild Dementia/OAS1_0380/OAS1_0380_slice_11_z065.png,OAS1_0380,Very Mild Dementia,1,2,Mild Dementia,0,0.25639803576572445,0.3615996846170934,0.38200227961718214,0.0
OASIS_1,RandomForest,101,test,rotation__severe,rotation,severe,D:\OASIS_1\distortions_64\rotation\severe\Very_Mild_Dementia\OAS1_0380\OAS1_0380_slice_12_z068.png,Very_Mild_Dementia/OAS1_0380/OAS1_0380_slice_12_z068.png,Very Mild Dementia/OAS1_0380/OAS1_0380_slice_12_z068.png,OAS1_0380,Very Mild Dementia,1,1,Very Mild Dementia,1,0.28821307269994545,0.36520191174546346,0.34658501555459115,0.0
OASIS_1,RandomForest,101,test,rotation__severe,rotation,severe,D:\OASIS_1\distortions_64\rotation\severe\Very_Mild_Dementia\OAS1_0380\OAS1_0380_slice_13_z070.png,Very_Mild_Dementia/OAS1_0380/OAS1_0380_slice_13_z070.png,Very Mild Dementia/OAS1_0380/OAS1_0380_slice_13_z070.png,OAS1_0380,Very Mild Dementia,1,0,Non-Demented,0,0.400241727581868,0.3710225001063025,0.22873577231182954,0.0
OASIS_1,RandomForest,101,test,rotation__severe,rotation,severe,D:\OASIS_1\distortions_64\rotation\severe\Very_Mild_Dementia\OAS1_0380\OAS1_0380_slice_14_z073.png,Very_Mild_Dementia/OAS1_0380/OAS1_0380_slice_14_z073.png,Very Mild Dementia/OAS1_0380/OAS1_0380_slice_14_z073.png,OAS1_0380,Very Mild Dementia,1,1,Very Mild Dementia,1,0.2718045417626148,0.38275796586177085,0.3454374923756145,0.0
OASIS_1,RandomForest,101,test,rotation__severe,rotation,severe,D:\OASIS_1\distortions_64\rotation\severe\Very_Mild_Dementia\OAS1_0380\OAS1_0380_slice_15_z076.png,Very_Mild_Dementia/OAS1_0380/OAS1_0380_slice_15_z076.png,Very Mild Dementia/OAS1_0380/OAS1_0380_slice_15_z076.png,OAS1_0380,Very Mild Dementia,1,1,Very Mild Dementia,1,0.3742856566687673,0.3947181417824485,0.230996201548784,0.0
OASIS_1,RandomForest,101,test,rotation__severe,rotation,severe,D:\OASIS_1\distortions_64\rotation\severe\Very_Mild_Dementia\OAS1_0380\OAS1_0380_slice_16_z078.png,Very_Mild_Dementia/OAS1_0380/OAS1_0380_slice_16_z078.png,Very Mild Dementia/OAS1_0380/OAS1_0380_slice_16_z078.png,OAS1_0380,Very Mild Dementia,1,1,Very Mild Dementia,1,0.31633540646872066,0.3585497238623355,0.3251148696689441,0.0
OASIS_1,RandomForest,101,test,rotation__severe,rotation,severe,D:\OASIS_1\distortions_64\rotation\severe\Very_Mild_Dementia\OAS1_0380\OAS1_0380_slice_17_z081.png,Very_Mild_Dementia/OAS1_0380/OAS1_0380_slice_17_z081.png,Very Mild Dementia/OAS1_0380/OAS1_0380_slice_17_z081.png,OAS1_0380,Very Mild Dementia,1,1,Very Mild Dementia,1,0.3381143118902882,0.3846413471008569,0.27724434100885526,0.0
OASIS_1,RandomForest,101,test,rotation__severe,rotation,severe,D:\OASIS_1\distortions_64\rotation\severe\Very_Mild_Dementia\OAS1_0380\OAS1_0380_slice_18_z084.png,Very_Mild_Dementia/OAS1_0380/OAS1_0380_slice_18_z084.png,Very Mild Dementia/OAS1_0380/OAS1_0380_slice_18_z084.png,OAS1_0380,Very Mild Dementia,1,0,Non-Demented,0,0.396912920672165,0.38082397099832993,0.21559644166283826,0.006666666666666667
OASIS_1,RandomForest,101,test,rotation__severe,rotation,severe,D:\OASIS_1\distortions_64\rotation\severe\Very_Mild_Dementia\OAS1_0380\OAS1_0380_slice_19_z086.png,Very_Mild_Dementia/OAS1_0380/OAS1_0380_slice_19_z086.png,Very Mild Dementia/OAS1_0380/OAS1_0380_slice_19_z086.png,OAS1_0380,Very Mild Dementia,1,0,Non-Demented,0,0.4299186044652659,0.32342783823651355,0.2466535572982205,0.0
OASIS_1,RandomForest,101,test,rotation__severe,rotation,severe,D:\OASIS_1\distortions_64\rotation\severe\Very_Mild_Dementia\OAS1_0380\OAS1_0380_slice_20_z089.png,Very_Mild_Dementia/OAS1_0380/OAS1_0380_slice_20_z089.png,Very Mild Dementia/OAS1_0380/OAS1_0380_slice_20_z089.png,OAS1_0380,Very Mild Dementia,1,0,Non-Demented,0,0.47893421360113025,0.3294370287644784,0.19162875763439155,0.0
OASIS_1,RandomForest,101,test,rotation__severe,rotation,severe,D:\OASIS_1\distortions_64\rotation\severe\Very_Mild_Dementia\OAS1_0400\OAS1_0400_slice_01_z038.png,Very_Mild_Dementia/OAS1_0400/OAS1_0400_slice_01_z038.png,Very Mild Dementia/OAS1_0400/OAS1_0400_slice_01_z038.png,OAS1_0400,Very Mild Dementia,1,0,Non-Demented,0,0.5337191974651572,0.3747898403632195,0.09149096217162325,0.0
OASIS_1,RandomForest,101,test,rotation__severe,rotation,severe,D:\OASIS_1\distortions_64\rotation\severe\Very_Mild_Dementia\OAS1_0400\OAS1_0400_slice_02_z041.png,Very_Mild_Dementia/OAS1_0400/OAS1_0400_slice_02_z041.png,Very Mild Dementia/OAS1_0400/OAS1_0400_slice_02_z041.png,OAS1_0400,Very Mild Dementia,1,0,Non-Demented,0,0.47338258880407247,0.2699449137832942,0.25667249741263326,0.0
OASIS_1,RandomForest,101,test,rotation__severe,rotation,severe,D:\OASIS_1\distortions_64\rotation\severe\Very_Mild_Dementia\OAS1_0400\OAS1_0400_slice_03_z043.png,Very_Mild_Dementia/OAS1_0400/OAS1_0400_slice_03_z043.png,Very Mild Dementia/OAS1_0400/OAS1_0400_slice_03_z043.png,OAS1_0400,Very Mild Dementia,1,0,Non-Demented,0,0.44087093715692904,0.27294679274531974,0.28618227009775127,0.0
OASIS_1,RandomForest,101,test,rotation__severe,rotation,severe,D:\OASIS_1\distortions_64\rotation\severe\Very_Mild_Dementia\OAS1_0400\OAS1_0400_slice_04_z046.png,Very_Mild_Dementia/OAS1_0400/OAS1_0400_slice_04_z046.png,Very Mild Dementia/OAS1_0400/OAS1_0400_slice_04_z046.png,OAS1_0400,Very Mild Dementia,1,0,Non-Demented,0,0.4848819565113498,0.4036498609731518,0.1114681825154982,0.0
OASIS_1,RandomForest,101,test,rotation__severe,rotation,severe,D:\OASIS_1\distortions_64\rotation\severe\Very_Mild_Dementia\OAS1_0400\OAS1_0400_slice_05_z049.png,Very_Mild_Dementia/OAS1_0400/OAS1_0400_slice_05_z049.png,Very Mild Dementia/OAS1_0400/OAS1_0400_slice_05_z049.png,OAS1_0400,Very Mild Dementia,1,0,Non-Demented,0,0.46367069204889144,0.2709791426508901,0.26535016530021843,0.0
OASIS_1,RandomForest,101,test,rotation__severe,rotation,severe,D:\OASIS_1\distortions_64\rotation\severe\Very_Mild_Dementia\OAS1_0400\OAS1_0400_slice_06_z051.png,Very_Mild_Dementia/OAS1_0400/OAS1_0400_slice_06_z051.png,Very Mild Dementia/OAS1_0400/OAS1_0400_slice_06_z051.png,OAS1_0400,Very Mild Dementia,1,0,Non-Demented,0,0.48154150903994547,0.2469279990644367,0.271530491895618,0.0
OASIS_1,RandomForest,101,test,rotation__severe,rotation,severe,D:\OASIS_1\distortions_64\rotation\severe\Very_Mild_Dementia\OAS1_0400\OAS1_0400_slice_07_z054.png,Very_Mild_Dementia/OAS1_0400/OAS1_0400_slice_07_z054.png,Very Mild Dementia/OAS1_0400/OAS1_0400_slice_07_z054.png,OAS1_0400,Very Mild Dementia,1,0,Non-Demented,0,0.48365872186249625,0.38891488345392794,0.12742639468357564,0.0
OASIS_1,RandomForest,101,test,rotation__severe,rotation,severe,D:\OASIS_1\distortions_64\rotation\severe\Very_Mild_Dementia\OAS1_0400\OAS1_0400_slice_08_z057.png,Very_Mild_Dementia/OAS1_0400/OAS1_0400_slice_08_z057.png,Very Mild Dementia/OAS1_0400/OAS1_0400_slice_08_z057.png,OAS1_0400,Very Mild Dementia,1,0,Non-Demented,0,0.4860728079419543,0.2528970269617068,0.261030165096339,0.0
OASIS_1,RandomForest,101,test,rotation__severe,rotation,severe,D:\OASIS_1\distortions_64\rotation\severe\Very_Mild_Dementia\OAS1_0400\OAS1_0400_slice_09_z059.png,Very_Mild_Dementia/OAS1_0400/OAS1_0400_slice_09_z059.png,Very Mild Dementia/OAS1_0400/OAS1_0400_slice_09_z059.png,OAS1_0400,Very Mild Dementia,1,0,Non-Demented,0,0.48423404929011526,0.36199175103413206,0.15377419967575262,0.0
OASIS_1,RandomForest,101,test,rotation__severe,rotation,severe,D:\OASIS_1\distortions_64\rotation\severe\Very_Mild_Dementia\OAS1_0400\OAS1_0400_slice_10_z062.png,Very_Mild_Dementia/OAS1_0400/OAS1_0400_slice_10_z062.png,Very Mild Dementia/OAS1_0400/OAS1_0400_slice_10_z062.png,OAS1_0400,Very Mild Dementia,1,0,Non-Demented,0,0.5023246423282559,0.3372214083502181,0.16045394932152593,0.0
OASIS_1,RandomForest,101,test,rotation__severe,rotation,severe,D:\OASIS_1\distortions_64\rotation\severe\Very_Mild_Dementia\OAS1_0400\OAS1_0400_slice_11_z065.png,Very_Mild_Dementia/OAS1_0400/OAS1_0400_slice_11_z065.png,Very Mild Dementia/OAS1_0400/OAS1_0400_slice_11_z065.png,OAS1_0400,Very Mild Dementia,1,0,Non-Demented,0,0.484526624874437,0.2564703030679179,0.2590030720576452,0.0
OASIS_1,RandomForest,101,test,rotation__severe,rotation,severe,D:\OASIS_1\distortions_64\rotation\severe\Very_Mild_Dementia\OAS1_0400\OAS1_0400_slice_12_z068.png,Very_Mild_Dementia/OAS1_0400/OAS1_0400_slice_12_z068.png,Very Mild Dementia/OAS1_0400/OAS1_0400_slice_12_z068.png,OAS1_0400,Very Mild Dementia,1,0,Non-Demented,0,0.4821624107356891,0.25180034403102086,0.25937057856662327,0.006666666666666667
OASIS_1,RandomForest,101,test,rotation__severe,rotation,severe,D:\OASIS_1\distortions_64\rotation\severe\Very_Mild_Dementia\OAS1_0400\OAS1_0400_slice_13_z070.png,Very_Mild_Dementia/OAS1_0400/OAS1_0400_slice_13_z070.png,Very Mild Dementia/OAS1_0400/OAS1_0400_slice_13_z070.png,OAS1_0400,Very Mild Dementia,1,0,Non-Demented,0,0.47761318497736066,0.3623045444604646,0.16008227056217475,0.0
OASIS_1,RandomForest,101,test,rotation__severe,rotation,severe,D:\OASIS_1\distortions_64\rotation\severe\Very_Mild_Dementia\OAS1_0400\OAS1_0400_slice_14_z073.png,Very_Mild_Dementia/OAS1_0400/OAS1_0400_slice_14_z073.png,Very Mild Dementia/OAS1_0400/OAS1_0400_slice_14_z073.png,OAS1_0400,Very Mild Dementia,1,0,Non-Demented,0,0.5010776865505695,0.3452453193670467,0.153676994082384,0.0
OASIS_1,RandomForest,101,test,rotation__severe,rotation,severe,D:\OASIS_1\distortions_64\rotation\severe\Very_Mild_Dementia\OAS1_0400\OAS1_0400_slice_15_z076.png,Very_Mild_Dementia/OAS1_0400/OAS1_0400_slice_15_z076.png,Very Mild Dementia/OAS1_0400/OAS1_0400_slice_15_z076.png,OAS1_0400,Very Mild Dementia,1,0,Non-Demented,0,0.46674271340564294,0.2670132576304208,0.2662440289639364,0.0
OASIS_1,RandomForest,101,test,rotation__severe,rotation,severe,D:\OASIS_1\distortions_64\rotation\severe\Very_Mild_Dementia\OAS1_0400\OAS1_0400_slice_16_z078.png,Very_Mild_Dementia/OAS1_0400/OAS1_0400_slice_16_z078.png,Very Mild Dementia/OAS1_0400/OAS1_0400_slice_16_z078.png,OAS1_0400,Very Mild Dementia,1,0,Non-Demented,0,0.46700157451029545,0.2687519177200423,0.2642465077696621,0.0
OASIS_1,RandomForest,101,test,rotation__severe,rotation,severe,D:\OASIS_1\distortions_64\rotation\severe\Very_Mild_Dementia\OAS1_0400\OAS1_0400_slice_17_z081.png,Very_Mild_Dementia/OAS1_0400/OAS1_0400_slice_17_z081.png,Very Mild Dementia/OAS1_0400/OAS1_0400_slice_17_z081.png,OAS1_0400,Very Mild Dementia,1,0,Non-Demented,0,0.5186146332541328,0.36459518466572943,0.11679018208013749,0.0
OASIS_1,RandomForest,101,test,rotation__severe,rotation,severe,D:\OASIS_1\distortions_64\rotation\severe\Very_Mild_Dementia\OAS1_0400\OAS1_0400_slice_18_z084.png,Very_Mild_Dementia/OAS1_0400/OAS1_0400_slice_18_z084.png,Very Mild Dementia/OAS1_0400/OAS1_0400_slice_18_z084.png,OAS1_0400,Very Mild Dementia,1,0,Non-Demented,0,0.477828319526978,0.31682291635629894,0.20534876411672298,0.0
OASIS_1,RandomForest,101,test,rotation__severe,rotation,severe,D:\OASIS_1\distortions_64\rotation\severe\Very_Mild_Dementia\OAS1_0400\OAS1_0400_slice_19_z086.png,Very_Mild_Dementia/OAS1_0400/OAS1_0400_slice_19_z086.png,Very Mild Dementia/OAS1_0400/OAS1_0400_slice_19_z086.png,OAS1_0400,Very Mild Dementia,1,0,Non-Demented,0,0.4206738037138087,0.35015376422953254,0.2291724320566585,0.0
OASIS_1,RandomForest,101,test,rotation__severe,rotation,severe,D:\OASIS_1\distortions_64\rotation\severe\Very_Mild_Dementia\OAS1_0400\OAS1_0400_slice_20_z089.png,Very_Mild_Dementia/OAS1_0400/OAS1_0400_slice_20_z089.png,Very Mild Dementia/OAS1_0400/OAS1_0400_slice_20_z089.png,OAS1_0400,Very Mild Dementia,1,1,Very Mild Dementia,1,0.3313026752615116,0.48875669542907046,0.17994062930941798,0.0
OASIS_1,RandomForest,101,test,rotation__severe,rotation,severe,D:\OASIS_1\distortions_64\rotation\severe\Very_Mild_Dementia\OAS1_0432\OAS1_0432_slice_01_z038.png,Very_Mild_Dementia/OAS1_0432/OAS1_0432_slice_01_z038.png,Very Mild Dementia/OAS1_0432/OAS1_0432_slice_01_z038.png,OAS1_0432,Very Mild Dementia,1,0,Non-Demented,0,0.6560930702032752,0.24476818166497727,0.09913874813174708,0.0
OASIS_1,RandomForest,101,test,rotation__severe,rotation,severe,D:\OASIS_1\distortions_64\rotation\severe\Very_Mild_Dementia\OAS1_0432\OAS1_0432_slice_02_z041.png,Very_Mild_Dementia/OAS1_0432/OAS1_0432_slice_02_z041.png,Very Mild Dementia/OAS1_0432/OAS1_0432_slice_02_z041.png,OAS1_0432,Very Mild Dementia,1,0,Non-Demented,0,0.7076099449738849,0.1768851349390057,0.11550492008710901,0.0
OASIS_1,RandomForest,101,test,rotation__severe,rotation,severe,D:\OASIS_1\distortions_64\rotation\severe\Very_Mild_Dementia\OAS1_0432\OAS1_0432_slice_03_z043.png,Very_Mild_Dementia/OAS1_0432/OAS1_0432_slice_03_z043.png,Very Mild Dementia/OAS1_0432/OAS1_0432_slice_03_z043.png,OAS1_0432,Very Mild Dementia,1,0,Non-Demented,0,0.7069794370962146,0.23722436665091554,0.05579619625286916,0.0
OASIS_1,RandomForest,101,test,rotation__severe,rotation,severe,D:\OASIS_1\distortions_64\rotation\severe\Very_Mild_Dementia\OAS1_0432\OAS1_0432_slice_04_z046.png,Very_Mild_Dementia/OAS1_0432/OAS1_0432_slice_04_z046.png,Very Mild Dementia/OAS1_0432/OAS1_0432_slice_04_z046.png,OAS1_0432,Very Mild Dementia,1,0,Non-Demented,0,0.6943166512920067,0.18527429331836862,0.12040905538962479,0.0
OASIS_1,RandomForest,101,test,rotation__severe,rotation,severe,D:\OASIS_1\distortions_64\rotation\severe\Very_Mild_Dementia\OAS1_0432\OAS1_0432_slice_05_z049.png,Very_Mild_Dementia/OAS1_0432/OAS1_0432_slice_05_z049.png,Very Mild Dementia/OAS1_0432/OAS1_0432_slice_05_z049.png,OAS1_0432,Very Mild Dementia,1,0,Non-Demented,0,0.6985603381331289,0.1926630461824213,0.10877661568444992,0.0
OASIS_1,RandomForest,101,test,rotation__severe,rotation,severe,D:\OASIS_1\distortions_64\rotation\severe\Very_Mild_Dementia\OAS1_0432\OAS1_0432_slice_06_z051.png,Very_Mild_Dementia/OAS1_0432/OAS1_0432_slice_06_z051.png,Very Mild Dementia/OAS1_0432/OAS1_0432_slice_06_z051.png,OAS1_0432,Very Mild Dementia,1,0,Non-Demented,0,0.6476551914673095,0.2541450282765769,0.09819978025611324,0.0
OASIS_1,RandomForest,101,test,rotation__severe,rotation,severe,D:\OASIS_1\distortions_64\rotation\severe\Very_Mild_Dementia\OAS1_0432\OAS1_0432_slice_07_z054.png,Very_Mild_Dementia/OAS1_0432/OAS1_0432_slice_07_z054.png,Very Mild Dementia/OAS1_0432/OAS1_0432_slice_07_z054.png,OAS1_0432,Very Mild Dementia,1,0,Non-Demented,0,0.5190711127141985,0.24398029042819155,0.23694859685761027,0.0
OASIS_1,RandomForest,101,test,rotation__severe,rotation,severe,D:\OASIS_1\distortions_64\rotation\severe\Very_Mild_Dementia\OAS1_0432\OAS1_0432_slice_08_z057.png,Very_Mild_Dementia/OAS1_0432/OAS1_0432_slice_08_z057.png,Very Mild Dementia/OAS1_0432/OAS1_0432_slice_08_z057.png,OAS1_0432,Very Mild Dementia,1,0,Non-Demented,0,0.5159780720622226,0.25617072088170567,0.22785120705607165,0.0
OASIS_1,RandomForest,101,test,rotation__severe,rotation,severe,D:\OASIS_1\distortions_64\rotation\severe\Very_Mild_Dementia\OAS1_0432\OAS1_0432_slice_09_z059.png,Very_Mild_Dementia/OAS1_0432/OAS1_0432_slice_09_z059.png,Very Mild Dementia/OAS1_0432/OAS1_0432_slice_09_z059.png,OAS1_0432,Very Mild Dementia,1,0,Non-Demented,0,0.4781305319493549,0.24807410100627128,0.27379536704437374,0.0
OASIS_1,RandomForest,101,test,rotation__severe,rotation,severe,D:\OASIS_1\distortions_64\rotation\severe\Very_Mild_Dementia\OAS1_0432\OAS1_0432_slice_10_z062.png,Very_Mild_Dementia/OAS1_0432/OAS1_0432_slice_10_z062.png,Very Mild Dementia/OAS1_0432/OAS1_0432_slice_10_z062.png,OAS1_0432,Very Mild Dementia,1,0,Non-Demented,0,0.5397500449090595,0.3231220442364523,0.13712791085448794,0.0
OASIS_1,RandomForest,101,test,rotation__severe,rotation,severe,D:\OASIS_1\distortions_64\rotation\severe\Very_Mild_Dementia\OAS1_0432\OAS1_0432_slice_11_z065.png,Very_Mild_Dementia/OAS1_0432/OAS1_0432_slice_11_z065.png,Very Mild Dementia/OAS1_0432/OAS1_0432_slice_11_z065.png,OAS1_0432,Very Mild Dementia,1,0,Non-Demented,0,0.3822251477195786,0.3316309209684509,0.2861439313119703,0.0
OASIS_1,RandomForest,101,test,rotation__severe,rotation,severe,D:\OASIS_1\distortions_64\rotation\severe\Very_Mild_Dementia\OAS1_0432\OAS1_0432_slice_12_z068.png,Very_Mild_Dementia/OAS1_0432/OAS1_0432_slice_12_z068.png,Very Mild Dementia/OAS1_0432/OAS1_0432_slice_12_z068.png,OAS1_0432,Very Mild Dementia,1,0,Non-Demented,0,0.5411633683389941,0.25886591708518397,0.19997071457582194,0.0
OASIS_1,RandomForest,101,test,rotation__severe,rotation,severe,D:\OASIS_1\distortions_64\rotation\severe\Very_Mild_Dementia\OAS1_0432\OAS1_0432_slice_13_z070.png,Very_Mild_Dementia/OAS1_0432/OAS1_0432_slice_13_z070.png,Very Mild Dementia/OAS1_0432/OAS1_0432_slice_13_z070.png,OAS1_0432,Very Mild Dementia,1,0,Non-Demented,0,0.5416210551511266,0.2483236679153975,0.21005527693347598,0.0
OASIS_1,RandomForest,101,test,rotation__severe,rotation,severe,D:\OASIS_1\distortions_64\rotation\severe\Very_Mild_Dementia\OAS1_0432\OAS1_0432_slice_14_z073.png,Very_Mild_Dementia/OAS1_0432/OAS1_0432_slice_14_z073.png,Very Mild Dementia/OAS1_0432/OAS1_0432_slice_14_z073.png,OAS1_0432,Very Mild Dementia,1,0,Non-Demented,0,0.5817485855414962,0.2317587451140712,0.18649266934443232,0.0
OASIS_1,RandomForest,101,test,rotation__severe,rotation,severe,D:\OASIS_1\distortions_64\rotation\severe\Very_Mild_Dementia\OAS1_0432\OAS1_0432_slice_15_z076.png,Very_Mild_Dementia/OAS1_0432/OAS1_0432_slice_15_z076.png,Very Mild Dementia/OAS1_0432/OAS1_0432_slice_15_z076.png,OAS1_0432,Very Mild Dementia,1,0,Non-Demented,0,0.6224864651939629,0.2390392525040173,0.1384742823020198,0.0
OASIS_1,RandomForest,101,test,rotation__severe,rotation,severe,D:\OASIS_1\distortions_64\rotation\severe\Very_Mild_Dementia\OAS1_0432\OAS1_0432_slice_16_z078.png,Very_Mild_Dementia/OAS1_0432/OAS1_0432_slice_16_z078.png,Very Mild Dementia/OAS1_0432/OAS1_0432_slice_16_z078.png,OAS1_0432,Very Mild Dementia,1,0,Non-Demented,0,0.6739747373045071,0.24867860415166498,0.0773466585438279,0.0
OASIS_1,RandomForest,101,test,rotation__severe,rotation,severe,D:\OASIS_1\distortions_64\rotation\severe\Very_Mild_Dementia\OAS1_0432\OAS1_0432_slice_17_z081.png,Very_Mild_Dementia/OAS1_0432/OAS1_0432_slice_17_z081.png,Very Mild Dementia/OAS1_0432/OAS1_0432_slice_17_z081.png,OAS1_0432,Very Mild Dementia,1,0,Non-Demented,0,0.6523843786320495,0.25085799095353933,0.09675763041441146,0.0
OASIS_1,RandomForest,101,test,rotation__severe,rotation,severe,D:\OASIS_1\distortions_64\rotation\severe\Very_Mild_Dementia\OAS1_0432\OAS1_0432_slice_18_z084.png,Very_Mild_Dementia/OAS1_0432/OAS1_0432_slice_18_z084.png,Very Mild Dementia/OAS1_0432/OAS1_0432_slice_18_z084.png,OAS1_0432,Very Mild Dementia,1,0,Non-Demented,0,0.6493718752978327,0.2236082243370263,0.1270199003651409,0.0
OASIS_1,RandomForest,101,test,rotation__severe,rotation,severe,D:\OASIS_1\distortions_64\rotation\severe\Very_Mild_Dementia\OAS1_0432\OAS1_0432_slice_19_z086.png,Very_Mild_Dementia/OAS1_0432/OAS1_0432_slice_19_z086.png,Very Mild Dementia/OAS1_0432/OAS1_0432_slice_19_z086.png,OAS1_0432,Very Mild Dementia,1,0,Non-Demented,0,0.671738781281052,0.2062789122556477,0.1219823064633002,0.0
OASIS_1,RandomForest,101,test,rotation__severe,rotation,severe,D:\OASIS_1\distortions_64\rotation\severe\Very_Mild_Dementia\OAS1_0432\OAS1_0432_slice_20_z089.png,Very_Mild_Dementia/OAS1_0432/OAS1_0432_slice_20_z089.png,Very Mild Dementia/OAS1_0432/OAS1_0432_slice_20_z089.png,OAS1_0432,Very Mild Dementia,1,0,Non-Demented,0,0.6474239466467545,0.23637586529178384,0.11620018806146161,0.0
OASIS_1,RandomForest,101,test,rotation__severe,rotation,severe,D:\OASIS_1\distortions_64\rotation\severe\Very_Mild_Dementia\OAS1_0454\OAS1_0454_slice_01_z038.png,Very_Mild_Dementia/OAS1_0454/OAS1_0454_slice_01_z038.png,Very Mild Dementia/OAS1_0454/OAS1_0454_slice_01_z038.png,OAS1_0454,Very Mild Dementia,1,0,Non-Demented,0,0.5961604838986106,0.2666426061291855,0.13386357663887044,0.0033333333333333335
OASIS_1,RandomForest,101,test,rotation__severe,rotation,severe,D:\OASIS_1\distortions_64\rotation\severe\Very_Mild_Dementia\OAS1_0454\OAS1_0454_slice_02_z041.png,Very_Mild_Dementia/OAS1_0454/OAS1_0454_slice_02_z041.png,Very Mild Dementia/OAS1_0454/OAS1_0454_slice_02_z041.png,OAS1_0454,Very Mild Dementia,1,0,Non-Demented,0,0.5446593461613622,0.24969414449022737,0.18231317601507663,0.023333333333333334
OASIS_1,RandomForest,101,test,rotation__severe,rotation,severe,D:\OASIS_1\distortions_64\rotation\severe\Very_Mild_Dementia\OAS1_0454\OAS1_0454_slice_03_z043.png,Very_Mild_Dementia/OAS1_0454/OAS1_0454_slice_03_z043.png,Very Mild Dementia/OAS1_0454/OAS1_0454_slice_03_z043.png,OAS1_0454,Very Mild Dementia,1,0,Non-Demented,0,0.5993634070564918,0.27187686975515307,0.12542638985502194,0.0033333333333333335
OASIS_1,RandomForest,101,test,rotation__severe,rotation,severe,D:\OASIS_1\distortions_64\rotation\severe\Very_Mild_Dementia\OAS1_0454\OAS1_0454_slice_04_z046.png,Very_Mild_Dementia/OAS1_0454/OAS1_0454_slice_04_z046.png,Very Mild Dementia/OAS1_0454/OAS1_0454_slice_04_z046.png,OAS1_0454,Very Mild Dementia,1,0,Non-Demented,0,0.5414003985297211,0.25421556490604713,0.17438403656423157,0.03
OASIS_1,RandomForest,101,test,rotation__severe,rotation,severe,D:\OASIS_1\distortions_64\rotation\severe\Very_Mild_Dementia\OAS1_0454\OAS1_0454_slice_05_z049.png,Very_Mild_Dementia/OAS1_0454/OAS1_0454_slice_05_z049.png,Very Mild Dementia/OAS1_0454/OAS1_0454_slice_05_z049.png,OAS1_0454,Very Mild Dementia,1,0,Non-Demented,0,0.581119911486135,0.2663845734263095,0.14916218175422177,0.0033333333333333335
OASIS_1,RandomForest,101,test,rotation__severe,rotation,severe,D:\OASIS_1\distortions_64\rotation\severe\Very_Mild_Dementia\OAS1_0454\OAS1_0454_slice_06_z051.png,Very_Mild_Dementia/OAS1_0454/OAS1_0454_slice_06_z051.png,Very Mild Dementia/OAS1_0454/OAS1_0454_slice_06_z051.png,OAS1_0454,Very Mild Dementia,1,0,Non-Demented,0,0.5668656766213385,0.27856161194868123,0.1512393780966466,0.0033333333333333335
OASIS_1,RandomForest,101,test,rotation__severe,rotation,severe,D:\OASIS_1\distortions_64\rotation\severe\Very_Mild_Dementia\OAS1_0454\OAS1_0454_slice_07_z054.png,Very_Mild_Dementia/OAS1_0454/OAS1_0454_slice_07_z054.png,Very Mild Dementia/OAS1_0454/OAS1_0454_slice_07_z054.png,OAS1_0454,Very Mild Dementia,1,0,Non-Demented,0,0.5250657627455745,0.2611243953424338,0.19047650857865817,0.023333333333333334
OASIS_1,RandomForest,101,test,rotation__severe,rotation,severe,D:\OASIS_1\distortions_64\rotation\severe\Very_Mild_Dementia\OAS1_0454\OAS1_0454_slice_08_z057.png,Very_Mild_Dementia/OAS1_0454/OAS1_0454_slice_08_z057.png,Very Mild Dementia/OAS1_0454/OAS1_0454_slice_08_z057.png,OAS1_0454,Very Mild Dementia,1,0,Non-Demented,0,0.4802627780456867,0.26661313951815574,0.2264574157694907,0.02666666666666667
OASIS_1,RandomForest,101,test,rotation__severe,rotation,severe,D:\OASIS_1\distortions_64\rotation\severe\Very_Mild_Dementia\OAS1_0454\OAS1_0454_slice_09_z059.png,Very_Mild_Dementia/OAS1_0454/OAS1_0454_slice_09_z059.png,Very Mild Dementia/OAS1_0454/OAS1_0454_slice_09_z059.png,OAS1_0454,Very Mild Dementia,1,0,Non-Demented,0,0.47636920127396754,0.2616024443386532,0.2420283543873794,0.02
OASIS_1,RandomForest,101,test,rotation__severe,rotation,severe,D:\OASIS_1\distortions_64\rotation\severe\Very_Mild_Dementia\OAS1_0454\OAS1_0454_slice_10_z062.png,Very_Mild_Dementia/OAS1_0454/OAS1_0454_slice_10_z062.png,Very Mild Dementia/OAS1_0454/OAS1_0454_slice_10_z062.png,OAS1_0454,Very Mild Dementia,1,0,Non-Demented,0,0.5223665997297441,0.27620989745031416,0.19809016948660865,0.0033333333333333335
OASIS_1,RandomForest,101,test,rotation__severe,rotation,severe,D:\OASIS_1\distortions_64\rotation\severe\Very_Mild_Dementia\OAS1_0454\OAS1_0454_slice_11_z065.png,Very_Mild_Dementia/OAS1_0454/OAS1_0454_slice_11_z065.png,Very Mild Dementia/OAS1_0454/OAS1_0454_slice_11_z065.png,OAS1_0454,Very Mild Dementia,1,0,Non-Demented,0,0.5279766195595393,0.2796205545510309,0.18906949255609662,0.0033333333333333335
OASIS_1,RandomForest,101,test,rotation__severe,rotation,severe,D:\OASIS_1\distortions_64\rotation\severe\Very_Mild_Dementia\OAS1_0454\OAS1_0454_slice_12_z068.png,Very_Mild_Dementia/OAS1_0454/OAS1_0454_slice_12_z068.png,Very Mild Dementia/OAS1_0454/OAS1_0454_slice_12_z068.png,OAS1_0454,Very Mild Dementia,1,0,Non-Demented,0,0.5778606335148934,0.25624940246883454,0.16255663068293857,0.0033333333333333335
OASIS_1,RandomForest,101,test,rotation__severe,rotation,severe,D:\OASIS_1\distortions_64\rotation\severe\Very_Mild_Dementia\OAS1_0454\OAS1_0454_slice_13_z070.png,Very_Mild_Dementia/OAS1_0454/OAS1_0454_slice_13_z070.png,Very Mild Dementia/OAS1_0454/OAS1_0454_slice_13_z070.png,OAS1_0454,Very Mild Dementia,1,0,Non-Demented,0,0.5368008086523107,0.2798406183691976,0.18002523964515837,0.0033333333333333335
OASIS_1,RandomForest,101,test,rotation__severe,rotation,severe,D:\OASIS_1\distortions_64\rotation\severe\Very_Mild_Dementia\OAS1_0454\OAS1_0454_slice_14_z073.png,Very_Mild_Dementia/OAS1_0454/OAS1_0454_slice_14_z073.png,Very Mild Dementia/OAS1_0454/OAS1_0454_slice_14_z073.png,OAS1_0454,Very Mild Dementia,1,0,Non-Demented,0,0.5282792049194884,0.23647960725933834,0.21857452115450646,0.016666666666666666
OASIS_1,RandomForest,101,test,rotation__severe,rotation,severe,D:\OASIS_1\distortions_64\rotation\severe\Very_Mild_Dementia\OAS1_0454\OAS1_0454_slice_15_z076.png,Very_Mild_Dementia/OAS1_0454/OAS1_0454_slice_15_z076.png,Very Mild Dementia/OAS1_0454/OAS1_0454_slice_15_z076.png,OAS1_0454,Very Mild Dementia,1,0,Non-Demented,0,0.6100140197951083,0.22629351852200572,0.16035912834955235,0.0033333333333333335
OASIS_1,RandomForest,101,test,rotation__severe,rotation,severe,D:\OASIS_1\distortions_64\rotation\severe\Very_Mild_Dementia\OAS1_0454\OAS1_0454_slice_16_z078.png,Very_Mild_Dementia/OAS1_0454/OAS1_0454_slice_16_z078.png,Very Mild Dementia/OAS1_0454/OAS1_0454_slice_16_z078.png,OAS1_0454,Very Mild Dementia,1,0,Non-Demented,0,0.6193116916622339,0.2546642545012392,0.12269072050319339,0.0033333333333333335
OASIS_1,RandomForest,101,test,rotation__severe,rotation,severe,D:\OASIS_1\distortions_64\rotation\severe\Very_Mild_Dementia\OAS1_0454\OAS1_0454_slice_17_z081.png,Very_Mild_Dementia/OAS1_0454/OAS1_0454_slice_17_z081.png,Very Mild Dementia/OAS1_0454/OAS1_0454_slice_17_z081.png,OAS1_0454,Very Mild Dementia,1,0,Non-Demented,0,0.4943465664197321,0.2879876658501897,0.19766576773007805,0.02
OASIS_1,RandomForest,101,test,rotation__severe,rotation,severe,D:\OASIS_1\distortions_64\rotation\severe\Very_Mild_Dementia\OAS1_0454\OAS1_0454_slice_18_z084.png,Very_Mild_Dementia/OAS1_0454/OAS1_0454_slice_18_z084.png,Very Mild Dementia/OAS1_0454/OAS1_0454_slice_18_z084.png,OAS1_0454,Very Mild Dementia,1,0,Non-Demented,0,0.6221104962819525,0.2275851062708126,0.14697106411390132,0.0033333333333333335
OASIS_1,RandomForest,101,test,rotation__severe,rotation,severe,D:\OASIS_1\distortions_64\rotation\severe\Very_Mild_Dementia\OAS1_0454\OAS1_0454_slice_19_z086.png,Very_Mild_Dementia/OAS1_0454/OAS1_0454_slice_19_z086.png,Very Mild Dementia/OAS1_0454/OAS1_0454_slice_19_z086.png,OAS1_0454,Very Mild Dementia,1,0,Non-Demented,0,0.5570564686439676,0.23291688352916823,0.18335998116019714,0.02666666666666667
OASIS_1,RandomForest,101,test,rotation__severe,rotation,severe,D:\OASIS_1\distortions_64\rotation\severe\Very_Mild_Dementia\OAS1_0454\OAS1_0454_slice_20_z089.png,Very_Mild_Dementia/OAS1_0454/OAS1_0454_slice_20_z089.png,Very Mild Dementia/OAS1_0454/OAS1_0454_slice_20_z089.png,OAS1_0454,Very Mild Dementia,1,0,Non-Demented,0,0.5286429087409907,0.24932723410251043,0.1986965238231653,0.023333333333333334
