dataset,model,seed,split,condition,distortion,severity,file_path,relative_path,sample_key,subject_id,class_name,y_true,y_pred,pred_class_name,correct,score_nondemented,score_verymilddementia,score_milddementia,score_moderatedementia
OASIS_2,RandomForest,101,test,gaussian_blur__mild,gaussian_blur,mild,D:\OASIS_2\distortions_128\gaussian_blur\mild\Mild_Dementia\OAS2_0014\OAS2_0014_slice_01_z077.png,Mild_Dementia/OAS2_0014/OAS2_0014_slice_01_z077.png,Mild Dementia/OAS2_0014/OAS2_0014_slice_01_z077.png,OAS2_0014,Mild Dementia,2,0,Non-Demented,0,0.39426512764736343,0.2763625743159564,0.29937229803668003,0.03
OASIS_2,RandomForest,101,test,gaussian_blur__mild,gaussian_blur,mild,D:\OASIS_2\distortions_128\gaussian_blur\mild\Mild_Dementia\OAS2_0014\OAS2_0014_slice_02_z082.png,Mild_Dementia/OAS2_0014/OAS2_0014_slice_02_z082.png,Mild Dementia/OAS2_0014/OAS2_0014_slice_02_z082.png,OAS2_0014,Mild Dementia,2,0,Non-Demented,0,0.4532516136391796,0.25757655439305915,0.24917183196776155,0.04
OASIS_2,RandomForest,101,test,gaussian_blur__mild,gaussian_blur,mild,D:\OASIS_2\distortions_128\gaussian_blur\mild\Mild_Dementia\OAS2_0014\OAS2_0014_slice_03_z088.png,Mild_Dementia/OAS2_0014/OAS2_0014_slice_03_z088.png,Mild Dementia/OAS2_0014/OAS2_0014_slice_03_z088.png,OAS2_0014,Mild Dementia,2,0,Non-Demented,0,0.4595431202527634,0.2705872006261828,0.2065363457877203,0.06333333333333334
OASIS_2,RandomForest,101,test,gaussian_blur__mild,gaussian_blur,mild,D:\OASIS_2\distortions_128\gaussian_blur\mild\Mild_Dementia\OAS2_0014\OAS2_0014_slice_04_z093.png,Mild_Dementia/OAS2_0014/OAS2_0014_slice_04_z093.png,Mild Dementia/OAS2_0014/OAS2_0014_slice_04_z093.png,OAS2_0014,Mild Dementia,2,0,Non-Demented,0,0.4907674430955246,0.26566125445161815,0.1935713024528574,0.05
OASIS_2,RandomForest,101,test,gaussian_blur__mild,gaussian_blur,mild,D:\OASIS_2\distortions_128\gaussian_blur\mild\Mild_Dementia\OAS2_0014\OAS2_0014_slice_05_z098.png,Mild_Dementia/OAS2_0014/OAS2_0014_slice_05_z098.png,Mild Dementia/OAS2_0014/OAS2_0014_slice_05_z098.png,OAS2_0014,Mild Dementia,2,0,Non-Demented,0,0.4765703395887503,0.23195578040640968,0.2448072133381733,0.04666666666666667
OASIS_2,RandomForest,101,test,gaussian_blur__mild,gaussian_blur,mild,D:\OASIS_2\distortions_128\gaussian_blur\mild\Mild_Dementia\OAS2_0014\OAS2_0014_slice_06_z104.png,Mild_Dementia/OAS2_0014/OAS2_0014_slice_06_z104.png,Mild Dementia/OAS2_0014/OAS2_0014_slice_06_z104.png,OAS2_0014,Mild Dementia,2,0,Non-Demented,0,0.48695115999570454,0.22820238695509715,0.2515131197158652,0.03333333333333333
OASIS_2,RandomForest,101,test,gaussian_blur__mild,gaussian_blur,mild,D:\OASIS_2\distortions_128\gaussian_blur\mild\Mild_Dementia\OAS2_0014\OAS2_0014_slice_07_z109.png,Mild_Dementia/OAS2_0014/OAS2_0014_slice_07_z109.png,Mild Dementia/OAS2_0014/OAS2_0014_slice_07_z109.png,OAS2_0014,Mild Dementia,2,0,Non-Demented,0,0.43974916607493214,0.2640879055803253,0.29282959501140926,0.0033333333333333335
OASIS_2,RandomForest,101,test,gaussian_blur__mild,gaussian_blur,mild,D:\OASIS_2\distortions_128\gaussian_blur\mild\Mild_Dementia\OAS2_0014\OAS2_0014_slice_08_z114.png,Mild_Dementia/OAS2_0014/OAS2_0014_slice_08_z114.png,Mild Dementia/OAS2_0014/OAS2_0014_slice_08_z114.png,OAS2_0014,Mild Dementia,2,0,Non-Demented,0,0.4815924538685522,0.22457994581375937,0.2938276003176891,0.0
OASIS_2,RandomForest,101,test,gaussian_blur__mild,gaussian_blur,mild,D:\OASIS_2\distortions_128\gaussian_blur\mild\Mild_Dementia\OAS2_0014\OAS2_0014_slice_09_z120.png,Mild_Dementia/OAS2_0014/OAS2_0014_slice_09_z120.png,Mild Dementia/OAS2_0014/OAS2_0014_slice_09_z120.png,OAS2_0014,Mild Dementia,2,0,Non-Demented,0,0.4732985148955203,0.24656186735922803,0.2801396177452516,0.0
OASIS_2,RandomForest,101,test,gaussian_blur__mild,gaussian_blur,mild,D:\OASIS_2\distortions_128\gaussian_blur\mild\Mild_Dementia\OAS2_0014\OAS2_0014_slice_10_z125.png,Mild_Dementia/OAS2_0014/OAS2_0014_slice_10_z125.png,Mild Dementia/OAS2_0014/OAS2_0014_slice_10_z125.png,OAS2_0014,Mild Dementia,2,0,Non-Demented,0,0.43827068592724344,0.2703740420022794,0.2913552720704772,0.0
OASIS_2,RandomForest,101,test,gaussian_blur__mild,gaussian_blur,mild,D:\OASIS_2\distortions_128\gaussian_blur\mild\Mild_Dementia\OAS2_0014\OAS2_0014_slice_11_z130.png,Mild_Dementia/OAS2_0014/OAS2_0014_slice_11_z130.png,Mild Dementia/OAS2_0014/OAS2_0014_slice_11_z130.png,OAS2_0014,Mild Dementia,2,2,Mild Dementia,1,0.36572997407797175,0.23628485296095056,0.3979851729610772,0.0
OASIS_2,RandomForest,101,test,gaussian_blur__mild,gaussian_blur,mild,D:\OASIS_2\distortions_128\gaussian_blur\mild\Mild_Dementia\OAS2_0014\OAS2_0014_slice_12_z135.png,Mild_Dementia/OAS2_0014/OAS2_0014_slice_12_z135.png,Mild Dementia/OAS2_0014/OAS2_0014_slice_12_z135.png,OAS2_0014,Mild Dementia,2,2,Mild Dementia,1,0.3425805930562233,0.26517940698770054,0.39223999995607617,0.0
OASIS_2,RandomForest,101,test,gaussian_blur__mild,gaussian_blur,mild,D:\OASIS_2\distortions_128\gaussian_blur\mild\Mild_Dementia\OAS2_0014\OAS2_0014_slice_13_z141.png,Mild_Dementia/OAS2_0014/OAS2_0014_slice_13_z141.png,Mild Dementia/OAS2_0014/OAS2_0014_slice_13_z141.png,OAS2_0014,Mild Dementia,2,2,Mild Dementia,1,0.29851482643270527,0.2563399931485778,0.44514518041871703,0.0
OASIS_2,RandomForest,101,test,gaussian_blur__mild,gaussian_blur,mild,D:\OASIS_2\distortions_128\gaussian_blur\mild\Mild_Dementia\OAS2_0014\OAS2_0014_slice_14_z146.png,Mild_Dementia/OAS2_0014/OAS2_0014_slice_14_z146.png,Mild Dementia/OAS2_0014/OAS2_0014_slice_14_z146.png,OAS2_0014,Mild Dementia,2,2,Mild Dementia,1,0.3544619472040038,0.24377096672001272,0.40176708607598355,0.0
OASIS_2,RandomForest,101,test,gaussian_blur__mild,gaussian_blur,mild,D:\OASIS_2\distortions_128\gaussian_blur\mild\Mild_Dementia\OAS2_0014\OAS2_0014_slice_15_z151.png,Mild_Dementia/OAS2_0014/OAS2_0014_slice_15_z151.png,Mild Dementia/OAS2_0014/OAS2_0014_slice_15_z151.png,OAS2_0014,Mild Dementia,2,0,Non-Demented,0,0.4307550594049607,0.23551556551254185,0.33372937508249745,0.0
OASIS_2,RandomForest,101,test,gaussian_blur__mild,gaussian_blur,mild,D:\OASIS_2\distortions_128\gaussian_blur\mild\Mild_Dementia\OAS2_0014\OAS2_0014_slice_16_z157.png,Mild_Dementia/OAS2_0014/OAS2_0014_slice_16_z157.png,Mild Dementia/OAS2_0014/OAS2_0014_slice_16_z157.png,OAS2_0014,Mild Dementia,2,0,Non-Demented,0,0.4294987693390985,0.2734904686243098,0.29701076203659194,0.0
OASIS_2,RandomForest,101,test,gaussian_blur__mild,gaussian_blur,mild,D:\OASIS_2\distortions_128\gaussian_blur\mild\Mild_Dementia\OAS2_0014\OAS2_0014_slice_17_z162.png,Mild_Dementia/OAS2_0014/OAS2_0014_slice_17_z162.png,Mild Dementia/OAS2_0014/OAS2_0014_slice_17_z162.png,OAS2_0014,Mild Dementia,2,0,Non-Demented,0,0.4572727213082028,0.27915508027796065,0.26023886508050353,0.0033333333333333335
OASIS_2,RandomForest,101,test,gaussian_blur__mild,gaussian_blur,mild,D:\OASIS_2\distortions_128\gaussian_blur\mild\Mild_Dementia\OAS2_0014\OAS2_0014_slice_18_z167.png,Mild_Dementia/OAS2_0014/OAS2_0014_slice_18_z167.png,Mild Dementia/OAS2_0014/OAS2_0014_slice_18_z167.png,OAS2_0014,Mild Dementia,2,0,Non-Demented,0,0.39758756172894116,0.302375127956749,0.2967039769809762,0.0033333333333333335
OASIS_2,RandomForest,101,test,gaussian_blur__mild,gaussian_blur,mild,D:\OASIS_2\distortions_128\gaussian_blur\mild\Mild_Dementia\OAS2_0014\OAS2_0014_slice_19_z173.png,Mild_Dementia/OAS2_0014/OAS2_0014_slice_19_z173.png,Mild Dementia/OAS2_0014/OAS2_0014_slice_19_z173.png,OAS2_0014,Mild Dementia,2,0,Non-Demented,0,0.49017251623822405,0.2728930553691111,0.23693442839266482,0.0
OASIS_2,RandomForest,101,test,gaussian_blur__mild,gaussian_blur,mild,D:\OASIS_2\distortions_128\gaussian_blur\mild\Mild_Dementia\OAS2_0014\OAS2_0014_slice_20_z178.png,Mild_Dementia/OAS2_0014/OAS2_0014_slice_20_z178.png,Mild Dementia/OAS2_0014/OAS2_0014_slice_20_z178.png,OAS2_0014,Mild Dementia,2,0,Non-Demented,0,0.4578961844601755,0.32433732648846186,0.21776648905136242,0.0
OASIS_2,RandomForest,101,test,gaussian_blur__mild,gaussian_blur,mild,D:\OASIS_2\distortions_128\gaussian_blur\mild\Mild_Dementia\OAS2_0050\OAS2_0050_slice_01_z077.png,Mild_Dementia/OAS2_0050/OAS2_0050_slice_01_z077.png,Mild Dementia/OAS2_0050/OAS2_0050_slice_01_z077.png,OAS2_0050,Mild Dementia,2,1,Very Mild Dementia,0,0.3036495706511324,0.3761656523324092,0.3201847770164582,0.0
OASIS_2,RandomForest,101,test,gaussian_blur__mild,gaussian_blur,mild,D:\OASIS_2\distortions_128\gaussian_blur\mild\Mild_Dementia\OAS2_0050\OAS2_0050_slice_02_z082.png,Mild_Dementia/OAS2_0050/OAS2_0050_slice_02_z082.png,Mild Dementia/OAS2_0050/OAS2_0050_slice_02_z082.png,OAS2_0050,Mild Dementia,2,1,Very Mild Dementia,0,0.27933974275641893,0.37902095295418387,0.3383059709560638,0.0033333333333333335
OASIS_2,RandomForest,101,test,gaussian_blur__mild,gaussian_blur,mild,D:\OASIS_2\distortions_128\gaussian_blur\mild\Mild_Dementia\OAS2_0050\OAS2_0050_slice_03_z088.png,Mild_Dementia/OAS2_0050/OAS2_0050_slice_03_z088.png,Mild Dementia/OAS2_0050/OAS2_0050_slice_03_z088.png,OAS2_0050,Mild Dementia,2,2,Mild Dementia,1,0.3123201239245599,0.3414724909285674,0.3428740518135395,0.0033333333333333335
OASIS_2,RandomForest,101,test,gaussian_blur__mild,gaussian_blur,mild,D:\OASIS_2\distortions_128\gaussian_blur\mild\Mild_Dementia\OAS2_0050\OAS2_0050_slice_04_z093.png,Mild_Dementia/OAS2_0050/OAS2_0050_slice_04_z093.png,Mild Dementia/OAS2_0050/OAS2_0050_slice_04_z093.png,OAS2_0050,Mild Dementia,2,2,Mild Dementia,1,0.3103281113022263,0.3150695641270545,0.3746023245707192,0.0
OASIS_2,RandomForest,101,test,gaussian_blur__mild,gaussian_blur,mild,D:\OASIS_2\distortions_128\gaussian_blur\mild\Mild_Dementia\OAS2_0050\OAS2_0050_slice_05_z098.png,Mild_Dementia/OAS2_0050/OAS2_0050_slice_05_z098.png,Mild Dementia/OAS2_0050/OAS2_0050_slice_05_z098.png,OAS2_0050,Mild Dementia,2,2,Mild Dementia,1,0.311134566272143,0.3243075052299155,0.36455792849794105,0.0
OASIS_2,RandomForest,101,test,gaussian_blur__mild,gaussian_blur,mild,D:\OASIS_2\distortions_128\gaussian_blur\mild\Mild_Dementia\OAS2_0050\OAS2_0050_slice_06_z104.png,Mild_Dementia/OAS2_0050/OAS2_0050_slice_06_z104.png,Mild Dementia/OAS2_0050/OAS2_0050_slice_06_z104.png,OAS2_0050,Mild Dementia,2,2,Mild Dementia,1,0.29606054725907854,0.2593530677146522,0.4345863850262695,0.01
OASIS_2,RandomForest,101,test,gaussian_blur__mild,gaussian_blur,mild,D:\OASIS_2\distortions_128\gaussian_blur\mild\Mild_Dementia\OAS2_0050\OAS2_0050_slice_07_z109.png,Mild_Dementia/OAS2_0050/OAS2_0050_slice_07_z109.png,Mild Dementia/OAS2_0050/OAS2_0050_slice_07_z109.png,OAS2_0050,Mild Dementia,2,2,Mild Dementia,1,0.32734528252871864,0.2544095001961067,0.4115785506085076,0.006666666666666667
OASIS_2,RandomForest,101,test,gaussian_blur__mild,gaussian_blur,mild,D:\OASIS_2\distortions_128\gaussian_blur\mild\Mild_Dementia\OAS2_0050\OAS2_0050_slice_08_z114.png,Mild_Dementia/OAS2_0050/OAS2_0050_slice_08_z114.png,Mild Dementia/OAS2_0050/OAS2_0050_slice_08_z114.png,OAS2_0050,Mild Dementia,2,2,Mild Dementia,1,0.3300979060044932,0.2648590357745312,0.39504305822097513,0.01
OASIS_2,RandomForest,101,test,gaussian_blur__mild,gaussian_blur,mild,D:\OASIS_2\distortions_128\gaussian_blur\mild\Mild_Dementia\OAS2_0050\OAS2_0050_slice_09_z120.png,Mild_Dementia/OAS2_0050/OAS2_0050_slice_09_z120.png,Mild Dementia/OAS2_0050/OAS2_0050_slice_09_z120.png,OAS2_0050,Mild Dementia,2,2,Mild Dementia,1,0.35223329372244416,0.267734926886229,0.3733651127246601,0.006666666666666667
OASIS_2,RandomForest,101,test,gaussian_blur__mild,gaussian_blur,mild,D:\OASIS_2\distortions_128\gaussian_blur\mild\Mild_Dementia\OAS2_0050\OAS2_0050_slice_10_z125.png,Mild_Dementia/OAS2_0050/OAS2_0050_slice_10_z125.png,Mild Dementia/OAS2_0050/OAS2_0050_slice_10_z125.png,OAS2_0050,Mild Dementia,2,2,Mild Dementia,1,0.3686864353627108,0.2262641758252237,0.401716055478732,0.0033333333333333335
OASIS_2,RandomForest,101,test,gaussian_blur__mild,gaussian_blur,mild,D:\OASIS_2\distortions_128\gaussian_blur\mild\Mild_Dementia\OAS2_0050\OAS2_0050_slice_11_z130.png,Mild_Dementia/OAS2_0050/OAS2_0050_slice_11_z130.png,Mild Dementia/OAS2_0050/OAS2_0050_slice_11_z130.png,OAS2_0050,Mild Dementia,2,0,Non-Demented,0,0.470897674553208,0.22490898952965338,0.3008600025838051,0.0033333333333333335
OASIS_2,RandomForest,101,test,gaussian_blur__mild,gaussian_blur,mild,D:\OASIS_2\distortions_128\gaussian_blur\mild\Mild_Dementia\OAS2_0050\OAS2_0050_slice_12_z135.png,Mild_Dementia/OAS2_0050/OAS2_0050_slice_12_z135.png,Mild Dementia/OAS2_0050/OAS2_0050_slice_12_z135.png,OAS2_0050,Mild Dementia,2,0,Non-Demented,0,0.48262052864658356,0.20939184490364582,0.3013209597831038,0.006666666666666667
OASIS_2,RandomForest,101,test,gaussian_blur__mild,gaussian_blur,mild,D:\OASIS_2\distortions_128\gaussian_blur\mild\Mild_Dementia\OAS2_0050\OAS2_0050_slice_13_z141.png,Mild_Dementia/OAS2_0050/OAS2_0050_slice_13_z141.png,Mild Dementia/OAS2_0050/OAS2_0050_slice_13_z141.png,OAS2_0050,Mild Dementia,2,0,Non-Demented,0,0.5120040629493259,0.23205247078991287,0.2559434662607614,0.0
OASIS_2,RandomForest,101,test,gaussian_blur__mild,gaussian_blur,mild,D:\OASIS_2\distortions_128\gaussian_blur\mild\Mild_Dementia\OAS2_0050\OAS2_0050_slice_14_z146.png,Mild_Dementia/OAS2_0050/OAS2_0050_slice_14_z146.png,Mild Dementia/OAS2_0050/OAS2_0050_slice_14_z146.png,OAS2_0050,Mild Dementia,2,0,Non-Demented,0,0.5048906623454232,0.2200603870938005,0.2717156172274431,0.0033333333333333335
OASIS_2,RandomForest,101,test,gaussian_blur__mild,gaussian_blur,mild,D:\OASIS_2\distortions_128\gaussian_blur\mild\Mild_Dementia\OAS2_0050\OAS2_0050_slice_15_z151.png,Mild_Dementia/OAS2_0050/OAS2_0050_slice_15_z151.png,Mild Dementia/OAS2_0050/OAS2_0050_slice_15_z151.png,OAS2_0050,Mild Dementia,2,0,Non-Demented,0,0.46705728706005334,0.23907294607233573,0.29386976686761107,0.0
OASIS_2,RandomForest,101,test,gaussian_blur__mild,gaussian_blur,mild,D:\OASIS_2\distortions_128\gaussian_blur\mild\Mild_Dementia\OAS2_0050\OAS2_0050_slice_16_z157.png,Mild_Dementia/OAS2_0050/OAS2_0050_slice_16_z157.png,Mild Dementia/OAS2_0050/OAS2_0050_slice_16_z157.png,OAS2_0050,Mild Dementia,2,0,Non-Demented,0,0.46601217035487963,0.24816104194578917,0.2858267876993311,0.0
OASIS_2,RandomForest,101,test,gaussian_blur__mild,gaussian_blur,mild,D:\OASIS_2\distortions_128\gaussian_blur\mild\Mild_Dementia\OAS2_0050\OAS2_0050_slice_17_z162.png,Mild_Dementia/OAS2_0050/OAS2_0050_slice_17_z162.png,Mild Dementia/OAS2_0050/OAS2_0050_slice_17_z162.png,OAS2_0050,Mild Dementia,2,0,Non-Demented,0,0.4638945947385174,0.24872397651376013,0.28738142874772254,0.0
OASIS_2,RandomForest,101,test,gaussian_blur__mild,gaussian_blur,mild,D:\OASIS_2\distortions_128\gaussian_blur\mild\Mild_Dementia\OAS2_0050\OAS2_0050_slice_18_z167.png,Mild_Dementia/OAS2_0050/OAS2_0050_slice_18_z167.png,Mild Dementia/OAS2_0050/OAS2_0050_slice_18_z167.png,OAS2_0050,Mild Dementia,2,0,Non-Demented,0,0.42826296705731354,0.282394338643881,0.2893426942988055,0.0
OASIS_2,RandomForest,101,test,gaussian_blur__mild,gaussian_blur,mild,D:\OASIS_2\distortions_128\gaussian_blur\mild\Mild_Dementia\OAS2_0050\OAS2_0050_slice_19_z173.png,Mild_Dementia/OAS2_0050/OAS2_0050_slice_19_z173.png,Mild Dementia/OAS2_0050/OAS2_0050_slice_19_z173.png,OAS2_0050,Mild Dementia,2,0,Non-Demented,0,0.4313059045068102,0.25891751932044677,0.30644324283940977,0.0033333333333333335
OASIS_2,RandomForest,101,test,gaussian_blur__mild,gaussian_blur,mild,D:\OASIS_2\distortions_128\gaussian_blur\mild\Mild_Dementia\OAS2_0050\OAS2_0050_slice_20_z178.png,Mild_Dementia/OAS2_0050/OAS2_0050_slice_20_z178.png,Mild Dementia/OAS2_0050/OAS2_0050_slice_20_z178.png,OAS2_0050,Mild Dementia,2,0,Non-Demented,0,0.47480422972613584,0.27522826164390446,0.24996750862995987,0.0
OASIS_2,RandomForest,101,test,gaussian_blur__mild,gaussian_blur,mild,D:\OASIS_2\distortions_128\gaussian_blur\mild\Mild_Dementia\OAS2_0114\OAS2_0114_slice_01_z077.png,Mild_Dementia/OAS2_0114/OAS2_0114_slice_01_z077.png,Mild Dementia/OAS2_0114/OAS2_0114_slice_01_z077.png,OAS2_0114,Mild Dementia,2,0,Non-Demented,0,0.44512870967782686,0.32024288728565026,0.12462840303652288,0.11
OASIS_2,RandomForest,101,test,gaussian_blur__mild,gaussian_blur,mild,D:\OASIS_2\distortions_128\gaussian_blur\mild\Mild_Dementia\OAS2_0114\OAS2_0114_slice_02_z082.png,Mild_Dementia/OAS2_0114/OAS2_0114_slice_02_z082.png,Mild Dementia/OAS2_0114/OAS2_0114_slice_02_z082.png,OAS2_0114,Mild Dementia,2,0,Non-Demented,0,0.47669186497702565,0.2506370688229561,0.21600439953335154,0.056666666666666664
OASIS_2,RandomForest,101,test,gaussian_blur__mild,gaussian_blur,mild,D:\OASIS_2\distortions_128\gaussian_blur\mild\Mild_Dementia\OAS2_0114\OAS2_0114_slice_03_z088.png,Mild_Dementia/OAS2_0114/OAS2_0114_slice_03_z088.png,Mild Dementia/OAS2_0114/OAS2_0114_slice_03_z088.png,OAS2_0114,Mild Dementia,2,0,Non-Demented,0,0.45162934536994004,0.2216715781121326,0.2900324098512607,0.03666666666666667
OASIS_2,RandomForest,101,test,gaussian_blur__mild,gaussian_blur,mild,D:\OASIS_2\distortions_128\gaussian_blur\mild\Mild_Dementia\OAS2_0114\OAS2_0114_slice_04_z093.png,Mild_Dementia/OAS2_0114/OAS2_0114_slice_04_z093.png,Mild Dementia/OAS2_0114/OAS2_0114_slice_04_z093.png,OAS2_0114,Mild Dementia,2,0,Non-Demented,0,0.5011943919935775,0.21992683144751235,0.2722121098922437,0.006666666666666667
OASIS_2,RandomForest,101,test,gaussian_blur__mild,gaussian_blur,mild,D:\OASIS_2\distortions_128\gaussian_blur\mild\Mild_Dementia\OAS2_0114\OAS2_0114_slice_05_z098.png,Mild_Dementia/OAS2_0114/OAS2_0114_slice_05_z098.png,Mild Dementia/OAS2_0114/OAS2_0114_slice_05_z098.png,OAS2_0114,Mild Dementia,2,0,Non-Demented,0,0.5377319449723849,0.1846240657161573,0.25764398931145804,0.02
OASIS_2,RandomForest,101,test,gaussian_blur__mild,gaussian_blur,mild,D:\OASIS_2\distortions_128\gaussian_blur\mild\Mild_Dementia\OAS2_0114\OAS2_0114_slice_06_z104.png,Mild_Dementia/OAS2_0114/OAS2_0114_slice_06_z104.png,Mild Dementia/OAS2_0114/OAS2_0114_slice_06_z104.png,OAS2_0114,Mild Dementia,2,0,Non-Demented,0,0.48065297144507657,0.22546056268074746,0.27721979920750955,0.016666666666666666
OASIS_2,RandomForest,101,test,gaussian_blur__mild,gaussian_blur,mild,D:\OASIS_2\distortions_128\gaussian_blur\mild\Mild_Dementia\OAS2_0114\OAS2_0114_slice_07_z109.png,Mild_Dementia/OAS2_0114/OAS2_0114_slice_07_z109.png,Mild Dementia/OAS2_0114/OAS2_0114_slice_07_z109.png,OAS2_0114,Mild Dementia,2,0,Non-Demented,0,0.5394012312665875,0.19745385214227998,0.2264782499244659,0.03666666666666667
OASIS_2,RandomForest,101,test,gaussian_blur__mild,gaussian_blur,mild,D:\OASIS_2\distortions_128\gaussian_blur\mild\Mild_Dementia\OAS2_0114\OAS2_0114_slice_08_z114.png,Mild_Dementia/OAS2_0114/OAS2_0114_slice_08_z114.png,Mild Dementia/OAS2_0114/OAS2_0114_slice_08_z114.png,OAS2_0114,Mild Dementia,2,0,Non-Demented,0,0.5507804794330085,0.215900102690443,0.20998608454321552,0.023333333333333334
OASIS_2,RandomForest,101,test,gaussian_blur__mild,gaussian_blur,mild,D:\OASIS_2\distortions_128\gaussian_blur\mild\Mild_Dementia\OAS2_0114\OAS2_0114_slice_09_z120.png,Mild_Dementia/OAS2_0114/OAS2_0114_slice_09_z120.png,Mild Dementia/OAS2_0114/OAS2_0114_slice_09_z120.png,OAS2_0114,Mild Dementia,2,0,Non-Demented,0,0.5444081859497968,0.22736703722458876,0.20822477682561485,0.02
OASIS_2,RandomForest,101,test,gaussian_blur__mild,gaussian_blur,mild,D:\OASIS_2\distortions_128\gaussian_blur\mild\Mild_Dementia\OAS2_0114\OAS2_0114_slice_10_z125.png,Mild_Dementia/OAS2_0114/OAS2_0114_slice_10_z125.png,Mild Dementia/OAS2_0114/OAS2_0114_slice_10_z125.png,OAS2_0114,Mild Dementia,2,0,Non-Demented,0,0.5380198363440951,0.24100170371157376,0.20431179327766494,0.016666666666666666
OASIS_2,RandomForest,101,test,gaussian_blur__mild,gaussian_blur,mild,D:\OASIS_2\distortions_128\gaussian_blur\mild\Mild_Dementia\OAS2_0114\OAS2_0114_slice_11_z130.png,Mild_Dementia/OAS2_0114/OAS2_0114_slice_11_z130.png,Mild Dementia/OAS2_0114/OAS2_0114_slice_11_z130.png,OAS2_0114,Mild Dementia,2,0,Non-Demented,0,0.5039493875176947,0.23296769682068028,0.25974958232829204,0.0033333333333333335
OASIS_2,RandomForest,101,test,gaussian_blur__mild,gaussian_blur,mild,D:\OASIS_2\distortions_128\gaussian_blur\mild\Mild_Dementia\OAS2_0114\OAS2_0114_slice_12_z135.png,Mild_Dementia/OAS2_0114/OAS2_0114_slice_12_z135.png,Mild Dementia/OAS2_0114/OAS2_0114_slice_12_z135.png,OAS2_0114,Mild Dementia,2,0,Non-Demented,0,0.5134419912110721,0.22908959247378852,0.24413508298180622,0.013333333333333334
OASIS_2,RandomForest,101,test,gaussian_blur__mild,gaussian_blur,mild,D:\OASIS_2\distortions_128\gaussian_blur\mild\Mild_Dementia\OAS2_0114\OAS2_0114_slice_13_z141.png,Mild_Dementia/OAS2_0114/OAS2_0114_slice_13_z141.png,Mild Dementia/OAS2_0114/OAS2_0114_slice_13_z141.png,OAS2_0114,Mild Dementia,2,0,Non-Demented,0,0.48013763645801844,0.2874123839704326,0.2091166462382159,0.023333333333333334
OASIS_2,RandomForest,101,test,gaussian_blur__mild,gaussian_blur,mild,D:\OASIS_2\distortions_128\gaussian_blur\mild\Mild_Dementia\OAS2_0114\OAS2_0114_slice_14_z146.png,Mild_Dementia/OAS2_0114/OAS2_0114_slice_14_z146.png,Mild Dementia/OAS2_0114/OAS2_0114_slice_14_z146.png,OAS2_0114,Mild Dementia,2,0,Non-Demented,0,0.4474427827236797,0.3216853123911576,0.21087190488516286,0.02
OASIS_2,RandomForest,101,test,gaussian_blur__mild,gaussian_blur,mild,D:\OASIS_2\distortions_128\gaussian_blur\mild\Mild_Dementia\OAS2_0114\OAS2_0114_slice_15_z151.png,Mild_Dementia/OAS2_0114/OAS2_0114_slice_15_z151.png,Mild Dementia/OAS2_0114/OAS2_0114_slice_15_z151.png,OAS2_0114,Mild Dementia,2,0,Non-Demented,0,0.43684163835065715,0.34369207362423254,0.2194662880251102,0.0
OASIS_2,RandomForest,101,test,gaussian_blur__mild,gaussian_blur,mild,D:\OASIS_2\distortions_128\gaussian_blur\mild\Mild_Dementia\OAS2_0114\OAS2_0114_slice_16_z157.png,Mild_Dementia/OAS2_0114/OAS2_0114_slice_16_z157.png,Mild Dementia/OAS2_0114/OAS2_0114_slice_16_z157.png,OAS2_0114,Mild Dementia,2,1,Very Mild Dementia,0,0.37310469853608325,0.39456291827003986,0.2256657165272103,0.006666666666666667
OASIS_2,RandomForest,101,test,gaussian_blur__mild,gaussian_blur,mild,D:\OASIS_2\distortions_128\gaussian_blur\mild\Mild_Dementia\OAS2_0114\OAS2_0114_slice_17_z162.png,Mild_Dementia/OAS2_0114/OAS2_0114_slice_17_z162.png,Mild Dementia/OAS2_0114/OAS2_0114_slice_17_z162.png,OAS2_0114,Mild Dementia,2,0,Non-Demented,0,0.41935582928974036,0.3264051534328011,0.2475723506107921,0.006666666666666667
OASIS_2,RandomForest,101,test,gaussian_blur__mild,gaussian_blur,mild,D:\OASIS_2\distortions_128\gaussian_blur\mild\Mild_Dementia\OAS2_0114\OAS2_0114_slice_18_z167.png,Mild_Dementia/OAS2_0114/OAS2_0114_slice_18_z167.png,Mild Dementia/OAS2_0114/OAS2_0114_slice_18_z167.png,OAS2_0114,Mild Dementia,2,0,Non-Demented,0,0.4109857328473331,0.35522226431395776,0.22712533617204253,0.006666666666666667
OASIS_2,RandomForest,101,test,gaussian_blur__mild,gaussian_blur,mild,D:\OASIS_2\distortions_128\gaussian_blur\mild\Mild_Dementia\OAS2_0114\OAS2_0114_slice_19_z173.png,Mild_Dementia/OAS2_0114/OAS2_0114_slice_19_z173.png,Mild Dementia/OAS2_0114/OAS2_0114_slice_19_z173.png,OAS2_0114,Mild Dementia,2,0,Non-Demented,0,0.42912052982671206,0.34127164444465485,0.22960782572863322,0.0
OASIS_2,RandomForest,101,test,gaussian_blur__mild,gaussian_blur,mild,D:\OASIS_2\distortions_128\gaussian_blur\mild\Mild_Dementia\OAS2_0114\OAS2_0114_slice_20_z178.png,Mild_Dementia/OAS2_0114/OAS2_0114_slice_20_z178.png,Mild Dementia/OAS2_0114/OAS2_0114_slice_20_z178.png,OAS2_0114,Mild Dementia,2,0,Non-Demented,0,0.41805668260590756,0.3437353146493851,0.23820800274470746,0.0
OASIS_2,RandomForest,101,test,gaussian_blur__mild,gaussian_blur,mild,D:\OASIS_2\distortions_128\gaussian_blur\mild\Moderate_Dementia\OAS2_0120\OAS2_0120_slice_01_z077.png,Moderate_Dementia/OAS2_0120/OAS2_0120_slice_01_z077.png,Moderate Dementia/OAS2_0120/OAS2_0120_slice_01_z077.png,OAS2_0120,Moderate Dementia,3,0,Non-Demented,0,0.36743956665329397,0.32440543700625485,0.3081549963404513,0.0
OASIS_2,RandomForest,101,test,gaussian_blur__mild,gaussian_blur,mild,D:\OASIS_2\distortions_128\gaussian_blur\mild\Moderate_Dementia\OAS2_0120\OAS2_0120_slice_02_z082.png,Moderate_Dementia/OAS2_0120/OAS2_0120_slice_02_z082.png,Moderate Dementia/OAS2_0120/OAS2_0120_slice_02_z082.png,OAS2_0120,Moderate Dementia,3,0,Non-Demented,0,0.35310425499898707,0.32004103098258696,0.32685471401842625,0.0
OASIS_2,RandomForest,101,test,gaussian_blur__mild,gaussian_blur,mild,D:\OASIS_2\distortions_128\gaussian_blur\mild\Moderate_Dementia\OAS2_0120\OAS2_0120_slice_03_z088.png,Moderate_Dementia/OAS2_0120/OAS2_0120_slice_03_z088.png,Moderate Dementia/OAS2_0120/OAS2_0120_slice_03_z088.png,OAS2_0120,Moderate Dementia,3,0,Non-Demented,0,0.35522284419368994,0.3092878978938778,0.33548925791243217,0.0
OASIS_2,RandomForest,101,test,gaussian_blur__mild,gaussian_blur,mild,D:\OASIS_2\distortions_128\gaussian_blur\mild\Moderate_Dementia\OAS2_0120\OAS2_0120_slice_04_z093.png,Moderate_Dementia/OAS2_0120/OAS2_0120_slice_04_z093.png,Moderate Dementia/OAS2_0120/OAS2_0120_slice_04_z093.png,OAS2_0120,Moderate Dementia,3,2,Mild Dementia,0,0.3552704830940429,0.2832013157302765,0.36152820117568024,0.0
OASIS_2,RandomForest,101,test,gaussian_blur__mild,gaussian_blur,mild,D:\OASIS_2\distortions_128\gaussian_blur\mild\Moderate_Dementia\OAS2_0120\OAS2_0120_slice_05_z098.png,Moderate_Dementia/OAS2_0120/OAS2_0120_slice_05_z098.png,Moderate Dementia/OAS2_0120/OAS2_0120_slice_05_z098.png,OAS2_0120,Moderate Dementia,3,0,Non-Demented,0,0.3771378284325448,0.2852747502103192,0.3375874213571358,0.0
OASIS_2,RandomForest,101,test,gaussian_blur__mild,gaussian_blur,mild,D:\OASIS_2\distortions_128\gaussian_blur\mild\Moderate_Dementia\OAS2_0120\OAS2_0120_slice_06_z104.png,Moderate_Dementia/OAS2_0120/OAS2_0120_slice_06_z104.png,Moderate Dementia/OAS2_0120/OAS2_0120_slice_06_z104.png,OAS2_0120,Moderate Dementia,3,0,Non-Demented,0,0.3849054054910606,0.29384477711539764,0.3212498173935413,0.0
OASIS_2,RandomForest,101,test,gaussian_blur__mild,gaussian_blur,mild,D:\OASIS_2\distortions_128\gaussian_blur\mild\Moderate_Dementia\OAS2_0120\OAS2_0120_slice_07_z109.png,Moderate_Dementia/OAS2_0120/OAS2_0120_slice_07_z109.png,Moderate Dementia/OAS2_0120/OAS2_0120_slice_07_z109.png,OAS2_0120,Moderate Dementia,3,0,Non-Demented,0,0.40939613630399424,0.2629785587337125,0.3276253049622932,0.0
OASIS_2,RandomForest,101,test,gaussian_blur__mild,gaussian_blur,mild,D:\OASIS_2\distortions_128\gaussian_blur\mild\Moderate_Dementia\OAS2_0120\OAS2_0120_slice_08_z114.png,Moderate_Dementia/OAS2_0120/OAS2_0120_slice_08_z114.png,Moderate Dementia/OAS2_0120/OAS2_0120_slice_08_z114.png,OAS2_0120,Moderate Dementia,3,0,Non-Demented,0,0.42465308012476866,0.28561659999932315,0.2897303198759083,0.0
OASIS_2,RandomForest,101,test,gaussian_blur__mild,gaussian_blur,mild,D:\OASIS_2\distortions_128\gaussian_blur\mild\Moderate_Dementia\OAS2_0120\OAS2_0120_slice_09_z120.png,Moderate_Dementia/OAS2_0120/OAS2_0120_slice_09_z120.png,Moderate Dementia/OAS2_0120/OAS2_0120_slice_09_z120.png,OAS2_0120,Moderate Dementia,3,0,Non-Demented,0,0.4397969585947338,0.2619871437268043,0.2982158976784618,0.0
OASIS_2,RandomForest,101,test,gaussian_blur__mild,gaussian_blur,mild,D:\OASIS_2\distortions_128\gaussian_blur\mild\Moderate_Dementia\OAS2_0120\OAS2_0120_slice_10_z125.png,Moderate_Dementia/OAS2_0120/OAS2_0120_slice_10_z125.png,Moderate Dementia/OAS2_0120/OAS2_0120_slice_10_z125.png,OAS2_0120,Moderate Dementia,3,0,Non-Demented,0,0.4881588305363153,0.24862722149695582,0.2632139479667287,0.0
OASIS_2,RandomForest,101,test,gaussian_blur__mild,gaussian_blur,mild,D:\OASIS_2\distortions_128\gaussian_blur\mild\Moderate_Dementia\OAS2_0120\OAS2_0120_slice_11_z130.png,Moderate_Dementia/OAS2_0120/OAS2_0120_slice_11_z130.png,Moderate Dementia/OAS2_0120/OAS2_0120_slice_11_z130.png,OAS2_0120,Moderate Dementia,3,0,Non-Demented,0,0.5108273769396712,0.23559364350835235,0.2535789795519765,0.0
OASIS_2,RandomForest,101,test,gaussian_blur__mild,gaussian_blur,mild,D:\OASIS_2\distortions_128\gaussian_blur\mild\Moderate_Dementia\OAS2_0120\OAS2_0120_slice_12_z135.png,Moderate_Dementia/OAS2_0120/OAS2_0120_slice_12_z135.png,Moderate Dementia/OAS2_0120/OAS2_0120_slice_12_z135.png,OAS2_0120,Moderate Dementia,3,0,Non-Demented,0,0.48668596688735843,0.20906406668671912,0.3042499664259224,0.0
OASIS_2,RandomForest,101,test,gaussian_blur__mild,gaussian_blur,mild,D:\OASIS_2\distortions_128\gaussian_blur\mild\Moderate_Dementia\OAS2_0120\OAS2_0120_slice_13_z141.png,Moderate_Dementia/OAS2_0120/OAS2_0120_slice_13_z141.png,Moderate Dementia/OAS2_0120/OAS2_0120_slice_13_z141.png,OAS2_0120,Moderate Dementia,3,0,Non-Demented,0,0.4886562089007365,0.2033550277083009,0.3079887633909628,0.0
OASIS_2,RandomForest,101,test,gaussian_blur__mild,gaussian_blur,mild,D:\OASIS_2\distortions_128\gaussian_blur\mild\Moderate_Dementia\OAS2_0120\OAS2_0120_slice_14_z146.png,Moderate_Dementia/OAS2_0120/OAS2_0120_slice_14_z146.png,Moderate Dementia/OAS2_0120/OAS2_0120_slice_14_z146.png,OAS2_0120,Moderate Dementia,3,0,Non-Demented,0,0.46332073013545216,0.19317478828069876,0.34350448158384944,0.0
OASIS_2,RandomForest,101,test,gaussian_blur__mild,gaussian_blur,mild,D:\OASIS_2\distortions_128\gaussian_blur\mild\Moderate_Dementia\OAS2_0120\OAS2_0120_slice_15_z151.png,Moderate_Dementia/OAS2_0120/OAS2_0120_slice_15_z151.png,Moderate Dementia/OAS2_0120/OAS2_0120_slice_15_z151.png,OAS2_0120,Moderate Dementia,3,0,Non-Demented,0,0.536135783763752,0.2011675893080481,0.2626966269282,0.0
OASIS_2,RandomForest,101,test,gaussian_blur__mild,gaussian_blur,mild,D:\OASIS_2\distortions_128\gaussian_blur\mild\Moderate_Dementia\OAS2_0120\OAS2_0120_slice_16_z157.png,Moderate_Dementia/OAS2_0120/OAS2_0120_slice_16_z157.png,Moderate Dementia/OAS2_0120/OAS2_0120_slice_16_z157.png,OAS2_0120,Moderate Dementia,3,0,Non-Demented,0,0.5874892686931096,0.20486098590586285,0.20764974540102793,0.0
OASIS_2,RandomForest,101,test,gaussian_blur__mild,gaussian_blur,mild,D:\OASIS_2\distortions_128\gaussian_blur\mild\Moderate_Dementia\OAS2_0120\OAS2_0120_slice_17_z162.png,Moderate_Dementia/OAS2_0120/OAS2_0120_slice_17_z162.png,Moderate Dementia/OAS2_0120/OAS2_0120_slice_17_z162.png,OAS2_0120,Moderate Dementia,3,0,Non-Demented,0,0.5059216313403941,0.23883894058202187,0.25523942807758426,0.0
OASIS_2,RandomForest,101,test,gaussian_blur__mild,gaussian_blur,mild,D:\OASIS_2\distortions_128\gaussian_blur\mild\Moderate_Dementia\OAS2_0120\OAS2_0120_slice_18_z167.png,Moderate_Dementia/OAS2_0120/OAS2_0120_slice_18_z167.png,Moderate Dementia/OAS2_0120/OAS2_0120_slice_18_z167.png,OAS2_0120,Moderate Dementia,3,0,Non-Demented,0,0.4590321817079023,0.268341246496692,0.27262657179540584,0.0
OASIS_2,RandomForest,101,test,gaussian_blur__mild,gaussian_blur,mild,D:\OASIS_2\distortions_128\gaussian_blur\mild\Moderate_Dementia\OAS2_0120\OAS2_0120_slice_19_z173.png,Moderate_Dementia/OAS2_0120/OAS2_0120_slice_19_z173.png,Moderate Dementia/OAS2_0120/OAS2_0120_slice_19_z173.png,OAS2_0120,Moderate Dementia,3,0,Non-Demented,0,0.4714237470729745,0.2773252702375945,0.25125098268943075,0.0
OASIS_2,RandomForest,101,test,gaussian_blur__mild,gaussian_blur,mild,D:\OASIS_2\distortions_128\gaussian_blur\mild\Moderate_Dementia\OAS2_0120\OAS2_0120_slice_20_z178.png,Moderate_Dementia/OAS2_0120/OAS2_0120_slice_20_z178.png,Moderate Dementia/OAS2_0120/OAS2_0120_slice_20_z178.png,OAS2_0120,Moderate Dementia,3,0,Non-Demented,0,0.44555123663823004,0.30491178121589274,0.24953698214587722,0.0
OASIS_2,RandomForest,101,test,gaussian_blur__mild,gaussian_blur,mild,D:\OASIS_2\distortions_128\gaussian_blur\mild\Non_Demented\OAS2_0004\OAS2_0004_slice_01_z077.png,Non_Demented/OAS2_0004/OAS2_0004_slice_01_z077.png,Non-Demented/OAS2_0004/OAS2_0004_slice_01_z077.png,OAS2_0004,Non-Demented,0,0,Non-Demented,1,0.3768322664543128,0.33930090792093975,0.2838668256247473,0.0
OASIS_2,RandomForest,101,test,gaussian_blur__mild,gaussian_blur,mild,D:\OASIS_2\distortions_128\gaussian_blur\mild\Non_Demented\OAS2_0004\OAS2_0004_slice_02_z082.png,Non_Demented/OAS2_0004/OAS2_0004_slice_02_z082.png,Non-Demented/OAS2_0004/OAS2_0004_slice_02_z082.png,OAS2_0004,Non-Demented,0,0,Non-Demented,1,0.3780240398606495,0.32812733707738456,0.29384862306196585,0.0
OASIS_2,RandomForest,101,test,gaussian_blur__mild,gaussian_blur,mild,D:\OASIS_2\distortions_128\gaussian_blur\mild\Non_Demented\OAS2_0004\OAS2_0004_slice_03_z088.png,Non_Demented/OAS2_0004/OAS2_0004_slice_03_z088.png,Non-Demented/OAS2_0004/OAS2_0004_slice_03_z088.png,OAS2_0004,Non-Demented,0,0,Non-Demented,1,0.36724316911441934,0.33071606578228874,0.30204076510329186,0.0
OASIS_2,RandomForest,101,test,gaussian_blur__mild,gaussian_blur,mild,D:\OASIS_2\distortions_128\gaussian_blur\mild\Non_Demented\OAS2_0004\OAS2_0004_slice_04_z093.png,Non_Demented/OAS2_0004/OAS2_0004_slice_04_z093.png,Non-Demented/OAS2_0004/OAS2_0004_slice_04_z093.png,OAS2_0004,Non-Demented,0,0,Non-Demented,1,0.37967762794196463,0.3004534932001866,0.3198688788578487,0.0
OASIS_2,RandomForest,101,test,gaussian_blur__mild,gaussian_blur,mild,D:\OASIS_2\distortions_128\gaussian_blur\mild\Non_Demented\OAS2_0004\OAS2_0004_slice_05_z098.png,Non_Demented/OAS2_0004/OAS2_0004_slice_05_z098.png,Non-Demented/OAS2_0004/OAS2_0004_slice_05_z098.png,OAS2_0004,Non-Demented,0,0,Non-Demented,1,0.35685070934189167,0.3276745510160477,0.31547473964206074,0.0
OASIS_2,RandomForest,101,test,gaussian_blur__mild,gaussian_blur,mild,D:\OASIS_2\distortions_128\gaussian_blur\mild\Non_Demented\OAS2_0004\OAS2_0004_slice_06_z104.png,Non_Demented/OAS2_0004/OAS2_0004_slice_06_z104.png,Non-Demented/OAS2_0004/OAS2_0004_slice_06_z104.png,OAS2_0004,Non-Demented,0,2,Mild Dementia,0,0.3287446649995052,0.32933046702640517,0.34192486797408955,0.0
OASIS_2,RandomForest,101,test,gaussian_blur__mild,gaussian_blur,mild,D:\OASIS_2\distortions_128\gaussian_blur\mild\Non_Demented\OAS2_0004\OAS2_0004_slice_07_z109.png,Non_Demented/OAS2_0004/OAS2_0004_slice_07_z109.png,Non-Demented/OAS2_0004/OAS2_0004_slice_07_z109.png,OAS2_0004,Non-Demented,0,0,Non-Demented,1,0.36606262861669664,0.3306639712710012,0.30327340011230225,0.0
OASIS_2,RandomForest,101,test,gaussian_blur__mild,gaussian_blur,mild,D:\OASIS_2\distortions_128\gaussian_blur\mild\Non_Demented\OAS2_0004\OAS2_0004_slice_08_z114.png,Non_Demented/OAS2_0004/OAS2_0004_slice_08_z114.png,Non-Demented/OAS2_0004/OAS2_0004_slice_08_z114.png,OAS2_0004,Non-Demented,0,0,Non-Demented,1,0.3534537652334062,0.3176290506782966,0.32891718408829673,0.0
OASIS_2,RandomForest,101,test,gaussian_blur__mild,gaussian_blur,mild,D:\OASIS_2\distortions_128\gaussian_blur\mild\Non_Demented\OAS2_0004\OAS2_0004_slice_09_z120.png,Non_Demented/OAS2_0004/OAS2_0004_slice_09_z120.png,Non-Demented/OAS2_0004/OAS2_0004_slice_09_z120.png,OAS2_0004,Non-Demented,0,0,Non-Demented,1,0.3921014523787321,0.28092771106798886,0.32697083655327847,0.0
OASIS_2,RandomForest,101,test,gaussian_blur__mild,gaussian_blur,mild,D:\OASIS_2\distortions_128\gaussian_blur\mild\Non_Demented\OAS2_0004\OAS2_0004_slice_10_z125.png,Non_Demented/OAS2_0004/OAS2_0004_slice_10_z125.png,Non-Demented/OAS2_0004/OAS2_0004_slice_10_z125.png,OAS2_0004,Non-Demented,0,0,Non-Demented,1,0.3670941370844462,0.27922056786189114,0.3536852950536623,0.0
OASIS_2,RandomForest,101,test,gaussian_blur__mild,gaussian_blur,mild,D:\OASIS_2\distortions_128\gaussian_blur\mild\Non_Demented\OAS2_0004\OAS2_0004_slice_11_z130.png,Non_Demented/OAS2_0004/OAS2_0004_slice_11_z130.png,Non-Demented/OAS2_0004/OAS2_0004_slice_11_z130.png,OAS2_0004,Non-Demented,0,0,Non-Demented,1,0.3860592242095057,0.29988434696051164,0.3140564288299826,0.0
OASIS_2,RandomForest,101,test,gaussian_blur__mild,gaussian_blur,mild,D:\OASIS_2\distortions_128\gaussian_blur\mild\Non_Demented\OAS2_0004\OAS2_0004_slice_12_z135.png,Non_Demented/OAS2_0004/OAS2_0004_slice_12_z135.png,Non-Demented/OAS2_0004/OAS2_0004_slice_12_z135.png,OAS2_0004,Non-Demented,0,0,Non-Demented,1,0.4104123961082626,0.30107876013696694,0.28850884375477065,0.0
OASIS_2,RandomForest,101,test,gaussian_blur__mild,gaussian_blur,mild,D:\OASIS_2\distortions_128\gaussian_blur\mild\Non_Demented\OAS2_0004\OAS2_0004_slice_13_z141.png,Non_Demented/OAS2_0004/OAS2_0004_slice_13_z141.png,Non-Demented/OAS2_0004/OAS2_0004_slice_13_z141.png,OAS2_0004,Non-Demented,0,0,Non-Demented,1,0.43154189984719155,0.29144838560384106,0.27700971454896733,0.0
OASIS_2,RandomForest,101,test,gaussian_blur__mild,gaussian_blur,mild,D:\OASIS_2\distortions_128\gaussian_blur\mild\Non_Demented\OAS2_0004\OAS2_0004_slice_14_z146.png,Non_Demented/OAS2_0004/OAS2_0004_slice_14_z146.png,Non-Demented/OAS2_0004/OAS2_0004_slice_14_z146.png,OAS2_0004,Non-Demented,0,0,Non-Demented,1,0.44358567991561304,0.29588253475779774,0.26053178532658916,0.0
OASIS_2,RandomForest,101,test,gaussian_blur__mild,gaussian_blur,mild,D:\OASIS_2\distortions_128\gaussian_blur\mild\Non_Demented\OAS2_0004\OAS2_0004_slice_15_z151.png,Non_Demented/OAS2_0004/OAS2_0004_slice_15_z151.png,Non-Demented/OAS2_0004/OAS2_0004_slice_15_z151.png,OAS2_0004,Non-Demented,0,0,Non-Demented,1,0.4537049053898064,0.29465754024941315,0.25163755436078045,0.0
OASIS_2,RandomForest,101,test,gaussian_blur__mild,gaussian_blur,mild,D:\OASIS_2\distortions_128\gaussian_blur\mild\Non_Demented\OAS2_0004\OAS2_0004_slice_16_z157.png,Non_Demented/OAS2_0004/OAS2_0004_slice_16_z157.png,Non-Demented/OAS2_0004/OAS2_0004_slice_16_z157.png,OAS2_0004,Non-Demented,0,0,Non-Demented,1,0.471667684786372,0.3049251134950143,0.22340720171861397,0.0
OASIS_2,RandomForest,101,test,gaussian_blur__mild,gaussian_blur,mild,D:\OASIS_2\distortions_128\gaussian_blur\mild\Non_Demented\OAS2_0004\OAS2_0004_slice_17_z162.png,Non_Demented/OAS2_0004/OAS2_0004_slice_17_z162.png,Non-Demented/OAS2_0004/OAS2_0004_slice_17_z162.png,OAS2_0004,Non-Demented,0,0,Non-Demented,1,0.44425407511924464,0.2949756318536132,0.26077029302714216,0.0
OASIS_2,RandomForest,101,test,gaussian_blur__mild,gaussian_blur,mild,D:\OASIS_2\distortions_128\gaussian_blur\mild\Non_Demented\OAS2_0004\OAS2_0004_slice_18_z167.png,Non_Demented/OAS2_0004/OAS2_0004_slice_18_z167.png,Non-Demented/OAS2_0004/OAS2_0004_slice_18_z167.png,OAS2_0004,Non-Demented,0,0,Non-Demented,1,0.4704915570398694,0.29069658626045325,0.23881185669967736,0.0
OASIS_2,RandomForest,101,test,gaussian_blur__mild,gaussian_blur,mild,D:\OASIS_2\distortions_128\gaussian_blur\mild\Non_Demented\OAS2_0004\OAS2_0004_slice_19_z173.png,Non_Demented/OAS2_0004/OAS2_0004_slice_19_z173.png,Non-Demented/OAS2_0004/OAS2_0004_slice_19_z173.png,OAS2_0004,Non-Demented,0,0,Non-Demented,1,0.43998216363978154,0.31235293325923186,0.24766490310098688,0.0
OASIS_2,RandomForest,101,test,gaussian_blur__mild,gaussian_blur,mild,D:\OASIS_2\distortions_128\gaussian_blur\mild\Non_Demented\OAS2_0004\OAS2_0004_slice_20_z178.png,Non_Demented/OAS2_0004/OAS2_0004_slice_20_z178.png,Non-Demented/OAS2_0004/OAS2_0004_slice_20_z178.png,OAS2_0004,Non-Demented,0,0,Non-Demented,1,0.42189116965408524,0.3221343070421967,0.25597452330371806,0.0
OASIS_2,RandomForest,101,test,gaussian_blur__mild,gaussian_blur,mild,D:\OASIS_2\distortions_128\gaussian_blur\mild\Non_Demented\OAS2_0005\OAS2_0005_slice_01_z077.png,Non_Demented/OAS2_0005/OAS2_0005_slice_01_z077.png,Non-Demented/OAS2_0005/OAS2_0005_slice_01_z077.png,OAS2_0005,Non-Demented,0,0,Non-Demented,1,0.4463296953840885,0.4444025314224949,0.1092677731934162,0.0
OASIS_2,RandomForest,101,test,gaussian_blur__mild,gaussian_blur,mild,D:\OASIS_2\distortions_128\gaussian_blur\mild\Non_Demented\OAS2_0005\OAS2_0005_slice_02_z082.png,Non_Demented/OAS2_0005/OAS2_0005_slice_02_z082.png,Non-Demented/OAS2_0005/OAS2_0005_slice_02_z082.png,OAS2_0005,Non-Demented,0,1,Very Mild Dementia,0,0.42123206265661056,0.46948505165339866,0.10928288568999073,0.0
OASIS_2,RandomForest,101,test,gaussian_blur__mild,gaussian_blur,mild,D:\OASIS_2\distortions_128\gaussian_blur\mild\Non_Demented\OAS2_0005\OAS2_0005_slice_03_z088.png,Non_Demented/OAS2_0005/OAS2_0005_slice_03_z088.png,Non-Demented/OAS2_0005/OAS2_0005_slice_03_z088.png,OAS2_0005,Non-Demented,0,1,Very Mild Dementia,0,0.412293690425152,0.48511579090934115,0.09925718533217393,0.0033333333333333335
OASIS_2,RandomForest,101,test,gaussian_blur__mild,gaussian_blur,mild,D:\OASIS_2\distortions_128\gaussian_blur\mild\Non_Demented\OAS2_0005\OAS2_0005_slice_04_z093.png,Non_Demented/OAS2_0005/OAS2_0005_slice_04_z093.png,Non-Demented/OAS2_0005/OAS2_0005_slice_04_z093.png,OAS2_0005,Non-Demented,0,1,Very Mild Dementia,0,0.4137579603944286,0.4783968864765535,0.1078451531290182,0.0
OASIS_2,RandomForest,101,test,gaussian_blur__mild,gaussian_blur,mild,D:\OASIS_2\distortions_128\gaussian_blur\mild\Non_Demented\OAS2_0005\OAS2_0005_slice_05_z098.png,Non_Demented/OAS2_0005/OAS2_0005_slice_05_z098.png,Non-Demented/OAS2_0005/OAS2_0005_slice_05_z098.png,OAS2_0005,Non-Demented,0,1,Very Mild Dementia,0,0.41533468805154566,0.4858060188051932,0.09885929314326113,0.0
OASIS_2,RandomForest,101,test,gaussian_blur__mild,gaussian_blur,mild,D:\OASIS_2\distortions_128\gaussian_blur\mild\Non_Demented\OAS2_0005\OAS2_0005_slice_06_z104.png,Non_Demented/OAS2_0005/OAS2_0005_slice_06_z104.png,Non-Demented/OAS2_0005/OAS2_0005_slice_06_z104.png,OAS2_0005,Non-Demented,0,1,Very Mild Dementia,0,0.38566461920100165,0.5382519873778144,0.07608339342118377,0.0
OASIS_2,RandomForest,101,test,gaussian_blur__mild,gaussian_blur,mild,D:\OASIS_2\distortions_128\gaussian_blur\mild\Non_Demented\OAS2_0005\OAS2_0005_slice_07_z109.png,Non_Demented/OAS2_0005/OAS2_0005_slice_07_z109.png,Non-Demented/OAS2_0005/OAS2_0005_slice_07_z109.png,OAS2_0005,Non-Demented,0,1,Very Mild Dementia,0,0.37151101496154215,0.558794536144716,0.06969444889374217,0.0
OASIS_2,RandomForest,101,test,gaussian_blur__mild,gaussian_blur,mild,D:\OASIS_2\distortions_128\gaussian_blur\mild\Non_Demented\OAS2_0005\OAS2_0005_slice_08_z114.png,Non_Demented/OAS2_0005/OAS2_0005_slice_08_z114.png,Non-Demented/OAS2_0005/OAS2_0005_slice_08_z114.png,OAS2_0005,Non-Demented,0,1,Very Mild Dementia,0,0.3541073437455574,0.5926176557890753,0.0532750004653674,0.0
OASIS_2,RandomForest,101,test,gaussian_blur__mild,gaussian_blur,mild,D:\OASIS_2\distortions_128\gaussian_blur\mild\Non_Demented\OAS2_0005\OAS2_0005_slice_09_z120.png,Non_Demented/OAS2_0005/OAS2_0005_slice_09_z120.png,Non-Demented/OAS2_0005/OAS2_0005_slice_09_z120.png,OAS2_0005,Non-Demented,0,1,Very Mild Dementia,0,0.32173344696018524,0.6269302246976435,0.05133632834217091,0.0
OASIS_2,RandomForest,101,test,gaussian_blur__mild,gaussian_blur,mild,D:\OASIS_2\distortions_128\gaussian_blur\mild\Non_Demented\OAS2_0005\OAS2_0005_slice_10_z125.png,Non_Demented/OAS2_0005/OAS2_0005_slice_10_z125.png,Non-Demented/OAS2_0005/OAS2_0005_slice_10_z125.png,OAS2_0005,Non-Demented,0,1,Very Mild Dementia,0,0.3373319308533105,0.6255217216573871,0.03714634748930233,0.0
OASIS_2,RandomForest,101,test,gaussian_blur__mild,gaussian_blur,mild,D:\OASIS_2\distortions_128\gaussian_blur\mild\Non_Demented\OAS2_0005\OAS2_0005_slice_11_z130.png,Non_Demented/OAS2_0005/OAS2_0005_slice_11_z130.png,Non-Demented/OAS2_0005/OAS2_0005_slice_11_z130.png,OAS2_0005,Non-Demented,0,1,Very Mild Dementia,0,0.35971336410026017,0.5904581333648558,0.049828502534883835,0.0
OASIS_2,RandomForest,101,test,gaussian_blur__mild,gaussian_blur,mild,D:\OASIS_2\distortions_128\gaussian_blur\mild\Non_Demented\OAS2_0005\OAS2_0005_slice_12_z135.png,Non_Demented/OAS2_0005/OAS2_0005_slice_12_z135.png,Non-Demented/OAS2_0005/OAS2_0005_slice_12_z135.png,OAS2_0005,Non-Demented,0,1,Very Mild Dementia,0,0.38869448902755194,0.5713830255521314,0.039922485420316664,0.0
OASIS_2,RandomForest,101,test,gaussian_blur__mild,gaussian_blur,mild,D:\OASIS_2\distortions_128\gaussian_blur\mild\Non_Demented\OAS2_0005\OAS2_0005_slice_13_z141.png,Non_Demented/OAS2_0005/OAS2_0005_slice_13_z141.png,Non-Demented/OAS2_0005/OAS2_0005_slice_13_z141.png,OAS2_0005,Non-Demented,0,1,Very Mild Dementia,0,0.38218649428231294,0.5672865947265564,0.05052691099113078,0.0
OASIS_2,RandomForest,101,test,gaussian_blur__mild,gaussian_blur,mild,D:\OASIS_2\distortions_128\gaussian_blur\mild\Non_Demented\OAS2_0005\OAS2_0005_slice_14_z146.png,Non_Demented/OAS2_0005/OAS2_0005_slice_14_z146.png,Non-Demented/OAS2_0005/OAS2_0005_slice_14_z146.png,OAS2_0005,Non-Demented,0,1,Very Mild Dementia,0,0.4108797523466749,0.5510366989611227,0.03808354869220231,0.0
OASIS_2,RandomForest,101,test,gaussian_blur__mild,gaussian_blur,mild,D:\OASIS_2\distortions_128\gaussian_blur\mild\Non_Demented\OAS2_0005\OAS2_0005_slice_15_z151.png,Non_Demented/OAS2_0005/OAS2_0005_slice_15_z151.png,Non-Demented/OAS2_0005/OAS2_0005_slice_15_z151.png,OAS2_0005,Non-Demented,0,0,Non-Demented,1,0.4824220274972641,0.4686383067514165,0.04893966575131957,0.0
OASIS_2,RandomForest,101,test,gaussian_blur__mild,gaussian_blur,mild,D:\OASIS_2\distortions_128\gaussian_blur\mild\Non_Demented\OAS2_0005\OAS2_0005_slice_16_z157.png,Non_Demented/OAS2_0005/OAS2_0005_slice_16_z157.png,Non-Demented/OAS2_0005/OAS2_0005_slice_16_z157.png,OAS2_0005,Non-Demented,0,0,Non-Demented,1,0.49284107828149737,0.42051033322179976,0.08331525516336978,0.0033333333333333335
OASIS_2,RandomForest,101,test,gaussian_blur__mild,gaussian_blur,mild,D:\OASIS_2\distortions_128\gaussian_blur\mild\Non_Demented\OAS2_0005\OAS2_0005_slice_17_z162.png,Non_Demented/OAS2_0005/OAS2_0005_slice_17_z162.png,Non-Demented/OAS2_0005/OAS2_0005_slice_17_z162.png,OAS2_0005,Non-Demented,0,0,Non-Demented,1,0.5598886316237096,0.3508239171838103,0.08262078452581352,0.006666666666666667
OASIS_2,RandomForest,101,test,gaussian_blur__mild,gaussian_blur,mild,D:\OASIS_2\distortions_128\gaussian_blur\mild\Non_Demented\OAS2_0005\OAS2_0005_slice_18_z167.png,Non_Demented/OAS2_0005/OAS2_0005_slice_18_z167.png,Non-Demented/OAS2_0005/OAS2_0005_slice_18_z167.png,OAS2_0005,Non-Demented,0,0,Non-Demented,1,0.504519845981434,0.4080066905906481,0.08080679676125108,0.006666666666666667
OASIS_2,RandomForest,101,test,gaussian_blur__mild,gaussian_blur,mild,D:\OASIS_2\distortions_128\gaussian_blur\mild\Non_Demented\OAS2_0005\OAS2_0005_slice_19_z173.png,Non_Demented/OAS2_0005/OAS2_0005_slice_19_z173.png,Non-Demented/OAS2_0005/OAS2_0005_slice_19_z173.png,OAS2_0005,Non-Demented,0,0,Non-Demented,1,0.47384985631035326,0.4316317418483922,0.08451840184125448,0.01
OASIS_2,RandomForest,101,test,gaussian_blur__mild,gaussian_blur,mild,D:\OASIS_2\distortions_128\gaussian_blur\mild\Non_Demented\OAS2_0005\OAS2_0005_slice_20_z178.png,Non_Demented/OAS2_0005/OAS2_0005_slice_20_z178.png,Non-Demented/OAS2_0005/OAS2_0005_slice_20_z178.png,OAS2_0005,Non-Demented,0,0,Non-Demented,1,0.45650865761843673,0.4230018941215212,0.11715611492670838,0.0033333333333333335
OASIS_2,RandomForest,101,test,gaussian_blur__mild,gaussian_blur,mild,D:\OASIS_2\distortions_128\gaussian_blur\mild\Non_Demented\OAS2_0017\OAS2_0017_slice_01_z077.png,Non_Demented/OAS2_0017/OAS2_0017_slice_01_z077.png,Non-Demented/OAS2_0017/OAS2_0017_slice_01_z077.png,OAS2_0017,Non-Demented,0,0,Non-Demented,1,0.3979569481803417,0.32432071470901314,0.27438900377731185,0.0033333333333333335
OASIS_2,RandomForest,101,test,gaussian_blur__mild,gaussian_blur,mild,D:\OASIS_2\distortions_128\gaussian_blur\mild\Non_Demented\OAS2_0017\OAS2_0017_slice_02_z082.png,Non_Demented/OAS2_0017/OAS2_0017_slice_02_z082.png,Non-Demented/OAS2_0017/OAS2_0017_slice_02_z082.png,OAS2_0017,Non-Demented,0,0,Non-Demented,1,0.43423322313134066,0.31767994480647277,0.24475349872885332,0.0033333333333333335
OASIS_2,RandomForest,101,test,gaussian_blur__mild,gaussian_blur,mild,D:\OASIS_2\distortions_128\gaussian_blur\mild\Non_Demented\OAS2_0017\OAS2_0017_slice_03_z088.png,Non_Demented/OAS2_0017/OAS2_0017_slice_03_z088.png,Non-Demented/OAS2_0017/OAS2_0017_slice_03_z088.png,OAS2_0017,Non-Demented,0,1,Very Mild Dementia,0,0.39999039490060034,0.45625742516728174,0.14375217993211775,0.0
OASIS_2,RandomForest,101,test,gaussian_blur__mild,gaussian_blur,mild,D:\OASIS_2\distortions_128\gaussian_blur\mild\Non_Demented\OAS2_0017\OAS2_0017_slice_04_z093.png,Non_Demented/OAS2_0017/OAS2_0017_slice_04_z093.png,Non-Demented/OAS2_0017/OAS2_0017_slice_04_z093.png,OAS2_0017,Non-Demented,0,1,Very Mild Dementia,0,0.3839532536338767,0.4803909502298294,0.13565579613629378,0.0
OASIS_2,RandomForest,101,test,gaussian_blur__mild,gaussian_blur,mild,D:\OASIS_2\distortions_128\gaussian_blur\mild\Non_Demented\OAS2_0017\OAS2_0017_slice_05_z098.png,Non_Demented/OAS2_0017/OAS2_0017_slice_05_z098.png,Non-Demented/OAS2_0017/OAS2_0017_slice_05_z098.png,OAS2_0017,Non-Demented,0,1,Very Mild Dementia,0,0.30729341338490795,0.5594868050442257,0.13321978157086622,0.0
OASIS_2,RandomForest,101,test,gaussian_blur__mild,gaussian_blur,mild,D:\OASIS_2\distortions_128\gaussian_blur\mild\Non_Demented\OAS2_0017\OAS2_0017_slice_06_z104.png,Non_Demented/OAS2_0017/OAS2_0017_slice_06_z104.png,Non-Demented/OAS2_0017/OAS2_0017_slice_06_z104.png,OAS2_0017,Non-Demented,0,1,Very Mild Dementia,0,0.39587255417607126,0.5300089637718027,0.07411848205212596,0.0
OASIS_2,RandomForest,101,test,gaussian_blur__mild,gaussian_blur,mild,D:\OASIS_2\distortions_128\gaussian_blur\mild\Non_Demented\OAS2_0017\OAS2_0017_slice_07_z109.png,Non_Demented/OAS2_0017/OAS2_0017_slice_07_z109.png,Non-Demented/OAS2_0017/OAS2_0017_slice_07_z109.png,OAS2_0017,Non-Demented,0,1,Very Mild Dementia,0,0.40662385082967023,0.5189716904900314,0.07440445868029835,0.0
OASIS_2,RandomForest,101,test,gaussian_blur__mild,gaussian_blur,mild,D:\OASIS_2\distortions_128\gaussian_blur\mild\Non_Demented\OAS2_0017\OAS2_0017_slice_08_z114.png,Non_Demented/OAS2_0017/OAS2_0017_slice_08_z114.png,Non-Demented/OAS2_0017/OAS2_0017_slice_08_z114.png,OAS2_0017,Non-Demented,0,1,Very Mild Dementia,0,0.4090924810793285,0.5013162400962241,0.0895912788244474,0.0
OASIS_2,RandomForest,101,test,gaussian_blur__mild,gaussian_blur,mild,D:\OASIS_2\distortions_128\gaussian_blur\mild\Non_Demented\OAS2_0017\OAS2_0017_slice_09_z120.png,Non_Demented/OAS2_0017/OAS2_0017_slice_09_z120.png,Non-Demented/OAS2_0017/OAS2_0017_slice_09_z120.png,OAS2_0017,Non-Demented,0,0,Non-Demented,1,0.4834219462582288,0.456308121980706,0.05693659842773208,0.0033333333333333335
OASIS_2,RandomForest,101,test,gaussian_blur__mild,gaussian_blur,mild,D:\OASIS_2\distortions_128\gaussian_blur\mild\Non_Demented\OAS2_0017\OAS2_0017_slice_10_z125.png,Non_Demented/OAS2_0017/OAS2_0017_slice_10_z125.png,Non-Demented/OAS2_0017/OAS2_0017_slice_10_z125.png,OAS2_0017,Non-Demented,0,1,Very Mild Dementia,0,0.4615166684702633,0.473081966113336,0.06206803208306735,0.0033333333333333335
OASIS_2,RandomForest,101,test,gaussian_blur__mild,gaussian_blur,mild,D:\OASIS_2\distortions_128\gaussian_blur\mild\Non_Demented\OAS2_0017\OAS2_0017_slice_11_z130.png,Non_Demented/OAS2_0017/OAS2_0017_slice_11_z130.png,Non-Demented/OAS2_0017/OAS2_0017_slice_11_z130.png,OAS2_0017,Non-Demented,0,1,Very Mild Dementia,0,0.38825093836355706,0.5336994307216087,0.07804963091483402,0.0
OASIS_2,RandomForest,101,test,gaussian_blur__mild,gaussian_blur,mild,D:\OASIS_2\distortions_128\gaussian_blur\mild\Non_Demented\OAS2_0017\OAS2_0017_slice_12_z135.png,Non_Demented/OAS2_0017/OAS2_0017_slice_12_z135.png,Non-Demented/OAS2_0017/OAS2_0017_slice_12_z135.png,OAS2_0017,Non-Demented,0,1,Very Mild Dementia,0,0.3713175744317267,0.5842366591526384,0.04444576641563492,0.0
OASIS_2,RandomForest,101,test,gaussian_blur__mild,gaussian_blur,mild,D:\OASIS_2\distortions_128\gaussian_blur\mild\Non_Demented\OAS2_0017\OAS2_0017_slice_13_z141.png,Non_Demented/OAS2_0017/OAS2_0017_slice_13_z141.png,Non-Demented/OAS2_0017/OAS2_0017_slice_13_z141.png,OAS2_0017,Non-Demented,0,1,Very Mild Dementia,0,0.3281591235598274,0.6086320136174926,0.06320886282267987,0.0
OASIS_2,RandomForest,101,test,gaussian_blur__mild,gaussian_blur,mild,D:\OASIS_2\distortions_128\gaussian_blur\mild\Non_Demented\OAS2_0017\OAS2_0017_slice_14_z146.png,Non_Demented/OAS2_0017/OAS2_0017_slice_14_z146.png,Non-Demented/OAS2_0017/OAS2_0017_slice_14_z146.png,OAS2_0017,Non-Demented,0,1,Very Mild Dementia,0,0.3150554937587317,0.6205816870908136,0.06102948581712123,0.0033333333333333335
OASIS_2,RandomForest,101,test,gaussian_blur__mild,gaussian_blur,mild,D:\OASIS_2\distortions_128\gaussian_blur\mild\Non_Demented\OAS2_0017\OAS2_0017_slice_15_z151.png,Non_Demented/OAS2_0017/OAS2_0017_slice_15_z151.png,Non-Demented/OAS2_0017/OAS2_0017_slice_15_z151.png,OAS2_0017,Non-Demented,0,1,Very Mild Dementia,0,0.3684368786126351,0.5557369173229654,0.07582620406439951,0.0
OASIS_2,RandomForest,101,test,gaussian_blur__mild,gaussian_blur,mild,D:\OASIS_2\distortions_128\gaussian_blur\mild\Non_Demented\OAS2_0017\OAS2_0017_slice_16_z157.png,Non_Demented/OAS2_0017/OAS2_0017_slice_16_z157.png,Non-Demented/OAS2_0017/OAS2_0017_slice_16_z157.png,OAS2_0017,Non-Demented,0,1,Very Mild Dementia,0,0.37425138639951433,0.5380140550553405,0.08773455854514521,0.0
OASIS_2,RandomForest,101,test,gaussian_blur__mild,gaussian_blur,mild,D:\OASIS_2\distortions_128\gaussian_blur\mild\Non_Demented\OAS2_0017\OAS2_0017_slice_17_z162.png,Non_Demented/OAS2_0017/OAS2_0017_slice_17_z162.png,Non-Demented/OAS2_0017/OAS2_0017_slice_17_z162.png,OAS2_0017,Non-Demented,0,1,Very Mild Dementia,0,0.381940810329247,0.5270686425851351,0.09099054708561831,0.0
OASIS_2,RandomForest,101,test,gaussian_blur__mild,gaussian_blur,mild,D:\OASIS_2\distortions_128\gaussian_blur\mild\Non_Demented\OAS2_0017\OAS2_0017_slice_18_z167.png,Non_Demented/OAS2_0017/OAS2_0017_slice_18_z167.png,Non-Demented/OAS2_0017/OAS2_0017_slice_18_z167.png,OAS2_0017,Non-Demented,0,0,Non-Demented,1,0.42396073064088485,0.3706752369848595,0.19869736570758925,0.006666666666666667
OASIS_2,RandomForest,101,test,gaussian_blur__mild,gaussian_blur,mild,D:\OASIS_2\distortions_128\gaussian_blur\mild\Non_Demented\OAS2_0017\OAS2_0017_slice_19_z173.png,Non_Demented/OAS2_0017/OAS2_0017_slice_19_z173.png,Non-Demented/OAS2_0017/OAS2_0017_slice_19_z173.png,OAS2_0017,Non-Demented,0,0,Non-Demented,1,0.46823795688358216,0.372129880554554,0.156298829228531,0.0033333333333333335
OASIS_2,RandomForest,101,test,gaussian_blur__mild,gaussian_blur,mild,D:\OASIS_2\distortions_128\gaussian_blur\mild\Non_Demented\OAS2_0017\OAS2_0017_slice_20_z178.png,Non_Demented/OAS2_0017/OAS2_0017_slice_20_z178.png,Non-Demented/OAS2_0017/OAS2_0017_slice_20_z178.png,OAS2_0017,Non-Demented,0,0,Non-Demented,1,0.4676762725555921,0.3108493481313625,0.2048077126463791,0.016666666666666666
OASIS_2,RandomForest,101,test,gaussian_blur__mild,gaussian_blur,mild,D:\OASIS_2\distortions_128\gaussian_blur\mild\Non_Demented\OAS2_0036\OAS2_0036_slice_01_z077.png,Non_Demented/OAS2_0036/OAS2_0036_slice_01_z077.png,Non-Demented/OAS2_0036/OAS2_0036_slice_01_z077.png,OAS2_0036,Non-Demented,0,1,Very Mild Dementia,0,0.32437692084324476,0.3532479886240514,0.3223750905327039,0.0
OASIS_2,RandomForest,101,test,gaussian_blur__mild,gaussian_blur,mild,D:\OASIS_2\distortions_128\gaussian_blur\mild\Non_Demented\OAS2_0036\OAS2_0036_slice_02_z082.png,Non_Demented/OAS2_0036/OAS2_0036_slice_02_z082.png,Non-Demented/OAS2_0036/OAS2_0036_slice_02_z082.png,OAS2_0036,Non-Demented,0,1,Very Mild Dementia,0,0.3143364923148434,0.3771470574109854,0.3051831169408376,0.0033333333333333335
OASIS_2,RandomForest,101,test,gaussian_blur__mild,gaussian_blur,mild,D:\OASIS_2\distortions_128\gaussian_blur\mild\Non_Demented\OAS2_0036\OAS2_0036_slice_03_z088.png,Non_Demented/OAS2_0036/OAS2_0036_slice_03_z088.png,Non-Demented/OAS2_0036/OAS2_0036_slice_03_z088.png,OAS2_0036,Non-Demented,0,1,Very Mild Dementia,0,0.3087947735707483,0.3970665466611482,0.2874720131014367,0.006666666666666667
OASIS_2,RandomForest,101,test,gaussian_blur__mild,gaussian_blur,mild,D:\OASIS_2\distortions_128\gaussian_blur\mild\Non_Demented\OAS2_0036\OAS2_0036_slice_04_z093.png,Non_Demented/OAS2_0036/OAS2_0036_slice_04_z093.png,Non-Demented/OAS2_0036/OAS2_0036_slice_04_z093.png,OAS2_0036,Non-Demented,0,1,Very Mild Dementia,0,0.31548026178897437,0.3748999092199828,0.302953162324376,0.006666666666666667
OASIS_2,RandomForest,101,test,gaussian_blur__mild,gaussian_blur,mild,D:\OASIS_2\distortions_128\gaussian_blur\mild\Non_Demented\OAS2_0036\OAS2_0036_slice_05_z098.png,Non_Demented/OAS2_0036/OAS2_0036_slice_05_z098.png,Non-Demented/OAS2_0036/OAS2_0036_slice_05_z098.png,OAS2_0036,Non-Demented,0,1,Very Mild Dementia,0,0.33370876461124926,0.3526019112206903,0.310355990834727,0.0033333333333333335
OASIS_2,RandomForest,101,test,gaussian_blur__mild,gaussian_blur,mild,D:\OASIS_2\distortions_128\gaussian_blur\mild\Non_Demented\OAS2_0036\OAS2_0036_slice_06_z104.png,Non_Demented/OAS2_0036/OAS2_0036_slice_06_z104.png,Non-Demented/OAS2_0036/OAS2_0036_slice_06_z104.png,OAS2_0036,Non-Demented,0,0,Non-Demented,1,0.34573931131215263,0.32511779873310254,0.32914288995474444,0.0
OASIS_2,RandomForest,101,test,gaussian_blur__mild,gaussian_blur,mild,D:\OASIS_2\distortions_128\gaussian_blur\mild\Non_Demented\OAS2_0036\OAS2_0036_slice_07_z109.png,Non_Demented/OAS2_0036/OAS2_0036_slice_07_z109.png,Non-Demented/OAS2_0036/OAS2_0036_slice_07_z109.png,OAS2_0036,Non-Demented,0,0,Non-Demented,1,0.42180317123433814,0.3056450312809326,0.26921846415139555,0.0033333333333333335
OASIS_2,RandomForest,101,test,gaussian_blur__mild,gaussian_blur,mild,D:\OASIS_2\distortions_128\gaussian_blur\mild\Non_Demented\OAS2_0036\OAS2_0036_slice_08_z114.png,Non_Demented/OAS2_0036/OAS2_0036_slice_08_z114.png,Non-Demented/OAS2_0036/OAS2_0036_slice_08_z114.png,OAS2_0036,Non-Demented,0,0,Non-Demented,1,0.43698072694146617,0.279747632288408,0.2799383074367922,0.0033333333333333335
OASIS_2,RandomForest,101,test,gaussian_blur__mild,gaussian_blur,mild,D:\OASIS_2\distortions_128\gaussian_blur\mild\Non_Demented\OAS2_0036\OAS2_0036_slice_09_z120.png,Non_Demented/OAS2_0036/OAS2_0036_slice_09_z120.png,Non-Demented/OAS2_0036/OAS2_0036_slice_09_z120.png,OAS2_0036,Non-Demented,0,0,Non-Demented,1,0.3956942560579172,0.3118889739886328,0.29241676995344984,0.0
OASIS_2,RandomForest,101,test,gaussian_blur__mild,gaussian_blur,mild,D:\OASIS_2\distortions_128\gaussian_blur\mild\Non_Demented\OAS2_0036\OAS2_0036_slice_10_z125.png,Non_Demented/OAS2_0036/OAS2_0036_slice_10_z125.png,Non-Demented/OAS2_0036/OAS2_0036_slice_10_z125.png,OAS2_0036,Non-Demented,0,0,Non-Demented,1,0.41048906501132487,0.29506868592642427,0.2944422490622505,0.0
OASIS_2,RandomForest,101,test,gaussian_blur__mild,gaussian_blur,mild,D:\OASIS_2\distortions_128\gaussian_blur\mild\Non_Demented\OAS2_0036\OAS2_0036_slice_11_z130.png,Non_Demented/OAS2_0036/OAS2_0036_slice_11_z130.png,Non-Demented/OAS2_0036/OAS2_0036_slice_11_z130.png,OAS2_0036,Non-Demented,0,2,Mild Dementia,0,0.332792431642565,0.3137059758967285,0.3535015924607061,0.0
OASIS_2,RandomForest,101,test,gaussian_blur__mild,gaussian_blur,mild,D:\OASIS_2\distortions_128\gaussian_blur\mild\Non_Demented\OAS2_0036\OAS2_0036_slice_12_z135.png,Non_Demented/OAS2_0036/OAS2_0036_slice_12_z135.png,Non-Demented/OAS2_0036/OAS2_0036_slice_12_z135.png,OAS2_0036,Non-Demented,0,2,Mild Dementia,0,0.2918668072975074,0.32889065347522706,0.37924253922726525,0.0
OASIS_2,RandomForest,101,test,gaussian_blur__mild,gaussian_blur,mild,D:\OASIS_2\distortions_128\gaussian_blur\mild\Non_Demented\OAS2_0036\OAS2_0036_slice_13_z141.png,Non_Demented/OAS2_0036/OAS2_0036_slice_13_z141.png,Non-Demented/OAS2_0036/OAS2_0036_slice_13_z141.png,OAS2_0036,Non-Demented,0,2,Mild Dementia,0,0.22393762945310192,0.34291575237759486,0.4331466181693032,0.0
OASIS_2,RandomForest,101,test,gaussian_blur__mild,gaussian_blur,mild,D:\OASIS_2\distortions_128\gaussian_blur\mild\Non_Demented\OAS2_0036\OAS2_0036_slice_14_z146.png,Non_Demented/OAS2_0036/OAS2_0036_slice_14_z146.png,Non-Demented/OAS2_0036/OAS2_0036_slice_14_z146.png,OAS2_0036,Non-Demented,0,2,Mild Dementia,0,0.2590269695790294,0.34195675042529655,0.3990162799956739,0.0
OASIS_2,RandomForest,101,test,gaussian_blur__mild,gaussian_blur,mild,D:\OASIS_2\distortions_128\gaussian_blur\mild\Non_Demented\OAS2_0036\OAS2_0036_slice_15_z151.png,Non_Demented/OAS2_0036/OAS2_0036_slice_15_z151.png,Non-Demented/OAS2_0036/OAS2_0036_slice_15_z151.png,OAS2_0036,Non-Demented,0,0,Non-Demented,1,0.4196062416438467,0.28726144795060404,0.2931323104055492,0.0
OASIS_2,RandomForest,101,test,gaussian_blur__mild,gaussian_blur,mild,D:\OASIS_2\distortions_128\gaussian_blur\mild\Non_Demented\OAS2_0036\OAS2_0036_slice_16_z157.png,Non_Demented/OAS2_0036/OAS2_0036_slice_16_z157.png,Non-Demented/OAS2_0036/OAS2_0036_slice_16_z157.png,OAS2_0036,Non-Demented,0,0,Non-Demented,1,0.4463536732733013,0.3118895186221924,0.24175680810450642,0.0
OASIS_2,RandomForest,101,test,gaussian_blur__mild,gaussian_blur,mild,D:\OASIS_2\distortions_128\gaussian_blur\mild\Non_Demented\OAS2_0036\OAS2_0036_slice_17_z162.png,Non_Demented/OAS2_0036/OAS2_0036_slice_17_z162.png,Non-Demented/OAS2_0036/OAS2_0036_slice_17_z162.png,OAS2_0036,Non-Demented,0,0,Non-Demented,1,0.4361191515986897,0.3064201438579414,0.25746070454336867,0.0
OASIS_2,RandomForest,101,test,gaussian_blur__mild,gaussian_blur,mild,D:\OASIS_2\distortions_128\gaussian_blur\mild\Non_Demented\OAS2_0036\OAS2_0036_slice_18_z167.png,Non_Demented/OAS2_0036/OAS2_0036_slice_18_z167.png,Non-Demented/OAS2_0036/OAS2_0036_slice_18_z167.png,OAS2_0036,Non-Demented,0,0,Non-Demented,1,0.4287122819316562,0.2916497285968273,0.2796379894715162,0.0
OASIS_2,RandomForest,101,test,gaussian_blur__mild,gaussian_blur,mild,D:\OASIS_2\distortions_128\gaussian_blur\mild\Non_Demented\OAS2_0036\OAS2_0036_slice_19_z173.png,Non_Demented/OAS2_0036/OAS2_0036_slice_19_z173.png,Non-Demented/OAS2_0036/OAS2_0036_slice_19_z173.png,OAS2_0036,Non-Demented,0,0,Non-Demented,1,0.376926819984253,0.31154233903000367,0.3115308409857432,0.0
OASIS_2,RandomForest,101,test,gaussian_blur__mild,gaussian_blur,mild,D:\OASIS_2\distortions_128\gaussian_blur\mild\Non_Demented\OAS2_0036\OAS2_0036_slice_20_z178.png,Non_Demented/OAS2_0036/OAS2_0036_slice_20_z178.png,Non-Demented/OAS2_0036/OAS2_0036_slice_20_z178.png,OAS2_0036,Non-Demented,0,0,Non-Demented,1,0.407662605209979,0.3329584542470311,0.25604560720965674,0.0033333333333333335
OASIS_2,RandomForest,101,test,gaussian_blur__mild,gaussian_blur,mild,D:\OASIS_2\distortions_128\gaussian_blur\mild\Non_Demented\OAS2_0067\OAS2_0067_slice_01_z077.png,Non_Demented/OAS2_0067/OAS2_0067_slice_01_z077.png,Non-Demented/OAS2_0067/OAS2_0067_slice_01_z077.png,OAS2_0067,Non-Demented,0,0,Non-Demented,1,0.5227492466885558,0.2090421294605089,0.254875290517602,0.013333333333333334
OASIS_2,RandomForest,101,test,gaussian_blur__mild,gaussian_blur,mild,D:\OASIS_2\distortions_128\gaussian_blur\mild\Non_Demented\OAS2_0067\OAS2_0067_slice_02_z082.png,Non_Demented/OAS2_0067/OAS2_0067_slice_02_z082.png,Non-Demented/OAS2_0067/OAS2_0067_slice_02_z082.png,OAS2_0067,Non-Demented,0,0,Non-Demented,1,0.48245639322137557,0.2960960202781281,0.20478091983382993,0.016666666666666666
OASIS_2,RandomForest,101,test,gaussian_blur__mild,gaussian_blur,mild,D:\OASIS_2\distortions_128\gaussian_blur\mild\Non_Demented\OAS2_0067\OAS2_0067_slice_03_z088.png,Non_Demented/OAS2_0067/OAS2_0067_slice_03_z088.png,Non-Demented/OAS2_0067/OAS2_0067_slice_03_z088.png,OAS2_0067,Non-Demented,0,0,Non-Demented,1,0.43385011472887536,0.3507014727248637,0.21211507921292777,0.0033333333333333335
OASIS_2,RandomForest,101,test,gaussian_blur__mild,gaussian_blur,mild,D:\OASIS_2\distortions_128\gaussian_blur\mild\Non_Demented\OAS2_0067\OAS2_0067_slice_04_z093.png,Non_Demented/OAS2_0067/OAS2_0067_slice_04_z093.png,Non-Demented/OAS2_0067/OAS2_0067_slice_04_z093.png,OAS2_0067,Non-Demented,0,0,Non-Demented,1,0.4532041250787961,0.3031704355589094,0.24362543936229458,0.0
OASIS_2,RandomForest,101,test,gaussian_blur__mild,gaussian_blur,mild,D:\OASIS_2\distortions_128\gaussian_blur\mild\Non_Demented\OAS2_0067\OAS2_0067_slice_05_z098.png,Non_Demented/OAS2_0067/OAS2_0067_slice_05_z098.png,Non-Demented/OAS2_0067/OAS2_0067_slice_05_z098.png,OAS2_0067,Non-Demented,0,1,Very Mild Dementia,0,0.34195173840045534,0.38242908755046884,0.27561917404907577,0.0
OASIS_2,RandomForest,101,test,gaussian_blur__mild,gaussian_blur,mild,D:\OASIS_2\distortions_128\gaussian_blur\mild\Non_Demented\OAS2_0067\OAS2_0067_slice_06_z104.png,Non_Demented/OAS2_0067/OAS2_0067_slice_06_z104.png,Non-Demented/OAS2_0067/OAS2_0067_slice_06_z104.png,OAS2_0067,Non-Demented,0,1,Very Mild Dementia,0,0.3850064011262171,0.4702408911973389,0.14475270767644385,0.0
OASIS_2,RandomForest,101,test,gaussian_blur__mild,gaussian_blur,mild,D:\OASIS_2\distortions_128\gaussian_blur\mild\Non_Demented\OAS2_0067\OAS2_0067_slice_07_z109.png,Non_Demented/OAS2_0067/OAS2_0067_slice_07_z109.png,Non-Demented/OAS2_0067/OAS2_0067_slice_07_z109.png,OAS2_0067,Non-Demented,0,1,Very Mild Dementia,0,0.39825182189369934,0.41919493215604686,0.17921991261692044,0.0033333333333333335
OASIS_2,RandomForest,101,test,gaussian_blur__mild,gaussian_blur,mild,D:\OASIS_2\distortions_128\gaussian_blur\mild\Non_Demented\OAS2_0067\OAS2_0067_slice_08_z114.png,Non_Demented/OAS2_0067/OAS2_0067_slice_08_z114.png,Non-Demented/OAS2_0067/OAS2_0067_slice_08_z114.png,OAS2_0067,Non-Demented,0,0,Non-Demented,1,0.3713725711988779,0.36916527437816526,0.25612882108962337,0.0033333333333333335
OASIS_2,RandomForest,101,test,gaussian_blur__mild,gaussian_blur,mild,D:\OASIS_2\distortions_128\gaussian_blur\mild\Non_Demented\OAS2_0067\OAS2_0067_slice_09_z120.png,Non_Demented/OAS2_0067/OAS2_0067_slice_09_z120.png,Non-Demented/OAS2_0067/OAS2_0067_slice_09_z120.png,OAS2_0067,Non-Demented,0,1,Very Mild Dementia,0,0.4241863664975665,0.43598152136547585,0.13983211213695768,0.0
OASIS_2,RandomForest,101,test,gaussian_blur__mild,gaussian_blur,mild,D:\OASIS_2\distortions_128\gaussian_blur\mild\Non_Demented\OAS2_0067\OAS2_0067_slice_10_z125.png,Non_Demented/OAS2_0067/OAS2_0067_slice_10_z125.png,Non-Demented/OAS2_0067/OAS2_0067_slice_10_z125.png,OAS2_0067,Non-Demented,0,0,Non-Demented,1,0.4378336892874902,0.3984679358769072,0.1636983748356028,0.0
OASIS_2,RandomForest,101,test,gaussian_blur__mild,gaussian_blur,mild,D:\OASIS_2\distortions_128\gaussian_blur\mild\Non_Demented\OAS2_0067\OAS2_0067_slice_11_z130.png,Non_Demented/OAS2_0067/OAS2_0067_slice_11_z130.png,Non-Demented/OAS2_0067/OAS2_0067_slice_11_z130.png,OAS2_0067,Non-Demented,0,0,Non-Demented,1,0.44477007360252874,0.40289541931034906,0.15233450708712207,0.0
OASIS_2,RandomForest,101,test,gaussian_blur__mild,gaussian_blur,mild,D:\OASIS_2\distortions_128\gaussian_blur\mild\Non_Demented\OAS2_0067\OAS2_0067_slice_12_z135.png,Non_Demented/OAS2_0067/OAS2_0067_slice_12_z135.png,Non-Demented/OAS2_0067/OAS2_0067_slice_12_z135.png,OAS2_0067,Non-Demented,0,0,Non-Demented,1,0.5000610554326677,0.34413324966594894,0.15247236156805014,0.0033333333333333335
OASIS_2,RandomForest,101,test,gaussian_blur__mild,gaussian_blur,mild,D:\OASIS_2\distortions_128\gaussian_blur\mild\Non_Demented\OAS2_0067\OAS2_0067_slice_13_z141.png,Non_Demented/OAS2_0067/OAS2_0067_slice_13_z141.png,Non-Demented/OAS2_0067/OAS2_0067_slice_13_z141.png,OAS2_0067,Non-Demented,0,0,Non-Demented,1,0.5259596740272332,0.3125982284262055,0.15810876421322825,0.0033333333333333335
OASIS_2,RandomForest,101,test,gaussian_blur__mild,gaussian_blur,mild,D:\OASIS_2\distortions_128\gaussian_blur\mild\Non_Demented\OAS2_0067\OAS2_0067_slice_14_z146.png,Non_Demented/OAS2_0067/OAS2_0067_slice_14_z146.png,Non-Demented/OAS2_0067/OAS2_0067_slice_14_z146.png,OAS2_0067,Non-Demented,0,0,Non-Demented,1,0.5237912565731226,0.28376725406081843,0.19244148936605912,0.0
OASIS_2,RandomForest,101,test,gaussian_blur__mild,gaussian_blur,mild,D:\OASIS_2\distortions_128\gaussian_blur\mild\Non_Demented\OAS2_0067\OAS2_0067_slice_15_z151.png,Non_Demented/OAS2_0067/OAS2_0067_slice_15_z151.png,Non-Demented/OAS2_0067/OAS2_0067_slice_15_z151.png,OAS2_0067,Non-Demented,0,0,Non-Demented,1,0.5086897519857547,0.3157750351713169,0.17553521284292842,0.0
OASIS_2,RandomForest,101,test,gaussian_blur__mild,gaussian_blur,mild,D:\OASIS_2\distortions_128\gaussian_blur\mild\Non_Demented\OAS2_0067\OAS2_0067_slice_16_z157.png,Non_Demented/OAS2_0067/OAS2_0067_slice_16_z157.png,Non-Demented/OAS2_0067/OAS2_0067_slice_16_z157.png,OAS2_0067,Non-Demented,0,0,Non-Demented,1,0.5199051545122297,0.3292441522200535,0.1441840266010504,0.006666666666666667
OASIS_2,RandomForest,101,test,gaussian_blur__mild,gaussian_blur,mild,D:\OASIS_2\distortions_128\gaussian_blur\mild\Non_Demented\OAS2_0067\OAS2_0067_slice_17_z162.png,Non_Demented/OAS2_0067/OAS2_0067_slice_17_z162.png,Non-Demented/OAS2_0067/OAS2_0067_slice_17_z162.png,OAS2_0067,Non-Demented,0,0,Non-Demented,1,0.5019394860241296,0.3540339120819989,0.1440266018938714,0.0
OASIS_2,RandomForest,101,test,gaussian_blur__mild,gaussian_blur,mild,D:\OASIS_2\distortions_128\gaussian_blur\mild\Non_Demented\OAS2_0067\OAS2_0067_slice_18_z167.png,Non_Demented/OAS2_0067/OAS2_0067_slice_18_z167.png,Non-Demented/OAS2_0067/OAS2_0067_slice_18_z167.png,OAS2_0067,Non-Demented,0,0,Non-Demented,1,0.557940926681867,0.3076903856890484,0.1343686876290848,0.0
OASIS_2,RandomForest,101,test,gaussian_blur__mild,gaussian_blur,mild,D:\OASIS_2\distortions_128\gaussian_blur\mild\Non_Demented\OAS2_0067\OAS2_0067_slice_19_z173.png,Non_Demented/OAS2_0067/OAS2_0067_slice_19_z173.png,Non-Demented/OAS2_0067/OAS2_0067_slice_19_z173.png,OAS2_0067,Non-Demented,0,0,Non-Demented,1,0.5705368528917756,0.3154919638524867,0.11397118325573817,0.0
OASIS_2,RandomForest,101,test,gaussian_blur__mild,gaussian_blur,mild,D:\OASIS_2\distortions_128\gaussian_blur\mild\Non_Demented\OAS2_0067\OAS2_0067_slice_20_z178.png,Non_Demented/OAS2_0067/OAS2_0067_slice_20_z178.png,Non-Demented/OAS2_0067/OAS2_0067_slice_20_z178.png,OAS2_0067,Non-Demented,0,0,Non-Demented,1,0.5658056331331835,0.3441255249208895,0.0900688419459272,0.0
OASIS_2,RandomForest,101,test,gaussian_blur__mild,gaussian_blur,mild,D:\OASIS_2\distortions_128\gaussian_blur\mild\Non_Demented\OAS2_0069\OAS2_0069_slice_01_z077.png,Non_Demented/OAS2_0069/OAS2_0069_slice_01_z077.png,Non-Demented/OAS2_0069/OAS2_0069_slice_01_z077.png,OAS2_0069,Non-Demented,0,0,Non-Demented,1,0.3877110191232097,0.3166331959728914,0.29565578490389877,0.0
OASIS_2,RandomForest,101,test,gaussian_blur__mild,gaussian_blur,mild,D:\OASIS_2\distortions_128\gaussian_blur\mild\Non_Demented\OAS2_0069\OAS2_0069_slice_02_z082.png,Non_Demented/OAS2_0069/OAS2_0069_slice_02_z082.png,Non-Demented/OAS2_0069/OAS2_0069_slice_02_z082.png,OAS2_0069,Non-Demented,0,0,Non-Demented,1,0.440717229031618,0.2530205389133762,0.30292889872167256,0.0033333333333333335
OASIS_2,RandomForest,101,test,gaussian_blur__mild,gaussian_blur,mild,D:\OASIS_2\distortions_128\gaussian_blur\mild\Non_Demented\OAS2_0069\OAS2_0069_slice_03_z088.png,Non_Demented/OAS2_0069/OAS2_0069_slice_03_z088.png,Non-Demented/OAS2_0069/OAS2_0069_slice_03_z088.png,OAS2_0069,Non-Demented,0,0,Non-Demented,1,0.4688085792671435,0.21234088481050983,0.31885053592234686,0.0
OASIS_2,RandomForest,101,test,gaussian_blur__mild,gaussian_blur,mild,D:\OASIS_2\distortions_128\gaussian_blur\mild\Non_Demented\OAS2_0069\OAS2_0069_slice_04_z093.png,Non_Demented/OAS2_0069/OAS2_0069_slice_04_z093.png,Non-Demented/OAS2_0069/OAS2_0069_slice_04_z093.png,OAS2_0069,Non-Demented,0,0,Non-Demented,1,0.48774881769840617,0.20625959019232115,0.30599159210927257,0.0
OASIS_2,RandomForest,101,test,gaussian_blur__mild,gaussian_blur,mild,D:\OASIS_2\distortions_128\gaussian_blur\mild\Non_Demented\OAS2_0069\OAS2_0069_slice_05_z098.png,Non_Demented/OAS2_0069/OAS2_0069_slice_05_z098.png,Non-Demented/OAS2_0069/OAS2_0069_slice_05_z098.png,OAS2_0069,Non-Demented,0,0,Non-Demented,1,0.4787123673573298,0.19748209919741627,0.3238055334452536,0.0
OASIS_2,RandomForest,101,test,gaussian_blur__mild,gaussian_blur,mild,D:\OASIS_2\distortions_128\gaussian_blur\mild\Non_Demented\OAS2_0069\OAS2_0069_slice_06_z104.png,Non_Demented/OAS2_0069/OAS2_0069_slice_06_z104.png,Non-Demented/OAS2_0069/OAS2_0069_slice_06_z104.png,OAS2_0069,Non-Demented,0,0,Non-Demented,1,0.4447444638786475,0.2092896548197139,0.34596588130163863,0.0
OASIS_2,RandomForest,101,test,gaussian_blur__mild,gaussian_blur,mild,D:\OASIS_2\distortions_128\gaussian_blur\mild\Non_Demented\OAS2_0069\OAS2_0069_slice_07_z109.png,Non_Demented/OAS2_0069/OAS2_0069_slice_07_z109.png,Non-Demented/OAS2_0069/OAS2_0069_slice_07_z109.png,OAS2_0069,Non-Demented,0,0,Non-Demented,1,0.47439399970464535,0.21280123647311575,0.31280476382223915,0.0
OASIS_2,RandomForest,101,test,gaussian_blur__mild,gaussian_blur,mild,D:\OASIS_2\distortions_128\gaussian_blur\mild\Non_Demented\OAS2_0069\OAS2_0069_slice_08_z114.png,Non_Demented/OAS2_0069/OAS2_0069_slice_08_z114.png,Non-Demented/OAS2_0069/OAS2_0069_slice_08_z114.png,OAS2_0069,Non-Demented,0,0,Non-Demented,1,0.4620947683530217,0.22350299969191179,0.31440223195506667,0.0
OASIS_2,RandomForest,101,test,gaussian_blur__mild,gaussian_blur,mild,D:\OASIS_2\distortions_128\gaussian_blur\mild\Non_Demented\OAS2_0069\OAS2_0069_slice_09_z120.png,Non_Demented/OAS2_0069/OAS2_0069_slice_09_z120.png,Non-Demented/OAS2_0069/OAS2_0069_slice_09_z120.png,OAS2_0069,Non-Demented,0,0,Non-Demented,1,0.5127594780944964,0.20096201836185967,0.2862785035436443,0.0
OASIS_2,RandomForest,101,test,gaussian_blur__mild,gaussian_blur,mild,D:\OASIS_2\distortions_128\gaussian_blur\mild\Non_Demented\OAS2_0069\OAS2_0069_slice_10_z125.png,Non_Demented/OAS2_0069/OAS2_0069_slice_10_z125.png,Non-Demented/OAS2_0069/OAS2_0069_slice_10_z125.png,OAS2_0069,Non-Demented,0,0,Non-Demented,1,0.5447398671059918,0.1952120295192539,0.2600481033747543,0.0
OASIS_2,RandomForest,101,test,gaussian_blur__mild,gaussian_blur,mild,D:\OASIS_2\distortions_128\gaussian_blur\mild\Non_Demented\OAS2_0069\OAS2_0069_slice_11_z130.png,Non_Demented/OAS2_0069/OAS2_0069_slice_11_z130.png,Non-Demented/OAS2_0069/OAS2_0069_slice_11_z130.png,OAS2_0069,Non-Demented,0,0,Non-Demented,1,0.5465754237140761,0.21542673478083713,0.23799784150508663,0.0
OASIS_2,RandomForest,101,test,gaussian_blur__mild,gaussian_blur,mild,D:\OASIS_2\distortions_128\gaussian_blur\mild\Non_Demented\OAS2_0069\OAS2_0069_slice_12_z135.png,Non_Demented/OAS2_0069/OAS2_0069_slice_12_z135.png,Non-Demented/OAS2_0069/OAS2_0069_slice_12_z135.png,OAS2_0069,Non-Demented,0,0,Non-Demented,1,0.5584794085042524,0.204427531426533,0.23709306006921518,0.0
OASIS_2,RandomForest,101,test,gaussian_blur__mild,gaussian_blur,mild,D:\OASIS_2\distortions_128\gaussian_blur\mild\Non_Demented\OAS2_0069\OAS2_0069_slice_13_z141.png,Non_Demented/OAS2_0069/OAS2_0069_slice_13_z141.png,Non-Demented/OAS2_0069/OAS2_0069_slice_13_z141.png,OAS2_0069,Non-Demented,0,0,Non-Demented,1,0.4937288895890915,0.2581514201180297,0.248119690292879,0.0
OASIS_2,RandomForest,101,test,gaussian_blur__mild,gaussian_blur,mild,D:\OASIS_2\distortions_128\gaussian_blur\mild\Non_Demented\OAS2_0069\OAS2_0069_slice_14_z146.png,Non_Demented/OAS2_0069/OAS2_0069_slice_14_z146.png,Non-Demented/OAS2_0069/OAS2_0069_slice_14_z146.png,OAS2_0069,Non-Demented,0,0,Non-Demented,1,0.486317209925631,0.2968966682325089,0.21678612184186016,0.0
OASIS_2,RandomForest,101,test,gaussian_blur__mild,gaussian_blur,mild,D:\OASIS_2\distortions_128\gaussian_blur\mild\Non_Demented\OAS2_0069\OAS2_0069_slice_15_z151.png,Non_Demented/OAS2_0069/OAS2_0069_slice_15_z151.png,Non-Demented/OAS2_0069/OAS2_0069_slice_15_z151.png,OAS2_0069,Non-Demented,0,0,Non-Demented,1,0.45669789260471827,0.31293272242948017,0.23036938496580167,0.0
OASIS_2,RandomForest,101,test,gaussian_blur__mild,gaussian_blur,mild,D:\OASIS_2\distortions_128\gaussian_blur\mild\Non_Demented\OAS2_0069\OAS2_0069_slice_16_z157.png,Non_Demented/OAS2_0069/OAS2_0069_slice_16_z157.png,Non-Demented/OAS2_0069/OAS2_0069_slice_16_z157.png,OAS2_0069,Non-Demented,0,0,Non-Demented,1,0.42629122917205936,0.3296500285512589,0.24405874227668198,0.0
OASIS_2,RandomForest,101,test,gaussian_blur__mild,gaussian_blur,mild,D:\OASIS_2\distortions_128\gaussian_blur\mild\Non_Demented\OAS2_0069\OAS2_0069_slice_17_z162.png,Non_Demented/OAS2_0069/OAS2_0069_slice_17_z162.png,Non-Demented/OAS2_0069/OAS2_0069_slice_17_z162.png,OAS2_0069,Non-Demented,0,0,Non-Demented,1,0.4410169337154984,0.33697756332758705,0.22200550295691432,0.0
OASIS_2,RandomForest,101,test,gaussian_blur__mild,gaussian_blur,mild,D:\OASIS_2\distortions_128\gaussian_blur\mild\Non_Demented\OAS2_0069\OAS2_0069_slice_18_z167.png,Non_Demented/OAS2_0069/OAS2_0069_slice_18_z167.png,Non-Demented/OAS2_0069/OAS2_0069_slice_18_z167.png,OAS2_0069,Non-Demented,0,0,Non-Demented,1,0.4373544203127949,0.33118008339555943,0.23146549629164553,0.0
OASIS_2,RandomForest,101,test,gaussian_blur__mild,gaussian_blur,mild,D:\OASIS_2\distortions_128\gaussian_blur\mild\Non_Demented\OAS2_0069\OAS2_0069_slice_19_z173.png,Non_Demented/OAS2_0069/OAS2_0069_slice_19_z173.png,Non-Demented/OAS2_0069/OAS2_0069_slice_19_z173.png,OAS2_0069,Non-Demented,0,0,Non-Demented,1,0.4449140946124741,0.3522244888187367,0.19952808323545623,0.0033333333333333335
OASIS_2,RandomForest,101,test,gaussian_blur__mild,gaussian_blur,mild,D:\OASIS_2\distortions_128\gaussian_blur\mild\Non_Demented\OAS2_0069\OAS2_0069_slice_20_z178.png,Non_Demented/OAS2_0069/OAS2_0069_slice_20_z178.png,Non-Demented/OAS2_0069/OAS2_0069_slice_20_z178.png,OAS2_0069,Non-Demented,0,0,Non-Demented,1,0.43434381835803415,0.36024315911888344,0.20207968918974917,0.0033333333333333335
OASIS_2,RandomForest,101,test,gaussian_blur__mild,gaussian_blur,mild,D:\OASIS_2\distortions_128\gaussian_blur\mild\Non_Demented\OAS2_0070\OAS2_0070_slice_01_z077.png,Non_Demented/OAS2_0070/OAS2_0070_slice_01_z077.png,Non-Demented/OAS2_0070/OAS2_0070_slice_01_z077.png,OAS2_0070,Non-Demented,0,1,Very Mild Dementia,0,0.3912329188535658,0.5094212532758872,0.09934582787054676,0.0
OASIS_2,RandomForest,101,test,gaussian_blur__mild,gaussian_blur,mild,D:\OASIS_2\distortions_128\gaussian_blur\mild\Non_Demented\OAS2_0070\OAS2_0070_slice_02_z082.png,Non_Demented/OAS2_0070/OAS2_0070_slice_02_z082.png,Non-Demented/OAS2_0070/OAS2_0070_slice_02_z082.png,OAS2_0070,Non-Demented,0,1,Very Mild Dementia,0,0.3118134066737228,0.567009915838893,0.12117667748738424,0.0
OASIS_2,RandomForest,101,test,gaussian_blur__mild,gaussian_blur,mild,D:\OASIS_2\distortions_128\gaussian_blur\mild\Non_Demented\OAS2_0070\OAS2_0070_slice_03_z088.png,Non_Demented/OAS2_0070/OAS2_0070_slice_03_z088.png,Non-Demented/OAS2_0070/OAS2_0070_slice_03_z088.png,OAS2_0070,Non-Demented,0,1,Very Mild Dementia,0,0.3226082504627116,0.5622756824355115,0.11511606710177716,0.0
OASIS_2,RandomForest,101,test,gaussian_blur__mild,gaussian_blur,mild,D:\OASIS_2\distortions_128\gaussian_blur\mild\Non_Demented\OAS2_0070\OAS2_0070_slice_04_z093.png,Non_Demented/OAS2_0070/OAS2_0070_slice_04_z093.png,Non-Demented/OAS2_0070/OAS2_0070_slice_04_z093.png,OAS2_0070,Non-Demented,0,1,Very Mild Dementia,0,0.27225436667372005,0.5908910793669088,0.13685455395937166,0.0
OASIS_2,RandomForest,101,test,gaussian_blur__mild,gaussian_blur,mild,D:\OASIS_2\distortions_128\gaussian_blur\mild\Non_Demented\OAS2_0070\OAS2_0070_slice_05_z098.png,Non_Demented/OAS2_0070/OAS2_0070_slice_05_z098.png,Non-Demented/OAS2_0070/OAS2_0070_slice_05_z098.png,OAS2_0070,Non-Demented,0,1,Very Mild Dementia,0,0.2070979173903117,0.7270123325947974,0.06588975001489095,0.0
OASIS_2,RandomForest,101,test,gaussian_blur__mild,gaussian_blur,mild,D:\OASIS_2\distortions_128\gaussian_blur\mild\Non_Demented\OAS2_0070\OAS2_0070_slice_06_z104.png,Non_Demented/OAS2_0070/OAS2_0070_slice_06_z104.png,Non-Demented/OAS2_0070/OAS2_0070_slice_06_z104.png,OAS2_0070,Non-Demented,0,1,Very Mild Dementia,0,0.13516519189388015,0.8174544334875216,0.0473803746185981,0.0
OASIS_2,RandomForest,101,test,gaussian_blur__mild,gaussian_blur,mild,D:\OASIS_2\distortions_128\gaussian_blur\mild\Non_Demented\OAS2_0070\OAS2_0070_slice_07_z109.png,Non_Demented/OAS2_0070/OAS2_0070_slice_07_z109.png,Non-Demented/OAS2_0070/OAS2_0070_slice_07_z109.png,OAS2_0070,Non-Demented,0,1,Very Mild Dementia,0,0.096761697061575,0.8805740197206334,0.022664283217791743,0.0
OASIS_2,RandomForest,101,test,gaussian_blur__mild,gaussian_blur,mild,D:\OASIS_2\distortions_128\gaussian_blur\mild\Non_Demented\OAS2_0070\OAS2_0070_slice_08_z114.png,Non_Demented/OAS2_0070/OAS2_0070_slice_08_z114.png,Non-Demented/OAS2_0070/OAS2_0070_slice_08_z114.png,OAS2_0070,Non-Demented,0,1,Very Mild Dementia,0,0.0639902980601949,0.9181548636438218,0.01785483829598356,0.0
OASIS_2,RandomForest,101,test,gaussian_blur__mild,gaussian_blur,mild,D:\OASIS_2\distortions_128\gaussian_blur\mild\Non_Demented\OAS2_0070\OAS2_0070_slice_09_z120.png,Non_Demented/OAS2_0070/OAS2_0070_slice_09_z120.png,Non-Demented/OAS2_0070/OAS2_0070_slice_09_z120.png,OAS2_0070,Non-Demented,0,1,Very Mild Dementia,0,0.08421982742773661,0.9067102763612858,0.009069896210977854,0.0
OASIS_2,RandomForest,101,test,gaussian_blur__mild,gaussian_blur,mild,D:\OASIS_2\distortions_128\gaussian_blur\mild\Non_Demented\OAS2_0070\OAS2_0070_slice_10_z125.png,Non_Demented/OAS2_0070/OAS2_0070_slice_10_z125.png,Non-Demented/OAS2_0070/OAS2_0070_slice_10_z125.png,OAS2_0070,Non-Demented,0,1,Very Mild Dementia,0,0.058825921836611506,0.9271660142365005,0.014008063926888243,0.0
OASIS_2,RandomForest,101,test,gaussian_blur__mild,gaussian_blur,mild,D:\OASIS_2\distortions_128\gaussian_blur\mild\Non_Demented\OAS2_0070\OAS2_0070_slice_11_z130.png,Non_Demented/OAS2_0070/OAS2_0070_slice_11_z130.png,Non-Demented/OAS2_0070/OAS2_0070_slice_11_z130.png,OAS2_0070,Non-Demented,0,1,Very Mild Dementia,0,0.08270219904068879,0.8867491534943645,0.03054864746494711,0.0
OASIS_2,RandomForest,101,test,gaussian_blur__mild,gaussian_blur,mild,D:\OASIS_2\distortions_128\gaussian_blur\mild\Non_Demented\OAS2_0070\OAS2_0070_slice_12_z135.png,Non_Demented/OAS2_0070/OAS2_0070_slice_12_z135.png,Non-Demented/OAS2_0070/OAS2_0070_slice_12_z135.png,OAS2_0070,Non-Demented,0,1,Very Mild Dementia,0,0.10564437192574958,0.8658420887467209,0.0285135393275296,0.0
OASIS_2,RandomForest,101,test,gaussian_blur__mild,gaussian_blur,mild,D:\OASIS_2\distortions_128\gaussian_blur\mild\Non_Demented\OAS2_0070\OAS2_0070_slice_13_z141.png,Non_Demented/OAS2_0070/OAS2_0070_slice_13_z141.png,Non-Demented/OAS2_0070/OAS2_0070_slice_13_z141.png,OAS2_0070,Non-Demented,0,1,Very Mild Dementia,0,0.1225958629711787,0.8309814604096647,0.04642267661915664,0.0
OASIS_2,RandomForest,101,test,gaussian_blur__mild,gaussian_blur,mild,D:\OASIS_2\distortions_128\gaussian_blur\mild\Non_Demented\OAS2_0070\OAS2_0070_slice_14_z146.png,Non_Demented/OAS2_0070/OAS2_0070_slice_14_z146.png,Non-Demented/OAS2_0070/OAS2_0070_slice_14_z146.png,OAS2_0070,Non-Demented,0,1,Very Mild Dementia,0,0.12967998696482086,0.8364289961422374,0.033891016892941925,0.0
OASIS_2,RandomForest,101,test,gaussian_blur__mild,gaussian_blur,mild,D:\OASIS_2\distortions_128\gaussian_blur\mild\Non_Demented\OAS2_0070\OAS2_0070_slice_15_z151.png,Non_Demented/OAS2_0070/OAS2_0070_slice_15_z151.png,Non-Demented/OAS2_0070/OAS2_0070_slice_15_z151.png,OAS2_0070,Non-Demented,0,1,Very Mild Dementia,0,0.10363049887661348,0.871826761205367,0.02454273991801949,0.0
OASIS_2,RandomForest,101,test,gaussian_blur__mild,gaussian_blur,mild,D:\OASIS_2\distortions_128\gaussian_blur\mild\Non_Demented\OAS2_0070\OAS2_0070_slice_16_z157.png,Non_Demented/OAS2_0070/OAS2_0070_slice_16_z157.png,Non-Demented/OAS2_0070/OAS2_0070_slice_16_z157.png,OAS2_0070,Non-Demented,0,1,Very Mild Dementia,0,0.1149842098257523,0.8607783137047198,0.024237476469527643,0.0
OASIS_2,RandomForest,101,test,gaussian_blur__mild,gaussian_blur,mild,D:\OASIS_2\distortions_128\gaussian_blur\mild\Non_Demented\OAS2_0070\OAS2_0070_slice_17_z162.png,Non_Demented/OAS2_0070/OAS2_0070_slice_17_z162.png,Non-Demented/OAS2_0070/OAS2_0070_slice_17_z162.png,OAS2_0070,Non-Demented,0,1,Very Mild Dementia,0,0.1249073610507667,0.8555061840496399,0.01958645489959363,0.0
OASIS_2,RandomForest,101,test,gaussian_blur__mild,gaussian_blur,mild,D:\OASIS_2\distortions_128\gaussian_blur\mild\Non_Demented\OAS2_0070\OAS2_0070_slice_18_z167.png,Non_Demented/OAS2_0070/OAS2_0070_slice_18_z167.png,Non-Demented/OAS2_0070/OAS2_0070_slice_18_z167.png,OAS2_0070,Non-Demented,0,1,Very Mild Dementia,0,0.10828177164779608,0.8742472075447182,0.017471020807485617,0.0
OASIS_2,RandomForest,101,test,gaussian_blur__mild,gaussian_blur,mild,D:\OASIS_2\distortions_128\gaussian_blur\mild\Non_Demented\OAS2_0070\OAS2_0070_slice_19_z173.png,Non_Demented/OAS2_0070/OAS2_0070_slice_19_z173.png,Non-Demented/OAS2_0070/OAS2_0070_slice_19_z173.png,OAS2_0070,Non-Demented,0,1,Very Mild Dementia,0,0.10871147985970696,0.8793722801866091,0.011916239953684255,0.0
OASIS_2,RandomForest,101,test,gaussian_blur__mild,gaussian_blur,mild,D:\OASIS_2\distortions_128\gaussian_blur\mild\Non_Demented\OAS2_0070\OAS2_0070_slice_20_z178.png,Non_Demented/OAS2_0070/OAS2_0070_slice_20_z178.png,Non-Demented/OAS2_0070/OAS2_0070_slice_20_z178.png,OAS2_0070,Non-Demented,0,1,Very Mild Dementia,0,0.15016106921982278,0.8288072998839512,0.021031630896226092,0.0
OASIS_2,RandomForest,101,test,gaussian_blur__mild,gaussian_blur,mild,D:\OASIS_2\distortions_128\gaussian_blur\mild\Non_Demented\OAS2_0128\OAS2_0128_slice_01_z077.png,Non_Demented/OAS2_0128/OAS2_0128_slice_01_z077.png,Non-Demented/OAS2_0128/OAS2_0128_slice_01_z077.png,OAS2_0128,Non-Demented,0,0,Non-Demented,1,0.37499866755894684,0.2691718089369073,0.3558295235041461,0.0
OASIS_2,RandomForest,101,test,gaussian_blur__mild,gaussian_blur,mild,D:\OASIS_2\distortions_128\gaussian_blur\mild\Non_Demented\OAS2_0128\OAS2_0128_slice_02_z082.png,Non_Demented/OAS2_0128/OAS2_0128_slice_02_z082.png,Non-Demented/OAS2_0128/OAS2_0128_slice_02_z082.png,OAS2_0128,Non-Demented,0,2,Mild Dementia,0,0.3645757575032242,0.25146125829816074,0.3839629841986148,0.0
OASIS_2,RandomForest,101,test,gaussian_blur__mild,gaussian_blur,mild,D:\OASIS_2\distortions_128\gaussian_blur\mild\Non_Demented\OAS2_0128\OAS2_0128_slice_03_z088.png,Non_Demented/OAS2_0128/OAS2_0128_slice_03_z088.png,Non-Demented/OAS2_0128/OAS2_0128_slice_03_z088.png,OAS2_0128,Non-Demented,0,2,Mild Dementia,0,0.3272934592769832,0.24853667178404165,0.42416986893897485,0.0
OASIS_2,RandomForest,101,test,gaussian_blur__mild,gaussian_blur,mild,D:\OASIS_2\distortions_128\gaussian_blur\mild\Non_Demented\OAS2_0128\OAS2_0128_slice_04_z093.png,Non_Demented/OAS2_0128/OAS2_0128_slice_04_z093.png,Non-Demented/OAS2_0128/OAS2_0128_slice_04_z093.png,OAS2_0128,Non-Demented,0,2,Mild Dementia,0,0.337280940508724,0.22366804955606479,0.4390510099352106,0.0
OASIS_2,RandomForest,101,test,gaussian_blur__mild,gaussian_blur,mild,D:\OASIS_2\distortions_128\gaussian_blur\mild\Non_Demented\OAS2_0128\OAS2_0128_slice_05_z098.png,Non_Demented/OAS2_0128/OAS2_0128_slice_05_z098.png,Non-Demented/OAS2_0128/OAS2_0128_slice_05_z098.png,OAS2_0128,Non-Demented,0,2,Mild Dementia,0,0.33919980878069206,0.22022997560430113,0.44057021561500664,0.0
OASIS_2,RandomForest,101,test,gaussian_blur__mild,gaussian_blur,mild,D:\OASIS_2\distortions_128\gaussian_blur\mild\Non_Demented\OAS2_0128\OAS2_0128_slice_06_z104.png,Non_Demented/OAS2_0128/OAS2_0128_slice_06_z104.png,Non-Demented/OAS2_0128/OAS2_0128_slice_06_z104.png,OAS2_0128,Non-Demented,0,0,Non-Demented,1,0.3987637786344324,0.21264767078049324,0.38858855058507413,0.0
OASIS_2,RandomForest,101,test,gaussian_blur__mild,gaussian_blur,mild,D:\OASIS_2\distortions_128\gaussian_blur\mild\Non_Demented\OAS2_0128\OAS2_0128_slice_07_z109.png,Non_Demented/OAS2_0128/OAS2_0128_slice_07_z109.png,Non-Demented/OAS2_0128/OAS2_0128_slice_07_z109.png,OAS2_0128,Non-Demented,0,0,Non-Demented,1,0.4223379686756623,0.20664034734896808,0.37102168397536966,0.0
OASIS_2,RandomForest,101,test,gaussian_blur__mild,gaussian_blur,mild,D:\OASIS_2\distortions_128\gaussian_blur\mild\Non_Demented\OAS2_0128\OAS2_0128_slice_08_z114.png,Non_Demented/OAS2_0128/OAS2_0128_slice_08_z114.png,Non-Demented/OAS2_0128/OAS2_0128_slice_08_z114.png,OAS2_0128,Non-Demented,0,0,Non-Demented,1,0.4262678382800444,0.24122682421613395,0.3325053375038215,0.0
OASIS_2,RandomForest,101,test,gaussian_blur__mild,gaussian_blur,mild,D:\OASIS_2\distortions_128\gaussian_blur\mild\Non_Demented\OAS2_0128\OAS2_0128_slice_09_z120.png,Non_Demented/OAS2_0128/OAS2_0128_slice_09_z120.png,Non-Demented/OAS2_0128/OAS2_0128_slice_09_z120.png,OAS2_0128,Non-Demented,0,0,Non-Demented,1,0.4812338113545705,0.20965669086493166,0.30910949778049784,0.0
OASIS_2,RandomForest,101,test,gaussian_blur__mild,gaussian_blur,mild,D:\OASIS_2\distortions_128\gaussian_blur\mild\Non_Demented\OAS2_0128\OAS2_0128_slice_10_z125.png,Non_Demented/OAS2_0128/OAS2_0128_slice_10_z125.png,Non-Demented/OAS2_0128/OAS2_0128_slice_10_z125.png,OAS2_0128,Non-Demented,0,0,Non-Demented,1,0.5167005619292778,0.23069175686314455,0.25260768120757743,0.0
OASIS_2,RandomForest,101,test,gaussian_blur__mild,gaussian_blur,mild,D:\OASIS_2\distortions_128\gaussian_blur\mild\Non_Demented\OAS2_0128\OAS2_0128_slice_11_z130.png,Non_Demented/OAS2_0128/OAS2_0128_slice_11_z130.png,Non-Demented/OAS2_0128/OAS2_0128_slice_11_z130.png,OAS2_0128,Non-Demented,0,0,Non-Demented,1,0.5148627921319933,0.22056408362441976,0.2645731242435869,0.0
OASIS_2,RandomForest,101,test,gaussian_blur__mild,gaussian_blur,mild,D:\OASIS_2\distortions_128\gaussian_blur\mild\Non_Demented\OAS2_0128\OAS2_0128_slice_12_z135.png,Non_Demented/OAS2_0128/OAS2_0128_slice_12_z135.png,Non-Demented/OAS2_0128/OAS2_0128_slice_12_z135.png,OAS2_0128,Non-Demented,0,0,Non-Demented,1,0.576240709795691,0.22101517445895302,0.20274411574535622,0.0
OASIS_2,RandomForest,101,test,gaussian_blur__mild,gaussian_blur,mild,D:\OASIS_2\distortions_128\gaussian_blur\mild\Non_Demented\OAS2_0128\OAS2_0128_slice_13_z141.png,Non_Demented/OAS2_0128/OAS2_0128_slice_13_z141.png,Non-Demented/OAS2_0128/OAS2_0128_slice_13_z141.png,OAS2_0128,Non-Demented,0,0,Non-Demented,1,0.4995616617285314,0.2636857262382504,0.23675261203321843,0.0
OASIS_2,RandomForest,101,test,gaussian_blur__mild,gaussian_blur,mild,D:\OASIS_2\distortions_128\gaussian_blur\mild\Non_Demented\OAS2_0128\OAS2_0128_slice_14_z146.png,Non_Demented/OAS2_0128/OAS2_0128_slice_14_z146.png,Non-Demented/OAS2_0128/OAS2_0128_slice_14_z146.png,OAS2_0128,Non-Demented,0,0,Non-Demented,1,0.4819372964315544,0.2967687531906634,0.22129395037778196,0.0
OASIS_2,RandomForest,101,test,gaussian_blur__mild,gaussian_blur,mild,D:\OASIS_2\distortions_128\gaussian_blur\mild\Non_Demented\OAS2_0128\OAS2_0128_slice_15_z151.png,Non_Demented/OAS2_0128/OAS2_0128_slice_15_z151.png,Non-Demented/OAS2_0128/OAS2_0128_slice_15_z151.png,OAS2_0128,Non-Demented,0,0,Non-Demented,1,0.4453759641294053,0.3260082829512149,0.22861575291937972,0.0
OASIS_2,RandomForest,101,test,gaussian_blur__mild,gaussian_blur,mild,D:\OASIS_2\distortions_128\gaussian_blur\mild\Non_Demented\OAS2_0128\OAS2_0128_slice_16_z157.png,Non_Demented/OAS2_0128/OAS2_0128_slice_16_z157.png,Non-Demented/OAS2_0128/OAS2_0128_slice_16_z157.png,OAS2_0128,Non-Demented,0,0,Non-Demented,1,0.4468963776252473,0.3129970659690592,0.24010655640569367,0.0
OASIS_2,RandomForest,101,test,gaussian_blur__mild,gaussian_blur,mild,D:\OASIS_2\distortions_128\gaussian_blur\mild\Non_Demented\OAS2_0128\OAS2_0128_slice_17_z162.png,Non_Demented/OAS2_0128/OAS2_0128_slice_17_z162.png,Non-Demented/OAS2_0128/OAS2_0128_slice_17_z162.png,OAS2_0128,Non-Demented,0,0,Non-Demented,1,0.4689036527774851,0.32887426340076736,0.20222208382174775,0.0
OASIS_2,RandomForest,101,test,gaussian_blur__mild,gaussian_blur,mild,D:\OASIS_2\distortions_128\gaussian_blur\mild\Non_Demented\OAS2_0128\OAS2_0128_slice_18_z167.png,Non_Demented/OAS2_0128/OAS2_0128_slice_18_z167.png,Non-Demented/OAS2_0128/OAS2_0128_slice_18_z167.png,OAS2_0128,Non-Demented,0,0,Non-Demented,1,0.46561714879287175,0.3325209618780438,0.2018618893290845,0.0
OASIS_2,RandomForest,101,test,gaussian_blur__mild,gaussian_blur,mild,D:\OASIS_2\distortions_128\gaussian_blur\mild\Non_Demented\OAS2_0128\OAS2_0128_slice_19_z173.png,Non_Demented/OAS2_0128/OAS2_0128_slice_19_z173.png,Non-Demented/OAS2_0128/OAS2_0128_slice_19_z173.png,OAS2_0128,Non-Demented,0,0,Non-Demented,1,0.4356511147999029,0.3623031031899888,0.20204578201010817,0.0
OASIS_2,RandomForest,101,test,gaussian_blur__mild,gaussian_blur,mild,D:\OASIS_2\distortions_128\gaussian_blur\mild\Non_Demented\OAS2_0128\OAS2_0128_slice_20_z178.png,Non_Demented/OAS2_0128/OAS2_0128_slice_20_z178.png,Non-Demented/OAS2_0128/OAS2_0128_slice_20_z178.png,OAS2_0128,Non-Demented,0,0,Non-Demented,1,0.45605731381473674,0.35668170163290575,0.18726098455235746,0.0
OASIS_2,RandomForest,101,test,gaussian_blur__mild,gaussian_blur,mild,D:\OASIS_2\distortions_128\gaussian_blur\mild\Non_Demented\OAS2_0135\OAS2_0135_slice_01_z077.png,Non_Demented/OAS2_0135/OAS2_0135_slice_01_z077.png,Non-Demented/OAS2_0135/OAS2_0135_slice_01_z077.png,OAS2_0135,Non-Demented,0,1,Very Mild Dementia,0,0.3980503401709996,0.4388016630298634,0.16314799679913686,0.0
OASIS_2,RandomForest,101,test,gaussian_blur__mild,gaussian_blur,mild,D:\OASIS_2\distortions_128\gaussian_blur\mild\Non_Demented\OAS2_0135\OAS2_0135_slice_02_z082.png,Non_Demented/OAS2_0135/OAS2_0135_slice_02_z082.png,Non-Demented/OAS2_0135/OAS2_0135_slice_02_z082.png,OAS2_0135,Non-Demented,0,1,Very Mild Dementia,0,0.38705245565871116,0.48417533821597175,0.128772206125317,0.0
OASIS_2,RandomForest,101,test,gaussian_blur__mild,gaussian_blur,mild,D:\OASIS_2\distortions_128\gaussian_blur\mild\Non_Demented\OAS2_0135\OAS2_0135_slice_03_z088.png,Non_Demented/OAS2_0135/OAS2_0135_slice_03_z088.png,Non-Demented/OAS2_0135/OAS2_0135_slice_03_z088.png,OAS2_0135,Non-Demented,0,1,Very Mild Dementia,0,0.3507312377689407,0.5219955548805953,0.12727320735046382,0.0
OASIS_2,RandomForest,101,test,gaussian_blur__mild,gaussian_blur,mild,D:\OASIS_2\distortions_128\gaussian_blur\mild\Non_Demented\OAS2_0135\OAS2_0135_slice_04_z093.png,Non_Demented/OAS2_0135/OAS2_0135_slice_04_z093.png,Non-Demented/OAS2_0135/OAS2_0135_slice_04_z093.png,OAS2_0135,Non-Demented,0,1,Very Mild Dementia,0,0.4055865590835196,0.47523868307612316,0.1191747578403572,0.0
OASIS_2,RandomForest,101,test,gaussian_blur__mild,gaussian_blur,mild,D:\OASIS_2\distortions_128\gaussian_blur\mild\Non_Demented\OAS2_0135\OAS2_0135_slice_05_z098.png,Non_Demented/OAS2_0135/OAS2_0135_slice_05_z098.png,Non-Demented/OAS2_0135/OAS2_0135_slice_05_z098.png,OAS2_0135,Non-Demented,0,1,Very Mild Dementia,0,0.42945305493644476,0.46366533484502764,0.10688161021852778,0.0
OASIS_2,RandomForest,101,test,gaussian_blur__mild,gaussian_blur,mild,D:\OASIS_2\distortions_128\gaussian_blur\mild\Non_Demented\OAS2_0135\OAS2_0135_slice_06_z104.png,Non_Demented/OAS2_0135/OAS2_0135_slice_06_z104.png,Non-Demented/OAS2_0135/OAS2_0135_slice_06_z104.png,OAS2_0135,Non-Demented,0,1,Very Mild Dementia,0,0.415897208360193,0.4487105378985636,0.13539225374124342,0.0
OASIS_2,RandomForest,101,test,gaussian_blur__mild,gaussian_blur,mild,D:\OASIS_2\distortions_128\gaussian_blur\mild\Non_Demented\OAS2_0135\OAS2_0135_slice_07_z109.png,Non_Demented/OAS2_0135/OAS2_0135_slice_07_z109.png,Non-Demented/OAS2_0135/OAS2_0135_slice_07_z109.png,OAS2_0135,Non-Demented,0,1,Very Mild Dementia,0,0.4285379715319097,0.4354203581510969,0.1360416703169933,0.0
OASIS_2,RandomForest,101,test,gaussian_blur__mild,gaussian_blur,mild,D:\OASIS_2\distortions_128\gaussian_blur\mild\Non_Demented\OAS2_0135\OAS2_0135_slice_08_z114.png,Non_Demented/OAS2_0135/OAS2_0135_slice_08_z114.png,Non-Demented/OAS2_0135/OAS2_0135_slice_08_z114.png,OAS2_0135,Non-Demented,0,1,Very Mild Dementia,0,0.39325783191807423,0.46167846063693474,0.14506370744499114,0.0
OASIS_2,RandomForest,101,test,gaussian_blur__mild,gaussian_blur,mild,D:\OASIS_2\distortions_128\gaussian_blur\mild\Non_Demented\OAS2_0135\OAS2_0135_slice_09_z120.png,Non_Demented/OAS2_0135/OAS2_0135_slice_09_z120.png,Non-Demented/OAS2_0135/OAS2_0135_slice_09_z120.png,OAS2_0135,Non-Demented,0,0,Non-Demented,1,0.43952281597082626,0.3796194667365404,0.18085771729263356,0.0
OASIS_2,RandomForest,101,test,gaussian_blur__mild,gaussian_blur,mild,D:\OASIS_2\distortions_128\gaussian_blur\mild\Non_Demented\OAS2_0135\OAS2_0135_slice_10_z125.png,Non_Demented/OAS2_0135/OAS2_0135_slice_10_z125.png,Non-Demented/OAS2_0135/OAS2_0135_slice_10_z125.png,OAS2_0135,Non-Demented,0,1,Very Mild Dementia,0,0.3872982876003018,0.4657418183532465,0.14695989404645174,0.0
OASIS_2,RandomForest,101,test,gaussian_blur__mild,gaussian_blur,mild,D:\OASIS_2\distortions_128\gaussian_blur\mild\Non_Demented\OAS2_0135\OAS2_0135_slice_11_z130.png,Non_Demented/OAS2_0135/OAS2_0135_slice_11_z130.png,Non-Demented/OAS2_0135/OAS2_0135_slice_11_z130.png,OAS2_0135,Non-Demented,0,1,Very Mild Dementia,0,0.2840936935812554,0.6475534516781816,0.06835285474056262,0.0
OASIS_2,RandomForest,101,test,gaussian_blur__mild,gaussian_blur,mild,D:\OASIS_2\distortions_128\gaussian_blur\mild\Non_Demented\OAS2_0135\OAS2_0135_slice_12_z135.png,Non_Demented/OAS2_0135/OAS2_0135_slice_12_z135.png,Non-Demented/OAS2_0135/OAS2_0135_slice_12_z135.png,OAS2_0135,Non-Demented,0,1,Very Mild Dementia,0,0.32347671845244036,0.6198847466958076,0.05663853485175186,0.0
OASIS_2,RandomForest,101,test,gaussian_blur__mild,gaussian_blur,mild,D:\OASIS_2\distortions_128\gaussian_blur\mild\Non_Demented\OAS2_0135\OAS2_0135_slice_13_z141.png,Non_Demented/OAS2_0135/OAS2_0135_slice_13_z141.png,Non-Demented/OAS2_0135/OAS2_0135_slice_13_z141.png,OAS2_0135,Non-Demented,0,1,Very Mild Dementia,0,0.2823564633393739,0.6626078528487824,0.05503568381184344,0.0
OASIS_2,RandomForest,101,test,gaussian_blur__mild,gaussian_blur,mild,D:\OASIS_2\distortions_128\gaussian_blur\mild\Non_Demented\OAS2_0135\OAS2_0135_slice_14_z146.png,Non_Demented/OAS2_0135/OAS2_0135_slice_14_z146.png,Non-Demented/OAS2_0135/OAS2_0135_slice_14_z146.png,OAS2_0135,Non-Demented,0,1,Very Mild Dementia,0,0.24611952837190978,0.709929972337728,0.04395049929036192,0.0
OASIS_2,RandomForest,101,test,gaussian_blur__mild,gaussian_blur,mild,D:\OASIS_2\distortions_128\gaussian_blur\mild\Non_Demented\OAS2_0135\OAS2_0135_slice_15_z151.png,Non_Demented/OAS2_0135/OAS2_0135_slice_15_z151.png,Non-Demented/OAS2_0135/OAS2_0135_slice_15_z151.png,OAS2_0135,Non-Demented,0,1,Very Mild Dementia,0,0.23338272724491352,0.7248030443317852,0.041814228423301,0.0
OASIS_2,RandomForest,101,test,gaussian_blur__mild,gaussian_blur,mild,D:\OASIS_2\distortions_128\gaussian_blur\mild\Non_Demented\OAS2_0135\OAS2_0135_slice_16_z157.png,Non_Demented/OAS2_0135/OAS2_0135_slice_16_z157.png,Non-Demented/OAS2_0135/OAS2_0135_slice_16_z157.png,OAS2_0135,Non-Demented,0,1,Very Mild Dementia,0,0.27026341304666024,0.6877720931182737,0.041964493835065765,0.0
OASIS_2,RandomForest,101,test,gaussian_blur__mild,gaussian_blur,mild,D:\OASIS_2\distortions_128\gaussian_blur\mild\Non_Demented\OAS2_0135\OAS2_0135_slice_17_z162.png,Non_Demented/OAS2_0135/OAS2_0135_slice_17_z162.png,Non-Demented/OAS2_0135/OAS2_0135_slice_17_z162.png,OAS2_0135,Non-Demented,0,1,Very Mild Dementia,0,0.31555993195933885,0.6320004237151754,0.05243964432548558,0.0
OASIS_2,RandomForest,101,test,gaussian_blur__mild,gaussian_blur,mild,D:\OASIS_2\distortions_128\gaussian_blur\mild\Non_Demented\OAS2_0135\OAS2_0135_slice_18_z167.png,Non_Demented/OAS2_0135/OAS2_0135_slice_18_z167.png,Non-Demented/OAS2_0135/OAS2_0135_slice_18_z167.png,OAS2_0135,Non-Demented,0,1,Very Mild Dementia,0,0.3130066970488695,0.6278847984637719,0.05910850448735878,0.0
OASIS_2,RandomForest,101,test,gaussian_blur__mild,gaussian_blur,mild,D:\OASIS_2\distortions_128\gaussian_blur\mild\Non_Demented\OAS2_0135\OAS2_0135_slice_19_z173.png,Non_Demented/OAS2_0135/OAS2_0135_slice_19_z173.png,Non-Demented/OAS2_0135/OAS2_0135_slice_19_z173.png,OAS2_0135,Non-Demented,0,1,Very Mild Dementia,0,0.3751407511674647,0.5503006014349996,0.07455864739753622,0.0
OASIS_2,RandomForest,101,test,gaussian_blur__mild,gaussian_blur,mild,D:\OASIS_2\distortions_128\gaussian_blur\mild\Non_Demented\OAS2_0135\OAS2_0135_slice_20_z178.png,Non_Demented/OAS2_0135/OAS2_0135_slice_20_z178.png,Non-Demented/OAS2_0135/OAS2_0135_slice_20_z178.png,OAS2_0135,Non-Demented,0,1,Very Mild Dementia,0,0.45964888563444894,0.4613505375565663,0.07900057680898526,0.0
OASIS_2,RandomForest,101,test,gaussian_blur__mild,gaussian_blur,mild,D:\OASIS_2\distortions_128\gaussian_blur\mild\Non_Demented\OAS2_0141\OAS2_0141_slice_01_z077.png,Non_Demented/OAS2_0141/OAS2_0141_slice_01_z077.png,Non-Demented/OAS2_0141/OAS2_0141_slice_01_z077.png,OAS2_0141,Non-Demented,0,0,Non-Demented,1,0.36946735266260383,0.2919565364152659,0.3385761109221306,0.0
OASIS_2,RandomForest,101,test,gaussian_blur__mild,gaussian_blur,mild,D:\OASIS_2\distortions_128\gaussian_blur\mild\Non_Demented\OAS2_0141\OAS2_0141_slice_02_z082.png,Non_Demented/OAS2_0141/OAS2_0141_slice_02_z082.png,Non-Demented/OAS2_0141/OAS2_0141_slice_02_z082.png,OAS2_0141,Non-Demented,0,2,Mild Dementia,0,0.3587309625175047,0.2686450489474706,0.3726239885350245,0.0
OASIS_2,RandomForest,101,test,gaussian_blur__mild,gaussian_blur,mild,D:\OASIS_2\distortions_128\gaussian_blur\mild\Non_Demented\OAS2_0141\OAS2_0141_slice_03_z088.png,Non_Demented/OAS2_0141/OAS2_0141_slice_03_z088.png,Non-Demented/OAS2_0141/OAS2_0141_slice_03_z088.png,OAS2_0141,Non-Demented,0,2,Mild Dementia,0,0.34704780247146555,0.304330948185648,0.3486212493428862,0.0
OASIS_2,RandomForest,101,test,gaussian_blur__mild,gaussian_blur,mild,D:\OASIS_2\distortions_128\gaussian_blur\mild\Non_Demented\OAS2_0141\OAS2_0141_slice_04_z093.png,Non_Demented/OAS2_0141/OAS2_0141_slice_04_z093.png,Non-Demented/OAS2_0141/OAS2_0141_slice_04_z093.png,OAS2_0141,Non-Demented,0,0,Non-Demented,1,0.39197994993234586,0.27131906629752783,0.336700983770126,0.0
OASIS_2,RandomForest,101,test,gaussian_blur__mild,gaussian_blur,mild,D:\OASIS_2\distortions_128\gaussian_blur\mild\Non_Demented\OAS2_0141\OAS2_0141_slice_05_z098.png,Non_Demented/OAS2_0141/OAS2_0141_slice_05_z098.png,Non-Demented/OAS2_0141/OAS2_0141_slice_05_z098.png,OAS2_0141,Non-Demented,0,0,Non-Demented,1,0.38865276589669245,0.28266873389745584,0.32867850020585165,0.0
OASIS_2,RandomForest,101,test,gaussian_blur__mild,gaussian_blur,mild,D:\OASIS_2\distortions_128\gaussian_blur\mild\Non_Demented\OAS2_0141\OAS2_0141_slice_06_z104.png,Non_Demented/OAS2_0141/OAS2_0141_slice_06_z104.png,Non-Demented/OAS2_0141/OAS2_0141_slice_06_z104.png,OAS2_0141,Non-Demented,0,0,Non-Demented,1,0.4058532352562626,0.2799533430027516,0.31419342174098586,0.0
OASIS_2,RandomForest,101,test,gaussian_blur__mild,gaussian_blur,mild,D:\OASIS_2\distortions_128\gaussian_blur\mild\Non_Demented\OAS2_0141\OAS2_0141_slice_07_z109.png,Non_Demented/OAS2_0141/OAS2_0141_slice_07_z109.png,Non-Demented/OAS2_0141/OAS2_0141_slice_07_z109.png,OAS2_0141,Non-Demented,0,0,Non-Demented,1,0.4067154369225053,0.29407656108356006,0.2992080019939347,0.0
OASIS_2,RandomForest,101,test,gaussian_blur__mild,gaussian_blur,mild,D:\OASIS_2\distortions_128\gaussian_blur\mild\Non_Demented\OAS2_0141\OAS2_0141_slice_08_z114.png,Non_Demented/OAS2_0141/OAS2_0141_slice_08_z114.png,Non-Demented/OAS2_0141/OAS2_0141_slice_08_z114.png,OAS2_0141,Non-Demented,0,0,Non-Demented,1,0.4281774379353744,0.2799993204193149,0.2918232416453107,0.0
OASIS_2,RandomForest,101,test,gaussian_blur__mild,gaussian_blur,mild,D:\OASIS_2\distortions_128\gaussian_blur\mild\Non_Demented\OAS2_0141\OAS2_0141_slice_09_z120.png,Non_Demented/OAS2_0141/OAS2_0141_slice_09_z120.png,Non-Demented/OAS2_0141/OAS2_0141_slice_09_z120.png,OAS2_0141,Non-Demented,0,0,Non-Demented,1,0.4428316708802322,0.2848133017449438,0.2723550273748242,0.0
OASIS_2,RandomForest,101,test,gaussian_blur__mild,gaussian_blur,mild,D:\OASIS_2\distortions_128\gaussian_blur\mild\Non_Demented\OAS2_0141\OAS2_0141_slice_10_z125.png,Non_Demented/OAS2_0141/OAS2_0141_slice_10_z125.png,Non-Demented/OAS2_0141/OAS2_0141_slice_10_z125.png,OAS2_0141,Non-Demented,0,0,Non-Demented,1,0.4803015532741002,0.2752489762467808,0.2444494704791189,0.0
OASIS_2,RandomForest,101,test,gaussian_blur__mild,gaussian_blur,mild,D:\OASIS_2\distortions_128\gaussian_blur\mild\Non_Demented\OAS2_0141\OAS2_0141_slice_11_z130.png,Non_Demented/OAS2_0141/OAS2_0141_slice_11_z130.png,Non-Demented/OAS2_0141/OAS2_0141_slice_11_z130.png,OAS2_0141,Non-Demented,0,0,Non-Demented,1,0.5614692041849083,0.24230006012393204,0.19623073569115945,0.0
OASIS_2,RandomForest,101,test,gaussian_blur__mild,gaussian_blur,mild,D:\OASIS_2\distortions_128\gaussian_blur\mild\Non_Demented\OAS2_0141\OAS2_0141_slice_12_z135.png,Non_Demented/OAS2_0141/OAS2_0141_slice_12_z135.png,Non-Demented/OAS2_0141/OAS2_0141_slice_12_z135.png,OAS2_0141,Non-Demented,0,0,Non-Demented,1,0.6175260880964334,0.19808338076355866,0.1843905311400083,0.0
OASIS_2,RandomForest,101,test,gaussian_blur__mild,gaussian_blur,mild,D:\OASIS_2\distortions_128\gaussian_blur\mild\Non_Demented\OAS2_0141\OAS2_0141_slice_13_z141.png,Non_Demented/OAS2_0141/OAS2_0141_slice_13_z141.png,Non-Demented/OAS2_0141/OAS2_0141_slice_13_z141.png,OAS2_0141,Non-Demented,0,0,Non-Demented,1,0.5850876129274758,0.2098220230684895,0.20509036400403516,0.0
OASIS_2,RandomForest,101,test,gaussian_blur__mild,gaussian_blur,mild,D:\OASIS_2\distortions_128\gaussian_blur\mild\Non_Demented\OAS2_0141\OAS2_0141_slice_14_z146.png,Non_Demented/OAS2_0141/OAS2_0141_slice_14_z146.png,Non-Demented/OAS2_0141/OAS2_0141_slice_14_z146.png,OAS2_0141,Non-Demented,0,0,Non-Demented,1,0.6023484681922698,0.2038128985138295,0.193838633293901,0.0
OASIS_2,RandomForest,101,test,gaussian_blur__mild,gaussian_blur,mild,D:\OASIS_2\distortions_128\gaussian_blur\mild\Non_Demented\OAS2_0141\OAS2_0141_slice_15_z151.png,Non_Demented/OAS2_0141/OAS2_0141_slice_15_z151.png,Non-Demented/OAS2_0141/OAS2_0141_slice_15_z151.png,OAS2_0141,Non-Demented,0,0,Non-Demented,1,0.5969584222361187,0.19278143760426306,0.21026014015961847,0.0
OASIS_2,RandomForest,101,test,gaussian_blur__mild,gaussian_blur,mild,D:\OASIS_2\distortions_128\gaussian_blur\mild\Non_Demented\OAS2_0141\OAS2_0141_slice_16_z157.png,Non_Demented/OAS2_0141/OAS2_0141_slice_16_z157.png,Non-Demented/OAS2_0141/OAS2_0141_slice_16_z157.png,OAS2_0141,Non-Demented,0,0,Non-Demented,1,0.5804841634355313,0.19358922419475164,0.2259266123697173,0.0
OASIS_2,RandomForest,101,test,gaussian_blur__mild,gaussian_blur,mild,D:\OASIS_2\distortions_128\gaussian_blur\mild\Non_Demented\OAS2_0141\OAS2_0141_slice_17_z162.png,Non_Demented/OAS2_0141/OAS2_0141_slice_17_z162.png,Non-Demented/OAS2_0141/OAS2_0141_slice_17_z162.png,OAS2_0141,Non-Demented,0,0,Non-Demented,1,0.5917839131018887,0.20275418518267063,0.20546190171544074,0.0
OASIS_2,RandomForest,101,test,gaussian_blur__mild,gaussian_blur,mild,D:\OASIS_2\distortions_128\gaussian_blur\mild\Non_Demented\OAS2_0141\OAS2_0141_slice_18_z167.png,Non_Demented/OAS2_0141/OAS2_0141_slice_18_z167.png,Non-Demented/OAS2_0141/OAS2_0141_slice_18_z167.png,OAS2_0141,Non-Demented,0,0,Non-Demented,1,0.5423466899249989,0.244320178410521,0.21333313166448034,0.0
OASIS_2,RandomForest,101,test,gaussian_blur__mild,gaussian_blur,mild,D:\OASIS_2\distortions_128\gaussian_blur\mild\Non_Demented\OAS2_0141\OAS2_0141_slice_19_z173.png,Non_Demented/OAS2_0141/OAS2_0141_slice_19_z173.png,Non-Demented/OAS2_0141/OAS2_0141_slice_19_z173.png,OAS2_0141,Non-Demented,0,0,Non-Demented,1,0.4948034092222421,0.2514652884761593,0.2537313023015988,0.0
OASIS_2,RandomForest,101,test,gaussian_blur__mild,gaussian_blur,mild,D:\OASIS_2\distortions_128\gaussian_blur\mild\Non_Demented\OAS2_0141\OAS2_0141_slice_20_z178.png,Non_Demented/OAS2_0141/OAS2_0141_slice_20_z178.png,Non-Demented/OAS2_0141/OAS2_0141_slice_20_z178.png,OAS2_0141,Non-Demented,0,0,Non-Demented,1,0.46567601619451776,0.2900933170354218,0.24423066677006086,0.0
OASIS_2,RandomForest,101,test,gaussian_blur__mild,gaussian_blur,mild,D:\OASIS_2\distortions_128\gaussian_blur\mild\Non_Demented\OAS2_0171\OAS2_0171_slice_01_z077.png,Non_Demented/OAS2_0171/OAS2_0171_slice_01_z077.png,Non-Demented/OAS2_0171/OAS2_0171_slice_01_z077.png,OAS2_0171,Non-Demented,0,1,Very Mild Dementia,0,0.23259396981027167,0.7161729426600942,0.05123308752963396,0.0
OASIS_2,RandomForest,101,test,gaussian_blur__mild,gaussian_blur,mild,D:\OASIS_2\distortions_128\gaussian_blur\mild\Non_Demented\OAS2_0171\OAS2_0171_slice_02_z082.png,Non_Demented/OAS2_0171/OAS2_0171_slice_02_z082.png,Non-Demented/OAS2_0171/OAS2_0171_slice_02_z082.png,OAS2_0171,Non-Demented,0,1,Very Mild Dementia,0,0.14508312411238655,0.8209875630562429,0.027262646164704016,0.006666666666666667
OASIS_2,RandomForest,101,test,gaussian_blur__mild,gaussian_blur,mild,D:\OASIS_2\distortions_128\gaussian_blur\mild\Non_Demented\OAS2_0171\OAS2_0171_slice_03_z088.png,Non_Demented/OAS2_0171/OAS2_0171_slice_03_z088.png,Non-Demented/OAS2_0171/OAS2_0171_slice_03_z088.png,OAS2_0171,Non-Demented,0,1,Very Mild Dementia,0,0.1270437337848356,0.8441938090532994,0.025429123828531505,0.0033333333333333335
OASIS_2,RandomForest,101,test,gaussian_blur__mild,gaussian_blur,mild,D:\OASIS_2\distortions_128\gaussian_blur\mild\Non_Demented\OAS2_0171\OAS2_0171_slice_04_z093.png,Non_Demented/OAS2_0171/OAS2_0171_slice_04_z093.png,Non-Demented/OAS2_0171/OAS2_0171_slice_04_z093.png,OAS2_0171,Non-Demented,0,1,Very Mild Dementia,0,0.19629941717379454,0.7967497561135084,0.006950826712697016,0.0
OASIS_2,RandomForest,101,test,gaussian_blur__mild,gaussian_blur,mild,D:\OASIS_2\distortions_128\gaussian_blur\mild\Non_Demented\OAS2_0171\OAS2_0171_slice_05_z098.png,Non_Demented/OAS2_0171/OAS2_0171_slice_05_z098.png,Non-Demented/OAS2_0171/OAS2_0171_slice_05_z098.png,OAS2_0171,Non-Demented,0,1,Very Mild Dementia,0,0.2865477286310794,0.6968259770224142,0.01662629434650648,0.0
OASIS_2,RandomForest,101,test,gaussian_blur__mild,gaussian_blur,mild,D:\OASIS_2\distortions_128\gaussian_blur\mild\Non_Demented\OAS2_0171\OAS2_0171_slice_06_z104.png,Non_Demented/OAS2_0171/OAS2_0171_slice_06_z104.png,Non-Demented/OAS2_0171/OAS2_0171_slice_06_z104.png,OAS2_0171,Non-Demented,0,1,Very Mild Dementia,0,0.21165340997464763,0.7698952971800211,0.018451292845331254,0.0
OASIS_2,RandomForest,101,test,gaussian_blur__mild,gaussian_blur,mild,D:\OASIS_2\distortions_128\gaussian_blur\mild\Non_Demented\OAS2_0171\OAS2_0171_slice_07_z109.png,Non_Demented/OAS2_0171/OAS2_0171_slice_07_z109.png,Non-Demented/OAS2_0171/OAS2_0171_slice_07_z109.png,OAS2_0171,Non-Demented,0,1,Very Mild Dementia,0,0.3057658034590183,0.6689050199388967,0.025329176602084558,0.0
OASIS_2,RandomForest,101,test,gaussian_blur__mild,gaussian_blur,mild,D:\OASIS_2\distortions_128\gaussian_blur\mild\Non_Demented\OAS2_0171\OAS2_0171_slice_08_z114.png,Non_Demented/OAS2_0171/OAS2_0171_slice_08_z114.png,Non-Demented/OAS2_0171/OAS2_0171_slice_08_z114.png,OAS2_0171,Non-Demented,0,1,Very Mild Dementia,0,0.34827892274386985,0.6235394398623035,0.02484830406049348,0.0033333333333333335
OASIS_2,RandomForest,101,test,gaussian_blur__mild,gaussian_blur,mild,D:\OASIS_2\distortions_128\gaussian_blur\mild\Non_Demented\OAS2_0171\OAS2_0171_slice_09_z120.png,Non_Demented/OAS2_0171/OAS2_0171_slice_09_z120.png,Non-Demented/OAS2_0171/OAS2_0171_slice_09_z120.png,OAS2_0171,Non-Demented,0,1,Very Mild Dementia,0,0.2862774288929007,0.6971352966693132,0.016587274437786074,0.0
OASIS_2,RandomForest,101,test,gaussian_blur__mild,gaussian_blur,mild,D:\OASIS_2\distortions_128\gaussian_blur\mild\Non_Demented\OAS2_0171\OAS2_0171_slice_10_z125.png,Non_Demented/OAS2_0171/OAS2_0171_slice_10_z125.png,Non-Demented/OAS2_0171/OAS2_0171_slice_10_z125.png,OAS2_0171,Non-Demented,0,1,Very Mild Dementia,0,0.30538644243998025,0.6730174405754669,0.02159611698455278,0.0
OASIS_2,RandomForest,101,test,gaussian_blur__mild,gaussian_blur,mild,D:\OASIS_2\distortions_128\gaussian_blur\mild\Non_Demented\OAS2_0171\OAS2_0171_slice_11_z130.png,Non_Demented/OAS2_0171/OAS2_0171_slice_11_z130.png,Non-Demented/OAS2_0171/OAS2_0171_slice_11_z130.png,OAS2_0171,Non-Demented,0,1,Very Mild Dementia,0,0.36418420845664223,0.6060626735022104,0.02975311804114715,0.0
OASIS_2,RandomForest,101,test,gaussian_blur__mild,gaussian_blur,mild,D:\OASIS_2\distortions_128\gaussian_blur\mild\Non_Demented\OAS2_0171\OAS2_0171_slice_12_z135.png,Non_Demented/OAS2_0171/OAS2_0171_slice_12_z135.png,Non-Demented/OAS2_0171/OAS2_0171_slice_12_z135.png,OAS2_0171,Non-Demented,0,1,Very Mild Dementia,0,0.3896612528940444,0.5900726161007565,0.020266131005199063,0.0
OASIS_2,RandomForest,101,test,gaussian_blur__mild,gaussian_blur,mild,D:\OASIS_2\distortions_128\gaussian_blur\mild\Non_Demented\OAS2_0171\OAS2_0171_slice_13_z141.png,Non_Demented/OAS2_0171/OAS2_0171_slice_13_z141.png,Non-Demented/OAS2_0171/OAS2_0171_slice_13_z141.png,OAS2_0171,Non-Demented,0,1,Very Mild Dementia,0,0.3689248515066256,0.6200941401461101,0.00431434168059783,0.006666666666666667
OASIS_2,RandomForest,101,test,gaussian_blur__mild,gaussian_blur,mild,D:\OASIS_2\distortions_128\gaussian_blur\mild\Non_Demented\OAS2_0171\OAS2_0171_slice_14_z146.png,Non_Demented/OAS2_0171/OAS2_0171_slice_14_z146.png,Non-Demented/OAS2_0171/OAS2_0171_slice_14_z146.png,OAS2_0171,Non-Demented,0,1,Very Mild Dementia,0,0.3637561125718107,0.6258653249437734,0.007045229151082587,0.0033333333333333335
OASIS_2,RandomForest,101,test,gaussian_blur__mild,gaussian_blur,mild,D:\OASIS_2\distortions_128\gaussian_blur\mild\Non_Demented\OAS2_0171\OAS2_0171_slice_15_z151.png,Non_Demented/OAS2_0171/OAS2_0171_slice_15_z151.png,Non-Demented/OAS2_0171/OAS2_0171_slice_15_z151.png,OAS2_0171,Non-Demented,0,1,Very Mild Dementia,0,0.2713148074955565,0.7042160492952797,0.024469143209163716,0.0
OASIS_2,RandomForest,101,test,gaussian_blur__mild,gaussian_blur,mild,D:\OASIS_2\distortions_128\gaussian_blur\mild\Non_Demented\OAS2_0171\OAS2_0171_slice_16_z157.png,Non_Demented/OAS2_0171/OAS2_0171_slice_16_z157.png,Non-Demented/OAS2_0171/OAS2_0171_slice_16_z157.png,OAS2_0171,Non-Demented,0,1,Very Mild Dementia,0,0.30475370294786863,0.6832535577551104,0.011992739297020725,0.0
OASIS_2,RandomForest,101,test,gaussian_blur__mild,gaussian_blur,mild,D:\OASIS_2\distortions_128\gaussian_blur\mild\Non_Demented\OAS2_0171\OAS2_0171_slice_17_z162.png,Non_Demented/OAS2_0171/OAS2_0171_slice_17_z162.png,Non-Demented/OAS2_0171/OAS2_0171_slice_17_z162.png,OAS2_0171,Non-Demented,0,1,Very Mild Dementia,0,0.29987080389389303,0.6660153773021427,0.034113818803964,0.0
OASIS_2,RandomForest,101,test,gaussian_blur__mild,gaussian_blur,mild,D:\OASIS_2\distortions_128\gaussian_blur\mild\Non_Demented\OAS2_0171\OAS2_0171_slice_18_z167.png,Non_Demented/OAS2_0171/OAS2_0171_slice_18_z167.png,Non-Demented/OAS2_0171/OAS2_0171_slice_18_z167.png,OAS2_0171,Non-Demented,0,1,Very Mild Dementia,0,0.29985638480288496,0.634931844284331,0.06187843757945101,0.0033333333333333335
OASIS_2,RandomForest,101,test,gaussian_blur__mild,gaussian_blur,mild,D:\OASIS_2\distortions_128\gaussian_blur\mild\Non_Demented\OAS2_0171\OAS2_0171_slice_19_z173.png,Non_Demented/OAS2_0171/OAS2_0171_slice_19_z173.png,Non-Demented/OAS2_0171/OAS2_0171_slice_19_z173.png,OAS2_0171,Non-Demented,0,1,Very Mild Dementia,0,0.35768097137300414,0.5644913986251807,0.07116096333514868,0.006666666666666667
OASIS_2,RandomForest,101,test,gaussian_blur__mild,gaussian_blur,mild,D:\OASIS_2\distortions_128\gaussian_blur\mild\Non_Demented\OAS2_0171\OAS2_0171_slice_20_z178.png,Non_Demented/OAS2_0171/OAS2_0171_slice_20_z178.png,Non-Demented/OAS2_0171/OAS2_0171_slice_20_z178.png,OAS2_0171,Non-Demented,0,1,Very Mild Dementia,0,0.42226157512758283,0.48237517870127133,0.0920299128378125,0.0033333333333333335
OASIS_2,RandomForest,101,test,gaussian_blur__mild,gaussian_blur,mild,D:\OASIS_2\distortions_128\gaussian_blur\mild\Very_Mild_Dementia\OAS2_0009\OAS2_0009_slice_01_z077.png,Very_Mild_Dementia/OAS2_0009/OAS2_0009_slice_01_z077.png,Very Mild Dementia/OAS2_0009/OAS2_0009_slice_01_z077.png,OAS2_0009,Very Mild Dementia,1,2,Mild Dementia,0,0.2599363388947397,0.30353807133927285,0.4365255897659874,0.0
OASIS_2,RandomForest,101,test,gaussian_blur__mild,gaussian_blur,mild,D:\OASIS_2\distortions_128\gaussian_blur\mild\Very_Mild_Dementia\OAS2_0009\OAS2_0009_slice_02_z082.png,Very_Mild_Dementia/OAS2_0009/OAS2_0009_slice_02_z082.png,Very Mild Dementia/OAS2_0009/OAS2_0009_slice_02_z082.png,OAS2_0009,Very Mild Dementia,1,2,Mild Dementia,0,0.27588684501275673,0.31735292006424903,0.40676023492299396,0.0
OASIS_2,RandomForest,101,test,gaussian_blur__mild,gaussian_blur,mild,D:\OASIS_2\distortions_128\gaussian_blur\mild\Very_Mild_Dementia\OAS2_0009\OAS2_0009_slice_03_z088.png,Very_Mild_Dementia/OAS2_0009/OAS2_0009_slice_03_z088.png,Very Mild Dementia/OAS2_0009/OAS2_0009_slice_03_z088.png,OAS2_0009,Very Mild Dementia,1,2,Mild Dementia,0,0.29905652807916716,0.3043597546409291,0.3965837172799034,0.0
OASIS_2,RandomForest,101,test,gaussian_blur__mild,gaussian_blur,mild,D:\OASIS_2\distortions_128\gaussian_blur\mild\Very_Mild_Dementia\OAS2_0009\OAS2_0009_slice_04_z093.png,Very_Mild_Dementia/OAS2_0009/OAS2_0009_slice_04_z093.png,Very Mild Dementia/OAS2_0009/OAS2_0009_slice_04_z093.png,OAS2_0009,Very Mild Dementia,1,2,Mild Dementia,0,0.299716648974012,0.2980838558691339,0.4021994951568538,0.0
OASIS_2,RandomForest,101,test,gaussian_blur__mild,gaussian_blur,mild,D:\OASIS_2\distortions_128\gaussian_blur\mild\Very_Mild_Dementia\OAS2_0009\OAS2_0009_slice_05_z098.png,Very_Mild_Dementia/OAS2_0009/OAS2_0009_slice_05_z098.png,Very Mild Dementia/OAS2_0009/OAS2_0009_slice_05_z098.png,OAS2_0009,Very Mild Dementia,1,2,Mild Dementia,0,0.3108059440925075,0.2694358688601746,0.4197581870473174,0.0
OASIS_2,RandomForest,101,test,gaussian_blur__mild,gaussian_blur,mild,D:\OASIS_2\distortions_128\gaussian_blur\mild\Very_Mild_Dementia\OAS2_0009\OAS2_0009_slice_06_z104.png,Very_Mild_Dementia/OAS2_0009/OAS2_0009_slice_06_z104.png,Very Mild Dementia/OAS2_0009/OAS2_0009_slice_06_z104.png,OAS2_0009,Very Mild Dementia,1,2,Mild Dementia,0,0.30235588961416227,0.2356833585317269,0.4619607518541107,0.0
OASIS_2,RandomForest,101,test,gaussian_blur__mild,gaussian_blur,mild,D:\OASIS_2\distortions_128\gaussian_blur\mild\Very_Mild_Dementia\OAS2_0009\OAS2_0009_slice_07_z109.png,Very_Mild_Dementia/OAS2_0009/OAS2_0009_slice_07_z109.png,Very Mild Dementia/OAS2_0009/OAS2_0009_slice_07_z109.png,OAS2_0009,Very Mild Dementia,1,2,Mild Dementia,0,0.3100999651419738,0.25720080876120666,0.4326992260968197,0.0
OASIS_2,RandomForest,101,test,gaussian_blur__mild,gaussian_blur,mild,D:\OASIS_2\distortions_128\gaussian_blur\mild\Very_Mild_Dementia\OAS2_0009\OAS2_0009_slice_08_z114.png,Very_Mild_Dementia/OAS2_0009/OAS2_0009_slice_08_z114.png,Very Mild Dementia/OAS2_0009/OAS2_0009_slice_08_z114.png,OAS2_0009,Very Mild Dementia,1,2,Mild Dementia,0,0.34243686817522734,0.2037951955213728,0.4537679363033998,0.0
OASIS_2,RandomForest,101,test,gaussian_blur__mild,gaussian_blur,mild,D:\OASIS_2\distortions_128\gaussian_blur\mild\Very_Mild_Dementia\OAS2_0009\OAS2_0009_slice_09_z120.png,Very_Mild_Dementia/OAS2_0009/OAS2_0009_slice_09_z120.png,Very Mild Dementia/OAS2_0009/OAS2_0009_slice_09_z120.png,OAS2_0009,Very Mild Dementia,1,2,Mild Dementia,0,0.35644629462952043,0.23758856947513546,0.40263180256201064,0.0033333333333333335
OASIS_2,RandomForest,101,test,gaussian_blur__mild,gaussian_blur,mild,D:\OASIS_2\distortions_128\gaussian_blur\mild\Very_Mild_Dementia\OAS2_0009\OAS2_0009_slice_10_z125.png,Very_Mild_Dementia/OAS2_0009/OAS2_0009_slice_10_z125.png,Very Mild Dementia/OAS2_0009/OAS2_0009_slice_10_z125.png,OAS2_0009,Very Mild Dementia,1,0,Non-Demented,0,0.39456011341631314,0.23199177050301736,0.3734481160806688,0.0
OASIS_2,RandomForest,101,test,gaussian_blur__mild,gaussian_blur,mild,D:\OASIS_2\distortions_128\gaussian_blur\mild\Very_Mild_Dementia\OAS2_0009\OAS2_0009_slice_11_z130.png,Very_Mild_Dementia/OAS2_0009/OAS2_0009_slice_11_z130.png,Very Mild Dementia/OAS2_0009/OAS2_0009_slice_11_z130.png,OAS2_0009,Very Mild Dementia,1,0,Non-Demented,0,0.4112008891287764,0.23705452675241617,0.35174458411880716,0.0
OASIS_2,RandomForest,101,test,gaussian_blur__mild,gaussian_blur,mild,D:\OASIS_2\distortions_128\gaussian_blur\mild\Very_Mild_Dementia\OAS2_0009\OAS2_0009_slice_12_z135.png,Very_Mild_Dementia/OAS2_0009/OAS2_0009_slice_12_z135.png,Very Mild Dementia/OAS2_0009/OAS2_0009_slice_12_z135.png,OAS2_0009,Very Mild Dementia,1,0,Non-Demented,0,0.4238017408377914,0.25185801326052043,0.3243402459016879,0.0
OASIS_2,RandomForest,101,test,gaussian_blur__mild,gaussian_blur,mild,D:\OASIS_2\distortions_128\gaussian_blur\mild\Very_Mild_Dementia\OAS2_0009\OAS2_0009_slice_13_z141.png,Very_Mild_Dementia/OAS2_0009/OAS2_0009_slice_13_z141.png,Very Mild Dementia/OAS2_0009/OAS2_0009_slice_13_z141.png,OAS2_0009,Very Mild Dementia,1,0,Non-Demented,0,0.4472495834214578,0.2751065876307482,0.2776438289477939,0.0
OASIS_2,RandomForest,101,test,gaussian_blur__mild,gaussian_blur,mild,D:\OASIS_2\distortions_128\gaussian_blur\mild\Very_Mild_Dementia\OAS2_0009\OAS2_0009_slice_14_z146.png,Very_Mild_Dementia/OAS2_0009/OAS2_0009_slice_14_z146.png,Very Mild Dementia/OAS2_0009/OAS2_0009_slice_14_z146.png,OAS2_0009,Very Mild Dementia,1,0,Non-Demented,0,0.47087712385746,0.2689710973690091,0.2601517787735307,0.0
OASIS_2,RandomForest,101,test,gaussian_blur__mild,gaussian_blur,mild,D:\OASIS_2\distortions_128\gaussian_blur\mild\Very_Mild_Dementia\OAS2_0009\OAS2_0009_slice_15_z151.png,Very_Mild_Dementia/OAS2_0009/OAS2_0009_slice_15_z151.png,Very Mild Dementia/OAS2_0009/OAS2_0009_slice_15_z151.png,OAS2_0009,Very Mild Dementia,1,0,Non-Demented,0,0.49368641379545647,0.23121405000694872,0.27509953619759475,0.0
OASIS_2,RandomForest,101,test,gaussian_blur__mild,gaussian_blur,mild,D:\OASIS_2\distortions_128\gaussian_blur\mild\Very_Mild_Dementia\OAS2_0009\OAS2_0009_slice_16_z157.png,Very_Mild_Dementia/OAS2_0009/OAS2_0009_slice_16_z157.png,Very Mild Dementia/OAS2_0009/OAS2_0009_slice_16_z157.png,OAS2_0009,Very Mild Dementia,1,0,Non-Demented,0,0.49720014560922654,0.2571534155476791,0.24564643884309448,0.0
OASIS_2,RandomForest,101,test,gaussian_blur__mild,gaussian_blur,mild,D:\OASIS_2\distortions_128\gaussian_blur\mild\Very_Mild_Dementia\OAS2_0009\OAS2_0009_slice_17_z162.png,Very_Mild_Dementia/OAS2_0009/OAS2_0009_slice_17_z162.png,Very Mild Dementia/OAS2_0009/OAS2_0009_slice_17_z162.png,OAS2_0009,Very Mild Dementia,1,0,Non-Demented,0,0.5325248609583452,0.2626358051960148,0.20483933384563996,0.0
OASIS_2,RandomForest,101,test,gaussian_blur__mild,gaussian_blur,mild,D:\OASIS_2\distortions_128\gaussian_blur\mild\Very_Mild_Dementia\OAS2_0009\OAS2_0009_slice_18_z167.png,Very_Mild_Dementia/OAS2_0009/OAS2_0009_slice_18_z167.png,Very Mild Dementia/OAS2_0009/OAS2_0009_slice_18_z167.png,OAS2_0009,Very Mild Dementia,1,0,Non-Demented,0,0.5195237616691528,0.27820456906278374,0.20227166926806361,0.0
OASIS_2,RandomForest,101,test,gaussian_blur__mild,gaussian_blur,mild,D:\OASIS_2\distortions_128\gaussian_blur\mild\Very_Mild_Dementia\OAS2_0009\OAS2_0009_slice_19_z173.png,Very_Mild_Dementia/OAS2_0009/OAS2_0009_slice_19_z173.png,Very Mild Dementia/OAS2_0009/OAS2_0009_slice_19_z173.png,OAS2_0009,Very Mild Dementia,1,0,Non-Demented,0,0.4647822030435892,0.2931752264996066,0.24204257045680408,0.0
OASIS_2,RandomForest,101,test,gaussian_blur__mild,gaussian_blur,mild,D:\OASIS_2\distortions_128\gaussian_blur\mild\Very_Mild_Dementia\OAS2_0009\OAS2_0009_slice_20_z178.png,Very_Mild_Dementia/OAS2_0009/OAS2_0009_slice_20_z178.png,Very Mild Dementia/OAS2_0009/OAS2_0009_slice_20_z178.png,OAS2_0009,Very Mild Dementia,1,0,Non-Demented,0,0.35972877149771015,0.29159751515156856,0.2886737133507211,0.06
OASIS_2,RandomForest,101,test,gaussian_blur__mild,gaussian_blur,mild,D:\OASIS_2\distortions_128\gaussian_blur\mild\Very_Mild_Dementia\OAS2_0020\OAS2_0020_slice_01_z077.png,Very_Mild_Dementia/OAS2_0020/OAS2_0020_slice_01_z077.png,Very Mild Dementia/OAS2_0020/OAS2_0020_slice_01_z077.png,OAS2_0020,Very Mild Dementia,1,0,Non-Demented,0,0.47473399540834094,0.4146394180268369,0.11062658656482223,0.0
OASIS_2,RandomForest,101,test,gaussian_blur__mild,gaussian_blur,mild,D:\OASIS_2\distortions_128\gaussian_blur\mild\Very_Mild_Dementia\OAS2_0020\OAS2_0020_slice_02_z082.png,Very_Mild_Dementia/OAS2_0020/OAS2_0020_slice_02_z082.png,Very Mild Dementia/OAS2_0020/OAS2_0020_slice_02_z082.png,OAS2_0020,Very Mild Dementia,1,1,Very Mild Dementia,1,0.4247643438587456,0.4662961100720972,0.10893954606915711,0.0
OASIS_2,RandomForest,101,test,gaussian_blur__mild,gaussian_blur,mild,D:\OASIS_2\distortions_128\gaussian_blur\mild\Very_Mild_Dementia\OAS2_0020\OAS2_0020_slice_03_z088.png,Very_Mild_Dementia/OAS2_0020/OAS2_0020_slice_03_z088.png,Very Mild Dementia/OAS2_0020/OAS2_0020_slice_03_z088.png,OAS2_0020,Very Mild Dementia,1,1,Very Mild Dementia,1,0.4130747987365291,0.47012578732962407,0.11679941393384692,0.0
OASIS_2,RandomForest,101,test,gaussian_blur__mild,gaussian_blur,mild,D:\OASIS_2\distortions_128\gaussian_blur\mild\Very_Mild_Dementia\OAS2_0020\OAS2_0020_slice_04_z093.png,Very_Mild_Dementia/OAS2_0020/OAS2_0020_slice_04_z093.png,Very Mild Dementia/OAS2_0020/OAS2_0020_slice_04_z093.png,OAS2_0020,Very Mild Dementia,1,1,Very Mild Dementia,1,0.3970601931818236,0.4791439198860071,0.1237958869321696,0.0
OASIS_2,RandomForest,101,test,gaussian_blur__mild,gaussian_blur,mild,D:\OASIS_2\distortions_128\gaussian_blur\mild\Very_Mild_Dementia\OAS2_0020\OAS2_0020_slice_05_z098.png,Very_Mild_Dementia/OAS2_0020/OAS2_0020_slice_05_z098.png,Very Mild Dementia/OAS2_0020/OAS2_0020_slice_05_z098.png,OAS2_0020,Very Mild Dementia,1,1,Very Mild Dementia,1,0.37225359274177033,0.5313627212897419,0.09638368596848829,0.0
OASIS_2,RandomForest,101,test,gaussian_blur__mild,gaussian_blur,mild,D:\OASIS_2\distortions_128\gaussian_blur\mild\Very_Mild_Dementia\OAS2_0020\OAS2_0020_slice_06_z104.png,Very_Mild_Dementia/OAS2_0020/OAS2_0020_slice_06_z104.png,Very Mild Dementia/OAS2_0020/OAS2_0020_slice_06_z104.png,OAS2_0020,Very Mild Dementia,1,1,Very Mild Dementia,1,0.3460080558896295,0.558120720592814,0.09587122351755648,0.0
OASIS_2,RandomForest,101,test,gaussian_blur__mild,gaussian_blur,mild,D:\OASIS_2\distortions_128\gaussian_blur\mild\Very_Mild_Dementia\OAS2_0020\OAS2_0020_slice_07_z109.png,Very_Mild_Dementia/OAS2_0020/OAS2_0020_slice_07_z109.png,Very Mild Dementia/OAS2_0020/OAS2_0020_slice_07_z109.png,OAS2_0020,Very Mild Dementia,1,1,Very Mild Dementia,1,0.3434880810142873,0.5451348198683619,0.11137709911735084,0.0
OASIS_2,RandomForest,101,test,gaussian_blur__mild,gaussian_blur,mild,D:\OASIS_2\distortions_128\gaussian_blur\mild\Very_Mild_Dementia\OAS2_0020\OAS2_0020_slice_08_z114.png,Very_Mild_Dementia/OAS2_0020/OAS2_0020_slice_08_z114.png,Very Mild Dementia/OAS2_0020/OAS2_0020_slice_08_z114.png,OAS2_0020,Very Mild Dementia,1,1,Very Mild Dementia,1,0.3458658031258711,0.5493923613865732,0.10474183548755599,0.0
OASIS_2,RandomForest,101,test,gaussian_blur__mild,gaussian_blur,mild,D:\OASIS_2\distortions_128\gaussian_blur\mild\Very_Mild_Dementia\OAS2_0020\OAS2_0020_slice_09_z120.png,Very_Mild_Dementia/OAS2_0020/OAS2_0020_slice_09_z120.png,Very Mild Dementia/OAS2_0020/OAS2_0020_slice_09_z120.png,OAS2_0020,Very Mild Dementia,1,1,Very Mild Dementia,1,0.3906959453963017,0.5112232508143368,0.09808080378936203,0.0
OASIS_2,RandomForest,101,test,gaussian_blur__mild,gaussian_blur,mild,D:\OASIS_2\distortions_128\gaussian_blur\mild\Very_Mild_Dementia\OAS2_0020\OAS2_0020_slice_10_z125.png,Very_Mild_Dementia/OAS2_0020/OAS2_0020_slice_10_z125.png,Very Mild Dementia/OAS2_0020/OAS2_0020_slice_10_z125.png,OAS2_0020,Very Mild Dementia,1,1,Very Mild Dementia,1,0.4379462101679961,0.45145881637568314,0.11059497345632084,0.0
OASIS_2,RandomForest,101,test,gaussian_blur__mild,gaussian_blur,mild,D:\OASIS_2\distortions_128\gaussian_blur\mild\Very_Mild_Dementia\OAS2_0020\OAS2_0020_slice_11_z130.png,Very_Mild_Dementia/OAS2_0020/OAS2_0020_slice_11_z130.png,Very Mild Dementia/OAS2_0020/OAS2_0020_slice_11_z130.png,OAS2_0020,Very Mild Dementia,1,0,Non-Demented,0,0.4553602455189278,0.4421210138492869,0.10251874063178548,0.0
OASIS_2,RandomForest,101,test,gaussian_blur__mild,gaussian_blur,mild,D:\OASIS_2\distortions_128\gaussian_blur\mild\Very_Mild_Dementia\OAS2_0020\OAS2_0020_slice_12_z135.png,Very_Mild_Dementia/OAS2_0020/OAS2_0020_slice_12_z135.png,Very Mild Dementia/OAS2_0020/OAS2_0020_slice_12_z135.png,OAS2_0020,Very Mild Dementia,1,1,Very Mild Dementia,1,0.4406875624083327,0.46163734908789983,0.0976750885037676,0.0
OASIS_2,RandomForest,101,test,gaussian_blur__mild,gaussian_blur,mild,D:\OASIS_2\distortions_128\gaussian_blur\mild\Very_Mild_Dementia\OAS2_0020\OAS2_0020_slice_13_z141.png,Very_Mild_Dementia/OAS2_0020/OAS2_0020_slice_13_z141.png,Very Mild Dementia/OAS2_0020/OAS2_0020_slice_13_z141.png,OAS2_0020,Very Mild Dementia,1,1,Very Mild Dementia,1,0.41234317370215706,0.5004122803720052,0.08724454592583802,0.0
OASIS_2,RandomForest,101,test,gaussian_blur__mild,gaussian_blur,mild,D:\OASIS_2\distortions_128\gaussian_blur\mild\Very_Mild_Dementia\OAS2_0020\OAS2_0020_slice_14_z146.png,Very_Mild_Dementia/OAS2_0020/OAS2_0020_slice_14_z146.png,Very Mild Dementia/OAS2_0020/OAS2_0020_slice_14_z146.png,OAS2_0020,Very Mild Dementia,1,0,Non-Demented,0,0.5055130697047218,0.41040090044765887,0.08408602984761902,0.0
OASIS_2,RandomForest,101,test,gaussian_blur__mild,gaussian_blur,mild,D:\OASIS_2\distortions_128\gaussian_blur\mild\Very_Mild_Dementia\OAS2_0020\OAS2_0020_slice_15_z151.png,Very_Mild_Dementia/OAS2_0020/OAS2_0020_slice_15_z151.png,Very Mild Dementia/OAS2_0020/OAS2_0020_slice_15_z151.png,OAS2_0020,Very Mild Dementia,1,0,Non-Demented,0,0.48542521833064634,0.4420324284764691,0.07254235319288453,0.0
OASIS_2,RandomForest,101,test,gaussian_blur__mild,gaussian_blur,mild,D:\OASIS_2\distortions_128\gaussian_blur\mild\Very_Mild_Dementia\OAS2_0020\OAS2_0020_slice_16_z157.png,Very_Mild_Dementia/OAS2_0020/OAS2_0020_slice_16_z157.png,Very Mild Dementia/OAS2_0020/OAS2_0020_slice_16_z157.png,OAS2_0020,Very Mild Dementia,1,1,Very Mild Dementia,1,0.46271337862100914,0.4743275852848243,0.0629590360941666,0.0
OASIS_2,RandomForest,101,test,gaussian_blur__mild,gaussian_blur,mild,D:\OASIS_2\distortions_128\gaussian_blur\mild\Very_Mild_Dementia\OAS2_0020\OAS2_0020_slice_17_z162.png,Very_Mild_Dementia/OAS2_0020/OAS2_0020_slice_17_z162.png,Very Mild Dementia/OAS2_0020/OAS2_0020_slice_17_z162.png,OAS2_0020,Very Mild Dementia,1,0,Non-Demented,0,0.4649983194306524,0.4627639336789949,0.07223774689035291,0.0
OASIS_2,RandomForest,101,test,gaussian_blur__mild,gaussian_blur,mild,D:\OASIS_2\distortions_128\gaussian_blur\mild\Very_Mild_Dementia\OAS2_0020\OAS2_0020_slice_18_z167.png,Very_Mild_Dementia/OAS2_0020/OAS2_0020_slice_18_z167.png,Very Mild Dementia/OAS2_0020/OAS2_0020_slice_18_z167.png,OAS2_0020,Very Mild Dementia,1,0,Non-Demented,0,0.4742054548088275,0.46478268520946336,0.06101185998170937,0.0
OASIS_2,RandomForest,101,test,gaussian_blur__mild,gaussian_blur,mild,D:\OASIS_2\distortions_128\gaussian_blur\mild\Very_Mild_Dementia\OAS2_0020\OAS2_0020_slice_19_z173.png,Very_Mild_Dementia/OAS2_0020/OAS2_0020_slice_19_z173.png,Very Mild Dementia/OAS2_0020/OAS2_0020_slice_19_z173.png,OAS2_0020,Very Mild Dementia,1,0,Non-Demented,0,0.5092220899437234,0.42832200543147203,0.062455904624804714,0.0
OASIS_2,RandomForest,101,test,gaussian_blur__mild,gaussian_blur,mild,D:\OASIS_2\distortions_128\gaussian_blur\mild\Very_Mild_Dementia\OAS2_0020\OAS2_0020_slice_20_z178.png,Very_Mild_Dementia/OAS2_0020/OAS2_0020_slice_20_z178.png,Very Mild Dementia/OAS2_0020/OAS2_0020_slice_20_z178.png,OAS2_0020,Very Mild Dementia,1,0,Non-Demented,0,0.5086067720049967,0.4237158593134913,0.06767736868151224,0.0
OASIS_2,RandomForest,101,test,gaussian_blur__mild,gaussian_blur,mild,D:\OASIS_2\distortions_128\gaussian_blur\mild\Very_Mild_Dementia\OAS2_0021\OAS2_0021_slice_01_z077.png,Very_Mild_Dementia/OAS2_0021/OAS2_0021_slice_01_z077.png,Very Mild Dementia/OAS2_0021/OAS2_0021_slice_01_z077.png,OAS2_0021,Very Mild Dementia,1,1,Very Mild Dementia,1,0.4259611289551129,0.43217804572362706,0.1385274919879267,0.0033333333333333335
OASIS_2,RandomForest,101,test,gaussian_blur__mild,gaussian_blur,mild,D:\OASIS_2\distortions_128\gaussian_blur\mild\Very_Mild_Dementia\OAS2_0021\OAS2_0021_slice_02_z082.png,Very_Mild_Dementia/OAS2_0021/OAS2_0021_slice_02_z082.png,Very Mild Dementia/OAS2_0021/OAS2_0021_slice_02_z082.png,OAS2_0021,Very Mild Dementia,1,1,Very Mild Dementia,1,0.42278593991233726,0.48057737245161813,0.09330335430271122,0.0033333333333333335
OASIS_2,RandomForest,101,test,gaussian_blur__mild,gaussian_blur,mild,D:\OASIS_2\distortions_128\gaussian_blur\mild\Very_Mild_Dementia\OAS2_0021\OAS2_0021_slice_03_z088.png,Very_Mild_Dementia/OAS2_0021/OAS2_0021_slice_03_z088.png,Very Mild Dementia/OAS2_0021/OAS2_0021_slice_03_z088.png,OAS2_0021,Very Mild Dementia,1,1,Very Mild Dementia,1,0.37582838008989566,0.5399232233688335,0.08091506320793758,0.0033333333333333335
OASIS_2,RandomForest,101,test,gaussian_blur__mild,gaussian_blur,mild,D:\OASIS_2\distortions_128\gaussian_blur\mild\Very_Mild_Dementia\OAS2_0021\OAS2_0021_slice_04_z093.png,Very_Mild_Dementia/OAS2_0021/OAS2_0021_slice_04_z093.png,Very Mild Dementia/OAS2_0021/OAS2_0021_slice_04_z093.png,OAS2_0021,Very Mild Dementia,1,1,Very Mild Dementia,1,0.30112806271018633,0.634769052163337,0.06410288512647655,0.0
OASIS_2,RandomForest,101,test,gaussian_blur__mild,gaussian_blur,mild,D:\OASIS_2\distortions_128\gaussian_blur\mild\Very_Mild_Dementia\OAS2_0021\OAS2_0021_slice_05_z098.png,Very_Mild_Dementia/OAS2_0021/OAS2_0021_slice_05_z098.png,Very Mild Dementia/OAS2_0021/OAS2_0021_slice_05_z098.png,OAS2_0021,Very Mild Dementia,1,1,Very Mild Dementia,1,0.28520609256095,0.6390719194823578,0.0757219879566919,0.0
OASIS_2,RandomForest,101,test,gaussian_blur__mild,gaussian_blur,mild,D:\OASIS_2\distortions_128\gaussian_blur\mild\Very_Mild_Dementia\OAS2_0021\OAS2_0021_slice_06_z104.png,Very_Mild_Dementia/OAS2_0021/OAS2_0021_slice_06_z104.png,Very Mild Dementia/OAS2_0021/OAS2_0021_slice_06_z104.png,OAS2_0021,Very Mild Dementia,1,1,Very Mild Dementia,1,0.18401013134081032,0.775665087846684,0.036991447479172275,0.0033333333333333335
OASIS_2,RandomForest,101,test,gaussian_blur__mild,gaussian_blur,mild,D:\OASIS_2\distortions_128\gaussian_blur\mild\Very_Mild_Dementia\OAS2_0021\OAS2_0021_slice_07_z109.png,Very_Mild_Dementia/OAS2_0021/OAS2_0021_slice_07_z109.png,Very Mild Dementia/OAS2_0021/OAS2_0021_slice_07_z109.png,OAS2_0021,Very Mild Dementia,1,1,Very Mild Dementia,1,0.19293559398634832,0.7830522264147253,0.024012179598926316,0.0
OASIS_2,RandomForest,101,test,gaussian_blur__mild,gaussian_blur,mild,D:\OASIS_2\distortions_128\gaussian_blur\mild\Very_Mild_Dementia\OAS2_0021\OAS2_0021_slice_08_z114.png,Very_Mild_Dementia/OAS2_0021/OAS2_0021_slice_08_z114.png,Very Mild Dementia/OAS2_0021/OAS2_0021_slice_08_z114.png,OAS2_0021,Very Mild Dementia,1,1,Very Mild Dementia,1,0.11873014006487774,0.8478668441019045,0.03340301583321775,0.0
OASIS_2,RandomForest,101,test,gaussian_blur__mild,gaussian_blur,mild,D:\OASIS_2\distortions_128\gaussian_blur\mild\Very_Mild_Dementia\OAS2_0021\OAS2_0021_slice_09_z120.png,Very_Mild_Dementia/OAS2_0021/OAS2_0021_slice_09_z120.png,Very Mild Dementia/OAS2_0021/OAS2_0021_slice_09_z120.png,OAS2_0021,Very Mild Dementia,1,1,Very Mild Dementia,1,0.13292923221209796,0.8400151120932422,0.027055655694660063,0.0
OASIS_2,RandomForest,101,test,gaussian_blur__mild,gaussian_blur,mild,D:\OASIS_2\distortions_128\gaussian_blur\mild\Very_Mild_Dementia\OAS2_0021\OAS2_0021_slice_10_z125.png,Very_Mild_Dementia/OAS2_0021/OAS2_0021_slice_10_z125.png,Very Mild Dementia/OAS2_0021/OAS2_0021_slice_10_z125.png,OAS2_0021,Very Mild Dementia,1,1,Very Mild Dementia,1,0.13528086008234264,0.837904760675201,0.023481045909123224,0.0033333333333333335
OASIS_2,RandomForest,101,test,gaussian_blur__mild,gaussian_blur,mild,D:\OASIS_2\distortions_128\gaussian_blur\mild\Very_Mild_Dementia\OAS2_0021\OAS2_0021_slice_11_z130.png,Very_Mild_Dementia/OAS2_0021/OAS2_0021_slice_11_z130.png,Very Mild Dementia/OAS2_0021/OAS2_0021_slice_11_z130.png,OAS2_0021,Very Mild Dementia,1,1,Very Mild Dementia,1,0.11215287482579607,0.8604832730845815,0.027363852089622533,0.0
OASIS_2,RandomForest,101,test,gaussian_blur__mild,gaussian_blur,mild,D:\OASIS_2\distortions_128\gaussian_blur\mild\Very_Mild_Dementia\OAS2_0021\OAS2_0021_slice_12_z135.png,Very_Mild_Dementia/OAS2_0021/OAS2_0021_slice_12_z135.png,Very Mild Dementia/OAS2_0021/OAS2_0021_slice_12_z135.png,OAS2_0021,Very Mild Dementia,1,1,Very Mild Dementia,1,0.09463296526843017,0.8729898770284342,0.03237715770313556,0.0
OASIS_2,RandomForest,101,test,gaussian_blur__mild,gaussian_blur,mild,D:\OASIS_2\distortions_128\gaussian_blur\mild\Very_Mild_Dementia\OAS2_0021\OAS2_0021_slice_13_z141.png,Very_Mild_Dementia/OAS2_0021/OAS2_0021_slice_13_z141.png,Very Mild Dementia/OAS2_0021/OAS2_0021_slice_13_z141.png,OAS2_0021,Very Mild Dementia,1,1,Very Mild Dementia,1,0.0889026985709607,0.8800708795205391,0.031026421908500267,0.0
OASIS_2,RandomForest,101,test,gaussian_blur__mild,gaussian_blur,mild,D:\OASIS_2\distortions_128\gaussian_blur\mild\Very_Mild_Dementia\OAS2_0021\OAS2_0021_slice_14_z146.png,Very_Mild_Dementia/OAS2_0021/OAS2_0021_slice_14_z146.png,Very Mild Dementia/OAS2_0021/OAS2_0021_slice_14_z146.png,OAS2_0021,Very Mild Dementia,1,1,Very Mild Dementia,1,0.12254013325840284,0.8464494387419708,0.031010427999626517,0.0
OASIS_2,RandomForest,101,test,gaussian_blur__mild,gaussian_blur,mild,D:\OASIS_2\distortions_128\gaussian_blur\mild\Very_Mild_Dementia\OAS2_0021\OAS2_0021_slice_15_z151.png,Very_Mild_Dementia/OAS2_0021/OAS2_0021_slice_15_z151.png,Very Mild Dementia/OAS2_0021/OAS2_0021_slice_15_z151.png,OAS2_0021,Very Mild Dementia,1,1,Very Mild Dementia,1,0.09058982211246977,0.8762326188392738,0.033177559048256845,0.0
OASIS_2,RandomForest,101,test,gaussian_blur__mild,gaussian_blur,mild,D:\OASIS_2\distortions_128\gaussian_blur\mild\Very_Mild_Dementia\OAS2_0021\OAS2_0021_slice_16_z157.png,Very_Mild_Dementia/OAS2_0021/OAS2_0021_slice_16_z157.png,Very Mild Dementia/OAS2_0021/OAS2_0021_slice_16_z157.png,OAS2_0021,Very Mild Dementia,1,1,Very Mild Dementia,1,0.10738740301018918,0.881409224450328,0.011203372539482876,0.0
OASIS_2,RandomForest,101,test,gaussian_blur__mild,gaussian_blur,mild,D:\OASIS_2\distortions_128\gaussian_blur\mild\Very_Mild_Dementia\OAS2_0021\OAS2_0021_slice_17_z162.png,Very_Mild_Dementia/OAS2_0021/OAS2_0021_slice_17_z162.png,Very Mild Dementia/OAS2_0021/OAS2_0021_slice_17_z162.png,OAS2_0021,Very Mild Dementia,1,1,Very Mild Dementia,1,0.1019176707443736,0.8816341788806191,0.016448150375007367,0.0
OASIS_2,RandomForest,101,test,gaussian_blur__mild,gaussian_blur,mild,D:\OASIS_2\distortions_128\gaussian_blur\mild\Very_Mild_Dementia\OAS2_0021\OAS2_0021_slice_18_z167.png,Very_Mild_Dementia/OAS2_0021/OAS2_0021_slice_18_z167.png,Very Mild Dementia/OAS2_0021/OAS2_0021_slice_18_z167.png,OAS2_0021,Very Mild Dementia,1,1,Very Mild Dementia,1,0.1696116315179994,0.7965081246858984,0.03388024379610227,0.0
OASIS_2,RandomForest,101,test,gaussian_blur__mild,gaussian_blur,mild,D:\OASIS_2\distortions_128\gaussian_blur\mild\Very_Mild_Dementia\OAS2_0021\OAS2_0021_slice_19_z173.png,Very_Mild_Dementia/OAS2_0021/OAS2_0021_slice_19_z173.png,Very Mild Dementia/OAS2_0021/OAS2_0021_slice_19_z173.png,OAS2_0021,Very Mild Dementia,1,1,Very Mild Dementia,1,0.19488383215587513,0.7490105961279293,0.0561055717161956,0.0
OASIS_2,RandomForest,101,test,gaussian_blur__mild,gaussian_blur,mild,D:\OASIS_2\distortions_128\gaussian_blur\mild\Very_Mild_Dementia\OAS2_0021\OAS2_0021_slice_20_z178.png,Very_Mild_Dementia/OAS2_0021/OAS2_0021_slice_20_z178.png,Very Mild Dementia/OAS2_0021/OAS2_0021_slice_20_z178.png,OAS2_0021,Very Mild Dementia,1,1,Very Mild Dementia,1,0.2816111781657669,0.6341844433866715,0.08420437844756197,0.0
OASIS_2,RandomForest,101,test,gaussian_blur__mild,gaussian_blur,mild,D:\OASIS_2\distortions_128\gaussian_blur\mild\Very_Mild_Dementia\OAS2_0040\OAS2_0040_slice_01_z077.png,Very_Mild_Dementia/OAS2_0040/OAS2_0040_slice_01_z077.png,Very Mild Dementia/OAS2_0040/OAS2_0040_slice_01_z077.png,OAS2_0040,Very Mild Dementia,1,0,Non-Demented,0,0.4723855449139263,0.38772766968327277,0.13988678540280106,0.0
OASIS_2,RandomForest,101,test,gaussian_blur__mild,gaussian_blur,mild,D:\OASIS_2\distortions_128\gaussian_blur\mild\Very_Mild_Dementia\OAS2_0040\OAS2_0040_slice_02_z082.png,Very_Mild_Dementia/OAS2_0040/OAS2_0040_slice_02_z082.png,Very Mild Dementia/OAS2_0040/OAS2_0040_slice_02_z082.png,OAS2_0040,Very Mild Dementia,1,0,Non-Demented,0,0.4640735595287389,0.35556488436419936,0.18036155610706178,0.0
OASIS_2,RandomForest,101,test,gaussian_blur__mild,gaussian_blur,mild,D:\OASIS_2\distortions_128\gaussian_blur\mild\Very_Mild_Dementia\OAS2_0040\OAS2_0040_slice_03_z088.png,Very_Mild_Dementia/OAS2_0040/OAS2_0040_slice_03_z088.png,Very Mild Dementia/OAS2_0040/OAS2_0040_slice_03_z088.png,OAS2_0040,Very Mild Dementia,1,0,Non-Demented,0,0.44382817406938196,0.3926125188717902,0.16022597372549444,0.0033333333333333335
OASIS_2,RandomForest,101,test,gaussian_blur__mild,gaussian_blur,mild,D:\OASIS_2\distortions_128\gaussian_blur\mild\Very_Mild_Dementia\OAS2_0040\OAS2_0040_slice_04_z093.png,Very_Mild_Dementia/OAS2_0040/OAS2_0040_slice_04_z093.png,Very Mild Dementia/OAS2_0040/OAS2_0040_slice_04_z093.png,OAS2_0040,Very Mild Dementia,1,0,Non-Demented,0,0.4937413006907009,0.34967121732355094,0.15658748198574848,0.0
OASIS_2,RandomForest,101,test,gaussian_blur__mild,gaussian_blur,mild,D:\OASIS_2\distortions_128\gaussian_blur\mild\Very_Mild_Dementia\OAS2_0040\OAS2_0040_slice_05_z098.png,Very_Mild_Dementia/OAS2_0040/OAS2_0040_slice_05_z098.png,Very Mild Dementia/OAS2_0040/OAS2_0040_slice_05_z098.png,OAS2_0040,Very Mild Dementia,1,0,Non-Demented,0,0.5583893854286474,0.3382003599123037,0.10341025465904878,0.0
OASIS_2,RandomForest,101,test,gaussian_blur__mild,gaussian_blur,mild,D:\OASIS_2\distortions_128\gaussian_blur\mild\Very_Mild_Dementia\OAS2_0040\OAS2_0040_slice_06_z104.png,Very_Mild_Dementia/OAS2_0040/OAS2_0040_slice_06_z104.png,Very Mild Dementia/OAS2_0040/OAS2_0040_slice_06_z104.png,OAS2_0040,Very Mild Dementia,1,0,Non-Demented,0,0.5742872626848755,0.3127457657384058,0.11296697157671863,0.0
OASIS_2,RandomForest,101,test,gaussian_blur__mild,gaussian_blur,mild,D:\OASIS_2\distortions_128\gaussian_blur\mild\Very_Mild_Dementia\OAS2_0040\OAS2_0040_slice_07_z109.png,Very_Mild_Dementia/OAS2_0040/OAS2_0040_slice_07_z109.png,Very Mild Dementia/OAS2_0040/OAS2_0040_slice_07_z109.png,OAS2_0040,Very Mild Dementia,1,0,Non-Demented,0,0.5798004177591759,0.3056336579116362,0.11456592432918818,0.0
OASIS_2,RandomForest,101,test,gaussian_blur__mild,gaussian_blur,mild,D:\OASIS_2\distortions_128\gaussian_blur\mild\Very_Mild_Dementia\OAS2_0040\OAS2_0040_slice_08_z114.png,Very_Mild_Dementia/OAS2_0040/OAS2_0040_slice_08_z114.png,Very Mild Dementia/OAS2_0040/OAS2_0040_slice_08_z114.png,OAS2_0040,Very Mild Dementia,1,0,Non-Demented,0,0.5977138479064255,0.292819365157753,0.1094667869358214,0.0
OASIS_2,RandomForest,101,test,gaussian_blur__mild,gaussian_blur,mild,D:\OASIS_2\distortions_128\gaussian_blur\mild\Very_Mild_Dementia\OAS2_0040\OAS2_0040_slice_09_z120.png,Very_Mild_Dementia/OAS2_0040/OAS2_0040_slice_09_z120.png,Very Mild Dementia/OAS2_0040/OAS2_0040_slice_09_z120.png,OAS2_0040,Very Mild Dementia,1,0,Non-Demented,0,0.62104870305974,0.3196514447911202,0.05929985214913996,0.0
OASIS_2,RandomForest,101,test,gaussian_blur__mild,gaussian_blur,mild,D:\OASIS_2\distortions_128\gaussian_blur\mild\Very_Mild_Dementia\OAS2_0040\OAS2_0040_slice_10_z125.png,Very_Mild_Dementia/OAS2_0040/OAS2_0040_slice_10_z125.png,Very Mild Dementia/OAS2_0040/OAS2_0040_slice_10_z125.png,OAS2_0040,Very Mild Dementia,1,0,Non-Demented,0,0.5313253874110189,0.38623846468568135,0.08243614790329981,0.0
OASIS_2,RandomForest,101,test,gaussian_blur__mild,gaussian_blur,mild,D:\OASIS_2\distortions_128\gaussian_blur\mild\Very_Mild_Dementia\OAS2_0040\OAS2_0040_slice_11_z130.png,Very_Mild_Dementia/OAS2_0040/OAS2_0040_slice_11_z130.png,Very Mild Dementia/OAS2_0040/OAS2_0040_slice_11_z130.png,OAS2_0040,Very Mild Dementia,1,0,Non-Demented,0,0.4892861247574484,0.4322270648403059,0.07848681040224563,0.0
OASIS_2,RandomForest,101,test,gaussian_blur__mild,gaussian_blur,mild,D:\OASIS_2\distortions_128\gaussian_blur\mild\Very_Mild_Dementia\OAS2_0040\OAS2_0040_slice_12_z135.png,Very_Mild_Dementia/OAS2_0040/OAS2_0040_slice_12_z135.png,Very Mild Dementia/OAS2_0040/OAS2_0040_slice_12_z135.png,OAS2_0040,Very Mild Dementia,1,0,Non-Demented,0,0.46912519622159066,0.4653464966087868,0.0655283071696229,0.0
OASIS_2,RandomForest,101,test,gaussian_blur__mild,gaussian_blur,mild,D:\OASIS_2\distortions_128\gaussian_blur\mild\Very_Mild_Dementia\OAS2_0040\OAS2_0040_slice_13_z141.png,Very_Mild_Dementia/OAS2_0040/OAS2_0040_slice_13_z141.png,Very Mild Dementia/OAS2_0040/OAS2_0040_slice_13_z141.png,OAS2_0040,Very Mild Dementia,1,0,Non-Demented,0,0.4721478077994877,0.4492356782488088,0.07861651395170369,0.0
OASIS_2,RandomForest,101,test,gaussian_blur__mild,gaussian_blur,mild,D:\OASIS_2\distortions_128\gaussian_blur\mild\Very_Mild_Dementia\OAS2_0040\OAS2_0040_slice_14_z146.png,Very_Mild_Dementia/OAS2_0040/OAS2_0040_slice_14_z146.png,Very Mild Dementia/OAS2_0040/OAS2_0040_slice_14_z146.png,OAS2_0040,Very Mild Dementia,1,0,Non-Demented,0,0.519499416868268,0.37937909956765314,0.09778815023074537,0.0033333333333333335
OASIS_2,RandomForest,101,test,gaussian_blur__mild,gaussian_blur,mild,D:\OASIS_2\distortions_128\gaussian_blur\mild\Very_Mild_Dementia\OAS2_0040\OAS2_0040_slice_15_z151.png,Very_Mild_Dementia/OAS2_0040/OAS2_0040_slice_15_z151.png,Very Mild Dementia/OAS2_0040/OAS2_0040_slice_15_z151.png,OAS2_0040,Very Mild Dementia,1,1,Very Mild Dementia,1,0.43515391876441195,0.4567383539766782,0.10477439392557619,0.0033333333333333335
OASIS_2,RandomForest,101,test,gaussian_blur__mild,gaussian_blur,mild,D:\OASIS_2\distortions_128\gaussian_blur\mild\Very_Mild_Dementia\OAS2_0040\OAS2_0040_slice_16_z157.png,Very_Mild_Dementia/OAS2_0040/OAS2_0040_slice_16_z157.png,Very Mild Dementia/OAS2_0040/OAS2_0040_slice_16_z157.png,OAS2_0040,Very Mild Dementia,1,1,Very Mild Dementia,1,0.42977870135272345,0.4662390209885453,0.10398227765873126,0.0
OASIS_2,RandomForest,101,test,gaussian_blur__mild,gaussian_blur,mild,D:\OASIS_2\distortions_128\gaussian_blur\mild\Very_Mild_Dementia\OAS2_0040\OAS2_0040_slice_17_z162.png,Very_Mild_Dementia/OAS2_0040/OAS2_0040_slice_17_z162.png,Very Mild Dementia/OAS2_0040/OAS2_0040_slice_17_z162.png,OAS2_0040,Very Mild Dementia,1,1,Very Mild Dementia,1,0.3342400828867381,0.558902531167656,0.10352405261227253,0.0033333333333333335
OASIS_2,RandomForest,101,test,gaussian_blur__mild,gaussian_blur,mild,D:\OASIS_2\distortions_128\gaussian_blur\mild\Very_Mild_Dementia\OAS2_0040\OAS2_0040_slice_18_z167.png,Very_Mild_Dementia/OAS2_0040/OAS2_0040_slice_18_z167.png,Very Mild Dementia/OAS2_0040/OAS2_0040_slice_18_z167.png,OAS2_0040,Very Mild Dementia,1,1,Very Mild Dementia,1,0.4218411527830926,0.5037425018926001,0.07441634532430726,0.0
OASIS_2,RandomForest,101,test,gaussian_blur__mild,gaussian_blur,mild,D:\OASIS_2\distortions_128\gaussian_blur\mild\Very_Mild_Dementia\OAS2_0040\OAS2_0040_slice_19_z173.png,Very_Mild_Dementia/OAS2_0040/OAS2_0040_slice_19_z173.png,Very Mild Dementia/OAS2_0040/OAS2_0040_slice_19_z173.png,OAS2_0040,Very Mild Dementia,1,1,Very Mild Dementia,1,0.3683540714924807,0.5672047218486461,0.06444120665887318,0.0
OASIS_2,RandomForest,101,test,gaussian_blur__mild,gaussian_blur,mild,D:\OASIS_2\distortions_128\gaussian_blur\mild\Very_Mild_Dementia\OAS2_0040\OAS2_0040_slice_20_z178.png,Very_Mild_Dementia/OAS2_0040/OAS2_0040_slice_20_z178.png,Very Mild Dementia/OAS2_0040/OAS2_0040_slice_20_z178.png,OAS2_0040,Very Mild Dementia,1,1,Very Mild Dementia,1,0.3613400541302811,0.5676062236113713,0.07105372225834777,0.0
OASIS_2,RandomForest,101,test,gaussian_blur__mild,gaussian_blur,mild,D:\OASIS_2\distortions_128\gaussian_blur\mild\Very_Mild_Dementia\OAS2_0098\OAS2_0098_slice_01_z077.png,Very_Mild_Dementia/OAS2_0098/OAS2_0098_slice_01_z077.png,Very Mild Dementia/OAS2_0098/OAS2_0098_slice_01_z077.png,OAS2_0098,Very Mild Dementia,1,2,Mild Dementia,0,0.31007493952345944,0.24824628476790428,0.4416787757086361,0.0
OASIS_2,RandomForest,101,test,gaussian_blur__mild,gaussian_blur,mild,D:\OASIS_2\distortions_128\gaussian_blur\mild\Very_Mild_Dementia\OAS2_0098\OAS2_0098_slice_02_z082.png,Very_Mild_Dementia/OAS2_0098/OAS2_0098_slice_02_z082.png,Very Mild Dementia/OAS2_0098/OAS2_0098_slice_02_z082.png,OAS2_0098,Very Mild Dementia,1,2,Mild Dementia,0,0.32051126412482633,0.24419598194127667,0.43529275393389694,0.0
OASIS_2,RandomForest,101,test,gaussian_blur__mild,gaussian_blur,mild,D:\OASIS_2\distortions_128\gaussian_blur\mild\Very_Mild_Dementia\OAS2_0098\OAS2_0098_slice_03_z088.png,Very_Mild_Dementia/OAS2_0098/OAS2_0098_slice_03_z088.png,Very Mild Dementia/OAS2_0098/OAS2_0098_slice_03_z088.png,OAS2_0098,Very Mild Dementia,1,0,Non-Demented,0,0.39211461444743995,0.2321719607937447,0.3757134247588154,0.0
OASIS_2,RandomForest,101,test,gaussian_blur__mild,gaussian_blur,mild,D:\OASIS_2\distortions_128\gaussian_blur\mild\Very_Mild_Dementia\OAS2_0098\OAS2_0098_slice_04_z093.png,Very_Mild_Dementia/OAS2_0098/OAS2_0098_slice_04_z093.png,Very Mild Dementia/OAS2_0098/OAS2_0098_slice_04_z093.png,OAS2_0098,Very Mild Dementia,1,0,Non-Demented,0,0.40366454365453563,0.23248105577782557,0.3638544005676387,0.0
OASIS_2,RandomForest,101,test,gaussian_blur__mild,gaussian_blur,mild,D:\OASIS_2\distortions_128\gaussian_blur\mild\Very_Mild_Dementia\OAS2_0098\OAS2_0098_slice_05_z098.png,Very_Mild_Dementia/OAS2_0098/OAS2_0098_slice_05_z098.png,Very Mild Dementia/OAS2_0098/OAS2_0098_slice_05_z098.png,OAS2_0098,Very Mild Dementia,1,0,Non-Demented,0,0.43186368418873106,0.21383970687186452,0.3542966089394043,0.0
OASIS_2,RandomForest,101,test,gaussian_blur__mild,gaussian_blur,mild,D:\OASIS_2\distortions_128\gaussian_blur\mild\Very_Mild_Dementia\OAS2_0098\OAS2_0098_slice_06_z104.png,Very_Mild_Dementia/OAS2_0098/OAS2_0098_slice_06_z104.png,Very Mild Dementia/OAS2_0098/OAS2_0098_slice_06_z104.png,OAS2_0098,Very Mild Dementia,1,0,Non-Demented,0,0.5483807209375264,0.21400456369003212,0.23761471537244147,0.0
OASIS_2,RandomForest,101,test,gaussian_blur__mild,gaussian_blur,mild,D:\OASIS_2\distortions_128\gaussian_blur\mild\Very_Mild_Dementia\OAS2_0098\OAS2_0098_slice_07_z109.png,Very_Mild_Dementia/OAS2_0098/OAS2_0098_slice_07_z109.png,Very Mild Dementia/OAS2_0098/OAS2_0098_slice_07_z109.png,OAS2_0098,Very Mild Dementia,1,0,Non-Demented,0,0.5550527381155357,0.1917523822932502,0.2531948795912141,0.0
OASIS_2,RandomForest,101,test,gaussian_blur__mild,gaussian_blur,mild,D:\OASIS_2\distortions_128\gaussian_blur\mild\Very_Mild_Dementia\OAS2_0098\OAS2_0098_slice_08_z114.png,Very_Mild_Dementia/OAS2_0098/OAS2_0098_slice_08_z114.png,Very Mild Dementia/OAS2_0098/OAS2_0098_slice_08_z114.png,OAS2_0098,Very Mild Dementia,1,0,Non-Demented,0,0.5485689493157665,0.20141098539496857,0.2500200652892649,0.0
OASIS_2,RandomForest,101,test,gaussian_blur__mild,gaussian_blur,mild,D:\OASIS_2\distortions_128\gaussian_blur\mild\Very_Mild_Dementia\OAS2_0098\OAS2_0098_slice_09_z120.png,Very_Mild_Dementia/OAS2_0098/OAS2_0098_slice_09_z120.png,Very Mild Dementia/OAS2_0098/OAS2_0098_slice_09_z120.png,OAS2_0098,Very Mild Dementia,1,0,Non-Demented,0,0.5701368544650406,0.19030824061311918,0.2395549049218402,0.0
OASIS_2,RandomForest,101,test,gaussian_blur__mild,gaussian_blur,mild,D:\OASIS_2\distortions_128\gaussian_blur\mild\Very_Mild_Dementia\OAS2_0098\OAS2_0098_slice_10_z125.png,Very_Mild_Dementia/OAS2_0098/OAS2_0098_slice_10_z125.png,Very Mild Dementia/OAS2_0098/OAS2_0098_slice_10_z125.png,OAS2_0098,Very Mild Dementia,1,0,Non-Demented,0,0.5360218965061141,0.17988318751395183,0.28409491597993386,0.0
OASIS_2,RandomForest,101,test,gaussian_blur__mild,gaussian_blur,mild,D:\OASIS_2\distortions_128\gaussian_blur\mild\Very_Mild_Dementia\OAS2_0098\OAS2_0098_slice_11_z130.png,Very_Mild_Dementia/OAS2_0098/OAS2_0098_slice_11_z130.png,Very Mild Dementia/OAS2_0098/OAS2_0098_slice_11_z130.png,OAS2_0098,Very Mild Dementia,1,0,Non-Demented,0,0.48684522875831354,0.24250289856439694,0.2706518726772895,0.0
OASIS_2,RandomForest,101,test,gaussian_blur__mild,gaussian_blur,mild,D:\OASIS_2\distortions_128\gaussian_blur\mild\Very_Mild_Dementia\OAS2_0098\OAS2_0098_slice_12_z135.png,Very_Mild_Dementia/OAS2_0098/OAS2_0098_slice_12_z135.png,Very Mild Dementia/OAS2_0098/OAS2_0098_slice_12_z135.png,OAS2_0098,Very Mild Dementia,1,0,Non-Demented,0,0.471489289529297,0.23346774709908227,0.2950429633716209,0.0
OASIS_2,RandomForest,101,test,gaussian_blur__mild,gaussian_blur,mild,D:\OASIS_2\distortions_128\gaussian_blur\mild\Very_Mild_Dementia\OAS2_0098\OAS2_0098_slice_13_z141.png,Very_Mild_Dementia/OAS2_0098/OAS2_0098_slice_13_z141.png,Very Mild Dementia/OAS2_0098/OAS2_0098_slice_13_z141.png,OAS2_0098,Very Mild Dementia,1,0,Non-Demented,0,0.5101948510033238,0.25513935397183846,0.23466579502483786,0.0
OASIS_2,RandomForest,101,test,gaussian_blur__mild,gaussian_blur,mild,D:\OASIS_2\distortions_128\gaussian_blur\mild\Very_Mild_Dementia\OAS2_0098\OAS2_0098_slice_14_z146.png,Very_Mild_Dementia/OAS2_0098/OAS2_0098_slice_14_z146.png,Very Mild Dementia/OAS2_0098/OAS2_0098_slice_14_z146.png,OAS2_0098,Very Mild Dementia,1,0,Non-Demented,0,0.5349576615913628,0.2535042094122726,0.21153812899636457,0.0
OASIS_2,RandomForest,101,test,gaussian_blur__mild,gaussian_blur,mild,D:\OASIS_2\distortions_128\gaussian_blur\mild\Very_Mild_Dementia\OAS2_0098\OAS2_0098_slice_15_z151.png,Very_Mild_Dementia/OAS2_0098/OAS2_0098_slice_15_z151.png,Very Mild Dementia/OAS2_0098/OAS2_0098_slice_15_z151.png,OAS2_0098,Very Mild Dementia,1,0,Non-Demented,0,0.5640483118539902,0.21594952428794353,0.22000216385806642,0.0
OASIS_2,RandomForest,101,test,gaussian_blur__mild,gaussian_blur,mild,D:\OASIS_2\distortions_128\gaussian_blur\mild\Very_Mild_Dementia\OAS2_0098\OAS2_0098_slice_16_z157.png,Very_Mild_Dementia/OAS2_0098/OAS2_0098_slice_16_z157.png,Very Mild Dementia/OAS2_0098/OAS2_0098_slice_16_z157.png,OAS2_0098,Very Mild Dementia,1,0,Non-Demented,0,0.5103604258618781,0.2491843831813873,0.24045519095673484,0.0
OASIS_2,RandomForest,101,test,gaussian_blur__mild,gaussian_blur,mild,D:\OASIS_2\distortions_128\gaussian_blur\mild\Very_Mild_Dementia\OAS2_0098\OAS2_0098_slice_17_z162.png,Very_Mild_Dementia/OAS2_0098/OAS2_0098_slice_17_z162.png,Very Mild Dementia/OAS2_0098/OAS2_0098_slice_17_z162.png,OAS2_0098,Very Mild Dementia,1,0,Non-Demented,0,0.47453249927169944,0.2648118209968781,0.2606556797314223,0.0
OASIS_2,RandomForest,101,test,gaussian_blur__mild,gaussian_blur,mild,D:\OASIS_2\distortions_128\gaussian_blur\mild\Very_Mild_Dementia\OAS2_0098\OAS2_0098_slice_18_z167.png,Very_Mild_Dementia/OAS2_0098/OAS2_0098_slice_18_z167.png,Very Mild Dementia/OAS2_0098/OAS2_0098_slice_18_z167.png,OAS2_0098,Very Mild Dementia,1,0,Non-Demented,0,0.4271683763035121,0.29592870034501256,0.2769029233514752,0.0
OASIS_2,RandomForest,101,test,gaussian_blur__mild,gaussian_blur,mild,D:\OASIS_2\distortions_128\gaussian_blur\mild\Very_Mild_Dementia\OAS2_0098\OAS2_0098_slice_19_z173.png,Very_Mild_Dementia/OAS2_0098/OAS2_0098_slice_19_z173.png,Very Mild Dementia/OAS2_0098/OAS2_0098_slice_19_z173.png,OAS2_0098,Very Mild Dementia,1,0,Non-Demented,0,0.4573960635493146,0.26774935102359454,0.2748545854270906,0.0
OASIS_2,RandomForest,101,test,gaussian_blur__mild,gaussian_blur,mild,D:\OASIS_2\distortions_128\gaussian_blur\mild\Very_Mild_Dementia\OAS2_0098\OAS2_0098_slice_20_z178.png,Very_Mild_Dementia/OAS2_0098/OAS2_0098_slice_20_z178.png,Very Mild Dementia/OAS2_0098/OAS2_0098_slice_20_z178.png,OAS2_0098,Very Mild Dementia,1,0,Non-Demented,0,0.45013878693315795,0.31122641306778687,0.23863479999905532,0.0
OASIS_2,RandomForest,101,test,gaussian_blur__mild,gaussian_blur,mild,D:\OASIS_2\distortions_128\gaussian_blur\mild\Very_Mild_Dementia\OAS2_0102\OAS2_0102_slice_01_z077.png,Very_Mild_Dementia/OAS2_0102/OAS2_0102_slice_01_z077.png,Very Mild Dementia/OAS2_0102/OAS2_0102_slice_01_z077.png,OAS2_0102,Very Mild Dementia,1,1,Very Mild Dementia,1,0.19194267162364698,0.7359887936992611,0.0720685346770918,0.0
OASIS_2,RandomForest,101,test,gaussian_blur__mild,gaussian_blur,mild,D:\OASIS_2\distortions_128\gaussian_blur\mild\Very_Mild_Dementia\OAS2_0102\OAS2_0102_slice_02_z082.png,Very_Mild_Dementia/OAS2_0102/OAS2_0102_slice_02_z082.png,Very Mild Dementia/OAS2_0102/OAS2_0102_slice_02_z082.png,OAS2_0102,Very Mild Dementia,1,1,Very Mild Dementia,1,0.134357430342512,0.8089633625907879,0.056679207066699995,0.0
OASIS_2,RandomForest,101,test,gaussian_blur__mild,gaussian_blur,mild,D:\OASIS_2\distortions_128\gaussian_blur\mild\Very_Mild_Dementia\OAS2_0102\OAS2_0102_slice_03_z088.png,Very_Mild_Dementia/OAS2_0102/OAS2_0102_slice_03_z088.png,Very Mild Dementia/OAS2_0102/OAS2_0102_slice_03_z088.png,OAS2_0102,Very Mild Dementia,1,1,Very Mild Dementia,1,0.10432509623984128,0.8247622637456619,0.07091264001449658,0.0
OASIS_2,RandomForest,101,test,gaussian_blur__mild,gaussian_blur,mild,D:\OASIS_2\distortions_128\gaussian_blur\mild\Very_Mild_Dementia\OAS2_0102\OAS2_0102_slice_04_z093.png,Very_Mild_Dementia/OAS2_0102/OAS2_0102_slice_04_z093.png,Very Mild Dementia/OAS2_0102/OAS2_0102_slice_04_z093.png,OAS2_0102,Very Mild Dementia,1,1,Very Mild Dementia,1,0.12459670384664105,0.8244269883799962,0.05097630777336298,0.0
OASIS_2,RandomForest,101,test,gaussian_blur__mild,gaussian_blur,mild,D:\OASIS_2\distortions_128\gaussian_blur\mild\Very_Mild_Dementia\OAS2_0102\OAS2_0102_slice_05_z098.png,Very_Mild_Dementia/OAS2_0102/OAS2_0102_slice_05_z098.png,Very Mild Dementia/OAS2_0102/OAS2_0102_slice_05_z098.png,OAS2_0102,Very Mild Dementia,1,1,Very Mild Dementia,1,0.13719041646943167,0.8042683683945141,0.05854121513605418,0.0
OASIS_2,RandomForest,101,test,gaussian_blur__mild,gaussian_blur,mild,D:\OASIS_2\distortions_128\gaussian_blur\mild\Very_Mild_Dementia\OAS2_0102\OAS2_0102_slice_06_z104.png,Very_Mild_Dementia/OAS2_0102/OAS2_0102_slice_06_z104.png,Very Mild Dementia/OAS2_0102/OAS2_0102_slice_06_z104.png,OAS2_0102,Very Mild Dementia,1,1,Very Mild Dementia,1,0.1420433622635932,0.8031341866506758,0.054822451085731125,0.0
OASIS_2,RandomForest,101,test,gaussian_blur__mild,gaussian_blur,mild,D:\OASIS_2\distortions_128\gaussian_blur\mild\Very_Mild_Dementia\OAS2_0102\OAS2_0102_slice_07_z109.png,Very_Mild_Dementia/OAS2_0102/OAS2_0102_slice_07_z109.png,Very Mild Dementia/OAS2_0102/OAS2_0102_slice_07_z109.png,OAS2_0102,Very Mild Dementia,1,1,Very Mild Dementia,1,0.17201232757513762,0.7541823524590884,0.07380531996577416,0.0
OASIS_2,RandomForest,101,test,gaussian_blur__mild,gaussian_blur,mild,D:\OASIS_2\distortions_128\gaussian_blur\mild\Very_Mild_Dementia\OAS2_0102\OAS2_0102_slice_08_z114.png,Very_Mild_Dementia/OAS2_0102/OAS2_0102_slice_08_z114.png,Very Mild Dementia/OAS2_0102/OAS2_0102_slice_08_z114.png,OAS2_0102,Very Mild Dementia,1,1,Very Mild Dementia,1,0.2114824978920844,0.7026113503357927,0.08590615177212291,0.0
OASIS_2,RandomForest,101,test,gaussian_blur__mild,gaussian_blur,mild,D:\OASIS_2\distortions_128\gaussian_blur\mild\Very_Mild_Dementia\OAS2_0102\OAS2_0102_slice_09_z120.png,Very_Mild_Dementia/OAS2_0102/OAS2_0102_slice_09_z120.png,Very Mild Dementia/OAS2_0102/OAS2_0102_slice_09_z120.png,OAS2_0102,Very Mild Dementia,1,1,Very Mild Dementia,1,0.29702503314278345,0.6250875735907843,0.07788739326643283,0.0
OASIS_2,RandomForest,101,test,gaussian_blur__mild,gaussian_blur,mild,D:\OASIS_2\distortions_128\gaussian_blur\mild\Very_Mild_Dementia\OAS2_0102\OAS2_0102_slice_10_z125.png,Very_Mild_Dementia/OAS2_0102/OAS2_0102_slice_10_z125.png,Very Mild Dementia/OAS2_0102/OAS2_0102_slice_10_z125.png,OAS2_0102,Very Mild Dementia,1,1,Very Mild Dementia,1,0.3331917866600181,0.5758480723641837,0.09096014097579885,0.0
OASIS_2,RandomForest,101,test,gaussian_blur__mild,gaussian_blur,mild,D:\OASIS_2\distortions_128\gaussian_blur\mild\Very_Mild_Dementia\OAS2_0102\OAS2_0102_slice_11_z130.png,Very_Mild_Dementia/OAS2_0102/OAS2_0102_slice_11_z130.png,Very Mild Dementia/OAS2_0102/OAS2_0102_slice_11_z130.png,OAS2_0102,Very Mild Dementia,1,1,Very Mild Dementia,1,0.39414594611537446,0.5096227674230682,0.0962312864615579,0.0
OASIS_2,RandomForest,101,test,gaussian_blur__mild,gaussian_blur,mild,D:\OASIS_2\distortions_128\gaussian_blur\mild\Very_Mild_Dementia\OAS2_0102\OAS2_0102_slice_12_z135.png,Very_Mild_Dementia/OAS2_0102/OAS2_0102_slice_12_z135.png,Very Mild Dementia/OAS2_0102/OAS2_0102_slice_12_z135.png,OAS2_0102,Very Mild Dementia,1,1,Very Mild Dementia,1,0.4357729605813058,0.4894298929362611,0.07479714648243324,0.0
OASIS_2,RandomForest,101,test,gaussian_blur__mild,gaussian_blur,mild,D:\OASIS_2\distortions_128\gaussian_blur\mild\Very_Mild_Dementia\OAS2_0102\OAS2_0102_slice_13_z141.png,Very_Mild_Dementia/OAS2_0102/OAS2_0102_slice_13_z141.png,Very Mild Dementia/OAS2_0102/OAS2_0102_slice_13_z141.png,OAS2_0102,Very Mild Dementia,1,1,Very Mild Dementia,1,0.4333524132804821,0.4946060046237162,0.07204158209580147,0.0
OASIS_2,RandomForest,101,test,gaussian_blur__mild,gaussian_blur,mild,D:\OASIS_2\distortions_128\gaussian_blur\mild\Very_Mild_Dementia\OAS2_0102\OAS2_0102_slice_14_z146.png,Very_Mild_Dementia/OAS2_0102/OAS2_0102_slice_14_z146.png,Very Mild Dementia/OAS2_0102/OAS2_0102_slice_14_z146.png,OAS2_0102,Very Mild Dementia,1,1,Very Mild Dementia,1,0.40270164798301206,0.5301318316762968,0.06716652034069082,0.0
OASIS_2,RandomForest,101,test,gaussian_blur__mild,gaussian_blur,mild,D:\OASIS_2\distortions_128\gaussian_blur\mild\Very_Mild_Dementia\OAS2_0102\OAS2_0102_slice_15_z151.png,Very_Mild_Dementia/OAS2_0102/OAS2_0102_slice_15_z151.png,Very Mild Dementia/OAS2_0102/OAS2_0102_slice_15_z151.png,OAS2_0102,Very Mild Dementia,1,1,Very Mild Dementia,1,0.4434017442905596,0.4898448905568598,0.0667533651525805,0.0
OASIS_2,RandomForest,101,test,gaussian_blur__mild,gaussian_blur,mild,D:\OASIS_2\distortions_128\gaussian_blur\mild\Very_Mild_Dementia\OAS2_0102\OAS2_0102_slice_16_z157.png,Very_Mild_Dementia/OAS2_0102/OAS2_0102_slice_16_z157.png,Very Mild Dementia/OAS2_0102/OAS2_0102_slice_16_z157.png,OAS2_0102,Very Mild Dementia,1,0,Non-Demented,0,0.5099127470027579,0.4140381024870374,0.07604915051020471,0.0
OASIS_2,RandomForest,101,test,gaussian_blur__mild,gaussian_blur,mild,D:\OASIS_2\distortions_128\gaussian_blur\mild\Very_Mild_Dementia\OAS2_0102\OAS2_0102_slice_17_z162.png,Very_Mild_Dementia/OAS2_0102/OAS2_0102_slice_17_z162.png,Very Mild Dementia/OAS2_0102/OAS2_0102_slice_17_z162.png,OAS2_0102,Very Mild Dementia,1,0,Non-Demented,0,0.4884129921045325,0.4439744673605382,0.06761254053492963,0.0
OASIS_2,RandomForest,101,test,gaussian_blur__mild,gaussian_blur,mild,D:\OASIS_2\distortions_128\gaussian_blur\mild\Very_Mild_Dementia\OAS2_0102\OAS2_0102_slice_18_z167.png,Very_Mild_Dementia/OAS2_0102/OAS2_0102_slice_18_z167.png,Very Mild Dementia/OAS2_0102/OAS2_0102_slice_18_z167.png,OAS2_0102,Very Mild Dementia,1,0,Non-Demented,0,0.5049849521815123,0.44465160971268725,0.05036343810580042,0.0
OASIS_2,RandomForest,101,test,gaussian_blur__mild,gaussian_blur,mild,D:\OASIS_2\distortions_128\gaussian_blur\mild\Very_Mild_Dementia\OAS2_0102\OAS2_0102_slice_19_z173.png,Very_Mild_Dementia/OAS2_0102/OAS2_0102_slice_19_z173.png,Very Mild Dementia/OAS2_0102/OAS2_0102_slice_19_z173.png,OAS2_0102,Very Mild Dementia,1,1,Very Mild Dementia,1,0.4348825114836575,0.4947374388525603,0.07038004966378195,0.0
OASIS_2,RandomForest,101,test,gaussian_blur__mild,gaussian_blur,mild,D:\OASIS_2\distortions_128\gaussian_blur\mild\Very_Mild_Dementia\OAS2_0102\OAS2_0102_slice_20_z178.png,Very_Mild_Dementia/OAS2_0102/OAS2_0102_slice_20_z178.png,Very Mild Dementia/OAS2_0102/OAS2_0102_slice_20_z178.png,OAS2_0102,Very Mild Dementia,1,1,Very Mild Dementia,1,0.43613776393419207,0.4936347235140548,0.06689417921841961,0.0033333333333333335
OASIS_2,RandomForest,101,test,gaussian_blur__mild,gaussian_blur,mild,D:\OASIS_2\distortions_128\gaussian_blur\mild\Very_Mild_Dementia\OAS2_0103\OAS2_0103_slice_01_z077.png,Very_Mild_Dementia/OAS2_0103/OAS2_0103_slice_01_z077.png,Very Mild Dementia/OAS2_0103/OAS2_0103_slice_01_z077.png,OAS2_0103,Very Mild Dementia,1,0,Non-Demented,0,0.37371621742470995,0.3395733863381191,0.28671039623717126,0.0
OASIS_2,RandomForest,101,test,gaussian_blur__mild,gaussian_blur,mild,D:\OASIS_2\distortions_128\gaussian_blur\mild\Very_Mild_Dementia\OAS2_0103\OAS2_0103_slice_02_z082.png,Very_Mild_Dementia/OAS2_0103/OAS2_0103_slice_02_z082.png,Very Mild Dementia/OAS2_0103/OAS2_0103_slice_02_z082.png,OAS2_0103,Very Mild Dementia,1,0,Non-Demented,0,0.38982839892095217,0.3130281743920392,0.2971434266870087,0.0
OASIS_2,RandomForest,101,test,gaussian_blur__mild,gaussian_blur,mild,D:\OASIS_2\distortions_128\gaussian_blur\mild\Very_Mild_Dementia\OAS2_0103\OAS2_0103_slice_03_z088.png,Very_Mild_Dementia/OAS2_0103/OAS2_0103_slice_03_z088.png,Very Mild Dementia/OAS2_0103/OAS2_0103_slice_03_z088.png,OAS2_0103,Very Mild Dementia,1,0,Non-Demented,0,0.3825698987926981,0.3175790269068239,0.299851074300478,0.0
OASIS_2,RandomForest,101,test,gaussian_blur__mild,gaussian_blur,mild,D:\OASIS_2\distortions_128\gaussian_blur\mild\Very_Mild_Dementia\OAS2_0103\OAS2_0103_slice_04_z093.png,Very_Mild_Dementia/OAS2_0103/OAS2_0103_slice_04_z093.png,Very Mild Dementia/OAS2_0103/OAS2_0103_slice_04_z093.png,OAS2_0103,Very Mild Dementia,1,0,Non-Demented,0,0.37063220471851077,0.3070594233309432,0.32230837195054596,0.0
OASIS_2,RandomForest,101,test,gaussian_blur__mild,gaussian_blur,mild,D:\OASIS_2\distortions_128\gaussian_blur\mild\Very_Mild_Dementia\OAS2_0103\OAS2_0103_slice_05_z098.png,Very_Mild_Dementia/OAS2_0103/OAS2_0103_slice_05_z098.png,Very Mild Dementia/OAS2_0103/OAS2_0103_slice_05_z098.png,OAS2_0103,Very Mild Dementia,1,0,Non-Demented,0,0.37386538950664844,0.28177797617943406,0.34435663431391733,0.0
OASIS_2,RandomForest,101,test,gaussian_blur__mild,gaussian_blur,mild,D:\OASIS_2\distortions_128\gaussian_blur\mild\Very_Mild_Dementia\OAS2_0103\OAS2_0103_slice_06_z104.png,Very_Mild_Dementia/OAS2_0103/OAS2_0103_slice_06_z104.png,Very Mild Dementia/OAS2_0103/OAS2_0103_slice_06_z104.png,OAS2_0103,Very Mild Dementia,1,0,Non-Demented,0,0.3732897691890479,0.31229819048685364,0.31441204032409864,0.0
OASIS_2,RandomForest,101,test,gaussian_blur__mild,gaussian_blur,mild,D:\OASIS_2\distortions_128\gaussian_blur\mild\Very_Mild_Dementia\OAS2_0103\OAS2_0103_slice_07_z109.png,Very_Mild_Dementia/OAS2_0103/OAS2_0103_slice_07_z109.png,Very Mild Dementia/OAS2_0103/OAS2_0103_slice_07_z109.png,OAS2_0103,Very Mild Dementia,1,0,Non-Demented,0,0.3854844967461872,0.27114867425751904,0.3433668289962936,0.0
OASIS_2,RandomForest,101,test,gaussian_blur__mild,gaussian_blur,mild,D:\OASIS_2\distortions_128\gaussian_blur\mild\Very_Mild_Dementia\OAS2_0103\OAS2_0103_slice_08_z114.png,Very_Mild_Dementia/OAS2_0103/OAS2_0103_slice_08_z114.png,Very Mild Dementia/OAS2_0103/OAS2_0103_slice_08_z114.png,OAS2_0103,Very Mild Dementia,1,0,Non-Demented,0,0.3889881077713406,0.28576746503818445,0.32524442719047497,0.0
OASIS_2,RandomForest,101,test,gaussian_blur__mild,gaussian_blur,mild,D:\OASIS_2\distortions_128\gaussian_blur\mild\Very_Mild_Dementia\OAS2_0103\OAS2_0103_slice_09_z120.png,Very_Mild_Dementia/OAS2_0103/OAS2_0103_slice_09_z120.png,Very Mild Dementia/OAS2_0103/OAS2_0103_slice_09_z120.png,OAS2_0103,Very Mild Dementia,1,0,Non-Demented,0,0.4110828941391281,0.2732179802666952,0.31569912559417684,0.0
OASIS_2,RandomForest,101,test,gaussian_blur__mild,gaussian_blur,mild,D:\OASIS_2\distortions_128\gaussian_blur\mild\Very_Mild_Dementia\OAS2_0103\OAS2_0103_slice_10_z125.png,Very_Mild_Dementia/OAS2_0103/OAS2_0103_slice_10_z125.png,Very Mild Dementia/OAS2_0103/OAS2_0103_slice_10_z125.png,OAS2_0103,Very Mild Dementia,1,0,Non-Demented,0,0.4096035435859196,0.2737441992102648,0.31665225720381546,0.0
OASIS_2,RandomForest,101,test,gaussian_blur__mild,gaussian_blur,mild,D:\OASIS_2\distortions_128\gaussian_blur\mild\Very_Mild_Dementia\OAS2_0103\OAS2_0103_slice_11_z130.png,Very_Mild_Dementia/OAS2_0103/OAS2_0103_slice_11_z130.png,Very Mild Dementia/OAS2_0103/OAS2_0103_slice_11_z130.png,OAS2_0103,Very Mild Dementia,1,2,Mild Dementia,0,0.2759439684877259,0.29749913698568464,0.4265568945265891,0.0
OASIS_2,RandomForest,101,test,gaussian_blur__mild,gaussian_blur,mild,D:\OASIS_2\distortions_128\gaussian_blur\mild\Very_Mild_Dementia\OAS2_0103\OAS2_0103_slice_12_z135.png,Very_Mild_Dementia/OAS2_0103/OAS2_0103_slice_12_z135.png,Very Mild Dementia/OAS2_0103/OAS2_0103_slice_12_z135.png,OAS2_0103,Very Mild Dementia,1,2,Mild Dementia,0,0.26413342008622015,0.2616083607230269,0.4742582191907527,0.0
OASIS_2,RandomForest,101,test,gaussian_blur__mild,gaussian_blur,mild,D:\OASIS_2\distortions_128\gaussian_blur\mild\Very_Mild_Dementia\OAS2_0103\OAS2_0103_slice_13_z141.png,Very_Mild_Dementia/OAS2_0103/OAS2_0103_slice_13_z141.png,Very Mild Dementia/OAS2_0103/OAS2_0103_slice_13_z141.png,OAS2_0103,Very Mild Dementia,1,2,Mild Dementia,0,0.27657990508258673,0.2850147660756552,0.43840532884175804,0.0
OASIS_2,RandomForest,101,test,gaussian_blur__mild,gaussian_blur,mild,D:\OASIS_2\distortions_128\gaussian_blur\mild\Very_Mild_Dementia\OAS2_0103\OAS2_0103_slice_14_z146.png,Very_Mild_Dementia/OAS2_0103/OAS2_0103_slice_14_z146.png,Very Mild Dementia/OAS2_0103/OAS2_0103_slice_14_z146.png,OAS2_0103,Very Mild Dementia,1,0,Non-Demented,0,0.3507978640017962,0.3107695407460158,0.3384325952521879,0.0
OASIS_2,RandomForest,101,test,gaussian_blur__mild,gaussian_blur,mild,D:\OASIS_2\distortions_128\gaussian_blur\mild\Very_Mild_Dementia\OAS2_0103\OAS2_0103_slice_15_z151.png,Very_Mild_Dementia/OAS2_0103/OAS2_0103_slice_15_z151.png,Very Mild Dementia/OAS2_0103/OAS2_0103_slice_15_z151.png,OAS2_0103,Very Mild Dementia,1,0,Non-Demented,0,0.39056550127295275,0.2951587407989989,0.31427575792804824,0.0
OASIS_2,RandomForest,101,test,gaussian_blur__mild,gaussian_blur,mild,D:\OASIS_2\distortions_128\gaussian_blur\mild\Very_Mild_Dementia\OAS2_0103\OAS2_0103_slice_16_z157.png,Very_Mild_Dementia/OAS2_0103/OAS2_0103_slice_16_z157.png,Very Mild Dementia/OAS2_0103/OAS2_0103_slice_16_z157.png,OAS2_0103,Very Mild Dementia,1,0,Non-Demented,0,0.37921475528998966,0.28850504636367025,0.3256135316796733,0.006666666666666667
OASIS_2,RandomForest,101,test,gaussian_blur__mild,gaussian_blur,mild,D:\OASIS_2\distortions_128\gaussian_blur\mild\Very_Mild_Dementia\OAS2_0103\OAS2_0103_slice_17_z162.png,Very_Mild_Dementia/OAS2_0103/OAS2_0103_slice_17_z162.png,Very Mild Dementia/OAS2_0103/OAS2_0103_slice_17_z162.png,OAS2_0103,Very Mild Dementia,1,0,Non-Demented,0,0.3786171643751245,0.31851197334820686,0.2995375289433352,0.0033333333333333335
OASIS_2,RandomForest,101,test,gaussian_blur__mild,gaussian_blur,mild,D:\OASIS_2\distortions_128\gaussian_blur\mild\Very_Mild_Dementia\OAS2_0103\OAS2_0103_slice_18_z167.png,Very_Mild_Dementia/OAS2_0103/OAS2_0103_slice_18_z167.png,Very Mild Dementia/OAS2_0103/OAS2_0103_slice_18_z167.png,OAS2_0103,Very Mild Dementia,1,0,Non-Demented,0,0.37145713669132147,0.33565093207569585,0.29289193123298257,0.0
OASIS_2,RandomForest,101,test,gaussian_blur__mild,gaussian_blur,mild,D:\OASIS_2\distortions_128\gaussian_blur\mild\Very_Mild_Dementia\OAS2_0103\OAS2_0103_slice_19_z173.png,Very_Mild_Dementia/OAS2_0103/OAS2_0103_slice_19_z173.png,Very Mild Dementia/OAS2_0103/OAS2_0103_slice_19_z173.png,OAS2_0103,Very Mild Dementia,1,0,Non-Demented,0,0.35681004099481206,0.3095668249814629,0.33362313402372457,0.0
OASIS_2,RandomForest,101,test,gaussian_blur__mild,gaussian_blur,mild,D:\OASIS_2\distortions_128\gaussian_blur\mild\Very_Mild_Dementia\OAS2_0103\OAS2_0103_slice_20_z178.png,Very_Mild_Dementia/OAS2_0103/OAS2_0103_slice_20_z178.png,Very Mild Dementia/OAS2_0103/OAS2_0103_slice_20_z178.png,OAS2_0103,Very Mild Dementia,1,0,Non-Demented,0,0.35831694537922176,0.3303584080862882,0.3113246465344899,0.0
OASIS_2,RandomForest,101,test,gaussian_blur__mild,gaussian_blur,mild,D:\OASIS_2\distortions_128\gaussian_blur\mild\Very_Mild_Dementia\OAS2_0176\OAS2_0176_slice_01_z077.png,Very_Mild_Dementia/OAS2_0176/OAS2_0176_slice_01_z077.png,Very Mild Dementia/OAS2_0176/OAS2_0176_slice_01_z077.png,OAS2_0176,Very Mild Dementia,1,2,Mild Dementia,0,0.3196967931548738,0.2639150308336642,0.3730548426781287,0.043333333333333335
OASIS_2,RandomForest,101,test,gaussian_blur__mild,gaussian_blur,mild,D:\OASIS_2\distortions_128\gaussian_blur\mild\Very_Mild_Dementia\OAS2_0176\OAS2_0176_slice_02_z082.png,Very_Mild_Dementia/OAS2_0176/OAS2_0176_slice_02_z082.png,Very Mild Dementia/OAS2_0176/OAS2_0176_slice_02_z082.png,OAS2_0176,Very Mild Dementia,1,0,Non-Demented,0,0.35982183295173586,0.30216376714063725,0.31468106657429334,0.023333333333333334
OASIS_2,RandomForest,101,test,gaussian_blur__mild,gaussian_blur,mild,D:\OASIS_2\distortions_128\gaussian_blur\mild\Very_Mild_Dementia\OAS2_0176\OAS2_0176_slice_03_z088.png,Very_Mild_Dementia/OAS2_0176/OAS2_0176_slice_03_z088.png,Very Mild Dementia/OAS2_0176/OAS2_0176_slice_03_z088.png,OAS2_0176,Very Mild Dementia,1,0,Non-Demented,0,0.3961786472357658,0.30721291783676347,0.2732751015941371,0.023333333333333334
OASIS_2,RandomForest,101,test,gaussian_blur__mild,gaussian_blur,mild,D:\OASIS_2\distortions_128\gaussian_blur\mild\Very_Mild_Dementia\OAS2_0176\OAS2_0176_slice_04_z093.png,Very_Mild_Dementia/OAS2_0176/OAS2_0176_slice_04_z093.png,Very Mild Dementia/OAS2_0176/OAS2_0176_slice_04_z093.png,OAS2_0176,Very Mild Dementia,1,0,Non-Demented,0,0.35355212967567706,0.3082472499370371,0.2982006203872856,0.04
OASIS_2,RandomForest,101,test,gaussian_blur__mild,gaussian_blur,mild,D:\OASIS_2\distortions_128\gaussian_blur\mild\Very_Mild_Dementia\OAS2_0176\OAS2_0176_slice_05_z098.png,Very_Mild_Dementia/OAS2_0176/OAS2_0176_slice_05_z098.png,Very Mild Dementia/OAS2_0176/OAS2_0176_slice_05_z098.png,OAS2_0176,Very Mild Dementia,1,0,Non-Demented,0,0.37371973392306396,0.2613439551440711,0.3349363109328647,0.03
OASIS_2,RandomForest,101,test,gaussian_blur__mild,gaussian_blur,mild,D:\OASIS_2\distortions_128\gaussian_blur\mild\Very_Mild_Dementia\OAS2_0176\OAS2_0176_slice_06_z104.png,Very_Mild_Dementia/OAS2_0176/OAS2_0176_slice_06_z104.png,Very Mild Dementia/OAS2_0176/OAS2_0176_slice_06_z104.png,OAS2_0176,Very Mild Dementia,1,0,Non-Demented,0,0.362369853566105,0.2940765417456267,0.2835536046882683,0.06
OASIS_2,RandomForest,101,test,gaussian_blur__mild,gaussian_blur,mild,D:\OASIS_2\distortions_128\gaussian_blur\mild\Very_Mild_Dementia\OAS2_0176\OAS2_0176_slice_07_z109.png,Very_Mild_Dementia/OAS2_0176/OAS2_0176_slice_07_z109.png,Very Mild Dementia/OAS2_0176/OAS2_0176_slice_07_z109.png,OAS2_0176,Very Mild Dementia,1,0,Non-Demented,0,0.39892467113877866,0.3048298988396032,0.25957876335495145,0.03666666666666667
OASIS_2,RandomForest,101,test,gaussian_blur__mild,gaussian_blur,mild,D:\OASIS_2\distortions_128\gaussian_blur\mild\Very_Mild_Dementia\OAS2_0176\OAS2_0176_slice_08_z114.png,Very_Mild_Dementia/OAS2_0176/OAS2_0176_slice_08_z114.png,Very Mild Dementia/OAS2_0176/OAS2_0176_slice_08_z114.png,OAS2_0176,Very Mild Dementia,1,0,Non-Demented,0,0.39780313169503195,0.30331184642066283,0.26221835521763853,0.03666666666666667
OASIS_2,RandomForest,101,test,gaussian_blur__mild,gaussian_blur,mild,D:\OASIS_2\distortions_128\gaussian_blur\mild\Very_Mild_Dementia\OAS2_0176\OAS2_0176_slice_09_z120.png,Very_Mild_Dementia/OAS2_0176/OAS2_0176_slice_09_z120.png,Very Mild Dementia/OAS2_0176/OAS2_0176_slice_09_z120.png,OAS2_0176,Very Mild Dementia,1,0,Non-Demented,0,0.4401350157710483,0.28608618188473867,0.2404454690108798,0.03333333333333333
OASIS_2,RandomForest,101,test,gaussian_blur__mild,gaussian_blur,mild,D:\OASIS_2\distortions_128\gaussian_blur\mild\Very_Mild_Dementia\OAS2_0176\OAS2_0176_slice_10_z125.png,Very_Mild_Dementia/OAS2_0176/OAS2_0176_slice_10_z125.png,Very Mild Dementia/OAS2_0176/OAS2_0176_slice_10_z125.png,OAS2_0176,Very Mild Dementia,1,0,Non-Demented,0,0.4602472819816585,0.26015289882018694,0.24959981919815433,0.03
OASIS_2,RandomForest,101,test,gaussian_blur__mild,gaussian_blur,mild,D:\OASIS_2\distortions_128\gaussian_blur\mild\Very_Mild_Dementia\OAS2_0176\OAS2_0176_slice_11_z130.png,Very_Mild_Dementia/OAS2_0176/OAS2_0176_slice_11_z130.png,Very Mild Dementia/OAS2_0176/OAS2_0176_slice_11_z130.png,OAS2_0176,Very Mild Dementia,1,0,Non-Demented,0,0.45170232948312644,0.2643371997869051,0.24729380406330165,0.03666666666666667
OASIS_2,RandomForest,101,test,gaussian_blur__mild,gaussian_blur,mild,D:\OASIS_2\distortions_128\gaussian_blur\mild\Very_Mild_Dementia\OAS2_0176\OAS2_0176_slice_12_z135.png,Very_Mild_Dementia/OAS2_0176/OAS2_0176_slice_12_z135.png,Very Mild Dementia/OAS2_0176/OAS2_0176_slice_12_z135.png,OAS2_0176,Very Mild Dementia,1,0,Non-Demented,0,0.4443017276701448,0.2823666065037411,0.2166649991594475,0.056666666666666664
OASIS_2,RandomForest,101,test,gaussian_blur__mild,gaussian_blur,mild,D:\OASIS_2\distortions_128\gaussian_blur\mild\Very_Mild_Dementia\OAS2_0176\OAS2_0176_slice_13_z141.png,Very_Mild_Dementia/OAS2_0176/OAS2_0176_slice_13_z141.png,Very Mild Dementia/OAS2_0176/OAS2_0176_slice_13_z141.png,OAS2_0176,Very Mild Dementia,1,0,Non-Demented,0,0.45978277006877694,0.24498239572491273,0.24190150087297685,0.05333333333333334
OASIS_2,RandomForest,101,test,gaussian_blur__mild,gaussian_blur,mild,D:\OASIS_2\distortions_128\gaussian_blur\mild\Very_Mild_Dementia\OAS2_0176\OAS2_0176_slice_14_z146.png,Very_Mild_Dementia/OAS2_0176/OAS2_0176_slice_14_z146.png,Very Mild Dementia/OAS2_0176/OAS2_0176_slice_14_z146.png,OAS2_0176,Very Mild Dementia,1,0,Non-Demented,0,0.4645279266483453,0.24277230874856756,0.24269976460308704,0.05
OASIS_2,RandomForest,101,test,gaussian_blur__mild,gaussian_blur,mild,D:\OASIS_2\distortions_128\gaussian_blur\mild\Very_Mild_Dementia\OAS2_0176\OAS2_0176_slice_15_z151.png,Very_Mild_Dementia/OAS2_0176/OAS2_0176_slice_15_z151.png,Very Mild Dementia/OAS2_0176/OAS2_0176_slice_15_z151.png,OAS2_0176,Very Mild Dementia,1,0,Non-Demented,0,0.3775927051276016,0.28353226027044587,0.2655417012686191,0.07333333333333333
OASIS_2,RandomForest,101,test,gaussian_blur__mild,gaussian_blur,mild,D:\OASIS_2\distortions_128\gaussian_blur\mild\Very_Mild_Dementia\OAS2_0176\OAS2_0176_slice_16_z157.png,Very_Mild_Dementia/OAS2_0176/OAS2_0176_slice_16_z157.png,Very Mild Dementia/OAS2_0176/OAS2_0176_slice_16_z157.png,OAS2_0176,Very Mild Dementia,1,0,Non-Demented,0,0.3782702229323836,0.31018165208847603,0.2615481249791403,0.05
OASIS_2,RandomForest,101,test,gaussian_blur__mild,gaussian_blur,mild,D:\OASIS_2\distortions_128\gaussian_blur\mild\Very_Mild_Dementia\OAS2_0176\OAS2_0176_slice_17_z162.png,Very_Mild_Dementia/OAS2_0176/OAS2_0176_slice_17_z162.png,Very Mild Dementia/OAS2_0176/OAS2_0176_slice_17_z162.png,OAS2_0176,Very Mild Dementia,1,0,Non-Demented,0,0.3740763890292452,0.3277929160730478,0.23146402823104026,0.06666666666666667
OASIS_2,RandomForest,101,test,gaussian_blur__mild,gaussian_blur,mild,D:\OASIS_2\distortions_128\gaussian_blur\mild\Very_Mild_Dementia\OAS2_0176\OAS2_0176_slice_18_z167.png,Very_Mild_Dementia/OAS2_0176/OAS2_0176_slice_18_z167.png,Very Mild Dementia/OAS2_0176/OAS2_0176_slice_18_z167.png,OAS2_0176,Very Mild Dementia,1,0,Non-Demented,0,0.39903397221094233,0.31538509499913614,0.23558093278992132,0.05
OASIS_2,RandomForest,101,test,gaussian_blur__mild,gaussian_blur,mild,D:\OASIS_2\distortions_128\gaussian_blur\mild\Very_Mild_Dementia\OAS2_0176\OAS2_0176_slice_19_z173.png,Very_Mild_Dementia/OAS2_0176/OAS2_0176_slice_19_z173.png,Very Mild Dementia/OAS2_0176/OAS2_0176_slice_19_z173.png,OAS2_0176,Very Mild Dementia,1,1,Very Mild Dementia,1,0.3472557430792651,0.3560480675440323,0.25336285604336933,0.043333333333333335
OASIS_2,RandomForest,101,test,gaussian_blur__mild,gaussian_blur,mild,D:\OASIS_2\distortions_128\gaussian_blur\mild\Very_Mild_Dementia\OAS2_0176\OAS2_0176_slice_20_z178.png,Very_Mild_Dementia/OAS2_0176/OAS2_0176_slice_20_z178.png,Very Mild Dementia/OAS2_0176/OAS2_0176_slice_20_z178.png,OAS2_0176,Very Mild Dementia,1,1,Very Mild Dementia,1,0.29190100858111395,0.3484881854115141,0.3029441393407053,0.056666666666666664
