dataset,model,seed,split,condition,distortion,severity,file_path,relative_path,sample_key,subject_id,class_name,y_true,y_pred,pred_class_name,correct,score_nondemented,score_verymilddementia,score_milddementia,score_moderatedementia
OASIS_2,RandomForest,101,test,rotation__mild,rotation,mild,D:\OASIS_2\distortions_128\rotation\mild\Mild_Dementia\OAS2_0014\OAS2_0014_slice_01_z077.png,Mild_Dementia/OAS2_0014/OAS2_0014_slice_01_z077.png,Mild Dementia/OAS2_0014/OAS2_0014_slice_01_z077.png,OAS2_0014,Mild Dementia,2,0,Non-Demented,0,0.397571723593545,0.30135693245084916,0.2744046772889391,0.02666666666666667
OASIS_2,RandomForest,101,test,rotation__mild,rotation,mild,D:\OASIS_2\distortions_128\rotation\mild\Mild_Dementia\OAS2_0014\OAS2_0014_slice_02_z082.png,Mild_Dementia/OAS2_0014/OAS2_0014_slice_02_z082.png,Mild Dementia/OAS2_0014/OAS2_0014_slice_02_z082.png,OAS2_0014,Mild Dementia,2,0,Non-Demented,0,0.4332578349289387,0.32610122844133543,0.22064093662972586,0.02
OASIS_2,RandomForest,101,test,rotation__mild,rotation,mild,D:\OASIS_2\distortions_128\rotation\mild\Mild_Dementia\OAS2_0014\OAS2_0014_slice_03_z088.png,Mild_Dementia/OAS2_0014/OAS2_0014_slice_03_z088.png,Mild Dementia/OAS2_0014/OAS2_0014_slice_03_z088.png,OAS2_0014,Mild Dementia,2,0,Non-Demented,0,0.41541944107340173,0.32967393560066427,0.23157328999260063,0.023333333333333334
OASIS_2,RandomForest,101,test,rotation__mild,rotation,mild,D:\OASIS_2\distortions_128\rotation\mild\Mild_Dementia\OAS2_0014\OAS2_0014_slice_04_z093.png,Mild_Dementia/OAS2_0014/OAS2_0014_slice_04_z093.png,Mild Dementia/OAS2_0014/OAS2_0014_slice_04_z093.png,OAS2_0014,Mild Dementia,2,0,Non-Demented,0,0.5260929304616165,0.2989233353287529,0.1449837342096305,0.03
OASIS_2,RandomForest,101,test,rotation__mild,rotation,mild,D:\OASIS_2\distortions_128\rotation\mild\Mild_Dementia\OAS2_0014\OAS2_0014_slice_05_z098.png,Mild_Dementia/OAS2_0014/OAS2_0014_slice_05_z098.png,Mild Dementia/OAS2_0014/OAS2_0014_slice_05_z098.png,OAS2_0014,Mild Dementia,2,0,Non-Demented,0,0.4971445200447212,0.2824312909269106,0.16375752236170166,0.056666666666666664
OASIS_2,RandomForest,101,test,rotation__mild,rotation,mild,D:\OASIS_2\distortions_128\rotation\mild\Mild_Dementia\OAS2_0014\OAS2_0014_slice_06_z104.png,Mild_Dementia/OAS2_0014/OAS2_0014_slice_06_z104.png,Mild Dementia/OAS2_0014/OAS2_0014_slice_06_z104.png,OAS2_0014,Mild Dementia,2,0,Non-Demented,0,0.5021697009574789,0.27013065008045617,0.22103298229539856,0.006666666666666667
OASIS_2,RandomForest,101,test,rotation__mild,rotation,mild,D:\OASIS_2\distortions_128\rotation\mild\Mild_Dementia\OAS2_0014\OAS2_0014_slice_07_z109.png,Mild_Dementia/OAS2_0014/OAS2_0014_slice_07_z109.png,Mild Dementia/OAS2_0014/OAS2_0014_slice_07_z109.png,OAS2_0014,Mild Dementia,2,0,Non-Demented,0,0.4595664461892159,0.27069519678439474,0.22640502369305604,0.043333333333333335
OASIS_2,RandomForest,101,test,rotation__mild,rotation,mild,D:\OASIS_2\distortions_128\rotation\mild\Mild_Dementia\OAS2_0014\OAS2_0014_slice_08_z114.png,Mild_Dementia/OAS2_0014/OAS2_0014_slice_08_z114.png,Mild Dementia/OAS2_0014/OAS2_0014_slice_08_z114.png,OAS2_0014,Mild Dementia,2,0,Non-Demented,0,0.4993655369199377,0.2452180703390371,0.24541639274102517,0.01
OASIS_2,RandomForest,101,test,rotation__mild,rotation,mild,D:\OASIS_2\distortions_128\rotation\mild\Mild_Dementia\OAS2_0014\OAS2_0014_slice_09_z120.png,Mild_Dementia/OAS2_0014/OAS2_0014_slice_09_z120.png,Mild Dementia/OAS2_0014/OAS2_0014_slice_09_z120.png,OAS2_0014,Mild Dementia,2,0,Non-Demented,0,0.4887635031463782,0.25000493693752046,0.2545648932494349,0.006666666666666667
OASIS_2,RandomForest,101,test,rotation__mild,rotation,mild,D:\OASIS_2\distortions_128\rotation\mild\Mild_Dementia\OAS2_0014\OAS2_0014_slice_10_z125.png,Mild_Dementia/OAS2_0014/OAS2_0014_slice_10_z125.png,Mild Dementia/OAS2_0014/OAS2_0014_slice_10_z125.png,OAS2_0014,Mild Dementia,2,0,Non-Demented,0,0.47046746137755285,0.2619362738204172,0.26092959813536337,0.006666666666666667
OASIS_2,RandomForest,101,test,rotation__mild,rotation,mild,D:\OASIS_2\distortions_128\rotation\mild\Mild_Dementia\OAS2_0014\OAS2_0014_slice_11_z130.png,Mild_Dementia/OAS2_0014/OAS2_0014_slice_11_z130.png,Mild Dementia/OAS2_0014/OAS2_0014_slice_11_z130.png,OAS2_0014,Mild Dementia,2,0,Non-Demented,0,0.37733289144431215,0.2625647592629448,0.35343568262607644,0.006666666666666667
OASIS_2,RandomForest,101,test,rotation__mild,rotation,mild,D:\OASIS_2\distortions_128\rotation\mild\Mild_Dementia\OAS2_0014\OAS2_0014_slice_12_z135.png,Mild_Dementia/OAS2_0014/OAS2_0014_slice_12_z135.png,Mild Dementia/OAS2_0014/OAS2_0014_slice_12_z135.png,OAS2_0014,Mild Dementia,2,0,Non-Demented,0,0.40451215580654337,0.2709231757129942,0.3178980018137956,0.006666666666666667
OASIS_2,RandomForest,101,test,rotation__mild,rotation,mild,D:\OASIS_2\distortions_128\rotation\mild\Mild_Dementia\OAS2_0014\OAS2_0014_slice_13_z141.png,Mild_Dementia/OAS2_0014/OAS2_0014_slice_13_z141.png,Mild Dementia/OAS2_0014/OAS2_0014_slice_13_z141.png,OAS2_0014,Mild Dementia,2,0,Non-Demented,0,0.4145679314127279,0.3126307537008224,0.26613464821978283,0.006666666666666667
OASIS_2,RandomForest,101,test,rotation__mild,rotation,mild,D:\OASIS_2\distortions_128\rotation\mild\Mild_Dementia\OAS2_0014\OAS2_0014_slice_14_z146.png,Mild_Dementia/OAS2_0014/OAS2_0014_slice_14_z146.png,Mild Dementia/OAS2_0014/OAS2_0014_slice_14_z146.png,OAS2_0014,Mild Dementia,2,0,Non-Demented,0,0.41468924366202464,0.3116440548461352,0.2636667014918404,0.01
OASIS_2,RandomForest,101,test,rotation__mild,rotation,mild,D:\OASIS_2\distortions_128\rotation\mild\Mild_Dementia\OAS2_0014\OAS2_0014_slice_15_z151.png,Mild_Dementia/OAS2_0014/OAS2_0014_slice_15_z151.png,Mild Dementia/OAS2_0014/OAS2_0014_slice_15_z151.png,OAS2_0014,Mild Dementia,2,0,Non-Demented,0,0.4528779658526283,0.31752812473463016,0.22626057607940808,0.0033333333333333335
OASIS_2,RandomForest,101,test,rotation__mild,rotation,mild,D:\OASIS_2\distortions_128\rotation\mild\Mild_Dementia\OAS2_0014\OAS2_0014_slice_16_z157.png,Mild_Dementia/OAS2_0014/OAS2_0014_slice_16_z157.png,Mild Dementia/OAS2_0014/OAS2_0014_slice_16_z157.png,OAS2_0014,Mild Dementia,2,0,Non-Demented,0,0.4683540873075832,0.30149908896832195,0.23014682372409528,0.0
OASIS_2,RandomForest,101,test,rotation__mild,rotation,mild,D:\OASIS_2\distortions_128\rotation\mild\Mild_Dementia\OAS2_0014\OAS2_0014_slice_17_z162.png,Mild_Dementia/OAS2_0014/OAS2_0014_slice_17_z162.png,Mild Dementia/OAS2_0014/OAS2_0014_slice_17_z162.png,OAS2_0014,Mild Dementia,2,0,Non-Demented,0,0.4731194967022139,0.303016789411228,0.22386371388655837,0.0
OASIS_2,RandomForest,101,test,rotation__mild,rotation,mild,D:\OASIS_2\distortions_128\rotation\mild\Mild_Dementia\OAS2_0014\OAS2_0014_slice_18_z167.png,Mild_Dementia/OAS2_0014/OAS2_0014_slice_18_z167.png,Mild Dementia/OAS2_0014/OAS2_0014_slice_18_z167.png,OAS2_0014,Mild Dementia,2,0,Non-Demented,0,0.4934497338796341,0.2739243066240776,0.2292926261629554,0.0033333333333333335
OASIS_2,RandomForest,101,test,rotation__mild,rotation,mild,D:\OASIS_2\distortions_128\rotation\mild\Mild_Dementia\OAS2_0014\OAS2_0014_slice_19_z173.png,Mild_Dementia/OAS2_0014/OAS2_0014_slice_19_z173.png,Mild Dementia/OAS2_0014/OAS2_0014_slice_19_z173.png,OAS2_0014,Mild Dementia,2,0,Non-Demented,0,0.5010741454411325,0.30231623243625594,0.19660962212261066,0.0
OASIS_2,RandomForest,101,test,rotation__mild,rotation,mild,D:\OASIS_2\distortions_128\rotation\mild\Mild_Dementia\OAS2_0014\OAS2_0014_slice_20_z178.png,Mild_Dementia/OAS2_0014/OAS2_0014_slice_20_z178.png,Mild Dementia/OAS2_0014/OAS2_0014_slice_20_z178.png,OAS2_0014,Mild Dementia,2,0,Non-Demented,0,0.48775170651486977,0.29114538824803915,0.22110290523709134,0.0
OASIS_2,RandomForest,101,test,rotation__mild,rotation,mild,D:\OASIS_2\distortions_128\rotation\mild\Mild_Dementia\OAS2_0050\OAS2_0050_slice_01_z077.png,Mild_Dementia/OAS2_0050/OAS2_0050_slice_01_z077.png,Mild Dementia/OAS2_0050/OAS2_0050_slice_01_z077.png,OAS2_0050,Mild Dementia,2,1,Very Mild Dementia,0,0.3444257459937573,0.3774705186162899,0.27143706872328616,0.006666666666666667
OASIS_2,RandomForest,101,test,rotation__mild,rotation,mild,D:\OASIS_2\distortions_128\rotation\mild\Mild_Dementia\OAS2_0050\OAS2_0050_slice_02_z082.png,Mild_Dementia/OAS2_0050/OAS2_0050_slice_02_z082.png,Mild Dementia/OAS2_0050/OAS2_0050_slice_02_z082.png,OAS2_0050,Mild Dementia,2,0,Non-Demented,0,0.3547847981007643,0.33637047864171327,0.30217805659085595,0.006666666666666667
OASIS_2,RandomForest,101,test,rotation__mild,rotation,mild,D:\OASIS_2\distortions_128\rotation\mild\Mild_Dementia\OAS2_0050\OAS2_0050_slice_03_z088.png,Mild_Dementia/OAS2_0050/OAS2_0050_slice_03_z088.png,Mild Dementia/OAS2_0050/OAS2_0050_slice_03_z088.png,OAS2_0050,Mild Dementia,2,1,Very Mild Dementia,0,0.3335618910271924,0.39122895825191667,0.2618758173875576,0.013333333333333334
OASIS_2,RandomForest,101,test,rotation__mild,rotation,mild,D:\OASIS_2\distortions_128\rotation\mild\Mild_Dementia\OAS2_0050\OAS2_0050_slice_04_z093.png,Mild_Dementia/OAS2_0050/OAS2_0050_slice_04_z093.png,Mild Dementia/OAS2_0050/OAS2_0050_slice_04_z093.png,OAS2_0050,Mild Dementia,2,1,Very Mild Dementia,0,0.3276203399868861,0.3443604245088198,0.3046859021709608,0.023333333333333334
OASIS_2,RandomForest,101,test,rotation__mild,rotation,mild,D:\OASIS_2\distortions_128\rotation\mild\Mild_Dementia\OAS2_0050\OAS2_0050_slice_05_z098.png,Mild_Dementia/OAS2_0050/OAS2_0050_slice_05_z098.png,Mild Dementia/OAS2_0050/OAS2_0050_slice_05_z098.png,OAS2_0050,Mild Dementia,2,1,Very Mild Dementia,0,0.32130880538826895,0.36052981829569325,0.3148280429827042,0.0033333333333333335
OASIS_2,RandomForest,101,test,rotation__mild,rotation,mild,D:\OASIS_2\distortions_128\rotation\mild\Mild_Dementia\OAS2_0050\OAS2_0050_slice_06_z104.png,Mild_Dementia/OAS2_0050/OAS2_0050_slice_06_z104.png,Mild Dementia/OAS2_0050/OAS2_0050_slice_06_z104.png,OAS2_0050,Mild Dementia,2,1,Very Mild Dementia,0,0.31297010714076057,0.35072442898305667,0.3296387972095162,0.006666666666666667
OASIS_2,RandomForest,101,test,rotation__mild,rotation,mild,D:\OASIS_2\distortions_128\rotation\mild\Mild_Dementia\OAS2_0050\OAS2_0050_slice_07_z109.png,Mild_Dementia/OAS2_0050/OAS2_0050_slice_07_z109.png,Mild Dementia/OAS2_0050/OAS2_0050_slice_07_z109.png,OAS2_0050,Mild Dementia,2,1,Very Mild Dementia,0,0.3261063563945957,0.34687721429625623,0.31701642930914775,0.01
OASIS_2,RandomForest,101,test,rotation__mild,rotation,mild,D:\OASIS_2\distortions_128\rotation\mild\Mild_Dementia\OAS2_0050\OAS2_0050_slice_08_z114.png,Mild_Dementia/OAS2_0050/OAS2_0050_slice_08_z114.png,Mild Dementia/OAS2_0050/OAS2_0050_slice_08_z114.png,OAS2_0050,Mild Dementia,2,0,Non-Demented,0,0.39081511697862203,0.344037059898336,0.24848115645637517,0.016666666666666666
OASIS_2,RandomForest,101,test,rotation__mild,rotation,mild,D:\OASIS_2\distortions_128\rotation\mild\Mild_Dementia\OAS2_0050\OAS2_0050_slice_09_z120.png,Mild_Dementia/OAS2_0050/OAS2_0050_slice_09_z120.png,Mild Dementia/OAS2_0050/OAS2_0050_slice_09_z120.png,OAS2_0050,Mild Dementia,2,0,Non-Demented,0,0.4084850880482641,0.32374139281471376,0.24777351913702209,0.02
OASIS_2,RandomForest,101,test,rotation__mild,rotation,mild,D:\OASIS_2\distortions_128\rotation\mild\Mild_Dementia\OAS2_0050\OAS2_0050_slice_10_z125.png,Mild_Dementia/OAS2_0050/OAS2_0050_slice_10_z125.png,Mild Dementia/OAS2_0050/OAS2_0050_slice_10_z125.png,OAS2_0050,Mild Dementia,2,0,Non-Demented,0,0.3954428112933033,0.26873927470003706,0.3324845806733262,0.0033333333333333335
OASIS_2,RandomForest,101,test,rotation__mild,rotation,mild,D:\OASIS_2\distortions_128\rotation\mild\Mild_Dementia\OAS2_0050\OAS2_0050_slice_11_z130.png,Mild_Dementia/OAS2_0050/OAS2_0050_slice_11_z130.png,Mild Dementia/OAS2_0050/OAS2_0050_slice_11_z130.png,OAS2_0050,Mild Dementia,2,0,Non-Demented,0,0.41728592324981517,0.33640856809199293,0.23630550865819203,0.01
OASIS_2,RandomForest,101,test,rotation__mild,rotation,mild,D:\OASIS_2\distortions_128\rotation\mild\Mild_Dementia\OAS2_0050\OAS2_0050_slice_12_z135.png,Mild_Dementia/OAS2_0050/OAS2_0050_slice_12_z135.png,Mild Dementia/OAS2_0050/OAS2_0050_slice_12_z135.png,OAS2_0050,Mild Dementia,2,0,Non-Demented,0,0.46302770071141747,0.2613146840862869,0.2723242818689623,0.0033333333333333335
OASIS_2,RandomForest,101,test,rotation__mild,rotation,mild,D:\OASIS_2\distortions_128\rotation\mild\Mild_Dementia\OAS2_0050\OAS2_0050_slice_13_z141.png,Mild_Dementia/OAS2_0050/OAS2_0050_slice_13_z141.png,Mild Dementia/OAS2_0050/OAS2_0050_slice_13_z141.png,OAS2_0050,Mild Dementia,2,0,Non-Demented,0,0.5385161597360574,0.24527105296225457,0.2162127873016881,0.0
OASIS_2,RandomForest,101,test,rotation__mild,rotation,mild,D:\OASIS_2\distortions_128\rotation\mild\Mild_Dementia\OAS2_0050\OAS2_0050_slice_14_z146.png,Mild_Dementia/OAS2_0050/OAS2_0050_slice_14_z146.png,Mild Dementia/OAS2_0050/OAS2_0050_slice_14_z146.png,OAS2_0050,Mild Dementia,2,0,Non-Demented,0,0.5284057181271761,0.2332927947681544,0.23830148710466947,0.0
OASIS_2,RandomForest,101,test,rotation__mild,rotation,mild,D:\OASIS_2\distortions_128\rotation\mild\Mild_Dementia\OAS2_0050\OAS2_0050_slice_15_z151.png,Mild_Dementia/OAS2_0050/OAS2_0050_slice_15_z151.png,Mild Dementia/OAS2_0050/OAS2_0050_slice_15_z151.png,OAS2_0050,Mild Dementia,2,0,Non-Demented,0,0.39558755224156383,0.35705735685888956,0.2440217575662132,0.0033333333333333335
OASIS_2,RandomForest,101,test,rotation__mild,rotation,mild,D:\OASIS_2\distortions_128\rotation\mild\Mild_Dementia\OAS2_0050\OAS2_0050_slice_16_z157.png,Mild_Dementia/OAS2_0050/OAS2_0050_slice_16_z157.png,Mild Dementia/OAS2_0050/OAS2_0050_slice_16_z157.png,OAS2_0050,Mild Dementia,2,0,Non-Demented,0,0.47302177558179836,0.2681344020738455,0.2588438223443562,0.0
OASIS_2,RandomForest,101,test,rotation__mild,rotation,mild,D:\OASIS_2\distortions_128\rotation\mild\Mild_Dementia\OAS2_0050\OAS2_0050_slice_17_z162.png,Mild_Dementia/OAS2_0050/OAS2_0050_slice_17_z162.png,Mild Dementia/OAS2_0050/OAS2_0050_slice_17_z162.png,OAS2_0050,Mild Dementia,2,0,Non-Demented,0,0.3999566865547394,0.379767182188878,0.21027613125638253,0.01
OASIS_2,RandomForest,101,test,rotation__mild,rotation,mild,D:\OASIS_2\distortions_128\rotation\mild\Mild_Dementia\OAS2_0050\OAS2_0050_slice_18_z167.png,Mild_Dementia/OAS2_0050/OAS2_0050_slice_18_z167.png,Mild Dementia/OAS2_0050/OAS2_0050_slice_18_z167.png,OAS2_0050,Mild Dementia,2,0,Non-Demented,0,0.44428354934934067,0.3258793985928766,0.22983705205778265,0.0
OASIS_2,RandomForest,101,test,rotation__mild,rotation,mild,D:\OASIS_2\distortions_128\rotation\mild\Mild_Dementia\OAS2_0050\OAS2_0050_slice_19_z173.png,Mild_Dementia/OAS2_0050/OAS2_0050_slice_19_z173.png,Mild Dementia/OAS2_0050/OAS2_0050_slice_19_z173.png,OAS2_0050,Mild Dementia,2,0,Non-Demented,0,0.41404316173077194,0.35463525148152863,0.22465492012103255,0.006666666666666667
OASIS_2,RandomForest,101,test,rotation__mild,rotation,mild,D:\OASIS_2\distortions_128\rotation\mild\Mild_Dementia\OAS2_0050\OAS2_0050_slice_20_z178.png,Mild_Dementia/OAS2_0050/OAS2_0050_slice_20_z178.png,Mild Dementia/OAS2_0050/OAS2_0050_slice_20_z178.png,OAS2_0050,Mild Dementia,2,0,Non-Demented,0,0.4484192503345838,0.34532575056308373,0.202921665768999,0.0033333333333333335
OASIS_2,RandomForest,101,test,rotation__mild,rotation,mild,D:\OASIS_2\distortions_128\rotation\mild\Mild_Dementia\OAS2_0114\OAS2_0114_slice_01_z077.png,Mild_Dementia/OAS2_0114/OAS2_0114_slice_01_z077.png,Mild Dementia/OAS2_0114/OAS2_0114_slice_01_z077.png,OAS2_0114,Mild Dementia,2,0,Non-Demented,0,0.40823828975395754,0.3370591730407506,0.14136920387195845,0.11333333333333333
OASIS_2,RandomForest,101,test,rotation__mild,rotation,mild,D:\OASIS_2\distortions_128\rotation\mild\Mild_Dementia\OAS2_0114\OAS2_0114_slice_02_z082.png,Mild_Dementia/OAS2_0114/OAS2_0114_slice_02_z082.png,Mild Dementia/OAS2_0114/OAS2_0114_slice_02_z082.png,OAS2_0114,Mild Dementia,2,0,Non-Demented,0,0.4113641709140732,0.28102890214780873,0.26094026027145134,0.04666666666666667
OASIS_2,RandomForest,101,test,rotation__mild,rotation,mild,D:\OASIS_2\distortions_128\rotation\mild\Mild_Dementia\OAS2_0114\OAS2_0114_slice_03_z088.png,Mild_Dementia/OAS2_0114/OAS2_0114_slice_03_z088.png,Mild Dementia/OAS2_0114/OAS2_0114_slice_03_z088.png,OAS2_0114,Mild Dementia,2,0,Non-Demented,0,0.4476678845400993,0.2597429440684344,0.27592250472479973,0.016666666666666666
OASIS_2,RandomForest,101,test,rotation__mild,rotation,mild,D:\OASIS_2\distortions_128\rotation\mild\Mild_Dementia\OAS2_0114\OAS2_0114_slice_04_z093.png,Mild_Dementia/OAS2_0114/OAS2_0114_slice_04_z093.png,Mild Dementia/OAS2_0114/OAS2_0114_slice_04_z093.png,OAS2_0114,Mild Dementia,2,0,Non-Demented,0,0.4933667096908179,0.24788731055152013,0.24874597975766216,0.01
OASIS_2,RandomForest,101,test,rotation__mild,rotation,mild,D:\OASIS_2\distortions_128\rotation\mild\Mild_Dementia\OAS2_0114\OAS2_0114_slice_05_z098.png,Mild_Dementia/OAS2_0114/OAS2_0114_slice_05_z098.png,Mild Dementia/OAS2_0114/OAS2_0114_slice_05_z098.png,OAS2_0114,Mild Dementia,2,0,Non-Demented,0,0.5452444730870774,0.22330263256596164,0.22478622768029458,0.006666666666666667
OASIS_2,RandomForest,101,test,rotation__mild,rotation,mild,D:\OASIS_2\distortions_128\rotation\mild\Mild_Dementia\OAS2_0114\OAS2_0114_slice_06_z104.png,Mild_Dementia/OAS2_0114/OAS2_0114_slice_06_z104.png,Mild Dementia/OAS2_0114/OAS2_0114_slice_06_z104.png,OAS2_0114,Mild Dementia,2,0,Non-Demented,0,0.46236324908647136,0.26961731621926194,0.2313527680276002,0.03666666666666667
OASIS_2,RandomForest,101,test,rotation__mild,rotation,mild,D:\OASIS_2\distortions_128\rotation\mild\Mild_Dementia\OAS2_0114\OAS2_0114_slice_07_z109.png,Mild_Dementia/OAS2_0114/OAS2_0114_slice_07_z109.png,Mild Dementia/OAS2_0114/OAS2_0114_slice_07_z109.png,OAS2_0114,Mild Dementia,2,0,Non-Demented,0,0.4738296341514799,0.28547167477524094,0.21069869107327938,0.03
OASIS_2,RandomForest,101,test,rotation__mild,rotation,mild,D:\OASIS_2\distortions_128\rotation\mild\Mild_Dementia\OAS2_0114\OAS2_0114_slice_08_z114.png,Mild_Dementia/OAS2_0114/OAS2_0114_slice_08_z114.png,Mild Dementia/OAS2_0114/OAS2_0114_slice_08_z114.png,OAS2_0114,Mild Dementia,2,0,Non-Demented,0,0.44321996078235476,0.2666108582753984,0.23016918094224692,0.06
OASIS_2,RandomForest,101,test,rotation__mild,rotation,mild,D:\OASIS_2\distortions_128\rotation\mild\Mild_Dementia\OAS2_0114\OAS2_0114_slice_09_z120.png,Mild_Dementia/OAS2_0114/OAS2_0114_slice_09_z120.png,Mild Dementia/OAS2_0114/OAS2_0114_slice_09_z120.png,OAS2_0114,Mild Dementia,2,0,Non-Demented,0,0.41674044747433464,0.28634193570444955,0.23358428348788227,0.06333333333333334
OASIS_2,RandomForest,101,test,rotation__mild,rotation,mild,D:\OASIS_2\distortions_128\rotation\mild\Mild_Dementia\OAS2_0114\OAS2_0114_slice_10_z125.png,Mild_Dementia/OAS2_0114/OAS2_0114_slice_10_z125.png,Mild Dementia/OAS2_0114/OAS2_0114_slice_10_z125.png,OAS2_0114,Mild Dementia,2,0,Non-Demented,0,0.41806319790194363,0.3175618464914798,0.2477082889399099,0.016666666666666666
OASIS_2,RandomForest,101,test,rotation__mild,rotation,mild,D:\OASIS_2\distortions_128\rotation\mild\Mild_Dementia\OAS2_0114\OAS2_0114_slice_11_z130.png,Mild_Dementia/OAS2_0114/OAS2_0114_slice_11_z130.png,Mild Dementia/OAS2_0114/OAS2_0114_slice_11_z130.png,OAS2_0114,Mild Dementia,2,0,Non-Demented,0,0.5349208003360744,0.24772870624371549,0.21068382675354386,0.006666666666666667
OASIS_2,RandomForest,101,test,rotation__mild,rotation,mild,D:\OASIS_2\distortions_128\rotation\mild\Mild_Dementia\OAS2_0114\OAS2_0114_slice_12_z135.png,Mild_Dementia/OAS2_0114/OAS2_0114_slice_12_z135.png,Mild Dementia/OAS2_0114/OAS2_0114_slice_12_z135.png,OAS2_0114,Mild Dementia,2,0,Non-Demented,0,0.44387826523599294,0.28076330869706395,0.2586917594002766,0.016666666666666666
OASIS_2,RandomForest,101,test,rotation__mild,rotation,mild,D:\OASIS_2\distortions_128\rotation\mild\Mild_Dementia\OAS2_0114\OAS2_0114_slice_13_z141.png,Mild_Dementia/OAS2_0114/OAS2_0114_slice_13_z141.png,Mild Dementia/OAS2_0114/OAS2_0114_slice_13_z141.png,OAS2_0114,Mild Dementia,2,0,Non-Demented,0,0.46980723193846635,0.30317898742629273,0.19368044730190798,0.03333333333333333
OASIS_2,RandomForest,101,test,rotation__mild,rotation,mild,D:\OASIS_2\distortions_128\rotation\mild\Mild_Dementia\OAS2_0114\OAS2_0114_slice_14_z146.png,Mild_Dementia/OAS2_0114/OAS2_0114_slice_14_z146.png,Mild Dementia/OAS2_0114/OAS2_0114_slice_14_z146.png,OAS2_0114,Mild Dementia,2,0,Non-Demented,0,0.4270780824900398,0.346956589551151,0.20929866129214247,0.016666666666666666
OASIS_2,RandomForest,101,test,rotation__mild,rotation,mild,D:\OASIS_2\distortions_128\rotation\mild\Mild_Dementia\OAS2_0114\OAS2_0114_slice_15_z151.png,Mild_Dementia/OAS2_0114/OAS2_0114_slice_15_z151.png,Mild Dementia/OAS2_0114/OAS2_0114_slice_15_z151.png,OAS2_0114,Mild Dementia,2,0,Non-Demented,0,0.4094561675059642,0.34995387931869054,0.2172566198420118,0.023333333333333334
OASIS_2,RandomForest,101,test,rotation__mild,rotation,mild,D:\OASIS_2\distortions_128\rotation\mild\Mild_Dementia\OAS2_0114\OAS2_0114_slice_16_z157.png,Mild_Dementia/OAS2_0114/OAS2_0114_slice_16_z157.png,Mild Dementia/OAS2_0114/OAS2_0114_slice_16_z157.png,OAS2_0114,Mild Dementia,2,0,Non-Demented,0,0.40859880084361533,0.3503151266711084,0.2110860724852762,0.03
OASIS_2,RandomForest,101,test,rotation__mild,rotation,mild,D:\OASIS_2\distortions_128\rotation\mild\Mild_Dementia\OAS2_0114\OAS2_0114_slice_17_z162.png,Mild_Dementia/OAS2_0114/OAS2_0114_slice_17_z162.png,Mild Dementia/OAS2_0114/OAS2_0114_slice_17_z162.png,OAS2_0114,Mild Dementia,2,0,Non-Demented,0,0.4279886996324696,0.3463971761557579,0.21228079087843915,0.013333333333333334
OASIS_2,RandomForest,101,test,rotation__mild,rotation,mild,D:\OASIS_2\distortions_128\rotation\mild\Mild_Dementia\OAS2_0114\OAS2_0114_slice_18_z167.png,Mild_Dementia/OAS2_0114/OAS2_0114_slice_18_z167.png,Mild Dementia/OAS2_0114/OAS2_0114_slice_18_z167.png,OAS2_0114,Mild Dementia,2,0,Non-Demented,0,0.43611914897819704,0.3367160333740391,0.21716481764776407,0.01
OASIS_2,RandomForest,101,test,rotation__mild,rotation,mild,D:\OASIS_2\distortions_128\rotation\mild\Mild_Dementia\OAS2_0114\OAS2_0114_slice_19_z173.png,Mild_Dementia/OAS2_0114/OAS2_0114_slice_19_z173.png,Mild Dementia/OAS2_0114/OAS2_0114_slice_19_z173.png,OAS2_0114,Mild Dementia,2,0,Non-Demented,0,0.39416608872594894,0.3616010074051684,0.23756623720221598,0.006666666666666667
OASIS_2,RandomForest,101,test,rotation__mild,rotation,mild,D:\OASIS_2\distortions_128\rotation\mild\Mild_Dementia\OAS2_0114\OAS2_0114_slice_20_z178.png,Mild_Dementia/OAS2_0114/OAS2_0114_slice_20_z178.png,Mild Dementia/OAS2_0114/OAS2_0114_slice_20_z178.png,OAS2_0114,Mild Dementia,2,0,Non-Demented,0,0.40981927641889326,0.34608243999324134,0.24076495025453204,0.0033333333333333335
OASIS_2,RandomForest,101,test,rotation__mild,rotation,mild,D:\OASIS_2\distortions_128\rotation\mild\Moderate_Dementia\OAS2_0120\OAS2_0120_slice_01_z077.png,Moderate_Dementia/OAS2_0120/OAS2_0120_slice_01_z077.png,Moderate Dementia/OAS2_0120/OAS2_0120_slice_01_z077.png,OAS2_0120,Moderate Dementia,3,0,Non-Demented,0,0.3967212189024929,0.31237408898663405,0.28423802544420623,0.006666666666666667
OASIS_2,RandomForest,101,test,rotation__mild,rotation,mild,D:\OASIS_2\distortions_128\rotation\mild\Moderate_Dementia\OAS2_0120\OAS2_0120_slice_02_z082.png,Moderate_Dementia/OAS2_0120/OAS2_0120_slice_02_z082.png,Moderate Dementia/OAS2_0120/OAS2_0120_slice_02_z082.png,OAS2_0120,Moderate Dementia,3,0,Non-Demented,0,0.36991389364166155,0.36145783412468974,0.26862827223364855,0.0
OASIS_2,RandomForest,101,test,rotation__mild,rotation,mild,D:\OASIS_2\distortions_128\rotation\mild\Moderate_Dementia\OAS2_0120\OAS2_0120_slice_03_z088.png,Moderate_Dementia/OAS2_0120/OAS2_0120_slice_03_z088.png,Moderate Dementia/OAS2_0120/OAS2_0120_slice_03_z088.png,OAS2_0120,Moderate Dementia,3,0,Non-Demented,0,0.3791415203794998,0.313569122167009,0.3072893574534912,0.0
OASIS_2,RandomForest,101,test,rotation__mild,rotation,mild,D:\OASIS_2\distortions_128\rotation\mild\Moderate_Dementia\OAS2_0120\OAS2_0120_slice_04_z093.png,Moderate_Dementia/OAS2_0120/OAS2_0120_slice_04_z093.png,Moderate Dementia/OAS2_0120/OAS2_0120_slice_04_z093.png,OAS2_0120,Moderate Dementia,3,0,Non-Demented,0,0.3773491225653908,0.3157034515886728,0.3069474258459364,0.0
OASIS_2,RandomForest,101,test,rotation__mild,rotation,mild,D:\OASIS_2\distortions_128\rotation\mild\Moderate_Dementia\OAS2_0120\OAS2_0120_slice_05_z098.png,Moderate_Dementia/OAS2_0120/OAS2_0120_slice_05_z098.png,Moderate Dementia/OAS2_0120/OAS2_0120_slice_05_z098.png,OAS2_0120,Moderate Dementia,3,0,Non-Demented,0,0.4569493235255782,0.2832824146924145,0.2597682617820073,0.0
OASIS_2,RandomForest,101,test,rotation__mild,rotation,mild,D:\OASIS_2\distortions_128\rotation\mild\Moderate_Dementia\OAS2_0120\OAS2_0120_slice_06_z104.png,Moderate_Dementia/OAS2_0120/OAS2_0120_slice_06_z104.png,Moderate Dementia/OAS2_0120/OAS2_0120_slice_06_z104.png,OAS2_0120,Moderate Dementia,3,0,Non-Demented,0,0.4322132971896682,0.2744340434397729,0.29335265937055865,0.0
OASIS_2,RandomForest,101,test,rotation__mild,rotation,mild,D:\OASIS_2\distortions_128\rotation\mild\Moderate_Dementia\OAS2_0120\OAS2_0120_slice_07_z109.png,Moderate_Dementia/OAS2_0120/OAS2_0120_slice_07_z109.png,Moderate Dementia/OAS2_0120/OAS2_0120_slice_07_z109.png,OAS2_0120,Moderate Dementia,3,0,Non-Demented,0,0.44481797288017494,0.2757942382871589,0.27938778883266646,0.0
OASIS_2,RandomForest,101,test,rotation__mild,rotation,mild,D:\OASIS_2\distortions_128\rotation\mild\Moderate_Dementia\OAS2_0120\OAS2_0120_slice_08_z114.png,Moderate_Dementia/OAS2_0120/OAS2_0120_slice_08_z114.png,Moderate Dementia/OAS2_0120/OAS2_0120_slice_08_z114.png,OAS2_0120,Moderate Dementia,3,0,Non-Demented,0,0.41643901413472945,0.2768556857272474,0.30670530013802316,0.0
OASIS_2,RandomForest,101,test,rotation__mild,rotation,mild,D:\OASIS_2\distortions_128\rotation\mild\Moderate_Dementia\OAS2_0120\OAS2_0120_slice_09_z120.png,Moderate_Dementia/OAS2_0120/OAS2_0120_slice_09_z120.png,Moderate Dementia/OAS2_0120/OAS2_0120_slice_09_z120.png,OAS2_0120,Moderate Dementia,3,0,Non-Demented,0,0.4344047810460195,0.28262024506430083,0.28297497388967935,0.0
OASIS_2,RandomForest,101,test,rotation__mild,rotation,mild,D:\OASIS_2\distortions_128\rotation\mild\Moderate_Dementia\OAS2_0120\OAS2_0120_slice_10_z125.png,Moderate_Dementia/OAS2_0120/OAS2_0120_slice_10_z125.png,Moderate Dementia/OAS2_0120/OAS2_0120_slice_10_z125.png,OAS2_0120,Moderate Dementia,3,0,Non-Demented,0,0.45194745383946905,0.28431285937107037,0.26373968678945997,0.0
OASIS_2,RandomForest,101,test,rotation__mild,rotation,mild,D:\OASIS_2\distortions_128\rotation\mild\Moderate_Dementia\OAS2_0120\OAS2_0120_slice_11_z130.png,Moderate_Dementia/OAS2_0120/OAS2_0120_slice_11_z130.png,Moderate Dementia/OAS2_0120/OAS2_0120_slice_11_z130.png,OAS2_0120,Moderate Dementia,3,0,Non-Demented,0,0.4555268441980877,0.27582621468355295,0.265313607785026,0.0033333333333333335
OASIS_2,RandomForest,101,test,rotation__mild,rotation,mild,D:\OASIS_2\distortions_128\rotation\mild\Moderate_Dementia\OAS2_0120\OAS2_0120_slice_12_z135.png,Moderate_Dementia/OAS2_0120/OAS2_0120_slice_12_z135.png,Moderate Dementia/OAS2_0120/OAS2_0120_slice_12_z135.png,OAS2_0120,Moderate Dementia,3,0,Non-Demented,0,0.42493901011912727,0.27564048767242355,0.2994205022084485,0.0
OASIS_2,RandomForest,101,test,rotation__mild,rotation,mild,D:\OASIS_2\distortions_128\rotation\mild\Moderate_Dementia\OAS2_0120\OAS2_0120_slice_13_z141.png,Moderate_Dementia/OAS2_0120/OAS2_0120_slice_13_z141.png,Moderate Dementia/OAS2_0120/OAS2_0120_slice_13_z141.png,OAS2_0120,Moderate Dementia,3,0,Non-Demented,0,0.530718703870728,0.19105492162602847,0.2782263745032437,0.0
OASIS_2,RandomForest,101,test,rotation__mild,rotation,mild,D:\OASIS_2\distortions_128\rotation\mild\Moderate_Dementia\OAS2_0120\OAS2_0120_slice_14_z146.png,Moderate_Dementia/OAS2_0120/OAS2_0120_slice_14_z146.png,Moderate Dementia/OAS2_0120/OAS2_0120_slice_14_z146.png,OAS2_0120,Moderate Dementia,3,0,Non-Demented,0,0.453043662398526,0.2545469749823521,0.29240936261912176,0.0
OASIS_2,RandomForest,101,test,rotation__mild,rotation,mild,D:\OASIS_2\distortions_128\rotation\mild\Moderate_Dementia\OAS2_0120\OAS2_0120_slice_15_z151.png,Moderate_Dementia/OAS2_0120/OAS2_0120_slice_15_z151.png,Moderate Dementia/OAS2_0120/OAS2_0120_slice_15_z151.png,OAS2_0120,Moderate Dementia,3,0,Non-Demented,0,0.5917099013955617,0.21428731237726661,0.19400278622717226,0.0
OASIS_2,RandomForest,101,test,rotation__mild,rotation,mild,D:\OASIS_2\distortions_128\rotation\mild\Moderate_Dementia\OAS2_0120\OAS2_0120_slice_16_z157.png,Moderate_Dementia/OAS2_0120/OAS2_0120_slice_16_z157.png,Moderate Dementia/OAS2_0120/OAS2_0120_slice_16_z157.png,OAS2_0120,Moderate Dementia,3,0,Non-Demented,0,0.6159083578424659,0.21108866484658717,0.17300297731094683,0.0
OASIS_2,RandomForest,101,test,rotation__mild,rotation,mild,D:\OASIS_2\distortions_128\rotation\mild\Moderate_Dementia\OAS2_0120\OAS2_0120_slice_17_z162.png,Moderate_Dementia/OAS2_0120/OAS2_0120_slice_17_z162.png,Moderate Dementia/OAS2_0120/OAS2_0120_slice_17_z162.png,OAS2_0120,Moderate Dementia,3,0,Non-Demented,0,0.49982525265183353,0.24894380529239607,0.25123094205577057,0.0
OASIS_2,RandomForest,101,test,rotation__mild,rotation,mild,D:\OASIS_2\distortions_128\rotation\mild\Moderate_Dementia\OAS2_0120\OAS2_0120_slice_18_z167.png,Moderate_Dementia/OAS2_0120/OAS2_0120_slice_18_z167.png,Moderate Dementia/OAS2_0120/OAS2_0120_slice_18_z167.png,OAS2_0120,Moderate Dementia,3,0,Non-Demented,0,0.5488131592140211,0.24022856436913972,0.2109582764168396,0.0
OASIS_2,RandomForest,101,test,rotation__mild,rotation,mild,D:\OASIS_2\distortions_128\rotation\mild\Moderate_Dementia\OAS2_0120\OAS2_0120_slice_19_z173.png,Moderate_Dementia/OAS2_0120/OAS2_0120_slice_19_z173.png,Moderate Dementia/OAS2_0120/OAS2_0120_slice_19_z173.png,OAS2_0120,Moderate Dementia,3,0,Non-Demented,0,0.49826228073747925,0.29071858407185397,0.21101913519066665,0.0
OASIS_2,RandomForest,101,test,rotation__mild,rotation,mild,D:\OASIS_2\distortions_128\rotation\mild\Moderate_Dementia\OAS2_0120\OAS2_0120_slice_20_z178.png,Moderate_Dementia/OAS2_0120/OAS2_0120_slice_20_z178.png,Moderate Dementia/OAS2_0120/OAS2_0120_slice_20_z178.png,OAS2_0120,Moderate Dementia,3,0,Non-Demented,0,0.43962325316300893,0.3216365746593451,0.23874017217764607,0.0
OASIS_2,RandomForest,101,test,rotation__mild,rotation,mild,D:\OASIS_2\distortions_128\rotation\mild\Non_Demented\OAS2_0004\OAS2_0004_slice_01_z077.png,Non_Demented/OAS2_0004/OAS2_0004_slice_01_z077.png,Non-Demented/OAS2_0004/OAS2_0004_slice_01_z077.png,OAS2_0004,Non-Demented,0,0,Non-Demented,1,0.37279583693070256,0.33940801826679823,0.28446281146916597,0.0033333333333333335
OASIS_2,RandomForest,101,test,rotation__mild,rotation,mild,D:\OASIS_2\distortions_128\rotation\mild\Non_Demented\OAS2_0004\OAS2_0004_slice_02_z082.png,Non_Demented/OAS2_0004/OAS2_0004_slice_02_z082.png,Non-Demented/OAS2_0004/OAS2_0004_slice_02_z082.png,OAS2_0004,Non-Demented,0,0,Non-Demented,1,0.3784059341599282,0.31720763825463727,0.29771976091876806,0.006666666666666667
OASIS_2,RandomForest,101,test,rotation__mild,rotation,mild,D:\OASIS_2\distortions_128\rotation\mild\Non_Demented\OAS2_0004\OAS2_0004_slice_03_z088.png,Non_Demented/OAS2_0004/OAS2_0004_slice_03_z088.png,Non-Demented/OAS2_0004/OAS2_0004_slice_03_z088.png,OAS2_0004,Non-Demented,0,0,Non-Demented,1,0.38265791061187754,0.310242358688814,0.30376639736597527,0.0033333333333333335
OASIS_2,RandomForest,101,test,rotation__mild,rotation,mild,D:\OASIS_2\distortions_128\rotation\mild\Non_Demented\OAS2_0004\OAS2_0004_slice_04_z093.png,Non_Demented/OAS2_0004/OAS2_0004_slice_04_z093.png,Non-Demented/OAS2_0004/OAS2_0004_slice_04_z093.png,OAS2_0004,Non-Demented,0,0,Non-Demented,1,0.37276253113470176,0.35862373232912803,0.2686137365361699,0.0
OASIS_2,RandomForest,101,test,rotation__mild,rotation,mild,D:\OASIS_2\distortions_128\rotation\mild\Non_Demented\OAS2_0004\OAS2_0004_slice_05_z098.png,Non_Demented/OAS2_0004/OAS2_0004_slice_05_z098.png,Non-Demented/OAS2_0004/OAS2_0004_slice_05_z098.png,OAS2_0004,Non-Demented,0,0,Non-Demented,1,0.3822880861163552,0.3412993851805683,0.2730791953697431,0.0033333333333333335
OASIS_2,RandomForest,101,test,rotation__mild,rotation,mild,D:\OASIS_2\distortions_128\rotation\mild\Non_Demented\OAS2_0004\OAS2_0004_slice_06_z104.png,Non_Demented/OAS2_0004/OAS2_0004_slice_06_z104.png,Non-Demented/OAS2_0004/OAS2_0004_slice_06_z104.png,OAS2_0004,Non-Demented,0,0,Non-Demented,1,0.38190958711924844,0.34189919264134777,0.2761912202394039,0.0
OASIS_2,RandomForest,101,test,rotation__mild,rotation,mild,D:\OASIS_2\distortions_128\rotation\mild\Non_Demented\OAS2_0004\OAS2_0004_slice_07_z109.png,Non_Demented/OAS2_0004/OAS2_0004_slice_07_z109.png,Non-Demented/OAS2_0004/OAS2_0004_slice_07_z109.png,OAS2_0004,Non-Demented,0,0,Non-Demented,1,0.3874761550258368,0.32198203085180327,0.29054181412235996,0.0
OASIS_2,RandomForest,101,test,rotation__mild,rotation,mild,D:\OASIS_2\distortions_128\rotation\mild\Non_Demented\OAS2_0004\OAS2_0004_slice_08_z114.png,Non_Demented/OAS2_0004/OAS2_0004_slice_08_z114.png,Non-Demented/OAS2_0004/OAS2_0004_slice_08_z114.png,OAS2_0004,Non-Demented,0,0,Non-Demented,1,0.3789676456526702,0.29136022106785014,0.3230054666128129,0.006666666666666667
OASIS_2,RandomForest,101,test,rotation__mild,rotation,mild,D:\OASIS_2\distortions_128\rotation\mild\Non_Demented\OAS2_0004\OAS2_0004_slice_09_z120.png,Non_Demented/OAS2_0004/OAS2_0004_slice_09_z120.png,Non-Demented/OAS2_0004/OAS2_0004_slice_09_z120.png,OAS2_0004,Non-Demented,0,0,Non-Demented,1,0.39070386423404047,0.2868369363728018,0.32245919939315765,0.0
OASIS_2,RandomForest,101,test,rotation__mild,rotation,mild,D:\OASIS_2\distortions_128\rotation\mild\Non_Demented\OAS2_0004\OAS2_0004_slice_10_z125.png,Non_Demented/OAS2_0004/OAS2_0004_slice_10_z125.png,Non-Demented/OAS2_0004/OAS2_0004_slice_10_z125.png,OAS2_0004,Non-Demented,0,0,Non-Demented,1,0.3800849963605559,0.2867365953612692,0.3331784082781747,0.0
OASIS_2,RandomForest,101,test,rotation__mild,rotation,mild,D:\OASIS_2\distortions_128\rotation\mild\Non_Demented\OAS2_0004\OAS2_0004_slice_11_z130.png,Non_Demented/OAS2_0004/OAS2_0004_slice_11_z130.png,Non-Demented/OAS2_0004/OAS2_0004_slice_11_z130.png,OAS2_0004,Non-Demented,0,0,Non-Demented,1,0.39059686033034047,0.3031740581879492,0.3062290814817103,0.0
OASIS_2,RandomForest,101,test,rotation__mild,rotation,mild,D:\OASIS_2\distortions_128\rotation\mild\Non_Demented\OAS2_0004\OAS2_0004_slice_12_z135.png,Non_Demented/OAS2_0004/OAS2_0004_slice_12_z135.png,Non-Demented/OAS2_0004/OAS2_0004_slice_12_z135.png,OAS2_0004,Non-Demented,0,0,Non-Demented,1,0.40371417574378365,0.3014270208835503,0.2915254700393327,0.0033333333333333335
OASIS_2,RandomForest,101,test,rotation__mild,rotation,mild,D:\OASIS_2\distortions_128\rotation\mild\Non_Demented\OAS2_0004\OAS2_0004_slice_13_z141.png,Non_Demented/OAS2_0004/OAS2_0004_slice_13_z141.png,Non-Demented/OAS2_0004/OAS2_0004_slice_13_z141.png,OAS2_0004,Non-Demented,0,0,Non-Demented,1,0.4262292665821615,0.3174997580110259,0.25627097540681293,0.0
OASIS_2,RandomForest,101,test,rotation__mild,rotation,mild,D:\OASIS_2\distortions_128\rotation\mild\Non_Demented\OAS2_0004\OAS2_0004_slice_14_z146.png,Non_Demented/OAS2_0004/OAS2_0004_slice_14_z146.png,Non-Demented/OAS2_0004/OAS2_0004_slice_14_z146.png,OAS2_0004,Non-Demented,0,0,Non-Demented,1,0.4619316196154113,0.28881301245808233,0.24925536792650665,0.0
OASIS_2,RandomForest,101,test,rotation__mild,rotation,mild,D:\OASIS_2\distortions_128\rotation\mild\Non_Demented\OAS2_0004\OAS2_0004_slice_15_z151.png,Non_Demented/OAS2_0004/OAS2_0004_slice_15_z151.png,Non-Demented/OAS2_0004/OAS2_0004_slice_15_z151.png,OAS2_0004,Non-Demented,0,0,Non-Demented,1,0.44516524309415245,0.3230195068313464,0.23181525007450124,0.0
OASIS_2,RandomForest,101,test,rotation__mild,rotation,mild,D:\OASIS_2\distortions_128\rotation\mild\Non_Demented\OAS2_0004\OAS2_0004_slice_16_z157.png,Non_Demented/OAS2_0004/OAS2_0004_slice_16_z157.png,Non-Demented/OAS2_0004/OAS2_0004_slice_16_z157.png,OAS2_0004,Non-Demented,0,0,Non-Demented,1,0.4520305688094389,0.29128089625271725,0.25335520160451025,0.0033333333333333335
OASIS_2,RandomForest,101,test,rotation__mild,rotation,mild,D:\OASIS_2\distortions_128\rotation\mild\Non_Demented\OAS2_0004\OAS2_0004_slice_17_z162.png,Non_Demented/OAS2_0004/OAS2_0004_slice_17_z162.png,Non-Demented/OAS2_0004/OAS2_0004_slice_17_z162.png,OAS2_0004,Non-Demented,0,0,Non-Demented,1,0.451981277228505,0.2973583671168361,0.24732702232132547,0.0033333333333333335
OASIS_2,RandomForest,101,test,rotation__mild,rotation,mild,D:\OASIS_2\distortions_128\rotation\mild\Non_Demented\OAS2_0004\OAS2_0004_slice_18_z167.png,Non_Demented/OAS2_0004/OAS2_0004_slice_18_z167.png,Non-Demented/OAS2_0004/OAS2_0004_slice_18_z167.png,OAS2_0004,Non-Demented,0,0,Non-Demented,1,0.49148669514705007,0.2628732450792861,0.24564005977366368,0.0
OASIS_2,RandomForest,101,test,rotation__mild,rotation,mild,D:\OASIS_2\distortions_128\rotation\mild\Non_Demented\OAS2_0004\OAS2_0004_slice_19_z173.png,Non_Demented/OAS2_0004/OAS2_0004_slice_19_z173.png,Non-Demented/OAS2_0004/OAS2_0004_slice_19_z173.png,OAS2_0004,Non-Demented,0,0,Non-Demented,1,0.44714449074103263,0.3348889309757834,0.2146332449498506,0.0033333333333333335
OASIS_2,RandomForest,101,test,rotation__mild,rotation,mild,D:\OASIS_2\distortions_128\rotation\mild\Non_Demented\OAS2_0004\OAS2_0004_slice_20_z178.png,Non_Demented/OAS2_0004/OAS2_0004_slice_20_z178.png,Non-Demented/OAS2_0004/OAS2_0004_slice_20_z178.png,OAS2_0004,Non-Demented,0,0,Non-Demented,1,0.4471029029494316,0.32676321494991084,0.21946721543399103,0.006666666666666667
OASIS_2,RandomForest,101,test,rotation__mild,rotation,mild,D:\OASIS_2\distortions_128\rotation\mild\Non_Demented\OAS2_0005\OAS2_0005_slice_01_z077.png,Non_Demented/OAS2_0005/OAS2_0005_slice_01_z077.png,Non-Demented/OAS2_0005/OAS2_0005_slice_01_z077.png,OAS2_0005,Non-Demented,0,0,Non-Demented,1,0.4388949395974901,0.34788728228774424,0.206551111448099,0.006666666666666667
OASIS_2,RandomForest,101,test,rotation__mild,rotation,mild,D:\OASIS_2\distortions_128\rotation\mild\Non_Demented\OAS2_0005\OAS2_0005_slice_02_z082.png,Non_Demented/OAS2_0005/OAS2_0005_slice_02_z082.png,Non-Demented/OAS2_0005/OAS2_0005_slice_02_z082.png,OAS2_0005,Non-Demented,0,1,Very Mild Dementia,0,0.3855655834765124,0.4016799505987957,0.20942113259135883,0.0033333333333333335
OASIS_2,RandomForest,101,test,rotation__mild,rotation,mild,D:\OASIS_2\distortions_128\rotation\mild\Non_Demented\OAS2_0005\OAS2_0005_slice_03_z088.png,Non_Demented/OAS2_0005/OAS2_0005_slice_03_z088.png,Non-Demented/OAS2_0005/OAS2_0005_slice_03_z088.png,OAS2_0005,Non-Demented,0,0,Non-Demented,1,0.41465770330427626,0.39066919360607294,0.19467310308965102,0.0
OASIS_2,RandomForest,101,test,rotation__mild,rotation,mild,D:\OASIS_2\distortions_128\rotation\mild\Non_Demented\OAS2_0005\OAS2_0005_slice_04_z093.png,Non_Demented/OAS2_0005/OAS2_0005_slice_04_z093.png,Non-Demented/OAS2_0005/OAS2_0005_slice_04_z093.png,OAS2_0005,Non-Demented,0,0,Non-Demented,1,0.4656124363730608,0.35571455047685996,0.17867301315007925,0.0
OASIS_2,RandomForest,101,test,rotation__mild,rotation,mild,D:\OASIS_2\distortions_128\rotation\mild\Non_Demented\OAS2_0005\OAS2_0005_slice_05_z098.png,Non_Demented/OAS2_0005/OAS2_0005_slice_05_z098.png,Non-Demented/OAS2_0005/OAS2_0005_slice_05_z098.png,OAS2_0005,Non-Demented,0,0,Non-Demented,1,0.4148896673500038,0.41224311689123255,0.16953388242543022,0.0033333333333333335
OASIS_2,RandomForest,101,test,rotation__mild,rotation,mild,D:\OASIS_2\distortions_128\rotation\mild\Non_Demented\OAS2_0005\OAS2_0005_slice_06_z104.png,Non_Demented/OAS2_0005/OAS2_0005_slice_06_z104.png,Non-Demented/OAS2_0005/OAS2_0005_slice_06_z104.png,OAS2_0005,Non-Demented,0,1,Very Mild Dementia,0,0.37932552570010897,0.45177481659261387,0.16889965770727738,0.0
OASIS_2,RandomForest,101,test,rotation__mild,rotation,mild,D:\OASIS_2\distortions_128\rotation\mild\Non_Demented\OAS2_0005\OAS2_0005_slice_07_z109.png,Non_Demented/OAS2_0005/OAS2_0005_slice_07_z109.png,Non-Demented/OAS2_0005/OAS2_0005_slice_07_z109.png,OAS2_0005,Non-Demented,0,0,Non-Demented,1,0.41795213342171944,0.3462971104303525,0.23575075614792815,0.0
OASIS_2,RandomForest,101,test,rotation__mild,rotation,mild,D:\OASIS_2\distortions_128\rotation\mild\Non_Demented\OAS2_0005\OAS2_0005_slice_08_z114.png,Non_Demented/OAS2_0005/OAS2_0005_slice_08_z114.png,Non-Demented/OAS2_0005/OAS2_0005_slice_08_z114.png,OAS2_0005,Non-Demented,0,0,Non-Demented,1,0.41801265648101993,0.36980354136398397,0.20218380215499596,0.01
OASIS_2,RandomForest,101,test,rotation__mild,rotation,mild,D:\OASIS_2\distortions_128\rotation\mild\Non_Demented\OAS2_0005\OAS2_0005_slice_09_z120.png,Non_Demented/OAS2_0005/OAS2_0005_slice_09_z120.png,Non-Demented/OAS2_0005/OAS2_0005_slice_09_z120.png,OAS2_0005,Non-Demented,0,1,Very Mild Dementia,0,0.3973480023569086,0.48936729880365815,0.11328469883943328,0.0
OASIS_2,RandomForest,101,test,rotation__mild,rotation,mild,D:\OASIS_2\distortions_128\rotation\mild\Non_Demented\OAS2_0005\OAS2_0005_slice_10_z125.png,Non_Demented/OAS2_0005/OAS2_0005_slice_10_z125.png,Non-Demented/OAS2_0005/OAS2_0005_slice_10_z125.png,OAS2_0005,Non-Demented,0,1,Very Mild Dementia,0,0.4341760638003508,0.4391839170133886,0.12330668585292723,0.0033333333333333335
OASIS_2,RandomForest,101,test,rotation__mild,rotation,mild,D:\OASIS_2\distortions_128\rotation\mild\Non_Demented\OAS2_0005\OAS2_0005_slice_11_z130.png,Non_Demented/OAS2_0005/OAS2_0005_slice_11_z130.png,Non-Demented/OAS2_0005/OAS2_0005_slice_11_z130.png,OAS2_0005,Non-Demented,0,0,Non-Demented,1,0.4651613715599087,0.3944250291652293,0.13374693260819515,0.006666666666666667
OASIS_2,RandomForest,101,test,rotation__mild,rotation,mild,D:\OASIS_2\distortions_128\rotation\mild\Non_Demented\OAS2_0005\OAS2_0005_slice_12_z135.png,Non_Demented/OAS2_0005/OAS2_0005_slice_12_z135.png,Non-Demented/OAS2_0005/OAS2_0005_slice_12_z135.png,OAS2_0005,Non-Demented,0,0,Non-Demented,1,0.465538787172165,0.39055412717786975,0.14390708564996516,0.0
OASIS_2,RandomForest,101,test,rotation__mild,rotation,mild,D:\OASIS_2\distortions_128\rotation\mild\Non_Demented\OAS2_0005\OAS2_0005_slice_13_z141.png,Non_Demented/OAS2_0005/OAS2_0005_slice_13_z141.png,Non-Demented/OAS2_0005/OAS2_0005_slice_13_z141.png,OAS2_0005,Non-Demented,0,1,Very Mild Dementia,0,0.43464452114325836,0.4509178246786471,0.11110432084476107,0.0033333333333333335
OASIS_2,RandomForest,101,test,rotation__mild,rotation,mild,D:\OASIS_2\distortions_128\rotation\mild\Non_Demented\OAS2_0005\OAS2_0005_slice_14_z146.png,Non_Demented/OAS2_0005/OAS2_0005_slice_14_z146.png,Non-Demented/OAS2_0005/OAS2_0005_slice_14_z146.png,OAS2_0005,Non-Demented,0,0,Non-Demented,1,0.4549474959287513,0.3697449293995229,0.17530757467172625,0.0
OASIS_2,RandomForest,101,test,rotation__mild,rotation,mild,D:\OASIS_2\distortions_128\rotation\mild\Non_Demented\OAS2_0005\OAS2_0005_slice_15_z151.png,Non_Demented/OAS2_0005/OAS2_0005_slice_15_z151.png,Non-Demented/OAS2_0005/OAS2_0005_slice_15_z151.png,OAS2_0005,Non-Demented,0,0,Non-Demented,1,0.4238558844290333,0.4180849526547288,0.15472582958290484,0.0033333333333333335
OASIS_2,RandomForest,101,test,rotation__mild,rotation,mild,D:\OASIS_2\distortions_128\rotation\mild\Non_Demented\OAS2_0005\OAS2_0005_slice_16_z157.png,Non_Demented/OAS2_0005/OAS2_0005_slice_16_z157.png,Non-Demented/OAS2_0005/OAS2_0005_slice_16_z157.png,OAS2_0005,Non-Demented,0,0,Non-Demented,1,0.5003698366854452,0.35483445791092816,0.14479570540362674,0.0
OASIS_2,RandomForest,101,test,rotation__mild,rotation,mild,D:\OASIS_2\distortions_128\rotation\mild\Non_Demented\OAS2_0005\OAS2_0005_slice_17_z162.png,Non_Demented/OAS2_0005/OAS2_0005_slice_17_z162.png,Non-Demented/OAS2_0005/OAS2_0005_slice_17_z162.png,OAS2_0005,Non-Demented,0,0,Non-Demented,1,0.5152093278988616,0.350212406720921,0.1312449320468839,0.0033333333333333335
OASIS_2,RandomForest,101,test,rotation__mild,rotation,mild,D:\OASIS_2\distortions_128\rotation\mild\Non_Demented\OAS2_0005\OAS2_0005_slice_18_z167.png,Non_Demented/OAS2_0005/OAS2_0005_slice_18_z167.png,Non-Demented/OAS2_0005/OAS2_0005_slice_18_z167.png,OAS2_0005,Non-Demented,0,0,Non-Demented,1,0.43538199328318106,0.38938827386144087,0.17522973285537805,0.0
OASIS_2,RandomForest,101,test,rotation__mild,rotation,mild,D:\OASIS_2\distortions_128\rotation\mild\Non_Demented\OAS2_0005\OAS2_0005_slice_19_z173.png,Non_Demented/OAS2_0005/OAS2_0005_slice_19_z173.png,Non-Demented/OAS2_0005/OAS2_0005_slice_19_z173.png,OAS2_0005,Non-Demented,0,0,Non-Demented,1,0.44866296240000403,0.3569908958622298,0.1843461417377662,0.01
OASIS_2,RandomForest,101,test,rotation__mild,rotation,mild,D:\OASIS_2\distortions_128\rotation\mild\Non_Demented\OAS2_0005\OAS2_0005_slice_20_z178.png,Non_Demented/OAS2_0005/OAS2_0005_slice_20_z178.png,Non-Demented/OAS2_0005/OAS2_0005_slice_20_z178.png,OAS2_0005,Non-Demented,0,0,Non-Demented,1,0.4261261936932862,0.3950425071658842,0.15883129914082955,0.02
OASIS_2,RandomForest,101,test,rotation__mild,rotation,mild,D:\OASIS_2\distortions_128\rotation\mild\Non_Demented\OAS2_0017\OAS2_0017_slice_01_z077.png,Non_Demented/OAS2_0017/OAS2_0017_slice_01_z077.png,Non-Demented/OAS2_0017/OAS2_0017_slice_01_z077.png,OAS2_0017,Non-Demented,0,0,Non-Demented,1,0.4117856447434064,0.332456899476723,0.25242412244653734,0.0033333333333333335
OASIS_2,RandomForest,101,test,rotation__mild,rotation,mild,D:\OASIS_2\distortions_128\rotation\mild\Non_Demented\OAS2_0017\OAS2_0017_slice_02_z082.png,Non_Demented/OAS2_0017/OAS2_0017_slice_02_z082.png,Non-Demented/OAS2_0017/OAS2_0017_slice_02_z082.png,OAS2_0017,Non-Demented,0,0,Non-Demented,1,0.43258969627923716,0.29203390290143216,0.2653764008193307,0.01
OASIS_2,RandomForest,101,test,rotation__mild,rotation,mild,D:\OASIS_2\distortions_128\rotation\mild\Non_Demented\OAS2_0017\OAS2_0017_slice_03_z088.png,Non_Demented/OAS2_0017/OAS2_0017_slice_03_z088.png,Non-Demented/OAS2_0017/OAS2_0017_slice_03_z088.png,OAS2_0017,Non-Demented,0,0,Non-Demented,1,0.406605113689708,0.32744775111134106,0.2526138018656175,0.013333333333333334
OASIS_2,RandomForest,101,test,rotation__mild,rotation,mild,D:\OASIS_2\distortions_128\rotation\mild\Non_Demented\OAS2_0017\OAS2_0017_slice_04_z093.png,Non_Demented/OAS2_0017/OAS2_0017_slice_04_z093.png,Non-Demented/OAS2_0017/OAS2_0017_slice_04_z093.png,OAS2_0017,Non-Demented,0,0,Non-Demented,1,0.3847174525559063,0.36367543714796596,0.2516071102961276,0.0
OASIS_2,RandomForest,101,test,rotation__mild,rotation,mild,D:\OASIS_2\distortions_128\rotation\mild\Non_Demented\OAS2_0017\OAS2_0017_slice_05_z098.png,Non_Demented/OAS2_0017/OAS2_0017_slice_05_z098.png,Non-Demented/OAS2_0017/OAS2_0017_slice_05_z098.png,OAS2_0017,Non-Demented,0,1,Very Mild Dementia,0,0.35530632094732356,0.3961165130089112,0.2419104993770987,0.006666666666666667
OASIS_2,RandomForest,101,test,rotation__mild,rotation,mild,D:\OASIS_2\distortions_128\rotation\mild\Non_Demented\OAS2_0017\OAS2_0017_slice_06_z104.png,Non_Demented/OAS2_0017/OAS2_0017_slice_06_z104.png,Non-Demented/OAS2_0017/OAS2_0017_slice_06_z104.png,OAS2_0017,Non-Demented,0,0,Non-Demented,1,0.422077536902157,0.3763160354724502,0.19827309429205947,0.0033333333333333335
OASIS_2,RandomForest,101,test,rotation__mild,rotation,mild,D:\OASIS_2\distortions_128\rotation\mild\Non_Demented\OAS2_0017\OAS2_0017_slice_07_z109.png,Non_Demented/OAS2_0017/OAS2_0017_slice_07_z109.png,Non-Demented/OAS2_0017/OAS2_0017_slice_07_z109.png,OAS2_0017,Non-Demented,0,0,Non-Demented,1,0.40641169572719554,0.3822648002756015,0.20465683733053627,0.006666666666666667
OASIS_2,RandomForest,101,test,rotation__mild,rotation,mild,D:\OASIS_2\distortions_128\rotation\mild\Non_Demented\OAS2_0017\OAS2_0017_slice_08_z114.png,Non_Demented/OAS2_0017/OAS2_0017_slice_08_z114.png,Non-Demented/OAS2_0017/OAS2_0017_slice_08_z114.png,OAS2_0017,Non-Demented,0,0,Non-Demented,1,0.4141583774405916,0.3321485752112201,0.2503597140148549,0.0033333333333333335
OASIS_2,RandomForest,101,test,rotation__mild,rotation,mild,D:\OASIS_2\distortions_128\rotation\mild\Non_Demented\OAS2_0017\OAS2_0017_slice_09_z120.png,Non_Demented/OAS2_0017/OAS2_0017_slice_09_z120.png,Non-Demented/OAS2_0017/OAS2_0017_slice_09_z120.png,OAS2_0017,Non-Demented,0,0,Non-Demented,1,0.4455044792101654,0.3768932883194737,0.17093556580369418,0.006666666666666667
OASIS_2,RandomForest,101,test,rotation__mild,rotation,mild,D:\OASIS_2\distortions_128\rotation\mild\Non_Demented\OAS2_0017\OAS2_0017_slice_10_z125.png,Non_Demented/OAS2_0017/OAS2_0017_slice_10_z125.png,Non-Demented/OAS2_0017/OAS2_0017_slice_10_z125.png,OAS2_0017,Non-Demented,0,0,Non-Demented,1,0.4630265451087513,0.37638893125591755,0.15391785696866456,0.006666666666666667
OASIS_2,RandomForest,101,test,rotation__mild,rotation,mild,D:\OASIS_2\distortions_128\rotation\mild\Non_Demented\OAS2_0017\OAS2_0017_slice_11_z130.png,Non_Demented/OAS2_0017/OAS2_0017_slice_11_z130.png,Non-Demented/OAS2_0017/OAS2_0017_slice_11_z130.png,OAS2_0017,Non-Demented,0,0,Non-Demented,1,0.45959807676114245,0.35200584477327806,0.18506274513224627,0.0033333333333333335
OASIS_2,RandomForest,101,test,rotation__mild,rotation,mild,D:\OASIS_2\distortions_128\rotation\mild\Non_Demented\OAS2_0017\OAS2_0017_slice_12_z135.png,Non_Demented/OAS2_0017/OAS2_0017_slice_12_z135.png,Non-Demented/OAS2_0017/OAS2_0017_slice_12_z135.png,OAS2_0017,Non-Demented,0,1,Very Mild Dementia,0,0.4053714267899014,0.44916957011205083,0.14545900309804766,0.0
OASIS_2,RandomForest,101,test,rotation__mild,rotation,mild,D:\OASIS_2\distortions_128\rotation\mild\Non_Demented\OAS2_0017\OAS2_0017_slice_13_z141.png,Non_Demented/OAS2_0017/OAS2_0017_slice_13_z141.png,Non-Demented/OAS2_0017/OAS2_0017_slice_13_z141.png,OAS2_0017,Non-Demented,0,1,Very Mild Dementia,0,0.34712791957127626,0.4727863158931524,0.17675243120223816,0.0033333333333333335
OASIS_2,RandomForest,101,test,rotation__mild,rotation,mild,D:\OASIS_2\distortions_128\rotation\mild\Non_Demented\OAS2_0017\OAS2_0017_slice_14_z146.png,Non_Demented/OAS2_0017/OAS2_0017_slice_14_z146.png,Non-Demented/OAS2_0017/OAS2_0017_slice_14_z146.png,OAS2_0017,Non-Demented,0,1,Very Mild Dementia,0,0.40320682449192624,0.4422907767757244,0.151169065399016,0.0033333333333333335
OASIS_2,RandomForest,101,test,rotation__mild,rotation,mild,D:\OASIS_2\distortions_128\rotation\mild\Non_Demented\OAS2_0017\OAS2_0017_slice_15_z151.png,Non_Demented/OAS2_0017/OAS2_0017_slice_15_z151.png,Non-Demented/OAS2_0017/OAS2_0017_slice_15_z151.png,OAS2_0017,Non-Demented,0,0,Non-Demented,1,0.41148633903379545,0.4032815560072873,0.18189877162558396,0.0033333333333333335
OASIS_2,RandomForest,101,test,rotation__mild,rotation,mild,D:\OASIS_2\distortions_128\rotation\mild\Non_Demented\OAS2_0017\OAS2_0017_slice_16_z157.png,Non_Demented/OAS2_0017/OAS2_0017_slice_16_z157.png,Non-Demented/OAS2_0017/OAS2_0017_slice_16_z157.png,OAS2_0017,Non-Demented,0,0,Non-Demented,1,0.412733382224419,0.35887346531901976,0.2250598191232278,0.0033333333333333335
OASIS_2,RandomForest,101,test,rotation__mild,rotation,mild,D:\OASIS_2\distortions_128\rotation\mild\Non_Demented\OAS2_0017\OAS2_0017_slice_17_z162.png,Non_Demented/OAS2_0017/OAS2_0017_slice_17_z162.png,Non-Demented/OAS2_0017/OAS2_0017_slice_17_z162.png,OAS2_0017,Non-Demented,0,0,Non-Demented,1,0.4395433040597671,0.36129940295634727,0.18915729298388545,0.01
OASIS_2,RandomForest,101,test,rotation__mild,rotation,mild,D:\OASIS_2\distortions_128\rotation\mild\Non_Demented\OAS2_0017\OAS2_0017_slice_18_z167.png,Non_Demented/OAS2_0017/OAS2_0017_slice_18_z167.png,Non-Demented/OAS2_0017/OAS2_0017_slice_18_z167.png,OAS2_0017,Non-Demented,0,0,Non-Demented,1,0.420606944908163,0.32505750546669926,0.25100221629180414,0.0033333333333333335
OASIS_2,RandomForest,101,test,rotation__mild,rotation,mild,D:\OASIS_2\distortions_128\rotation\mild\Non_Demented\OAS2_0017\OAS2_0017_slice_19_z173.png,Non_Demented/OAS2_0017/OAS2_0017_slice_19_z173.png,Non-Demented/OAS2_0017/OAS2_0017_slice_19_z173.png,OAS2_0017,Non-Demented,0,0,Non-Demented,1,0.45462859842438375,0.30174839487139615,0.23362300670422032,0.01
OASIS_2,RandomForest,101,test,rotation__mild,rotation,mild,D:\OASIS_2\distortions_128\rotation\mild\Non_Demented\OAS2_0017\OAS2_0017_slice_20_z178.png,Non_Demented/OAS2_0017/OAS2_0017_slice_20_z178.png,Non-Demented/OAS2_0017/OAS2_0017_slice_20_z178.png,OAS2_0017,Non-Demented,0,0,Non-Demented,1,0.43752629821714056,0.31849724963887044,0.23064311881065572,0.013333333333333334
OASIS_2,RandomForest,101,test,rotation__mild,rotation,mild,D:\OASIS_2\distortions_128\rotation\mild\Non_Demented\OAS2_0036\OAS2_0036_slice_01_z077.png,Non_Demented/OAS2_0036/OAS2_0036_slice_01_z077.png,Non-Demented/OAS2_0036/OAS2_0036_slice_01_z077.png,OAS2_0036,Non-Demented,0,0,Non-Demented,1,0.35100771267914566,0.3288352334057015,0.31682372058181923,0.0033333333333333335
OASIS_2,RandomForest,101,test,rotation__mild,rotation,mild,D:\OASIS_2\distortions_128\rotation\mild\Non_Demented\OAS2_0036\OAS2_0036_slice_02_z082.png,Non_Demented/OAS2_0036/OAS2_0036_slice_02_z082.png,Non-Demented/OAS2_0036/OAS2_0036_slice_02_z082.png,OAS2_0036,Non-Demented,0,1,Very Mild Dementia,0,0.3255401499927402,0.3633728121957698,0.30775370447815603,0.0033333333333333335
OASIS_2,RandomForest,101,test,rotation__mild,rotation,mild,D:\OASIS_2\distortions_128\rotation\mild\Non_Demented\OAS2_0036\OAS2_0036_slice_03_z088.png,Non_Demented/OAS2_0036/OAS2_0036_slice_03_z088.png,Non-Demented/OAS2_0036/OAS2_0036_slice_03_z088.png,OAS2_0036,Non-Demented,0,1,Very Mild Dementia,0,0.29312775595556456,0.4218356206326243,0.2850366234118107,0.0
OASIS_2,RandomForest,101,test,rotation__mild,rotation,mild,D:\OASIS_2\distortions_128\rotation\mild\Non_Demented\OAS2_0036\OAS2_0036_slice_04_z093.png,Non_Demented/OAS2_0036/OAS2_0036_slice_04_z093.png,Non-Demented/OAS2_0036/OAS2_0036_slice_04_z093.png,OAS2_0036,Non-Demented,0,1,Very Mild Dementia,0,0.2993873110493567,0.3919318969611881,0.30201412532278815,0.006666666666666667
OASIS_2,RandomForest,101,test,rotation__mild,rotation,mild,D:\OASIS_2\distortions_128\rotation\mild\Non_Demented\OAS2_0036\OAS2_0036_slice_05_z098.png,Non_Demented/OAS2_0036/OAS2_0036_slice_05_z098.png,Non-Demented/OAS2_0036/OAS2_0036_slice_05_z098.png,OAS2_0036,Non-Demented,0,0,Non-Demented,1,0.3982217668464257,0.3677303651671905,0.2240478679863836,0.01
OASIS_2,RandomForest,101,test,rotation__mild,rotation,mild,D:\OASIS_2\distortions_128\rotation\mild\Non_Demented\OAS2_0036\OAS2_0036_slice_06_z104.png,Non_Demented/OAS2_0036/OAS2_0036_slice_06_z104.png,Non-Demented/OAS2_0036/OAS2_0036_slice_06_z104.png,OAS2_0036,Non-Demented,0,0,Non-Demented,1,0.4251863341013514,0.32186159481756493,0.2529520710810838,0.0
OASIS_2,RandomForest,101,test,rotation__mild,rotation,mild,D:\OASIS_2\distortions_128\rotation\mild\Non_Demented\OAS2_0036\OAS2_0036_slice_07_z109.png,Non_Demented/OAS2_0036/OAS2_0036_slice_07_z109.png,Non-Demented/OAS2_0036/OAS2_0036_slice_07_z109.png,OAS2_0036,Non-Demented,0,0,Non-Demented,1,0.4319353475119986,0.29043487895149744,0.27096310686983716,0.006666666666666667
OASIS_2,RandomForest,101,test,rotation__mild,rotation,mild,D:\OASIS_2\distortions_128\rotation\mild\Non_Demented\OAS2_0036\OAS2_0036_slice_08_z114.png,Non_Demented/OAS2_0036/OAS2_0036_slice_08_z114.png,Non-Demented/OAS2_0036/OAS2_0036_slice_08_z114.png,OAS2_0036,Non-Demented,0,0,Non-Demented,1,0.37479849033574325,0.34104872049370644,0.2808194558372169,0.0033333333333333335
OASIS_2,RandomForest,101,test,rotation__mild,rotation,mild,D:\OASIS_2\distortions_128\rotation\mild\Non_Demented\OAS2_0036\OAS2_0036_slice_09_z120.png,Non_Demented/OAS2_0036/OAS2_0036_slice_09_z120.png,Non-Demented/OAS2_0036/OAS2_0036_slice_09_z120.png,OAS2_0036,Non-Demented,0,0,Non-Demented,1,0.40686824777981634,0.3139559323054184,0.2658424865814321,0.013333333333333334
OASIS_2,RandomForest,101,test,rotation__mild,rotation,mild,D:\OASIS_2\distortions_128\rotation\mild\Non_Demented\OAS2_0036\OAS2_0036_slice_10_z125.png,Non_Demented/OAS2_0036/OAS2_0036_slice_10_z125.png,Non-Demented/OAS2_0036/OAS2_0036_slice_10_z125.png,OAS2_0036,Non-Demented,0,0,Non-Demented,1,0.41630386247297274,0.3151424402269939,0.2685536973000332,0.0
OASIS_2,RandomForest,101,test,rotation__mild,rotation,mild,D:\OASIS_2\distortions_128\rotation\mild\Non_Demented\OAS2_0036\OAS2_0036_slice_11_z130.png,Non_Demented/OAS2_0036/OAS2_0036_slice_11_z130.png,Non-Demented/OAS2_0036/OAS2_0036_slice_11_z130.png,OAS2_0036,Non-Demented,0,0,Non-Demented,1,0.3689750057346086,0.32755556208191133,0.3001360988501462,0.0033333333333333335
OASIS_2,RandomForest,101,test,rotation__mild,rotation,mild,D:\OASIS_2\distortions_128\rotation\mild\Non_Demented\OAS2_0036\OAS2_0036_slice_12_z135.png,Non_Demented/OAS2_0036/OAS2_0036_slice_12_z135.png,Non-Demented/OAS2_0036/OAS2_0036_slice_12_z135.png,OAS2_0036,Non-Demented,0,2,Mild Dementia,0,0.30662247015755123,0.3301131798990649,0.36326434994338364,0.0
OASIS_2,RandomForest,101,test,rotation__mild,rotation,mild,D:\OASIS_2\distortions_128\rotation\mild\Non_Demented\OAS2_0036\OAS2_0036_slice_13_z141.png,Non_Demented/OAS2_0036/OAS2_0036_slice_13_z141.png,Non-Demented/OAS2_0036/OAS2_0036_slice_13_z141.png,OAS2_0036,Non-Demented,0,1,Very Mild Dementia,0,0.36175713267150744,0.37066215985129963,0.26424737414385924,0.0033333333333333335
OASIS_2,RandomForest,101,test,rotation__mild,rotation,mild,D:\OASIS_2\distortions_128\rotation\mild\Non_Demented\OAS2_0036\OAS2_0036_slice_14_z146.png,Non_Demented/OAS2_0036/OAS2_0036_slice_14_z146.png,Non-Demented/OAS2_0036/OAS2_0036_slice_14_z146.png,OAS2_0036,Non-Demented,0,2,Mild Dementia,0,0.2836285965133796,0.3273945175731734,0.3856435525801137,0.0033333333333333335
OASIS_2,RandomForest,101,test,rotation__mild,rotation,mild,D:\OASIS_2\distortions_128\rotation\mild\Non_Demented\OAS2_0036\OAS2_0036_slice_15_z151.png,Non_Demented/OAS2_0036/OAS2_0036_slice_15_z151.png,Non-Demented/OAS2_0036/OAS2_0036_slice_15_z151.png,OAS2_0036,Non-Demented,0,0,Non-Demented,1,0.4200312313888337,0.3297044580397729,0.24693097723805976,0.0033333333333333335
OASIS_2,RandomForest,101,test,rotation__mild,rotation,mild,D:\OASIS_2\distortions_128\rotation\mild\Non_Demented\OAS2_0036\OAS2_0036_slice_16_z157.png,Non_Demented/OAS2_0036/OAS2_0036_slice_16_z157.png,Non-Demented/OAS2_0036/OAS2_0036_slice_16_z157.png,OAS2_0036,Non-Demented,0,0,Non-Demented,1,0.4545386399211256,0.3064381891956616,0.23568983754987927,0.0033333333333333335
OASIS_2,RandomForest,101,test,rotation__mild,rotation,mild,D:\OASIS_2\distortions_128\rotation\mild\Non_Demented\OAS2_0036\OAS2_0036_slice_17_z162.png,Non_Demented/OAS2_0036/OAS2_0036_slice_17_z162.png,Non-Demented/OAS2_0036/OAS2_0036_slice_17_z162.png,OAS2_0036,Non-Demented,0,0,Non-Demented,1,0.4263520477573123,0.31028143853390006,0.2566998470421208,0.006666666666666667
OASIS_2,RandomForest,101,test,rotation__mild,rotation,mild,D:\OASIS_2\distortions_128\rotation\mild\Non_Demented\OAS2_0036\OAS2_0036_slice_18_z167.png,Non_Demented/OAS2_0036/OAS2_0036_slice_18_z167.png,Non-Demented/OAS2_0036/OAS2_0036_slice_18_z167.png,OAS2_0036,Non-Demented,0,0,Non-Demented,1,0.4238541319836816,0.30918446298099994,0.2669614050353185,0.0
OASIS_2,RandomForest,101,test,rotation__mild,rotation,mild,D:\OASIS_2\distortions_128\rotation\mild\Non_Demented\OAS2_0036\OAS2_0036_slice_19_z173.png,Non_Demented/OAS2_0036/OAS2_0036_slice_19_z173.png,Non-Demented/OAS2_0036/OAS2_0036_slice_19_z173.png,OAS2_0036,Non-Demented,0,0,Non-Demented,1,0.38594500360373046,0.3539300344062762,0.2601249619899934,0.0
OASIS_2,RandomForest,101,test,rotation__mild,rotation,mild,D:\OASIS_2\distortions_128\rotation\mild\Non_Demented\OAS2_0036\OAS2_0036_slice_20_z178.png,Non_Demented/OAS2_0036/OAS2_0036_slice_20_z178.png,Non-Demented/OAS2_0036/OAS2_0036_slice_20_z178.png,OAS2_0036,Non-Demented,0,0,Non-Demented,1,0.3792300211944265,0.3429454531062246,0.2744911923660155,0.0033333333333333335
OASIS_2,RandomForest,101,test,rotation__mild,rotation,mild,D:\OASIS_2\distortions_128\rotation\mild\Non_Demented\OAS2_0067\OAS2_0067_slice_01_z077.png,Non_Demented/OAS2_0067/OAS2_0067_slice_01_z077.png,Non-Demented/OAS2_0067/OAS2_0067_slice_01_z077.png,OAS2_0067,Non-Demented,0,0,Non-Demented,1,0.4776011265193685,0.26003157381720987,0.23236729966342154,0.03
OASIS_2,RandomForest,101,test,rotation__mild,rotation,mild,D:\OASIS_2\distortions_128\rotation\mild\Non_Demented\OAS2_0067\OAS2_0067_slice_02_z082.png,Non_Demented/OAS2_0067/OAS2_0067_slice_02_z082.png,Non-Demented/OAS2_0067/OAS2_0067_slice_02_z082.png,OAS2_0067,Non-Demented,0,0,Non-Demented,1,0.4287974193463127,0.2830537460130909,0.26481550130726295,0.023333333333333334
OASIS_2,RandomForest,101,test,rotation__mild,rotation,mild,D:\OASIS_2\distortions_128\rotation\mild\Non_Demented\OAS2_0067\OAS2_0067_slice_03_z088.png,Non_Demented/OAS2_0067/OAS2_0067_slice_03_z088.png,Non-Demented/OAS2_0067/OAS2_0067_slice_03_z088.png,OAS2_0067,Non-Demented,0,0,Non-Demented,1,0.4210108639113003,0.29898478416087565,0.27000435192782396,0.01
OASIS_2,RandomForest,101,test,rotation__mild,rotation,mild,D:\OASIS_2\distortions_128\rotation\mild\Non_Demented\OAS2_0067\OAS2_0067_slice_04_z093.png,Non_Demented/OAS2_0067/OAS2_0067_slice_04_z093.png,Non-Demented/OAS2_0067/OAS2_0067_slice_04_z093.png,OAS2_0067,Non-Demented,0,0,Non-Demented,1,0.38847721014724773,0.35102142258972713,0.26050136726302514,0.0
OASIS_2,RandomForest,101,test,rotation__mild,rotation,mild,D:\OASIS_2\distortions_128\rotation\mild\Non_Demented\OAS2_0067\OAS2_0067_slice_05_z098.png,Non_Demented/OAS2_0067/OAS2_0067_slice_05_z098.png,Non-Demented/OAS2_0067/OAS2_0067_slice_05_z098.png,OAS2_0067,Non-Demented,0,1,Very Mild Dementia,0,0.3265410747943927,0.3893364884930316,0.28412243671257553,0.0
OASIS_2,RandomForest,101,test,rotation__mild,rotation,mild,D:\OASIS_2\distortions_128\rotation\mild\Non_Demented\OAS2_0067\OAS2_0067_slice_06_z104.png,Non_Demented/OAS2_0067/OAS2_0067_slice_06_z104.png,Non-Demented/OAS2_0067/OAS2_0067_slice_06_z104.png,OAS2_0067,Non-Demented,0,1,Very Mild Dementia,0,0.31875540207196984,0.37332048141231955,0.30459078318237726,0.0033333333333333335
OASIS_2,RandomForest,101,test,rotation__mild,rotation,mild,D:\OASIS_2\distortions_128\rotation\mild\Non_Demented\OAS2_0067\OAS2_0067_slice_07_z109.png,Non_Demented/OAS2_0067/OAS2_0067_slice_07_z109.png,Non-Demented/OAS2_0067/OAS2_0067_slice_07_z109.png,OAS2_0067,Non-Demented,0,0,Non-Demented,1,0.3958666818470798,0.3914148524752632,0.20605179901099027,0.006666666666666667
OASIS_2,RandomForest,101,test,rotation__mild,rotation,mild,D:\OASIS_2\distortions_128\rotation\mild\Non_Demented\OAS2_0067\OAS2_0067_slice_08_z114.png,Non_Demented/OAS2_0067/OAS2_0067_slice_08_z114.png,Non-Demented/OAS2_0067/OAS2_0067_slice_08_z114.png,OAS2_0067,Non-Demented,0,0,Non-Demented,1,0.43465534729843874,0.30568235949150524,0.25299562654338936,0.006666666666666667
OASIS_2,RandomForest,101,test,rotation__mild,rotation,mild,D:\OASIS_2\distortions_128\rotation\mild\Non_Demented\OAS2_0067\OAS2_0067_slice_09_z120.png,Non_Demented/OAS2_0067/OAS2_0067_slice_09_z120.png,Non-Demented/OAS2_0067/OAS2_0067_slice_09_z120.png,OAS2_0067,Non-Demented,0,0,Non-Demented,1,0.4416998994602393,0.32017231327937146,0.23479445392705606,0.0033333333333333335
OASIS_2,RandomForest,101,test,rotation__mild,rotation,mild,D:\OASIS_2\distortions_128\rotation\mild\Non_Demented\OAS2_0067\OAS2_0067_slice_10_z125.png,Non_Demented/OAS2_0067/OAS2_0067_slice_10_z125.png,Non-Demented/OAS2_0067/OAS2_0067_slice_10_z125.png,OAS2_0067,Non-Demented,0,0,Non-Demented,1,0.4275736147533969,0.36352350314129983,0.20556954877196965,0.0033333333333333335
OASIS_2,RandomForest,101,test,rotation__mild,rotation,mild,D:\OASIS_2\distortions_128\rotation\mild\Non_Demented\OAS2_0067\OAS2_0067_slice_11_z130.png,Non_Demented/OAS2_0067/OAS2_0067_slice_11_z130.png,Non-Demented/OAS2_0067/OAS2_0067_slice_11_z130.png,OAS2_0067,Non-Demented,0,0,Non-Demented,1,0.4068959906987445,0.3663671713690695,0.22340350459885264,0.0033333333333333335
OASIS_2,RandomForest,101,test,rotation__mild,rotation,mild,D:\OASIS_2\distortions_128\rotation\mild\Non_Demented\OAS2_0067\OAS2_0067_slice_12_z135.png,Non_Demented/OAS2_0067/OAS2_0067_slice_12_z135.png,Non-Demented/OAS2_0067/OAS2_0067_slice_12_z135.png,OAS2_0067,Non-Demented,0,0,Non-Demented,1,0.3874653557801652,0.32194278109523444,0.2872585297912669,0.0033333333333333335
OASIS_2,RandomForest,101,test,rotation__mild,rotation,mild,D:\OASIS_2\distortions_128\rotation\mild\Non_Demented\OAS2_0067\OAS2_0067_slice_13_z141.png,Non_Demented/OAS2_0067/OAS2_0067_slice_13_z141.png,Non-Demented/OAS2_0067/OAS2_0067_slice_13_z141.png,OAS2_0067,Non-Demented,0,0,Non-Demented,1,0.43595681710606027,0.3059745464921335,0.2514019697351394,0.006666666666666667
OASIS_2,RandomForest,101,test,rotation__mild,rotation,mild,D:\OASIS_2\distortions_128\rotation\mild\Non_Demented\OAS2_0067\OAS2_0067_slice_14_z146.png,Non_Demented/OAS2_0067/OAS2_0067_slice_14_z146.png,Non-Demented/OAS2_0067/OAS2_0067_slice_14_z146.png,OAS2_0067,Non-Demented,0,0,Non-Demented,1,0.44476048709935007,0.25679333740813326,0.2917795088258503,0.006666666666666667
OASIS_2,RandomForest,101,test,rotation__mild,rotation,mild,D:\OASIS_2\distortions_128\rotation\mild\Non_Demented\OAS2_0067\OAS2_0067_slice_15_z151.png,Non_Demented/OAS2_0067/OAS2_0067_slice_15_z151.png,Non-Demented/OAS2_0067/OAS2_0067_slice_15_z151.png,OAS2_0067,Non-Demented,0,0,Non-Demented,1,0.4162529852315483,0.3171853266622256,0.26322835477289275,0.0033333333333333335
OASIS_2,RandomForest,101,test,rotation__mild,rotation,mild,D:\OASIS_2\distortions_128\rotation\mild\Non_Demented\OAS2_0067\OAS2_0067_slice_16_z157.png,Non_Demented/OAS2_0067/OAS2_0067_slice_16_z157.png,Non-Demented/OAS2_0067/OAS2_0067_slice_16_z157.png,OAS2_0067,Non-Demented,0,0,Non-Demented,1,0.4421195778607132,0.27180060118467414,0.28607982095461265,0.0
OASIS_2,RandomForest,101,test,rotation__mild,rotation,mild,D:\OASIS_2\distortions_128\rotation\mild\Non_Demented\OAS2_0067\OAS2_0067_slice_17_z162.png,Non_Demented/OAS2_0067/OAS2_0067_slice_17_z162.png,Non-Demented/OAS2_0067/OAS2_0067_slice_17_z162.png,OAS2_0067,Non-Demented,0,0,Non-Demented,1,0.446792909964756,0.3366754218006409,0.21319833490126966,0.0033333333333333335
OASIS_2,RandomForest,101,test,rotation__mild,rotation,mild,D:\OASIS_2\distortions_128\rotation\mild\Non_Demented\OAS2_0067\OAS2_0067_slice_18_z167.png,Non_Demented/OAS2_0067/OAS2_0067_slice_18_z167.png,Non-Demented/OAS2_0067/OAS2_0067_slice_18_z167.png,OAS2_0067,Non-Demented,0,0,Non-Demented,1,0.46961336734086906,0.32254150174259016,0.2078451309165411,0.0
OASIS_2,RandomForest,101,test,rotation__mild,rotation,mild,D:\OASIS_2\distortions_128\rotation\mild\Non_Demented\OAS2_0067\OAS2_0067_slice_19_z173.png,Non_Demented/OAS2_0067/OAS2_0067_slice_19_z173.png,Non-Demented/OAS2_0067/OAS2_0067_slice_19_z173.png,OAS2_0067,Non-Demented,0,0,Non-Demented,1,0.49205719603569503,0.3094194257234018,0.19519004490756955,0.0033333333333333335
OASIS_2,RandomForest,101,test,rotation__mild,rotation,mild,D:\OASIS_2\distortions_128\rotation\mild\Non_Demented\OAS2_0067\OAS2_0067_slice_20_z178.png,Non_Demented/OAS2_0067/OAS2_0067_slice_20_z178.png,Non-Demented/OAS2_0067/OAS2_0067_slice_20_z178.png,OAS2_0067,Non-Demented,0,0,Non-Demented,1,0.5061657339804252,0.29593790897336353,0.1945630237128779,0.0033333333333333335
OASIS_2,RandomForest,101,test,rotation__mild,rotation,mild,D:\OASIS_2\distortions_128\rotation\mild\Non_Demented\OAS2_0069\OAS2_0069_slice_01_z077.png,Non_Demented/OAS2_0069/OAS2_0069_slice_01_z077.png,Non-Demented/OAS2_0069/OAS2_0069_slice_01_z077.png,OAS2_0069,Non-Demented,0,0,Non-Demented,1,0.4430436740286701,0.35251283671813244,0.19777682258653098,0.006666666666666667
OASIS_2,RandomForest,101,test,rotation__mild,rotation,mild,D:\OASIS_2\distortions_128\rotation\mild\Non_Demented\OAS2_0069\OAS2_0069_slice_02_z082.png,Non_Demented/OAS2_0069/OAS2_0069_slice_02_z082.png,Non-Demented/OAS2_0069/OAS2_0069_slice_02_z082.png,OAS2_0069,Non-Demented,0,0,Non-Demented,1,0.43035509935165794,0.3062975799969675,0.250013987318041,0.013333333333333334
OASIS_2,RandomForest,101,test,rotation__mild,rotation,mild,D:\OASIS_2\distortions_128\rotation\mild\Non_Demented\OAS2_0069\OAS2_0069_slice_03_z088.png,Non_Demented/OAS2_0069/OAS2_0069_slice_03_z088.png,Non-Demented/OAS2_0069/OAS2_0069_slice_03_z088.png,OAS2_0069,Non-Demented,0,0,Non-Demented,1,0.4878788776102475,0.2541375185069717,0.2579836038827808,0.0
OASIS_2,RandomForest,101,test,rotation__mild,rotation,mild,D:\OASIS_2\distortions_128\rotation\mild\Non_Demented\OAS2_0069\OAS2_0069_slice_04_z093.png,Non_Demented/OAS2_0069/OAS2_0069_slice_04_z093.png,Non-Demented/OAS2_0069/OAS2_0069_slice_04_z093.png,OAS2_0069,Non-Demented,0,0,Non-Demented,1,0.47888916788406105,0.22101585478425587,0.30009497733168305,0.0
OASIS_2,RandomForest,101,test,rotation__mild,rotation,mild,D:\OASIS_2\distortions_128\rotation\mild\Non_Demented\OAS2_0069\OAS2_0069_slice_05_z098.png,Non_Demented/OAS2_0069/OAS2_0069_slice_05_z098.png,Non-Demented/OAS2_0069/OAS2_0069_slice_05_z098.png,OAS2_0069,Non-Demented,0,0,Non-Demented,1,0.5388145271555894,0.21494195416821602,0.24624351867619462,0.0
OASIS_2,RandomForest,101,test,rotation__mild,rotation,mild,D:\OASIS_2\distortions_128\rotation\mild\Non_Demented\OAS2_0069\OAS2_0069_slice_06_z104.png,Non_Demented/OAS2_0069/OAS2_0069_slice_06_z104.png,Non-Demented/OAS2_0069/OAS2_0069_slice_06_z104.png,OAS2_0069,Non-Demented,0,0,Non-Demented,1,0.5017965314056186,0.2307729046786045,0.26743056391577724,0.0
OASIS_2,RandomForest,101,test,rotation__mild,rotation,mild,D:\OASIS_2\distortions_128\rotation\mild\Non_Demented\OAS2_0069\OAS2_0069_slice_07_z109.png,Non_Demented/OAS2_0069/OAS2_0069_slice_07_z109.png,Non-Demented/OAS2_0069/OAS2_0069_slice_07_z109.png,OAS2_0069,Non-Demented,0,0,Non-Demented,1,0.5212084090079204,0.253582037197636,0.22520955379444368,0.0
OASIS_2,RandomForest,101,test,rotation__mild,rotation,mild,D:\OASIS_2\distortions_128\rotation\mild\Non_Demented\OAS2_0069\OAS2_0069_slice_08_z114.png,Non_Demented/OAS2_0069/OAS2_0069_slice_08_z114.png,Non-Demented/OAS2_0069/OAS2_0069_slice_08_z114.png,OAS2_0069,Non-Demented,0,0,Non-Demented,1,0.5232910636474609,0.23555996234543736,0.24114897400710172,0.0
OASIS_2,RandomForest,101,test,rotation__mild,rotation,mild,D:\OASIS_2\distortions_128\rotation\mild\Non_Demented\OAS2_0069\OAS2_0069_slice_09_z120.png,Non_Demented/OAS2_0069/OAS2_0069_slice_09_z120.png,Non-Demented/OAS2_0069/OAS2_0069_slice_09_z120.png,OAS2_0069,Non-Demented,0,0,Non-Demented,1,0.5482633641284359,0.23927453052475614,0.2124621053468082,0.0
OASIS_2,RandomForest,101,test,rotation__mild,rotation,mild,D:\OASIS_2\distortions_128\rotation\mild\Non_Demented\OAS2_0069\OAS2_0069_slice_10_z125.png,Non_Demented/OAS2_0069/OAS2_0069_slice_10_z125.png,Non-Demented/OAS2_0069/OAS2_0069_slice_10_z125.png,OAS2_0069,Non-Demented,0,0,Non-Demented,1,0.5618120084311934,0.24387263642628662,0.1909820218091868,0.0033333333333333335
OASIS_2,RandomForest,101,test,rotation__mild,rotation,mild,D:\OASIS_2\distortions_128\rotation\mild\Non_Demented\OAS2_0069\OAS2_0069_slice_11_z130.png,Non_Demented/OAS2_0069/OAS2_0069_slice_11_z130.png,Non-Demented/OAS2_0069/OAS2_0069_slice_11_z130.png,OAS2_0069,Non-Demented,0,0,Non-Demented,1,0.5188975255694869,0.27561465102976945,0.20548782340074373,0.0
OASIS_2,RandomForest,101,test,rotation__mild,rotation,mild,D:\OASIS_2\distortions_128\rotation\mild\Non_Demented\OAS2_0069\OAS2_0069_slice_12_z135.png,Non_Demented/OAS2_0069/OAS2_0069_slice_12_z135.png,Non-Demented/OAS2_0069/OAS2_0069_slice_12_z135.png,OAS2_0069,Non-Demented,0,0,Non-Demented,1,0.5014429345068069,0.2692411038627597,0.22598262829710028,0.0033333333333333335
OASIS_2,RandomForest,101,test,rotation__mild,rotation,mild,D:\OASIS_2\distortions_128\rotation\mild\Non_Demented\OAS2_0069\OAS2_0069_slice_13_z141.png,Non_Demented/OAS2_0069/OAS2_0069_slice_13_z141.png,Non-Demented/OAS2_0069/OAS2_0069_slice_13_z141.png,OAS2_0069,Non-Demented,0,0,Non-Demented,1,0.47446544443255884,0.2891980997389648,0.23300312249514316,0.0033333333333333335
OASIS_2,RandomForest,101,test,rotation__mild,rotation,mild,D:\OASIS_2\distortions_128\rotation\mild\Non_Demented\OAS2_0069\OAS2_0069_slice_14_z146.png,Non_Demented/OAS2_0069/OAS2_0069_slice_14_z146.png,Non-Demented/OAS2_0069/OAS2_0069_slice_14_z146.png,OAS2_0069,Non-Demented,0,0,Non-Demented,1,0.5055950889320114,0.2551930368408265,0.23921187422716217,0.0
OASIS_2,RandomForest,101,test,rotation__mild,rotation,mild,D:\OASIS_2\distortions_128\rotation\mild\Non_Demented\OAS2_0069\OAS2_0069_slice_15_z151.png,Non_Demented/OAS2_0069/OAS2_0069_slice_15_z151.png,Non-Demented/OAS2_0069/OAS2_0069_slice_15_z151.png,OAS2_0069,Non-Demented,0,0,Non-Demented,1,0.45556164337772315,0.30935650155121197,0.23508185507106488,0.0
OASIS_2,RandomForest,101,test,rotation__mild,rotation,mild,D:\OASIS_2\distortions_128\rotation\mild\Non_Demented\OAS2_0069\OAS2_0069_slice_16_z157.png,Non_Demented/OAS2_0069/OAS2_0069_slice_16_z157.png,Non-Demented/OAS2_0069/OAS2_0069_slice_16_z157.png,OAS2_0069,Non-Demented,0,0,Non-Demented,1,0.4456052892166455,0.3130318895216897,0.2380294879283314,0.0033333333333333335
OASIS_2,RandomForest,101,test,rotation__mild,rotation,mild,D:\OASIS_2\distortions_128\rotation\mild\Non_Demented\OAS2_0069\OAS2_0069_slice_17_z162.png,Non_Demented/OAS2_0069/OAS2_0069_slice_17_z162.png,Non-Demented/OAS2_0069/OAS2_0069_slice_17_z162.png,OAS2_0069,Non-Demented,0,0,Non-Demented,1,0.4377451222557,0.3471159463812067,0.20847226469642666,0.006666666666666667
OASIS_2,RandomForest,101,test,rotation__mild,rotation,mild,D:\OASIS_2\distortions_128\rotation\mild\Non_Demented\OAS2_0069\OAS2_0069_slice_18_z167.png,Non_Demented/OAS2_0069/OAS2_0069_slice_18_z167.png,Non-Demented/OAS2_0069/OAS2_0069_slice_18_z167.png,OAS2_0069,Non-Demented,0,0,Non-Demented,1,0.457176833515442,0.3125392233975119,0.23028394308704625,0.0
OASIS_2,RandomForest,101,test,rotation__mild,rotation,mild,D:\OASIS_2\distortions_128\rotation\mild\Non_Demented\OAS2_0069\OAS2_0069_slice_19_z173.png,Non_Demented/OAS2_0069/OAS2_0069_slice_19_z173.png,Non-Demented/OAS2_0069/OAS2_0069_slice_19_z173.png,OAS2_0069,Non-Demented,0,0,Non-Demented,1,0.4102712651973266,0.36293678142148206,0.22012528671452478,0.006666666666666667
OASIS_2,RandomForest,101,test,rotation__mild,rotation,mild,D:\OASIS_2\distortions_128\rotation\mild\Non_Demented\OAS2_0069\OAS2_0069_slice_20_z178.png,Non_Demented/OAS2_0069/OAS2_0069_slice_20_z178.png,Non-Demented/OAS2_0069/OAS2_0069_slice_20_z178.png,OAS2_0069,Non-Demented,0,0,Non-Demented,1,0.4661559263506313,0.3367717665724586,0.19040564041024363,0.006666666666666667
OASIS_2,RandomForest,101,test,rotation__mild,rotation,mild,D:\OASIS_2\distortions_128\rotation\mild\Non_Demented\OAS2_0070\OAS2_0070_slice_01_z077.png,Non_Demented/OAS2_0070/OAS2_0070_slice_01_z077.png,Non-Demented/OAS2_0070/OAS2_0070_slice_01_z077.png,OAS2_0070,Non-Demented,0,1,Very Mild Dementia,0,0.39073485088295223,0.3950241997161407,0.21424094940090674,0.0
OASIS_2,RandomForest,101,test,rotation__mild,rotation,mild,D:\OASIS_2\distortions_128\rotation\mild\Non_Demented\OAS2_0070\OAS2_0070_slice_02_z082.png,Non_Demented/OAS2_0070/OAS2_0070_slice_02_z082.png,Non-Demented/OAS2_0070/OAS2_0070_slice_02_z082.png,OAS2_0070,Non-Demented,0,1,Very Mild Dementia,0,0.3324782396983844,0.4350673816335236,0.23245437866809168,0.0
OASIS_2,RandomForest,101,test,rotation__mild,rotation,mild,D:\OASIS_2\distortions_128\rotation\mild\Non_Demented\OAS2_0070\OAS2_0070_slice_03_z088.png,Non_Demented/OAS2_0070/OAS2_0070_slice_03_z088.png,Non-Demented/OAS2_0070/OAS2_0070_slice_03_z088.png,OAS2_0070,Non-Demented,0,1,Very Mild Dementia,0,0.35026928097602106,0.40044443332411334,0.24928628569986572,0.0
OASIS_2,RandomForest,101,test,rotation__mild,rotation,mild,D:\OASIS_2\distortions_128\rotation\mild\Non_Demented\OAS2_0070\OAS2_0070_slice_04_z093.png,Non_Demented/OAS2_0070/OAS2_0070_slice_04_z093.png,Non-Demented/OAS2_0070/OAS2_0070_slice_04_z093.png,OAS2_0070,Non-Demented,0,1,Very Mild Dementia,0,0.299590523460253,0.43912316360570114,0.25795297960071223,0.0033333333333333335
OASIS_2,RandomForest,101,test,rotation__mild,rotation,mild,D:\OASIS_2\distortions_128\rotation\mild\Non_Demented\OAS2_0070\OAS2_0070_slice_05_z098.png,Non_Demented/OAS2_0070/OAS2_0070_slice_05_z098.png,Non-Demented/OAS2_0070/OAS2_0070_slice_05_z098.png,OAS2_0070,Non-Demented,0,1,Very Mild Dementia,0,0.2874883412259849,0.5271182601145917,0.1853933986594234,0.0
OASIS_2,RandomForest,101,test,rotation__mild,rotation,mild,D:\OASIS_2\distortions_128\rotation\mild\Non_Demented\OAS2_0070\OAS2_0070_slice_06_z104.png,Non_Demented/OAS2_0070/OAS2_0070_slice_06_z104.png,Non-Demented/OAS2_0070/OAS2_0070_slice_06_z104.png,OAS2_0070,Non-Demented,0,1,Very Mild Dementia,0,0.2584178475416387,0.5750469605209444,0.1632018586040833,0.0033333333333333335
OASIS_2,RandomForest,101,test,rotation__mild,rotation,mild,D:\OASIS_2\distortions_128\rotation\mild\Non_Demented\OAS2_0070\OAS2_0070_slice_07_z109.png,Non_Demented/OAS2_0070/OAS2_0070_slice_07_z109.png,Non-Demented/OAS2_0070/OAS2_0070_slice_07_z109.png,OAS2_0070,Non-Demented,0,1,Very Mild Dementia,0,0.23904224741384264,0.6063716151464635,0.1545861374396939,0.0
OASIS_2,RandomForest,101,test,rotation__mild,rotation,mild,D:\OASIS_2\distortions_128\rotation\mild\Non_Demented\OAS2_0070\OAS2_0070_slice_08_z114.png,Non_Demented/OAS2_0070/OAS2_0070_slice_08_z114.png,Non-Demented/OAS2_0070/OAS2_0070_slice_08_z114.png,OAS2_0070,Non-Demented,0,1,Very Mild Dementia,0,0.20536166294804925,0.6576628370832163,0.13697549996873457,0.0
OASIS_2,RandomForest,101,test,rotation__mild,rotation,mild,D:\OASIS_2\distortions_128\rotation\mild\Non_Demented\OAS2_0070\OAS2_0070_slice_09_z120.png,Non_Demented/OAS2_0070/OAS2_0070_slice_09_z120.png,Non-Demented/OAS2_0070/OAS2_0070_slice_09_z120.png,OAS2_0070,Non-Demented,0,1,Very Mild Dementia,0,0.1982140274174239,0.6938665106344136,0.1079194619481627,0.0
OASIS_2,RandomForest,101,test,rotation__mild,rotation,mild,D:\OASIS_2\distortions_128\rotation\mild\Non_Demented\OAS2_0070\OAS2_0070_slice_10_z125.png,Non_Demented/OAS2_0070/OAS2_0070_slice_10_z125.png,Non-Demented/OAS2_0070/OAS2_0070_slice_10_z125.png,OAS2_0070,Non-Demented,0,1,Very Mild Dementia,0,0.25320031905372764,0.6438553474593924,0.10294433348687958,0.0
OASIS_2,RandomForest,101,test,rotation__mild,rotation,mild,D:\OASIS_2\distortions_128\rotation\mild\Non_Demented\OAS2_0070\OAS2_0070_slice_11_z130.png,Non_Demented/OAS2_0070/OAS2_0070_slice_11_z130.png,Non-Demented/OAS2_0070/OAS2_0070_slice_11_z130.png,OAS2_0070,Non-Demented,0,1,Very Mild Dementia,0,0.23084571564259637,0.6496876648614106,0.11613328616265967,0.0033333333333333335
OASIS_2,RandomForest,101,test,rotation__mild,rotation,mild,D:\OASIS_2\distortions_128\rotation\mild\Non_Demented\OAS2_0070\OAS2_0070_slice_12_z135.png,Non_Demented/OAS2_0070/OAS2_0070_slice_12_z135.png,Non-Demented/OAS2_0070/OAS2_0070_slice_12_z135.png,OAS2_0070,Non-Demented,0,1,Very Mild Dementia,0,0.23238099143706,0.6086391600393618,0.15231318185691164,0.006666666666666667
OASIS_2,RandomForest,101,test,rotation__mild,rotation,mild,D:\OASIS_2\distortions_128\rotation\mild\Non_Demented\OAS2_0070\OAS2_0070_slice_13_z141.png,Non_Demented/OAS2_0070/OAS2_0070_slice_13_z141.png,Non-Demented/OAS2_0070/OAS2_0070_slice_13_z141.png,OAS2_0070,Non-Demented,0,1,Very Mild Dementia,0,0.24260574269815469,0.6063056570976689,0.15108860020417605,0.0
OASIS_2,RandomForest,101,test,rotation__mild,rotation,mild,D:\OASIS_2\distortions_128\rotation\mild\Non_Demented\OAS2_0070\OAS2_0070_slice_14_z146.png,Non_Demented/OAS2_0070/OAS2_0070_slice_14_z146.png,Non-Demented/OAS2_0070/OAS2_0070_slice_14_z146.png,OAS2_0070,Non-Demented,0,1,Very Mild Dementia,0,0.2846987607835932,0.6012759442113323,0.11069196167174077,0.0033333333333333335
OASIS_2,RandomForest,101,test,rotation__mild,rotation,mild,D:\OASIS_2\distortions_128\rotation\mild\Non_Demented\OAS2_0070\OAS2_0070_slice_15_z151.png,Non_Demented/OAS2_0070/OAS2_0070_slice_15_z151.png,Non-Demented/OAS2_0070/OAS2_0070_slice_15_z151.png,OAS2_0070,Non-Demented,0,1,Very Mild Dementia,0,0.2529207713400827,0.6403421033100782,0.10340379201650542,0.0033333333333333335
OASIS_2,RandomForest,101,test,rotation__mild,rotation,mild,D:\OASIS_2\distortions_128\rotation\mild\Non_Demented\OAS2_0070\OAS2_0070_slice_16_z157.png,Non_Demented/OAS2_0070/OAS2_0070_slice_16_z157.png,Non-Demented/OAS2_0070/OAS2_0070_slice_16_z157.png,OAS2_0070,Non-Demented,0,1,Very Mild Dementia,0,0.26838183128050364,0.6357058171888218,0.09591235153067428,0.0
OASIS_2,RandomForest,101,test,rotation__mild,rotation,mild,D:\OASIS_2\distortions_128\rotation\mild\Non_Demented\OAS2_0070\OAS2_0070_slice_17_z162.png,Non_Demented/OAS2_0070/OAS2_0070_slice_17_z162.png,Non-Demented/OAS2_0070/OAS2_0070_slice_17_z162.png,OAS2_0070,Non-Demented,0,1,Very Mild Dementia,0,0.2533092886090417,0.619115674698831,0.1275750366921268,0.0
OASIS_2,RandomForest,101,test,rotation__mild,rotation,mild,D:\OASIS_2\distortions_128\rotation\mild\Non_Demented\OAS2_0070\OAS2_0070_slice_18_z167.png,Non_Demented/OAS2_0070/OAS2_0070_slice_18_z167.png,Non-Demented/OAS2_0070/OAS2_0070_slice_18_z167.png,OAS2_0070,Non-Demented,0,1,Very Mild Dementia,0,0.2579454731962679,0.6336315901864581,0.10842293661727363,0.0
OASIS_2,RandomForest,101,test,rotation__mild,rotation,mild,D:\OASIS_2\distortions_128\rotation\mild\Non_Demented\OAS2_0070\OAS2_0070_slice_19_z173.png,Non_Demented/OAS2_0070/OAS2_0070_slice_19_z173.png,Non-Demented/OAS2_0070/OAS2_0070_slice_19_z173.png,OAS2_0070,Non-Demented,0,1,Very Mild Dementia,0,0.2629970705822501,0.6227985360376684,0.11420439338008137,0.0
OASIS_2,RandomForest,101,test,rotation__mild,rotation,mild,D:\OASIS_2\distortions_128\rotation\mild\Non_Demented\OAS2_0070\OAS2_0070_slice_20_z178.png,Non_Demented/OAS2_0070/OAS2_0070_slice_20_z178.png,Non-Demented/OAS2_0070/OAS2_0070_slice_20_z178.png,OAS2_0070,Non-Demented,0,1,Very Mild Dementia,0,0.3127457208402875,0.5707830902183398,0.11647118894137219,0.0
OASIS_2,RandomForest,101,test,rotation__mild,rotation,mild,D:\OASIS_2\distortions_128\rotation\mild\Non_Demented\OAS2_0128\OAS2_0128_slice_01_z077.png,Non_Demented/OAS2_0128/OAS2_0128_slice_01_z077.png,Non-Demented/OAS2_0128/OAS2_0128_slice_01_z077.png,OAS2_0128,Non-Demented,0,0,Non-Demented,1,0.40488670263190796,0.28851692274059326,0.3065963746274987,0.0
OASIS_2,RandomForest,101,test,rotation__mild,rotation,mild,D:\OASIS_2\distortions_128\rotation\mild\Non_Demented\OAS2_0128\OAS2_0128_slice_02_z082.png,Non_Demented/OAS2_0128/OAS2_0128_slice_02_z082.png,Non-Demented/OAS2_0128/OAS2_0128_slice_02_z082.png,OAS2_0128,Non-Demented,0,0,Non-Demented,1,0.40215944420471206,0.28413618059895374,0.31037104186300046,0.0033333333333333335
OASIS_2,RandomForest,101,test,rotation__mild,rotation,mild,D:\OASIS_2\distortions_128\rotation\mild\Non_Demented\OAS2_0128\OAS2_0128_slice_03_z088.png,Non_Demented/OAS2_0128/OAS2_0128_slice_03_z088.png,Non-Demented/OAS2_0128/OAS2_0128_slice_03_z088.png,OAS2_0128,Non-Demented,0,0,Non-Demented,1,0.42692124934546655,0.2861460747796167,0.28693267587491716,0.0
OASIS_2,RandomForest,101,test,rotation__mild,rotation,mild,D:\OASIS_2\distortions_128\rotation\mild\Non_Demented\OAS2_0128\OAS2_0128_slice_04_z093.png,Non_Demented/OAS2_0128/OAS2_0128_slice_04_z093.png,Non-Demented/OAS2_0128/OAS2_0128_slice_04_z093.png,OAS2_0128,Non-Demented,0,0,Non-Demented,1,0.41237581083665553,0.27017107390887624,0.317453115254468,0.0
OASIS_2,RandomForest,101,test,rotation__mild,rotation,mild,D:\OASIS_2\distortions_128\rotation\mild\Non_Demented\OAS2_0128\OAS2_0128_slice_05_z098.png,Non_Demented/OAS2_0128/OAS2_0128_slice_05_z098.png,Non-Demented/OAS2_0128/OAS2_0128_slice_05_z098.png,OAS2_0128,Non-Demented,0,0,Non-Demented,1,0.3866056149676154,0.26518074961758714,0.34821363541479705,0.0
OASIS_2,RandomForest,101,test,rotation__mild,rotation,mild,D:\OASIS_2\distortions_128\rotation\mild\Non_Demented\OAS2_0128\OAS2_0128_slice_06_z104.png,Non_Demented/OAS2_0128/OAS2_0128_slice_06_z104.png,Non-Demented/OAS2_0128/OAS2_0128_slice_06_z104.png,OAS2_0128,Non-Demented,0,0,Non-Demented,1,0.38070035100893734,0.25978197716881163,0.35951767182225053,0.0
OASIS_2,RandomForest,101,test,rotation__mild,rotation,mild,D:\OASIS_2\distortions_128\rotation\mild\Non_Demented\OAS2_0128\OAS2_0128_slice_07_z109.png,Non_Demented/OAS2_0128/OAS2_0128_slice_07_z109.png,Non-Demented/OAS2_0128/OAS2_0128_slice_07_z109.png,OAS2_0128,Non-Demented,0,0,Non-Demented,1,0.44382640458755607,0.2694037467218037,0.2867698486906403,0.0
OASIS_2,RandomForest,101,test,rotation__mild,rotation,mild,D:\OASIS_2\distortions_128\rotation\mild\Non_Demented\OAS2_0128\OAS2_0128_slice_08_z114.png,Non_Demented/OAS2_0128/OAS2_0128_slice_08_z114.png,Non-Demented/OAS2_0128/OAS2_0128_slice_08_z114.png,OAS2_0128,Non-Demented,0,0,Non-Demented,1,0.508876605935599,0.2415424459214479,0.24958094814295312,0.0
OASIS_2,RandomForest,101,test,rotation__mild,rotation,mild,D:\OASIS_2\distortions_128\rotation\mild\Non_Demented\OAS2_0128\OAS2_0128_slice_09_z120.png,Non_Demented/OAS2_0128/OAS2_0128_slice_09_z120.png,Non-Demented/OAS2_0128/OAS2_0128_slice_09_z120.png,OAS2_0128,Non-Demented,0,0,Non-Demented,1,0.5138532994759752,0.23151049941302343,0.25463620111100144,0.0
OASIS_2,RandomForest,101,test,rotation__mild,rotation,mild,D:\OASIS_2\distortions_128\rotation\mild\Non_Demented\OAS2_0128\OAS2_0128_slice_10_z125.png,Non_Demented/OAS2_0128/OAS2_0128_slice_10_z125.png,Non-Demented/OAS2_0128/OAS2_0128_slice_10_z125.png,OAS2_0128,Non-Demented,0,0,Non-Demented,1,0.5349638165353326,0.2373835638525779,0.22765261961208974,0.0
OASIS_2,RandomForest,101,test,rotation__mild,rotation,mild,D:\OASIS_2\distortions_128\rotation\mild\Non_Demented\OAS2_0128\OAS2_0128_slice_11_z130.png,Non_Demented/OAS2_0128/OAS2_0128_slice_11_z130.png,Non-Demented/OAS2_0128/OAS2_0128_slice_11_z130.png,OAS2_0128,Non-Demented,0,0,Non-Demented,1,0.5999286991230908,0.22424386973141958,0.17582743114548965,0.0
OASIS_2,RandomForest,101,test,rotation__mild,rotation,mild,D:\OASIS_2\distortions_128\rotation\mild\Non_Demented\OAS2_0128\OAS2_0128_slice_12_z135.png,Non_Demented/OAS2_0128/OAS2_0128_slice_12_z135.png,Non-Demented/OAS2_0128/OAS2_0128_slice_12_z135.png,OAS2_0128,Non-Demented,0,0,Non-Demented,1,0.5949858674860977,0.2241258606970727,0.18088827181682957,0.0
OASIS_2,RandomForest,101,test,rotation__mild,rotation,mild,D:\OASIS_2\distortions_128\rotation\mild\Non_Demented\OAS2_0128\OAS2_0128_slice_13_z141.png,Non_Demented/OAS2_0128/OAS2_0128_slice_13_z141.png,Non-Demented/OAS2_0128/OAS2_0128_slice_13_z141.png,OAS2_0128,Non-Demented,0,0,Non-Demented,1,0.5032441308068123,0.2771746189022534,0.21624791695760048,0.0033333333333333335
OASIS_2,RandomForest,101,test,rotation__mild,rotation,mild,D:\OASIS_2\distortions_128\rotation\mild\Non_Demented\OAS2_0128\OAS2_0128_slice_14_z146.png,Non_Demented/OAS2_0128/OAS2_0128_slice_14_z146.png,Non-Demented/OAS2_0128/OAS2_0128_slice_14_z146.png,OAS2_0128,Non-Demented,0,0,Non-Demented,1,0.5033806116558114,0.2736329379313952,0.22298645041279352,0.0
OASIS_2,RandomForest,101,test,rotation__mild,rotation,mild,D:\OASIS_2\distortions_128\rotation\mild\Non_Demented\OAS2_0128\OAS2_0128_slice_15_z151.png,Non_Demented/OAS2_0128/OAS2_0128_slice_15_z151.png,Non-Demented/OAS2_0128/OAS2_0128_slice_15_z151.png,OAS2_0128,Non-Demented,0,0,Non-Demented,1,0.4564418598710934,0.3165212791747933,0.2237035276207799,0.0033333333333333335
OASIS_2,RandomForest,101,test,rotation__mild,rotation,mild,D:\OASIS_2\distortions_128\rotation\mild\Non_Demented\OAS2_0128\OAS2_0128_slice_16_z157.png,Non_Demented/OAS2_0128/OAS2_0128_slice_16_z157.png,Non-Demented/OAS2_0128/OAS2_0128_slice_16_z157.png,OAS2_0128,Non-Demented,0,0,Non-Demented,1,0.44768208147913013,0.3347508977284978,0.2109003541257054,0.006666666666666667
OASIS_2,RandomForest,101,test,rotation__mild,rotation,mild,D:\OASIS_2\distortions_128\rotation\mild\Non_Demented\OAS2_0128\OAS2_0128_slice_17_z162.png,Non_Demented/OAS2_0128/OAS2_0128_slice_17_z162.png,Non-Demented/OAS2_0128/OAS2_0128_slice_17_z162.png,OAS2_0128,Non-Demented,0,0,Non-Demented,1,0.43325366956859396,0.32995520065042466,0.23012446311431461,0.006666666666666667
OASIS_2,RandomForest,101,test,rotation__mild,rotation,mild,D:\OASIS_2\distortions_128\rotation\mild\Non_Demented\OAS2_0128\OAS2_0128_slice_18_z167.png,Non_Demented/OAS2_0128/OAS2_0128_slice_18_z167.png,Non-Demented/OAS2_0128/OAS2_0128_slice_18_z167.png,OAS2_0128,Non-Demented,0,0,Non-Demented,1,0.4177454183439803,0.3601336506393821,0.21545426434997103,0.006666666666666667
OASIS_2,RandomForest,101,test,rotation__mild,rotation,mild,D:\OASIS_2\distortions_128\rotation\mild\Non_Demented\OAS2_0128\OAS2_0128_slice_19_z173.png,Non_Demented/OAS2_0128/OAS2_0128_slice_19_z173.png,Non-Demented/OAS2_0128/OAS2_0128_slice_19_z173.png,OAS2_0128,Non-Demented,0,0,Non-Demented,1,0.43807849144952626,0.3495514840212035,0.21237002452927034,0.0
OASIS_2,RandomForest,101,test,rotation__mild,rotation,mild,D:\OASIS_2\distortions_128\rotation\mild\Non_Demented\OAS2_0128\OAS2_0128_slice_20_z178.png,Non_Demented/OAS2_0128/OAS2_0128_slice_20_z178.png,Non-Demented/OAS2_0128/OAS2_0128_slice_20_z178.png,OAS2_0128,Non-Demented,0,0,Non-Demented,1,0.44282905226813635,0.3616840461610998,0.19548690157076365,0.0
OASIS_2,RandomForest,101,test,rotation__mild,rotation,mild,D:\OASIS_2\distortions_128\rotation\mild\Non_Demented\OAS2_0135\OAS2_0135_slice_01_z077.png,Non_Demented/OAS2_0135/OAS2_0135_slice_01_z077.png,Non-Demented/OAS2_0135/OAS2_0135_slice_01_z077.png,OAS2_0135,Non-Demented,0,1,Very Mild Dementia,0,0.39132993994460397,0.40468829751012936,0.20398176254526676,0.0
OASIS_2,RandomForest,101,test,rotation__mild,rotation,mild,D:\OASIS_2\distortions_128\rotation\mild\Non_Demented\OAS2_0135\OAS2_0135_slice_02_z082.png,Non_Demented/OAS2_0135/OAS2_0135_slice_02_z082.png,Non-Demented/OAS2_0135/OAS2_0135_slice_02_z082.png,OAS2_0135,Non-Demented,0,1,Very Mild Dementia,0,0.38427350370594626,0.4048455201923468,0.21088097610170659,0.0
OASIS_2,RandomForest,101,test,rotation__mild,rotation,mild,D:\OASIS_2\distortions_128\rotation\mild\Non_Demented\OAS2_0135\OAS2_0135_slice_03_z088.png,Non_Demented/OAS2_0135/OAS2_0135_slice_03_z088.png,Non-Demented/OAS2_0135/OAS2_0135_slice_03_z088.png,OAS2_0135,Non-Demented,0,0,Non-Demented,1,0.41709322111925645,0.3409462517485026,0.24196052713224095,0.0
OASIS_2,RandomForest,101,test,rotation__mild,rotation,mild,D:\OASIS_2\distortions_128\rotation\mild\Non_Demented\OAS2_0135\OAS2_0135_slice_04_z093.png,Non_Demented/OAS2_0135/OAS2_0135_slice_04_z093.png,Non-Demented/OAS2_0135/OAS2_0135_slice_04_z093.png,OAS2_0135,Non-Demented,0,0,Non-Demented,1,0.4191386499541177,0.40094583824428004,0.1799155118016023,0.0
OASIS_2,RandomForest,101,test,rotation__mild,rotation,mild,D:\OASIS_2\distortions_128\rotation\mild\Non_Demented\OAS2_0135\OAS2_0135_slice_05_z098.png,Non_Demented/OAS2_0135/OAS2_0135_slice_05_z098.png,Non-Demented/OAS2_0135/OAS2_0135_slice_05_z098.png,OAS2_0135,Non-Demented,0,0,Non-Demented,1,0.41702533256605867,0.36452079488357847,0.21512053921702953,0.0033333333333333335
OASIS_2,RandomForest,101,test,rotation__mild,rotation,mild,D:\OASIS_2\distortions_128\rotation\mild\Non_Demented\OAS2_0135\OAS2_0135_slice_06_z104.png,Non_Demented/OAS2_0135/OAS2_0135_slice_06_z104.png,Non-Demented/OAS2_0135/OAS2_0135_slice_06_z104.png,OAS2_0135,Non-Demented,0,0,Non-Demented,1,0.38987362038622697,0.38614803743830045,0.22397834217547272,0.0
OASIS_2,RandomForest,101,test,rotation__mild,rotation,mild,D:\OASIS_2\distortions_128\rotation\mild\Non_Demented\OAS2_0135\OAS2_0135_slice_07_z109.png,Non_Demented/OAS2_0135/OAS2_0135_slice_07_z109.png,Non-Demented/OAS2_0135/OAS2_0135_slice_07_z109.png,OAS2_0135,Non-Demented,0,1,Very Mild Dementia,0,0.35025014691490525,0.4034187711625979,0.24633108192249661,0.0
OASIS_2,RandomForest,101,test,rotation__mild,rotation,mild,D:\OASIS_2\distortions_128\rotation\mild\Non_Demented\OAS2_0135\OAS2_0135_slice_08_z114.png,Non_Demented/OAS2_0135/OAS2_0135_slice_08_z114.png,Non-Demented/OAS2_0135/OAS2_0135_slice_08_z114.png,OAS2_0135,Non-Demented,0,0,Non-Demented,1,0.37501337475058155,0.3583122023823576,0.2666744228670605,0.0
OASIS_2,RandomForest,101,test,rotation__mild,rotation,mild,D:\OASIS_2\distortions_128\rotation\mild\Non_Demented\OAS2_0135\OAS2_0135_slice_09_z120.png,Non_Demented/OAS2_0135/OAS2_0135_slice_09_z120.png,Non-Demented/OAS2_0135/OAS2_0135_slice_09_z120.png,OAS2_0135,Non-Demented,0,0,Non-Demented,1,0.39657339492927013,0.3344236861017755,0.2690029189689544,0.0
OASIS_2,RandomForest,101,test,rotation__mild,rotation,mild,D:\OASIS_2\distortions_128\rotation\mild\Non_Demented\OAS2_0135\OAS2_0135_slice_10_z125.png,Non_Demented/OAS2_0135/OAS2_0135_slice_10_z125.png,Non-Demented/OAS2_0135/OAS2_0135_slice_10_z125.png,OAS2_0135,Non-Demented,0,1,Very Mild Dementia,0,0.3465268598270607,0.4303681632761885,0.22310497689675088,0.0
OASIS_2,RandomForest,101,test,rotation__mild,rotation,mild,D:\OASIS_2\distortions_128\rotation\mild\Non_Demented\OAS2_0135\OAS2_0135_slice_11_z130.png,Non_Demented/OAS2_0135/OAS2_0135_slice_11_z130.png,Non-Demented/OAS2_0135/OAS2_0135_slice_11_z130.png,OAS2_0135,Non-Demented,0,1,Very Mild Dementia,0,0.34694383392173755,0.48470854799804,0.16834761808022228,0.0
OASIS_2,RandomForest,101,test,rotation__mild,rotation,mild,D:\OASIS_2\distortions_128\rotation\mild\Non_Demented\OAS2_0135\OAS2_0135_slice_12_z135.png,Non_Demented/OAS2_0135/OAS2_0135_slice_12_z135.png,Non-Demented/OAS2_0135/OAS2_0135_slice_12_z135.png,OAS2_0135,Non-Demented,0,1,Very Mild Dementia,0,0.34392065806095695,0.4939806991033141,0.16209864283572883,0.0
OASIS_2,RandomForest,101,test,rotation__mild,rotation,mild,D:\OASIS_2\distortions_128\rotation\mild\Non_Demented\OAS2_0135\OAS2_0135_slice_13_z141.png,Non_Demented/OAS2_0135/OAS2_0135_slice_13_z141.png,Non-Demented/OAS2_0135/OAS2_0135_slice_13_z141.png,OAS2_0135,Non-Demented,0,1,Very Mild Dementia,0,0.33635806072231506,0.4982006071989275,0.1654413320787571,0.0
OASIS_2,RandomForest,101,test,rotation__mild,rotation,mild,D:\OASIS_2\distortions_128\rotation\mild\Non_Demented\OAS2_0135\OAS2_0135_slice_14_z146.png,Non_Demented/OAS2_0135/OAS2_0135_slice_14_z146.png,Non-Demented/OAS2_0135/OAS2_0135_slice_14_z146.png,OAS2_0135,Non-Demented,0,1,Very Mild Dementia,0,0.31013128883927377,0.48179902601714397,0.20806968514358226,0.0
OASIS_2,RandomForest,101,test,rotation__mild,rotation,mild,D:\OASIS_2\distortions_128\rotation\mild\Non_Demented\OAS2_0135\OAS2_0135_slice_15_z151.png,Non_Demented/OAS2_0135/OAS2_0135_slice_15_z151.png,Non-Demented/OAS2_0135/OAS2_0135_slice_15_z151.png,OAS2_0135,Non-Demented,0,1,Very Mild Dementia,0,0.3224057910617755,0.482191761395439,0.19540244754278532,0.0
OASIS_2,RandomForest,101,test,rotation__mild,rotation,mild,D:\OASIS_2\distortions_128\rotation\mild\Non_Demented\OAS2_0135\OAS2_0135_slice_16_z157.png,Non_Demented/OAS2_0135/OAS2_0135_slice_16_z157.png,Non-Demented/OAS2_0135/OAS2_0135_slice_16_z157.png,OAS2_0135,Non-Demented,0,1,Very Mild Dementia,0,0.3111692035851115,0.5255507777371422,0.16328001867774614,0.0
OASIS_2,RandomForest,101,test,rotation__mild,rotation,mild,D:\OASIS_2\distortions_128\rotation\mild\Non_Demented\OAS2_0135\OAS2_0135_slice_17_z162.png,Non_Demented/OAS2_0135/OAS2_0135_slice_17_z162.png,Non-Demented/OAS2_0135/OAS2_0135_slice_17_z162.png,OAS2_0135,Non-Demented,0,1,Very Mild Dementia,0,0.3362612779013889,0.4748685866043559,0.18887013549425508,0.0
OASIS_2,RandomForest,101,test,rotation__mild,rotation,mild,D:\OASIS_2\distortions_128\rotation\mild\Non_Demented\OAS2_0135\OAS2_0135_slice_18_z167.png,Non_Demented/OAS2_0135/OAS2_0135_slice_18_z167.png,Non-Demented/OAS2_0135/OAS2_0135_slice_18_z167.png,OAS2_0135,Non-Demented,0,1,Very Mild Dementia,0,0.36998910209594965,0.4593064983594207,0.1707043995446298,0.0
OASIS_2,RandomForest,101,test,rotation__mild,rotation,mild,D:\OASIS_2\distortions_128\rotation\mild\Non_Demented\OAS2_0135\OAS2_0135_slice_19_z173.png,Non_Demented/OAS2_0135/OAS2_0135_slice_19_z173.png,Non-Demented/OAS2_0135/OAS2_0135_slice_19_z173.png,OAS2_0135,Non-Demented,0,1,Very Mild Dementia,0,0.3699538769155743,0.4305660800193836,0.19948004306504233,0.0
OASIS_2,RandomForest,101,test,rotation__mild,rotation,mild,D:\OASIS_2\distortions_128\rotation\mild\Non_Demented\OAS2_0135\OAS2_0135_slice_20_z178.png,Non_Demented/OAS2_0135/OAS2_0135_slice_20_z178.png,Non-Demented/OAS2_0135/OAS2_0135_slice_20_z178.png,OAS2_0135,Non-Demented,0,0,Non-Demented,1,0.40493099725826975,0.38361077698901724,0.2114582257527133,0.0
OASIS_2,RandomForest,101,test,rotation__mild,rotation,mild,D:\OASIS_2\distortions_128\rotation\mild\Non_Demented\OAS2_0141\OAS2_0141_slice_01_z077.png,Non_Demented/OAS2_0141/OAS2_0141_slice_01_z077.png,Non-Demented/OAS2_0141/OAS2_0141_slice_01_z077.png,OAS2_0141,Non-Demented,0,0,Non-Demented,1,0.40168534584785287,0.33604049511920736,0.26227415903294,0.0
OASIS_2,RandomForest,101,test,rotation__mild,rotation,mild,D:\OASIS_2\distortions_128\rotation\mild\Non_Demented\OAS2_0141\OAS2_0141_slice_02_z082.png,Non_Demented/OAS2_0141/OAS2_0141_slice_02_z082.png,Non-Demented/OAS2_0141/OAS2_0141_slice_02_z082.png,OAS2_0141,Non-Demented,0,0,Non-Demented,1,0.35869308453801013,0.323018509727231,0.31828840573475864,0.0
OASIS_2,RandomForest,101,test,rotation__mild,rotation,mild,D:\OASIS_2\distortions_128\rotation\mild\Non_Demented\OAS2_0141\OAS2_0141_slice_03_z088.png,Non_Demented/OAS2_0141/OAS2_0141_slice_03_z088.png,Non-Demented/OAS2_0141/OAS2_0141_slice_03_z088.png,OAS2_0141,Non-Demented,0,0,Non-Demented,1,0.36777710619267706,0.3298674313457788,0.29902212912821036,0.0033333333333333335
OASIS_2,RandomForest,101,test,rotation__mild,rotation,mild,D:\OASIS_2\distortions_128\rotation\mild\Non_Demented\OAS2_0141\OAS2_0141_slice_04_z093.png,Non_Demented/OAS2_0141/OAS2_0141_slice_04_z093.png,Non-Demented/OAS2_0141/OAS2_0141_slice_04_z093.png,OAS2_0141,Non-Demented,0,0,Non-Demented,1,0.376008199369828,0.315017338893844,0.3056411284029945,0.0033333333333333335
OASIS_2,RandomForest,101,test,rotation__mild,rotation,mild,D:\OASIS_2\distortions_128\rotation\mild\Non_Demented\OAS2_0141\OAS2_0141_slice_05_z098.png,Non_Demented/OAS2_0141/OAS2_0141_slice_05_z098.png,Non-Demented/OAS2_0141/OAS2_0141_slice_05_z098.png,OAS2_0141,Non-Demented,0,0,Non-Demented,1,0.39133160768606967,0.31106214284720585,0.29760624946672437,0.0
OASIS_2,RandomForest,101,test,rotation__mild,rotation,mild,D:\OASIS_2\distortions_128\rotation\mild\Non_Demented\OAS2_0141\OAS2_0141_slice_06_z104.png,Non_Demented/OAS2_0141/OAS2_0141_slice_06_z104.png,Non-Demented/OAS2_0141/OAS2_0141_slice_06_z104.png,OAS2_0141,Non-Demented,0,0,Non-Demented,1,0.39582898386387655,0.3092443011279736,0.29159338167481635,0.0033333333333333335
OASIS_2,RandomForest,101,test,rotation__mild,rotation,mild,D:\OASIS_2\distortions_128\rotation\mild\Non_Demented\OAS2_0141\OAS2_0141_slice_07_z109.png,Non_Demented/OAS2_0141/OAS2_0141_slice_07_z109.png,Non-Demented/OAS2_0141/OAS2_0141_slice_07_z109.png,OAS2_0141,Non-Demented,0,0,Non-Demented,1,0.42783848915037426,0.29397347079080416,0.2748547067254881,0.0033333333333333335
OASIS_2,RandomForest,101,test,rotation__mild,rotation,mild,D:\OASIS_2\distortions_128\rotation\mild\Non_Demented\OAS2_0141\OAS2_0141_slice_08_z114.png,Non_Demented/OAS2_0141/OAS2_0141_slice_08_z114.png,Non-Demented/OAS2_0141/OAS2_0141_slice_08_z114.png,OAS2_0141,Non-Demented,0,0,Non-Demented,1,0.4341216516539957,0.306146773429128,0.25639824158354313,0.0033333333333333335
OASIS_2,RandomForest,101,test,rotation__mild,rotation,mild,D:\OASIS_2\distortions_128\rotation\mild\Non_Demented\OAS2_0141\OAS2_0141_slice_09_z120.png,Non_Demented/OAS2_0141/OAS2_0141_slice_09_z120.png,Non-Demented/OAS2_0141/OAS2_0141_slice_09_z120.png,OAS2_0141,Non-Demented,0,0,Non-Demented,1,0.4811315899547885,0.28827753559707625,0.230590874448135,0.0
OASIS_2,RandomForest,101,test,rotation__mild,rotation,mild,D:\OASIS_2\distortions_128\rotation\mild\Non_Demented\OAS2_0141\OAS2_0141_slice_10_z125.png,Non_Demented/OAS2_0141/OAS2_0141_slice_10_z125.png,Non-Demented/OAS2_0141/OAS2_0141_slice_10_z125.png,OAS2_0141,Non-Demented,0,0,Non-Demented,1,0.5362143185473651,0.2671123287904292,0.19667335266220604,0.0
OASIS_2,RandomForest,101,test,rotation__mild,rotation,mild,D:\OASIS_2\distortions_128\rotation\mild\Non_Demented\OAS2_0141\OAS2_0141_slice_11_z130.png,Non_Demented/OAS2_0141/OAS2_0141_slice_11_z130.png,Non-Demented/OAS2_0141/OAS2_0141_slice_11_z130.png,OAS2_0141,Non-Demented,0,0,Non-Demented,1,0.5831491177745309,0.23859308839201718,0.17825779383345253,0.0
OASIS_2,RandomForest,101,test,rotation__mild,rotation,mild,D:\OASIS_2\distortions_128\rotation\mild\Non_Demented\OAS2_0141\OAS2_0141_slice_12_z135.png,Non_Demented/OAS2_0141/OAS2_0141_slice_12_z135.png,Non-Demented/OAS2_0141/OAS2_0141_slice_12_z135.png,OAS2_0141,Non-Demented,0,0,Non-Demented,1,0.6032046216405461,0.2286426231356477,0.16815275522380657,0.0
OASIS_2,RandomForest,101,test,rotation__mild,rotation,mild,D:\OASIS_2\distortions_128\rotation\mild\Non_Demented\OAS2_0141\OAS2_0141_slice_13_z141.png,Non_Demented/OAS2_0141/OAS2_0141_slice_13_z141.png,Non-Demented/OAS2_0141/OAS2_0141_slice_13_z141.png,OAS2_0141,Non-Demented,0,0,Non-Demented,1,0.6145501757709266,0.22471670247274608,0.1607331217563277,0.0
OASIS_2,RandomForest,101,test,rotation__mild,rotation,mild,D:\OASIS_2\distortions_128\rotation\mild\Non_Demented\OAS2_0141\OAS2_0141_slice_14_z146.png,Non_Demented/OAS2_0141/OAS2_0141_slice_14_z146.png,Non-Demented/OAS2_0141/OAS2_0141_slice_14_z146.png,OAS2_0141,Non-Demented,0,0,Non-Demented,1,0.6005830208058222,0.2474190502186091,0.1519979289755691,0.0
OASIS_2,RandomForest,101,test,rotation__mild,rotation,mild,D:\OASIS_2\distortions_128\rotation\mild\Non_Demented\OAS2_0141\OAS2_0141_slice_15_z151.png,Non_Demented/OAS2_0141/OAS2_0141_slice_15_z151.png,Non-Demented/OAS2_0141/OAS2_0141_slice_15_z151.png,OAS2_0141,Non-Demented,0,0,Non-Demented,1,0.5980071670428139,0.23278067679395387,0.16921215616323218,0.0
OASIS_2,RandomForest,101,test,rotation__mild,rotation,mild,D:\OASIS_2\distortions_128\rotation\mild\Non_Demented\OAS2_0141\OAS2_0141_slice_16_z157.png,Non_Demented/OAS2_0141/OAS2_0141_slice_16_z157.png,Non-Demented/OAS2_0141/OAS2_0141_slice_16_z157.png,OAS2_0141,Non-Demented,0,0,Non-Demented,1,0.6048390031308015,0.22166512912803493,0.17349586774116432,0.0
OASIS_2,RandomForest,101,test,rotation__mild,rotation,mild,D:\OASIS_2\distortions_128\rotation\mild\Non_Demented\OAS2_0141\OAS2_0141_slice_17_z162.png,Non_Demented/OAS2_0141/OAS2_0141_slice_17_z162.png,Non-Demented/OAS2_0141/OAS2_0141_slice_17_z162.png,OAS2_0141,Non-Demented,0,0,Non-Demented,1,0.5737842966428501,0.23669859555333692,0.18951710780381306,0.0
OASIS_2,RandomForest,101,test,rotation__mild,rotation,mild,D:\OASIS_2\distortions_128\rotation\mild\Non_Demented\OAS2_0141\OAS2_0141_slice_18_z167.png,Non_Demented/OAS2_0141/OAS2_0141_slice_18_z167.png,Non-Demented/OAS2_0141/OAS2_0141_slice_18_z167.png,OAS2_0141,Non-Demented,0,0,Non-Demented,1,0.5959399486373015,0.23749034709334088,0.16656970426935763,0.0
OASIS_2,RandomForest,101,test,rotation__mild,rotation,mild,D:\OASIS_2\distortions_128\rotation\mild\Non_Demented\OAS2_0141\OAS2_0141_slice_19_z173.png,Non_Demented/OAS2_0141/OAS2_0141_slice_19_z173.png,Non-Demented/OAS2_0141/OAS2_0141_slice_19_z173.png,OAS2_0141,Non-Demented,0,0,Non-Demented,1,0.4569448508202664,0.3020872859386706,0.23763452990772965,0.0033333333333333335
OASIS_2,RandomForest,101,test,rotation__mild,rotation,mild,D:\OASIS_2\distortions_128\rotation\mild\Non_Demented\OAS2_0141\OAS2_0141_slice_20_z178.png,Non_Demented/OAS2_0141/OAS2_0141_slice_20_z178.png,Non-Demented/OAS2_0141/OAS2_0141_slice_20_z178.png,OAS2_0141,Non-Demented,0,0,Non-Demented,1,0.48606386096262194,0.2762220786268632,0.23771406041051463,0.0
OASIS_2,RandomForest,101,test,rotation__mild,rotation,mild,D:\OASIS_2\distortions_128\rotation\mild\Non_Demented\OAS2_0171\OAS2_0171_slice_01_z077.png,Non_Demented/OAS2_0171/OAS2_0171_slice_01_z077.png,Non-Demented/OAS2_0171/OAS2_0171_slice_01_z077.png,OAS2_0171,Non-Demented,0,1,Very Mild Dementia,0,0.27624378607845385,0.5324221704559494,0.19133404346559696,0.0
OASIS_2,RandomForest,101,test,rotation__mild,rotation,mild,D:\OASIS_2\distortions_128\rotation\mild\Non_Demented\OAS2_0171\OAS2_0171_slice_02_z082.png,Non_Demented/OAS2_0171/OAS2_0171_slice_02_z082.png,Non-Demented/OAS2_0171/OAS2_0171_slice_02_z082.png,OAS2_0171,Non-Demented,0,1,Very Mild Dementia,0,0.2904247646863426,0.547775656285003,0.15846624569532128,0.0033333333333333335
OASIS_2,RandomForest,101,test,rotation__mild,rotation,mild,D:\OASIS_2\distortions_128\rotation\mild\Non_Demented\OAS2_0171\OAS2_0171_slice_03_z088.png,Non_Demented/OAS2_0171/OAS2_0171_slice_03_z088.png,Non-Demented/OAS2_0171/OAS2_0171_slice_03_z088.png,OAS2_0171,Non-Demented,0,1,Very Mild Dementia,0,0.3102415656220916,0.5484805562061189,0.1346112115051229,0.006666666666666667
OASIS_2,RandomForest,101,test,rotation__mild,rotation,mild,D:\OASIS_2\distortions_128\rotation\mild\Non_Demented\OAS2_0171\OAS2_0171_slice_04_z093.png,Non_Demented/OAS2_0171/OAS2_0171_slice_04_z093.png,Non-Demented/OAS2_0171/OAS2_0171_slice_04_z093.png,OAS2_0171,Non-Demented,0,1,Very Mild Dementia,0,0.31474952618426805,0.5569155567468689,0.12166825040219621,0.006666666666666667
OASIS_2,RandomForest,101,test,rotation__mild,rotation,mild,D:\OASIS_2\distortions_128\rotation\mild\Non_Demented\OAS2_0171\OAS2_0171_slice_05_z098.png,Non_Demented/OAS2_0171/OAS2_0171_slice_05_z098.png,Non-Demented/OAS2_0171/OAS2_0171_slice_05_z098.png,OAS2_0171,Non-Demented,0,1,Very Mild Dementia,0,0.3748884592326044,0.4891561250010117,0.12595541576638372,0.01
OASIS_2,RandomForest,101,test,rotation__mild,rotation,mild,D:\OASIS_2\distortions_128\rotation\mild\Non_Demented\OAS2_0171\OAS2_0171_slice_06_z104.png,Non_Demented/OAS2_0171/OAS2_0171_slice_06_z104.png,Non-Demented/OAS2_0171/OAS2_0171_slice_06_z104.png,OAS2_0171,Non-Demented,0,1,Very Mild Dementia,0,0.35376822502493926,0.5032448040126256,0.13632030429576833,0.006666666666666667
OASIS_2,RandomForest,101,test,rotation__mild,rotation,mild,D:\OASIS_2\distortions_128\rotation\mild\Non_Demented\OAS2_0171\OAS2_0171_slice_07_z109.png,Non_Demented/OAS2_0171/OAS2_0171_slice_07_z109.png,Non-Demented/OAS2_0171/OAS2_0171_slice_07_z109.png,OAS2_0171,Non-Demented,0,1,Very Mild Dementia,0,0.4306956066789517,0.4748333263343995,0.09447106698664862,0.0
OASIS_2,RandomForest,101,test,rotation__mild,rotation,mild,D:\OASIS_2\distortions_128\rotation\mild\Non_Demented\OAS2_0171\OAS2_0171_slice_08_z114.png,Non_Demented/OAS2_0171/OAS2_0171_slice_08_z114.png,Non-Demented/OAS2_0171/OAS2_0171_slice_08_z114.png,OAS2_0171,Non-Demented,0,1,Very Mild Dementia,0,0.42697876228614545,0.4636959344843109,0.10599196989621026,0.0033333333333333335
OASIS_2,RandomForest,101,test,rotation__mild,rotation,mild,D:\OASIS_2\distortions_128\rotation\mild\Non_Demented\OAS2_0171\OAS2_0171_slice_09_z120.png,Non_Demented/OAS2_0171/OAS2_0171_slice_09_z120.png,Non-Demented/OAS2_0171/OAS2_0171_slice_09_z120.png,OAS2_0171,Non-Demented,0,1,Very Mild Dementia,0,0.4244605767967999,0.4714638538599066,0.10407556934329332,0.0
OASIS_2,RandomForest,101,test,rotation__mild,rotation,mild,D:\OASIS_2\distortions_128\rotation\mild\Non_Demented\OAS2_0171\OAS2_0171_slice_10_z125.png,Non_Demented/OAS2_0171/OAS2_0171_slice_10_z125.png,Non-Demented/OAS2_0171/OAS2_0171_slice_10_z125.png,OAS2_0171,Non-Demented,0,1,Very Mild Dementia,0,0.42684312982071293,0.46307680539981805,0.11008006477946888,0.0
OASIS_2,RandomForest,101,test,rotation__mild,rotation,mild,D:\OASIS_2\distortions_128\rotation\mild\Non_Demented\OAS2_0171\OAS2_0171_slice_11_z130.png,Non_Demented/OAS2_0171/OAS2_0171_slice_11_z130.png,Non-Demented/OAS2_0171/OAS2_0171_slice_11_z130.png,OAS2_0171,Non-Demented,0,1,Very Mild Dementia,0,0.4043079531558111,0.45404995932526815,0.12830875418558735,0.013333333333333334
OASIS_2,RandomForest,101,test,rotation__mild,rotation,mild,D:\OASIS_2\distortions_128\rotation\mild\Non_Demented\OAS2_0171\OAS2_0171_slice_12_z135.png,Non_Demented/OAS2_0171/OAS2_0171_slice_12_z135.png,Non-Demented/OAS2_0171/OAS2_0171_slice_12_z135.png,OAS2_0171,Non-Demented,0,1,Very Mild Dementia,0,0.39317267950346146,0.4780021241727713,0.1254918629904338,0.0033333333333333335
OASIS_2,RandomForest,101,test,rotation__mild,rotation,mild,D:\OASIS_2\distortions_128\rotation\mild\Non_Demented\OAS2_0171\OAS2_0171_slice_13_z141.png,Non_Demented/OAS2_0171/OAS2_0171_slice_13_z141.png,Non-Demented/OAS2_0171/OAS2_0171_slice_13_z141.png,OAS2_0171,Non-Demented,0,0,Non-Demented,1,0.47761213699887245,0.42873749783298515,0.0936503651681425,0.0
OASIS_2,RandomForest,101,test,rotation__mild,rotation,mild,D:\OASIS_2\distortions_128\rotation\mild\Non_Demented\OAS2_0171\OAS2_0171_slice_14_z146.png,Non_Demented/OAS2_0171/OAS2_0171_slice_14_z146.png,Non-Demented/OAS2_0171/OAS2_0171_slice_14_z146.png,OAS2_0171,Non-Demented,0,1,Very Mild Dementia,0,0.35722467463748603,0.5179621037721246,0.11814655492372272,0.006666666666666667
OASIS_2,RandomForest,101,test,rotation__mild,rotation,mild,D:\OASIS_2\distortions_128\rotation\mild\Non_Demented\OAS2_0171\OAS2_0171_slice_15_z151.png,Non_Demented/OAS2_0171/OAS2_0171_slice_15_z151.png,Non-Demented/OAS2_0171/OAS2_0171_slice_15_z151.png,OAS2_0171,Non-Demented,0,1,Very Mild Dementia,0,0.42115348419473425,0.47432258725229653,0.10452392855296935,0.0
OASIS_2,RandomForest,101,test,rotation__mild,rotation,mild,D:\OASIS_2\distortions_128\rotation\mild\Non_Demented\OAS2_0171\OAS2_0171_slice_16_z157.png,Non_Demented/OAS2_0171/OAS2_0171_slice_16_z157.png,Non-Demented/OAS2_0171/OAS2_0171_slice_16_z157.png,OAS2_0171,Non-Demented,0,1,Very Mild Dementia,0,0.3833992386923117,0.5267759242978983,0.08649150367645672,0.0033333333333333335
OASIS_2,RandomForest,101,test,rotation__mild,rotation,mild,D:\OASIS_2\distortions_128\rotation\mild\Non_Demented\OAS2_0171\OAS2_0171_slice_17_z162.png,Non_Demented/OAS2_0171/OAS2_0171_slice_17_z162.png,Non-Demented/OAS2_0171/OAS2_0171_slice_17_z162.png,OAS2_0171,Non-Demented,0,1,Very Mild Dementia,0,0.36221630239412356,0.5180723941953906,0.11971130341048596,0.0
OASIS_2,RandomForest,101,test,rotation__mild,rotation,mild,D:\OASIS_2\distortions_128\rotation\mild\Non_Demented\OAS2_0171\OAS2_0171_slice_18_z167.png,Non_Demented/OAS2_0171/OAS2_0171_slice_18_z167.png,Non-Demented/OAS2_0171/OAS2_0171_slice_18_z167.png,OAS2_0171,Non-Demented,0,1,Very Mild Dementia,0,0.3745006700176229,0.5026730221308254,0.11949297451821875,0.0033333333333333335
OASIS_2,RandomForest,101,test,rotation__mild,rotation,mild,D:\OASIS_2\distortions_128\rotation\mild\Non_Demented\OAS2_0171\OAS2_0171_slice_19_z173.png,Non_Demented/OAS2_0171/OAS2_0171_slice_19_z173.png,Non-Demented/OAS2_0171/OAS2_0171_slice_19_z173.png,OAS2_0171,Non-Demented,0,1,Very Mild Dementia,0,0.38547081371088465,0.41772936997733057,0.18346648297845158,0.013333333333333334
OASIS_2,RandomForest,101,test,rotation__mild,rotation,mild,D:\OASIS_2\distortions_128\rotation\mild\Non_Demented\OAS2_0171\OAS2_0171_slice_20_z178.png,Non_Demented/OAS2_0171/OAS2_0171_slice_20_z178.png,Non-Demented/OAS2_0171/OAS2_0171_slice_20_z178.png,OAS2_0171,Non-Demented,0,1,Very Mild Dementia,0,0.39509885257008986,0.4536256849656919,0.15127546246421825,0.0
OASIS_2,RandomForest,101,test,rotation__mild,rotation,mild,D:\OASIS_2\distortions_128\rotation\mild\Very_Mild_Dementia\OAS2_0009\OAS2_0009_slice_01_z077.png,Very_Mild_Dementia/OAS2_0009/OAS2_0009_slice_01_z077.png,Very Mild Dementia/OAS2_0009/OAS2_0009_slice_01_z077.png,OAS2_0009,Very Mild Dementia,1,2,Mild Dementia,0,0.3335422067685373,0.30410814937257497,0.35568297719222064,0.006666666666666667
OASIS_2,RandomForest,101,test,rotation__mild,rotation,mild,D:\OASIS_2\distortions_128\rotation\mild\Very_Mild_Dementia\OAS2_0009\OAS2_0009_slice_02_z082.png,Very_Mild_Dementia/OAS2_0009/OAS2_0009_slice_02_z082.png,Very Mild Dementia/OAS2_0009/OAS2_0009_slice_02_z082.png,OAS2_0009,Very Mild Dementia,1,1,Very Mild Dementia,1,0.3045618635669717,0.37240259157417277,0.3130355448588555,0.01
OASIS_2,RandomForest,101,test,rotation__mild,rotation,mild,D:\OASIS_2\distortions_128\rotation\mild\Very_Mild_Dementia\OAS2_0009\OAS2_0009_slice_03_z088.png,Very_Mild_Dementia/OAS2_0009/OAS2_0009_slice_03_z088.png,Very Mild Dementia/OAS2_0009/OAS2_0009_slice_03_z088.png,OAS2_0009,Very Mild Dementia,1,0,Non-Demented,0,0.3707688481243099,0.292500529464997,0.33673062241069296,0.0
OASIS_2,RandomForest,101,test,rotation__mild,rotation,mild,D:\OASIS_2\distortions_128\rotation\mild\Very_Mild_Dementia\OAS2_0009\OAS2_0009_slice_04_z093.png,Very_Mild_Dementia/OAS2_0009/OAS2_0009_slice_04_z093.png,Very Mild Dementia/OAS2_0009/OAS2_0009_slice_04_z093.png,OAS2_0009,Very Mild Dementia,1,0,Non-Demented,0,0.3443853256123293,0.32278535161400623,0.3294959894403311,0.0033333333333333335
OASIS_2,RandomForest,101,test,rotation__mild,rotation,mild,D:\OASIS_2\distortions_128\rotation\mild\Very_Mild_Dementia\OAS2_0009\OAS2_0009_slice_05_z098.png,Very_Mild_Dementia/OAS2_0009/OAS2_0009_slice_05_z098.png,Very Mild Dementia/OAS2_0009/OAS2_0009_slice_05_z098.png,OAS2_0009,Very Mild Dementia,1,0,Non-Demented,0,0.37216424173080737,0.2709878947036093,0.3535145302322496,0.0033333333333333335
OASIS_2,RandomForest,101,test,rotation__mild,rotation,mild,D:\OASIS_2\distortions_128\rotation\mild\Very_Mild_Dementia\OAS2_0009\OAS2_0009_slice_06_z104.png,Very_Mild_Dementia/OAS2_0009/OAS2_0009_slice_06_z104.png,Very Mild Dementia/OAS2_0009/OAS2_0009_slice_06_z104.png,OAS2_0009,Very Mild Dementia,1,0,Non-Demented,0,0.3616099606002493,0.286562134367122,0.35182790503262834,0.0
OASIS_2,RandomForest,101,test,rotation__mild,rotation,mild,D:\OASIS_2\distortions_128\rotation\mild\Very_Mild_Dementia\OAS2_0009\OAS2_0009_slice_07_z109.png,Very_Mild_Dementia/OAS2_0009/OAS2_0009_slice_07_z109.png,Very Mild Dementia/OAS2_0009/OAS2_0009_slice_07_z109.png,OAS2_0009,Very Mild Dementia,1,0,Non-Demented,0,0.3634433706471304,0.2840403626571431,0.34584960002905984,0.006666666666666667
OASIS_2,RandomForest,101,test,rotation__mild,rotation,mild,D:\OASIS_2\distortions_128\rotation\mild\Very_Mild_Dementia\OAS2_0009\OAS2_0009_slice_08_z114.png,Very_Mild_Dementia/OAS2_0009/OAS2_0009_slice_08_z114.png,Very Mild Dementia/OAS2_0009/OAS2_0009_slice_08_z114.png,OAS2_0009,Very Mild Dementia,1,0,Non-Demented,0,0.4073882577540059,0.2749188390487242,0.31769290319727,0.0
OASIS_2,RandomForest,101,test,rotation__mild,rotation,mild,D:\OASIS_2\distortions_128\rotation\mild\Very_Mild_Dementia\OAS2_0009\OAS2_0009_slice_09_z120.png,Very_Mild_Dementia/OAS2_0009/OAS2_0009_slice_09_z120.png,Very Mild Dementia/OAS2_0009/OAS2_0009_slice_09_z120.png,OAS2_0009,Very Mild Dementia,1,0,Non-Demented,0,0.40055159008711194,0.2575252858528386,0.33858979072671574,0.0033333333333333335
OASIS_2,RandomForest,101,test,rotation__mild,rotation,mild,D:\OASIS_2\distortions_128\rotation\mild\Very_Mild_Dementia\OAS2_0009\OAS2_0009_slice_10_z125.png,Very_Mild_Dementia/OAS2_0009/OAS2_0009_slice_10_z125.png,Very Mild Dementia/OAS2_0009/OAS2_0009_slice_10_z125.png,OAS2_0009,Very Mild Dementia,1,0,Non-Demented,0,0.4054259902415033,0.33725193530988334,0.2539887411152798,0.0033333333333333335
OASIS_2,RandomForest,101,test,rotation__mild,rotation,mild,D:\OASIS_2\distortions_128\rotation\mild\Very_Mild_Dementia\OAS2_0009\OAS2_0009_slice_11_z130.png,Very_Mild_Dementia/OAS2_0009/OAS2_0009_slice_11_z130.png,Very Mild Dementia/OAS2_0009/OAS2_0009_slice_11_z130.png,OAS2_0009,Very Mild Dementia,1,0,Non-Demented,0,0.4298701322938058,0.2880419528167305,0.2820879148894635,0.0
OASIS_2,RandomForest,101,test,rotation__mild,rotation,mild,D:\OASIS_2\distortions_128\rotation\mild\Very_Mild_Dementia\OAS2_0009\OAS2_0009_slice_12_z135.png,Very_Mild_Dementia/OAS2_0009/OAS2_0009_slice_12_z135.png,Very Mild Dementia/OAS2_0009/OAS2_0009_slice_12_z135.png,OAS2_0009,Very Mild Dementia,1,0,Non-Demented,0,0.461789079241947,0.28596765312218575,0.24890993430253355,0.0033333333333333335
OASIS_2,RandomForest,101,test,rotation__mild,rotation,mild,D:\OASIS_2\distortions_128\rotation\mild\Very_Mild_Dementia\OAS2_0009\OAS2_0009_slice_13_z141.png,Very_Mild_Dementia/OAS2_0009/OAS2_0009_slice_13_z141.png,Very Mild Dementia/OAS2_0009/OAS2_0009_slice_13_z141.png,OAS2_0009,Very Mild Dementia,1,0,Non-Demented,0,0.5095769926085512,0.2832852967015777,0.2071377106898708,0.0
OASIS_2,RandomForest,101,test,rotation__mild,rotation,mild,D:\OASIS_2\distortions_128\rotation\mild\Very_Mild_Dementia\OAS2_0009\OAS2_0009_slice_14_z146.png,Very_Mild_Dementia/OAS2_0009/OAS2_0009_slice_14_z146.png,Very Mild Dementia/OAS2_0009/OAS2_0009_slice_14_z146.png,OAS2_0009,Very Mild Dementia,1,0,Non-Demented,0,0.5308128173921819,0.2886064909085718,0.17724735836591282,0.0033333333333333335
OASIS_2,RandomForest,101,test,rotation__mild,rotation,mild,D:\OASIS_2\distortions_128\rotation\mild\Very_Mild_Dementia\OAS2_0009\OAS2_0009_slice_15_z151.png,Very_Mild_Dementia/OAS2_0009/OAS2_0009_slice_15_z151.png,Very Mild Dementia/OAS2_0009/OAS2_0009_slice_15_z151.png,OAS2_0009,Very Mild Dementia,1,0,Non-Demented,0,0.5360375544756256,0.26790340273791535,0.19272570945312556,0.0033333333333333335
OASIS_2,RandomForest,101,test,rotation__mild,rotation,mild,D:\OASIS_2\distortions_128\rotation\mild\Very_Mild_Dementia\OAS2_0009\OAS2_0009_slice_16_z157.png,Very_Mild_Dementia/OAS2_0009/OAS2_0009_slice_16_z157.png,Very Mild Dementia/OAS2_0009/OAS2_0009_slice_16_z157.png,OAS2_0009,Very Mild Dementia,1,0,Non-Demented,0,0.5025328916226386,0.3037860941356452,0.19034768090838272,0.0033333333333333335
OASIS_2,RandomForest,101,test,rotation__mild,rotation,mild,D:\OASIS_2\distortions_128\rotation\mild\Very_Mild_Dementia\OAS2_0009\OAS2_0009_slice_17_z162.png,Very_Mild_Dementia/OAS2_0009/OAS2_0009_slice_17_z162.png,Very Mild Dementia/OAS2_0009/OAS2_0009_slice_17_z162.png,OAS2_0009,Very Mild Dementia,1,0,Non-Demented,0,0.514269179721019,0.3053840039040338,0.17701348304161343,0.0033333333333333335
OASIS_2,RandomForest,101,test,rotation__mild,rotation,mild,D:\OASIS_2\distortions_128\rotation\mild\Very_Mild_Dementia\OAS2_0009\OAS2_0009_slice_18_z167.png,Very_Mild_Dementia/OAS2_0009/OAS2_0009_slice_18_z167.png,Very Mild Dementia/OAS2_0009/OAS2_0009_slice_18_z167.png,OAS2_0009,Very Mild Dementia,1,0,Non-Demented,0,0.5223737287699095,0.2992082087050642,0.17508472919169335,0.0033333333333333335
OASIS_2,RandomForest,101,test,rotation__mild,rotation,mild,D:\OASIS_2\distortions_128\rotation\mild\Very_Mild_Dementia\OAS2_0009\OAS2_0009_slice_19_z173.png,Very_Mild_Dementia/OAS2_0009/OAS2_0009_slice_19_z173.png,Very Mild Dementia/OAS2_0009/OAS2_0009_slice_19_z173.png,OAS2_0009,Very Mild Dementia,1,0,Non-Demented,0,0.4721750061232811,0.32416025662535525,0.1969980705846969,0.006666666666666667
OASIS_2,RandomForest,101,test,rotation__mild,rotation,mild,D:\OASIS_2\distortions_128\rotation\mild\Very_Mild_Dementia\OAS2_0009\OAS2_0009_slice_20_z178.png,Very_Mild_Dementia/OAS2_0009/OAS2_0009_slice_20_z178.png,Very Mild Dementia/OAS2_0009/OAS2_0009_slice_20_z178.png,OAS2_0009,Very Mild Dementia,1,0,Non-Demented,0,0.35888638030511294,0.29574258924033553,0.29203769712121785,0.05333333333333334
OASIS_2,RandomForest,101,test,rotation__mild,rotation,mild,D:\OASIS_2\distortions_128\rotation\mild\Very_Mild_Dementia\OAS2_0020\OAS2_0020_slice_01_z077.png,Very_Mild_Dementia/OAS2_0020/OAS2_0020_slice_01_z077.png,Very Mild Dementia/OAS2_0020/OAS2_0020_slice_01_z077.png,OAS2_0020,Very Mild Dementia,1,0,Non-Demented,0,0.4247933798633424,0.3445569385503679,0.23064968158628962,0.0
OASIS_2,RandomForest,101,test,rotation__mild,rotation,mild,D:\OASIS_2\distortions_128\rotation\mild\Very_Mild_Dementia\OAS2_0020\OAS2_0020_slice_02_z082.png,Very_Mild_Dementia/OAS2_0020/OAS2_0020_slice_02_z082.png,Very Mild Dementia/OAS2_0020/OAS2_0020_slice_02_z082.png,OAS2_0020,Very Mild Dementia,1,0,Non-Demented,0,0.41020573340865035,0.3435905220703896,0.2428704111876264,0.0033333333333333335
OASIS_2,RandomForest,101,test,rotation__mild,rotation,mild,D:\OASIS_2\distortions_128\rotation\mild\Very_Mild_Dementia\OAS2_0020\OAS2_0020_slice_03_z088.png,Very_Mild_Dementia/OAS2_0020/OAS2_0020_slice_03_z088.png,Very Mild Dementia/OAS2_0020/OAS2_0020_slice_03_z088.png,OAS2_0020,Very Mild Dementia,1,1,Very Mild Dementia,1,0.3786189318969899,0.399927202130826,0.21812053263885062,0.0033333333333333335
OASIS_2,RandomForest,101,test,rotation__mild,rotation,mild,D:\OASIS_2\distortions_128\rotation\mild\Very_Mild_Dementia\OAS2_0020\OAS2_0020_slice_04_z093.png,Very_Mild_Dementia/OAS2_0020/OAS2_0020_slice_04_z093.png,Very Mild Dementia/OAS2_0020/OAS2_0020_slice_04_z093.png,OAS2_0020,Very Mild Dementia,1,0,Non-Demented,0,0.44651098408935014,0.3294565979896178,0.22069908458769902,0.0033333333333333335
OASIS_2,RandomForest,101,test,rotation__mild,rotation,mild,D:\OASIS_2\distortions_128\rotation\mild\Very_Mild_Dementia\OAS2_0020\OAS2_0020_slice_05_z098.png,Very_Mild_Dementia/OAS2_0020/OAS2_0020_slice_05_z098.png,Very Mild Dementia/OAS2_0020/OAS2_0020_slice_05_z098.png,OAS2_0020,Very Mild Dementia,1,1,Very Mild Dementia,1,0.3918949029208797,0.3993514730696183,0.2020869573428353,0.006666666666666667
OASIS_2,RandomForest,101,test,rotation__mild,rotation,mild,D:\OASIS_2\distortions_128\rotation\mild\Very_Mild_Dementia\OAS2_0020\OAS2_0020_slice_06_z104.png,Very_Mild_Dementia/OAS2_0020/OAS2_0020_slice_06_z104.png,Very Mild Dementia/OAS2_0020/OAS2_0020_slice_06_z104.png,OAS2_0020,Very Mild Dementia,1,1,Very Mild Dementia,1,0.33929042673800236,0.4264540107112994,0.23425556255069813,0.0
OASIS_2,RandomForest,101,test,rotation__mild,rotation,mild,D:\OASIS_2\distortions_128\rotation\mild\Very_Mild_Dementia\OAS2_0020\OAS2_0020_slice_07_z109.png,Very_Mild_Dementia/OAS2_0020/OAS2_0020_slice_07_z109.png,Very Mild Dementia/OAS2_0020/OAS2_0020_slice_07_z109.png,OAS2_0020,Very Mild Dementia,1,1,Very Mild Dementia,1,0.38545762715920706,0.4333837610285741,0.18115861181221868,0.0
OASIS_2,RandomForest,101,test,rotation__mild,rotation,mild,D:\OASIS_2\distortions_128\rotation\mild\Very_Mild_Dementia\OAS2_0020\OAS2_0020_slice_08_z114.png,Very_Mild_Dementia/OAS2_0020/OAS2_0020_slice_08_z114.png,Very Mild Dementia/OAS2_0020/OAS2_0020_slice_08_z114.png,OAS2_0020,Very Mild Dementia,1,1,Very Mild Dementia,1,0.36218123086453874,0.45738783371705544,0.17709760208507294,0.0033333333333333335
OASIS_2,RandomForest,101,test,rotation__mild,rotation,mild,D:\OASIS_2\distortions_128\rotation\mild\Very_Mild_Dementia\OAS2_0020\OAS2_0020_slice_09_z120.png,Very_Mild_Dementia/OAS2_0020/OAS2_0020_slice_09_z120.png,Very Mild Dementia/OAS2_0020/OAS2_0020_slice_09_z120.png,OAS2_0020,Very Mild Dementia,1,0,Non-Demented,0,0.3879284705559895,0.36334949214170814,0.24872203730230216,0.0
OASIS_2,RandomForest,101,test,rotation__mild,rotation,mild,D:\OASIS_2\distortions_128\rotation\mild\Very_Mild_Dementia\OAS2_0020\OAS2_0020_slice_10_z125.png,Very_Mild_Dementia/OAS2_0020/OAS2_0020_slice_10_z125.png,Very Mild Dementia/OAS2_0020/OAS2_0020_slice_10_z125.png,OAS2_0020,Very Mild Dementia,1,0,Non-Demented,0,0.40899846402917334,0.3414318408531053,0.24956969511772129,0.0
OASIS_2,RandomForest,101,test,rotation__mild,rotation,mild,D:\OASIS_2\distortions_128\rotation\mild\Very_Mild_Dementia\OAS2_0020\OAS2_0020_slice_11_z130.png,Very_Mild_Dementia/OAS2_0020/OAS2_0020_slice_11_z130.png,Very Mild Dementia/OAS2_0020/OAS2_0020_slice_11_z130.png,OAS2_0020,Very Mild Dementia,1,0,Non-Demented,0,0.4160631494985721,0.380825046412775,0.19977847075531982,0.0033333333333333335
OASIS_2,RandomForest,101,test,rotation__mild,rotation,mild,D:\OASIS_2\distortions_128\rotation\mild\Very_Mild_Dementia\OAS2_0020\OAS2_0020_slice_12_z135.png,Very_Mild_Dementia/OAS2_0020/OAS2_0020_slice_12_z135.png,Very Mild Dementia/OAS2_0020/OAS2_0020_slice_12_z135.png,OAS2_0020,Very Mild Dementia,1,0,Non-Demented,0,0.46037273965750664,0.3553065979097262,0.18432066243276757,0.0
OASIS_2,RandomForest,101,test,rotation__mild,rotation,mild,D:\OASIS_2\distortions_128\rotation\mild\Very_Mild_Dementia\OAS2_0020\OAS2_0020_slice_13_z141.png,Very_Mild_Dementia/OAS2_0020/OAS2_0020_slice_13_z141.png,Very Mild Dementia/OAS2_0020/OAS2_0020_slice_13_z141.png,OAS2_0020,Very Mild Dementia,1,0,Non-Demented,0,0.47238025851247223,0.3769624799482682,0.15065726153925957,0.0
OASIS_2,RandomForest,101,test,rotation__mild,rotation,mild,D:\OASIS_2\distortions_128\rotation\mild\Very_Mild_Dementia\OAS2_0020\OAS2_0020_slice_14_z146.png,Very_Mild_Dementia/OAS2_0020/OAS2_0020_slice_14_z146.png,Very Mild Dementia/OAS2_0020/OAS2_0020_slice_14_z146.png,OAS2_0020,Very Mild Dementia,1,0,Non-Demented,0,0.526928682430654,0.3692744345867267,0.1037968829826195,0.0
OASIS_2,RandomForest,101,test,rotation__mild,rotation,mild,D:\OASIS_2\distortions_128\rotation\mild\Very_Mild_Dementia\OAS2_0020\OAS2_0020_slice_15_z151.png,Very_Mild_Dementia/OAS2_0020/OAS2_0020_slice_15_z151.png,Very Mild Dementia/OAS2_0020/OAS2_0020_slice_15_z151.png,OAS2_0020,Very Mild Dementia,1,0,Non-Demented,0,0.4947612149350695,0.37050256616621785,0.1347362188987125,0.0
OASIS_2,RandomForest,101,test,rotation__mild,rotation,mild,D:\OASIS_2\distortions_128\rotation\mild\Very_Mild_Dementia\OAS2_0020\OAS2_0020_slice_16_z157.png,Very_Mild_Dementia/OAS2_0020/OAS2_0020_slice_16_z157.png,Very Mild Dementia/OAS2_0020/OAS2_0020_slice_16_z157.png,OAS2_0020,Very Mild Dementia,1,0,Non-Demented,0,0.4674275680347198,0.4125098038333776,0.12006262813190245,0.0
OASIS_2,RandomForest,101,test,rotation__mild,rotation,mild,D:\OASIS_2\distortions_128\rotation\mild\Very_Mild_Dementia\OAS2_0020\OAS2_0020_slice_17_z162.png,Very_Mild_Dementia/OAS2_0020/OAS2_0020_slice_17_z162.png,Very Mild Dementia/OAS2_0020/OAS2_0020_slice_17_z162.png,OAS2_0020,Very Mild Dementia,1,1,Very Mild Dementia,1,0.4293438407593927,0.4341149625919824,0.13654119664862457,0.0
OASIS_2,RandomForest,101,test,rotation__mild,rotation,mild,D:\OASIS_2\distortions_128\rotation\mild\Very_Mild_Dementia\OAS2_0020\OAS2_0020_slice_18_z167.png,Very_Mild_Dementia/OAS2_0020/OAS2_0020_slice_18_z167.png,Very Mild Dementia/OAS2_0020/OAS2_0020_slice_18_z167.png,OAS2_0020,Very Mild Dementia,1,0,Non-Demented,0,0.4997289398460587,0.3759881678493574,0.12428289230458375,0.0
OASIS_2,RandomForest,101,test,rotation__mild,rotation,mild,D:\OASIS_2\distortions_128\rotation\mild\Very_Mild_Dementia\OAS2_0020\OAS2_0020_slice_19_z173.png,Very_Mild_Dementia/OAS2_0020/OAS2_0020_slice_19_z173.png,Very Mild Dementia/OAS2_0020/OAS2_0020_slice_19_z173.png,OAS2_0020,Very Mild Dementia,1,0,Non-Demented,0,0.48637022509077477,0.39860964080515415,0.11168680077073806,0.0033333333333333335
OASIS_2,RandomForest,101,test,rotation__mild,rotation,mild,D:\OASIS_2\distortions_128\rotation\mild\Very_Mild_Dementia\OAS2_0020\OAS2_0020_slice_20_z178.png,Very_Mild_Dementia/OAS2_0020/OAS2_0020_slice_20_z178.png,Very Mild Dementia/OAS2_0020/OAS2_0020_slice_20_z178.png,OAS2_0020,Very Mild Dementia,1,0,Non-Demented,0,0.47694137037807705,0.429212321718056,0.09384630790386703,0.0
OASIS_2,RandomForest,101,test,rotation__mild,rotation,mild,D:\OASIS_2\distortions_128\rotation\mild\Very_Mild_Dementia\OAS2_0021\OAS2_0021_slice_01_z077.png,Very_Mild_Dementia/OAS2_0021/OAS2_0021_slice_01_z077.png,Very Mild Dementia/OAS2_0021/OAS2_0021_slice_01_z077.png,OAS2_0021,Very Mild Dementia,1,0,Non-Demented,0,0.40174764359909765,0.36024589877351165,0.22467312429405722,0.013333333333333334
OASIS_2,RandomForest,101,test,rotation__mild,rotation,mild,D:\OASIS_2\distortions_128\rotation\mild\Very_Mild_Dementia\OAS2_0021\OAS2_0021_slice_02_z082.png,Very_Mild_Dementia/OAS2_0021/OAS2_0021_slice_02_z082.png,Very Mild Dementia/OAS2_0021/OAS2_0021_slice_02_z082.png,OAS2_0021,Very Mild Dementia,1,0,Non-Demented,0,0.3884763324935458,0.3753954096037927,0.22612825790266133,0.01
OASIS_2,RandomForest,101,test,rotation__mild,rotation,mild,D:\OASIS_2\distortions_128\rotation\mild\Very_Mild_Dementia\OAS2_0021\OAS2_0021_slice_03_z088.png,Very_Mild_Dementia/OAS2_0021/OAS2_0021_slice_03_z088.png,Very Mild Dementia/OAS2_0021/OAS2_0021_slice_03_z088.png,OAS2_0021,Very Mild Dementia,1,1,Very Mild Dementia,1,0.37491452126349495,0.462288502957513,0.1261303091123252,0.03666666666666667
OASIS_2,RandomForest,101,test,rotation__mild,rotation,mild,D:\OASIS_2\distortions_128\rotation\mild\Very_Mild_Dementia\OAS2_0021\OAS2_0021_slice_04_z093.png,Very_Mild_Dementia/OAS2_0021/OAS2_0021_slice_04_z093.png,Very Mild Dementia/OAS2_0021/OAS2_0021_slice_04_z093.png,OAS2_0021,Very Mild Dementia,1,1,Very Mild Dementia,1,0.38590421304898415,0.4519890072354758,0.14544011304887353,0.016666666666666666
OASIS_2,RandomForest,101,test,rotation__mild,rotation,mild,D:\OASIS_2\distortions_128\rotation\mild\Very_Mild_Dementia\OAS2_0021\OAS2_0021_slice_05_z098.png,Very_Mild_Dementia/OAS2_0021/OAS2_0021_slice_05_z098.png,Very Mild Dementia/OAS2_0021/OAS2_0021_slice_05_z098.png,OAS2_0021,Very Mild Dementia,1,1,Very Mild Dementia,1,0.3820856549523424,0.4574786225927604,0.15376905578823047,0.006666666666666667
OASIS_2,RandomForest,101,test,rotation__mild,rotation,mild,D:\OASIS_2\distortions_128\rotation\mild\Very_Mild_Dementia\OAS2_0021\OAS2_0021_slice_06_z104.png,Very_Mild_Dementia/OAS2_0021/OAS2_0021_slice_06_z104.png,Very Mild Dementia/OAS2_0021/OAS2_0021_slice_06_z104.png,OAS2_0021,Very Mild Dementia,1,1,Very Mild Dementia,1,0.29778141364207933,0.564204798202239,0.13468045482234808,0.0033333333333333335
OASIS_2,RandomForest,101,test,rotation__mild,rotation,mild,D:\OASIS_2\distortions_128\rotation\mild\Very_Mild_Dementia\OAS2_0021\OAS2_0021_slice_07_z109.png,Very_Mild_Dementia/OAS2_0021/OAS2_0021_slice_07_z109.png,Very Mild Dementia/OAS2_0021/OAS2_0021_slice_07_z109.png,OAS2_0021,Very Mild Dementia,1,1,Very Mild Dementia,1,0.31586883897783385,0.5222105063414514,0.15858732134738143,0.0033333333333333335
OASIS_2,RandomForest,101,test,rotation__mild,rotation,mild,D:\OASIS_2\distortions_128\rotation\mild\Very_Mild_Dementia\OAS2_0021\OAS2_0021_slice_08_z114.png,Very_Mild_Dementia/OAS2_0021/OAS2_0021_slice_08_z114.png,Very Mild Dementia/OAS2_0021/OAS2_0021_slice_08_z114.png,OAS2_0021,Very Mild Dementia,1,1,Very Mild Dementia,1,0.2651648184394879,0.5760761316383072,0.15875904992220494,0.0
OASIS_2,RandomForest,101,test,rotation__mild,rotation,mild,D:\OASIS_2\distortions_128\rotation\mild\Very_Mild_Dementia\OAS2_0021\OAS2_0021_slice_09_z120.png,Very_Mild_Dementia/OAS2_0021/OAS2_0021_slice_09_z120.png,Very Mild Dementia/OAS2_0021/OAS2_0021_slice_09_z120.png,OAS2_0021,Very Mild Dementia,1,1,Very Mild Dementia,1,0.30951096887119545,0.5488363574695065,0.13831934032596474,0.0033333333333333335
OASIS_2,RandomForest,101,test,rotation__mild,rotation,mild,D:\OASIS_2\distortions_128\rotation\mild\Very_Mild_Dementia\OAS2_0021\OAS2_0021_slice_10_z125.png,Very_Mild_Dementia/OAS2_0021/OAS2_0021_slice_10_z125.png,Very Mild Dementia/OAS2_0021/OAS2_0021_slice_10_z125.png,OAS2_0021,Very Mild Dementia,1,1,Very Mild Dementia,1,0.25890399316970547,0.6030796567894656,0.13801635004082852,0.0
OASIS_2,RandomForest,101,test,rotation__mild,rotation,mild,D:\OASIS_2\distortions_128\rotation\mild\Very_Mild_Dementia\OAS2_0021\OAS2_0021_slice_11_z130.png,Very_Mild_Dementia/OAS2_0021/OAS2_0021_slice_11_z130.png,Very Mild Dementia/OAS2_0021/OAS2_0021_slice_11_z130.png,OAS2_0021,Very Mild Dementia,1,1,Very Mild Dementia,1,0.28474946104981985,0.5700799865563398,0.1451705523938397,0.0
OASIS_2,RandomForest,101,test,rotation__mild,rotation,mild,D:\OASIS_2\distortions_128\rotation\mild\Very_Mild_Dementia\OAS2_0021\OAS2_0021_slice_12_z135.png,Very_Mild_Dementia/OAS2_0021/OAS2_0021_slice_12_z135.png,Very Mild Dementia/OAS2_0021/OAS2_0021_slice_12_z135.png,OAS2_0021,Very Mild Dementia,1,1,Very Mild Dementia,1,0.26455216146781096,0.6139044287545194,0.12154340977766925,0.0
OASIS_2,RandomForest,101,test,rotation__mild,rotation,mild,D:\OASIS_2\distortions_128\rotation\mild\Very_Mild_Dementia\OAS2_0021\OAS2_0021_slice_13_z141.png,Very_Mild_Dementia/OAS2_0021/OAS2_0021_slice_13_z141.png,Very Mild Dementia/OAS2_0021/OAS2_0021_slice_13_z141.png,OAS2_0021,Very Mild Dementia,1,1,Very Mild Dementia,1,0.25612399618406007,0.613549663924609,0.12699300655799745,0.0033333333333333335
OASIS_2,RandomForest,101,test,rotation__mild,rotation,mild,D:\OASIS_2\distortions_128\rotation\mild\Very_Mild_Dementia\OAS2_0021\OAS2_0021_slice_14_z146.png,Very_Mild_Dementia/OAS2_0021/OAS2_0021_slice_14_z146.png,Very Mild Dementia/OAS2_0021/OAS2_0021_slice_14_z146.png,OAS2_0021,Very Mild Dementia,1,1,Very Mild Dementia,1,0.27476357393426704,0.5796447286258736,0.14559169743985906,0.0
OASIS_2,RandomForest,101,test,rotation__mild,rotation,mild,D:\OASIS_2\distortions_128\rotation\mild\Very_Mild_Dementia\OAS2_0021\OAS2_0021_slice_15_z151.png,Very_Mild_Dementia/OAS2_0021/OAS2_0021_slice_15_z151.png,Very Mild Dementia/OAS2_0021/OAS2_0021_slice_15_z151.png,OAS2_0021,Very Mild Dementia,1,1,Very Mild Dementia,1,0.2275049666550897,0.6214656421539337,0.15102939119097622,0.0
OASIS_2,RandomForest,101,test,rotation__mild,rotation,mild,D:\OASIS_2\distortions_128\rotation\mild\Very_Mild_Dementia\OAS2_0021\OAS2_0021_slice_16_z157.png,Very_Mild_Dementia/OAS2_0021/OAS2_0021_slice_16_z157.png,Very Mild Dementia/OAS2_0021/OAS2_0021_slice_16_z157.png,OAS2_0021,Very Mild Dementia,1,1,Very Mild Dementia,1,0.2216931392357308,0.6433303829093479,0.13497647785492134,0.0
OASIS_2,RandomForest,101,test,rotation__mild,rotation,mild,D:\OASIS_2\distortions_128\rotation\mild\Very_Mild_Dementia\OAS2_0021\OAS2_0021_slice_17_z162.png,Very_Mild_Dementia/OAS2_0021/OAS2_0021_slice_17_z162.png,Very Mild Dementia/OAS2_0021/OAS2_0021_slice_17_z162.png,OAS2_0021,Very Mild Dementia,1,1,Very Mild Dementia,1,0.218885648858486,0.6374741637453222,0.14364018739619208,0.0
OASIS_2,RandomForest,101,test,rotation__mild,rotation,mild,D:\OASIS_2\distortions_128\rotation\mild\Very_Mild_Dementia\OAS2_0021\OAS2_0021_slice_18_z167.png,Very_Mild_Dementia/OAS2_0021/OAS2_0021_slice_18_z167.png,Very Mild Dementia/OAS2_0021/OAS2_0021_slice_18_z167.png,OAS2_0021,Very Mild Dementia,1,1,Very Mild Dementia,1,0.2743451999049078,0.5839016295978339,0.1417531704972585,0.0
OASIS_2,RandomForest,101,test,rotation__mild,rotation,mild,D:\OASIS_2\distortions_128\rotation\mild\Very_Mild_Dementia\OAS2_0021\OAS2_0021_slice_19_z173.png,Very_Mild_Dementia/OAS2_0021/OAS2_0021_slice_19_z173.png,Very Mild Dementia/OAS2_0021/OAS2_0021_slice_19_z173.png,OAS2_0021,Very Mild Dementia,1,1,Very Mild Dementia,1,0.3268712694288782,0.5131450336321728,0.15998369693894915,0.0
OASIS_2,RandomForest,101,test,rotation__mild,rotation,mild,D:\OASIS_2\distortions_128\rotation\mild\Very_Mild_Dementia\OAS2_0021\OAS2_0021_slice_20_z178.png,Very_Mild_Dementia/OAS2_0021/OAS2_0021_slice_20_z178.png,Very Mild Dementia/OAS2_0021/OAS2_0021_slice_20_z178.png,OAS2_0021,Very Mild Dementia,1,1,Very Mild Dementia,1,0.4003726256123961,0.4260919822625471,0.17353539212505675,0.0
OASIS_2,RandomForest,101,test,rotation__mild,rotation,mild,D:\OASIS_2\distortions_128\rotation\mild\Very_Mild_Dementia\OAS2_0040\OAS2_0040_slice_01_z077.png,Very_Mild_Dementia/OAS2_0040/OAS2_0040_slice_01_z077.png,Very Mild Dementia/OAS2_0040/OAS2_0040_slice_01_z077.png,OAS2_0040,Very Mild Dementia,1,0,Non-Demented,0,0.421971980651626,0.4182123446125699,0.15648234140247083,0.0033333333333333335
OASIS_2,RandomForest,101,test,rotation__mild,rotation,mild,D:\OASIS_2\distortions_128\rotation\mild\Very_Mild_Dementia\OAS2_0040\OAS2_0040_slice_02_z082.png,Very_Mild_Dementia/OAS2_0040/OAS2_0040_slice_02_z082.png,Very Mild Dementia/OAS2_0040/OAS2_0040_slice_02_z082.png,OAS2_0040,Very Mild Dementia,1,1,Very Mild Dementia,1,0.40744634325387963,0.42101231275910955,0.16487467732034394,0.006666666666666667
OASIS_2,RandomForest,101,test,rotation__mild,rotation,mild,D:\OASIS_2\distortions_128\rotation\mild\Very_Mild_Dementia\OAS2_0040\OAS2_0040_slice_03_z088.png,Very_Mild_Dementia/OAS2_0040/OAS2_0040_slice_03_z088.png,Very Mild Dementia/OAS2_0040/OAS2_0040_slice_03_z088.png,OAS2_0040,Very Mild Dementia,1,0,Non-Demented,0,0.4267114201083256,0.3974170198250074,0.17253822673333355,0.0033333333333333335
OASIS_2,RandomForest,101,test,rotation__mild,rotation,mild,D:\OASIS_2\distortions_128\rotation\mild\Very_Mild_Dementia\OAS2_0040\OAS2_0040_slice_04_z093.png,Very_Mild_Dementia/OAS2_0040/OAS2_0040_slice_04_z093.png,Very Mild Dementia/OAS2_0040/OAS2_0040_slice_04_z093.png,OAS2_0040,Very Mild Dementia,1,0,Non-Demented,0,0.4848453105806893,0.33267067625667773,0.1791506798292995,0.0033333333333333335
OASIS_2,RandomForest,101,test,rotation__mild,rotation,mild,D:\OASIS_2\distortions_128\rotation\mild\Very_Mild_Dementia\OAS2_0040\OAS2_0040_slice_05_z098.png,Very_Mild_Dementia/OAS2_0040/OAS2_0040_slice_05_z098.png,Very Mild Dementia/OAS2_0040/OAS2_0040_slice_05_z098.png,OAS2_0040,Very Mild Dementia,1,0,Non-Demented,0,0.4950487352980948,0.3142831584877909,0.177334772880781,0.013333333333333334
OASIS_2,RandomForest,101,test,rotation__mild,rotation,mild,D:\OASIS_2\distortions_128\rotation\mild\Very_Mild_Dementia\OAS2_0040\OAS2_0040_slice_06_z104.png,Very_Mild_Dementia/OAS2_0040/OAS2_0040_slice_06_z104.png,Very Mild Dementia/OAS2_0040/OAS2_0040_slice_06_z104.png,OAS2_0040,Very Mild Dementia,1,0,Non-Demented,0,0.5279548069226387,0.3426156174305324,0.12942957564682855,0.0
OASIS_2,RandomForest,101,test,rotation__mild,rotation,mild,D:\OASIS_2\distortions_128\rotation\mild\Very_Mild_Dementia\OAS2_0040\OAS2_0040_slice_07_z109.png,Very_Mild_Dementia/OAS2_0040/OAS2_0040_slice_07_z109.png,Very Mild Dementia/OAS2_0040/OAS2_0040_slice_07_z109.png,OAS2_0040,Very Mild Dementia,1,0,Non-Demented,0,0.5213248674170646,0.35855588828093465,0.12011924430200073,0.0
OASIS_2,RandomForest,101,test,rotation__mild,rotation,mild,D:\OASIS_2\distortions_128\rotation\mild\Very_Mild_Dementia\OAS2_0040\OAS2_0040_slice_08_z114.png,Very_Mild_Dementia/OAS2_0040/OAS2_0040_slice_08_z114.png,Very Mild Dementia/OAS2_0040/OAS2_0040_slice_08_z114.png,OAS2_0040,Very Mild Dementia,1,0,Non-Demented,0,0.5238476429599731,0.34405792935380475,0.12876109435288888,0.0033333333333333335
OASIS_2,RandomForest,101,test,rotation__mild,rotation,mild,D:\OASIS_2\distortions_128\rotation\mild\Very_Mild_Dementia\OAS2_0040\OAS2_0040_slice_09_z120.png,Very_Mild_Dementia/OAS2_0040/OAS2_0040_slice_09_z120.png,Very Mild Dementia/OAS2_0040/OAS2_0040_slice_09_z120.png,OAS2_0040,Very Mild Dementia,1,0,Non-Demented,0,0.5657656679368763,0.3123896194173072,0.12184471264581646,0.0
OASIS_2,RandomForest,101,test,rotation__mild,rotation,mild,D:\OASIS_2\distortions_128\rotation\mild\Very_Mild_Dementia\OAS2_0040\OAS2_0040_slice_10_z125.png,Very_Mild_Dementia/OAS2_0040/OAS2_0040_slice_10_z125.png,Very Mild Dementia/OAS2_0040/OAS2_0040_slice_10_z125.png,OAS2_0040,Very Mild Dementia,1,0,Non-Demented,0,0.5160208510693218,0.34389513479234723,0.14008401413833102,0.0
OASIS_2,RandomForest,101,test,rotation__mild,rotation,mild,D:\OASIS_2\distortions_128\rotation\mild\Very_Mild_Dementia\OAS2_0040\OAS2_0040_slice_11_z130.png,Very_Mild_Dementia/OAS2_0040/OAS2_0040_slice_11_z130.png,Very Mild Dementia/OAS2_0040/OAS2_0040_slice_11_z130.png,OAS2_0040,Very Mild Dementia,1,0,Non-Demented,0,0.5085940217038722,0.3647499136049545,0.126656064691173,0.0
OASIS_2,RandomForest,101,test,rotation__mild,rotation,mild,D:\OASIS_2\distortions_128\rotation\mild\Very_Mild_Dementia\OAS2_0040\OAS2_0040_slice_12_z135.png,Very_Mild_Dementia/OAS2_0040/OAS2_0040_slice_12_z135.png,Very Mild Dementia/OAS2_0040/OAS2_0040_slice_12_z135.png,OAS2_0040,Very Mild Dementia,1,0,Non-Demented,0,0.43976472530461497,0.412991436710167,0.14391050465188446,0.0033333333333333335
OASIS_2,RandomForest,101,test,rotation__mild,rotation,mild,D:\OASIS_2\distortions_128\rotation\mild\Very_Mild_Dementia\OAS2_0040\OAS2_0040_slice_13_z141.png,Very_Mild_Dementia/OAS2_0040/OAS2_0040_slice_13_z141.png,Very Mild Dementia/OAS2_0040/OAS2_0040_slice_13_z141.png,OAS2_0040,Very Mild Dementia,1,0,Non-Demented,0,0.4389575689368881,0.4074848792614959,0.1535575518016158,0.0
OASIS_2,RandomForest,101,test,rotation__mild,rotation,mild,D:\OASIS_2\distortions_128\rotation\mild\Very_Mild_Dementia\OAS2_0040\OAS2_0040_slice_14_z146.png,Very_Mild_Dementia/OAS2_0040/OAS2_0040_slice_14_z146.png,Very Mild Dementia/OAS2_0040/OAS2_0040_slice_14_z146.png,OAS2_0040,Very Mild Dementia,1,0,Non-Demented,0,0.4844996455797849,0.36433998290394337,0.14116037151627192,0.01
OASIS_2,RandomForest,101,test,rotation__mild,rotation,mild,D:\OASIS_2\distortions_128\rotation\mild\Very_Mild_Dementia\OAS2_0040\OAS2_0040_slice_15_z151.png,Very_Mild_Dementia/OAS2_0040/OAS2_0040_slice_15_z151.png,Very Mild Dementia/OAS2_0040/OAS2_0040_slice_15_z151.png,OAS2_0040,Very Mild Dementia,1,0,Non-Demented,0,0.4891203544836096,0.34819131009757126,0.16268833541881933,0.0
OASIS_2,RandomForest,101,test,rotation__mild,rotation,mild,D:\OASIS_2\distortions_128\rotation\mild\Very_Mild_Dementia\OAS2_0040\OAS2_0040_slice_16_z157.png,Very_Mild_Dementia/OAS2_0040/OAS2_0040_slice_16_z157.png,Very Mild Dementia/OAS2_0040/OAS2_0040_slice_16_z157.png,OAS2_0040,Very Mild Dementia,1,1,Very Mild Dementia,1,0.42637633803373115,0.44683232790942556,0.12012466739017659,0.006666666666666667
OASIS_2,RandomForest,101,test,rotation__mild,rotation,mild,D:\OASIS_2\distortions_128\rotation\mild\Very_Mild_Dementia\OAS2_0040\OAS2_0040_slice_17_z162.png,Very_Mild_Dementia/OAS2_0040/OAS2_0040_slice_17_z162.png,Very Mild Dementia/OAS2_0040/OAS2_0040_slice_17_z162.png,OAS2_0040,Very Mild Dementia,1,1,Very Mild Dementia,1,0.4307545063275876,0.4378849049703975,0.12469392203534797,0.006666666666666667
OASIS_2,RandomForest,101,test,rotation__mild,rotation,mild,D:\OASIS_2\distortions_128\rotation\mild\Very_Mild_Dementia\OAS2_0040\OAS2_0040_slice_18_z167.png,Very_Mild_Dementia/OAS2_0040/OAS2_0040_slice_18_z167.png,Very Mild Dementia/OAS2_0040/OAS2_0040_slice_18_z167.png,OAS2_0040,Very Mild Dementia,1,1,Very Mild Dementia,1,0.4321701278617581,0.4503349612852715,0.11749491085297038,0.0
OASIS_2,RandomForest,101,test,rotation__mild,rotation,mild,D:\OASIS_2\distortions_128\rotation\mild\Very_Mild_Dementia\OAS2_0040\OAS2_0040_slice_19_z173.png,Very_Mild_Dementia/OAS2_0040/OAS2_0040_slice_19_z173.png,Very Mild Dementia/OAS2_0040/OAS2_0040_slice_19_z173.png,OAS2_0040,Very Mild Dementia,1,1,Very Mild Dementia,1,0.3859458130023565,0.48580485513683547,0.1282493318608079,0.0
OASIS_2,RandomForest,101,test,rotation__mild,rotation,mild,D:\OASIS_2\distortions_128\rotation\mild\Very_Mild_Dementia\OAS2_0040\OAS2_0040_slice_20_z178.png,Very_Mild_Dementia/OAS2_0040/OAS2_0040_slice_20_z178.png,Very Mild Dementia/OAS2_0040/OAS2_0040_slice_20_z178.png,OAS2_0040,Very Mild Dementia,1,1,Very Mild Dementia,1,0.391155623514645,0.48811739415589256,0.11739364899612914,0.0033333333333333335
OASIS_2,RandomForest,101,test,rotation__mild,rotation,mild,D:\OASIS_2\distortions_128\rotation\mild\Very_Mild_Dementia\OAS2_0098\OAS2_0098_slice_01_z077.png,Very_Mild_Dementia/OAS2_0098/OAS2_0098_slice_01_z077.png,Very Mild Dementia/OAS2_0098/OAS2_0098_slice_01_z077.png,OAS2_0098,Very Mild Dementia,1,0,Non-Demented,0,0.4115504845650185,0.28013572082222155,0.30831379461275965,0.0
OASIS_2,RandomForest,101,test,rotation__mild,rotation,mild,D:\OASIS_2\distortions_128\rotation\mild\Very_Mild_Dementia\OAS2_0098\OAS2_0098_slice_02_z082.png,Very_Mild_Dementia/OAS2_0098/OAS2_0098_slice_02_z082.png,Very Mild Dementia/OAS2_0098/OAS2_0098_slice_02_z082.png,OAS2_0098,Very Mild Dementia,1,0,Non-Demented,0,0.36895041468487183,0.32352103647198555,0.28086188217647573,0.02666666666666667
OASIS_2,RandomForest,101,test,rotation__mild,rotation,mild,D:\OASIS_2\distortions_128\rotation\mild\Very_Mild_Dementia\OAS2_0098\OAS2_0098_slice_03_z088.png,Very_Mild_Dementia/OAS2_0098/OAS2_0098_slice_03_z088.png,Very Mild Dementia/OAS2_0098/OAS2_0098_slice_03_z088.png,OAS2_0098,Very Mild Dementia,1,0,Non-Demented,0,0.3874055293158209,0.27741008961120006,0.33518438107297877,0.0
OASIS_2,RandomForest,101,test,rotation__mild,rotation,mild,D:\OASIS_2\distortions_128\rotation\mild\Very_Mild_Dementia\OAS2_0098\OAS2_0098_slice_04_z093.png,Very_Mild_Dementia/OAS2_0098/OAS2_0098_slice_04_z093.png,Very Mild Dementia/OAS2_0098/OAS2_0098_slice_04_z093.png,OAS2_0098,Very Mild Dementia,1,0,Non-Demented,0,0.44304334940392776,0.2631007142275838,0.2938559363684885,0.0
OASIS_2,RandomForest,101,test,rotation__mild,rotation,mild,D:\OASIS_2\distortions_128\rotation\mild\Very_Mild_Dementia\OAS2_0098\OAS2_0098_slice_05_z098.png,Very_Mild_Dementia/OAS2_0098/OAS2_0098_slice_05_z098.png,Very Mild Dementia/OAS2_0098/OAS2_0098_slice_05_z098.png,OAS2_0098,Very Mild Dementia,1,0,Non-Demented,0,0.4267891399380246,0.2899380794396858,0.27660611395562323,0.006666666666666667
OASIS_2,RandomForest,101,test,rotation__mild,rotation,mild,D:\OASIS_2\distortions_128\rotation\mild\Very_Mild_Dementia\OAS2_0098\OAS2_0098_slice_06_z104.png,Very_Mild_Dementia/OAS2_0098/OAS2_0098_slice_06_z104.png,Very Mild Dementia/OAS2_0098/OAS2_0098_slice_06_z104.png,OAS2_0098,Very Mild Dementia,1,0,Non-Demented,0,0.47078886266636943,0.2890317554293576,0.23351271523760636,0.006666666666666667
OASIS_2,RandomForest,101,test,rotation__mild,rotation,mild,D:\OASIS_2\distortions_128\rotation\mild\Very_Mild_Dementia\OAS2_0098\OAS2_0098_slice_07_z109.png,Very_Mild_Dementia/OAS2_0098/OAS2_0098_slice_07_z109.png,Very Mild Dementia/OAS2_0098/OAS2_0098_slice_07_z109.png,OAS2_0098,Very Mild Dementia,1,0,Non-Demented,0,0.4420623138708215,0.3131538265369079,0.23811719292560396,0.006666666666666667
OASIS_2,RandomForest,101,test,rotation__mild,rotation,mild,D:\OASIS_2\distortions_128\rotation\mild\Very_Mild_Dementia\OAS2_0098\OAS2_0098_slice_08_z114.png,Very_Mild_Dementia/OAS2_0098/OAS2_0098_slice_08_z114.png,Very Mild Dementia/OAS2_0098/OAS2_0098_slice_08_z114.png,OAS2_0098,Very Mild Dementia,1,0,Non-Demented,0,0.5275589308038856,0.25133028934969953,0.2177774465130816,0.0033333333333333335
OASIS_2,RandomForest,101,test,rotation__mild,rotation,mild,D:\OASIS_2\distortions_128\rotation\mild\Very_Mild_Dementia\OAS2_0098\OAS2_0098_slice_09_z120.png,Very_Mild_Dementia/OAS2_0098/OAS2_0098_slice_09_z120.png,Very Mild Dementia/OAS2_0098/OAS2_0098_slice_09_z120.png,OAS2_0098,Very Mild Dementia,1,0,Non-Demented,0,0.4422978811197148,0.34475607117373197,0.2062793810398868,0.006666666666666667
OASIS_2,RandomForest,101,test,rotation__mild,rotation,mild,D:\OASIS_2\distortions_128\rotation\mild\Very_Mild_Dementia\OAS2_0098\OAS2_0098_slice_10_z125.png,Very_Mild_Dementia/OAS2_0098/OAS2_0098_slice_10_z125.png,Very Mild Dementia/OAS2_0098/OAS2_0098_slice_10_z125.png,OAS2_0098,Very Mild Dementia,1,0,Non-Demented,0,0.4687844672270207,0.2871577957101669,0.24405773706281206,0.0
OASIS_2,RandomForest,101,test,rotation__mild,rotation,mild,D:\OASIS_2\distortions_128\rotation\mild\Very_Mild_Dementia\OAS2_0098\OAS2_0098_slice_11_z130.png,Very_Mild_Dementia/OAS2_0098/OAS2_0098_slice_11_z130.png,Very Mild Dementia/OAS2_0098/OAS2_0098_slice_11_z130.png,OAS2_0098,Very Mild Dementia,1,0,Non-Demented,0,0.4137687693794738,0.38272767708008915,0.20017022020710382,0.0033333333333333335
OASIS_2,RandomForest,101,test,rotation__mild,rotation,mild,D:\OASIS_2\distortions_128\rotation\mild\Very_Mild_Dementia\OAS2_0098\OAS2_0098_slice_12_z135.png,Very_Mild_Dementia/OAS2_0098/OAS2_0098_slice_12_z135.png,Very Mild Dementia/OAS2_0098/OAS2_0098_slice_12_z135.png,OAS2_0098,Very Mild Dementia,1,0,Non-Demented,0,0.42877485008562977,0.2921784734598112,0.279046676454559,0.0
OASIS_2,RandomForest,101,test,rotation__mild,rotation,mild,D:\OASIS_2\distortions_128\rotation\mild\Very_Mild_Dementia\OAS2_0098\OAS2_0098_slice_13_z141.png,Very_Mild_Dementia/OAS2_0098/OAS2_0098_slice_13_z141.png,Very Mild Dementia/OAS2_0098/OAS2_0098_slice_13_z141.png,OAS2_0098,Very Mild Dementia,1,0,Non-Demented,0,0.5335291852968341,0.27684845968489824,0.18962235501826727,0.0
OASIS_2,RandomForest,101,test,rotation__mild,rotation,mild,D:\OASIS_2\distortions_128\rotation\mild\Very_Mild_Dementia\OAS2_0098\OAS2_0098_slice_14_z146.png,Very_Mild_Dementia/OAS2_0098/OAS2_0098_slice_14_z146.png,Very Mild Dementia/OAS2_0098/OAS2_0098_slice_14_z146.png,OAS2_0098,Very Mild Dementia,1,0,Non-Demented,0,0.44508811293512024,0.3626776765580309,0.18890087717351545,0.0033333333333333335
OASIS_2,RandomForest,101,test,rotation__mild,rotation,mild,D:\OASIS_2\distortions_128\rotation\mild\Very_Mild_Dementia\OAS2_0098\OAS2_0098_slice_15_z151.png,Very_Mild_Dementia/OAS2_0098/OAS2_0098_slice_15_z151.png,Very Mild Dementia/OAS2_0098/OAS2_0098_slice_15_z151.png,OAS2_0098,Very Mild Dementia,1,0,Non-Demented,0,0.4911755770726893,0.25999106669300354,0.24883335623430686,0.0
OASIS_2,RandomForest,101,test,rotation__mild,rotation,mild,D:\OASIS_2\distortions_128\rotation\mild\Very_Mild_Dementia\OAS2_0098\OAS2_0098_slice_16_z157.png,Very_Mild_Dementia/OAS2_0098/OAS2_0098_slice_16_z157.png,Very Mild Dementia/OAS2_0098/OAS2_0098_slice_16_z157.png,OAS2_0098,Very Mild Dementia,1,0,Non-Demented,0,0.46796420906655517,0.33420805637992895,0.1944944012201825,0.0033333333333333335
OASIS_2,RandomForest,101,test,rotation__mild,rotation,mild,D:\OASIS_2\distortions_128\rotation\mild\Very_Mild_Dementia\OAS2_0098\OAS2_0098_slice_17_z162.png,Very_Mild_Dementia/OAS2_0098/OAS2_0098_slice_17_z162.png,Very Mild Dementia/OAS2_0098/OAS2_0098_slice_17_z162.png,OAS2_0098,Very Mild Dementia,1,0,Non-Demented,0,0.46532036025128565,0.33507624537623093,0.19627006103914998,0.0033333333333333335
OASIS_2,RandomForest,101,test,rotation__mild,rotation,mild,D:\OASIS_2\distortions_128\rotation\mild\Very_Mild_Dementia\OAS2_0098\OAS2_0098_slice_18_z167.png,Very_Mild_Dementia/OAS2_0098/OAS2_0098_slice_18_z167.png,Very Mild Dementia/OAS2_0098/OAS2_0098_slice_18_z167.png,OAS2_0098,Very Mild Dementia,1,0,Non-Demented,0,0.46167991318793355,0.3471405599884857,0.1911795268235808,0.0
OASIS_2,RandomForest,101,test,rotation__mild,rotation,mild,D:\OASIS_2\distortions_128\rotation\mild\Very_Mild_Dementia\OAS2_0098\OAS2_0098_slice_19_z173.png,Very_Mild_Dementia/OAS2_0098/OAS2_0098_slice_19_z173.png,Very Mild Dementia/OAS2_0098/OAS2_0098_slice_19_z173.png,OAS2_0098,Very Mild Dementia,1,0,Non-Demented,0,0.4716096515039694,0.3491775534158968,0.17587946174680066,0.0033333333333333335
OASIS_2,RandomForest,101,test,rotation__mild,rotation,mild,D:\OASIS_2\distortions_128\rotation\mild\Very_Mild_Dementia\OAS2_0098\OAS2_0098_slice_20_z178.png,Very_Mild_Dementia/OAS2_0098/OAS2_0098_slice_20_z178.png,Very Mild Dementia/OAS2_0098/OAS2_0098_slice_20_z178.png,OAS2_0098,Very Mild Dementia,1,0,Non-Demented,0,0.4402589216014982,0.32285253915133955,0.23688853924716222,0.0
OASIS_2,RandomForest,101,test,rotation__mild,rotation,mild,D:\OASIS_2\distortions_128\rotation\mild\Very_Mild_Dementia\OAS2_0102\OAS2_0102_slice_01_z077.png,Very_Mild_Dementia/OAS2_0102/OAS2_0102_slice_01_z077.png,Very Mild Dementia/OAS2_0102/OAS2_0102_slice_01_z077.png,OAS2_0102,Very Mild Dementia,1,1,Very Mild Dementia,1,0.23613094573504137,0.5382682665167672,0.22560078774819142,0.0
OASIS_2,RandomForest,101,test,rotation__mild,rotation,mild,D:\OASIS_2\distortions_128\rotation\mild\Very_Mild_Dementia\OAS2_0102\OAS2_0102_slice_02_z082.png,Very_Mild_Dementia/OAS2_0102/OAS2_0102_slice_02_z082.png,Very Mild Dementia/OAS2_0102/OAS2_0102_slice_02_z082.png,OAS2_0102,Very Mild Dementia,1,1,Very Mild Dementia,1,0.2154399386962432,0.5551395647125581,0.22942049659119865,0.0
OASIS_2,RandomForest,101,test,rotation__mild,rotation,mild,D:\OASIS_2\distortions_128\rotation\mild\Very_Mild_Dementia\OAS2_0102\OAS2_0102_slice_03_z088.png,Very_Mild_Dementia/OAS2_0102/OAS2_0102_slice_03_z088.png,Very Mild Dementia/OAS2_0102/OAS2_0102_slice_03_z088.png,OAS2_0102,Very Mild Dementia,1,1,Very Mild Dementia,1,0.20785066827430487,0.6133827762780786,0.17876655544761688,0.0
OASIS_2,RandomForest,101,test,rotation__mild,rotation,mild,D:\OASIS_2\distortions_128\rotation\mild\Very_Mild_Dementia\OAS2_0102\OAS2_0102_slice_04_z093.png,Very_Mild_Dementia/OAS2_0102/OAS2_0102_slice_04_z093.png,Very Mild Dementia/OAS2_0102/OAS2_0102_slice_04_z093.png,OAS2_0102,Very Mild Dementia,1,1,Very Mild Dementia,1,0.24112219966941675,0.5670477316694853,0.19183006866109795,0.0
OASIS_2,RandomForest,101,test,rotation__mild,rotation,mild,D:\OASIS_2\distortions_128\rotation\mild\Very_Mild_Dementia\OAS2_0102\OAS2_0102_slice_05_z098.png,Very_Mild_Dementia/OAS2_0102/OAS2_0102_slice_05_z098.png,Very Mild Dementia/OAS2_0102/OAS2_0102_slice_05_z098.png,OAS2_0102,Very Mild Dementia,1,1,Very Mild Dementia,1,0.2503576663863026,0.5432326393394957,0.20640969427420158,0.0
OASIS_2,RandomForest,101,test,rotation__mild,rotation,mild,D:\OASIS_2\distortions_128\rotation\mild\Very_Mild_Dementia\OAS2_0102\OAS2_0102_slice_06_z104.png,Very_Mild_Dementia/OAS2_0102/OAS2_0102_slice_06_z104.png,Very Mild Dementia/OAS2_0102/OAS2_0102_slice_06_z104.png,OAS2_0102,Very Mild Dementia,1,1,Very Mild Dementia,1,0.2317308812975458,0.6134799323014496,0.15478918640100475,0.0
OASIS_2,RandomForest,101,test,rotation__mild,rotation,mild,D:\OASIS_2\distortions_128\rotation\mild\Very_Mild_Dementia\OAS2_0102\OAS2_0102_slice_07_z109.png,Very_Mild_Dementia/OAS2_0102/OAS2_0102_slice_07_z109.png,Very Mild Dementia/OAS2_0102/OAS2_0102_slice_07_z109.png,OAS2_0102,Very Mild Dementia,1,1,Very Mild Dementia,1,0.2518709612164576,0.6006414571719279,0.14748758161161435,0.0
OASIS_2,RandomForest,101,test,rotation__mild,rotation,mild,D:\OASIS_2\distortions_128\rotation\mild\Very_Mild_Dementia\OAS2_0102\OAS2_0102_slice_08_z114.png,Very_Mild_Dementia/OAS2_0102/OAS2_0102_slice_08_z114.png,Very Mild Dementia/OAS2_0102/OAS2_0102_slice_08_z114.png,OAS2_0102,Very Mild Dementia,1,1,Very Mild Dementia,1,0.2901537131464881,0.5871106040367511,0.1227356828167608,0.0
OASIS_2,RandomForest,101,test,rotation__mild,rotation,mild,D:\OASIS_2\distortions_128\rotation\mild\Very_Mild_Dementia\OAS2_0102\OAS2_0102_slice_09_z120.png,Very_Mild_Dementia/OAS2_0102/OAS2_0102_slice_09_z120.png,Very Mild Dementia/OAS2_0102/OAS2_0102_slice_09_z120.png,OAS2_0102,Very Mild Dementia,1,1,Very Mild Dementia,1,0.32939032824917486,0.5149245201936019,0.15568515155722318,0.0
OASIS_2,RandomForest,101,test,rotation__mild,rotation,mild,D:\OASIS_2\distortions_128\rotation\mild\Very_Mild_Dementia\OAS2_0102\OAS2_0102_slice_10_z125.png,Very_Mild_Dementia/OAS2_0102/OAS2_0102_slice_10_z125.png,Very Mild Dementia/OAS2_0102/OAS2_0102_slice_10_z125.png,OAS2_0102,Very Mild Dementia,1,0,Non-Demented,0,0.38930193099712446,0.3629553288918299,0.2477427401110456,0.0
OASIS_2,RandomForest,101,test,rotation__mild,rotation,mild,D:\OASIS_2\distortions_128\rotation\mild\Very_Mild_Dementia\OAS2_0102\OAS2_0102_slice_11_z130.png,Very_Mild_Dementia/OAS2_0102/OAS2_0102_slice_11_z130.png,Very Mild Dementia/OAS2_0102/OAS2_0102_slice_11_z130.png,OAS2_0102,Very Mild Dementia,1,0,Non-Demented,0,0.4353156318466753,0.40622520609268,0.15845916206064473,0.0
OASIS_2,RandomForest,101,test,rotation__mild,rotation,mild,D:\OASIS_2\distortions_128\rotation\mild\Very_Mild_Dementia\OAS2_0102\OAS2_0102_slice_12_z135.png,Very_Mild_Dementia/OAS2_0102/OAS2_0102_slice_12_z135.png,Very Mild Dementia/OAS2_0102/OAS2_0102_slice_12_z135.png,OAS2_0102,Very Mild Dementia,1,0,Non-Demented,0,0.44722599865034796,0.3949743839941128,0.15779961735553907,0.0
OASIS_2,RandomForest,101,test,rotation__mild,rotation,mild,D:\OASIS_2\distortions_128\rotation\mild\Very_Mild_Dementia\OAS2_0102\OAS2_0102_slice_13_z141.png,Very_Mild_Dementia/OAS2_0102/OAS2_0102_slice_13_z141.png,Very Mild Dementia/OAS2_0102/OAS2_0102_slice_13_z141.png,OAS2_0102,Very Mild Dementia,1,0,Non-Demented,0,0.4459584778715785,0.41657758730712385,0.13746393482129748,0.0
OASIS_2,RandomForest,101,test,rotation__mild,rotation,mild,D:\OASIS_2\distortions_128\rotation\mild\Very_Mild_Dementia\OAS2_0102\OAS2_0102_slice_14_z146.png,Very_Mild_Dementia/OAS2_0102/OAS2_0102_slice_14_z146.png,Very Mild Dementia/OAS2_0102/OAS2_0102_slice_14_z146.png,OAS2_0102,Very Mild Dementia,1,0,Non-Demented,0,0.43970249803885136,0.4292459236038051,0.13105157835734305,0.0
OASIS_2,RandomForest,101,test,rotation__mild,rotation,mild,D:\OASIS_2\distortions_128\rotation\mild\Very_Mild_Dementia\OAS2_0102\OAS2_0102_slice_15_z151.png,Very_Mild_Dementia/OAS2_0102/OAS2_0102_slice_15_z151.png,Very Mild Dementia/OAS2_0102/OAS2_0102_slice_15_z151.png,OAS2_0102,Very Mild Dementia,1,1,Very Mild Dementia,1,0.42701089177286244,0.4393371855570196,0.1336519226701177,0.0
OASIS_2,RandomForest,101,test,rotation__mild,rotation,mild,D:\OASIS_2\distortions_128\rotation\mild\Very_Mild_Dementia\OAS2_0102\OAS2_0102_slice_16_z157.png,Very_Mild_Dementia/OAS2_0102/OAS2_0102_slice_16_z157.png,Very Mild Dementia/OAS2_0102/OAS2_0102_slice_16_z157.png,OAS2_0102,Very Mild Dementia,1,0,Non-Demented,0,0.49272970115558823,0.40165539509507964,0.10561490374933231,0.0
OASIS_2,RandomForest,101,test,rotation__mild,rotation,mild,D:\OASIS_2\distortions_128\rotation\mild\Very_Mild_Dementia\OAS2_0102\OAS2_0102_slice_17_z162.png,Very_Mild_Dementia/OAS2_0102/OAS2_0102_slice_17_z162.png,Very Mild Dementia/OAS2_0102/OAS2_0102_slice_17_z162.png,OAS2_0102,Very Mild Dementia,1,0,Non-Demented,0,0.4908497038357659,0.39439770878898534,0.11475258737524906,0.0
OASIS_2,RandomForest,101,test,rotation__mild,rotation,mild,D:\OASIS_2\distortions_128\rotation\mild\Very_Mild_Dementia\OAS2_0102\OAS2_0102_slice_18_z167.png,Very_Mild_Dementia/OAS2_0102/OAS2_0102_slice_18_z167.png,Very Mild Dementia/OAS2_0102/OAS2_0102_slice_18_z167.png,OAS2_0102,Very Mild Dementia,1,1,Very Mild Dementia,1,0.43108499287429436,0.458936959465795,0.10997804765991064,0.0
OASIS_2,RandomForest,101,test,rotation__mild,rotation,mild,D:\OASIS_2\distortions_128\rotation\mild\Very_Mild_Dementia\OAS2_0102\OAS2_0102_slice_19_z173.png,Very_Mild_Dementia/OAS2_0102/OAS2_0102_slice_19_z173.png,Very Mild Dementia/OAS2_0102/OAS2_0102_slice_19_z173.png,OAS2_0102,Very Mild Dementia,1,1,Very Mild Dementia,1,0.40541227106523653,0.4688719419147329,0.12238245368669722,0.0033333333333333335
OASIS_2,RandomForest,101,test,rotation__mild,rotation,mild,D:\OASIS_2\distortions_128\rotation\mild\Very_Mild_Dementia\OAS2_0102\OAS2_0102_slice_20_z178.png,Very_Mild_Dementia/OAS2_0102/OAS2_0102_slice_20_z178.png,Very Mild Dementia/OAS2_0102/OAS2_0102_slice_20_z178.png,OAS2_0102,Very Mild Dementia,1,1,Very Mild Dementia,1,0.44401512688020245,0.44467499178350534,0.10797654800295854,0.0033333333333333335
OASIS_2,RandomForest,101,test,rotation__mild,rotation,mild,D:\OASIS_2\distortions_128\rotation\mild\Very_Mild_Dementia\OAS2_0103\OAS2_0103_slice_01_z077.png,Very_Mild_Dementia/OAS2_0103/OAS2_0103_slice_01_z077.png,Very Mild Dementia/OAS2_0103/OAS2_0103_slice_01_z077.png,OAS2_0103,Very Mild Dementia,1,0,Non-Demented,0,0.43764837300026216,0.32183258004411514,0.24051904695562284,0.0
OASIS_2,RandomForest,101,test,rotation__mild,rotation,mild,D:\OASIS_2\distortions_128\rotation\mild\Very_Mild_Dementia\OAS2_0103\OAS2_0103_slice_02_z082.png,Very_Mild_Dementia/OAS2_0103/OAS2_0103_slice_02_z082.png,Very Mild Dementia/OAS2_0103/OAS2_0103_slice_02_z082.png,OAS2_0103,Very Mild Dementia,1,0,Non-Demented,0,0.39285028047426496,0.2993389759001917,0.30447741029221,0.0033333333333333335
OASIS_2,RandomForest,101,test,rotation__mild,rotation,mild,D:\OASIS_2\distortions_128\rotation\mild\Very_Mild_Dementia\OAS2_0103\OAS2_0103_slice_03_z088.png,Very_Mild_Dementia/OAS2_0103/OAS2_0103_slice_03_z088.png,Very Mild Dementia/OAS2_0103/OAS2_0103_slice_03_z088.png,OAS2_0103,Very Mild Dementia,1,0,Non-Demented,0,0.40021016332144493,0.32117916580334327,0.2786106708752119,0.0
OASIS_2,RandomForest,101,test,rotation__mild,rotation,mild,D:\OASIS_2\distortions_128\rotation\mild\Very_Mild_Dementia\OAS2_0103\OAS2_0103_slice_04_z093.png,Very_Mild_Dementia/OAS2_0103/OAS2_0103_slice_04_z093.png,Very Mild Dementia/OAS2_0103/OAS2_0103_slice_04_z093.png,OAS2_0103,Very Mild Dementia,1,0,Non-Demented,0,0.42464801369634675,0.3260844002311981,0.2492675860724548,0.0
OASIS_2,RandomForest,101,test,rotation__mild,rotation,mild,D:\OASIS_2\distortions_128\rotation\mild\Very_Mild_Dementia\OAS2_0103\OAS2_0103_slice_05_z098.png,Very_Mild_Dementia/OAS2_0103/OAS2_0103_slice_05_z098.png,Very Mild Dementia/OAS2_0103/OAS2_0103_slice_05_z098.png,OAS2_0103,Very Mild Dementia,1,0,Non-Demented,0,0.40669484525117994,0.3183318016118203,0.27497335313699967,0.0
OASIS_2,RandomForest,101,test,rotation__mild,rotation,mild,D:\OASIS_2\distortions_128\rotation\mild\Very_Mild_Dementia\OAS2_0103\OAS2_0103_slice_06_z104.png,Very_Mild_Dementia/OAS2_0103/OAS2_0103_slice_06_z104.png,Very Mild Dementia/OAS2_0103/OAS2_0103_slice_06_z104.png,OAS2_0103,Very Mild Dementia,1,0,Non-Demented,0,0.38057153032636337,0.31182557387423937,0.304269562466064,0.0033333333333333335
OASIS_2,RandomForest,101,test,rotation__mild,rotation,mild,D:\OASIS_2\distortions_128\rotation\mild\Very_Mild_Dementia\OAS2_0103\OAS2_0103_slice_07_z109.png,Very_Mild_Dementia/OAS2_0103/OAS2_0103_slice_07_z109.png,Very Mild Dementia/OAS2_0103/OAS2_0103_slice_07_z109.png,OAS2_0103,Very Mild Dementia,1,0,Non-Demented,0,0.3875955843907821,0.3201574837514378,0.2922469318577801,0.0
OASIS_2,RandomForest,101,test,rotation__mild,rotation,mild,D:\OASIS_2\distortions_128\rotation\mild\Very_Mild_Dementia\OAS2_0103\OAS2_0103_slice_08_z114.png,Very_Mild_Dementia/OAS2_0103/OAS2_0103_slice_08_z114.png,Very Mild Dementia/OAS2_0103/OAS2_0103_slice_08_z114.png,OAS2_0103,Very Mild Dementia,1,0,Non-Demented,0,0.43210021150292144,0.2877245822040721,0.2735085396263395,0.006666666666666667
OASIS_2,RandomForest,101,test,rotation__mild,rotation,mild,D:\OASIS_2\distortions_128\rotation\mild\Very_Mild_Dementia\OAS2_0103\OAS2_0103_slice_09_z120.png,Very_Mild_Dementia/OAS2_0103/OAS2_0103_slice_09_z120.png,Very Mild Dementia/OAS2_0103/OAS2_0103_slice_09_z120.png,OAS2_0103,Very Mild Dementia,1,0,Non-Demented,0,0.44268969864992336,0.2792117221447511,0.27809857920532555,0.0
OASIS_2,RandomForest,101,test,rotation__mild,rotation,mild,D:\OASIS_2\distortions_128\rotation\mild\Very_Mild_Dementia\OAS2_0103\OAS2_0103_slice_10_z125.png,Very_Mild_Dementia/OAS2_0103/OAS2_0103_slice_10_z125.png,Very Mild Dementia/OAS2_0103/OAS2_0103_slice_10_z125.png,OAS2_0103,Very Mild Dementia,1,0,Non-Demented,0,0.4055582821817426,0.2869794312931499,0.30746228652510743,0.0
OASIS_2,RandomForest,101,test,rotation__mild,rotation,mild,D:\OASIS_2\distortions_128\rotation\mild\Very_Mild_Dementia\OAS2_0103\OAS2_0103_slice_11_z130.png,Very_Mild_Dementia/OAS2_0103/OAS2_0103_slice_11_z130.png,Very Mild Dementia/OAS2_0103/OAS2_0103_slice_11_z130.png,OAS2_0103,Very Mild Dementia,1,0,Non-Demented,0,0.33803902684255493,0.328537749139565,0.32675655735121323,0.006666666666666667
OASIS_2,RandomForest,101,test,rotation__mild,rotation,mild,D:\OASIS_2\distortions_128\rotation\mild\Very_Mild_Dementia\OAS2_0103\OAS2_0103_slice_12_z135.png,Very_Mild_Dementia/OAS2_0103/OAS2_0103_slice_12_z135.png,Very Mild Dementia/OAS2_0103/OAS2_0103_slice_12_z135.png,OAS2_0103,Very Mild Dementia,1,2,Mild Dementia,0,0.31300068084394417,0.3357142516695657,0.3446184008198235,0.006666666666666667
OASIS_2,RandomForest,101,test,rotation__mild,rotation,mild,D:\OASIS_2\distortions_128\rotation\mild\Very_Mild_Dementia\OAS2_0103\OAS2_0103_slice_13_z141.png,Very_Mild_Dementia/OAS2_0103/OAS2_0103_slice_13_z141.png,Very Mild Dementia/OAS2_0103/OAS2_0103_slice_13_z141.png,OAS2_0103,Very Mild Dementia,1,0,Non-Demented,0,0.40885391851223346,0.33635912932348716,0.2547869521642792,0.0
OASIS_2,RandomForest,101,test,rotation__mild,rotation,mild,D:\OASIS_2\distortions_128\rotation\mild\Very_Mild_Dementia\OAS2_0103\OAS2_0103_slice_14_z146.png,Very_Mild_Dementia/OAS2_0103/OAS2_0103_slice_14_z146.png,Very Mild Dementia/OAS2_0103/OAS2_0103_slice_14_z146.png,OAS2_0103,Very Mild Dementia,1,0,Non-Demented,0,0.4415619106224056,0.28789121305576953,0.2672135429884914,0.0033333333333333335
OASIS_2,RandomForest,101,test,rotation__mild,rotation,mild,D:\OASIS_2\distortions_128\rotation\mild\Very_Mild_Dementia\OAS2_0103\OAS2_0103_slice_15_z151.png,Very_Mild_Dementia/OAS2_0103/OAS2_0103_slice_15_z151.png,Very Mild Dementia/OAS2_0103/OAS2_0103_slice_15_z151.png,OAS2_0103,Very Mild Dementia,1,0,Non-Demented,0,0.4330326538151302,0.3119258400712027,0.2550415061136673,0.0
OASIS_2,RandomForest,101,test,rotation__mild,rotation,mild,D:\OASIS_2\distortions_128\rotation\mild\Very_Mild_Dementia\OAS2_0103\OAS2_0103_slice_16_z157.png,Very_Mild_Dementia/OAS2_0103/OAS2_0103_slice_16_z157.png,Very Mild Dementia/OAS2_0103/OAS2_0103_slice_16_z157.png,OAS2_0103,Very Mild Dementia,1,0,Non-Demented,0,0.4174254236578355,0.26388136721508215,0.3186932091270821,0.0
OASIS_2,RandomForest,101,test,rotation__mild,rotation,mild,D:\OASIS_2\distortions_128\rotation\mild\Very_Mild_Dementia\OAS2_0103\OAS2_0103_slice_17_z162.png,Very_Mild_Dementia/OAS2_0103/OAS2_0103_slice_17_z162.png,Very Mild Dementia/OAS2_0103/OAS2_0103_slice_17_z162.png,OAS2_0103,Very Mild Dementia,1,0,Non-Demented,0,0.38531905199574185,0.3384592608841204,0.2662216871201378,0.01
OASIS_2,RandomForest,101,test,rotation__mild,rotation,mild,D:\OASIS_2\distortions_128\rotation\mild\Very_Mild_Dementia\OAS2_0103\OAS2_0103_slice_18_z167.png,Very_Mild_Dementia/OAS2_0103/OAS2_0103_slice_18_z167.png,Very Mild Dementia/OAS2_0103/OAS2_0103_slice_18_z167.png,OAS2_0103,Very Mild Dementia,1,0,Non-Demented,0,0.3937625098970033,0.34192559589582383,0.26431189420717255,0.0
OASIS_2,RandomForest,101,test,rotation__mild,rotation,mild,D:\OASIS_2\distortions_128\rotation\mild\Very_Mild_Dementia\OAS2_0103\OAS2_0103_slice_19_z173.png,Very_Mild_Dementia/OAS2_0103/OAS2_0103_slice_19_z173.png,Very Mild Dementia/OAS2_0103/OAS2_0103_slice_19_z173.png,OAS2_0103,Very Mild Dementia,1,0,Non-Demented,0,0.38341932812324486,0.3206702505988864,0.2959104212778684,0.0
OASIS_2,RandomForest,101,test,rotation__mild,rotation,mild,D:\OASIS_2\distortions_128\rotation\mild\Very_Mild_Dementia\OAS2_0103\OAS2_0103_slice_20_z178.png,Very_Mild_Dementia/OAS2_0103/OAS2_0103_slice_20_z178.png,Very Mild Dementia/OAS2_0103/OAS2_0103_slice_20_z178.png,OAS2_0103,Very Mild Dementia,1,0,Non-Demented,0,0.4202053832321714,0.3476347941895458,0.2321598225782825,0.0
OASIS_2,RandomForest,101,test,rotation__mild,rotation,mild,D:\OASIS_2\distortions_128\rotation\mild\Very_Mild_Dementia\OAS2_0176\OAS2_0176_slice_01_z077.png,Very_Mild_Dementia/OAS2_0176/OAS2_0176_slice_01_z077.png,Very Mild Dementia/OAS2_0176/OAS2_0176_slice_01_z077.png,OAS2_0176,Very Mild Dementia,1,1,Very Mild Dementia,1,0.3373644209483301,0.3415682911952309,0.3044006211897724,0.016666666666666666
OASIS_2,RandomForest,101,test,rotation__mild,rotation,mild,D:\OASIS_2\distortions_128\rotation\mild\Very_Mild_Dementia\OAS2_0176\OAS2_0176_slice_02_z082.png,Very_Mild_Dementia/OAS2_0176/OAS2_0176_slice_02_z082.png,Very Mild Dementia/OAS2_0176/OAS2_0176_slice_02_z082.png,OAS2_0176,Very Mild Dementia,1,0,Non-Demented,0,0.3547487325687776,0.3154931115134205,0.3130914892511351,0.016666666666666666
OASIS_2,RandomForest,101,test,rotation__mild,rotation,mild,D:\OASIS_2\distortions_128\rotation\mild\Very_Mild_Dementia\OAS2_0176\OAS2_0176_slice_03_z088.png,Very_Mild_Dementia/OAS2_0176/OAS2_0176_slice_03_z088.png,Very Mild Dementia/OAS2_0176/OAS2_0176_slice_03_z088.png,OAS2_0176,Very Mild Dementia,1,0,Non-Demented,0,0.3826557716365616,0.3239271047137082,0.2700837903163969,0.023333333333333334
OASIS_2,RandomForest,101,test,rotation__mild,rotation,mild,D:\OASIS_2\distortions_128\rotation\mild\Very_Mild_Dementia\OAS2_0176\OAS2_0176_slice_04_z093.png,Very_Mild_Dementia/OAS2_0176/OAS2_0176_slice_04_z093.png,Very Mild Dementia/OAS2_0176/OAS2_0176_slice_04_z093.png,OAS2_0176,Very Mild Dementia,1,0,Non-Demented,0,0.3571102822993765,0.3121286612275269,0.28742772313976306,0.043333333333333335
OASIS_2,RandomForest,101,test,rotation__mild,rotation,mild,D:\OASIS_2\distortions_128\rotation\mild\Very_Mild_Dementia\OAS2_0176\OAS2_0176_slice_05_z098.png,Very_Mild_Dementia/OAS2_0176/OAS2_0176_slice_05_z098.png,Very Mild Dementia/OAS2_0176/OAS2_0176_slice_05_z098.png,OAS2_0176,Very Mild Dementia,1,0,Non-Demented,0,0.36318208388660767,0.2966874178829925,0.28679716489706636,0.05333333333333334
OASIS_2,RandomForest,101,test,rotation__mild,rotation,mild,D:\OASIS_2\distortions_128\rotation\mild\Very_Mild_Dementia\OAS2_0176\OAS2_0176_slice_06_z104.png,Very_Mild_Dementia/OAS2_0176/OAS2_0176_slice_06_z104.png,Very Mild Dementia/OAS2_0176/OAS2_0176_slice_06_z104.png,OAS2_0176,Very Mild Dementia,1,0,Non-Demented,0,0.3845006606187359,0.3121070660752152,0.24672560663938228,0.056666666666666664
OASIS_2,RandomForest,101,test,rotation__mild,rotation,mild,D:\OASIS_2\distortions_128\rotation\mild\Very_Mild_Dementia\OAS2_0176\OAS2_0176_slice_07_z109.png,Very_Mild_Dementia/OAS2_0176/OAS2_0176_slice_07_z109.png,Very Mild Dementia/OAS2_0176/OAS2_0176_slice_07_z109.png,OAS2_0176,Very Mild Dementia,1,0,Non-Demented,0,0.43485376637703305,0.28682329736372253,0.244989602925911,0.03333333333333333
OASIS_2,RandomForest,101,test,rotation__mild,rotation,mild,D:\OASIS_2\distortions_128\rotation\mild\Very_Mild_Dementia\OAS2_0176\OAS2_0176_slice_08_z114.png,Very_Mild_Dementia/OAS2_0176/OAS2_0176_slice_08_z114.png,Very Mild Dementia/OAS2_0176/OAS2_0176_slice_08_z114.png,OAS2_0176,Very Mild Dementia,1,0,Non-Demented,0,0.40479319818131476,0.3454184651542957,0.20312166999772277,0.04666666666666667
OASIS_2,RandomForest,101,test,rotation__mild,rotation,mild,D:\OASIS_2\distortions_128\rotation\mild\Very_Mild_Dementia\OAS2_0176\OAS2_0176_slice_09_z120.png,Very_Mild_Dementia/OAS2_0176/OAS2_0176_slice_09_z120.png,Very Mild Dementia/OAS2_0176/OAS2_0176_slice_09_z120.png,OAS2_0176,Very Mild Dementia,1,0,Non-Demented,0,0.4631434408925646,0.2903971508097031,0.19645940829773217,0.05
OASIS_2,RandomForest,101,test,rotation__mild,rotation,mild,D:\OASIS_2\distortions_128\rotation\mild\Very_Mild_Dementia\OAS2_0176\OAS2_0176_slice_10_z125.png,Very_Mild_Dementia/OAS2_0176/OAS2_0176_slice_10_z125.png,Very Mild Dementia/OAS2_0176/OAS2_0176_slice_10_z125.png,OAS2_0176,Very Mild Dementia,1,0,Non-Demented,0,0.4821592478590072,0.2686580504084869,0.2158493683991729,0.03333333333333333
OASIS_2,RandomForest,101,test,rotation__mild,rotation,mild,D:\OASIS_2\distortions_128\rotation\mild\Very_Mild_Dementia\OAS2_0176\OAS2_0176_slice_11_z130.png,Very_Mild_Dementia/OAS2_0176/OAS2_0176_slice_11_z130.png,Very Mild Dementia/OAS2_0176/OAS2_0176_slice_11_z130.png,OAS2_0176,Very Mild Dementia,1,0,Non-Demented,0,0.4012363272144769,0.32168539503255666,0.2570782777529663,0.02
OASIS_2,RandomForest,101,test,rotation__mild,rotation,mild,D:\OASIS_2\distortions_128\rotation\mild\Very_Mild_Dementia\OAS2_0176\OAS2_0176_slice_12_z135.png,Very_Mild_Dementia/OAS2_0176/OAS2_0176_slice_12_z135.png,Very Mild Dementia/OAS2_0176/OAS2_0176_slice_12_z135.png,OAS2_0176,Very Mild Dementia,1,0,Non-Demented,0,0.417743705186407,0.3121360777852655,0.2401202170283275,0.03
OASIS_2,RandomForest,101,test,rotation__mild,rotation,mild,D:\OASIS_2\distortions_128\rotation\mild\Very_Mild_Dementia\OAS2_0176\OAS2_0176_slice_13_z141.png,Very_Mild_Dementia/OAS2_0176/OAS2_0176_slice_13_z141.png,Very Mild Dementia/OAS2_0176/OAS2_0176_slice_13_z141.png,OAS2_0176,Very Mild Dementia,1,0,Non-Demented,0,0.43977157099024605,0.2504250866399807,0.2731366757031067,0.03666666666666667
OASIS_2,RandomForest,101,test,rotation__mild,rotation,mild,D:\OASIS_2\distortions_128\rotation\mild\Very_Mild_Dementia\OAS2_0176\OAS2_0176_slice_14_z146.png,Very_Mild_Dementia/OAS2_0176/OAS2_0176_slice_14_z146.png,Very Mild Dementia/OAS2_0176/OAS2_0176_slice_14_z146.png,OAS2_0176,Very Mild Dementia,1,0,Non-Demented,0,0.4571084556178292,0.28655842991160874,0.21633311447056178,0.04
OASIS_2,RandomForest,101,test,rotation__mild,rotation,mild,D:\OASIS_2\distortions_128\rotation\mild\Very_Mild_Dementia\OAS2_0176\OAS2_0176_slice_15_z151.png,Very_Mild_Dementia/OAS2_0176/OAS2_0176_slice_15_z151.png,Very Mild Dementia/OAS2_0176/OAS2_0176_slice_15_z151.png,OAS2_0176,Very Mild Dementia,1,0,Non-Demented,0,0.4158872741653351,0.3234558032271021,0.19732358927422936,0.06333333333333334
OASIS_2,RandomForest,101,test,rotation__mild,rotation,mild,D:\OASIS_2\distortions_128\rotation\mild\Very_Mild_Dementia\OAS2_0176\OAS2_0176_slice_16_z157.png,Very_Mild_Dementia/OAS2_0176/OAS2_0176_slice_16_z157.png,Very Mild Dementia/OAS2_0176/OAS2_0176_slice_16_z157.png,OAS2_0176,Very Mild Dementia,1,0,Non-Demented,0,0.3849273418498272,0.3065895431159321,0.23848311503424052,0.07
OASIS_2,RandomForest,101,test,rotation__mild,rotation,mild,D:\OASIS_2\distortions_128\rotation\mild\Very_Mild_Dementia\OAS2_0176\OAS2_0176_slice_17_z162.png,Very_Mild_Dementia/OAS2_0176/OAS2_0176_slice_17_z162.png,Very Mild Dementia/OAS2_0176/OAS2_0176_slice_17_z162.png,OAS2_0176,Very Mild Dementia,1,0,Non-Demented,0,0.3583127905452581,0.3549675316496062,0.22338634447180217,0.06333333333333334
OASIS_2,RandomForest,101,test,rotation__mild,rotation,mild,D:\OASIS_2\distortions_128\rotation\mild\Very_Mild_Dementia\OAS2_0176\OAS2_0176_slice_18_z167.png,Very_Mild_Dementia/OAS2_0176/OAS2_0176_slice_18_z167.png,Very Mild Dementia/OAS2_0176/OAS2_0176_slice_18_z167.png,OAS2_0176,Very Mild Dementia,1,0,Non-Demented,0,0.36324518421079705,0.3417995075558892,0.21162197489998025,0.08333333333333333
OASIS_2,RandomForest,101,test,rotation__mild,rotation,mild,D:\OASIS_2\distortions_128\rotation\mild\Very_Mild_Dementia\OAS2_0176\OAS2_0176_slice_19_z173.png,Very_Mild_Dementia/OAS2_0176/OAS2_0176_slice_19_z173.png,Very Mild Dementia/OAS2_0176/OAS2_0176_slice_19_z173.png,OAS2_0176,Very Mild Dementia,1,0,Non-Demented,0,0.3618994609248858,0.3615676065135942,0.2498662658948532,0.02666666666666667
OASIS_2,RandomForest,101,test,rotation__mild,rotation,mild,D:\OASIS_2\distortions_128\rotation\mild\Very_Mild_Dementia\OAS2_0176\OAS2_0176_slice_20_z178.png,Very_Mild_Dementia/OAS2_0176/OAS2_0176_slice_20_z178.png,Very Mild Dementia/OAS2_0176/OAS2_0176_slice_20_z178.png,OAS2_0176,Very Mild Dementia,1,0,Non-Demented,0,0.35168983338330806,0.3309646655524132,0.29734550106427876,0.02
