dataset,model,seed,split,condition,distortion,severity,file_path,relative_path,sample_key,subject_id,class_name,y_true,y_pred,pred_class_name,correct,score_nondemented,score_verymilddementia,score_milddementia,score_moderatedementia
OASIS_1,LinearSVM,13,test,brightness_contrast__severe,brightness_contrast,severe,D:\OASIS_1\distortions_128\brightness_contrast\severe\Mild_Dementia\OAS1_0028\OAS1_0028_slice_01_z038.png,Mild_Dementia/OAS1_0028/OAS1_0028_slice_01_z038.png,Mild Dementia/OAS1_0028/OAS1_0028_slice_01_z038.png,OAS1_0028,Mild Dementia,2,0,Non-Demented,0,1.3715770347289777,-1.734649073578035,-0.4305746431972739,-0.9387160149154452
OASIS_1,LinearSVM,13,test,brightness_contrast__severe,brightness_contrast,severe,D:\OASIS_1\distortions_128\brightness_contrast\severe\Mild_Dementia\OAS1_0028\OAS1_0028_slice_02_z041.png,Mild_Dementia/OAS1_0028/OAS1_0028_slice_02_z041.png,Mild Dementia/OAS1_0028/OAS1_0028_slice_02_z041.png,OAS1_0028,Mild Dementia,2,2,Mild Dementia,1,-0.5928781322012202,-0.5028628094033099,-0.18524718944493163,-1.035368395779961
OASIS_1,LinearSVM,13,test,brightness_contrast__severe,brightness_contrast,severe,D:\OASIS_1\distortions_128\brightness_contrast\severe\Mild_Dementia\OAS1_0028\OAS1_0028_slice_03_z043.png,Mild_Dementia/OAS1_0028/OAS1_0028_slice_03_z043.png,Mild Dementia/OAS1_0028/OAS1_0028_slice_03_z043.png,OAS1_0028,Mild Dementia,2,1,Very Mild Dementia,0,-0.9552543926670598,-0.30420976919105935,-0.33421096532114436,-1.044093238185257
OASIS_1,LinearSVM,13,test,brightness_contrast__severe,brightness_contrast,severe,D:\OASIS_1\distortions_128\brightness_contrast\severe\Mild_Dementia\OAS1_0028\OAS1_0028_slice_04_z046.png,Mild_Dementia/OAS1_0028/OAS1_0028_slice_04_z046.png,Mild Dementia/OAS1_0028/OAS1_0028_slice_04_z046.png,OAS1_0028,Mild Dementia,2,2,Mild Dementia,1,-33.48400764332264,0.9621223056695332,100.19316836807009,-2.9821469846127675
OASIS_1,LinearSVM,13,test,brightness_contrast__severe,brightness_contrast,severe,D:\OASIS_1\distortions_128\brightness_contrast\severe\Mild_Dementia\OAS1_0028\OAS1_0028_slice_05_z049.png,Mild_Dementia/OAS1_0028/OAS1_0028_slice_05_z049.png,Mild Dementia/OAS1_0028/OAS1_0028_slice_05_z049.png,OAS1_0028,Mild Dementia,2,1,Very Mild Dementia,0,-2.302777967438163,0.31176324104249326,0.18105453512124003,-0.9863008089207653
OASIS_1,LinearSVM,13,test,brightness_contrast__severe,brightness_contrast,severe,D:\OASIS_1\distortions_128\brightness_contrast\severe\Mild_Dementia\OAS1_0028\OAS1_0028_slice_06_z051.png,Mild_Dementia/OAS1_0028/OAS1_0028_slice_06_z051.png,Mild Dementia/OAS1_0028/OAS1_0028_slice_06_z051.png,OAS1_0028,Mild Dementia,2,1,Very Mild Dementia,0,-2.5924168319504974,0.5094096303243816,0.2524846847115466,-0.9862103266358474
OASIS_1,LinearSVM,13,test,brightness_contrast__severe,brightness_contrast,severe,D:\OASIS_1\distortions_128\brightness_contrast\severe\Mild_Dementia\OAS1_0028\OAS1_0028_slice_07_z054.png,Mild_Dementia/OAS1_0028/OAS1_0028_slice_07_z054.png,Mild Dementia/OAS1_0028/OAS1_0028_slice_07_z054.png,OAS1_0028,Mild Dementia,2,2,Mild Dementia,1,-1.892299321202719,0.37515157662204895,0.6689159390985954,-1.0887893858368682
OASIS_1,LinearSVM,13,test,brightness_contrast__severe,brightness_contrast,severe,D:\OASIS_1\distortions_128\brightness_contrast\severe\Mild_Dementia\OAS1_0028\OAS1_0028_slice_08_z057.png,Mild_Dementia/OAS1_0028/OAS1_0028_slice_08_z057.png,Mild Dementia/OAS1_0028/OAS1_0028_slice_08_z057.png,OAS1_0028,Mild Dementia,2,1,Very Mild Dementia,0,-1.4374418044854083,-0.17940224696292595,-0.19250945764031008,-1.0163002725560821
OASIS_1,LinearSVM,13,test,brightness_contrast__severe,brightness_contrast,severe,D:\OASIS_1\distortions_128\brightness_contrast\severe\Mild_Dementia\OAS1_0028\OAS1_0028_slice_09_z059.png,Mild_Dementia/OAS1_0028/OAS1_0028_slice_09_z059.png,Mild Dementia/OAS1_0028/OAS1_0028_slice_09_z059.png,OAS1_0028,Mild Dementia,2,1,Very Mild Dementia,0,-0.6148894615945022,-0.22241804874399818,-0.5862268930998382,-1.1467704795087552
OASIS_1,LinearSVM,13,test,brightness_contrast__severe,brightness_contrast,severe,D:\OASIS_1\distortions_128\brightness_contrast\severe\Mild_Dementia\OAS1_0028\OAS1_0028_slice_10_z062.png,Mild_Dementia/OAS1_0028/OAS1_0028_slice_10_z062.png,Mild Dementia/OAS1_0028/OAS1_0028_slice_10_z062.png,OAS1_0028,Mild Dementia,2,2,Mild Dementia,1,-1.2342664376630594,-0.2893994135064208,0.1361040416901229,-1.0687833508431202
OASIS_1,LinearSVM,13,test,brightness_contrast__severe,brightness_contrast,severe,D:\OASIS_1\distortions_128\brightness_contrast\severe\Mild_Dementia\OAS1_0028\OAS1_0028_slice_11_z065.png,Mild_Dementia/OAS1_0028/OAS1_0028_slice_11_z065.png,Mild Dementia/OAS1_0028/OAS1_0028_slice_11_z065.png,OAS1_0028,Mild Dementia,2,2,Mild Dementia,1,-1.136373916129703,-0.24628566212816558,-0.2439230389053988,-1.0015764641772673
OASIS_1,LinearSVM,13,test,brightness_contrast__severe,brightness_contrast,severe,D:\OASIS_1\distortions_128\brightness_contrast\severe\Mild_Dementia\OAS1_0028\OAS1_0028_slice_12_z068.png,Mild_Dementia/OAS1_0028/OAS1_0028_slice_12_z068.png,Mild Dementia/OAS1_0028/OAS1_0028_slice_12_z068.png,OAS1_0028,Mild Dementia,2,2,Mild Dementia,1,-0.7375569073662,-0.7528837905754848,-0.019311876725662702,-1.0071077180414283
OASIS_1,LinearSVM,13,test,brightness_contrast__severe,brightness_contrast,severe,D:\OASIS_1\distortions_128\brightness_contrast\severe\Mild_Dementia\OAS1_0028\OAS1_0028_slice_13_z070.png,Mild_Dementia/OAS1_0028/OAS1_0028_slice_13_z070.png,Mild Dementia/OAS1_0028/OAS1_0028_slice_13_z070.png,OAS1_0028,Mild Dementia,2,2,Mild Dementia,1,-0.6485416964502551,-1.7815304295116403,0.44373224192628824,-0.9563822279837872
OASIS_1,LinearSVM,13,test,brightness_contrast__severe,brightness_contrast,severe,D:\OASIS_1\distortions_128\brightness_contrast\severe\Mild_Dementia\OAS1_0028\OAS1_0028_slice_14_z073.png,Mild_Dementia/OAS1_0028/OAS1_0028_slice_14_z073.png,Mild Dementia/OAS1_0028/OAS1_0028_slice_14_z073.png,OAS1_0028,Mild Dementia,2,2,Mild Dementia,1,-0.2566333123760403,-1.1626221652511308,-0.10206253976050261,-1.0179277898489696
OASIS_1,LinearSVM,13,test,brightness_contrast__severe,brightness_contrast,severe,D:\OASIS_1\distortions_128\brightness_contrast\severe\Mild_Dementia\OAS1_0028\OAS1_0028_slice_15_z076.png,Mild_Dementia/OAS1_0028/OAS1_0028_slice_15_z076.png,Mild Dementia/OAS1_0028/OAS1_0028_slice_15_z076.png,OAS1_0028,Mild Dementia,2,2,Mild Dementia,1,-1.0894689630924779,-0.8285392620167087,-0.0031099928916660247,-0.9177594690429265
OASIS_1,LinearSVM,13,test,brightness_contrast__severe,brightness_contrast,severe,D:\OASIS_1\distortions_128\brightness_contrast\severe\Mild_Dementia\OAS1_0028\OAS1_0028_slice_16_z078.png,Mild_Dementia/OAS1_0028/OAS1_0028_slice_16_z078.png,Mild Dementia/OAS1_0028/OAS1_0028_slice_16_z078.png,OAS1_0028,Mild Dementia,2,2,Mild Dementia,1,-34.34674015327551,0.779642374122739,100.96820526335479,-2.9525019262628085
OASIS_1,LinearSVM,13,test,brightness_contrast__severe,brightness_contrast,severe,D:\OASIS_1\distortions_128\brightness_contrast\severe\Mild_Dementia\OAS1_0028\OAS1_0028_slice_17_z081.png,Mild_Dementia/OAS1_0028/OAS1_0028_slice_17_z081.png,Mild Dementia/OAS1_0028/OAS1_0028_slice_17_z081.png,OAS1_0028,Mild Dementia,2,0,Non-Demented,0,-0.23266387852110965,-0.6684317204502946,-0.7539418687637174,-1.0139834979099709
OASIS_1,LinearSVM,13,test,brightness_contrast__severe,brightness_contrast,severe,D:\OASIS_1\distortions_128\brightness_contrast\severe\Mild_Dementia\OAS1_0028\OAS1_0028_slice_18_z084.png,Mild_Dementia/OAS1_0028/OAS1_0028_slice_18_z084.png,Mild Dementia/OAS1_0028/OAS1_0028_slice_18_z084.png,OAS1_0028,Mild Dementia,2,1,Very Mild Dementia,0,-1.5604873028532174,0.48297667237200753,-0.5561302325360022,-1.009803478200001
OASIS_1,LinearSVM,13,test,brightness_contrast__severe,brightness_contrast,severe,D:\OASIS_1\distortions_128\brightness_contrast\severe\Mild_Dementia\OAS1_0028\OAS1_0028_slice_19_z086.png,Mild_Dementia/OAS1_0028/OAS1_0028_slice_19_z086.png,Mild Dementia/OAS1_0028/OAS1_0028_slice_19_z086.png,OAS1_0028,Mild Dementia,2,2,Mild Dementia,1,-1.4230046106518173,-0.04465836049617322,0.02372415260943428,-1.0302782419614493
OASIS_1,LinearSVM,13,test,brightness_contrast__severe,brightness_contrast,severe,D:\OASIS_1\distortions_128\brightness_contrast\severe\Mild_Dementia\OAS1_0028\OAS1_0028_slice_20_z089.png,Mild_Dementia/OAS1_0028/OAS1_0028_slice_20_z089.png,Mild Dementia/OAS1_0028/OAS1_0028_slice_20_z089.png,OAS1_0028,Mild Dementia,2,2,Mild Dementia,1,0.26588791858585337,-1.457063184703012,0.2917356895511236,-0.9809077032572414
OASIS_1,LinearSVM,13,test,brightness_contrast__severe,brightness_contrast,severe,D:\OASIS_1\distortions_128\brightness_contrast\severe\Mild_Dementia\OAS1_0137\OAS1_0137_slice_01_z038.png,Mild_Dementia/OAS1_0137/OAS1_0137_slice_01_z038.png,Mild Dementia/OAS1_0137/OAS1_0137_slice_01_z038.png,OAS1_0137,Mild Dementia,2,0,Non-Demented,0,-0.0014779418983711518,-0.2921265737308511,-0.4937715479694036,-1.22759337373744
OASIS_1,LinearSVM,13,test,brightness_contrast__severe,brightness_contrast,severe,D:\OASIS_1\distortions_128\brightness_contrast\severe\Mild_Dementia\OAS1_0137\OAS1_0137_slice_02_z041.png,Mild_Dementia/OAS1_0137/OAS1_0137_slice_02_z041.png,Mild Dementia/OAS1_0137/OAS1_0137_slice_02_z041.png,OAS1_0137,Mild Dementia,2,0,Non-Demented,0,0.7187591021628972,-0.8315872815550571,-1.6666849385065343,-1.0101687852275956
OASIS_1,LinearSVM,13,test,brightness_contrast__severe,brightness_contrast,severe,D:\OASIS_1\distortions_128\brightness_contrast\severe\Mild_Dementia\OAS1_0137\OAS1_0137_slice_03_z043.png,Mild_Dementia/OAS1_0137/OAS1_0137_slice_03_z043.png,Mild Dementia/OAS1_0137/OAS1_0137_slice_03_z043.png,OAS1_0137,Mild Dementia,2,1,Very Mild Dementia,0,-0.286944206051098,0.4434542698153265,-1.5447081561894231,-0.9199515390864114
OASIS_1,LinearSVM,13,test,brightness_contrast__severe,brightness_contrast,severe,D:\OASIS_1\distortions_128\brightness_contrast\severe\Mild_Dementia\OAS1_0137\OAS1_0137_slice_04_z046.png,Mild_Dementia/OAS1_0137/OAS1_0137_slice_04_z046.png,Mild Dementia/OAS1_0137/OAS1_0137_slice_04_z046.png,OAS1_0137,Mild Dementia,2,2,Mild Dementia,1,-33.95953151458954,1.8184241523562275,100.02351337301762,-2.919589206590437
OASIS_1,LinearSVM,13,test,brightness_contrast__severe,brightness_contrast,severe,D:\OASIS_1\distortions_128\brightness_contrast\severe\Mild_Dementia\OAS1_0137\OAS1_0137_slice_05_z049.png,Mild_Dementia/OAS1_0137/OAS1_0137_slice_05_z049.png,Mild Dementia/OAS1_0137/OAS1_0137_slice_05_z049.png,OAS1_0137,Mild Dementia,2,1,Very Mild Dementia,0,-2.1156251992638806,1.0902689964651042,-0.1209891048363031,-1.0108952448658044
OASIS_1,LinearSVM,13,test,brightness_contrast__severe,brightness_contrast,severe,D:\OASIS_1\distortions_128\brightness_contrast\severe\Mild_Dementia\OAS1_0137\OAS1_0137_slice_06_z051.png,Mild_Dementia/OAS1_0137/OAS1_0137_slice_06_z051.png,Mild Dementia/OAS1_0137/OAS1_0137_slice_06_z051.png,OAS1_0137,Mild Dementia,2,1,Very Mild Dementia,0,-1.0360850936826553,0.1565752337211357,-0.3308901488948922,-1.026801291612243
OASIS_1,LinearSVM,13,test,brightness_contrast__severe,brightness_contrast,severe,D:\OASIS_1\distortions_128\brightness_contrast\severe\Mild_Dementia\OAS1_0137\OAS1_0137_slice_07_z054.png,Mild_Dementia/OAS1_0137/OAS1_0137_slice_07_z054.png,Mild Dementia/OAS1_0137/OAS1_0137_slice_07_z054.png,OAS1_0137,Mild Dementia,2,0,Non-Demented,0,0.7156261700052093,-1.303158451501464,-0.8569257026974119,-0.9731685877652171
OASIS_1,LinearSVM,13,test,brightness_contrast__severe,brightness_contrast,severe,D:\OASIS_1\distortions_128\brightness_contrast\severe\Mild_Dementia\OAS1_0137\OAS1_0137_slice_08_z057.png,Mild_Dementia/OAS1_0137/OAS1_0137_slice_08_z057.png,Mild Dementia/OAS1_0137/OAS1_0137_slice_08_z057.png,OAS1_0137,Mild Dementia,2,0,Non-Demented,0,0.006554330969772551,-1.1308942161741986,-0.5323314537524402,-1.003663611169365
OASIS_1,LinearSVM,13,test,brightness_contrast__severe,brightness_contrast,severe,D:\OASIS_1\distortions_128\brightness_contrast\severe\Mild_Dementia\OAS1_0137\OAS1_0137_slice_09_z059.png,Mild_Dementia/OAS1_0137/OAS1_0137_slice_09_z059.png,Mild Dementia/OAS1_0137/OAS1_0137_slice_09_z059.png,OAS1_0137,Mild Dementia,2,0,Non-Demented,0,-0.3792982752426668,-0.40098985375500534,-0.5704805503825963,-0.9727787100136119
OASIS_1,LinearSVM,13,test,brightness_contrast__severe,brightness_contrast,severe,D:\OASIS_1\distortions_128\brightness_contrast\severe\Mild_Dementia\OAS1_0137\OAS1_0137_slice_10_z062.png,Mild_Dementia/OAS1_0137/OAS1_0137_slice_10_z062.png,Mild Dementia/OAS1_0137/OAS1_0137_slice_10_z062.png,OAS1_0137,Mild Dementia,2,0,Non-Demented,0,1.6351319547974594,-2.0533865228305057,-0.6456993231694743,-1.086124296191397
OASIS_1,LinearSVM,13,test,brightness_contrast__severe,brightness_contrast,severe,D:\OASIS_1\distortions_128\brightness_contrast\severe\Mild_Dementia\OAS1_0137\OAS1_0137_slice_11_z065.png,Mild_Dementia/OAS1_0137/OAS1_0137_slice_11_z065.png,Mild Dementia/OAS1_0137/OAS1_0137_slice_11_z065.png,OAS1_0137,Mild Dementia,2,0,Non-Demented,0,0.10925691953368738,-0.7690740558087699,-0.40260988029968847,-1.055403526623568
OASIS_1,LinearSVM,13,test,brightness_contrast__severe,brightness_contrast,severe,D:\OASIS_1\distortions_128\brightness_contrast\severe\Mild_Dementia\OAS1_0137\OAS1_0137_slice_12_z068.png,Mild_Dementia/OAS1_0137/OAS1_0137_slice_12_z068.png,Mild Dementia/OAS1_0137/OAS1_0137_slice_12_z068.png,OAS1_0137,Mild Dementia,2,1,Very Mild Dementia,0,-0.3623679810872002,-0.2574713143543263,-0.5325298395829994,-1.041448782796568
OASIS_1,LinearSVM,13,test,brightness_contrast__severe,brightness_contrast,severe,D:\OASIS_1\distortions_128\brightness_contrast\severe\Mild_Dementia\OAS1_0137\OAS1_0137_slice_13_z070.png,Mild_Dementia/OAS1_0137/OAS1_0137_slice_13_z070.png,Mild Dementia/OAS1_0137/OAS1_0137_slice_13_z070.png,OAS1_0137,Mild Dementia,2,0,Non-Demented,0,1.7317625713600744,-2.341226478995502,-0.4810328296859506,-0.9815955039119101
OASIS_1,LinearSVM,13,test,brightness_contrast__severe,brightness_contrast,severe,D:\OASIS_1\distortions_128\brightness_contrast\severe\Mild_Dementia\OAS1_0137\OAS1_0137_slice_14_z073.png,Mild_Dementia/OAS1_0137/OAS1_0137_slice_14_z073.png,Mild Dementia/OAS1_0137/OAS1_0137_slice_14_z073.png,OAS1_0137,Mild Dementia,2,0,Non-Demented,0,0.3029165717334463,-0.5508298845182484,-0.8314519848651261,-0.9999591446121224
OASIS_1,LinearSVM,13,test,brightness_contrast__severe,brightness_contrast,severe,D:\OASIS_1\distortions_128\brightness_contrast\severe\Mild_Dementia\OAS1_0137\OAS1_0137_slice_15_z076.png,Mild_Dementia/OAS1_0137/OAS1_0137_slice_15_z076.png,Mild Dementia/OAS1_0137/OAS1_0137_slice_15_z076.png,OAS1_0137,Mild Dementia,2,2,Mild Dementia,1,-32.946499067302064,1.237781883535627,100.3119789320085,-2.965429585575213
OASIS_1,LinearSVM,13,test,brightness_contrast__severe,brightness_contrast,severe,D:\OASIS_1\distortions_128\brightness_contrast\severe\Mild_Dementia\OAS1_0137\OAS1_0137_slice_16_z078.png,Mild_Dementia/OAS1_0137/OAS1_0137_slice_16_z078.png,Mild Dementia/OAS1_0137/OAS1_0137_slice_16_z078.png,OAS1_0137,Mild Dementia,2,2,Mild Dementia,1,-32.87134788615013,0.7502375666038379,100.58694834414104,-3.01428825851198
OASIS_1,LinearSVM,13,test,brightness_contrast__severe,brightness_contrast,severe,D:\OASIS_1\distortions_128\brightness_contrast\severe\Mild_Dementia\OAS1_0137\OAS1_0137_slice_17_z081.png,Mild_Dementia/OAS1_0137/OAS1_0137_slice_17_z081.png,Mild Dementia/OAS1_0137/OAS1_0137_slice_17_z081.png,OAS1_0137,Mild Dementia,2,0,Non-Demented,0,0.06809645721633463,-0.4945725414228685,-0.9260557279730983,-0.9263651750679496
OASIS_1,LinearSVM,13,test,brightness_contrast__severe,brightness_contrast,severe,D:\OASIS_1\distortions_128\brightness_contrast\severe\Mild_Dementia\OAS1_0137\OAS1_0137_slice_18_z084.png,Mild_Dementia/OAS1_0137/OAS1_0137_slice_18_z084.png,Mild Dementia/OAS1_0137/OAS1_0137_slice_18_z084.png,OAS1_0137,Mild Dementia,2,0,Non-Demented,0,0.8949208510041506,-0.973072047676508,-1.0105699821523038,-1.0278932842157598
OASIS_1,LinearSVM,13,test,brightness_contrast__severe,brightness_contrast,severe,D:\OASIS_1\distortions_128\brightness_contrast\severe\Mild_Dementia\OAS1_0137\OAS1_0137_slice_19_z086.png,Mild_Dementia/OAS1_0137/OAS1_0137_slice_19_z086.png,Mild Dementia/OAS1_0137/OAS1_0137_slice_19_z086.png,OAS1_0137,Mild Dementia,2,0,Non-Demented,0,1.4761404477578381,-1.3721168399511787,-1.610268289203327,-1.096622967066948
OASIS_1,LinearSVM,13,test,brightness_contrast__severe,brightness_contrast,severe,D:\OASIS_1\distortions_128\brightness_contrast\severe\Mild_Dementia\OAS1_0137\OAS1_0137_slice_20_z089.png,Mild_Dementia/OAS1_0137/OAS1_0137_slice_20_z089.png,Mild Dementia/OAS1_0137/OAS1_0137_slice_20_z089.png,OAS1_0137,Mild Dementia,2,1,Very Mild Dementia,0,-0.6786015805982677,0.3651833736970435,-0.9178826292621048,-1.0338791463938415
OASIS_1,LinearSVM,13,test,brightness_contrast__severe,brightness_contrast,severe,D:\OASIS_1\distortions_128\brightness_contrast\severe\Mild_Dementia\OAS1_0184\OAS1_0184_slice_01_z038.png,Mild_Dementia/OAS1_0184/OAS1_0184_slice_01_z038.png,Mild Dementia/OAS1_0184/OAS1_0184_slice_01_z038.png,OAS1_0184,Mild Dementia,2,1,Very Mild Dementia,0,-1.0501000648095569,0.011096992584219811,-0.6671786917350263,-1.0511580139507999
OASIS_1,LinearSVM,13,test,brightness_contrast__severe,brightness_contrast,severe,D:\OASIS_1\distortions_128\brightness_contrast\severe\Mild_Dementia\OAS1_0184\OAS1_0184_slice_02_z041.png,Mild_Dementia/OAS1_0184/OAS1_0184_slice_02_z041.png,Mild Dementia/OAS1_0184/OAS1_0184_slice_02_z041.png,OAS1_0184,Mild Dementia,2,2,Mild Dementia,1,-33.55066439209629,1.1211980647738304,99.6113651640213,-2.999885737772858
OASIS_1,LinearSVM,13,test,brightness_contrast__severe,brightness_contrast,severe,D:\OASIS_1\distortions_128\brightness_contrast\severe\Mild_Dementia\OAS1_0184\OAS1_0184_slice_03_z043.png,Mild_Dementia/OAS1_0184/OAS1_0184_slice_03_z043.png,Mild Dementia/OAS1_0184/OAS1_0184_slice_03_z043.png,OAS1_0184,Mild Dementia,2,0,Non-Demented,0,0.02041800067252547,-0.059936713160111954,-1.6460102662719636,-0.9201664120808601
OASIS_1,LinearSVM,13,test,brightness_contrast__severe,brightness_contrast,severe,D:\OASIS_1\distortions_128\brightness_contrast\severe\Mild_Dementia\OAS1_0184\OAS1_0184_slice_04_z046.png,Mild_Dementia/OAS1_0184/OAS1_0184_slice_04_z046.png,Mild Dementia/OAS1_0184/OAS1_0184_slice_04_z046.png,OAS1_0184,Mild Dementia,2,0,Non-Demented,0,1.385030939734325,-0.2795514761317676,-3.027392718892679,-0.9352954156642868
OASIS_1,LinearSVM,13,test,brightness_contrast__severe,brightness_contrast,severe,D:\OASIS_1\distortions_128\brightness_contrast\severe\Mild_Dementia\OAS1_0184\OAS1_0184_slice_05_z049.png,Mild_Dementia/OAS1_0184/OAS1_0184_slice_05_z049.png,Mild Dementia/OAS1_0184/OAS1_0184_slice_05_z049.png,OAS1_0184,Mild Dementia,2,1,Very Mild Dementia,0,-0.6282437340590359,0.4499374322361333,-1.2078634035605877,-0.8971068168381391
OASIS_1,LinearSVM,13,test,brightness_contrast__severe,brightness_contrast,severe,D:\OASIS_1\distortions_128\brightness_contrast\severe\Mild_Dementia\OAS1_0184\OAS1_0184_slice_06_z051.png,Mild_Dementia/OAS1_0184/OAS1_0184_slice_06_z051.png,Mild Dementia/OAS1_0184/OAS1_0184_slice_06_z051.png,OAS1_0184,Mild Dementia,2,1,Very Mild Dementia,0,-0.8457063212295328,0.4386303767898149,-0.8502701966986423,-0.9018889432356402
OASIS_1,LinearSVM,13,test,brightness_contrast__severe,brightness_contrast,severe,D:\OASIS_1\distortions_128\brightness_contrast\severe\Mild_Dementia\OAS1_0184\OAS1_0184_slice_07_z054.png,Mild_Dementia/OAS1_0184/OAS1_0184_slice_07_z054.png,Mild Dementia/OAS1_0184/OAS1_0184_slice_07_z054.png,OAS1_0184,Mild Dementia,2,1,Very Mild Dementia,0,-0.2352994995978076,-0.03104478379771536,-0.8373545804358807,-0.9764749350376075
OASIS_1,LinearSVM,13,test,brightness_contrast__severe,brightness_contrast,severe,D:\OASIS_1\distortions_128\brightness_contrast\severe\Mild_Dementia\OAS1_0184\OAS1_0184_slice_08_z057.png,Mild_Dementia/OAS1_0184/OAS1_0184_slice_08_z057.png,Mild Dementia/OAS1_0184/OAS1_0184_slice_08_z057.png,OAS1_0184,Mild Dementia,2,0,Non-Demented,0,1.6102713835987608,-1.2750593799121837,-0.5671696699848245,-0.933015474098593
OASIS_1,LinearSVM,13,test,brightness_contrast__severe,brightness_contrast,severe,D:\OASIS_1\distortions_128\brightness_contrast\severe\Mild_Dementia\OAS1_0184\OAS1_0184_slice_09_z059.png,Mild_Dementia/OAS1_0184/OAS1_0184_slice_09_z059.png,Mild Dementia/OAS1_0184/OAS1_0184_slice_09_z059.png,OAS1_0184,Mild Dementia,2,0,Non-Demented,0,0.1939405704017068,-0.44427504466638595,-0.12938614676222226,-0.8473530782775206
OASIS_1,LinearSVM,13,test,brightness_contrast__severe,brightness_contrast,severe,D:\OASIS_1\distortions_128\brightness_contrast\severe\Mild_Dementia\OAS1_0184\OAS1_0184_slice_10_z062.png,Mild_Dementia/OAS1_0184/OAS1_0184_slice_10_z062.png,Mild Dementia/OAS1_0184/OAS1_0184_slice_10_z062.png,OAS1_0184,Mild Dementia,2,1,Very Mild Dementia,0,-0.006736224142395081,0.3435468073471934,-0.508753567182739,-0.7665004778710314
OASIS_1,LinearSVM,13,test,brightness_contrast__severe,brightness_contrast,severe,D:\OASIS_1\distortions_128\brightness_contrast\severe\Mild_Dementia\OAS1_0184\OAS1_0184_slice_11_z065.png,Mild_Dementia/OAS1_0184/OAS1_0184_slice_11_z065.png,Mild Dementia/OAS1_0184/OAS1_0184_slice_11_z065.png,OAS1_0184,Mild Dementia,2,2,Mild Dementia,1,-0.6363908829832887,-0.42081503934007564,0.06744405892339767,-0.7614404304905674
OASIS_1,LinearSVM,13,test,brightness_contrast__severe,brightness_contrast,severe,D:\OASIS_1\distortions_128\brightness_contrast\severe\Mild_Dementia\OAS1_0184\OAS1_0184_slice_12_z068.png,Mild_Dementia/OAS1_0184/OAS1_0184_slice_12_z068.png,Mild Dementia/OAS1_0184/OAS1_0184_slice_12_z068.png,OAS1_0184,Mild Dementia,2,1,Very Mild Dementia,0,-1.239395959397711,0.6549817025551765,-0.38728332081584843,-0.9441323230982217
OASIS_1,LinearSVM,13,test,brightness_contrast__severe,brightness_contrast,severe,D:\OASIS_1\distortions_128\brightness_contrast\severe\Mild_Dementia\OAS1_0184\OAS1_0184_slice_13_z070.png,Mild_Dementia/OAS1_0184/OAS1_0184_slice_13_z070.png,Mild Dementia/OAS1_0184/OAS1_0184_slice_13_z070.png,OAS1_0184,Mild Dementia,2,1,Very Mild Dementia,0,-0.6035063043508422,0.4568331914547135,-0.22846636363832507,-0.9790525206640962
OASIS_1,LinearSVM,13,test,brightness_contrast__severe,brightness_contrast,severe,D:\OASIS_1\distortions_128\brightness_contrast\severe\Mild_Dementia\OAS1_0184\OAS1_0184_slice_14_z073.png,Mild_Dementia/OAS1_0184/OAS1_0184_slice_14_z073.png,Mild Dementia/OAS1_0184/OAS1_0184_slice_14_z073.png,OAS1_0184,Mild Dementia,2,1,Very Mild Dementia,0,-1.3323984842827388,0.7188177910558782,-0.5135123822358916,-0.8785472071989704
OASIS_1,LinearSVM,13,test,brightness_contrast__severe,brightness_contrast,severe,D:\OASIS_1\distortions_128\brightness_contrast\severe\Mild_Dementia\OAS1_0184\OAS1_0184_slice_15_z076.png,Mild_Dementia/OAS1_0184/OAS1_0184_slice_15_z076.png,Mild Dementia/OAS1_0184/OAS1_0184_slice_15_z076.png,OAS1_0184,Mild Dementia,2,2,Mild Dementia,1,-33.55137924804134,1.5389354783498224,100.20675353895126,-2.8484665141856995
OASIS_1,LinearSVM,13,test,brightness_contrast__severe,brightness_contrast,severe,D:\OASIS_1\distortions_128\brightness_contrast\severe\Mild_Dementia\OAS1_0184\OAS1_0184_slice_16_z078.png,Mild_Dementia/OAS1_0184/OAS1_0184_slice_16_z078.png,Mild Dementia/OAS1_0184/OAS1_0184_slice_16_z078.png,OAS1_0184,Mild Dementia,2,1,Very Mild Dementia,0,-0.27035080813620666,-0.004715546531722792,-0.8348647518898369,-0.9361417878088175
OASIS_1,LinearSVM,13,test,brightness_contrast__severe,brightness_contrast,severe,D:\OASIS_1\distortions_128\brightness_contrast\severe\Mild_Dementia\OAS1_0184\OAS1_0184_slice_17_z081.png,Mild_Dementia/OAS1_0184/OAS1_0184_slice_17_z081.png,Mild Dementia/OAS1_0184/OAS1_0184_slice_17_z081.png,OAS1_0184,Mild Dementia,2,0,Non-Demented,0,1.217803891260567,-0.5469777680120825,-1.5809603709253528,-0.8997902043284531
OASIS_1,LinearSVM,13,test,brightness_contrast__severe,brightness_contrast,severe,D:\OASIS_1\distortions_128\brightness_contrast\severe\Mild_Dementia\OAS1_0184\OAS1_0184_slice_18_z084.png,Mild_Dementia/OAS1_0184/OAS1_0184_slice_18_z084.png,Mild Dementia/OAS1_0184/OAS1_0184_slice_18_z084.png,OAS1_0184,Mild Dementia,2,0,Non-Demented,0,-0.023208848515424915,-0.1714506486650471,-1.3217415101561614,-0.947147060399991
OASIS_1,LinearSVM,13,test,brightness_contrast__severe,brightness_contrast,severe,D:\OASIS_1\distortions_128\brightness_contrast\severe\Mild_Dementia\OAS1_0184\OAS1_0184_slice_19_z086.png,Mild_Dementia/OAS1_0184/OAS1_0184_slice_19_z086.png,Mild Dementia/OAS1_0184/OAS1_0184_slice_19_z086.png,OAS1_0184,Mild Dementia,2,2,Mild Dementia,1,-32.86499157037282,1.3219001333864302,99.26806890624809,-3.004383945630683
OASIS_1,LinearSVM,13,test,brightness_contrast__severe,brightness_contrast,severe,D:\OASIS_1\distortions_128\brightness_contrast\severe\Mild_Dementia\OAS1_0184\OAS1_0184_slice_20_z089.png,Mild_Dementia/OAS1_0184/OAS1_0184_slice_20_z089.png,Mild Dementia/OAS1_0184/OAS1_0184_slice_20_z089.png,OAS1_0184,Mild Dementia,2,0,Non-Demented,0,-0.008299273188173278,-0.19884922922119064,-1.8704057874047244,-1.1162037466183419
OASIS_1,LinearSVM,13,test,brightness_contrast__severe,brightness_contrast,severe,D:\OASIS_1\distortions_128\brightness_contrast\severe\Mild_Dementia\OAS1_0278\OAS1_0278_slice_01_z038.png,Mild_Dementia/OAS1_0278/OAS1_0278_slice_01_z038.png,Mild Dementia/OAS1_0278/OAS1_0278_slice_01_z038.png,OAS1_0278,Mild Dementia,2,2,Mild Dementia,1,-1.7162815118336594,-0.33400334710626967,0.1433170689369071,-0.8527107681597692
OASIS_1,LinearSVM,13,test,brightness_contrast__severe,brightness_contrast,severe,D:\OASIS_1\distortions_128\brightness_contrast\severe\Mild_Dementia\OAS1_0278\OAS1_0278_slice_02_z041.png,Mild_Dementia/OAS1_0278/OAS1_0278_slice_02_z041.png,Mild Dementia/OAS1_0278/OAS1_0278_slice_02_z041.png,OAS1_0278,Mild Dementia,2,2,Mild Dementia,1,-1.142672525512753,-1.2414933049217678,0.3623347023114757,-0.8670699414997742
OASIS_1,LinearSVM,13,test,brightness_contrast__severe,brightness_contrast,severe,D:\OASIS_1\distortions_128\brightness_contrast\severe\Mild_Dementia\OAS1_0278\OAS1_0278_slice_03_z043.png,Mild_Dementia/OAS1_0278/OAS1_0278_slice_03_z043.png,Mild Dementia/OAS1_0278/OAS1_0278_slice_03_z043.png,OAS1_0278,Mild Dementia,2,0,Non-Demented,0,1.2341479878444792,-2.211363893194141,-0.37904778710212506,-0.9119355113192851
OASIS_1,LinearSVM,13,test,brightness_contrast__severe,brightness_contrast,severe,D:\OASIS_1\distortions_128\brightness_contrast\severe\Mild_Dementia\OAS1_0278\OAS1_0278_slice_04_z046.png,Mild_Dementia/OAS1_0278/OAS1_0278_slice_04_z046.png,Mild Dementia/OAS1_0278/OAS1_0278_slice_04_z046.png,OAS1_0278,Mild Dementia,2,0,Non-Demented,0,0.3887354721913002,-2.3064893679815905,0.21912957415756862,-1.0027017517971735
OASIS_1,LinearSVM,13,test,brightness_contrast__severe,brightness_contrast,severe,D:\OASIS_1\distortions_128\brightness_contrast\severe\Mild_Dementia\OAS1_0278\OAS1_0278_slice_05_z049.png,Mild_Dementia/OAS1_0278/OAS1_0278_slice_05_z049.png,Mild Dementia/OAS1_0278/OAS1_0278_slice_05_z049.png,OAS1_0278,Mild Dementia,2,2,Mild Dementia,1,-1.506916887104631,-0.5659295692402171,0.10733324563261648,-0.9969936932191874
OASIS_1,LinearSVM,13,test,brightness_contrast__severe,brightness_contrast,severe,D:\OASIS_1\distortions_128\brightness_contrast\severe\Mild_Dementia\OAS1_0278\OAS1_0278_slice_06_z051.png,Mild_Dementia/OAS1_0278/OAS1_0278_slice_06_z051.png,Mild Dementia/OAS1_0278/OAS1_0278_slice_06_z051.png,OAS1_0278,Mild Dementia,2,2,Mild Dementia,1,-0.5283095135187696,-0.6533499350145362,-0.23732750125928248,-0.95152095798772
OASIS_1,LinearSVM,13,test,brightness_contrast__severe,brightness_contrast,severe,D:\OASIS_1\distortions_128\brightness_contrast\severe\Mild_Dementia\OAS1_0278\OAS1_0278_slice_07_z054.png,Mild_Dementia/OAS1_0278/OAS1_0278_slice_07_z054.png,Mild Dementia/OAS1_0278/OAS1_0278_slice_07_z054.png,OAS1_0278,Mild Dementia,2,2,Mild Dementia,1,-0.8534494341144854,-0.7652132307510968,0.41010825207390045,-0.9883293824272967
OASIS_1,LinearSVM,13,test,brightness_contrast__severe,brightness_contrast,severe,D:\OASIS_1\distortions_128\brightness_contrast\severe\Mild_Dementia\OAS1_0278\OAS1_0278_slice_08_z057.png,Mild_Dementia/OAS1_0278/OAS1_0278_slice_08_z057.png,Mild Dementia/OAS1_0278/OAS1_0278_slice_08_z057.png,OAS1_0278,Mild Dementia,2,2,Mild Dementia,1,-1.191116147916507,-0.4781817281914518,0.03429632325492671,-1.071988413932773
OASIS_1,LinearSVM,13,test,brightness_contrast__severe,brightness_contrast,severe,D:\OASIS_1\distortions_128\brightness_contrast\severe\Mild_Dementia\OAS1_0278\OAS1_0278_slice_09_z059.png,Mild_Dementia/OAS1_0278/OAS1_0278_slice_09_z059.png,Mild Dementia/OAS1_0278/OAS1_0278_slice_09_z059.png,OAS1_0278,Mild Dementia,2,2,Mild Dementia,1,-33.82244248151204,0.8521869219442184,100.67026817315077,-3.0056182139758807
OASIS_1,LinearSVM,13,test,brightness_contrast__severe,brightness_contrast,severe,D:\OASIS_1\distortions_128\brightness_contrast\severe\Mild_Dementia\OAS1_0278\OAS1_0278_slice_10_z062.png,Mild_Dementia/OAS1_0278/OAS1_0278_slice_10_z062.png,Mild Dementia/OAS1_0278/OAS1_0278_slice_10_z062.png,OAS1_0278,Mild Dementia,2,2,Mild Dementia,1,-1.7349608622285095,0.06327014799171149,0.20073493341916993,-1.0532290949444811
OASIS_1,LinearSVM,13,test,brightness_contrast__severe,brightness_contrast,severe,D:\OASIS_1\distortions_128\brightness_contrast\severe\Mild_Dementia\OAS1_0278\OAS1_0278_slice_11_z065.png,Mild_Dementia/OAS1_0278/OAS1_0278_slice_11_z065.png,Mild Dementia/OAS1_0278/OAS1_0278_slice_11_z065.png,OAS1_0278,Mild Dementia,2,1,Very Mild Dementia,0,-1.4460453097032544,0.20983965055372256,-0.02802957141145035,-1.063724371762483
OASIS_1,LinearSVM,13,test,brightness_contrast__severe,brightness_contrast,severe,D:\OASIS_1\distortions_128\brightness_contrast\severe\Mild_Dementia\OAS1_0278\OAS1_0278_slice_12_z068.png,Mild_Dementia/OAS1_0278/OAS1_0278_slice_12_z068.png,Mild Dementia/OAS1_0278/OAS1_0278_slice_12_z068.png,OAS1_0278,Mild Dementia,2,1,Very Mild Dementia,0,-0.7844305755386893,-0.1977524791126153,-0.37247853440061646,-1.0106805174985483
OASIS_1,LinearSVM,13,test,brightness_contrast__severe,brightness_contrast,severe,D:\OASIS_1\distortions_128\brightness_contrast\severe\Mild_Dementia\OAS1_0278\OAS1_0278_slice_13_z070.png,Mild_Dementia/OAS1_0278/OAS1_0278_slice_13_z070.png,Mild Dementia/OAS1_0278/OAS1_0278_slice_13_z070.png,OAS1_0278,Mild Dementia,2,0,Non-Demented,0,0.48129196787753087,-1.7327449134906985,0.07626603068035198,-0.9316872536045424
OASIS_1,LinearSVM,13,test,brightness_contrast__severe,brightness_contrast,severe,D:\OASIS_1\distortions_128\brightness_contrast\severe\Mild_Dementia\OAS1_0278\OAS1_0278_slice_14_z073.png,Mild_Dementia/OAS1_0278/OAS1_0278_slice_14_z073.png,Mild Dementia/OAS1_0278/OAS1_0278_slice_14_z073.png,OAS1_0278,Mild Dementia,2,0,Non-Demented,0,1.275427897427365,-3.3718261360492194,0.33622365465014625,-0.8867827616748457
OASIS_1,LinearSVM,13,test,brightness_contrast__severe,brightness_contrast,severe,D:\OASIS_1\distortions_128\brightness_contrast\severe\Mild_Dementia\OAS1_0278\OAS1_0278_slice_15_z076.png,Mild_Dementia/OAS1_0278/OAS1_0278_slice_15_z076.png,Mild Dementia/OAS1_0278/OAS1_0278_slice_15_z076.png,OAS1_0278,Mild Dementia,2,2,Mild Dementia,1,-33.94652333671411,0.1581810669186669,101.12449081256413,-2.8295853367557235
OASIS_1,LinearSVM,13,test,brightness_contrast__severe,brightness_contrast,severe,D:\OASIS_1\distortions_128\brightness_contrast\severe\Mild_Dementia\OAS1_0278\OAS1_0278_slice_16_z078.png,Mild_Dementia/OAS1_0278/OAS1_0278_slice_16_z078.png,Mild Dementia/OAS1_0278/OAS1_0278_slice_16_z078.png,OAS1_0278,Mild Dementia,2,2,Mild Dementia,1,-0.25176153887892455,-2.7035542795184733,0.21158638466987034,-0.7694617202403219
OASIS_1,LinearSVM,13,test,brightness_contrast__severe,brightness_contrast,severe,D:\OASIS_1\distortions_128\brightness_contrast\severe\Mild_Dementia\OAS1_0278\OAS1_0278_slice_17_z081.png,Mild_Dementia/OAS1_0278/OAS1_0278_slice_17_z081.png,Mild Dementia/OAS1_0278/OAS1_0278_slice_17_z081.png,OAS1_0278,Mild Dementia,2,2,Mild Dementia,1,-1.4064152101998046,-0.844557024295904,0.273082438244276,-0.8833195896041905
OASIS_1,LinearSVM,13,test,brightness_contrast__severe,brightness_contrast,severe,D:\OASIS_1\distortions_128\brightness_contrast\severe\Mild_Dementia\OAS1_0278\OAS1_0278_slice_18_z084.png,Mild_Dementia/OAS1_0278/OAS1_0278_slice_18_z084.png,Mild Dementia/OAS1_0278/OAS1_0278_slice_18_z084.png,OAS1_0278,Mild Dementia,2,2,Mild Dementia,1,-1.1300514933365782,-1.093294544096837,0.5288391258138571,-0.8939251528945112
OASIS_1,LinearSVM,13,test,brightness_contrast__severe,brightness_contrast,severe,D:\OASIS_1\distortions_128\brightness_contrast\severe\Mild_Dementia\OAS1_0278\OAS1_0278_slice_19_z086.png,Mild_Dementia/OAS1_0278/OAS1_0278_slice_19_z086.png,Mild Dementia/OAS1_0278/OAS1_0278_slice_19_z086.png,OAS1_0278,Mild Dementia,2,2,Mild Dementia,1,-0.8412269203754168,-1.3045613438147912,0.14183781942821772,-0.8266474320712212
OASIS_1,LinearSVM,13,test,brightness_contrast__severe,brightness_contrast,severe,D:\OASIS_1\distortions_128\brightness_contrast\severe\Mild_Dementia\OAS1_0278\OAS1_0278_slice_20_z089.png,Mild_Dementia/OAS1_0278/OAS1_0278_slice_20_z089.png,Mild Dementia/OAS1_0278/OAS1_0278_slice_20_z089.png,OAS1_0278,Mild Dementia,2,2,Mild Dementia,1,-33.7217456121783,1.0248594447896355,100.70100005183518,-2.941518180372382
OASIS_1,LinearSVM,13,test,brightness_contrast__severe,brightness_contrast,severe,D:\OASIS_1\distortions_128\brightness_contrast\severe\Moderate_Dementia\OAS1_0308\OAS1_0308_slice_01_z038.png,Moderate_Dementia/OAS1_0308/OAS1_0308_slice_01_z038.png,Moderate Dementia/OAS1_0308/OAS1_0308_slice_01_z038.png,OAS1_0308,Moderate Dementia,3,1,Very Mild Dementia,0,-0.8631047094606117,0.4908315184207506,-0.8753982096172324,-0.9407051245985485
OASIS_1,LinearSVM,13,test,brightness_contrast__severe,brightness_contrast,severe,D:\OASIS_1\distortions_128\brightness_contrast\severe\Moderate_Dementia\OAS1_0308\OAS1_0308_slice_02_z041.png,Moderate_Dementia/OAS1_0308/OAS1_0308_slice_02_z041.png,Moderate Dementia/OAS1_0308/OAS1_0308_slice_02_z041.png,OAS1_0308,Moderate Dementia,3,2,Mild Dementia,0,-33.06611782279633,1.2619503804562928,100.07977122138071,-3.0510531840477095
OASIS_1,LinearSVM,13,test,brightness_contrast__severe,brightness_contrast,severe,D:\OASIS_1\distortions_128\brightness_contrast\severe\Moderate_Dementia\OAS1_0308\OAS1_0308_slice_03_z043.png,Moderate_Dementia/OAS1_0308/OAS1_0308_slice_03_z043.png,Moderate Dementia/OAS1_0308/OAS1_0308_slice_03_z043.png,OAS1_0308,Moderate Dementia,3,0,Non-Demented,0,2.208744517521963,-0.6606864406934965,-2.1718663081256993,-1.037775817556224
OASIS_1,LinearSVM,13,test,brightness_contrast__severe,brightness_contrast,severe,D:\OASIS_1\distortions_128\brightness_contrast\severe\Moderate_Dementia\OAS1_0308\OAS1_0308_slice_04_z046.png,Moderate_Dementia/OAS1_0308/OAS1_0308_slice_04_z046.png,Moderate Dementia/OAS1_0308/OAS1_0308_slice_04_z046.png,OAS1_0308,Moderate Dementia,3,2,Mild Dementia,0,-32.31780015144743,0.534306774230723,100.16859886884572,-2.966922078032685
OASIS_1,LinearSVM,13,test,brightness_contrast__severe,brightness_contrast,severe,D:\OASIS_1\distortions_128\brightness_contrast\severe\Moderate_Dementia\OAS1_0308\OAS1_0308_slice_05_z049.png,Moderate_Dementia/OAS1_0308/OAS1_0308_slice_05_z049.png,Moderate Dementia/OAS1_0308/OAS1_0308_slice_05_z049.png,OAS1_0308,Moderate Dementia,3,2,Mild Dementia,0,-33.10256921678499,0.8945855278163837,100.15815694052036,-2.924431377197216
OASIS_1,LinearSVM,13,test,brightness_contrast__severe,brightness_contrast,severe,D:\OASIS_1\distortions_128\brightness_contrast\severe\Moderate_Dementia\OAS1_0308\OAS1_0308_slice_06_z051.png,Moderate_Dementia/OAS1_0308/OAS1_0308_slice_06_z051.png,Moderate Dementia/OAS1_0308/OAS1_0308_slice_06_z051.png,OAS1_0308,Moderate Dementia,3,2,Mild Dementia,0,-33.388978913434904,1.4295815582779259,99.96698109060915,-2.9086736708433767
OASIS_1,LinearSVM,13,test,brightness_contrast__severe,brightness_contrast,severe,D:\OASIS_1\distortions_128\brightness_contrast\severe\Moderate_Dementia\OAS1_0308\OAS1_0308_slice_07_z054.png,Moderate_Dementia/OAS1_0308/OAS1_0308_slice_07_z054.png,Moderate Dementia/OAS1_0308/OAS1_0308_slice_07_z054.png,OAS1_0308,Moderate Dementia,3,0,Non-Demented,0,-0.057966135590175535,-0.49505968596570105,-0.6771587741300864,-1.018068590693728
OASIS_1,LinearSVM,13,test,brightness_contrast__severe,brightness_contrast,severe,D:\OASIS_1\distortions_128\brightness_contrast\severe\Moderate_Dementia\OAS1_0308\OAS1_0308_slice_08_z057.png,Moderate_Dementia/OAS1_0308/OAS1_0308_slice_08_z057.png,Moderate Dementia/OAS1_0308/OAS1_0308_slice_08_z057.png,OAS1_0308,Moderate Dementia,3,0,Non-Demented,0,3.4964784316166564,-2.115666368233761,-2.7022772846311214,-1.0094560922656908
OASIS_1,LinearSVM,13,test,brightness_contrast__severe,brightness_contrast,severe,D:\OASIS_1\distortions_128\brightness_contrast\severe\Moderate_Dementia\OAS1_0308\OAS1_0308_slice_09_z059.png,Moderate_Dementia/OAS1_0308/OAS1_0308_slice_09_z059.png,Moderate Dementia/OAS1_0308/OAS1_0308_slice_09_z059.png,OAS1_0308,Moderate Dementia,3,0,Non-Demented,0,1.5686537039764499,-1.1144667694277235,-2.0760559548989916,-0.9246791094334732
OASIS_1,LinearSVM,13,test,brightness_contrast__severe,brightness_contrast,severe,D:\OASIS_1\distortions_128\brightness_contrast\severe\Moderate_Dementia\OAS1_0308\OAS1_0308_slice_10_z062.png,Moderate_Dementia/OAS1_0308/OAS1_0308_slice_10_z062.png,Moderate Dementia/OAS1_0308/OAS1_0308_slice_10_z062.png,OAS1_0308,Moderate Dementia,3,0,Non-Demented,0,0.6217081463120133,-0.8825669596625365,-1.4293608837227016,-0.896599698582583
OASIS_1,LinearSVM,13,test,brightness_contrast__severe,brightness_contrast,severe,D:\OASIS_1\distortions_128\brightness_contrast\severe\Moderate_Dementia\OAS1_0308\OAS1_0308_slice_11_z065.png,Moderate_Dementia/OAS1_0308/OAS1_0308_slice_11_z065.png,Moderate Dementia/OAS1_0308/OAS1_0308_slice_11_z065.png,OAS1_0308,Moderate Dementia,3,0,Non-Demented,0,0.8382561285258654,-0.8932069507082734,-1.2436141772238571,-0.9547423490523306
OASIS_1,LinearSVM,13,test,brightness_contrast__severe,brightness_contrast,severe,D:\OASIS_1\distortions_128\brightness_contrast\severe\Moderate_Dementia\OAS1_0308\OAS1_0308_slice_12_z068.png,Moderate_Dementia/OAS1_0308/OAS1_0308_slice_12_z068.png,Moderate Dementia/OAS1_0308/OAS1_0308_slice_12_z068.png,OAS1_0308,Moderate Dementia,3,2,Mild Dementia,0,-31.699762378411886,0.4695892452975929,99.26549934638933,-2.888234109188892
OASIS_1,LinearSVM,13,test,brightness_contrast__severe,brightness_contrast,severe,D:\OASIS_1\distortions_128\brightness_contrast\severe\Moderate_Dementia\OAS1_0308\OAS1_0308_slice_13_z070.png,Moderate_Dementia/OAS1_0308/OAS1_0308_slice_13_z070.png,Moderate Dementia/OAS1_0308/OAS1_0308_slice_13_z070.png,OAS1_0308,Moderate Dementia,3,0,Non-Demented,0,2.7123472169588076,-1.6096612501126593,-2.363157996671565,-0.870596828913551
OASIS_1,LinearSVM,13,test,brightness_contrast__severe,brightness_contrast,severe,D:\OASIS_1\distortions_128\brightness_contrast\severe\Moderate_Dementia\OAS1_0308\OAS1_0308_slice_14_z073.png,Moderate_Dementia/OAS1_0308/OAS1_0308_slice_14_z073.png,Moderate Dementia/OAS1_0308/OAS1_0308_slice_14_z073.png,OAS1_0308,Moderate Dementia,3,0,Non-Demented,0,0.15136797914421313,-1.5714978139958846,-0.3610127410421211,-0.8683965749673382
OASIS_1,LinearSVM,13,test,brightness_contrast__severe,brightness_contrast,severe,D:\OASIS_1\distortions_128\brightness_contrast\severe\Moderate_Dementia\OAS1_0308\OAS1_0308_slice_15_z076.png,Moderate_Dementia/OAS1_0308/OAS1_0308_slice_15_z076.png,Moderate Dementia/OAS1_0308/OAS1_0308_slice_15_z076.png,OAS1_0308,Moderate Dementia,3,0,Non-Demented,0,0.4445659682298981,-0.7135618578710206,-1.341414553948244,-0.924866925533474
OASIS_1,LinearSVM,13,test,brightness_contrast__severe,brightness_contrast,severe,D:\OASIS_1\distortions_128\brightness_contrast\severe\Moderate_Dementia\OAS1_0308\OAS1_0308_slice_16_z078.png,Moderate_Dementia/OAS1_0308/OAS1_0308_slice_16_z078.png,Moderate Dementia/OAS1_0308/OAS1_0308_slice_16_z078.png,OAS1_0308,Moderate Dementia,3,0,Non-Demented,0,-0.052718889362835794,-0.39460864617487307,-1.0547060254290257,-0.9468239066240287
OASIS_1,LinearSVM,13,test,brightness_contrast__severe,brightness_contrast,severe,D:\OASIS_1\distortions_128\brightness_contrast\severe\Moderate_Dementia\OAS1_0308\OAS1_0308_slice_17_z081.png,Moderate_Dementia/OAS1_0308/OAS1_0308_slice_17_z081.png,Moderate Dementia/OAS1_0308/OAS1_0308_slice_17_z081.png,OAS1_0308,Moderate Dementia,3,0,Non-Demented,0,0.2946623459333036,-0.23174065841899225,-0.9288345423220596,-0.8918848635750817
OASIS_1,LinearSVM,13,test,brightness_contrast__severe,brightness_contrast,severe,D:\OASIS_1\distortions_128\brightness_contrast\severe\Moderate_Dementia\OAS1_0308\OAS1_0308_slice_18_z084.png,Moderate_Dementia/OAS1_0308/OAS1_0308_slice_18_z084.png,Moderate Dementia/OAS1_0308/OAS1_0308_slice_18_z084.png,OAS1_0308,Moderate Dementia,3,2,Mild Dementia,0,-32.815379448802354,0.385367662855538,100.16298717616866,-2.9478900969547177
OASIS_1,LinearSVM,13,test,brightness_contrast__severe,brightness_contrast,severe,D:\OASIS_1\distortions_128\brightness_contrast\severe\Moderate_Dementia\OAS1_0308\OAS1_0308_slice_19_z086.png,Moderate_Dementia/OAS1_0308/OAS1_0308_slice_19_z086.png,Moderate Dementia/OAS1_0308/OAS1_0308_slice_19_z086.png,OAS1_0308,Moderate Dementia,3,0,Non-Demented,0,1.0136830625681774,-1.8109607371177419,-0.5678950053045373,-1.0391677482491215
OASIS_1,LinearSVM,13,test,brightness_contrast__severe,brightness_contrast,severe,D:\OASIS_1\distortions_128\brightness_contrast\severe\Moderate_Dementia\OAS1_0308\OAS1_0308_slice_20_z089.png,Moderate_Dementia/OAS1_0308/OAS1_0308_slice_20_z089.png,Moderate Dementia/OAS1_0308/OAS1_0308_slice_20_z089.png,OAS1_0308,Moderate Dementia,3,1,Very Mild Dementia,0,-1.3831855649962899,-0.05309667618559233,-0.0860545985037825,-1.066154646118043
OASIS_1,LinearSVM,13,test,brightness_contrast__severe,brightness_contrast,severe,D:\OASIS_1\distortions_128\brightness_contrast\severe\Non_Demented\OAS1_0013\OAS1_0013_slice_01_z038.png,Non_Demented/OAS1_0013/OAS1_0013_slice_01_z038.png,Non-Demented/OAS1_0013/OAS1_0013_slice_01_z038.png,OAS1_0013,Non-Demented,0,0,Non-Demented,1,-0.034221718716883884,-0.36934019496064496,-0.6189822737219314,-1.010165739374876
OASIS_1,LinearSVM,13,test,brightness_contrast__severe,brightness_contrast,severe,D:\OASIS_1\distortions_128\brightness_contrast\severe\Non_Demented\OAS1_0013\OAS1_0013_slice_02_z041.png,Non_Demented/OAS1_0013/OAS1_0013_slice_02_z041.png,Non-Demented/OAS1_0013/OAS1_0013_slice_02_z041.png,OAS1_0013,Non-Demented,0,0,Non-Demented,1,0.6103969552147854,-1.9369658750104903,-0.2216505829529104,-0.965262840910653
OASIS_1,LinearSVM,13,test,brightness_contrast__severe,brightness_contrast,severe,D:\OASIS_1\distortions_128\brightness_contrast\severe\Non_Demented\OAS1_0013\OAS1_0013_slice_03_z043.png,Non_Demented/OAS1_0013/OAS1_0013_slice_03_z043.png,Non-Demented/OAS1_0013/OAS1_0013_slice_03_z043.png,OAS1_0013,Non-Demented,0,2,Mild Dementia,0,-32.393419424895185,0.2948962327906432,99.82791123648465,-2.971239497661114
OASIS_1,LinearSVM,13,test,brightness_contrast__severe,brightness_contrast,severe,D:\OASIS_1\distortions_128\brightness_contrast\severe\Non_Demented\OAS1_0013\OAS1_0013_slice_04_z046.png,Non_Demented/OAS1_0013/OAS1_0013_slice_04_z046.png,Non-Demented/OAS1_0013/OAS1_0013_slice_04_z046.png,OAS1_0013,Non-Demented,0,0,Non-Demented,1,0.7037127045909295,-0.5504341621171983,-1.0043387458193147,-1.0005074642303728
OASIS_1,LinearSVM,13,test,brightness_contrast__severe,brightness_contrast,severe,D:\OASIS_1\distortions_128\brightness_contrast\severe\Non_Demented\OAS1_0013\OAS1_0013_slice_05_z049.png,Non_Demented/OAS1_0013/OAS1_0013_slice_05_z049.png,Non-Demented/OAS1_0013/OAS1_0013_slice_05_z049.png,OAS1_0013,Non-Demented,0,0,Non-Demented,1,2.1809048930908084,-0.5074601028335282,-2.992579206353702,-1.0029604103734464
OASIS_1,LinearSVM,13,test,brightness_contrast__severe,brightness_contrast,severe,D:\OASIS_1\distortions_128\brightness_contrast\severe\Non_Demented\OAS1_0013\OAS1_0013_slice_06_z051.png,Non_Demented/OAS1_0013/OAS1_0013_slice_06_z051.png,Non-Demented/OAS1_0013/OAS1_0013_slice_06_z051.png,OAS1_0013,Non-Demented,0,0,Non-Demented,1,0.5495081451270494,-0.7333857024630301,-1.7856783024026561,-0.9442969188106216
OASIS_1,LinearSVM,13,test,brightness_contrast__severe,brightness_contrast,severe,D:\OASIS_1\distortions_128\brightness_contrast\severe\Non_Demented\OAS1_0013\OAS1_0013_slice_07_z054.png,Non_Demented/OAS1_0013/OAS1_0013_slice_07_z054.png,Non-Demented/OAS1_0013/OAS1_0013_slice_07_z054.png,OAS1_0013,Non-Demented,0,0,Non-Demented,1,0.37309853054991654,-0.9753625806407757,-1.6147334144726315,-0.8893868584426897
OASIS_1,LinearSVM,13,test,brightness_contrast__severe,brightness_contrast,severe,D:\OASIS_1\distortions_128\brightness_contrast\severe\Non_Demented\OAS1_0013\OAS1_0013_slice_08_z057.png,Non_Demented/OAS1_0013/OAS1_0013_slice_08_z057.png,Non-Demented/OAS1_0013/OAS1_0013_slice_08_z057.png,OAS1_0013,Non-Demented,0,0,Non-Demented,1,1.9896342322842062,-2.2775270675585224,-1.938329369987997,-0.8944919044184055
OASIS_1,LinearSVM,13,test,brightness_contrast__severe,brightness_contrast,severe,D:\OASIS_1\distortions_128\brightness_contrast\severe\Non_Demented\OAS1_0013\OAS1_0013_slice_09_z059.png,Non_Demented/OAS1_0013/OAS1_0013_slice_09_z059.png,Non-Demented/OAS1_0013/OAS1_0013_slice_09_z059.png,OAS1_0013,Non-Demented,0,2,Mild Dementia,0,-32.41636683326346,-0.28385622248703696,100.04502756490838,-2.9753226866171754
OASIS_1,LinearSVM,13,test,brightness_contrast__severe,brightness_contrast,severe,D:\OASIS_1\distortions_128\brightness_contrast\severe\Non_Demented\OAS1_0013\OAS1_0013_slice_10_z062.png,Non_Demented/OAS1_0013/OAS1_0013_slice_10_z062.png,Non-Demented/OAS1_0013/OAS1_0013_slice_10_z062.png,OAS1_0013,Non-Demented,0,2,Mild Dementia,0,-34.20105957684038,0.5222167184449038,101.13332590087707,-2.952988629921874
OASIS_1,LinearSVM,13,test,brightness_contrast__severe,brightness_contrast,severe,D:\OASIS_1\distortions_128\brightness_contrast\severe\Non_Demented\OAS1_0013\OAS1_0013_slice_11_z065.png,Non_Demented/OAS1_0013/OAS1_0013_slice_11_z065.png,Non-Demented/OAS1_0013/OAS1_0013_slice_11_z065.png,OAS1_0013,Non-Demented,0,2,Mild Dementia,0,0.1592687254008237,-2.568252523596527,1.311437795000813,-0.9820521759921964
OASIS_1,LinearSVM,13,test,brightness_contrast__severe,brightness_contrast,severe,D:\OASIS_1\distortions_128\brightness_contrast\severe\Non_Demented\OAS1_0013\OAS1_0013_slice_12_z068.png,Non_Demented/OAS1_0013/OAS1_0013_slice_12_z068.png,Non-Demented/OAS1_0013/OAS1_0013_slice_12_z068.png,OAS1_0013,Non-Demented,0,2,Mild Dementia,0,-1.3112144372503622,-0.38911283945015873,0.41209582732122707,-1.1182282652570987
OASIS_1,LinearSVM,13,test,brightness_contrast__severe,brightness_contrast,severe,D:\OASIS_1\distortions_128\brightness_contrast\severe\Non_Demented\OAS1_0013\OAS1_0013_slice_13_z070.png,Non_Demented/OAS1_0013/OAS1_0013_slice_13_z070.png,Non-Demented/OAS1_0013/OAS1_0013_slice_13_z070.png,OAS1_0013,Non-Demented,0,0,Non-Demented,1,1.0596895946137077,-3.419904461959795,-0.40337507618377755,-0.8959286086945141
OASIS_1,LinearSVM,13,test,brightness_contrast__severe,brightness_contrast,severe,D:\OASIS_1\distortions_128\brightness_contrast\severe\Non_Demented\OAS1_0013\OAS1_0013_slice_14_z073.png,Non_Demented/OAS1_0013/OAS1_0013_slice_14_z073.png,Non-Demented/OAS1_0013/OAS1_0013_slice_14_z073.png,OAS1_0013,Non-Demented,0,2,Mild Dementia,0,-33.061410930957535,0.16817891020418502,99.81015228427472,-2.9282305309923613
OASIS_1,LinearSVM,13,test,brightness_contrast__severe,brightness_contrast,severe,D:\OASIS_1\distortions_128\brightness_contrast\severe\Non_Demented\OAS1_0013\OAS1_0013_slice_15_z076.png,Non_Demented/OAS1_0013/OAS1_0013_slice_15_z076.png,Non-Demented/OAS1_0013/OAS1_0013_slice_15_z076.png,OAS1_0013,Non-Demented,0,0,Non-Demented,1,1.2538824958863781,-2.440280796206344,-0.986436999833469,-0.7897636497821588
OASIS_1,LinearSVM,13,test,brightness_contrast__severe,brightness_contrast,severe,D:\OASIS_1\distortions_128\brightness_contrast\severe\Non_Demented\OAS1_0013\OAS1_0013_slice_16_z078.png,Non_Demented/OAS1_0013/OAS1_0013_slice_16_z078.png,Non-Demented/OAS1_0013/OAS1_0013_slice_16_z078.png,OAS1_0013,Non-Demented,0,0,Non-Demented,1,-0.5319877325284144,-1.3956026435634046,-0.5936222205063909,-0.8991142261915475
OASIS_1,LinearSVM,13,test,brightness_contrast__severe,brightness_contrast,severe,D:\OASIS_1\distortions_128\brightness_contrast\severe\Non_Demented\OAS1_0013\OAS1_0013_slice_17_z081.png,Non_Demented/OAS1_0013/OAS1_0013_slice_17_z081.png,Non-Demented/OAS1_0013/OAS1_0013_slice_17_z081.png,OAS1_0013,Non-Demented,0,2,Mild Dementia,0,-32.364274342891385,-0.33566241464568775,100.26655165101913,-2.9133198933042346
OASIS_1,LinearSVM,13,test,brightness_contrast__severe,brightness_contrast,severe,D:\OASIS_1\distortions_128\brightness_contrast\severe\Non_Demented\OAS1_0013\OAS1_0013_slice_18_z084.png,Non_Demented/OAS1_0013/OAS1_0013_slice_18_z084.png,Non-Demented/OAS1_0013/OAS1_0013_slice_18_z084.png,OAS1_0013,Non-Demented,0,0,Non-Demented,1,-0.2191686059877906,-0.897115189188183,-0.3193797048335238,-1.0059237853808634
OASIS_1,LinearSVM,13,test,brightness_contrast__severe,brightness_contrast,severe,D:\OASIS_1\distortions_128\brightness_contrast\severe\Non_Demented\OAS1_0013\OAS1_0013_slice_19_z086.png,Non_Demented/OAS1_0013/OAS1_0013_slice_19_z086.png,Non-Demented/OAS1_0013/OAS1_0013_slice_19_z086.png,OAS1_0013,Non-Demented,0,2,Mild Dementia,0,-0.1864477644280878,-0.9550626524446888,-0.06756094465900253,-1.0263793620126895
OASIS_1,LinearSVM,13,test,brightness_contrast__severe,brightness_contrast,severe,D:\OASIS_1\distortions_128\brightness_contrast\severe\Non_Demented\OAS1_0013\OAS1_0013_slice_20_z089.png,Non_Demented/OAS1_0013/OAS1_0013_slice_20_z089.png,Non-Demented/OAS1_0013/OAS1_0013_slice_20_z089.png,OAS1_0013,Non-Demented,0,0,Non-Demented,1,-0.24952688712206372,-0.7359756163078104,-0.3780710820353318,-0.9982813914186517
OASIS_1,LinearSVM,13,test,brightness_contrast__severe,brightness_contrast,severe,D:\OASIS_1\distortions_128\brightness_contrast\severe\Non_Demented\OAS1_0044\OAS1_0044_slice_01_z038.png,Non_Demented/OAS1_0044/OAS1_0044_slice_01_z038.png,Non-Demented/OAS1_0044/OAS1_0044_slice_01_z038.png,OAS1_0044,Non-Demented,0,2,Mild Dementia,0,-32.288538439587775,0.48969637896768775,99.91528885736456,-3.054418831668384
OASIS_1,LinearSVM,13,test,brightness_contrast__severe,brightness_contrast,severe,D:\OASIS_1\distortions_128\brightness_contrast\severe\Non_Demented\OAS1_0044\OAS1_0044_slice_02_z041.png,Non_Demented/OAS1_0044/OAS1_0044_slice_02_z041.png,Non-Demented/OAS1_0044/OAS1_0044_slice_02_z041.png,OAS1_0044,Non-Demented,0,2,Mild Dementia,0,-32.42518455104862,0.22765213534675327,100.22939743469672,-2.9714494944133714
OASIS_1,LinearSVM,13,test,brightness_contrast__severe,brightness_contrast,severe,D:\OASIS_1\distortions_128\brightness_contrast\severe\Non_Demented\OAS1_0044\OAS1_0044_slice_03_z043.png,Non_Demented/OAS1_0044/OAS1_0044_slice_03_z043.png,Non-Demented/OAS1_0044/OAS1_0044_slice_03_z043.png,OAS1_0044,Non-Demented,0,0,Non-Demented,1,2.0692746121682113,-2.5507381731028125,-0.35372552495731063,-1.011534229457629
OASIS_1,LinearSVM,13,test,brightness_contrast__severe,brightness_contrast,severe,D:\OASIS_1\distortions_128\brightness_contrast\severe\Non_Demented\OAS1_0044\OAS1_0044_slice_04_z046.png,Non_Demented/OAS1_0044/OAS1_0044_slice_04_z046.png,Non-Demented/OAS1_0044/OAS1_0044_slice_04_z046.png,OAS1_0044,Non-Demented,0,2,Mild Dementia,0,-31.293116633696567,-0.5618969556108961,100.20776983606713,-2.9093662722122
OASIS_1,LinearSVM,13,test,brightness_contrast__severe,brightness_contrast,severe,D:\OASIS_1\distortions_128\brightness_contrast\severe\Non_Demented\OAS1_0044\OAS1_0044_slice_05_z049.png,Non_Demented/OAS1_0044/OAS1_0044_slice_05_z049.png,Non-Demented/OAS1_0044/OAS1_0044_slice_05_z049.png,OAS1_0044,Non-Demented,0,0,Non-Demented,1,1.1630860379812276,-1.6621281945510715,-0.18002498256929927,-1.1274020135379441
OASIS_1,LinearSVM,13,test,brightness_contrast__severe,brightness_contrast,severe,D:\OASIS_1\distortions_128\brightness_contrast\severe\Non_Demented\OAS1_0044\OAS1_0044_slice_06_z051.png,Non_Demented/OAS1_0044/OAS1_0044_slice_06_z051.png,Non-Demented/OAS1_0044/OAS1_0044_slice_06_z051.png,OAS1_0044,Non-Demented,0,0,Non-Demented,1,1.0285903996206234,-0.814600475897916,-1.0378181463239795,-1.0592359132708467
OASIS_1,LinearSVM,13,test,brightness_contrast__severe,brightness_contrast,severe,D:\OASIS_1\distortions_128\brightness_contrast\severe\Non_Demented\OAS1_0044\OAS1_0044_slice_07_z054.png,Non_Demented/OAS1_0044/OAS1_0044_slice_07_z054.png,Non-Demented/OAS1_0044/OAS1_0044_slice_07_z054.png,OAS1_0044,Non-Demented,0,0,Non-Demented,1,1.3985917332148707,-1.1206083157013733,-0.8185649339361565,-0.9959737712563418
OASIS_1,LinearSVM,13,test,brightness_contrast__severe,brightness_contrast,severe,D:\OASIS_1\distortions_128\brightness_contrast\severe\Non_Demented\OAS1_0044\OAS1_0044_slice_08_z057.png,Non_Demented/OAS1_0044/OAS1_0044_slice_08_z057.png,Non-Demented/OAS1_0044/OAS1_0044_slice_08_z057.png,OAS1_0044,Non-Demented,0,2,Mild Dementia,0,-31.915531237611585,0.33772556093081535,99.99760702411137,-2.9236169929876006
OASIS_1,LinearSVM,13,test,brightness_contrast__severe,brightness_contrast,severe,D:\OASIS_1\distortions_128\brightness_contrast\severe\Non_Demented\OAS1_0044\OAS1_0044_slice_09_z059.png,Non_Demented/OAS1_0044/OAS1_0044_slice_09_z059.png,Non-Demented/OAS1_0044/OAS1_0044_slice_09_z059.png,OAS1_0044,Non-Demented,0,2,Mild Dementia,0,-31.845585380545817,0.3330030774611234,100.05517216544489,-2.9412933263865053
OASIS_1,LinearSVM,13,test,brightness_contrast__severe,brightness_contrast,severe,D:\OASIS_1\distortions_128\brightness_contrast\severe\Non_Demented\OAS1_0044\OAS1_0044_slice_10_z062.png,Non_Demented/OAS1_0044/OAS1_0044_slice_10_z062.png,Non-Demented/OAS1_0044/OAS1_0044_slice_10_z062.png,OAS1_0044,Non-Demented,0,2,Mild Dementia,0,-32.229972228282854,0.6497572490861163,100.08618779377827,-2.984829466854089
OASIS_1,LinearSVM,13,test,brightness_contrast__severe,brightness_contrast,severe,D:\OASIS_1\distortions_128\brightness_contrast\severe\Non_Demented\OAS1_0044\OAS1_0044_slice_11_z065.png,Non_Demented/OAS1_0044/OAS1_0044_slice_11_z065.png,Non-Demented/OAS1_0044/OAS1_0044_slice_11_z065.png,OAS1_0044,Non-Demented,0,0,Non-Demented,1,0.7704595482098968,-1.101709435015167,-0.47698684872864117,-1.0117845351651993
OASIS_1,LinearSVM,13,test,brightness_contrast__severe,brightness_contrast,severe,D:\OASIS_1\distortions_128\brightness_contrast\severe\Non_Demented\OAS1_0044\OAS1_0044_slice_12_z068.png,Non_Demented/OAS1_0044/OAS1_0044_slice_12_z068.png,Non-Demented/OAS1_0044/OAS1_0044_slice_12_z068.png,OAS1_0044,Non-Demented,0,0,Non-Demented,1,1.8724052417021584,-0.8748921373005099,-0.9034211625416042,-1.0614536906184553
OASIS_1,LinearSVM,13,test,brightness_contrast__severe,brightness_contrast,severe,D:\OASIS_1\distortions_128\brightness_contrast\severe\Non_Demented\OAS1_0044\OAS1_0044_slice_13_z070.png,Non_Demented/OAS1_0044/OAS1_0044_slice_13_z070.png,Non-Demented/OAS1_0044/OAS1_0044_slice_13_z070.png,OAS1_0044,Non-Demented,0,2,Mild Dementia,0,-31.9970503221754,0.4213898040997836,100.34944309387849,-2.9335223703423026
OASIS_1,LinearSVM,13,test,brightness_contrast__severe,brightness_contrast,severe,D:\OASIS_1\distortions_128\brightness_contrast\severe\Non_Demented\OAS1_0044\OAS1_0044_slice_14_z073.png,Non_Demented/OAS1_0044/OAS1_0044_slice_14_z073.png,Non-Demented/OAS1_0044/OAS1_0044_slice_14_z073.png,OAS1_0044,Non-Demented,0,0,Non-Demented,1,0.6528722269916112,-0.6072752394266969,-0.27756670908429043,-1.1261325850059052
OASIS_1,LinearSVM,13,test,brightness_contrast__severe,brightness_contrast,severe,D:\OASIS_1\distortions_128\brightness_contrast\severe\Non_Demented\OAS1_0044\OAS1_0044_slice_15_z076.png,Non_Demented/OAS1_0044/OAS1_0044_slice_15_z076.png,Non-Demented/OAS1_0044/OAS1_0044_slice_15_z076.png,OAS1_0044,Non-Demented,0,0,Non-Demented,1,0.7518332678170161,-0.26002727725668057,-1.0081164454524854,-1.0476070310995373
OASIS_1,LinearSVM,13,test,brightness_contrast__severe,brightness_contrast,severe,D:\OASIS_1\distortions_128\brightness_contrast\severe\Non_Demented\OAS1_0044\OAS1_0044_slice_16_z078.png,Non_Demented/OAS1_0044/OAS1_0044_slice_16_z078.png,Non-Demented/OAS1_0044/OAS1_0044_slice_16_z078.png,OAS1_0044,Non-Demented,0,0,Non-Demented,1,2.2096880510938264,-1.2233348189175166,-1.12002870395276,-1.0628898853484314
OASIS_1,LinearSVM,13,test,brightness_contrast__severe,brightness_contrast,severe,D:\OASIS_1\distortions_128\brightness_contrast\severe\Non_Demented\OAS1_0044\OAS1_0044_slice_17_z081.png,Non_Demented/OAS1_0044/OAS1_0044_slice_17_z081.png,Non-Demented/OAS1_0044/OAS1_0044_slice_17_z081.png,OAS1_0044,Non-Demented,0,2,Mild Dementia,0,-31.74301397695533,0.14943853741103824,99.9392673183485,-2.9776390488238764
OASIS_1,LinearSVM,13,test,brightness_contrast__severe,brightness_contrast,severe,D:\OASIS_1\distortions_128\brightness_contrast\severe\Non_Demented\OAS1_0044\OAS1_0044_slice_18_z084.png,Non_Demented/OAS1_0044/OAS1_0044_slice_18_z084.png,Non-Demented/OAS1_0044/OAS1_0044_slice_18_z084.png,OAS1_0044,Non-Demented,0,2,Mild Dementia,0,-31.58808900780083,-0.23367969886129997,99.7754629278867,-2.9914944496657485
OASIS_1,LinearSVM,13,test,brightness_contrast__severe,brightness_contrast,severe,D:\OASIS_1\distortions_128\brightness_contrast\severe\Non_Demented\OAS1_0044\OAS1_0044_slice_19_z086.png,Non_Demented/OAS1_0044/OAS1_0044_slice_19_z086.png,Non-Demented/OAS1_0044/OAS1_0044_slice_19_z086.png,OAS1_0044,Non-Demented,0,0,Non-Demented,1,3.2880761198954955,-2.1927426228459006,-1.5480295144939424,-0.9545810402760708
OASIS_1,LinearSVM,13,test,brightness_contrast__severe,brightness_contrast,severe,D:\OASIS_1\distortions_128\brightness_contrast\severe\Non_Demented\OAS1_0044\OAS1_0044_slice_20_z089.png,Non_Demented/OAS1_0044/OAS1_0044_slice_20_z089.png,Non-Demented/OAS1_0044/OAS1_0044_slice_20_z089.png,OAS1_0044,Non-Demented,0,0,Non-Demented,1,1.370002122352704,-1.1692017476909002,-0.7915468440866881,-0.9854934820669133
OASIS_1,LinearSVM,13,test,brightness_contrast__severe,brightness_contrast,severe,D:\OASIS_1\distortions_128\brightness_contrast\severe\Non_Demented\OAS1_0074\OAS1_0074_slice_01_z038.png,Non_Demented/OAS1_0074/OAS1_0074_slice_01_z038.png,Non-Demented/OAS1_0074/OAS1_0074_slice_01_z038.png,OAS1_0074,Non-Demented,0,2,Mild Dementia,0,-32.55518001123529,0.9883576975164079,99.57314113523836,-2.9503723555574597
OASIS_1,LinearSVM,13,test,brightness_contrast__severe,brightness_contrast,severe,D:\OASIS_1\distortions_128\brightness_contrast\severe\Non_Demented\OAS1_0074\OAS1_0074_slice_02_z041.png,Non_Demented/OAS1_0074/OAS1_0074_slice_02_z041.png,Non-Demented/OAS1_0074/OAS1_0074_slice_02_z041.png,OAS1_0074,Non-Demented,0,0,Non-Demented,1,1.6541665814307243,-1.406064668679816,-1.5685514829615779,-0.979273792358391
OASIS_1,LinearSVM,13,test,brightness_contrast__severe,brightness_contrast,severe,D:\OASIS_1\distortions_128\brightness_contrast\severe\Non_Demented\OAS1_0074\OAS1_0074_slice_03_z043.png,Non_Demented/OAS1_0074/OAS1_0074_slice_03_z043.png,Non-Demented/OAS1_0074/OAS1_0074_slice_03_z043.png,OAS1_0074,Non-Demented,0,0,Non-Demented,1,1.694678036317393,-2.1354273276832747,-0.8405793610940593,-1.0177834764650286
OASIS_1,LinearSVM,13,test,brightness_contrast__severe,brightness_contrast,severe,D:\OASIS_1\distortions_128\brightness_contrast\severe\Non_Demented\OAS1_0074\OAS1_0074_slice_04_z046.png,Non_Demented/OAS1_0074/OAS1_0074_slice_04_z046.png,Non-Demented/OAS1_0074/OAS1_0074_slice_04_z046.png,OAS1_0074,Non-Demented,0,0,Non-Demented,1,2.4476910521767667,-3.530211074152557,-0.20085227888915635,-0.9887540043272733
OASIS_1,LinearSVM,13,test,brightness_contrast__severe,brightness_contrast,severe,D:\OASIS_1\distortions_128\brightness_contrast\severe\Non_Demented\OAS1_0074\OAS1_0074_slice_05_z049.png,Non_Demented/OAS1_0074/OAS1_0074_slice_05_z049.png,Non-Demented/OAS1_0074/OAS1_0074_slice_05_z049.png,OAS1_0074,Non-Demented,0,0,Non-Demented,1,1.658184273393561,-2.390573839476858,-0.5146057785990686,-0.939409148175134
OASIS_1,LinearSVM,13,test,brightness_contrast__severe,brightness_contrast,severe,D:\OASIS_1\distortions_128\brightness_contrast\severe\Non_Demented\OAS1_0074\OAS1_0074_slice_06_z051.png,Non_Demented/OAS1_0074/OAS1_0074_slice_06_z051.png,Non-Demented/OAS1_0074/OAS1_0074_slice_06_z051.png,OAS1_0074,Non-Demented,0,0,Non-Demented,1,2.404446048608379,-2.6697062084207936,-1.534861307925358,-0.8018227622181735
OASIS_1,LinearSVM,13,test,brightness_contrast__severe,brightness_contrast,severe,D:\OASIS_1\distortions_128\brightness_contrast\severe\Non_Demented\OAS1_0074\OAS1_0074_slice_07_z054.png,Non_Demented/OAS1_0074/OAS1_0074_slice_07_z054.png,Non-Demented/OAS1_0074/OAS1_0074_slice_07_z054.png,OAS1_0074,Non-Demented,0,2,Mild Dementia,0,-32.266095223302656,-0.004649544749456835,100.02901890261948,-2.9696748530775503
OASIS_1,LinearSVM,13,test,brightness_contrast__severe,brightness_contrast,severe,D:\OASIS_1\distortions_128\brightness_contrast\severe\Non_Demented\OAS1_0074\OAS1_0074_slice_08_z057.png,Non_Demented/OAS1_0074/OAS1_0074_slice_08_z057.png,Non-Demented/OAS1_0074/OAS1_0074_slice_08_z057.png,OAS1_0074,Non-Demented,0,0,Non-Demented,1,1.1329214752894767,-0.5894748492195933,-1.7263966941853766,-0.988366044382343
OASIS_1,LinearSVM,13,test,brightness_contrast__severe,brightness_contrast,severe,D:\OASIS_1\distortions_128\brightness_contrast\severe\Non_Demented\OAS1_0074\OAS1_0074_slice_09_z059.png,Non_Demented/OAS1_0074/OAS1_0074_slice_09_z059.png,Non-Demented/OAS1_0074/OAS1_0074_slice_09_z059.png,OAS1_0074,Non-Demented,0,0,Non-Demented,1,0.7672688521494585,-1.179671904032823,-1.0164576080654673,-0.9514023616334814
OASIS_1,LinearSVM,13,test,brightness_contrast__severe,brightness_contrast,severe,D:\OASIS_1\distortions_128\brightness_contrast\severe\Non_Demented\OAS1_0074\OAS1_0074_slice_10_z062.png,Non_Demented/OAS1_0074/OAS1_0074_slice_10_z062.png,Non-Demented/OAS1_0074/OAS1_0074_slice_10_z062.png,OAS1_0074,Non-Demented,0,0,Non-Demented,1,2.907754460934081,-3.2791111534658306,-1.1797722444847023,-0.9360639733185512
OASIS_1,LinearSVM,13,test,brightness_contrast__severe,brightness_contrast,severe,D:\OASIS_1\distortions_128\brightness_contrast\severe\Non_Demented\OAS1_0074\OAS1_0074_slice_11_z065.png,Non_Demented/OAS1_0074/OAS1_0074_slice_11_z065.png,Non-Demented/OAS1_0074/OAS1_0074_slice_11_z065.png,OAS1_0074,Non-Demented,0,0,Non-Demented,1,0.622039655335813,-1.6312361767282035,-0.5935917821142991,-0.9081460277477954
OASIS_1,LinearSVM,13,test,brightness_contrast__severe,brightness_contrast,severe,D:\OASIS_1\distortions_128\brightness_contrast\severe\Non_Demented\OAS1_0074\OAS1_0074_slice_12_z068.png,Non_Demented/OAS1_0074/OAS1_0074_slice_12_z068.png,Non-Demented/OAS1_0074/OAS1_0074_slice_12_z068.png,OAS1_0074,Non-Demented,0,2,Mild Dementia,0,-32.18734561298779,-0.19828132715439933,99.95238913570616,-2.86414759517884
OASIS_1,LinearSVM,13,test,brightness_contrast__severe,brightness_contrast,severe,D:\OASIS_1\distortions_128\brightness_contrast\severe\Non_Demented\OAS1_0074\OAS1_0074_slice_13_z070.png,Non_Demented/OAS1_0074/OAS1_0074_slice_13_z070.png,Non-Demented/OAS1_0074/OAS1_0074_slice_13_z070.png,OAS1_0074,Non-Demented,0,0,Non-Demented,1,1.5240487890799082,-1.6188479999613676,-1.0763824920445548,-0.972924799932183
OASIS_1,LinearSVM,13,test,brightness_contrast__severe,brightness_contrast,severe,D:\OASIS_1\distortions_128\brightness_contrast\severe\Non_Demented\OAS1_0074\OAS1_0074_slice_14_z073.png,Non_Demented/OAS1_0074/OAS1_0074_slice_14_z073.png,Non-Demented/OAS1_0074/OAS1_0074_slice_14_z073.png,OAS1_0074,Non-Demented,0,2,Mild Dementia,0,-31.80174197358541,0.04244782292307109,99.6681914607342,-3.0347284245035606
OASIS_1,LinearSVM,13,test,brightness_contrast__severe,brightness_contrast,severe,D:\OASIS_1\distortions_128\brightness_contrast\severe\Non_Demented\OAS1_0074\OAS1_0074_slice_15_z076.png,Non_Demented/OAS1_0074/OAS1_0074_slice_15_z076.png,Non-Demented/OAS1_0074/OAS1_0074_slice_15_z076.png,OAS1_0074,Non-Demented,0,0,Non-Demented,1,0.6918137562649072,-0.42425100974884355,-1.2652277188399987,-0.9901743666194068
OASIS_1,LinearSVM,13,test,brightness_contrast__severe,brightness_contrast,severe,D:\OASIS_1\distortions_128\brightness_contrast\severe\Non_Demented\OAS1_0074\OAS1_0074_slice_16_z078.png,Non_Demented/OAS1_0074/OAS1_0074_slice_16_z078.png,Non-Demented/OAS1_0074/OAS1_0074_slice_16_z078.png,OAS1_0074,Non-Demented,0,2,Mild Dementia,0,-32.624689627694316,-0.39226474158595265,100.4231020269488,-3.0164522437942995
OASIS_1,LinearSVM,13,test,brightness_contrast__severe,brightness_contrast,severe,D:\OASIS_1\distortions_128\brightness_contrast\severe\Non_Demented\OAS1_0074\OAS1_0074_slice_17_z081.png,Non_Demented/OAS1_0074/OAS1_0074_slice_17_z081.png,Non-Demented/OAS1_0074/OAS1_0074_slice_17_z081.png,OAS1_0074,Non-Demented,0,0,Non-Demented,1,2.601908161287736,-2.976572802002634,-0.7784317092669153,-0.9345626302253994
OASIS_1,LinearSVM,13,test,brightness_contrast__severe,brightness_contrast,severe,D:\OASIS_1\distortions_128\brightness_contrast\severe\Non_Demented\OAS1_0074\OAS1_0074_slice_18_z084.png,Non_Demented/OAS1_0074/OAS1_0074_slice_18_z084.png,Non-Demented/OAS1_0074/OAS1_0074_slice_18_z084.png,OAS1_0074,Non-Demented,0,0,Non-Demented,1,2.630741490479267,-2.6426615025483713,-1.1370538666983745,-1.0040646969520939
OASIS_1,LinearSVM,13,test,brightness_contrast__severe,brightness_contrast,severe,D:\OASIS_1\distortions_128\brightness_contrast\severe\Non_Demented\OAS1_0074\OAS1_0074_slice_19_z086.png,Non_Demented/OAS1_0074/OAS1_0074_slice_19_z086.png,Non-Demented/OAS1_0074/OAS1_0074_slice_19_z086.png,OAS1_0074,Non-Demented,0,0,Non-Demented,1,2.8201432862104134,-3.63730031364392,-0.1917507931796556,-0.9674028617313091
OASIS_1,LinearSVM,13,test,brightness_contrast__severe,brightness_contrast,severe,D:\OASIS_1\distortions_128\brightness_contrast\severe\Non_Demented\OAS1_0074\OAS1_0074_slice_20_z089.png,Non_Demented/OAS1_0074/OAS1_0074_slice_20_z089.png,Non-Demented/OAS1_0074/OAS1_0074_slice_20_z089.png,OAS1_0074,Non-Demented,0,0,Non-Demented,1,0.5117557745770739,-1.074061913894962,-0.611893672365212,-0.9956132264764642
OASIS_1,LinearSVM,13,test,brightness_contrast__severe,brightness_contrast,severe,D:\OASIS_1\distortions_128\brightness_contrast\severe\Non_Demented\OAS1_0075\OAS1_0075_slice_01_z038.png,Non_Demented/OAS1_0075/OAS1_0075_slice_01_z038.png,Non-Demented/OAS1_0075/OAS1_0075_slice_01_z038.png,OAS1_0075,Non-Demented,0,0,Non-Demented,1,-0.21562255982357165,-0.4895235349436031,-0.5167793550953956,-1.0469109200185345
OASIS_1,LinearSVM,13,test,brightness_contrast__severe,brightness_contrast,severe,D:\OASIS_1\distortions_128\brightness_contrast\severe\Non_Demented\OAS1_0075\OAS1_0075_slice_02_z041.png,Non_Demented/OAS1_0075/OAS1_0075_slice_02_z041.png,Non-Demented/OAS1_0075/OAS1_0075_slice_02_z041.png,OAS1_0075,Non-Demented,0,1,Very Mild Dementia,0,-0.6662305189142617,0.2865873218103131,-0.6530561492454596,-1.0531528249569664
OASIS_1,LinearSVM,13,test,brightness_contrast__severe,brightness_contrast,severe,D:\OASIS_1\distortions_128\brightness_contrast\severe\Non_Demented\OAS1_0075\OAS1_0075_slice_03_z043.png,Non_Demented/OAS1_0075/OAS1_0075_slice_03_z043.png,Non-Demented/OAS1_0075/OAS1_0075_slice_03_z043.png,OAS1_0075,Non-Demented,0,2,Mild Dementia,0,-33.39519221902417,1.9722272884965353,99.62612008341229,-3.011018687664552
OASIS_1,LinearSVM,13,test,brightness_contrast__severe,brightness_contrast,severe,D:\OASIS_1\distortions_128\brightness_contrast\severe\Non_Demented\OAS1_0075\OAS1_0075_slice_04_z046.png,Non_Demented/OAS1_0075/OAS1_0075_slice_04_z046.png,Non-Demented/OAS1_0075/OAS1_0075_slice_04_z046.png,OAS1_0075,Non-Demented,0,1,Very Mild Dementia,0,0.03261937778849819,0.8532296439742522,-1.62945687018011,-0.9142907245324379
OASIS_1,LinearSVM,13,test,brightness_contrast__severe,brightness_contrast,severe,D:\OASIS_1\distortions_128\brightness_contrast\severe\Non_Demented\OAS1_0075\OAS1_0075_slice_05_z049.png,Non_Demented/OAS1_0075/OAS1_0075_slice_05_z049.png,Non-Demented/OAS1_0075/OAS1_0075_slice_05_z049.png,OAS1_0075,Non-Demented,0,1,Very Mild Dementia,0,0.1348911434691233,0.25635173670956724,-1.1777224611158448,-0.932854648568403
OASIS_1,LinearSVM,13,test,brightness_contrast__severe,brightness_contrast,severe,D:\OASIS_1\distortions_128\brightness_contrast\severe\Non_Demented\OAS1_0075\OAS1_0075_slice_06_z051.png,Non_Demented/OAS1_0075/OAS1_0075_slice_06_z051.png,Non-Demented/OAS1_0075/OAS1_0075_slice_06_z051.png,OAS1_0075,Non-Demented,0,2,Mild Dementia,0,-33.69387464827632,2.0835921987931645,99.68259411172265,-2.9034649851868752
OASIS_1,LinearSVM,13,test,brightness_contrast__severe,brightness_contrast,severe,D:\OASIS_1\distortions_128\brightness_contrast\severe\Non_Demented\OAS1_0075\OAS1_0075_slice_07_z054.png,Non_Demented/OAS1_0075/OAS1_0075_slice_07_z054.png,Non-Demented/OAS1_0075/OAS1_0075_slice_07_z054.png,OAS1_0075,Non-Demented,0,1,Very Mild Dementia,0,-0.5123962364402177,1.414558081676677,-1.8399633651457359,-0.9330373597166005
OASIS_1,LinearSVM,13,test,brightness_contrast__severe,brightness_contrast,severe,D:\OASIS_1\distortions_128\brightness_contrast\severe\Non_Demented\OAS1_0075\OAS1_0075_slice_08_z057.png,Non_Demented/OAS1_0075/OAS1_0075_slice_08_z057.png,Non-Demented/OAS1_0075/OAS1_0075_slice_08_z057.png,OAS1_0075,Non-Demented,0,1,Very Mild Dementia,0,-0.6798004501483017,0.7281971873722184,-0.949341674917082,-0.9668416936031453
OASIS_1,LinearSVM,13,test,brightness_contrast__severe,brightness_contrast,severe,D:\OASIS_1\distortions_128\brightness_contrast\severe\Non_Demented\OAS1_0075\OAS1_0075_slice_09_z059.png,Non_Demented/OAS1_0075/OAS1_0075_slice_09_z059.png,Non-Demented/OAS1_0075/OAS1_0075_slice_09_z059.png,OAS1_0075,Non-Demented,0,1,Very Mild Dementia,0,-0.6221986546877465,0.8577774735690571,-0.9609305932292049,-0.8897927341135935
OASIS_1,LinearSVM,13,test,brightness_contrast__severe,brightness_contrast,severe,D:\OASIS_1\distortions_128\brightness_contrast\severe\Non_Demented\OAS1_0075\OAS1_0075_slice_10_z062.png,Non_Demented/OAS1_0075/OAS1_0075_slice_10_z062.png,Non-Demented/OAS1_0075/OAS1_0075_slice_10_z062.png,OAS1_0075,Non-Demented,0,1,Very Mild Dementia,0,-1.6592785963117223,1.3090732976595973,-0.8392374841918687,-0.9697726545930623
OASIS_1,LinearSVM,13,test,brightness_contrast__severe,brightness_contrast,severe,D:\OASIS_1\distortions_128\brightness_contrast\severe\Non_Demented\OAS1_0075\OAS1_0075_slice_11_z065.png,Non_Demented/OAS1_0075/OAS1_0075_slice_11_z065.png,Non-Demented/OAS1_0075/OAS1_0075_slice_11_z065.png,OAS1_0075,Non-Demented,0,1,Very Mild Dementia,0,-1.4071690828798284,1.0472565913319232,-0.8123000306624656,-0.9045331413810143
OASIS_1,LinearSVM,13,test,brightness_contrast__severe,brightness_contrast,severe,D:\OASIS_1\distortions_128\brightness_contrast\severe\Non_Demented\OAS1_0075\OAS1_0075_slice_12_z068.png,Non_Demented/OAS1_0075/OAS1_0075_slice_12_z068.png,Non-Demented/OAS1_0075/OAS1_0075_slice_12_z068.png,OAS1_0075,Non-Demented,0,1,Very Mild Dementia,0,-0.8913189285962142,1.093004004011627,-1.1034413566296977,-0.9314403623784898
OASIS_1,LinearSVM,13,test,brightness_contrast__severe,brightness_contrast,severe,D:\OASIS_1\distortions_128\brightness_contrast\severe\Non_Demented\OAS1_0075\OAS1_0075_slice_13_z070.png,Non_Demented/OAS1_0075/OAS1_0075_slice_13_z070.png,Non-Demented/OAS1_0075/OAS1_0075_slice_13_z070.png,OAS1_0075,Non-Demented,0,1,Very Mild Dementia,0,-0.0647391716305633,0.3611679994452774,-1.502236035952763,-0.8378556243828288
OASIS_1,LinearSVM,13,test,brightness_contrast__severe,brightness_contrast,severe,D:\OASIS_1\distortions_128\brightness_contrast\severe\Non_Demented\OAS1_0075\OAS1_0075_slice_14_z073.png,Non_Demented/OAS1_0075/OAS1_0075_slice_14_z073.png,Non-Demented/OAS1_0075/OAS1_0075_slice_14_z073.png,OAS1_0075,Non-Demented,0,2,Mild Dementia,0,-32.894423708798136,1.4132507696744288,99.82013546970147,-2.979911132015066
OASIS_1,LinearSVM,13,test,brightness_contrast__severe,brightness_contrast,severe,D:\OASIS_1\distortions_128\brightness_contrast\severe\Non_Demented\OAS1_0075\OAS1_0075_slice_15_z076.png,Non_Demented/OAS1_0075/OAS1_0075_slice_15_z076.png,Non-Demented/OAS1_0075/OAS1_0075_slice_15_z076.png,OAS1_0075,Non-Demented,0,1,Very Mild Dementia,0,-0.7496631839359977,0.6439602853240398,-0.9967937281852537,-0.9679319338790696
OASIS_1,LinearSVM,13,test,brightness_contrast__severe,brightness_contrast,severe,D:\OASIS_1\distortions_128\brightness_contrast\severe\Non_Demented\OAS1_0075\OAS1_0075_slice_16_z078.png,Non_Demented/OAS1_0075/OAS1_0075_slice_16_z078.png,Non-Demented/OAS1_0075/OAS1_0075_slice_16_z078.png,OAS1_0075,Non-Demented,0,1,Very Mild Dementia,0,-0.1762556494704703,0.41362225395729196,-0.9498600959294847,-0.9249306049600476
OASIS_1,LinearSVM,13,test,brightness_contrast__severe,brightness_contrast,severe,D:\OASIS_1\distortions_128\brightness_contrast\severe\Non_Demented\OAS1_0075\OAS1_0075_slice_17_z081.png,Non_Demented/OAS1_0075/OAS1_0075_slice_17_z081.png,Non-Demented/OAS1_0075/OAS1_0075_slice_17_z081.png,OAS1_0075,Non-Demented,0,1,Very Mild Dementia,0,-1.286001174897014,2.0257578496988247,-1.5856376113045583,-0.998920411171104
OASIS_1,LinearSVM,13,test,brightness_contrast__severe,brightness_contrast,severe,D:\OASIS_1\distortions_128\brightness_contrast\severe\Non_Demented\OAS1_0075\OAS1_0075_slice_18_z084.png,Non_Demented/OAS1_0075/OAS1_0075_slice_18_z084.png,Non-Demented/OAS1_0075/OAS1_0075_slice_18_z084.png,OAS1_0075,Non-Demented,0,1,Very Mild Dementia,0,-0.15068754738593387,0.4419182890004671,-0.9350415428536081,-1.0010843347326097
OASIS_1,LinearSVM,13,test,brightness_contrast__severe,brightness_contrast,severe,D:\OASIS_1\distortions_128\brightness_contrast\severe\Non_Demented\OAS1_0075\OAS1_0075_slice_19_z086.png,Non_Demented/OAS1_0075/OAS1_0075_slice_19_z086.png,Non-Demented/OAS1_0075/OAS1_0075_slice_19_z086.png,OAS1_0075,Non-Demented,0,0,Non-Demented,1,-0.02474443429879035,-1.1567108476906816,-0.2667051541620608,-1.0241777607292024
OASIS_1,LinearSVM,13,test,brightness_contrast__severe,brightness_contrast,severe,D:\OASIS_1\distortions_128\brightness_contrast\severe\Non_Demented\OAS1_0075\OAS1_0075_slice_20_z089.png,Non_Demented/OAS1_0075/OAS1_0075_slice_20_z089.png,Non-Demented/OAS1_0075/OAS1_0075_slice_20_z089.png,OAS1_0075,Non-Demented,0,0,Non-Demented,1,0.0830597790533863,-0.722370323017691,-0.9062524955312721,-1.0030666844449343
OASIS_1,LinearSVM,13,test,brightness_contrast__severe,brightness_contrast,severe,D:\OASIS_1\distortions_128\brightness_contrast\severe\Non_Demented\OAS1_0083\OAS1_0083_slice_01_z038.png,Non_Demented/OAS1_0083/OAS1_0083_slice_01_z038.png,Non-Demented/OAS1_0083/OAS1_0083_slice_01_z038.png,OAS1_0083,Non-Demented,0,1,Very Mild Dementia,0,-0.8924375276992538,-0.3629163111591309,-0.4496560448639896,-1.1435025581541407
OASIS_1,LinearSVM,13,test,brightness_contrast__severe,brightness_contrast,severe,D:\OASIS_1\distortions_128\brightness_contrast\severe\Non_Demented\OAS1_0083\OAS1_0083_slice_02_z041.png,Non_Demented/OAS1_0083/OAS1_0083_slice_02_z041.png,Non-Demented/OAS1_0083/OAS1_0083_slice_02_z041.png,OAS1_0083,Non-Demented,0,0,Non-Demented,1,0.665151441434201,-1.8609317538479533,-0.49798942575914684,-1.4325231760148445
OASIS_1,LinearSVM,13,test,brightness_contrast__severe,brightness_contrast,severe,D:\OASIS_1\distortions_128\brightness_contrast\severe\Non_Demented\OAS1_0083\OAS1_0083_slice_03_z043.png,Non_Demented/OAS1_0083/OAS1_0083_slice_03_z043.png,Non-Demented/OAS1_0083/OAS1_0083_slice_03_z043.png,OAS1_0083,Non-Demented,0,1,Very Mild Dementia,0,-0.9741040800209282,0.14742500636179434,-0.4687210681212785,-1.2619964209086263
OASIS_1,LinearSVM,13,test,brightness_contrast__severe,brightness_contrast,severe,D:\OASIS_1\distortions_128\brightness_contrast\severe\Non_Demented\OAS1_0083\OAS1_0083_slice_04_z046.png,Non_Demented/OAS1_0083/OAS1_0083_slice_04_z046.png,Non-Demented/OAS1_0083/OAS1_0083_slice_04_z046.png,OAS1_0083,Non-Demented,0,0,Non-Demented,1,0.014317089591509263,-0.2747881669196745,-0.7846262538122216,-1.1992855311032313
OASIS_1,LinearSVM,13,test,brightness_contrast__severe,brightness_contrast,severe,D:\OASIS_1\distortions_128\brightness_contrast\severe\Non_Demented\OAS1_0083\OAS1_0083_slice_05_z049.png,Non_Demented/OAS1_0083/OAS1_0083_slice_05_z049.png,Non-Demented/OAS1_0083/OAS1_0083_slice_05_z049.png,OAS1_0083,Non-Demented,0,0,Non-Demented,1,1.1665063042980661,-0.5396963945995624,-1.4972762252935214,-1.2836108895725966
OASIS_1,LinearSVM,13,test,brightness_contrast__severe,brightness_contrast,severe,D:\OASIS_1\distortions_128\brightness_contrast\severe\Non_Demented\OAS1_0083\OAS1_0083_slice_06_z051.png,Non_Demented/OAS1_0083/OAS1_0083_slice_06_z051.png,Non-Demented/OAS1_0083/OAS1_0083_slice_06_z051.png,OAS1_0083,Non-Demented,0,0,Non-Demented,1,0.3221414402698238,-1.2038187176093746,-0.4829945746504618,-1.3377660283006114
OASIS_1,LinearSVM,13,test,brightness_contrast__severe,brightness_contrast,severe,D:\OASIS_1\distortions_128\brightness_contrast\severe\Non_Demented\OAS1_0083\OAS1_0083_slice_07_z054.png,Non_Demented/OAS1_0083/OAS1_0083_slice_07_z054.png,Non-Demented/OAS1_0083/OAS1_0083_slice_07_z054.png,OAS1_0083,Non-Demented,0,0,Non-Demented,1,0.07025600193908776,-1.3429154992699432,-0.39870244297791024,-1.0319044253977288
OASIS_1,LinearSVM,13,test,brightness_contrast__severe,brightness_contrast,severe,D:\OASIS_1\distortions_128\brightness_contrast\severe\Non_Demented\OAS1_0083\OAS1_0083_slice_08_z057.png,Non_Demented/OAS1_0083/OAS1_0083_slice_08_z057.png,Non-Demented/OAS1_0083/OAS1_0083_slice_08_z057.png,OAS1_0083,Non-Demented,0,2,Mild Dementia,0,-1.1089328964847924,-0.6108923294597673,-0.2709106446563475,-0.997784730654177
OASIS_1,LinearSVM,13,test,brightness_contrast__severe,brightness_contrast,severe,D:\OASIS_1\distortions_128\brightness_contrast\severe\Non_Demented\OAS1_0083\OAS1_0083_slice_09_z059.png,Non_Demented/OAS1_0083/OAS1_0083_slice_09_z059.png,Non-Demented/OAS1_0083/OAS1_0083_slice_09_z059.png,OAS1_0083,Non-Demented,0,2,Mild Dementia,0,-34.00597900728091,0.8525116650666948,100.32952496553561,-2.915078943011228
OASIS_1,LinearSVM,13,test,brightness_contrast__severe,brightness_contrast,severe,D:\OASIS_1\distortions_128\brightness_contrast\severe\Non_Demented\OAS1_0083\OAS1_0083_slice_10_z062.png,Non_Demented/OAS1_0083/OAS1_0083_slice_10_z062.png,Non-Demented/OAS1_0083/OAS1_0083_slice_10_z062.png,OAS1_0083,Non-Demented,0,2,Mild Dementia,0,-1.308005634400467,-0.9098599113822068,-0.10840843879178874,-0.9548448195848102
OASIS_1,LinearSVM,13,test,brightness_contrast__severe,brightness_contrast,severe,D:\OASIS_1\distortions_128\brightness_contrast\severe\Non_Demented\OAS1_0083\OAS1_0083_slice_11_z065.png,Non_Demented/OAS1_0083/OAS1_0083_slice_11_z065.png,Non-Demented/OAS1_0083/OAS1_0083_slice_11_z065.png,OAS1_0083,Non-Demented,0,2,Mild Dementia,0,-2.462313363222196,-0.9980228575980947,0.14254665897716634,-1.1642685892767284
OASIS_1,LinearSVM,13,test,brightness_contrast__severe,brightness_contrast,severe,D:\OASIS_1\distortions_128\brightness_contrast\severe\Non_Demented\OAS1_0083\OAS1_0083_slice_12_z068.png,Non_Demented/OAS1_0083/OAS1_0083_slice_12_z068.png,Non-Demented/OAS1_0083/OAS1_0083_slice_12_z068.png,OAS1_0083,Non-Demented,0,2,Mild Dementia,0,-0.8306693432836221,-1.0851532576682605,-0.28167823318611246,-0.9812340788897531
OASIS_1,LinearSVM,13,test,brightness_contrast__severe,brightness_contrast,severe,D:\OASIS_1\distortions_128\brightness_contrast\severe\Non_Demented\OAS1_0083\OAS1_0083_slice_13_z070.png,Non_Demented/OAS1_0083/OAS1_0083_slice_13_z070.png,Non-Demented/OAS1_0083/OAS1_0083_slice_13_z070.png,OAS1_0083,Non-Demented,0,2,Mild Dementia,0,-33.511347991827996,0.2197983263450229,100.30024706687092,-2.908672515870902
OASIS_1,LinearSVM,13,test,brightness_contrast__severe,brightness_contrast,severe,D:\OASIS_1\distortions_128\brightness_contrast\severe\Non_Demented\OAS1_0083\OAS1_0083_slice_14_z073.png,Non_Demented/OAS1_0083/OAS1_0083_slice_14_z073.png,Non-Demented/OAS1_0083/OAS1_0083_slice_14_z073.png,OAS1_0083,Non-Demented,0,0,Non-Demented,1,0.8139895334192295,-1.1599462712724895,-1.6585644334261707,-0.9493732732619515
OASIS_1,LinearSVM,13,test,brightness_contrast__severe,brightness_contrast,severe,D:\OASIS_1\distortions_128\brightness_contrast\severe\Non_Demented\OAS1_0083\OAS1_0083_slice_15_z076.png,Non_Demented/OAS1_0083/OAS1_0083_slice_15_z076.png,Non-Demented/OAS1_0083/OAS1_0083_slice_15_z076.png,OAS1_0083,Non-Demented,0,0,Non-Demented,1,-0.06706892618835113,-0.8824569154645578,-0.6613191074953914,-1.02509659871325
OASIS_1,LinearSVM,13,test,brightness_contrast__severe,brightness_contrast,severe,D:\OASIS_1\distortions_128\brightness_contrast\severe\Non_Demented\OAS1_0083\OAS1_0083_slice_16_z078.png,Non_Demented/OAS1_0083/OAS1_0083_slice_16_z078.png,Non-Demented/OAS1_0083/OAS1_0083_slice_16_z078.png,OAS1_0083,Non-Demented,0,2,Mild Dementia,0,-32.94069800173719,0.6655097191262715,100.24408601098925,-2.998909054774574
OASIS_1,LinearSVM,13,test,brightness_contrast__severe,brightness_contrast,severe,D:\OASIS_1\distortions_128\brightness_contrast\severe\Non_Demented\OAS1_0083\OAS1_0083_slice_17_z081.png,Non_Demented/OAS1_0083/OAS1_0083_slice_17_z081.png,Non-Demented/OAS1_0083/OAS1_0083_slice_17_z081.png,OAS1_0083,Non-Demented,0,2,Mild Dementia,0,-33.20491775814473,1.0136506543569883,100.20911007957729,-3.1192665965602107
OASIS_1,LinearSVM,13,test,brightness_contrast__severe,brightness_contrast,severe,D:\OASIS_1\distortions_128\brightness_contrast\severe\Non_Demented\OAS1_0083\OAS1_0083_slice_18_z084.png,Non_Demented/OAS1_0083/OAS1_0083_slice_18_z084.png,Non-Demented/OAS1_0083/OAS1_0083_slice_18_z084.png,OAS1_0083,Non-Demented,0,2,Mild Dementia,0,-33.52962786670615,1.1511739084323072,100.43035576252362,-3.1049609828541658
OASIS_1,LinearSVM,13,test,brightness_contrast__severe,brightness_contrast,severe,D:\OASIS_1\distortions_128\brightness_contrast\severe\Non_Demented\OAS1_0083\OAS1_0083_slice_19_z086.png,Non_Demented/OAS1_0083/OAS1_0083_slice_19_z086.png,Non-Demented/OAS1_0083/OAS1_0083_slice_19_z086.png,OAS1_0083,Non-Demented,0,2,Mild Dementia,0,-1.9055255055905933,-0.10579265082168164,0.5310074405351507,-1.2278966769548594
OASIS_1,LinearSVM,13,test,brightness_contrast__severe,brightness_contrast,severe,D:\OASIS_1\distortions_128\brightness_contrast\severe\Non_Demented\OAS1_0083\OAS1_0083_slice_20_z089.png,Non_Demented/OAS1_0083/OAS1_0083_slice_20_z089.png,Non-Demented/OAS1_0083/OAS1_0083_slice_20_z089.png,OAS1_0083,Non-Demented,0,2,Mild Dementia,0,-33.379732357263144,1.0423904651687455,100.30469151156858,-3.052257938704158
OASIS_1,LinearSVM,13,test,brightness_contrast__severe,brightness_contrast,severe,D:\OASIS_1\distortions_128\brightness_contrast\severe\Non_Demented\OAS1_0113\OAS1_0113_slice_01_z038.png,Non_Demented/OAS1_0113/OAS1_0113_slice_01_z038.png,Non-Demented/OAS1_0113/OAS1_0113_slice_01_z038.png,OAS1_0113,Non-Demented,0,2,Mild Dementia,0,-31.43847304008865,-0.8619991408259349,100.374995183829,-2.953302207981165
OASIS_1,LinearSVM,13,test,brightness_contrast__severe,brightness_contrast,severe,D:\OASIS_1\distortions_128\brightness_contrast\severe\Non_Demented\OAS1_0113\OAS1_0113_slice_02_z041.png,Non_Demented/OAS1_0113/OAS1_0113_slice_02_z041.png,Non-Demented/OAS1_0113/OAS1_0113_slice_02_z041.png,OAS1_0113,Non-Demented,0,0,Non-Demented,1,0.5623954276359675,-1.5426005847146245,-0.20760708215044033,-1.0172776049633634
OASIS_1,LinearSVM,13,test,brightness_contrast__severe,brightness_contrast,severe,D:\OASIS_1\distortions_128\brightness_contrast\severe\Non_Demented\OAS1_0113\OAS1_0113_slice_03_z043.png,Non_Demented/OAS1_0113/OAS1_0113_slice_03_z043.png,Non-Demented/OAS1_0113/OAS1_0113_slice_03_z043.png,OAS1_0113,Non-Demented,0,2,Mild Dementia,0,-32.201394563619964,-0.7938864211262935,100.7428390787205,-2.9631657966447404
OASIS_1,LinearSVM,13,test,brightness_contrast__severe,brightness_contrast,severe,D:\OASIS_1\distortions_128\brightness_contrast\severe\Non_Demented\OAS1_0113\OAS1_0113_slice_04_z046.png,Non_Demented/OAS1_0113/OAS1_0113_slice_04_z046.png,Non-Demented/OAS1_0113/OAS1_0113_slice_04_z046.png,OAS1_0113,Non-Demented,0,0,Non-Demented,1,1.3891113596761615,-3.9576224033058107,0.26807938100260387,-0.982060963299031
OASIS_1,LinearSVM,13,test,brightness_contrast__severe,brightness_contrast,severe,D:\OASIS_1\distortions_128\brightness_contrast\severe\Non_Demented\OAS1_0113\OAS1_0113_slice_05_z049.png,Non_Demented/OAS1_0113/OAS1_0113_slice_05_z049.png,Non-Demented/OAS1_0113/OAS1_0113_slice_05_z049.png,OAS1_0113,Non-Demented,0,2,Mild Dementia,0,-1.4522814525910106,-0.06127648710621758,0.07102290565774771,-1.1046024215065642
OASIS_1,LinearSVM,13,test,brightness_contrast__severe,brightness_contrast,severe,D:\OASIS_1\distortions_128\brightness_contrast\severe\Non_Demented\OAS1_0113\OAS1_0113_slice_06_z051.png,Non_Demented/OAS1_0113/OAS1_0113_slice_06_z051.png,Non-Demented/OAS1_0113/OAS1_0113_slice_06_z051.png,OAS1_0113,Non-Demented,0,2,Mild Dementia,0,-0.8314382386836072,-0.08313967394406495,0.07995105571529793,-1.0192707460042487
OASIS_1,LinearSVM,13,test,brightness_contrast__severe,brightness_contrast,severe,D:\OASIS_1\distortions_128\brightness_contrast\severe\Non_Demented\OAS1_0113\OAS1_0113_slice_07_z054.png,Non_Demented/OAS1_0113/OAS1_0113_slice_07_z054.png,Non-Demented/OAS1_0113/OAS1_0113_slice_07_z054.png,OAS1_0113,Non-Demented,0,1,Very Mild Dementia,0,-2.1780223496298228,1.3889743572172788,-0.2996307502767219,-0.9567428551187476
OASIS_1,LinearSVM,13,test,brightness_contrast__severe,brightness_contrast,severe,D:\OASIS_1\distortions_128\brightness_contrast\severe\Non_Demented\OAS1_0113\OAS1_0113_slice_08_z057.png,Non_Demented/OAS1_0113/OAS1_0113_slice_08_z057.png,Non-Demented/OAS1_0113/OAS1_0113_slice_08_z057.png,OAS1_0113,Non-Demented,0,1,Very Mild Dementia,0,-2.181916434394375,1.2094689884755203,-0.6379159228354596,-0.9235784361926282
OASIS_1,LinearSVM,13,test,brightness_contrast__severe,brightness_contrast,severe,D:\OASIS_1\distortions_128\brightness_contrast\severe\Non_Demented\OAS1_0113\OAS1_0113_slice_09_z059.png,Non_Demented/OAS1_0113/OAS1_0113_slice_09_z059.png,Non-Demented/OAS1_0113/OAS1_0113_slice_09_z059.png,OAS1_0113,Non-Demented,0,1,Very Mild Dementia,0,-1.059425995320474,0.42634460265553414,-1.0810889499435539,-0.9602562612983745
OASIS_1,LinearSVM,13,test,brightness_contrast__severe,brightness_contrast,severe,D:\OASIS_1\distortions_128\brightness_contrast\severe\Non_Demented\OAS1_0113\OAS1_0113_slice_10_z062.png,Non_Demented/OAS1_0113/OAS1_0113_slice_10_z062.png,Non-Demented/OAS1_0113/OAS1_0113_slice_10_z062.png,OAS1_0113,Non-Demented,0,1,Very Mild Dementia,0,0.09992528449216671,0.4155986964786275,-2.2125887214129776,-1.0859011558346185
OASIS_1,LinearSVM,13,test,brightness_contrast__severe,brightness_contrast,severe,D:\OASIS_1\distortions_128\brightness_contrast\severe\Non_Demented\OAS1_0113\OAS1_0113_slice_11_z065.png,Non_Demented/OAS1_0113/OAS1_0113_slice_11_z065.png,Non-Demented/OAS1_0113/OAS1_0113_slice_11_z065.png,OAS1_0113,Non-Demented,0,1,Very Mild Dementia,0,-0.6513359707174278,0.034067095477990805,-0.8535015912071167,-1.032540890492124
OASIS_1,LinearSVM,13,test,brightness_contrast__severe,brightness_contrast,severe,D:\OASIS_1\distortions_128\brightness_contrast\severe\Non_Demented\OAS1_0113\OAS1_0113_slice_12_z068.png,Non_Demented/OAS1_0113/OAS1_0113_slice_12_z068.png,Non-Demented/OAS1_0113/OAS1_0113_slice_12_z068.png,OAS1_0113,Non-Demented,0,2,Mild Dementia,0,-34.00693909636603,1.368160637363923,100.25214797025596,-2.9650666121875466
OASIS_1,LinearSVM,13,test,brightness_contrast__severe,brightness_contrast,severe,D:\OASIS_1\distortions_128\brightness_contrast\severe\Non_Demented\OAS1_0113\OAS1_0113_slice_13_z070.png,Non_Demented/OAS1_0113/OAS1_0113_slice_13_z070.png,Non-Demented/OAS1_0113/OAS1_0113_slice_13_z070.png,OAS1_0113,Non-Demented,0,1,Very Mild Dementia,0,-1.3210810890566407,0.389431087772194,-0.465096786080086,-1.0640023866269592
OASIS_1,LinearSVM,13,test,brightness_contrast__severe,brightness_contrast,severe,D:\OASIS_1\distortions_128\brightness_contrast\severe\Non_Demented\OAS1_0113\OAS1_0113_slice_14_z073.png,Non_Demented/OAS1_0113/OAS1_0113_slice_14_z073.png,Non-Demented/OAS1_0113/OAS1_0113_slice_14_z073.png,OAS1_0113,Non-Demented,0,1,Very Mild Dementia,0,-1.7890322657577817,0.40186383897338834,-0.25396695437879757,-0.98164334756416
OASIS_1,LinearSVM,13,test,brightness_contrast__severe,brightness_contrast,severe,D:\OASIS_1\distortions_128\brightness_contrast\severe\Non_Demented\OAS1_0113\OAS1_0113_slice_15_z076.png,Non_Demented/OAS1_0113/OAS1_0113_slice_15_z076.png,Non-Demented/OAS1_0113/OAS1_0113_slice_15_z076.png,OAS1_0113,Non-Demented,0,0,Non-Demented,1,0.38592337979200797,-1.990460383809861,-0.14422053596183004,-1.0096224519721295
OASIS_1,LinearSVM,13,test,brightness_contrast__severe,brightness_contrast,severe,D:\OASIS_1\distortions_128\brightness_contrast\severe\Non_Demented\OAS1_0113\OAS1_0113_slice_16_z078.png,Non_Demented/OAS1_0113/OAS1_0113_slice_16_z078.png,Non-Demented/OAS1_0113/OAS1_0113_slice_16_z078.png,OAS1_0113,Non-Demented,0,2,Mild Dementia,0,-33.062126287999895,0.6517591528014695,100.13917071926522,-3.060648149797065
OASIS_1,LinearSVM,13,test,brightness_contrast__severe,brightness_contrast,severe,D:\OASIS_1\distortions_128\brightness_contrast\severe\Non_Demented\OAS1_0113\OAS1_0113_slice_17_z081.png,Non_Demented/OAS1_0113/OAS1_0113_slice_17_z081.png,Non-Demented/OAS1_0113/OAS1_0113_slice_17_z081.png,OAS1_0113,Non-Demented,0,2,Mild Dementia,0,-33.13843734477467,0.4797117839231308,100.16395630359665,-3.0414562798672815
OASIS_1,LinearSVM,13,test,brightness_contrast__severe,brightness_contrast,severe,D:\OASIS_1\distortions_128\brightness_contrast\severe\Non_Demented\OAS1_0113\OAS1_0113_slice_18_z084.png,Non_Demented/OAS1_0113/OAS1_0113_slice_18_z084.png,Non-Demented/OAS1_0113/OAS1_0113_slice_18_z084.png,OAS1_0113,Non-Demented,0,0,Non-Demented,1,0.05712846486705861,-0.840476889399105,-0.37887055619944127,-1.080779477239188
OASIS_1,LinearSVM,13,test,brightness_contrast__severe,brightness_contrast,severe,D:\OASIS_1\distortions_128\brightness_contrast\severe\Non_Demented\OAS1_0113\OAS1_0113_slice_19_z086.png,Non_Demented/OAS1_0113/OAS1_0113_slice_19_z086.png,Non-Demented/OAS1_0113/OAS1_0113_slice_19_z086.png,OAS1_0113,Non-Demented,0,2,Mild Dementia,0,-0.5349167607773129,-0.6696506006005819,-0.18142950272666397,-1.0207495545497243
OASIS_1,LinearSVM,13,test,brightness_contrast__severe,brightness_contrast,severe,D:\OASIS_1\distortions_128\brightness_contrast\severe\Non_Demented\OAS1_0113\OAS1_0113_slice_20_z089.png,Non_Demented/OAS1_0113/OAS1_0113_slice_20_z089.png,Non-Demented/OAS1_0113/OAS1_0113_slice_20_z089.png,OAS1_0113,Non-Demented,0,2,Mild Dementia,0,-33.610033357751455,0.9288689097591263,100.55072148168675,-2.966240506986551
OASIS_1,LinearSVM,13,test,brightness_contrast__severe,brightness_contrast,severe,D:\OASIS_1\distortions_128\brightness_contrast\severe\Non_Demented\OAS1_0138\OAS1_0138_slice_01_z038.png,Non_Demented/OAS1_0138/OAS1_0138_slice_01_z038.png,Non-Demented/OAS1_0138/OAS1_0138_slice_01_z038.png,OAS1_0138,Non-Demented,0,0,Non-Demented,1,0.7881739958288094,-1.1929796808855444,-0.33854103901634225,-1.0049391729626134
OASIS_1,LinearSVM,13,test,brightness_contrast__severe,brightness_contrast,severe,D:\OASIS_1\distortions_128\brightness_contrast\severe\Non_Demented\OAS1_0138\OAS1_0138_slice_02_z041.png,Non_Demented/OAS1_0138/OAS1_0138_slice_02_z041.png,Non-Demented/OAS1_0138/OAS1_0138_slice_02_z041.png,OAS1_0138,Non-Demented,0,0,Non-Demented,1,2.867231955147322,-2.862383196650687,-0.5358905806537457,-0.9247266281612259
OASIS_1,LinearSVM,13,test,brightness_contrast__severe,brightness_contrast,severe,D:\OASIS_1\distortions_128\brightness_contrast\severe\Non_Demented\OAS1_0138\OAS1_0138_slice_03_z043.png,Non_Demented/OAS1_0138/OAS1_0138_slice_03_z043.png,Non-Demented/OAS1_0138/OAS1_0138_slice_03_z043.png,OAS1_0138,Non-Demented,0,2,Mild Dementia,0,-31.45437854062425,-0.23264937971896954,100.30191483154256,-2.8730786035512095
OASIS_1,LinearSVM,13,test,brightness_contrast__severe,brightness_contrast,severe,D:\OASIS_1\distortions_128\brightness_contrast\severe\Non_Demented\OAS1_0138\OAS1_0138_slice_04_z046.png,Non_Demented/OAS1_0138/OAS1_0138_slice_04_z046.png,Non-Demented/OAS1_0138/OAS1_0138_slice_04_z046.png,OAS1_0138,Non-Demented,0,0,Non-Demented,1,3.0683654072823665,-2.170236647533343,-1.1872816549436553,-0.8735042671680006
OASIS_1,LinearSVM,13,test,brightness_contrast__severe,brightness_contrast,severe,D:\OASIS_1\distortions_128\brightness_contrast\severe\Non_Demented\OAS1_0138\OAS1_0138_slice_05_z049.png,Non_Demented/OAS1_0138/OAS1_0138_slice_05_z049.png,Non-Demented/OAS1_0138/OAS1_0138_slice_05_z049.png,OAS1_0138,Non-Demented,0,2,Mild Dementia,0,-31.831770141498158,-0.21640229754105716,100.00679067773383,-3.0056901505291913
OASIS_1,LinearSVM,13,test,brightness_contrast__severe,brightness_contrast,severe,D:\OASIS_1\distortions_128\brightness_contrast\severe\Non_Demented\OAS1_0138\OAS1_0138_slice_06_z051.png,Non_Demented/OAS1_0138/OAS1_0138_slice_06_z051.png,Non-Demented/OAS1_0138/OAS1_0138_slice_06_z051.png,OAS1_0138,Non-Demented,0,0,Non-Demented,1,0.6040640074669021,-1.0478121692057791,-1.2590840935666785,-1.1166627968471814
OASIS_1,LinearSVM,13,test,brightness_contrast__severe,brightness_contrast,severe,D:\OASIS_1\distortions_128\brightness_contrast\severe\Non_Demented\OAS1_0138\OAS1_0138_slice_07_z054.png,Non_Demented/OAS1_0138/OAS1_0138_slice_07_z054.png,Non-Demented/OAS1_0138/OAS1_0138_slice_07_z054.png,OAS1_0138,Non-Demented,0,0,Non-Demented,1,0.38403931892306337,-1.5698083119323836,-0.41290615178066353,-1.0340544094101078
OASIS_1,LinearSVM,13,test,brightness_contrast__severe,brightness_contrast,severe,D:\OASIS_1\distortions_128\brightness_contrast\severe\Non_Demented\OAS1_0138\OAS1_0138_slice_08_z057.png,Non_Demented/OAS1_0138/OAS1_0138_slice_08_z057.png,Non-Demented/OAS1_0138/OAS1_0138_slice_08_z057.png,OAS1_0138,Non-Demented,0,2,Mild Dementia,0,-0.8201098398092708,-0.4746338980180967,-0.2100491641085812,-0.9447443658621325
OASIS_1,LinearSVM,13,test,brightness_contrast__severe,brightness_contrast,severe,D:\OASIS_1\distortions_128\brightness_contrast\severe\Non_Demented\OAS1_0138\OAS1_0138_slice_09_z059.png,Non_Demented/OAS1_0138/OAS1_0138_slice_09_z059.png,Non-Demented/OAS1_0138/OAS1_0138_slice_09_z059.png,OAS1_0138,Non-Demented,0,2,Mild Dementia,0,-1.4127734085310855,-0.19088533958309595,-0.05530834390446038,-0.9886016132963118
OASIS_1,LinearSVM,13,test,brightness_contrast__severe,brightness_contrast,severe,D:\OASIS_1\distortions_128\brightness_contrast\severe\Non_Demented\OAS1_0138\OAS1_0138_slice_10_z062.png,Non_Demented/OAS1_0138/OAS1_0138_slice_10_z062.png,Non-Demented/OAS1_0138/OAS1_0138_slice_10_z062.png,OAS1_0138,Non-Demented,0,0,Non-Demented,1,-0.10580173664609609,-1.5223771119104945,-0.1423966966992688,-0.9943466461146683
OASIS_1,LinearSVM,13,test,brightness_contrast__severe,brightness_contrast,severe,D:\OASIS_1\distortions_128\brightness_contrast\severe\Non_Demented\OAS1_0138\OAS1_0138_slice_11_z065.png,Non_Demented/OAS1_0138/OAS1_0138_slice_11_z065.png,Non-Demented/OAS1_0138/OAS1_0138_slice_11_z065.png,OAS1_0138,Non-Demented,0,2,Mild Dementia,0,-33.341077113209515,0.4897473642560985,100.59365052787057,-2.964969203234601
OASIS_1,LinearSVM,13,test,brightness_contrast__severe,brightness_contrast,severe,D:\OASIS_1\distortions_128\brightness_contrast\severe\Non_Demented\OAS1_0138\OAS1_0138_slice_12_z068.png,Non_Demented/OAS1_0138/OAS1_0138_slice_12_z068.png,Non-Demented/OAS1_0138/OAS1_0138_slice_12_z068.png,OAS1_0138,Non-Demented,0,1,Very Mild Dementia,0,-1.021963670336885,0.32941147454402314,-0.48668685593143424,-1.058485206842325
OASIS_1,LinearSVM,13,test,brightness_contrast__severe,brightness_contrast,severe,D:\OASIS_1\distortions_128\brightness_contrast\severe\Non_Demented\OAS1_0138\OAS1_0138_slice_13_z070.png,Non_Demented/OAS1_0138/OAS1_0138_slice_13_z070.png,Non-Demented/OAS1_0138/OAS1_0138_slice_13_z070.png,OAS1_0138,Non-Demented,0,2,Mild Dementia,0,-32.572745146525286,0.12612889102678965,100.18878259428476,-3.0029090753847223
OASIS_1,LinearSVM,13,test,brightness_contrast__severe,brightness_contrast,severe,D:\OASIS_1\distortions_128\brightness_contrast\severe\Non_Demented\OAS1_0138\OAS1_0138_slice_14_z073.png,Non_Demented/OAS1_0138/OAS1_0138_slice_14_z073.png,Non-Demented/OAS1_0138/OAS1_0138_slice_14_z073.png,OAS1_0138,Non-Demented,0,0,Non-Demented,1,1.0507107107477145,-2.914091636883257,-0.564084136695843,-0.9981160529693544
OASIS_1,LinearSVM,13,test,brightness_contrast__severe,brightness_contrast,severe,D:\OASIS_1\distortions_128\brightness_contrast\severe\Non_Demented\OAS1_0138\OAS1_0138_slice_15_z076.png,Non_Demented/OAS1_0138/OAS1_0138_slice_15_z076.png,Non-Demented/OAS1_0138/OAS1_0138_slice_15_z076.png,OAS1_0138,Non-Demented,0,0,Non-Demented,1,0.9426686009598573,-0.7909034129665165,-1.0870019514831397,-1.1646111300575974
OASIS_1,LinearSVM,13,test,brightness_contrast__severe,brightness_contrast,severe,D:\OASIS_1\distortions_128\brightness_contrast\severe\Non_Demented\OAS1_0138\OAS1_0138_slice_16_z078.png,Non_Demented/OAS1_0138/OAS1_0138_slice_16_z078.png,Non-Demented/OAS1_0138/OAS1_0138_slice_16_z078.png,OAS1_0138,Non-Demented,0,0,Non-Demented,1,4.028396488776904,-2.9150903766315484,-1.4143899046489825,-1.1904364165613135
OASIS_1,LinearSVM,13,test,brightness_contrast__severe,brightness_contrast,severe,D:\OASIS_1\distortions_128\brightness_contrast\severe\Non_Demented\OAS1_0138\OAS1_0138_slice_17_z081.png,Non_Demented/OAS1_0138/OAS1_0138_slice_17_z081.png,Non-Demented/OAS1_0138/OAS1_0138_slice_17_z081.png,OAS1_0138,Non-Demented,0,0,Non-Demented,1,1.162265545143232,0.009210457649154069,-1.6744665182080958,-1.1370829919201577
OASIS_1,LinearSVM,13,test,brightness_contrast__severe,brightness_contrast,severe,D:\OASIS_1\distortions_128\brightness_contrast\severe\Non_Demented\OAS1_0138\OAS1_0138_slice_18_z084.png,Non_Demented/OAS1_0138/OAS1_0138_slice_18_z084.png,Non-Demented/OAS1_0138/OAS1_0138_slice_18_z084.png,OAS1_0138,Non-Demented,0,2,Mild Dementia,0,-32.71441873920647,1.179463366624626,100.07274253488397,-3.0091169142688745
OASIS_1,LinearSVM,13,test,brightness_contrast__severe,brightness_contrast,severe,D:\OASIS_1\distortions_128\brightness_contrast\severe\Non_Demented\OAS1_0138\OAS1_0138_slice_19_z086.png,Non_Demented/OAS1_0138/OAS1_0138_slice_19_z086.png,Non-Demented/OAS1_0138/OAS1_0138_slice_19_z086.png,OAS1_0138,Non-Demented,0,0,Non-Demented,1,3.064654291648374,-0.9934178789561343,-1.6802369621335358,-1.0629608802234893
OASIS_1,LinearSVM,13,test,brightness_contrast__severe,brightness_contrast,severe,D:\OASIS_1\distortions_128\brightness_contrast\severe\Non_Demented\OAS1_0138\OAS1_0138_slice_20_z089.png,Non_Demented/OAS1_0138/OAS1_0138_slice_20_z089.png,Non-Demented/OAS1_0138/OAS1_0138_slice_20_z089.png,OAS1_0138,Non-Demented,0,0,Non-Demented,1,1.4184316301368391,-0.915176002943924,-1.221571454306428,-1.0911467466349014
OASIS_1,LinearSVM,13,test,brightness_contrast__severe,brightness_contrast,severe,D:\OASIS_1\distortions_128\brightness_contrast\severe\Non_Demented\OAS1_0180\OAS1_0180_slice_01_z038.png,Non_Demented/OAS1_0180/OAS1_0180_slice_01_z038.png,Non-Demented/OAS1_0180/OAS1_0180_slice_01_z038.png,OAS1_0180,Non-Demented,0,2,Mild Dementia,0,-33.03585386500955,1.3667140087815657,99.91761410420305,-2.992572890193977
OASIS_1,LinearSVM,13,test,brightness_contrast__severe,brightness_contrast,severe,D:\OASIS_1\distortions_128\brightness_contrast\severe\Non_Demented\OAS1_0180\OAS1_0180_slice_02_z041.png,Non_Demented/OAS1_0180/OAS1_0180_slice_02_z041.png,Non-Demented/OAS1_0180/OAS1_0180_slice_02_z041.png,OAS1_0180,Non-Demented,0,1,Very Mild Dementia,0,-2.0097426549181607,1.8660055786475946,-1.8193898810287528,-0.8584482151716788
OASIS_1,LinearSVM,13,test,brightness_contrast__severe,brightness_contrast,severe,D:\OASIS_1\distortions_128\brightness_contrast\severe\Non_Demented\OAS1_0180\OAS1_0180_slice_03_z043.png,Non_Demented/OAS1_0180/OAS1_0180_slice_03_z043.png,Non-Demented/OAS1_0180/OAS1_0180_slice_03_z043.png,OAS1_0180,Non-Demented,0,1,Very Mild Dementia,0,-2.28890828122749,1.5230804575601689,-0.7711159332672219,-0.9701002757768463
OASIS_1,LinearSVM,13,test,brightness_contrast__severe,brightness_contrast,severe,D:\OASIS_1\distortions_128\brightness_contrast\severe\Non_Demented\OAS1_0180\OAS1_0180_slice_04_z046.png,Non_Demented/OAS1_0180/OAS1_0180_slice_04_z046.png,Non-Demented/OAS1_0180/OAS1_0180_slice_04_z046.png,OAS1_0180,Non-Demented,0,1,Very Mild Dementia,0,-1.9764022643938939,1.8154792360913543,-1.0562577734131982,-1.0441615352016442
OASIS_1,LinearSVM,13,test,brightness_contrast__severe,brightness_contrast,severe,D:\OASIS_1\distortions_128\brightness_contrast\severe\Non_Demented\OAS1_0180\OAS1_0180_slice_05_z049.png,Non_Demented/OAS1_0180/OAS1_0180_slice_05_z049.png,Non-Demented/OAS1_0180/OAS1_0180_slice_05_z049.png,OAS1_0180,Non-Demented,0,1,Very Mild Dementia,0,-0.7877291592782483,0.29965124556084133,-1.0381011074729252,-1.0119156307165162
OASIS_1,LinearSVM,13,test,brightness_contrast__severe,brightness_contrast,severe,D:\OASIS_1\distortions_128\brightness_contrast\severe\Non_Demented\OAS1_0180\OAS1_0180_slice_06_z051.png,Non_Demented/OAS1_0180/OAS1_0180_slice_06_z051.png,Non-Demented/OAS1_0180/OAS1_0180_slice_06_z051.png,OAS1_0180,Non-Demented,0,1,Very Mild Dementia,0,-1.1088130974052994,0.2108603188562841,-0.5172876658668444,-1.0206063270540093
OASIS_1,LinearSVM,13,test,brightness_contrast__severe,brightness_contrast,severe,D:\OASIS_1\distortions_128\brightness_contrast\severe\Non_Demented\OAS1_0180\OAS1_0180_slice_07_z054.png,Non_Demented/OAS1_0180/OAS1_0180_slice_07_z054.png,Non-Demented/OAS1_0180/OAS1_0180_slice_07_z054.png,OAS1_0180,Non-Demented,0,2,Mild Dementia,0,-33.327542041266454,1.316083759376065,100.03007763951598,-2.944462209325272
OASIS_1,LinearSVM,13,test,brightness_contrast__severe,brightness_contrast,severe,D:\OASIS_1\distortions_128\brightness_contrast\severe\Non_Demented\OAS1_0180\OAS1_0180_slice_08_z057.png,Non_Demented/OAS1_0180/OAS1_0180_slice_08_z057.png,Non-Demented/OAS1_0180/OAS1_0180_slice_08_z057.png,OAS1_0180,Non-Demented,0,1,Very Mild Dementia,0,-0.41645777717848037,0.685833257659221,-1.4859766099214264,-0.8560714264978694
OASIS_1,LinearSVM,13,test,brightness_contrast__severe,brightness_contrast,severe,D:\OASIS_1\distortions_128\brightness_contrast\severe\Non_Demented\OAS1_0180\OAS1_0180_slice_09_z059.png,Non_Demented/OAS1_0180/OAS1_0180_slice_09_z059.png,Non-Demented/OAS1_0180/OAS1_0180_slice_09_z059.png,OAS1_0180,Non-Demented,0,1,Very Mild Dementia,0,-0.4999202280371413,0.03586792375690717,-0.4553558473474237,-1.002447657618484
OASIS_1,LinearSVM,13,test,brightness_contrast__severe,brightness_contrast,severe,D:\OASIS_1\distortions_128\brightness_contrast\severe\Non_Demented\OAS1_0180\OAS1_0180_slice_10_z062.png,Non_Demented/OAS1_0180/OAS1_0180_slice_10_z062.png,Non-Demented/OAS1_0180/OAS1_0180_slice_10_z062.png,OAS1_0180,Non-Demented,0,1,Very Mild Dementia,0,-1.573422910469906,0.675542909736236,-0.4624158063804219,-0.9501387654945649
OASIS_1,LinearSVM,13,test,brightness_contrast__severe,brightness_contrast,severe,D:\OASIS_1\distortions_128\brightness_contrast\severe\Non_Demented\OAS1_0180\OAS1_0180_slice_11_z065.png,Non_Demented/OAS1_0180/OAS1_0180_slice_11_z065.png,Non-Demented/OAS1_0180/OAS1_0180_slice_11_z065.png,OAS1_0180,Non-Demented,0,1,Very Mild Dementia,0,-1.867952125830424,1.0969127576325264,-0.4380378746930407,-1.0483534250728923
OASIS_1,LinearSVM,13,test,brightness_contrast__severe,brightness_contrast,severe,D:\OASIS_1\distortions_128\brightness_contrast\severe\Non_Demented\OAS1_0180\OAS1_0180_slice_12_z068.png,Non_Demented/OAS1_0180/OAS1_0180_slice_12_z068.png,Non-Demented/OAS1_0180/OAS1_0180_slice_12_z068.png,OAS1_0180,Non-Demented,0,2,Mild Dementia,0,-33.32464122389756,1.1380531891549115,99.93296378290185,-2.9318454419180267
OASIS_1,LinearSVM,13,test,brightness_contrast__severe,brightness_contrast,severe,D:\OASIS_1\distortions_128\brightness_contrast\severe\Non_Demented\OAS1_0180\OAS1_0180_slice_13_z070.png,Non_Demented/OAS1_0180/OAS1_0180_slice_13_z070.png,Non-Demented/OAS1_0180/OAS1_0180_slice_13_z070.png,OAS1_0180,Non-Demented,0,0,Non-Demented,1,-0.06565073078343746,-0.6886611290538005,-0.9643201780578594,-1.0201310103961059
OASIS_1,LinearSVM,13,test,brightness_contrast__severe,brightness_contrast,severe,D:\OASIS_1\distortions_128\brightness_contrast\severe\Non_Demented\OAS1_0180\OAS1_0180_slice_14_z073.png,Non_Demented/OAS1_0180/OAS1_0180_slice_14_z073.png,Non-Demented/OAS1_0180/OAS1_0180_slice_14_z073.png,OAS1_0180,Non-Demented,0,2,Mild Dementia,0,-34.162384282093264,1.3826181514978035,100.43428211807755,-2.9170580696666892
OASIS_1,LinearSVM,13,test,brightness_contrast__severe,brightness_contrast,severe,D:\OASIS_1\distortions_128\brightness_contrast\severe\Non_Demented\OAS1_0180\OAS1_0180_slice_15_z076.png,Non_Demented/OAS1_0180/OAS1_0180_slice_15_z076.png,Non-Demented/OAS1_0180/OAS1_0180_slice_15_z076.png,OAS1_0180,Non-Demented,0,1,Very Mild Dementia,0,-0.4916293041684343,-0.06009544316547388,-0.5489134939332013,-0.9542362373755358
OASIS_1,LinearSVM,13,test,brightness_contrast__severe,brightness_contrast,severe,D:\OASIS_1\distortions_128\brightness_contrast\severe\Non_Demented\OAS1_0180\OAS1_0180_slice_16_z078.png,Non_Demented/OAS1_0180/OAS1_0180_slice_16_z078.png,Non-Demented/OAS1_0180/OAS1_0180_slice_16_z078.png,OAS1_0180,Non-Demented,0,1,Very Mild Dementia,0,-0.8057944706063609,0.4327776889418066,-0.8300531009318157,-1.0465850260703906
OASIS_1,LinearSVM,13,test,brightness_contrast__severe,brightness_contrast,severe,D:\OASIS_1\distortions_128\brightness_contrast\severe\Non_Demented\OAS1_0180\OAS1_0180_slice_17_z081.png,Non_Demented/OAS1_0180/OAS1_0180_slice_17_z081.png,Non-Demented/OAS1_0180/OAS1_0180_slice_17_z081.png,OAS1_0180,Non-Demented,0,2,Mild Dementia,0,-34.38350005662993,2.3286614631376157,100.18553746211177,-2.999135994795542
OASIS_1,LinearSVM,13,test,brightness_contrast__severe,brightness_contrast,severe,D:\OASIS_1\distortions_128\brightness_contrast\severe\Non_Demented\OAS1_0180\OAS1_0180_slice_18_z084.png,Non_Demented/OAS1_0180/OAS1_0180_slice_18_z084.png,Non-Demented/OAS1_0180/OAS1_0180_slice_18_z084.png,OAS1_0180,Non-Demented,0,1,Very Mild Dementia,0,-1.2989635045100094,1.2781101281245075,-0.6864500240957547,-0.9135080746242776
OASIS_1,LinearSVM,13,test,brightness_contrast__severe,brightness_contrast,severe,D:\OASIS_1\distortions_128\brightness_contrast\severe\Non_Demented\OAS1_0180\OAS1_0180_slice_19_z086.png,Non_Demented/OAS1_0180/OAS1_0180_slice_19_z086.png,Non-Demented/OAS1_0180/OAS1_0180_slice_19_z086.png,OAS1_0180,Non-Demented,0,2,Mild Dementia,0,-34.47100151957779,2.1417486435262223,100.41268931398068,-2.904484109556892
OASIS_1,LinearSVM,13,test,brightness_contrast__severe,brightness_contrast,severe,D:\OASIS_1\distortions_128\brightness_contrast\severe\Non_Demented\OAS1_0180\OAS1_0180_slice_20_z089.png,Non_Demented/OAS1_0180/OAS1_0180_slice_20_z089.png,Non-Demented/OAS1_0180/OAS1_0180_slice_20_z089.png,OAS1_0180,Non-Demented,0,1,Very Mild Dementia,0,-1.7730452780330004,1.2978455013238321,-1.3645889769171027,-0.9284573937121827
OASIS_1,LinearSVM,13,test,brightness_contrast__severe,brightness_contrast,severe,D:\OASIS_1\distortions_128\brightness_contrast\severe\Non_Demented\OAS1_0181\OAS1_0181_slice_01_z038.png,Non_Demented/OAS1_0181/OAS1_0181_slice_01_z038.png,Non-Demented/OAS1_0181/OAS1_0181_slice_01_z038.png,OAS1_0181,Non-Demented,0,2,Mild Dementia,0,-32.727522653760076,0.2214530725561818,100.20276384597645,-2.9992960667685677
OASIS_1,LinearSVM,13,test,brightness_contrast__severe,brightness_contrast,severe,D:\OASIS_1\distortions_128\brightness_contrast\severe\Non_Demented\OAS1_0181\OAS1_0181_slice_02_z041.png,Non_Demented/OAS1_0181/OAS1_0181_slice_02_z041.png,Non-Demented/OAS1_0181/OAS1_0181_slice_02_z041.png,OAS1_0181,Non-Demented,0,0,Non-Demented,1,0.6508621141516209,-1.3500318039541588,-1.0845893377800793,-0.9627341520154012
OASIS_1,LinearSVM,13,test,brightness_contrast__severe,brightness_contrast,severe,D:\OASIS_1\distortions_128\brightness_contrast\severe\Non_Demented\OAS1_0181\OAS1_0181_slice_03_z043.png,Non_Demented/OAS1_0181/OAS1_0181_slice_03_z043.png,Non-Demented/OAS1_0181/OAS1_0181_slice_03_z043.png,OAS1_0181,Non-Demented,0,0,Non-Demented,1,0.7116493396819674,-0.8242209021065265,-1.1700551276770144,-1.0638010104564528
OASIS_1,LinearSVM,13,test,brightness_contrast__severe,brightness_contrast,severe,D:\OASIS_1\distortions_128\brightness_contrast\severe\Non_Demented\OAS1_0181\OAS1_0181_slice_04_z046.png,Non_Demented/OAS1_0181/OAS1_0181_slice_04_z046.png,Non-Demented/OAS1_0181/OAS1_0181_slice_04_z046.png,OAS1_0181,Non-Demented,0,0,Non-Demented,1,0.5826382909472493,-0.6905170434685285,-1.0919936039075337,-1.075198904003552
OASIS_1,LinearSVM,13,test,brightness_contrast__severe,brightness_contrast,severe,D:\OASIS_1\distortions_128\brightness_contrast\severe\Non_Demented\OAS1_0181\OAS1_0181_slice_05_z049.png,Non_Demented/OAS1_0181/OAS1_0181_slice_05_z049.png,Non-Demented/OAS1_0181/OAS1_0181_slice_05_z049.png,OAS1_0181,Non-Demented,0,0,Non-Demented,1,1.10245894866157,-0.8190244064885608,-1.2274399406799872,-1.0547127520717507
OASIS_1,LinearSVM,13,test,brightness_contrast__severe,brightness_contrast,severe,D:\OASIS_1\distortions_128\brightness_contrast\severe\Non_Demented\OAS1_0181\OAS1_0181_slice_06_z051.png,Non_Demented/OAS1_0181/OAS1_0181_slice_06_z051.png,Non-Demented/OAS1_0181/OAS1_0181_slice_06_z051.png,OAS1_0181,Non-Demented,0,2,Mild Dementia,0,-33.062936394101776,1.3811948518012915,99.77309158430214,-2.969063107595102
OASIS_1,LinearSVM,13,test,brightness_contrast__severe,brightness_contrast,severe,D:\OASIS_1\distortions_128\brightness_contrast\severe\Non_Demented\OAS1_0181\OAS1_0181_slice_07_z054.png,Non_Demented/OAS1_0181/OAS1_0181_slice_07_z054.png,Non-Demented/OAS1_0181/OAS1_0181_slice_07_z054.png,OAS1_0181,Non-Demented,0,1,Very Mild Dementia,0,-0.4124725410442171,0.30777849786298433,-1.2133589168909238,-0.9734709183192827
OASIS_1,LinearSVM,13,test,brightness_contrast__severe,brightness_contrast,severe,D:\OASIS_1\distortions_128\brightness_contrast\severe\Non_Demented\OAS1_0181\OAS1_0181_slice_08_z057.png,Non_Demented/OAS1_0181/OAS1_0181_slice_08_z057.png,Non-Demented/OAS1_0181/OAS1_0181_slice_08_z057.png,OAS1_0181,Non-Demented,0,0,Non-Demented,1,2.25424289851507,-0.667041966095029,-2.542352966883921,-0.9766498752508334
OASIS_1,LinearSVM,13,test,brightness_contrast__severe,brightness_contrast,severe,D:\OASIS_1\distortions_128\brightness_contrast\severe\Non_Demented\OAS1_0181\OAS1_0181_slice_09_z059.png,Non_Demented/OAS1_0181/OAS1_0181_slice_09_z059.png,Non-Demented/OAS1_0181/OAS1_0181_slice_09_z059.png,OAS1_0181,Non-Demented,0,0,Non-Demented,1,0.24698617076606122,0.015191364915569716,-1.5452523103775784,-1.000528652367272
OASIS_1,LinearSVM,13,test,brightness_contrast__severe,brightness_contrast,severe,D:\OASIS_1\distortions_128\brightness_contrast\severe\Non_Demented\OAS1_0181\OAS1_0181_slice_10_z062.png,Non_Demented/OAS1_0181/OAS1_0181_slice_10_z062.png,Non-Demented/OAS1_0181/OAS1_0181_slice_10_z062.png,OAS1_0181,Non-Demented,0,0,Non-Demented,1,0.7455178274722969,0.6362138809627049,-2.4782535560861545,-1.037693121004312
OASIS_1,LinearSVM,13,test,brightness_contrast__severe,brightness_contrast,severe,D:\OASIS_1\distortions_128\brightness_contrast\severe\Non_Demented\OAS1_0181\OAS1_0181_slice_11_z065.png,Non_Demented/OAS1_0181/OAS1_0181_slice_11_z065.png,Non-Demented/OAS1_0181/OAS1_0181_slice_11_z065.png,OAS1_0181,Non-Demented,0,1,Very Mild Dementia,0,-0.745916688924563,1.4539761536973026,-2.4411135566693356,-1.0285517672617455
OASIS_1,LinearSVM,13,test,brightness_contrast__severe,brightness_contrast,severe,D:\OASIS_1\distortions_128\brightness_contrast\severe\Non_Demented\OAS1_0181\OAS1_0181_slice_12_z068.png,Non_Demented/OAS1_0181/OAS1_0181_slice_12_z068.png,Non-Demented/OAS1_0181/OAS1_0181_slice_12_z068.png,OAS1_0181,Non-Demented,0,1,Very Mild Dementia,0,-0.45306172573575654,0.7115987682039531,-1.888326762453541,-0.9245534991546077
OASIS_1,LinearSVM,13,test,brightness_contrast__severe,brightness_contrast,severe,D:\OASIS_1\distortions_128\brightness_contrast\severe\Non_Demented\OAS1_0181\OAS1_0181_slice_13_z070.png,Non_Demented/OAS1_0181/OAS1_0181_slice_13_z070.png,Non-Demented/OAS1_0181/OAS1_0181_slice_13_z070.png,OAS1_0181,Non-Demented,0,1,Very Mild Dementia,0,-0.4833878899663562,0.896470687901729,-1.9025332471039729,-0.974444124992258
OASIS_1,LinearSVM,13,test,brightness_contrast__severe,brightness_contrast,severe,D:\OASIS_1\distortions_128\brightness_contrast\severe\Non_Demented\OAS1_0181\OAS1_0181_slice_14_z073.png,Non_Demented/OAS1_0181/OAS1_0181_slice_14_z073.png,Non-Demented/OAS1_0181/OAS1_0181_slice_14_z073.png,OAS1_0181,Non-Demented,0,2,Mild Dementia,0,-33.14896180302617,1.5881499888832398,99.52371255640487,-2.9782184490368766
OASIS_1,LinearSVM,13,test,brightness_contrast__severe,brightness_contrast,severe,D:\OASIS_1\distortions_128\brightness_contrast\severe\Non_Demented\OAS1_0181\OAS1_0181_slice_15_z076.png,Non_Demented/OAS1_0181/OAS1_0181_slice_15_z076.png,Non-Demented/OAS1_0181/OAS1_0181_slice_15_z076.png,OAS1_0181,Non-Demented,0,1,Very Mild Dementia,0,-0.6811033539400515,0.8403798310153305,-1.472816272810412,-0.9959237276670255
OASIS_1,LinearSVM,13,test,brightness_contrast__severe,brightness_contrast,severe,D:\OASIS_1\distortions_128\brightness_contrast\severe\Non_Demented\OAS1_0181\OAS1_0181_slice_16_z078.png,Non_Demented/OAS1_0181/OAS1_0181_slice_16_z078.png,Non-Demented/OAS1_0181/OAS1_0181_slice_16_z078.png,OAS1_0181,Non-Demented,0,1,Very Mild Dementia,0,-0.6793778482459405,1.206544396531502,-1.9264992332909294,-0.8423725801943225
OASIS_1,LinearSVM,13,test,brightness_contrast__severe,brightness_contrast,severe,D:\OASIS_1\distortions_128\brightness_contrast\severe\Non_Demented\OAS1_0181\OAS1_0181_slice_17_z081.png,Non_Demented/OAS1_0181/OAS1_0181_slice_17_z081.png,Non-Demented/OAS1_0181/OAS1_0181_slice_17_z081.png,OAS1_0181,Non-Demented,0,0,Non-Demented,1,0.49848514811254757,-0.3905350323886654,-1.2881631894092958,-0.9550854873410536
OASIS_1,LinearSVM,13,test,brightness_contrast__severe,brightness_contrast,severe,D:\OASIS_1\distortions_128\brightness_contrast\severe\Non_Demented\OAS1_0181\OAS1_0181_slice_18_z084.png,Non_Demented/OAS1_0181/OAS1_0181_slice_18_z084.png,Non-Demented/OAS1_0181/OAS1_0181_slice_18_z084.png,OAS1_0181,Non-Demented,0,0,Non-Demented,1,2.666303787051437,-1.8885177934513264,-1.7427667056329255,-1.0468592566124957
OASIS_1,LinearSVM,13,test,brightness_contrast__severe,brightness_contrast,severe,D:\OASIS_1\distortions_128\brightness_contrast\severe\Non_Demented\OAS1_0181\OAS1_0181_slice_19_z086.png,Non_Demented/OAS1_0181/OAS1_0181_slice_19_z086.png,Non-Demented/OAS1_0181/OAS1_0181_slice_19_z086.png,OAS1_0181,Non-Demented,0,0,Non-Demented,1,1.9216689148736545,-1.869462407956529,-0.978669154871666,-1.130628462264162
OASIS_1,LinearSVM,13,test,brightness_contrast__severe,brightness_contrast,severe,D:\OASIS_1\distortions_128\brightness_contrast\severe\Non_Demented\OAS1_0181\OAS1_0181_slice_20_z089.png,Non_Demented/OAS1_0181/OAS1_0181_slice_20_z089.png,Non-Demented/OAS1_0181/OAS1_0181_slice_20_z089.png,OAS1_0181,Non-Demented,0,2,Mild Dementia,0,-32.873479591047264,1.0747928474717643,100.01661694793671,-3.026028072627486
OASIS_1,LinearSVM,13,test,brightness_contrast__severe,brightness_contrast,severe,D:\OASIS_1\distortions_128\brightness_contrast\severe\Non_Demented\OAS1_0262\OAS1_0262_slice_01_z038.png,Non_Demented/OAS1_0262/OAS1_0262_slice_01_z038.png,Non-Demented/OAS1_0262/OAS1_0262_slice_01_z038.png,OAS1_0262,Non-Demented,0,2,Mild Dementia,0,-34.42755698292013,1.820372749608465,99.93036780879447,-2.9713385551925144
OASIS_1,LinearSVM,13,test,brightness_contrast__severe,brightness_contrast,severe,D:\OASIS_1\distortions_128\brightness_contrast\severe\Non_Demented\OAS1_0262\OAS1_0262_slice_02_z041.png,Non_Demented/OAS1_0262/OAS1_0262_slice_02_z041.png,Non-Demented/OAS1_0262/OAS1_0262_slice_02_z041.png,OAS1_0262,Non-Demented,0,2,Mild Dementia,0,-34.09210814387916,1.4440925443382273,100.1813301940763,-2.924146474330457
OASIS_1,LinearSVM,13,test,brightness_contrast__severe,brightness_contrast,severe,D:\OASIS_1\distortions_128\brightness_contrast\severe\Non_Demented\OAS1_0262\OAS1_0262_slice_03_z043.png,Non_Demented/OAS1_0262/OAS1_0262_slice_03_z043.png,Non-Demented/OAS1_0262/OAS1_0262_slice_03_z043.png,OAS1_0262,Non-Demented,0,2,Mild Dementia,0,-33.98352574482869,1.8653345729747226,99.76430491624588,-2.935911245841856
OASIS_1,LinearSVM,13,test,brightness_contrast__severe,brightness_contrast,severe,D:\OASIS_1\distortions_128\brightness_contrast\severe\Non_Demented\OAS1_0262\OAS1_0262_slice_04_z046.png,Non_Demented/OAS1_0262/OAS1_0262_slice_04_z046.png,Non-Demented/OAS1_0262/OAS1_0262_slice_04_z046.png,OAS1_0262,Non-Demented,0,1,Very Mild Dementia,0,-0.9874742509728329,0.43216126237922164,-1.0411073216588635,-1.089508066189262
OASIS_1,LinearSVM,13,test,brightness_contrast__severe,brightness_contrast,severe,D:\OASIS_1\distortions_128\brightness_contrast\severe\Non_Demented\OAS1_0262\OAS1_0262_slice_05_z049.png,Non_Demented/OAS1_0262/OAS1_0262_slice_05_z049.png,Non-Demented/OAS1_0262/OAS1_0262_slice_05_z049.png,OAS1_0262,Non-Demented,0,1,Very Mild Dementia,0,-0.3012359053344528,0.03489624992935747,-0.8949432976564375,-1.1532608758912561
OASIS_1,LinearSVM,13,test,brightness_contrast__severe,brightness_contrast,severe,D:\OASIS_1\distortions_128\brightness_contrast\severe\Non_Demented\OAS1_0262\OAS1_0262_slice_06_z051.png,Non_Demented/OAS1_0262/OAS1_0262_slice_06_z051.png,Non-Demented/OAS1_0262/OAS1_0262_slice_06_z051.png,OAS1_0262,Non-Demented,0,0,Non-Demented,1,2.532505086898821,-2.1820850297725665,-1.71126177008325,-0.9968313399583731
OASIS_1,LinearSVM,13,test,brightness_contrast__severe,brightness_contrast,severe,D:\OASIS_1\distortions_128\brightness_contrast\severe\Non_Demented\OAS1_0262\OAS1_0262_slice_07_z054.png,Non_Demented/OAS1_0262/OAS1_0262_slice_07_z054.png,Non-Demented/OAS1_0262/OAS1_0262_slice_07_z054.png,OAS1_0262,Non-Demented,0,2,Mild Dementia,0,-32.306051610108895,-0.10531914084009314,100.14485380940653,-3.0130332560600936
OASIS_1,LinearSVM,13,test,brightness_contrast__severe,brightness_contrast,severe,D:\OASIS_1\distortions_128\brightness_contrast\severe\Non_Demented\OAS1_0262\OAS1_0262_slice_08_z057.png,Non_Demented/OAS1_0262/OAS1_0262_slice_08_z057.png,Non-Demented/OAS1_0262/OAS1_0262_slice_08_z057.png,OAS1_0262,Non-Demented,0,2,Mild Dementia,0,-32.379664191166,0.006727172723243358,100.25462762247028,-3.0553437185034373
OASIS_1,LinearSVM,13,test,brightness_contrast__severe,brightness_contrast,severe,D:\OASIS_1\distortions_128\brightness_contrast\severe\Non_Demented\OAS1_0262\OAS1_0262_slice_09_z059.png,Non_Demented/OAS1_0262/OAS1_0262_slice_09_z059.png,Non-Demented/OAS1_0262/OAS1_0262_slice_09_z059.png,OAS1_0262,Non-Demented,0,0,Non-Demented,1,0.9961085417575228,-1.6947143908926237,-0.6865234293745267,-1.0820315223703705
OASIS_1,LinearSVM,13,test,brightness_contrast__severe,brightness_contrast,severe,D:\OASIS_1\distortions_128\brightness_contrast\severe\Non_Demented\OAS1_0262\OAS1_0262_slice_10_z062.png,Non_Demented/OAS1_0262/OAS1_0262_slice_10_z062.png,Non-Demented/OAS1_0262/OAS1_0262_slice_10_z062.png,OAS1_0262,Non-Demented,0,0,Non-Demented,1,1.0891771413926554,-2.080403432662778,-0.3309174879589604,-1.0045387202247733
OASIS_1,LinearSVM,13,test,brightness_contrast__severe,brightness_contrast,severe,D:\OASIS_1\distortions_128\brightness_contrast\severe\Non_Demented\OAS1_0262\OAS1_0262_slice_11_z065.png,Non_Demented/OAS1_0262/OAS1_0262_slice_11_z065.png,Non-Demented/OAS1_0262/OAS1_0262_slice_11_z065.png,OAS1_0262,Non-Demented,0,2,Mild Dementia,0,-32.11478390049629,0.14999667614159223,100.31941343441554,-2.9539637260143876
OASIS_1,LinearSVM,13,test,brightness_contrast__severe,brightness_contrast,severe,D:\OASIS_1\distortions_128\brightness_contrast\severe\Non_Demented\OAS1_0262\OAS1_0262_slice_12_z068.png,Non_Demented/OAS1_0262/OAS1_0262_slice_12_z068.png,Non-Demented/OAS1_0262/OAS1_0262_slice_12_z068.png,OAS1_0262,Non-Demented,0,1,Very Mild Dementia,0,-1.0455927300188954,-0.046753998926020474,-0.18649603108715218,-1.0265094639916994
OASIS_1,LinearSVM,13,test,brightness_contrast__severe,brightness_contrast,severe,D:\OASIS_1\distortions_128\brightness_contrast\severe\Non_Demented\OAS1_0262\OAS1_0262_slice_13_z070.png,Non_Demented/OAS1_0262/OAS1_0262_slice_13_z070.png,Non-Demented/OAS1_0262/OAS1_0262_slice_13_z070.png,OAS1_0262,Non-Demented,0,2,Mild Dementia,0,-33.36551325529651,0.5816404986484738,100.60509288928816,-3.048220894366668
OASIS_1,LinearSVM,13,test,brightness_contrast__severe,brightness_contrast,severe,D:\OASIS_1\distortions_128\brightness_contrast\severe\Non_Demented\OAS1_0262\OAS1_0262_slice_14_z073.png,Non_Demented/OAS1_0262/OAS1_0262_slice_14_z073.png,Non-Demented/OAS1_0262/OAS1_0262_slice_14_z073.png,OAS1_0262,Non-Demented,0,2,Mild Dementia,0,-32.46502819829449,0.3591759516032144,99.69249750847557,-2.990303993399742
OASIS_1,LinearSVM,13,test,brightness_contrast__severe,brightness_contrast,severe,D:\OASIS_1\distortions_128\brightness_contrast\severe\Non_Demented\OAS1_0262\OAS1_0262_slice_15_z076.png,Non_Demented/OAS1_0262/OAS1_0262_slice_15_z076.png,Non-Demented/OAS1_0262/OAS1_0262_slice_15_z076.png,OAS1_0262,Non-Demented,0,2,Mild Dementia,0,-33.179406414398265,1.1906778236693203,100.05713950277263,-3.0332713939056144
OASIS_1,LinearSVM,13,test,brightness_contrast__severe,brightness_contrast,severe,D:\OASIS_1\distortions_128\brightness_contrast\severe\Non_Demented\OAS1_0262\OAS1_0262_slice_16_z078.png,Non_Demented/OAS1_0262/OAS1_0262_slice_16_z078.png,Non-Demented/OAS1_0262/OAS1_0262_slice_16_z078.png,OAS1_0262,Non-Demented,0,1,Very Mild Dementia,0,-0.9790551024422052,0.2360824349898395,-0.26548797353568415,-1.085573145082637
OASIS_1,LinearSVM,13,test,brightness_contrast__severe,brightness_contrast,severe,D:\OASIS_1\distortions_128\brightness_contrast\severe\Non_Demented\OAS1_0262\OAS1_0262_slice_17_z081.png,Non_Demented/OAS1_0262/OAS1_0262_slice_17_z081.png,Non-Demented/OAS1_0262/OAS1_0262_slice_17_z081.png,OAS1_0262,Non-Demented,0,1,Very Mild Dementia,0,-0.9723246343673557,0.11063359959319224,-0.6058235954603965,-1.0251934033322943
OASIS_1,LinearSVM,13,test,brightness_contrast__severe,brightness_contrast,severe,D:\OASIS_1\distortions_128\brightness_contrast\severe\Non_Demented\OAS1_0262\OAS1_0262_slice_18_z084.png,Non_Demented/OAS1_0262/OAS1_0262_slice_18_z084.png,Non-Demented/OAS1_0262/OAS1_0262_slice_18_z084.png,OAS1_0262,Non-Demented,0,1,Very Mild Dementia,0,-1.6441774586117341,1.122496102713355,-1.0017305145391102,-1.0750474648206183
OASIS_1,LinearSVM,13,test,brightness_contrast__severe,brightness_contrast,severe,D:\OASIS_1\distortions_128\brightness_contrast\severe\Non_Demented\OAS1_0262\OAS1_0262_slice_19_z086.png,Non_Demented/OAS1_0262/OAS1_0262_slice_19_z086.png,Non-Demented/OAS1_0262/OAS1_0262_slice_19_z086.png,OAS1_0262,Non-Demented,0,1,Very Mild Dementia,0,-0.6696529089782388,1.2661293124793462,-1.3581130418670515,-1.1759635823907002
OASIS_1,LinearSVM,13,test,brightness_contrast__severe,brightness_contrast,severe,D:\OASIS_1\distortions_128\brightness_contrast\severe\Non_Demented\OAS1_0262\OAS1_0262_slice_20_z089.png,Non_Demented/OAS1_0262/OAS1_0262_slice_20_z089.png,Non-Demented/OAS1_0262/OAS1_0262_slice_20_z089.png,OAS1_0262,Non-Demented,0,1,Very Mild Dementia,0,-0.4814690123126746,1.269056567601172,-1.2133443301921325,-1.0229670584994959
OASIS_1,LinearSVM,13,test,brightness_contrast__severe,brightness_contrast,severe,D:\OASIS_1\distortions_128\brightness_contrast\severe\Non_Demented\OAS1_0266\OAS1_0266_slice_01_z038.png,Non_Demented/OAS1_0266/OAS1_0266_slice_01_z038.png,Non-Demented/OAS1_0266/OAS1_0266_slice_01_z038.png,OAS1_0266,Non-Demented,0,2,Mild Dementia,0,-31.316249355357183,0.15948121605473448,99.53590874513971,-3.0102411153079864
OASIS_1,LinearSVM,13,test,brightness_contrast__severe,brightness_contrast,severe,D:\OASIS_1\distortions_128\brightness_contrast\severe\Non_Demented\OAS1_0266\OAS1_0266_slice_02_z041.png,Non_Demented/OAS1_0266/OAS1_0266_slice_02_z041.png,Non-Demented/OAS1_0266/OAS1_0266_slice_02_z041.png,OAS1_0266,Non-Demented,0,0,Non-Demented,1,1.2700054233304352,-1.4430463766416657,-0.7230317157369315,-0.9937981974698357
OASIS_1,LinearSVM,13,test,brightness_contrast__severe,brightness_contrast,severe,D:\OASIS_1\distortions_128\brightness_contrast\severe\Non_Demented\OAS1_0266\OAS1_0266_slice_03_z043.png,Non_Demented/OAS1_0266/OAS1_0266_slice_03_z043.png,Non-Demented/OAS1_0266/OAS1_0266_slice_03_z043.png,OAS1_0266,Non-Demented,0,0,Non-Demented,1,3.7919472221998523,-3.395160462757751,-0.940256447013632,-0.9574032834908044
OASIS_1,LinearSVM,13,test,brightness_contrast__severe,brightness_contrast,severe,D:\OASIS_1\distortions_128\brightness_contrast\severe\Non_Demented\OAS1_0266\OAS1_0266_slice_04_z046.png,Non_Demented/OAS1_0266/OAS1_0266_slice_04_z046.png,Non-Demented/OAS1_0266/OAS1_0266_slice_04_z046.png,OAS1_0266,Non-Demented,0,2,Mild Dementia,0,-31.643095272961,-0.46175496290274337,100.3552762188851,-3.0300126981249194
OASIS_1,LinearSVM,13,test,brightness_contrast__severe,brightness_contrast,severe,D:\OASIS_1\distortions_128\brightness_contrast\severe\Non_Demented\OAS1_0266\OAS1_0266_slice_05_z049.png,Non_Demented/OAS1_0266/OAS1_0266_slice_05_z049.png,Non-Demented/OAS1_0266/OAS1_0266_slice_05_z049.png,OAS1_0266,Non-Demented,0,2,Mild Dementia,0,-31.85877175946187,-0.22050525815345706,100.33573361360193,-2.9942102895160465
OASIS_1,LinearSVM,13,test,brightness_contrast__severe,brightness_contrast,severe,D:\OASIS_1\distortions_128\brightness_contrast\severe\Non_Demented\OAS1_0266\OAS1_0266_slice_06_z051.png,Non_Demented/OAS1_0266/OAS1_0266_slice_06_z051.png,Non-Demented/OAS1_0266/OAS1_0266_slice_06_z051.png,OAS1_0266,Non-Demented,0,2,Mild Dementia,0,-32.33990403182361,0.15551523105956905,100.43100105816272,-2.9987434581146077
OASIS_1,LinearSVM,13,test,brightness_contrast__severe,brightness_contrast,severe,D:\OASIS_1\distortions_128\brightness_contrast\severe\Non_Demented\OAS1_0266\OAS1_0266_slice_07_z054.png,Non_Demented/OAS1_0266/OAS1_0266_slice_07_z054.png,Non-Demented/OAS1_0266/OAS1_0266_slice_07_z054.png,OAS1_0266,Non-Demented,0,2,Mild Dementia,0,-32.606055256872985,-0.00407118657611788,100.96911850280276,-2.9127334342435636
OASIS_1,LinearSVM,13,test,brightness_contrast__severe,brightness_contrast,severe,D:\OASIS_1\distortions_128\brightness_contrast\severe\Non_Demented\OAS1_0266\OAS1_0266_slice_08_z057.png,Non_Demented/OAS1_0266/OAS1_0266_slice_08_z057.png,Non-Demented/OAS1_0266/OAS1_0266_slice_08_z057.png,OAS1_0266,Non-Demented,0,2,Mild Dementia,0,-31.06166802475447,-1.1286680577833774,100.51662330664232,-2.928550973799013
OASIS_1,LinearSVM,13,test,brightness_contrast__severe,brightness_contrast,severe,D:\OASIS_1\distortions_128\brightness_contrast\severe\Non_Demented\OAS1_0266\OAS1_0266_slice_09_z059.png,Non_Demented/OAS1_0266/OAS1_0266_slice_09_z059.png,Non-Demented/OAS1_0266/OAS1_0266_slice_09_z059.png,OAS1_0266,Non-Demented,0,0,Non-Demented,1,3.6201337611283346,-4.52849290381052,0.4501551197955961,-0.8879615051701447
OASIS_1,LinearSVM,13,test,brightness_contrast__severe,brightness_contrast,severe,D:\OASIS_1\distortions_128\brightness_contrast\severe\Non_Demented\OAS1_0266\OAS1_0266_slice_10_z062.png,Non_Demented/OAS1_0266/OAS1_0266_slice_10_z062.png,Non-Demented/OAS1_0266/OAS1_0266_slice_10_z062.png,OAS1_0266,Non-Demented,0,0,Non-Demented,1,4.229053097342122,-4.253104059340785,1.1902067537529533,-1.0290198049270791
OASIS_1,LinearSVM,13,test,brightness_contrast__severe,brightness_contrast,severe,D:\OASIS_1\distortions_128\brightness_contrast\severe\Non_Demented\OAS1_0266\OAS1_0266_slice_11_z065.png,Non_Demented/OAS1_0266/OAS1_0266_slice_11_z065.png,Non-Demented/OAS1_0266/OAS1_0266_slice_11_z065.png,OAS1_0266,Non-Demented,0,0,Non-Demented,1,3.245767595049982,-2.766792167069921,0.7319907066762604,-1.0670131087183263
OASIS_1,LinearSVM,13,test,brightness_contrast__severe,brightness_contrast,severe,D:\OASIS_1\distortions_128\brightness_contrast\severe\Non_Demented\OAS1_0266\OAS1_0266_slice_12_z068.png,Non_Demented/OAS1_0266/OAS1_0266_slice_12_z068.png,Non-Demented/OAS1_0266/OAS1_0266_slice_12_z068.png,OAS1_0266,Non-Demented,0,2,Mild Dementia,0,-31.301063798032175,-0.8129506750560953,101.16613028079371,-3.0319639970253385
OASIS_1,LinearSVM,13,test,brightness_contrast__severe,brightness_contrast,severe,D:\OASIS_1\distortions_128\brightness_contrast\severe\Non_Demented\OAS1_0266\OAS1_0266_slice_13_z070.png,Non_Demented/OAS1_0266/OAS1_0266_slice_13_z070.png,Non-Demented/OAS1_0266/OAS1_0266_slice_13_z070.png,OAS1_0266,Non-Demented,0,0,Non-Demented,1,1.3811708582380435,-2.224445222615852,0.5898927990328467,-1.078033052272082
OASIS_1,LinearSVM,13,test,brightness_contrast__severe,brightness_contrast,severe,D:\OASIS_1\distortions_128\brightness_contrast\severe\Non_Demented\OAS1_0266\OAS1_0266_slice_14_z073.png,Non_Demented/OAS1_0266/OAS1_0266_slice_14_z073.png,Non-Demented/OAS1_0266/OAS1_0266_slice_14_z073.png,OAS1_0266,Non-Demented,0,0,Non-Demented,1,1.670995661158209,-1.9648375436772725,0.11994113996138722,-1.0058119055403643
OASIS_1,LinearSVM,13,test,brightness_contrast__severe,brightness_contrast,severe,D:\OASIS_1\distortions_128\brightness_contrast\severe\Non_Demented\OAS1_0266\OAS1_0266_slice_15_z076.png,Non_Demented/OAS1_0266/OAS1_0266_slice_15_z076.png,Non-Demented/OAS1_0266/OAS1_0266_slice_15_z076.png,OAS1_0266,Non-Demented,0,0,Non-Demented,1,2.9437802561421984,-2.658291961684979,0.34491044576632757,-1.0143024353311632
OASIS_1,LinearSVM,13,test,brightness_contrast__severe,brightness_contrast,severe,D:\OASIS_1\distortions_128\brightness_contrast\severe\Non_Demented\OAS1_0266\OAS1_0266_slice_16_z078.png,Non_Demented/OAS1_0266/OAS1_0266_slice_16_z078.png,Non-Demented/OAS1_0266/OAS1_0266_slice_16_z078.png,OAS1_0266,Non-Demented,0,0,Non-Demented,1,0.6024143712516999,-0.9943039533936653,-0.058128177732250874,-0.9682074633744495
OASIS_1,LinearSVM,13,test,brightness_contrast__severe,brightness_contrast,severe,D:\OASIS_1\distortions_128\brightness_contrast\severe\Non_Demented\OAS1_0266\OAS1_0266_slice_17_z081.png,Non_Demented/OAS1_0266/OAS1_0266_slice_17_z081.png,Non-Demented/OAS1_0266/OAS1_0266_slice_17_z081.png,OAS1_0266,Non-Demented,0,0,Non-Demented,1,0.8437637782060061,-1.7706755651696622,0.6775134349522848,-0.9395929307346884
OASIS_1,LinearSVM,13,test,brightness_contrast__severe,brightness_contrast,severe,D:\OASIS_1\distortions_128\brightness_contrast\severe\Non_Demented\OAS1_0266\OAS1_0266_slice_18_z084.png,Non_Demented/OAS1_0266/OAS1_0266_slice_18_z084.png,Non-Demented/OAS1_0266/OAS1_0266_slice_18_z084.png,OAS1_0266,Non-Demented,0,0,Non-Demented,1,4.740963764823279,-5.752402323318198,1.1658020597228411,-1.035403144360992
OASIS_1,LinearSVM,13,test,brightness_contrast__severe,brightness_contrast,severe,D:\OASIS_1\distortions_128\brightness_contrast\severe\Non_Demented\OAS1_0266\OAS1_0266_slice_19_z086.png,Non_Demented/OAS1_0266/OAS1_0266_slice_19_z086.png,Non-Demented/OAS1_0266/OAS1_0266_slice_19_z086.png,OAS1_0266,Non-Demented,0,0,Non-Demented,1,1.988445884581315,-3.0126142505694258,0.46552285990912934,-1.0393496737226144
OASIS_1,LinearSVM,13,test,brightness_contrast__severe,brightness_contrast,severe,D:\OASIS_1\distortions_128\brightness_contrast\severe\Non_Demented\OAS1_0266\OAS1_0266_slice_20_z089.png,Non_Demented/OAS1_0266/OAS1_0266_slice_20_z089.png,Non-Demented/OAS1_0266/OAS1_0266_slice_20_z089.png,OAS1_0266,Non-Demented,0,2,Mild Dementia,0,-31.444907586725463,-1.4583847394302705,100.87182189263697,-2.9969872397123702
OASIS_1,LinearSVM,13,test,brightness_contrast__severe,brightness_contrast,severe,D:\OASIS_1\distortions_128\brightness_contrast\severe\Non_Demented\OAS1_0280\OAS1_0280_slice_01_z038.png,Non_Demented/OAS1_0280/OAS1_0280_slice_01_z038.png,Non-Demented/OAS1_0280/OAS1_0280_slice_01_z038.png,OAS1_0280,Non-Demented,0,1,Very Mild Dementia,0,-0.4167516476790762,0.3325687630341541,-0.9055638993804427,-0.8761597017004832
OASIS_1,LinearSVM,13,test,brightness_contrast__severe,brightness_contrast,severe,D:\OASIS_1\distortions_128\brightness_contrast\severe\Non_Demented\OAS1_0280\OAS1_0280_slice_02_z041.png,Non_Demented/OAS1_0280/OAS1_0280_slice_02_z041.png,Non-Demented/OAS1_0280/OAS1_0280_slice_02_z041.png,OAS1_0280,Non-Demented,0,1,Very Mild Dementia,0,-0.7140668992470307,-0.03870050683765669,-0.5481572900269047,-0.8390649775504239
OASIS_1,LinearSVM,13,test,brightness_contrast__severe,brightness_contrast,severe,D:\OASIS_1\distortions_128\brightness_contrast\severe\Non_Demented\OAS1_0280\OAS1_0280_slice_03_z043.png,Non_Demented/OAS1_0280/OAS1_0280_slice_03_z043.png,Non-Demented/OAS1_0280/OAS1_0280_slice_03_z043.png,OAS1_0280,Non-Demented,0,2,Mild Dementia,0,-0.6663994483262679,-0.550106489192926,-0.4200980956965823,-0.9071451762118015
OASIS_1,LinearSVM,13,test,brightness_contrast__severe,brightness_contrast,severe,D:\OASIS_1\distortions_128\brightness_contrast\severe\Non_Demented\OAS1_0280\OAS1_0280_slice_04_z046.png,Non_Demented/OAS1_0280/OAS1_0280_slice_04_z046.png,Non-Demented/OAS1_0280/OAS1_0280_slice_04_z046.png,OAS1_0280,Non-Demented,0,2,Mild Dementia,0,-33.36554502799601,0.7607841881593291,100.38784515062878,-2.9058749390947463
OASIS_1,LinearSVM,13,test,brightness_contrast__severe,brightness_contrast,severe,D:\OASIS_1\distortions_128\brightness_contrast\severe\Non_Demented\OAS1_0280\OAS1_0280_slice_05_z049.png,Non_Demented/OAS1_0280/OAS1_0280_slice_05_z049.png,Non-Demented/OAS1_0280/OAS1_0280_slice_05_z049.png,OAS1_0280,Non-Demented,0,2,Mild Dementia,0,-1.2255933298283046,-0.45058574721284056,0.09636133908844313,-0.997840378893726
OASIS_1,LinearSVM,13,test,brightness_contrast__severe,brightness_contrast,severe,D:\OASIS_1\distortions_128\brightness_contrast\severe\Non_Demented\OAS1_0280\OAS1_0280_slice_06_z051.png,Non_Demented/OAS1_0280/OAS1_0280_slice_06_z051.png,Non-Demented/OAS1_0280/OAS1_0280_slice_06_z051.png,OAS1_0280,Non-Demented,0,2,Mild Dementia,0,-34.5946629980048,1.8301514839299475,100.41978964391444,-2.8799936817656713
OASIS_1,LinearSVM,13,test,brightness_contrast__severe,brightness_contrast,severe,D:\OASIS_1\distortions_128\brightness_contrast\severe\Non_Demented\OAS1_0280\OAS1_0280_slice_07_z054.png,Non_Demented/OAS1_0280/OAS1_0280_slice_07_z054.png,Non-Demented/OAS1_0280/OAS1_0280_slice_07_z054.png,OAS1_0280,Non-Demented,0,2,Mild Dementia,0,-33.903568405262035,1.7253940988255128,99.84363394796122,-2.9868966151156573
OASIS_1,LinearSVM,13,test,brightness_contrast__severe,brightness_contrast,severe,D:\OASIS_1\distortions_128\brightness_contrast\severe\Non_Demented\OAS1_0280\OAS1_0280_slice_08_z057.png,Non_Demented/OAS1_0280/OAS1_0280_slice_08_z057.png,Non-Demented/OAS1_0280/OAS1_0280_slice_08_z057.png,OAS1_0280,Non-Demented,0,2,Mild Dementia,0,-33.96360249441591,2.1019722087273696,99.99938174933949,-3.012057548317922
OASIS_1,LinearSVM,13,test,brightness_contrast__severe,brightness_contrast,severe,D:\OASIS_1\distortions_128\brightness_contrast\severe\Non_Demented\OAS1_0280\OAS1_0280_slice_09_z059.png,Non_Demented/OAS1_0280/OAS1_0280_slice_09_z059.png,Non-Demented/OAS1_0280/OAS1_0280_slice_09_z059.png,OAS1_0280,Non-Demented,0,1,Very Mild Dementia,0,-1.420999153917335,0.5952486379559498,-0.5600047148664455,-0.9606062685440564
OASIS_1,LinearSVM,13,test,brightness_contrast__severe,brightness_contrast,severe,D:\OASIS_1\distortions_128\brightness_contrast\severe\Non_Demented\OAS1_0280\OAS1_0280_slice_10_z062.png,Non_Demented/OAS1_0280/OAS1_0280_slice_10_z062.png,Non-Demented/OAS1_0280/OAS1_0280_slice_10_z062.png,OAS1_0280,Non-Demented,0,1,Very Mild Dementia,0,-0.9183050395975609,0.6904769237333879,-0.6374333715790794,-0.9782856392043395
OASIS_1,LinearSVM,13,test,brightness_contrast__severe,brightness_contrast,severe,D:\OASIS_1\distortions_128\brightness_contrast\severe\Non_Demented\OAS1_0280\OAS1_0280_slice_11_z065.png,Non_Demented/OAS1_0280/OAS1_0280_slice_11_z065.png,Non-Demented/OAS1_0280/OAS1_0280_slice_11_z065.png,OAS1_0280,Non-Demented,0,2,Mild Dementia,0,-34.477348520198,1.7390890357650424,100.32345287832499,-2.935188561355458
OASIS_1,LinearSVM,13,test,brightness_contrast__severe,brightness_contrast,severe,D:\OASIS_1\distortions_128\brightness_contrast\severe\Non_Demented\OAS1_0280\OAS1_0280_slice_12_z068.png,Non_Demented/OAS1_0280/OAS1_0280_slice_12_z068.png,Non-Demented/OAS1_0280/OAS1_0280_slice_12_z068.png,OAS1_0280,Non-Demented,0,1,Very Mild Dementia,0,-0.9476363379436781,0.5048769626566596,-0.2879363704713609,-0.8189251424853279
OASIS_1,LinearSVM,13,test,brightness_contrast__severe,brightness_contrast,severe,D:\OASIS_1\distortions_128\brightness_contrast\severe\Non_Demented\OAS1_0280\OAS1_0280_slice_13_z070.png,Non_Demented/OAS1_0280/OAS1_0280_slice_13_z070.png,Non-Demented/OAS1_0280/OAS1_0280_slice_13_z070.png,OAS1_0280,Non-Demented,0,2,Mild Dementia,0,-33.483830993363114,1.8391421289853103,100.18128027810207,-2.92805052638956
OASIS_1,LinearSVM,13,test,brightness_contrast__severe,brightness_contrast,severe,D:\OASIS_1\distortions_128\brightness_contrast\severe\Non_Demented\OAS1_0280\OAS1_0280_slice_14_z073.png,Non_Demented/OAS1_0280/OAS1_0280_slice_14_z073.png,Non-Demented/OAS1_0280/OAS1_0280_slice_14_z073.png,OAS1_0280,Non-Demented,0,1,Very Mild Dementia,0,-0.8750685351401237,0.37398009669826865,-0.5795215065841592,-0.9426413942894534
OASIS_1,LinearSVM,13,test,brightness_contrast__severe,brightness_contrast,severe,D:\OASIS_1\distortions_128\brightness_contrast\severe\Non_Demented\OAS1_0280\OAS1_0280_slice_15_z076.png,Non_Demented/OAS1_0280/OAS1_0280_slice_15_z076.png,Non-Demented/OAS1_0280/OAS1_0280_slice_15_z076.png,OAS1_0280,Non-Demented,0,1,Very Mild Dementia,0,-1.0045460718948216,0.22252473180746768,-0.5628048066593881,-0.9490501682218805
OASIS_1,LinearSVM,13,test,brightness_contrast__severe,brightness_contrast,severe,D:\OASIS_1\distortions_128\brightness_contrast\severe\Non_Demented\OAS1_0280\OAS1_0280_slice_16_z078.png,Non_Demented/OAS1_0280/OAS1_0280_slice_16_z078.png,Non-Demented/OAS1_0280/OAS1_0280_slice_16_z078.png,OAS1_0280,Non-Demented,0,1,Very Mild Dementia,0,-1.3968389079780184,0.9486742130659409,-0.6973828570061047,-1.0217338809437617
OASIS_1,LinearSVM,13,test,brightness_contrast__severe,brightness_contrast,severe,D:\OASIS_1\distortions_128\brightness_contrast\severe\Non_Demented\OAS1_0280\OAS1_0280_slice_17_z081.png,Non_Demented/OAS1_0280/OAS1_0280_slice_17_z081.png,Non-Demented/OAS1_0280/OAS1_0280_slice_17_z081.png,OAS1_0280,Non-Demented,0,1,Very Mild Dementia,0,-1.3652689907879023,0.09991990099729053,-0.19183082826935555,-0.9083746250203104
OASIS_1,LinearSVM,13,test,brightness_contrast__severe,brightness_contrast,severe,D:\OASIS_1\distortions_128\brightness_contrast\severe\Non_Demented\OAS1_0280\OAS1_0280_slice_18_z084.png,Non_Demented/OAS1_0280/OAS1_0280_slice_18_z084.png,Non-Demented/OAS1_0280/OAS1_0280_slice_18_z084.png,OAS1_0280,Non-Demented,0,2,Mild Dementia,0,-33.93157303431218,1.6691277231407131,100.50476563622557,-2.9534338925869794
OASIS_1,LinearSVM,13,test,brightness_contrast__severe,brightness_contrast,severe,D:\OASIS_1\distortions_128\brightness_contrast\severe\Non_Demented\OAS1_0280\OAS1_0280_slice_19_z086.png,Non_Demented/OAS1_0280/OAS1_0280_slice_19_z086.png,Non-Demented/OAS1_0280/OAS1_0280_slice_19_z086.png,OAS1_0280,Non-Demented,0,2,Mild Dementia,0,-34.38929410200756,1.5838764575359452,100.9214476338022,-2.8980188180814888
OASIS_1,LinearSVM,13,test,brightness_contrast__severe,brightness_contrast,severe,D:\OASIS_1\distortions_128\brightness_contrast\severe\Non_Demented\OAS1_0280\OAS1_0280_slice_20_z089.png,Non_Demented/OAS1_0280/OAS1_0280_slice_20_z089.png,Non-Demented/OAS1_0280/OAS1_0280_slice_20_z089.png,OAS1_0280,Non-Demented,0,1,Very Mild Dementia,0,-1.997218987448589,1.1572638435114253,0.01229780726332197,-1.0055297750438792
OASIS_1,LinearSVM,13,test,brightness_contrast__severe,brightness_contrast,severe,D:\OASIS_1\distortions_128\brightness_contrast\severe\Non_Demented\OAS1_0309\OAS1_0309_slice_01_z038.png,Non_Demented/OAS1_0309/OAS1_0309_slice_01_z038.png,Non-Demented/OAS1_0309/OAS1_0309_slice_01_z038.png,OAS1_0309,Non-Demented,0,2,Mild Dementia,0,-32.766907292541,0.961295897990178,99.87027142958257,-2.961345100269706
OASIS_1,LinearSVM,13,test,brightness_contrast__severe,brightness_contrast,severe,D:\OASIS_1\distortions_128\brightness_contrast\severe\Non_Demented\OAS1_0309\OAS1_0309_slice_02_z041.png,Non_Demented/OAS1_0309/OAS1_0309_slice_02_z041.png,Non-Demented/OAS1_0309/OAS1_0309_slice_02_z041.png,OAS1_0309,Non-Demented,0,0,Non-Demented,1,0.7327772470248501,-2.290657096078341,-0.42369084100935156,-0.9228104414030784
OASIS_1,LinearSVM,13,test,brightness_contrast__severe,brightness_contrast,severe,D:\OASIS_1\distortions_128\brightness_contrast\severe\Non_Demented\OAS1_0309\OAS1_0309_slice_03_z043.png,Non_Demented/OAS1_0309/OAS1_0309_slice_03_z043.png,Non-Demented/OAS1_0309/OAS1_0309_slice_03_z043.png,OAS1_0309,Non-Demented,0,2,Mild Dementia,0,-32.654882435925074,0.17506633228941298,100.43327648097836,-2.985405899588966
OASIS_1,LinearSVM,13,test,brightness_contrast__severe,brightness_contrast,severe,D:\OASIS_1\distortions_128\brightness_contrast\severe\Non_Demented\OAS1_0309\OAS1_0309_slice_04_z046.png,Non_Demented/OAS1_0309/OAS1_0309_slice_04_z046.png,Non-Demented/OAS1_0309/OAS1_0309_slice_04_z046.png,OAS1_0309,Non-Demented,0,2,Mild Dementia,0,-31.451180963067497,-0.47722598370997643,100.2227443355621,-2.9604153206686323
OASIS_1,LinearSVM,13,test,brightness_contrast__severe,brightness_contrast,severe,D:\OASIS_1\distortions_128\brightness_contrast\severe\Non_Demented\OAS1_0309\OAS1_0309_slice_05_z049.png,Non_Demented/OAS1_0309/OAS1_0309_slice_05_z049.png,Non-Demented/OAS1_0309/OAS1_0309_slice_05_z049.png,OAS1_0309,Non-Demented,0,2,Mild Dementia,0,-30.58774978525197,-0.49731737173458695,99.518161753558,-2.9987326240851515
OASIS_1,LinearSVM,13,test,brightness_contrast__severe,brightness_contrast,severe,D:\OASIS_1\distortions_128\brightness_contrast\severe\Non_Demented\OAS1_0309\OAS1_0309_slice_06_z051.png,Non_Demented/OAS1_0309/OAS1_0309_slice_06_z051.png,Non-Demented/OAS1_0309/OAS1_0309_slice_06_z051.png,OAS1_0309,Non-Demented,0,0,Non-Demented,1,4.134858706126602,-1.9236429953904528,-2.3303394123467536,-1.0150618881128057
OASIS_1,LinearSVM,13,test,brightness_contrast__severe,brightness_contrast,severe,D:\OASIS_1\distortions_128\brightness_contrast\severe\Non_Demented\OAS1_0309\OAS1_0309_slice_07_z054.png,Non_Demented/OAS1_0309/OAS1_0309_slice_07_z054.png,Non-Demented/OAS1_0309/OAS1_0309_slice_07_z054.png,OAS1_0309,Non-Demented,0,0,Non-Demented,1,2.4397889290789174,0.07403767853654131,-2.293833072724933,-1.0666745416424472
OASIS_1,LinearSVM,13,test,brightness_contrast__severe,brightness_contrast,severe,D:\OASIS_1\distortions_128\brightness_contrast\severe\Non_Demented\OAS1_0309\OAS1_0309_slice_08_z057.png,Non_Demented/OAS1_0309/OAS1_0309_slice_08_z057.png,Non-Demented/OAS1_0309/OAS1_0309_slice_08_z057.png,OAS1_0309,Non-Demented,0,0,Non-Demented,1,1.430929282863029,0.12001584848042368,-0.9932847285918116,-1.0543567508082354
OASIS_1,LinearSVM,13,test,brightness_contrast__severe,brightness_contrast,severe,D:\OASIS_1\distortions_128\brightness_contrast\severe\Non_Demented\OAS1_0309\OAS1_0309_slice_09_z059.png,Non_Demented/OAS1_0309/OAS1_0309_slice_09_z059.png,Non-Demented/OAS1_0309/OAS1_0309_slice_09_z059.png,OAS1_0309,Non-Demented,0,0,Non-Demented,1,0.44397115242887736,0.358655783040785,-1.1562025562106868,-1.0088480649332898
OASIS_1,LinearSVM,13,test,brightness_contrast__severe,brightness_contrast,severe,D:\OASIS_1\distortions_128\brightness_contrast\severe\Non_Demented\OAS1_0309\OAS1_0309_slice_10_z062.png,Non_Demented/OAS1_0309/OAS1_0309_slice_10_z062.png,Non-Demented/OAS1_0309/OAS1_0309_slice_10_z062.png,OAS1_0309,Non-Demented,0,2,Mild Dementia,0,-34.189008037646204,2.527058765547972,100.42301492708485,-2.948697914108626
OASIS_1,LinearSVM,13,test,brightness_contrast__severe,brightness_contrast,severe,D:\OASIS_1\distortions_128\brightness_contrast\severe\Non_Demented\OAS1_0309\OAS1_0309_slice_11_z065.png,Non_Demented/OAS1_0309/OAS1_0309_slice_11_z065.png,Non-Demented/OAS1_0309/OAS1_0309_slice_11_z065.png,OAS1_0309,Non-Demented,0,1,Very Mild Dementia,0,-1.2359710892559446,0.7601188346906149,-0.44518385374013597,-1.0001714712440977
OASIS_1,LinearSVM,13,test,brightness_contrast__severe,brightness_contrast,severe,D:\OASIS_1\distortions_128\brightness_contrast\severe\Non_Demented\OAS1_0309\OAS1_0309_slice_12_z068.png,Non_Demented/OAS1_0309/OAS1_0309_slice_12_z068.png,Non-Demented/OAS1_0309/OAS1_0309_slice_12_z068.png,OAS1_0309,Non-Demented,0,1,Very Mild Dementia,0,-0.20621113426842402,0.8810060240661837,-1.2533854160187077,-0.8547183938208528
OASIS_1,LinearSVM,13,test,brightness_contrast__severe,brightness_contrast,severe,D:\OASIS_1\distortions_128\brightness_contrast\severe\Non_Demented\OAS1_0309\OAS1_0309_slice_13_z070.png,Non_Demented/OAS1_0309/OAS1_0309_slice_13_z070.png,Non-Demented/OAS1_0309/OAS1_0309_slice_13_z070.png,OAS1_0309,Non-Demented,0,0,Non-Demented,1,1.791274907889321,-0.9302387777657144,-1.1718657881857804,-1.0786597960586353
OASIS_1,LinearSVM,13,test,brightness_contrast__severe,brightness_contrast,severe,D:\OASIS_1\distortions_128\brightness_contrast\severe\Non_Demented\OAS1_0309\OAS1_0309_slice_14_z073.png,Non_Demented/OAS1_0309/OAS1_0309_slice_14_z073.png,Non-Demented/OAS1_0309/OAS1_0309_slice_14_z073.png,OAS1_0309,Non-Demented,0,0,Non-Demented,1,2.279722506801926,-2.630714666881369,-0.45323164450868886,-0.9873736015802012
OASIS_1,LinearSVM,13,test,brightness_contrast__severe,brightness_contrast,severe,D:\OASIS_1\distortions_128\brightness_contrast\severe\Non_Demented\OAS1_0309\OAS1_0309_slice_15_z076.png,Non_Demented/OAS1_0309/OAS1_0309_slice_15_z076.png,Non-Demented/OAS1_0309/OAS1_0309_slice_15_z076.png,OAS1_0309,Non-Demented,0,0,Non-Demented,1,3.0243790426707,-2.648657863661145,-0.5638215032090329,-1.0782652780298292
OASIS_1,LinearSVM,13,test,brightness_contrast__severe,brightness_contrast,severe,D:\OASIS_1\distortions_128\brightness_contrast\severe\Non_Demented\OAS1_0309\OAS1_0309_slice_16_z078.png,Non_Demented/OAS1_0309/OAS1_0309_slice_16_z078.png,Non-Demented/OAS1_0309/OAS1_0309_slice_16_z078.png,OAS1_0309,Non-Demented,0,0,Non-Demented,1,1.0826851723252355,-0.23114801541506222,-1.031397202081103,-1.1160811869905565
OASIS_1,LinearSVM,13,test,brightness_contrast__severe,brightness_contrast,severe,D:\OASIS_1\distortions_128\brightness_contrast\severe\Non_Demented\OAS1_0309\OAS1_0309_slice_17_z081.png,Non_Demented/OAS1_0309/OAS1_0309_slice_17_z081.png,Non-Demented/OAS1_0309/OAS1_0309_slice_17_z081.png,OAS1_0309,Non-Demented,0,2,Mild Dementia,0,-31.765179138879564,0.5968817244165567,99.91832246641049,-3.029235257855171
OASIS_1,LinearSVM,13,test,brightness_contrast__severe,brightness_contrast,severe,D:\OASIS_1\distortions_128\brightness_contrast\severe\Non_Demented\OAS1_0309\OAS1_0309_slice_18_z084.png,Non_Demented/OAS1_0309/OAS1_0309_slice_18_z084.png,Non-Demented/OAS1_0309/OAS1_0309_slice_18_z084.png,OAS1_0309,Non-Demented,0,1,Very Mild Dementia,0,0.11764803188919444,0.8071370075215663,-1.5152061634659018,-1.0816552483486077
OASIS_1,LinearSVM,13,test,brightness_contrast__severe,brightness_contrast,severe,D:\OASIS_1\distortions_128\brightness_contrast\severe\Non_Demented\OAS1_0309\OAS1_0309_slice_19_z086.png,Non_Demented/OAS1_0309/OAS1_0309_slice_19_z086.png,Non-Demented/OAS1_0309/OAS1_0309_slice_19_z086.png,OAS1_0309,Non-Demented,0,1,Very Mild Dementia,0,0.19153434238933698,1.1525727803022126,-2.279873372902309,-1.066030654031934
OASIS_1,LinearSVM,13,test,brightness_contrast__severe,brightness_contrast,severe,D:\OASIS_1\distortions_128\brightness_contrast\severe\Non_Demented\OAS1_0309\OAS1_0309_slice_20_z089.png,Non_Demented/OAS1_0309/OAS1_0309_slice_20_z089.png,Non-Demented/OAS1_0309/OAS1_0309_slice_20_z089.png,OAS1_0309,Non-Demented,0,0,Non-Demented,1,1.0007916211941192,-0.17804654503575146,-1.3166761743476272,-1.0162767715191963
OASIS_1,LinearSVM,13,test,brightness_contrast__severe,brightness_contrast,severe,D:\OASIS_1\distortions_128\brightness_contrast\severe\Non_Demented\OAS1_0323\OAS1_0323_slice_01_z038.png,Non_Demented/OAS1_0323/OAS1_0323_slice_01_z038.png,Non-Demented/OAS1_0323/OAS1_0323_slice_01_z038.png,OAS1_0323,Non-Demented,0,2,Mild Dementia,0,-32.97690132294827,0.8760190084662529,99.50305690143556,-2.9818071411819043
OASIS_1,LinearSVM,13,test,brightness_contrast__severe,brightness_contrast,severe,D:\OASIS_1\distortions_128\brightness_contrast\severe\Non_Demented\OAS1_0323\OAS1_0323_slice_02_z041.png,Non_Demented/OAS1_0323/OAS1_0323_slice_02_z041.png,Non-Demented/OAS1_0323/OAS1_0323_slice_02_z041.png,OAS1_0323,Non-Demented,0,2,Mild Dementia,0,-32.70447925902369,0.034020360393563764,100.37048807855238,-3.0182554356385656
OASIS_1,LinearSVM,13,test,brightness_contrast__severe,brightness_contrast,severe,D:\OASIS_1\distortions_128\brightness_contrast\severe\Non_Demented\OAS1_0323\OAS1_0323_slice_03_z043.png,Non_Demented/OAS1_0323/OAS1_0323_slice_03_z043.png,Non-Demented/OAS1_0323/OAS1_0323_slice_03_z043.png,OAS1_0323,Non-Demented,0,0,Non-Demented,1,0.274485108064727,-0.7976885376961937,-0.4506923142408247,-1.0614250759726072
OASIS_1,LinearSVM,13,test,brightness_contrast__severe,brightness_contrast,severe,D:\OASIS_1\distortions_128\brightness_contrast\severe\Non_Demented\OAS1_0323\OAS1_0323_slice_04_z046.png,Non_Demented/OAS1_0323/OAS1_0323_slice_04_z046.png,Non-Demented/OAS1_0323/OAS1_0323_slice_04_z046.png,OAS1_0323,Non-Demented,0,0,Non-Demented,1,1.2379227651867462,-0.553859276120668,-1.1529339818519775,-0.981401061251276
OASIS_1,LinearSVM,13,test,brightness_contrast__severe,brightness_contrast,severe,D:\OASIS_1\distortions_128\brightness_contrast\severe\Non_Demented\OAS1_0323\OAS1_0323_slice_05_z049.png,Non_Demented/OAS1_0323/OAS1_0323_slice_05_z049.png,Non-Demented/OAS1_0323/OAS1_0323_slice_05_z049.png,OAS1_0323,Non-Demented,0,2,Mild Dementia,0,-32.126332775092635,1.183644888718172,99.31481248209279,-2.9229083568186116
OASIS_1,LinearSVM,13,test,brightness_contrast__severe,brightness_contrast,severe,D:\OASIS_1\distortions_128\brightness_contrast\severe\Non_Demented\OAS1_0323\OAS1_0323_slice_06_z051.png,Non_Demented/OAS1_0323/OAS1_0323_slice_06_z051.png,Non-Demented/OAS1_0323/OAS1_0323_slice_06_z051.png,OAS1_0323,Non-Demented,0,1,Very Mild Dementia,0,0.206077498247838,0.3678000381861017,-1.5962429242892755,-0.901746465660625
OASIS_1,LinearSVM,13,test,brightness_contrast__severe,brightness_contrast,severe,D:\OASIS_1\distortions_128\brightness_contrast\severe\Non_Demented\OAS1_0323\OAS1_0323_slice_07_z054.png,Non_Demented/OAS1_0323/OAS1_0323_slice_07_z054.png,Non-Demented/OAS1_0323/OAS1_0323_slice_07_z054.png,OAS1_0323,Non-Demented,0,1,Very Mild Dementia,0,-0.7362811301863394,0.409731693600537,-1.2384085285237076,-0.9492704145638099
OASIS_1,LinearSVM,13,test,brightness_contrast__severe,brightness_contrast,severe,D:\OASIS_1\distortions_128\brightness_contrast\severe\Non_Demented\OAS1_0323\OAS1_0323_slice_08_z057.png,Non_Demented/OAS1_0323/OAS1_0323_slice_08_z057.png,Non-Demented/OAS1_0323/OAS1_0323_slice_08_z057.png,OAS1_0323,Non-Demented,0,0,Non-Demented,1,0.40877558584294876,-0.1482869139152142,-1.0116811530317316,-1.043432779214865
OASIS_1,LinearSVM,13,test,brightness_contrast__severe,brightness_contrast,severe,D:\OASIS_1\distortions_128\brightness_contrast\severe\Non_Demented\OAS1_0323\OAS1_0323_slice_09_z059.png,Non_Demented/OAS1_0323/OAS1_0323_slice_09_z059.png,Non-Demented/OAS1_0323/OAS1_0323_slice_09_z059.png,OAS1_0323,Non-Demented,0,0,Non-Demented,1,0.5399744579863165,0.36912279607169113,-1.4079219865152748,-1.0780773660987755
OASIS_1,LinearSVM,13,test,brightness_contrast__severe,brightness_contrast,severe,D:\OASIS_1\distortions_128\brightness_contrast\severe\Non_Demented\OAS1_0323\OAS1_0323_slice_10_z062.png,Non_Demented/OAS1_0323/OAS1_0323_slice_10_z062.png,Non-Demented/OAS1_0323/OAS1_0323_slice_10_z062.png,OAS1_0323,Non-Demented,0,0,Non-Demented,1,2.0420986718715177,0.013667452731480179,-2.9315022625292793,-1.1435106265116601
OASIS_1,LinearSVM,13,test,brightness_contrast__severe,brightness_contrast,severe,D:\OASIS_1\distortions_128\brightness_contrast\severe\Non_Demented\OAS1_0323\OAS1_0323_slice_11_z065.png,Non_Demented/OAS1_0323/OAS1_0323_slice_11_z065.png,Non-Demented/OAS1_0323/OAS1_0323_slice_11_z065.png,OAS1_0323,Non-Demented,0,0,Non-Demented,1,1.8035817861379564,-0.28586994173396013,-1.9388049434780865,-1.1693051462383284
OASIS_1,LinearSVM,13,test,brightness_contrast__severe,brightness_contrast,severe,D:\OASIS_1\distortions_128\brightness_contrast\severe\Non_Demented\OAS1_0323\OAS1_0323_slice_12_z068.png,Non_Demented/OAS1_0323/OAS1_0323_slice_12_z068.png,Non-Demented/OAS1_0323/OAS1_0323_slice_12_z068.png,OAS1_0323,Non-Demented,0,0,Non-Demented,1,0.3528608983892034,0.20107211734355024,-1.3790230754040818,-1.0695317854303779
OASIS_1,LinearSVM,13,test,brightness_contrast__severe,brightness_contrast,severe,D:\OASIS_1\distortions_128\brightness_contrast\severe\Non_Demented\OAS1_0323\OAS1_0323_slice_13_z070.png,Non_Demented/OAS1_0323/OAS1_0323_slice_13_z070.png,Non-Demented/OAS1_0323/OAS1_0323_slice_13_z070.png,OAS1_0323,Non-Demented,0,0,Non-Demented,1,2.141659568374596,-0.9731461700420319,-1.7710691438269799,-1.090105678843335
OASIS_1,LinearSVM,13,test,brightness_contrast__severe,brightness_contrast,severe,D:\OASIS_1\distortions_128\brightness_contrast\severe\Non_Demented\OAS1_0323\OAS1_0323_slice_14_z073.png,Non_Demented/OAS1_0323/OAS1_0323_slice_14_z073.png,Non-Demented/OAS1_0323/OAS1_0323_slice_14_z073.png,OAS1_0323,Non-Demented,0,2,Mild Dementia,0,-32.774997332949894,1.5844835881348533,99.52003134676848,-3.005808999720845
OASIS_1,LinearSVM,13,test,brightness_contrast__severe,brightness_contrast,severe,D:\OASIS_1\distortions_128\brightness_contrast\severe\Non_Demented\OAS1_0323\OAS1_0323_slice_15_z076.png,Non_Demented/OAS1_0323/OAS1_0323_slice_15_z076.png,Non-Demented/OAS1_0323/OAS1_0323_slice_15_z076.png,OAS1_0323,Non-Demented,0,1,Very Mild Dementia,0,-0.22571086076556718,0.7153957023273507,-1.310209714748352,-1.0352976810227643
OASIS_1,LinearSVM,13,test,brightness_contrast__severe,brightness_contrast,severe,D:\OASIS_1\distortions_128\brightness_contrast\severe\Non_Demented\OAS1_0323\OAS1_0323_slice_16_z078.png,Non_Demented/OAS1_0323/OAS1_0323_slice_16_z078.png,Non-Demented/OAS1_0323/OAS1_0323_slice_16_z078.png,OAS1_0323,Non-Demented,0,0,Non-Demented,1,1.7072488871270828,0.05817479201823361,-2.090223307276165,-0.9069160967691647
OASIS_1,LinearSVM,13,test,brightness_contrast__severe,brightness_contrast,severe,D:\OASIS_1\distortions_128\brightness_contrast\severe\Non_Demented\OAS1_0323\OAS1_0323_slice_17_z081.png,Non_Demented/OAS1_0323/OAS1_0323_slice_17_z081.png,Non-Demented/OAS1_0323/OAS1_0323_slice_17_z081.png,OAS1_0323,Non-Demented,0,2,Mild Dementia,0,-32.526435674796254,1.0291863900984684,99.4616440162574,-2.847324539774763
OASIS_1,LinearSVM,13,test,brightness_contrast__severe,brightness_contrast,severe,D:\OASIS_1\distortions_128\brightness_contrast\severe\Non_Demented\OAS1_0323\OAS1_0323_slice_18_z084.png,Non_Demented/OAS1_0323/OAS1_0323_slice_18_z084.png,Non-Demented/OAS1_0323/OAS1_0323_slice_18_z084.png,OAS1_0323,Non-Demented,0,0,Non-Demented,1,2.131131857406301,-1.1345423962968286,-2.08347369589578,-1.1823072051113923
OASIS_1,LinearSVM,13,test,brightness_contrast__severe,brightness_contrast,severe,D:\OASIS_1\distortions_128\brightness_contrast\severe\Non_Demented\OAS1_0323\OAS1_0323_slice_19_z086.png,Non_Demented/OAS1_0323/OAS1_0323_slice_19_z086.png,Non-Demented/OAS1_0323/OAS1_0323_slice_19_z086.png,OAS1_0323,Non-Demented,0,2,Mild Dementia,0,-32.22701096989374,0.5398444570708794,99.92271818215069,-3.0922110084981647
OASIS_1,LinearSVM,13,test,brightness_contrast__severe,brightness_contrast,severe,D:\OASIS_1\distortions_128\brightness_contrast\severe\Non_Demented\OAS1_0323\OAS1_0323_slice_20_z089.png,Non_Demented/OAS1_0323/OAS1_0323_slice_20_z089.png,Non-Demented/OAS1_0323/OAS1_0323_slice_20_z089.png,OAS1_0323,Non-Demented,0,2,Mild Dementia,0,-32.323275616867285,1.1938812214578096,99.30342226918347,-2.94414095569402
OASIS_1,LinearSVM,13,test,brightness_contrast__severe,brightness_contrast,severe,D:\OASIS_1\distortions_128\brightness_contrast\severe\Non_Demented\OAS1_0343\OAS1_0343_slice_01_z038.png,Non_Demented/OAS1_0343/OAS1_0343_slice_01_z038.png,Non-Demented/OAS1_0343/OAS1_0343_slice_01_z038.png,OAS1_0343,Non-Demented,0,0,Non-Demented,1,3.1214792725047515,-3.0598344580873023,-0.3027187600789095,-0.9579100973457034
OASIS_1,LinearSVM,13,test,brightness_contrast__severe,brightness_contrast,severe,D:\OASIS_1\distortions_128\brightness_contrast\severe\Non_Demented\OAS1_0343\OAS1_0343_slice_02_z041.png,Non_Demented/OAS1_0343/OAS1_0343_slice_02_z041.png,Non-Demented/OAS1_0343/OAS1_0343_slice_02_z041.png,OAS1_0343,Non-Demented,0,2,Mild Dementia,0,-32.81089108153271,0.3847960337546485,100.63259670073496,-2.8177458750977284
OASIS_1,LinearSVM,13,test,brightness_contrast__severe,brightness_contrast,severe,D:\OASIS_1\distortions_128\brightness_contrast\severe\Non_Demented\OAS1_0343\OAS1_0343_slice_03_z043.png,Non_Demented/OAS1_0343/OAS1_0343_slice_03_z043.png,Non-Demented/OAS1_0343/OAS1_0343_slice_03_z043.png,OAS1_0343,Non-Demented,0,1,Very Mild Dementia,0,-0.9173214828078231,0.5321158075348076,-0.7706467221000196,-0.8323273432308397
OASIS_1,LinearSVM,13,test,brightness_contrast__severe,brightness_contrast,severe,D:\OASIS_1\distortions_128\brightness_contrast\severe\Non_Demented\OAS1_0343\OAS1_0343_slice_04_z046.png,Non_Demented/OAS1_0343/OAS1_0343_slice_04_z046.png,Non-Demented/OAS1_0343/OAS1_0343_slice_04_z046.png,OAS1_0343,Non-Demented,0,1,Very Mild Dementia,0,-0.250165590514241,0.011002463015663266,-1.0307815734723824,-0.8721269226053031
OASIS_1,LinearSVM,13,test,brightness_contrast__severe,brightness_contrast,severe,D:\OASIS_1\distortions_128\brightness_contrast\severe\Non_Demented\OAS1_0343\OAS1_0343_slice_05_z049.png,Non_Demented/OAS1_0343/OAS1_0343_slice_05_z049.png,Non-Demented/OAS1_0343/OAS1_0343_slice_05_z049.png,OAS1_0343,Non-Demented,0,2,Mild Dementia,0,-33.26564659938264,1.5905161492988622,99.94855633873242,-2.9446641731508776
OASIS_1,LinearSVM,13,test,brightness_contrast__severe,brightness_contrast,severe,D:\OASIS_1\distortions_128\brightness_contrast\severe\Non_Demented\OAS1_0343\OAS1_0343_slice_06_z051.png,Non_Demented/OAS1_0343/OAS1_0343_slice_06_z051.png,Non-Demented/OAS1_0343/OAS1_0343_slice_06_z051.png,OAS1_0343,Non-Demented,0,1,Very Mild Dementia,0,-0.5220565122868364,0.3897919005339398,-0.8679862703378578,-1.036782992363512
OASIS_1,LinearSVM,13,test,brightness_contrast__severe,brightness_contrast,severe,D:\OASIS_1\distortions_128\brightness_contrast\severe\Non_Demented\OAS1_0343\OAS1_0343_slice_07_z054.png,Non_Demented/OAS1_0343/OAS1_0343_slice_07_z054.png,Non-Demented/OAS1_0343/OAS1_0343_slice_07_z054.png,OAS1_0343,Non-Demented,0,2,Mild Dementia,0,-33.100997188277745,1.7220245688095854,99.60748939145577,-3.001920419767652
OASIS_1,LinearSVM,13,test,brightness_contrast__severe,brightness_contrast,severe,D:\OASIS_1\distortions_128\brightness_contrast\severe\Non_Demented\OAS1_0343\OAS1_0343_slice_08_z057.png,Non_Demented/OAS1_0343/OAS1_0343_slice_08_z057.png,Non-Demented/OAS1_0343/OAS1_0343_slice_08_z057.png,OAS1_0343,Non-Demented,0,1,Very Mild Dementia,0,-0.9301096668108233,0.5306776759495502,-0.5631883180926389,-1.0507393494356645
OASIS_1,LinearSVM,13,test,brightness_contrast__severe,brightness_contrast,severe,D:\OASIS_1\distortions_128\brightness_contrast\severe\Non_Demented\OAS1_0343\OAS1_0343_slice_09_z059.png,Non_Demented/OAS1_0343/OAS1_0343_slice_09_z059.png,Non-Demented/OAS1_0343/OAS1_0343_slice_09_z059.png,OAS1_0343,Non-Demented,0,1,Very Mild Dementia,0,-0.41839735824402857,0.24110930923171064,-0.39400311618111444,-1.0541468813500776
OASIS_1,LinearSVM,13,test,brightness_contrast__severe,brightness_contrast,severe,D:\OASIS_1\distortions_128\brightness_contrast\severe\Non_Demented\OAS1_0343\OAS1_0343_slice_10_z062.png,Non_Demented/OAS1_0343/OAS1_0343_slice_10_z062.png,Non-Demented/OAS1_0343/OAS1_0343_slice_10_z062.png,OAS1_0343,Non-Demented,0,2,Mild Dementia,0,-0.9126906749465004,-0.34791367578942556,0.3473758652288036,-1.0469166968425392
OASIS_1,LinearSVM,13,test,brightness_contrast__severe,brightness_contrast,severe,D:\OASIS_1\distortions_128\brightness_contrast\severe\Non_Demented\OAS1_0343\OAS1_0343_slice_11_z065.png,Non_Demented/OAS1_0343/OAS1_0343_slice_11_z065.png,Non-Demented/OAS1_0343/OAS1_0343_slice_11_z065.png,OAS1_0343,Non-Demented,0,1,Very Mild Dementia,0,-0.22362389929980803,-0.16596798637493915,-0.691343312399874,-1.0477776418226838
OASIS_1,LinearSVM,13,test,brightness_contrast__severe,brightness_contrast,severe,D:\OASIS_1\distortions_128\brightness_contrast\severe\Non_Demented\OAS1_0343\OAS1_0343_slice_12_z068.png,Non_Demented/OAS1_0343/OAS1_0343_slice_12_z068.png,Non-Demented/OAS1_0343/OAS1_0343_slice_12_z068.png,OAS1_0343,Non-Demented,0,2,Mild Dementia,0,-31.537091192988093,0.5614864956179364,99.68788610635214,-3.0304976916300888
OASIS_1,LinearSVM,13,test,brightness_contrast__severe,brightness_contrast,severe,D:\OASIS_1\distortions_128\brightness_contrast\severe\Non_Demented\OAS1_0343\OAS1_0343_slice_13_z070.png,Non_Demented/OAS1_0343/OAS1_0343_slice_13_z070.png,Non-Demented/OAS1_0343/OAS1_0343_slice_13_z070.png,OAS1_0343,Non-Demented,0,0,Non-Demented,1,0.5428567849191044,-0.6462960890456663,-0.9053529303411729,-1.0976505946741297
OASIS_1,LinearSVM,13,test,brightness_contrast__severe,brightness_contrast,severe,D:\OASIS_1\distortions_128\brightness_contrast\severe\Non_Demented\OAS1_0343\OAS1_0343_slice_14_z073.png,Non_Demented/OAS1_0343/OAS1_0343_slice_14_z073.png,Non-Demented/OAS1_0343/OAS1_0343_slice_14_z073.png,OAS1_0343,Non-Demented,0,2,Mild Dementia,0,-32.806713062965166,0.8471043092041999,100.1652697883419,-3.0249051542623335
OASIS_1,LinearSVM,13,test,brightness_contrast__severe,brightness_contrast,severe,D:\OASIS_1\distortions_128\brightness_contrast\severe\Non_Demented\OAS1_0343\OAS1_0343_slice_15_z076.png,Non_Demented/OAS1_0343/OAS1_0343_slice_15_z076.png,Non-Demented/OAS1_0343/OAS1_0343_slice_15_z076.png,OAS1_0343,Non-Demented,0,0,Non-Demented,1,1.148787697870285,-1.3720178731950345,-0.6453752778502454,-1.0689998829582312
OASIS_1,LinearSVM,13,test,brightness_contrast__severe,brightness_contrast,severe,D:\OASIS_1\distortions_128\brightness_contrast\severe\Non_Demented\OAS1_0343\OAS1_0343_slice_16_z078.png,Non_Demented/OAS1_0343/OAS1_0343_slice_16_z078.png,Non-Demented/OAS1_0343/OAS1_0343_slice_16_z078.png,OAS1_0343,Non-Demented,0,0,Non-Demented,1,0.30109507340638114,-0.5794693674445378,-0.9078557715739346,-1.0718174164028913
OASIS_1,LinearSVM,13,test,brightness_contrast__severe,brightness_contrast,severe,D:\OASIS_1\distortions_128\brightness_contrast\severe\Non_Demented\OAS1_0343\OAS1_0343_slice_17_z081.png,Non_Demented/OAS1_0343/OAS1_0343_slice_17_z081.png,Non-Demented/OAS1_0343/OAS1_0343_slice_17_z081.png,OAS1_0343,Non-Demented,0,0,Non-Demented,1,0.4618882250830076,-0.2888916446306491,-1.0603002295952244,-0.9654683615042857
OASIS_1,LinearSVM,13,test,brightness_contrast__severe,brightness_contrast,severe,D:\OASIS_1\distortions_128\brightness_contrast\severe\Non_Demented\OAS1_0343\OAS1_0343_slice_18_z084.png,Non_Demented/OAS1_0343/OAS1_0343_slice_18_z084.png,Non-Demented/OAS1_0343/OAS1_0343_slice_18_z084.png,OAS1_0343,Non-Demented,0,0,Non-Demented,1,0.30791586250441244,-0.7506453222492993,-0.5709484872240378,-0.8536529274646543
OASIS_1,LinearSVM,13,test,brightness_contrast__severe,brightness_contrast,severe,D:\OASIS_1\distortions_128\brightness_contrast\severe\Non_Demented\OAS1_0343\OAS1_0343_slice_19_z086.png,Non_Demented/OAS1_0343/OAS1_0343_slice_19_z086.png,Non-Demented/OAS1_0343/OAS1_0343_slice_19_z086.png,OAS1_0343,Non-Demented,0,0,Non-Demented,1,0.518376378595918,-0.7780341491377185,-0.3530456560767668,-0.9536291528257302
OASIS_1,LinearSVM,13,test,brightness_contrast__severe,brightness_contrast,severe,D:\OASIS_1\distortions_128\brightness_contrast\severe\Non_Demented\OAS1_0343\OAS1_0343_slice_20_z089.png,Non_Demented/OAS1_0343/OAS1_0343_slice_20_z089.png,Non-Demented/OAS1_0343/OAS1_0343_slice_20_z089.png,OAS1_0343,Non-Demented,0,2,Mild Dementia,0,-33.47285045247116,1.3862811516079265,100.54698772792867,-3.0719014795296804
OASIS_1,LinearSVM,13,test,brightness_contrast__severe,brightness_contrast,severe,D:\OASIS_1\distortions_128\brightness_contrast\severe\Non_Demented\OAS1_0367\OAS1_0367_slice_01_z038.png,Non_Demented/OAS1_0367/OAS1_0367_slice_01_z038.png,Non-Demented/OAS1_0367/OAS1_0367_slice_01_z038.png,OAS1_0367,Non-Demented,0,2,Mild Dementia,0,-33.14311103642715,0.8781102174451352,100.07513158078973,-2.9159724480820524
OASIS_1,LinearSVM,13,test,brightness_contrast__severe,brightness_contrast,severe,D:\OASIS_1\distortions_128\brightness_contrast\severe\Non_Demented\OAS1_0367\OAS1_0367_slice_02_z041.png,Non_Demented/OAS1_0367/OAS1_0367_slice_02_z041.png,Non-Demented/OAS1_0367/OAS1_0367_slice_02_z041.png,OAS1_0367,Non-Demented,0,0,Non-Demented,1,2.151054890339132,0.0706638275252428,-3.0047945996433034,-0.9247097118356842
OASIS_1,LinearSVM,13,test,brightness_contrast__severe,brightness_contrast,severe,D:\OASIS_1\distortions_128\brightness_contrast\severe\Non_Demented\OAS1_0367\OAS1_0367_slice_03_z043.png,Non_Demented/OAS1_0367/OAS1_0367_slice_03_z043.png,Non-Demented/OAS1_0367/OAS1_0367_slice_03_z043.png,OAS1_0367,Non-Demented,0,0,Non-Demented,1,3.2338950056872737,-1.594751468344948,-2.3735791046246546,-1.0780293914882182
OASIS_1,LinearSVM,13,test,brightness_contrast__severe,brightness_contrast,severe,D:\OASIS_1\distortions_128\brightness_contrast\severe\Non_Demented\OAS1_0367\OAS1_0367_slice_04_z046.png,Non_Demented/OAS1_0367/OAS1_0367_slice_04_z046.png,Non-Demented/OAS1_0367/OAS1_0367_slice_04_z046.png,OAS1_0367,Non-Demented,0,2,Mild Dementia,0,-31.17844022920796,0.15611262438418722,99.32469474538561,-2.9804418699860005
OASIS_1,LinearSVM,13,test,brightness_contrast__severe,brightness_contrast,severe,D:\OASIS_1\distortions_128\brightness_contrast\severe\Non_Demented\OAS1_0367\OAS1_0367_slice_05_z049.png,Non_Demented/OAS1_0367/OAS1_0367_slice_05_z049.png,Non-Demented/OAS1_0367/OAS1_0367_slice_05_z049.png,OAS1_0367,Non-Demented,0,0,Non-Demented,1,3.7468936098022265,-1.528860131216151,-3.1258690804839806,-1.0471538739932327
OASIS_1,LinearSVM,13,test,brightness_contrast__severe,brightness_contrast,severe,D:\OASIS_1\distortions_128\brightness_contrast\severe\Non_Demented\OAS1_0367\OAS1_0367_slice_06_z051.png,Non_Demented/OAS1_0367/OAS1_0367_slice_06_z051.png,Non-Demented/OAS1_0367/OAS1_0367_slice_06_z051.png,OAS1_0367,Non-Demented,0,2,Mild Dementia,0,-31.54105104099253,0.6449908668965723,99.2668955479924,-3.0052320608259726
OASIS_1,LinearSVM,13,test,brightness_contrast__severe,brightness_contrast,severe,D:\OASIS_1\distortions_128\brightness_contrast\severe\Non_Demented\OAS1_0367\OAS1_0367_slice_07_z054.png,Non_Demented/OAS1_0367/OAS1_0367_slice_07_z054.png,Non-Demented/OAS1_0367/OAS1_0367_slice_07_z054.png,OAS1_0367,Non-Demented,0,0,Non-Demented,1,1.2715642308869382,-0.8676519407892309,-1.3862945872873584,-1.0888373770398625
OASIS_1,LinearSVM,13,test,brightness_contrast__severe,brightness_contrast,severe,D:\OASIS_1\distortions_128\brightness_contrast\severe\Non_Demented\OAS1_0367\OAS1_0367_slice_08_z057.png,Non_Demented/OAS1_0367/OAS1_0367_slice_08_z057.png,Non-Demented/OAS1_0367/OAS1_0367_slice_08_z057.png,OAS1_0367,Non-Demented,0,0,Non-Demented,1,1.3800606016650434,-0.5869973503662809,-1.7438384810705982,-0.9812448739739007
OASIS_1,LinearSVM,13,test,brightness_contrast__severe,brightness_contrast,severe,D:\OASIS_1\distortions_128\brightness_contrast\severe\Non_Demented\OAS1_0367\OAS1_0367_slice_09_z059.png,Non_Demented/OAS1_0367/OAS1_0367_slice_09_z059.png,Non-Demented/OAS1_0367/OAS1_0367_slice_09_z059.png,OAS1_0367,Non-Demented,0,0,Non-Demented,1,0.4175400507366033,-0.05120349195764795,-1.470112829739798,-0.9888038403340276
OASIS_1,LinearSVM,13,test,brightness_contrast__severe,brightness_contrast,severe,D:\OASIS_1\distortions_128\brightness_contrast\severe\Non_Demented\OAS1_0367\OAS1_0367_slice_10_z062.png,Non_Demented/OAS1_0367/OAS1_0367_slice_10_z062.png,Non-Demented/OAS1_0367/OAS1_0367_slice_10_z062.png,OAS1_0367,Non-Demented,0,1,Very Mild Dementia,0,-1.0445165771413687,0.491776833610663,-0.7046344283146371,-0.9810004003326389
OASIS_1,LinearSVM,13,test,brightness_contrast__severe,brightness_contrast,severe,D:\OASIS_1\distortions_128\brightness_contrast\severe\Non_Demented\OAS1_0367\OAS1_0367_slice_11_z065.png,Non_Demented/OAS1_0367/OAS1_0367_slice_11_z065.png,Non-Demented/OAS1_0367/OAS1_0367_slice_11_z065.png,OAS1_0367,Non-Demented,0,1,Very Mild Dementia,0,-0.7684625952433122,0.7504516103059193,-0.7301844048740681,-0.9757235795452667
OASIS_1,LinearSVM,13,test,brightness_contrast__severe,brightness_contrast,severe,D:\OASIS_1\distortions_128\brightness_contrast\severe\Non_Demented\OAS1_0367\OAS1_0367_slice_12_z068.png,Non_Demented/OAS1_0367/OAS1_0367_slice_12_z068.png,Non-Demented/OAS1_0367/OAS1_0367_slice_12_z068.png,OAS1_0367,Non-Demented,0,1,Very Mild Dementia,0,0.03199985052808743,0.23048395763282759,-1.0639757330185673,-0.956880657639507
OASIS_1,LinearSVM,13,test,brightness_contrast__severe,brightness_contrast,severe,D:\OASIS_1\distortions_128\brightness_contrast\severe\Non_Demented\OAS1_0367\OAS1_0367_slice_13_z070.png,Non_Demented/OAS1_0367/OAS1_0367_slice_13_z070.png,Non-Demented/OAS1_0367/OAS1_0367_slice_13_z070.png,OAS1_0367,Non-Demented,0,2,Mild Dementia,0,-32.46228132458251,1.1747958418094786,99.6471600990523,-3.0344829517555927
OASIS_1,LinearSVM,13,test,brightness_contrast__severe,brightness_contrast,severe,D:\OASIS_1\distortions_128\brightness_contrast\severe\Non_Demented\OAS1_0367\OAS1_0367_slice_14_z073.png,Non_Demented/OAS1_0367/OAS1_0367_slice_14_z073.png,Non-Demented/OAS1_0367/OAS1_0367_slice_14_z073.png,OAS1_0367,Non-Demented,0,0,Non-Demented,1,1.3573480500695374,-0.5914073030202319,-1.591164707762959,-1.0643410224343661
OASIS_1,LinearSVM,13,test,brightness_contrast__severe,brightness_contrast,severe,D:\OASIS_1\distortions_128\brightness_contrast\severe\Non_Demented\OAS1_0367\OAS1_0367_slice_15_z076.png,Non_Demented/OAS1_0367/OAS1_0367_slice_15_z076.png,Non-Demented/OAS1_0367/OAS1_0367_slice_15_z076.png,OAS1_0367,Non-Demented,0,2,Mild Dementia,0,-32.08472246051276,0.8228999087703333,99.46237606733743,-3.009025550038551
OASIS_1,LinearSVM,13,test,brightness_contrast__severe,brightness_contrast,severe,D:\OASIS_1\distortions_128\brightness_contrast\severe\Non_Demented\OAS1_0367\OAS1_0367_slice_16_z078.png,Non_Demented/OAS1_0367/OAS1_0367_slice_16_z078.png,Non-Demented/OAS1_0367/OAS1_0367_slice_16_z078.png,OAS1_0367,Non-Demented,0,0,Non-Demented,1,0.27191431889731416,0.07639676507796744,-1.4038257872883877,-1.0387652598338113
OASIS_1,LinearSVM,13,test,brightness_contrast__severe,brightness_contrast,severe,D:\OASIS_1\distortions_128\brightness_contrast\severe\Non_Demented\OAS1_0367\OAS1_0367_slice_17_z081.png,Non_Demented/OAS1_0367/OAS1_0367_slice_17_z081.png,Non-Demented/OAS1_0367/OAS1_0367_slice_17_z081.png,OAS1_0367,Non-Demented,0,0,Non-Demented,1,1.2051067505023711,-0.5693301682430577,-1.6281143908024371,-1.0960982224899625
OASIS_1,LinearSVM,13,test,brightness_contrast__severe,brightness_contrast,severe,D:\OASIS_1\distortions_128\brightness_contrast\severe\Non_Demented\OAS1_0367\OAS1_0367_slice_18_z084.png,Non_Demented/OAS1_0367/OAS1_0367_slice_18_z084.png,Non-Demented/OAS1_0367/OAS1_0367_slice_18_z084.png,OAS1_0367,Non-Demented,0,0,Non-Demented,1,2.7701679085333772,-1.3953744677380333,-2.064025812915654,-1.0235643078459986
OASIS_1,LinearSVM,13,test,brightness_contrast__severe,brightness_contrast,severe,D:\OASIS_1\distortions_128\brightness_contrast\severe\Non_Demented\OAS1_0367\OAS1_0367_slice_19_z086.png,Non_Demented/OAS1_0367/OAS1_0367_slice_19_z086.png,Non-Demented/OAS1_0367/OAS1_0367_slice_19_z086.png,OAS1_0367,Non-Demented,0,0,Non-Demented,1,-0.0747768859715666,-0.40881527926888755,-1.0721017402681818,-0.998032338617097
OASIS_1,LinearSVM,13,test,brightness_contrast__severe,brightness_contrast,severe,D:\OASIS_1\distortions_128\brightness_contrast\severe\Non_Demented\OAS1_0367\OAS1_0367_slice_20_z089.png,Non_Demented/OAS1_0367/OAS1_0367_slice_20_z089.png,Non-Demented/OAS1_0367/OAS1_0367_slice_20_z089.png,OAS1_0367,Non-Demented,0,2,Mild Dementia,0,-32.84912309683374,0.4508023002641241,100.0301218079932,-2.9262551714508014
OASIS_1,LinearSVM,13,test,brightness_contrast__severe,brightness_contrast,severe,D:\OASIS_1\distortions_128\brightness_contrast\severe\Non_Demented\OAS1_0371\OAS1_0371_slice_01_z038.png,Non_Demented/OAS1_0371/OAS1_0371_slice_01_z038.png,Non-Demented/OAS1_0371/OAS1_0371_slice_01_z038.png,OAS1_0371,Non-Demented,0,1,Very Mild Dementia,0,-0.9657193617190529,0.27933173337280703,-0.008592810459553735,-0.9996382843009292
OASIS_1,LinearSVM,13,test,brightness_contrast__severe,brightness_contrast,severe,D:\OASIS_1\distortions_128\brightness_contrast\severe\Non_Demented\OAS1_0371\OAS1_0371_slice_02_z041.png,Non_Demented/OAS1_0371/OAS1_0371_slice_02_z041.png,Non-Demented/OAS1_0371/OAS1_0371_slice_02_z041.png,OAS1_0371,Non-Demented,0,2,Mild Dementia,0,-33.35003616826381,0.21481328918816617,101.21370520948024,-2.9271212658764214
OASIS_1,LinearSVM,13,test,brightness_contrast__severe,brightness_contrast,severe,D:\OASIS_1\distortions_128\brightness_contrast\severe\Non_Demented\OAS1_0371\OAS1_0371_slice_03_z043.png,Non_Demented/OAS1_0371/OAS1_0371_slice_03_z043.png,Non-Demented/OAS1_0371/OAS1_0371_slice_03_z043.png,OAS1_0371,Non-Demented,0,1,Very Mild Dementia,0,-0.0549142424402289,0.2263422086067819,-1.1758392686758024,-1.0189608961294214
OASIS_1,LinearSVM,13,test,brightness_contrast__severe,brightness_contrast,severe,D:\OASIS_1\distortions_128\brightness_contrast\severe\Non_Demented\OAS1_0371\OAS1_0371_slice_04_z046.png,Non_Demented/OAS1_0371/OAS1_0371_slice_04_z046.png,Non-Demented/OAS1_0371/OAS1_0371_slice_04_z046.png,OAS1_0371,Non-Demented,0,1,Very Mild Dementia,0,-0.41639430662560845,1.2832495073009644,-1.6019174679882422,-1.1053157115120102
OASIS_1,LinearSVM,13,test,brightness_contrast__severe,brightness_contrast,severe,D:\OASIS_1\distortions_128\brightness_contrast\severe\Non_Demented\OAS1_0371\OAS1_0371_slice_05_z049.png,Non_Demented/OAS1_0371/OAS1_0371_slice_05_z049.png,Non-Demented/OAS1_0371/OAS1_0371_slice_05_z049.png,OAS1_0371,Non-Demented,0,0,Non-Demented,1,1.0275755591656952,-0.3575728578350241,-1.0394229548795277,-1.035395359427723
OASIS_1,LinearSVM,13,test,brightness_contrast__severe,brightness_contrast,severe,D:\OASIS_1\distortions_128\brightness_contrast\severe\Non_Demented\OAS1_0371\OAS1_0371_slice_06_z051.png,Non_Demented/OAS1_0371/OAS1_0371_slice_06_z051.png,Non-Demented/OAS1_0371/OAS1_0371_slice_06_z051.png,OAS1_0371,Non-Demented,0,0,Non-Demented,1,0.7757051743173871,-1.0802861342134318,-0.40904819193759556,-0.995908663699023
OASIS_1,LinearSVM,13,test,brightness_contrast__severe,brightness_contrast,severe,D:\OASIS_1\distortions_128\brightness_contrast\severe\Non_Demented\OAS1_0371\OAS1_0371_slice_07_z054.png,Non_Demented/OAS1_0371/OAS1_0371_slice_07_z054.png,Non-Demented/OAS1_0371/OAS1_0371_slice_07_z054.png,OAS1_0371,Non-Demented,0,0,Non-Demented,1,1.377347684561541,-1.6530721640047812,-0.5925878326656037,-0.9862168259304429
OASIS_1,LinearSVM,13,test,brightness_contrast__severe,brightness_contrast,severe,D:\OASIS_1\distortions_128\brightness_contrast\severe\Non_Demented\OAS1_0371\OAS1_0371_slice_08_z057.png,Non_Demented/OAS1_0371/OAS1_0371_slice_08_z057.png,Non-Demented/OAS1_0371/OAS1_0371_slice_08_z057.png,OAS1_0371,Non-Demented,0,0,Non-Demented,1,0.8483236455280336,-0.8862874542022832,-1.0548027811776313,-1.0024556872082167
OASIS_1,LinearSVM,13,test,brightness_contrast__severe,brightness_contrast,severe,D:\OASIS_1\distortions_128\brightness_contrast\severe\Non_Demented\OAS1_0371\OAS1_0371_slice_09_z059.png,Non_Demented/OAS1_0371/OAS1_0371_slice_09_z059.png,Non-Demented/OAS1_0371/OAS1_0371_slice_09_z059.png,OAS1_0371,Non-Demented,0,0,Non-Demented,1,0.7174961518083955,-0.6533778734282585,-0.8738894840698199,-0.9897448747909551
OASIS_1,LinearSVM,13,test,brightness_contrast__severe,brightness_contrast,severe,D:\OASIS_1\distortions_128\brightness_contrast\severe\Non_Demented\OAS1_0371\OAS1_0371_slice_10_z062.png,Non_Demented/OAS1_0371/OAS1_0371_slice_10_z062.png,Non-Demented/OAS1_0371/OAS1_0371_slice_10_z062.png,OAS1_0371,Non-Demented,0,0,Non-Demented,1,1.7003880942426925,-1.0075392833269723,-1.4844686427223008,-0.935751139034502
OASIS_1,LinearSVM,13,test,brightness_contrast__severe,brightness_contrast,severe,D:\OASIS_1\distortions_128\brightness_contrast\severe\Non_Demented\OAS1_0371\OAS1_0371_slice_11_z065.png,Non_Demented/OAS1_0371/OAS1_0371_slice_11_z065.png,Non-Demented/OAS1_0371/OAS1_0371_slice_11_z065.png,OAS1_0371,Non-Demented,0,0,Non-Demented,1,-0.061815839312100926,-0.12864023848980066,-0.8483699500766332,-0.9618368640100824
OASIS_1,LinearSVM,13,test,brightness_contrast__severe,brightness_contrast,severe,D:\OASIS_1\distortions_128\brightness_contrast\severe\Non_Demented\OAS1_0371\OAS1_0371_slice_12_z068.png,Non_Demented/OAS1_0371/OAS1_0371_slice_12_z068.png,Non-Demented/OAS1_0371/OAS1_0371_slice_12_z068.png,OAS1_0371,Non-Demented,0,0,Non-Demented,1,0.7418298122260611,-0.7515426901656619,-0.5942223201983299,-0.9693699553195453
OASIS_1,LinearSVM,13,test,brightness_contrast__severe,brightness_contrast,severe,D:\OASIS_1\distortions_128\brightness_contrast\severe\Non_Demented\OAS1_0371\OAS1_0371_slice_13_z070.png,Non_Demented/OAS1_0371/OAS1_0371_slice_13_z070.png,Non-Demented/OAS1_0371/OAS1_0371_slice_13_z070.png,OAS1_0371,Non-Demented,0,0,Non-Demented,1,0.5677854301455763,-0.8543774688357446,-0.6907636065876376,-0.9587821995210799
OASIS_1,LinearSVM,13,test,brightness_contrast__severe,brightness_contrast,severe,D:\OASIS_1\distortions_128\brightness_contrast\severe\Non_Demented\OAS1_0371\OAS1_0371_slice_14_z073.png,Non_Demented/OAS1_0371/OAS1_0371_slice_14_z073.png,Non-Demented/OAS1_0371/OAS1_0371_slice_14_z073.png,OAS1_0371,Non-Demented,0,2,Mild Dementia,0,-32.20449363930708,0.313515265716882,100.32916072770878,-2.9428915837288727
OASIS_1,LinearSVM,13,test,brightness_contrast__severe,brightness_contrast,severe,D:\OASIS_1\distortions_128\brightness_contrast\severe\Non_Demented\OAS1_0371\OAS1_0371_slice_15_z076.png,Non_Demented/OAS1_0371/OAS1_0371_slice_15_z076.png,Non-Demented/OAS1_0371/OAS1_0371_slice_15_z076.png,OAS1_0371,Non-Demented,0,2,Mild Dementia,0,-31.45496278949368,0.01142197122610783,100.11071906471834,-2.96643344935565
OASIS_1,LinearSVM,13,test,brightness_contrast__severe,brightness_contrast,severe,D:\OASIS_1\distortions_128\brightness_contrast\severe\Non_Demented\OAS1_0371\OAS1_0371_slice_16_z078.png,Non_Demented/OAS1_0371/OAS1_0371_slice_16_z078.png,Non-Demented/OAS1_0371/OAS1_0371_slice_16_z078.png,OAS1_0371,Non-Demented,0,0,Non-Demented,1,2.2460803366650053,-2.0592167517109488,-0.945937155790143,-0.898672376464333
OASIS_1,LinearSVM,13,test,brightness_contrast__severe,brightness_contrast,severe,D:\OASIS_1\distortions_128\brightness_contrast\severe\Non_Demented\OAS1_0371\OAS1_0371_slice_17_z081.png,Non_Demented/OAS1_0371/OAS1_0371_slice_17_z081.png,Non-Demented/OAS1_0371/OAS1_0371_slice_17_z081.png,OAS1_0371,Non-Demented,0,2,Mild Dementia,0,-33.24875045205521,1.157187440511402,99.76517894990856,-3.0083186986691244
OASIS_1,LinearSVM,13,test,brightness_contrast__severe,brightness_contrast,severe,D:\OASIS_1\distortions_128\brightness_contrast\severe\Non_Demented\OAS1_0371\OAS1_0371_slice_18_z084.png,Non_Demented/OAS1_0371/OAS1_0371_slice_18_z084.png,Non-Demented/OAS1_0371/OAS1_0371_slice_18_z084.png,OAS1_0371,Non-Demented,0,0,Non-Demented,1,0.6357660947757922,-1.1866042540257278,-1.0351822867678877,-1.0534258709176907
OASIS_1,LinearSVM,13,test,brightness_contrast__severe,brightness_contrast,severe,D:\OASIS_1\distortions_128\brightness_contrast\severe\Non_Demented\OAS1_0371\OAS1_0371_slice_19_z086.png,Non_Demented/OAS1_0371/OAS1_0371_slice_19_z086.png,Non-Demented/OAS1_0371/OAS1_0371_slice_19_z086.png,OAS1_0371,Non-Demented,0,2,Mild Dementia,0,-0.6501703811232558,-0.45256772929086186,0.003290951069327419,-1.0689384503855675
OASIS_1,LinearSVM,13,test,brightness_contrast__severe,brightness_contrast,severe,D:\OASIS_1\distortions_128\brightness_contrast\severe\Non_Demented\OAS1_0371\OAS1_0371_slice_20_z089.png,Non_Demented/OAS1_0371/OAS1_0371_slice_20_z089.png,Non-Demented/OAS1_0371/OAS1_0371_slice_20_z089.png,OAS1_0371,Non-Demented,0,2,Mild Dementia,0,-33.713792492434365,1.0548169268606191,100.77544663060127,-2.9981494613938717
OASIS_1,LinearSVM,13,test,brightness_contrast__severe,brightness_contrast,severe,D:\OASIS_1\distortions_128\brightness_contrast\severe\Non_Demented\OAS1_0381\OAS1_0381_slice_01_z038.png,Non_Demented/OAS1_0381/OAS1_0381_slice_01_z038.png,Non-Demented/OAS1_0381/OAS1_0381_slice_01_z038.png,OAS1_0381,Non-Demented,0,2,Mild Dementia,0,-3.4072392587683846,-1.9508205118251671,22.64196287996713,-1.6047440082203386
OASIS_1,LinearSVM,13,test,brightness_contrast__severe,brightness_contrast,severe,D:\OASIS_1\distortions_128\brightness_contrast\severe\Non_Demented\OAS1_0381\OAS1_0381_slice_02_z041.png,Non_Demented/OAS1_0381/OAS1_0381_slice_02_z041.png,Non-Demented/OAS1_0381/OAS1_0381_slice_02_z041.png,OAS1_0381,Non-Demented,0,2,Mild Dementia,0,-36.549883500517396,0.7877741117088721,119.17982120759471,-3.46474635085178
OASIS_1,LinearSVM,13,test,brightness_contrast__severe,brightness_contrast,severe,D:\OASIS_1\distortions_128\brightness_contrast\severe\Non_Demented\OAS1_0381\OAS1_0381_slice_03_z043.png,Non_Demented/OAS1_0381/OAS1_0381_slice_03_z043.png,Non-Demented/OAS1_0381/OAS1_0381_slice_03_z043.png,OAS1_0381,Non-Demented,0,2,Mild Dementia,0,-3.891534451193664,-1.7354552237000649,38.03808761148685,-1.8751210881261935
OASIS_1,LinearSVM,13,test,brightness_contrast__severe,brightness_contrast,severe,D:\OASIS_1\distortions_128\brightness_contrast\severe\Non_Demented\OAS1_0381\OAS1_0381_slice_04_z046.png,Non_Demented/OAS1_0381/OAS1_0381_slice_04_z046.png,Non-Demented/OAS1_0381/OAS1_0381_slice_04_z046.png,OAS1_0381,Non-Demented,0,2,Mild Dementia,0,-4.97949403349597,-0.22909599359396043,30.559482277386238,-1.2624591330299806
OASIS_1,LinearSVM,13,test,brightness_contrast__severe,brightness_contrast,severe,D:\OASIS_1\distortions_128\brightness_contrast\severe\Non_Demented\OAS1_0381\OAS1_0381_slice_05_z049.png,Non_Demented/OAS1_0381/OAS1_0381_slice_05_z049.png,Non-Demented/OAS1_0381/OAS1_0381_slice_05_z049.png,OAS1_0381,Non-Demented,0,2,Mild Dementia,0,-0.031646776338101604,-2.9732342985559765,24.45084568797437,-1.2259542240529677
OASIS_1,LinearSVM,13,test,brightness_contrast__severe,brightness_contrast,severe,D:\OASIS_1\distortions_128\brightness_contrast\severe\Non_Demented\OAS1_0381\OAS1_0381_slice_06_z051.png,Non_Demented/OAS1_0381/OAS1_0381_slice_06_z051.png,Non-Demented/OAS1_0381/OAS1_0381_slice_06_z051.png,OAS1_0381,Non-Demented,0,2,Mild Dementia,0,-28.154219672833996,-1.380439607995898,114.54070307568182,-3.5722642317185938
OASIS_1,LinearSVM,13,test,brightness_contrast__severe,brightness_contrast,severe,D:\OASIS_1\distortions_128\brightness_contrast\severe\Non_Demented\OAS1_0381\OAS1_0381_slice_07_z054.png,Non_Demented/OAS1_0381/OAS1_0381_slice_07_z054.png,Non-Demented/OAS1_0381/OAS1_0381_slice_07_z054.png,OAS1_0381,Non-Demented,0,2,Mild Dementia,0,13.457297548416568,-5.537927964404138,16.970018984345167,-2.6899743097441715
OASIS_1,LinearSVM,13,test,brightness_contrast__severe,brightness_contrast,severe,D:\OASIS_1\distortions_128\brightness_contrast\severe\Non_Demented\OAS1_0381\OAS1_0381_slice_08_z057.png,Non_Demented/OAS1_0381/OAS1_0381_slice_08_z057.png,Non-Demented/OAS1_0381/OAS1_0381_slice_08_z057.png,OAS1_0381,Non-Demented,0,2,Mild Dementia,0,-23.81485165521352,-2.892611881608472,107.88225501552783,-4.227463994390995
OASIS_1,LinearSVM,13,test,brightness_contrast__severe,brightness_contrast,severe,D:\OASIS_1\distortions_128\brightness_contrast\severe\Non_Demented\OAS1_0381\OAS1_0381_slice_09_z059.png,Non_Demented/OAS1_0381/OAS1_0381_slice_09_z059.png,Non-Demented/OAS1_0381/OAS1_0381_slice_09_z059.png,OAS1_0381,Non-Demented,0,2,Mild Dementia,0,-23.602422325462296,-2.483690223130539,106.22208470832601,-4.214121942626791
OASIS_1,LinearSVM,13,test,brightness_contrast__severe,brightness_contrast,severe,D:\OASIS_1\distortions_128\brightness_contrast\severe\Non_Demented\OAS1_0381\OAS1_0381_slice_10_z062.png,Non_Demented/OAS1_0381/OAS1_0381_slice_10_z062.png,Non-Demented/OAS1_0381/OAS1_0381_slice_10_z062.png,OAS1_0381,Non-Demented,0,0,Non-Demented,1,10.034268717748846,-4.324015860330674,4.360122407863135,-2.689073406483985
OASIS_1,LinearSVM,13,test,brightness_contrast__severe,brightness_contrast,severe,D:\OASIS_1\distortions_128\brightness_contrast\severe\Non_Demented\OAS1_0381\OAS1_0381_slice_11_z065.png,Non_Demented/OAS1_0381/OAS1_0381_slice_11_z065.png,Non-Demented/OAS1_0381/OAS1_0381_slice_11_z065.png,OAS1_0381,Non-Demented,0,2,Mild Dementia,0,-23.023325809806142,-2.71837167672299,105.11639616916092,-4.5236510563726915
OASIS_1,LinearSVM,13,test,brightness_contrast__severe,brightness_contrast,severe,D:\OASIS_1\distortions_128\brightness_contrast\severe\Non_Demented\OAS1_0381\OAS1_0381_slice_12_z068.png,Non_Demented/OAS1_0381/OAS1_0381_slice_12_z068.png,Non-Demented/OAS1_0381/OAS1_0381_slice_12_z068.png,OAS1_0381,Non-Demented,0,0,Non-Demented,1,8.617280840241495,-6.168059800893636,5.413986201416746,-1.9955198318150975
OASIS_1,LinearSVM,13,test,brightness_contrast__severe,brightness_contrast,severe,D:\OASIS_1\distortions_128\brightness_contrast\severe\Non_Demented\OAS1_0381\OAS1_0381_slice_13_z070.png,Non_Demented/OAS1_0381/OAS1_0381_slice_13_z070.png,Non-Demented/OAS1_0381/OAS1_0381_slice_13_z070.png,OAS1_0381,Non-Demented,0,0,Non-Demented,1,7.787380387286543,-5.7175098911614235,7.339904144103434,-1.7762050553000774
OASIS_1,LinearSVM,13,test,brightness_contrast__severe,brightness_contrast,severe,D:\OASIS_1\distortions_128\brightness_contrast\severe\Non_Demented\OAS1_0381\OAS1_0381_slice_14_z073.png,Non_Demented/OAS1_0381/OAS1_0381_slice_14_z073.png,Non-Demented/OAS1_0381/OAS1_0381_slice_14_z073.png,OAS1_0381,Non-Demented,0,2,Mild Dementia,0,-26.420176218213133,-2.4830606142576155,111.05549328223752,-3.926032781029995
OASIS_1,LinearSVM,13,test,brightness_contrast__severe,brightness_contrast,severe,D:\OASIS_1\distortions_128\brightness_contrast\severe\Non_Demented\OAS1_0381\OAS1_0381_slice_15_z076.png,Non_Demented/OAS1_0381/OAS1_0381_slice_15_z076.png,Non-Demented/OAS1_0381/OAS1_0381_slice_15_z076.png,OAS1_0381,Non-Demented,0,2,Mild Dementia,0,7.087983736400739,-6.152961007364381,29.386425342465692,-2.1501376150881053
OASIS_1,LinearSVM,13,test,brightness_contrast__severe,brightness_contrast,severe,D:\OASIS_1\distortions_128\brightness_contrast\severe\Non_Demented\OAS1_0381\OAS1_0381_slice_16_z078.png,Non_Demented/OAS1_0381/OAS1_0381_slice_16_z078.png,Non-Demented/OAS1_0381/OAS1_0381_slice_16_z078.png,OAS1_0381,Non-Demented,0,2,Mild Dementia,0,-31.16571848485401,-1.8457995054165952,119.68698312752828,-3.6192980780710884
OASIS_1,LinearSVM,13,test,brightness_contrast__severe,brightness_contrast,severe,D:\OASIS_1\distortions_128\brightness_contrast\severe\Non_Demented\OAS1_0381\OAS1_0381_slice_17_z081.png,Non_Demented/OAS1_0381/OAS1_0381_slice_17_z081.png,Non-Demented/OAS1_0381/OAS1_0381_slice_17_z081.png,OAS1_0381,Non-Demented,0,2,Mild Dementia,0,0.08429423897393079,-1.861956482018437,18.859052812368542,-1.7074828906669706
OASIS_1,LinearSVM,13,test,brightness_contrast__severe,brightness_contrast,severe,D:\OASIS_1\distortions_128\brightness_contrast\severe\Non_Demented\OAS1_0381\OAS1_0381_slice_18_z084.png,Non_Demented/OAS1_0381/OAS1_0381_slice_18_z084.png,Non-Demented/OAS1_0381/OAS1_0381_slice_18_z084.png,OAS1_0381,Non-Demented,0,2,Mild Dementia,0,-33.38692659993596,0.40320912260399483,116.78867038326877,-3.5484768030682456
OASIS_1,LinearSVM,13,test,brightness_contrast__severe,brightness_contrast,severe,D:\OASIS_1\distortions_128\brightness_contrast\severe\Non_Demented\OAS1_0381\OAS1_0381_slice_19_z086.png,Non_Demented/OAS1_0381/OAS1_0381_slice_19_z086.png,Non-Demented/OAS1_0381/OAS1_0381_slice_19_z086.png,OAS1_0381,Non-Demented,0,2,Mild Dementia,0,-4.072734590426275,-0.2402302646692406,14.23752357362407,-1.3806405173204142
OASIS_1,LinearSVM,13,test,brightness_contrast__severe,brightness_contrast,severe,D:\OASIS_1\distortions_128\brightness_contrast\severe\Non_Demented\OAS1_0381\OAS1_0381_slice_20_z089.png,Non_Demented/OAS1_0381/OAS1_0381_slice_20_z089.png,Non-Demented/OAS1_0381/OAS1_0381_slice_20_z089.png,OAS1_0381,Non-Demented,0,2,Mild Dementia,0,-1.4945870733492141,-3.6820584788687927,17.193703413010734,-0.9297575756007463
OASIS_1,LinearSVM,13,test,brightness_contrast__severe,brightness_contrast,severe,D:\OASIS_1\distortions_128\brightness_contrast\severe\Non_Demented\OAS1_0443\OAS1_0443_slice_01_z038.png,Non_Demented/OAS1_0443/OAS1_0443_slice_01_z038.png,Non-Demented/OAS1_0443/OAS1_0443_slice_01_z038.png,OAS1_0443,Non-Demented,0,0,Non-Demented,1,1.1619396997347375,0.21727402253380212,-1.0099741914349174,-0.9209235958606775
OASIS_1,LinearSVM,13,test,brightness_contrast__severe,brightness_contrast,severe,D:\OASIS_1\distortions_128\brightness_contrast\severe\Non_Demented\OAS1_0443\OAS1_0443_slice_02_z041.png,Non_Demented/OAS1_0443/OAS1_0443_slice_02_z041.png,Non-Demented/OAS1_0443/OAS1_0443_slice_02_z041.png,OAS1_0443,Non-Demented,0,1,Very Mild Dementia,0,-0.36987526603349674,0.9712169129033252,-1.3055256297028137,-1.0314140484762546
OASIS_1,LinearSVM,13,test,brightness_contrast__severe,brightness_contrast,severe,D:\OASIS_1\distortions_128\brightness_contrast\severe\Non_Demented\OAS1_0443\OAS1_0443_slice_03_z043.png,Non_Demented/OAS1_0443/OAS1_0443_slice_03_z043.png,Non-Demented/OAS1_0443/OAS1_0443_slice_03_z043.png,OAS1_0443,Non-Demented,0,1,Very Mild Dementia,0,-0.4796450606868985,1.1794602277721007,-1.1728767807561313,-0.9851271936328512
OASIS_1,LinearSVM,13,test,brightness_contrast__severe,brightness_contrast,severe,D:\OASIS_1\distortions_128\brightness_contrast\severe\Non_Demented\OAS1_0443\OAS1_0443_slice_04_z046.png,Non_Demented/OAS1_0443/OAS1_0443_slice_04_z046.png,Non-Demented/OAS1_0443/OAS1_0443_slice_04_z046.png,OAS1_0443,Non-Demented,0,0,Non-Demented,1,1.4444425139090522,0.3664621215550408,-2.7196445925740376,-1.0187771110265824
OASIS_1,LinearSVM,13,test,brightness_contrast__severe,brightness_contrast,severe,D:\OASIS_1\distortions_128\brightness_contrast\severe\Non_Demented\OAS1_0443\OAS1_0443_slice_05_z049.png,Non_Demented/OAS1_0443/OAS1_0443_slice_05_z049.png,Non-Demented/OAS1_0443/OAS1_0443_slice_05_z049.png,OAS1_0443,Non-Demented,0,2,Mild Dementia,0,-31.95855812617361,0.41408445741896033,99.3664169643886,-2.9951254038367043
OASIS_1,LinearSVM,13,test,brightness_contrast__severe,brightness_contrast,severe,D:\OASIS_1\distortions_128\brightness_contrast\severe\Non_Demented\OAS1_0443\OAS1_0443_slice_06_z051.png,Non_Demented/OAS1_0443/OAS1_0443_slice_06_z051.png,Non-Demented/OAS1_0443/OAS1_0443_slice_06_z051.png,OAS1_0443,Non-Demented,0,0,Non-Demented,1,2.6271597626471554,-2.397088751360654,-1.655076136028057,-1.07414492766829
OASIS_1,LinearSVM,13,test,brightness_contrast__severe,brightness_contrast,severe,D:\OASIS_1\distortions_128\brightness_contrast\severe\Non_Demented\OAS1_0443\OAS1_0443_slice_07_z054.png,Non_Demented/OAS1_0443/OAS1_0443_slice_07_z054.png,Non-Demented/OAS1_0443/OAS1_0443_slice_07_z054.png,OAS1_0443,Non-Demented,0,2,Mild Dementia,0,-32.32925119286987,-0.33620797258064355,100.61031565863671,-2.9660692928035473
OASIS_1,LinearSVM,13,test,brightness_contrast__severe,brightness_contrast,severe,D:\OASIS_1\distortions_128\brightness_contrast\severe\Non_Demented\OAS1_0443\OAS1_0443_slice_08_z057.png,Non_Demented/OAS1_0443/OAS1_0443_slice_08_z057.png,Non-Demented/OAS1_0443/OAS1_0443_slice_08_z057.png,OAS1_0443,Non-Demented,0,2,Mild Dementia,0,-32.07890338212981,-0.11803167120293351,100.07553375203761,-3.0186487350447706
OASIS_1,LinearSVM,13,test,brightness_contrast__severe,brightness_contrast,severe,D:\OASIS_1\distortions_128\brightness_contrast\severe\Non_Demented\OAS1_0443\OAS1_0443_slice_09_z059.png,Non_Demented/OAS1_0443/OAS1_0443_slice_09_z059.png,Non-Demented/OAS1_0443/OAS1_0443_slice_09_z059.png,OAS1_0443,Non-Demented,0,0,Non-Demented,1,2.6937664145575813,-2.1835065899906962,-1.550941399014762,-0.9346128483324925
OASIS_1,LinearSVM,13,test,brightness_contrast__severe,brightness_contrast,severe,D:\OASIS_1\distortions_128\brightness_contrast\severe\Non_Demented\OAS1_0443\OAS1_0443_slice_10_z062.png,Non_Demented/OAS1_0443/OAS1_0443_slice_10_z062.png,Non-Demented/OAS1_0443/OAS1_0443_slice_10_z062.png,OAS1_0443,Non-Demented,0,0,Non-Demented,1,0.8542141953037727,-0.9976592587191189,-0.7901526685835247,-1.0060582746160074
OASIS_1,LinearSVM,13,test,brightness_contrast__severe,brightness_contrast,severe,D:\OASIS_1\distortions_128\brightness_contrast\severe\Non_Demented\OAS1_0443\OAS1_0443_slice_11_z065.png,Non_Demented/OAS1_0443/OAS1_0443_slice_11_z065.png,Non-Demented/OAS1_0443/OAS1_0443_slice_11_z065.png,OAS1_0443,Non-Demented,0,0,Non-Demented,1,2.1516453947623924,-2.7573962730301464,-0.4812064418996155,-0.9224613997137767
OASIS_1,LinearSVM,13,test,brightness_contrast__severe,brightness_contrast,severe,D:\OASIS_1\distortions_128\brightness_contrast\severe\Non_Demented\OAS1_0443\OAS1_0443_slice_12_z068.png,Non_Demented/OAS1_0443/OAS1_0443_slice_12_z068.png,Non-Demented/OAS1_0443/OAS1_0443_slice_12_z068.png,OAS1_0443,Non-Demented,0,1,Very Mild Dementia,0,-0.6305996963133327,0.4741075846891197,-0.5883300337256432,-1.023329128695585
OASIS_1,LinearSVM,13,test,brightness_contrast__severe,brightness_contrast,severe,D:\OASIS_1\distortions_128\brightness_contrast\severe\Non_Demented\OAS1_0443\OAS1_0443_slice_13_z070.png,Non_Demented/OAS1_0443/OAS1_0443_slice_13_z070.png,Non-Demented/OAS1_0443/OAS1_0443_slice_13_z070.png,OAS1_0443,Non-Demented,0,2,Mild Dementia,0,-32.10807998445377,0.08683047463946453,100.33214064025118,-2.9831127115368563
OASIS_1,LinearSVM,13,test,brightness_contrast__severe,brightness_contrast,severe,D:\OASIS_1\distortions_128\brightness_contrast\severe\Non_Demented\OAS1_0443\OAS1_0443_slice_14_z073.png,Non_Demented/OAS1_0443/OAS1_0443_slice_14_z073.png,Non-Demented/OAS1_0443/OAS1_0443_slice_14_z073.png,OAS1_0443,Non-Demented,0,0,Non-Demented,1,0.46464400195331856,-1.365658841841179,-0.3659989929713843,-1.0471424909904032
OASIS_1,LinearSVM,13,test,brightness_contrast__severe,brightness_contrast,severe,D:\OASIS_1\distortions_128\brightness_contrast\severe\Non_Demented\OAS1_0443\OAS1_0443_slice_15_z076.png,Non_Demented/OAS1_0443/OAS1_0443_slice_15_z076.png,Non-Demented/OAS1_0443/OAS1_0443_slice_15_z076.png,OAS1_0443,Non-Demented,0,2,Mild Dementia,0,-31.149482083770383,-0.44868551422941577,100.07622959971715,-3.0080888367848297
OASIS_1,LinearSVM,13,test,brightness_contrast__severe,brightness_contrast,severe,D:\OASIS_1\distortions_128\brightness_contrast\severe\Non_Demented\OAS1_0443\OAS1_0443_slice_16_z078.png,Non_Demented/OAS1_0443/OAS1_0443_slice_16_z078.png,Non-Demented/OAS1_0443/OAS1_0443_slice_16_z078.png,OAS1_0443,Non-Demented,0,0,Non-Demented,1,1.590295773005467,-1.4399824713705127,-0.9875953156181325,-1.020832271666519
OASIS_1,LinearSVM,13,test,brightness_contrast__severe,brightness_contrast,severe,D:\OASIS_1\distortions_128\brightness_contrast\severe\Non_Demented\OAS1_0443\OAS1_0443_slice_17_z081.png,Non_Demented/OAS1_0443/OAS1_0443_slice_17_z081.png,Non-Demented/OAS1_0443/OAS1_0443_slice_17_z081.png,OAS1_0443,Non-Demented,0,0,Non-Demented,1,0.74562790120612,-0.4397016331505842,-1.328098272666248,-1.0793658769355388
OASIS_1,LinearSVM,13,test,brightness_contrast__severe,brightness_contrast,severe,D:\OASIS_1\distortions_128\brightness_contrast\severe\Non_Demented\OAS1_0443\OAS1_0443_slice_18_z084.png,Non_Demented/OAS1_0443/OAS1_0443_slice_18_z084.png,Non-Demented/OAS1_0443/OAS1_0443_slice_18_z084.png,OAS1_0443,Non-Demented,0,0,Non-Demented,1,1.2438769183764458,-0.16469075537812927,-1.628456838665063,-0.9330455216364408
OASIS_1,LinearSVM,13,test,brightness_contrast__severe,brightness_contrast,severe,D:\OASIS_1\distortions_128\brightness_contrast\severe\Non_Demented\OAS1_0443\OAS1_0443_slice_19_z086.png,Non_Demented/OAS1_0443/OAS1_0443_slice_19_z086.png,Non-Demented/OAS1_0443/OAS1_0443_slice_19_z086.png,OAS1_0443,Non-Demented,0,2,Mild Dementia,0,-32.31605877067892,1.11384217345279,99.48035337155737,-2.8894403605198042
OASIS_1,LinearSVM,13,test,brightness_contrast__severe,brightness_contrast,severe,D:\OASIS_1\distortions_128\brightness_contrast\severe\Non_Demented\OAS1_0443\OAS1_0443_slice_20_z089.png,Non_Demented/OAS1_0443/OAS1_0443_slice_20_z089.png,Non-Demented/OAS1_0443/OAS1_0443_slice_20_z089.png,OAS1_0443,Non-Demented,0,1,Very Mild Dementia,0,-1.1178060272218935,0.5616697019872168,-0.600556081859294,-0.9556676760977122
OASIS_1,LinearSVM,13,test,brightness_contrast__severe,brightness_contrast,severe,D:\OASIS_1\distortions_128\brightness_contrast\severe\Non_Demented\OAS1_0445\OAS1_0445_slice_01_z038.png,Non_Demented/OAS1_0445/OAS1_0445_slice_01_z038.png,Non-Demented/OAS1_0445/OAS1_0445_slice_01_z038.png,OAS1_0445,Non-Demented,0,0,Non-Demented,1,4.35150890245543,-4.339778242788668,0.9482381460686921,-0.9468826903037179
OASIS_1,LinearSVM,13,test,brightness_contrast__severe,brightness_contrast,severe,D:\OASIS_1\distortions_128\brightness_contrast\severe\Non_Demented\OAS1_0445\OAS1_0445_slice_02_z041.png,Non_Demented/OAS1_0445/OAS1_0445_slice_02_z041.png,Non-Demented/OAS1_0445/OAS1_0445_slice_02_z041.png,OAS1_0445,Non-Demented,0,0,Non-Demented,1,1.5349296910855235,-2.032732088075483,0.32447164764198433,-1.009532235722674
OASIS_1,LinearSVM,13,test,brightness_contrast__severe,brightness_contrast,severe,D:\OASIS_1\distortions_128\brightness_contrast\severe\Non_Demented\OAS1_0445\OAS1_0445_slice_03_z043.png,Non_Demented/OAS1_0445/OAS1_0445_slice_03_z043.png,Non-Demented/OAS1_0445/OAS1_0445_slice_03_z043.png,OAS1_0445,Non-Demented,0,2,Mild Dementia,0,-31.356735531902434,-0.7800372025106608,101.36137742104981,-2.9376014672103508
OASIS_1,LinearSVM,13,test,brightness_contrast__severe,brightness_contrast,severe,D:\OASIS_1\distortions_128\brightness_contrast\severe\Non_Demented\OAS1_0445\OAS1_0445_slice_04_z046.png,Non_Demented/OAS1_0445/OAS1_0445_slice_04_z046.png,Non-Demented/OAS1_0445/OAS1_0445_slice_04_z046.png,OAS1_0445,Non-Demented,0,2,Mild Dementia,0,-31.817584329352503,0.2903109464953619,100.69935609145976,-3.0595994897289898
OASIS_1,LinearSVM,13,test,brightness_contrast__severe,brightness_contrast,severe,D:\OASIS_1\distortions_128\brightness_contrast\severe\Non_Demented\OAS1_0445\OAS1_0445_slice_05_z049.png,Non_Demented/OAS1_0445/OAS1_0445_slice_05_z049.png,Non-Demented/OAS1_0445/OAS1_0445_slice_05_z049.png,OAS1_0445,Non-Demented,0,2,Mild Dementia,0,-33.85344859356042,1.7043241246183332,100.94871658608578,-2.9913574742512323
OASIS_1,LinearSVM,13,test,brightness_contrast__severe,brightness_contrast,severe,D:\OASIS_1\distortions_128\brightness_contrast\severe\Non_Demented\OAS1_0445\OAS1_0445_slice_06_z051.png,Non_Demented/OAS1_0445/OAS1_0445_slice_06_z051.png,Non-Demented/OAS1_0445/OAS1_0445_slice_06_z051.png,OAS1_0445,Non-Demented,0,2,Mild Dementia,0,-33.335957345750685,1.513901704189971,100.3991279020854,-3.0462320859125103
OASIS_1,LinearSVM,13,test,brightness_contrast__severe,brightness_contrast,severe,D:\OASIS_1\distortions_128\brightness_contrast\severe\Non_Demented\OAS1_0445\OAS1_0445_slice_07_z054.png,Non_Demented/OAS1_0445/OAS1_0445_slice_07_z054.png,Non-Demented/OAS1_0445/OAS1_0445_slice_07_z054.png,OAS1_0445,Non-Demented,0,2,Mild Dementia,0,-32.9554121502227,0.7501930818863887,100.94407960132989,-3.0283359566841517
OASIS_1,LinearSVM,13,test,brightness_contrast__severe,brightness_contrast,severe,D:\OASIS_1\distortions_128\brightness_contrast\severe\Non_Demented\OAS1_0445\OAS1_0445_slice_08_z057.png,Non_Demented/OAS1_0445/OAS1_0445_slice_08_z057.png,Non-Demented/OAS1_0445/OAS1_0445_slice_08_z057.png,OAS1_0445,Non-Demented,0,1,Very Mild Dementia,0,-1.2401236814757528,-0.2744466151291521,-0.38927730986436243,-1.1255861576954849
OASIS_1,LinearSVM,13,test,brightness_contrast__severe,brightness_contrast,severe,D:\OASIS_1\distortions_128\brightness_contrast\severe\Non_Demented\OAS1_0445\OAS1_0445_slice_09_z059.png,Non_Demented/OAS1_0445/OAS1_0445_slice_09_z059.png,Non-Demented/OAS1_0445/OAS1_0445_slice_09_z059.png,OAS1_0445,Non-Demented,0,2,Mild Dementia,0,-33.59181665107017,1.0857734610448322,101.32275256962065,-3.049761051134847
OASIS_1,LinearSVM,13,test,brightness_contrast__severe,brightness_contrast,severe,D:\OASIS_1\distortions_128\brightness_contrast\severe\Non_Demented\OAS1_0445\OAS1_0445_slice_10_z062.png,Non_Demented/OAS1_0445/OAS1_0445_slice_10_z062.png,Non-Demented/OAS1_0445/OAS1_0445_slice_10_z062.png,OAS1_0445,Non-Demented,0,2,Mild Dementia,0,-1.0584969225034304,0.42222649513080207,0.8467386487718654,-1.0692783254780318
OASIS_1,LinearSVM,13,test,brightness_contrast__severe,brightness_contrast,severe,D:\OASIS_1\distortions_128\brightness_contrast\severe\Non_Demented\OAS1_0445\OAS1_0445_slice_11_z065.png,Non_Demented/OAS1_0445/OAS1_0445_slice_11_z065.png,Non-Demented/OAS1_0445/OAS1_0445_slice_11_z065.png,OAS1_0445,Non-Demented,0,2,Mild Dementia,0,-34.124723547808635,1.2763678746123137,101.48284179016595,-3.1208384627237926
OASIS_1,LinearSVM,13,test,brightness_contrast__severe,brightness_contrast,severe,D:\OASIS_1\distortions_128\brightness_contrast\severe\Non_Demented\OAS1_0445\OAS1_0445_slice_12_z068.png,Non_Demented/OAS1_0445/OAS1_0445_slice_12_z068.png,Non-Demented/OAS1_0445/OAS1_0445_slice_12_z068.png,OAS1_0445,Non-Demented,0,2,Mild Dementia,0,-33.62432894857165,1.4158871898988625,101.03644625067157,-3.0459328991478873
OASIS_1,LinearSVM,13,test,brightness_contrast__severe,brightness_contrast,severe,D:\OASIS_1\distortions_128\brightness_contrast\severe\Non_Demented\OAS1_0445\OAS1_0445_slice_13_z070.png,Non_Demented/OAS1_0445/OAS1_0445_slice_13_z070.png,Non-Demented/OAS1_0445/OAS1_0445_slice_13_z070.png,OAS1_0445,Non-Demented,0,0,Non-Demented,1,1.3796696863307396,-1.6583513550449556,1.1674553470853524,-1.189702477886112
OASIS_1,LinearSVM,13,test,brightness_contrast__severe,brightness_contrast,severe,D:\OASIS_1\distortions_128\brightness_contrast\severe\Non_Demented\OAS1_0445\OAS1_0445_slice_14_z073.png,Non_Demented/OAS1_0445/OAS1_0445_slice_14_z073.png,Non-Demented/OAS1_0445/OAS1_0445_slice_14_z073.png,OAS1_0445,Non-Demented,0,2,Mild Dementia,0,-0.018915302763888295,-0.05783215803798336,0.2575235202507149,-1.0971909172704588
OASIS_1,LinearSVM,13,test,brightness_contrast__severe,brightness_contrast,severe,D:\OASIS_1\distortions_128\brightness_contrast\severe\Non_Demented\OAS1_0445\OAS1_0445_slice_15_z076.png,Non_Demented/OAS1_0445/OAS1_0445_slice_15_z076.png,Non-Demented/OAS1_0445/OAS1_0445_slice_15_z076.png,OAS1_0445,Non-Demented,0,2,Mild Dementia,0,-32.94560331559218,1.389878717908653,100.52259884503715,-3.150426331986086
OASIS_1,LinearSVM,13,test,brightness_contrast__severe,brightness_contrast,severe,D:\OASIS_1\distortions_128\brightness_contrast\severe\Non_Demented\OAS1_0445\OAS1_0445_slice_16_z078.png,Non_Demented/OAS1_0445/OAS1_0445_slice_16_z078.png,Non-Demented/OAS1_0445/OAS1_0445_slice_16_z078.png,OAS1_0445,Non-Demented,0,2,Mild Dementia,0,-32.615414642927,1.0536146085521612,100.132934316163,-3.206532889931512
OASIS_1,LinearSVM,13,test,brightness_contrast__severe,brightness_contrast,severe,D:\OASIS_1\distortions_128\brightness_contrast\severe\Non_Demented\OAS1_0445\OAS1_0445_slice_17_z081.png,Non_Demented/OAS1_0445/OAS1_0445_slice_17_z081.png,Non-Demented/OAS1_0445/OAS1_0445_slice_17_z081.png,OAS1_0445,Non-Demented,0,0,Non-Demented,1,1.472092498619208,-0.6630504174238586,-2.5292576937634617,-1.0922049406911452
OASIS_1,LinearSVM,13,test,brightness_contrast__severe,brightness_contrast,severe,D:\OASIS_1\distortions_128\brightness_contrast\severe\Non_Demented\OAS1_0445\OAS1_0445_slice_18_z084.png,Non_Demented/OAS1_0445/OAS1_0445_slice_18_z084.png,Non-Demented/OAS1_0445/OAS1_0445_slice_18_z084.png,OAS1_0445,Non-Demented,0,0,Non-Demented,1,2.9377675975705695,-3.121829801567586,0.42180916888603315,-1.0361753822517712
OASIS_1,LinearSVM,13,test,brightness_contrast__severe,brightness_contrast,severe,D:\OASIS_1\distortions_128\brightness_contrast\severe\Non_Demented\OAS1_0445\OAS1_0445_slice_19_z086.png,Non_Demented/OAS1_0445/OAS1_0445_slice_19_z086.png,Non-Demented/OAS1_0445/OAS1_0445_slice_19_z086.png,OAS1_0445,Non-Demented,0,0,Non-Demented,1,4.04701900007085,-4.278196726647335,0.7379715586500358,-0.9071282598100001
OASIS_1,LinearSVM,13,test,brightness_contrast__severe,brightness_contrast,severe,D:\OASIS_1\distortions_128\brightness_contrast\severe\Non_Demented\OAS1_0445\OAS1_0445_slice_20_z089.png,Non_Demented/OAS1_0445/OAS1_0445_slice_20_z089.png,Non-Demented/OAS1_0445/OAS1_0445_slice_20_z089.png,OAS1_0445,Non-Demented,0,0,Non-Demented,1,-0.2787549897771468,-1.0354207079178817,-0.3996992052634091,-0.9660589614331783
OASIS_1,LinearSVM,13,test,brightness_contrast__severe,brightness_contrast,severe,D:\OASIS_1\distortions_128\brightness_contrast\severe\Very_Mild_Dementia\OAS1_0015\OAS1_0015_slice_01_z038.png,Very_Mild_Dementia/OAS1_0015/OAS1_0015_slice_01_z038.png,Very Mild Dementia/OAS1_0015/OAS1_0015_slice_01_z038.png,OAS1_0015,Very Mild Dementia,1,2,Mild Dementia,0,-32.35315471506216,-0.22974833116679433,100.46044710529945,-2.695561648207899
OASIS_1,LinearSVM,13,test,brightness_contrast__severe,brightness_contrast,severe,D:\OASIS_1\distortions_128\brightness_contrast\severe\Very_Mild_Dementia\OAS1_0015\OAS1_0015_slice_02_z041.png,Very_Mild_Dementia/OAS1_0015/OAS1_0015_slice_02_z041.png,Very Mild Dementia/OAS1_0015/OAS1_0015_slice_02_z041.png,OAS1_0015,Very Mild Dementia,1,2,Mild Dementia,0,-31.8698554671284,-1.041353489437375,100.14563313261382,-2.3385796523288183
OASIS_1,LinearSVM,13,test,brightness_contrast__severe,brightness_contrast,severe,D:\OASIS_1\distortions_128\brightness_contrast\severe\Very_Mild_Dementia\OAS1_0015\OAS1_0015_slice_03_z043.png,Very_Mild_Dementia/OAS1_0015/OAS1_0015_slice_03_z043.png,Very Mild Dementia/OAS1_0015/OAS1_0015_slice_03_z043.png,OAS1_0015,Very Mild Dementia,1,0,Non-Demented,0,1.1452903567988233,-4.90433715568406,0.40268394202702396,0.28396869302473216
OASIS_1,LinearSVM,13,test,brightness_contrast__severe,brightness_contrast,severe,D:\OASIS_1\distortions_128\brightness_contrast\severe\Very_Mild_Dementia\OAS1_0015\OAS1_0015_slice_04_z046.png,Very_Mild_Dementia/OAS1_0015/OAS1_0015_slice_04_z046.png,Very Mild Dementia/OAS1_0015/OAS1_0015_slice_04_z046.png,OAS1_0015,Very Mild Dementia,1,2,Mild Dementia,0,-1.45153815710781,-1.8586927408095808,0.5109287407518474,-0.2514849414379602
OASIS_1,LinearSVM,13,test,brightness_contrast__severe,brightness_contrast,severe,D:\OASIS_1\distortions_128\brightness_contrast\severe\Very_Mild_Dementia\OAS1_0015\OAS1_0015_slice_05_z049.png,Very_Mild_Dementia/OAS1_0015/OAS1_0015_slice_05_z049.png,Very Mild Dementia/OAS1_0015/OAS1_0015_slice_05_z049.png,OAS1_0015,Very Mild Dementia,1,2,Mild Dementia,0,-35.1624720344652,0.5414764217076371,101.53497208498901,-2.614537535392432
OASIS_1,LinearSVM,13,test,brightness_contrast__severe,brightness_contrast,severe,D:\OASIS_1\distortions_128\brightness_contrast\severe\Very_Mild_Dementia\OAS1_0015\OAS1_0015_slice_06_z051.png,Very_Mild_Dementia/OAS1_0015/OAS1_0015_slice_06_z051.png,Very Mild Dementia/OAS1_0015/OAS1_0015_slice_06_z051.png,OAS1_0015,Very Mild Dementia,1,2,Mild Dementia,0,-3.5561664452286625,-0.4437148987826795,1.188052802059537,-0.414541211788264
OASIS_1,LinearSVM,13,test,brightness_contrast__severe,brightness_contrast,severe,D:\OASIS_1\distortions_128\brightness_contrast\severe\Very_Mild_Dementia\OAS1_0015\OAS1_0015_slice_07_z054.png,Very_Mild_Dementia/OAS1_0015/OAS1_0015_slice_07_z054.png,Very Mild Dementia/OAS1_0015/OAS1_0015_slice_07_z054.png,OAS1_0015,Very Mild Dementia,1,1,Very Mild Dementia,1,-4.092901985180568,1.693443699594425,0.6276329036916174,-0.448517889212075
OASIS_1,LinearSVM,13,test,brightness_contrast__severe,brightness_contrast,severe,D:\OASIS_1\distortions_128\brightness_contrast\severe\Very_Mild_Dementia\OAS1_0015\OAS1_0015_slice_08_z057.png,Very_Mild_Dementia/OAS1_0015/OAS1_0015_slice_08_z057.png,Very Mild Dementia/OAS1_0015/OAS1_0015_slice_08_z057.png,OAS1_0015,Very Mild Dementia,1,2,Mild Dementia,0,-2.0893763760242905,0.09805882839459035,0.8473070169493507,-0.758518455893407
OASIS_1,LinearSVM,13,test,brightness_contrast__severe,brightness_contrast,severe,D:\OASIS_1\distortions_128\brightness_contrast\severe\Very_Mild_Dementia\OAS1_0015\OAS1_0015_slice_09_z059.png,Very_Mild_Dementia/OAS1_0015/OAS1_0015_slice_09_z059.png,Very Mild Dementia/OAS1_0015/OAS1_0015_slice_09_z059.png,OAS1_0015,Very Mild Dementia,1,1,Very Mild Dementia,1,-1.9082514111830093,0.6479863148486655,0.21337332668847708,-1.0021113100864756
OASIS_1,LinearSVM,13,test,brightness_contrast__severe,brightness_contrast,severe,D:\OASIS_1\distortions_128\brightness_contrast\severe\Very_Mild_Dementia\OAS1_0015\OAS1_0015_slice_10_z062.png,Very_Mild_Dementia/OAS1_0015/OAS1_0015_slice_10_z062.png,Very Mild Dementia/OAS1_0015/OAS1_0015_slice_10_z062.png,OAS1_0015,Very Mild Dementia,1,2,Mild Dementia,0,-34.347194243187026,2.523742726926807,100.20705791603194,-2.9230434401331458
OASIS_1,LinearSVM,13,test,brightness_contrast__severe,brightness_contrast,severe,D:\OASIS_1\distortions_128\brightness_contrast\severe\Very_Mild_Dementia\OAS1_0015\OAS1_0015_slice_11_z065.png,Very_Mild_Dementia/OAS1_0015/OAS1_0015_slice_11_z065.png,Very Mild Dementia/OAS1_0015/OAS1_0015_slice_11_z065.png,OAS1_0015,Very Mild Dementia,1,1,Very Mild Dementia,1,-2.093568166509545,2.2388497983060334,-1.8122511664002343,-0.7142354541758085
OASIS_1,LinearSVM,13,test,brightness_contrast__severe,brightness_contrast,severe,D:\OASIS_1\distortions_128\brightness_contrast\severe\Very_Mild_Dementia\OAS1_0015\OAS1_0015_slice_12_z068.png,Very_Mild_Dementia/OAS1_0015/OAS1_0015_slice_12_z068.png,Very Mild Dementia/OAS1_0015/OAS1_0015_slice_12_z068.png,OAS1_0015,Very Mild Dementia,1,1,Very Mild Dementia,1,-3.980091374531189,3.7821560696282273,-0.9102676288168263,-0.5359703115612366
OASIS_1,LinearSVM,13,test,brightness_contrast__severe,brightness_contrast,severe,D:\OASIS_1\distortions_128\brightness_contrast\severe\Very_Mild_Dementia\OAS1_0015\OAS1_0015_slice_13_z070.png,Very_Mild_Dementia/OAS1_0015/OAS1_0015_slice_13_z070.png,Very Mild Dementia/OAS1_0015/OAS1_0015_slice_13_z070.png,OAS1_0015,Very Mild Dementia,1,1,Very Mild Dementia,1,-2.954265783243743,2.9369014798685096,-1.0611428645955223,-0.6815152418922821
OASIS_1,LinearSVM,13,test,brightness_contrast__severe,brightness_contrast,severe,D:\OASIS_1\distortions_128\brightness_contrast\severe\Very_Mild_Dementia\OAS1_0015\OAS1_0015_slice_14_z073.png,Very_Mild_Dementia/OAS1_0015/OAS1_0015_slice_14_z073.png,Very Mild Dementia/OAS1_0015/OAS1_0015_slice_14_z073.png,OAS1_0015,Very Mild Dementia,1,1,Very Mild Dementia,1,-2.2415020704323694,2.3614880557245863,-0.5343979415189848,-0.5185165641138347
OASIS_1,LinearSVM,13,test,brightness_contrast__severe,brightness_contrast,severe,D:\OASIS_1\distortions_128\brightness_contrast\severe\Very_Mild_Dementia\OAS1_0015\OAS1_0015_slice_15_z076.png,Very_Mild_Dementia/OAS1_0015/OAS1_0015_slice_15_z076.png,Very Mild Dementia/OAS1_0015/OAS1_0015_slice_15_z076.png,OAS1_0015,Very Mild Dementia,1,1,Very Mild Dementia,1,-0.7865665194312139,0.3788837438415273,-0.4203663102047733,-0.519301148251945
OASIS_1,LinearSVM,13,test,brightness_contrast__severe,brightness_contrast,severe,D:\OASIS_1\distortions_128\brightness_contrast\severe\Very_Mild_Dementia\OAS1_0015\OAS1_0015_slice_16_z078.png,Very_Mild_Dementia/OAS1_0015/OAS1_0015_slice_16_z078.png,Very Mild Dementia/OAS1_0015/OAS1_0015_slice_16_z078.png,OAS1_0015,Very Mild Dementia,1,3,Moderate Dementia,0,-0.07358621205107878,-0.1258264732671599,-0.7964359968545219,0.07563684374589352
OASIS_1,LinearSVM,13,test,brightness_contrast__severe,brightness_contrast,severe,D:\OASIS_1\distortions_128\brightness_contrast\severe\Very_Mild_Dementia\OAS1_0015\OAS1_0015_slice_17_z081.png,Very_Mild_Dementia/OAS1_0015/OAS1_0015_slice_17_z081.png,Very Mild Dementia/OAS1_0015/OAS1_0015_slice_17_z081.png,OAS1_0015,Very Mild Dementia,1,1,Very Mild Dementia,1,-2.1135323007465354,0.5352449042892713,-0.659098677492768,-0.05780276256201067
OASIS_1,LinearSVM,13,test,brightness_contrast__severe,brightness_contrast,severe,D:\OASIS_1\distortions_128\brightness_contrast\severe\Very_Mild_Dementia\OAS1_0015\OAS1_0015_slice_18_z084.png,Very_Mild_Dementia/OAS1_0015/OAS1_0015_slice_18_z084.png,Very Mild Dementia/OAS1_0015/OAS1_0015_slice_18_z084.png,OAS1_0015,Very Mild Dementia,1,1,Very Mild Dementia,1,-2.3747470510777617,0.1616062943694878,-0.005403000088171739,-0.39352249060106426
OASIS_1,LinearSVM,13,test,brightness_contrast__severe,brightness_contrast,severe,D:\OASIS_1\distortions_128\brightness_contrast\severe\Very_Mild_Dementia\OAS1_0015\OAS1_0015_slice_19_z086.png,Very_Mild_Dementia/OAS1_0015/OAS1_0015_slice_19_z086.png,Very Mild Dementia/OAS1_0015/OAS1_0015_slice_19_z086.png,OAS1_0015,Very Mild Dementia,1,2,Mild Dementia,0,-34.952822538564334,1.3400157784910025,100.6971423121914,-2.3869372155460065
OASIS_1,LinearSVM,13,test,brightness_contrast__severe,brightness_contrast,severe,D:\OASIS_1\distortions_128\brightness_contrast\severe\Very_Mild_Dementia\OAS1_0015\OAS1_0015_slice_20_z089.png,Very_Mild_Dementia/OAS1_0015/OAS1_0015_slice_20_z089.png,Very Mild Dementia/OAS1_0015/OAS1_0015_slice_20_z089.png,OAS1_0015,Very Mild Dementia,1,2,Mild Dementia,0,-1.9858262500522954,-0.2631864548356096,0.026328553248030184,-0.5632227982249665
OASIS_1,LinearSVM,13,test,brightness_contrast__severe,brightness_contrast,severe,D:\OASIS_1\distortions_128\brightness_contrast\severe\Very_Mild_Dementia\OAS1_0022\OAS1_0022_slice_01_z038.png,Very_Mild_Dementia/OAS1_0022/OAS1_0022_slice_01_z038.png,Very Mild Dementia/OAS1_0022/OAS1_0022_slice_01_z038.png,OAS1_0022,Very Mild Dementia,1,0,Non-Demented,0,1.9267249897351233,-2.2375871201440445,-0.7453676911883282,-0.990804999537036
OASIS_1,LinearSVM,13,test,brightness_contrast__severe,brightness_contrast,severe,D:\OASIS_1\distortions_128\brightness_contrast\severe\Very_Mild_Dementia\OAS1_0022\OAS1_0022_slice_02_z041.png,Very_Mild_Dementia/OAS1_0022/OAS1_0022_slice_02_z041.png,Very Mild Dementia/OAS1_0022/OAS1_0022_slice_02_z041.png,OAS1_0022,Very Mild Dementia,1,2,Mild Dementia,0,-30.724694992261544,-0.8852596928867538,99.67236276975459,-2.9698386386435662
OASIS_1,LinearSVM,13,test,brightness_contrast__severe,brightness_contrast,severe,D:\OASIS_1\distortions_128\brightness_contrast\severe\Very_Mild_Dementia\OAS1_0022\OAS1_0022_slice_03_z043.png,Very_Mild_Dementia/OAS1_0022/OAS1_0022_slice_03_z043.png,Very Mild Dementia/OAS1_0022/OAS1_0022_slice_03_z043.png,OAS1_0022,Very Mild Dementia,1,0,Non-Demented,0,1.891498056455899,-1.0839228175199571,-1.7154799498104567,-1.1168755868300477
OASIS_1,LinearSVM,13,test,brightness_contrast__severe,brightness_contrast,severe,D:\OASIS_1\distortions_128\brightness_contrast\severe\Very_Mild_Dementia\OAS1_0022\OAS1_0022_slice_04_z046.png,Very_Mild_Dementia/OAS1_0022/OAS1_0022_slice_04_z046.png,Very Mild Dementia/OAS1_0022/OAS1_0022_slice_04_z046.png,OAS1_0022,Very Mild Dementia,1,2,Mild Dementia,0,-31.579924519935478,-0.6045474354553644,100.2264233660427,-2.9694941625521944
OASIS_1,LinearSVM,13,test,brightness_contrast__severe,brightness_contrast,severe,D:\OASIS_1\distortions_128\brightness_contrast\severe\Very_Mild_Dementia\OAS1_0022\OAS1_0022_slice_05_z049.png,Very_Mild_Dementia/OAS1_0022/OAS1_0022_slice_05_z049.png,Very Mild Dementia/OAS1_0022/OAS1_0022_slice_05_z049.png,OAS1_0022,Very Mild Dementia,1,0,Non-Demented,0,0.817553138642781,-1.8480450405010749,-0.3471416193418325,-0.9997464820278144
OASIS_1,LinearSVM,13,test,brightness_contrast__severe,brightness_contrast,severe,D:\OASIS_1\distortions_128\brightness_contrast\severe\Very_Mild_Dementia\OAS1_0022\OAS1_0022_slice_06_z051.png,Very_Mild_Dementia/OAS1_0022/OAS1_0022_slice_06_z051.png,Very Mild Dementia/OAS1_0022/OAS1_0022_slice_06_z051.png,OAS1_0022,Very Mild Dementia,1,2,Mild Dementia,0,-31.835743754018683,-0.4891823065633841,100.32383391726074,-2.9208284420039363
OASIS_1,LinearSVM,13,test,brightness_contrast__severe,brightness_contrast,severe,D:\OASIS_1\distortions_128\brightness_contrast\severe\Very_Mild_Dementia\OAS1_0022\OAS1_0022_slice_07_z054.png,Very_Mild_Dementia/OAS1_0022/OAS1_0022_slice_07_z054.png,Very Mild Dementia/OAS1_0022/OAS1_0022_slice_07_z054.png,OAS1_0022,Very Mild Dementia,1,0,Non-Demented,0,2.181030396392333,-2.509509716691052,-1.3216393278440477,-0.8185186293125135
OASIS_1,LinearSVM,13,test,brightness_contrast__severe,brightness_contrast,severe,D:\OASIS_1\distortions_128\brightness_contrast\severe\Very_Mild_Dementia\OAS1_0022\OAS1_0022_slice_08_z057.png,Very_Mild_Dementia/OAS1_0022/OAS1_0022_slice_08_z057.png,Very Mild Dementia/OAS1_0022/OAS1_0022_slice_08_z057.png,OAS1_0022,Very Mild Dementia,1,0,Non-Demented,0,0.9624531912052656,-1.697681868093464,-0.8937840789368889,-1.0667895824283897
OASIS_1,LinearSVM,13,test,brightness_contrast__severe,brightness_contrast,severe,D:\OASIS_1\distortions_128\brightness_contrast\severe\Very_Mild_Dementia\OAS1_0022\OAS1_0022_slice_09_z059.png,Very_Mild_Dementia/OAS1_0022/OAS1_0022_slice_09_z059.png,Very Mild Dementia/OAS1_0022/OAS1_0022_slice_09_z059.png,OAS1_0022,Very Mild Dementia,1,0,Non-Demented,0,2.1292714242291386,-2.584535248724325,-1.120746208201188,-1.0768048577093734
OASIS_1,LinearSVM,13,test,brightness_contrast__severe,brightness_contrast,severe,D:\OASIS_1\distortions_128\brightness_contrast\severe\Very_Mild_Dementia\OAS1_0022\OAS1_0022_slice_10_z062.png,Very_Mild_Dementia/OAS1_0022/OAS1_0022_slice_10_z062.png,Very Mild Dementia/OAS1_0022/OAS1_0022_slice_10_z062.png,OAS1_0022,Very Mild Dementia,1,2,Mild Dementia,0,-33.03857480818071,0.3352694743682551,100.28976508888522,-3.0157894493157213
OASIS_1,LinearSVM,13,test,brightness_contrast__severe,brightness_contrast,severe,D:\OASIS_1\distortions_128\brightness_contrast\severe\Very_Mild_Dementia\OAS1_0022\OAS1_0022_slice_11_z065.png,Very_Mild_Dementia/OAS1_0022/OAS1_0022_slice_11_z065.png,Very Mild Dementia/OAS1_0022/OAS1_0022_slice_11_z065.png,OAS1_0022,Very Mild Dementia,1,0,Non-Demented,0,-0.281011670461424,-0.5131111996792546,-0.8409038339353037,-0.9240126474418504
OASIS_1,LinearSVM,13,test,brightness_contrast__severe,brightness_contrast,severe,D:\OASIS_1\distortions_128\brightness_contrast\severe\Very_Mild_Dementia\OAS1_0022\OAS1_0022_slice_12_z068.png,Very_Mild_Dementia/OAS1_0022/OAS1_0022_slice_12_z068.png,Very Mild Dementia/OAS1_0022/OAS1_0022_slice_12_z068.png,OAS1_0022,Very Mild Dementia,1,0,Non-Demented,0,1.9879535381551285,-2.2502909160878377,-1.44649955148603,-0.8450078475226518
OASIS_1,LinearSVM,13,test,brightness_contrast__severe,brightness_contrast,severe,D:\OASIS_1\distortions_128\brightness_contrast\severe\Very_Mild_Dementia\OAS1_0022\OAS1_0022_slice_13_z070.png,Very_Mild_Dementia/OAS1_0022/OAS1_0022_slice_13_z070.png,Very Mild Dementia/OAS1_0022/OAS1_0022_slice_13_z070.png,OAS1_0022,Very Mild Dementia,1,0,Non-Demented,0,0.6027338532188615,-1.1447287022008894,-1.2081965468916938,-0.921718107780798
OASIS_1,LinearSVM,13,test,brightness_contrast__severe,brightness_contrast,severe,D:\OASIS_1\distortions_128\brightness_contrast\severe\Very_Mild_Dementia\OAS1_0022\OAS1_0022_slice_14_z073.png,Very_Mild_Dementia/OAS1_0022/OAS1_0022_slice_14_z073.png,Very Mild Dementia/OAS1_0022/OAS1_0022_slice_14_z073.png,OAS1_0022,Very Mild Dementia,1,2,Mild Dementia,0,-31.315823252128407,-0.5010466175686812,99.28545580684548,-2.9210101239832946
OASIS_1,LinearSVM,13,test,brightness_contrast__severe,brightness_contrast,severe,D:\OASIS_1\distortions_128\brightness_contrast\severe\Very_Mild_Dementia\OAS1_0022\OAS1_0022_slice_15_z076.png,Very_Mild_Dementia/OAS1_0022/OAS1_0022_slice_15_z076.png,Very Mild Dementia/OAS1_0022/OAS1_0022_slice_15_z076.png,OAS1_0022,Very Mild Dementia,1,0,Non-Demented,0,1.6661633932622277,-0.2752967054766002,-2.016183490704432,-0.9805387427540677
OASIS_1,LinearSVM,13,test,brightness_contrast__severe,brightness_contrast,severe,D:\OASIS_1\distortions_128\brightness_contrast\severe\Very_Mild_Dementia\OAS1_0022\OAS1_0022_slice_16_z078.png,Very_Mild_Dementia/OAS1_0022/OAS1_0022_slice_16_z078.png,Very Mild Dementia/OAS1_0022/OAS1_0022_slice_16_z078.png,OAS1_0022,Very Mild Dementia,1,0,Non-Demented,0,3.4612201652012256,-2.062748435449542,-1.3025548850524118,-1.0100309339021103
OASIS_1,LinearSVM,13,test,brightness_contrast__severe,brightness_contrast,severe,D:\OASIS_1\distortions_128\brightness_contrast\severe\Very_Mild_Dementia\OAS1_0022\OAS1_0022_slice_17_z081.png,Very_Mild_Dementia/OAS1_0022/OAS1_0022_slice_17_z081.png,Very Mild Dementia/OAS1_0022/OAS1_0022_slice_17_z081.png,OAS1_0022,Very Mild Dementia,1,2,Mild Dementia,0,-31.119893897902475,-0.19738056245240015,99.93390258086438,-2.960131095301276
OASIS_1,LinearSVM,13,test,brightness_contrast__severe,brightness_contrast,severe,D:\OASIS_1\distortions_128\brightness_contrast\severe\Very_Mild_Dementia\OAS1_0022\OAS1_0022_slice_18_z084.png,Very_Mild_Dementia/OAS1_0022/OAS1_0022_slice_18_z084.png,Very Mild Dementia/OAS1_0022/OAS1_0022_slice_18_z084.png,OAS1_0022,Very Mild Dementia,1,0,Non-Demented,0,1.4748948300698408,-0.8348696119716557,-1.569958525463332,-0.9049077676179532
OASIS_1,LinearSVM,13,test,brightness_contrast__severe,brightness_contrast,severe,D:\OASIS_1\distortions_128\brightness_contrast\severe\Very_Mild_Dementia\OAS1_0022\OAS1_0022_slice_19_z086.png,Very_Mild_Dementia/OAS1_0022/OAS1_0022_slice_19_z086.png,Very Mild Dementia/OAS1_0022/OAS1_0022_slice_19_z086.png,OAS1_0022,Very Mild Dementia,1,2,Mild Dementia,0,-31.661149682876765,0.24696763745398614,99.77110957085766,-2.9672878638313906
OASIS_1,LinearSVM,13,test,brightness_contrast__severe,brightness_contrast,severe,D:\OASIS_1\distortions_128\brightness_contrast\severe\Very_Mild_Dementia\OAS1_0022\OAS1_0022_slice_20_z089.png,Very_Mild_Dementia/OAS1_0022/OAS1_0022_slice_20_z089.png,Very Mild Dementia/OAS1_0022/OAS1_0022_slice_20_z089.png,OAS1_0022,Very Mild Dementia,1,0,Non-Demented,0,1.6132270761295269,-1.2318919058413194,-0.8629987207349996,-1.1213880933548632
OASIS_1,LinearSVM,13,test,brightness_contrast__severe,brightness_contrast,severe,D:\OASIS_1\distortions_128\brightness_contrast\severe\Very_Mild_Dementia\OAS1_0120\OAS1_0120_slice_01_z038.png,Very_Mild_Dementia/OAS1_0120/OAS1_0120_slice_01_z038.png,Very Mild Dementia/OAS1_0120/OAS1_0120_slice_01_z038.png,OAS1_0120,Very Mild Dementia,1,0,Non-Demented,0,-0.25097436331157097,-0.5278757563615268,-0.429610165863674,-1.028431050200331
OASIS_1,LinearSVM,13,test,brightness_contrast__severe,brightness_contrast,severe,D:\OASIS_1\distortions_128\brightness_contrast\severe\Very_Mild_Dementia\OAS1_0120\OAS1_0120_slice_02_z041.png,Very_Mild_Dementia/OAS1_0120/OAS1_0120_slice_02_z041.png,Very Mild Dementia/OAS1_0120/OAS1_0120_slice_02_z041.png,OAS1_0120,Very Mild Dementia,1,2,Mild Dementia,0,-0.3441952958899436,-0.5704746890701873,-0.12887477736199549,-0.9358372988899917
OASIS_1,LinearSVM,13,test,brightness_contrast__severe,brightness_contrast,severe,D:\OASIS_1\distortions_128\brightness_contrast\severe\Very_Mild_Dementia\OAS1_0120\OAS1_0120_slice_03_z043.png,Very_Mild_Dementia/OAS1_0120/OAS1_0120_slice_03_z043.png,Very Mild Dementia/OAS1_0120/OAS1_0120_slice_03_z043.png,OAS1_0120,Very Mild Dementia,1,2,Mild Dementia,0,-34.34557364463199,1.4671102436746768,100.81459847565748,-2.935250296536313
OASIS_1,LinearSVM,13,test,brightness_contrast__severe,brightness_contrast,severe,D:\OASIS_1\distortions_128\brightness_contrast\severe\Very_Mild_Dementia\OAS1_0120\OAS1_0120_slice_04_z046.png,Very_Mild_Dementia/OAS1_0120/OAS1_0120_slice_04_z046.png,Very Mild Dementia/OAS1_0120/OAS1_0120_slice_04_z046.png,OAS1_0120,Very Mild Dementia,1,0,Non-Demented,0,0.7082083850797927,-0.5507750733479235,-1.4954952679105635,-0.9576360048032826
OASIS_1,LinearSVM,13,test,brightness_contrast__severe,brightness_contrast,severe,D:\OASIS_1\distortions_128\brightness_contrast\severe\Very_Mild_Dementia\OAS1_0120\OAS1_0120_slice_05_z049.png,Very_Mild_Dementia/OAS1_0120/OAS1_0120_slice_05_z049.png,Very Mild Dementia/OAS1_0120/OAS1_0120_slice_05_z049.png,OAS1_0120,Very Mild Dementia,1,0,Non-Demented,0,2.1377901916779654,-0.2233905377116291,-3.2246020375914335,-0.9677951398958748
OASIS_1,LinearSVM,13,test,brightness_contrast__severe,brightness_contrast,severe,D:\OASIS_1\distortions_128\brightness_contrast\severe\Very_Mild_Dementia\OAS1_0120\OAS1_0120_slice_06_z051.png,Very_Mild_Dementia/OAS1_0120/OAS1_0120_slice_06_z051.png,Very Mild Dementia/OAS1_0120/OAS1_0120_slice_06_z051.png,OAS1_0120,Very Mild Dementia,1,0,Non-Demented,0,1.4996043863103976,-1.1312912696175663,-1.8488112982165048,-0.8585143697922171
OASIS_1,LinearSVM,13,test,brightness_contrast__severe,brightness_contrast,severe,D:\OASIS_1\distortions_128\brightness_contrast\severe\Very_Mild_Dementia\OAS1_0120\OAS1_0120_slice_07_z054.png,Very_Mild_Dementia/OAS1_0120/OAS1_0120_slice_07_z054.png,Very Mild Dementia/OAS1_0120/OAS1_0120_slice_07_z054.png,OAS1_0120,Very Mild Dementia,1,0,Non-Demented,0,1.2523199183968592,-2.0705362502306666,-0.6830962352777276,-0.7489745068697168
OASIS_1,LinearSVM,13,test,brightness_contrast__severe,brightness_contrast,severe,D:\OASIS_1\distortions_128\brightness_contrast\severe\Very_Mild_Dementia\OAS1_0120\OAS1_0120_slice_08_z057.png,Very_Mild_Dementia/OAS1_0120/OAS1_0120_slice_08_z057.png,Very Mild Dementia/OAS1_0120/OAS1_0120_slice_08_z057.png,OAS1_0120,Very Mild Dementia,1,0,Non-Demented,0,0.2050717234486828,-1.3413807141726022,-1.0977881496318924,-0.528706809580085
OASIS_1,LinearSVM,13,test,brightness_contrast__severe,brightness_contrast,severe,D:\OASIS_1\distortions_128\brightness_contrast\severe\Very_Mild_Dementia\OAS1_0120\OAS1_0120_slice_09_z059.png,Very_Mild_Dementia/OAS1_0120/OAS1_0120_slice_09_z059.png,Very Mild Dementia/OAS1_0120/OAS1_0120_slice_09_z059.png,OAS1_0120,Very Mild Dementia,1,0,Non-Demented,0,0.2365924510188686,-0.645111840747223,-1.3842402938511853,-0.8347223774038063
OASIS_1,LinearSVM,13,test,brightness_contrast__severe,brightness_contrast,severe,D:\OASIS_1\distortions_128\brightness_contrast\severe\Very_Mild_Dementia\OAS1_0120\OAS1_0120_slice_10_z062.png,Very_Mild_Dementia/OAS1_0120/OAS1_0120_slice_10_z062.png,Very Mild Dementia/OAS1_0120/OAS1_0120_slice_10_z062.png,OAS1_0120,Very Mild Dementia,1,0,Non-Demented,0,0.30797189996718155,-0.5946940901361348,-1.4452450070917455,-0.8275280970376296
OASIS_1,LinearSVM,13,test,brightness_contrast__severe,brightness_contrast,severe,D:\OASIS_1\distortions_128\brightness_contrast\severe\Very_Mild_Dementia\OAS1_0120\OAS1_0120_slice_11_z065.png,Very_Mild_Dementia/OAS1_0120/OAS1_0120_slice_11_z065.png,Very Mild Dementia/OAS1_0120/OAS1_0120_slice_11_z065.png,OAS1_0120,Very Mild Dementia,1,0,Non-Demented,0,1.456440981740236,-1.1291210247856174,-2.401718886190031,-0.481122794143511
OASIS_1,LinearSVM,13,test,brightness_contrast__severe,brightness_contrast,severe,D:\OASIS_1\distortions_128\brightness_contrast\severe\Very_Mild_Dementia\OAS1_0120\OAS1_0120_slice_12_z068.png,Very_Mild_Dementia/OAS1_0120/OAS1_0120_slice_12_z068.png,Very Mild Dementia/OAS1_0120/OAS1_0120_slice_12_z068.png,OAS1_0120,Very Mild Dementia,1,0,Non-Demented,0,0.9281041560877445,-1.160017335278658,-1.8125734086625918,-0.5908369243025968
OASIS_1,LinearSVM,13,test,brightness_contrast__severe,brightness_contrast,severe,D:\OASIS_1\distortions_128\brightness_contrast\severe\Very_Mild_Dementia\OAS1_0120\OAS1_0120_slice_13_z070.png,Very_Mild_Dementia/OAS1_0120/OAS1_0120_slice_13_z070.png,Very Mild Dementia/OAS1_0120/OAS1_0120_slice_13_z070.png,OAS1_0120,Very Mild Dementia,1,0,Non-Demented,0,0.3593917330952848,-0.23039960342097165,-1.3432334158035713,-0.8921926946203618
OASIS_1,LinearSVM,13,test,brightness_contrast__severe,brightness_contrast,severe,D:\OASIS_1\distortions_128\brightness_contrast\severe\Very_Mild_Dementia\OAS1_0120\OAS1_0120_slice_14_z073.png,Very_Mild_Dementia/OAS1_0120/OAS1_0120_slice_14_z073.png,Very Mild Dementia/OAS1_0120/OAS1_0120_slice_14_z073.png,OAS1_0120,Very Mild Dementia,1,0,Non-Demented,0,0.6983229403482176,-0.7112944326284272,-1.009831233588167,-0.9395741853620622
OASIS_1,LinearSVM,13,test,brightness_contrast__severe,brightness_contrast,severe,D:\OASIS_1\distortions_128\brightness_contrast\severe\Very_Mild_Dementia\OAS1_0120\OAS1_0120_slice_15_z076.png,Very_Mild_Dementia/OAS1_0120/OAS1_0120_slice_15_z076.png,Very Mild Dementia/OAS1_0120/OAS1_0120_slice_15_z076.png,OAS1_0120,Very Mild Dementia,1,2,Mild Dementia,0,-33.07228925909213,1.1607316908094365,100.0926781853551,-2.852459108634876
OASIS_1,LinearSVM,13,test,brightness_contrast__severe,brightness_contrast,severe,D:\OASIS_1\distortions_128\brightness_contrast\severe\Very_Mild_Dementia\OAS1_0120\OAS1_0120_slice_16_z078.png,Very_Mild_Dementia/OAS1_0120/OAS1_0120_slice_16_z078.png,Very Mild Dementia/OAS1_0120/OAS1_0120_slice_16_z078.png,OAS1_0120,Very Mild Dementia,1,2,Mild Dementia,0,-32.90811327985579,0.9999676920649438,99.85316690311012,-2.8493298602756054
OASIS_1,LinearSVM,13,test,brightness_contrast__severe,brightness_contrast,severe,D:\OASIS_1\distortions_128\brightness_contrast\severe\Very_Mild_Dementia\OAS1_0120\OAS1_0120_slice_17_z081.png,Very_Mild_Dementia/OAS1_0120/OAS1_0120_slice_17_z081.png,Very Mild Dementia/OAS1_0120/OAS1_0120_slice_17_z081.png,OAS1_0120,Very Mild Dementia,1,2,Mild Dementia,0,-32.93362221632311,0.3392047742690582,100.63156584112583,-2.916098731978892
OASIS_1,LinearSVM,13,test,brightness_contrast__severe,brightness_contrast,severe,D:\OASIS_1\distortions_128\brightness_contrast\severe\Very_Mild_Dementia\OAS1_0120\OAS1_0120_slice_18_z084.png,Very_Mild_Dementia/OAS1_0120/OAS1_0120_slice_18_z084.png,Very Mild Dementia/OAS1_0120/OAS1_0120_slice_18_z084.png,OAS1_0120,Very Mild Dementia,1,2,Mild Dementia,0,-33.90314244612255,1.21445045835865,100.69226681310978,-2.943252529957725
OASIS_1,LinearSVM,13,test,brightness_contrast__severe,brightness_contrast,severe,D:\OASIS_1\distortions_128\brightness_contrast\severe\Very_Mild_Dementia\OAS1_0120\OAS1_0120_slice_19_z086.png,Very_Mild_Dementia/OAS1_0120/OAS1_0120_slice_19_z086.png,Very Mild Dementia/OAS1_0120/OAS1_0120_slice_19_z086.png,OAS1_0120,Very Mild Dementia,1,2,Mild Dementia,0,-0.3304354259355766,-0.5510827408340723,0.07668484480175608,-0.9714350889261472
OASIS_1,LinearSVM,13,test,brightness_contrast__severe,brightness_contrast,severe,D:\OASIS_1\distortions_128\brightness_contrast\severe\Very_Mild_Dementia\OAS1_0120\OAS1_0120_slice_20_z089.png,Very_Mild_Dementia/OAS1_0120/OAS1_0120_slice_20_z089.png,Very Mild Dementia/OAS1_0120/OAS1_0120_slice_20_z089.png,OAS1_0120,Very Mild Dementia,1,0,Non-Demented,0,0.20530771446993157,-1.1287253673214563,0.17018569315989673,-1.0294905663453586
OASIS_1,LinearSVM,13,test,brightness_contrast__severe,brightness_contrast,severe,D:\OASIS_1\distortions_128\brightness_contrast\severe\Very_Mild_Dementia\OAS1_0166\OAS1_0166_slice_01_z038.png,Very_Mild_Dementia/OAS1_0166/OAS1_0166_slice_01_z038.png,Very Mild Dementia/OAS1_0166/OAS1_0166_slice_01_z038.png,OAS1_0166,Very Mild Dementia,1,0,Non-Demented,0,2.4541225399444087,-2.8128219882379173,0.20240811372974132,-2.1932164808934704
OASIS_1,LinearSVM,13,test,brightness_contrast__severe,brightness_contrast,severe,D:\OASIS_1\distortions_128\brightness_contrast\severe\Very_Mild_Dementia\OAS1_0166\OAS1_0166_slice_02_z041.png,Very_Mild_Dementia/OAS1_0166/OAS1_0166_slice_02_z041.png,Very Mild Dementia/OAS1_0166/OAS1_0166_slice_02_z041.png,OAS1_0166,Very Mild Dementia,1,0,Non-Demented,0,4.237660314758807,-3.8841370343722135,-0.24990170521218064,-1.8636622567723586
OASIS_1,LinearSVM,13,test,brightness_contrast__severe,brightness_contrast,severe,D:\OASIS_1\distortions_128\brightness_contrast\severe\Very_Mild_Dementia\OAS1_0166\OAS1_0166_slice_03_z043.png,Very_Mild_Dementia/OAS1_0166/OAS1_0166_slice_03_z043.png,Very Mild Dementia/OAS1_0166/OAS1_0166_slice_03_z043.png,OAS1_0166,Very Mild Dementia,1,0,Non-Demented,0,4.605050937846773,-4.213527048599644,-0.5164390233761218,-1.7404002402788405
OASIS_1,LinearSVM,13,test,brightness_contrast__severe,brightness_contrast,severe,D:\OASIS_1\distortions_128\brightness_contrast\severe\Very_Mild_Dementia\OAS1_0166\OAS1_0166_slice_04_z046.png,Very_Mild_Dementia/OAS1_0166/OAS1_0166_slice_04_z046.png,Very Mild Dementia/OAS1_0166/OAS1_0166_slice_04_z046.png,OAS1_0166,Very Mild Dementia,1,0,Non-Demented,0,2.5037483778390355,-2.2841603194134747,-1.1749575655372793,-1.3724379257786123
OASIS_1,LinearSVM,13,test,brightness_contrast__severe,brightness_contrast,severe,D:\OASIS_1\distortions_128\brightness_contrast\severe\Very_Mild_Dementia\OAS1_0166\OAS1_0166_slice_05_z049.png,Very_Mild_Dementia/OAS1_0166/OAS1_0166_slice_05_z049.png,Very Mild Dementia/OAS1_0166/OAS1_0166_slice_05_z049.png,OAS1_0166,Very Mild Dementia,1,0,Non-Demented,0,6.174219535039741,-2.257752349637522,-3.881730479656457,-1.3453797149454996
OASIS_1,LinearSVM,13,test,brightness_contrast__severe,brightness_contrast,severe,D:\OASIS_1\distortions_128\brightness_contrast\severe\Very_Mild_Dementia\OAS1_0166\OAS1_0166_slice_06_z051.png,Very_Mild_Dementia/OAS1_0166/OAS1_0166_slice_06_z051.png,Very Mild Dementia/OAS1_0166/OAS1_0166_slice_06_z051.png,OAS1_0166,Very Mild Dementia,1,2,Mild Dementia,0,-29.933956251452297,0.5697508415643231,98.40068000966342,-3.134649675446809
OASIS_1,LinearSVM,13,test,brightness_contrast__severe,brightness_contrast,severe,D:\OASIS_1\distortions_128\brightness_contrast\severe\Very_Mild_Dementia\OAS1_0166\OAS1_0166_slice_07_z054.png,Very_Mild_Dementia/OAS1_0166/OAS1_0166_slice_07_z054.png,Very Mild Dementia/OAS1_0166/OAS1_0166_slice_07_z054.png,OAS1_0166,Very Mild Dementia,1,2,Mild Dementia,0,-30.344907659628124,1.914430891775746,97.73877062988856,-2.8972569925071423
OASIS_1,LinearSVM,13,test,brightness_contrast__severe,brightness_contrast,severe,D:\OASIS_1\distortions_128\brightness_contrast\severe\Very_Mild_Dementia\OAS1_0166\OAS1_0166_slice_08_z057.png,Very_Mild_Dementia/OAS1_0166/OAS1_0166_slice_08_z057.png,Very Mild Dementia/OAS1_0166/OAS1_0166_slice_08_z057.png,OAS1_0166,Very Mild Dementia,1,1,Very Mild Dementia,1,0.10748690357348135,3.0158989974870245,-2.784427561595978,-0.5848562366107317
OASIS_1,LinearSVM,13,test,brightness_contrast__severe,brightness_contrast,severe,D:\OASIS_1\distortions_128\brightness_contrast\severe\Very_Mild_Dementia\OAS1_0166\OAS1_0166_slice_09_z059.png,Very_Mild_Dementia/OAS1_0166/OAS1_0166_slice_09_z059.png,Very Mild Dementia/OAS1_0166/OAS1_0166_slice_09_z059.png,OAS1_0166,Very Mild Dementia,1,1,Very Mild Dementia,1,0.8475536124995602,2.6231843178767096,-2.5230699045512557,-0.5505158965036208
OASIS_1,LinearSVM,13,test,brightness_contrast__severe,brightness_contrast,severe,D:\OASIS_1\distortions_128\brightness_contrast\severe\Very_Mild_Dementia\OAS1_0166\OAS1_0166_slice_10_z062.png,Very_Mild_Dementia/OAS1_0166/OAS1_0166_slice_10_z062.png,Very Mild Dementia/OAS1_0166/OAS1_0166_slice_10_z062.png,OAS1_0166,Very Mild Dementia,1,1,Very Mild Dementia,1,2.529282564114475,4.713536550696846,-4.040447776572402,-0.03779136859086818
OASIS_1,LinearSVM,13,test,brightness_contrast__severe,brightness_contrast,severe,D:\OASIS_1\distortions_128\brightness_contrast\severe\Very_Mild_Dementia\OAS1_0166\OAS1_0166_slice_11_z065.png,Very_Mild_Dementia/OAS1_0166/OAS1_0166_slice_11_z065.png,Very Mild Dementia/OAS1_0166/OAS1_0166_slice_11_z065.png,OAS1_0166,Very Mild Dementia,1,1,Very Mild Dementia,1,0.7341777455167056,2.658075162585854,-1.9088482739168984,-0.5905431075213011
OASIS_1,LinearSVM,13,test,brightness_contrast__severe,brightness_contrast,severe,D:\OASIS_1\distortions_128\brightness_contrast\severe\Very_Mild_Dementia\OAS1_0166\OAS1_0166_slice_12_z068.png,Very_Mild_Dementia/OAS1_0166/OAS1_0166_slice_12_z068.png,Very Mild Dementia/OAS1_0166/OAS1_0166_slice_12_z068.png,OAS1_0166,Very Mild Dementia,1,1,Very Mild Dementia,1,1.4456347787167854,1.7923372139996894,-1.9186742355604252,-0.5638500117262522
OASIS_1,LinearSVM,13,test,brightness_contrast__severe,brightness_contrast,severe,D:\OASIS_1\distortions_128\brightness_contrast\severe\Very_Mild_Dementia\OAS1_0166\OAS1_0166_slice_13_z070.png,Very_Mild_Dementia/OAS1_0166/OAS1_0166_slice_13_z070.png,Very Mild Dementia/OAS1_0166/OAS1_0166_slice_13_z070.png,OAS1_0166,Very Mild Dementia,1,0,Non-Demented,0,3.020142136001593,2.663287028515518,-2.5282609733587837,-0.4013864070362252
OASIS_1,LinearSVM,13,test,brightness_contrast__severe,brightness_contrast,severe,D:\OASIS_1\distortions_128\brightness_contrast\severe\Very_Mild_Dementia\OAS1_0166\OAS1_0166_slice_14_z073.png,Very_Mild_Dementia/OAS1_0166/OAS1_0166_slice_14_z073.png,Very Mild Dementia/OAS1_0166/OAS1_0166_slice_14_z073.png,OAS1_0166,Very Mild Dementia,1,0,Non-Demented,0,4.345601667332271,0.8095589542282762,-2.308889866048818,-0.6124312065607578
OASIS_1,LinearSVM,13,test,brightness_contrast__severe,brightness_contrast,severe,D:\OASIS_1\distortions_128\brightness_contrast\severe\Very_Mild_Dementia\OAS1_0166\OAS1_0166_slice_15_z076.png,Very_Mild_Dementia/OAS1_0166/OAS1_0166_slice_15_z076.png,Very Mild Dementia/OAS1_0166/OAS1_0166_slice_15_z076.png,OAS1_0166,Very Mild Dementia,1,0,Non-Demented,0,2.887662144759252,-0.9044215871369146,-1.9131409522534777,-0.9362224732805897
OASIS_1,LinearSVM,13,test,brightness_contrast__severe,brightness_contrast,severe,D:\OASIS_1\distortions_128\brightness_contrast\severe\Very_Mild_Dementia\OAS1_0166\OAS1_0166_slice_16_z078.png,Very_Mild_Dementia/OAS1_0166/OAS1_0166_slice_16_z078.png,Very Mild Dementia/OAS1_0166/OAS1_0166_slice_16_z078.png,OAS1_0166,Very Mild Dementia,1,0,Non-Demented,0,1.7712845754040663,-1.7075682861934898,-1.448109844353409,-0.8346760717593138
OASIS_1,LinearSVM,13,test,brightness_contrast__severe,brightness_contrast,severe,D:\OASIS_1\distortions_128\brightness_contrast\severe\Very_Mild_Dementia\OAS1_0166\OAS1_0166_slice_17_z081.png,Very_Mild_Dementia/OAS1_0166/OAS1_0166_slice_17_z081.png,Very Mild Dementia/OAS1_0166/OAS1_0166_slice_17_z081.png,OAS1_0166,Very Mild Dementia,1,0,Non-Demented,0,1.0304220756903795,-1.6490768297141878,-1.2378256492847945,-0.8050672010582202
OASIS_1,LinearSVM,13,test,brightness_contrast__severe,brightness_contrast,severe,D:\OASIS_1\distortions_128\brightness_contrast\severe\Very_Mild_Dementia\OAS1_0166\OAS1_0166_slice_18_z084.png,Very_Mild_Dementia/OAS1_0166/OAS1_0166_slice_18_z084.png,Very Mild Dementia/OAS1_0166/OAS1_0166_slice_18_z084.png,OAS1_0166,Very Mild Dementia,1,0,Non-Demented,0,3.953261580938804,-4.193703954253439,-0.6111414572368045,-1.4081037826798835
OASIS_1,LinearSVM,13,test,brightness_contrast__severe,brightness_contrast,severe,D:\OASIS_1\distortions_128\brightness_contrast\severe\Very_Mild_Dementia\OAS1_0166\OAS1_0166_slice_19_z086.png,Very_Mild_Dementia/OAS1_0166/OAS1_0166_slice_19_z086.png,Very Mild Dementia/OAS1_0166/OAS1_0166_slice_19_z086.png,OAS1_0166,Very Mild Dementia,1,0,Non-Demented,0,3.6327754167009068,-3.9501293447101866,-0.3210418864685884,-1.6939462347834957
OASIS_1,LinearSVM,13,test,brightness_contrast__severe,brightness_contrast,severe,D:\OASIS_1\distortions_128\brightness_contrast\severe\Very_Mild_Dementia\OAS1_0166\OAS1_0166_slice_20_z089.png,Very_Mild_Dementia/OAS1_0166/OAS1_0166_slice_20_z089.png,Very Mild Dementia/OAS1_0166/OAS1_0166_slice_20_z089.png,OAS1_0166,Very Mild Dementia,1,0,Non-Demented,0,2.8795429757250157,-3.455775333314936,0.11973850119221108,-1.5326506798090582
OASIS_1,LinearSVM,13,test,brightness_contrast__severe,brightness_contrast,severe,D:\OASIS_1\distortions_128\brightness_contrast\severe\Very_Mild_Dementia\OAS1_0210\OAS1_0210_slice_01_z038.png,Very_Mild_Dementia/OAS1_0210/OAS1_0210_slice_01_z038.png,Very Mild Dementia/OAS1_0210/OAS1_0210_slice_01_z038.png,OAS1_0210,Very Mild Dementia,1,0,Non-Demented,0,0.45486490149390224,-2.0376294602972145,-0.13153875290362982,-1.0137985608426188
OASIS_1,LinearSVM,13,test,brightness_contrast__severe,brightness_contrast,severe,D:\OASIS_1\distortions_128\brightness_contrast\severe\Very_Mild_Dementia\OAS1_0210\OAS1_0210_slice_02_z041.png,Very_Mild_Dementia/OAS1_0210/OAS1_0210_slice_02_z041.png,Very Mild Dementia/OAS1_0210/OAS1_0210_slice_02_z041.png,OAS1_0210,Very Mild Dementia,1,2,Mild Dementia,0,-32.55806969479874,-1.2189127578270895,101.627630359515,-2.9643563467724334
OASIS_1,LinearSVM,13,test,brightness_contrast__severe,brightness_contrast,severe,D:\OASIS_1\distortions_128\brightness_contrast\severe\Very_Mild_Dementia\OAS1_0210\OAS1_0210_slice_03_z043.png,Very_Mild_Dementia/OAS1_0210/OAS1_0210_slice_03_z043.png,Very Mild Dementia/OAS1_0210/OAS1_0210_slice_03_z043.png,OAS1_0210,Very Mild Dementia,1,2,Mild Dementia,0,1.4348227472817023,-4.17960126890442,1.6883847877900204,-0.9039775370254453
OASIS_1,LinearSVM,13,test,brightness_contrast__severe,brightness_contrast,severe,D:\OASIS_1\distortions_128\brightness_contrast\severe\Very_Mild_Dementia\OAS1_0210\OAS1_0210_slice_04_z046.png,Very_Mild_Dementia/OAS1_0210/OAS1_0210_slice_04_z046.png,Very Mild Dementia/OAS1_0210/OAS1_0210_slice_04_z046.png,OAS1_0210,Very Mild Dementia,1,0,Non-Demented,0,3.264726871431007,-5.0609675588948795,0.8909370780389526,-0.8894747096116001
OASIS_1,LinearSVM,13,test,brightness_contrast__severe,brightness_contrast,severe,D:\OASIS_1\distortions_128\brightness_contrast\severe\Very_Mild_Dementia\OAS1_0210\OAS1_0210_slice_05_z049.png,Very_Mild_Dementia/OAS1_0210/OAS1_0210_slice_05_z049.png,Very Mild Dementia/OAS1_0210/OAS1_0210_slice_05_z049.png,OAS1_0210,Very Mild Dementia,1,0,Non-Demented,0,3.532447330124595,-5.327122377713102,0.30410305469204946,-0.8665017039345208
OASIS_1,LinearSVM,13,test,brightness_contrast__severe,brightness_contrast,severe,D:\OASIS_1\distortions_128\brightness_contrast\severe\Very_Mild_Dementia\OAS1_0210\OAS1_0210_slice_06_z051.png,Very_Mild_Dementia/OAS1_0210/OAS1_0210_slice_06_z051.png,Very Mild Dementia/OAS1_0210/OAS1_0210_slice_06_z051.png,OAS1_0210,Very Mild Dementia,1,0,Non-Demented,0,3.3698995968612566,-4.959213767930141,0.14267968867607217,-0.8963683222181699
OASIS_1,LinearSVM,13,test,brightness_contrast__severe,brightness_contrast,severe,D:\OASIS_1\distortions_128\brightness_contrast\severe\Very_Mild_Dementia\OAS1_0210\OAS1_0210_slice_07_z054.png,Very_Mild_Dementia/OAS1_0210/OAS1_0210_slice_07_z054.png,Very Mild Dementia/OAS1_0210/OAS1_0210_slice_07_z054.png,OAS1_0210,Very Mild Dementia,1,0,Non-Demented,0,1.379866191448667,-2.738977659478918,0.34549447442713,-0.9643970461737168
OASIS_1,LinearSVM,13,test,brightness_contrast__severe,brightness_contrast,severe,D:\OASIS_1\distortions_128\brightness_contrast\severe\Very_Mild_Dementia\OAS1_0210\OAS1_0210_slice_08_z057.png,Very_Mild_Dementia/OAS1_0210/OAS1_0210_slice_08_z057.png,Very Mild Dementia/OAS1_0210/OAS1_0210_slice_08_z057.png,OAS1_0210,Very Mild Dementia,1,0,Non-Demented,0,2.5456320020954633,-2.889868124817641,0.004827673197127291,-0.9944153233538462
OASIS_1,LinearSVM,13,test,brightness_contrast__severe,brightness_contrast,severe,D:\OASIS_1\distortions_128\brightness_contrast\severe\Very_Mild_Dementia\OAS1_0210\OAS1_0210_slice_09_z059.png,Very_Mild_Dementia/OAS1_0210/OAS1_0210_slice_09_z059.png,Very Mild Dementia/OAS1_0210/OAS1_0210_slice_09_z059.png,OAS1_0210,Very Mild Dementia,1,0,Non-Demented,0,1.167801687085237,-2.7635217714206317,0.41593598617097005,-1.1462859446749096
OASIS_1,LinearSVM,13,test,brightness_contrast__severe,brightness_contrast,severe,D:\OASIS_1\distortions_128\brightness_contrast\severe\Very_Mild_Dementia\OAS1_0210\OAS1_0210_slice_10_z062.png,Very_Mild_Dementia/OAS1_0210/OAS1_0210_slice_10_z062.png,Very Mild Dementia/OAS1_0210/OAS1_0210_slice_10_z062.png,OAS1_0210,Very Mild Dementia,1,0,Non-Demented,0,0.7994341257698214,-1.7756395562139722,0.14402790870104887,-1.0608168734483665
OASIS_1,LinearSVM,13,test,brightness_contrast__severe,brightness_contrast,severe,D:\OASIS_1\distortions_128\brightness_contrast\severe\Very_Mild_Dementia\OAS1_0210\OAS1_0210_slice_11_z065.png,Very_Mild_Dementia/OAS1_0210/OAS1_0210_slice_11_z065.png,Very Mild Dementia/OAS1_0210/OAS1_0210_slice_11_z065.png,OAS1_0210,Very Mild Dementia,1,0,Non-Demented,0,0.9285455276076136,-2.9271050832402996,0.7612425267337196,-1.1061501484061613
OASIS_1,LinearSVM,13,test,brightness_contrast__severe,brightness_contrast,severe,D:\OASIS_1\distortions_128\brightness_contrast\severe\Very_Mild_Dementia\OAS1_0210\OAS1_0210_slice_12_z068.png,Very_Mild_Dementia/OAS1_0210/OAS1_0210_slice_12_z068.png,Very Mild Dementia/OAS1_0210/OAS1_0210_slice_12_z068.png,OAS1_0210,Very Mild Dementia,1,0,Non-Demented,0,1.497899297447018,-2.853932546099897,0.16715698492112352,-1.0007293588939066
OASIS_1,LinearSVM,13,test,brightness_contrast__severe,brightness_contrast,severe,D:\OASIS_1\distortions_128\brightness_contrast\severe\Very_Mild_Dementia\OAS1_0210\OAS1_0210_slice_13_z070.png,Very_Mild_Dementia/OAS1_0210/OAS1_0210_slice_13_z070.png,Very Mild Dementia/OAS1_0210/OAS1_0210_slice_13_z070.png,OAS1_0210,Very Mild Dementia,1,2,Mild Dementia,0,-30.387322241630148,-2.1868785888495577,100.52546706837126,-2.963063976792855
OASIS_1,LinearSVM,13,test,brightness_contrast__severe,brightness_contrast,severe,D:\OASIS_1\distortions_128\brightness_contrast\severe\Very_Mild_Dementia\OAS1_0210\OAS1_0210_slice_14_z073.png,Very_Mild_Dementia/OAS1_0210/OAS1_0210_slice_14_z073.png,Very Mild Dementia/OAS1_0210/OAS1_0210_slice_14_z073.png,OAS1_0210,Very Mild Dementia,1,0,Non-Demented,0,6.756280016126788,-8.320867333163884,0.002352474170572383,-0.8628587758811171
OASIS_1,LinearSVM,13,test,brightness_contrast__severe,brightness_contrast,severe,D:\OASIS_1\distortions_128\brightness_contrast\severe\Very_Mild_Dementia\OAS1_0210\OAS1_0210_slice_15_z076.png,Very_Mild_Dementia/OAS1_0210/OAS1_0210_slice_15_z076.png,Very Mild Dementia/OAS1_0210/OAS1_0210_slice_15_z076.png,OAS1_0210,Very Mild Dementia,1,2,Mild Dementia,0,0.365334572118851,-3.1491091262698983,0.9698499179316787,-0.937796028312471
OASIS_1,LinearSVM,13,test,brightness_contrast__severe,brightness_contrast,severe,D:\OASIS_1\distortions_128\brightness_contrast\severe\Very_Mild_Dementia\OAS1_0210\OAS1_0210_slice_16_z078.png,Very_Mild_Dementia/OAS1_0210/OAS1_0210_slice_16_z078.png,Very Mild Dementia/OAS1_0210/OAS1_0210_slice_16_z078.png,OAS1_0210,Very Mild Dementia,1,0,Non-Demented,0,2.213697379688599,-4.050123532551213,0.31739780501252135,-0.6737219647612427
OASIS_1,LinearSVM,13,test,brightness_contrast__severe,brightness_contrast,severe,D:\OASIS_1\distortions_128\brightness_contrast\severe\Very_Mild_Dementia\OAS1_0210\OAS1_0210_slice_17_z081.png,Very_Mild_Dementia/OAS1_0210/OAS1_0210_slice_17_z081.png,Very Mild Dementia/OAS1_0210/OAS1_0210_slice_17_z081.png,OAS1_0210,Very Mild Dementia,1,2,Mild Dementia,0,-32.04964807210129,-1.1410266903441393,101.16108871356818,-2.907804775632616
OASIS_1,LinearSVM,13,test,brightness_contrast__severe,brightness_contrast,severe,D:\OASIS_1\distortions_128\brightness_contrast\severe\Very_Mild_Dementia\OAS1_0210\OAS1_0210_slice_18_z084.png,Very_Mild_Dementia/OAS1_0210/OAS1_0210_slice_18_z084.png,Very Mild Dementia/OAS1_0210/OAS1_0210_slice_18_z084.png,OAS1_0210,Very Mild Dementia,1,0,Non-Demented,0,5.546166356221711,-6.852436149927315,0.5918299217673454,-0.90382468261039
OASIS_1,LinearSVM,13,test,brightness_contrast__severe,brightness_contrast,severe,D:\OASIS_1\distortions_128\brightness_contrast\severe\Very_Mild_Dementia\OAS1_0210\OAS1_0210_slice_19_z086.png,Very_Mild_Dementia/OAS1_0210/OAS1_0210_slice_19_z086.png,Very Mild Dementia/OAS1_0210/OAS1_0210_slice_19_z086.png,OAS1_0210,Very Mild Dementia,1,0,Non-Demented,0,1.8471971465406196,-3.1406080099049336,-0.1349956585988087,-0.9890035670408386
OASIS_1,LinearSVM,13,test,brightness_contrast__severe,brightness_contrast,severe,D:\OASIS_1\distortions_128\brightness_contrast\severe\Very_Mild_Dementia\OAS1_0210\OAS1_0210_slice_20_z089.png,Very_Mild_Dementia/OAS1_0210/OAS1_0210_slice_20_z089.png,Very Mild Dementia/OAS1_0210/OAS1_0210_slice_20_z089.png,OAS1_0210,Very Mild Dementia,1,0,Non-Demented,0,2.8002678230312132,-2.537644449165547,-1.2782602005409096,-1.048663042113717
OASIS_1,LinearSVM,13,test,brightness_contrast__severe,brightness_contrast,severe,D:\OASIS_1\distortions_128\brightness_contrast\severe\Very_Mild_Dementia\OAS1_0287\OAS1_0287_slice_01_z038.png,Very_Mild_Dementia/OAS1_0287/OAS1_0287_slice_01_z038.png,Very Mild Dementia/OAS1_0287/OAS1_0287_slice_01_z038.png,OAS1_0287,Very Mild Dementia,1,2,Mild Dementia,0,-32.51314666390951,0.6795201567789579,99.78276360531983,-2.9783696633799237
OASIS_1,LinearSVM,13,test,brightness_contrast__severe,brightness_contrast,severe,D:\OASIS_1\distortions_128\brightness_contrast\severe\Very_Mild_Dementia\OAS1_0287\OAS1_0287_slice_02_z041.png,Very_Mild_Dementia/OAS1_0287/OAS1_0287_slice_02_z041.png,Very Mild Dementia/OAS1_0287/OAS1_0287_slice_02_z041.png,OAS1_0287,Very Mild Dementia,1,1,Very Mild Dementia,1,0.1875489280312438,0.20806991571807698,-1.6823245005713452,-1.0133026836241457
OASIS_1,LinearSVM,13,test,brightness_contrast__severe,brightness_contrast,severe,D:\OASIS_1\distortions_128\brightness_contrast\severe\Very_Mild_Dementia\OAS1_0287\OAS1_0287_slice_03_z043.png,Very_Mild_Dementia/OAS1_0287/OAS1_0287_slice_03_z043.png,Very Mild Dementia/OAS1_0287/OAS1_0287_slice_03_z043.png,OAS1_0287,Very Mild Dementia,1,1,Very Mild Dementia,1,-0.3530177555505095,0.042848520583798955,-1.4050719940612062,-0.9716208608835589
OASIS_1,LinearSVM,13,test,brightness_contrast__severe,brightness_contrast,severe,D:\OASIS_1\distortions_128\brightness_contrast\severe\Very_Mild_Dementia\OAS1_0287\OAS1_0287_slice_04_z046.png,Very_Mild_Dementia/OAS1_0287/OAS1_0287_slice_04_z046.png,Very Mild Dementia/OAS1_0287/OAS1_0287_slice_04_z046.png,OAS1_0287,Very Mild Dementia,1,1,Very Mild Dementia,1,-0.4310477397597647,1.0970211347707295,-1.6723937893161835,-1.0188653617539742
OASIS_1,LinearSVM,13,test,brightness_contrast__severe,brightness_contrast,severe,D:\OASIS_1\distortions_128\brightness_contrast\severe\Very_Mild_Dementia\OAS1_0287\OAS1_0287_slice_05_z049.png,Very_Mild_Dementia/OAS1_0287/OAS1_0287_slice_05_z049.png,Very Mild Dementia/OAS1_0287/OAS1_0287_slice_05_z049.png,OAS1_0287,Very Mild Dementia,1,0,Non-Demented,0,1.0023979717161589,-0.07919000859434376,-1.2275463251391756,-1.0089387739171845
OASIS_1,LinearSVM,13,test,brightness_contrast__severe,brightness_contrast,severe,D:\OASIS_1\distortions_128\brightness_contrast\severe\Very_Mild_Dementia\OAS1_0287\OAS1_0287_slice_06_z051.png,Very_Mild_Dementia/OAS1_0287/OAS1_0287_slice_06_z051.png,Very Mild Dementia/OAS1_0287/OAS1_0287_slice_06_z051.png,OAS1_0287,Very Mild Dementia,1,0,Non-Demented,0,1.6162997148738811,-1.5340363413838591,-1.0986170270347058,-1.02008697845952
OASIS_1,LinearSVM,13,test,brightness_contrast__severe,brightness_contrast,severe,D:\OASIS_1\distortions_128\brightness_contrast\severe\Very_Mild_Dementia\OAS1_0287\OAS1_0287_slice_07_z054.png,Very_Mild_Dementia/OAS1_0287/OAS1_0287_slice_07_z054.png,Very Mild Dementia/OAS1_0287/OAS1_0287_slice_07_z054.png,OAS1_0287,Very Mild Dementia,1,1,Very Mild Dementia,1,0.3207750495178804,0.78066380807598,-1.6772079348478974,-1.0823533295121899
OASIS_1,LinearSVM,13,test,brightness_contrast__severe,brightness_contrast,severe,D:\OASIS_1\distortions_128\brightness_contrast\severe\Very_Mild_Dementia\OAS1_0287\OAS1_0287_slice_08_z057.png,Very_Mild_Dementia/OAS1_0287/OAS1_0287_slice_08_z057.png,Very Mild Dementia/OAS1_0287/OAS1_0287_slice_08_z057.png,OAS1_0287,Very Mild Dementia,1,1,Very Mild Dementia,1,-0.525689766536195,0.4011731604479573,-1.2239367362227882,-1.0245884249490826
OASIS_1,LinearSVM,13,test,brightness_contrast__severe,brightness_contrast,severe,D:\OASIS_1\distortions_128\brightness_contrast\severe\Very_Mild_Dementia\OAS1_0287\OAS1_0287_slice_09_z059.png,Very_Mild_Dementia/OAS1_0287/OAS1_0287_slice_09_z059.png,Very Mild Dementia/OAS1_0287/OAS1_0287_slice_09_z059.png,OAS1_0287,Very Mild Dementia,1,1,Very Mild Dementia,1,-1.136557261590447,0.8111438211142639,-1.4078781945004795,-0.9847394293930194
OASIS_1,LinearSVM,13,test,brightness_contrast__severe,brightness_contrast,severe,D:\OASIS_1\distortions_128\brightness_contrast\severe\Very_Mild_Dementia\OAS1_0287\OAS1_0287_slice_10_z062.png,Very_Mild_Dementia/OAS1_0287/OAS1_0287_slice_10_z062.png,Very Mild Dementia/OAS1_0287/OAS1_0287_slice_10_z062.png,OAS1_0287,Very Mild Dementia,1,1,Very Mild Dementia,1,-1.1871922841889053,1.3335967797345505,-1.3042965256008916,-0.9487085326104597
OASIS_1,LinearSVM,13,test,brightness_contrast__severe,brightness_contrast,severe,D:\OASIS_1\distortions_128\brightness_contrast\severe\Very_Mild_Dementia\OAS1_0287\OAS1_0287_slice_11_z065.png,Very_Mild_Dementia/OAS1_0287/OAS1_0287_slice_11_z065.png,Very Mild Dementia/OAS1_0287/OAS1_0287_slice_11_z065.png,OAS1_0287,Very Mild Dementia,1,2,Mild Dementia,0,-34.461304453976126,2.3938472835256395,100.00906476851603,-2.967664161433599
OASIS_1,LinearSVM,13,test,brightness_contrast__severe,brightness_contrast,severe,D:\OASIS_1\distortions_128\brightness_contrast\severe\Very_Mild_Dementia\OAS1_0287\OAS1_0287_slice_12_z068.png,Very_Mild_Dementia/OAS1_0287/OAS1_0287_slice_12_z068.png,Very Mild Dementia/OAS1_0287/OAS1_0287_slice_12_z068.png,OAS1_0287,Very Mild Dementia,1,2,Mild Dementia,0,-34.1155055204967,2.0436478996768646,100.10031012143433,-2.9989527717697753
OASIS_1,LinearSVM,13,test,brightness_contrast__severe,brightness_contrast,severe,D:\OASIS_1\distortions_128\brightness_contrast\severe\Very_Mild_Dementia\OAS1_0287\OAS1_0287_slice_13_z070.png,Very_Mild_Dementia/OAS1_0287/OAS1_0287_slice_13_z070.png,Very Mild Dementia/OAS1_0287/OAS1_0287_slice_13_z070.png,OAS1_0287,Very Mild Dementia,1,1,Very Mild Dementia,1,-1.661377637533414,1.3291028271277954,-1.1946678871791478,-1.0432869836292686
OASIS_1,LinearSVM,13,test,brightness_contrast__severe,brightness_contrast,severe,D:\OASIS_1\distortions_128\brightness_contrast\severe\Very_Mild_Dementia\OAS1_0287\OAS1_0287_slice_14_z073.png,Very_Mild_Dementia/OAS1_0287/OAS1_0287_slice_14_z073.png,Very Mild Dementia/OAS1_0287/OAS1_0287_slice_14_z073.png,OAS1_0287,Very Mild Dementia,1,1,Very Mild Dementia,1,-1.1691054193526602,1.112482616110038,-1.1877767474974754,-0.9931414258235173
OASIS_1,LinearSVM,13,test,brightness_contrast__severe,brightness_contrast,severe,D:\OASIS_1\distortions_128\brightness_contrast\severe\Very_Mild_Dementia\OAS1_0287\OAS1_0287_slice_15_z076.png,Very_Mild_Dementia/OAS1_0287/OAS1_0287_slice_15_z076.png,Very Mild Dementia/OAS1_0287/OAS1_0287_slice_15_z076.png,OAS1_0287,Very Mild Dementia,1,2,Mild Dementia,0,-33.36323190542981,2.152404091117413,99.48061789596834,-3.0441890881587637
OASIS_1,LinearSVM,13,test,brightness_contrast__severe,brightness_contrast,severe,D:\OASIS_1\distortions_128\brightness_contrast\severe\Very_Mild_Dementia\OAS1_0287\OAS1_0287_slice_16_z078.png,Very_Mild_Dementia/OAS1_0287/OAS1_0287_slice_16_z078.png,Very Mild Dementia/OAS1_0287/OAS1_0287_slice_16_z078.png,OAS1_0287,Very Mild Dementia,1,0,Non-Demented,0,0.2137966626964823,0.08086799531560773,-1.3681676509945238,-1.1191435071552827
OASIS_1,LinearSVM,13,test,brightness_contrast__severe,brightness_contrast,severe,D:\OASIS_1\distortions_128\brightness_contrast\severe\Very_Mild_Dementia\OAS1_0287\OAS1_0287_slice_17_z081.png,Very_Mild_Dementia/OAS1_0287/OAS1_0287_slice_17_z081.png,Very Mild Dementia/OAS1_0287/OAS1_0287_slice_17_z081.png,OAS1_0287,Very Mild Dementia,1,1,Very Mild Dementia,1,-0.23607617167317274,0.5218781144557243,-1.646998766310722,-1.0315896621886709
OASIS_1,LinearSVM,13,test,brightness_contrast__severe,brightness_contrast,severe,D:\OASIS_1\distortions_128\brightness_contrast\severe\Very_Mild_Dementia\OAS1_0287\OAS1_0287_slice_18_z084.png,Very_Mild_Dementia/OAS1_0287/OAS1_0287_slice_18_z084.png,Very Mild Dementia/OAS1_0287/OAS1_0287_slice_18_z084.png,OAS1_0287,Very Mild Dementia,1,0,Non-Demented,0,0.9260663845800863,0.9053152198323224,-2.9600199635867903,-1.0213657236053326
OASIS_1,LinearSVM,13,test,brightness_contrast__severe,brightness_contrast,severe,D:\OASIS_1\distortions_128\brightness_contrast\severe\Very_Mild_Dementia\OAS1_0287\OAS1_0287_slice_19_z086.png,Very_Mild_Dementia/OAS1_0287/OAS1_0287_slice_19_z086.png,Very Mild Dementia/OAS1_0287/OAS1_0287_slice_19_z086.png,OAS1_0287,Very Mild Dementia,1,1,Very Mild Dementia,1,-1.1830184296945405,1.6809138112022486,-1.5901002429569444,-1.094013064523669
OASIS_1,LinearSVM,13,test,brightness_contrast__severe,brightness_contrast,severe,D:\OASIS_1\distortions_128\brightness_contrast\severe\Very_Mild_Dementia\OAS1_0287\OAS1_0287_slice_20_z089.png,Very_Mild_Dementia/OAS1_0287/OAS1_0287_slice_20_z089.png,Very Mild Dementia/OAS1_0287/OAS1_0287_slice_20_z089.png,OAS1_0287,Very Mild Dementia,1,1,Very Mild Dementia,1,-0.954139737142282,1.4730996369199725,-1.8823456411216917,-1.047786731809867
OASIS_1,LinearSVM,13,test,brightness_contrast__severe,brightness_contrast,severe,D:\OASIS_1\distortions_128\brightness_contrast\severe\Very_Mild_Dementia\OAS1_0312\OAS1_0312_slice_01_z038.png,Very_Mild_Dementia/OAS1_0312/OAS1_0312_slice_01_z038.png,Very Mild Dementia/OAS1_0312/OAS1_0312_slice_01_z038.png,OAS1_0312,Very Mild Dementia,1,2,Mild Dementia,0,-0.3228383968773462,-1.3985063909165945,0.4742149836368189,-0.7830385658340208
OASIS_1,LinearSVM,13,test,brightness_contrast__severe,brightness_contrast,severe,D:\OASIS_1\distortions_128\brightness_contrast\severe\Very_Mild_Dementia\OAS1_0312\OAS1_0312_slice_02_z041.png,Very_Mild_Dementia/OAS1_0312/OAS1_0312_slice_02_z041.png,Very Mild Dementia/OAS1_0312/OAS1_0312_slice_02_z041.png,OAS1_0312,Very Mild Dementia,1,2,Mild Dementia,0,-31.882890066553376,-0.7473828036279055,100.6791006522651,-2.833360352333008
OASIS_1,LinearSVM,13,test,brightness_contrast__severe,brightness_contrast,severe,D:\OASIS_1\distortions_128\brightness_contrast\severe\Very_Mild_Dementia\OAS1_0312\OAS1_0312_slice_03_z043.png,Very_Mild_Dementia/OAS1_0312/OAS1_0312_slice_03_z043.png,Very Mild Dementia/OAS1_0312/OAS1_0312_slice_03_z043.png,OAS1_0312,Very Mild Dementia,1,0,Non-Demented,0,2.230793195735128,-3.930840690172789,-0.23656125139685275,-0.6625457457407402
OASIS_1,LinearSVM,13,test,brightness_contrast__severe,brightness_contrast,severe,D:\OASIS_1\distortions_128\brightness_contrast\severe\Very_Mild_Dementia\OAS1_0312\OAS1_0312_slice_04_z046.png,Very_Mild_Dementia/OAS1_0312/OAS1_0312_slice_04_z046.png,Very Mild Dementia/OAS1_0312/OAS1_0312_slice_04_z046.png,OAS1_0312,Very Mild Dementia,1,0,Non-Demented,0,1.253662236654569,-3.204097058328386,0.007698746429161352,-0.8913713006006307
OASIS_1,LinearSVM,13,test,brightness_contrast__severe,brightness_contrast,severe,D:\OASIS_1\distortions_128\brightness_contrast\severe\Very_Mild_Dementia\OAS1_0312\OAS1_0312_slice_05_z049.png,Very_Mild_Dementia/OAS1_0312/OAS1_0312_slice_05_z049.png,Very Mild Dementia/OAS1_0312/OAS1_0312_slice_05_z049.png,OAS1_0312,Very Mild Dementia,1,0,Non-Demented,0,0.7441560281295514,-3.058167133050318,0.3245371260312718,-1.0486707511370377
OASIS_1,LinearSVM,13,test,brightness_contrast__severe,brightness_contrast,severe,D:\OASIS_1\distortions_128\brightness_contrast\severe\Very_Mild_Dementia\OAS1_0312\OAS1_0312_slice_06_z051.png,Very_Mild_Dementia/OAS1_0312/OAS1_0312_slice_06_z051.png,Very Mild Dementia/OAS1_0312/OAS1_0312_slice_06_z051.png,OAS1_0312,Very Mild Dementia,1,0,Non-Demented,0,0.04412837550632312,-0.9732117135845093,-0.8606749162892489,-0.8916573214876939
OASIS_1,LinearSVM,13,test,brightness_contrast__severe,brightness_contrast,severe,D:\OASIS_1\distortions_128\brightness_contrast\severe\Very_Mild_Dementia\OAS1_0312\OAS1_0312_slice_07_z054.png,Very_Mild_Dementia/OAS1_0312/OAS1_0312_slice_07_z054.png,Very Mild Dementia/OAS1_0312/OAS1_0312_slice_07_z054.png,OAS1_0312,Very Mild Dementia,1,2,Mild Dementia,0,-0.6142738968340653,-1.0202644780185683,-0.05731954637269898,-1.0985291766964225
OASIS_1,LinearSVM,13,test,brightness_contrast__severe,brightness_contrast,severe,D:\OASIS_1\distortions_128\brightness_contrast\severe\Very_Mild_Dementia\OAS1_0312\OAS1_0312_slice_08_z057.png,Very_Mild_Dementia/OAS1_0312/OAS1_0312_slice_08_z057.png,Very Mild Dementia/OAS1_0312/OAS1_0312_slice_08_z057.png,OAS1_0312,Very Mild Dementia,1,2,Mild Dementia,0,-33.18287440085563,1.104050260889844,99.60617824420994,-2.8684626847548755
OASIS_1,LinearSVM,13,test,brightness_contrast__severe,brightness_contrast,severe,D:\OASIS_1\distortions_128\brightness_contrast\severe\Very_Mild_Dementia\OAS1_0312\OAS1_0312_slice_09_z059.png,Very_Mild_Dementia/OAS1_0312/OAS1_0312_slice_09_z059.png,Very Mild Dementia/OAS1_0312/OAS1_0312_slice_09_z059.png,OAS1_0312,Very Mild Dementia,1,2,Mild Dementia,0,-32.56932377506189,0.558307988689501,99.67784929756696,-2.898067209024895
OASIS_1,LinearSVM,13,test,brightness_contrast__severe,brightness_contrast,severe,D:\OASIS_1\distortions_128\brightness_contrast\severe\Very_Mild_Dementia\OAS1_0312\OAS1_0312_slice_10_z062.png,Very_Mild_Dementia/OAS1_0312/OAS1_0312_slice_10_z062.png,Very Mild Dementia/OAS1_0312/OAS1_0312_slice_10_z062.png,OAS1_0312,Very Mild Dementia,1,0,Non-Demented,0,-0.24686442741829073,-0.6320337642876073,-0.7683498456442127,-0.9268273583520243
OASIS_1,LinearSVM,13,test,brightness_contrast__severe,brightness_contrast,severe,D:\OASIS_1\distortions_128\brightness_contrast\severe\Very_Mild_Dementia\OAS1_0312\OAS1_0312_slice_11_z065.png,Very_Mild_Dementia/OAS1_0312/OAS1_0312_slice_11_z065.png,Very Mild Dementia/OAS1_0312/OAS1_0312_slice_11_z065.png,OAS1_0312,Very Mild Dementia,1,0,Non-Demented,0,0.6493760070337269,-1.1993008383214296,-1.334803876610113,-0.7820632514512361
OASIS_1,LinearSVM,13,test,brightness_contrast__severe,brightness_contrast,severe,D:\OASIS_1\distortions_128\brightness_contrast\severe\Very_Mild_Dementia\OAS1_0312\OAS1_0312_slice_12_z068.png,Very_Mild_Dementia/OAS1_0312/OAS1_0312_slice_12_z068.png,Very Mild Dementia/OAS1_0312/OAS1_0312_slice_12_z068.png,OAS1_0312,Very Mild Dementia,1,2,Mild Dementia,0,-0.16234259859271083,-1.1661962609124477,-0.15149450313073382,-1.2677426410011687
OASIS_1,LinearSVM,13,test,brightness_contrast__severe,brightness_contrast,severe,D:\OASIS_1\distortions_128\brightness_contrast\severe\Very_Mild_Dementia\OAS1_0312\OAS1_0312_slice_13_z070.png,Very_Mild_Dementia/OAS1_0312/OAS1_0312_slice_13_z070.png,Very Mild Dementia/OAS1_0312/OAS1_0312_slice_13_z070.png,OAS1_0312,Very Mild Dementia,1,0,Non-Demented,0,0.5530393288206861,-1.1578540439123208,-0.47257667849126755,-1.0846661955524304
OASIS_1,LinearSVM,13,test,brightness_contrast__severe,brightness_contrast,severe,D:\OASIS_1\distortions_128\brightness_contrast\severe\Very_Mild_Dementia\OAS1_0312\OAS1_0312_slice_14_z073.png,Very_Mild_Dementia/OAS1_0312/OAS1_0312_slice_14_z073.png,Very Mild Dementia/OAS1_0312/OAS1_0312_slice_14_z073.png,OAS1_0312,Very Mild Dementia,1,0,Non-Demented,0,0.6339022249666455,-1.342873835120494,-0.6594058967303265,-1.0438522151785496
OASIS_1,LinearSVM,13,test,brightness_contrast__severe,brightness_contrast,severe,D:\OASIS_1\distortions_128\brightness_contrast\severe\Very_Mild_Dementia\OAS1_0312\OAS1_0312_slice_15_z076.png,Very_Mild_Dementia/OAS1_0312/OAS1_0312_slice_15_z076.png,Very Mild Dementia/OAS1_0312/OAS1_0312_slice_15_z076.png,OAS1_0312,Very Mild Dementia,1,0,Non-Demented,0,2.0287523306978508,-1.936056708894079,-1.6795740024731307,-1.1431884176529346
OASIS_1,LinearSVM,13,test,brightness_contrast__severe,brightness_contrast,severe,D:\OASIS_1\distortions_128\brightness_contrast\severe\Very_Mild_Dementia\OAS1_0312\OAS1_0312_slice_16_z078.png,Very_Mild_Dementia/OAS1_0312/OAS1_0312_slice_16_z078.png,Very Mild Dementia/OAS1_0312/OAS1_0312_slice_16_z078.png,OAS1_0312,Very Mild Dementia,1,0,Non-Demented,0,1.1073642069298695,-1.812186757633233,-0.5011410069027111,-1.1861719870523588
OASIS_1,LinearSVM,13,test,brightness_contrast__severe,brightness_contrast,severe,D:\OASIS_1\distortions_128\brightness_contrast\severe\Very_Mild_Dementia\OAS1_0312\OAS1_0312_slice_17_z081.png,Very_Mild_Dementia/OAS1_0312/OAS1_0312_slice_17_z081.png,Very Mild Dementia/OAS1_0312/OAS1_0312_slice_17_z081.png,OAS1_0312,Very Mild Dementia,1,0,Non-Demented,0,1.938982164599797,-1.608658668738789,-1.1252586201967385,-0.7532760133104947
OASIS_1,LinearSVM,13,test,brightness_contrast__severe,brightness_contrast,severe,D:\OASIS_1\distortions_128\brightness_contrast\severe\Very_Mild_Dementia\OAS1_0312\OAS1_0312_slice_18_z084.png,Very_Mild_Dementia/OAS1_0312/OAS1_0312_slice_18_z084.png,Very Mild Dementia/OAS1_0312/OAS1_0312_slice_18_z084.png,OAS1_0312,Very Mild Dementia,1,0,Non-Demented,0,1.8022135322175714,-1.522195005037738,-0.4323721674349286,-0.7989938984431675
OASIS_1,LinearSVM,13,test,brightness_contrast__severe,brightness_contrast,severe,D:\OASIS_1\distortions_128\brightness_contrast\severe\Very_Mild_Dementia\OAS1_0312\OAS1_0312_slice_19_z086.png,Very_Mild_Dementia/OAS1_0312/OAS1_0312_slice_19_z086.png,Very Mild Dementia/OAS1_0312/OAS1_0312_slice_19_z086.png,OAS1_0312,Very Mild Dementia,1,2,Mild Dementia,0,0.06446809874674522,-0.9482272437602512,0.5592718539011091,-0.9707136143902092
OASIS_1,LinearSVM,13,test,brightness_contrast__severe,brightness_contrast,severe,D:\OASIS_1\distortions_128\brightness_contrast\severe\Very_Mild_Dementia\OAS1_0312\OAS1_0312_slice_20_z089.png,Very_Mild_Dementia/OAS1_0312/OAS1_0312_slice_20_z089.png,Very Mild Dementia/OAS1_0312/OAS1_0312_slice_20_z089.png,OAS1_0312,Very Mild Dementia,1,2,Mild Dementia,0,-1.1584008395475665,-0.9487299831502758,1.1554586946355876,-0.8637801880335807
OASIS_1,LinearSVM,13,test,brightness_contrast__severe,brightness_contrast,severe,D:\OASIS_1\distortions_128\brightness_contrast\severe\Very_Mild_Dementia\OAS1_0380\OAS1_0380_slice_01_z038.png,Very_Mild_Dementia/OAS1_0380/OAS1_0380_slice_01_z038.png,Very Mild Dementia/OAS1_0380/OAS1_0380_slice_01_z038.png,OAS1_0380,Very Mild Dementia,1,2,Mild Dementia,0,-33.56231684397641,0.7737005468278344,100.69929285986663,-2.9496715617413702
OASIS_1,LinearSVM,13,test,brightness_contrast__severe,brightness_contrast,severe,D:\OASIS_1\distortions_128\brightness_contrast\severe\Very_Mild_Dementia\OAS1_0380\OAS1_0380_slice_02_z041.png,Very_Mild_Dementia/OAS1_0380/OAS1_0380_slice_02_z041.png,Very Mild Dementia/OAS1_0380/OAS1_0380_slice_02_z041.png,OAS1_0380,Very Mild Dementia,1,1,Very Mild Dementia,1,-2.2490193718442844,0.6148350886630547,-0.4714418226701819,-0.8366888187737394
OASIS_1,LinearSVM,13,test,brightness_contrast__severe,brightness_contrast,severe,D:\OASIS_1\distortions_128\brightness_contrast\severe\Very_Mild_Dementia\OAS1_0380\OAS1_0380_slice_03_z043.png,Very_Mild_Dementia/OAS1_0380/OAS1_0380_slice_03_z043.png,Very Mild Dementia/OAS1_0380/OAS1_0380_slice_03_z043.png,OAS1_0380,Very Mild Dementia,1,1,Very Mild Dementia,1,-1.3536470658973379,0.028271804479321316,-0.3797627232462483,-0.9732778197697451
OASIS_1,LinearSVM,13,test,brightness_contrast__severe,brightness_contrast,severe,D:\OASIS_1\distortions_128\brightness_contrast\severe\Very_Mild_Dementia\OAS1_0380\OAS1_0380_slice_04_z046.png,Very_Mild_Dementia/OAS1_0380/OAS1_0380_slice_04_z046.png,Very Mild Dementia/OAS1_0380/OAS1_0380_slice_04_z046.png,OAS1_0380,Very Mild Dementia,1,1,Very Mild Dementia,1,-1.198620580551291,0.3997361966617678,-0.921362116441313,-0.9964548171949809
OASIS_1,LinearSVM,13,test,brightness_contrast__severe,brightness_contrast,severe,D:\OASIS_1\distortions_128\brightness_contrast\severe\Very_Mild_Dementia\OAS1_0380\OAS1_0380_slice_05_z049.png,Very_Mild_Dementia/OAS1_0380/OAS1_0380_slice_05_z049.png,Very Mild Dementia/OAS1_0380/OAS1_0380_slice_05_z049.png,OAS1_0380,Very Mild Dementia,1,1,Very Mild Dementia,1,-0.8100065451784646,0.0734035001375607,-0.9687679405951671,-0.9719462864735068
OASIS_1,LinearSVM,13,test,brightness_contrast__severe,brightness_contrast,severe,D:\OASIS_1\distortions_128\brightness_contrast\severe\Very_Mild_Dementia\OAS1_0380\OAS1_0380_slice_06_z051.png,Very_Mild_Dementia/OAS1_0380/OAS1_0380_slice_06_z051.png,Very Mild Dementia/OAS1_0380/OAS1_0380_slice_06_z051.png,OAS1_0380,Very Mild Dementia,1,1,Very Mild Dementia,1,-1.5663349057176572,0.8759232314304846,-0.9348567113732955,-1.0092863463984947
OASIS_1,LinearSVM,13,test,brightness_contrast__severe,brightness_contrast,severe,D:\OASIS_1\distortions_128\brightness_contrast\severe\Very_Mild_Dementia\OAS1_0380\OAS1_0380_slice_07_z054.png,Very_Mild_Dementia/OAS1_0380/OAS1_0380_slice_07_z054.png,Very Mild Dementia/OAS1_0380/OAS1_0380_slice_07_z054.png,OAS1_0380,Very Mild Dementia,1,1,Very Mild Dementia,1,-1.3420645101397182,1.2148994092759606,-1.0455271812319769,-1.0680580242221365
OASIS_1,LinearSVM,13,test,brightness_contrast__severe,brightness_contrast,severe,D:\OASIS_1\distortions_128\brightness_contrast\severe\Very_Mild_Dementia\OAS1_0380\OAS1_0380_slice_08_z057.png,Very_Mild_Dementia/OAS1_0380/OAS1_0380_slice_08_z057.png,Very Mild Dementia/OAS1_0380/OAS1_0380_slice_08_z057.png,OAS1_0380,Very Mild Dementia,1,1,Very Mild Dementia,1,-1.8777010579458933,0.9548294048113894,-0.2074496713645576,-0.981631724798835
OASIS_1,LinearSVM,13,test,brightness_contrast__severe,brightness_contrast,severe,D:\OASIS_1\distortions_128\brightness_contrast\severe\Very_Mild_Dementia\OAS1_0380\OAS1_0380_slice_09_z059.png,Very_Mild_Dementia/OAS1_0380/OAS1_0380_slice_09_z059.png,Very Mild Dementia/OAS1_0380/OAS1_0380_slice_09_z059.png,OAS1_0380,Very Mild Dementia,1,1,Very Mild Dementia,1,-1.604165365159636,0.7765184701552106,-0.6912913162375083,-0.8523638290190858
OASIS_1,LinearSVM,13,test,brightness_contrast__severe,brightness_contrast,severe,D:\OASIS_1\distortions_128\brightness_contrast\severe\Very_Mild_Dementia\OAS1_0380\OAS1_0380_slice_10_z062.png,Very_Mild_Dementia/OAS1_0380/OAS1_0380_slice_10_z062.png,Very Mild Dementia/OAS1_0380/OAS1_0380_slice_10_z062.png,OAS1_0380,Very Mild Dementia,1,1,Very Mild Dementia,1,-0.25759089255050516,0.08762160270919694,-0.9640570984459131,-1.0247824583026286
OASIS_1,LinearSVM,13,test,brightness_contrast__severe,brightness_contrast,severe,D:\OASIS_1\distortions_128\brightness_contrast\severe\Very_Mild_Dementia\OAS1_0380\OAS1_0380_slice_11_z065.png,Very_Mild_Dementia/OAS1_0380/OAS1_0380_slice_11_z065.png,Very Mild Dementia/OAS1_0380/OAS1_0380_slice_11_z065.png,OAS1_0380,Very Mild Dementia,1,0,Non-Demented,0,0.08873448777535181,0.059674945585610484,-1.193370774154657,-0.9518680118063588
OASIS_1,LinearSVM,13,test,brightness_contrast__severe,brightness_contrast,severe,D:\OASIS_1\distortions_128\brightness_contrast\severe\Very_Mild_Dementia\OAS1_0380\OAS1_0380_slice_12_z068.png,Very_Mild_Dementia/OAS1_0380/OAS1_0380_slice_12_z068.png,Very Mild Dementia/OAS1_0380/OAS1_0380_slice_12_z068.png,OAS1_0380,Very Mild Dementia,1,0,Non-Demented,0,2.7017132869113287,-0.964359546052185,-2.121438497637219,-0.9564803251090565
OASIS_1,LinearSVM,13,test,brightness_contrast__severe,brightness_contrast,severe,D:\OASIS_1\distortions_128\brightness_contrast\severe\Very_Mild_Dementia\OAS1_0380\OAS1_0380_slice_13_z070.png,Very_Mild_Dementia/OAS1_0380/OAS1_0380_slice_13_z070.png,Very Mild Dementia/OAS1_0380/OAS1_0380_slice_13_z070.png,OAS1_0380,Very Mild Dementia,1,2,Mild Dementia,0,-32.098413606992466,0.8185926264012213,99.76232110442493,-2.920645201402074
OASIS_1,LinearSVM,13,test,brightness_contrast__severe,brightness_contrast,severe,D:\OASIS_1\distortions_128\brightness_contrast\severe\Very_Mild_Dementia\OAS1_0380\OAS1_0380_slice_14_z073.png,Very_Mild_Dementia/OAS1_0380/OAS1_0380_slice_14_z073.png,Very Mild Dementia/OAS1_0380/OAS1_0380_slice_14_z073.png,OAS1_0380,Very Mild Dementia,1,0,Non-Demented,0,0.8400522565214723,-0.8180715569162011,-0.5816167830567335,-0.9487399293358121
OASIS_1,LinearSVM,13,test,brightness_contrast__severe,brightness_contrast,severe,D:\OASIS_1\distortions_128\brightness_contrast\severe\Very_Mild_Dementia\OAS1_0380\OAS1_0380_slice_15_z076.png,Very_Mild_Dementia/OAS1_0380/OAS1_0380_slice_15_z076.png,Very Mild Dementia/OAS1_0380/OAS1_0380_slice_15_z076.png,OAS1_0380,Very Mild Dementia,1,0,Non-Demented,0,-0.18133569807666344,-0.513722585576617,-0.8099720625183686,-0.8217112292550118
OASIS_1,LinearSVM,13,test,brightness_contrast__severe,brightness_contrast,severe,D:\OASIS_1\distortions_128\brightness_contrast\severe\Very_Mild_Dementia\OAS1_0380\OAS1_0380_slice_16_z078.png,Very_Mild_Dementia/OAS1_0380/OAS1_0380_slice_16_z078.png,Very Mild Dementia/OAS1_0380/OAS1_0380_slice_16_z078.png,OAS1_0380,Very Mild Dementia,1,2,Mild Dementia,0,-33.72207754874115,1.2870206240074484,100.15959242857414,-2.855123445897823
OASIS_1,LinearSVM,13,test,brightness_contrast__severe,brightness_contrast,severe,D:\OASIS_1\distortions_128\brightness_contrast\severe\Very_Mild_Dementia\OAS1_0380\OAS1_0380_slice_17_z081.png,Very_Mild_Dementia/OAS1_0380/OAS1_0380_slice_17_z081.png,Very Mild Dementia/OAS1_0380/OAS1_0380_slice_17_z081.png,OAS1_0380,Very Mild Dementia,1,2,Mild Dementia,0,-34.33629762617125,1.3090640980067665,100.49578346269837,-2.856738059967317
OASIS_1,LinearSVM,13,test,brightness_contrast__severe,brightness_contrast,severe,D:\OASIS_1\distortions_128\brightness_contrast\severe\Very_Mild_Dementia\OAS1_0380\OAS1_0380_slice_18_z084.png,Very_Mild_Dementia/OAS1_0380/OAS1_0380_slice_18_z084.png,Very Mild Dementia/OAS1_0380/OAS1_0380_slice_18_z084.png,OAS1_0380,Very Mild Dementia,1,2,Mild Dementia,0,-1.0996811084782245,-0.5678411763140271,-0.5609403242819859,-0.9662612102756484
OASIS_1,LinearSVM,13,test,brightness_contrast__severe,brightness_contrast,severe,D:\OASIS_1\distortions_128\brightness_contrast\severe\Very_Mild_Dementia\OAS1_0380\OAS1_0380_slice_19_z086.png,Very_Mild_Dementia/OAS1_0380/OAS1_0380_slice_19_z086.png,Very Mild Dementia/OAS1_0380/OAS1_0380_slice_19_z086.png,OAS1_0380,Very Mild Dementia,1,2,Mild Dementia,0,-0.9685224777416614,-1.400130003278288,0.08224275377520729,-0.9457879486303091
OASIS_1,LinearSVM,13,test,brightness_contrast__severe,brightness_contrast,severe,D:\OASIS_1\distortions_128\brightness_contrast\severe\Very_Mild_Dementia\OAS1_0380\OAS1_0380_slice_20_z089.png,Very_Mild_Dementia/OAS1_0380/OAS1_0380_slice_20_z089.png,Very Mild Dementia/OAS1_0380/OAS1_0380_slice_20_z089.png,OAS1_0380,Very Mild Dementia,1,2,Mild Dementia,0,-33.95499379883727,1.1079299313039943,100.71926931630189,-2.9529407519587867
OASIS_1,LinearSVM,13,test,brightness_contrast__severe,brightness_contrast,severe,D:\OASIS_1\distortions_128\brightness_contrast\severe\Very_Mild_Dementia\OAS1_0400\OAS1_0400_slice_01_z038.png,Very_Mild_Dementia/OAS1_0400/OAS1_0400_slice_01_z038.png,Very Mild Dementia/OAS1_0400/OAS1_0400_slice_01_z038.png,OAS1_0400,Very Mild Dementia,1,2,Mild Dementia,0,-32.60708803512208,0.7253603681997252,99.90760460694771,-2.971923079306559
OASIS_1,LinearSVM,13,test,brightness_contrast__severe,brightness_contrast,severe,D:\OASIS_1\distortions_128\brightness_contrast\severe\Very_Mild_Dementia\OAS1_0400\OAS1_0400_slice_02_z041.png,Very_Mild_Dementia/OAS1_0400/OAS1_0400_slice_02_z041.png,Very Mild Dementia/OAS1_0400/OAS1_0400_slice_02_z041.png,OAS1_0400,Very Mild Dementia,1,0,Non-Demented,0,1.8316149237549992,-2.573767574511807,-0.2473075973258378,-0.8530573256318704
OASIS_1,LinearSVM,13,test,brightness_contrast__severe,brightness_contrast,severe,D:\OASIS_1\distortions_128\brightness_contrast\severe\Very_Mild_Dementia\OAS1_0400\OAS1_0400_slice_03_z043.png,Very_Mild_Dementia/OAS1_0400/OAS1_0400_slice_03_z043.png,Very Mild Dementia/OAS1_0400/OAS1_0400_slice_03_z043.png,OAS1_0400,Very Mild Dementia,1,2,Mild Dementia,0,-0.29575594135940947,-1.9530269823987492,0.4605269831054509,-0.7921538298305252
OASIS_1,LinearSVM,13,test,brightness_contrast__severe,brightness_contrast,severe,D:\OASIS_1\distortions_128\brightness_contrast\severe\Very_Mild_Dementia\OAS1_0400\OAS1_0400_slice_04_z046.png,Very_Mild_Dementia/OAS1_0400/OAS1_0400_slice_04_z046.png,Very Mild Dementia/OAS1_0400/OAS1_0400_slice_04_z046.png,OAS1_0400,Very Mild Dementia,1,0,Non-Demented,0,0.8926633655884899,-1.574134941618596,-0.809788840494875,-0.9419180725813406
OASIS_1,LinearSVM,13,test,brightness_contrast__severe,brightness_contrast,severe,D:\OASIS_1\distortions_128\brightness_contrast\severe\Very_Mild_Dementia\OAS1_0400\OAS1_0400_slice_05_z049.png,Very_Mild_Dementia/OAS1_0400/OAS1_0400_slice_05_z049.png,Very Mild Dementia/OAS1_0400/OAS1_0400_slice_05_z049.png,OAS1_0400,Very Mild Dementia,1,0,Non-Demented,0,1.8129651266933107,-1.7638772640984401,-1.4720567535221973,-0.8361379234852849
OASIS_1,LinearSVM,13,test,brightness_contrast__severe,brightness_contrast,severe,D:\OASIS_1\distortions_128\brightness_contrast\severe\Very_Mild_Dementia\OAS1_0400\OAS1_0400_slice_06_z051.png,Very_Mild_Dementia/OAS1_0400/OAS1_0400_slice_06_z051.png,Very Mild Dementia/OAS1_0400/OAS1_0400_slice_06_z051.png,OAS1_0400,Very Mild Dementia,1,0,Non-Demented,0,0.9463444767955254,-1.2508631699856436,-1.6509115795398959,-0.8647070911059733
OASIS_1,LinearSVM,13,test,brightness_contrast__severe,brightness_contrast,severe,D:\OASIS_1\distortions_128\brightness_contrast\severe\Very_Mild_Dementia\OAS1_0400\OAS1_0400_slice_07_z054.png,Very_Mild_Dementia/OAS1_0400/OAS1_0400_slice_07_z054.png,Very Mild Dementia/OAS1_0400/OAS1_0400_slice_07_z054.png,OAS1_0400,Very Mild Dementia,1,0,Non-Demented,0,0.9772803884186454,-1.392216508139526,-1.591440847407553,-0.9110217930712519
OASIS_1,LinearSVM,13,test,brightness_contrast__severe,brightness_contrast,severe,D:\OASIS_1\distortions_128\brightness_contrast\severe\Very_Mild_Dementia\OAS1_0400\OAS1_0400_slice_08_z057.png,Very_Mild_Dementia/OAS1_0400/OAS1_0400_slice_08_z057.png,Very Mild Dementia/OAS1_0400/OAS1_0400_slice_08_z057.png,OAS1_0400,Very Mild Dementia,1,0,Non-Demented,0,0.6994968771742822,-1.225356256276221,-1.184920629021931,-0.9258082792618432
OASIS_1,LinearSVM,13,test,brightness_contrast__severe,brightness_contrast,severe,D:\OASIS_1\distortions_128\brightness_contrast\severe\Very_Mild_Dementia\OAS1_0400\OAS1_0400_slice_09_z059.png,Very_Mild_Dementia/OAS1_0400/OAS1_0400_slice_09_z059.png,Very Mild Dementia/OAS1_0400/OAS1_0400_slice_09_z059.png,OAS1_0400,Very Mild Dementia,1,0,Non-Demented,0,0.598273084219135,-0.6807206907269233,-1.540901372629964,-0.8902770222803154
OASIS_1,LinearSVM,13,test,brightness_contrast__severe,brightness_contrast,severe,D:\OASIS_1\distortions_128\brightness_contrast\severe\Very_Mild_Dementia\OAS1_0400\OAS1_0400_slice_10_z062.png,Very_Mild_Dementia/OAS1_0400/OAS1_0400_slice_10_z062.png,Very Mild Dementia/OAS1_0400/OAS1_0400_slice_10_z062.png,OAS1_0400,Very Mild Dementia,1,0,Non-Demented,0,0.7701234388869052,-0.33439047300430846,-1.9396817549608247,-0.8771503858013064
OASIS_1,LinearSVM,13,test,brightness_contrast__severe,brightness_contrast,severe,D:\OASIS_1\distortions_128\brightness_contrast\severe\Very_Mild_Dementia\OAS1_0400\OAS1_0400_slice_11_z065.png,Very_Mild_Dementia/OAS1_0400/OAS1_0400_slice_11_z065.png,Very Mild Dementia/OAS1_0400/OAS1_0400_slice_11_z065.png,OAS1_0400,Very Mild Dementia,1,2,Mild Dementia,0,-32.017827775846484,-0.0959217228534524,99.34382294940596,-2.9074424753813535
OASIS_1,LinearSVM,13,test,brightness_contrast__severe,brightness_contrast,severe,D:\OASIS_1\distortions_128\brightness_contrast\severe\Very_Mild_Dementia\OAS1_0400\OAS1_0400_slice_12_z068.png,Very_Mild_Dementia/OAS1_0400/OAS1_0400_slice_12_z068.png,Very Mild Dementia/OAS1_0400/OAS1_0400_slice_12_z068.png,OAS1_0400,Very Mild Dementia,1,0,Non-Demented,0,1.6799509452765458,-2.361127629466691,-1.481622654150966,-0.8517420282373713
OASIS_1,LinearSVM,13,test,brightness_contrast__severe,brightness_contrast,severe,D:\OASIS_1\distortions_128\brightness_contrast\severe\Very_Mild_Dementia\OAS1_0400\OAS1_0400_slice_13_z070.png,Very_Mild_Dementia/OAS1_0400/OAS1_0400_slice_13_z070.png,Very Mild Dementia/OAS1_0400/OAS1_0400_slice_13_z070.png,OAS1_0400,Very Mild Dementia,1,0,Non-Demented,0,0.5849193577816154,-1.0989375107012267,-1.352261462875889,-0.9288782011221752
OASIS_1,LinearSVM,13,test,brightness_contrast__severe,brightness_contrast,severe,D:\OASIS_1\distortions_128\brightness_contrast\severe\Very_Mild_Dementia\OAS1_0400\OAS1_0400_slice_14_z073.png,Very_Mild_Dementia/OAS1_0400/OAS1_0400_slice_14_z073.png,Very Mild Dementia/OAS1_0400/OAS1_0400_slice_14_z073.png,OAS1_0400,Very Mild Dementia,1,2,Mild Dementia,0,-0.40822469900048347,-0.999191489900598,-0.4063134780704558,-0.9336281182939316
OASIS_1,LinearSVM,13,test,brightness_contrast__severe,brightness_contrast,severe,D:\OASIS_1\distortions_128\brightness_contrast\severe\Very_Mild_Dementia\OAS1_0400\OAS1_0400_slice_15_z076.png,Very_Mild_Dementia/OAS1_0400/OAS1_0400_slice_15_z076.png,Very Mild Dementia/OAS1_0400/OAS1_0400_slice_15_z076.png,OAS1_0400,Very Mild Dementia,1,2,Mild Dementia,0,-0.8871352113013249,-1.0302575869544015,-0.5922179640864735,-0.7283861767802955
OASIS_1,LinearSVM,13,test,brightness_contrast__severe,brightness_contrast,severe,D:\OASIS_1\distortions_128\brightness_contrast\severe\Very_Mild_Dementia\OAS1_0400\OAS1_0400_slice_16_z078.png,Very_Mild_Dementia/OAS1_0400/OAS1_0400_slice_16_z078.png,Very Mild Dementia/OAS1_0400/OAS1_0400_slice_16_z078.png,OAS1_0400,Very Mild Dementia,1,0,Non-Demented,0,-0.5605704684520894,-0.733958691985614,-1.2430878505298173,-0.7739008533161018
OASIS_1,LinearSVM,13,test,brightness_contrast__severe,brightness_contrast,severe,D:\OASIS_1\distortions_128\brightness_contrast\severe\Very_Mild_Dementia\OAS1_0400\OAS1_0400_slice_17_z081.png,Very_Mild_Dementia/OAS1_0400/OAS1_0400_slice_17_z081.png,Very Mild Dementia/OAS1_0400/OAS1_0400_slice_17_z081.png,OAS1_0400,Very Mild Dementia,1,2,Mild Dementia,0,-0.13968977204832883,-1.835199550834337,0.4116983122895149,-0.9367971479570488
OASIS_1,LinearSVM,13,test,brightness_contrast__severe,brightness_contrast,severe,D:\OASIS_1\distortions_128\brightness_contrast\severe\Very_Mild_Dementia\OAS1_0400\OAS1_0400_slice_18_z084.png,Very_Mild_Dementia/OAS1_0400/OAS1_0400_slice_18_z084.png,Very Mild Dementia/OAS1_0400/OAS1_0400_slice_18_z084.png,OAS1_0400,Very Mild Dementia,1,2,Mild Dementia,0,0.1030099728544103,-1.9015388548755274,0.2907617253919983,-0.9017675238434707
OASIS_1,LinearSVM,13,test,brightness_contrast__severe,brightness_contrast,severe,D:\OASIS_1\distortions_128\brightness_contrast\severe\Very_Mild_Dementia\OAS1_0400\OAS1_0400_slice_19_z086.png,Very_Mild_Dementia/OAS1_0400/OAS1_0400_slice_19_z086.png,Very Mild Dementia/OAS1_0400/OAS1_0400_slice_19_z086.png,OAS1_0400,Very Mild Dementia,1,2,Mild Dementia,0,-32.223781283843806,-0.43920200895109046,100.65971698668243,-2.937623691078291
OASIS_1,LinearSVM,13,test,brightness_contrast__severe,brightness_contrast,severe,D:\OASIS_1\distortions_128\brightness_contrast\severe\Very_Mild_Dementia\OAS1_0400\OAS1_0400_slice_20_z089.png,Very_Mild_Dementia/OAS1_0400/OAS1_0400_slice_20_z089.png,Very Mild Dementia/OAS1_0400/OAS1_0400_slice_20_z089.png,OAS1_0400,Very Mild Dementia,1,2,Mild Dementia,0,-33.26442613483458,0.4299720595537568,100.36460001891204,-2.9327227653595394
OASIS_1,LinearSVM,13,test,brightness_contrast__severe,brightness_contrast,severe,D:\OASIS_1\distortions_128\brightness_contrast\severe\Very_Mild_Dementia\OAS1_0432\OAS1_0432_slice_01_z038.png,Very_Mild_Dementia/OAS1_0432/OAS1_0432_slice_01_z038.png,Very Mild Dementia/OAS1_0432/OAS1_0432_slice_01_z038.png,OAS1_0432,Very Mild Dementia,1,0,Non-Demented,0,1.0968273549700516,-0.7642442736256607,-1.1555336806563152,-1.0570159182851966
OASIS_1,LinearSVM,13,test,brightness_contrast__severe,brightness_contrast,severe,D:\OASIS_1\distortions_128\brightness_contrast\severe\Very_Mild_Dementia\OAS1_0432\OAS1_0432_slice_02_z041.png,Very_Mild_Dementia/OAS1_0432/OAS1_0432_slice_02_z041.png,Very Mild Dementia/OAS1_0432/OAS1_0432_slice_02_z041.png,OAS1_0432,Very Mild Dementia,1,2,Mild Dementia,0,-31.942080413880948,-0.17140943097833455,100.36871849703367,-2.9651057168318715
OASIS_1,LinearSVM,13,test,brightness_contrast__severe,brightness_contrast,severe,D:\OASIS_1\distortions_128\brightness_contrast\severe\Very_Mild_Dementia\OAS1_0432\OAS1_0432_slice_03_z043.png,Very_Mild_Dementia/OAS1_0432/OAS1_0432_slice_03_z043.png,Very Mild Dementia/OAS1_0432/OAS1_0432_slice_03_z043.png,OAS1_0432,Very Mild Dementia,1,2,Mild Dementia,0,-31.832425298220283,-0.012774952163345843,100.21498533235378,-3.006631088601563
OASIS_1,LinearSVM,13,test,brightness_contrast__severe,brightness_contrast,severe,D:\OASIS_1\distortions_128\brightness_contrast\severe\Very_Mild_Dementia\OAS1_0432\OAS1_0432_slice_04_z046.png,Very_Mild_Dementia/OAS1_0432/OAS1_0432_slice_04_z046.png,Very Mild Dementia/OAS1_0432/OAS1_0432_slice_04_z046.png,OAS1_0432,Very Mild Dementia,1,0,Non-Demented,0,1.0937256048970765,-1.4001305247623823,-0.05106870451915191,-1.0480638329472958
OASIS_1,LinearSVM,13,test,brightness_contrast__severe,brightness_contrast,severe,D:\OASIS_1\distortions_128\brightness_contrast\severe\Very_Mild_Dementia\OAS1_0432\OAS1_0432_slice_05_z049.png,Very_Mild_Dementia/OAS1_0432/OAS1_0432_slice_05_z049.png,Very Mild Dementia/OAS1_0432/OAS1_0432_slice_05_z049.png,OAS1_0432,Very Mild Dementia,1,2,Mild Dementia,0,-32.20367518279815,0.0338060428411015,100.37183438307514,-2.943492222592653
OASIS_1,LinearSVM,13,test,brightness_contrast__severe,brightness_contrast,severe,D:\OASIS_1\distortions_128\brightness_contrast\severe\Very_Mild_Dementia\OAS1_0432\OAS1_0432_slice_06_z051.png,Very_Mild_Dementia/OAS1_0432/OAS1_0432_slice_06_z051.png,Very Mild Dementia/OAS1_0432/OAS1_0432_slice_06_z051.png,OAS1_0432,Very Mild Dementia,1,0,Non-Demented,0,0.5046205755740882,-0.9014619834412045,-0.8163907399592294,-0.9848807145097107
OASIS_1,LinearSVM,13,test,brightness_contrast__severe,brightness_contrast,severe,D:\OASIS_1\distortions_128\brightness_contrast\severe\Very_Mild_Dementia\OAS1_0432\OAS1_0432_slice_07_z054.png,Very_Mild_Dementia/OAS1_0432/OAS1_0432_slice_07_z054.png,Very Mild Dementia/OAS1_0432/OAS1_0432_slice_07_z054.png,OAS1_0432,Very Mild Dementia,1,1,Very Mild Dementia,1,-0.7029037455240574,1.1483477420771637,-1.7389184176519574,-0.9333208121669605
OASIS_1,LinearSVM,13,test,brightness_contrast__severe,brightness_contrast,severe,D:\OASIS_1\distortions_128\brightness_contrast\severe\Very_Mild_Dementia\OAS1_0432\OAS1_0432_slice_08_z057.png,Very_Mild_Dementia/OAS1_0432/OAS1_0432_slice_08_z057.png,Very Mild Dementia/OAS1_0432/OAS1_0432_slice_08_z057.png,OAS1_0432,Very Mild Dementia,1,2,Mild Dementia,0,-32.695180472031964,1.7044543067213684,99.29566200592664,-2.958539824805666
OASIS_1,LinearSVM,13,test,brightness_contrast__severe,brightness_contrast,severe,D:\OASIS_1\distortions_128\brightness_contrast\severe\Very_Mild_Dementia\OAS1_0432\OAS1_0432_slice_09_z059.png,Very_Mild_Dementia/OAS1_0432/OAS1_0432_slice_09_z059.png,Very Mild Dementia/OAS1_0432/OAS1_0432_slice_09_z059.png,OAS1_0432,Very Mild Dementia,1,1,Very Mild Dementia,1,-0.2595517560270478,0.42088820609839955,-1.0232673598338982,-1.0206769965696498
OASIS_1,LinearSVM,13,test,brightness_contrast__severe,brightness_contrast,severe,D:\OASIS_1\distortions_128\brightness_contrast\severe\Very_Mild_Dementia\OAS1_0432\OAS1_0432_slice_10_z062.png,Very_Mild_Dementia/OAS1_0432/OAS1_0432_slice_10_z062.png,Very Mild Dementia/OAS1_0432/OAS1_0432_slice_10_z062.png,OAS1_0432,Very Mild Dementia,1,1,Very Mild Dementia,1,-0.8570857634244644,1.5884628330375212,-1.4508703032145875,-1.0576196441795116
OASIS_1,LinearSVM,13,test,brightness_contrast__severe,brightness_contrast,severe,D:\OASIS_1\distortions_128\brightness_contrast\severe\Very_Mild_Dementia\OAS1_0432\OAS1_0432_slice_11_z065.png,Very_Mild_Dementia/OAS1_0432/OAS1_0432_slice_11_z065.png,Very Mild Dementia/OAS1_0432/OAS1_0432_slice_11_z065.png,OAS1_0432,Very Mild Dementia,1,0,Non-Demented,0,0.4860412777422076,0.1498888712656261,-1.451252579709883,-0.9665412973591737
OASIS_1,LinearSVM,13,test,brightness_contrast__severe,brightness_contrast,severe,D:\OASIS_1\distortions_128\brightness_contrast\severe\Very_Mild_Dementia\OAS1_0432\OAS1_0432_slice_12_z068.png,Very_Mild_Dementia/OAS1_0432/OAS1_0432_slice_12_z068.png,Very Mild Dementia/OAS1_0432/OAS1_0432_slice_12_z068.png,OAS1_0432,Very Mild Dementia,1,1,Very Mild Dementia,1,0.05480321719485995,1.0530663174366575,-1.6054543040110105,-1.1497148797411627
OASIS_1,LinearSVM,13,test,brightness_contrast__severe,brightness_contrast,severe,D:\OASIS_1\distortions_128\brightness_contrast\severe\Very_Mild_Dementia\OAS1_0432\OAS1_0432_slice_13_z070.png,Very_Mild_Dementia/OAS1_0432/OAS1_0432_slice_13_z070.png,Very Mild Dementia/OAS1_0432/OAS1_0432_slice_13_z070.png,OAS1_0432,Very Mild Dementia,1,0,Non-Demented,0,0.9204925977085161,-0.5025563443331478,-1.3335067764601938,-1.0578968754025564
OASIS_1,LinearSVM,13,test,brightness_contrast__severe,brightness_contrast,severe,D:\OASIS_1\distortions_128\brightness_contrast\severe\Very_Mild_Dementia\OAS1_0432\OAS1_0432_slice_14_z073.png,Very_Mild_Dementia/OAS1_0432/OAS1_0432_slice_14_z073.png,Very Mild Dementia/OAS1_0432/OAS1_0432_slice_14_z073.png,OAS1_0432,Very Mild Dementia,1,0,Non-Demented,0,4.285776931227206,-2.056155749466384,-2.2514410962419893,-1.1276172343089246
OASIS_1,LinearSVM,13,test,brightness_contrast__severe,brightness_contrast,severe,D:\OASIS_1\distortions_128\brightness_contrast\severe\Very_Mild_Dementia\OAS1_0432\OAS1_0432_slice_15_z076.png,Very_Mild_Dementia/OAS1_0432/OAS1_0432_slice_15_z076.png,Very Mild Dementia/OAS1_0432/OAS1_0432_slice_15_z076.png,OAS1_0432,Very Mild Dementia,1,0,Non-Demented,0,0.15562497876117046,0.06353245539399921,-1.1352727847600235,-1.0263171942572746
OASIS_1,LinearSVM,13,test,brightness_contrast__severe,brightness_contrast,severe,D:\OASIS_1\distortions_128\brightness_contrast\severe\Very_Mild_Dementia\OAS1_0432\OAS1_0432_slice_16_z078.png,Very_Mild_Dementia/OAS1_0432/OAS1_0432_slice_16_z078.png,Very Mild Dementia/OAS1_0432/OAS1_0432_slice_16_z078.png,OAS1_0432,Very Mild Dementia,1,2,Mild Dementia,0,-33.35996629462273,1.5843819333096096,99.90654971378416,-3.0143522310515185
OASIS_1,LinearSVM,13,test,brightness_contrast__severe,brightness_contrast,severe,D:\OASIS_1\distortions_128\brightness_contrast\severe\Very_Mild_Dementia\OAS1_0432\OAS1_0432_slice_17_z081.png,Very_Mild_Dementia/OAS1_0432/OAS1_0432_slice_17_z081.png,Very Mild Dementia/OAS1_0432/OAS1_0432_slice_17_z081.png,OAS1_0432,Very Mild Dementia,1,0,Non-Demented,0,1.1858674747872031,-0.8928002126008585,-1.5385773028398495,-1.1168078753646116
OASIS_1,LinearSVM,13,test,brightness_contrast__severe,brightness_contrast,severe,D:\OASIS_1\distortions_128\brightness_contrast\severe\Very_Mild_Dementia\OAS1_0432\OAS1_0432_slice_18_z084.png,Very_Mild_Dementia/OAS1_0432/OAS1_0432_slice_18_z084.png,Very Mild Dementia/OAS1_0432/OAS1_0432_slice_18_z084.png,OAS1_0432,Very Mild Dementia,1,2,Mild Dementia,0,-31.907455558243225,-0.048783663977223723,99.71225329678929,-2.9796859031932446
OASIS_1,LinearSVM,13,test,brightness_contrast__severe,brightness_contrast,severe,D:\OASIS_1\distortions_128\brightness_contrast\severe\Very_Mild_Dementia\OAS1_0432\OAS1_0432_slice_19_z086.png,Very_Mild_Dementia/OAS1_0432/OAS1_0432_slice_19_z086.png,Very Mild Dementia/OAS1_0432/OAS1_0432_slice_19_z086.png,OAS1_0432,Very Mild Dementia,1,0,Non-Demented,0,1.9361272313869269,-1.7802038886601042,-1.4205034473335052,-1.0073843608385173
OASIS_1,LinearSVM,13,test,brightness_contrast__severe,brightness_contrast,severe,D:\OASIS_1\distortions_128\brightness_contrast\severe\Very_Mild_Dementia\OAS1_0432\OAS1_0432_slice_20_z089.png,Very_Mild_Dementia/OAS1_0432/OAS1_0432_slice_20_z089.png,Very Mild Dementia/OAS1_0432/OAS1_0432_slice_20_z089.png,OAS1_0432,Very Mild Dementia,1,0,Non-Demented,0,1.4837053107825868,-1.016049957655473,-1.1593747173161306,-0.983688358995064
OASIS_1,LinearSVM,13,test,brightness_contrast__severe,brightness_contrast,severe,D:\OASIS_1\distortions_128\brightness_contrast\severe\Very_Mild_Dementia\OAS1_0454\OAS1_0454_slice_01_z038.png,Very_Mild_Dementia/OAS1_0454/OAS1_0454_slice_01_z038.png,Very Mild Dementia/OAS1_0454/OAS1_0454_slice_01_z038.png,OAS1_0454,Very Mild Dementia,1,2,Mild Dementia,0,-33.08309070566772,-0.10786537972794547,101.92311245051154,-2.987735348201305
OASIS_1,LinearSVM,13,test,brightness_contrast__severe,brightness_contrast,severe,D:\OASIS_1\distortions_128\brightness_contrast\severe\Very_Mild_Dementia\OAS1_0454\OAS1_0454_slice_02_z041.png,Very_Mild_Dementia/OAS1_0454/OAS1_0454_slice_02_z041.png,Very Mild Dementia/OAS1_0454/OAS1_0454_slice_02_z041.png,OAS1_0454,Very Mild Dementia,1,2,Mild Dementia,0,0.7626859662512313,-3.3841363168499465,2.7735133466370785,-0.9845278184979808
OASIS_1,LinearSVM,13,test,brightness_contrast__severe,brightness_contrast,severe,D:\OASIS_1\distortions_128\brightness_contrast\severe\Very_Mild_Dementia\OAS1_0454\OAS1_0454_slice_03_z043.png,Very_Mild_Dementia/OAS1_0454/OAS1_0454_slice_03_z043.png,Very Mild Dementia/OAS1_0454/OAS1_0454_slice_03_z043.png,OAS1_0454,Very Mild Dementia,1,2,Mild Dementia,0,0.42956160798709647,-2.1363656147737737,2.297545545114806,-1.0242979667467924
OASIS_1,LinearSVM,13,test,brightness_contrast__severe,brightness_contrast,severe,D:\OASIS_1\distortions_128\brightness_contrast\severe\Very_Mild_Dementia\OAS1_0454\OAS1_0454_slice_04_z046.png,Very_Mild_Dementia/OAS1_0454/OAS1_0454_slice_04_z046.png,Very Mild Dementia/OAS1_0454/OAS1_0454_slice_04_z046.png,OAS1_0454,Very Mild Dementia,1,2,Mild Dementia,0,-0.5053244680615174,-1.2659188027481036,1.5952204972300317,-0.982172743439061
OASIS_1,LinearSVM,13,test,brightness_contrast__severe,brightness_contrast,severe,D:\OASIS_1\distortions_128\brightness_contrast\severe\Very_Mild_Dementia\OAS1_0454\OAS1_0454_slice_05_z049.png,Very_Mild_Dementia/OAS1_0454/OAS1_0454_slice_05_z049.png,Very Mild Dementia/OAS1_0454/OAS1_0454_slice_05_z049.png,OAS1_0454,Very Mild Dementia,1,2,Mild Dementia,0,-33.13366141186235,0.18576914150342277,102.32867665207604,-2.90929172979176
OASIS_1,LinearSVM,13,test,brightness_contrast__severe,brightness_contrast,severe,D:\OASIS_1\distortions_128\brightness_contrast\severe\Very_Mild_Dementia\OAS1_0454\OAS1_0454_slice_06_z051.png,Very_Mild_Dementia/OAS1_0454/OAS1_0454_slice_06_z051.png,Very Mild Dementia/OAS1_0454/OAS1_0454_slice_06_z051.png,OAS1_0454,Very Mild Dementia,1,2,Mild Dementia,0,-0.38209708335867987,-1.181567606062547,1.7392892361805363,-0.8993640262775319
OASIS_1,LinearSVM,13,test,brightness_contrast__severe,brightness_contrast,severe,D:\OASIS_1\distortions_128\brightness_contrast\severe\Very_Mild_Dementia\OAS1_0454\OAS1_0454_slice_07_z054.png,Very_Mild_Dementia/OAS1_0454/OAS1_0454_slice_07_z054.png,Very Mild Dementia/OAS1_0454/OAS1_0454_slice_07_z054.png,OAS1_0454,Very Mild Dementia,1,2,Mild Dementia,0,1.4486801379673588,-3.7005904882204024,2.957088603898198,-0.8932044304555093
OASIS_1,LinearSVM,13,test,brightness_contrast__severe,brightness_contrast,severe,D:\OASIS_1\distortions_128\brightness_contrast\severe\Very_Mild_Dementia\OAS1_0454\OAS1_0454_slice_08_z057.png,Very_Mild_Dementia/OAS1_0454/OAS1_0454_slice_08_z057.png,Very Mild Dementia/OAS1_0454/OAS1_0454_slice_08_z057.png,OAS1_0454,Very Mild Dementia,1,2,Mild Dementia,0,-32.99498200929958,0.14602864068346294,102.09669441093675,-2.921439657258656
OASIS_1,LinearSVM,13,test,brightness_contrast__severe,brightness_contrast,severe,D:\OASIS_1\distortions_128\brightness_contrast\severe\Very_Mild_Dementia\OAS1_0454\OAS1_0454_slice_09_z059.png,Very_Mild_Dementia/OAS1_0454/OAS1_0454_slice_09_z059.png,Very Mild Dementia/OAS1_0454/OAS1_0454_slice_09_z059.png,OAS1_0454,Very Mild Dementia,1,0,Non-Demented,0,2.0912909028981557,-2.2943842713808307,1.7750293622961149,-0.9554708485797797
OASIS_1,LinearSVM,13,test,brightness_contrast__severe,brightness_contrast,severe,D:\OASIS_1\distortions_128\brightness_contrast\severe\Very_Mild_Dementia\OAS1_0454\OAS1_0454_slice_10_z062.png,Very_Mild_Dementia/OAS1_0454/OAS1_0454_slice_10_z062.png,Very Mild Dementia/OAS1_0454/OAS1_0454_slice_10_z062.png,OAS1_0454,Very Mild Dementia,1,2,Mild Dementia,0,0.050835733707717184,-1.348865060206864,0.12896008428227745,-1.0926692770295179
OASIS_1,LinearSVM,13,test,brightness_contrast__severe,brightness_contrast,severe,D:\OASIS_1\distortions_128\brightness_contrast\severe\Very_Mild_Dementia\OAS1_0454\OAS1_0454_slice_11_z065.png,Very_Mild_Dementia/OAS1_0454/OAS1_0454_slice_11_z065.png,Very Mild Dementia/OAS1_0454/OAS1_0454_slice_11_z065.png,OAS1_0454,Very Mild Dementia,1,0,Non-Demented,0,0.3107313709256187,-0.6884035394693173,-0.39430096994410974,-1.0682922035759181
OASIS_1,LinearSVM,13,test,brightness_contrast__severe,brightness_contrast,severe,D:\OASIS_1\distortions_128\brightness_contrast\severe\Very_Mild_Dementia\OAS1_0454\OAS1_0454_slice_12_z068.png,Very_Mild_Dementia/OAS1_0454/OAS1_0454_slice_12_z068.png,Very Mild Dementia/OAS1_0454/OAS1_0454_slice_12_z068.png,OAS1_0454,Very Mild Dementia,1,0,Non-Demented,0,0.6821762572304235,-1.3326966203718378,-0.18090687260510624,-0.9948189209879289
OASIS_1,LinearSVM,13,test,brightness_contrast__severe,brightness_contrast,severe,D:\OASIS_1\distortions_128\brightness_contrast\severe\Very_Mild_Dementia\OAS1_0454\OAS1_0454_slice_13_z070.png,Very_Mild_Dementia/OAS1_0454/OAS1_0454_slice_13_z070.png,Very Mild Dementia/OAS1_0454/OAS1_0454_slice_13_z070.png,OAS1_0454,Very Mild Dementia,1,2,Mild Dementia,0,-33.81413694726517,1.0721945568981344,102.20762238355971,-2.9815084078011975
OASIS_1,LinearSVM,13,test,brightness_contrast__severe,brightness_contrast,severe,D:\OASIS_1\distortions_128\brightness_contrast\severe\Very_Mild_Dementia\OAS1_0454\OAS1_0454_slice_14_z073.png,Very_Mild_Dementia/OAS1_0454/OAS1_0454_slice_14_z073.png,Very Mild Dementia/OAS1_0454/OAS1_0454_slice_14_z073.png,OAS1_0454,Very Mild Dementia,1,2,Mild Dementia,0,-1.508277030543547,-0.8736605877656516,3.368183832742781,-0.9544701144934041
OASIS_1,LinearSVM,13,test,brightness_contrast__severe,brightness_contrast,severe,D:\OASIS_1\distortions_128\brightness_contrast\severe\Very_Mild_Dementia\OAS1_0454\OAS1_0454_slice_15_z076.png,Very_Mild_Dementia/OAS1_0454/OAS1_0454_slice_15_z076.png,Very Mild Dementia/OAS1_0454/OAS1_0454_slice_15_z076.png,OAS1_0454,Very Mild Dementia,1,2,Mild Dementia,0,-33.23390315897056,0.5596257912327847,102.25022778617736,-2.9169702356229315
OASIS_1,LinearSVM,13,test,brightness_contrast__severe,brightness_contrast,severe,D:\OASIS_1\distortions_128\brightness_contrast\severe\Very_Mild_Dementia\OAS1_0454\OAS1_0454_slice_16_z078.png,Very_Mild_Dementia/OAS1_0454/OAS1_0454_slice_16_z078.png,Very Mild Dementia/OAS1_0454/OAS1_0454_slice_16_z078.png,OAS1_0454,Very Mild Dementia,1,2,Mild Dementia,0,-0.2850000014542509,-0.9549255920764126,1.5088266225078635,-0.9404528618946437
OASIS_1,LinearSVM,13,test,brightness_contrast__severe,brightness_contrast,severe,D:\OASIS_1\distortions_128\brightness_contrast\severe\Very_Mild_Dementia\OAS1_0454\OAS1_0454_slice_17_z081.png,Very_Mild_Dementia/OAS1_0454/OAS1_0454_slice_17_z081.png,Very Mild Dementia/OAS1_0454/OAS1_0454_slice_17_z081.png,OAS1_0454,Very Mild Dementia,1,0,Non-Demented,0,1.37812472097044,-1.5437535017617614,-1.2075355223618565,-1.1354665939579198
OASIS_1,LinearSVM,13,test,brightness_contrast__severe,brightness_contrast,severe,D:\OASIS_1\distortions_128\brightness_contrast\severe\Very_Mild_Dementia\OAS1_0454\OAS1_0454_slice_18_z084.png,Very_Mild_Dementia/OAS1_0454/OAS1_0454_slice_18_z084.png,Very Mild Dementia/OAS1_0454/OAS1_0454_slice_18_z084.png,OAS1_0454,Very Mild Dementia,1,2,Mild Dementia,0,-32.51526055050858,-0.1673871403352561,101.15953930790988,-3.0212463456781062
OASIS_1,LinearSVM,13,test,brightness_contrast__severe,brightness_contrast,severe,D:\OASIS_1\distortions_128\brightness_contrast\severe\Very_Mild_Dementia\OAS1_0454\OAS1_0454_slice_19_z086.png,Very_Mild_Dementia/OAS1_0454/OAS1_0454_slice_19_z086.png,Very Mild Dementia/OAS1_0454/OAS1_0454_slice_19_z086.png,OAS1_0454,Very Mild Dementia,1,2,Mild Dementia,0,-33.1589063628294,0.26710582222642104,101.2187390440802,-3.1044257578245036
OASIS_1,LinearSVM,13,test,brightness_contrast__severe,brightness_contrast,severe,D:\OASIS_1\distortions_128\brightness_contrast\severe\Very_Mild_Dementia\OAS1_0454\OAS1_0454_slice_20_z089.png,Very_Mild_Dementia/OAS1_0454/OAS1_0454_slice_20_z089.png,Very Mild Dementia/OAS1_0454/OAS1_0454_slice_20_z089.png,OAS1_0454,Very Mild Dementia,1,2,Mild Dementia,0,-0.8466353699849052,0.20201842675088022,0.3206797674738314,-1.1204614854019095
