dataset,model,seed,split,condition,distortion,severity,file_path,relative_path,sample_key,subject_id,class_name,y_true,y_pred,pred_class_name,correct,score_nondemented,score_verymilddementia,score_milddementia,score_moderatedementia
OASIS_1,LinearSVM,47,test,rician_noise__severe,rician_noise,severe,D:\OASIS_1\distortions_128\rician_noise\severe\Mild_Dementia\OAS1_0028\OAS1_0028_slice_01_z038.png,Mild_Dementia/OAS1_0028/OAS1_0028_slice_01_z038.png,Mild Dementia/OAS1_0028/OAS1_0028_slice_01_z038.png,OAS1_0028,Mild Dementia,2,2,Mild Dementia,1,-17.827857266630822,8.478113768616087,49.13501170566912,-2.076399726034281
OASIS_1,LinearSVM,47,test,rician_noise__severe,rician_noise,severe,D:\OASIS_1\distortions_128\rician_noise\severe\Mild_Dementia\OAS1_0028\OAS1_0028_slice_02_z041.png,Mild_Dementia/OAS1_0028/OAS1_0028_slice_02_z041.png,Mild Dementia/OAS1_0028/OAS1_0028_slice_02_z041.png,OAS1_0028,Mild Dementia,2,2,Mild Dementia,1,-16.658915054210834,-12.765775850750424,65.63165765862342,-3.910853886679698
OASIS_1,LinearSVM,47,test,rician_noise__severe,rician_noise,severe,D:\OASIS_1\distortions_128\rician_noise\severe\Mild_Dementia\OAS1_0028\OAS1_0028_slice_03_z043.png,Mild_Dementia/OAS1_0028/OAS1_0028_slice_03_z043.png,Mild Dementia/OAS1_0028/OAS1_0028_slice_03_z043.png,OAS1_0028,Mild Dementia,2,2,Mild Dementia,1,-28.588641901917835,4.711178842429065,68.75635861407225,-2.018108287579885
OASIS_1,LinearSVM,47,test,rician_noise__severe,rician_noise,severe,D:\OASIS_1\distortions_128\rician_noise\severe\Mild_Dementia\OAS1_0028\OAS1_0028_slice_04_z046.png,Mild_Dementia/OAS1_0028/OAS1_0028_slice_04_z046.png,Mild Dementia/OAS1_0028/OAS1_0028_slice_04_z046.png,OAS1_0028,Mild Dementia,2,2,Mild Dementia,1,-28.25850084890054,11.014439867656215,64.53888507521356,-2.3309833586682855
OASIS_1,LinearSVM,47,test,rician_noise__severe,rician_noise,severe,D:\OASIS_1\distortions_128\rician_noise\severe\Mild_Dementia\OAS1_0028\OAS1_0028_slice_05_z049.png,Mild_Dementia/OAS1_0028/OAS1_0028_slice_05_z049.png,Mild Dementia/OAS1_0028/OAS1_0028_slice_05_z049.png,OAS1_0028,Mild Dementia,2,2,Mild Dementia,1,-28.084927115081545,27.178481368868365,47.36999069026907,-1.9516445224262322
OASIS_1,LinearSVM,47,test,rician_noise__severe,rician_noise,severe,D:\OASIS_1\distortions_128\rician_noise\severe\Mild_Dementia\OAS1_0028\OAS1_0028_slice_06_z051.png,Mild_Dementia/OAS1_0028/OAS1_0028_slice_06_z051.png,Mild Dementia/OAS1_0028/OAS1_0028_slice_06_z051.png,OAS1_0028,Mild Dementia,2,2,Mild Dementia,1,-25.061787393824975,9.51413786787506,53.27948024063026,-1.726770670946089
OASIS_1,LinearSVM,47,test,rician_noise__severe,rician_noise,severe,D:\OASIS_1\distortions_128\rician_noise\severe\Mild_Dementia\OAS1_0028\OAS1_0028_slice_07_z054.png,Mild_Dementia/OAS1_0028/OAS1_0028_slice_07_z054.png,Mild Dementia/OAS1_0028/OAS1_0028_slice_07_z054.png,OAS1_0028,Mild Dementia,2,2,Mild Dementia,1,-23.84040715969498,-0.07304132518389303,66.5501430719428,-1.7013891555536982
OASIS_1,LinearSVM,47,test,rician_noise__severe,rician_noise,severe,D:\OASIS_1\distortions_128\rician_noise\severe\Mild_Dementia\OAS1_0028\OAS1_0028_slice_08_z057.png,Mild_Dementia/OAS1_0028/OAS1_0028_slice_08_z057.png,Mild Dementia/OAS1_0028/OAS1_0028_slice_08_z057.png,OAS1_0028,Mild Dementia,2,2,Mild Dementia,1,-26.731199791644148,17.63805390306876,58.669609046161405,-3.1041849358007
OASIS_1,LinearSVM,47,test,rician_noise__severe,rician_noise,severe,D:\OASIS_1\distortions_128\rician_noise\severe\Mild_Dementia\OAS1_0028\OAS1_0028_slice_09_z059.png,Mild_Dementia/OAS1_0028/OAS1_0028_slice_09_z059.png,Mild Dementia/OAS1_0028/OAS1_0028_slice_09_z059.png,OAS1_0028,Mild Dementia,2,2,Mild Dementia,1,-22.349271368779334,8.628579942256613,56.35633691192966,-1.5305191033387893
OASIS_1,LinearSVM,47,test,rician_noise__severe,rician_noise,severe,D:\OASIS_1\distortions_128\rician_noise\severe\Mild_Dementia\OAS1_0028\OAS1_0028_slice_10_z062.png,Mild_Dementia/OAS1_0028/OAS1_0028_slice_10_z062.png,Mild Dementia/OAS1_0028/OAS1_0028_slice_10_z062.png,OAS1_0028,Mild Dementia,2,2,Mild Dementia,1,-27.136127990953426,22.247341099765514,48.795282796851446,-2.2165488779650353
OASIS_1,LinearSVM,47,test,rician_noise__severe,rician_noise,severe,D:\OASIS_1\distortions_128\rician_noise\severe\Mild_Dementia\OAS1_0028\OAS1_0028_slice_11_z065.png,Mild_Dementia/OAS1_0028/OAS1_0028_slice_11_z065.png,Mild Dementia/OAS1_0028/OAS1_0028_slice_11_z065.png,OAS1_0028,Mild Dementia,2,2,Mild Dementia,1,-18.98859174965516,-1.348214480261091,64.4265826179582,-3.729679460141992
OASIS_1,LinearSVM,47,test,rician_noise__severe,rician_noise,severe,D:\OASIS_1\distortions_128\rician_noise\severe\Mild_Dementia\OAS1_0028\OAS1_0028_slice_12_z068.png,Mild_Dementia/OAS1_0028/OAS1_0028_slice_12_z068.png,Mild Dementia/OAS1_0028/OAS1_0028_slice_12_z068.png,OAS1_0028,Mild Dementia,2,2,Mild Dementia,1,-20.62353715047004,-12.152580337224407,67.83900999884614,-2.8569834119504103
OASIS_1,LinearSVM,47,test,rician_noise__severe,rician_noise,severe,D:\OASIS_1\distortions_128\rician_noise\severe\Mild_Dementia\OAS1_0028\OAS1_0028_slice_13_z070.png,Mild_Dementia/OAS1_0028/OAS1_0028_slice_13_z070.png,Mild Dementia/OAS1_0028/OAS1_0028_slice_13_z070.png,OAS1_0028,Mild Dementia,2,2,Mild Dementia,1,-22.797894581777545,-18.226290578313193,79.03566010227867,-1.9395106981216044
OASIS_1,LinearSVM,47,test,rician_noise__severe,rician_noise,severe,D:\OASIS_1\distortions_128\rician_noise\severe\Mild_Dementia\OAS1_0028\OAS1_0028_slice_14_z073.png,Mild_Dementia/OAS1_0028/OAS1_0028_slice_14_z073.png,Mild Dementia/OAS1_0028/OAS1_0028_slice_14_z073.png,OAS1_0028,Mild Dementia,2,2,Mild Dementia,1,-18.635613654186354,8.034848525431475,51.99164916341366,-1.8856395485582595
OASIS_1,LinearSVM,47,test,rician_noise__severe,rician_noise,severe,D:\OASIS_1\distortions_128\rician_noise\severe\Mild_Dementia\OAS1_0028\OAS1_0028_slice_15_z076.png,Mild_Dementia/OAS1_0028/OAS1_0028_slice_15_z076.png,Mild Dementia/OAS1_0028/OAS1_0028_slice_15_z076.png,OAS1_0028,Mild Dementia,2,2,Mild Dementia,1,-21.23739569979834,2.823429230506357,52.58690709037462,-1.508751012083117
OASIS_1,LinearSVM,47,test,rician_noise__severe,rician_noise,severe,D:\OASIS_1\distortions_128\rician_noise\severe\Mild_Dementia\OAS1_0028\OAS1_0028_slice_16_z078.png,Mild_Dementia/OAS1_0028/OAS1_0028_slice_16_z078.png,Mild Dementia/OAS1_0028/OAS1_0028_slice_16_z078.png,OAS1_0028,Mild Dementia,2,2,Mild Dementia,1,-27.208214684285768,24.052079576707712,41.53033051740836,-2.7707448684512603
OASIS_1,LinearSVM,47,test,rician_noise__severe,rician_noise,severe,D:\OASIS_1\distortions_128\rician_noise\severe\Mild_Dementia\OAS1_0028\OAS1_0028_slice_17_z081.png,Mild_Dementia/OAS1_0028/OAS1_0028_slice_17_z081.png,Mild Dementia/OAS1_0028/OAS1_0028_slice_17_z081.png,OAS1_0028,Mild Dementia,2,2,Mild Dementia,1,-26.24878855145081,25.950278247913616,42.3436133895748,-1.9338327995009574
OASIS_1,LinearSVM,47,test,rician_noise__severe,rician_noise,severe,D:\OASIS_1\distortions_128\rician_noise\severe\Mild_Dementia\OAS1_0028\OAS1_0028_slice_18_z084.png,Mild_Dementia/OAS1_0028/OAS1_0028_slice_18_z084.png,Mild Dementia/OAS1_0028/OAS1_0028_slice_18_z084.png,OAS1_0028,Mild Dementia,2,2,Mild Dementia,1,-24.542626833619863,8.67446366045721,60.16128398780153,-2.7863611568864473
OASIS_1,LinearSVM,47,test,rician_noise__severe,rician_noise,severe,D:\OASIS_1\distortions_128\rician_noise\severe\Mild_Dementia\OAS1_0028\OAS1_0028_slice_19_z086.png,Mild_Dementia/OAS1_0028/OAS1_0028_slice_19_z086.png,Mild Dementia/OAS1_0028/OAS1_0028_slice_19_z086.png,OAS1_0028,Mild Dementia,2,2,Mild Dementia,1,-21.98217373580068,1.33942668230726,73.21314329056175,-3.137960178375029
OASIS_1,LinearSVM,47,test,rician_noise__severe,rician_noise,severe,D:\OASIS_1\distortions_128\rician_noise\severe\Mild_Dementia\OAS1_0028\OAS1_0028_slice_20_z089.png,Mild_Dementia/OAS1_0028/OAS1_0028_slice_20_z089.png,Mild Dementia/OAS1_0028/OAS1_0028_slice_20_z089.png,OAS1_0028,Mild Dementia,2,2,Mild Dementia,1,-23.375061597102317,18.13157001459145,54.690452937251656,-3.2030259363448064
OASIS_1,LinearSVM,47,test,rician_noise__severe,rician_noise,severe,D:\OASIS_1\distortions_128\rician_noise\severe\Mild_Dementia\OAS1_0137\OAS1_0137_slice_01_z038.png,Mild_Dementia/OAS1_0137/OAS1_0137_slice_01_z038.png,Mild Dementia/OAS1_0137/OAS1_0137_slice_01_z038.png,OAS1_0137,Mild Dementia,2,2,Mild Dementia,1,-24.67927932399343,13.974160562075374,47.84391314034584,-0.33893992551127416
OASIS_1,LinearSVM,47,test,rician_noise__severe,rician_noise,severe,D:\OASIS_1\distortions_128\rician_noise\severe\Mild_Dementia\OAS1_0137\OAS1_0137_slice_02_z041.png,Mild_Dementia/OAS1_0137/OAS1_0137_slice_02_z041.png,Mild Dementia/OAS1_0137/OAS1_0137_slice_02_z041.png,OAS1_0137,Mild Dementia,2,2,Mild Dementia,1,-20.602973959200586,3.820193071444634,58.29931350360487,-2.086921583414685
OASIS_1,LinearSVM,47,test,rician_noise__severe,rician_noise,severe,D:\OASIS_1\distortions_128\rician_noise\severe\Mild_Dementia\OAS1_0137\OAS1_0137_slice_03_z043.png,Mild_Dementia/OAS1_0137/OAS1_0137_slice_03_z043.png,Mild Dementia/OAS1_0137/OAS1_0137_slice_03_z043.png,OAS1_0137,Mild Dementia,2,2,Mild Dementia,1,-26.829876262009243,7.488355225070388,55.963527089004046,-2.0284774825152128
OASIS_1,LinearSVM,47,test,rician_noise__severe,rician_noise,severe,D:\OASIS_1\distortions_128\rician_noise\severe\Mild_Dementia\OAS1_0137\OAS1_0137_slice_04_z046.png,Mild_Dementia/OAS1_0137/OAS1_0137_slice_04_z046.png,Mild Dementia/OAS1_0137/OAS1_0137_slice_04_z046.png,OAS1_0137,Mild Dementia,2,2,Mild Dementia,1,-26.357885507709934,13.829774331910013,66.58563318557017,-1.98492898542144
OASIS_1,LinearSVM,47,test,rician_noise__severe,rician_noise,severe,D:\OASIS_1\distortions_128\rician_noise\severe\Mild_Dementia\OAS1_0137\OAS1_0137_slice_05_z049.png,Mild_Dementia/OAS1_0137/OAS1_0137_slice_05_z049.png,Mild Dementia/OAS1_0137/OAS1_0137_slice_05_z049.png,OAS1_0137,Mild Dementia,2,2,Mild Dementia,1,-21.424836453853064,-8.67065683064966,62.89897515306017,-2.2262972947447137
OASIS_1,LinearSVM,47,test,rician_noise__severe,rician_noise,severe,D:\OASIS_1\distortions_128\rician_noise\severe\Mild_Dementia\OAS1_0137\OAS1_0137_slice_06_z051.png,Mild_Dementia/OAS1_0137/OAS1_0137_slice_06_z051.png,Mild Dementia/OAS1_0137/OAS1_0137_slice_06_z051.png,OAS1_0137,Mild Dementia,2,2,Mild Dementia,1,-18.410471484453108,-2.2529933474997366,66.93406368090272,-1.3822412633846755
OASIS_1,LinearSVM,47,test,rician_noise__severe,rician_noise,severe,D:\OASIS_1\distortions_128\rician_noise\severe\Mild_Dementia\OAS1_0137\OAS1_0137_slice_07_z054.png,Mild_Dementia/OAS1_0137/OAS1_0137_slice_07_z054.png,Mild Dementia/OAS1_0137/OAS1_0137_slice_07_z054.png,OAS1_0137,Mild Dementia,2,2,Mild Dementia,1,-16.69585608417198,-22.924369385962567,73.92192439370088,-1.6239064875804745
OASIS_1,LinearSVM,47,test,rician_noise__severe,rician_noise,severe,D:\OASIS_1\distortions_128\rician_noise\severe\Mild_Dementia\OAS1_0137\OAS1_0137_slice_08_z057.png,Mild_Dementia/OAS1_0137/OAS1_0137_slice_08_z057.png,Mild Dementia/OAS1_0137/OAS1_0137_slice_08_z057.png,OAS1_0137,Mild Dementia,2,2,Mild Dementia,1,-20.55178313980938,-0.19348109224461127,66.37278198713005,-2.182469577966641
OASIS_1,LinearSVM,47,test,rician_noise__severe,rician_noise,severe,D:\OASIS_1\distortions_128\rician_noise\severe\Mild_Dementia\OAS1_0137\OAS1_0137_slice_09_z059.png,Mild_Dementia/OAS1_0137/OAS1_0137_slice_09_z059.png,Mild Dementia/OAS1_0137/OAS1_0137_slice_09_z059.png,OAS1_0137,Mild Dementia,2,2,Mild Dementia,1,-23.147617753515284,13.346449770358655,53.28337841636174,-0.9242437564732036
OASIS_1,LinearSVM,47,test,rician_noise__severe,rician_noise,severe,D:\OASIS_1\distortions_128\rician_noise\severe\Mild_Dementia\OAS1_0137\OAS1_0137_slice_10_z062.png,Mild_Dementia/OAS1_0137/OAS1_0137_slice_10_z062.png,Mild Dementia/OAS1_0137/OAS1_0137_slice_10_z062.png,OAS1_0137,Mild Dementia,2,2,Mild Dementia,1,-27.446431899177416,14.242697244505516,63.90188804604254,-2.399669877282694
OASIS_1,LinearSVM,47,test,rician_noise__severe,rician_noise,severe,D:\OASIS_1\distortions_128\rician_noise\severe\Mild_Dementia\OAS1_0137\OAS1_0137_slice_11_z065.png,Mild_Dementia/OAS1_0137/OAS1_0137_slice_11_z065.png,Mild Dementia/OAS1_0137/OAS1_0137_slice_11_z065.png,OAS1_0137,Mild Dementia,2,2,Mild Dementia,1,-19.745872277603734,7.17883962446995,52.843872353845136,-2.730460361710521
OASIS_1,LinearSVM,47,test,rician_noise__severe,rician_noise,severe,D:\OASIS_1\distortions_128\rician_noise\severe\Mild_Dementia\OAS1_0137\OAS1_0137_slice_12_z068.png,Mild_Dementia/OAS1_0137/OAS1_0137_slice_12_z068.png,Mild Dementia/OAS1_0137/OAS1_0137_slice_12_z068.png,OAS1_0137,Mild Dementia,2,2,Mild Dementia,1,-22.915119912428295,10.106696728122934,52.138400174093576,-1.8945813239438185
OASIS_1,LinearSVM,47,test,rician_noise__severe,rician_noise,severe,D:\OASIS_1\distortions_128\rician_noise\severe\Mild_Dementia\OAS1_0137\OAS1_0137_slice_13_z070.png,Mild_Dementia/OAS1_0137/OAS1_0137_slice_13_z070.png,Mild Dementia/OAS1_0137/OAS1_0137_slice_13_z070.png,OAS1_0137,Mild Dementia,2,2,Mild Dementia,1,-18.7348962966574,-5.196035674944736,58.396882499335945,-2.5515598844424905
OASIS_1,LinearSVM,47,test,rician_noise__severe,rician_noise,severe,D:\OASIS_1\distortions_128\rician_noise\severe\Mild_Dementia\OAS1_0137\OAS1_0137_slice_14_z073.png,Mild_Dementia/OAS1_0137/OAS1_0137_slice_14_z073.png,Mild Dementia/OAS1_0137/OAS1_0137_slice_14_z073.png,OAS1_0137,Mild Dementia,2,2,Mild Dementia,1,-20.19239261016716,12.072704650457027,54.62214917900705,-2.1809872677650595
OASIS_1,LinearSVM,47,test,rician_noise__severe,rician_noise,severe,D:\OASIS_1\distortions_128\rician_noise\severe\Mild_Dementia\OAS1_0137\OAS1_0137_slice_15_z076.png,Mild_Dementia/OAS1_0137/OAS1_0137_slice_15_z076.png,Mild Dementia/OAS1_0137/OAS1_0137_slice_15_z076.png,OAS1_0137,Mild Dementia,2,2,Mild Dementia,1,-20.59754251838555,5.597314526650192,63.80911705078103,-2.3412175431601603
OASIS_1,LinearSVM,47,test,rician_noise__severe,rician_noise,severe,D:\OASIS_1\distortions_128\rician_noise\severe\Mild_Dementia\OAS1_0137\OAS1_0137_slice_16_z078.png,Mild_Dementia/OAS1_0137/OAS1_0137_slice_16_z078.png,Mild Dementia/OAS1_0137/OAS1_0137_slice_16_z078.png,OAS1_0137,Mild Dementia,2,2,Mild Dementia,1,-20.29702510563066,-7.6170067412228155,63.14848160734685,-2.8294823902745465
OASIS_1,LinearSVM,47,test,rician_noise__severe,rician_noise,severe,D:\OASIS_1\distortions_128\rician_noise\severe\Mild_Dementia\OAS1_0137\OAS1_0137_slice_17_z081.png,Mild_Dementia/OAS1_0137/OAS1_0137_slice_17_z081.png,Mild Dementia/OAS1_0137/OAS1_0137_slice_17_z081.png,OAS1_0137,Mild Dementia,2,2,Mild Dementia,1,-18.82848950027765,-11.117969869519548,70.5075033357509,-2.8328798585019594
OASIS_1,LinearSVM,47,test,rician_noise__severe,rician_noise,severe,D:\OASIS_1\distortions_128\rician_noise\severe\Mild_Dementia\OAS1_0137\OAS1_0137_slice_18_z084.png,Mild_Dementia/OAS1_0137/OAS1_0137_slice_18_z084.png,Mild Dementia/OAS1_0137/OAS1_0137_slice_18_z084.png,OAS1_0137,Mild Dementia,2,2,Mild Dementia,1,-26.11683643658971,15.502327093556909,61.381459239330006,-2.412893325988856
OASIS_1,LinearSVM,47,test,rician_noise__severe,rician_noise,severe,D:\OASIS_1\distortions_128\rician_noise\severe\Mild_Dementia\OAS1_0137\OAS1_0137_slice_19_z086.png,Mild_Dementia/OAS1_0137/OAS1_0137_slice_19_z086.png,Mild Dementia/OAS1_0137/OAS1_0137_slice_19_z086.png,OAS1_0137,Mild Dementia,2,2,Mild Dementia,1,-21.889617107102556,-6.261087668006998,76.23198260835163,-3.5117461857959738
OASIS_1,LinearSVM,47,test,rician_noise__severe,rician_noise,severe,D:\OASIS_1\distortions_128\rician_noise\severe\Mild_Dementia\OAS1_0137\OAS1_0137_slice_20_z089.png,Mild_Dementia/OAS1_0137/OAS1_0137_slice_20_z089.png,Mild Dementia/OAS1_0137/OAS1_0137_slice_20_z089.png,OAS1_0137,Mild Dementia,2,2,Mild Dementia,1,-17.74571454963566,4.580227991447855,54.655771863794634,-2.639606342441302
OASIS_1,LinearSVM,47,test,rician_noise__severe,rician_noise,severe,D:\OASIS_1\distortions_128\rician_noise\severe\Mild_Dementia\OAS1_0184\OAS1_0184_slice_01_z038.png,Mild_Dementia/OAS1_0184/OAS1_0184_slice_01_z038.png,Mild Dementia/OAS1_0184/OAS1_0184_slice_01_z038.png,OAS1_0184,Mild Dementia,2,2,Mild Dementia,1,-21.225237074253247,3.9841526836683476,69.84443708658105,-3.5301625409802453
OASIS_1,LinearSVM,47,test,rician_noise__severe,rician_noise,severe,D:\OASIS_1\distortions_128\rician_noise\severe\Mild_Dementia\OAS1_0184\OAS1_0184_slice_02_z041.png,Mild_Dementia/OAS1_0184/OAS1_0184_slice_02_z041.png,Mild Dementia/OAS1_0184/OAS1_0184_slice_02_z041.png,OAS1_0184,Mild Dementia,2,2,Mild Dementia,1,-17.146141651448534,-10.239047858487357,62.719344969404155,-2.103908856191469
OASIS_1,LinearSVM,47,test,rician_noise__severe,rician_noise,severe,D:\OASIS_1\distortions_128\rician_noise\severe\Mild_Dementia\OAS1_0184\OAS1_0184_slice_03_z043.png,Mild_Dementia/OAS1_0184/OAS1_0184_slice_03_z043.png,Mild Dementia/OAS1_0184/OAS1_0184_slice_03_z043.png,OAS1_0184,Mild Dementia,2,2,Mild Dementia,1,-24.391362641436018,9.660788725257978,58.52258028570045,-2.4181366588799214
OASIS_1,LinearSVM,47,test,rician_noise__severe,rician_noise,severe,D:\OASIS_1\distortions_128\rician_noise\severe\Mild_Dementia\OAS1_0184\OAS1_0184_slice_04_z046.png,Mild_Dementia/OAS1_0184/OAS1_0184_slice_04_z046.png,Mild Dementia/OAS1_0184/OAS1_0184_slice_04_z046.png,OAS1_0184,Mild Dementia,2,2,Mild Dementia,1,-20.617556627007144,1.3985192089815461,69.37544470014558,-0.6555785427057053
OASIS_1,LinearSVM,47,test,rician_noise__severe,rician_noise,severe,D:\OASIS_1\distortions_128\rician_noise\severe\Mild_Dementia\OAS1_0184\OAS1_0184_slice_05_z049.png,Mild_Dementia/OAS1_0184/OAS1_0184_slice_05_z049.png,Mild Dementia/OAS1_0184/OAS1_0184_slice_05_z049.png,OAS1_0184,Mild Dementia,2,2,Mild Dementia,1,-24.229704416719652,-2.676311488511989,75.51090996653815,-1.7479803393938529
OASIS_1,LinearSVM,47,test,rician_noise__severe,rician_noise,severe,D:\OASIS_1\distortions_128\rician_noise\severe\Mild_Dementia\OAS1_0184\OAS1_0184_slice_06_z051.png,Mild_Dementia/OAS1_0184/OAS1_0184_slice_06_z051.png,Mild Dementia/OAS1_0184/OAS1_0184_slice_06_z051.png,OAS1_0184,Mild Dementia,2,2,Mild Dementia,1,-22.650825410443737,-12.671977913917662,73.65437379102399,-2.1734299914909347
OASIS_1,LinearSVM,47,test,rician_noise__severe,rician_noise,severe,D:\OASIS_1\distortions_128\rician_noise\severe\Mild_Dementia\OAS1_0184\OAS1_0184_slice_07_z054.png,Mild_Dementia/OAS1_0184/OAS1_0184_slice_07_z054.png,Mild Dementia/OAS1_0184/OAS1_0184_slice_07_z054.png,OAS1_0184,Mild Dementia,2,2,Mild Dementia,1,-20.808541103604888,-5.981234330346633,69.0813642575649,-2.2361971470891024
OASIS_1,LinearSVM,47,test,rician_noise__severe,rician_noise,severe,D:\OASIS_1\distortions_128\rician_noise\severe\Mild_Dementia\OAS1_0184\OAS1_0184_slice_08_z057.png,Mild_Dementia/OAS1_0184/OAS1_0184_slice_08_z057.png,Mild Dementia/OAS1_0184/OAS1_0184_slice_08_z057.png,OAS1_0184,Mild Dementia,2,2,Mild Dementia,1,-10.480903036872167,-5.955375652383252,59.33190682839501,-3.208375286415639
OASIS_1,LinearSVM,47,test,rician_noise__severe,rician_noise,severe,D:\OASIS_1\distortions_128\rician_noise\severe\Mild_Dementia\OAS1_0184\OAS1_0184_slice_09_z059.png,Mild_Dementia/OAS1_0184/OAS1_0184_slice_09_z059.png,Mild Dementia/OAS1_0184/OAS1_0184_slice_09_z059.png,OAS1_0184,Mild Dementia,2,2,Mild Dementia,1,-20.157938563249655,4.4875368379843925,60.21420960778717,-2.5505610601778326
OASIS_1,LinearSVM,47,test,rician_noise__severe,rician_noise,severe,D:\OASIS_1\distortions_128\rician_noise\severe\Mild_Dementia\OAS1_0184\OAS1_0184_slice_10_z062.png,Mild_Dementia/OAS1_0184/OAS1_0184_slice_10_z062.png,Mild Dementia/OAS1_0184/OAS1_0184_slice_10_z062.png,OAS1_0184,Mild Dementia,2,2,Mild Dementia,1,-18.513767862226935,2.9605640305801453,58.14327797345227,-2.8790744333612217
OASIS_1,LinearSVM,47,test,rician_noise__severe,rician_noise,severe,D:\OASIS_1\distortions_128\rician_noise\severe\Mild_Dementia\OAS1_0184\OAS1_0184_slice_11_z065.png,Mild_Dementia/OAS1_0184/OAS1_0184_slice_11_z065.png,Mild Dementia/OAS1_0184/OAS1_0184_slice_11_z065.png,OAS1_0184,Mild Dementia,2,2,Mild Dementia,1,-22.46774296549381,-2.1186129005663163,67.8038078339399,-2.615397089096489
OASIS_1,LinearSVM,47,test,rician_noise__severe,rician_noise,severe,D:\OASIS_1\distortions_128\rician_noise\severe\Mild_Dementia\OAS1_0184\OAS1_0184_slice_12_z068.png,Mild_Dementia/OAS1_0184/OAS1_0184_slice_12_z068.png,Mild Dementia/OAS1_0184/OAS1_0184_slice_12_z068.png,OAS1_0184,Mild Dementia,2,2,Mild Dementia,1,-28.632077920428028,15.395953090699715,56.948357367825736,-1.3745269699421236
OASIS_1,LinearSVM,47,test,rician_noise__severe,rician_noise,severe,D:\OASIS_1\distortions_128\rician_noise\severe\Mild_Dementia\OAS1_0184\OAS1_0184_slice_13_z070.png,Mild_Dementia/OAS1_0184/OAS1_0184_slice_13_z070.png,Mild Dementia/OAS1_0184/OAS1_0184_slice_13_z070.png,OAS1_0184,Mild Dementia,2,2,Mild Dementia,1,-27.8260321856917,22.71807903407146,64.02717284806356,-1.9056128443204037
OASIS_1,LinearSVM,47,test,rician_noise__severe,rician_noise,severe,D:\OASIS_1\distortions_128\rician_noise\severe\Mild_Dementia\OAS1_0184\OAS1_0184_slice_14_z073.png,Mild_Dementia/OAS1_0184/OAS1_0184_slice_14_z073.png,Mild Dementia/OAS1_0184/OAS1_0184_slice_14_z073.png,OAS1_0184,Mild Dementia,2,2,Mild Dementia,1,-24.73378204181169,12.429823542712294,57.968474844175454,-1.062290312998656
OASIS_1,LinearSVM,47,test,rician_noise__severe,rician_noise,severe,D:\OASIS_1\distortions_128\rician_noise\severe\Mild_Dementia\OAS1_0184\OAS1_0184_slice_15_z076.png,Mild_Dementia/OAS1_0184/OAS1_0184_slice_15_z076.png,Mild Dementia/OAS1_0184/OAS1_0184_slice_15_z076.png,OAS1_0184,Mild Dementia,2,2,Mild Dementia,1,-24.433438246996488,19.017121228026454,52.4439943381878,-1.7451472175664475
OASIS_1,LinearSVM,47,test,rician_noise__severe,rician_noise,severe,D:\OASIS_1\distortions_128\rician_noise\severe\Mild_Dementia\OAS1_0184\OAS1_0184_slice_16_z078.png,Mild_Dementia/OAS1_0184/OAS1_0184_slice_16_z078.png,Mild Dementia/OAS1_0184/OAS1_0184_slice_16_z078.png,OAS1_0184,Mild Dementia,2,2,Mild Dementia,1,-21.101354292774925,1.233893409794029,66.55462459045053,-3.4511308275920163
OASIS_1,LinearSVM,47,test,rician_noise__severe,rician_noise,severe,D:\OASIS_1\distortions_128\rician_noise\severe\Mild_Dementia\OAS1_0184\OAS1_0184_slice_17_z081.png,Mild_Dementia/OAS1_0184/OAS1_0184_slice_17_z081.png,Mild Dementia/OAS1_0184/OAS1_0184_slice_17_z081.png,OAS1_0184,Mild Dementia,2,2,Mild Dementia,1,-18.994226218564442,2.801079503775582,51.52990906730959,-2.3593293096245658
OASIS_1,LinearSVM,47,test,rician_noise__severe,rician_noise,severe,D:\OASIS_1\distortions_128\rician_noise\severe\Mild_Dementia\OAS1_0184\OAS1_0184_slice_18_z084.png,Mild_Dementia/OAS1_0184/OAS1_0184_slice_18_z084.png,Mild Dementia/OAS1_0184/OAS1_0184_slice_18_z084.png,OAS1_0184,Mild Dementia,2,2,Mild Dementia,1,-21.465586298493836,-0.9722574760383127,72.82549135739922,-1.5184199005574706
OASIS_1,LinearSVM,47,test,rician_noise__severe,rician_noise,severe,D:\OASIS_1\distortions_128\rician_noise\severe\Mild_Dementia\OAS1_0184\OAS1_0184_slice_19_z086.png,Mild_Dementia/OAS1_0184/OAS1_0184_slice_19_z086.png,Mild Dementia/OAS1_0184/OAS1_0184_slice_19_z086.png,OAS1_0184,Mild Dementia,2,2,Mild Dementia,1,-14.598391424074078,2.647229466958273,40.26944299241449,-1.3105787196696492
OASIS_1,LinearSVM,47,test,rician_noise__severe,rician_noise,severe,D:\OASIS_1\distortions_128\rician_noise\severe\Mild_Dementia\OAS1_0184\OAS1_0184_slice_20_z089.png,Mild_Dementia/OAS1_0184/OAS1_0184_slice_20_z089.png,Mild Dementia/OAS1_0184/OAS1_0184_slice_20_z089.png,OAS1_0184,Mild Dementia,2,2,Mild Dementia,1,-28.734932686105996,6.717138724504024,68.66441937759939,-2.771623506073496
OASIS_1,LinearSVM,47,test,rician_noise__severe,rician_noise,severe,D:\OASIS_1\distortions_128\rician_noise\severe\Mild_Dementia\OAS1_0278\OAS1_0278_slice_01_z038.png,Mild_Dementia/OAS1_0278/OAS1_0278_slice_01_z038.png,Mild Dementia/OAS1_0278/OAS1_0278_slice_01_z038.png,OAS1_0278,Mild Dementia,2,2,Mild Dementia,1,-18.161827019609202,-5.795481184802067,61.85460600646865,-0.6317045648346568
OASIS_1,LinearSVM,47,test,rician_noise__severe,rician_noise,severe,D:\OASIS_1\distortions_128\rician_noise\severe\Mild_Dementia\OAS1_0278\OAS1_0278_slice_02_z041.png,Mild_Dementia/OAS1_0278/OAS1_0278_slice_02_z041.png,Mild Dementia/OAS1_0278/OAS1_0278_slice_02_z041.png,OAS1_0278,Mild Dementia,2,2,Mild Dementia,1,-19.589586642630724,-15.055340949568512,77.50985161613416,-2.0222913923772934
OASIS_1,LinearSVM,47,test,rician_noise__severe,rician_noise,severe,D:\OASIS_1\distortions_128\rician_noise\severe\Mild_Dementia\OAS1_0278\OAS1_0278_slice_03_z043.png,Mild_Dementia/OAS1_0278/OAS1_0278_slice_03_z043.png,Mild Dementia/OAS1_0278/OAS1_0278_slice_03_z043.png,OAS1_0278,Mild Dementia,2,2,Mild Dementia,1,-22.14305684432105,-7.620620304130493,66.91433617543042,-2.5597473615817963
OASIS_1,LinearSVM,47,test,rician_noise__severe,rician_noise,severe,D:\OASIS_1\distortions_128\rician_noise\severe\Mild_Dementia\OAS1_0278\OAS1_0278_slice_04_z046.png,Mild_Dementia/OAS1_0278/OAS1_0278_slice_04_z046.png,Mild Dementia/OAS1_0278/OAS1_0278_slice_04_z046.png,OAS1_0278,Mild Dementia,2,2,Mild Dementia,1,-20.40590340835915,1.7948494443496807,56.97508603018421,-2.927742681463187
OASIS_1,LinearSVM,47,test,rician_noise__severe,rician_noise,severe,D:\OASIS_1\distortions_128\rician_noise\severe\Mild_Dementia\OAS1_0278\OAS1_0278_slice_05_z049.png,Mild_Dementia/OAS1_0278/OAS1_0278_slice_05_z049.png,Mild Dementia/OAS1_0278/OAS1_0278_slice_05_z049.png,OAS1_0278,Mild Dementia,2,2,Mild Dementia,1,-16.578120167277152,-11.039623804384124,79.88110820414954,-2.5212338749636287
OASIS_1,LinearSVM,47,test,rician_noise__severe,rician_noise,severe,D:\OASIS_1\distortions_128\rician_noise\severe\Mild_Dementia\OAS1_0278\OAS1_0278_slice_06_z051.png,Mild_Dementia/OAS1_0278/OAS1_0278_slice_06_z051.png,Mild Dementia/OAS1_0278/OAS1_0278_slice_06_z051.png,OAS1_0278,Mild Dementia,2,2,Mild Dementia,1,-22.099508001756924,-2.230147864322002,57.481889936648514,-1.8323170401741367
OASIS_1,LinearSVM,47,test,rician_noise__severe,rician_noise,severe,D:\OASIS_1\distortions_128\rician_noise\severe\Mild_Dementia\OAS1_0278\OAS1_0278_slice_07_z054.png,Mild_Dementia/OAS1_0278/OAS1_0278_slice_07_z054.png,Mild Dementia/OAS1_0278/OAS1_0278_slice_07_z054.png,OAS1_0278,Mild Dementia,2,2,Mild Dementia,1,-27.76089439861131,-0.6807092488333142,67.75686228765005,-2.404535457805495
OASIS_1,LinearSVM,47,test,rician_noise__severe,rician_noise,severe,D:\OASIS_1\distortions_128\rician_noise\severe\Mild_Dementia\OAS1_0278\OAS1_0278_slice_08_z057.png,Mild_Dementia/OAS1_0278/OAS1_0278_slice_08_z057.png,Mild Dementia/OAS1_0278/OAS1_0278_slice_08_z057.png,OAS1_0278,Mild Dementia,2,2,Mild Dementia,1,-17.092607335954117,-3.4037646732273155,57.827459985346735,-1.4227634539443565
OASIS_1,LinearSVM,47,test,rician_noise__severe,rician_noise,severe,D:\OASIS_1\distortions_128\rician_noise\severe\Mild_Dementia\OAS1_0278\OAS1_0278_slice_09_z059.png,Mild_Dementia/OAS1_0278/OAS1_0278_slice_09_z059.png,Mild Dementia/OAS1_0278/OAS1_0278_slice_09_z059.png,OAS1_0278,Mild Dementia,2,2,Mild Dementia,1,-24.46633982749438,8.739776376869928,61.33512037466552,-2.6863671374206035
OASIS_1,LinearSVM,47,test,rician_noise__severe,rician_noise,severe,D:\OASIS_1\distortions_128\rician_noise\severe\Mild_Dementia\OAS1_0278\OAS1_0278_slice_10_z062.png,Mild_Dementia/OAS1_0278/OAS1_0278_slice_10_z062.png,Mild Dementia/OAS1_0278/OAS1_0278_slice_10_z062.png,OAS1_0278,Mild Dementia,2,2,Mild Dementia,1,-19.660763945471942,-3.6139298580291195,54.79435203897546,-2.120587410822564
OASIS_1,LinearSVM,47,test,rician_noise__severe,rician_noise,severe,D:\OASIS_1\distortions_128\rician_noise\severe\Mild_Dementia\OAS1_0278\OAS1_0278_slice_11_z065.png,Mild_Dementia/OAS1_0278/OAS1_0278_slice_11_z065.png,Mild Dementia/OAS1_0278/OAS1_0278_slice_11_z065.png,OAS1_0278,Mild Dementia,2,2,Mild Dementia,1,-13.100882460079866,-4.801550638956649,53.38427881612071,-3.476836737623466
OASIS_1,LinearSVM,47,test,rician_noise__severe,rician_noise,severe,D:\OASIS_1\distortions_128\rician_noise\severe\Mild_Dementia\OAS1_0278\OAS1_0278_slice_12_z068.png,Mild_Dementia/OAS1_0278/OAS1_0278_slice_12_z068.png,Mild Dementia/OAS1_0278/OAS1_0278_slice_12_z068.png,OAS1_0278,Mild Dementia,2,2,Mild Dementia,1,-27.06292276902101,16.47906667522725,58.074240517110496,-2.2611926851555326
OASIS_1,LinearSVM,47,test,rician_noise__severe,rician_noise,severe,D:\OASIS_1\distortions_128\rician_noise\severe\Mild_Dementia\OAS1_0278\OAS1_0278_slice_13_z070.png,Mild_Dementia/OAS1_0278/OAS1_0278_slice_13_z070.png,Mild Dementia/OAS1_0278/OAS1_0278_slice_13_z070.png,OAS1_0278,Mild Dementia,2,2,Mild Dementia,1,-25.683865617097563,9.025933241646628,58.980384489783695,-2.7697624839418085
OASIS_1,LinearSVM,47,test,rician_noise__severe,rician_noise,severe,D:\OASIS_1\distortions_128\rician_noise\severe\Mild_Dementia\OAS1_0278\OAS1_0278_slice_14_z073.png,Mild_Dementia/OAS1_0278/OAS1_0278_slice_14_z073.png,Mild Dementia/OAS1_0278/OAS1_0278_slice_14_z073.png,OAS1_0278,Mild Dementia,2,2,Mild Dementia,1,-13.024919074543435,-16.706139473601198,59.46349451617542,-3.458710954550522
OASIS_1,LinearSVM,47,test,rician_noise__severe,rician_noise,severe,D:\OASIS_1\distortions_128\rician_noise\severe\Mild_Dementia\OAS1_0278\OAS1_0278_slice_15_z076.png,Mild_Dementia/OAS1_0278/OAS1_0278_slice_15_z076.png,Mild Dementia/OAS1_0278/OAS1_0278_slice_15_z076.png,OAS1_0278,Mild Dementia,2,2,Mild Dementia,1,-14.835994002973944,-3.6760569446138165,48.87477119572992,-1.4882086821000486
OASIS_1,LinearSVM,47,test,rician_noise__severe,rician_noise,severe,D:\OASIS_1\distortions_128\rician_noise\severe\Mild_Dementia\OAS1_0278\OAS1_0278_slice_16_z078.png,Mild_Dementia/OAS1_0278/OAS1_0278_slice_16_z078.png,Mild Dementia/OAS1_0278/OAS1_0278_slice_16_z078.png,OAS1_0278,Mild Dementia,2,2,Mild Dementia,1,-19.842473417504785,-6.839433789546182,69.57697664053495,-3.0602965434348537
OASIS_1,LinearSVM,47,test,rician_noise__severe,rician_noise,severe,D:\OASIS_1\distortions_128\rician_noise\severe\Mild_Dementia\OAS1_0278\OAS1_0278_slice_17_z081.png,Mild_Dementia/OAS1_0278/OAS1_0278_slice_17_z081.png,Mild Dementia/OAS1_0278/OAS1_0278_slice_17_z081.png,OAS1_0278,Mild Dementia,2,2,Mild Dementia,1,-18.059413581615598,13.128350435413035,45.9327407764286,-2.624138976423273
OASIS_1,LinearSVM,47,test,rician_noise__severe,rician_noise,severe,D:\OASIS_1\distortions_128\rician_noise\severe\Mild_Dementia\OAS1_0278\OAS1_0278_slice_18_z084.png,Mild_Dementia/OAS1_0278/OAS1_0278_slice_18_z084.png,Mild Dementia/OAS1_0278/OAS1_0278_slice_18_z084.png,OAS1_0278,Mild Dementia,2,2,Mild Dementia,1,-18.271221133097697,-12.66955464449533,67.65725647042258,-1.2232880883207242
OASIS_1,LinearSVM,47,test,rician_noise__severe,rician_noise,severe,D:\OASIS_1\distortions_128\rician_noise\severe\Mild_Dementia\OAS1_0278\OAS1_0278_slice_19_z086.png,Mild_Dementia/OAS1_0278/OAS1_0278_slice_19_z086.png,Mild Dementia/OAS1_0278/OAS1_0278_slice_19_z086.png,OAS1_0278,Mild Dementia,2,2,Mild Dementia,1,-25.632065645802886,2.1444283561733384,69.86238988456931,-1.691748312952603
OASIS_1,LinearSVM,47,test,rician_noise__severe,rician_noise,severe,D:\OASIS_1\distortions_128\rician_noise\severe\Mild_Dementia\OAS1_0278\OAS1_0278_slice_20_z089.png,Mild_Dementia/OAS1_0278/OAS1_0278_slice_20_z089.png,Mild Dementia/OAS1_0278/OAS1_0278_slice_20_z089.png,OAS1_0278,Mild Dementia,2,2,Mild Dementia,1,-27.9664130617092,18.458643109546138,59.463218969727635,-1.7669120333629007
OASIS_1,LinearSVM,47,test,rician_noise__severe,rician_noise,severe,D:\OASIS_1\distortions_128\rician_noise\severe\Moderate_Dementia\OAS1_0308\OAS1_0308_slice_01_z038.png,Moderate_Dementia/OAS1_0308/OAS1_0308_slice_01_z038.png,Moderate Dementia/OAS1_0308/OAS1_0308_slice_01_z038.png,OAS1_0308,Moderate Dementia,3,2,Mild Dementia,0,-19.972543728892116,-1.4194076108576548,60.95432072062556,-2.8489715510959495
OASIS_1,LinearSVM,47,test,rician_noise__severe,rician_noise,severe,D:\OASIS_1\distortions_128\rician_noise\severe\Moderate_Dementia\OAS1_0308\OAS1_0308_slice_02_z041.png,Moderate_Dementia/OAS1_0308/OAS1_0308_slice_02_z041.png,Moderate Dementia/OAS1_0308/OAS1_0308_slice_02_z041.png,OAS1_0308,Moderate Dementia,3,2,Mild Dementia,0,-23.281747699860976,19.296530249886665,40.00828257983478,-0.7119285637967887
OASIS_1,LinearSVM,47,test,rician_noise__severe,rician_noise,severe,D:\OASIS_1\distortions_128\rician_noise\severe\Moderate_Dementia\OAS1_0308\OAS1_0308_slice_03_z043.png,Moderate_Dementia/OAS1_0308/OAS1_0308_slice_03_z043.png,Moderate Dementia/OAS1_0308/OAS1_0308_slice_03_z043.png,OAS1_0308,Moderate Dementia,3,2,Mild Dementia,0,-18.679309429172406,-2.110473079605282,69.0869322043048,-0.9828916116776074
OASIS_1,LinearSVM,47,test,rician_noise__severe,rician_noise,severe,D:\OASIS_1\distortions_128\rician_noise\severe\Moderate_Dementia\OAS1_0308\OAS1_0308_slice_04_z046.png,Moderate_Dementia/OAS1_0308/OAS1_0308_slice_04_z046.png,Moderate Dementia/OAS1_0308/OAS1_0308_slice_04_z046.png,OAS1_0308,Moderate Dementia,3,2,Mild Dementia,0,-20.152876600123346,-5.078930520731546,72.23517838732435,-0.8922077520846317
OASIS_1,LinearSVM,47,test,rician_noise__severe,rician_noise,severe,D:\OASIS_1\distortions_128\rician_noise\severe\Moderate_Dementia\OAS1_0308\OAS1_0308_slice_05_z049.png,Moderate_Dementia/OAS1_0308/OAS1_0308_slice_05_z049.png,Moderate Dementia/OAS1_0308/OAS1_0308_slice_05_z049.png,OAS1_0308,Moderate Dementia,3,2,Mild Dementia,0,-10.722746110841777,-16.888442861834314,65.11589937535915,-3.624243110838213
OASIS_1,LinearSVM,47,test,rician_noise__severe,rician_noise,severe,D:\OASIS_1\distortions_128\rician_noise\severe\Moderate_Dementia\OAS1_0308\OAS1_0308_slice_06_z051.png,Moderate_Dementia/OAS1_0308/OAS1_0308_slice_06_z051.png,Moderate Dementia/OAS1_0308/OAS1_0308_slice_06_z051.png,OAS1_0308,Moderate Dementia,3,2,Mild Dementia,0,-18.203341815061563,-12.4718172566118,66.55074285799743,-1.8626316717236089
OASIS_1,LinearSVM,47,test,rician_noise__severe,rician_noise,severe,D:\OASIS_1\distortions_128\rician_noise\severe\Moderate_Dementia\OAS1_0308\OAS1_0308_slice_07_z054.png,Moderate_Dementia/OAS1_0308/OAS1_0308_slice_07_z054.png,Moderate Dementia/OAS1_0308/OAS1_0308_slice_07_z054.png,OAS1_0308,Moderate Dementia,3,2,Mild Dementia,0,-23.711347683238422,7.463612499935434,61.85841111434953,-2.082001576162541
OASIS_1,LinearSVM,47,test,rician_noise__severe,rician_noise,severe,D:\OASIS_1\distortions_128\rician_noise\severe\Moderate_Dementia\OAS1_0308\OAS1_0308_slice_08_z057.png,Moderate_Dementia/OAS1_0308/OAS1_0308_slice_08_z057.png,Moderate Dementia/OAS1_0308/OAS1_0308_slice_08_z057.png,OAS1_0308,Moderate Dementia,3,2,Mild Dementia,0,-20.196483808868315,17.3669621569329,49.08518205187397,-1.0463227358502287
OASIS_1,LinearSVM,47,test,rician_noise__severe,rician_noise,severe,D:\OASIS_1\distortions_128\rician_noise\severe\Moderate_Dementia\OAS1_0308\OAS1_0308_slice_09_z059.png,Moderate_Dementia/OAS1_0308/OAS1_0308_slice_09_z059.png,Moderate Dementia/OAS1_0308/OAS1_0308_slice_09_z059.png,OAS1_0308,Moderate Dementia,3,2,Mild Dementia,0,-19.500600164545112,18.61921144034632,45.170988467898134,-2.51146534241712
OASIS_1,LinearSVM,47,test,rician_noise__severe,rician_noise,severe,D:\OASIS_1\distortions_128\rician_noise\severe\Moderate_Dementia\OAS1_0308\OAS1_0308_slice_10_z062.png,Moderate_Dementia/OAS1_0308/OAS1_0308_slice_10_z062.png,Moderate Dementia/OAS1_0308/OAS1_0308_slice_10_z062.png,OAS1_0308,Moderate Dementia,3,2,Mild Dementia,0,-16.47363115800744,-16.6594372757404,71.32474137010796,-2.4244666278311526
OASIS_1,LinearSVM,47,test,rician_noise__severe,rician_noise,severe,D:\OASIS_1\distortions_128\rician_noise\severe\Moderate_Dementia\OAS1_0308\OAS1_0308_slice_11_z065.png,Moderate_Dementia/OAS1_0308/OAS1_0308_slice_11_z065.png,Moderate Dementia/OAS1_0308/OAS1_0308_slice_11_z065.png,OAS1_0308,Moderate Dementia,3,2,Mild Dementia,0,-20.144601921549807,-2.5657392979770224,57.867731005846714,-0.6446562548345299
OASIS_1,LinearSVM,47,test,rician_noise__severe,rician_noise,severe,D:\OASIS_1\distortions_128\rician_noise\severe\Moderate_Dementia\OAS1_0308\OAS1_0308_slice_12_z068.png,Moderate_Dementia/OAS1_0308/OAS1_0308_slice_12_z068.png,Moderate Dementia/OAS1_0308/OAS1_0308_slice_12_z068.png,OAS1_0308,Moderate Dementia,3,2,Mild Dementia,0,-21.550122109085635,-6.835797555313458,76.1474879370416,-3.416357032589107
OASIS_1,LinearSVM,47,test,rician_noise__severe,rician_noise,severe,D:\OASIS_1\distortions_128\rician_noise\severe\Moderate_Dementia\OAS1_0308\OAS1_0308_slice_13_z070.png,Moderate_Dementia/OAS1_0308/OAS1_0308_slice_13_z070.png,Moderate Dementia/OAS1_0308/OAS1_0308_slice_13_z070.png,OAS1_0308,Moderate Dementia,3,2,Mild Dementia,0,-17.49473833010529,0.5332686101950843,64.08664440282803,-2.6897322780654265
OASIS_1,LinearSVM,47,test,rician_noise__severe,rician_noise,severe,D:\OASIS_1\distortions_128\rician_noise\severe\Moderate_Dementia\OAS1_0308\OAS1_0308_slice_14_z073.png,Moderate_Dementia/OAS1_0308/OAS1_0308_slice_14_z073.png,Moderate Dementia/OAS1_0308/OAS1_0308_slice_14_z073.png,OAS1_0308,Moderate Dementia,3,2,Mild Dementia,0,-13.029354951516604,-2.4345815905203745,55.42259536745097,-2.3984654596278876
OASIS_1,LinearSVM,47,test,rician_noise__severe,rician_noise,severe,D:\OASIS_1\distortions_128\rician_noise\severe\Moderate_Dementia\OAS1_0308\OAS1_0308_slice_15_z076.png,Moderate_Dementia/OAS1_0308/OAS1_0308_slice_15_z076.png,Moderate Dementia/OAS1_0308/OAS1_0308_slice_15_z076.png,OAS1_0308,Moderate Dementia,3,2,Mild Dementia,0,-20.428254099163468,7.241179824557302,56.84227807107328,-2.4619792365786997
OASIS_1,LinearSVM,47,test,rician_noise__severe,rician_noise,severe,D:\OASIS_1\distortions_128\rician_noise\severe\Moderate_Dementia\OAS1_0308\OAS1_0308_slice_16_z078.png,Moderate_Dementia/OAS1_0308/OAS1_0308_slice_16_z078.png,Moderate Dementia/OAS1_0308/OAS1_0308_slice_16_z078.png,OAS1_0308,Moderate Dementia,3,2,Mild Dementia,0,-19.366509219496535,4.75931572700476,64.27621559465273,-3.3354833082515887
OASIS_1,LinearSVM,47,test,rician_noise__severe,rician_noise,severe,D:\OASIS_1\distortions_128\rician_noise\severe\Moderate_Dementia\OAS1_0308\OAS1_0308_slice_17_z081.png,Moderate_Dementia/OAS1_0308/OAS1_0308_slice_17_z081.png,Moderate Dementia/OAS1_0308/OAS1_0308_slice_17_z081.png,OAS1_0308,Moderate Dementia,3,2,Mild Dementia,0,-18.322465500101547,-1.5730596335916145,68.92321110552459,-2.160952544490663
OASIS_1,LinearSVM,47,test,rician_noise__severe,rician_noise,severe,D:\OASIS_1\distortions_128\rician_noise\severe\Moderate_Dementia\OAS1_0308\OAS1_0308_slice_18_z084.png,Moderate_Dementia/OAS1_0308/OAS1_0308_slice_18_z084.png,Moderate Dementia/OAS1_0308/OAS1_0308_slice_18_z084.png,OAS1_0308,Moderate Dementia,3,2,Mild Dementia,0,-12.947226790603477,-15.494115746355915,65.16882161502794,-2.188807362232586
OASIS_1,LinearSVM,47,test,rician_noise__severe,rician_noise,severe,D:\OASIS_1\distortions_128\rician_noise\severe\Moderate_Dementia\OAS1_0308\OAS1_0308_slice_19_z086.png,Moderate_Dementia/OAS1_0308/OAS1_0308_slice_19_z086.png,Moderate Dementia/OAS1_0308/OAS1_0308_slice_19_z086.png,OAS1_0308,Moderate Dementia,3,2,Mild Dementia,0,-30.414385189929938,19.17057282181626,63.213036569965524,-2.2371808088060323
OASIS_1,LinearSVM,47,test,rician_noise__severe,rician_noise,severe,D:\OASIS_1\distortions_128\rician_noise\severe\Moderate_Dementia\OAS1_0308\OAS1_0308_slice_20_z089.png,Moderate_Dementia/OAS1_0308/OAS1_0308_slice_20_z089.png,Moderate Dementia/OAS1_0308/OAS1_0308_slice_20_z089.png,OAS1_0308,Moderate Dementia,3,2,Mild Dementia,0,-19.403323757289254,0.24541592819305705,62.54633819274417,-2.1513738968381944
OASIS_1,LinearSVM,47,test,rician_noise__severe,rician_noise,severe,D:\OASIS_1\distortions_128\rician_noise\severe\Non_Demented\OAS1_0013\OAS1_0013_slice_01_z038.png,Non_Demented/OAS1_0013/OAS1_0013_slice_01_z038.png,Non-Demented/OAS1_0013/OAS1_0013_slice_01_z038.png,OAS1_0013,Non-Demented,0,2,Mild Dementia,0,-28.240080134326508,12.836039027983563,71.2458409424326,-2.6184102480040172
OASIS_1,LinearSVM,47,test,rician_noise__severe,rician_noise,severe,D:\OASIS_1\distortions_128\rician_noise\severe\Non_Demented\OAS1_0013\OAS1_0013_slice_02_z041.png,Non_Demented/OAS1_0013/OAS1_0013_slice_02_z041.png,Non-Demented/OAS1_0013/OAS1_0013_slice_02_z041.png,OAS1_0013,Non-Demented,0,2,Mild Dementia,0,-30.198867792651644,2.3741265073491364,80.46989442312398,-2.1341561026230584
OASIS_1,LinearSVM,47,test,rician_noise__severe,rician_noise,severe,D:\OASIS_1\distortions_128\rician_noise\severe\Non_Demented\OAS1_0013\OAS1_0013_slice_03_z043.png,Non_Demented/OAS1_0013/OAS1_0013_slice_03_z043.png,Non-Demented/OAS1_0013/OAS1_0013_slice_03_z043.png,OAS1_0013,Non-Demented,0,2,Mild Dementia,0,-23.275043994004037,7.30920751251083,67.12905745958729,-3.0960007669980865
OASIS_1,LinearSVM,47,test,rician_noise__severe,rician_noise,severe,D:\OASIS_1\distortions_128\rician_noise\severe\Non_Demented\OAS1_0013\OAS1_0013_slice_04_z046.png,Non_Demented/OAS1_0013/OAS1_0013_slice_04_z046.png,Non-Demented/OAS1_0013/OAS1_0013_slice_04_z046.png,OAS1_0013,Non-Demented,0,2,Mild Dementia,0,-22.30340266463086,14.11660366130932,49.34218803252626,-1.6269215211852304
OASIS_1,LinearSVM,47,test,rician_noise__severe,rician_noise,severe,D:\OASIS_1\distortions_128\rician_noise\severe\Non_Demented\OAS1_0013\OAS1_0013_slice_05_z049.png,Non_Demented/OAS1_0013/OAS1_0013_slice_05_z049.png,Non-Demented/OAS1_0013/OAS1_0013_slice_05_z049.png,OAS1_0013,Non-Demented,0,2,Mild Dementia,0,-23.23573848820511,23.92593630308171,58.534477190418826,-2.932185692171502
OASIS_1,LinearSVM,47,test,rician_noise__severe,rician_noise,severe,D:\OASIS_1\distortions_128\rician_noise\severe\Non_Demented\OAS1_0013\OAS1_0013_slice_06_z051.png,Non_Demented/OAS1_0013/OAS1_0013_slice_06_z051.png,Non-Demented/OAS1_0013/OAS1_0013_slice_06_z051.png,OAS1_0013,Non-Demented,0,2,Mild Dementia,0,-16.49748154267885,-14.137627992004607,70.9349203469301,-4.398092596477681
OASIS_1,LinearSVM,47,test,rician_noise__severe,rician_noise,severe,D:\OASIS_1\distortions_128\rician_noise\severe\Non_Demented\OAS1_0013\OAS1_0013_slice_07_z054.png,Non_Demented/OAS1_0013/OAS1_0013_slice_07_z054.png,Non-Demented/OAS1_0013/OAS1_0013_slice_07_z054.png,OAS1_0013,Non-Demented,0,2,Mild Dementia,0,-22.90722397404532,17.10048573125125,35.46016295644362,-1.2121893267085069
OASIS_1,LinearSVM,47,test,rician_noise__severe,rician_noise,severe,D:\OASIS_1\distortions_128\rician_noise\severe\Non_Demented\OAS1_0013\OAS1_0013_slice_08_z057.png,Non_Demented/OAS1_0013/OAS1_0013_slice_08_z057.png,Non-Demented/OAS1_0013/OAS1_0013_slice_08_z057.png,OAS1_0013,Non-Demented,0,2,Mild Dementia,0,-20.359224272204376,-8.314680107508444,69.23131021857088,-1.6053232181390684
OASIS_1,LinearSVM,47,test,rician_noise__severe,rician_noise,severe,D:\OASIS_1\distortions_128\rician_noise\severe\Non_Demented\OAS1_0013\OAS1_0013_slice_09_z059.png,Non_Demented/OAS1_0013/OAS1_0013_slice_09_z059.png,Non-Demented/OAS1_0013/OAS1_0013_slice_09_z059.png,OAS1_0013,Non-Demented,0,2,Mild Dementia,0,-27.28759633338793,27.88115183988802,44.35120409877494,-2.3808889467796224
OASIS_1,LinearSVM,47,test,rician_noise__severe,rician_noise,severe,D:\OASIS_1\distortions_128\rician_noise\severe\Non_Demented\OAS1_0013\OAS1_0013_slice_10_z062.png,Non_Demented/OAS1_0013/OAS1_0013_slice_10_z062.png,Non-Demented/OAS1_0013/OAS1_0013_slice_10_z062.png,OAS1_0013,Non-Demented,0,2,Mild Dementia,0,-19.88539137632282,2.0892636899156924,63.52189778575286,-1.58491770664998
OASIS_1,LinearSVM,47,test,rician_noise__severe,rician_noise,severe,D:\OASIS_1\distortions_128\rician_noise\severe\Non_Demented\OAS1_0013\OAS1_0013_slice_11_z065.png,Non_Demented/OAS1_0013/OAS1_0013_slice_11_z065.png,Non-Demented/OAS1_0013/OAS1_0013_slice_11_z065.png,OAS1_0013,Non-Demented,0,2,Mild Dementia,0,-21.25109989570753,-11.992155591653125,76.27728610514218,-2.5800375083378375
OASIS_1,LinearSVM,47,test,rician_noise__severe,rician_noise,severe,D:\OASIS_1\distortions_128\rician_noise\severe\Non_Demented\OAS1_0013\OAS1_0013_slice_12_z068.png,Non_Demented/OAS1_0013/OAS1_0013_slice_12_z068.png,Non-Demented/OAS1_0013/OAS1_0013_slice_12_z068.png,OAS1_0013,Non-Demented,0,2,Mild Dementia,0,-16.902564686440574,-19.182700013080833,89.33430962661855,-2.0070561344652553
OASIS_1,LinearSVM,47,test,rician_noise__severe,rician_noise,severe,D:\OASIS_1\distortions_128\rician_noise\severe\Non_Demented\OAS1_0013\OAS1_0013_slice_13_z070.png,Non_Demented/OAS1_0013/OAS1_0013_slice_13_z070.png,Non-Demented/OAS1_0013/OAS1_0013_slice_13_z070.png,OAS1_0013,Non-Demented,0,2,Mild Dementia,0,-19.67434783722718,4.755399753306482,68.42185023631845,-3.6278667540043577
OASIS_1,LinearSVM,47,test,rician_noise__severe,rician_noise,severe,D:\OASIS_1\distortions_128\rician_noise\severe\Non_Demented\OAS1_0013\OAS1_0013_slice_14_z073.png,Non_Demented/OAS1_0013/OAS1_0013_slice_14_z073.png,Non-Demented/OAS1_0013/OAS1_0013_slice_14_z073.png,OAS1_0013,Non-Demented,0,2,Mild Dementia,0,-27.395377923965565,19.757618117549924,61.72683757131107,-3.303865889812105
OASIS_1,LinearSVM,47,test,rician_noise__severe,rician_noise,severe,D:\OASIS_1\distortions_128\rician_noise\severe\Non_Demented\OAS1_0013\OAS1_0013_slice_15_z076.png,Non_Demented/OAS1_0013/OAS1_0013_slice_15_z076.png,Non-Demented/OAS1_0013/OAS1_0013_slice_15_z076.png,OAS1_0013,Non-Demented,0,2,Mild Dementia,0,-17.712290216216903,1.1073485780441112,61.695793676694336,-2.040173082017275
OASIS_1,LinearSVM,47,test,rician_noise__severe,rician_noise,severe,D:\OASIS_1\distortions_128\rician_noise\severe\Non_Demented\OAS1_0013\OAS1_0013_slice_16_z078.png,Non_Demented/OAS1_0013/OAS1_0013_slice_16_z078.png,Non-Demented/OAS1_0013/OAS1_0013_slice_16_z078.png,OAS1_0013,Non-Demented,0,2,Mild Dementia,0,-19.952293304249782,-2.6052148740229404,70.17574889986507,-2.346296664512593
OASIS_1,LinearSVM,47,test,rician_noise__severe,rician_noise,severe,D:\OASIS_1\distortions_128\rician_noise\severe\Non_Demented\OAS1_0013\OAS1_0013_slice_17_z081.png,Non_Demented/OAS1_0013/OAS1_0013_slice_17_z081.png,Non-Demented/OAS1_0013/OAS1_0013_slice_17_z081.png,OAS1_0013,Non-Demented,0,2,Mild Dementia,0,-17.90834197620565,-19.107035088104368,71.75839471855421,-1.4542438628642602
OASIS_1,LinearSVM,47,test,rician_noise__severe,rician_noise,severe,D:\OASIS_1\distortions_128\rician_noise\severe\Non_Demented\OAS1_0013\OAS1_0013_slice_18_z084.png,Non_Demented/OAS1_0013/OAS1_0013_slice_18_z084.png,Non-Demented/OAS1_0013/OAS1_0013_slice_18_z084.png,OAS1_0013,Non-Demented,0,2,Mild Dementia,0,-21.34251837101205,6.44868664187097,52.69979512827827,-2.2690662820220693
OASIS_1,LinearSVM,47,test,rician_noise__severe,rician_noise,severe,D:\OASIS_1\distortions_128\rician_noise\severe\Non_Demented\OAS1_0013\OAS1_0013_slice_19_z086.png,Non_Demented/OAS1_0013/OAS1_0013_slice_19_z086.png,Non-Demented/OAS1_0013/OAS1_0013_slice_19_z086.png,OAS1_0013,Non-Demented,0,2,Mild Dementia,0,-20.91797179268423,-10.277036203924805,62.60954782804001,-1.7329608014072395
OASIS_1,LinearSVM,47,test,rician_noise__severe,rician_noise,severe,D:\OASIS_1\distortions_128\rician_noise\severe\Non_Demented\OAS1_0013\OAS1_0013_slice_20_z089.png,Non_Demented/OAS1_0013/OAS1_0013_slice_20_z089.png,Non-Demented/OAS1_0013/OAS1_0013_slice_20_z089.png,OAS1_0013,Non-Demented,0,2,Mild Dementia,0,-22.06316381368293,-8.753431635278686,76.06562612924974,-2.7399025819711493
OASIS_1,LinearSVM,47,test,rician_noise__severe,rician_noise,severe,D:\OASIS_1\distortions_128\rician_noise\severe\Non_Demented\OAS1_0044\OAS1_0044_slice_01_z038.png,Non_Demented/OAS1_0044/OAS1_0044_slice_01_z038.png,Non-Demented/OAS1_0044/OAS1_0044_slice_01_z038.png,OAS1_0044,Non-Demented,0,2,Mild Dementia,0,-16.860384515410907,3.3026421743049665,57.03308468434082,-3.0677885565717196
OASIS_1,LinearSVM,47,test,rician_noise__severe,rician_noise,severe,D:\OASIS_1\distortions_128\rician_noise\severe\Non_Demented\OAS1_0044\OAS1_0044_slice_02_z041.png,Non_Demented/OAS1_0044/OAS1_0044_slice_02_z041.png,Non-Demented/OAS1_0044/OAS1_0044_slice_02_z041.png,OAS1_0044,Non-Demented,0,2,Mild Dementia,0,-18.300608562135764,-1.457336515320752,69.58772907813398,-2.8134806266851253
OASIS_1,LinearSVM,47,test,rician_noise__severe,rician_noise,severe,D:\OASIS_1\distortions_128\rician_noise\severe\Non_Demented\OAS1_0044\OAS1_0044_slice_03_z043.png,Non_Demented/OAS1_0044/OAS1_0044_slice_03_z043.png,Non-Demented/OAS1_0044/OAS1_0044_slice_03_z043.png,OAS1_0044,Non-Demented,0,2,Mild Dementia,0,-17.1500114721775,13.593617868531808,51.872376060179334,-2.5113723514505413
OASIS_1,LinearSVM,47,test,rician_noise__severe,rician_noise,severe,D:\OASIS_1\distortions_128\rician_noise\severe\Non_Demented\OAS1_0044\OAS1_0044_slice_04_z046.png,Non_Demented/OAS1_0044/OAS1_0044_slice_04_z046.png,Non-Demented/OAS1_0044/OAS1_0044_slice_04_z046.png,OAS1_0044,Non-Demented,0,2,Mild Dementia,0,-21.33162502775677,2.350473845493842,64.18781661049827,-2.5806094744738193
OASIS_1,LinearSVM,47,test,rician_noise__severe,rician_noise,severe,D:\OASIS_1\distortions_128\rician_noise\severe\Non_Demented\OAS1_0044\OAS1_0044_slice_05_z049.png,Non_Demented/OAS1_0044/OAS1_0044_slice_05_z049.png,Non-Demented/OAS1_0044/OAS1_0044_slice_05_z049.png,OAS1_0044,Non-Demented,0,2,Mild Dementia,0,-22.564792601656848,-5.125594206934076,60.09228848334444,-1.785694490262825
OASIS_1,LinearSVM,47,test,rician_noise__severe,rician_noise,severe,D:\OASIS_1\distortions_128\rician_noise\severe\Non_Demented\OAS1_0044\OAS1_0044_slice_06_z051.png,Non_Demented/OAS1_0044/OAS1_0044_slice_06_z051.png,Non-Demented/OAS1_0044/OAS1_0044_slice_06_z051.png,OAS1_0044,Non-Demented,0,2,Mild Dementia,0,-25.623970431476135,9.895367936001795,64.71719993821154,-2.6081663249036593
OASIS_1,LinearSVM,47,test,rician_noise__severe,rician_noise,severe,D:\OASIS_1\distortions_128\rician_noise\severe\Non_Demented\OAS1_0044\OAS1_0044_slice_07_z054.png,Non_Demented/OAS1_0044/OAS1_0044_slice_07_z054.png,Non-Demented/OAS1_0044/OAS1_0044_slice_07_z054.png,OAS1_0044,Non-Demented,0,2,Mild Dementia,0,-20.810454054646183,5.228318898102855,54.292181864219785,-2.482694094497816
OASIS_1,LinearSVM,47,test,rician_noise__severe,rician_noise,severe,D:\OASIS_1\distortions_128\rician_noise\severe\Non_Demented\OAS1_0044\OAS1_0044_slice_08_z057.png,Non_Demented/OAS1_0044/OAS1_0044_slice_08_z057.png,Non-Demented/OAS1_0044/OAS1_0044_slice_08_z057.png,OAS1_0044,Non-Demented,0,2,Mild Dementia,0,-16.86528163114099,-14.729339306462094,70.26454117706406,-2.5471448514398247
OASIS_1,LinearSVM,47,test,rician_noise__severe,rician_noise,severe,D:\OASIS_1\distortions_128\rician_noise\severe\Non_Demented\OAS1_0044\OAS1_0044_slice_09_z059.png,Non_Demented/OAS1_0044/OAS1_0044_slice_09_z059.png,Non-Demented/OAS1_0044/OAS1_0044_slice_09_z059.png,OAS1_0044,Non-Demented,0,2,Mild Dementia,0,-20.420971676204324,9.7979190888702,57.05695911252205,-1.456845150241527
OASIS_1,LinearSVM,47,test,rician_noise__severe,rician_noise,severe,D:\OASIS_1\distortions_128\rician_noise\severe\Non_Demented\OAS1_0044\OAS1_0044_slice_10_z062.png,Non_Demented/OAS1_0044/OAS1_0044_slice_10_z062.png,Non-Demented/OAS1_0044/OAS1_0044_slice_10_z062.png,OAS1_0044,Non-Demented,0,2,Mild Dementia,0,-18.946382363025617,4.775945862358241,61.94112273272618,-3.0833407989194903
OASIS_1,LinearSVM,47,test,rician_noise__severe,rician_noise,severe,D:\OASIS_1\distortions_128\rician_noise\severe\Non_Demented\OAS1_0044\OAS1_0044_slice_11_z065.png,Non_Demented/OAS1_0044/OAS1_0044_slice_11_z065.png,Non-Demented/OAS1_0044/OAS1_0044_slice_11_z065.png,OAS1_0044,Non-Demented,0,2,Mild Dementia,0,-29.65667023969777,24.676376611114648,51.61829069571437,-0.7057518523476478
OASIS_1,LinearSVM,47,test,rician_noise__severe,rician_noise,severe,D:\OASIS_1\distortions_128\rician_noise\severe\Non_Demented\OAS1_0044\OAS1_0044_slice_12_z068.png,Non_Demented/OAS1_0044/OAS1_0044_slice_12_z068.png,Non-Demented/OAS1_0044/OAS1_0044_slice_12_z068.png,OAS1_0044,Non-Demented,0,2,Mild Dementia,0,-16.84478886832445,-12.878140709131047,69.62050420374018,-3.1686931611007054
OASIS_1,LinearSVM,47,test,rician_noise__severe,rician_noise,severe,D:\OASIS_1\distortions_128\rician_noise\severe\Non_Demented\OAS1_0044\OAS1_0044_slice_13_z070.png,Non_Demented/OAS1_0044/OAS1_0044_slice_13_z070.png,Non-Demented/OAS1_0044/OAS1_0044_slice_13_z070.png,OAS1_0044,Non-Demented,0,2,Mild Dementia,0,-8.129487952018211,-16.904988926379595,51.011270699560306,-1.6047211212673123
OASIS_1,LinearSVM,47,test,rician_noise__severe,rician_noise,severe,D:\OASIS_1\distortions_128\rician_noise\severe\Non_Demented\OAS1_0044\OAS1_0044_slice_14_z073.png,Non_Demented/OAS1_0044/OAS1_0044_slice_14_z073.png,Non-Demented/OAS1_0044/OAS1_0044_slice_14_z073.png,OAS1_0044,Non-Demented,0,2,Mild Dementia,0,-10.43988464615946,-11.803264121872411,57.36997550964278,-2.735611397913893
OASIS_1,LinearSVM,47,test,rician_noise__severe,rician_noise,severe,D:\OASIS_1\distortions_128\rician_noise\severe\Non_Demented\OAS1_0044\OAS1_0044_slice_15_z076.png,Non_Demented/OAS1_0044/OAS1_0044_slice_15_z076.png,Non-Demented/OAS1_0044/OAS1_0044_slice_15_z076.png,OAS1_0044,Non-Demented,0,2,Mild Dementia,0,-14.783974579762605,-23.260169415054214,80.42411883673019,-1.7100228898553196
OASIS_1,LinearSVM,47,test,rician_noise__severe,rician_noise,severe,D:\OASIS_1\distortions_128\rician_noise\severe\Non_Demented\OAS1_0044\OAS1_0044_slice_16_z078.png,Non_Demented/OAS1_0044/OAS1_0044_slice_16_z078.png,Non-Demented/OAS1_0044/OAS1_0044_slice_16_z078.png,OAS1_0044,Non-Demented,0,2,Mild Dementia,0,-26.067085582250836,21.251948608324003,60.636422337293645,-2.178795374500366
OASIS_1,LinearSVM,47,test,rician_noise__severe,rician_noise,severe,D:\OASIS_1\distortions_128\rician_noise\severe\Non_Demented\OAS1_0044\OAS1_0044_slice_17_z081.png,Non_Demented/OAS1_0044/OAS1_0044_slice_17_z081.png,Non-Demented/OAS1_0044/OAS1_0044_slice_17_z081.png,OAS1_0044,Non-Demented,0,2,Mild Dementia,0,-21.110979649454336,-4.841761406637086,69.14475464678121,-3.1930276388484096
OASIS_1,LinearSVM,47,test,rician_noise__severe,rician_noise,severe,D:\OASIS_1\distortions_128\rician_noise\severe\Non_Demented\OAS1_0044\OAS1_0044_slice_18_z084.png,Non_Demented/OAS1_0044/OAS1_0044_slice_18_z084.png,Non-Demented/OAS1_0044/OAS1_0044_slice_18_z084.png,OAS1_0044,Non-Demented,0,2,Mild Dementia,0,-17.15233368578439,-5.883424111152803,59.400204475592716,-1.6507297586557153
OASIS_1,LinearSVM,47,test,rician_noise__severe,rician_noise,severe,D:\OASIS_1\distortions_128\rician_noise\severe\Non_Demented\OAS1_0044\OAS1_0044_slice_19_z086.png,Non_Demented/OAS1_0044/OAS1_0044_slice_19_z086.png,Non-Demented/OAS1_0044/OAS1_0044_slice_19_z086.png,OAS1_0044,Non-Demented,0,2,Mild Dementia,0,-14.430614084023954,-5.005344387262958,65.94096212520269,-3.184331502677586
OASIS_1,LinearSVM,47,test,rician_noise__severe,rician_noise,severe,D:\OASIS_1\distortions_128\rician_noise\severe\Non_Demented\OAS1_0044\OAS1_0044_slice_20_z089.png,Non_Demented/OAS1_0044/OAS1_0044_slice_20_z089.png,Non-Demented/OAS1_0044/OAS1_0044_slice_20_z089.png,OAS1_0044,Non-Demented,0,2,Mild Dementia,0,-11.353040728237117,-29.20520727948452,78.37135407608395,-3.1203043534990798
OASIS_1,LinearSVM,47,test,rician_noise__severe,rician_noise,severe,D:\OASIS_1\distortions_128\rician_noise\severe\Non_Demented\OAS1_0074\OAS1_0074_slice_01_z038.png,Non_Demented/OAS1_0074/OAS1_0074_slice_01_z038.png,Non-Demented/OAS1_0074/OAS1_0074_slice_01_z038.png,OAS1_0074,Non-Demented,0,2,Mild Dementia,0,-20.368293820449896,-10.149996383422103,68.9912898524326,-1.8603002989916333
OASIS_1,LinearSVM,47,test,rician_noise__severe,rician_noise,severe,D:\OASIS_1\distortions_128\rician_noise\severe\Non_Demented\OAS1_0074\OAS1_0074_slice_02_z041.png,Non_Demented/OAS1_0074/OAS1_0074_slice_02_z041.png,Non-Demented/OAS1_0074/OAS1_0074_slice_02_z041.png,OAS1_0074,Non-Demented,0,2,Mild Dementia,0,-14.064793445002437,-15.021956225133422,61.02969491231003,-2.6633925546535506
OASIS_1,LinearSVM,47,test,rician_noise__severe,rician_noise,severe,D:\OASIS_1\distortions_128\rician_noise\severe\Non_Demented\OAS1_0074\OAS1_0074_slice_03_z043.png,Non_Demented/OAS1_0074/OAS1_0074_slice_03_z043.png,Non-Demented/OAS1_0074/OAS1_0074_slice_03_z043.png,OAS1_0074,Non-Demented,0,2,Mild Dementia,0,-19.41300598064732,5.628725145828576,56.8406145074122,-0.7400523923835229
OASIS_1,LinearSVM,47,test,rician_noise__severe,rician_noise,severe,D:\OASIS_1\distortions_128\rician_noise\severe\Non_Demented\OAS1_0074\OAS1_0074_slice_04_z046.png,Non_Demented/OAS1_0074/OAS1_0074_slice_04_z046.png,Non-Demented/OAS1_0074/OAS1_0074_slice_04_z046.png,OAS1_0074,Non-Demented,0,2,Mild Dementia,0,-20.07907375222564,3.476478480615657,58.58205116386819,-2.97510302266721
OASIS_1,LinearSVM,47,test,rician_noise__severe,rician_noise,severe,D:\OASIS_1\distortions_128\rician_noise\severe\Non_Demented\OAS1_0074\OAS1_0074_slice_05_z049.png,Non_Demented/OAS1_0074/OAS1_0074_slice_05_z049.png,Non-Demented/OAS1_0074/OAS1_0074_slice_05_z049.png,OAS1_0074,Non-Demented,0,2,Mild Dementia,0,-12.340455709603878,-19.356657628265495,72.82996981709061,-2.768382838487681
OASIS_1,LinearSVM,47,test,rician_noise__severe,rician_noise,severe,D:\OASIS_1\distortions_128\rician_noise\severe\Non_Demented\OAS1_0074\OAS1_0074_slice_06_z051.png,Non_Demented/OAS1_0074/OAS1_0074_slice_06_z051.png,Non-Demented/OAS1_0074/OAS1_0074_slice_06_z051.png,OAS1_0074,Non-Demented,0,2,Mild Dementia,0,-20.55468531808077,6.941964993757883,60.67851865280866,-1.4002490644621264
OASIS_1,LinearSVM,47,test,rician_noise__severe,rician_noise,severe,D:\OASIS_1\distortions_128\rician_noise\severe\Non_Demented\OAS1_0074\OAS1_0074_slice_07_z054.png,Non_Demented/OAS1_0074/OAS1_0074_slice_07_z054.png,Non-Demented/OAS1_0074/OAS1_0074_slice_07_z054.png,OAS1_0074,Non-Demented,0,2,Mild Dementia,0,-18.10076506359459,13.250857883386114,45.23612313627072,-4.41593754656457
OASIS_1,LinearSVM,47,test,rician_noise__severe,rician_noise,severe,D:\OASIS_1\distortions_128\rician_noise\severe\Non_Demented\OAS1_0074\OAS1_0074_slice_08_z057.png,Non_Demented/OAS1_0074/OAS1_0074_slice_08_z057.png,Non-Demented/OAS1_0074/OAS1_0074_slice_08_z057.png,OAS1_0074,Non-Demented,0,2,Mild Dementia,0,-18.362554771786627,5.170327016960198,50.64603576362219,-2.673833826357065
OASIS_1,LinearSVM,47,test,rician_noise__severe,rician_noise,severe,D:\OASIS_1\distortions_128\rician_noise\severe\Non_Demented\OAS1_0074\OAS1_0074_slice_09_z059.png,Non_Demented/OAS1_0074/OAS1_0074_slice_09_z059.png,Non-Demented/OAS1_0074/OAS1_0074_slice_09_z059.png,OAS1_0074,Non-Demented,0,2,Mild Dementia,0,-22.509181543674014,-3.8749979061437765,71.27206032112062,-3.8577703026829795
OASIS_1,LinearSVM,47,test,rician_noise__severe,rician_noise,severe,D:\OASIS_1\distortions_128\rician_noise\severe\Non_Demented\OAS1_0074\OAS1_0074_slice_10_z062.png,Non_Demented/OAS1_0074/OAS1_0074_slice_10_z062.png,Non-Demented/OAS1_0074/OAS1_0074_slice_10_z062.png,OAS1_0074,Non-Demented,0,2,Mild Dementia,0,-21.497420839326796,-18.57116255336353,87.41858029859769,-1.0348572986288906
OASIS_1,LinearSVM,47,test,rician_noise__severe,rician_noise,severe,D:\OASIS_1\distortions_128\rician_noise\severe\Non_Demented\OAS1_0074\OAS1_0074_slice_11_z065.png,Non_Demented/OAS1_0074/OAS1_0074_slice_11_z065.png,Non-Demented/OAS1_0074/OAS1_0074_slice_11_z065.png,OAS1_0074,Non-Demented,0,2,Mild Dementia,0,-18.578776926776268,-2.505274670666526,60.25360213510529,-2.2333990489491
OASIS_1,LinearSVM,47,test,rician_noise__severe,rician_noise,severe,D:\OASIS_1\distortions_128\rician_noise\severe\Non_Demented\OAS1_0074\OAS1_0074_slice_12_z068.png,Non_Demented/OAS1_0074/OAS1_0074_slice_12_z068.png,Non-Demented/OAS1_0074/OAS1_0074_slice_12_z068.png,OAS1_0074,Non-Demented,0,2,Mild Dementia,0,-9.435184543852344,-13.41379318223284,64.53865443083816,-0.6403344520268265
OASIS_1,LinearSVM,47,test,rician_noise__severe,rician_noise,severe,D:\OASIS_1\distortions_128\rician_noise\severe\Non_Demented\OAS1_0074\OAS1_0074_slice_13_z070.png,Non_Demented/OAS1_0074/OAS1_0074_slice_13_z070.png,Non-Demented/OAS1_0074/OAS1_0074_slice_13_z070.png,OAS1_0074,Non-Demented,0,2,Mild Dementia,0,-25.469970406172873,21.217218202809576,48.60198720410469,-1.3994953404502621
OASIS_1,LinearSVM,47,test,rician_noise__severe,rician_noise,severe,D:\OASIS_1\distortions_128\rician_noise\severe\Non_Demented\OAS1_0074\OAS1_0074_slice_14_z073.png,Non_Demented/OAS1_0074/OAS1_0074_slice_14_z073.png,Non-Demented/OAS1_0074/OAS1_0074_slice_14_z073.png,OAS1_0074,Non-Demented,0,2,Mild Dementia,0,-18.308310081210013,-10.449310961170793,64.45170065602625,-1.7827904427164245
OASIS_1,LinearSVM,47,test,rician_noise__severe,rician_noise,severe,D:\OASIS_1\distortions_128\rician_noise\severe\Non_Demented\OAS1_0074\OAS1_0074_slice_15_z076.png,Non_Demented/OAS1_0074/OAS1_0074_slice_15_z076.png,Non-Demented/OAS1_0074/OAS1_0074_slice_15_z076.png,OAS1_0074,Non-Demented,0,2,Mild Dementia,0,-17.97798341338682,-22.913546641881148,81.87561242249478,-1.8253451622273695
OASIS_1,LinearSVM,47,test,rician_noise__severe,rician_noise,severe,D:\OASIS_1\distortions_128\rician_noise\severe\Non_Demented\OAS1_0074\OAS1_0074_slice_16_z078.png,Non_Demented/OAS1_0074/OAS1_0074_slice_16_z078.png,Non-Demented/OAS1_0074/OAS1_0074_slice_16_z078.png,OAS1_0074,Non-Demented,0,2,Mild Dementia,0,-22.19989958815857,12.435767856077588,47.299569697064854,-2.8058243510917196
OASIS_1,LinearSVM,47,test,rician_noise__severe,rician_noise,severe,D:\OASIS_1\distortions_128\rician_noise\severe\Non_Demented\OAS1_0074\OAS1_0074_slice_17_z081.png,Non_Demented/OAS1_0074/OAS1_0074_slice_17_z081.png,Non-Demented/OAS1_0074/OAS1_0074_slice_17_z081.png,OAS1_0074,Non-Demented,0,2,Mild Dementia,0,-23.033514474189072,-2.0646920621831226,65.5676193307997,-1.4446594718735841
OASIS_1,LinearSVM,47,test,rician_noise__severe,rician_noise,severe,D:\OASIS_1\distortions_128\rician_noise\severe\Non_Demented\OAS1_0074\OAS1_0074_slice_18_z084.png,Non_Demented/OAS1_0074/OAS1_0074_slice_18_z084.png,Non-Demented/OAS1_0074/OAS1_0074_slice_18_z084.png,OAS1_0074,Non-Demented,0,2,Mild Dementia,0,-19.434043145970815,-2.2581144585969026,65.10578349085601,-2.8463879906535547
OASIS_1,LinearSVM,47,test,rician_noise__severe,rician_noise,severe,D:\OASIS_1\distortions_128\rician_noise\severe\Non_Demented\OAS1_0074\OAS1_0074_slice_19_z086.png,Non_Demented/OAS1_0074/OAS1_0074_slice_19_z086.png,Non-Demented/OAS1_0074/OAS1_0074_slice_19_z086.png,OAS1_0074,Non-Demented,0,2,Mild Dementia,0,-29.03227323780683,-0.8229084398202451,77.1126632126657,-3.048465607509847
OASIS_1,LinearSVM,47,test,rician_noise__severe,rician_noise,severe,D:\OASIS_1\distortions_128\rician_noise\severe\Non_Demented\OAS1_0074\OAS1_0074_slice_20_z089.png,Non_Demented/OAS1_0074/OAS1_0074_slice_20_z089.png,Non-Demented/OAS1_0074/OAS1_0074_slice_20_z089.png,OAS1_0074,Non-Demented,0,2,Mild Dementia,0,-22.312963519410395,11.488295778899301,64.08043352479169,-2.483148059211274
OASIS_1,LinearSVM,47,test,rician_noise__severe,rician_noise,severe,D:\OASIS_1\distortions_128\rician_noise\severe\Non_Demented\OAS1_0075\OAS1_0075_slice_01_z038.png,Non_Demented/OAS1_0075/OAS1_0075_slice_01_z038.png,Non-Demented/OAS1_0075/OAS1_0075_slice_01_z038.png,OAS1_0075,Non-Demented,0,2,Mild Dementia,0,-20.190347201619563,10.698429503774504,50.70079021804242,-2.4902657340059404
OASIS_1,LinearSVM,47,test,rician_noise__severe,rician_noise,severe,D:\OASIS_1\distortions_128\rician_noise\severe\Non_Demented\OAS1_0075\OAS1_0075_slice_02_z041.png,Non_Demented/OAS1_0075/OAS1_0075_slice_02_z041.png,Non-Demented/OAS1_0075/OAS1_0075_slice_02_z041.png,OAS1_0075,Non-Demented,0,2,Mild Dementia,0,-25.19904869728933,7.061305659017148,63.96964503573596,-2.845856945489775
OASIS_1,LinearSVM,47,test,rician_noise__severe,rician_noise,severe,D:\OASIS_1\distortions_128\rician_noise\severe\Non_Demented\OAS1_0075\OAS1_0075_slice_03_z043.png,Non_Demented/OAS1_0075/OAS1_0075_slice_03_z043.png,Non-Demented/OAS1_0075/OAS1_0075_slice_03_z043.png,OAS1_0075,Non-Demented,0,2,Mild Dementia,0,-20.57112056920748,-13.293588642896694,73.77021246253281,-1.6426742929456941
OASIS_1,LinearSVM,47,test,rician_noise__severe,rician_noise,severe,D:\OASIS_1\distortions_128\rician_noise\severe\Non_Demented\OAS1_0075\OAS1_0075_slice_04_z046.png,Non_Demented/OAS1_0075/OAS1_0075_slice_04_z046.png,Non-Demented/OAS1_0075/OAS1_0075_slice_04_z046.png,OAS1_0075,Non-Demented,0,2,Mild Dementia,0,-19.963090937261136,-11.577903211900216,73.69204293288563,-2.9151914028729218
OASIS_1,LinearSVM,47,test,rician_noise__severe,rician_noise,severe,D:\OASIS_1\distortions_128\rician_noise\severe\Non_Demented\OAS1_0075\OAS1_0075_slice_05_z049.png,Non_Demented/OAS1_0075/OAS1_0075_slice_05_z049.png,Non-Demented/OAS1_0075/OAS1_0075_slice_05_z049.png,OAS1_0075,Non-Demented,0,2,Mild Dementia,0,-27.84801434632201,-1.1716618390416835,74.68742779878365,-1.2464657275697095
OASIS_1,LinearSVM,47,test,rician_noise__severe,rician_noise,severe,D:\OASIS_1\distortions_128\rician_noise\severe\Non_Demented\OAS1_0075\OAS1_0075_slice_06_z051.png,Non_Demented/OAS1_0075/OAS1_0075_slice_06_z051.png,Non-Demented/OAS1_0075/OAS1_0075_slice_06_z051.png,OAS1_0075,Non-Demented,0,2,Mild Dementia,0,-16.450055000661767,0.1960899198159565,52.78881945995814,-2.1428702090743643
OASIS_1,LinearSVM,47,test,rician_noise__severe,rician_noise,severe,D:\OASIS_1\distortions_128\rician_noise\severe\Non_Demented\OAS1_0075\OAS1_0075_slice_07_z054.png,Non_Demented/OAS1_0075/OAS1_0075_slice_07_z054.png,Non-Demented/OAS1_0075/OAS1_0075_slice_07_z054.png,OAS1_0075,Non-Demented,0,2,Mild Dementia,0,-16.68108670899918,4.145261694089853,55.15001080952284,-3.0736034930477896
OASIS_1,LinearSVM,47,test,rician_noise__severe,rician_noise,severe,D:\OASIS_1\distortions_128\rician_noise\severe\Non_Demented\OAS1_0075\OAS1_0075_slice_08_z057.png,Non_Demented/OAS1_0075/OAS1_0075_slice_08_z057.png,Non-Demented/OAS1_0075/OAS1_0075_slice_08_z057.png,OAS1_0075,Non-Demented,0,2,Mild Dementia,0,-14.428167169983919,-20.46843021610978,67.33455681416005,-2.6346253174420076
OASIS_1,LinearSVM,47,test,rician_noise__severe,rician_noise,severe,D:\OASIS_1\distortions_128\rician_noise\severe\Non_Demented\OAS1_0075\OAS1_0075_slice_09_z059.png,Non_Demented/OAS1_0075/OAS1_0075_slice_09_z059.png,Non-Demented/OAS1_0075/OAS1_0075_slice_09_z059.png,OAS1_0075,Non-Demented,0,2,Mild Dementia,0,-16.590324983946484,-6.9782981947056095,61.978972952503604,-1.7060060010750577
OASIS_1,LinearSVM,47,test,rician_noise__severe,rician_noise,severe,D:\OASIS_1\distortions_128\rician_noise\severe\Non_Demented\OAS1_0075\OAS1_0075_slice_10_z062.png,Non_Demented/OAS1_0075/OAS1_0075_slice_10_z062.png,Non-Demented/OAS1_0075/OAS1_0075_slice_10_z062.png,OAS1_0075,Non-Demented,0,2,Mild Dementia,0,-18.98280855416502,-7.5366300961774035,71.46563847977913,-3.512230787778851
OASIS_1,LinearSVM,47,test,rician_noise__severe,rician_noise,severe,D:\OASIS_1\distortions_128\rician_noise\severe\Non_Demented\OAS1_0075\OAS1_0075_slice_11_z065.png,Non_Demented/OAS1_0075/OAS1_0075_slice_11_z065.png,Non-Demented/OAS1_0075/OAS1_0075_slice_11_z065.png,OAS1_0075,Non-Demented,0,2,Mild Dementia,0,-14.69963451126726,-17.789885430663688,71.66960574056382,-1.9779669153354313
OASIS_1,LinearSVM,47,test,rician_noise__severe,rician_noise,severe,D:\OASIS_1\distortions_128\rician_noise\severe\Non_Demented\OAS1_0075\OAS1_0075_slice_12_z068.png,Non_Demented/OAS1_0075/OAS1_0075_slice_12_z068.png,Non-Demented/OAS1_0075/OAS1_0075_slice_12_z068.png,OAS1_0075,Non-Demented,0,2,Mild Dementia,0,-25.384461936609767,3.793180090488071,67.9514414812994,-1.9768051108421512
OASIS_1,LinearSVM,47,test,rician_noise__severe,rician_noise,severe,D:\OASIS_1\distortions_128\rician_noise\severe\Non_Demented\OAS1_0075\OAS1_0075_slice_13_z070.png,Non_Demented/OAS1_0075/OAS1_0075_slice_13_z070.png,Non-Demented/OAS1_0075/OAS1_0075_slice_13_z070.png,OAS1_0075,Non-Demented,0,2,Mild Dementia,0,-14.227924213212113,-15.135116349492774,59.447580795844594,-1.718897419960045
OASIS_1,LinearSVM,47,test,rician_noise__severe,rician_noise,severe,D:\OASIS_1\distortions_128\rician_noise\severe\Non_Demented\OAS1_0075\OAS1_0075_slice_14_z073.png,Non_Demented/OAS1_0075/OAS1_0075_slice_14_z073.png,Non-Demented/OAS1_0075/OAS1_0075_slice_14_z073.png,OAS1_0075,Non-Demented,0,2,Mild Dementia,0,-19.740358240844078,-3.814193405606086,60.492481232767034,-2.3647813859707316
OASIS_1,LinearSVM,47,test,rician_noise__severe,rician_noise,severe,D:\OASIS_1\distortions_128\rician_noise\severe\Non_Demented\OAS1_0075\OAS1_0075_slice_15_z076.png,Non_Demented/OAS1_0075/OAS1_0075_slice_15_z076.png,Non-Demented/OAS1_0075/OAS1_0075_slice_15_z076.png,OAS1_0075,Non-Demented,0,2,Mild Dementia,0,-24.511418936749443,-11.807058779436076,81.91234792466712,-2.354976707363452
OASIS_1,LinearSVM,47,test,rician_noise__severe,rician_noise,severe,D:\OASIS_1\distortions_128\rician_noise\severe\Non_Demented\OAS1_0075\OAS1_0075_slice_16_z078.png,Non_Demented/OAS1_0075/OAS1_0075_slice_16_z078.png,Non-Demented/OAS1_0075/OAS1_0075_slice_16_z078.png,OAS1_0075,Non-Demented,0,2,Mild Dementia,0,-20.629127802667536,14.372821568764282,51.93187876356179,-2.393966543685997
OASIS_1,LinearSVM,47,test,rician_noise__severe,rician_noise,severe,D:\OASIS_1\distortions_128\rician_noise\severe\Non_Demented\OAS1_0075\OAS1_0075_slice_17_z081.png,Non_Demented/OAS1_0075/OAS1_0075_slice_17_z081.png,Non-Demented/OAS1_0075/OAS1_0075_slice_17_z081.png,OAS1_0075,Non-Demented,0,2,Mild Dementia,0,-22.626479596997154,-8.526323831183374,70.64496817327507,-2.9574851028066327
OASIS_1,LinearSVM,47,test,rician_noise__severe,rician_noise,severe,D:\OASIS_1\distortions_128\rician_noise\severe\Non_Demented\OAS1_0075\OAS1_0075_slice_18_z084.png,Non_Demented/OAS1_0075/OAS1_0075_slice_18_z084.png,Non-Demented/OAS1_0075/OAS1_0075_slice_18_z084.png,OAS1_0075,Non-Demented,0,2,Mild Dementia,0,-19.170208961911914,13.949272305441161,50.577698264609076,-3.575160816010184
OASIS_1,LinearSVM,47,test,rician_noise__severe,rician_noise,severe,D:\OASIS_1\distortions_128\rician_noise\severe\Non_Demented\OAS1_0075\OAS1_0075_slice_19_z086.png,Non_Demented/OAS1_0075/OAS1_0075_slice_19_z086.png,Non-Demented/OAS1_0075/OAS1_0075_slice_19_z086.png,OAS1_0075,Non-Demented,0,2,Mild Dementia,0,-27.850480419213365,15.922202108378357,68.12506781372157,-3.8567474356253992
OASIS_1,LinearSVM,47,test,rician_noise__severe,rician_noise,severe,D:\OASIS_1\distortions_128\rician_noise\severe\Non_Demented\OAS1_0075\OAS1_0075_slice_20_z089.png,Non_Demented/OAS1_0075/OAS1_0075_slice_20_z089.png,Non-Demented/OAS1_0075/OAS1_0075_slice_20_z089.png,OAS1_0075,Non-Demented,0,2,Mild Dementia,0,-18.84282065192745,-21.150338811771004,78.64975234704463,-2.322218637403327
OASIS_1,LinearSVM,47,test,rician_noise__severe,rician_noise,severe,D:\OASIS_1\distortions_128\rician_noise\severe\Non_Demented\OAS1_0083\OAS1_0083_slice_01_z038.png,Non_Demented/OAS1_0083/OAS1_0083_slice_01_z038.png,Non-Demented/OAS1_0083/OAS1_0083_slice_01_z038.png,OAS1_0083,Non-Demented,0,2,Mild Dementia,0,-14.217856139229477,-8.448143719101227,41.18256207951324,-0.35627047681138657
OASIS_1,LinearSVM,47,test,rician_noise__severe,rician_noise,severe,D:\OASIS_1\distortions_128\rician_noise\severe\Non_Demented\OAS1_0083\OAS1_0083_slice_02_z041.png,Non_Demented/OAS1_0083/OAS1_0083_slice_02_z041.png,Non-Demented/OAS1_0083/OAS1_0083_slice_02_z041.png,OAS1_0083,Non-Demented,0,2,Mild Dementia,0,-21.874896388914514,9.683591494291008,65.77351779851297,-4.478493293881972
OASIS_1,LinearSVM,47,test,rician_noise__severe,rician_noise,severe,D:\OASIS_1\distortions_128\rician_noise\severe\Non_Demented\OAS1_0083\OAS1_0083_slice_03_z043.png,Non_Demented/OAS1_0083/OAS1_0083_slice_03_z043.png,Non-Demented/OAS1_0083/OAS1_0083_slice_03_z043.png,OAS1_0083,Non-Demented,0,2,Mild Dementia,0,-20.443483076134108,0.16720244960821076,55.95316833230569,-3.432470421921602
OASIS_1,LinearSVM,47,test,rician_noise__severe,rician_noise,severe,D:\OASIS_1\distortions_128\rician_noise\severe\Non_Demented\OAS1_0083\OAS1_0083_slice_04_z046.png,Non_Demented/OAS1_0083/OAS1_0083_slice_04_z046.png,Non-Demented/OAS1_0083/OAS1_0083_slice_04_z046.png,OAS1_0083,Non-Demented,0,2,Mild Dementia,0,-20.544705009343488,-5.0003004409264,75.02024877516399,-3.2607041495403113
OASIS_1,LinearSVM,47,test,rician_noise__severe,rician_noise,severe,D:\OASIS_1\distortions_128\rician_noise\severe\Non_Demented\OAS1_0083\OAS1_0083_slice_05_z049.png,Non_Demented/OAS1_0083/OAS1_0083_slice_05_z049.png,Non-Demented/OAS1_0083/OAS1_0083_slice_05_z049.png,OAS1_0083,Non-Demented,0,2,Mild Dementia,0,-15.488247723851451,-9.719523133871224,68.107265188479,-3.823952209239188
OASIS_1,LinearSVM,47,test,rician_noise__severe,rician_noise,severe,D:\OASIS_1\distortions_128\rician_noise\severe\Non_Demented\OAS1_0083\OAS1_0083_slice_06_z051.png,Non_Demented/OAS1_0083/OAS1_0083_slice_06_z051.png,Non-Demented/OAS1_0083/OAS1_0083_slice_06_z051.png,OAS1_0083,Non-Demented,0,2,Mild Dementia,0,-25.0425567941126,12.08789808592882,59.03391061661347,-2.702008520575956
OASIS_1,LinearSVM,47,test,rician_noise__severe,rician_noise,severe,D:\OASIS_1\distortions_128\rician_noise\severe\Non_Demented\OAS1_0083\OAS1_0083_slice_07_z054.png,Non_Demented/OAS1_0083/OAS1_0083_slice_07_z054.png,Non-Demented/OAS1_0083/OAS1_0083_slice_07_z054.png,OAS1_0083,Non-Demented,0,2,Mild Dementia,0,-28.245896374923262,19.517427010455854,45.65444309369911,-1.944444175789274
OASIS_1,LinearSVM,47,test,rician_noise__severe,rician_noise,severe,D:\OASIS_1\distortions_128\rician_noise\severe\Non_Demented\OAS1_0083\OAS1_0083_slice_08_z057.png,Non_Demented/OAS1_0083/OAS1_0083_slice_08_z057.png,Non-Demented/OAS1_0083/OAS1_0083_slice_08_z057.png,OAS1_0083,Non-Demented,0,2,Mild Dementia,0,-15.355173603955484,-7.554505318055408,63.86634823833659,-1.3998468826090384
OASIS_1,LinearSVM,47,test,rician_noise__severe,rician_noise,severe,D:\OASIS_1\distortions_128\rician_noise\severe\Non_Demented\OAS1_0083\OAS1_0083_slice_09_z059.png,Non_Demented/OAS1_0083/OAS1_0083_slice_09_z059.png,Non-Demented/OAS1_0083/OAS1_0083_slice_09_z059.png,OAS1_0083,Non-Demented,0,2,Mild Dementia,0,-25.608585868714528,-1.34739425392726,76.66640806426082,-1.1394026198918346
OASIS_1,LinearSVM,47,test,rician_noise__severe,rician_noise,severe,D:\OASIS_1\distortions_128\rician_noise\severe\Non_Demented\OAS1_0083\OAS1_0083_slice_10_z062.png,Non_Demented/OAS1_0083/OAS1_0083_slice_10_z062.png,Non-Demented/OAS1_0083/OAS1_0083_slice_10_z062.png,OAS1_0083,Non-Demented,0,2,Mild Dementia,0,-26.330699613104727,14.408814518010809,50.18297743327847,-1.5954670753807112
OASIS_1,LinearSVM,47,test,rician_noise__severe,rician_noise,severe,D:\OASIS_1\distortions_128\rician_noise\severe\Non_Demented\OAS1_0083\OAS1_0083_slice_11_z065.png,Non_Demented/OAS1_0083/OAS1_0083_slice_11_z065.png,Non-Demented/OAS1_0083/OAS1_0083_slice_11_z065.png,OAS1_0083,Non-Demented,0,2,Mild Dementia,0,-22.491274361381347,-13.42742527092262,82.7194272872606,-2.4814068212668
OASIS_1,LinearSVM,47,test,rician_noise__severe,rician_noise,severe,D:\OASIS_1\distortions_128\rician_noise\severe\Non_Demented\OAS1_0083\OAS1_0083_slice_12_z068.png,Non_Demented/OAS1_0083/OAS1_0083_slice_12_z068.png,Non-Demented/OAS1_0083/OAS1_0083_slice_12_z068.png,OAS1_0083,Non-Demented,0,2,Mild Dementia,0,-15.379717871582919,-15.793012734059948,65.57399433159954,-3.6145338425609923
OASIS_1,LinearSVM,47,test,rician_noise__severe,rician_noise,severe,D:\OASIS_1\distortions_128\rician_noise\severe\Non_Demented\OAS1_0083\OAS1_0083_slice_13_z070.png,Non_Demented/OAS1_0083/OAS1_0083_slice_13_z070.png,Non-Demented/OAS1_0083/OAS1_0083_slice_13_z070.png,OAS1_0083,Non-Demented,0,2,Mild Dementia,0,-27.93444702248482,29.165799885628065,42.42778814433759,-2.3679688512593327
OASIS_1,LinearSVM,47,test,rician_noise__severe,rician_noise,severe,D:\OASIS_1\distortions_128\rician_noise\severe\Non_Demented\OAS1_0083\OAS1_0083_slice_14_z073.png,Non_Demented/OAS1_0083/OAS1_0083_slice_14_z073.png,Non-Demented/OAS1_0083/OAS1_0083_slice_14_z073.png,OAS1_0083,Non-Demented,0,2,Mild Dementia,0,-23.80821708749878,3.4749075944366004,63.34164587004715,-2.449707446858997
OASIS_1,LinearSVM,47,test,rician_noise__severe,rician_noise,severe,D:\OASIS_1\distortions_128\rician_noise\severe\Non_Demented\OAS1_0083\OAS1_0083_slice_15_z076.png,Non_Demented/OAS1_0083/OAS1_0083_slice_15_z076.png,Non-Demented/OAS1_0083/OAS1_0083_slice_15_z076.png,OAS1_0083,Non-Demented,0,2,Mild Dementia,0,-20.80862455265441,12.49295234756878,58.07283654455898,-2.054095106937859
OASIS_1,LinearSVM,47,test,rician_noise__severe,rician_noise,severe,D:\OASIS_1\distortions_128\rician_noise\severe\Non_Demented\OAS1_0083\OAS1_0083_slice_16_z078.png,Non_Demented/OAS1_0083/OAS1_0083_slice_16_z078.png,Non-Demented/OAS1_0083/OAS1_0083_slice_16_z078.png,OAS1_0083,Non-Demented,0,2,Mild Dementia,0,-16.69497397198098,-3.1572760697172777,47.13553481519896,-1.7587374020302478
OASIS_1,LinearSVM,47,test,rician_noise__severe,rician_noise,severe,D:\OASIS_1\distortions_128\rician_noise\severe\Non_Demented\OAS1_0083\OAS1_0083_slice_17_z081.png,Non_Demented/OAS1_0083/OAS1_0083_slice_17_z081.png,Non-Demented/OAS1_0083/OAS1_0083_slice_17_z081.png,OAS1_0083,Non-Demented,0,2,Mild Dementia,0,-25.973751173394067,18.843676359348336,53.46333655294052,-1.804338077342985
OASIS_1,LinearSVM,47,test,rician_noise__severe,rician_noise,severe,D:\OASIS_1\distortions_128\rician_noise\severe\Non_Demented\OAS1_0083\OAS1_0083_slice_18_z084.png,Non_Demented/OAS1_0083/OAS1_0083_slice_18_z084.png,Non-Demented/OAS1_0083/OAS1_0083_slice_18_z084.png,OAS1_0083,Non-Demented,0,2,Mild Dementia,0,-22.202166877189352,-6.822558570693093,72.73913999228324,-1.7179613027572775
OASIS_1,LinearSVM,47,test,rician_noise__severe,rician_noise,severe,D:\OASIS_1\distortions_128\rician_noise\severe\Non_Demented\OAS1_0083\OAS1_0083_slice_19_z086.png,Non_Demented/OAS1_0083/OAS1_0083_slice_19_z086.png,Non-Demented/OAS1_0083/OAS1_0083_slice_19_z086.png,OAS1_0083,Non-Demented,0,2,Mild Dementia,0,-24.48109562527743,12.89698420146804,54.82783865052448,-2.0749754858428044
OASIS_1,LinearSVM,47,test,rician_noise__severe,rician_noise,severe,D:\OASIS_1\distortions_128\rician_noise\severe\Non_Demented\OAS1_0083\OAS1_0083_slice_20_z089.png,Non_Demented/OAS1_0083/OAS1_0083_slice_20_z089.png,Non-Demented/OAS1_0083/OAS1_0083_slice_20_z089.png,OAS1_0083,Non-Demented,0,2,Mild Dementia,0,-23.020155423443327,4.034255832198126,54.569281581660924,-2.2721448144333944
OASIS_1,LinearSVM,47,test,rician_noise__severe,rician_noise,severe,D:\OASIS_1\distortions_128\rician_noise\severe\Non_Demented\OAS1_0113\OAS1_0113_slice_01_z038.png,Non_Demented/OAS1_0113/OAS1_0113_slice_01_z038.png,Non-Demented/OAS1_0113/OAS1_0113_slice_01_z038.png,OAS1_0113,Non-Demented,0,2,Mild Dementia,0,-12.721150870801907,-1.075812119438445,50.821233858863025,-2.1795656577602003
OASIS_1,LinearSVM,47,test,rician_noise__severe,rician_noise,severe,D:\OASIS_1\distortions_128\rician_noise\severe\Non_Demented\OAS1_0113\OAS1_0113_slice_02_z041.png,Non_Demented/OAS1_0113/OAS1_0113_slice_02_z041.png,Non-Demented/OAS1_0113/OAS1_0113_slice_02_z041.png,OAS1_0113,Non-Demented,0,2,Mild Dementia,0,-28.646017845703525,12.745940090050121,64.74138016854961,-1.2690724427454394
OASIS_1,LinearSVM,47,test,rician_noise__severe,rician_noise,severe,D:\OASIS_1\distortions_128\rician_noise\severe\Non_Demented\OAS1_0113\OAS1_0113_slice_03_z043.png,Non_Demented/OAS1_0113/OAS1_0113_slice_03_z043.png,Non-Demented/OAS1_0113/OAS1_0113_slice_03_z043.png,OAS1_0113,Non-Demented,0,2,Mild Dementia,0,-24.32282271514099,5.402737740662956,66.82118986933652,-1.867793819078655
OASIS_1,LinearSVM,47,test,rician_noise__severe,rician_noise,severe,D:\OASIS_1\distortions_128\rician_noise\severe\Non_Demented\OAS1_0113\OAS1_0113_slice_04_z046.png,Non_Demented/OAS1_0113/OAS1_0113_slice_04_z046.png,Non-Demented/OAS1_0113/OAS1_0113_slice_04_z046.png,OAS1_0113,Non-Demented,0,2,Mild Dementia,0,-17.794012903860494,-2.0682381836841808,63.65249947013913,-1.7975655806614501
OASIS_1,LinearSVM,47,test,rician_noise__severe,rician_noise,severe,D:\OASIS_1\distortions_128\rician_noise\severe\Non_Demented\OAS1_0113\OAS1_0113_slice_05_z049.png,Non_Demented/OAS1_0113/OAS1_0113_slice_05_z049.png,Non-Demented/OAS1_0113/OAS1_0113_slice_05_z049.png,OAS1_0113,Non-Demented,0,2,Mild Dementia,0,-20.152430003300097,-4.633265664660928,75.29127423077324,-1.2939730775450402
OASIS_1,LinearSVM,47,test,rician_noise__severe,rician_noise,severe,D:\OASIS_1\distortions_128\rician_noise\severe\Non_Demented\OAS1_0113\OAS1_0113_slice_06_z051.png,Non_Demented/OAS1_0113/OAS1_0113_slice_06_z051.png,Non-Demented/OAS1_0113/OAS1_0113_slice_06_z051.png,OAS1_0113,Non-Demented,0,2,Mild Dementia,0,-25.559518917841725,11.227921065960244,63.77811784923795,-2.150399261800435
OASIS_1,LinearSVM,47,test,rician_noise__severe,rician_noise,severe,D:\OASIS_1\distortions_128\rician_noise\severe\Non_Demented\OAS1_0113\OAS1_0113_slice_07_z054.png,Non_Demented/OAS1_0113/OAS1_0113_slice_07_z054.png,Non-Demented/OAS1_0113/OAS1_0113_slice_07_z054.png,OAS1_0113,Non-Demented,0,2,Mild Dementia,0,-22.854432710450183,19.12867615018878,50.39581216746449,-1.7645625287281181
OASIS_1,LinearSVM,47,test,rician_noise__severe,rician_noise,severe,D:\OASIS_1\distortions_128\rician_noise\severe\Non_Demented\OAS1_0113\OAS1_0113_slice_08_z057.png,Non_Demented/OAS1_0113/OAS1_0113_slice_08_z057.png,Non-Demented/OAS1_0113/OAS1_0113_slice_08_z057.png,OAS1_0113,Non-Demented,0,2,Mild Dementia,0,-16.20643861916564,-25.003612465983707,73.75452810771709,-2.968211797167138
OASIS_1,LinearSVM,47,test,rician_noise__severe,rician_noise,severe,D:\OASIS_1\distortions_128\rician_noise\severe\Non_Demented\OAS1_0113\OAS1_0113_slice_09_z059.png,Non_Demented/OAS1_0113/OAS1_0113_slice_09_z059.png,Non-Demented/OAS1_0113/OAS1_0113_slice_09_z059.png,OAS1_0113,Non-Demented,0,2,Mild Dementia,0,-22.07839094071093,10.360028915656743,68.65079958308787,-0.7475541184069203
OASIS_1,LinearSVM,47,test,rician_noise__severe,rician_noise,severe,D:\OASIS_1\distortions_128\rician_noise\severe\Non_Demented\OAS1_0113\OAS1_0113_slice_10_z062.png,Non_Demented/OAS1_0113/OAS1_0113_slice_10_z062.png,Non-Demented/OAS1_0113/OAS1_0113_slice_10_z062.png,OAS1_0113,Non-Demented,0,2,Mild Dementia,0,-20.634226523199285,-4.256777712850503,80.05382884406897,-3.7358732599695603
OASIS_1,LinearSVM,47,test,rician_noise__severe,rician_noise,severe,D:\OASIS_1\distortions_128\rician_noise\severe\Non_Demented\OAS1_0113\OAS1_0113_slice_11_z065.png,Non_Demented/OAS1_0113/OAS1_0113_slice_11_z065.png,Non-Demented/OAS1_0113/OAS1_0113_slice_11_z065.png,OAS1_0113,Non-Demented,0,2,Mild Dementia,0,-25.270390809644002,-5.779837637263243,69.77057177818098,-2.0535894464737896
OASIS_1,LinearSVM,47,test,rician_noise__severe,rician_noise,severe,D:\OASIS_1\distortions_128\rician_noise\severe\Non_Demented\OAS1_0113\OAS1_0113_slice_12_z068.png,Non_Demented/OAS1_0113/OAS1_0113_slice_12_z068.png,Non-Demented/OAS1_0113/OAS1_0113_slice_12_z068.png,OAS1_0113,Non-Demented,0,2,Mild Dementia,0,-27.839495848038734,25.192136348841984,42.65044527612435,-1.8335667024446027
OASIS_1,LinearSVM,47,test,rician_noise__severe,rician_noise,severe,D:\OASIS_1\distortions_128\rician_noise\severe\Non_Demented\OAS1_0113\OAS1_0113_slice_13_z070.png,Non_Demented/OAS1_0113/OAS1_0113_slice_13_z070.png,Non-Demented/OAS1_0113/OAS1_0113_slice_13_z070.png,OAS1_0113,Non-Demented,0,2,Mild Dementia,0,-28.182207257105784,18.46211933949185,53.589821041214435,-2.1510155992829727
OASIS_1,LinearSVM,47,test,rician_noise__severe,rician_noise,severe,D:\OASIS_1\distortions_128\rician_noise\severe\Non_Demented\OAS1_0113\OAS1_0113_slice_14_z073.png,Non_Demented/OAS1_0113/OAS1_0113_slice_14_z073.png,Non-Demented/OAS1_0113/OAS1_0113_slice_14_z073.png,OAS1_0113,Non-Demented,0,2,Mild Dementia,0,-28.765461275454697,12.310317229556503,60.59656922248017,-1.825149805236832
OASIS_1,LinearSVM,47,test,rician_noise__severe,rician_noise,severe,D:\OASIS_1\distortions_128\rician_noise\severe\Non_Demented\OAS1_0113\OAS1_0113_slice_15_z076.png,Non_Demented/OAS1_0113/OAS1_0113_slice_15_z076.png,Non-Demented/OAS1_0113/OAS1_0113_slice_15_z076.png,OAS1_0113,Non-Demented,0,2,Mild Dementia,0,-25.641696604753857,10.773506286658545,48.80228025560116,-1.2186343987997634
OASIS_1,LinearSVM,47,test,rician_noise__severe,rician_noise,severe,D:\OASIS_1\distortions_128\rician_noise\severe\Non_Demented\OAS1_0113\OAS1_0113_slice_16_z078.png,Non_Demented/OAS1_0113/OAS1_0113_slice_16_z078.png,Non-Demented/OAS1_0113/OAS1_0113_slice_16_z078.png,OAS1_0113,Non-Demented,0,2,Mild Dementia,0,-22.307095161410658,-4.986039401881549,75.38028930937371,-3.136459001291219
OASIS_1,LinearSVM,47,test,rician_noise__severe,rician_noise,severe,D:\OASIS_1\distortions_128\rician_noise\severe\Non_Demented\OAS1_0113\OAS1_0113_slice_17_z081.png,Non_Demented/OAS1_0113/OAS1_0113_slice_17_z081.png,Non-Demented/OAS1_0113/OAS1_0113_slice_17_z081.png,OAS1_0113,Non-Demented,0,2,Mild Dementia,0,-30.439861872495428,22.761670882048573,59.25002322396921,-1.1903388261501506
OASIS_1,LinearSVM,47,test,rician_noise__severe,rician_noise,severe,D:\OASIS_1\distortions_128\rician_noise\severe\Non_Demented\OAS1_0113\OAS1_0113_slice_18_z084.png,Non_Demented/OAS1_0113/OAS1_0113_slice_18_z084.png,Non-Demented/OAS1_0113/OAS1_0113_slice_18_z084.png,OAS1_0113,Non-Demented,0,2,Mild Dementia,0,-18.614639302707435,-9.295683737956262,69.02699414843325,-3.405107753607248
OASIS_1,LinearSVM,47,test,rician_noise__severe,rician_noise,severe,D:\OASIS_1\distortions_128\rician_noise\severe\Non_Demented\OAS1_0113\OAS1_0113_slice_19_z086.png,Non_Demented/OAS1_0113/OAS1_0113_slice_19_z086.png,Non-Demented/OAS1_0113/OAS1_0113_slice_19_z086.png,OAS1_0113,Non-Demented,0,2,Mild Dementia,0,-13.872004091676944,-4.238136717884186,52.23577612049326,-2.0847245815620923
OASIS_1,LinearSVM,47,test,rician_noise__severe,rician_noise,severe,D:\OASIS_1\distortions_128\rician_noise\severe\Non_Demented\OAS1_0113\OAS1_0113_slice_20_z089.png,Non_Demented/OAS1_0113/OAS1_0113_slice_20_z089.png,Non-Demented/OAS1_0113/OAS1_0113_slice_20_z089.png,OAS1_0113,Non-Demented,0,2,Mild Dementia,0,-24.10862804612559,10.971144513940146,51.13644187289796,-2.246931650956598
OASIS_1,LinearSVM,47,test,rician_noise__severe,rician_noise,severe,D:\OASIS_1\distortions_128\rician_noise\severe\Non_Demented\OAS1_0138\OAS1_0138_slice_01_z038.png,Non_Demented/OAS1_0138/OAS1_0138_slice_01_z038.png,Non-Demented/OAS1_0138/OAS1_0138_slice_01_z038.png,OAS1_0138,Non-Demented,0,2,Mild Dementia,0,-19.489319504030913,-4.722220677668836,67.19157747421853,-1.069761743490604
OASIS_1,LinearSVM,47,test,rician_noise__severe,rician_noise,severe,D:\OASIS_1\distortions_128\rician_noise\severe\Non_Demented\OAS1_0138\OAS1_0138_slice_02_z041.png,Non_Demented/OAS1_0138/OAS1_0138_slice_02_z041.png,Non-Demented/OAS1_0138/OAS1_0138_slice_02_z041.png,OAS1_0138,Non-Demented,0,2,Mild Dementia,0,-23.04569985355339,5.206078061581377,66.86340382614839,-2.044658248161121
OASIS_1,LinearSVM,47,test,rician_noise__severe,rician_noise,severe,D:\OASIS_1\distortions_128\rician_noise\severe\Non_Demented\OAS1_0138\OAS1_0138_slice_03_z043.png,Non_Demented/OAS1_0138/OAS1_0138_slice_03_z043.png,Non-Demented/OAS1_0138/OAS1_0138_slice_03_z043.png,OAS1_0138,Non-Demented,0,2,Mild Dementia,0,-20.858304772737718,-6.694518080347534,80.94486687681874,-3.031731428641775
OASIS_1,LinearSVM,47,test,rician_noise__severe,rician_noise,severe,D:\OASIS_1\distortions_128\rician_noise\severe\Non_Demented\OAS1_0138\OAS1_0138_slice_04_z046.png,Non_Demented/OAS1_0138/OAS1_0138_slice_04_z046.png,Non-Demented/OAS1_0138/OAS1_0138_slice_04_z046.png,OAS1_0138,Non-Demented,0,2,Mild Dementia,0,-24.91513411340968,17.37878170258054,55.67538525954369,-3.230258900924137
OASIS_1,LinearSVM,47,test,rician_noise__severe,rician_noise,severe,D:\OASIS_1\distortions_128\rician_noise\severe\Non_Demented\OAS1_0138\OAS1_0138_slice_05_z049.png,Non_Demented/OAS1_0138/OAS1_0138_slice_05_z049.png,Non-Demented/OAS1_0138/OAS1_0138_slice_05_z049.png,OAS1_0138,Non-Demented,0,2,Mild Dementia,0,-22.948614241653527,14.040200161756037,57.07993704649182,-2.3559138413746474
OASIS_1,LinearSVM,47,test,rician_noise__severe,rician_noise,severe,D:\OASIS_1\distortions_128\rician_noise\severe\Non_Demented\OAS1_0138\OAS1_0138_slice_06_z051.png,Non_Demented/OAS1_0138/OAS1_0138_slice_06_z051.png,Non-Demented/OAS1_0138/OAS1_0138_slice_06_z051.png,OAS1_0138,Non-Demented,0,2,Mild Dementia,0,-23.24808933762816,5.539071214769584,67.2829941568281,-2.9910784783644377
OASIS_1,LinearSVM,47,test,rician_noise__severe,rician_noise,severe,D:\OASIS_1\distortions_128\rician_noise\severe\Non_Demented\OAS1_0138\OAS1_0138_slice_07_z054.png,Non_Demented/OAS1_0138/OAS1_0138_slice_07_z054.png,Non-Demented/OAS1_0138/OAS1_0138_slice_07_z054.png,OAS1_0138,Non-Demented,0,2,Mild Dementia,0,-24.20529131459985,7.452625440042643,53.84501149791859,-2.6445452139099093
OASIS_1,LinearSVM,47,test,rician_noise__severe,rician_noise,severe,D:\OASIS_1\distortions_128\rician_noise\severe\Non_Demented\OAS1_0138\OAS1_0138_slice_08_z057.png,Non_Demented/OAS1_0138/OAS1_0138_slice_08_z057.png,Non-Demented/OAS1_0138/OAS1_0138_slice_08_z057.png,OAS1_0138,Non-Demented,0,2,Mild Dementia,0,-14.178959215846476,-7.593208426746442,49.87880067261633,-2.731119526895977
OASIS_1,LinearSVM,47,test,rician_noise__severe,rician_noise,severe,D:\OASIS_1\distortions_128\rician_noise\severe\Non_Demented\OAS1_0138\OAS1_0138_slice_09_z059.png,Non_Demented/OAS1_0138/OAS1_0138_slice_09_z059.png,Non-Demented/OAS1_0138/OAS1_0138_slice_09_z059.png,OAS1_0138,Non-Demented,0,2,Mild Dementia,0,-24.340735814728177,13.387804119516366,59.26064666720314,-2.449585040237854
OASIS_1,LinearSVM,47,test,rician_noise__severe,rician_noise,severe,D:\OASIS_1\distortions_128\rician_noise\severe\Non_Demented\OAS1_0138\OAS1_0138_slice_10_z062.png,Non_Demented/OAS1_0138/OAS1_0138_slice_10_z062.png,Non-Demented/OAS1_0138/OAS1_0138_slice_10_z062.png,OAS1_0138,Non-Demented,0,2,Mild Dementia,0,-16.37672075240105,9.127863385899564,52.70740317729183,-2.962434540475818
OASIS_1,LinearSVM,47,test,rician_noise__severe,rician_noise,severe,D:\OASIS_1\distortions_128\rician_noise\severe\Non_Demented\OAS1_0138\OAS1_0138_slice_11_z065.png,Non_Demented/OAS1_0138/OAS1_0138_slice_11_z065.png,Non-Demented/OAS1_0138/OAS1_0138_slice_11_z065.png,OAS1_0138,Non-Demented,0,2,Mild Dementia,0,-28.42303288163153,-1.584306835863754,85.58953498056408,-2.5810028147085866
OASIS_1,LinearSVM,47,test,rician_noise__severe,rician_noise,severe,D:\OASIS_1\distortions_128\rician_noise\severe\Non_Demented\OAS1_0138\OAS1_0138_slice_12_z068.png,Non_Demented/OAS1_0138/OAS1_0138_slice_12_z068.png,Non-Demented/OAS1_0138/OAS1_0138_slice_12_z068.png,OAS1_0138,Non-Demented,0,2,Mild Dementia,0,-16.700276526815987,-22.11564791860014,63.66016017827693,-2.5313013739394234
OASIS_1,LinearSVM,47,test,rician_noise__severe,rician_noise,severe,D:\OASIS_1\distortions_128\rician_noise\severe\Non_Demented\OAS1_0138\OAS1_0138_slice_13_z070.png,Non_Demented/OAS1_0138/OAS1_0138_slice_13_z070.png,Non-Demented/OAS1_0138/OAS1_0138_slice_13_z070.png,OAS1_0138,Non-Demented,0,2,Mild Dementia,0,-17.32487311771722,-15.649544531757567,69.19211620888879,-2.465067442086823
OASIS_1,LinearSVM,47,test,rician_noise__severe,rician_noise,severe,D:\OASIS_1\distortions_128\rician_noise\severe\Non_Demented\OAS1_0138\OAS1_0138_slice_14_z073.png,Non_Demented/OAS1_0138/OAS1_0138_slice_14_z073.png,Non-Demented/OAS1_0138/OAS1_0138_slice_14_z073.png,OAS1_0138,Non-Demented,0,2,Mild Dementia,0,-25.708696332860175,31.062206141482086,35.77267844947044,-1.9765007658713303
OASIS_1,LinearSVM,47,test,rician_noise__severe,rician_noise,severe,D:\OASIS_1\distortions_128\rician_noise\severe\Non_Demented\OAS1_0138\OAS1_0138_slice_15_z076.png,Non_Demented/OAS1_0138/OAS1_0138_slice_15_z076.png,Non-Demented/OAS1_0138/OAS1_0138_slice_15_z076.png,OAS1_0138,Non-Demented,0,2,Mild Dementia,0,-18.149421389167006,12.87008944531029,50.69310453103989,-4.253468015976324
OASIS_1,LinearSVM,47,test,rician_noise__severe,rician_noise,severe,D:\OASIS_1\distortions_128\rician_noise\severe\Non_Demented\OAS1_0138\OAS1_0138_slice_16_z078.png,Non_Demented/OAS1_0138/OAS1_0138_slice_16_z078.png,Non-Demented/OAS1_0138/OAS1_0138_slice_16_z078.png,OAS1_0138,Non-Demented,0,2,Mild Dementia,0,-20.982049362784355,15.686405185414472,68.9728856157341,-2.927039673741138
OASIS_1,LinearSVM,47,test,rician_noise__severe,rician_noise,severe,D:\OASIS_1\distortions_128\rician_noise\severe\Non_Demented\OAS1_0138\OAS1_0138_slice_17_z081.png,Non_Demented/OAS1_0138/OAS1_0138_slice_17_z081.png,Non-Demented/OAS1_0138/OAS1_0138_slice_17_z081.png,OAS1_0138,Non-Demented,0,2,Mild Dementia,0,-20.25841033010389,10.057144322135754,42.01743281714626,-1.1312891775894403
OASIS_1,LinearSVM,47,test,rician_noise__severe,rician_noise,severe,D:\OASIS_1\distortions_128\rician_noise\severe\Non_Demented\OAS1_0138\OAS1_0138_slice_18_z084.png,Non_Demented/OAS1_0138/OAS1_0138_slice_18_z084.png,Non-Demented/OAS1_0138/OAS1_0138_slice_18_z084.png,OAS1_0138,Non-Demented,0,2,Mild Dementia,0,-14.594586519734712,-17.70257942665787,70.82619792491049,-2.132416848218851
OASIS_1,LinearSVM,47,test,rician_noise__severe,rician_noise,severe,D:\OASIS_1\distortions_128\rician_noise\severe\Non_Demented\OAS1_0138\OAS1_0138_slice_19_z086.png,Non_Demented/OAS1_0138/OAS1_0138_slice_19_z086.png,Non-Demented/OAS1_0138/OAS1_0138_slice_19_z086.png,OAS1_0138,Non-Demented,0,2,Mild Dementia,0,-24.879509266185323,14.224178912947696,66.59349321157546,-3.8753200471754328
OASIS_1,LinearSVM,47,test,rician_noise__severe,rician_noise,severe,D:\OASIS_1\distortions_128\rician_noise\severe\Non_Demented\OAS1_0138\OAS1_0138_slice_20_z089.png,Non_Demented/OAS1_0138/OAS1_0138_slice_20_z089.png,Non-Demented/OAS1_0138/OAS1_0138_slice_20_z089.png,OAS1_0138,Non-Demented,0,2,Mild Dementia,0,-18.023300050579905,11.451678166218345,44.5663071048502,-2.7480876760693898
OASIS_1,LinearSVM,47,test,rician_noise__severe,rician_noise,severe,D:\OASIS_1\distortions_128\rician_noise\severe\Non_Demented\OAS1_0180\OAS1_0180_slice_01_z038.png,Non_Demented/OAS1_0180/OAS1_0180_slice_01_z038.png,Non-Demented/OAS1_0180/OAS1_0180_slice_01_z038.png,OAS1_0180,Non-Demented,0,2,Mild Dementia,0,-21.30982463679585,20.238831342575054,50.329025858381364,-2.966767582752368
OASIS_1,LinearSVM,47,test,rician_noise__severe,rician_noise,severe,D:\OASIS_1\distortions_128\rician_noise\severe\Non_Demented\OAS1_0180\OAS1_0180_slice_02_z041.png,Non_Demented/OAS1_0180/OAS1_0180_slice_02_z041.png,Non-Demented/OAS1_0180/OAS1_0180_slice_02_z041.png,OAS1_0180,Non-Demented,0,2,Mild Dementia,0,-20.806229704294733,4.484703650606101,55.80444203554848,-1.5575574779324877
OASIS_1,LinearSVM,47,test,rician_noise__severe,rician_noise,severe,D:\OASIS_1\distortions_128\rician_noise\severe\Non_Demented\OAS1_0180\OAS1_0180_slice_03_z043.png,Non_Demented/OAS1_0180/OAS1_0180_slice_03_z043.png,Non-Demented/OAS1_0180/OAS1_0180_slice_03_z043.png,OAS1_0180,Non-Demented,0,2,Mild Dementia,0,-29.27014202761976,10.568515771784845,66.13419385113983,-3.9981341825083296
OASIS_1,LinearSVM,47,test,rician_noise__severe,rician_noise,severe,D:\OASIS_1\distortions_128\rician_noise\severe\Non_Demented\OAS1_0180\OAS1_0180_slice_04_z046.png,Non_Demented/OAS1_0180/OAS1_0180_slice_04_z046.png,Non-Demented/OAS1_0180/OAS1_0180_slice_04_z046.png,OAS1_0180,Non-Demented,0,2,Mild Dementia,0,-24.941600277848956,18.14797987165661,51.307355102381436,-1.7521454423574812
OASIS_1,LinearSVM,47,test,rician_noise__severe,rician_noise,severe,D:\OASIS_1\distortions_128\rician_noise\severe\Non_Demented\OAS1_0180\OAS1_0180_slice_05_z049.png,Non_Demented/OAS1_0180/OAS1_0180_slice_05_z049.png,Non-Demented/OAS1_0180/OAS1_0180_slice_05_z049.png,OAS1_0180,Non-Demented,0,2,Mild Dementia,0,-21.214752388201177,2.1913897382348315,66.83480771962168,-2.783700748582829
OASIS_1,LinearSVM,47,test,rician_noise__severe,rician_noise,severe,D:\OASIS_1\distortions_128\rician_noise\severe\Non_Demented\OAS1_0180\OAS1_0180_slice_06_z051.png,Non_Demented/OAS1_0180/OAS1_0180_slice_06_z051.png,Non-Demented/OAS1_0180/OAS1_0180_slice_06_z051.png,OAS1_0180,Non-Demented,0,2,Mild Dementia,0,-18.454264971321,9.021427075455613,56.710209517593,-3.4503668117711674
OASIS_1,LinearSVM,47,test,rician_noise__severe,rician_noise,severe,D:\OASIS_1\distortions_128\rician_noise\severe\Non_Demented\OAS1_0180\OAS1_0180_slice_07_z054.png,Non_Demented/OAS1_0180/OAS1_0180_slice_07_z054.png,Non-Demented/OAS1_0180/OAS1_0180_slice_07_z054.png,OAS1_0180,Non-Demented,0,2,Mild Dementia,0,-17.708719980758083,3.586894304346864,58.95155889134091,-2.8305325710483586
OASIS_1,LinearSVM,47,test,rician_noise__severe,rician_noise,severe,D:\OASIS_1\distortions_128\rician_noise\severe\Non_Demented\OAS1_0180\OAS1_0180_slice_08_z057.png,Non_Demented/OAS1_0180/OAS1_0180_slice_08_z057.png,Non-Demented/OAS1_0180/OAS1_0180_slice_08_z057.png,OAS1_0180,Non-Demented,0,2,Mild Dementia,0,-25.802435041184136,1.232181430152541,65.55425934408325,-2.412880351732319
OASIS_1,LinearSVM,47,test,rician_noise__severe,rician_noise,severe,D:\OASIS_1\distortions_128\rician_noise\severe\Non_Demented\OAS1_0180\OAS1_0180_slice_09_z059.png,Non_Demented/OAS1_0180/OAS1_0180_slice_09_z059.png,Non-Demented/OAS1_0180/OAS1_0180_slice_09_z059.png,OAS1_0180,Non-Demented,0,2,Mild Dementia,0,-24.785944238470982,9.30594737453816,50.790084785364876,-1.3683893280775736
OASIS_1,LinearSVM,47,test,rician_noise__severe,rician_noise,severe,D:\OASIS_1\distortions_128\rician_noise\severe\Non_Demented\OAS1_0180\OAS1_0180_slice_10_z062.png,Non_Demented/OAS1_0180/OAS1_0180_slice_10_z062.png,Non-Demented/OAS1_0180/OAS1_0180_slice_10_z062.png,OAS1_0180,Non-Demented,0,2,Mild Dementia,0,-24.958671212688177,13.101126257838404,53.032416455171166,-2.238980018389902
OASIS_1,LinearSVM,47,test,rician_noise__severe,rician_noise,severe,D:\OASIS_1\distortions_128\rician_noise\severe\Non_Demented\OAS1_0180\OAS1_0180_slice_11_z065.png,Non_Demented/OAS1_0180/OAS1_0180_slice_11_z065.png,Non-Demented/OAS1_0180/OAS1_0180_slice_11_z065.png,OAS1_0180,Non-Demented,0,2,Mild Dementia,0,-17.578427038561326,7.413757141582326,48.51128427896782,0.1338507573768597
OASIS_1,LinearSVM,47,test,rician_noise__severe,rician_noise,severe,D:\OASIS_1\distortions_128\rician_noise\severe\Non_Demented\OAS1_0180\OAS1_0180_slice_12_z068.png,Non_Demented/OAS1_0180/OAS1_0180_slice_12_z068.png,Non-Demented/OAS1_0180/OAS1_0180_slice_12_z068.png,OAS1_0180,Non-Demented,0,2,Mild Dementia,0,-30.76733347786789,20.803344884662256,60.428458581284275,-1.3216544351448771
OASIS_1,LinearSVM,47,test,rician_noise__severe,rician_noise,severe,D:\OASIS_1\distortions_128\rician_noise\severe\Non_Demented\OAS1_0180\OAS1_0180_slice_13_z070.png,Non_Demented/OAS1_0180/OAS1_0180_slice_13_z070.png,Non-Demented/OAS1_0180/OAS1_0180_slice_13_z070.png,OAS1_0180,Non-Demented,0,2,Mild Dementia,0,-24.04135088891095,-7.008939719266709,69.3716764326386,-1.0522231657960632
OASIS_1,LinearSVM,47,test,rician_noise__severe,rician_noise,severe,D:\OASIS_1\distortions_128\rician_noise\severe\Non_Demented\OAS1_0180\OAS1_0180_slice_14_z073.png,Non_Demented/OAS1_0180/OAS1_0180_slice_14_z073.png,Non-Demented/OAS1_0180/OAS1_0180_slice_14_z073.png,OAS1_0180,Non-Demented,0,2,Mild Dementia,0,-16.447884409289575,-3.5463206596583605,55.20836201418703,-0.8365989357942368
OASIS_1,LinearSVM,47,test,rician_noise__severe,rician_noise,severe,D:\OASIS_1\distortions_128\rician_noise\severe\Non_Demented\OAS1_0180\OAS1_0180_slice_15_z076.png,Non_Demented/OAS1_0180/OAS1_0180_slice_15_z076.png,Non-Demented/OAS1_0180/OAS1_0180_slice_15_z076.png,OAS1_0180,Non-Demented,0,2,Mild Dementia,0,-25.318501767031815,-1.4335213260046027,67.03020521288201,-2.044424181357158
OASIS_1,LinearSVM,47,test,rician_noise__severe,rician_noise,severe,D:\OASIS_1\distortions_128\rician_noise\severe\Non_Demented\OAS1_0180\OAS1_0180_slice_16_z078.png,Non_Demented/OAS1_0180/OAS1_0180_slice_16_z078.png,Non-Demented/OAS1_0180/OAS1_0180_slice_16_z078.png,OAS1_0180,Non-Demented,0,2,Mild Dementia,0,-19.457660478845565,-10.443434323374186,65.83550567913038,-0.964168956218349
OASIS_1,LinearSVM,47,test,rician_noise__severe,rician_noise,severe,D:\OASIS_1\distortions_128\rician_noise\severe\Non_Demented\OAS1_0180\OAS1_0180_slice_17_z081.png,Non_Demented/OAS1_0180/OAS1_0180_slice_17_z081.png,Non-Demented/OAS1_0180/OAS1_0180_slice_17_z081.png,OAS1_0180,Non-Demented,0,2,Mild Dementia,0,-17.95172530505302,-1.8342604942014225,63.866455089619684,-2.2466930537251937
OASIS_1,LinearSVM,47,test,rician_noise__severe,rician_noise,severe,D:\OASIS_1\distortions_128\rician_noise\severe\Non_Demented\OAS1_0180\OAS1_0180_slice_18_z084.png,Non_Demented/OAS1_0180/OAS1_0180_slice_18_z084.png,Non-Demented/OAS1_0180/OAS1_0180_slice_18_z084.png,OAS1_0180,Non-Demented,0,2,Mild Dementia,0,-29.383680720326385,9.18221127479314,74.37556637588497,-2.7197679953616936
OASIS_1,LinearSVM,47,test,rician_noise__severe,rician_noise,severe,D:\OASIS_1\distortions_128\rician_noise\severe\Non_Demented\OAS1_0180\OAS1_0180_slice_19_z086.png,Non_Demented/OAS1_0180/OAS1_0180_slice_19_z086.png,Non-Demented/OAS1_0180/OAS1_0180_slice_19_z086.png,OAS1_0180,Non-Demented,0,2,Mild Dementia,0,-23.404767164400635,-2.7201094642853745,60.696343860708424,-2.291250417858376
OASIS_1,LinearSVM,47,test,rician_noise__severe,rician_noise,severe,D:\OASIS_1\distortions_128\rician_noise\severe\Non_Demented\OAS1_0180\OAS1_0180_slice_20_z089.png,Non_Demented/OAS1_0180/OAS1_0180_slice_20_z089.png,Non-Demented/OAS1_0180/OAS1_0180_slice_20_z089.png,OAS1_0180,Non-Demented,0,2,Mild Dementia,0,-21.172831206140106,7.227945321659779,59.06311802300297,-2.3987684876906696
OASIS_1,LinearSVM,47,test,rician_noise__severe,rician_noise,severe,D:\OASIS_1\distortions_128\rician_noise\severe\Non_Demented\OAS1_0181\OAS1_0181_slice_01_z038.png,Non_Demented/OAS1_0181/OAS1_0181_slice_01_z038.png,Non-Demented/OAS1_0181/OAS1_0181_slice_01_z038.png,OAS1_0181,Non-Demented,0,2,Mild Dementia,0,-18.16187663044286,1.2385156050032675,54.24928081457878,-2.197423929304728
OASIS_1,LinearSVM,47,test,rician_noise__severe,rician_noise,severe,D:\OASIS_1\distortions_128\rician_noise\severe\Non_Demented\OAS1_0181\OAS1_0181_slice_02_z041.png,Non_Demented/OAS1_0181/OAS1_0181_slice_02_z041.png,Non-Demented/OAS1_0181/OAS1_0181_slice_02_z041.png,OAS1_0181,Non-Demented,0,2,Mild Dementia,0,-16.29610155056934,-24.512236088773037,79.133430834881,-1.470286694174759
OASIS_1,LinearSVM,47,test,rician_noise__severe,rician_noise,severe,D:\OASIS_1\distortions_128\rician_noise\severe\Non_Demented\OAS1_0181\OAS1_0181_slice_03_z043.png,Non_Demented/OAS1_0181/OAS1_0181_slice_03_z043.png,Non-Demented/OAS1_0181/OAS1_0181_slice_03_z043.png,OAS1_0181,Non-Demented,0,2,Mild Dementia,0,-17.49529646283351,-7.241124996687314,58.680565515305624,-1.6978775127336045
OASIS_1,LinearSVM,47,test,rician_noise__severe,rician_noise,severe,D:\OASIS_1\distortions_128\rician_noise\severe\Non_Demented\OAS1_0181\OAS1_0181_slice_04_z046.png,Non_Demented/OAS1_0181/OAS1_0181_slice_04_z046.png,Non-Demented/OAS1_0181/OAS1_0181_slice_04_z046.png,OAS1_0181,Non-Demented,0,2,Mild Dementia,0,-14.189739935840592,-0.07012429540232909,50.35278103084042,-1.5736951811406263
OASIS_1,LinearSVM,47,test,rician_noise__severe,rician_noise,severe,D:\OASIS_1\distortions_128\rician_noise\severe\Non_Demented\OAS1_0181\OAS1_0181_slice_05_z049.png,Non_Demented/OAS1_0181/OAS1_0181_slice_05_z049.png,Non-Demented/OAS1_0181/OAS1_0181_slice_05_z049.png,OAS1_0181,Non-Demented,0,2,Mild Dementia,0,-21.330897292828343,2.7202345065001543,68.6018041604293,-3.8137344731712988
OASIS_1,LinearSVM,47,test,rician_noise__severe,rician_noise,severe,D:\OASIS_1\distortions_128\rician_noise\severe\Non_Demented\OAS1_0181\OAS1_0181_slice_06_z051.png,Non_Demented/OAS1_0181/OAS1_0181_slice_06_z051.png,Non-Demented/OAS1_0181/OAS1_0181_slice_06_z051.png,OAS1_0181,Non-Demented,0,2,Mild Dementia,0,-17.488320162316935,-2.774646381594885,55.58026257611917,-1.5037235699985825
OASIS_1,LinearSVM,47,test,rician_noise__severe,rician_noise,severe,D:\OASIS_1\distortions_128\rician_noise\severe\Non_Demented\OAS1_0181\OAS1_0181_slice_07_z054.png,Non_Demented/OAS1_0181/OAS1_0181_slice_07_z054.png,Non-Demented/OAS1_0181/OAS1_0181_slice_07_z054.png,OAS1_0181,Non-Demented,0,2,Mild Dementia,0,-24.24739416625262,3.7995754969409914,55.673776481603035,-2.1074798654429583
OASIS_1,LinearSVM,47,test,rician_noise__severe,rician_noise,severe,D:\OASIS_1\distortions_128\rician_noise\severe\Non_Demented\OAS1_0181\OAS1_0181_slice_08_z057.png,Non_Demented/OAS1_0181/OAS1_0181_slice_08_z057.png,Non-Demented/OAS1_0181/OAS1_0181_slice_08_z057.png,OAS1_0181,Non-Demented,0,2,Mild Dementia,0,-21.44224070420259,6.739107598900383,52.34083777449674,-0.34147762904057366
OASIS_1,LinearSVM,47,test,rician_noise__severe,rician_noise,severe,D:\OASIS_1\distortions_128\rician_noise\severe\Non_Demented\OAS1_0181\OAS1_0181_slice_09_z059.png,Non_Demented/OAS1_0181/OAS1_0181_slice_09_z059.png,Non-Demented/OAS1_0181/OAS1_0181_slice_09_z059.png,OAS1_0181,Non-Demented,0,2,Mild Dementia,0,-24.863919073554587,11.002144197900957,54.53437620079594,-1.537253889354769
OASIS_1,LinearSVM,47,test,rician_noise__severe,rician_noise,severe,D:\OASIS_1\distortions_128\rician_noise\severe\Non_Demented\OAS1_0181\OAS1_0181_slice_10_z062.png,Non_Demented/OAS1_0181/OAS1_0181_slice_10_z062.png,Non-Demented/OAS1_0181/OAS1_0181_slice_10_z062.png,OAS1_0181,Non-Demented,0,2,Mild Dementia,0,-18.982679369634603,-11.93545321324771,75.81856615402847,-2.02588936616432
OASIS_1,LinearSVM,47,test,rician_noise__severe,rician_noise,severe,D:\OASIS_1\distortions_128\rician_noise\severe\Non_Demented\OAS1_0181\OAS1_0181_slice_11_z065.png,Non_Demented/OAS1_0181/OAS1_0181_slice_11_z065.png,Non-Demented/OAS1_0181/OAS1_0181_slice_11_z065.png,OAS1_0181,Non-Demented,0,2,Mild Dementia,0,-25.29973896946775,17.766593615346085,49.25681097028102,-2.4880758099438927
OASIS_1,LinearSVM,47,test,rician_noise__severe,rician_noise,severe,D:\OASIS_1\distortions_128\rician_noise\severe\Non_Demented\OAS1_0181\OAS1_0181_slice_12_z068.png,Non_Demented/OAS1_0181/OAS1_0181_slice_12_z068.png,Non-Demented/OAS1_0181/OAS1_0181_slice_12_z068.png,OAS1_0181,Non-Demented,0,2,Mild Dementia,0,-22.39037553411678,12.846746645741442,47.78136836485033,-3.0025171453640205
OASIS_1,LinearSVM,47,test,rician_noise__severe,rician_noise,severe,D:\OASIS_1\distortions_128\rician_noise\severe\Non_Demented\OAS1_0181\OAS1_0181_slice_13_z070.png,Non_Demented/OAS1_0181/OAS1_0181_slice_13_z070.png,Non-Demented/OAS1_0181/OAS1_0181_slice_13_z070.png,OAS1_0181,Non-Demented,0,2,Mild Dementia,0,-20.518056731568798,-1.1686451298839975,71.18730274211678,-1.8287951793131951
OASIS_1,LinearSVM,47,test,rician_noise__severe,rician_noise,severe,D:\OASIS_1\distortions_128\rician_noise\severe\Non_Demented\OAS1_0181\OAS1_0181_slice_14_z073.png,Non_Demented/OAS1_0181/OAS1_0181_slice_14_z073.png,Non-Demented/OAS1_0181/OAS1_0181_slice_14_z073.png,OAS1_0181,Non-Demented,0,2,Mild Dementia,0,-16.14327597428109,-13.873639764166146,77.9137454557822,-3.4472535292091537
OASIS_1,LinearSVM,47,test,rician_noise__severe,rician_noise,severe,D:\OASIS_1\distortions_128\rician_noise\severe\Non_Demented\OAS1_0181\OAS1_0181_slice_15_z076.png,Non_Demented/OAS1_0181/OAS1_0181_slice_15_z076.png,Non-Demented/OAS1_0181/OAS1_0181_slice_15_z076.png,OAS1_0181,Non-Demented,0,2,Mild Dementia,0,-12.841874085415466,-33.80025614233986,83.68645799870687,-2.390740910158744
OASIS_1,LinearSVM,47,test,rician_noise__severe,rician_noise,severe,D:\OASIS_1\distortions_128\rician_noise\severe\Non_Demented\OAS1_0181\OAS1_0181_slice_16_z078.png,Non_Demented/OAS1_0181/OAS1_0181_slice_16_z078.png,Non-Demented/OAS1_0181/OAS1_0181_slice_16_z078.png,OAS1_0181,Non-Demented,0,2,Mild Dementia,0,-25.08093510294745,-3.3368342693766033,69.70172080678505,-0.851259665405965
OASIS_1,LinearSVM,47,test,rician_noise__severe,rician_noise,severe,D:\OASIS_1\distortions_128\rician_noise\severe\Non_Demented\OAS1_0181\OAS1_0181_slice_17_z081.png,Non_Demented/OAS1_0181/OAS1_0181_slice_17_z081.png,Non-Demented/OAS1_0181/OAS1_0181_slice_17_z081.png,OAS1_0181,Non-Demented,0,2,Mild Dementia,0,-20.16134425624855,9.459128210082262,55.8672474621361,-3.1120610669070157
OASIS_1,LinearSVM,47,test,rician_noise__severe,rician_noise,severe,D:\OASIS_1\distortions_128\rician_noise\severe\Non_Demented\OAS1_0181\OAS1_0181_slice_18_z084.png,Non_Demented/OAS1_0181/OAS1_0181_slice_18_z084.png,Non-Demented/OAS1_0181/OAS1_0181_slice_18_z084.png,OAS1_0181,Non-Demented,0,2,Mild Dementia,0,-14.64514459848845,-25.01371910758405,72.2855007228557,-1.8617466280795303
OASIS_1,LinearSVM,47,test,rician_noise__severe,rician_noise,severe,D:\OASIS_1\distortions_128\rician_noise\severe\Non_Demented\OAS1_0181\OAS1_0181_slice_19_z086.png,Non_Demented/OAS1_0181/OAS1_0181_slice_19_z086.png,Non-Demented/OAS1_0181/OAS1_0181_slice_19_z086.png,OAS1_0181,Non-Demented,0,2,Mild Dementia,0,-17.55537582134395,-15.887192062864678,77.38205632563492,-3.0590042364756043
OASIS_1,LinearSVM,47,test,rician_noise__severe,rician_noise,severe,D:\OASIS_1\distortions_128\rician_noise\severe\Non_Demented\OAS1_0181\OAS1_0181_slice_20_z089.png,Non_Demented/OAS1_0181/OAS1_0181_slice_20_z089.png,Non-Demented/OAS1_0181/OAS1_0181_slice_20_z089.png,OAS1_0181,Non-Demented,0,2,Mild Dementia,0,-24.666689377693654,-6.280328843530659,81.02405312578911,-3.7611940532029777
OASIS_1,LinearSVM,47,test,rician_noise__severe,rician_noise,severe,D:\OASIS_1\distortions_128\rician_noise\severe\Non_Demented\OAS1_0262\OAS1_0262_slice_01_z038.png,Non_Demented/OAS1_0262/OAS1_0262_slice_01_z038.png,Non-Demented/OAS1_0262/OAS1_0262_slice_01_z038.png,OAS1_0262,Non-Demented,0,2,Mild Dementia,0,-17.453735423632132,-13.28392749937302,62.38915774694898,-1.757221654006563
OASIS_1,LinearSVM,47,test,rician_noise__severe,rician_noise,severe,D:\OASIS_1\distortions_128\rician_noise\severe\Non_Demented\OAS1_0262\OAS1_0262_slice_02_z041.png,Non_Demented/OAS1_0262/OAS1_0262_slice_02_z041.png,Non-Demented/OAS1_0262/OAS1_0262_slice_02_z041.png,OAS1_0262,Non-Demented,0,2,Mild Dementia,0,-14.881253758676714,-5.052171985332975,54.835262428574346,-2.5707947929485266
OASIS_1,LinearSVM,47,test,rician_noise__severe,rician_noise,severe,D:\OASIS_1\distortions_128\rician_noise\severe\Non_Demented\OAS1_0262\OAS1_0262_slice_03_z043.png,Non_Demented/OAS1_0262/OAS1_0262_slice_03_z043.png,Non-Demented/OAS1_0262/OAS1_0262_slice_03_z043.png,OAS1_0262,Non-Demented,0,2,Mild Dementia,0,-26.675722310296887,4.8152048137152095,62.65311591548221,-1.8220805810554694
OASIS_1,LinearSVM,47,test,rician_noise__severe,rician_noise,severe,D:\OASIS_1\distortions_128\rician_noise\severe\Non_Demented\OAS1_0262\OAS1_0262_slice_04_z046.png,Non_Demented/OAS1_0262/OAS1_0262_slice_04_z046.png,Non-Demented/OAS1_0262/OAS1_0262_slice_04_z046.png,OAS1_0262,Non-Demented,0,2,Mild Dementia,0,-19.429302876254873,-0.9471210886070205,59.59710493957692,-0.967845315204069
OASIS_1,LinearSVM,47,test,rician_noise__severe,rician_noise,severe,D:\OASIS_1\distortions_128\rician_noise\severe\Non_Demented\OAS1_0262\OAS1_0262_slice_05_z049.png,Non_Demented/OAS1_0262/OAS1_0262_slice_05_z049.png,Non-Demented/OAS1_0262/OAS1_0262_slice_05_z049.png,OAS1_0262,Non-Demented,0,2,Mild Dementia,0,-21.33156555622031,9.030592784666842,54.079683743920775,-2.1262086993819653
OASIS_1,LinearSVM,47,test,rician_noise__severe,rician_noise,severe,D:\OASIS_1\distortions_128\rician_noise\severe\Non_Demented\OAS1_0262\OAS1_0262_slice_06_z051.png,Non_Demented/OAS1_0262/OAS1_0262_slice_06_z051.png,Non-Demented/OAS1_0262/OAS1_0262_slice_06_z051.png,OAS1_0262,Non-Demented,0,2,Mild Dementia,0,-21.451125610032012,-2.2786598931029713,70.40453924679287,-1.9757260718803367
OASIS_1,LinearSVM,47,test,rician_noise__severe,rician_noise,severe,D:\OASIS_1\distortions_128\rician_noise\severe\Non_Demented\OAS1_0262\OAS1_0262_slice_07_z054.png,Non_Demented/OAS1_0262/OAS1_0262_slice_07_z054.png,Non-Demented/OAS1_0262/OAS1_0262_slice_07_z054.png,OAS1_0262,Non-Demented,0,2,Mild Dementia,0,-17.95361898485741,-16.06332359846736,75.43807984217133,-3.5775370660646297
OASIS_1,LinearSVM,47,test,rician_noise__severe,rician_noise,severe,D:\OASIS_1\distortions_128\rician_noise\severe\Non_Demented\OAS1_0262\OAS1_0262_slice_08_z057.png,Non_Demented/OAS1_0262/OAS1_0262_slice_08_z057.png,Non-Demented/OAS1_0262/OAS1_0262_slice_08_z057.png,OAS1_0262,Non-Demented,0,2,Mild Dementia,0,-19.800068053211575,-5.9414848172476775,66.20531080819677,-2.152430551424321
OASIS_1,LinearSVM,47,test,rician_noise__severe,rician_noise,severe,D:\OASIS_1\distortions_128\rician_noise\severe\Non_Demented\OAS1_0262\OAS1_0262_slice_09_z059.png,Non_Demented/OAS1_0262/OAS1_0262_slice_09_z059.png,Non-Demented/OAS1_0262/OAS1_0262_slice_09_z059.png,OAS1_0262,Non-Demented,0,2,Mild Dementia,0,-21.154988694743636,0.2972316039011522,64.85167280244102,-3.3504997730770967
OASIS_1,LinearSVM,47,test,rician_noise__severe,rician_noise,severe,D:\OASIS_1\distortions_128\rician_noise\severe\Non_Demented\OAS1_0262\OAS1_0262_slice_10_z062.png,Non_Demented/OAS1_0262/OAS1_0262_slice_10_z062.png,Non-Demented/OAS1_0262/OAS1_0262_slice_10_z062.png,OAS1_0262,Non-Demented,0,2,Mild Dementia,0,-14.75025111692228,-17.227140673424422,73.53953133830868,-1.4910514796024672
OASIS_1,LinearSVM,47,test,rician_noise__severe,rician_noise,severe,D:\OASIS_1\distortions_128\rician_noise\severe\Non_Demented\OAS1_0262\OAS1_0262_slice_11_z065.png,Non_Demented/OAS1_0262/OAS1_0262_slice_11_z065.png,Non-Demented/OAS1_0262/OAS1_0262_slice_11_z065.png,OAS1_0262,Non-Demented,0,2,Mild Dementia,0,-26.447276625859562,6.796599757187912,56.97519707433435,-1.695366548237048
OASIS_1,LinearSVM,47,test,rician_noise__severe,rician_noise,severe,D:\OASIS_1\distortions_128\rician_noise\severe\Non_Demented\OAS1_0262\OAS1_0262_slice_12_z068.png,Non_Demented/OAS1_0262/OAS1_0262_slice_12_z068.png,Non-Demented/OAS1_0262/OAS1_0262_slice_12_z068.png,OAS1_0262,Non-Demented,0,2,Mild Dementia,0,-18.008064018777407,10.971400532014474,56.33165869083913,-2.5492360028761194
OASIS_1,LinearSVM,47,test,rician_noise__severe,rician_noise,severe,D:\OASIS_1\distortions_128\rician_noise\severe\Non_Demented\OAS1_0262\OAS1_0262_slice_13_z070.png,Non_Demented/OAS1_0262/OAS1_0262_slice_13_z070.png,Non-Demented/OAS1_0262/OAS1_0262_slice_13_z070.png,OAS1_0262,Non-Demented,0,2,Mild Dementia,0,-21.248767242395626,3.096859992908038,61.42626142411524,-4.425796677681204
OASIS_1,LinearSVM,47,test,rician_noise__severe,rician_noise,severe,D:\OASIS_1\distortions_128\rician_noise\severe\Non_Demented\OAS1_0262\OAS1_0262_slice_14_z073.png,Non_Demented/OAS1_0262/OAS1_0262_slice_14_z073.png,Non-Demented/OAS1_0262/OAS1_0262_slice_14_z073.png,OAS1_0262,Non-Demented,0,2,Mild Dementia,0,-28.44018032116426,17.058731638490695,57.06239463009534,-2.985601034341842
OASIS_1,LinearSVM,47,test,rician_noise__severe,rician_noise,severe,D:\OASIS_1\distortions_128\rician_noise\severe\Non_Demented\OAS1_0262\OAS1_0262_slice_15_z076.png,Non_Demented/OAS1_0262/OAS1_0262_slice_15_z076.png,Non-Demented/OAS1_0262/OAS1_0262_slice_15_z076.png,OAS1_0262,Non-Demented,0,2,Mild Dementia,0,-23.463970392372136,6.573924878657665,62.68119167873979,-2.114932422168101
OASIS_1,LinearSVM,47,test,rician_noise__severe,rician_noise,severe,D:\OASIS_1\distortions_128\rician_noise\severe\Non_Demented\OAS1_0262\OAS1_0262_slice_16_z078.png,Non_Demented/OAS1_0262/OAS1_0262_slice_16_z078.png,Non-Demented/OAS1_0262/OAS1_0262_slice_16_z078.png,OAS1_0262,Non-Demented,0,2,Mild Dementia,0,-20.954604189269997,1.6343548645659949,56.99278628432509,-2.809651979241682
OASIS_1,LinearSVM,47,test,rician_noise__severe,rician_noise,severe,D:\OASIS_1\distortions_128\rician_noise\severe\Non_Demented\OAS1_0262\OAS1_0262_slice_17_z081.png,Non_Demented/OAS1_0262/OAS1_0262_slice_17_z081.png,Non-Demented/OAS1_0262/OAS1_0262_slice_17_z081.png,OAS1_0262,Non-Demented,0,2,Mild Dementia,0,-19.842574823114436,9.633181980548981,68.4627244862857,-3.617460192450797
OASIS_1,LinearSVM,47,test,rician_noise__severe,rician_noise,severe,D:\OASIS_1\distortions_128\rician_noise\severe\Non_Demented\OAS1_0262\OAS1_0262_slice_18_z084.png,Non_Demented/OAS1_0262/OAS1_0262_slice_18_z084.png,Non-Demented/OAS1_0262/OAS1_0262_slice_18_z084.png,OAS1_0262,Non-Demented,0,2,Mild Dementia,0,-16.548081459486664,-17.448904181589757,72.42429287920552,-2.0925137851148365
OASIS_1,LinearSVM,47,test,rician_noise__severe,rician_noise,severe,D:\OASIS_1\distortions_128\rician_noise\severe\Non_Demented\OAS1_0262\OAS1_0262_slice_19_z086.png,Non_Demented/OAS1_0262/OAS1_0262_slice_19_z086.png,Non-Demented/OAS1_0262/OAS1_0262_slice_19_z086.png,OAS1_0262,Non-Demented,0,2,Mild Dementia,0,-24.444064729146664,-0.7826477298004528,74.3665046916879,-2.4400456124961964
OASIS_1,LinearSVM,47,test,rician_noise__severe,rician_noise,severe,D:\OASIS_1\distortions_128\rician_noise\severe\Non_Demented\OAS1_0262\OAS1_0262_slice_20_z089.png,Non_Demented/OAS1_0262/OAS1_0262_slice_20_z089.png,Non-Demented/OAS1_0262/OAS1_0262_slice_20_z089.png,OAS1_0262,Non-Demented,0,2,Mild Dementia,0,-19.908976940349238,-5.3330242236923935,69.52182419616115,-3.1362334118268826
OASIS_1,LinearSVM,47,test,rician_noise__severe,rician_noise,severe,D:\OASIS_1\distortions_128\rician_noise\severe\Non_Demented\OAS1_0266\OAS1_0266_slice_01_z038.png,Non_Demented/OAS1_0266/OAS1_0266_slice_01_z038.png,Non-Demented/OAS1_0266/OAS1_0266_slice_01_z038.png,OAS1_0266,Non-Demented,0,2,Mild Dementia,0,-25.252435401252388,9.536206570141358,64.35296076937918,-2.3602443205020585
OASIS_1,LinearSVM,47,test,rician_noise__severe,rician_noise,severe,D:\OASIS_1\distortions_128\rician_noise\severe\Non_Demented\OAS1_0266\OAS1_0266_slice_02_z041.png,Non_Demented/OAS1_0266/OAS1_0266_slice_02_z041.png,Non-Demented/OAS1_0266/OAS1_0266_slice_02_z041.png,OAS1_0266,Non-Demented,0,2,Mild Dementia,0,-15.230979466214137,-3.6372656420107807,59.28984640745401,-2.1948853332842697
OASIS_1,LinearSVM,47,test,rician_noise__severe,rician_noise,severe,D:\OASIS_1\distortions_128\rician_noise\severe\Non_Demented\OAS1_0266\OAS1_0266_slice_03_z043.png,Non_Demented/OAS1_0266/OAS1_0266_slice_03_z043.png,Non-Demented/OAS1_0266/OAS1_0266_slice_03_z043.png,OAS1_0266,Non-Demented,0,2,Mild Dementia,0,-15.112622601309383,4.636652835779283,52.13428743811122,-1.270611770465092
OASIS_1,LinearSVM,47,test,rician_noise__severe,rician_noise,severe,D:\OASIS_1\distortions_128\rician_noise\severe\Non_Demented\OAS1_0266\OAS1_0266_slice_04_z046.png,Non_Demented/OAS1_0266/OAS1_0266_slice_04_z046.png,Non-Demented/OAS1_0266/OAS1_0266_slice_04_z046.png,OAS1_0266,Non-Demented,0,2,Mild Dementia,0,-14.98788617841702,-4.509090966890883,69.96719664437722,-2.758891262398637
OASIS_1,LinearSVM,47,test,rician_noise__severe,rician_noise,severe,D:\OASIS_1\distortions_128\rician_noise\severe\Non_Demented\OAS1_0266\OAS1_0266_slice_05_z049.png,Non_Demented/OAS1_0266/OAS1_0266_slice_05_z049.png,Non-Demented/OAS1_0266/OAS1_0266_slice_05_z049.png,OAS1_0266,Non-Demented,0,2,Mild Dementia,0,-21.590545897361682,-7.736619875571271,71.95633444730795,-2.5093900958636586
OASIS_1,LinearSVM,47,test,rician_noise__severe,rician_noise,severe,D:\OASIS_1\distortions_128\rician_noise\severe\Non_Demented\OAS1_0266\OAS1_0266_slice_06_z051.png,Non_Demented/OAS1_0266/OAS1_0266_slice_06_z051.png,Non-Demented/OAS1_0266/OAS1_0266_slice_06_z051.png,OAS1_0266,Non-Demented,0,2,Mild Dementia,0,-20.324907739168108,6.125445660682204,53.00598201567253,-2.302236389684502
OASIS_1,LinearSVM,47,test,rician_noise__severe,rician_noise,severe,D:\OASIS_1\distortions_128\rician_noise\severe\Non_Demented\OAS1_0266\OAS1_0266_slice_07_z054.png,Non_Demented/OAS1_0266/OAS1_0266_slice_07_z054.png,Non-Demented/OAS1_0266/OAS1_0266_slice_07_z054.png,OAS1_0266,Non-Demented,0,2,Mild Dementia,0,-24.438435780635736,4.312434307267838,61.247514300943976,-2.35832372655807
OASIS_1,LinearSVM,47,test,rician_noise__severe,rician_noise,severe,D:\OASIS_1\distortions_128\rician_noise\severe\Non_Demented\OAS1_0266\OAS1_0266_slice_08_z057.png,Non_Demented/OAS1_0266/OAS1_0266_slice_08_z057.png,Non-Demented/OAS1_0266/OAS1_0266_slice_08_z057.png,OAS1_0266,Non-Demented,0,2,Mild Dementia,0,-16.696791571284987,-4.341910544310246,63.649360744679136,-1.5132975623207305
OASIS_1,LinearSVM,47,test,rician_noise__severe,rician_noise,severe,D:\OASIS_1\distortions_128\rician_noise\severe\Non_Demented\OAS1_0266\OAS1_0266_slice_09_z059.png,Non_Demented/OAS1_0266/OAS1_0266_slice_09_z059.png,Non-Demented/OAS1_0266/OAS1_0266_slice_09_z059.png,OAS1_0266,Non-Demented,0,2,Mild Dementia,0,-23.834542287339133,18.288520654735294,51.1578593437431,-2.057044551853547
OASIS_1,LinearSVM,47,test,rician_noise__severe,rician_noise,severe,D:\OASIS_1\distortions_128\rician_noise\severe\Non_Demented\OAS1_0266\OAS1_0266_slice_10_z062.png,Non_Demented/OAS1_0266/OAS1_0266_slice_10_z062.png,Non-Demented/OAS1_0266/OAS1_0266_slice_10_z062.png,OAS1_0266,Non-Demented,0,2,Mild Dementia,0,-14.032089068416205,-12.630944483110055,69.29057002997779,-1.4939231222537308
OASIS_1,LinearSVM,47,test,rician_noise__severe,rician_noise,severe,D:\OASIS_1\distortions_128\rician_noise\severe\Non_Demented\OAS1_0266\OAS1_0266_slice_11_z065.png,Non_Demented/OAS1_0266/OAS1_0266_slice_11_z065.png,Non-Demented/OAS1_0266/OAS1_0266_slice_11_z065.png,OAS1_0266,Non-Demented,0,2,Mild Dementia,0,-21.586759959798986,-2.627512183159289,65.39025554981446,-1.3302648306783473
OASIS_1,LinearSVM,47,test,rician_noise__severe,rician_noise,severe,D:\OASIS_1\distortions_128\rician_noise\severe\Non_Demented\OAS1_0266\OAS1_0266_slice_12_z068.png,Non_Demented/OAS1_0266/OAS1_0266_slice_12_z068.png,Non-Demented/OAS1_0266/OAS1_0266_slice_12_z068.png,OAS1_0266,Non-Demented,0,2,Mild Dementia,0,-20.41549217090568,9.101290809495872,46.014640910004246,-2.1013717484946324
OASIS_1,LinearSVM,47,test,rician_noise__severe,rician_noise,severe,D:\OASIS_1\distortions_128\rician_noise\severe\Non_Demented\OAS1_0266\OAS1_0266_slice_13_z070.png,Non_Demented/OAS1_0266/OAS1_0266_slice_13_z070.png,Non-Demented/OAS1_0266/OAS1_0266_slice_13_z070.png,OAS1_0266,Non-Demented,0,2,Mild Dementia,0,-23.864777978830315,16.012666146480697,52.59576352131726,-2.5639531023887336
OASIS_1,LinearSVM,47,test,rician_noise__severe,rician_noise,severe,D:\OASIS_1\distortions_128\rician_noise\severe\Non_Demented\OAS1_0266\OAS1_0266_slice_14_z073.png,Non_Demented/OAS1_0266/OAS1_0266_slice_14_z073.png,Non-Demented/OAS1_0266/OAS1_0266_slice_14_z073.png,OAS1_0266,Non-Demented,0,2,Mild Dementia,0,-20.597415672088164,1.1847119055570188,54.472286432933366,-1.4706278659369207
OASIS_1,LinearSVM,47,test,rician_noise__severe,rician_noise,severe,D:\OASIS_1\distortions_128\rician_noise\severe\Non_Demented\OAS1_0266\OAS1_0266_slice_15_z076.png,Non_Demented/OAS1_0266/OAS1_0266_slice_15_z076.png,Non-Demented/OAS1_0266/OAS1_0266_slice_15_z076.png,OAS1_0266,Non-Demented,0,2,Mild Dementia,0,-19.691559851255448,-16.94915369394458,83.30355694371795,-3.293290560466823
OASIS_1,LinearSVM,47,test,rician_noise__severe,rician_noise,severe,D:\OASIS_1\distortions_128\rician_noise\severe\Non_Demented\OAS1_0266\OAS1_0266_slice_16_z078.png,Non_Demented/OAS1_0266/OAS1_0266_slice_16_z078.png,Non-Demented/OAS1_0266/OAS1_0266_slice_16_z078.png,OAS1_0266,Non-Demented,0,2,Mild Dementia,0,-25.243144810639713,7.8398133562604135,62.84488413498792,-0.3437120001363443
OASIS_1,LinearSVM,47,test,rician_noise__severe,rician_noise,severe,D:\OASIS_1\distortions_128\rician_noise\severe\Non_Demented\OAS1_0266\OAS1_0266_slice_17_z081.png,Non_Demented/OAS1_0266/OAS1_0266_slice_17_z081.png,Non-Demented/OAS1_0266/OAS1_0266_slice_17_z081.png,OAS1_0266,Non-Demented,0,2,Mild Dementia,0,-13.470572215960594,-33.697554981068905,88.68117927106617,-4.0185330840303335
OASIS_1,LinearSVM,47,test,rician_noise__severe,rician_noise,severe,D:\OASIS_1\distortions_128\rician_noise\severe\Non_Demented\OAS1_0266\OAS1_0266_slice_18_z084.png,Non_Demented/OAS1_0266/OAS1_0266_slice_18_z084.png,Non-Demented/OAS1_0266/OAS1_0266_slice_18_z084.png,OAS1_0266,Non-Demented,0,2,Mild Dementia,0,-19.540513957143585,-2.6582117150230227,66.63761438935096,-1.4228194389490225
OASIS_1,LinearSVM,47,test,rician_noise__severe,rician_noise,severe,D:\OASIS_1\distortions_128\rician_noise\severe\Non_Demented\OAS1_0266\OAS1_0266_slice_19_z086.png,Non_Demented/OAS1_0266/OAS1_0266_slice_19_z086.png,Non-Demented/OAS1_0266/OAS1_0266_slice_19_z086.png,OAS1_0266,Non-Demented,0,2,Mild Dementia,0,-16.99474250916054,-3.0436427097891707,64.88442442521844,-2.5402982786816493
OASIS_1,LinearSVM,47,test,rician_noise__severe,rician_noise,severe,D:\OASIS_1\distortions_128\rician_noise\severe\Non_Demented\OAS1_0266\OAS1_0266_slice_20_z089.png,Non_Demented/OAS1_0266/OAS1_0266_slice_20_z089.png,Non-Demented/OAS1_0266/OAS1_0266_slice_20_z089.png,OAS1_0266,Non-Demented,0,2,Mild Dementia,0,-19.39235429821741,-3.2295774882911035,61.02601899046868,-2.3820744537465344
OASIS_1,LinearSVM,47,test,rician_noise__severe,rician_noise,severe,D:\OASIS_1\distortions_128\rician_noise\severe\Non_Demented\OAS1_0280\OAS1_0280_slice_01_z038.png,Non_Demented/OAS1_0280/OAS1_0280_slice_01_z038.png,Non-Demented/OAS1_0280/OAS1_0280_slice_01_z038.png,OAS1_0280,Non-Demented,0,2,Mild Dementia,0,-15.678950493312698,0.39128314307726964,59.14097607978728,-3.071122364294766
OASIS_1,LinearSVM,47,test,rician_noise__severe,rician_noise,severe,D:\OASIS_1\distortions_128\rician_noise\severe\Non_Demented\OAS1_0280\OAS1_0280_slice_02_z041.png,Non_Demented/OAS1_0280/OAS1_0280_slice_02_z041.png,Non-Demented/OAS1_0280/OAS1_0280_slice_02_z041.png,OAS1_0280,Non-Demented,0,2,Mild Dementia,0,-29.91640901029273,26.522248661780452,55.720738423319744,-0.8293424576983643
OASIS_1,LinearSVM,47,test,rician_noise__severe,rician_noise,severe,D:\OASIS_1\distortions_128\rician_noise\severe\Non_Demented\OAS1_0280\OAS1_0280_slice_03_z043.png,Non_Demented/OAS1_0280/OAS1_0280_slice_03_z043.png,Non-Demented/OAS1_0280/OAS1_0280_slice_03_z043.png,OAS1_0280,Non-Demented,0,2,Mild Dementia,0,-21.703119274015144,-11.423624255384981,66.28467653948411,-2.8348925429596608
OASIS_1,LinearSVM,47,test,rician_noise__severe,rician_noise,severe,D:\OASIS_1\distortions_128\rician_noise\severe\Non_Demented\OAS1_0280\OAS1_0280_slice_04_z046.png,Non_Demented/OAS1_0280/OAS1_0280_slice_04_z046.png,Non-Demented/OAS1_0280/OAS1_0280_slice_04_z046.png,OAS1_0280,Non-Demented,0,2,Mild Dementia,0,-17.443221614186022,14.135917649439616,42.99464037685678,-2.086824834409366
OASIS_1,LinearSVM,47,test,rician_noise__severe,rician_noise,severe,D:\OASIS_1\distortions_128\rician_noise\severe\Non_Demented\OAS1_0280\OAS1_0280_slice_05_z049.png,Non_Demented/OAS1_0280/OAS1_0280_slice_05_z049.png,Non-Demented/OAS1_0280/OAS1_0280_slice_05_z049.png,OAS1_0280,Non-Demented,0,2,Mild Dementia,0,-16.070280499049687,-29.763430379173393,85.13791876976236,-3.460214920323362
OASIS_1,LinearSVM,47,test,rician_noise__severe,rician_noise,severe,D:\OASIS_1\distortions_128\rician_noise\severe\Non_Demented\OAS1_0280\OAS1_0280_slice_06_z051.png,Non_Demented/OAS1_0280/OAS1_0280_slice_06_z051.png,Non-Demented/OAS1_0280/OAS1_0280_slice_06_z051.png,OAS1_0280,Non-Demented,0,2,Mild Dementia,0,-25.427672783233046,-1.3967848693255442,73.10970144288251,-2.713110576821225
OASIS_1,LinearSVM,47,test,rician_noise__severe,rician_noise,severe,D:\OASIS_1\distortions_128\rician_noise\severe\Non_Demented\OAS1_0280\OAS1_0280_slice_07_z054.png,Non_Demented/OAS1_0280/OAS1_0280_slice_07_z054.png,Non-Demented/OAS1_0280/OAS1_0280_slice_07_z054.png,OAS1_0280,Non-Demented,0,2,Mild Dementia,0,-18.003097693044634,4.894120526774681,57.472698495085695,-2.1379204963497664
OASIS_1,LinearSVM,47,test,rician_noise__severe,rician_noise,severe,D:\OASIS_1\distortions_128\rician_noise\severe\Non_Demented\OAS1_0280\OAS1_0280_slice_08_z057.png,Non_Demented/OAS1_0280/OAS1_0280_slice_08_z057.png,Non-Demented/OAS1_0280/OAS1_0280_slice_08_z057.png,OAS1_0280,Non-Demented,0,2,Mild Dementia,0,-23.34361621503286,-3.0378783901004622,62.12365539204774,-2.93674069736097
OASIS_1,LinearSVM,47,test,rician_noise__severe,rician_noise,severe,D:\OASIS_1\distortions_128\rician_noise\severe\Non_Demented\OAS1_0280\OAS1_0280_slice_09_z059.png,Non_Demented/OAS1_0280/OAS1_0280_slice_09_z059.png,Non-Demented/OAS1_0280/OAS1_0280_slice_09_z059.png,OAS1_0280,Non-Demented,0,2,Mild Dementia,0,-26.567679848917212,11.04121597563605,74.44152402335864,-3.5297479447215823
OASIS_1,LinearSVM,47,test,rician_noise__severe,rician_noise,severe,D:\OASIS_1\distortions_128\rician_noise\severe\Non_Demented\OAS1_0280\OAS1_0280_slice_10_z062.png,Non_Demented/OAS1_0280/OAS1_0280_slice_10_z062.png,Non-Demented/OAS1_0280/OAS1_0280_slice_10_z062.png,OAS1_0280,Non-Demented,0,2,Mild Dementia,0,-19.658449048298056,-10.769666193252199,76.05196793390465,-2.685427921145992
OASIS_1,LinearSVM,47,test,rician_noise__severe,rician_noise,severe,D:\OASIS_1\distortions_128\rician_noise\severe\Non_Demented\OAS1_0280\OAS1_0280_slice_11_z065.png,Non_Demented/OAS1_0280/OAS1_0280_slice_11_z065.png,Non-Demented/OAS1_0280/OAS1_0280_slice_11_z065.png,OAS1_0280,Non-Demented,0,2,Mild Dementia,0,-21.12762026751922,-11.638980017889084,71.86948315056205,-3.788268848110662
OASIS_1,LinearSVM,47,test,rician_noise__severe,rician_noise,severe,D:\OASIS_1\distortions_128\rician_noise\severe\Non_Demented\OAS1_0280\OAS1_0280_slice_12_z068.png,Non_Demented/OAS1_0280/OAS1_0280_slice_12_z068.png,Non-Demented/OAS1_0280/OAS1_0280_slice_12_z068.png,OAS1_0280,Non-Demented,0,2,Mild Dementia,0,-24.746097113288624,24.982140741500874,50.48236830463545,-2.094457058666231
OASIS_1,LinearSVM,47,test,rician_noise__severe,rician_noise,severe,D:\OASIS_1\distortions_128\rician_noise\severe\Non_Demented\OAS1_0280\OAS1_0280_slice_13_z070.png,Non_Demented/OAS1_0280/OAS1_0280_slice_13_z070.png,Non-Demented/OAS1_0280/OAS1_0280_slice_13_z070.png,OAS1_0280,Non-Demented,0,2,Mild Dementia,0,-20.88741355040035,-15.336424786769523,77.88433023623857,-2.0784146340145604
OASIS_1,LinearSVM,47,test,rician_noise__severe,rician_noise,severe,D:\OASIS_1\distortions_128\rician_noise\severe\Non_Demented\OAS1_0280\OAS1_0280_slice_14_z073.png,Non_Demented/OAS1_0280/OAS1_0280_slice_14_z073.png,Non-Demented/OAS1_0280/OAS1_0280_slice_14_z073.png,OAS1_0280,Non-Demented,0,2,Mild Dementia,0,-26.654668634279542,5.163758843024959,52.81001728623313,-1.4313563808760827
OASIS_1,LinearSVM,47,test,rician_noise__severe,rician_noise,severe,D:\OASIS_1\distortions_128\rician_noise\severe\Non_Demented\OAS1_0280\OAS1_0280_slice_15_z076.png,Non_Demented/OAS1_0280/OAS1_0280_slice_15_z076.png,Non-Demented/OAS1_0280/OAS1_0280_slice_15_z076.png,OAS1_0280,Non-Demented,0,2,Mild Dementia,0,-11.83995447103949,6.195894748516298,41.7590599901998,-3.028186825086938
OASIS_1,LinearSVM,47,test,rician_noise__severe,rician_noise,severe,D:\OASIS_1\distortions_128\rician_noise\severe\Non_Demented\OAS1_0280\OAS1_0280_slice_16_z078.png,Non_Demented/OAS1_0280/OAS1_0280_slice_16_z078.png,Non-Demented/OAS1_0280/OAS1_0280_slice_16_z078.png,OAS1_0280,Non-Demented,0,2,Mild Dementia,0,-22.679239953017756,-15.377441768662694,75.98282359452577,-0.6013022832374915
OASIS_1,LinearSVM,47,test,rician_noise__severe,rician_noise,severe,D:\OASIS_1\distortions_128\rician_noise\severe\Non_Demented\OAS1_0280\OAS1_0280_slice_17_z081.png,Non_Demented/OAS1_0280/OAS1_0280_slice_17_z081.png,Non-Demented/OAS1_0280/OAS1_0280_slice_17_z081.png,OAS1_0280,Non-Demented,0,2,Mild Dementia,0,-18.737336033947003,2.8153874224161948,50.647820918734304,-2.687977896973552
OASIS_1,LinearSVM,47,test,rician_noise__severe,rician_noise,severe,D:\OASIS_1\distortions_128\rician_noise\severe\Non_Demented\OAS1_0280\OAS1_0280_slice_18_z084.png,Non_Demented/OAS1_0280/OAS1_0280_slice_18_z084.png,Non-Demented/OAS1_0280/OAS1_0280_slice_18_z084.png,OAS1_0280,Non-Demented,0,2,Mild Dementia,0,-16.509726362358048,-3.555360465122683,57.54958310068439,-1.5661222144924896
OASIS_1,LinearSVM,47,test,rician_noise__severe,rician_noise,severe,D:\OASIS_1\distortions_128\rician_noise\severe\Non_Demented\OAS1_0280\OAS1_0280_slice_19_z086.png,Non_Demented/OAS1_0280/OAS1_0280_slice_19_z086.png,Non-Demented/OAS1_0280/OAS1_0280_slice_19_z086.png,OAS1_0280,Non-Demented,0,2,Mild Dementia,0,-20.534429325863105,-13.419618879676392,84.7387076522011,-3.984445024141591
OASIS_1,LinearSVM,47,test,rician_noise__severe,rician_noise,severe,D:\OASIS_1\distortions_128\rician_noise\severe\Non_Demented\OAS1_0280\OAS1_0280_slice_20_z089.png,Non_Demented/OAS1_0280/OAS1_0280_slice_20_z089.png,Non-Demented/OAS1_0280/OAS1_0280_slice_20_z089.png,OAS1_0280,Non-Demented,0,2,Mild Dementia,0,-24.880887868103954,-0.9099783056434765,55.944762349234075,-1.4568122822614096
OASIS_1,LinearSVM,47,test,rician_noise__severe,rician_noise,severe,D:\OASIS_1\distortions_128\rician_noise\severe\Non_Demented\OAS1_0309\OAS1_0309_slice_01_z038.png,Non_Demented/OAS1_0309/OAS1_0309_slice_01_z038.png,Non-Demented/OAS1_0309/OAS1_0309_slice_01_z038.png,OAS1_0309,Non-Demented,0,2,Mild Dementia,0,-20.34865956845535,-13.09259373383966,80.42452469557723,-3.7855249661476638
OASIS_1,LinearSVM,47,test,rician_noise__severe,rician_noise,severe,D:\OASIS_1\distortions_128\rician_noise\severe\Non_Demented\OAS1_0309\OAS1_0309_slice_02_z041.png,Non_Demented/OAS1_0309/OAS1_0309_slice_02_z041.png,Non-Demented/OAS1_0309/OAS1_0309_slice_02_z041.png,OAS1_0309,Non-Demented,0,2,Mild Dementia,0,-25.508828450948627,21.83776085880517,49.98023878903457,-1.624961719100806
OASIS_1,LinearSVM,47,test,rician_noise__severe,rician_noise,severe,D:\OASIS_1\distortions_128\rician_noise\severe\Non_Demented\OAS1_0309\OAS1_0309_slice_03_z043.png,Non_Demented/OAS1_0309/OAS1_0309_slice_03_z043.png,Non-Demented/OAS1_0309/OAS1_0309_slice_03_z043.png,OAS1_0309,Non-Demented,0,2,Mild Dementia,0,-14.604723360842609,-9.111270407604017,63.087552639239256,-2.905224207170197
OASIS_1,LinearSVM,47,test,rician_noise__severe,rician_noise,severe,D:\OASIS_1\distortions_128\rician_noise\severe\Non_Demented\OAS1_0309\OAS1_0309_slice_04_z046.png,Non_Demented/OAS1_0309/OAS1_0309_slice_04_z046.png,Non-Demented/OAS1_0309/OAS1_0309_slice_04_z046.png,OAS1_0309,Non-Demented,0,2,Mild Dementia,0,-12.271730795781018,-0.9181980976132413,52.11271032246848,-2.3941501624370933
OASIS_1,LinearSVM,47,test,rician_noise__severe,rician_noise,severe,D:\OASIS_1\distortions_128\rician_noise\severe\Non_Demented\OAS1_0309\OAS1_0309_slice_05_z049.png,Non_Demented/OAS1_0309/OAS1_0309_slice_05_z049.png,Non-Demented/OAS1_0309/OAS1_0309_slice_05_z049.png,OAS1_0309,Non-Demented,0,2,Mild Dementia,0,-16.064398625965705,-1.4569243142959385,52.32317168862475,-2.170805532801692
OASIS_1,LinearSVM,47,test,rician_noise__severe,rician_noise,severe,D:\OASIS_1\distortions_128\rician_noise\severe\Non_Demented\OAS1_0309\OAS1_0309_slice_06_z051.png,Non_Demented/OAS1_0309/OAS1_0309_slice_06_z051.png,Non-Demented/OAS1_0309/OAS1_0309_slice_06_z051.png,OAS1_0309,Non-Demented,0,2,Mild Dementia,0,-17.574198287256646,14.437002347137584,53.55240733096335,-2.554329215821131
OASIS_1,LinearSVM,47,test,rician_noise__severe,rician_noise,severe,D:\OASIS_1\distortions_128\rician_noise\severe\Non_Demented\OAS1_0309\OAS1_0309_slice_07_z054.png,Non_Demented/OAS1_0309/OAS1_0309_slice_07_z054.png,Non-Demented/OAS1_0309/OAS1_0309_slice_07_z054.png,OAS1_0309,Non-Demented,0,2,Mild Dementia,0,-14.777771027572753,-9.508166210546518,63.87388938395707,-3.4251896660647203
OASIS_1,LinearSVM,47,test,rician_noise__severe,rician_noise,severe,D:\OASIS_1\distortions_128\rician_noise\severe\Non_Demented\OAS1_0309\OAS1_0309_slice_08_z057.png,Non_Demented/OAS1_0309/OAS1_0309_slice_08_z057.png,Non-Demented/OAS1_0309/OAS1_0309_slice_08_z057.png,OAS1_0309,Non-Demented,0,2,Mild Dementia,0,-22.108095321197254,-3.9793387896831502,76.34808470143318,-2.6870745462010026
OASIS_1,LinearSVM,47,test,rician_noise__severe,rician_noise,severe,D:\OASIS_1\distortions_128\rician_noise\severe\Non_Demented\OAS1_0309\OAS1_0309_slice_09_z059.png,Non_Demented/OAS1_0309/OAS1_0309_slice_09_z059.png,Non-Demented/OAS1_0309/OAS1_0309_slice_09_z059.png,OAS1_0309,Non-Demented,0,2,Mild Dementia,0,-19.134325877247743,-9.28595998145465,73.77775374511472,-3.5015678669779566
OASIS_1,LinearSVM,47,test,rician_noise__severe,rician_noise,severe,D:\OASIS_1\distortions_128\rician_noise\severe\Non_Demented\OAS1_0309\OAS1_0309_slice_10_z062.png,Non_Demented/OAS1_0309/OAS1_0309_slice_10_z062.png,Non-Demented/OAS1_0309/OAS1_0309_slice_10_z062.png,OAS1_0309,Non-Demented,0,2,Mild Dementia,0,-20.2959918486837,-7.97553864895525,64.45858168703667,-2.023879818476484
OASIS_1,LinearSVM,47,test,rician_noise__severe,rician_noise,severe,D:\OASIS_1\distortions_128\rician_noise\severe\Non_Demented\OAS1_0309\OAS1_0309_slice_11_z065.png,Non_Demented/OAS1_0309/OAS1_0309_slice_11_z065.png,Non-Demented/OAS1_0309/OAS1_0309_slice_11_z065.png,OAS1_0309,Non-Demented,0,2,Mild Dementia,0,-18.39252654410519,-15.798854492960022,72.86828614682354,-2.3482204336908947
OASIS_1,LinearSVM,47,test,rician_noise__severe,rician_noise,severe,D:\OASIS_1\distortions_128\rician_noise\severe\Non_Demented\OAS1_0309\OAS1_0309_slice_12_z068.png,Non_Demented/OAS1_0309/OAS1_0309_slice_12_z068.png,Non-Demented/OAS1_0309/OAS1_0309_slice_12_z068.png,OAS1_0309,Non-Demented,0,2,Mild Dementia,0,-17.74239085718916,-32.373660547923926,88.07791876477063,-3.0422872578308935
OASIS_1,LinearSVM,47,test,rician_noise__severe,rician_noise,severe,D:\OASIS_1\distortions_128\rician_noise\severe\Non_Demented\OAS1_0309\OAS1_0309_slice_13_z070.png,Non_Demented/OAS1_0309/OAS1_0309_slice_13_z070.png,Non-Demented/OAS1_0309/OAS1_0309_slice_13_z070.png,OAS1_0309,Non-Demented,0,2,Mild Dementia,0,-20.98552684300269,-0.9666958694798575,60.46890460113451,-1.1732480369938372
OASIS_1,LinearSVM,47,test,rician_noise__severe,rician_noise,severe,D:\OASIS_1\distortions_128\rician_noise\severe\Non_Demented\OAS1_0309\OAS1_0309_slice_14_z073.png,Non_Demented/OAS1_0309/OAS1_0309_slice_14_z073.png,Non-Demented/OAS1_0309/OAS1_0309_slice_14_z073.png,OAS1_0309,Non-Demented,0,2,Mild Dementia,0,-16.614592116805934,-15.919218492313265,73.81216185427529,-2.5211450429820834
OASIS_1,LinearSVM,47,test,rician_noise__severe,rician_noise,severe,D:\OASIS_1\distortions_128\rician_noise\severe\Non_Demented\OAS1_0309\OAS1_0309_slice_15_z076.png,Non_Demented/OAS1_0309/OAS1_0309_slice_15_z076.png,Non-Demented/OAS1_0309/OAS1_0309_slice_15_z076.png,OAS1_0309,Non-Demented,0,2,Mild Dementia,0,-16.37262632850733,-8.930056562182171,66.43258259448558,-2.7050199589715875
OASIS_1,LinearSVM,47,test,rician_noise__severe,rician_noise,severe,D:\OASIS_1\distortions_128\rician_noise\severe\Non_Demented\OAS1_0309\OAS1_0309_slice_16_z078.png,Non_Demented/OAS1_0309/OAS1_0309_slice_16_z078.png,Non-Demented/OAS1_0309/OAS1_0309_slice_16_z078.png,OAS1_0309,Non-Demented,0,2,Mild Dementia,0,-16.279004183734944,-5.028169668664531,66.01362633177374,-2.2030682298318123
OASIS_1,LinearSVM,47,test,rician_noise__severe,rician_noise,severe,D:\OASIS_1\distortions_128\rician_noise\severe\Non_Demented\OAS1_0309\OAS1_0309_slice_17_z081.png,Non_Demented/OAS1_0309/OAS1_0309_slice_17_z081.png,Non-Demented/OAS1_0309/OAS1_0309_slice_17_z081.png,OAS1_0309,Non-Demented,0,2,Mild Dementia,0,-17.352050606595935,19.5228411047499,44.574600046072995,-2.7678664873232632
OASIS_1,LinearSVM,47,test,rician_noise__severe,rician_noise,severe,D:\OASIS_1\distortions_128\rician_noise\severe\Non_Demented\OAS1_0309\OAS1_0309_slice_18_z084.png,Non_Demented/OAS1_0309/OAS1_0309_slice_18_z084.png,Non-Demented/OAS1_0309/OAS1_0309_slice_18_z084.png,OAS1_0309,Non-Demented,0,2,Mild Dementia,0,-23.365285828211718,2.9461447221261485,57.0120003456609,-1.2625430289972588
OASIS_1,LinearSVM,47,test,rician_noise__severe,rician_noise,severe,D:\OASIS_1\distortions_128\rician_noise\severe\Non_Demented\OAS1_0309\OAS1_0309_slice_19_z086.png,Non_Demented/OAS1_0309/OAS1_0309_slice_19_z086.png,Non-Demented/OAS1_0309/OAS1_0309_slice_19_z086.png,OAS1_0309,Non-Demented,0,2,Mild Dementia,0,-18.475479464535873,1.8443941730828852,63.544118638004015,-3.0074991054709193
OASIS_1,LinearSVM,47,test,rician_noise__severe,rician_noise,severe,D:\OASIS_1\distortions_128\rician_noise\severe\Non_Demented\OAS1_0309\OAS1_0309_slice_20_z089.png,Non_Demented/OAS1_0309/OAS1_0309_slice_20_z089.png,Non-Demented/OAS1_0309/OAS1_0309_slice_20_z089.png,OAS1_0309,Non-Demented,0,2,Mild Dementia,0,-17.632887828957518,1.1195460456496695,61.833601075053544,-3.283273136880478
OASIS_1,LinearSVM,47,test,rician_noise__severe,rician_noise,severe,D:\OASIS_1\distortions_128\rician_noise\severe\Non_Demented\OAS1_0323\OAS1_0323_slice_01_z038.png,Non_Demented/OAS1_0323/OAS1_0323_slice_01_z038.png,Non-Demented/OAS1_0323/OAS1_0323_slice_01_z038.png,OAS1_0323,Non-Demented,0,2,Mild Dementia,0,-16.587590666375082,-10.87782754836931,78.76699064933236,-3.6552951798579354
OASIS_1,LinearSVM,47,test,rician_noise__severe,rician_noise,severe,D:\OASIS_1\distortions_128\rician_noise\severe\Non_Demented\OAS1_0323\OAS1_0323_slice_02_z041.png,Non_Demented/OAS1_0323/OAS1_0323_slice_02_z041.png,Non-Demented/OAS1_0323/OAS1_0323_slice_02_z041.png,OAS1_0323,Non-Demented,0,2,Mild Dementia,0,-26.308797306028826,4.832162013577633,79.70072724003352,-3.67435327614231
OASIS_1,LinearSVM,47,test,rician_noise__severe,rician_noise,severe,D:\OASIS_1\distortions_128\rician_noise\severe\Non_Demented\OAS1_0323\OAS1_0323_slice_03_z043.png,Non_Demented/OAS1_0323/OAS1_0323_slice_03_z043.png,Non-Demented/OAS1_0323/OAS1_0323_slice_03_z043.png,OAS1_0323,Non-Demented,0,2,Mild Dementia,0,-17.849910150255024,12.852018593130914,49.001626939852734,-2.7858068201800736
OASIS_1,LinearSVM,47,test,rician_noise__severe,rician_noise,severe,D:\OASIS_1\distortions_128\rician_noise\severe\Non_Demented\OAS1_0323\OAS1_0323_slice_04_z046.png,Non_Demented/OAS1_0323/OAS1_0323_slice_04_z046.png,Non-Demented/OAS1_0323/OAS1_0323_slice_04_z046.png,OAS1_0323,Non-Demented,0,2,Mild Dementia,0,-21.41290592918636,-7.486573613930006,68.68215929361092,-1.3280613900159293
OASIS_1,LinearSVM,47,test,rician_noise__severe,rician_noise,severe,D:\OASIS_1\distortions_128\rician_noise\severe\Non_Demented\OAS1_0323\OAS1_0323_slice_05_z049.png,Non_Demented/OAS1_0323/OAS1_0323_slice_05_z049.png,Non-Demented/OAS1_0323/OAS1_0323_slice_05_z049.png,OAS1_0323,Non-Demented,0,2,Mild Dementia,0,-24.74903320869709,15.92482181150697,57.79405458135283,-2.424245615711679
OASIS_1,LinearSVM,47,test,rician_noise__severe,rician_noise,severe,D:\OASIS_1\distortions_128\rician_noise\severe\Non_Demented\OAS1_0323\OAS1_0323_slice_06_z051.png,Non_Demented/OAS1_0323/OAS1_0323_slice_06_z051.png,Non-Demented/OAS1_0323/OAS1_0323_slice_06_z051.png,OAS1_0323,Non-Demented,0,2,Mild Dementia,0,-22.468019732236698,2.616483201632632,52.143098381337666,-1.734391134676042
OASIS_1,LinearSVM,47,test,rician_noise__severe,rician_noise,severe,D:\OASIS_1\distortions_128\rician_noise\severe\Non_Demented\OAS1_0323\OAS1_0323_slice_07_z054.png,Non_Demented/OAS1_0323/OAS1_0323_slice_07_z054.png,Non-Demented/OAS1_0323/OAS1_0323_slice_07_z054.png,OAS1_0323,Non-Demented,0,2,Mild Dementia,0,-20.607717267478023,-22.545759809394177,85.65307142080695,-2.091927873771386
OASIS_1,LinearSVM,47,test,rician_noise__severe,rician_noise,severe,D:\OASIS_1\distortions_128\rician_noise\severe\Non_Demented\OAS1_0323\OAS1_0323_slice_08_z057.png,Non_Demented/OAS1_0323/OAS1_0323_slice_08_z057.png,Non-Demented/OAS1_0323/OAS1_0323_slice_08_z057.png,OAS1_0323,Non-Demented,0,2,Mild Dementia,0,-20.07117652821514,0.5575484450951693,65.90558568050281,-1.7347130852529091
OASIS_1,LinearSVM,47,test,rician_noise__severe,rician_noise,severe,D:\OASIS_1\distortions_128\rician_noise\severe\Non_Demented\OAS1_0323\OAS1_0323_slice_09_z059.png,Non_Demented/OAS1_0323/OAS1_0323_slice_09_z059.png,Non-Demented/OAS1_0323/OAS1_0323_slice_09_z059.png,OAS1_0323,Non-Demented,0,2,Mild Dementia,0,-18.886640834897715,-5.529024573475417,68.92562016780879,-2.0053147282394654
OASIS_1,LinearSVM,47,test,rician_noise__severe,rician_noise,severe,D:\OASIS_1\distortions_128\rician_noise\severe\Non_Demented\OAS1_0323\OAS1_0323_slice_10_z062.png,Non_Demented/OAS1_0323/OAS1_0323_slice_10_z062.png,Non-Demented/OAS1_0323/OAS1_0323_slice_10_z062.png,OAS1_0323,Non-Demented,0,2,Mild Dementia,0,-16.55835835268539,-17.014004956827222,80.25898884226024,-2.4372180394498066
OASIS_1,LinearSVM,47,test,rician_noise__severe,rician_noise,severe,D:\OASIS_1\distortions_128\rician_noise\severe\Non_Demented\OAS1_0323\OAS1_0323_slice_11_z065.png,Non_Demented/OAS1_0323/OAS1_0323_slice_11_z065.png,Non-Demented/OAS1_0323/OAS1_0323_slice_11_z065.png,OAS1_0323,Non-Demented,0,2,Mild Dementia,0,-13.741960417457188,3.7221466818022853,51.20170605302336,-3.397839357826922
OASIS_1,LinearSVM,47,test,rician_noise__severe,rician_noise,severe,D:\OASIS_1\distortions_128\rician_noise\severe\Non_Demented\OAS1_0323\OAS1_0323_slice_12_z068.png,Non_Demented/OAS1_0323/OAS1_0323_slice_12_z068.png,Non-Demented/OAS1_0323/OAS1_0323_slice_12_z068.png,OAS1_0323,Non-Demented,0,2,Mild Dementia,0,-27.21820615226759,6.4674217571611505,68.59586294806269,-3.501481281448557
OASIS_1,LinearSVM,47,test,rician_noise__severe,rician_noise,severe,D:\OASIS_1\distortions_128\rician_noise\severe\Non_Demented\OAS1_0323\OAS1_0323_slice_13_z070.png,Non_Demented/OAS1_0323/OAS1_0323_slice_13_z070.png,Non-Demented/OAS1_0323/OAS1_0323_slice_13_z070.png,OAS1_0323,Non-Demented,0,2,Mild Dementia,0,-24.017633908390202,23.434084736270023,44.88130871323059,-2.0291442357198615
OASIS_1,LinearSVM,47,test,rician_noise__severe,rician_noise,severe,D:\OASIS_1\distortions_128\rician_noise\severe\Non_Demented\OAS1_0323\OAS1_0323_slice_14_z073.png,Non_Demented/OAS1_0323/OAS1_0323_slice_14_z073.png,Non-Demented/OAS1_0323/OAS1_0323_slice_14_z073.png,OAS1_0323,Non-Demented,0,2,Mild Dementia,0,-24.98721398211055,-1.78302466071447,70.72846819534124,-1.820395078564268
OASIS_1,LinearSVM,47,test,rician_noise__severe,rician_noise,severe,D:\OASIS_1\distortions_128\rician_noise\severe\Non_Demented\OAS1_0323\OAS1_0323_slice_15_z076.png,Non_Demented/OAS1_0323/OAS1_0323_slice_15_z076.png,Non-Demented/OAS1_0323/OAS1_0323_slice_15_z076.png,OAS1_0323,Non-Demented,0,2,Mild Dementia,0,-22.358727588025335,7.977157834950915,65.51400148839733,-1.8731980109576032
OASIS_1,LinearSVM,47,test,rician_noise__severe,rician_noise,severe,D:\OASIS_1\distortions_128\rician_noise\severe\Non_Demented\OAS1_0323\OAS1_0323_slice_16_z078.png,Non_Demented/OAS1_0323/OAS1_0323_slice_16_z078.png,Non-Demented/OAS1_0323/OAS1_0323_slice_16_z078.png,OAS1_0323,Non-Demented,0,2,Mild Dementia,0,-19.88415319594742,-12.32437105736872,78.13588206083723,-3.2803231109747406
OASIS_1,LinearSVM,47,test,rician_noise__severe,rician_noise,severe,D:\OASIS_1\distortions_128\rician_noise\severe\Non_Demented\OAS1_0323\OAS1_0323_slice_17_z081.png,Non_Demented/OAS1_0323/OAS1_0323_slice_17_z081.png,Non-Demented/OAS1_0323/OAS1_0323_slice_17_z081.png,OAS1_0323,Non-Demented,0,2,Mild Dementia,0,-21.14275636194012,5.900490004088664,60.1626861959348,-2.5686332576131035
OASIS_1,LinearSVM,47,test,rician_noise__severe,rician_noise,severe,D:\OASIS_1\distortions_128\rician_noise\severe\Non_Demented\OAS1_0323\OAS1_0323_slice_18_z084.png,Non_Demented/OAS1_0323/OAS1_0323_slice_18_z084.png,Non-Demented/OAS1_0323/OAS1_0323_slice_18_z084.png,OAS1_0323,Non-Demented,0,2,Mild Dementia,0,-21.496998094567854,0.48766529559101546,62.59163926726084,-1.587182036864241
OASIS_1,LinearSVM,47,test,rician_noise__severe,rician_noise,severe,D:\OASIS_1\distortions_128\rician_noise\severe\Non_Demented\OAS1_0323\OAS1_0323_slice_19_z086.png,Non_Demented/OAS1_0323/OAS1_0323_slice_19_z086.png,Non-Demented/OAS1_0323/OAS1_0323_slice_19_z086.png,OAS1_0323,Non-Demented,0,2,Mild Dementia,0,-13.808320996757164,-1.2156002727943056,52.51806150529132,-0.864012807905074
OASIS_1,LinearSVM,47,test,rician_noise__severe,rician_noise,severe,D:\OASIS_1\distortions_128\rician_noise\severe\Non_Demented\OAS1_0323\OAS1_0323_slice_20_z089.png,Non_Demented/OAS1_0323/OAS1_0323_slice_20_z089.png,Non-Demented/OAS1_0323/OAS1_0323_slice_20_z089.png,OAS1_0323,Non-Demented,0,2,Mild Dementia,0,-21.713800639075036,8.79273157629219,55.381768147646234,-3.4562860488330047
OASIS_1,LinearSVM,47,test,rician_noise__severe,rician_noise,severe,D:\OASIS_1\distortions_128\rician_noise\severe\Non_Demented\OAS1_0343\OAS1_0343_slice_01_z038.png,Non_Demented/OAS1_0343/OAS1_0343_slice_01_z038.png,Non-Demented/OAS1_0343/OAS1_0343_slice_01_z038.png,OAS1_0343,Non-Demented,0,2,Mild Dementia,0,-23.155284442543635,-2.4552381934589205,74.39770584442627,-2.337767765289108
OASIS_1,LinearSVM,47,test,rician_noise__severe,rician_noise,severe,D:\OASIS_1\distortions_128\rician_noise\severe\Non_Demented\OAS1_0343\OAS1_0343_slice_02_z041.png,Non_Demented/OAS1_0343/OAS1_0343_slice_02_z041.png,Non-Demented/OAS1_0343/OAS1_0343_slice_02_z041.png,OAS1_0343,Non-Demented,0,2,Mild Dementia,0,-26.524202710396242,-8.281910594953464,78.55919985580248,-0.6796100541541941
OASIS_1,LinearSVM,47,test,rician_noise__severe,rician_noise,severe,D:\OASIS_1\distortions_128\rician_noise\severe\Non_Demented\OAS1_0343\OAS1_0343_slice_03_z043.png,Non_Demented/OAS1_0343/OAS1_0343_slice_03_z043.png,Non-Demented/OAS1_0343/OAS1_0343_slice_03_z043.png,OAS1_0343,Non-Demented,0,2,Mild Dementia,0,-22.099827487408845,12.182934915747818,59.18625909282174,-1.1394275938753449
OASIS_1,LinearSVM,47,test,rician_noise__severe,rician_noise,severe,D:\OASIS_1\distortions_128\rician_noise\severe\Non_Demented\OAS1_0343\OAS1_0343_slice_04_z046.png,Non_Demented/OAS1_0343/OAS1_0343_slice_04_z046.png,Non-Demented/OAS1_0343/OAS1_0343_slice_04_z046.png,OAS1_0343,Non-Demented,0,2,Mild Dementia,0,-17.74275472446981,-1.4781761588003262,57.35539302010276,-1.2999091040986894
OASIS_1,LinearSVM,47,test,rician_noise__severe,rician_noise,severe,D:\OASIS_1\distortions_128\rician_noise\severe\Non_Demented\OAS1_0343\OAS1_0343_slice_05_z049.png,Non_Demented/OAS1_0343/OAS1_0343_slice_05_z049.png,Non-Demented/OAS1_0343/OAS1_0343_slice_05_z049.png,OAS1_0343,Non-Demented,0,2,Mild Dementia,0,-19.50148301506741,-8.973590016148977,73.60093259864482,-3.036288161607736
OASIS_1,LinearSVM,47,test,rician_noise__severe,rician_noise,severe,D:\OASIS_1\distortions_128\rician_noise\severe\Non_Demented\OAS1_0343\OAS1_0343_slice_06_z051.png,Non_Demented/OAS1_0343/OAS1_0343_slice_06_z051.png,Non-Demented/OAS1_0343/OAS1_0343_slice_06_z051.png,OAS1_0343,Non-Demented,0,2,Mild Dementia,0,-27.10742290408938,30.043406561523554,42.372800032773526,-2.5270376619210975
OASIS_1,LinearSVM,47,test,rician_noise__severe,rician_noise,severe,D:\OASIS_1\distortions_128\rician_noise\severe\Non_Demented\OAS1_0343\OAS1_0343_slice_07_z054.png,Non_Demented/OAS1_0343/OAS1_0343_slice_07_z054.png,Non-Demented/OAS1_0343/OAS1_0343_slice_07_z054.png,OAS1_0343,Non-Demented,0,2,Mild Dementia,0,-15.899466437904376,-2.382140040590172,52.45337545949427,-1.9435050879111897
OASIS_1,LinearSVM,47,test,rician_noise__severe,rician_noise,severe,D:\OASIS_1\distortions_128\rician_noise\severe\Non_Demented\OAS1_0343\OAS1_0343_slice_08_z057.png,Non_Demented/OAS1_0343/OAS1_0343_slice_08_z057.png,Non-Demented/OAS1_0343/OAS1_0343_slice_08_z057.png,OAS1_0343,Non-Demented,0,2,Mild Dementia,0,-24.46555379091348,0.9671917324757784,67.87785539812164,-3.2120763172147404
OASIS_1,LinearSVM,47,test,rician_noise__severe,rician_noise,severe,D:\OASIS_1\distortions_128\rician_noise\severe\Non_Demented\OAS1_0343\OAS1_0343_slice_09_z059.png,Non_Demented/OAS1_0343/OAS1_0343_slice_09_z059.png,Non-Demented/OAS1_0343/OAS1_0343_slice_09_z059.png,OAS1_0343,Non-Demented,0,2,Mild Dementia,0,-14.740759279622448,-5.4091903687540865,50.399765159718925,-1.0336025046890474
OASIS_1,LinearSVM,47,test,rician_noise__severe,rician_noise,severe,D:\OASIS_1\distortions_128\rician_noise\severe\Non_Demented\OAS1_0343\OAS1_0343_slice_10_z062.png,Non_Demented/OAS1_0343/OAS1_0343_slice_10_z062.png,Non-Demented/OAS1_0343/OAS1_0343_slice_10_z062.png,OAS1_0343,Non-Demented,0,2,Mild Dementia,0,-17.382670106020992,-5.855215773218295,71.09852532793948,-3.025823943950532
OASIS_1,LinearSVM,47,test,rician_noise__severe,rician_noise,severe,D:\OASIS_1\distortions_128\rician_noise\severe\Non_Demented\OAS1_0343\OAS1_0343_slice_11_z065.png,Non_Demented/OAS1_0343/OAS1_0343_slice_11_z065.png,Non-Demented/OAS1_0343/OAS1_0343_slice_11_z065.png,OAS1_0343,Non-Demented,0,2,Mild Dementia,0,-15.126500256518867,-0.438862933841782,59.56031685953048,-3.7973343192589173
OASIS_1,LinearSVM,47,test,rician_noise__severe,rician_noise,severe,D:\OASIS_1\distortions_128\rician_noise\severe\Non_Demented\OAS1_0343\OAS1_0343_slice_12_z068.png,Non_Demented/OAS1_0343/OAS1_0343_slice_12_z068.png,Non-Demented/OAS1_0343/OAS1_0343_slice_12_z068.png,OAS1_0343,Non-Demented,0,2,Mild Dementia,0,-19.657593021764253,-5.876025024186736,66.35078066724678,-2.568562262564695
OASIS_1,LinearSVM,47,test,rician_noise__severe,rician_noise,severe,D:\OASIS_1\distortions_128\rician_noise\severe\Non_Demented\OAS1_0343\OAS1_0343_slice_13_z070.png,Non_Demented/OAS1_0343/OAS1_0343_slice_13_z070.png,Non-Demented/OAS1_0343/OAS1_0343_slice_13_z070.png,OAS1_0343,Non-Demented,0,2,Mild Dementia,0,-15.51937129916233,-1.957637415389315,60.54358916155268,-0.7971644965910503
OASIS_1,LinearSVM,47,test,rician_noise__severe,rician_noise,severe,D:\OASIS_1\distortions_128\rician_noise\severe\Non_Demented\OAS1_0343\OAS1_0343_slice_14_z073.png,Non_Demented/OAS1_0343/OAS1_0343_slice_14_z073.png,Non-Demented/OAS1_0343/OAS1_0343_slice_14_z073.png,OAS1_0343,Non-Demented,0,2,Mild Dementia,0,-24.355569632723373,13.944099292319658,64.3210461045638,-1.4816456863780039
OASIS_1,LinearSVM,47,test,rician_noise__severe,rician_noise,severe,D:\OASIS_1\distortions_128\rician_noise\severe\Non_Demented\OAS1_0343\OAS1_0343_slice_15_z076.png,Non_Demented/OAS1_0343/OAS1_0343_slice_15_z076.png,Non-Demented/OAS1_0343/OAS1_0343_slice_15_z076.png,OAS1_0343,Non-Demented,0,2,Mild Dementia,0,-24.607164768983015,7.144872314836838,59.316545554321586,-0.6113009713996117
OASIS_1,LinearSVM,47,test,rician_noise__severe,rician_noise,severe,D:\OASIS_1\distortions_128\rician_noise\severe\Non_Demented\OAS1_0343\OAS1_0343_slice_16_z078.png,Non_Demented/OAS1_0343/OAS1_0343_slice_16_z078.png,Non-Demented/OAS1_0343/OAS1_0343_slice_16_z078.png,OAS1_0343,Non-Demented,0,2,Mild Dementia,0,-25.517740114922454,9.052852971151333,59.42202352077036,-1.6844811374486497
OASIS_1,LinearSVM,47,test,rician_noise__severe,rician_noise,severe,D:\OASIS_1\distortions_128\rician_noise\severe\Non_Demented\OAS1_0343\OAS1_0343_slice_17_z081.png,Non_Demented/OAS1_0343/OAS1_0343_slice_17_z081.png,Non-Demented/OAS1_0343/OAS1_0343_slice_17_z081.png,OAS1_0343,Non-Demented,0,2,Mild Dementia,0,-17.184920387275337,1.685710663430119,55.5978687446613,-3.4741274209340087
OASIS_1,LinearSVM,47,test,rician_noise__severe,rician_noise,severe,D:\OASIS_1\distortions_128\rician_noise\severe\Non_Demented\OAS1_0343\OAS1_0343_slice_18_z084.png,Non_Demented/OAS1_0343/OAS1_0343_slice_18_z084.png,Non-Demented/OAS1_0343/OAS1_0343_slice_18_z084.png,OAS1_0343,Non-Demented,0,2,Mild Dementia,0,-23.026310370080832,5.401261477641799,56.65845470543174,-1.135755426199967
OASIS_1,LinearSVM,47,test,rician_noise__severe,rician_noise,severe,D:\OASIS_1\distortions_128\rician_noise\severe\Non_Demented\OAS1_0343\OAS1_0343_slice_19_z086.png,Non_Demented/OAS1_0343/OAS1_0343_slice_19_z086.png,Non-Demented/OAS1_0343/OAS1_0343_slice_19_z086.png,OAS1_0343,Non-Demented,0,2,Mild Dementia,0,-19.548083894020017,5.312506766907613,56.32519831174096,-2.7149251540819104
OASIS_1,LinearSVM,47,test,rician_noise__severe,rician_noise,severe,D:\OASIS_1\distortions_128\rician_noise\severe\Non_Demented\OAS1_0343\OAS1_0343_slice_20_z089.png,Non_Demented/OAS1_0343/OAS1_0343_slice_20_z089.png,Non-Demented/OAS1_0343/OAS1_0343_slice_20_z089.png,OAS1_0343,Non-Demented,0,2,Mild Dementia,0,-19.263655294201858,18.57137096501293,54.92722232815967,-3.452823088628561
OASIS_1,LinearSVM,47,test,rician_noise__severe,rician_noise,severe,D:\OASIS_1\distortions_128\rician_noise\severe\Non_Demented\OAS1_0367\OAS1_0367_slice_01_z038.png,Non_Demented/OAS1_0367/OAS1_0367_slice_01_z038.png,Non-Demented/OAS1_0367/OAS1_0367_slice_01_z038.png,OAS1_0367,Non-Demented,0,2,Mild Dementia,0,-20.045458101984263,-8.032200991075428,67.7999398697351,-1.173435076711764
OASIS_1,LinearSVM,47,test,rician_noise__severe,rician_noise,severe,D:\OASIS_1\distortions_128\rician_noise\severe\Non_Demented\OAS1_0367\OAS1_0367_slice_02_z041.png,Non_Demented/OAS1_0367/OAS1_0367_slice_02_z041.png,Non-Demented/OAS1_0367/OAS1_0367_slice_02_z041.png,OAS1_0367,Non-Demented,0,2,Mild Dementia,0,-14.162009277355988,-0.15256115802806477,52.370278279640615,-4.334980720089503
OASIS_1,LinearSVM,47,test,rician_noise__severe,rician_noise,severe,D:\OASIS_1\distortions_128\rician_noise\severe\Non_Demented\OAS1_0367\OAS1_0367_slice_03_z043.png,Non_Demented/OAS1_0367/OAS1_0367_slice_03_z043.png,Non-Demented/OAS1_0367/OAS1_0367_slice_03_z043.png,OAS1_0367,Non-Demented,0,2,Mild Dementia,0,-17.31590286718976,0.11532894269801466,55.43462290461316,-2.3559527544043366
OASIS_1,LinearSVM,47,test,rician_noise__severe,rician_noise,severe,D:\OASIS_1\distortions_128\rician_noise\severe\Non_Demented\OAS1_0367\OAS1_0367_slice_04_z046.png,Non_Demented/OAS1_0367/OAS1_0367_slice_04_z046.png,Non-Demented/OAS1_0367/OAS1_0367_slice_04_z046.png,OAS1_0367,Non-Demented,0,2,Mild Dementia,0,-16.326274186394357,2.8161507808743105,55.752406627901976,-2.6872989787342014
OASIS_1,LinearSVM,47,test,rician_noise__severe,rician_noise,severe,D:\OASIS_1\distortions_128\rician_noise\severe\Non_Demented\OAS1_0367\OAS1_0367_slice_05_z049.png,Non_Demented/OAS1_0367/OAS1_0367_slice_05_z049.png,Non-Demented/OAS1_0367/OAS1_0367_slice_05_z049.png,OAS1_0367,Non-Demented,0,2,Mild Dementia,0,-26.23286486329554,29.895559280190184,46.752798209356044,-1.9870708674570845
OASIS_1,LinearSVM,47,test,rician_noise__severe,rician_noise,severe,D:\OASIS_1\distortions_128\rician_noise\severe\Non_Demented\OAS1_0367\OAS1_0367_slice_06_z051.png,Non_Demented/OAS1_0367/OAS1_0367_slice_06_z051.png,Non-Demented/OAS1_0367/OAS1_0367_slice_06_z051.png,OAS1_0367,Non-Demented,0,2,Mild Dementia,0,-25.500827487856245,0.5701027628224393,68.49513334248815,-1.5126946110297932
OASIS_1,LinearSVM,47,test,rician_noise__severe,rician_noise,severe,D:\OASIS_1\distortions_128\rician_noise\severe\Non_Demented\OAS1_0367\OAS1_0367_slice_07_z054.png,Non_Demented/OAS1_0367/OAS1_0367_slice_07_z054.png,Non-Demented/OAS1_0367/OAS1_0367_slice_07_z054.png,OAS1_0367,Non-Demented,0,2,Mild Dementia,0,-24.788158366225236,16.05133579233962,60.9342727042408,-0.9090677367739491
OASIS_1,LinearSVM,47,test,rician_noise__severe,rician_noise,severe,D:\OASIS_1\distortions_128\rician_noise\severe\Non_Demented\OAS1_0367\OAS1_0367_slice_08_z057.png,Non_Demented/OAS1_0367/OAS1_0367_slice_08_z057.png,Non-Demented/OAS1_0367/OAS1_0367_slice_08_z057.png,OAS1_0367,Non-Demented,0,2,Mild Dementia,0,-20.741260204698744,6.306546139304488,54.051722692545226,-2.906230359405547
OASIS_1,LinearSVM,47,test,rician_noise__severe,rician_noise,severe,D:\OASIS_1\distortions_128\rician_noise\severe\Non_Demented\OAS1_0367\OAS1_0367_slice_09_z059.png,Non_Demented/OAS1_0367/OAS1_0367_slice_09_z059.png,Non-Demented/OAS1_0367/OAS1_0367_slice_09_z059.png,OAS1_0367,Non-Demented,0,2,Mild Dementia,0,-17.266607246263593,4.9171520933744715,51.20953557841496,-2.2122450089418315
OASIS_1,LinearSVM,47,test,rician_noise__severe,rician_noise,severe,D:\OASIS_1\distortions_128\rician_noise\severe\Non_Demented\OAS1_0367\OAS1_0367_slice_10_z062.png,Non_Demented/OAS1_0367/OAS1_0367_slice_10_z062.png,Non-Demented/OAS1_0367/OAS1_0367_slice_10_z062.png,OAS1_0367,Non-Demented,0,2,Mild Dementia,0,-17.192377915032946,-7.31324423410559,69.20555508585116,-2.925872653738494
OASIS_1,LinearSVM,47,test,rician_noise__severe,rician_noise,severe,D:\OASIS_1\distortions_128\rician_noise\severe\Non_Demented\OAS1_0367\OAS1_0367_slice_11_z065.png,Non_Demented/OAS1_0367/OAS1_0367_slice_11_z065.png,Non-Demented/OAS1_0367/OAS1_0367_slice_11_z065.png,OAS1_0367,Non-Demented,0,2,Mild Dementia,0,-25.23306990120423,15.78458896499457,52.72411701726826,-2.6755691518347464
OASIS_1,LinearSVM,47,test,rician_noise__severe,rician_noise,severe,D:\OASIS_1\distortions_128\rician_noise\severe\Non_Demented\OAS1_0367\OAS1_0367_slice_12_z068.png,Non_Demented/OAS1_0367/OAS1_0367_slice_12_z068.png,Non-Demented/OAS1_0367/OAS1_0367_slice_12_z068.png,OAS1_0367,Non-Demented,0,2,Mild Dementia,0,-24.183317494914053,11.411048246869774,51.75659640024317,-0.6283372842551516
OASIS_1,LinearSVM,47,test,rician_noise__severe,rician_noise,severe,D:\OASIS_1\distortions_128\rician_noise\severe\Non_Demented\OAS1_0367\OAS1_0367_slice_13_z070.png,Non_Demented/OAS1_0367/OAS1_0367_slice_13_z070.png,Non-Demented/OAS1_0367/OAS1_0367_slice_13_z070.png,OAS1_0367,Non-Demented,0,2,Mild Dementia,0,-19.176571791449987,2.548013892156354,59.708161683081315,-2.640080519081291
OASIS_1,LinearSVM,47,test,rician_noise__severe,rician_noise,severe,D:\OASIS_1\distortions_128\rician_noise\severe\Non_Demented\OAS1_0367\OAS1_0367_slice_14_z073.png,Non_Demented/OAS1_0367/OAS1_0367_slice_14_z073.png,Non-Demented/OAS1_0367/OAS1_0367_slice_14_z073.png,OAS1_0367,Non-Demented,0,2,Mild Dementia,0,-26.083371917819846,5.519963001395211,72.0367984160767,-3.7028075198534607
OASIS_1,LinearSVM,47,test,rician_noise__severe,rician_noise,severe,D:\OASIS_1\distortions_128\rician_noise\severe\Non_Demented\OAS1_0367\OAS1_0367_slice_15_z076.png,Non_Demented/OAS1_0367/OAS1_0367_slice_15_z076.png,Non-Demented/OAS1_0367/OAS1_0367_slice_15_z076.png,OAS1_0367,Non-Demented,0,2,Mild Dementia,0,-19.71352060235912,-3.2306966547703295,66.7560813062441,-1.2252121875416206
OASIS_1,LinearSVM,47,test,rician_noise__severe,rician_noise,severe,D:\OASIS_1\distortions_128\rician_noise\severe\Non_Demented\OAS1_0367\OAS1_0367_slice_16_z078.png,Non_Demented/OAS1_0367/OAS1_0367_slice_16_z078.png,Non-Demented/OAS1_0367/OAS1_0367_slice_16_z078.png,OAS1_0367,Non-Demented,0,2,Mild Dementia,0,-19.914985597526147,7.365331590540735,53.87292746144907,-2.190084843784705
OASIS_1,LinearSVM,47,test,rician_noise__severe,rician_noise,severe,D:\OASIS_1\distortions_128\rician_noise\severe\Non_Demented\OAS1_0367\OAS1_0367_slice_17_z081.png,Non_Demented/OAS1_0367/OAS1_0367_slice_17_z081.png,Non-Demented/OAS1_0367/OAS1_0367_slice_17_z081.png,OAS1_0367,Non-Demented,0,2,Mild Dementia,0,-19.25182871105009,9.15787837026002,48.12224522782063,-2.849891816617298
OASIS_1,LinearSVM,47,test,rician_noise__severe,rician_noise,severe,D:\OASIS_1\distortions_128\rician_noise\severe\Non_Demented\OAS1_0367\OAS1_0367_slice_18_z084.png,Non_Demented/OAS1_0367/OAS1_0367_slice_18_z084.png,Non-Demented/OAS1_0367/OAS1_0367_slice_18_z084.png,OAS1_0367,Non-Demented,0,2,Mild Dementia,0,-16.23417116333805,0.9546577558789435,61.312415429992804,-3.3268157561629765
OASIS_1,LinearSVM,47,test,rician_noise__severe,rician_noise,severe,D:\OASIS_1\distortions_128\rician_noise\severe\Non_Demented\OAS1_0367\OAS1_0367_slice_19_z086.png,Non_Demented/OAS1_0367/OAS1_0367_slice_19_z086.png,Non-Demented/OAS1_0367/OAS1_0367_slice_19_z086.png,OAS1_0367,Non-Demented,0,2,Mild Dementia,0,-14.835102687939436,-7.023123901887607,61.236147696220605,-3.2396210566009573
OASIS_1,LinearSVM,47,test,rician_noise__severe,rician_noise,severe,D:\OASIS_1\distortions_128\rician_noise\severe\Non_Demented\OAS1_0367\OAS1_0367_slice_20_z089.png,Non_Demented/OAS1_0367/OAS1_0367_slice_20_z089.png,Non-Demented/OAS1_0367/OAS1_0367_slice_20_z089.png,OAS1_0367,Non-Demented,0,2,Mild Dementia,0,-21.935327491621702,-15.434188587716234,82.6584288758001,-2.9903654559909825
OASIS_1,LinearSVM,47,test,rician_noise__severe,rician_noise,severe,D:\OASIS_1\distortions_128\rician_noise\severe\Non_Demented\OAS1_0371\OAS1_0371_slice_01_z038.png,Non_Demented/OAS1_0371/OAS1_0371_slice_01_z038.png,Non-Demented/OAS1_0371/OAS1_0371_slice_01_z038.png,OAS1_0371,Non-Demented,0,2,Mild Dementia,0,-27.8608876448576,14.63472151179659,66.32775469889147,-2.376536755727435
OASIS_1,LinearSVM,47,test,rician_noise__severe,rician_noise,severe,D:\OASIS_1\distortions_128\rician_noise\severe\Non_Demented\OAS1_0371\OAS1_0371_slice_02_z041.png,Non_Demented/OAS1_0371/OAS1_0371_slice_02_z041.png,Non-Demented/OAS1_0371/OAS1_0371_slice_02_z041.png,OAS1_0371,Non-Demented,0,2,Mild Dementia,0,-13.78204277872419,-19.076553958801163,73.44349777769088,-1.4924921030854765
OASIS_1,LinearSVM,47,test,rician_noise__severe,rician_noise,severe,D:\OASIS_1\distortions_128\rician_noise\severe\Non_Demented\OAS1_0371\OAS1_0371_slice_03_z043.png,Non_Demented/OAS1_0371/OAS1_0371_slice_03_z043.png,Non-Demented/OAS1_0371/OAS1_0371_slice_03_z043.png,OAS1_0371,Non-Demented,0,2,Mild Dementia,0,-14.587073694075311,-12.84909479264714,75.06765277444073,-3.599669815905255
OASIS_1,LinearSVM,47,test,rician_noise__severe,rician_noise,severe,D:\OASIS_1\distortions_128\rician_noise\severe\Non_Demented\OAS1_0371\OAS1_0371_slice_04_z046.png,Non_Demented/OAS1_0371/OAS1_0371_slice_04_z046.png,Non-Demented/OAS1_0371/OAS1_0371_slice_04_z046.png,OAS1_0371,Non-Demented,0,2,Mild Dementia,0,-20.320631202394726,-6.637633379683597,66.51508208505862,-1.3519963678632443
OASIS_1,LinearSVM,47,test,rician_noise__severe,rician_noise,severe,D:\OASIS_1\distortions_128\rician_noise\severe\Non_Demented\OAS1_0371\OAS1_0371_slice_05_z049.png,Non_Demented/OAS1_0371/OAS1_0371_slice_05_z049.png,Non-Demented/OAS1_0371/OAS1_0371_slice_05_z049.png,OAS1_0371,Non-Demented,0,2,Mild Dementia,0,-15.134233413798203,-16.902836792516183,69.59787937812206,-3.5887167771210278
OASIS_1,LinearSVM,47,test,rician_noise__severe,rician_noise,severe,D:\OASIS_1\distortions_128\rician_noise\severe\Non_Demented\OAS1_0371\OAS1_0371_slice_06_z051.png,Non_Demented/OAS1_0371/OAS1_0371_slice_06_z051.png,Non-Demented/OAS1_0371/OAS1_0371_slice_06_z051.png,OAS1_0371,Non-Demented,0,2,Mild Dementia,0,-19.09011864760175,-18.294377049952715,69.02032488119667,-1.1975589482071287
OASIS_1,LinearSVM,47,test,rician_noise__severe,rician_noise,severe,D:\OASIS_1\distortions_128\rician_noise\severe\Non_Demented\OAS1_0371\OAS1_0371_slice_07_z054.png,Non_Demented/OAS1_0371/OAS1_0371_slice_07_z054.png,Non-Demented/OAS1_0371/OAS1_0371_slice_07_z054.png,OAS1_0371,Non-Demented,0,2,Mild Dementia,0,-19.21473963577354,-9.118774932996248,71.49227829689062,-0.2550679566631775
OASIS_1,LinearSVM,47,test,rician_noise__severe,rician_noise,severe,D:\OASIS_1\distortions_128\rician_noise\severe\Non_Demented\OAS1_0371\OAS1_0371_slice_08_z057.png,Non_Demented/OAS1_0371/OAS1_0371_slice_08_z057.png,Non-Demented/OAS1_0371/OAS1_0371_slice_08_z057.png,OAS1_0371,Non-Demented,0,2,Mild Dementia,0,-21.386870332657008,17.052220749552575,49.33482641587687,-1.9574330293728246
OASIS_1,LinearSVM,47,test,rician_noise__severe,rician_noise,severe,D:\OASIS_1\distortions_128\rician_noise\severe\Non_Demented\OAS1_0371\OAS1_0371_slice_09_z059.png,Non_Demented/OAS1_0371/OAS1_0371_slice_09_z059.png,Non-Demented/OAS1_0371/OAS1_0371_slice_09_z059.png,OAS1_0371,Non-Demented,0,2,Mild Dementia,0,-19.6776519200217,23.270946123877422,43.63342427347825,-2.686415083145538
OASIS_1,LinearSVM,47,test,rician_noise__severe,rician_noise,severe,D:\OASIS_1\distortions_128\rician_noise\severe\Non_Demented\OAS1_0371\OAS1_0371_slice_10_z062.png,Non_Demented/OAS1_0371/OAS1_0371_slice_10_z062.png,Non-Demented/OAS1_0371/OAS1_0371_slice_10_z062.png,OAS1_0371,Non-Demented,0,2,Mild Dementia,0,-19.536265052135295,-13.149322866391632,70.2989133623141,-1.366448057892381
OASIS_1,LinearSVM,47,test,rician_noise__severe,rician_noise,severe,D:\OASIS_1\distortions_128\rician_noise\severe\Non_Demented\OAS1_0371\OAS1_0371_slice_11_z065.png,Non_Demented/OAS1_0371/OAS1_0371_slice_11_z065.png,Non-Demented/OAS1_0371/OAS1_0371_slice_11_z065.png,OAS1_0371,Non-Demented,0,2,Mild Dementia,0,-29.204244411973,11.91938442656211,62.50469806693436,-1.3735212999704904
OASIS_1,LinearSVM,47,test,rician_noise__severe,rician_noise,severe,D:\OASIS_1\distortions_128\rician_noise\severe\Non_Demented\OAS1_0371\OAS1_0371_slice_12_z068.png,Non_Demented/OAS1_0371/OAS1_0371_slice_12_z068.png,Non-Demented/OAS1_0371/OAS1_0371_slice_12_z068.png,OAS1_0371,Non-Demented,0,2,Mild Dementia,0,-16.41915053351168,-12.761589128529291,66.2623151149441,-2.679794278659317
OASIS_1,LinearSVM,47,test,rician_noise__severe,rician_noise,severe,D:\OASIS_1\distortions_128\rician_noise\severe\Non_Demented\OAS1_0371\OAS1_0371_slice_13_z070.png,Non_Demented/OAS1_0371/OAS1_0371_slice_13_z070.png,Non-Demented/OAS1_0371/OAS1_0371_slice_13_z070.png,OAS1_0371,Non-Demented,0,2,Mild Dementia,0,-18.543312399359362,-12.584581579684588,64.16542185719153,-1.5124412293114762
OASIS_1,LinearSVM,47,test,rician_noise__severe,rician_noise,severe,D:\OASIS_1\distortions_128\rician_noise\severe\Non_Demented\OAS1_0371\OAS1_0371_slice_14_z073.png,Non_Demented/OAS1_0371/OAS1_0371_slice_14_z073.png,Non-Demented/OAS1_0371/OAS1_0371_slice_14_z073.png,OAS1_0371,Non-Demented,0,2,Mild Dementia,0,-14.668096201704056,-9.066345718625668,61.021026916867875,-2.650358115191497
OASIS_1,LinearSVM,47,test,rician_noise__severe,rician_noise,severe,D:\OASIS_1\distortions_128\rician_noise\severe\Non_Demented\OAS1_0371\OAS1_0371_slice_15_z076.png,Non_Demented/OAS1_0371/OAS1_0371_slice_15_z076.png,Non-Demented/OAS1_0371/OAS1_0371_slice_15_z076.png,OAS1_0371,Non-Demented,0,2,Mild Dementia,0,-14.775710399041728,-2.099468174134901,67.59117374321005,-3.5472378252121652
OASIS_1,LinearSVM,47,test,rician_noise__severe,rician_noise,severe,D:\OASIS_1\distortions_128\rician_noise\severe\Non_Demented\OAS1_0371\OAS1_0371_slice_16_z078.png,Non_Demented/OAS1_0371/OAS1_0371_slice_16_z078.png,Non-Demented/OAS1_0371/OAS1_0371_slice_16_z078.png,OAS1_0371,Non-Demented,0,2,Mild Dementia,0,-17.403045837859416,-0.03143640142578527,53.10912387694653,-1.6704245388075416
OASIS_1,LinearSVM,47,test,rician_noise__severe,rician_noise,severe,D:\OASIS_1\distortions_128\rician_noise\severe\Non_Demented\OAS1_0371\OAS1_0371_slice_17_z081.png,Non_Demented/OAS1_0371/OAS1_0371_slice_17_z081.png,Non-Demented/OAS1_0371/OAS1_0371_slice_17_z081.png,OAS1_0371,Non-Demented,0,2,Mild Dementia,0,-30.277161939655013,15.361791095038225,63.11978629966557,-3.228744741844287
OASIS_1,LinearSVM,47,test,rician_noise__severe,rician_noise,severe,D:\OASIS_1\distortions_128\rician_noise\severe\Non_Demented\OAS1_0371\OAS1_0371_slice_18_z084.png,Non_Demented/OAS1_0371/OAS1_0371_slice_18_z084.png,Non-Demented/OAS1_0371/OAS1_0371_slice_18_z084.png,OAS1_0371,Non-Demented,0,2,Mild Dementia,0,-24.848565867785812,10.83540497936811,55.9982185079547,-1.8373580699846694
OASIS_1,LinearSVM,47,test,rician_noise__severe,rician_noise,severe,D:\OASIS_1\distortions_128\rician_noise\severe\Non_Demented\OAS1_0371\OAS1_0371_slice_19_z086.png,Non_Demented/OAS1_0371/OAS1_0371_slice_19_z086.png,Non-Demented/OAS1_0371/OAS1_0371_slice_19_z086.png,OAS1_0371,Non-Demented,0,2,Mild Dementia,0,-22.97906951830144,-1.4309537129347474,75.16151553088767,-3.1445607912422053
OASIS_1,LinearSVM,47,test,rician_noise__severe,rician_noise,severe,D:\OASIS_1\distortions_128\rician_noise\severe\Non_Demented\OAS1_0371\OAS1_0371_slice_20_z089.png,Non_Demented/OAS1_0371/OAS1_0371_slice_20_z089.png,Non-Demented/OAS1_0371/OAS1_0371_slice_20_z089.png,OAS1_0371,Non-Demented,0,2,Mild Dementia,0,-23.247240429407338,-11.220367022374129,84.90520785458331,-2.779274758999824
OASIS_1,LinearSVM,47,test,rician_noise__severe,rician_noise,severe,D:\OASIS_1\distortions_128\rician_noise\severe\Non_Demented\OAS1_0381\OAS1_0381_slice_01_z038.png,Non_Demented/OAS1_0381/OAS1_0381_slice_01_z038.png,Non-Demented/OAS1_0381/OAS1_0381_slice_01_z038.png,OAS1_0381,Non-Demented,0,2,Mild Dementia,0,-19.18955540426242,-7.187223932635827,75.61766280234752,-2.354945831033051
OASIS_1,LinearSVM,47,test,rician_noise__severe,rician_noise,severe,D:\OASIS_1\distortions_128\rician_noise\severe\Non_Demented\OAS1_0381\OAS1_0381_slice_02_z041.png,Non_Demented/OAS1_0381/OAS1_0381_slice_02_z041.png,Non-Demented/OAS1_0381/OAS1_0381_slice_02_z041.png,OAS1_0381,Non-Demented,0,2,Mild Dementia,0,-25.109453522082692,-0.5158416645817772,73.46889100935114,-1.8401462137701603
OASIS_1,LinearSVM,47,test,rician_noise__severe,rician_noise,severe,D:\OASIS_1\distortions_128\rician_noise\severe\Non_Demented\OAS1_0381\OAS1_0381_slice_03_z043.png,Non_Demented/OAS1_0381/OAS1_0381_slice_03_z043.png,Non-Demented/OAS1_0381/OAS1_0381_slice_03_z043.png,OAS1_0381,Non-Demented,0,2,Mild Dementia,0,-26.208854014143927,-7.37796475999692,96.1299385861615,-2.238966392679517
OASIS_1,LinearSVM,47,test,rician_noise__severe,rician_noise,severe,D:\OASIS_1\distortions_128\rician_noise\severe\Non_Demented\OAS1_0381\OAS1_0381_slice_04_z046.png,Non_Demented/OAS1_0381/OAS1_0381_slice_04_z046.png,Non-Demented/OAS1_0381/OAS1_0381_slice_04_z046.png,OAS1_0381,Non-Demented,0,2,Mild Dementia,0,-27.122716940811532,-9.65209028093836,106.54937625453647,-2.6477306939792293
OASIS_1,LinearSVM,47,test,rician_noise__severe,rician_noise,severe,D:\OASIS_1\distortions_128\rician_noise\severe\Non_Demented\OAS1_0381\OAS1_0381_slice_05_z049.png,Non_Demented/OAS1_0381/OAS1_0381_slice_05_z049.png,Non-Demented/OAS1_0381/OAS1_0381_slice_05_z049.png,OAS1_0381,Non-Demented,0,2,Mild Dementia,0,-20.021523065960995,2.069320294834612,74.07177653735675,-2.072428864977243
OASIS_1,LinearSVM,47,test,rician_noise__severe,rician_noise,severe,D:\OASIS_1\distortions_128\rician_noise\severe\Non_Demented\OAS1_0381\OAS1_0381_slice_06_z051.png,Non_Demented/OAS1_0381/OAS1_0381_slice_06_z051.png,Non-Demented/OAS1_0381/OAS1_0381_slice_06_z051.png,OAS1_0381,Non-Demented,0,2,Mild Dementia,0,-20.14934429933702,8.399460450944263,74.30432803148432,-1.8365455407804072
OASIS_1,LinearSVM,47,test,rician_noise__severe,rician_noise,severe,D:\OASIS_1\distortions_128\rician_noise\severe\Non_Demented\OAS1_0381\OAS1_0381_slice_07_z054.png,Non_Demented/OAS1_0381/OAS1_0381_slice_07_z054.png,Non-Demented/OAS1_0381/OAS1_0381_slice_07_z054.png,OAS1_0381,Non-Demented,0,2,Mild Dementia,0,-12.410046551111986,-2.750500366369521,63.874918861887515,-3.2210291059217404
OASIS_1,LinearSVM,47,test,rician_noise__severe,rician_noise,severe,D:\OASIS_1\distortions_128\rician_noise\severe\Non_Demented\OAS1_0381\OAS1_0381_slice_08_z057.png,Non_Demented/OAS1_0381/OAS1_0381_slice_08_z057.png,Non-Demented/OAS1_0381/OAS1_0381_slice_08_z057.png,OAS1_0381,Non-Demented,0,2,Mild Dementia,0,-11.996927149826291,-4.0956794706242805,70.3052130909768,-4.044012733705814
OASIS_1,LinearSVM,47,test,rician_noise__severe,rician_noise,severe,D:\OASIS_1\distortions_128\rician_noise\severe\Non_Demented\OAS1_0381\OAS1_0381_slice_09_z059.png,Non_Demented/OAS1_0381/OAS1_0381_slice_09_z059.png,Non-Demented/OAS1_0381/OAS1_0381_slice_09_z059.png,OAS1_0381,Non-Demented,0,2,Mild Dementia,0,-20.27633862800693,3.7776350674390384,71.51464733376297,-1.7603625319126948
OASIS_1,LinearSVM,47,test,rician_noise__severe,rician_noise,severe,D:\OASIS_1\distortions_128\rician_noise\severe\Non_Demented\OAS1_0381\OAS1_0381_slice_10_z062.png,Non_Demented/OAS1_0381/OAS1_0381_slice_10_z062.png,Non-Demented/OAS1_0381/OAS1_0381_slice_10_z062.png,OAS1_0381,Non-Demented,0,2,Mild Dementia,0,-14.07811146852595,-7.799564784013778,67.08614548362283,-4.188115894093735
OASIS_1,LinearSVM,47,test,rician_noise__severe,rician_noise,severe,D:\OASIS_1\distortions_128\rician_noise\severe\Non_Demented\OAS1_0381\OAS1_0381_slice_11_z065.png,Non_Demented/OAS1_0381/OAS1_0381_slice_11_z065.png,Non-Demented/OAS1_0381/OAS1_0381_slice_11_z065.png,OAS1_0381,Non-Demented,0,2,Mild Dementia,0,-23.915743407962687,23.628681903388326,62.842504292698166,-3.4405263982064334
OASIS_1,LinearSVM,47,test,rician_noise__severe,rician_noise,severe,D:\OASIS_1\distortions_128\rician_noise\severe\Non_Demented\OAS1_0381\OAS1_0381_slice_12_z068.png,Non_Demented/OAS1_0381/OAS1_0381_slice_12_z068.png,Non-Demented/OAS1_0381/OAS1_0381_slice_12_z068.png,OAS1_0381,Non-Demented,0,2,Mild Dementia,0,-13.69749719395719,-12.883086184175264,83.04017429053614,-3.225794532016158
OASIS_1,LinearSVM,47,test,rician_noise__severe,rician_noise,severe,D:\OASIS_1\distortions_128\rician_noise\severe\Non_Demented\OAS1_0381\OAS1_0381_slice_13_z070.png,Non_Demented/OAS1_0381/OAS1_0381_slice_13_z070.png,Non-Demented/OAS1_0381/OAS1_0381_slice_13_z070.png,OAS1_0381,Non-Demented,0,2,Mild Dementia,0,-10.569059981181598,-28.88548421185942,96.8652721999867,-1.8081273200060533
OASIS_1,LinearSVM,47,test,rician_noise__severe,rician_noise,severe,D:\OASIS_1\distortions_128\rician_noise\severe\Non_Demented\OAS1_0381\OAS1_0381_slice_14_z073.png,Non_Demented/OAS1_0381/OAS1_0381_slice_14_z073.png,Non-Demented/OAS1_0381/OAS1_0381_slice_14_z073.png,OAS1_0381,Non-Demented,0,2,Mild Dementia,0,-7.6930908824756035,-15.674741228991993,73.89487576288627,-1.841100568414837
OASIS_1,LinearSVM,47,test,rician_noise__severe,rician_noise,severe,D:\OASIS_1\distortions_128\rician_noise\severe\Non_Demented\OAS1_0381\OAS1_0381_slice_15_z076.png,Non_Demented/OAS1_0381/OAS1_0381_slice_15_z076.png,Non-Demented/OAS1_0381/OAS1_0381_slice_15_z076.png,OAS1_0381,Non-Demented,0,2,Mild Dementia,0,-24.557094240708963,1.6542592696114378,75.60286983400529,-0.7189418829736469
OASIS_1,LinearSVM,47,test,rician_noise__severe,rician_noise,severe,D:\OASIS_1\distortions_128\rician_noise\severe\Non_Demented\OAS1_0381\OAS1_0381_slice_16_z078.png,Non_Demented/OAS1_0381/OAS1_0381_slice_16_z078.png,Non-Demented/OAS1_0381/OAS1_0381_slice_16_z078.png,OAS1_0381,Non-Demented,0,2,Mild Dementia,0,-25.96957401070915,12.110540013109567,78.40650295316802,-3.8479763885722225
OASIS_1,LinearSVM,47,test,rician_noise__severe,rician_noise,severe,D:\OASIS_1\distortions_128\rician_noise\severe\Non_Demented\OAS1_0381\OAS1_0381_slice_17_z081.png,Non_Demented/OAS1_0381/OAS1_0381_slice_17_z081.png,Non-Demented/OAS1_0381/OAS1_0381_slice_17_z081.png,OAS1_0381,Non-Demented,0,2,Mild Dementia,0,-19.87694175711694,-18.667077859640386,89.03386818418669,-2.430513007611964
OASIS_1,LinearSVM,47,test,rician_noise__severe,rician_noise,severe,D:\OASIS_1\distortions_128\rician_noise\severe\Non_Demented\OAS1_0381\OAS1_0381_slice_18_z084.png,Non_Demented/OAS1_0381/OAS1_0381_slice_18_z084.png,Non-Demented/OAS1_0381/OAS1_0381_slice_18_z084.png,OAS1_0381,Non-Demented,0,2,Mild Dementia,0,-31.89417440245726,10.317678444058911,85.1623027188127,-1.535582948149053
OASIS_1,LinearSVM,47,test,rician_noise__severe,rician_noise,severe,D:\OASIS_1\distortions_128\rician_noise\severe\Non_Demented\OAS1_0381\OAS1_0381_slice_19_z086.png,Non_Demented/OAS1_0381/OAS1_0381_slice_19_z086.png,Non-Demented/OAS1_0381/OAS1_0381_slice_19_z086.png,OAS1_0381,Non-Demented,0,2,Mild Dementia,0,-21.234692843178244,-13.437552258105661,90.20228786303822,-3.76652725026268
OASIS_1,LinearSVM,47,test,rician_noise__severe,rician_noise,severe,D:\OASIS_1\distortions_128\rician_noise\severe\Non_Demented\OAS1_0381\OAS1_0381_slice_20_z089.png,Non_Demented/OAS1_0381/OAS1_0381_slice_20_z089.png,Non-Demented/OAS1_0381/OAS1_0381_slice_20_z089.png,OAS1_0381,Non-Demented,0,2,Mild Dementia,0,-21.884387695319138,-4.997059156576314,71.33539936010183,-2.8997052608127265
OASIS_1,LinearSVM,47,test,rician_noise__severe,rician_noise,severe,D:\OASIS_1\distortions_128\rician_noise\severe\Non_Demented\OAS1_0443\OAS1_0443_slice_01_z038.png,Non_Demented/OAS1_0443/OAS1_0443_slice_01_z038.png,Non-Demented/OAS1_0443/OAS1_0443_slice_01_z038.png,OAS1_0443,Non-Demented,0,2,Mild Dementia,0,-17.32064009640887,0.8682456369117544,50.87083415454084,-1.9830295203534662
OASIS_1,LinearSVM,47,test,rician_noise__severe,rician_noise,severe,D:\OASIS_1\distortions_128\rician_noise\severe\Non_Demented\OAS1_0443\OAS1_0443_slice_02_z041.png,Non_Demented/OAS1_0443/OAS1_0443_slice_02_z041.png,Non-Demented/OAS1_0443/OAS1_0443_slice_02_z041.png,OAS1_0443,Non-Demented,0,2,Mild Dementia,0,-29.26267580116156,14.78904040789607,56.19644566681446,-2.131857756502461
OASIS_1,LinearSVM,47,test,rician_noise__severe,rician_noise,severe,D:\OASIS_1\distortions_128\rician_noise\severe\Non_Demented\OAS1_0443\OAS1_0443_slice_03_z043.png,Non_Demented/OAS1_0443/OAS1_0443_slice_03_z043.png,Non-Demented/OAS1_0443/OAS1_0443_slice_03_z043.png,OAS1_0443,Non-Demented,0,2,Mild Dementia,0,-24.294225151517484,11.985425996616021,72.23635745999046,-3.7281830307434936
OASIS_1,LinearSVM,47,test,rician_noise__severe,rician_noise,severe,D:\OASIS_1\distortions_128\rician_noise\severe\Non_Demented\OAS1_0443\OAS1_0443_slice_04_z046.png,Non_Demented/OAS1_0443/OAS1_0443_slice_04_z046.png,Non-Demented/OAS1_0443/OAS1_0443_slice_04_z046.png,OAS1_0443,Non-Demented,0,2,Mild Dementia,0,-21.273768038638273,-5.235104493324498,68.17943654777119,-2.451856689200189
OASIS_1,LinearSVM,47,test,rician_noise__severe,rician_noise,severe,D:\OASIS_1\distortions_128\rician_noise\severe\Non_Demented\OAS1_0443\OAS1_0443_slice_05_z049.png,Non_Demented/OAS1_0443/OAS1_0443_slice_05_z049.png,Non-Demented/OAS1_0443/OAS1_0443_slice_05_z049.png,OAS1_0443,Non-Demented,0,2,Mild Dementia,0,-13.282348881948487,-29.31659190526553,79.17051013516604,-2.1730540264942415
OASIS_1,LinearSVM,47,test,rician_noise__severe,rician_noise,severe,D:\OASIS_1\distortions_128\rician_noise\severe\Non_Demented\OAS1_0443\OAS1_0443_slice_06_z051.png,Non_Demented/OAS1_0443/OAS1_0443_slice_06_z051.png,Non-Demented/OAS1_0443/OAS1_0443_slice_06_z051.png,OAS1_0443,Non-Demented,0,2,Mild Dementia,0,-23.314445087786073,2.032224597417046,60.338935043355015,-1.8999383515493458
OASIS_1,LinearSVM,47,test,rician_noise__severe,rician_noise,severe,D:\OASIS_1\distortions_128\rician_noise\severe\Non_Demented\OAS1_0443\OAS1_0443_slice_07_z054.png,Non_Demented/OAS1_0443/OAS1_0443_slice_07_z054.png,Non-Demented/OAS1_0443/OAS1_0443_slice_07_z054.png,OAS1_0443,Non-Demented,0,2,Mild Dementia,0,-21.669444343687275,5.4087523044140235,54.651016833029345,-1.331456076304494
OASIS_1,LinearSVM,47,test,rician_noise__severe,rician_noise,severe,D:\OASIS_1\distortions_128\rician_noise\severe\Non_Demented\OAS1_0443\OAS1_0443_slice_08_z057.png,Non_Demented/OAS1_0443/OAS1_0443_slice_08_z057.png,Non-Demented/OAS1_0443/OAS1_0443_slice_08_z057.png,OAS1_0443,Non-Demented,0,2,Mild Dementia,0,-29.608463143847683,10.918235077635124,70.35689614947559,-2.088844445437715
OASIS_1,LinearSVM,47,test,rician_noise__severe,rician_noise,severe,D:\OASIS_1\distortions_128\rician_noise\severe\Non_Demented\OAS1_0443\OAS1_0443_slice_09_z059.png,Non_Demented/OAS1_0443/OAS1_0443_slice_09_z059.png,Non-Demented/OAS1_0443/OAS1_0443_slice_09_z059.png,OAS1_0443,Non-Demented,0,2,Mild Dementia,0,-18.396716693698536,-31.42268747129147,83.51278778931376,-1.8637952751356246
OASIS_1,LinearSVM,47,test,rician_noise__severe,rician_noise,severe,D:\OASIS_1\distortions_128\rician_noise\severe\Non_Demented\OAS1_0443\OAS1_0443_slice_10_z062.png,Non_Demented/OAS1_0443/OAS1_0443_slice_10_z062.png,Non-Demented/OAS1_0443/OAS1_0443_slice_10_z062.png,OAS1_0443,Non-Demented,0,2,Mild Dementia,0,-23.404467217519,-1.7871957149191777,72.6420131984801,-3.491897287411902
OASIS_1,LinearSVM,47,test,rician_noise__severe,rician_noise,severe,D:\OASIS_1\distortions_128\rician_noise\severe\Non_Demented\OAS1_0443\OAS1_0443_slice_11_z065.png,Non_Demented/OAS1_0443/OAS1_0443_slice_11_z065.png,Non-Demented/OAS1_0443/OAS1_0443_slice_11_z065.png,OAS1_0443,Non-Demented,0,2,Mild Dementia,0,-13.094853568566975,-30.34275551683011,71.01247548277843,-2.6484512515712053
OASIS_1,LinearSVM,47,test,rician_noise__severe,rician_noise,severe,D:\OASIS_1\distortions_128\rician_noise\severe\Non_Demented\OAS1_0443\OAS1_0443_slice_12_z068.png,Non_Demented/OAS1_0443/OAS1_0443_slice_12_z068.png,Non-Demented/OAS1_0443/OAS1_0443_slice_12_z068.png,OAS1_0443,Non-Demented,0,2,Mild Dementia,0,-14.720994732654054,-8.125069331066783,61.941947530832095,-3.0305063476265364
OASIS_1,LinearSVM,47,test,rician_noise__severe,rician_noise,severe,D:\OASIS_1\distortions_128\rician_noise\severe\Non_Demented\OAS1_0443\OAS1_0443_slice_13_z070.png,Non_Demented/OAS1_0443/OAS1_0443_slice_13_z070.png,Non-Demented/OAS1_0443/OAS1_0443_slice_13_z070.png,OAS1_0443,Non-Demented,0,2,Mild Dementia,0,-21.55494620356587,-0.4581889477511103,61.970730035359345,-3.2560855230155674
OASIS_1,LinearSVM,47,test,rician_noise__severe,rician_noise,severe,D:\OASIS_1\distortions_128\rician_noise\severe\Non_Demented\OAS1_0443\OAS1_0443_slice_14_z073.png,Non_Demented/OAS1_0443/OAS1_0443_slice_14_z073.png,Non-Demented/OAS1_0443/OAS1_0443_slice_14_z073.png,OAS1_0443,Non-Demented,0,2,Mild Dementia,0,-20.48846945100034,-14.293307797309572,82.95295017169461,-2.519338336965366
OASIS_1,LinearSVM,47,test,rician_noise__severe,rician_noise,severe,D:\OASIS_1\distortions_128\rician_noise\severe\Non_Demented\OAS1_0443\OAS1_0443_slice_15_z076.png,Non_Demented/OAS1_0443/OAS1_0443_slice_15_z076.png,Non-Demented/OAS1_0443/OAS1_0443_slice_15_z076.png,OAS1_0443,Non-Demented,0,2,Mild Dementia,0,-23.76287211477101,-2.1871608361033923,69.85475058885898,-1.9309454712054681
OASIS_1,LinearSVM,47,test,rician_noise__severe,rician_noise,severe,D:\OASIS_1\distortions_128\rician_noise\severe\Non_Demented\OAS1_0443\OAS1_0443_slice_16_z078.png,Non_Demented/OAS1_0443/OAS1_0443_slice_16_z078.png,Non-Demented/OAS1_0443/OAS1_0443_slice_16_z078.png,OAS1_0443,Non-Demented,0,2,Mild Dementia,0,-17.512428144938262,-15.802125669432757,74.33641239709044,-1.3612795441348027
OASIS_1,LinearSVM,47,test,rician_noise__severe,rician_noise,severe,D:\OASIS_1\distortions_128\rician_noise\severe\Non_Demented\OAS1_0443\OAS1_0443_slice_17_z081.png,Non_Demented/OAS1_0443/OAS1_0443_slice_17_z081.png,Non-Demented/OAS1_0443/OAS1_0443_slice_17_z081.png,OAS1_0443,Non-Demented,0,2,Mild Dementia,0,-22.798702707316036,13.148938090850494,58.859497624133965,-3.1166477751992803
OASIS_1,LinearSVM,47,test,rician_noise__severe,rician_noise,severe,D:\OASIS_1\distortions_128\rician_noise\severe\Non_Demented\OAS1_0443\OAS1_0443_slice_18_z084.png,Non_Demented/OAS1_0443/OAS1_0443_slice_18_z084.png,Non-Demented/OAS1_0443/OAS1_0443_slice_18_z084.png,OAS1_0443,Non-Demented,0,2,Mild Dementia,0,-19.07993151979777,5.3453489889394925,54.81377587119982,-2.095152410668935
OASIS_1,LinearSVM,47,test,rician_noise__severe,rician_noise,severe,D:\OASIS_1\distortions_128\rician_noise\severe\Non_Demented\OAS1_0443\OAS1_0443_slice_19_z086.png,Non_Demented/OAS1_0443/OAS1_0443_slice_19_z086.png,Non-Demented/OAS1_0443/OAS1_0443_slice_19_z086.png,OAS1_0443,Non-Demented,0,2,Mild Dementia,0,-11.626349340071629,-30.98577739342875,75.96360781712465,-2.844545780701023
OASIS_1,LinearSVM,47,test,rician_noise__severe,rician_noise,severe,D:\OASIS_1\distortions_128\rician_noise\severe\Non_Demented\OAS1_0443\OAS1_0443_slice_20_z089.png,Non_Demented/OAS1_0443/OAS1_0443_slice_20_z089.png,Non-Demented/OAS1_0443/OAS1_0443_slice_20_z089.png,OAS1_0443,Non-Demented,0,2,Mild Dementia,0,-23.463489280733373,10.954957868203183,50.71363602729173,-3.0050748090780433
OASIS_1,LinearSVM,47,test,rician_noise__severe,rician_noise,severe,D:\OASIS_1\distortions_128\rician_noise\severe\Non_Demented\OAS1_0445\OAS1_0445_slice_01_z038.png,Non_Demented/OAS1_0445/OAS1_0445_slice_01_z038.png,Non-Demented/OAS1_0445/OAS1_0445_slice_01_z038.png,OAS1_0445,Non-Demented,0,2,Mild Dementia,0,-23.556032670120725,0.7546882108527884,74.66884355807768,-2.100064099831716
OASIS_1,LinearSVM,47,test,rician_noise__severe,rician_noise,severe,D:\OASIS_1\distortions_128\rician_noise\severe\Non_Demented\OAS1_0445\OAS1_0445_slice_02_z041.png,Non_Demented/OAS1_0445/OAS1_0445_slice_02_z041.png,Non-Demented/OAS1_0445/OAS1_0445_slice_02_z041.png,OAS1_0445,Non-Demented,0,2,Mild Dementia,0,-17.688037856935473,1.7118446937610026,61.15905887671321,-3.1040919855045255
OASIS_1,LinearSVM,47,test,rician_noise__severe,rician_noise,severe,D:\OASIS_1\distortions_128\rician_noise\severe\Non_Demented\OAS1_0445\OAS1_0445_slice_03_z043.png,Non_Demented/OAS1_0445/OAS1_0445_slice_03_z043.png,Non-Demented/OAS1_0445/OAS1_0445_slice_03_z043.png,OAS1_0445,Non-Demented,0,2,Mild Dementia,0,-10.457918521781512,-8.667440287699293,50.59814801968892,-1.1522440410785975
OASIS_1,LinearSVM,47,test,rician_noise__severe,rician_noise,severe,D:\OASIS_1\distortions_128\rician_noise\severe\Non_Demented\OAS1_0445\OAS1_0445_slice_04_z046.png,Non_Demented/OAS1_0445/OAS1_0445_slice_04_z046.png,Non-Demented/OAS1_0445/OAS1_0445_slice_04_z046.png,OAS1_0445,Non-Demented,0,2,Mild Dementia,0,-18.133734671412256,5.532329086364176,50.8957690391463,-1.7464924287576356
OASIS_1,LinearSVM,47,test,rician_noise__severe,rician_noise,severe,D:\OASIS_1\distortions_128\rician_noise\severe\Non_Demented\OAS1_0445\OAS1_0445_slice_05_z049.png,Non_Demented/OAS1_0445/OAS1_0445_slice_05_z049.png,Non-Demented/OAS1_0445/OAS1_0445_slice_05_z049.png,OAS1_0445,Non-Demented,0,2,Mild Dementia,0,-18.39995382359648,0.4488901906121976,61.54055953932512,-2.25060403923906
OASIS_1,LinearSVM,47,test,rician_noise__severe,rician_noise,severe,D:\OASIS_1\distortions_128\rician_noise\severe\Non_Demented\OAS1_0445\OAS1_0445_slice_06_z051.png,Non_Demented/OAS1_0445/OAS1_0445_slice_06_z051.png,Non-Demented/OAS1_0445/OAS1_0445_slice_06_z051.png,OAS1_0445,Non-Demented,0,2,Mild Dementia,0,-16.582502381152384,-8.65683867514669,58.11075909202278,-3.8438798836845756
OASIS_1,LinearSVM,47,test,rician_noise__severe,rician_noise,severe,D:\OASIS_1\distortions_128\rician_noise\severe\Non_Demented\OAS1_0445\OAS1_0445_slice_07_z054.png,Non_Demented/OAS1_0445/OAS1_0445_slice_07_z054.png,Non-Demented/OAS1_0445/OAS1_0445_slice_07_z054.png,OAS1_0445,Non-Demented,0,2,Mild Dementia,0,-22.521703549244645,5.3510748830756905,61.48929486326292,-3.168708818112229
OASIS_1,LinearSVM,47,test,rician_noise__severe,rician_noise,severe,D:\OASIS_1\distortions_128\rician_noise\severe\Non_Demented\OAS1_0445\OAS1_0445_slice_08_z057.png,Non_Demented/OAS1_0445/OAS1_0445_slice_08_z057.png,Non-Demented/OAS1_0445/OAS1_0445_slice_08_z057.png,OAS1_0445,Non-Demented,0,2,Mild Dementia,0,-18.477486137026897,1.9318683480775496,52.01308196894649,-1.0878712534728838
OASIS_1,LinearSVM,47,test,rician_noise__severe,rician_noise,severe,D:\OASIS_1\distortions_128\rician_noise\severe\Non_Demented\OAS1_0445\OAS1_0445_slice_09_z059.png,Non_Demented/OAS1_0445/OAS1_0445_slice_09_z059.png,Non-Demented/OAS1_0445/OAS1_0445_slice_09_z059.png,OAS1_0445,Non-Demented,0,2,Mild Dementia,0,-27.6781529692383,-3.7007618585932986,74.96132469203742,-2.064681312485615
OASIS_1,LinearSVM,47,test,rician_noise__severe,rician_noise,severe,D:\OASIS_1\distortions_128\rician_noise\severe\Non_Demented\OAS1_0445\OAS1_0445_slice_10_z062.png,Non_Demented/OAS1_0445/OAS1_0445_slice_10_z062.png,Non-Demented/OAS1_0445/OAS1_0445_slice_10_z062.png,OAS1_0445,Non-Demented,0,2,Mild Dementia,0,-22.249532181676035,-1.3408846930052762,59.87392539953164,-2.0874819056540854
OASIS_1,LinearSVM,47,test,rician_noise__severe,rician_noise,severe,D:\OASIS_1\distortions_128\rician_noise\severe\Non_Demented\OAS1_0445\OAS1_0445_slice_11_z065.png,Non_Demented/OAS1_0445/OAS1_0445_slice_11_z065.png,Non-Demented/OAS1_0445/OAS1_0445_slice_11_z065.png,OAS1_0445,Non-Demented,0,2,Mild Dementia,0,-21.144959080566924,-26.6275617485146,85.10621185997756,-2.8571112290705747
OASIS_1,LinearSVM,47,test,rician_noise__severe,rician_noise,severe,D:\OASIS_1\distortions_128\rician_noise\severe\Non_Demented\OAS1_0445\OAS1_0445_slice_12_z068.png,Non_Demented/OAS1_0445/OAS1_0445_slice_12_z068.png,Non-Demented/OAS1_0445/OAS1_0445_slice_12_z068.png,OAS1_0445,Non-Demented,0,2,Mild Dementia,0,-30.275980147910772,24.599879140386378,53.73655124289869,-2.476767109689848
OASIS_1,LinearSVM,47,test,rician_noise__severe,rician_noise,severe,D:\OASIS_1\distortions_128\rician_noise\severe\Non_Demented\OAS1_0445\OAS1_0445_slice_13_z070.png,Non_Demented/OAS1_0445/OAS1_0445_slice_13_z070.png,Non-Demented/OAS1_0445/OAS1_0445_slice_13_z070.png,OAS1_0445,Non-Demented,0,2,Mild Dementia,0,-19.84416840079799,10.382679827229163,50.179908887128946,-2.7034996084390865
OASIS_1,LinearSVM,47,test,rician_noise__severe,rician_noise,severe,D:\OASIS_1\distortions_128\rician_noise\severe\Non_Demented\OAS1_0445\OAS1_0445_slice_14_z073.png,Non_Demented/OAS1_0445/OAS1_0445_slice_14_z073.png,Non-Demented/OAS1_0445/OAS1_0445_slice_14_z073.png,OAS1_0445,Non-Demented,0,2,Mild Dementia,0,-15.946028675042268,-15.672653329258038,62.79884549069369,-0.8940992972523183
OASIS_1,LinearSVM,47,test,rician_noise__severe,rician_noise,severe,D:\OASIS_1\distortions_128\rician_noise\severe\Non_Demented\OAS1_0445\OAS1_0445_slice_15_z076.png,Non_Demented/OAS1_0445/OAS1_0445_slice_15_z076.png,Non-Demented/OAS1_0445/OAS1_0445_slice_15_z076.png,OAS1_0445,Non-Demented,0,2,Mild Dementia,0,-25.246812461046993,10.245135180245516,61.613095000121646,-1.3528515491568351
OASIS_1,LinearSVM,47,test,rician_noise__severe,rician_noise,severe,D:\OASIS_1\distortions_128\rician_noise\severe\Non_Demented\OAS1_0445\OAS1_0445_slice_16_z078.png,Non_Demented/OAS1_0445/OAS1_0445_slice_16_z078.png,Non-Demented/OAS1_0445/OAS1_0445_slice_16_z078.png,OAS1_0445,Non-Demented,0,2,Mild Dementia,0,-19.329198973772005,-9.708181632325951,68.00016497380902,-1.9635800291017227
OASIS_1,LinearSVM,47,test,rician_noise__severe,rician_noise,severe,D:\OASIS_1\distortions_128\rician_noise\severe\Non_Demented\OAS1_0445\OAS1_0445_slice_17_z081.png,Non_Demented/OAS1_0445/OAS1_0445_slice_17_z081.png,Non-Demented/OAS1_0445/OAS1_0445_slice_17_z081.png,OAS1_0445,Non-Demented,0,2,Mild Dementia,0,-20.023883735024423,10.216910094344303,58.30169497129998,-2.065107703668567
OASIS_1,LinearSVM,47,test,rician_noise__severe,rician_noise,severe,D:\OASIS_1\distortions_128\rician_noise\severe\Non_Demented\OAS1_0445\OAS1_0445_slice_18_z084.png,Non_Demented/OAS1_0445/OAS1_0445_slice_18_z084.png,Non-Demented/OAS1_0445/OAS1_0445_slice_18_z084.png,OAS1_0445,Non-Demented,0,2,Mild Dementia,0,-18.18211457994614,9.454911340851917,50.63925172887519,-2.041900642613144
OASIS_1,LinearSVM,47,test,rician_noise__severe,rician_noise,severe,D:\OASIS_1\distortions_128\rician_noise\severe\Non_Demented\OAS1_0445\OAS1_0445_slice_19_z086.png,Non_Demented/OAS1_0445/OAS1_0445_slice_19_z086.png,Non-Demented/OAS1_0445/OAS1_0445_slice_19_z086.png,OAS1_0445,Non-Demented,0,2,Mild Dementia,0,-24.5666837852161,17.636239574021836,52.88916275363335,-1.7155630130233628
OASIS_1,LinearSVM,47,test,rician_noise__severe,rician_noise,severe,D:\OASIS_1\distortions_128\rician_noise\severe\Non_Demented\OAS1_0445\OAS1_0445_slice_20_z089.png,Non_Demented/OAS1_0445/OAS1_0445_slice_20_z089.png,Non-Demented/OAS1_0445/OAS1_0445_slice_20_z089.png,OAS1_0445,Non-Demented,0,2,Mild Dementia,0,-18.998393769417063,-14.24468166820426,78.49897810611468,-1.927997538608647
OASIS_1,LinearSVM,47,test,rician_noise__severe,rician_noise,severe,D:\OASIS_1\distortions_128\rician_noise\severe\Very_Mild_Dementia\OAS1_0015\OAS1_0015_slice_01_z038.png,Very_Mild_Dementia/OAS1_0015/OAS1_0015_slice_01_z038.png,Very Mild Dementia/OAS1_0015/OAS1_0015_slice_01_z038.png,OAS1_0015,Very Mild Dementia,1,2,Mild Dementia,0,-19.38503692830606,3.637774419862784,63.139686957531204,-1.007417075495285
OASIS_1,LinearSVM,47,test,rician_noise__severe,rician_noise,severe,D:\OASIS_1\distortions_128\rician_noise\severe\Very_Mild_Dementia\OAS1_0015\OAS1_0015_slice_02_z041.png,Very_Mild_Dementia/OAS1_0015/OAS1_0015_slice_02_z041.png,Very Mild Dementia/OAS1_0015/OAS1_0015_slice_02_z041.png,OAS1_0015,Very Mild Dementia,1,2,Mild Dementia,0,-21.584043974335746,10.439395368706109,50.37038313384388,-1.2516595569309477
OASIS_1,LinearSVM,47,test,rician_noise__severe,rician_noise,severe,D:\OASIS_1\distortions_128\rician_noise\severe\Very_Mild_Dementia\OAS1_0015\OAS1_0015_slice_03_z043.png,Very_Mild_Dementia/OAS1_0015/OAS1_0015_slice_03_z043.png,Very Mild Dementia/OAS1_0015/OAS1_0015_slice_03_z043.png,OAS1_0015,Very Mild Dementia,1,2,Mild Dementia,0,-24.605116948752663,9.224199072943032,57.854413444748275,-3.042412215090832
OASIS_1,LinearSVM,47,test,rician_noise__severe,rician_noise,severe,D:\OASIS_1\distortions_128\rician_noise\severe\Very_Mild_Dementia\OAS1_0015\OAS1_0015_slice_04_z046.png,Very_Mild_Dementia/OAS1_0015/OAS1_0015_slice_04_z046.png,Very Mild Dementia/OAS1_0015/OAS1_0015_slice_04_z046.png,OAS1_0015,Very Mild Dementia,1,2,Mild Dementia,0,-17.279774164278145,-16.111902234230875,76.96434213327238,-3.217057486922351
OASIS_1,LinearSVM,47,test,rician_noise__severe,rician_noise,severe,D:\OASIS_1\distortions_128\rician_noise\severe\Very_Mild_Dementia\OAS1_0015\OAS1_0015_slice_05_z049.png,Very_Mild_Dementia/OAS1_0015/OAS1_0015_slice_05_z049.png,Very Mild Dementia/OAS1_0015/OAS1_0015_slice_05_z049.png,OAS1_0015,Very Mild Dementia,1,2,Mild Dementia,0,-21.90397595516736,-1.1913441498319193,57.81126143887207,-0.2757172442522827
OASIS_1,LinearSVM,47,test,rician_noise__severe,rician_noise,severe,D:\OASIS_1\distortions_128\rician_noise\severe\Very_Mild_Dementia\OAS1_0015\OAS1_0015_slice_06_z051.png,Very_Mild_Dementia/OAS1_0015/OAS1_0015_slice_06_z051.png,Very Mild Dementia/OAS1_0015/OAS1_0015_slice_06_z051.png,OAS1_0015,Very Mild Dementia,1,2,Mild Dementia,0,-22.49559426024867,2.8596121163787194,68.11904386216183,-1.4049772784219825
OASIS_1,LinearSVM,47,test,rician_noise__severe,rician_noise,severe,D:\OASIS_1\distortions_128\rician_noise\severe\Very_Mild_Dementia\OAS1_0015\OAS1_0015_slice_07_z054.png,Very_Mild_Dementia/OAS1_0015/OAS1_0015_slice_07_z054.png,Very Mild Dementia/OAS1_0015/OAS1_0015_slice_07_z054.png,OAS1_0015,Very Mild Dementia,1,2,Mild Dementia,0,-22.199796458404556,2.6174370959061504,64.6966341292349,-2.827918648127234
OASIS_1,LinearSVM,47,test,rician_noise__severe,rician_noise,severe,D:\OASIS_1\distortions_128\rician_noise\severe\Very_Mild_Dementia\OAS1_0015\OAS1_0015_slice_08_z057.png,Very_Mild_Dementia/OAS1_0015/OAS1_0015_slice_08_z057.png,Very Mild Dementia/OAS1_0015/OAS1_0015_slice_08_z057.png,OAS1_0015,Very Mild Dementia,1,2,Mild Dementia,0,-23.62996736904532,6.109839432113193,52.47949879537374,-1.6223046350659884
OASIS_1,LinearSVM,47,test,rician_noise__severe,rician_noise,severe,D:\OASIS_1\distortions_128\rician_noise\severe\Very_Mild_Dementia\OAS1_0015\OAS1_0015_slice_09_z059.png,Very_Mild_Dementia/OAS1_0015/OAS1_0015_slice_09_z059.png,Very Mild Dementia/OAS1_0015/OAS1_0015_slice_09_z059.png,OAS1_0015,Very Mild Dementia,1,2,Mild Dementia,0,-21.400482804464865,-5.35959338102916,55.91535431109428,-0.9702091056272202
OASIS_1,LinearSVM,47,test,rician_noise__severe,rician_noise,severe,D:\OASIS_1\distortions_128\rician_noise\severe\Very_Mild_Dementia\OAS1_0015\OAS1_0015_slice_10_z062.png,Very_Mild_Dementia/OAS1_0015/OAS1_0015_slice_10_z062.png,Very Mild Dementia/OAS1_0015/OAS1_0015_slice_10_z062.png,OAS1_0015,Very Mild Dementia,1,2,Mild Dementia,0,-23.080946963405726,9.25594557089203,44.59553782285824,-3.692009803647381
OASIS_1,LinearSVM,47,test,rician_noise__severe,rician_noise,severe,D:\OASIS_1\distortions_128\rician_noise\severe\Very_Mild_Dementia\OAS1_0015\OAS1_0015_slice_11_z065.png,Very_Mild_Dementia/OAS1_0015/OAS1_0015_slice_11_z065.png,Very Mild Dementia/OAS1_0015/OAS1_0015_slice_11_z065.png,OAS1_0015,Very Mild Dementia,1,2,Mild Dementia,0,-20.282522592757932,-9.747636678498345,65.12536653754945,-1.7543324726409935
OASIS_1,LinearSVM,47,test,rician_noise__severe,rician_noise,severe,D:\OASIS_1\distortions_128\rician_noise\severe\Very_Mild_Dementia\OAS1_0015\OAS1_0015_slice_12_z068.png,Very_Mild_Dementia/OAS1_0015/OAS1_0015_slice_12_z068.png,Very Mild Dementia/OAS1_0015/OAS1_0015_slice_12_z068.png,OAS1_0015,Very Mild Dementia,1,2,Mild Dementia,0,-27.215379560107518,20.261104636612544,46.21633655008681,-1.6312446801243585
OASIS_1,LinearSVM,47,test,rician_noise__severe,rician_noise,severe,D:\OASIS_1\distortions_128\rician_noise\severe\Very_Mild_Dementia\OAS1_0015\OAS1_0015_slice_13_z070.png,Very_Mild_Dementia/OAS1_0015/OAS1_0015_slice_13_z070.png,Very Mild Dementia/OAS1_0015/OAS1_0015_slice_13_z070.png,OAS1_0015,Very Mild Dementia,1,2,Mild Dementia,0,-24.780079524970944,-6.066487409385103,74.80192711146071,-1.499184148478684
OASIS_1,LinearSVM,47,test,rician_noise__severe,rician_noise,severe,D:\OASIS_1\distortions_128\rician_noise\severe\Very_Mild_Dementia\OAS1_0015\OAS1_0015_slice_14_z073.png,Very_Mild_Dementia/OAS1_0015/OAS1_0015_slice_14_z073.png,Very Mild Dementia/OAS1_0015/OAS1_0015_slice_14_z073.png,OAS1_0015,Very Mild Dementia,1,2,Mild Dementia,0,-26.931377900961923,18.33746632669747,49.34324165678023,-2.618694493377638
OASIS_1,LinearSVM,47,test,rician_noise__severe,rician_noise,severe,D:\OASIS_1\distortions_128\rician_noise\severe\Very_Mild_Dementia\OAS1_0015\OAS1_0015_slice_15_z076.png,Very_Mild_Dementia/OAS1_0015/OAS1_0015_slice_15_z076.png,Very Mild Dementia/OAS1_0015/OAS1_0015_slice_15_z076.png,OAS1_0015,Very Mild Dementia,1,2,Mild Dementia,0,-23.523685132070984,4.45433000186418,54.60456042038246,-0.9422832101442322
OASIS_1,LinearSVM,47,test,rician_noise__severe,rician_noise,severe,D:\OASIS_1\distortions_128\rician_noise\severe\Very_Mild_Dementia\OAS1_0015\OAS1_0015_slice_16_z078.png,Very_Mild_Dementia/OAS1_0015/OAS1_0015_slice_16_z078.png,Very Mild Dementia/OAS1_0015/OAS1_0015_slice_16_z078.png,OAS1_0015,Very Mild Dementia,1,2,Mild Dementia,0,-14.377842799397595,-9.329449059354832,72.98465324342294,-1.8864851258288484
OASIS_1,LinearSVM,47,test,rician_noise__severe,rician_noise,severe,D:\OASIS_1\distortions_128\rician_noise\severe\Very_Mild_Dementia\OAS1_0015\OAS1_0015_slice_17_z081.png,Very_Mild_Dementia/OAS1_0015/OAS1_0015_slice_17_z081.png,Very Mild Dementia/OAS1_0015/OAS1_0015_slice_17_z081.png,OAS1_0015,Very Mild Dementia,1,2,Mild Dementia,0,-31.732300713141644,15.888489834315614,69.9308977204421,-1.2871644663542763
OASIS_1,LinearSVM,47,test,rician_noise__severe,rician_noise,severe,D:\OASIS_1\distortions_128\rician_noise\severe\Very_Mild_Dementia\OAS1_0015\OAS1_0015_slice_18_z084.png,Very_Mild_Dementia/OAS1_0015/OAS1_0015_slice_18_z084.png,Very Mild Dementia/OAS1_0015/OAS1_0015_slice_18_z084.png,OAS1_0015,Very Mild Dementia,1,2,Mild Dementia,0,-25.78728305774801,20.26685837062535,55.746257827053974,-1.7331700338236211
OASIS_1,LinearSVM,47,test,rician_noise__severe,rician_noise,severe,D:\OASIS_1\distortions_128\rician_noise\severe\Very_Mild_Dementia\OAS1_0015\OAS1_0015_slice_19_z086.png,Very_Mild_Dementia/OAS1_0015/OAS1_0015_slice_19_z086.png,Very Mild Dementia/OAS1_0015/OAS1_0015_slice_19_z086.png,OAS1_0015,Very Mild Dementia,1,2,Mild Dementia,0,-31.980030032551756,4.796879531110707,72.33150466542692,-0.6998429269956268
OASIS_1,LinearSVM,47,test,rician_noise__severe,rician_noise,severe,D:\OASIS_1\distortions_128\rician_noise\severe\Very_Mild_Dementia\OAS1_0015\OAS1_0015_slice_20_z089.png,Very_Mild_Dementia/OAS1_0015/OAS1_0015_slice_20_z089.png,Very Mild Dementia/OAS1_0015/OAS1_0015_slice_20_z089.png,OAS1_0015,Very Mild Dementia,1,2,Mild Dementia,0,-23.882529315048348,6.1875744249703315,57.848961450847945,-0.6811148083405274
OASIS_1,LinearSVM,47,test,rician_noise__severe,rician_noise,severe,D:\OASIS_1\distortions_128\rician_noise\severe\Very_Mild_Dementia\OAS1_0022\OAS1_0022_slice_01_z038.png,Very_Mild_Dementia/OAS1_0022/OAS1_0022_slice_01_z038.png,Very Mild Dementia/OAS1_0022/OAS1_0022_slice_01_z038.png,OAS1_0022,Very Mild Dementia,1,2,Mild Dementia,0,-23.97639714019617,6.083906327333836,71.5414440259541,-1.7833061694360262
OASIS_1,LinearSVM,47,test,rician_noise__severe,rician_noise,severe,D:\OASIS_1\distortions_128\rician_noise\severe\Very_Mild_Dementia\OAS1_0022\OAS1_0022_slice_02_z041.png,Very_Mild_Dementia/OAS1_0022/OAS1_0022_slice_02_z041.png,Very Mild Dementia/OAS1_0022/OAS1_0022_slice_02_z041.png,OAS1_0022,Very Mild Dementia,1,2,Mild Dementia,0,-22.441806718490266,-8.811859049262855,81.15837957920097,-1.609369071179486
OASIS_1,LinearSVM,47,test,rician_noise__severe,rician_noise,severe,D:\OASIS_1\distortions_128\rician_noise\severe\Very_Mild_Dementia\OAS1_0022\OAS1_0022_slice_03_z043.png,Very_Mild_Dementia/OAS1_0022/OAS1_0022_slice_03_z043.png,Very Mild Dementia/OAS1_0022/OAS1_0022_slice_03_z043.png,OAS1_0022,Very Mild Dementia,1,2,Mild Dementia,0,-16.74985279712976,-1.5685766317893597,61.120298625999716,-2.8988034627041768
OASIS_1,LinearSVM,47,test,rician_noise__severe,rician_noise,severe,D:\OASIS_1\distortions_128\rician_noise\severe\Very_Mild_Dementia\OAS1_0022\OAS1_0022_slice_04_z046.png,Very_Mild_Dementia/OAS1_0022/OAS1_0022_slice_04_z046.png,Very Mild Dementia/OAS1_0022/OAS1_0022_slice_04_z046.png,OAS1_0022,Very Mild Dementia,1,2,Mild Dementia,0,-18.510913986555835,-6.61227297272402,76.8086971757159,-2.7407046640926884
OASIS_1,LinearSVM,47,test,rician_noise__severe,rician_noise,severe,D:\OASIS_1\distortions_128\rician_noise\severe\Very_Mild_Dementia\OAS1_0022\OAS1_0022_slice_05_z049.png,Very_Mild_Dementia/OAS1_0022/OAS1_0022_slice_05_z049.png,Very Mild Dementia/OAS1_0022/OAS1_0022_slice_05_z049.png,OAS1_0022,Very Mild Dementia,1,2,Mild Dementia,0,-16.089166959533657,9.34555756724382,48.552422219911115,-2.3844647089997326
OASIS_1,LinearSVM,47,test,rician_noise__severe,rician_noise,severe,D:\OASIS_1\distortions_128\rician_noise\severe\Very_Mild_Dementia\OAS1_0022\OAS1_0022_slice_06_z051.png,Very_Mild_Dementia/OAS1_0022/OAS1_0022_slice_06_z051.png,Very Mild Dementia/OAS1_0022/OAS1_0022_slice_06_z051.png,OAS1_0022,Very Mild Dementia,1,2,Mild Dementia,0,-16.60127918345086,-14.726823295940836,71.31686094921946,-2.0997469563125493
OASIS_1,LinearSVM,47,test,rician_noise__severe,rician_noise,severe,D:\OASIS_1\distortions_128\rician_noise\severe\Very_Mild_Dementia\OAS1_0022\OAS1_0022_slice_07_z054.png,Very_Mild_Dementia/OAS1_0022/OAS1_0022_slice_07_z054.png,Very Mild Dementia/OAS1_0022/OAS1_0022_slice_07_z054.png,OAS1_0022,Very Mild Dementia,1,2,Mild Dementia,0,-15.760722914086912,-7.394561982913252,50.6297692402357,-2.508774985203455
OASIS_1,LinearSVM,47,test,rician_noise__severe,rician_noise,severe,D:\OASIS_1\distortions_128\rician_noise\severe\Very_Mild_Dementia\OAS1_0022\OAS1_0022_slice_08_z057.png,Very_Mild_Dementia/OAS1_0022/OAS1_0022_slice_08_z057.png,Very Mild Dementia/OAS1_0022/OAS1_0022_slice_08_z057.png,OAS1_0022,Very Mild Dementia,1,2,Mild Dementia,0,-20.194560916852435,4.55869988826542,54.437622723998864,-2.4490194285241067
OASIS_1,LinearSVM,47,test,rician_noise__severe,rician_noise,severe,D:\OASIS_1\distortions_128\rician_noise\severe\Very_Mild_Dementia\OAS1_0022\OAS1_0022_slice_09_z059.png,Very_Mild_Dementia/OAS1_0022/OAS1_0022_slice_09_z059.png,Very Mild Dementia/OAS1_0022/OAS1_0022_slice_09_z059.png,OAS1_0022,Very Mild Dementia,1,2,Mild Dementia,0,-17.83365736655872,7.157400310575839,48.59477195687441,-1.3635190766503147
OASIS_1,LinearSVM,47,test,rician_noise__severe,rician_noise,severe,D:\OASIS_1\distortions_128\rician_noise\severe\Very_Mild_Dementia\OAS1_0022\OAS1_0022_slice_10_z062.png,Very_Mild_Dementia/OAS1_0022/OAS1_0022_slice_10_z062.png,Very Mild Dementia/OAS1_0022/OAS1_0022_slice_10_z062.png,OAS1_0022,Very Mild Dementia,1,2,Mild Dementia,0,-23.473502872572443,5.965464442166037,64.93228006103273,-2.0152302406390747
OASIS_1,LinearSVM,47,test,rician_noise__severe,rician_noise,severe,D:\OASIS_1\distortions_128\rician_noise\severe\Very_Mild_Dementia\OAS1_0022\OAS1_0022_slice_11_z065.png,Very_Mild_Dementia/OAS1_0022/OAS1_0022_slice_11_z065.png,Very Mild Dementia/OAS1_0022/OAS1_0022_slice_11_z065.png,OAS1_0022,Very Mild Dementia,1,2,Mild Dementia,0,-22.995625387181466,1.4297916767092707,56.773621631951606,-1.1122519813222849
OASIS_1,LinearSVM,47,test,rician_noise__severe,rician_noise,severe,D:\OASIS_1\distortions_128\rician_noise\severe\Very_Mild_Dementia\OAS1_0022\OAS1_0022_slice_12_z068.png,Very_Mild_Dementia/OAS1_0022/OAS1_0022_slice_12_z068.png,Very Mild Dementia/OAS1_0022/OAS1_0022_slice_12_z068.png,OAS1_0022,Very Mild Dementia,1,2,Mild Dementia,0,-17.57312940265355,4.8285501215121185,64.39899360326038,-2.940383348297363
OASIS_1,LinearSVM,47,test,rician_noise__severe,rician_noise,severe,D:\OASIS_1\distortions_128\rician_noise\severe\Very_Mild_Dementia\OAS1_0022\OAS1_0022_slice_13_z070.png,Very_Mild_Dementia/OAS1_0022/OAS1_0022_slice_13_z070.png,Very Mild Dementia/OAS1_0022/OAS1_0022_slice_13_z070.png,OAS1_0022,Very Mild Dementia,1,2,Mild Dementia,0,-26.53053590766966,25.852750490937403,46.35606060785379,-2.1143177012529444
OASIS_1,LinearSVM,47,test,rician_noise__severe,rician_noise,severe,D:\OASIS_1\distortions_128\rician_noise\severe\Very_Mild_Dementia\OAS1_0022\OAS1_0022_slice_14_z073.png,Very_Mild_Dementia/OAS1_0022/OAS1_0022_slice_14_z073.png,Very Mild Dementia/OAS1_0022/OAS1_0022_slice_14_z073.png,OAS1_0022,Very Mild Dementia,1,2,Mild Dementia,0,-18.64778900141243,-2.3765051792800884,60.08898063217925,-2.995898475426883
OASIS_1,LinearSVM,47,test,rician_noise__severe,rician_noise,severe,D:\OASIS_1\distortions_128\rician_noise\severe\Very_Mild_Dementia\OAS1_0022\OAS1_0022_slice_15_z076.png,Very_Mild_Dementia/OAS1_0022/OAS1_0022_slice_15_z076.png,Very Mild Dementia/OAS1_0022/OAS1_0022_slice_15_z076.png,OAS1_0022,Very Mild Dementia,1,2,Mild Dementia,0,-12.572221525679208,-1.1155686843029917,43.21723161773643,-2.507572395092735
OASIS_1,LinearSVM,47,test,rician_noise__severe,rician_noise,severe,D:\OASIS_1\distortions_128\rician_noise\severe\Very_Mild_Dementia\OAS1_0022\OAS1_0022_slice_16_z078.png,Very_Mild_Dementia/OAS1_0022/OAS1_0022_slice_16_z078.png,Very Mild Dementia/OAS1_0022/OAS1_0022_slice_16_z078.png,OAS1_0022,Very Mild Dementia,1,2,Mild Dementia,0,-13.118012587116851,-14.491333081253256,73.25901213778062,-2.9609274944975725
OASIS_1,LinearSVM,47,test,rician_noise__severe,rician_noise,severe,D:\OASIS_1\distortions_128\rician_noise\severe\Very_Mild_Dementia\OAS1_0022\OAS1_0022_slice_17_z081.png,Very_Mild_Dementia/OAS1_0022/OAS1_0022_slice_17_z081.png,Very Mild Dementia/OAS1_0022/OAS1_0022_slice_17_z081.png,OAS1_0022,Very Mild Dementia,1,2,Mild Dementia,0,-10.56327616160073,-4.90345170840106,56.189059650659715,-2.020326918889193
OASIS_1,LinearSVM,47,test,rician_noise__severe,rician_noise,severe,D:\OASIS_1\distortions_128\rician_noise\severe\Very_Mild_Dementia\OAS1_0022\OAS1_0022_slice_18_z084.png,Very_Mild_Dementia/OAS1_0022/OAS1_0022_slice_18_z084.png,Very Mild Dementia/OAS1_0022/OAS1_0022_slice_18_z084.png,OAS1_0022,Very Mild Dementia,1,2,Mild Dementia,0,-20.363047558393376,18.77594396567381,35.952895968094914,-1.0261004843405326
OASIS_1,LinearSVM,47,test,rician_noise__severe,rician_noise,severe,D:\OASIS_1\distortions_128\rician_noise\severe\Very_Mild_Dementia\OAS1_0022\OAS1_0022_slice_19_z086.png,Very_Mild_Dementia/OAS1_0022/OAS1_0022_slice_19_z086.png,Very Mild Dementia/OAS1_0022/OAS1_0022_slice_19_z086.png,OAS1_0022,Very Mild Dementia,1,2,Mild Dementia,0,-9.914977967938045,-24.81608409989835,70.1675705914078,-1.5171199141503955
OASIS_1,LinearSVM,47,test,rician_noise__severe,rician_noise,severe,D:\OASIS_1\distortions_128\rician_noise\severe\Very_Mild_Dementia\OAS1_0022\OAS1_0022_slice_20_z089.png,Very_Mild_Dementia/OAS1_0022/OAS1_0022_slice_20_z089.png,Very Mild Dementia/OAS1_0022/OAS1_0022_slice_20_z089.png,OAS1_0022,Very Mild Dementia,1,2,Mild Dementia,0,-8.373798624551972,-9.30493461546723,66.17075820172924,-3.6690267146763667
OASIS_1,LinearSVM,47,test,rician_noise__severe,rician_noise,severe,D:\OASIS_1\distortions_128\rician_noise\severe\Very_Mild_Dementia\OAS1_0120\OAS1_0120_slice_01_z038.png,Very_Mild_Dementia/OAS1_0120/OAS1_0120_slice_01_z038.png,Very Mild Dementia/OAS1_0120/OAS1_0120_slice_01_z038.png,OAS1_0120,Very Mild Dementia,1,2,Mild Dementia,0,-16.100438898510628,-1.841959217210916,54.632584846881834,-2.589863124839167
OASIS_1,LinearSVM,47,test,rician_noise__severe,rician_noise,severe,D:\OASIS_1\distortions_128\rician_noise\severe\Very_Mild_Dementia\OAS1_0120\OAS1_0120_slice_02_z041.png,Very_Mild_Dementia/OAS1_0120/OAS1_0120_slice_02_z041.png,Very Mild Dementia/OAS1_0120/OAS1_0120_slice_02_z041.png,OAS1_0120,Very Mild Dementia,1,2,Mild Dementia,0,-20.820428003974005,15.518892517803472,55.19861600270822,-3.3871159764614367
OASIS_1,LinearSVM,47,test,rician_noise__severe,rician_noise,severe,D:\OASIS_1\distortions_128\rician_noise\severe\Very_Mild_Dementia\OAS1_0120\OAS1_0120_slice_03_z043.png,Very_Mild_Dementia/OAS1_0120/OAS1_0120_slice_03_z043.png,Very Mild Dementia/OAS1_0120/OAS1_0120_slice_03_z043.png,OAS1_0120,Very Mild Dementia,1,2,Mild Dementia,0,-28.164947176786296,34.590483151986675,46.1868001047078,-1.596487640781481
OASIS_1,LinearSVM,47,test,rician_noise__severe,rician_noise,severe,D:\OASIS_1\distortions_128\rician_noise\severe\Very_Mild_Dementia\OAS1_0120\OAS1_0120_slice_04_z046.png,Very_Mild_Dementia/OAS1_0120/OAS1_0120_slice_04_z046.png,Very Mild Dementia/OAS1_0120/OAS1_0120_slice_04_z046.png,OAS1_0120,Very Mild Dementia,1,2,Mild Dementia,0,-16.27788714426943,-13.722873577104131,55.98821037375669,-0.7030582895163444
OASIS_1,LinearSVM,47,test,rician_noise__severe,rician_noise,severe,D:\OASIS_1\distortions_128\rician_noise\severe\Very_Mild_Dementia\OAS1_0120\OAS1_0120_slice_05_z049.png,Very_Mild_Dementia/OAS1_0120/OAS1_0120_slice_05_z049.png,Very Mild Dementia/OAS1_0120/OAS1_0120_slice_05_z049.png,OAS1_0120,Very Mild Dementia,1,2,Mild Dementia,0,-11.632236871552198,-23.69848711001383,74.99053772005533,-1.833456308848129
OASIS_1,LinearSVM,47,test,rician_noise__severe,rician_noise,severe,D:\OASIS_1\distortions_128\rician_noise\severe\Very_Mild_Dementia\OAS1_0120\OAS1_0120_slice_06_z051.png,Very_Mild_Dementia/OAS1_0120/OAS1_0120_slice_06_z051.png,Very Mild Dementia/OAS1_0120/OAS1_0120_slice_06_z051.png,OAS1_0120,Very Mild Dementia,1,2,Mild Dementia,0,-25.210351294907348,25.350370529655976,50.09982223804148,-2.3018212899190234
OASIS_1,LinearSVM,47,test,rician_noise__severe,rician_noise,severe,D:\OASIS_1\distortions_128\rician_noise\severe\Very_Mild_Dementia\OAS1_0120\OAS1_0120_slice_07_z054.png,Very_Mild_Dementia/OAS1_0120/OAS1_0120_slice_07_z054.png,Very Mild Dementia/OAS1_0120/OAS1_0120_slice_07_z054.png,OAS1_0120,Very Mild Dementia,1,2,Mild Dementia,0,-15.705214703230018,4.664877415214634,46.98826340755148,-0.7207039009519995
OASIS_1,LinearSVM,47,test,rician_noise__severe,rician_noise,severe,D:\OASIS_1\distortions_128\rician_noise\severe\Very_Mild_Dementia\OAS1_0120\OAS1_0120_slice_08_z057.png,Very_Mild_Dementia/OAS1_0120/OAS1_0120_slice_08_z057.png,Very Mild Dementia/OAS1_0120/OAS1_0120_slice_08_z057.png,OAS1_0120,Very Mild Dementia,1,2,Mild Dementia,0,-25.57916764343948,16.94507045821635,41.99881656539863,-2.0631211412811714
OASIS_1,LinearSVM,47,test,rician_noise__severe,rician_noise,severe,D:\OASIS_1\distortions_128\rician_noise\severe\Very_Mild_Dementia\OAS1_0120\OAS1_0120_slice_09_z059.png,Very_Mild_Dementia/OAS1_0120/OAS1_0120_slice_09_z059.png,Very Mild Dementia/OAS1_0120/OAS1_0120_slice_09_z059.png,OAS1_0120,Very Mild Dementia,1,2,Mild Dementia,0,-25.314137355659863,8.614990976018362,64.47920452479744,-1.7282158140211363
OASIS_1,LinearSVM,47,test,rician_noise__severe,rician_noise,severe,D:\OASIS_1\distortions_128\rician_noise\severe\Very_Mild_Dementia\OAS1_0120\OAS1_0120_slice_10_z062.png,Very_Mild_Dementia/OAS1_0120/OAS1_0120_slice_10_z062.png,Very Mild Dementia/OAS1_0120/OAS1_0120_slice_10_z062.png,OAS1_0120,Very Mild Dementia,1,2,Mild Dementia,0,-20.53776324039279,-0.9746003983399758,65.675502897605,-2.077063669553691
OASIS_1,LinearSVM,47,test,rician_noise__severe,rician_noise,severe,D:\OASIS_1\distortions_128\rician_noise\severe\Very_Mild_Dementia\OAS1_0120\OAS1_0120_slice_11_z065.png,Very_Mild_Dementia/OAS1_0120/OAS1_0120_slice_11_z065.png,Very Mild Dementia/OAS1_0120/OAS1_0120_slice_11_z065.png,OAS1_0120,Very Mild Dementia,1,2,Mild Dementia,0,-21.14156015243507,19.69149780951991,42.88336572437801,-0.45010338140314976
OASIS_1,LinearSVM,47,test,rician_noise__severe,rician_noise,severe,D:\OASIS_1\distortions_128\rician_noise\severe\Very_Mild_Dementia\OAS1_0120\OAS1_0120_slice_12_z068.png,Very_Mild_Dementia/OAS1_0120/OAS1_0120_slice_12_z068.png,Very Mild Dementia/OAS1_0120/OAS1_0120_slice_12_z068.png,OAS1_0120,Very Mild Dementia,1,2,Mild Dementia,0,-24.47031077933214,14.231385695291477,57.36865516795751,-1.331014344441058
OASIS_1,LinearSVM,47,test,rician_noise__severe,rician_noise,severe,D:\OASIS_1\distortions_128\rician_noise\severe\Very_Mild_Dementia\OAS1_0120\OAS1_0120_slice_13_z070.png,Very_Mild_Dementia/OAS1_0120/OAS1_0120_slice_13_z070.png,Very Mild Dementia/OAS1_0120/OAS1_0120_slice_13_z070.png,OAS1_0120,Very Mild Dementia,1,2,Mild Dementia,0,-17.746396280706865,-5.28233633577459,63.26365695972686,-2.679177163282951
OASIS_1,LinearSVM,47,test,rician_noise__severe,rician_noise,severe,D:\OASIS_1\distortions_128\rician_noise\severe\Very_Mild_Dementia\OAS1_0120\OAS1_0120_slice_14_z073.png,Very_Mild_Dementia/OAS1_0120/OAS1_0120_slice_14_z073.png,Very Mild Dementia/OAS1_0120/OAS1_0120_slice_14_z073.png,OAS1_0120,Very Mild Dementia,1,2,Mild Dementia,0,-17.690384930250232,0.06575864891746,59.628644881337465,-0.8705806967874576
OASIS_1,LinearSVM,47,test,rician_noise__severe,rician_noise,severe,D:\OASIS_1\distortions_128\rician_noise\severe\Very_Mild_Dementia\OAS1_0120\OAS1_0120_slice_15_z076.png,Very_Mild_Dementia/OAS1_0120/OAS1_0120_slice_15_z076.png,Very Mild Dementia/OAS1_0120/OAS1_0120_slice_15_z076.png,OAS1_0120,Very Mild Dementia,1,2,Mild Dementia,0,-23.14982168293259,8.790222858777787,57.99439912369103,-2.8136706474988644
OASIS_1,LinearSVM,47,test,rician_noise__severe,rician_noise,severe,D:\OASIS_1\distortions_128\rician_noise\severe\Very_Mild_Dementia\OAS1_0120\OAS1_0120_slice_16_z078.png,Very_Mild_Dementia/OAS1_0120/OAS1_0120_slice_16_z078.png,Very Mild Dementia/OAS1_0120/OAS1_0120_slice_16_z078.png,OAS1_0120,Very Mild Dementia,1,2,Mild Dementia,0,-15.03189724009161,-9.945577529081831,71.51623384312963,-3.227357509548505
OASIS_1,LinearSVM,47,test,rician_noise__severe,rician_noise,severe,D:\OASIS_1\distortions_128\rician_noise\severe\Very_Mild_Dementia\OAS1_0120\OAS1_0120_slice_17_z081.png,Very_Mild_Dementia/OAS1_0120/OAS1_0120_slice_17_z081.png,Very Mild Dementia/OAS1_0120/OAS1_0120_slice_17_z081.png,OAS1_0120,Very Mild Dementia,1,2,Mild Dementia,0,-22.201392829818488,1.6086965029353335,62.086764330262596,-2.570893039962916
OASIS_1,LinearSVM,47,test,rician_noise__severe,rician_noise,severe,D:\OASIS_1\distortions_128\rician_noise\severe\Very_Mild_Dementia\OAS1_0120\OAS1_0120_slice_18_z084.png,Very_Mild_Dementia/OAS1_0120/OAS1_0120_slice_18_z084.png,Very Mild Dementia/OAS1_0120/OAS1_0120_slice_18_z084.png,OAS1_0120,Very Mild Dementia,1,2,Mild Dementia,0,-20.875860382820832,2.5594085740390584,67.9252410105958,-4.160285201309444
OASIS_1,LinearSVM,47,test,rician_noise__severe,rician_noise,severe,D:\OASIS_1\distortions_128\rician_noise\severe\Very_Mild_Dementia\OAS1_0120\OAS1_0120_slice_19_z086.png,Very_Mild_Dementia/OAS1_0120/OAS1_0120_slice_19_z086.png,Very Mild Dementia/OAS1_0120/OAS1_0120_slice_19_z086.png,OAS1_0120,Very Mild Dementia,1,2,Mild Dementia,0,-11.181871309743634,-2.4723342261207746,45.15957304748583,-2.171853648352938
OASIS_1,LinearSVM,47,test,rician_noise__severe,rician_noise,severe,D:\OASIS_1\distortions_128\rician_noise\severe\Very_Mild_Dementia\OAS1_0120\OAS1_0120_slice_20_z089.png,Very_Mild_Dementia/OAS1_0120/OAS1_0120_slice_20_z089.png,Very Mild Dementia/OAS1_0120/OAS1_0120_slice_20_z089.png,OAS1_0120,Very Mild Dementia,1,2,Mild Dementia,0,-21.176166190499995,10.630618877797621,57.76427835530993,-1.673355036805364
OASIS_1,LinearSVM,47,test,rician_noise__severe,rician_noise,severe,D:\OASIS_1\distortions_128\rician_noise\severe\Very_Mild_Dementia\OAS1_0166\OAS1_0166_slice_01_z038.png,Very_Mild_Dementia/OAS1_0166/OAS1_0166_slice_01_z038.png,Very Mild Dementia/OAS1_0166/OAS1_0166_slice_01_z038.png,OAS1_0166,Very Mild Dementia,1,2,Mild Dementia,0,-21.77227611034484,-4.721839466943101,71.32926387096047,-3.067373963166532
OASIS_1,LinearSVM,47,test,rician_noise__severe,rician_noise,severe,D:\OASIS_1\distortions_128\rician_noise\severe\Very_Mild_Dementia\OAS1_0166\OAS1_0166_slice_02_z041.png,Very_Mild_Dementia/OAS1_0166/OAS1_0166_slice_02_z041.png,Very Mild Dementia/OAS1_0166/OAS1_0166_slice_02_z041.png,OAS1_0166,Very Mild Dementia,1,2,Mild Dementia,0,-15.165152490892812,-15.387063742189452,68.66614915249244,-3.3281973876813904
OASIS_1,LinearSVM,47,test,rician_noise__severe,rician_noise,severe,D:\OASIS_1\distortions_128\rician_noise\severe\Very_Mild_Dementia\OAS1_0166\OAS1_0166_slice_03_z043.png,Very_Mild_Dementia/OAS1_0166/OAS1_0166_slice_03_z043.png,Very Mild Dementia/OAS1_0166/OAS1_0166_slice_03_z043.png,OAS1_0166,Very Mild Dementia,1,2,Mild Dementia,0,-19.341715074419792,-19.377318713540056,81.96266970003713,-3.1817454100146696
OASIS_1,LinearSVM,47,test,rician_noise__severe,rician_noise,severe,D:\OASIS_1\distortions_128\rician_noise\severe\Very_Mild_Dementia\OAS1_0166\OAS1_0166_slice_04_z046.png,Very_Mild_Dementia/OAS1_0166/OAS1_0166_slice_04_z046.png,Very Mild Dementia/OAS1_0166/OAS1_0166_slice_04_z046.png,OAS1_0166,Very Mild Dementia,1,2,Mild Dementia,0,-16.077311874293155,-11.59335894471264,68.63037436303411,-2.0757784560626558
OASIS_1,LinearSVM,47,test,rician_noise__severe,rician_noise,severe,D:\OASIS_1\distortions_128\rician_noise\severe\Very_Mild_Dementia\OAS1_0166\OAS1_0166_slice_05_z049.png,Very_Mild_Dementia/OAS1_0166/OAS1_0166_slice_05_z049.png,Very Mild Dementia/OAS1_0166/OAS1_0166_slice_05_z049.png,OAS1_0166,Very Mild Dementia,1,2,Mild Dementia,0,-17.657686946914115,-5.9222231475032485,67.14192033669002,-2.329147747224239
OASIS_1,LinearSVM,47,test,rician_noise__severe,rician_noise,severe,D:\OASIS_1\distortions_128\rician_noise\severe\Very_Mild_Dementia\OAS1_0166\OAS1_0166_slice_06_z051.png,Very_Mild_Dementia/OAS1_0166/OAS1_0166_slice_06_z051.png,Very Mild Dementia/OAS1_0166/OAS1_0166_slice_06_z051.png,OAS1_0166,Very Mild Dementia,1,2,Mild Dementia,0,-21.990128733446387,16.3254304800575,57.787680413670934,-3.3588850133110038
OASIS_1,LinearSVM,47,test,rician_noise__severe,rician_noise,severe,D:\OASIS_1\distortions_128\rician_noise\severe\Very_Mild_Dementia\OAS1_0166\OAS1_0166_slice_07_z054.png,Very_Mild_Dementia/OAS1_0166/OAS1_0166_slice_07_z054.png,Very Mild Dementia/OAS1_0166/OAS1_0166_slice_07_z054.png,OAS1_0166,Very Mild Dementia,1,2,Mild Dementia,0,-20.407416605989734,-2.005553272029487,64.54185869748707,-1.4111795857682663
OASIS_1,LinearSVM,47,test,rician_noise__severe,rician_noise,severe,D:\OASIS_1\distortions_128\rician_noise\severe\Very_Mild_Dementia\OAS1_0166\OAS1_0166_slice_08_z057.png,Very_Mild_Dementia/OAS1_0166/OAS1_0166_slice_08_z057.png,Very Mild Dementia/OAS1_0166/OAS1_0166_slice_08_z057.png,OAS1_0166,Very Mild Dementia,1,2,Mild Dementia,0,-19.766941376060654,-0.6124004577659798,57.419484997971736,-0.04694545620642998
OASIS_1,LinearSVM,47,test,rician_noise__severe,rician_noise,severe,D:\OASIS_1\distortions_128\rician_noise\severe\Very_Mild_Dementia\OAS1_0166\OAS1_0166_slice_09_z059.png,Very_Mild_Dementia/OAS1_0166/OAS1_0166_slice_09_z059.png,Very Mild Dementia/OAS1_0166/OAS1_0166_slice_09_z059.png,OAS1_0166,Very Mild Dementia,1,2,Mild Dementia,0,-21.60063632194136,7.1962814402079145,67.17473491084444,-2.916440546041744
OASIS_1,LinearSVM,47,test,rician_noise__severe,rician_noise,severe,D:\OASIS_1\distortions_128\rician_noise\severe\Very_Mild_Dementia\OAS1_0166\OAS1_0166_slice_10_z062.png,Very_Mild_Dementia/OAS1_0166/OAS1_0166_slice_10_z062.png,Very Mild Dementia/OAS1_0166/OAS1_0166_slice_10_z062.png,OAS1_0166,Very Mild Dementia,1,2,Mild Dementia,0,-25.15862776813083,29.68495747026644,43.56605967071821,-1.3881779659138709
OASIS_1,LinearSVM,47,test,rician_noise__severe,rician_noise,severe,D:\OASIS_1\distortions_128\rician_noise\severe\Very_Mild_Dementia\OAS1_0166\OAS1_0166_slice_11_z065.png,Very_Mild_Dementia/OAS1_0166/OAS1_0166_slice_11_z065.png,Very Mild Dementia/OAS1_0166/OAS1_0166_slice_11_z065.png,OAS1_0166,Very Mild Dementia,1,2,Mild Dementia,0,-21.21150625326802,-1.033460946107911,65.14408473593718,-2.456074189487323
OASIS_1,LinearSVM,47,test,rician_noise__severe,rician_noise,severe,D:\OASIS_1\distortions_128\rician_noise\severe\Very_Mild_Dementia\OAS1_0166\OAS1_0166_slice_12_z068.png,Very_Mild_Dementia/OAS1_0166/OAS1_0166_slice_12_z068.png,Very Mild Dementia/OAS1_0166/OAS1_0166_slice_12_z068.png,OAS1_0166,Very Mild Dementia,1,2,Mild Dementia,0,-15.971365260943298,-14.235069157141435,73.34991949675245,-1.285986297157204
OASIS_1,LinearSVM,47,test,rician_noise__severe,rician_noise,severe,D:\OASIS_1\distortions_128\rician_noise\severe\Very_Mild_Dementia\OAS1_0166\OAS1_0166_slice_13_z070.png,Very_Mild_Dementia/OAS1_0166/OAS1_0166_slice_13_z070.png,Very Mild Dementia/OAS1_0166/OAS1_0166_slice_13_z070.png,OAS1_0166,Very Mild Dementia,1,2,Mild Dementia,0,-18.734302788868053,1.0736616321935406,56.734467799848,-0.8970689140647669
OASIS_1,LinearSVM,47,test,rician_noise__severe,rician_noise,severe,D:\OASIS_1\distortions_128\rician_noise\severe\Very_Mild_Dementia\OAS1_0166\OAS1_0166_slice_14_z073.png,Very_Mild_Dementia/OAS1_0166/OAS1_0166_slice_14_z073.png,Very Mild Dementia/OAS1_0166/OAS1_0166_slice_14_z073.png,OAS1_0166,Very Mild Dementia,1,2,Mild Dementia,0,-16.094211039488396,10.002714635159167,49.114849431899444,-3.1032861046047255
OASIS_1,LinearSVM,47,test,rician_noise__severe,rician_noise,severe,D:\OASIS_1\distortions_128\rician_noise\severe\Very_Mild_Dementia\OAS1_0166\OAS1_0166_slice_15_z076.png,Very_Mild_Dementia/OAS1_0166/OAS1_0166_slice_15_z076.png,Very Mild Dementia/OAS1_0166/OAS1_0166_slice_15_z076.png,OAS1_0166,Very Mild Dementia,1,2,Mild Dementia,0,-20.107638804191478,6.780187580214956,61.229346752947095,-1.3192953185027625
OASIS_1,LinearSVM,47,test,rician_noise__severe,rician_noise,severe,D:\OASIS_1\distortions_128\rician_noise\severe\Very_Mild_Dementia\OAS1_0166\OAS1_0166_slice_16_z078.png,Very_Mild_Dementia/OAS1_0166/OAS1_0166_slice_16_z078.png,Very Mild Dementia/OAS1_0166/OAS1_0166_slice_16_z078.png,OAS1_0166,Very Mild Dementia,1,2,Mild Dementia,0,-23.37861161876953,25.598054950328738,49.46535757542006,-1.326077542694792
OASIS_1,LinearSVM,47,test,rician_noise__severe,rician_noise,severe,D:\OASIS_1\distortions_128\rician_noise\severe\Very_Mild_Dementia\OAS1_0166\OAS1_0166_slice_17_z081.png,Very_Mild_Dementia/OAS1_0166/OAS1_0166_slice_17_z081.png,Very Mild Dementia/OAS1_0166/OAS1_0166_slice_17_z081.png,OAS1_0166,Very Mild Dementia,1,2,Mild Dementia,0,-19.240815956543372,0.9464005411678533,55.59966594905627,-0.9869095776280075
OASIS_1,LinearSVM,47,test,rician_noise__severe,rician_noise,severe,D:\OASIS_1\distortions_128\rician_noise\severe\Very_Mild_Dementia\OAS1_0166\OAS1_0166_slice_18_z084.png,Very_Mild_Dementia/OAS1_0166/OAS1_0166_slice_18_z084.png,Very Mild Dementia/OAS1_0166/OAS1_0166_slice_18_z084.png,OAS1_0166,Very Mild Dementia,1,2,Mild Dementia,0,-26.462816563801862,19.686289455441944,51.27542591732494,-2.507369108909936
OASIS_1,LinearSVM,47,test,rician_noise__severe,rician_noise,severe,D:\OASIS_1\distortions_128\rician_noise\severe\Very_Mild_Dementia\OAS1_0166\OAS1_0166_slice_19_z086.png,Very_Mild_Dementia/OAS1_0166/OAS1_0166_slice_19_z086.png,Very Mild Dementia/OAS1_0166/OAS1_0166_slice_19_z086.png,OAS1_0166,Very Mild Dementia,1,2,Mild Dementia,0,-20.28148123209923,-4.209168800861044,62.724744634122764,-1.9476556042948197
OASIS_1,LinearSVM,47,test,rician_noise__severe,rician_noise,severe,D:\OASIS_1\distortions_128\rician_noise\severe\Very_Mild_Dementia\OAS1_0166\OAS1_0166_slice_20_z089.png,Very_Mild_Dementia/OAS1_0166/OAS1_0166_slice_20_z089.png,Very Mild Dementia/OAS1_0166/OAS1_0166_slice_20_z089.png,OAS1_0166,Very Mild Dementia,1,2,Mild Dementia,0,-19.129483100799593,9.892065910597868,52.56960441330475,-3.4109167630476485
OASIS_1,LinearSVM,47,test,rician_noise__severe,rician_noise,severe,D:\OASIS_1\distortions_128\rician_noise\severe\Very_Mild_Dementia\OAS1_0210\OAS1_0210_slice_01_z038.png,Very_Mild_Dementia/OAS1_0210/OAS1_0210_slice_01_z038.png,Very Mild Dementia/OAS1_0210/OAS1_0210_slice_01_z038.png,OAS1_0210,Very Mild Dementia,1,2,Mild Dementia,0,-20.934633146599506,3.570371828923384,60.83330625066827,-0.5631260010572123
OASIS_1,LinearSVM,47,test,rician_noise__severe,rician_noise,severe,D:\OASIS_1\distortions_128\rician_noise\severe\Very_Mild_Dementia\OAS1_0210\OAS1_0210_slice_02_z041.png,Very_Mild_Dementia/OAS1_0210/OAS1_0210_slice_02_z041.png,Very Mild Dementia/OAS1_0210/OAS1_0210_slice_02_z041.png,OAS1_0210,Very Mild Dementia,1,2,Mild Dementia,0,-20.579911447830238,0.8165097742345493,72.2413339509968,-2.942662043644546
OASIS_1,LinearSVM,47,test,rician_noise__severe,rician_noise,severe,D:\OASIS_1\distortions_128\rician_noise\severe\Very_Mild_Dementia\OAS1_0210\OAS1_0210_slice_03_z043.png,Very_Mild_Dementia/OAS1_0210/OAS1_0210_slice_03_z043.png,Very Mild Dementia/OAS1_0210/OAS1_0210_slice_03_z043.png,OAS1_0210,Very Mild Dementia,1,2,Mild Dementia,0,-16.72095590026888,-22.472752252058868,73.14749761492254,-2.5229327564500803
OASIS_1,LinearSVM,47,test,rician_noise__severe,rician_noise,severe,D:\OASIS_1\distortions_128\rician_noise\severe\Very_Mild_Dementia\OAS1_0210\OAS1_0210_slice_04_z046.png,Very_Mild_Dementia/OAS1_0210/OAS1_0210_slice_04_z046.png,Very Mild Dementia/OAS1_0210/OAS1_0210_slice_04_z046.png,OAS1_0210,Very Mild Dementia,1,2,Mild Dementia,0,-24.35565783199392,23.12665896594397,39.886483777960215,-0.370168070085959
OASIS_1,LinearSVM,47,test,rician_noise__severe,rician_noise,severe,D:\OASIS_1\distortions_128\rician_noise\severe\Very_Mild_Dementia\OAS1_0210\OAS1_0210_slice_05_z049.png,Very_Mild_Dementia/OAS1_0210/OAS1_0210_slice_05_z049.png,Very Mild Dementia/OAS1_0210/OAS1_0210_slice_05_z049.png,OAS1_0210,Very Mild Dementia,1,2,Mild Dementia,0,-13.924754946989257,-24.96301648533825,80.73763071082587,-2.346904457146685
OASIS_1,LinearSVM,47,test,rician_noise__severe,rician_noise,severe,D:\OASIS_1\distortions_128\rician_noise\severe\Very_Mild_Dementia\OAS1_0210\OAS1_0210_slice_06_z051.png,Very_Mild_Dementia/OAS1_0210/OAS1_0210_slice_06_z051.png,Very Mild Dementia/OAS1_0210/OAS1_0210_slice_06_z051.png,OAS1_0210,Very Mild Dementia,1,2,Mild Dementia,0,-18.296118038193054,7.393349931877872,56.13054265986346,-2.9640213365011494
OASIS_1,LinearSVM,47,test,rician_noise__severe,rician_noise,severe,D:\OASIS_1\distortions_128\rician_noise\severe\Very_Mild_Dementia\OAS1_0210\OAS1_0210_slice_07_z054.png,Very_Mild_Dementia/OAS1_0210/OAS1_0210_slice_07_z054.png,Very Mild Dementia/OAS1_0210/OAS1_0210_slice_07_z054.png,OAS1_0210,Very Mild Dementia,1,2,Mild Dementia,0,-21.37348740387011,15.284297483176308,49.68670527740271,-1.2226888573379573
OASIS_1,LinearSVM,47,test,rician_noise__severe,rician_noise,severe,D:\OASIS_1\distortions_128\rician_noise\severe\Very_Mild_Dementia\OAS1_0210\OAS1_0210_slice_08_z057.png,Very_Mild_Dementia/OAS1_0210/OAS1_0210_slice_08_z057.png,Very Mild Dementia/OAS1_0210/OAS1_0210_slice_08_z057.png,OAS1_0210,Very Mild Dementia,1,2,Mild Dementia,0,-18.165398267106983,-0.13260774769425418,54.5484885475473,-3.9935661604125565
OASIS_1,LinearSVM,47,test,rician_noise__severe,rician_noise,severe,D:\OASIS_1\distortions_128\rician_noise\severe\Very_Mild_Dementia\OAS1_0210\OAS1_0210_slice_09_z059.png,Very_Mild_Dementia/OAS1_0210/OAS1_0210_slice_09_z059.png,Very Mild Dementia/OAS1_0210/OAS1_0210_slice_09_z059.png,OAS1_0210,Very Mild Dementia,1,2,Mild Dementia,0,-18.352719135257065,-16.99481928773232,75.0356954174944,-2.325582392831196
OASIS_1,LinearSVM,47,test,rician_noise__severe,rician_noise,severe,D:\OASIS_1\distortions_128\rician_noise\severe\Very_Mild_Dementia\OAS1_0210\OAS1_0210_slice_10_z062.png,Very_Mild_Dementia/OAS1_0210/OAS1_0210_slice_10_z062.png,Very Mild Dementia/OAS1_0210/OAS1_0210_slice_10_z062.png,OAS1_0210,Very Mild Dementia,1,2,Mild Dementia,0,-13.259579284971721,-9.007451073564516,49.87044474508833,-1.3218600948837629
OASIS_1,LinearSVM,47,test,rician_noise__severe,rician_noise,severe,D:\OASIS_1\distortions_128\rician_noise\severe\Very_Mild_Dementia\OAS1_0210\OAS1_0210_slice_11_z065.png,Very_Mild_Dementia/OAS1_0210/OAS1_0210_slice_11_z065.png,Very Mild Dementia/OAS1_0210/OAS1_0210_slice_11_z065.png,OAS1_0210,Very Mild Dementia,1,2,Mild Dementia,0,-17.899678797326043,-7.419702647486367,57.025765621021684,-2.813769200628403
OASIS_1,LinearSVM,47,test,rician_noise__severe,rician_noise,severe,D:\OASIS_1\distortions_128\rician_noise\severe\Very_Mild_Dementia\OAS1_0210\OAS1_0210_slice_12_z068.png,Very_Mild_Dementia/OAS1_0210/OAS1_0210_slice_12_z068.png,Very Mild Dementia/OAS1_0210/OAS1_0210_slice_12_z068.png,OAS1_0210,Very Mild Dementia,1,2,Mild Dementia,0,-24.831103612334974,11.156958900114626,54.53514076726192,-0.989242533165229
OASIS_1,LinearSVM,47,test,rician_noise__severe,rician_noise,severe,D:\OASIS_1\distortions_128\rician_noise\severe\Very_Mild_Dementia\OAS1_0210\OAS1_0210_slice_13_z070.png,Very_Mild_Dementia/OAS1_0210/OAS1_0210_slice_13_z070.png,Very Mild Dementia/OAS1_0210/OAS1_0210_slice_13_z070.png,OAS1_0210,Very Mild Dementia,1,2,Mild Dementia,0,-23.6641194474528,2.2652387797661833,61.883456965660585,-3.2931217030937345
OASIS_1,LinearSVM,47,test,rician_noise__severe,rician_noise,severe,D:\OASIS_1\distortions_128\rician_noise\severe\Very_Mild_Dementia\OAS1_0210\OAS1_0210_slice_14_z073.png,Very_Mild_Dementia/OAS1_0210/OAS1_0210_slice_14_z073.png,Very Mild Dementia/OAS1_0210/OAS1_0210_slice_14_z073.png,OAS1_0210,Very Mild Dementia,1,2,Mild Dementia,0,-13.67928294997058,-18.453175475622935,71.14644711824704,-2.02818012343585
OASIS_1,LinearSVM,47,test,rician_noise__severe,rician_noise,severe,D:\OASIS_1\distortions_128\rician_noise\severe\Very_Mild_Dementia\OAS1_0210\OAS1_0210_slice_15_z076.png,Very_Mild_Dementia/OAS1_0210/OAS1_0210_slice_15_z076.png,Very Mild Dementia/OAS1_0210/OAS1_0210_slice_15_z076.png,OAS1_0210,Very Mild Dementia,1,2,Mild Dementia,0,-25.517788909837275,-0.7283341974164914,70.4618397466166,-2.3402742305069033
OASIS_1,LinearSVM,47,test,rician_noise__severe,rician_noise,severe,D:\OASIS_1\distortions_128\rician_noise\severe\Very_Mild_Dementia\OAS1_0210\OAS1_0210_slice_16_z078.png,Very_Mild_Dementia/OAS1_0210/OAS1_0210_slice_16_z078.png,Very Mild Dementia/OAS1_0210/OAS1_0210_slice_16_z078.png,OAS1_0210,Very Mild Dementia,1,2,Mild Dementia,0,-18.16654713728706,-13.516262063947591,69.0683313205674,-1.0439461688009268
OASIS_1,LinearSVM,47,test,rician_noise__severe,rician_noise,severe,D:\OASIS_1\distortions_128\rician_noise\severe\Very_Mild_Dementia\OAS1_0210\OAS1_0210_slice_17_z081.png,Very_Mild_Dementia/OAS1_0210/OAS1_0210_slice_17_z081.png,Very Mild Dementia/OAS1_0210/OAS1_0210_slice_17_z081.png,OAS1_0210,Very Mild Dementia,1,2,Mild Dementia,0,-24.994081667519016,9.410896964550155,55.901215946511975,-1.6773435965792531
OASIS_1,LinearSVM,47,test,rician_noise__severe,rician_noise,severe,D:\OASIS_1\distortions_128\rician_noise\severe\Very_Mild_Dementia\OAS1_0210\OAS1_0210_slice_18_z084.png,Very_Mild_Dementia/OAS1_0210/OAS1_0210_slice_18_z084.png,Very Mild Dementia/OAS1_0210/OAS1_0210_slice_18_z084.png,OAS1_0210,Very Mild Dementia,1,2,Mild Dementia,0,-15.910645170476837,-4.478106973189338,62.418818620457046,-2.654928105424644
OASIS_1,LinearSVM,47,test,rician_noise__severe,rician_noise,severe,D:\OASIS_1\distortions_128\rician_noise\severe\Very_Mild_Dementia\OAS1_0210\OAS1_0210_slice_19_z086.png,Very_Mild_Dementia/OAS1_0210/OAS1_0210_slice_19_z086.png,Very Mild Dementia/OAS1_0210/OAS1_0210_slice_19_z086.png,OAS1_0210,Very Mild Dementia,1,2,Mild Dementia,0,-13.412742926908333,4.570182456454126,53.067319490281854,-2.3040393228921086
OASIS_1,LinearSVM,47,test,rician_noise__severe,rician_noise,severe,D:\OASIS_1\distortions_128\rician_noise\severe\Very_Mild_Dementia\OAS1_0210\OAS1_0210_slice_20_z089.png,Very_Mild_Dementia/OAS1_0210/OAS1_0210_slice_20_z089.png,Very Mild Dementia/OAS1_0210/OAS1_0210_slice_20_z089.png,OAS1_0210,Very Mild Dementia,1,2,Mild Dementia,0,-20.04122043788579,-16.642373752386646,74.87103917112356,-4.00882759464504
OASIS_1,LinearSVM,47,test,rician_noise__severe,rician_noise,severe,D:\OASIS_1\distortions_128\rician_noise\severe\Very_Mild_Dementia\OAS1_0287\OAS1_0287_slice_01_z038.png,Very_Mild_Dementia/OAS1_0287/OAS1_0287_slice_01_z038.png,Very Mild Dementia/OAS1_0287/OAS1_0287_slice_01_z038.png,OAS1_0287,Very Mild Dementia,1,2,Mild Dementia,0,-21.00044912224283,-8.277196700083614,79.7999208495645,-3.1682493421558693
OASIS_1,LinearSVM,47,test,rician_noise__severe,rician_noise,severe,D:\OASIS_1\distortions_128\rician_noise\severe\Very_Mild_Dementia\OAS1_0287\OAS1_0287_slice_02_z041.png,Very_Mild_Dementia/OAS1_0287/OAS1_0287_slice_02_z041.png,Very Mild Dementia/OAS1_0287/OAS1_0287_slice_02_z041.png,OAS1_0287,Very Mild Dementia,1,2,Mild Dementia,0,-15.86140615700503,-7.861374163255479,54.26967168053775,-1.6524183183975225
OASIS_1,LinearSVM,47,test,rician_noise__severe,rician_noise,severe,D:\OASIS_1\distortions_128\rician_noise\severe\Very_Mild_Dementia\OAS1_0287\OAS1_0287_slice_03_z043.png,Very_Mild_Dementia/OAS1_0287/OAS1_0287_slice_03_z043.png,Very Mild Dementia/OAS1_0287/OAS1_0287_slice_03_z043.png,OAS1_0287,Very Mild Dementia,1,2,Mild Dementia,0,-17.987401412002587,10.096656747915498,42.69842522924389,-2.3138228302115778
OASIS_1,LinearSVM,47,test,rician_noise__severe,rician_noise,severe,D:\OASIS_1\distortions_128\rician_noise\severe\Very_Mild_Dementia\OAS1_0287\OAS1_0287_slice_04_z046.png,Very_Mild_Dementia/OAS1_0287/OAS1_0287_slice_04_z046.png,Very Mild Dementia/OAS1_0287/OAS1_0287_slice_04_z046.png,OAS1_0287,Very Mild Dementia,1,2,Mild Dementia,0,-26.51102566853118,14.370618450035215,54.444207994166156,-1.8840093527447674
OASIS_1,LinearSVM,47,test,rician_noise__severe,rician_noise,severe,D:\OASIS_1\distortions_128\rician_noise\severe\Very_Mild_Dementia\OAS1_0287\OAS1_0287_slice_05_z049.png,Very_Mild_Dementia/OAS1_0287/OAS1_0287_slice_05_z049.png,Very Mild Dementia/OAS1_0287/OAS1_0287_slice_05_z049.png,OAS1_0287,Very Mild Dementia,1,2,Mild Dementia,0,-15.818795455457902,1.1535641699275816,55.50856325609387,-3.2252019908328835
OASIS_1,LinearSVM,47,test,rician_noise__severe,rician_noise,severe,D:\OASIS_1\distortions_128\rician_noise\severe\Very_Mild_Dementia\OAS1_0287\OAS1_0287_slice_06_z051.png,Very_Mild_Dementia/OAS1_0287/OAS1_0287_slice_06_z051.png,Very Mild Dementia/OAS1_0287/OAS1_0287_slice_06_z051.png,OAS1_0287,Very Mild Dementia,1,2,Mild Dementia,0,-18.117769973209512,7.908242306032547,45.702893872990664,-3.533446503587621
OASIS_1,LinearSVM,47,test,rician_noise__severe,rician_noise,severe,D:\OASIS_1\distortions_128\rician_noise\severe\Very_Mild_Dementia\OAS1_0287\OAS1_0287_slice_07_z054.png,Very_Mild_Dementia/OAS1_0287/OAS1_0287_slice_07_z054.png,Very Mild Dementia/OAS1_0287/OAS1_0287_slice_07_z054.png,OAS1_0287,Very Mild Dementia,1,2,Mild Dementia,0,-17.01921426736321,-7.750003978428265,66.31064465569494,-2.1253704970201293
OASIS_1,LinearSVM,47,test,rician_noise__severe,rician_noise,severe,D:\OASIS_1\distortions_128\rician_noise\severe\Very_Mild_Dementia\OAS1_0287\OAS1_0287_slice_08_z057.png,Very_Mild_Dementia/OAS1_0287/OAS1_0287_slice_08_z057.png,Very Mild Dementia/OAS1_0287/OAS1_0287_slice_08_z057.png,OAS1_0287,Very Mild Dementia,1,2,Mild Dementia,0,-20.244972460839303,-15.221528191018214,71.70916395500544,-1.4584095557722205
OASIS_1,LinearSVM,47,test,rician_noise__severe,rician_noise,severe,D:\OASIS_1\distortions_128\rician_noise\severe\Very_Mild_Dementia\OAS1_0287\OAS1_0287_slice_09_z059.png,Very_Mild_Dementia/OAS1_0287/OAS1_0287_slice_09_z059.png,Very Mild Dementia/OAS1_0287/OAS1_0287_slice_09_z059.png,OAS1_0287,Very Mild Dementia,1,2,Mild Dementia,0,-18.35760256021744,-20.542670515087778,79.3861885379274,-2.884597545394791
OASIS_1,LinearSVM,47,test,rician_noise__severe,rician_noise,severe,D:\OASIS_1\distortions_128\rician_noise\severe\Very_Mild_Dementia\OAS1_0287\OAS1_0287_slice_10_z062.png,Very_Mild_Dementia/OAS1_0287/OAS1_0287_slice_10_z062.png,Very Mild Dementia/OAS1_0287/OAS1_0287_slice_10_z062.png,OAS1_0287,Very Mild Dementia,1,2,Mild Dementia,0,-22.54193188266324,26.453774378227614,39.50945901737072,-1.0687631008408864
OASIS_1,LinearSVM,47,test,rician_noise__severe,rician_noise,severe,D:\OASIS_1\distortions_128\rician_noise\severe\Very_Mild_Dementia\OAS1_0287\OAS1_0287_slice_11_z065.png,Very_Mild_Dementia/OAS1_0287/OAS1_0287_slice_11_z065.png,Very Mild Dementia/OAS1_0287/OAS1_0287_slice_11_z065.png,OAS1_0287,Very Mild Dementia,1,2,Mild Dementia,0,-23.27135072518116,-3.099159815338891,59.09697195195252,-0.7607270894575733
OASIS_1,LinearSVM,47,test,rician_noise__severe,rician_noise,severe,D:\OASIS_1\distortions_128\rician_noise\severe\Very_Mild_Dementia\OAS1_0287\OAS1_0287_slice_12_z068.png,Very_Mild_Dementia/OAS1_0287/OAS1_0287_slice_12_z068.png,Very Mild Dementia/OAS1_0287/OAS1_0287_slice_12_z068.png,OAS1_0287,Very Mild Dementia,1,2,Mild Dementia,0,-26.716888310829447,6.950085618544704,67.38116455810155,-0.7847207242699431
OASIS_1,LinearSVM,47,test,rician_noise__severe,rician_noise,severe,D:\OASIS_1\distortions_128\rician_noise\severe\Very_Mild_Dementia\OAS1_0287\OAS1_0287_slice_13_z070.png,Very_Mild_Dementia/OAS1_0287/OAS1_0287_slice_13_z070.png,Very Mild Dementia/OAS1_0287/OAS1_0287_slice_13_z070.png,OAS1_0287,Very Mild Dementia,1,2,Mild Dementia,0,-18.961487110254087,-14.488930598077282,74.03482315736015,-2.62629682712156
OASIS_1,LinearSVM,47,test,rician_noise__severe,rician_noise,severe,D:\OASIS_1\distortions_128\rician_noise\severe\Very_Mild_Dementia\OAS1_0287\OAS1_0287_slice_14_z073.png,Very_Mild_Dementia/OAS1_0287/OAS1_0287_slice_14_z073.png,Very Mild Dementia/OAS1_0287/OAS1_0287_slice_14_z073.png,OAS1_0287,Very Mild Dementia,1,2,Mild Dementia,0,-22.129517622377378,-15.09622415133015,81.06392412286394,-1.3787845563124097
OASIS_1,LinearSVM,47,test,rician_noise__severe,rician_noise,severe,D:\OASIS_1\distortions_128\rician_noise\severe\Very_Mild_Dementia\OAS1_0287\OAS1_0287_slice_15_z076.png,Very_Mild_Dementia/OAS1_0287/OAS1_0287_slice_15_z076.png,Very Mild Dementia/OAS1_0287/OAS1_0287_slice_15_z076.png,OAS1_0287,Very Mild Dementia,1,2,Mild Dementia,0,-20.071653864165157,-3.753394975594012,76.29688576315215,-3.043087347842584
OASIS_1,LinearSVM,47,test,rician_noise__severe,rician_noise,severe,D:\OASIS_1\distortions_128\rician_noise\severe\Very_Mild_Dementia\OAS1_0287\OAS1_0287_slice_16_z078.png,Very_Mild_Dementia/OAS1_0287/OAS1_0287_slice_16_z078.png,Very Mild Dementia/OAS1_0287/OAS1_0287_slice_16_z078.png,OAS1_0287,Very Mild Dementia,1,2,Mild Dementia,0,-17.594403597058545,-7.059389247646648,72.98067502520865,-4.01336394063098
OASIS_1,LinearSVM,47,test,rician_noise__severe,rician_noise,severe,D:\OASIS_1\distortions_128\rician_noise\severe\Very_Mild_Dementia\OAS1_0287\OAS1_0287_slice_17_z081.png,Very_Mild_Dementia/OAS1_0287/OAS1_0287_slice_17_z081.png,Very Mild Dementia/OAS1_0287/OAS1_0287_slice_17_z081.png,OAS1_0287,Very Mild Dementia,1,2,Mild Dementia,0,-13.666160719104145,-19.800397600554483,61.01206405061994,-2.551072914565556
OASIS_1,LinearSVM,47,test,rician_noise__severe,rician_noise,severe,D:\OASIS_1\distortions_128\rician_noise\severe\Very_Mild_Dementia\OAS1_0287\OAS1_0287_slice_18_z084.png,Very_Mild_Dementia/OAS1_0287/OAS1_0287_slice_18_z084.png,Very Mild Dementia/OAS1_0287/OAS1_0287_slice_18_z084.png,OAS1_0287,Very Mild Dementia,1,2,Mild Dementia,0,-16.427531871774335,-21.38292368680542,77.81607144391894,-2.9779362867502392
OASIS_1,LinearSVM,47,test,rician_noise__severe,rician_noise,severe,D:\OASIS_1\distortions_128\rician_noise\severe\Very_Mild_Dementia\OAS1_0287\OAS1_0287_slice_19_z086.png,Very_Mild_Dementia/OAS1_0287/OAS1_0287_slice_19_z086.png,Very Mild Dementia/OAS1_0287/OAS1_0287_slice_19_z086.png,OAS1_0287,Very Mild Dementia,1,2,Mild Dementia,0,-19.307632998588186,-20.675750321174718,85.38915538403567,-2.7921343622897297
OASIS_1,LinearSVM,47,test,rician_noise__severe,rician_noise,severe,D:\OASIS_1\distortions_128\rician_noise\severe\Very_Mild_Dementia\OAS1_0287\OAS1_0287_slice_20_z089.png,Very_Mild_Dementia/OAS1_0287/OAS1_0287_slice_20_z089.png,Very Mild Dementia/OAS1_0287/OAS1_0287_slice_20_z089.png,OAS1_0287,Very Mild Dementia,1,2,Mild Dementia,0,-19.632898813076192,8.12358531283745,52.96021711077795,-2.4507703226658726
OASIS_1,LinearSVM,47,test,rician_noise__severe,rician_noise,severe,D:\OASIS_1\distortions_128\rician_noise\severe\Very_Mild_Dementia\OAS1_0312\OAS1_0312_slice_01_z038.png,Very_Mild_Dementia/OAS1_0312/OAS1_0312_slice_01_z038.png,Very Mild Dementia/OAS1_0312/OAS1_0312_slice_01_z038.png,OAS1_0312,Very Mild Dementia,1,2,Mild Dementia,0,-26.744810373480178,16.854232071100007,61.85662995049005,-3.166766272653738
OASIS_1,LinearSVM,47,test,rician_noise__severe,rician_noise,severe,D:\OASIS_1\distortions_128\rician_noise\severe\Very_Mild_Dementia\OAS1_0312\OAS1_0312_slice_02_z041.png,Very_Mild_Dementia/OAS1_0312/OAS1_0312_slice_02_z041.png,Very Mild Dementia/OAS1_0312/OAS1_0312_slice_02_z041.png,OAS1_0312,Very Mild Dementia,1,2,Mild Dementia,0,-17.556787324514296,-28.4791620852129,88.71414798200661,-4.125028849563631
OASIS_1,LinearSVM,47,test,rician_noise__severe,rician_noise,severe,D:\OASIS_1\distortions_128\rician_noise\severe\Very_Mild_Dementia\OAS1_0312\OAS1_0312_slice_03_z043.png,Very_Mild_Dementia/OAS1_0312/OAS1_0312_slice_03_z043.png,Very Mild Dementia/OAS1_0312/OAS1_0312_slice_03_z043.png,OAS1_0312,Very Mild Dementia,1,2,Mild Dementia,0,-26.70729378504979,4.053718320614856,66.07757619828685,-1.373605694791959
OASIS_1,LinearSVM,47,test,rician_noise__severe,rician_noise,severe,D:\OASIS_1\distortions_128\rician_noise\severe\Very_Mild_Dementia\OAS1_0312\OAS1_0312_slice_04_z046.png,Very_Mild_Dementia/OAS1_0312/OAS1_0312_slice_04_z046.png,Very Mild Dementia/OAS1_0312/OAS1_0312_slice_04_z046.png,OAS1_0312,Very Mild Dementia,1,2,Mild Dementia,0,-19.84156348423711,-0.13870107171664167,75.70108581616917,-2.234061203785193
OASIS_1,LinearSVM,47,test,rician_noise__severe,rician_noise,severe,D:\OASIS_1\distortions_128\rician_noise\severe\Very_Mild_Dementia\OAS1_0312\OAS1_0312_slice_05_z049.png,Very_Mild_Dementia/OAS1_0312/OAS1_0312_slice_05_z049.png,Very Mild Dementia/OAS1_0312/OAS1_0312_slice_05_z049.png,OAS1_0312,Very Mild Dementia,1,2,Mild Dementia,0,-19.534933382787617,20.4617830737268,38.72021637991979,-1.830399313881609
OASIS_1,LinearSVM,47,test,rician_noise__severe,rician_noise,severe,D:\OASIS_1\distortions_128\rician_noise\severe\Very_Mild_Dementia\OAS1_0312\OAS1_0312_slice_06_z051.png,Very_Mild_Dementia/OAS1_0312/OAS1_0312_slice_06_z051.png,Very Mild Dementia/OAS1_0312/OAS1_0312_slice_06_z051.png,OAS1_0312,Very Mild Dementia,1,2,Mild Dementia,0,-23.10668728584335,-11.906610944403672,82.26397482130898,-2.7000006056082917
OASIS_1,LinearSVM,47,test,rician_noise__severe,rician_noise,severe,D:\OASIS_1\distortions_128\rician_noise\severe\Very_Mild_Dementia\OAS1_0312\OAS1_0312_slice_07_z054.png,Very_Mild_Dementia/OAS1_0312/OAS1_0312_slice_07_z054.png,Very Mild Dementia/OAS1_0312/OAS1_0312_slice_07_z054.png,OAS1_0312,Very Mild Dementia,1,2,Mild Dementia,0,-21.968734157912817,0.7045862894863655,52.710060377733534,-3.8857252684848875
OASIS_1,LinearSVM,47,test,rician_noise__severe,rician_noise,severe,D:\OASIS_1\distortions_128\rician_noise\severe\Very_Mild_Dementia\OAS1_0312\OAS1_0312_slice_08_z057.png,Very_Mild_Dementia/OAS1_0312/OAS1_0312_slice_08_z057.png,Very Mild Dementia/OAS1_0312/OAS1_0312_slice_08_z057.png,OAS1_0312,Very Mild Dementia,1,2,Mild Dementia,0,-15.737802158653247,-9.85907597010727,60.06420105759903,-3.2080021787672477
OASIS_1,LinearSVM,47,test,rician_noise__severe,rician_noise,severe,D:\OASIS_1\distortions_128\rician_noise\severe\Very_Mild_Dementia\OAS1_0312\OAS1_0312_slice_09_z059.png,Very_Mild_Dementia/OAS1_0312/OAS1_0312_slice_09_z059.png,Very Mild Dementia/OAS1_0312/OAS1_0312_slice_09_z059.png,OAS1_0312,Very Mild Dementia,1,2,Mild Dementia,0,-16.04532127731718,-6.640564470423816,65.07377452818108,-2.252834907318825
OASIS_1,LinearSVM,47,test,rician_noise__severe,rician_noise,severe,D:\OASIS_1\distortions_128\rician_noise\severe\Very_Mild_Dementia\OAS1_0312\OAS1_0312_slice_10_z062.png,Very_Mild_Dementia/OAS1_0312/OAS1_0312_slice_10_z062.png,Very Mild Dementia/OAS1_0312/OAS1_0312_slice_10_z062.png,OAS1_0312,Very Mild Dementia,1,2,Mild Dementia,0,-15.065656183491653,-8.820687630258508,60.66912199065015,-3.05277729458384
OASIS_1,LinearSVM,47,test,rician_noise__severe,rician_noise,severe,D:\OASIS_1\distortions_128\rician_noise\severe\Very_Mild_Dementia\OAS1_0312\OAS1_0312_slice_11_z065.png,Very_Mild_Dementia/OAS1_0312/OAS1_0312_slice_11_z065.png,Very Mild Dementia/OAS1_0312/OAS1_0312_slice_11_z065.png,OAS1_0312,Very Mild Dementia,1,2,Mild Dementia,0,-25.622788972871493,3.6053446761925985,65.32076842045912,-1.9063782898264523
OASIS_1,LinearSVM,47,test,rician_noise__severe,rician_noise,severe,D:\OASIS_1\distortions_128\rician_noise\severe\Very_Mild_Dementia\OAS1_0312\OAS1_0312_slice_12_z068.png,Very_Mild_Dementia/OAS1_0312/OAS1_0312_slice_12_z068.png,Very Mild Dementia/OAS1_0312/OAS1_0312_slice_12_z068.png,OAS1_0312,Very Mild Dementia,1,2,Mild Dementia,0,-14.98458027433087,10.435830435992914,43.28540916845738,-2.9733802947763195
OASIS_1,LinearSVM,47,test,rician_noise__severe,rician_noise,severe,D:\OASIS_1\distortions_128\rician_noise\severe\Very_Mild_Dementia\OAS1_0312\OAS1_0312_slice_13_z070.png,Very_Mild_Dementia/OAS1_0312/OAS1_0312_slice_13_z070.png,Very Mild Dementia/OAS1_0312/OAS1_0312_slice_13_z070.png,OAS1_0312,Very Mild Dementia,1,2,Mild Dementia,0,-25.50990487039394,7.52233564646136,72.15095338279829,-1.6699203695775742
OASIS_1,LinearSVM,47,test,rician_noise__severe,rician_noise,severe,D:\OASIS_1\distortions_128\rician_noise\severe\Very_Mild_Dementia\OAS1_0312\OAS1_0312_slice_14_z073.png,Very_Mild_Dementia/OAS1_0312/OAS1_0312_slice_14_z073.png,Very Mild Dementia/OAS1_0312/OAS1_0312_slice_14_z073.png,OAS1_0312,Very Mild Dementia,1,2,Mild Dementia,0,-16.763258124530193,-5.365724071300035,64.9789221279111,-2.6052155508294526
OASIS_1,LinearSVM,47,test,rician_noise__severe,rician_noise,severe,D:\OASIS_1\distortions_128\rician_noise\severe\Very_Mild_Dementia\OAS1_0312\OAS1_0312_slice_15_z076.png,Very_Mild_Dementia/OAS1_0312/OAS1_0312_slice_15_z076.png,Very Mild Dementia/OAS1_0312/OAS1_0312_slice_15_z076.png,OAS1_0312,Very Mild Dementia,1,2,Mild Dementia,0,-23.634341210531392,6.1059622478633235,62.041576308865835,-2.1625285979668165
OASIS_1,LinearSVM,47,test,rician_noise__severe,rician_noise,severe,D:\OASIS_1\distortions_128\rician_noise\severe\Very_Mild_Dementia\OAS1_0312\OAS1_0312_slice_16_z078.png,Very_Mild_Dementia/OAS1_0312/OAS1_0312_slice_16_z078.png,Very Mild Dementia/OAS1_0312/OAS1_0312_slice_16_z078.png,OAS1_0312,Very Mild Dementia,1,2,Mild Dementia,0,-19.76152322502161,9.85816868352535,47.48408810533678,-2.104339703917242
OASIS_1,LinearSVM,47,test,rician_noise__severe,rician_noise,severe,D:\OASIS_1\distortions_128\rician_noise\severe\Very_Mild_Dementia\OAS1_0312\OAS1_0312_slice_17_z081.png,Very_Mild_Dementia/OAS1_0312/OAS1_0312_slice_17_z081.png,Very Mild Dementia/OAS1_0312/OAS1_0312_slice_17_z081.png,OAS1_0312,Very Mild Dementia,1,2,Mild Dementia,0,-21.814632873881177,-5.449243726012829,77.6430545825697,-3.1453099195745295
OASIS_1,LinearSVM,47,test,rician_noise__severe,rician_noise,severe,D:\OASIS_1\distortions_128\rician_noise\severe\Very_Mild_Dementia\OAS1_0312\OAS1_0312_slice_18_z084.png,Very_Mild_Dementia/OAS1_0312/OAS1_0312_slice_18_z084.png,Very Mild Dementia/OAS1_0312/OAS1_0312_slice_18_z084.png,OAS1_0312,Very Mild Dementia,1,2,Mild Dementia,0,-17.427171082384195,-12.04208148661984,69.55650365679655,-4.348188049873959
OASIS_1,LinearSVM,47,test,rician_noise__severe,rician_noise,severe,D:\OASIS_1\distortions_128\rician_noise\severe\Very_Mild_Dementia\OAS1_0312\OAS1_0312_slice_19_z086.png,Very_Mild_Dementia/OAS1_0312/OAS1_0312_slice_19_z086.png,Very Mild Dementia/OAS1_0312/OAS1_0312_slice_19_z086.png,OAS1_0312,Very Mild Dementia,1,2,Mild Dementia,0,-18.56251707440516,-16.65989630511381,72.38247386138133,-1.9648573731123704
OASIS_1,LinearSVM,47,test,rician_noise__severe,rician_noise,severe,D:\OASIS_1\distortions_128\rician_noise\severe\Very_Mild_Dementia\OAS1_0312\OAS1_0312_slice_20_z089.png,Very_Mild_Dementia/OAS1_0312/OAS1_0312_slice_20_z089.png,Very Mild Dementia/OAS1_0312/OAS1_0312_slice_20_z089.png,OAS1_0312,Very Mild Dementia,1,2,Mild Dementia,0,-22.145471290983433,-8.411679667937843,76.71914735543076,-1.659115515006166
OASIS_1,LinearSVM,47,test,rician_noise__severe,rician_noise,severe,D:\OASIS_1\distortions_128\rician_noise\severe\Very_Mild_Dementia\OAS1_0380\OAS1_0380_slice_01_z038.png,Very_Mild_Dementia/OAS1_0380/OAS1_0380_slice_01_z038.png,Very Mild Dementia/OAS1_0380/OAS1_0380_slice_01_z038.png,OAS1_0380,Very Mild Dementia,1,2,Mild Dementia,0,-25.891185138572173,12.33771237750661,55.52552420418121,-1.5132612839922075
OASIS_1,LinearSVM,47,test,rician_noise__severe,rician_noise,severe,D:\OASIS_1\distortions_128\rician_noise\severe\Very_Mild_Dementia\OAS1_0380\OAS1_0380_slice_02_z041.png,Very_Mild_Dementia/OAS1_0380/OAS1_0380_slice_02_z041.png,Very Mild Dementia/OAS1_0380/OAS1_0380_slice_02_z041.png,OAS1_0380,Very Mild Dementia,1,2,Mild Dementia,0,-18.796608530886697,-6.632935352944526,58.453864116869795,-1.7812513259262026
OASIS_1,LinearSVM,47,test,rician_noise__severe,rician_noise,severe,D:\OASIS_1\distortions_128\rician_noise\severe\Very_Mild_Dementia\OAS1_0380\OAS1_0380_slice_03_z043.png,Very_Mild_Dementia/OAS1_0380/OAS1_0380_slice_03_z043.png,Very Mild Dementia/OAS1_0380/OAS1_0380_slice_03_z043.png,OAS1_0380,Very Mild Dementia,1,2,Mild Dementia,0,-21.55393165518326,23.962367986970953,39.07745952339758,-2.5052513737063453
OASIS_1,LinearSVM,47,test,rician_noise__severe,rician_noise,severe,D:\OASIS_1\distortions_128\rician_noise\severe\Very_Mild_Dementia\OAS1_0380\OAS1_0380_slice_04_z046.png,Very_Mild_Dementia/OAS1_0380/OAS1_0380_slice_04_z046.png,Very Mild Dementia/OAS1_0380/OAS1_0380_slice_04_z046.png,OAS1_0380,Very Mild Dementia,1,2,Mild Dementia,0,-22.848425631328215,8.669501269707684,48.192503803669155,-2.787448526731678
OASIS_1,LinearSVM,47,test,rician_noise__severe,rician_noise,severe,D:\OASIS_1\distortions_128\rician_noise\severe\Very_Mild_Dementia\OAS1_0380\OAS1_0380_slice_05_z049.png,Very_Mild_Dementia/OAS1_0380/OAS1_0380_slice_05_z049.png,Very Mild Dementia/OAS1_0380/OAS1_0380_slice_05_z049.png,OAS1_0380,Very Mild Dementia,1,2,Mild Dementia,0,-23.301963035799236,-3.3563135095311702,71.90726645116193,-2.3149751456535483
OASIS_1,LinearSVM,47,test,rician_noise__severe,rician_noise,severe,D:\OASIS_1\distortions_128\rician_noise\severe\Very_Mild_Dementia\OAS1_0380\OAS1_0380_slice_06_z051.png,Very_Mild_Dementia/OAS1_0380/OAS1_0380_slice_06_z051.png,Very Mild Dementia/OAS1_0380/OAS1_0380_slice_06_z051.png,OAS1_0380,Very Mild Dementia,1,2,Mild Dementia,0,-26.42452307656555,-2.5918149618606057,70.50263315529237,-2.0607136676947237
OASIS_1,LinearSVM,47,test,rician_noise__severe,rician_noise,severe,D:\OASIS_1\distortions_128\rician_noise\severe\Very_Mild_Dementia\OAS1_0380\OAS1_0380_slice_07_z054.png,Very_Mild_Dementia/OAS1_0380/OAS1_0380_slice_07_z054.png,Very Mild Dementia/OAS1_0380/OAS1_0380_slice_07_z054.png,OAS1_0380,Very Mild Dementia,1,2,Mild Dementia,0,-27.8397049928063,16.352312764182578,58.80837003634858,-2.452858339557434
OASIS_1,LinearSVM,47,test,rician_noise__severe,rician_noise,severe,D:\OASIS_1\distortions_128\rician_noise\severe\Very_Mild_Dementia\OAS1_0380\OAS1_0380_slice_08_z057.png,Very_Mild_Dementia/OAS1_0380/OAS1_0380_slice_08_z057.png,Very Mild Dementia/OAS1_0380/OAS1_0380_slice_08_z057.png,OAS1_0380,Very Mild Dementia,1,2,Mild Dementia,0,-34.909845995632466,22.864187225103336,54.82761670153168,-1.717956536560656
OASIS_1,LinearSVM,47,test,rician_noise__severe,rician_noise,severe,D:\OASIS_1\distortions_128\rician_noise\severe\Very_Mild_Dementia\OAS1_0380\OAS1_0380_slice_09_z059.png,Very_Mild_Dementia/OAS1_0380/OAS1_0380_slice_09_z059.png,Very Mild Dementia/OAS1_0380/OAS1_0380_slice_09_z059.png,OAS1_0380,Very Mild Dementia,1,2,Mild Dementia,0,-23.670111017981416,-3.1127429576869643,65.55918190165357,-2.6735029138930786
OASIS_1,LinearSVM,47,test,rician_noise__severe,rician_noise,severe,D:\OASIS_1\distortions_128\rician_noise\severe\Very_Mild_Dementia\OAS1_0380\OAS1_0380_slice_10_z062.png,Very_Mild_Dementia/OAS1_0380/OAS1_0380_slice_10_z062.png,Very Mild Dementia/OAS1_0380/OAS1_0380_slice_10_z062.png,OAS1_0380,Very Mild Dementia,1,2,Mild Dementia,0,-25.69356031284917,-5.602385433566872,78.61363314991759,-3.268001104041338
OASIS_1,LinearSVM,47,test,rician_noise__severe,rician_noise,severe,D:\OASIS_1\distortions_128\rician_noise\severe\Very_Mild_Dementia\OAS1_0380\OAS1_0380_slice_11_z065.png,Very_Mild_Dementia/OAS1_0380/OAS1_0380_slice_11_z065.png,Very Mild Dementia/OAS1_0380/OAS1_0380_slice_11_z065.png,OAS1_0380,Very Mild Dementia,1,2,Mild Dementia,0,-19.69478817704759,6.225681273573781,58.411563915768916,-2.8890920138141896
OASIS_1,LinearSVM,47,test,rician_noise__severe,rician_noise,severe,D:\OASIS_1\distortions_128\rician_noise\severe\Very_Mild_Dementia\OAS1_0380\OAS1_0380_slice_12_z068.png,Very_Mild_Dementia/OAS1_0380/OAS1_0380_slice_12_z068.png,Very Mild Dementia/OAS1_0380/OAS1_0380_slice_12_z068.png,OAS1_0380,Very Mild Dementia,1,2,Mild Dementia,0,-21.15063063263744,-11.921584766693211,72.93480096373959,-2.962293480533252
OASIS_1,LinearSVM,47,test,rician_noise__severe,rician_noise,severe,D:\OASIS_1\distortions_128\rician_noise\severe\Very_Mild_Dementia\OAS1_0380\OAS1_0380_slice_13_z070.png,Very_Mild_Dementia/OAS1_0380/OAS1_0380_slice_13_z070.png,Very Mild Dementia/OAS1_0380/OAS1_0380_slice_13_z070.png,OAS1_0380,Very Mild Dementia,1,2,Mild Dementia,0,-30.003832618134226,10.837383479818794,69.7464822145435,-2.053022207785755
OASIS_1,LinearSVM,47,test,rician_noise__severe,rician_noise,severe,D:\OASIS_1\distortions_128\rician_noise\severe\Very_Mild_Dementia\OAS1_0380\OAS1_0380_slice_14_z073.png,Very_Mild_Dementia/OAS1_0380/OAS1_0380_slice_14_z073.png,Very Mild Dementia/OAS1_0380/OAS1_0380_slice_14_z073.png,OAS1_0380,Very Mild Dementia,1,2,Mild Dementia,0,-19.139951154553604,3.930122009213883,65.23405657994621,-2.923353044764494
OASIS_1,LinearSVM,47,test,rician_noise__severe,rician_noise,severe,D:\OASIS_1\distortions_128\rician_noise\severe\Very_Mild_Dementia\OAS1_0380\OAS1_0380_slice_15_z076.png,Very_Mild_Dementia/OAS1_0380/OAS1_0380_slice_15_z076.png,Very Mild Dementia/OAS1_0380/OAS1_0380_slice_15_z076.png,OAS1_0380,Very Mild Dementia,1,2,Mild Dementia,0,-32.98100296945404,27.012407719635803,55.44882658447429,-1.369760891556289
OASIS_1,LinearSVM,47,test,rician_noise__severe,rician_noise,severe,D:\OASIS_1\distortions_128\rician_noise\severe\Very_Mild_Dementia\OAS1_0380\OAS1_0380_slice_16_z078.png,Very_Mild_Dementia/OAS1_0380/OAS1_0380_slice_16_z078.png,Very Mild Dementia/OAS1_0380/OAS1_0380_slice_16_z078.png,OAS1_0380,Very Mild Dementia,1,2,Mild Dementia,0,-22.292645957036935,0.35509881550144495,58.099197958464835,-0.9392459699253769
OASIS_1,LinearSVM,47,test,rician_noise__severe,rician_noise,severe,D:\OASIS_1\distortions_128\rician_noise\severe\Very_Mild_Dementia\OAS1_0380\OAS1_0380_slice_17_z081.png,Very_Mild_Dementia/OAS1_0380/OAS1_0380_slice_17_z081.png,Very Mild Dementia/OAS1_0380/OAS1_0380_slice_17_z081.png,OAS1_0380,Very Mild Dementia,1,2,Mild Dementia,0,-23.675601453308698,5.037374825992315,48.7460602474319,-0.30951531900398455
OASIS_1,LinearSVM,47,test,rician_noise__severe,rician_noise,severe,D:\OASIS_1\distortions_128\rician_noise\severe\Very_Mild_Dementia\OAS1_0380\OAS1_0380_slice_18_z084.png,Very_Mild_Dementia/OAS1_0380/OAS1_0380_slice_18_z084.png,Very Mild Dementia/OAS1_0380/OAS1_0380_slice_18_z084.png,OAS1_0380,Very Mild Dementia,1,2,Mild Dementia,0,-21.69539281968538,7.501834959982669,52.71298000538932,-1.029604292476113
OASIS_1,LinearSVM,47,test,rician_noise__severe,rician_noise,severe,D:\OASIS_1\distortions_128\rician_noise\severe\Very_Mild_Dementia\OAS1_0380\OAS1_0380_slice_19_z086.png,Very_Mild_Dementia/OAS1_0380/OAS1_0380_slice_19_z086.png,Very Mild Dementia/OAS1_0380/OAS1_0380_slice_19_z086.png,OAS1_0380,Very Mild Dementia,1,2,Mild Dementia,0,-22.061977112588607,-0.6194802491921836,63.196102826891114,-2.568020571122477
OASIS_1,LinearSVM,47,test,rician_noise__severe,rician_noise,severe,D:\OASIS_1\distortions_128\rician_noise\severe\Very_Mild_Dementia\OAS1_0380\OAS1_0380_slice_20_z089.png,Very_Mild_Dementia/OAS1_0380/OAS1_0380_slice_20_z089.png,Very Mild Dementia/OAS1_0380/OAS1_0380_slice_20_z089.png,OAS1_0380,Very Mild Dementia,1,2,Mild Dementia,0,-20.706515887908385,-2.854684517526157,67.00176794164122,-1.8947499920382316
OASIS_1,LinearSVM,47,test,rician_noise__severe,rician_noise,severe,D:\OASIS_1\distortions_128\rician_noise\severe\Very_Mild_Dementia\OAS1_0400\OAS1_0400_slice_01_z038.png,Very_Mild_Dementia/OAS1_0400/OAS1_0400_slice_01_z038.png,Very Mild Dementia/OAS1_0400/OAS1_0400_slice_01_z038.png,OAS1_0400,Very Mild Dementia,1,2,Mild Dementia,0,-16.86223935321972,-27.7059053712224,80.58780470868895,-2.9446868117403353
OASIS_1,LinearSVM,47,test,rician_noise__severe,rician_noise,severe,D:\OASIS_1\distortions_128\rician_noise\severe\Very_Mild_Dementia\OAS1_0400\OAS1_0400_slice_02_z041.png,Very_Mild_Dementia/OAS1_0400/OAS1_0400_slice_02_z041.png,Very Mild Dementia/OAS1_0400/OAS1_0400_slice_02_z041.png,OAS1_0400,Very Mild Dementia,1,2,Mild Dementia,0,-23.10124441957824,-12.289138582073983,80.81895803209967,-1.9298688692996555
OASIS_1,LinearSVM,47,test,rician_noise__severe,rician_noise,severe,D:\OASIS_1\distortions_128\rician_noise\severe\Very_Mild_Dementia\OAS1_0400\OAS1_0400_slice_03_z043.png,Very_Mild_Dementia/OAS1_0400/OAS1_0400_slice_03_z043.png,Very Mild Dementia/OAS1_0400/OAS1_0400_slice_03_z043.png,OAS1_0400,Very Mild Dementia,1,2,Mild Dementia,0,-16.703807482157615,-14.80576031591089,71.5102693847823,-3.498739559292714
OASIS_1,LinearSVM,47,test,rician_noise__severe,rician_noise,severe,D:\OASIS_1\distortions_128\rician_noise\severe\Very_Mild_Dementia\OAS1_0400\OAS1_0400_slice_04_z046.png,Very_Mild_Dementia/OAS1_0400/OAS1_0400_slice_04_z046.png,Very Mild Dementia/OAS1_0400/OAS1_0400_slice_04_z046.png,OAS1_0400,Very Mild Dementia,1,2,Mild Dementia,0,-20.750572451325056,11.112748338503243,55.864192676295616,-2.2217068159843327
OASIS_1,LinearSVM,47,test,rician_noise__severe,rician_noise,severe,D:\OASIS_1\distortions_128\rician_noise\severe\Very_Mild_Dementia\OAS1_0400\OAS1_0400_slice_05_z049.png,Very_Mild_Dementia/OAS1_0400/OAS1_0400_slice_05_z049.png,Very Mild Dementia/OAS1_0400/OAS1_0400_slice_05_z049.png,OAS1_0400,Very Mild Dementia,1,2,Mild Dementia,0,-12.7572219433314,-17.526285524713845,68.37349032083965,-2.6797025053082337
OASIS_1,LinearSVM,47,test,rician_noise__severe,rician_noise,severe,D:\OASIS_1\distortions_128\rician_noise\severe\Very_Mild_Dementia\OAS1_0400\OAS1_0400_slice_06_z051.png,Very_Mild_Dementia/OAS1_0400/OAS1_0400_slice_06_z051.png,Very Mild Dementia/OAS1_0400/OAS1_0400_slice_06_z051.png,OAS1_0400,Very Mild Dementia,1,2,Mild Dementia,0,-20.653656272007755,-6.447964139597185,56.275321421082964,-1.7010069306590534
OASIS_1,LinearSVM,47,test,rician_noise__severe,rician_noise,severe,D:\OASIS_1\distortions_128\rician_noise\severe\Very_Mild_Dementia\OAS1_0400\OAS1_0400_slice_07_z054.png,Very_Mild_Dementia/OAS1_0400/OAS1_0400_slice_07_z054.png,Very Mild Dementia/OAS1_0400/OAS1_0400_slice_07_z054.png,OAS1_0400,Very Mild Dementia,1,2,Mild Dementia,0,-19.713504393556473,5.2545465149887365,48.42212028470542,-2.04030814516624
OASIS_1,LinearSVM,47,test,rician_noise__severe,rician_noise,severe,D:\OASIS_1\distortions_128\rician_noise\severe\Very_Mild_Dementia\OAS1_0400\OAS1_0400_slice_08_z057.png,Very_Mild_Dementia/OAS1_0400/OAS1_0400_slice_08_z057.png,Very Mild Dementia/OAS1_0400/OAS1_0400_slice_08_z057.png,OAS1_0400,Very Mild Dementia,1,2,Mild Dementia,0,-19.037472458333816,9.980083928396711,50.10485687149493,-1.2068479934429543
OASIS_1,LinearSVM,47,test,rician_noise__severe,rician_noise,severe,D:\OASIS_1\distortions_128\rician_noise\severe\Very_Mild_Dementia\OAS1_0400\OAS1_0400_slice_09_z059.png,Very_Mild_Dementia/OAS1_0400/OAS1_0400_slice_09_z059.png,Very Mild Dementia/OAS1_0400/OAS1_0400_slice_09_z059.png,OAS1_0400,Very Mild Dementia,1,2,Mild Dementia,0,-26.126055458848917,13.533213163830474,65.73300814317909,-2.34186842877968
OASIS_1,LinearSVM,47,test,rician_noise__severe,rician_noise,severe,D:\OASIS_1\distortions_128\rician_noise\severe\Very_Mild_Dementia\OAS1_0400\OAS1_0400_slice_10_z062.png,Very_Mild_Dementia/OAS1_0400/OAS1_0400_slice_10_z062.png,Very Mild Dementia/OAS1_0400/OAS1_0400_slice_10_z062.png,OAS1_0400,Very Mild Dementia,1,2,Mild Dementia,0,-16.102020253205655,1.5712372682488835,56.78742442847389,-2.605186234464285
OASIS_1,LinearSVM,47,test,rician_noise__severe,rician_noise,severe,D:\OASIS_1\distortions_128\rician_noise\severe\Very_Mild_Dementia\OAS1_0400\OAS1_0400_slice_11_z065.png,Very_Mild_Dementia/OAS1_0400/OAS1_0400_slice_11_z065.png,Very Mild Dementia/OAS1_0400/OAS1_0400_slice_11_z065.png,OAS1_0400,Very Mild Dementia,1,2,Mild Dementia,0,-28.46946164081251,35.535699597241575,37.60784499218806,-0.5946245490282789
OASIS_1,LinearSVM,47,test,rician_noise__severe,rician_noise,severe,D:\OASIS_1\distortions_128\rician_noise\severe\Very_Mild_Dementia\OAS1_0400\OAS1_0400_slice_12_z068.png,Very_Mild_Dementia/OAS1_0400/OAS1_0400_slice_12_z068.png,Very Mild Dementia/OAS1_0400/OAS1_0400_slice_12_z068.png,OAS1_0400,Very Mild Dementia,1,2,Mild Dementia,0,-26.52427037766989,8.13297401204607,64.01554039914598,-2.565637928786781
OASIS_1,LinearSVM,47,test,rician_noise__severe,rician_noise,severe,D:\OASIS_1\distortions_128\rician_noise\severe\Very_Mild_Dementia\OAS1_0400\OAS1_0400_slice_13_z070.png,Very_Mild_Dementia/OAS1_0400/OAS1_0400_slice_13_z070.png,Very Mild Dementia/OAS1_0400/OAS1_0400_slice_13_z070.png,OAS1_0400,Very Mild Dementia,1,2,Mild Dementia,0,-17.272490007227166,6.205680055187982,45.87848749061625,-2.6136951935188275
OASIS_1,LinearSVM,47,test,rician_noise__severe,rician_noise,severe,D:\OASIS_1\distortions_128\rician_noise\severe\Very_Mild_Dementia\OAS1_0400\OAS1_0400_slice_14_z073.png,Very_Mild_Dementia/OAS1_0400/OAS1_0400_slice_14_z073.png,Very Mild Dementia/OAS1_0400/OAS1_0400_slice_14_z073.png,OAS1_0400,Very Mild Dementia,1,2,Mild Dementia,0,-18.39800763558438,1.5390344080103704,47.99844277455789,-0.9969434087449767
OASIS_1,LinearSVM,47,test,rician_noise__severe,rician_noise,severe,D:\OASIS_1\distortions_128\rician_noise\severe\Very_Mild_Dementia\OAS1_0400\OAS1_0400_slice_15_z076.png,Very_Mild_Dementia/OAS1_0400/OAS1_0400_slice_15_z076.png,Very Mild Dementia/OAS1_0400/OAS1_0400_slice_15_z076.png,OAS1_0400,Very Mild Dementia,1,2,Mild Dementia,0,-22.54991344717206,-8.5914097279439,67.28160529878339,-2.376265027358712
OASIS_1,LinearSVM,47,test,rician_noise__severe,rician_noise,severe,D:\OASIS_1\distortions_128\rician_noise\severe\Very_Mild_Dementia\OAS1_0400\OAS1_0400_slice_16_z078.png,Very_Mild_Dementia/OAS1_0400/OAS1_0400_slice_16_z078.png,Very Mild Dementia/OAS1_0400/OAS1_0400_slice_16_z078.png,OAS1_0400,Very Mild Dementia,1,2,Mild Dementia,0,-22.62695000947265,10.692727879827284,48.19853813866958,-2.3945011383661434
OASIS_1,LinearSVM,47,test,rician_noise__severe,rician_noise,severe,D:\OASIS_1\distortions_128\rician_noise\severe\Very_Mild_Dementia\OAS1_0400\OAS1_0400_slice_17_z081.png,Very_Mild_Dementia/OAS1_0400/OAS1_0400_slice_17_z081.png,Very Mild Dementia/OAS1_0400/OAS1_0400_slice_17_z081.png,OAS1_0400,Very Mild Dementia,1,2,Mild Dementia,0,-25.18804227390843,28.593043706769954,40.39693056323161,-2.9990225653381213
OASIS_1,LinearSVM,47,test,rician_noise__severe,rician_noise,severe,D:\OASIS_1\distortions_128\rician_noise\severe\Very_Mild_Dementia\OAS1_0400\OAS1_0400_slice_18_z084.png,Very_Mild_Dementia/OAS1_0400/OAS1_0400_slice_18_z084.png,Very Mild Dementia/OAS1_0400/OAS1_0400_slice_18_z084.png,OAS1_0400,Very Mild Dementia,1,2,Mild Dementia,0,-18.12803816651794,-6.141602787792626,55.71796899732069,-2.2551337709249717
OASIS_1,LinearSVM,47,test,rician_noise__severe,rician_noise,severe,D:\OASIS_1\distortions_128\rician_noise\severe\Very_Mild_Dementia\OAS1_0400\OAS1_0400_slice_19_z086.png,Very_Mild_Dementia/OAS1_0400/OAS1_0400_slice_19_z086.png,Very Mild Dementia/OAS1_0400/OAS1_0400_slice_19_z086.png,OAS1_0400,Very Mild Dementia,1,2,Mild Dementia,0,-20.233149132535683,6.367475004426054,62.573276674060786,-1.2298161075311365
OASIS_1,LinearSVM,47,test,rician_noise__severe,rician_noise,severe,D:\OASIS_1\distortions_128\rician_noise\severe\Very_Mild_Dementia\OAS1_0400\OAS1_0400_slice_20_z089.png,Very_Mild_Dementia/OAS1_0400/OAS1_0400_slice_20_z089.png,Very Mild Dementia/OAS1_0400/OAS1_0400_slice_20_z089.png,OAS1_0400,Very Mild Dementia,1,2,Mild Dementia,0,-23.40966198431049,-4.283510575968861,76.65345291600366,-3.6984756973994424
OASIS_1,LinearSVM,47,test,rician_noise__severe,rician_noise,severe,D:\OASIS_1\distortions_128\rician_noise\severe\Very_Mild_Dementia\OAS1_0432\OAS1_0432_slice_01_z038.png,Very_Mild_Dementia/OAS1_0432/OAS1_0432_slice_01_z038.png,Very Mild Dementia/OAS1_0432/OAS1_0432_slice_01_z038.png,OAS1_0432,Very Mild Dementia,1,2,Mild Dementia,0,-17.195742464500796,-3.4239056979374416,62.72599767818338,-2.9490370684059686
OASIS_1,LinearSVM,47,test,rician_noise__severe,rician_noise,severe,D:\OASIS_1\distortions_128\rician_noise\severe\Very_Mild_Dementia\OAS1_0432\OAS1_0432_slice_02_z041.png,Very_Mild_Dementia/OAS1_0432/OAS1_0432_slice_02_z041.png,Very Mild Dementia/OAS1_0432/OAS1_0432_slice_02_z041.png,OAS1_0432,Very Mild Dementia,1,2,Mild Dementia,0,-27.24505005120024,2.2617105868933463,72.81129025785576,-2.2086601261277785
OASIS_1,LinearSVM,47,test,rician_noise__severe,rician_noise,severe,D:\OASIS_1\distortions_128\rician_noise\severe\Very_Mild_Dementia\OAS1_0432\OAS1_0432_slice_03_z043.png,Very_Mild_Dementia/OAS1_0432/OAS1_0432_slice_03_z043.png,Very Mild Dementia/OAS1_0432/OAS1_0432_slice_03_z043.png,OAS1_0432,Very Mild Dementia,1,2,Mild Dementia,0,-18.872266602734584,0.2702137458182383,61.4203258279166,-2.946869194030424
OASIS_1,LinearSVM,47,test,rician_noise__severe,rician_noise,severe,D:\OASIS_1\distortions_128\rician_noise\severe\Very_Mild_Dementia\OAS1_0432\OAS1_0432_slice_04_z046.png,Very_Mild_Dementia/OAS1_0432/OAS1_0432_slice_04_z046.png,Very Mild Dementia/OAS1_0432/OAS1_0432_slice_04_z046.png,OAS1_0432,Very Mild Dementia,1,2,Mild Dementia,0,-18.302822974513294,-5.576918708598201,70.08819968243769,-1.8906848929490636
OASIS_1,LinearSVM,47,test,rician_noise__severe,rician_noise,severe,D:\OASIS_1\distortions_128\rician_noise\severe\Very_Mild_Dementia\OAS1_0432\OAS1_0432_slice_05_z049.png,Very_Mild_Dementia/OAS1_0432/OAS1_0432_slice_05_z049.png,Very Mild Dementia/OAS1_0432/OAS1_0432_slice_05_z049.png,OAS1_0432,Very Mild Dementia,1,2,Mild Dementia,0,-21.093736549824204,7.287424965517562,63.72710586930095,-3.2413242667108664
OASIS_1,LinearSVM,47,test,rician_noise__severe,rician_noise,severe,D:\OASIS_1\distortions_128\rician_noise\severe\Very_Mild_Dementia\OAS1_0432\OAS1_0432_slice_06_z051.png,Very_Mild_Dementia/OAS1_0432/OAS1_0432_slice_06_z051.png,Very Mild Dementia/OAS1_0432/OAS1_0432_slice_06_z051.png,OAS1_0432,Very Mild Dementia,1,2,Mild Dementia,0,-23.08631198451706,-4.334246237220614,72.39946105922012,-1.1080209616306207
OASIS_1,LinearSVM,47,test,rician_noise__severe,rician_noise,severe,D:\OASIS_1\distortions_128\rician_noise\severe\Very_Mild_Dementia\OAS1_0432\OAS1_0432_slice_07_z054.png,Very_Mild_Dementia/OAS1_0432/OAS1_0432_slice_07_z054.png,Very Mild Dementia/OAS1_0432/OAS1_0432_slice_07_z054.png,OAS1_0432,Very Mild Dementia,1,2,Mild Dementia,0,-20.754206591612085,-2.889586737498491,69.05301792754685,-2.0473042728106883
OASIS_1,LinearSVM,47,test,rician_noise__severe,rician_noise,severe,D:\OASIS_1\distortions_128\rician_noise\severe\Very_Mild_Dementia\OAS1_0432\OAS1_0432_slice_08_z057.png,Very_Mild_Dementia/OAS1_0432/OAS1_0432_slice_08_z057.png,Very Mild Dementia/OAS1_0432/OAS1_0432_slice_08_z057.png,OAS1_0432,Very Mild Dementia,1,2,Mild Dementia,0,-24.874896072214916,30.893356160344574,44.4623857428373,-3.0548683677042394
OASIS_1,LinearSVM,47,test,rician_noise__severe,rician_noise,severe,D:\OASIS_1\distortions_128\rician_noise\severe\Very_Mild_Dementia\OAS1_0432\OAS1_0432_slice_09_z059.png,Very_Mild_Dementia/OAS1_0432/OAS1_0432_slice_09_z059.png,Very Mild Dementia/OAS1_0432/OAS1_0432_slice_09_z059.png,OAS1_0432,Very Mild Dementia,1,2,Mild Dementia,0,-17.49693604044261,-9.519690246767164,60.26517384796817,-1.0730779424460022
OASIS_1,LinearSVM,47,test,rician_noise__severe,rician_noise,severe,D:\OASIS_1\distortions_128\rician_noise\severe\Very_Mild_Dementia\OAS1_0432\OAS1_0432_slice_10_z062.png,Very_Mild_Dementia/OAS1_0432/OAS1_0432_slice_10_z062.png,Very Mild Dementia/OAS1_0432/OAS1_0432_slice_10_z062.png,OAS1_0432,Very Mild Dementia,1,2,Mild Dementia,0,-24.010117013579016,12.103196255610165,58.2649799876114,-3.233846844024124
OASIS_1,LinearSVM,47,test,rician_noise__severe,rician_noise,severe,D:\OASIS_1\distortions_128\rician_noise\severe\Very_Mild_Dementia\OAS1_0432\OAS1_0432_slice_11_z065.png,Very_Mild_Dementia/OAS1_0432/OAS1_0432_slice_11_z065.png,Very Mild Dementia/OAS1_0432/OAS1_0432_slice_11_z065.png,OAS1_0432,Very Mild Dementia,1,2,Mild Dementia,0,-20.868440600956806,21.722340238542326,47.75967985079814,-1.2310913040277027
OASIS_1,LinearSVM,47,test,rician_noise__severe,rician_noise,severe,D:\OASIS_1\distortions_128\rician_noise\severe\Very_Mild_Dementia\OAS1_0432\OAS1_0432_slice_12_z068.png,Very_Mild_Dementia/OAS1_0432/OAS1_0432_slice_12_z068.png,Very Mild Dementia/OAS1_0432/OAS1_0432_slice_12_z068.png,OAS1_0432,Very Mild Dementia,1,2,Mild Dementia,0,-25.295195864396725,10.00248716236968,58.57927514802477,-1.5354255079985832
OASIS_1,LinearSVM,47,test,rician_noise__severe,rician_noise,severe,D:\OASIS_1\distortions_128\rician_noise\severe\Very_Mild_Dementia\OAS1_0432\OAS1_0432_slice_13_z070.png,Very_Mild_Dementia/OAS1_0432/OAS1_0432_slice_13_z070.png,Very Mild Dementia/OAS1_0432/OAS1_0432_slice_13_z070.png,OAS1_0432,Very Mild Dementia,1,2,Mild Dementia,0,-18.861155644727095,12.576644993407262,54.12510631976502,-2.9934509490408647
OASIS_1,LinearSVM,47,test,rician_noise__severe,rician_noise,severe,D:\OASIS_1\distortions_128\rician_noise\severe\Very_Mild_Dementia\OAS1_0432\OAS1_0432_slice_14_z073.png,Very_Mild_Dementia/OAS1_0432/OAS1_0432_slice_14_z073.png,Very Mild Dementia/OAS1_0432/OAS1_0432_slice_14_z073.png,OAS1_0432,Very Mild Dementia,1,2,Mild Dementia,0,-17.75762946742402,-5.905380472739316,75.7849727697439,-1.8264106044885717
OASIS_1,LinearSVM,47,test,rician_noise__severe,rician_noise,severe,D:\OASIS_1\distortions_128\rician_noise\severe\Very_Mild_Dementia\OAS1_0432\OAS1_0432_slice_15_z076.png,Very_Mild_Dementia/OAS1_0432/OAS1_0432_slice_15_z076.png,Very Mild Dementia/OAS1_0432/OAS1_0432_slice_15_z076.png,OAS1_0432,Very Mild Dementia,1,2,Mild Dementia,0,-17.262412729427872,-12.48946183127468,80.20011279782071,-4.5382986279683255
OASIS_1,LinearSVM,47,test,rician_noise__severe,rician_noise,severe,D:\OASIS_1\distortions_128\rician_noise\severe\Very_Mild_Dementia\OAS1_0432\OAS1_0432_slice_16_z078.png,Very_Mild_Dementia/OAS1_0432/OAS1_0432_slice_16_z078.png,Very Mild Dementia/OAS1_0432/OAS1_0432_slice_16_z078.png,OAS1_0432,Very Mild Dementia,1,2,Mild Dementia,0,-30.85632812549027,17.677399912803885,62.29921046197585,-1.752785424318954
OASIS_1,LinearSVM,47,test,rician_noise__severe,rician_noise,severe,D:\OASIS_1\distortions_128\rician_noise\severe\Very_Mild_Dementia\OAS1_0432\OAS1_0432_slice_17_z081.png,Very_Mild_Dementia/OAS1_0432/OAS1_0432_slice_17_z081.png,Very Mild Dementia/OAS1_0432/OAS1_0432_slice_17_z081.png,OAS1_0432,Very Mild Dementia,1,2,Mild Dementia,0,-16.355153795067604,6.101633885687344,54.28498465468202,-1.798675789753736
OASIS_1,LinearSVM,47,test,rician_noise__severe,rician_noise,severe,D:\OASIS_1\distortions_128\rician_noise\severe\Very_Mild_Dementia\OAS1_0432\OAS1_0432_slice_18_z084.png,Very_Mild_Dementia/OAS1_0432/OAS1_0432_slice_18_z084.png,Very Mild Dementia/OAS1_0432/OAS1_0432_slice_18_z084.png,OAS1_0432,Very Mild Dementia,1,2,Mild Dementia,0,-17.916412228545905,-1.7504200637590612,52.55066954961952,-2.6969393470091707
OASIS_1,LinearSVM,47,test,rician_noise__severe,rician_noise,severe,D:\OASIS_1\distortions_128\rician_noise\severe\Very_Mild_Dementia\OAS1_0432\OAS1_0432_slice_19_z086.png,Very_Mild_Dementia/OAS1_0432/OAS1_0432_slice_19_z086.png,Very Mild Dementia/OAS1_0432/OAS1_0432_slice_19_z086.png,OAS1_0432,Very Mild Dementia,1,2,Mild Dementia,0,-21.904053686866497,8.09525441088574,65.413668817734,-2.807481037776843
OASIS_1,LinearSVM,47,test,rician_noise__severe,rician_noise,severe,D:\OASIS_1\distortions_128\rician_noise\severe\Very_Mild_Dementia\OAS1_0432\OAS1_0432_slice_20_z089.png,Very_Mild_Dementia/OAS1_0432/OAS1_0432_slice_20_z089.png,Very Mild Dementia/OAS1_0432/OAS1_0432_slice_20_z089.png,OAS1_0432,Very Mild Dementia,1,2,Mild Dementia,0,-22.785643300436377,17.239503008626002,54.79245771943234,-1.5236964572872336
OASIS_1,LinearSVM,47,test,rician_noise__severe,rician_noise,severe,D:\OASIS_1\distortions_128\rician_noise\severe\Very_Mild_Dementia\OAS1_0454\OAS1_0454_slice_01_z038.png,Very_Mild_Dementia/OAS1_0454/OAS1_0454_slice_01_z038.png,Very Mild Dementia/OAS1_0454/OAS1_0454_slice_01_z038.png,OAS1_0454,Very Mild Dementia,1,2,Mild Dementia,0,-19.56449524772348,3.055875206081832,54.13463368426122,-2.564498006521829
OASIS_1,LinearSVM,47,test,rician_noise__severe,rician_noise,severe,D:\OASIS_1\distortions_128\rician_noise\severe\Very_Mild_Dementia\OAS1_0454\OAS1_0454_slice_02_z041.png,Very_Mild_Dementia/OAS1_0454/OAS1_0454_slice_02_z041.png,Very Mild Dementia/OAS1_0454/OAS1_0454_slice_02_z041.png,OAS1_0454,Very Mild Dementia,1,2,Mild Dementia,0,-19.555099772877973,-2.5152670367942536,59.567325944560515,-1.6466526452711627
OASIS_1,LinearSVM,47,test,rician_noise__severe,rician_noise,severe,D:\OASIS_1\distortions_128\rician_noise\severe\Very_Mild_Dementia\OAS1_0454\OAS1_0454_slice_03_z043.png,Very_Mild_Dementia/OAS1_0454/OAS1_0454_slice_03_z043.png,Very Mild Dementia/OAS1_0454/OAS1_0454_slice_03_z043.png,OAS1_0454,Very Mild Dementia,1,2,Mild Dementia,0,-25.987957869399,13.10079454050568,66.53357490832758,-3.771950347456129
OASIS_1,LinearSVM,47,test,rician_noise__severe,rician_noise,severe,D:\OASIS_1\distortions_128\rician_noise\severe\Very_Mild_Dementia\OAS1_0454\OAS1_0454_slice_04_z046.png,Very_Mild_Dementia/OAS1_0454/OAS1_0454_slice_04_z046.png,Very Mild Dementia/OAS1_0454/OAS1_0454_slice_04_z046.png,OAS1_0454,Very Mild Dementia,1,2,Mild Dementia,0,-26.302198837557384,29.49348779655115,43.3152916222942,-3.3280511234667998
OASIS_1,LinearSVM,47,test,rician_noise__severe,rician_noise,severe,D:\OASIS_1\distortions_128\rician_noise\severe\Very_Mild_Dementia\OAS1_0454\OAS1_0454_slice_05_z049.png,Very_Mild_Dementia/OAS1_0454/OAS1_0454_slice_05_z049.png,Very Mild Dementia/OAS1_0454/OAS1_0454_slice_05_z049.png,OAS1_0454,Very Mild Dementia,1,2,Mild Dementia,0,-22.739883438620367,-4.617014435511256,68.19435097124102,-3.072036741702867
OASIS_1,LinearSVM,47,test,rician_noise__severe,rician_noise,severe,D:\OASIS_1\distortions_128\rician_noise\severe\Very_Mild_Dementia\OAS1_0454\OAS1_0454_slice_06_z051.png,Very_Mild_Dementia/OAS1_0454/OAS1_0454_slice_06_z051.png,Very Mild Dementia/OAS1_0454/OAS1_0454_slice_06_z051.png,OAS1_0454,Very Mild Dementia,1,2,Mild Dementia,0,-18.056549814055803,8.832984493578492,50.8705145889685,-1.3100335612456309
OASIS_1,LinearSVM,47,test,rician_noise__severe,rician_noise,severe,D:\OASIS_1\distortions_128\rician_noise\severe\Very_Mild_Dementia\OAS1_0454\OAS1_0454_slice_07_z054.png,Very_Mild_Dementia/OAS1_0454/OAS1_0454_slice_07_z054.png,Very Mild Dementia/OAS1_0454/OAS1_0454_slice_07_z054.png,OAS1_0454,Very Mild Dementia,1,2,Mild Dementia,0,-20.614610147908675,11.399195841753855,58.6635804502902,-2.7245515801482316
OASIS_1,LinearSVM,47,test,rician_noise__severe,rician_noise,severe,D:\OASIS_1\distortions_128\rician_noise\severe\Very_Mild_Dementia\OAS1_0454\OAS1_0454_slice_08_z057.png,Very_Mild_Dementia/OAS1_0454/OAS1_0454_slice_08_z057.png,Very Mild Dementia/OAS1_0454/OAS1_0454_slice_08_z057.png,OAS1_0454,Very Mild Dementia,1,2,Mild Dementia,0,-17.570954826187467,-12.102229910181002,68.00470903020569,-2.292937763087233
OASIS_1,LinearSVM,47,test,rician_noise__severe,rician_noise,severe,D:\OASIS_1\distortions_128\rician_noise\severe\Very_Mild_Dementia\OAS1_0454\OAS1_0454_slice_09_z059.png,Very_Mild_Dementia/OAS1_0454/OAS1_0454_slice_09_z059.png,Very Mild Dementia/OAS1_0454/OAS1_0454_slice_09_z059.png,OAS1_0454,Very Mild Dementia,1,2,Mild Dementia,0,-18.88408713939652,-14.995070655222857,80.00107979906453,-4.410824659544971
OASIS_1,LinearSVM,47,test,rician_noise__severe,rician_noise,severe,D:\OASIS_1\distortions_128\rician_noise\severe\Very_Mild_Dementia\OAS1_0454\OAS1_0454_slice_10_z062.png,Very_Mild_Dementia/OAS1_0454/OAS1_0454_slice_10_z062.png,Very Mild Dementia/OAS1_0454/OAS1_0454_slice_10_z062.png,OAS1_0454,Very Mild Dementia,1,2,Mild Dementia,0,-22.296561595381483,3.7217410459449978,68.77208491031676,-2.9463218725814033
OASIS_1,LinearSVM,47,test,rician_noise__severe,rician_noise,severe,D:\OASIS_1\distortions_128\rician_noise\severe\Very_Mild_Dementia\OAS1_0454\OAS1_0454_slice_11_z065.png,Very_Mild_Dementia/OAS1_0454/OAS1_0454_slice_11_z065.png,Very Mild Dementia/OAS1_0454/OAS1_0454_slice_11_z065.png,OAS1_0454,Very Mild Dementia,1,2,Mild Dementia,0,-30.228411608323913,15.664140964715525,69.79327226954788,-2.651001373390899
OASIS_1,LinearSVM,47,test,rician_noise__severe,rician_noise,severe,D:\OASIS_1\distortions_128\rician_noise\severe\Very_Mild_Dementia\OAS1_0454\OAS1_0454_slice_12_z068.png,Very_Mild_Dementia/OAS1_0454/OAS1_0454_slice_12_z068.png,Very Mild Dementia/OAS1_0454/OAS1_0454_slice_12_z068.png,OAS1_0454,Very Mild Dementia,1,2,Mild Dementia,0,-21.73539113451096,-12.683274184584825,75.5429189854831,-1.9998400829191263
OASIS_1,LinearSVM,47,test,rician_noise__severe,rician_noise,severe,D:\OASIS_1\distortions_128\rician_noise\severe\Very_Mild_Dementia\OAS1_0454\OAS1_0454_slice_13_z070.png,Very_Mild_Dementia/OAS1_0454/OAS1_0454_slice_13_z070.png,Very Mild Dementia/OAS1_0454/OAS1_0454_slice_13_z070.png,OAS1_0454,Very Mild Dementia,1,2,Mild Dementia,0,-27.53982844245774,29.117980560882522,57.58662213774891,-2.4274960208395333
OASIS_1,LinearSVM,47,test,rician_noise__severe,rician_noise,severe,D:\OASIS_1\distortions_128\rician_noise\severe\Very_Mild_Dementia\OAS1_0454\OAS1_0454_slice_14_z073.png,Very_Mild_Dementia/OAS1_0454/OAS1_0454_slice_14_z073.png,Very Mild Dementia/OAS1_0454/OAS1_0454_slice_14_z073.png,OAS1_0454,Very Mild Dementia,1,2,Mild Dementia,0,-25.36110918910563,4.095764750631285,71.4465763679787,-2.100334915021041
OASIS_1,LinearSVM,47,test,rician_noise__severe,rician_noise,severe,D:\OASIS_1\distortions_128\rician_noise\severe\Very_Mild_Dementia\OAS1_0454\OAS1_0454_slice_15_z076.png,Very_Mild_Dementia/OAS1_0454/OAS1_0454_slice_15_z076.png,Very Mild Dementia/OAS1_0454/OAS1_0454_slice_15_z076.png,OAS1_0454,Very Mild Dementia,1,2,Mild Dementia,0,-22.52706499460834,17.761115233299584,49.49704928245656,-3.3611884621655985
OASIS_1,LinearSVM,47,test,rician_noise__severe,rician_noise,severe,D:\OASIS_1\distortions_128\rician_noise\severe\Very_Mild_Dementia\OAS1_0454\OAS1_0454_slice_16_z078.png,Very_Mild_Dementia/OAS1_0454/OAS1_0454_slice_16_z078.png,Very Mild Dementia/OAS1_0454/OAS1_0454_slice_16_z078.png,OAS1_0454,Very Mild Dementia,1,2,Mild Dementia,0,-23.2544775287855,17.141449178355675,58.419659624746856,-2.53985680484411
OASIS_1,LinearSVM,47,test,rician_noise__severe,rician_noise,severe,D:\OASIS_1\distortions_128\rician_noise\severe\Very_Mild_Dementia\OAS1_0454\OAS1_0454_slice_17_z081.png,Very_Mild_Dementia/OAS1_0454/OAS1_0454_slice_17_z081.png,Very Mild Dementia/OAS1_0454/OAS1_0454_slice_17_z081.png,OAS1_0454,Very Mild Dementia,1,2,Mild Dementia,0,-19.155759776306162,-0.6243750981433225,63.39028940587949,-1.1957714083275643
OASIS_1,LinearSVM,47,test,rician_noise__severe,rician_noise,severe,D:\OASIS_1\distortions_128\rician_noise\severe\Very_Mild_Dementia\OAS1_0454\OAS1_0454_slice_18_z084.png,Very_Mild_Dementia/OAS1_0454/OAS1_0454_slice_18_z084.png,Very Mild Dementia/OAS1_0454/OAS1_0454_slice_18_z084.png,OAS1_0454,Very Mild Dementia,1,2,Mild Dementia,0,-18.795602597309593,-19.588692180896075,80.52347420468438,-1.7390467761002741
OASIS_1,LinearSVM,47,test,rician_noise__severe,rician_noise,severe,D:\OASIS_1\distortions_128\rician_noise\severe\Very_Mild_Dementia\OAS1_0454\OAS1_0454_slice_19_z086.png,Very_Mild_Dementia/OAS1_0454/OAS1_0454_slice_19_z086.png,Very Mild Dementia/OAS1_0454/OAS1_0454_slice_19_z086.png,OAS1_0454,Very Mild Dementia,1,2,Mild Dementia,0,-26.94244270615063,16.307783554012833,60.391548018934685,-2.3916045787387605
OASIS_1,LinearSVM,47,test,rician_noise__severe,rician_noise,severe,D:\OASIS_1\distortions_128\rician_noise\severe\Very_Mild_Dementia\OAS1_0454\OAS1_0454_slice_20_z089.png,Very_Mild_Dementia/OAS1_0454/OAS1_0454_slice_20_z089.png,Very Mild Dementia/OAS1_0454/OAS1_0454_slice_20_z089.png,OAS1_0454,Very Mild Dementia,1,2,Mild Dementia,0,-25.226636021578205,-1.5511695391254579,70.62214935462015,-2.5424713382555493
