dataset,model,seed,split,condition,distortion,severity,file_path,relative_path,sample_key,subject_id,class_name,y_true,y_pred,pred_class_name,correct,score_nondemented,score_verymilddementia,score_milddementia,score_moderatedementia
OASIS_2,RandomForest,13,test,rician_noise__mild,rician_noise,mild,D:\OASIS_2\distortions_128\rician_noise\mild\Mild_Dementia\OAS2_0014\OAS2_0014_slice_01_z077.png,Mild_Dementia/OAS2_0014/OAS2_0014_slice_01_z077.png,Mild Dementia/OAS2_0014/OAS2_0014_slice_01_z077.png,OAS2_0014,Mild Dementia,2,0,Non-Demented,0,0.43525676526097934,0.3255590886681938,0.15251747940416024,0.08666666666666667
OASIS_2,RandomForest,13,test,rician_noise__mild,rician_noise,mild,D:\OASIS_2\distortions_128\rician_noise\mild\Mild_Dementia\OAS2_0014\OAS2_0014_slice_02_z082.png,Mild_Dementia/OAS2_0014/OAS2_0014_slice_02_z082.png,Mild Dementia/OAS2_0014/OAS2_0014_slice_02_z082.png,OAS2_0014,Mild Dementia,2,0,Non-Demented,0,0.4608159865844242,0.3228516304303262,0.13633238298524972,0.08
OASIS_2,RandomForest,13,test,rician_noise__mild,rician_noise,mild,D:\OASIS_2\distortions_128\rician_noise\mild\Mild_Dementia\OAS2_0014\OAS2_0014_slice_03_z088.png,Mild_Dementia/OAS2_0014/OAS2_0014_slice_03_z088.png,Mild Dementia/OAS2_0014/OAS2_0014_slice_03_z088.png,OAS2_0014,Mild Dementia,2,0,Non-Demented,0,0.47140112361379066,0.3155007631724466,0.15309811321376263,0.06
OASIS_2,RandomForest,13,test,rician_noise__mild,rician_noise,mild,D:\OASIS_2\distortions_128\rician_noise\mild\Mild_Dementia\OAS2_0014\OAS2_0014_slice_04_z093.png,Mild_Dementia/OAS2_0014/OAS2_0014_slice_04_z093.png,Mild Dementia/OAS2_0014/OAS2_0014_slice_04_z093.png,OAS2_0014,Mild Dementia,2,0,Non-Demented,0,0.4590621439530893,0.3607632162226003,0.12017463982431063,0.06
OASIS_2,RandomForest,13,test,rician_noise__mild,rician_noise,mild,D:\OASIS_2\distortions_128\rician_noise\mild\Mild_Dementia\OAS2_0014\OAS2_0014_slice_05_z098.png,Mild_Dementia/OAS2_0014/OAS2_0014_slice_05_z098.png,Mild Dementia/OAS2_0014/OAS2_0014_slice_05_z098.png,OAS2_0014,Mild Dementia,2,0,Non-Demented,0,0.47639025826111225,0.28811950926125973,0.1621568991442947,0.07333333333333333
OASIS_2,RandomForest,13,test,rician_noise__mild,rician_noise,mild,D:\OASIS_2\distortions_128\rician_noise\mild\Mild_Dementia\OAS2_0014\OAS2_0014_slice_06_z104.png,Mild_Dementia/OAS2_0014/OAS2_0014_slice_06_z104.png,Mild Dementia/OAS2_0014/OAS2_0014_slice_06_z104.png,OAS2_0014,Mild Dementia,2,0,Non-Demented,0,0.4339995470746463,0.3396685879046158,0.16299853168740444,0.06333333333333334
OASIS_2,RandomForest,13,test,rician_noise__mild,rician_noise,mild,D:\OASIS_2\distortions_128\rician_noise\mild\Mild_Dementia\OAS2_0014\OAS2_0014_slice_07_z109.png,Mild_Dementia/OAS2_0014/OAS2_0014_slice_07_z109.png,Mild Dementia/OAS2_0014/OAS2_0014_slice_07_z109.png,OAS2_0014,Mild Dementia,2,0,Non-Demented,0,0.4249149324461382,0.3767899303292259,0.1749618038913028,0.023333333333333334
OASIS_2,RandomForest,13,test,rician_noise__mild,rician_noise,mild,D:\OASIS_2\distortions_128\rician_noise\mild\Mild_Dementia\OAS2_0014\OAS2_0014_slice_08_z114.png,Mild_Dementia/OAS2_0014/OAS2_0014_slice_08_z114.png,Mild Dementia/OAS2_0014/OAS2_0014_slice_08_z114.png,OAS2_0014,Mild Dementia,2,0,Non-Demented,0,0.4469076250398345,0.3425587664979961,0.1872002751288362,0.023333333333333334
OASIS_2,RandomForest,13,test,rician_noise__mild,rician_noise,mild,D:\OASIS_2\distortions_128\rician_noise\mild\Mild_Dementia\OAS2_0014\OAS2_0014_slice_09_z120.png,Mild_Dementia/OAS2_0014/OAS2_0014_slice_09_z120.png,Mild Dementia/OAS2_0014/OAS2_0014_slice_09_z120.png,OAS2_0014,Mild Dementia,2,0,Non-Demented,0,0.43088276640453044,0.3788454748312235,0.16027175876424635,0.03
OASIS_2,RandomForest,13,test,rician_noise__mild,rician_noise,mild,D:\OASIS_2\distortions_128\rician_noise\mild\Mild_Dementia\OAS2_0014\OAS2_0014_slice_10_z125.png,Mild_Dementia/OAS2_0014/OAS2_0014_slice_10_z125.png,Mild Dementia/OAS2_0014/OAS2_0014_slice_10_z125.png,OAS2_0014,Mild Dementia,2,0,Non-Demented,0,0.4448554706669677,0.33339318824441855,0.18841800775528053,0.03333333333333333
OASIS_2,RandomForest,13,test,rician_noise__mild,rician_noise,mild,D:\OASIS_2\distortions_128\rician_noise\mild\Mild_Dementia\OAS2_0014\OAS2_0014_slice_11_z130.png,Mild_Dementia/OAS2_0014/OAS2_0014_slice_11_z130.png,Mild Dementia/OAS2_0014/OAS2_0014_slice_11_z130.png,OAS2_0014,Mild Dementia,2,0,Non-Demented,0,0.44883844312438925,0.3452386686485627,0.1792562215603817,0.02666666666666667
OASIS_2,RandomForest,13,test,rician_noise__mild,rician_noise,mild,D:\OASIS_2\distortions_128\rician_noise\mild\Mild_Dementia\OAS2_0014\OAS2_0014_slice_12_z135.png,Mild_Dementia/OAS2_0014/OAS2_0014_slice_12_z135.png,Mild Dementia/OAS2_0014/OAS2_0014_slice_12_z135.png,OAS2_0014,Mild Dementia,2,0,Non-Demented,0,0.44208711382332033,0.3384376616786109,0.1761418911647356,0.043333333333333335
OASIS_2,RandomForest,13,test,rician_noise__mild,rician_noise,mild,D:\OASIS_2\distortions_128\rician_noise\mild\Mild_Dementia\OAS2_0014\OAS2_0014_slice_13_z141.png,Mild_Dementia/OAS2_0014/OAS2_0014_slice_13_z141.png,Mild Dementia/OAS2_0014/OAS2_0014_slice_13_z141.png,OAS2_0014,Mild Dementia,2,0,Non-Demented,0,0.45984504131481,0.3574972045830431,0.1659910874354803,0.016666666666666666
OASIS_2,RandomForest,13,test,rician_noise__mild,rician_noise,mild,D:\OASIS_2\distortions_128\rician_noise\mild\Mild_Dementia\OAS2_0014\OAS2_0014_slice_14_z146.png,Mild_Dementia/OAS2_0014/OAS2_0014_slice_14_z146.png,Mild Dementia/OAS2_0014/OAS2_0014_slice_14_z146.png,OAS2_0014,Mild Dementia,2,0,Non-Demented,0,0.4968534841019212,0.32646361479491454,0.1566829011031641,0.02
OASIS_2,RandomForest,13,test,rician_noise__mild,rician_noise,mild,D:\OASIS_2\distortions_128\rician_noise\mild\Mild_Dementia\OAS2_0014\OAS2_0014_slice_15_z151.png,Mild_Dementia/OAS2_0014/OAS2_0014_slice_15_z151.png,Mild Dementia/OAS2_0014/OAS2_0014_slice_15_z151.png,OAS2_0014,Mild Dementia,2,0,Non-Demented,0,0.48119198850318706,0.3261655261731295,0.1726424853236837,0.02
OASIS_2,RandomForest,13,test,rician_noise__mild,rician_noise,mild,D:\OASIS_2\distortions_128\rician_noise\mild\Mild_Dementia\OAS2_0014\OAS2_0014_slice_16_z157.png,Mild_Dementia/OAS2_0014/OAS2_0014_slice_16_z157.png,Mild Dementia/OAS2_0014/OAS2_0014_slice_16_z157.png,OAS2_0014,Mild Dementia,2,0,Non-Demented,0,0.4773619860276446,0.3209014412527544,0.18840323938626793,0.013333333333333334
OASIS_2,RandomForest,13,test,rician_noise__mild,rician_noise,mild,D:\OASIS_2\distortions_128\rician_noise\mild\Mild_Dementia\OAS2_0014\OAS2_0014_slice_17_z162.png,Mild_Dementia/OAS2_0014/OAS2_0014_slice_17_z162.png,Mild Dementia/OAS2_0014/OAS2_0014_slice_17_z162.png,OAS2_0014,Mild Dementia,2,0,Non-Demented,0,0.4302625996838498,0.4052634787107637,0.13780725493872,0.02666666666666667
OASIS_2,RandomForest,13,test,rician_noise__mild,rician_noise,mild,D:\OASIS_2\distortions_128\rician_noise\mild\Mild_Dementia\OAS2_0014\OAS2_0014_slice_18_z167.png,Mild_Dementia/OAS2_0014/OAS2_0014_slice_18_z167.png,Mild Dementia/OAS2_0014/OAS2_0014_slice_18_z167.png,OAS2_0014,Mild Dementia,2,0,Non-Demented,0,0.44747594950630853,0.30681262446523355,0.19571142602845795,0.05
OASIS_2,RandomForest,13,test,rician_noise__mild,rician_noise,mild,D:\OASIS_2\distortions_128\rician_noise\mild\Mild_Dementia\OAS2_0014\OAS2_0014_slice_19_z173.png,Mild_Dementia/OAS2_0014/OAS2_0014_slice_19_z173.png,Mild Dementia/OAS2_0014/OAS2_0014_slice_19_z173.png,OAS2_0014,Mild Dementia,2,0,Non-Demented,0,0.4901199970223925,0.3284313861562932,0.14144861682131465,0.04
OASIS_2,RandomForest,13,test,rician_noise__mild,rician_noise,mild,D:\OASIS_2\distortions_128\rician_noise\mild\Mild_Dementia\OAS2_0014\OAS2_0014_slice_20_z178.png,Mild_Dementia/OAS2_0014/OAS2_0014_slice_20_z178.png,Mild Dementia/OAS2_0014/OAS2_0014_slice_20_z178.png,OAS2_0014,Mild Dementia,2,0,Non-Demented,0,0.46506600915415913,0.33371388024961596,0.15122011059622495,0.05
OASIS_2,RandomForest,13,test,rician_noise__mild,rician_noise,mild,D:\OASIS_2\distortions_128\rician_noise\mild\Mild_Dementia\OAS2_0050\OAS2_0050_slice_01_z077.png,Mild_Dementia/OAS2_0050/OAS2_0050_slice_01_z077.png,Mild Dementia/OAS2_0050/OAS2_0050_slice_01_z077.png,OAS2_0050,Mild Dementia,2,1,Very Mild Dementia,0,0.3724792766499905,0.4043129734793504,0.16987441653732582,0.05333333333333334
OASIS_2,RandomForest,13,test,rician_noise__mild,rician_noise,mild,D:\OASIS_2\distortions_128\rician_noise\mild\Mild_Dementia\OAS2_0050\OAS2_0050_slice_02_z082.png,Mild_Dementia/OAS2_0050/OAS2_0050_slice_02_z082.png,Mild Dementia/OAS2_0050/OAS2_0050_slice_02_z082.png,OAS2_0050,Mild Dementia,2,0,Non-Demented,0,0.429722117220414,0.3649285557787563,0.16868266033416307,0.03666666666666667
OASIS_2,RandomForest,13,test,rician_noise__mild,rician_noise,mild,D:\OASIS_2\distortions_128\rician_noise\mild\Mild_Dementia\OAS2_0050\OAS2_0050_slice_03_z088.png,Mild_Dementia/OAS2_0050/OAS2_0050_slice_03_z088.png,Mild Dementia/OAS2_0050/OAS2_0050_slice_03_z088.png,OAS2_0050,Mild Dementia,2,0,Non-Demented,0,0.42352981407126755,0.3902478376359165,0.14955568162614946,0.03666666666666667
OASIS_2,RandomForest,13,test,rician_noise__mild,rician_noise,mild,D:\OASIS_2\distortions_128\rician_noise\mild\Mild_Dementia\OAS2_0050\OAS2_0050_slice_04_z093.png,Mild_Dementia/OAS2_0050/OAS2_0050_slice_04_z093.png,Mild Dementia/OAS2_0050/OAS2_0050_slice_04_z093.png,OAS2_0050,Mild Dementia,2,0,Non-Demented,0,0.4386191907450941,0.3439169185585087,0.18746389069639732,0.03
OASIS_2,RandomForest,13,test,rician_noise__mild,rician_noise,mild,D:\OASIS_2\distortions_128\rician_noise\mild\Mild_Dementia\OAS2_0050\OAS2_0050_slice_05_z098.png,Mild_Dementia/OAS2_0050/OAS2_0050_slice_05_z098.png,Mild Dementia/OAS2_0050/OAS2_0050_slice_05_z098.png,OAS2_0050,Mild Dementia,2,1,Very Mild Dementia,0,0.35064766968256084,0.4049282130243197,0.20775745062645284,0.03666666666666667
OASIS_2,RandomForest,13,test,rician_noise__mild,rician_noise,mild,D:\OASIS_2\distortions_128\rician_noise\mild\Mild_Dementia\OAS2_0050\OAS2_0050_slice_06_z104.png,Mild_Dementia/OAS2_0050/OAS2_0050_slice_06_z104.png,Mild Dementia/OAS2_0050/OAS2_0050_slice_06_z104.png,OAS2_0050,Mild Dementia,2,1,Very Mild Dementia,0,0.3506074858993214,0.4647904088833206,0.17793543855069135,0.006666666666666667
OASIS_2,RandomForest,13,test,rician_noise__mild,rician_noise,mild,D:\OASIS_2\distortions_128\rician_noise\mild\Mild_Dementia\OAS2_0050\OAS2_0050_slice_07_z109.png,Mild_Dementia/OAS2_0050/OAS2_0050_slice_07_z109.png,Mild Dementia/OAS2_0050/OAS2_0050_slice_07_z109.png,OAS2_0050,Mild Dementia,2,1,Very Mild Dementia,0,0.3910191272971532,0.4211779603903298,0.17446957897918344,0.013333333333333334
OASIS_2,RandomForest,13,test,rician_noise__mild,rician_noise,mild,D:\OASIS_2\distortions_128\rician_noise\mild\Mild_Dementia\OAS2_0050\OAS2_0050_slice_08_z114.png,Mild_Dementia/OAS2_0050/OAS2_0050_slice_08_z114.png,Mild Dementia/OAS2_0050/OAS2_0050_slice_08_z114.png,OAS2_0050,Mild Dementia,2,1,Very Mild Dementia,0,0.3800590742941425,0.4596548998172302,0.1402860258886271,0.02
OASIS_2,RandomForest,13,test,rician_noise__mild,rician_noise,mild,D:\OASIS_2\distortions_128\rician_noise\mild\Mild_Dementia\OAS2_0050\OAS2_0050_slice_09_z120.png,Mild_Dementia/OAS2_0050/OAS2_0050_slice_09_z120.png,Mild Dementia/OAS2_0050/OAS2_0050_slice_09_z120.png,OAS2_0050,Mild Dementia,2,1,Very Mild Dementia,0,0.3650877354395404,0.4956015875109559,0.1226440103828368,0.016666666666666666
OASIS_2,RandomForest,13,test,rician_noise__mild,rician_noise,mild,D:\OASIS_2\distortions_128\rician_noise\mild\Mild_Dementia\OAS2_0050\OAS2_0050_slice_10_z125.png,Mild_Dementia/OAS2_0050/OAS2_0050_slice_10_z125.png,Mild Dementia/OAS2_0050/OAS2_0050_slice_10_z125.png,OAS2_0050,Mild Dementia,2,1,Very Mild Dementia,0,0.3605940941354227,0.45651126151802024,0.16289464434655704,0.02
OASIS_2,RandomForest,13,test,rician_noise__mild,rician_noise,mild,D:\OASIS_2\distortions_128\rician_noise\mild\Mild_Dementia\OAS2_0050\OAS2_0050_slice_11_z130.png,Mild_Dementia/OAS2_0050/OAS2_0050_slice_11_z130.png,Mild Dementia/OAS2_0050/OAS2_0050_slice_11_z130.png,OAS2_0050,Mild Dementia,2,1,Very Mild Dementia,0,0.33950604747887947,0.49895757320363276,0.1382030459841543,0.023333333333333334
OASIS_2,RandomForest,13,test,rician_noise__mild,rician_noise,mild,D:\OASIS_2\distortions_128\rician_noise\mild\Mild_Dementia\OAS2_0050\OAS2_0050_slice_12_z135.png,Mild_Dementia/OAS2_0050/OAS2_0050_slice_12_z135.png,Mild Dementia/OAS2_0050/OAS2_0050_slice_12_z135.png,OAS2_0050,Mild Dementia,2,1,Very Mild Dementia,0,0.3540572172387365,0.5054312134890665,0.12051156927219699,0.02
OASIS_2,RandomForest,13,test,rician_noise__mild,rician_noise,mild,D:\OASIS_2\distortions_128\rician_noise\mild\Mild_Dementia\OAS2_0050\OAS2_0050_slice_13_z141.png,Mild_Dementia/OAS2_0050/OAS2_0050_slice_13_z141.png,Mild Dementia/OAS2_0050/OAS2_0050_slice_13_z141.png,OAS2_0050,Mild Dementia,2,1,Very Mild Dementia,0,0.32195471804150405,0.5610219009065573,0.10702338105193884,0.01
OASIS_2,RandomForest,13,test,rician_noise__mild,rician_noise,mild,D:\OASIS_2\distortions_128\rician_noise\mild\Mild_Dementia\OAS2_0050\OAS2_0050_slice_14_z146.png,Mild_Dementia/OAS2_0050/OAS2_0050_slice_14_z146.png,Mild Dementia/OAS2_0050/OAS2_0050_slice_14_z146.png,OAS2_0050,Mild Dementia,2,1,Very Mild Dementia,0,0.3307548417642793,0.5512091705732804,0.11136932099577351,0.006666666666666667
OASIS_2,RandomForest,13,test,rician_noise__mild,rician_noise,mild,D:\OASIS_2\distortions_128\rician_noise\mild\Mild_Dementia\OAS2_0050\OAS2_0050_slice_15_z151.png,Mild_Dementia/OAS2_0050/OAS2_0050_slice_15_z151.png,Mild Dementia/OAS2_0050/OAS2_0050_slice_15_z151.png,OAS2_0050,Mild Dementia,2,1,Very Mild Dementia,0,0.3485001969334745,0.5518654364351806,0.09630103329801173,0.0033333333333333335
OASIS_2,RandomForest,13,test,rician_noise__mild,rician_noise,mild,D:\OASIS_2\distortions_128\rician_noise\mild\Mild_Dementia\OAS2_0050\OAS2_0050_slice_16_z157.png,Mild_Dementia/OAS2_0050/OAS2_0050_slice_16_z157.png,Mild Dementia/OAS2_0050/OAS2_0050_slice_16_z157.png,OAS2_0050,Mild Dementia,2,1,Very Mild Dementia,0,0.3539123478744067,0.5405861225791966,0.08883486287973011,0.016666666666666666
OASIS_2,RandomForest,13,test,rician_noise__mild,rician_noise,mild,D:\OASIS_2\distortions_128\rician_noise\mild\Mild_Dementia\OAS2_0050\OAS2_0050_slice_17_z162.png,Mild_Dementia/OAS2_0050/OAS2_0050_slice_17_z162.png,Mild Dementia/OAS2_0050/OAS2_0050_slice_17_z162.png,OAS2_0050,Mild Dementia,2,1,Very Mild Dementia,0,0.3529704664773158,0.5537199292700078,0.0899762709193431,0.0033333333333333335
OASIS_2,RandomForest,13,test,rician_noise__mild,rician_noise,mild,D:\OASIS_2\distortions_128\rician_noise\mild\Mild_Dementia\OAS2_0050\OAS2_0050_slice_18_z167.png,Mild_Dementia/OAS2_0050/OAS2_0050_slice_18_z167.png,Mild Dementia/OAS2_0050/OAS2_0050_slice_18_z167.png,OAS2_0050,Mild Dementia,2,1,Very Mild Dementia,0,0.3229810268966355,0.5779886852178108,0.08903028788555341,0.01
OASIS_2,RandomForest,13,test,rician_noise__mild,rician_noise,mild,D:\OASIS_2\distortions_128\rician_noise\mild\Mild_Dementia\OAS2_0050\OAS2_0050_slice_19_z173.png,Mild_Dementia/OAS2_0050/OAS2_0050_slice_19_z173.png,Mild Dementia/OAS2_0050/OAS2_0050_slice_19_z173.png,OAS2_0050,Mild Dementia,2,1,Very Mild Dementia,0,0.33591179797937104,0.5754697008297445,0.07861850119088445,0.01
OASIS_2,RandomForest,13,test,rician_noise__mild,rician_noise,mild,D:\OASIS_2\distortions_128\rician_noise\mild\Mild_Dementia\OAS2_0050\OAS2_0050_slice_20_z178.png,Mild_Dementia/OAS2_0050/OAS2_0050_slice_20_z178.png,Mild Dementia/OAS2_0050/OAS2_0050_slice_20_z178.png,OAS2_0050,Mild Dementia,2,1,Very Mild Dementia,0,0.3433184314404335,0.5619226562604855,0.0814255789657476,0.013333333333333334
OASIS_2,RandomForest,13,test,rician_noise__mild,rician_noise,mild,D:\OASIS_2\distortions_128\rician_noise\mild\Mild_Dementia\OAS2_0114\OAS2_0114_slice_01_z077.png,Mild_Dementia/OAS2_0114/OAS2_0114_slice_01_z077.png,Mild Dementia/OAS2_0114/OAS2_0114_slice_01_z077.png,OAS2_0114,Mild Dementia,2,0,Non-Demented,0,0.4613664595430914,0.3448156273396449,0.11715124645059705,0.07666666666666666
OASIS_2,RandomForest,13,test,rician_noise__mild,rician_noise,mild,D:\OASIS_2\distortions_128\rician_noise\mild\Mild_Dementia\OAS2_0114\OAS2_0114_slice_02_z082.png,Mild_Dementia/OAS2_0114/OAS2_0114_slice_02_z082.png,Mild Dementia/OAS2_0114/OAS2_0114_slice_02_z082.png,OAS2_0114,Mild Dementia,2,0,Non-Demented,0,0.4355320608784289,0.376335897791469,0.11479870799676864,0.07333333333333333
OASIS_2,RandomForest,13,test,rician_noise__mild,rician_noise,mild,D:\OASIS_2\distortions_128\rician_noise\mild\Mild_Dementia\OAS2_0114\OAS2_0114_slice_03_z088.png,Mild_Dementia/OAS2_0114/OAS2_0114_slice_03_z088.png,Mild Dementia/OAS2_0114/OAS2_0114_slice_03_z088.png,OAS2_0114,Mild Dementia,2,1,Very Mild Dementia,0,0.3567037198222414,0.3881355748810461,0.19849403863004553,0.056666666666666664
OASIS_2,RandomForest,13,test,rician_noise__mild,rician_noise,mild,D:\OASIS_2\distortions_128\rician_noise\mild\Mild_Dementia\OAS2_0114\OAS2_0114_slice_04_z093.png,Mild_Dementia/OAS2_0114/OAS2_0114_slice_04_z093.png,Mild Dementia/OAS2_0114/OAS2_0114_slice_04_z093.png,OAS2_0114,Mild Dementia,2,0,Non-Demented,0,0.4310662160583318,0.348785035481042,0.16681541512729278,0.05333333333333334
OASIS_2,RandomForest,13,test,rician_noise__mild,rician_noise,mild,D:\OASIS_2\distortions_128\rician_noise\mild\Mild_Dementia\OAS2_0114\OAS2_0114_slice_05_z098.png,Mild_Dementia/OAS2_0114/OAS2_0114_slice_05_z098.png,Mild Dementia/OAS2_0114/OAS2_0114_slice_05_z098.png,OAS2_0114,Mild Dementia,2,0,Non-Demented,0,0.4366709420716263,0.34841506900811337,0.17824732225359366,0.03666666666666667
OASIS_2,RandomForest,13,test,rician_noise__mild,rician_noise,mild,D:\OASIS_2\distortions_128\rician_noise\mild\Mild_Dementia\OAS2_0114\OAS2_0114_slice_06_z104.png,Mild_Dementia/OAS2_0114/OAS2_0114_slice_06_z104.png,Mild Dementia/OAS2_0114/OAS2_0114_slice_06_z104.png,OAS2_0114,Mild Dementia,2,0,Non-Demented,0,0.4493343703788588,0.3359324162525693,0.19473321336857197,0.02
OASIS_2,RandomForest,13,test,rician_noise__mild,rician_noise,mild,D:\OASIS_2\distortions_128\rician_noise\mild\Mild_Dementia\OAS2_0114\OAS2_0114_slice_07_z109.png,Mild_Dementia/OAS2_0114/OAS2_0114_slice_07_z109.png,Mild Dementia/OAS2_0114/OAS2_0114_slice_07_z109.png,OAS2_0114,Mild Dementia,2,0,Non-Demented,0,0.4451782652284569,0.36747946948452803,0.14400893195368172,0.043333333333333335
OASIS_2,RandomForest,13,test,rician_noise__mild,rician_noise,mild,D:\OASIS_2\distortions_128\rician_noise\mild\Mild_Dementia\OAS2_0114\OAS2_0114_slice_08_z114.png,Mild_Dementia/OAS2_0114/OAS2_0114_slice_08_z114.png,Mild Dementia/OAS2_0114/OAS2_0114_slice_08_z114.png,OAS2_0114,Mild Dementia,2,0,Non-Demented,0,0.4512800285327785,0.3482120006622163,0.1538413041383385,0.04666666666666667
OASIS_2,RandomForest,13,test,rician_noise__mild,rician_noise,mild,D:\OASIS_2\distortions_128\rician_noise\mild\Mild_Dementia\OAS2_0114\OAS2_0114_slice_09_z120.png,Mild_Dementia/OAS2_0114/OAS2_0114_slice_09_z120.png,Mild Dementia/OAS2_0114/OAS2_0114_slice_09_z120.png,OAS2_0114,Mild Dementia,2,0,Non-Demented,0,0.44693560282161304,0.38808964938542617,0.13497474779296095,0.03
OASIS_2,RandomForest,13,test,rician_noise__mild,rician_noise,mild,D:\OASIS_2\distortions_128\rician_noise\mild\Mild_Dementia\OAS2_0114\OAS2_0114_slice_10_z125.png,Mild_Dementia/OAS2_0114/OAS2_0114_slice_10_z125.png,Mild Dementia/OAS2_0114/OAS2_0114_slice_10_z125.png,OAS2_0114,Mild Dementia,2,0,Non-Demented,0,0.4548286823017809,0.35036506616079827,0.144806251537421,0.05
OASIS_2,RandomForest,13,test,rician_noise__mild,rician_noise,mild,D:\OASIS_2\distortions_128\rician_noise\mild\Mild_Dementia\OAS2_0114\OAS2_0114_slice_11_z130.png,Mild_Dementia/OAS2_0114/OAS2_0114_slice_11_z130.png,Mild Dementia/OAS2_0114/OAS2_0114_slice_11_z130.png,OAS2_0114,Mild Dementia,2,0,Non-Demented,0,0.45125579785373693,0.35498990595610436,0.13375429619015852,0.06
OASIS_2,RandomForest,13,test,rician_noise__mild,rician_noise,mild,D:\OASIS_2\distortions_128\rician_noise\mild\Mild_Dementia\OAS2_0114\OAS2_0114_slice_12_z135.png,Mild_Dementia/OAS2_0114/OAS2_0114_slice_12_z135.png,Mild Dementia/OAS2_0114/OAS2_0114_slice_12_z135.png,OAS2_0114,Mild Dementia,2,0,Non-Demented,0,0.4841817922688687,0.3302910774633951,0.1488604636010696,0.03666666666666667
OASIS_2,RandomForest,13,test,rician_noise__mild,rician_noise,mild,D:\OASIS_2\distortions_128\rician_noise\mild\Mild_Dementia\OAS2_0114\OAS2_0114_slice_13_z141.png,Mild_Dementia/OAS2_0114/OAS2_0114_slice_13_z141.png,Mild Dementia/OAS2_0114/OAS2_0114_slice_13_z141.png,OAS2_0114,Mild Dementia,2,0,Non-Demented,0,0.42512417741475733,0.3538064093302626,0.15440274658831346,0.06666666666666667
OASIS_2,RandomForest,13,test,rician_noise__mild,rician_noise,mild,D:\OASIS_2\distortions_128\rician_noise\mild\Mild_Dementia\OAS2_0114\OAS2_0114_slice_14_z146.png,Mild_Dementia/OAS2_0114/OAS2_0114_slice_14_z146.png,Mild Dementia/OAS2_0114/OAS2_0114_slice_14_z146.png,OAS2_0114,Mild Dementia,2,0,Non-Demented,0,0.40253697772765523,0.3963447141497426,0.15445164145593535,0.04666666666666667
OASIS_2,RandomForest,13,test,rician_noise__mild,rician_noise,mild,D:\OASIS_2\distortions_128\rician_noise\mild\Mild_Dementia\OAS2_0114\OAS2_0114_slice_15_z151.png,Mild_Dementia/OAS2_0114/OAS2_0114_slice_15_z151.png,Mild Dementia/OAS2_0114/OAS2_0114_slice_15_z151.png,OAS2_0114,Mild Dementia,2,0,Non-Demented,0,0.39787010194047745,0.3734596599377272,0.1753369047884622,0.05333333333333334
OASIS_2,RandomForest,13,test,rician_noise__mild,rician_noise,mild,D:\OASIS_2\distortions_128\rician_noise\mild\Mild_Dementia\OAS2_0114\OAS2_0114_slice_16_z157.png,Mild_Dementia/OAS2_0114/OAS2_0114_slice_16_z157.png,Mild Dementia/OAS2_0114/OAS2_0114_slice_16_z157.png,OAS2_0114,Mild Dementia,2,0,Non-Demented,0,0.3959688862906808,0.36529360993393184,0.1654041704420541,0.07333333333333333
OASIS_2,RandomForest,13,test,rician_noise__mild,rician_noise,mild,D:\OASIS_2\distortions_128\rician_noise\mild\Mild_Dementia\OAS2_0114\OAS2_0114_slice_17_z162.png,Mild_Dementia/OAS2_0114/OAS2_0114_slice_17_z162.png,Mild Dementia/OAS2_0114/OAS2_0114_slice_17_z162.png,OAS2_0114,Mild Dementia,2,0,Non-Demented,0,0.40253245352800365,0.3520129051988533,0.18212130793980974,0.06333333333333334
OASIS_2,RandomForest,13,test,rician_noise__mild,rician_noise,mild,D:\OASIS_2\distortions_128\rician_noise\mild\Mild_Dementia\OAS2_0114\OAS2_0114_slice_18_z167.png,Mild_Dementia/OAS2_0114/OAS2_0114_slice_18_z167.png,Mild Dementia/OAS2_0114/OAS2_0114_slice_18_z167.png,OAS2_0114,Mild Dementia,2,0,Non-Demented,0,0.3702555622553095,0.35966498565863275,0.20007945208605804,0.07
OASIS_2,RandomForest,13,test,rician_noise__mild,rician_noise,mild,D:\OASIS_2\distortions_128\rician_noise\mild\Mild_Dementia\OAS2_0114\OAS2_0114_slice_19_z173.png,Mild_Dementia/OAS2_0114/OAS2_0114_slice_19_z173.png,Mild Dementia/OAS2_0114/OAS2_0114_slice_19_z173.png,OAS2_0114,Mild Dementia,2,0,Non-Demented,0,0.44144946163361454,0.35154483621804633,0.1570057021483392,0.05
OASIS_2,RandomForest,13,test,rician_noise__mild,rician_noise,mild,D:\OASIS_2\distortions_128\rician_noise\mild\Mild_Dementia\OAS2_0114\OAS2_0114_slice_20_z178.png,Mild_Dementia/OAS2_0114/OAS2_0114_slice_20_z178.png,Mild Dementia/OAS2_0114/OAS2_0114_slice_20_z178.png,OAS2_0114,Mild Dementia,2,0,Non-Demented,0,0.4521534370490571,0.32986212721481734,0.1846511024027924,0.03333333333333333
OASIS_2,RandomForest,13,test,rician_noise__mild,rician_noise,mild,D:\OASIS_2\distortions_128\rician_noise\mild\Moderate_Dementia\OAS2_0120\OAS2_0120_slice_01_z077.png,Moderate_Dementia/OAS2_0120/OAS2_0120_slice_01_z077.png,Moderate Dementia/OAS2_0120/OAS2_0120_slice_01_z077.png,OAS2_0120,Moderate Dementia,3,0,Non-Demented,0,0.4615933598301798,0.3320868206218998,0.1696531528812536,0.03666666666666667
OASIS_2,RandomForest,13,test,rician_noise__mild,rician_noise,mild,D:\OASIS_2\distortions_128\rician_noise\mild\Moderate_Dementia\OAS2_0120\OAS2_0120_slice_02_z082.png,Moderate_Dementia/OAS2_0120/OAS2_0120_slice_02_z082.png,Moderate Dementia/OAS2_0120/OAS2_0120_slice_02_z082.png,OAS2_0120,Moderate Dementia,3,0,Non-Demented,0,0.4405284257007283,0.3719111094423148,0.17422713152362368,0.013333333333333334
OASIS_2,RandomForest,13,test,rician_noise__mild,rician_noise,mild,D:\OASIS_2\distortions_128\rician_noise\mild\Moderate_Dementia\OAS2_0120\OAS2_0120_slice_03_z088.png,Moderate_Dementia/OAS2_0120/OAS2_0120_slice_03_z088.png,Moderate Dementia/OAS2_0120/OAS2_0120_slice_03_z088.png,OAS2_0120,Moderate Dementia,3,0,Non-Demented,0,0.4270294639872774,0.3683015639209504,0.19133563875843873,0.013333333333333334
OASIS_2,RandomForest,13,test,rician_noise__mild,rician_noise,mild,D:\OASIS_2\distortions_128\rician_noise\mild\Moderate_Dementia\OAS2_0120\OAS2_0120_slice_04_z093.png,Moderate_Dementia/OAS2_0120/OAS2_0120_slice_04_z093.png,Moderate Dementia/OAS2_0120/OAS2_0120_slice_04_z093.png,OAS2_0120,Moderate Dementia,3,0,Non-Demented,0,0.4136763043799861,0.3990537480716524,0.16726994754836158,0.02
OASIS_2,RandomForest,13,test,rician_noise__mild,rician_noise,mild,D:\OASIS_2\distortions_128\rician_noise\mild\Moderate_Dementia\OAS2_0120\OAS2_0120_slice_05_z098.png,Moderate_Dementia/OAS2_0120/OAS2_0120_slice_05_z098.png,Moderate Dementia/OAS2_0120/OAS2_0120_slice_05_z098.png,OAS2_0120,Moderate Dementia,3,0,Non-Demented,0,0.40644774478072354,0.3974059922615631,0.149479596291047,0.04666666666666667
OASIS_2,RandomForest,13,test,rician_noise__mild,rician_noise,mild,D:\OASIS_2\distortions_128\rician_noise\mild\Moderate_Dementia\OAS2_0120\OAS2_0120_slice_06_z104.png,Moderate_Dementia/OAS2_0120/OAS2_0120_slice_06_z104.png,Moderate Dementia/OAS2_0120/OAS2_0120_slice_06_z104.png,OAS2_0120,Moderate Dementia,3,0,Non-Demented,0,0.42334137650680925,0.36797823259958684,0.1686803908936038,0.04
OASIS_2,RandomForest,13,test,rician_noise__mild,rician_noise,mild,D:\OASIS_2\distortions_128\rician_noise\mild\Moderate_Dementia\OAS2_0120\OAS2_0120_slice_07_z109.png,Moderate_Dementia/OAS2_0120/OAS2_0120_slice_07_z109.png,Moderate Dementia/OAS2_0120/OAS2_0120_slice_07_z109.png,OAS2_0120,Moderate Dementia,3,0,Non-Demented,0,0.4343328656794055,0.36095868865872605,0.1847084456618686,0.02
OASIS_2,RandomForest,13,test,rician_noise__mild,rician_noise,mild,D:\OASIS_2\distortions_128\rician_noise\mild\Moderate_Dementia\OAS2_0120\OAS2_0120_slice_08_z114.png,Moderate_Dementia/OAS2_0120/OAS2_0120_slice_08_z114.png,Moderate Dementia/OAS2_0120/OAS2_0120_slice_08_z114.png,OAS2_0120,Moderate Dementia,3,0,Non-Demented,0,0.4708585498142917,0.3573190039771971,0.15848911287517797,0.013333333333333334
OASIS_2,RandomForest,13,test,rician_noise__mild,rician_noise,mild,D:\OASIS_2\distortions_128\rician_noise\mild\Moderate_Dementia\OAS2_0120\OAS2_0120_slice_09_z120.png,Moderate_Dementia/OAS2_0120/OAS2_0120_slice_09_z120.png,Moderate Dementia/OAS2_0120/OAS2_0120_slice_09_z120.png,OAS2_0120,Moderate Dementia,3,0,Non-Demented,0,0.4730048439942702,0.3363556672205294,0.17397282211853385,0.016666666666666666
OASIS_2,RandomForest,13,test,rician_noise__mild,rician_noise,mild,D:\OASIS_2\distortions_128\rician_noise\mild\Moderate_Dementia\OAS2_0120\OAS2_0120_slice_10_z125.png,Moderate_Dementia/OAS2_0120/OAS2_0120_slice_10_z125.png,Moderate Dementia/OAS2_0120/OAS2_0120_slice_10_z125.png,OAS2_0120,Moderate Dementia,3,0,Non-Demented,0,0.45740822967251515,0.3196124370364841,0.20631266662433448,0.016666666666666666
OASIS_2,RandomForest,13,test,rician_noise__mild,rician_noise,mild,D:\OASIS_2\distortions_128\rician_noise\mild\Moderate_Dementia\OAS2_0120\OAS2_0120_slice_11_z130.png,Moderate_Dementia/OAS2_0120/OAS2_0120_slice_11_z130.png,Moderate Dementia/OAS2_0120/OAS2_0120_slice_11_z130.png,OAS2_0120,Moderate Dementia,3,0,Non-Demented,0,0.4763912422805614,0.32578478358435503,0.1811573074684169,0.016666666666666666
OASIS_2,RandomForest,13,test,rician_noise__mild,rician_noise,mild,D:\OASIS_2\distortions_128\rician_noise\mild\Moderate_Dementia\OAS2_0120\OAS2_0120_slice_12_z135.png,Moderate_Dementia/OAS2_0120/OAS2_0120_slice_12_z135.png,Moderate Dementia/OAS2_0120/OAS2_0120_slice_12_z135.png,OAS2_0120,Moderate Dementia,3,0,Non-Demented,0,0.449723562688946,0.35095627820035225,0.18932015911070174,0.01
OASIS_2,RandomForest,13,test,rician_noise__mild,rician_noise,mild,D:\OASIS_2\distortions_128\rician_noise\mild\Moderate_Dementia\OAS2_0120\OAS2_0120_slice_13_z141.png,Moderate_Dementia/OAS2_0120/OAS2_0120_slice_13_z141.png,Moderate Dementia/OAS2_0120/OAS2_0120_slice_13_z141.png,OAS2_0120,Moderate Dementia,3,0,Non-Demented,0,0.4897406660393543,0.3153886067358284,0.16820406055815038,0.02666666666666667
OASIS_2,RandomForest,13,test,rician_noise__mild,rician_noise,mild,D:\OASIS_2\distortions_128\rician_noise\mild\Moderate_Dementia\OAS2_0120\OAS2_0120_slice_14_z146.png,Moderate_Dementia/OAS2_0120/OAS2_0120_slice_14_z146.png,Moderate Dementia/OAS2_0120/OAS2_0120_slice_14_z146.png,OAS2_0120,Moderate Dementia,3,0,Non-Demented,0,0.468291286721352,0.33961884559780736,0.18875653434750728,0.0033333333333333335
OASIS_2,RandomForest,13,test,rician_noise__mild,rician_noise,mild,D:\OASIS_2\distortions_128\rician_noise\mild\Moderate_Dementia\OAS2_0120\OAS2_0120_slice_15_z151.png,Moderate_Dementia/OAS2_0120/OAS2_0120_slice_15_z151.png,Moderate Dementia/OAS2_0120/OAS2_0120_slice_15_z151.png,OAS2_0120,Moderate Dementia,3,0,Non-Demented,0,0.5175389704067278,0.32970169736719623,0.13942599889274263,0.013333333333333334
OASIS_2,RandomForest,13,test,rician_noise__mild,rician_noise,mild,D:\OASIS_2\distortions_128\rician_noise\mild\Moderate_Dementia\OAS2_0120\OAS2_0120_slice_16_z157.png,Moderate_Dementia/OAS2_0120/OAS2_0120_slice_16_z157.png,Moderate Dementia/OAS2_0120/OAS2_0120_slice_16_z157.png,OAS2_0120,Moderate Dementia,3,0,Non-Demented,0,0.4821296380942034,0.33837437541135673,0.15282931982777379,0.02666666666666667
OASIS_2,RandomForest,13,test,rician_noise__mild,rician_noise,mild,D:\OASIS_2\distortions_128\rician_noise\mild\Moderate_Dementia\OAS2_0120\OAS2_0120_slice_17_z162.png,Moderate_Dementia/OAS2_0120/OAS2_0120_slice_17_z162.png,Moderate Dementia/OAS2_0120/OAS2_0120_slice_17_z162.png,OAS2_0120,Moderate Dementia,3,0,Non-Demented,0,0.48466203108811146,0.3216438005321163,0.1703608350464389,0.023333333333333334
OASIS_2,RandomForest,13,test,rician_noise__mild,rician_noise,mild,D:\OASIS_2\distortions_128\rician_noise\mild\Moderate_Dementia\OAS2_0120\OAS2_0120_slice_18_z167.png,Moderate_Dementia/OAS2_0120/OAS2_0120_slice_18_z167.png,Moderate Dementia/OAS2_0120/OAS2_0120_slice_18_z167.png,OAS2_0120,Moderate Dementia,3,0,Non-Demented,0,0.48671506168813483,0.3109684562741549,0.16898314870437675,0.03333333333333333
OASIS_2,RandomForest,13,test,rician_noise__mild,rician_noise,mild,D:\OASIS_2\distortions_128\rician_noise\mild\Moderate_Dementia\OAS2_0120\OAS2_0120_slice_19_z173.png,Moderate_Dementia/OAS2_0120/OAS2_0120_slice_19_z173.png,Moderate Dementia/OAS2_0120/OAS2_0120_slice_19_z173.png,OAS2_0120,Moderate Dementia,3,0,Non-Demented,0,0.47768576636789334,0.3091294767239775,0.17985142357479617,0.03333333333333333
OASIS_2,RandomForest,13,test,rician_noise__mild,rician_noise,mild,D:\OASIS_2\distortions_128\rician_noise\mild\Moderate_Dementia\OAS2_0120\OAS2_0120_slice_20_z178.png,Moderate_Dementia/OAS2_0120/OAS2_0120_slice_20_z178.png,Moderate Dementia/OAS2_0120/OAS2_0120_slice_20_z178.png,OAS2_0120,Moderate Dementia,3,0,Non-Demented,0,0.4438029955610969,0.40153740010128897,0.131326271004281,0.023333333333333334
OASIS_2,RandomForest,13,test,rician_noise__mild,rician_noise,mild,D:\OASIS_2\distortions_128\rician_noise\mild\Non_Demented\OAS2_0004\OAS2_0004_slice_01_z077.png,Non_Demented/OAS2_0004/OAS2_0004_slice_01_z077.png,Non-Demented/OAS2_0004/OAS2_0004_slice_01_z077.png,OAS2_0004,Non-Demented,0,0,Non-Demented,1,0.419066812306307,0.3749771406680491,0.1659560470256442,0.04
OASIS_2,RandomForest,13,test,rician_noise__mild,rician_noise,mild,D:\OASIS_2\distortions_128\rician_noise\mild\Non_Demented\OAS2_0004\OAS2_0004_slice_02_z082.png,Non_Demented/OAS2_0004/OAS2_0004_slice_02_z082.png,Non-Demented/OAS2_0004/OAS2_0004_slice_02_z082.png,OAS2_0004,Non-Demented,0,0,Non-Demented,1,0.4050897160016395,0.3555517798222631,0.18269183750943097,0.056666666666666664
OASIS_2,RandomForest,13,test,rician_noise__mild,rician_noise,mild,D:\OASIS_2\distortions_128\rician_noise\mild\Non_Demented\OAS2_0004\OAS2_0004_slice_03_z088.png,Non_Demented/OAS2_0004/OAS2_0004_slice_03_z088.png,Non-Demented/OAS2_0004/OAS2_0004_slice_03_z088.png,OAS2_0004,Non-Demented,0,0,Non-Demented,1,0.43409471373716474,0.3404392786197416,0.1387993409764272,0.08666666666666667
OASIS_2,RandomForest,13,test,rician_noise__mild,rician_noise,mild,D:\OASIS_2\distortions_128\rician_noise\mild\Non_Demented\OAS2_0004\OAS2_0004_slice_04_z093.png,Non_Demented/OAS2_0004/OAS2_0004_slice_04_z093.png,Non-Demented/OAS2_0004/OAS2_0004_slice_04_z093.png,OAS2_0004,Non-Demented,0,0,Non-Demented,1,0.45596937082856365,0.3621141317509693,0.14858316408713376,0.03333333333333333
OASIS_2,RandomForest,13,test,rician_noise__mild,rician_noise,mild,D:\OASIS_2\distortions_128\rician_noise\mild\Non_Demented\OAS2_0004\OAS2_0004_slice_05_z098.png,Non_Demented/OAS2_0004/OAS2_0004_slice_05_z098.png,Non-Demented/OAS2_0004/OAS2_0004_slice_05_z098.png,OAS2_0004,Non-Demented,0,0,Non-Demented,1,0.45067573701637326,0.33052598877329786,0.18546494087699564,0.03333333333333333
OASIS_2,RandomForest,13,test,rician_noise__mild,rician_noise,mild,D:\OASIS_2\distortions_128\rician_noise\mild\Non_Demented\OAS2_0004\OAS2_0004_slice_06_z104.png,Non_Demented/OAS2_0004/OAS2_0004_slice_06_z104.png,Non-Demented/OAS2_0004/OAS2_0004_slice_06_z104.png,OAS2_0004,Non-Demented,0,0,Non-Demented,1,0.3980040699715811,0.3795476887738,0.16578157458795212,0.056666666666666664
OASIS_2,RandomForest,13,test,rician_noise__mild,rician_noise,mild,D:\OASIS_2\distortions_128\rician_noise\mild\Non_Demented\OAS2_0004\OAS2_0004_slice_07_z109.png,Non_Demented/OAS2_0004/OAS2_0004_slice_07_z109.png,Non-Demented/OAS2_0004/OAS2_0004_slice_07_z109.png,OAS2_0004,Non-Demented,0,1,Very Mild Dementia,0,0.39569687316924135,0.39601202856022527,0.15829109827053348,0.05
OASIS_2,RandomForest,13,test,rician_noise__mild,rician_noise,mild,D:\OASIS_2\distortions_128\rician_noise\mild\Non_Demented\OAS2_0004\OAS2_0004_slice_08_z114.png,Non_Demented/OAS2_0004/OAS2_0004_slice_08_z114.png,Non-Demented/OAS2_0004/OAS2_0004_slice_08_z114.png,OAS2_0004,Non-Demented,0,0,Non-Demented,1,0.4000159384265107,0.38564137617307376,0.19100935206708228,0.023333333333333334
OASIS_2,RandomForest,13,test,rician_noise__mild,rician_noise,mild,D:\OASIS_2\distortions_128\rician_noise\mild\Non_Demented\OAS2_0004\OAS2_0004_slice_09_z120.png,Non_Demented/OAS2_0004/OAS2_0004_slice_09_z120.png,Non-Demented/OAS2_0004/OAS2_0004_slice_09_z120.png,OAS2_0004,Non-Demented,0,0,Non-Demented,1,0.4552281878644616,0.3313174591985159,0.16345435293702248,0.05
OASIS_2,RandomForest,13,test,rician_noise__mild,rician_noise,mild,D:\OASIS_2\distortions_128\rician_noise\mild\Non_Demented\OAS2_0004\OAS2_0004_slice_10_z125.png,Non_Demented/OAS2_0004/OAS2_0004_slice_10_z125.png,Non-Demented/OAS2_0004/OAS2_0004_slice_10_z125.png,OAS2_0004,Non-Demented,0,0,Non-Demented,1,0.4262349907164424,0.3657688524478245,0.1813294901690665,0.02666666666666667
OASIS_2,RandomForest,13,test,rician_noise__mild,rician_noise,mild,D:\OASIS_2\distortions_128\rician_noise\mild\Non_Demented\OAS2_0004\OAS2_0004_slice_11_z130.png,Non_Demented/OAS2_0004/OAS2_0004_slice_11_z130.png,Non-Demented/OAS2_0004/OAS2_0004_slice_11_z130.png,OAS2_0004,Non-Demented,0,0,Non-Demented,1,0.45221199498401216,0.35462517464664706,0.1498294970360077,0.043333333333333335
OASIS_2,RandomForest,13,test,rician_noise__mild,rician_noise,mild,D:\OASIS_2\distortions_128\rician_noise\mild\Non_Demented\OAS2_0004\OAS2_0004_slice_12_z135.png,Non_Demented/OAS2_0004/OAS2_0004_slice_12_z135.png,Non-Demented/OAS2_0004/OAS2_0004_slice_12_z135.png,OAS2_0004,Non-Demented,0,0,Non-Demented,1,0.40794408574320173,0.3531395545422344,0.20224969304789742,0.03666666666666667
OASIS_2,RandomForest,13,test,rician_noise__mild,rician_noise,mild,D:\OASIS_2\distortions_128\rician_noise\mild\Non_Demented\OAS2_0004\OAS2_0004_slice_13_z141.png,Non_Demented/OAS2_0004/OAS2_0004_slice_13_z141.png,Non-Demented/OAS2_0004/OAS2_0004_slice_13_z141.png,OAS2_0004,Non-Demented,0,0,Non-Demented,1,0.4336284421466379,0.3826420529491209,0.1670628382375748,0.016666666666666666
OASIS_2,RandomForest,13,test,rician_noise__mild,rician_noise,mild,D:\OASIS_2\distortions_128\rician_noise\mild\Non_Demented\OAS2_0004\OAS2_0004_slice_14_z146.png,Non_Demented/OAS2_0004/OAS2_0004_slice_14_z146.png,Non-Demented/OAS2_0004/OAS2_0004_slice_14_z146.png,OAS2_0004,Non-Demented,0,0,Non-Demented,1,0.44519230396056825,0.3651657326597239,0.14964196337970775,0.04
OASIS_2,RandomForest,13,test,rician_noise__mild,rician_noise,mild,D:\OASIS_2\distortions_128\rician_noise\mild\Non_Demented\OAS2_0004\OAS2_0004_slice_15_z151.png,Non_Demented/OAS2_0004/OAS2_0004_slice_15_z151.png,Non-Demented/OAS2_0004/OAS2_0004_slice_15_z151.png,OAS2_0004,Non-Demented,0,0,Non-Demented,1,0.44843324272209145,0.3770754680285771,0.15449128924933125,0.02
OASIS_2,RandomForest,13,test,rician_noise__mild,rician_noise,mild,D:\OASIS_2\distortions_128\rician_noise\mild\Non_Demented\OAS2_0004\OAS2_0004_slice_16_z157.png,Non_Demented/OAS2_0004/OAS2_0004_slice_16_z157.png,Non-Demented/OAS2_0004/OAS2_0004_slice_16_z157.png,OAS2_0004,Non-Demented,0,0,Non-Demented,1,0.481551466152972,0.3355518078654778,0.17289672598155006,0.01
OASIS_2,RandomForest,13,test,rician_noise__mild,rician_noise,mild,D:\OASIS_2\distortions_128\rician_noise\mild\Non_Demented\OAS2_0004\OAS2_0004_slice_17_z162.png,Non_Demented/OAS2_0004/OAS2_0004_slice_17_z162.png,Non-Demented/OAS2_0004/OAS2_0004_slice_17_z162.png,OAS2_0004,Non-Demented,0,0,Non-Demented,1,0.45639426470637395,0.36651263195070144,0.1537597700095914,0.023333333333333334
OASIS_2,RandomForest,13,test,rician_noise__mild,rician_noise,mild,D:\OASIS_2\distortions_128\rician_noise\mild\Non_Demented\OAS2_0004\OAS2_0004_slice_18_z167.png,Non_Demented/OAS2_0004/OAS2_0004_slice_18_z167.png,Non-Demented/OAS2_0004/OAS2_0004_slice_18_z167.png,OAS2_0004,Non-Demented,0,0,Non-Demented,1,0.4340564716150942,0.3849867629278402,0.15429009879039926,0.02666666666666667
OASIS_2,RandomForest,13,test,rician_noise__mild,rician_noise,mild,D:\OASIS_2\distortions_128\rician_noise\mild\Non_Demented\OAS2_0004\OAS2_0004_slice_19_z173.png,Non_Demented/OAS2_0004/OAS2_0004_slice_19_z173.png,Non-Demented/OAS2_0004/OAS2_0004_slice_19_z173.png,OAS2_0004,Non-Demented,0,0,Non-Demented,1,0.5021144503253538,0.31099171442264445,0.16356050191866847,0.023333333333333334
OASIS_2,RandomForest,13,test,rician_noise__mild,rician_noise,mild,D:\OASIS_2\distortions_128\rician_noise\mild\Non_Demented\OAS2_0004\OAS2_0004_slice_20_z178.png,Non_Demented/OAS2_0004/OAS2_0004_slice_20_z178.png,Non-Demented/OAS2_0004/OAS2_0004_slice_20_z178.png,OAS2_0004,Non-Demented,0,0,Non-Demented,1,0.45801130770627374,0.3331250540576014,0.17553030490279145,0.03333333333333333
OASIS_2,RandomForest,13,test,rician_noise__mild,rician_noise,mild,D:\OASIS_2\distortions_128\rician_noise\mild\Non_Demented\OAS2_0005\OAS2_0005_slice_01_z077.png,Non_Demented/OAS2_0005/OAS2_0005_slice_01_z077.png,Non-Demented/OAS2_0005/OAS2_0005_slice_01_z077.png,OAS2_0005,Non-Demented,0,0,Non-Demented,1,0.46701820470510297,0.3338591606525329,0.15912263464236429,0.04
OASIS_2,RandomForest,13,test,rician_noise__mild,rician_noise,mild,D:\OASIS_2\distortions_128\rician_noise\mild\Non_Demented\OAS2_0005\OAS2_0005_slice_02_z082.png,Non_Demented/OAS2_0005/OAS2_0005_slice_02_z082.png,Non-Demented/OAS2_0005/OAS2_0005_slice_02_z082.png,OAS2_0005,Non-Demented,0,0,Non-Demented,1,0.44860031248647336,0.366188324104118,0.15521136340940855,0.03
OASIS_2,RandomForest,13,test,rician_noise__mild,rician_noise,mild,D:\OASIS_2\distortions_128\rician_noise\mild\Non_Demented\OAS2_0005\OAS2_0005_slice_03_z088.png,Non_Demented/OAS2_0005/OAS2_0005_slice_03_z088.png,Non-Demented/OAS2_0005/OAS2_0005_slice_03_z088.png,OAS2_0005,Non-Demented,0,0,Non-Demented,1,0.4110232589150459,0.3308771269428248,0.21143294747546276,0.04666666666666667
OASIS_2,RandomForest,13,test,rician_noise__mild,rician_noise,mild,D:\OASIS_2\distortions_128\rician_noise\mild\Non_Demented\OAS2_0005\OAS2_0005_slice_04_z093.png,Non_Demented/OAS2_0005/OAS2_0005_slice_04_z093.png,Non-Demented/OAS2_0005/OAS2_0005_slice_04_z093.png,OAS2_0005,Non-Demented,0,0,Non-Demented,1,0.4426775702449865,0.3449375135572532,0.17238491619776034,0.04
OASIS_2,RandomForest,13,test,rician_noise__mild,rician_noise,mild,D:\OASIS_2\distortions_128\rician_noise\mild\Non_Demented\OAS2_0005\OAS2_0005_slice_05_z098.png,Non_Demented/OAS2_0005/OAS2_0005_slice_05_z098.png,Non-Demented/OAS2_0005/OAS2_0005_slice_05_z098.png,OAS2_0005,Non-Demented,0,0,Non-Demented,1,0.41436547476824875,0.3643907806700866,0.181243744561665,0.04
OASIS_2,RandomForest,13,test,rician_noise__mild,rician_noise,mild,D:\OASIS_2\distortions_128\rician_noise\mild\Non_Demented\OAS2_0005\OAS2_0005_slice_06_z104.png,Non_Demented/OAS2_0005/OAS2_0005_slice_06_z104.png,Non-Demented/OAS2_0005/OAS2_0005_slice_06_z104.png,OAS2_0005,Non-Demented,0,0,Non-Demented,1,0.41470965730266035,0.3592656801446276,0.18935799588604554,0.03666666666666667
OASIS_2,RandomForest,13,test,rician_noise__mild,rician_noise,mild,D:\OASIS_2\distortions_128\rician_noise\mild\Non_Demented\OAS2_0005\OAS2_0005_slice_07_z109.png,Non_Demented/OAS2_0005/OAS2_0005_slice_07_z109.png,Non-Demented/OAS2_0005/OAS2_0005_slice_07_z109.png,OAS2_0005,Non-Demented,0,0,Non-Demented,1,0.4956161953847274,0.37195353633027456,0.11243026828499805,0.02
OASIS_2,RandomForest,13,test,rician_noise__mild,rician_noise,mild,D:\OASIS_2\distortions_128\rician_noise\mild\Non_Demented\OAS2_0005\OAS2_0005_slice_08_z114.png,Non_Demented/OAS2_0005/OAS2_0005_slice_08_z114.png,Non-Demented/OAS2_0005/OAS2_0005_slice_08_z114.png,OAS2_0005,Non-Demented,0,0,Non-Demented,1,0.46235298183103607,0.42491997564978895,0.09939370918584152,0.013333333333333334
OASIS_2,RandomForest,13,test,rician_noise__mild,rician_noise,mild,D:\OASIS_2\distortions_128\rician_noise\mild\Non_Demented\OAS2_0005\OAS2_0005_slice_09_z120.png,Non_Demented/OAS2_0005/OAS2_0005_slice_09_z120.png,Non-Demented/OAS2_0005/OAS2_0005_slice_09_z120.png,OAS2_0005,Non-Demented,0,0,Non-Demented,1,0.45346553138619594,0.415790070821619,0.09741106445885164,0.03333333333333333
OASIS_2,RandomForest,13,test,rician_noise__mild,rician_noise,mild,D:\OASIS_2\distortions_128\rician_noise\mild\Non_Demented\OAS2_0005\OAS2_0005_slice_10_z125.png,Non_Demented/OAS2_0005/OAS2_0005_slice_10_z125.png,Non-Demented/OAS2_0005/OAS2_0005_slice_10_z125.png,OAS2_0005,Non-Demented,0,0,Non-Demented,1,0.5033232874558218,0.37105620904583175,0.09562050349834657,0.03
OASIS_2,RandomForest,13,test,rician_noise__mild,rician_noise,mild,D:\OASIS_2\distortions_128\rician_noise\mild\Non_Demented\OAS2_0005\OAS2_0005_slice_11_z130.png,Non_Demented/OAS2_0005/OAS2_0005_slice_11_z130.png,Non-Demented/OAS2_0005/OAS2_0005_slice_11_z130.png,OAS2_0005,Non-Demented,0,0,Non-Demented,1,0.4525518137616613,0.4151290652169268,0.10231912102141183,0.03
OASIS_2,RandomForest,13,test,rician_noise__mild,rician_noise,mild,D:\OASIS_2\distortions_128\rician_noise\mild\Non_Demented\OAS2_0005\OAS2_0005_slice_12_z135.png,Non_Demented/OAS2_0005/OAS2_0005_slice_12_z135.png,Non-Demented/OAS2_0005/OAS2_0005_slice_12_z135.png,OAS2_0005,Non-Demented,0,0,Non-Demented,1,0.5178873420949053,0.36648843608870185,0.08562422181639259,0.03
OASIS_2,RandomForest,13,test,rician_noise__mild,rician_noise,mild,D:\OASIS_2\distortions_128\rician_noise\mild\Non_Demented\OAS2_0005\OAS2_0005_slice_13_z141.png,Non_Demented/OAS2_0005/OAS2_0005_slice_13_z141.png,Non-Demented/OAS2_0005/OAS2_0005_slice_13_z141.png,OAS2_0005,Non-Demented,0,0,Non-Demented,1,0.45766383626094653,0.3898035300862014,0.12586596698618532,0.02666666666666667
OASIS_2,RandomForest,13,test,rician_noise__mild,rician_noise,mild,D:\OASIS_2\distortions_128\rician_noise\mild\Non_Demented\OAS2_0005\OAS2_0005_slice_14_z146.png,Non_Demented/OAS2_0005/OAS2_0005_slice_14_z146.png,Non-Demented/OAS2_0005/OAS2_0005_slice_14_z146.png,OAS2_0005,Non-Demented,0,0,Non-Demented,1,0.483136754703665,0.36425239777519575,0.11594418085447243,0.03666666666666667
OASIS_2,RandomForest,13,test,rician_noise__mild,rician_noise,mild,D:\OASIS_2\distortions_128\rician_noise\mild\Non_Demented\OAS2_0005\OAS2_0005_slice_15_z151.png,Non_Demented/OAS2_0005/OAS2_0005_slice_15_z151.png,Non-Demented/OAS2_0005/OAS2_0005_slice_15_z151.png,OAS2_0005,Non-Demented,0,0,Non-Demented,1,0.5259546439474472,0.31612063603923607,0.12459138667998336,0.03333333333333333
OASIS_2,RandomForest,13,test,rician_noise__mild,rician_noise,mild,D:\OASIS_2\distortions_128\rician_noise\mild\Non_Demented\OAS2_0005\OAS2_0005_slice_16_z157.png,Non_Demented/OAS2_0005/OAS2_0005_slice_16_z157.png,Non-Demented/OAS2_0005/OAS2_0005_slice_16_z157.png,OAS2_0005,Non-Demented,0,0,Non-Demented,1,0.47400436042478333,0.3472682285214865,0.14539407772039675,0.03333333333333333
OASIS_2,RandomForest,13,test,rician_noise__mild,rician_noise,mild,D:\OASIS_2\distortions_128\rician_noise\mild\Non_Demented\OAS2_0005\OAS2_0005_slice_17_z162.png,Non_Demented/OAS2_0005/OAS2_0005_slice_17_z162.png,Non-Demented/OAS2_0005/OAS2_0005_slice_17_z162.png,OAS2_0005,Non-Demented,0,0,Non-Demented,1,0.4954310385824066,0.3052338972488778,0.15266839750204905,0.04666666666666667
OASIS_2,RandomForest,13,test,rician_noise__mild,rician_noise,mild,D:\OASIS_2\distortions_128\rician_noise\mild\Non_Demented\OAS2_0005\OAS2_0005_slice_18_z167.png,Non_Demented/OAS2_0005/OAS2_0005_slice_18_z167.png,Non-Demented/OAS2_0005/OAS2_0005_slice_18_z167.png,OAS2_0005,Non-Demented,0,0,Non-Demented,1,0.4777419437441217,0.32645711383017384,0.11246760909237107,0.08333333333333333
OASIS_2,RandomForest,13,test,rician_noise__mild,rician_noise,mild,D:\OASIS_2\distortions_128\rician_noise\mild\Non_Demented\OAS2_0005\OAS2_0005_slice_19_z173.png,Non_Demented/OAS2_0005/OAS2_0005_slice_19_z173.png,Non-Demented/OAS2_0005/OAS2_0005_slice_19_z173.png,OAS2_0005,Non-Demented,0,0,Non-Demented,1,0.4315284032032588,0.29998298527457823,0.1751552781888297,0.09333333333333334
OASIS_2,RandomForest,13,test,rician_noise__mild,rician_noise,mild,D:\OASIS_2\distortions_128\rician_noise\mild\Non_Demented\OAS2_0005\OAS2_0005_slice_20_z178.png,Non_Demented/OAS2_0005/OAS2_0005_slice_20_z178.png,Non-Demented/OAS2_0005/OAS2_0005_slice_20_z178.png,OAS2_0005,Non-Demented,0,0,Non-Demented,1,0.42566905538356875,0.3421017686243641,0.1755625093254002,0.056666666666666664
OASIS_2,RandomForest,13,test,rician_noise__mild,rician_noise,mild,D:\OASIS_2\distortions_128\rician_noise\mild\Non_Demented\OAS2_0017\OAS2_0017_slice_01_z077.png,Non_Demented/OAS2_0017/OAS2_0017_slice_01_z077.png,Non-Demented/OAS2_0017/OAS2_0017_slice_01_z077.png,OAS2_0017,Non-Demented,0,0,Non-Demented,1,0.43881552948968816,0.3241240948991454,0.2170603756111663,0.02
OASIS_2,RandomForest,13,test,rician_noise__mild,rician_noise,mild,D:\OASIS_2\distortions_128\rician_noise\mild\Non_Demented\OAS2_0017\OAS2_0017_slice_02_z082.png,Non_Demented/OAS2_0017/OAS2_0017_slice_02_z082.png,Non-Demented/OAS2_0017/OAS2_0017_slice_02_z082.png,OAS2_0017,Non-Demented,0,0,Non-Demented,1,0.48732558291778094,0.3020492636232515,0.19062515345896747,0.02
OASIS_2,RandomForest,13,test,rician_noise__mild,rician_noise,mild,D:\OASIS_2\distortions_128\rician_noise\mild\Non_Demented\OAS2_0017\OAS2_0017_slice_03_z088.png,Non_Demented/OAS2_0017/OAS2_0017_slice_03_z088.png,Non-Demented/OAS2_0017/OAS2_0017_slice_03_z088.png,OAS2_0017,Non-Demented,0,0,Non-Demented,1,0.4841055031362728,0.33804649716553115,0.16118133303152937,0.016666666666666666
OASIS_2,RandomForest,13,test,rician_noise__mild,rician_noise,mild,D:\OASIS_2\distortions_128\rician_noise\mild\Non_Demented\OAS2_0017\OAS2_0017_slice_04_z093.png,Non_Demented/OAS2_0017/OAS2_0017_slice_04_z093.png,Non-Demented/OAS2_0017/OAS2_0017_slice_04_z093.png,OAS2_0017,Non-Demented,0,0,Non-Demented,1,0.49233284139095335,0.3455594884345659,0.1521076701744809,0.01
OASIS_2,RandomForest,13,test,rician_noise__mild,rician_noise,mild,D:\OASIS_2\distortions_128\rician_noise\mild\Non_Demented\OAS2_0017\OAS2_0017_slice_05_z098.png,Non_Demented/OAS2_0017/OAS2_0017_slice_05_z098.png,Non-Demented/OAS2_0017/OAS2_0017_slice_05_z098.png,OAS2_0017,Non-Demented,0,0,Non-Demented,1,0.48865152923618516,0.36880550924152106,0.12920962818896062,0.013333333333333334
OASIS_2,RandomForest,13,test,rician_noise__mild,rician_noise,mild,D:\OASIS_2\distortions_128\rician_noise\mild\Non_Demented\OAS2_0017\OAS2_0017_slice_06_z104.png,Non_Demented/OAS2_0017/OAS2_0017_slice_06_z104.png,Non-Demented/OAS2_0017/OAS2_0017_slice_06_z104.png,OAS2_0017,Non-Demented,0,0,Non-Demented,1,0.5289597285733536,0.34682611881992564,0.09421415260672071,0.03
OASIS_2,RandomForest,13,test,rician_noise__mild,rician_noise,mild,D:\OASIS_2\distortions_128\rician_noise\mild\Non_Demented\OAS2_0017\OAS2_0017_slice_07_z109.png,Non_Demented/OAS2_0017/OAS2_0017_slice_07_z109.png,Non-Demented/OAS2_0017/OAS2_0017_slice_07_z109.png,OAS2_0017,Non-Demented,0,0,Non-Demented,1,0.5189251621291578,0.3408514211336439,0.10689008340386494,0.03333333333333333
OASIS_2,RandomForest,13,test,rician_noise__mild,rician_noise,mild,D:\OASIS_2\distortions_128\rician_noise\mild\Non_Demented\OAS2_0017\OAS2_0017_slice_08_z114.png,Non_Demented/OAS2_0017/OAS2_0017_slice_08_z114.png,Non-Demented/OAS2_0017/OAS2_0017_slice_08_z114.png,OAS2_0017,Non-Demented,0,0,Non-Demented,1,0.5133563856783645,0.3457952602933713,0.11084835402826419,0.03
OASIS_2,RandomForest,13,test,rician_noise__mild,rician_noise,mild,D:\OASIS_2\distortions_128\rician_noise\mild\Non_Demented\OAS2_0017\OAS2_0017_slice_09_z120.png,Non_Demented/OAS2_0017/OAS2_0017_slice_09_z120.png,Non-Demented/OAS2_0017/OAS2_0017_slice_09_z120.png,OAS2_0017,Non-Demented,0,0,Non-Demented,1,0.5626518863686482,0.3272139994389598,0.09346744752572544,0.016666666666666666
OASIS_2,RandomForest,13,test,rician_noise__mild,rician_noise,mild,D:\OASIS_2\distortions_128\rician_noise\mild\Non_Demented\OAS2_0017\OAS2_0017_slice_10_z125.png,Non_Demented/OAS2_0017/OAS2_0017_slice_10_z125.png,Non-Demented/OAS2_0017/OAS2_0017_slice_10_z125.png,OAS2_0017,Non-Demented,0,0,Non-Demented,1,0.5888677545657681,0.27666111968851664,0.10780445907904851,0.02666666666666667
OASIS_2,RandomForest,13,test,rician_noise__mild,rician_noise,mild,D:\OASIS_2\distortions_128\rician_noise\mild\Non_Demented\OAS2_0017\OAS2_0017_slice_11_z130.png,Non_Demented/OAS2_0017/OAS2_0017_slice_11_z130.png,Non-Demented/OAS2_0017/OAS2_0017_slice_11_z130.png,OAS2_0017,Non-Demented,0,0,Non-Demented,1,0.5117975300275761,0.35658234245297493,0.10495346085278213,0.02666666666666667
OASIS_2,RandomForest,13,test,rician_noise__mild,rician_noise,mild,D:\OASIS_2\distortions_128\rician_noise\mild\Non_Demented\OAS2_0017\OAS2_0017_slice_12_z135.png,Non_Demented/OAS2_0017/OAS2_0017_slice_12_z135.png,Non-Demented/OAS2_0017/OAS2_0017_slice_12_z135.png,OAS2_0017,Non-Demented,0,0,Non-Demented,1,0.5079035057228501,0.3752589676487082,0.09017085996177505,0.02666666666666667
OASIS_2,RandomForest,13,test,rician_noise__mild,rician_noise,mild,D:\OASIS_2\distortions_128\rician_noise\mild\Non_Demented\OAS2_0017\OAS2_0017_slice_13_z141.png,Non_Demented/OAS2_0017/OAS2_0017_slice_13_z141.png,Non-Demented/OAS2_0017/OAS2_0017_slice_13_z141.png,OAS2_0017,Non-Demented,0,0,Non-Demented,1,0.4500478897981693,0.3925258730575319,0.13742623714429872,0.02
OASIS_2,RandomForest,13,test,rician_noise__mild,rician_noise,mild,D:\OASIS_2\distortions_128\rician_noise\mild\Non_Demented\OAS2_0017\OAS2_0017_slice_14_z146.png,Non_Demented/OAS2_0017/OAS2_0017_slice_14_z146.png,Non-Demented/OAS2_0017/OAS2_0017_slice_14_z146.png,OAS2_0017,Non-Demented,0,0,Non-Demented,1,0.4819800676654133,0.3799515587030715,0.12140170696484825,0.016666666666666666
OASIS_2,RandomForest,13,test,rician_noise__mild,rician_noise,mild,D:\OASIS_2\distortions_128\rician_noise\mild\Non_Demented\OAS2_0017\OAS2_0017_slice_15_z151.png,Non_Demented/OAS2_0017/OAS2_0017_slice_15_z151.png,Non-Demented/OAS2_0017/OAS2_0017_slice_15_z151.png,OAS2_0017,Non-Demented,0,0,Non-Demented,1,0.4562319641712614,0.3809330003487901,0.1428350354799488,0.02
OASIS_2,RandomForest,13,test,rician_noise__mild,rician_noise,mild,D:\OASIS_2\distortions_128\rician_noise\mild\Non_Demented\OAS2_0017\OAS2_0017_slice_16_z157.png,Non_Demented/OAS2_0017/OAS2_0017_slice_16_z157.png,Non-Demented/OAS2_0017/OAS2_0017_slice_16_z157.png,OAS2_0017,Non-Demented,0,0,Non-Demented,1,0.4754401107608326,0.36405298316427565,0.14384023940822507,0.016666666666666666
OASIS_2,RandomForest,13,test,rician_noise__mild,rician_noise,mild,D:\OASIS_2\distortions_128\rician_noise\mild\Non_Demented\OAS2_0017\OAS2_0017_slice_17_z162.png,Non_Demented/OAS2_0017/OAS2_0017_slice_17_z162.png,Non-Demented/OAS2_0017/OAS2_0017_slice_17_z162.png,OAS2_0017,Non-Demented,0,0,Non-Demented,1,0.47452021233951464,0.3632969148772394,0.12218287278324569,0.04
OASIS_2,RandomForest,13,test,rician_noise__mild,rician_noise,mild,D:\OASIS_2\distortions_128\rician_noise\mild\Non_Demented\OAS2_0017\OAS2_0017_slice_18_z167.png,Non_Demented/OAS2_0017/OAS2_0017_slice_18_z167.png,Non-Demented/OAS2_0017/OAS2_0017_slice_18_z167.png,OAS2_0017,Non-Demented,0,0,Non-Demented,1,0.463810073819615,0.2785388709526258,0.22431772189442603,0.03333333333333333
OASIS_2,RandomForest,13,test,rician_noise__mild,rician_noise,mild,D:\OASIS_2\distortions_128\rician_noise\mild\Non_Demented\OAS2_0017\OAS2_0017_slice_19_z173.png,Non_Demented/OAS2_0017/OAS2_0017_slice_19_z173.png,Non-Demented/OAS2_0017/OAS2_0017_slice_19_z173.png,OAS2_0017,Non-Demented,0,0,Non-Demented,1,0.4410349662867251,0.31056757100055726,0.20506412937938412,0.043333333333333335
OASIS_2,RandomForest,13,test,rician_noise__mild,rician_noise,mild,D:\OASIS_2\distortions_128\rician_noise\mild\Non_Demented\OAS2_0017\OAS2_0017_slice_20_z178.png,Non_Demented/OAS2_0017/OAS2_0017_slice_20_z178.png,Non-Demented/OAS2_0017/OAS2_0017_slice_20_z178.png,OAS2_0017,Non-Demented,0,0,Non-Demented,1,0.4444707892005123,0.33085323856104487,0.1713426389051092,0.05333333333333334
OASIS_2,RandomForest,13,test,rician_noise__mild,rician_noise,mild,D:\OASIS_2\distortions_128\rician_noise\mild\Non_Demented\OAS2_0036\OAS2_0036_slice_01_z077.png,Non_Demented/OAS2_0036/OAS2_0036_slice_01_z077.png,Non-Demented/OAS2_0036/OAS2_0036_slice_01_z077.png,OAS2_0036,Non-Demented,0,0,Non-Demented,1,0.45172444562555114,0.32407460924294523,0.1608676117981705,0.06333333333333334
OASIS_2,RandomForest,13,test,rician_noise__mild,rician_noise,mild,D:\OASIS_2\distortions_128\rician_noise\mild\Non_Demented\OAS2_0036\OAS2_0036_slice_02_z082.png,Non_Demented/OAS2_0036/OAS2_0036_slice_02_z082.png,Non-Demented/OAS2_0036/OAS2_0036_slice_02_z082.png,OAS2_0036,Non-Demented,0,0,Non-Demented,1,0.44233342079199095,0.3835900942403655,0.14740981830097713,0.02666666666666667
OASIS_2,RandomForest,13,test,rician_noise__mild,rician_noise,mild,D:\OASIS_2\distortions_128\rician_noise\mild\Non_Demented\OAS2_0036\OAS2_0036_slice_03_z088.png,Non_Demented/OAS2_0036/OAS2_0036_slice_03_z088.png,Non-Demented/OAS2_0036/OAS2_0036_slice_03_z088.png,OAS2_0036,Non-Demented,0,0,Non-Demented,1,0.46231674308303783,0.3548723881552413,0.12614420209505423,0.056666666666666664
OASIS_2,RandomForest,13,test,rician_noise__mild,rician_noise,mild,D:\OASIS_2\distortions_128\rician_noise\mild\Non_Demented\OAS2_0036\OAS2_0036_slice_04_z093.png,Non_Demented/OAS2_0036/OAS2_0036_slice_04_z093.png,Non-Demented/OAS2_0036/OAS2_0036_slice_04_z093.png,OAS2_0036,Non-Demented,0,0,Non-Demented,1,0.4138860644429425,0.3731449602566413,0.15296897530041614,0.06
OASIS_2,RandomForest,13,test,rician_noise__mild,rician_noise,mild,D:\OASIS_2\distortions_128\rician_noise\mild\Non_Demented\OAS2_0036\OAS2_0036_slice_05_z098.png,Non_Demented/OAS2_0036/OAS2_0036_slice_05_z098.png,Non-Demented/OAS2_0036/OAS2_0036_slice_05_z098.png,OAS2_0036,Non-Demented,0,0,Non-Demented,1,0.4093803106905546,0.3533676751677815,0.19391868080833083,0.043333333333333335
OASIS_2,RandomForest,13,test,rician_noise__mild,rician_noise,mild,D:\OASIS_2\distortions_128\rician_noise\mild\Non_Demented\OAS2_0036\OAS2_0036_slice_06_z104.png,Non_Demented/OAS2_0036/OAS2_0036_slice_06_z104.png,Non-Demented/OAS2_0036/OAS2_0036_slice_06_z104.png,OAS2_0036,Non-Demented,0,0,Non-Demented,1,0.38073067305430436,0.3434394287729989,0.23249656483936387,0.043333333333333335
OASIS_2,RandomForest,13,test,rician_noise__mild,rician_noise,mild,D:\OASIS_2\distortions_128\rician_noise\mild\Non_Demented\OAS2_0036\OAS2_0036_slice_07_z109.png,Non_Demented/OAS2_0036/OAS2_0036_slice_07_z109.png,Non-Demented/OAS2_0036/OAS2_0036_slice_07_z109.png,OAS2_0036,Non-Demented,0,0,Non-Demented,1,0.39862490671519396,0.36890457562945683,0.21913718432201582,0.013333333333333334
OASIS_2,RandomForest,13,test,rician_noise__mild,rician_noise,mild,D:\OASIS_2\distortions_128\rician_noise\mild\Non_Demented\OAS2_0036\OAS2_0036_slice_08_z114.png,Non_Demented/OAS2_0036/OAS2_0036_slice_08_z114.png,Non-Demented/OAS2_0036/OAS2_0036_slice_08_z114.png,OAS2_0036,Non-Demented,0,0,Non-Demented,1,0.4117327003166019,0.40051952446743827,0.17441444188262686,0.013333333333333334
OASIS_2,RandomForest,13,test,rician_noise__mild,rician_noise,mild,D:\OASIS_2\distortions_128\rician_noise\mild\Non_Demented\OAS2_0036\OAS2_0036_slice_09_z120.png,Non_Demented/OAS2_0036/OAS2_0036_slice_09_z120.png,Non-Demented/OAS2_0036/OAS2_0036_slice_09_z120.png,OAS2_0036,Non-Demented,0,0,Non-Demented,1,0.40475535245468125,0.3789575587038521,0.20295375550813322,0.013333333333333334
OASIS_2,RandomForest,13,test,rician_noise__mild,rician_noise,mild,D:\OASIS_2\distortions_128\rician_noise\mild\Non_Demented\OAS2_0036\OAS2_0036_slice_10_z125.png,Non_Demented/OAS2_0036/OAS2_0036_slice_10_z125.png,Non-Demented/OAS2_0036/OAS2_0036_slice_10_z125.png,OAS2_0036,Non-Demented,0,0,Non-Demented,1,0.423229301156626,0.3786069824806018,0.1814970496961055,0.016666666666666666
OASIS_2,RandomForest,13,test,rician_noise__mild,rician_noise,mild,D:\OASIS_2\distortions_128\rician_noise\mild\Non_Demented\OAS2_0036\OAS2_0036_slice_11_z130.png,Non_Demented/OAS2_0036/OAS2_0036_slice_11_z130.png,Non-Demented/OAS2_0036/OAS2_0036_slice_11_z130.png,OAS2_0036,Non-Demented,0,0,Non-Demented,1,0.4218939376369521,0.3784314711279942,0.17967459123505378,0.02
OASIS_2,RandomForest,13,test,rician_noise__mild,rician_noise,mild,D:\OASIS_2\distortions_128\rician_noise\mild\Non_Demented\OAS2_0036\OAS2_0036_slice_12_z135.png,Non_Demented/OAS2_0036/OAS2_0036_slice_12_z135.png,Non-Demented/OAS2_0036/OAS2_0036_slice_12_z135.png,OAS2_0036,Non-Demented,0,0,Non-Demented,1,0.4540090744467754,0.3388994473153777,0.19375814490451382,0.013333333333333334
OASIS_2,RandomForest,13,test,rician_noise__mild,rician_noise,mild,D:\OASIS_2\distortions_128\rician_noise\mild\Non_Demented\OAS2_0036\OAS2_0036_slice_13_z141.png,Non_Demented/OAS2_0036/OAS2_0036_slice_13_z141.png,Non-Demented/OAS2_0036/OAS2_0036_slice_13_z141.png,OAS2_0036,Non-Demented,0,0,Non-Demented,1,0.45137235139478415,0.33029750269273694,0.18833014591247899,0.03
OASIS_2,RandomForest,13,test,rician_noise__mild,rician_noise,mild,D:\OASIS_2\distortions_128\rician_noise\mild\Non_Demented\OAS2_0036\OAS2_0036_slice_14_z146.png,Non_Demented/OAS2_0036/OAS2_0036_slice_14_z146.png,Non-Demented/OAS2_0036/OAS2_0036_slice_14_z146.png,OAS2_0036,Non-Demented,0,0,Non-Demented,1,0.4506304527212345,0.3481243291038082,0.15457855150829056,0.04666666666666667
OASIS_2,RandomForest,13,test,rician_noise__mild,rician_noise,mild,D:\OASIS_2\distortions_128\rician_noise\mild\Non_Demented\OAS2_0036\OAS2_0036_slice_15_z151.png,Non_Demented/OAS2_0036/OAS2_0036_slice_15_z151.png,Non-Demented/OAS2_0036/OAS2_0036_slice_15_z151.png,OAS2_0036,Non-Demented,0,0,Non-Demented,1,0.47180317007085154,0.34717998792908245,0.15435017533339943,0.02666666666666667
OASIS_2,RandomForest,13,test,rician_noise__mild,rician_noise,mild,D:\OASIS_2\distortions_128\rician_noise\mild\Non_Demented\OAS2_0036\OAS2_0036_slice_16_z157.png,Non_Demented/OAS2_0036/OAS2_0036_slice_16_z157.png,Non-Demented/OAS2_0036/OAS2_0036_slice_16_z157.png,OAS2_0036,Non-Demented,0,0,Non-Demented,1,0.4809780051529863,0.3190128649124544,0.16000912993455926,0.04
OASIS_2,RandomForest,13,test,rician_noise__mild,rician_noise,mild,D:\OASIS_2\distortions_128\rician_noise\mild\Non_Demented\OAS2_0036\OAS2_0036_slice_17_z162.png,Non_Demented/OAS2_0036/OAS2_0036_slice_17_z162.png,Non-Demented/OAS2_0036/OAS2_0036_slice_17_z162.png,OAS2_0036,Non-Demented,0,0,Non-Demented,1,0.4179980492257567,0.3761754177981541,0.16582653297608935,0.04
OASIS_2,RandomForest,13,test,rician_noise__mild,rician_noise,mild,D:\OASIS_2\distortions_128\rician_noise\mild\Non_Demented\OAS2_0036\OAS2_0036_slice_18_z167.png,Non_Demented/OAS2_0036/OAS2_0036_slice_18_z167.png,Non-Demented/OAS2_0036/OAS2_0036_slice_18_z167.png,OAS2_0036,Non-Demented,0,1,Very Mild Dementia,0,0.35127235060835116,0.4212360124136862,0.16749163697796304,0.06
OASIS_2,RandomForest,13,test,rician_noise__mild,rician_noise,mild,D:\OASIS_2\distortions_128\rician_noise\mild\Non_Demented\OAS2_0036\OAS2_0036_slice_19_z173.png,Non_Demented/OAS2_0036/OAS2_0036_slice_19_z173.png,Non-Demented/OAS2_0036/OAS2_0036_slice_19_z173.png,OAS2_0036,Non-Demented,0,0,Non-Demented,1,0.41331776921868724,0.36502180728893513,0.16499375682571105,0.056666666666666664
OASIS_2,RandomForest,13,test,rician_noise__mild,rician_noise,mild,D:\OASIS_2\distortions_128\rician_noise\mild\Non_Demented\OAS2_0036\OAS2_0036_slice_20_z178.png,Non_Demented/OAS2_0036/OAS2_0036_slice_20_z178.png,Non-Demented/OAS2_0036/OAS2_0036_slice_20_z178.png,OAS2_0036,Non-Demented,0,0,Non-Demented,1,0.39142812811176564,0.37263717948933256,0.1759346923989019,0.06
OASIS_2,RandomForest,13,test,rician_noise__mild,rician_noise,mild,D:\OASIS_2\distortions_128\rician_noise\mild\Non_Demented\OAS2_0067\OAS2_0067_slice_01_z077.png,Non_Demented/OAS2_0067/OAS2_0067_slice_01_z077.png,Non-Demented/OAS2_0067/OAS2_0067_slice_01_z077.png,OAS2_0067,Non-Demented,0,0,Non-Demented,1,0.4534203121518077,0.3061386908829527,0.18377433029857296,0.056666666666666664
OASIS_2,RandomForest,13,test,rician_noise__mild,rician_noise,mild,D:\OASIS_2\distortions_128\rician_noise\mild\Non_Demented\OAS2_0067\OAS2_0067_slice_02_z082.png,Non_Demented/OAS2_0067/OAS2_0067_slice_02_z082.png,Non-Demented/OAS2_0067/OAS2_0067_slice_02_z082.png,OAS2_0067,Non-Demented,0,0,Non-Demented,1,0.491640982094071,0.24880459241411762,0.19955442549181124,0.06
OASIS_2,RandomForest,13,test,rician_noise__mild,rician_noise,mild,D:\OASIS_2\distortions_128\rician_noise\mild\Non_Demented\OAS2_0067\OAS2_0067_slice_03_z088.png,Non_Demented/OAS2_0067/OAS2_0067_slice_03_z088.png,Non-Demented/OAS2_0067/OAS2_0067_slice_03_z088.png,OAS2_0067,Non-Demented,0,0,Non-Demented,1,0.47644336893213857,0.3054564619877402,0.19143350241345472,0.02666666666666667
OASIS_2,RandomForest,13,test,rician_noise__mild,rician_noise,mild,D:\OASIS_2\distortions_128\rician_noise\mild\Non_Demented\OAS2_0067\OAS2_0067_slice_04_z093.png,Non_Demented/OAS2_0067/OAS2_0067_slice_04_z093.png,Non-Demented/OAS2_0067/OAS2_0067_slice_04_z093.png,OAS2_0067,Non-Demented,0,0,Non-Demented,1,0.496625718369986,0.3103451231827378,0.16302915844727642,0.03
OASIS_2,RandomForest,13,test,rician_noise__mild,rician_noise,mild,D:\OASIS_2\distortions_128\rician_noise\mild\Non_Demented\OAS2_0067\OAS2_0067_slice_05_z098.png,Non_Demented/OAS2_0067/OAS2_0067_slice_05_z098.png,Non-Demented/OAS2_0067/OAS2_0067_slice_05_z098.png,OAS2_0067,Non-Demented,0,0,Non-Demented,1,0.4581376537983248,0.30329541533655946,0.22190026419844927,0.016666666666666666
OASIS_2,RandomForest,13,test,rician_noise__mild,rician_noise,mild,D:\OASIS_2\distortions_128\rician_noise\mild\Non_Demented\OAS2_0067\OAS2_0067_slice_06_z104.png,Non_Demented/OAS2_0067/OAS2_0067_slice_06_z104.png,Non-Demented/OAS2_0067/OAS2_0067_slice_06_z104.png,OAS2_0067,Non-Demented,0,0,Non-Demented,1,0.44062736486431203,0.31397586986849485,0.24206343193385996,0.0033333333333333335
OASIS_2,RandomForest,13,test,rician_noise__mild,rician_noise,mild,D:\OASIS_2\distortions_128\rician_noise\mild\Non_Demented\OAS2_0067\OAS2_0067_slice_07_z109.png,Non_Demented/OAS2_0067/OAS2_0067_slice_07_z109.png,Non-Demented/OAS2_0067/OAS2_0067_slice_07_z109.png,OAS2_0067,Non-Demented,0,0,Non-Demented,1,0.43449553757746806,0.31509388754340933,0.23374390821245597,0.016666666666666666
OASIS_2,RandomForest,13,test,rician_noise__mild,rician_noise,mild,D:\OASIS_2\distortions_128\rician_noise\mild\Non_Demented\OAS2_0067\OAS2_0067_slice_08_z114.png,Non_Demented/OAS2_0067/OAS2_0067_slice_08_z114.png,Non-Demented/OAS2_0067/OAS2_0067_slice_08_z114.png,OAS2_0067,Non-Demented,0,0,Non-Demented,1,0.4871656832775146,0.329489379046586,0.16334493767589925,0.02
OASIS_2,RandomForest,13,test,rician_noise__mild,rician_noise,mild,D:\OASIS_2\distortions_128\rician_noise\mild\Non_Demented\OAS2_0067\OAS2_0067_slice_09_z120.png,Non_Demented/OAS2_0067/OAS2_0067_slice_09_z120.png,Non-Demented/OAS2_0067/OAS2_0067_slice_09_z120.png,OAS2_0067,Non-Demented,0,0,Non-Demented,1,0.47685448264404007,0.2850338558054411,0.2147783282171857,0.023333333333333334
OASIS_2,RandomForest,13,test,rician_noise__mild,rician_noise,mild,D:\OASIS_2\distortions_128\rician_noise\mild\Non_Demented\OAS2_0067\OAS2_0067_slice_10_z125.png,Non_Demented/OAS2_0067/OAS2_0067_slice_10_z125.png,Non-Demented/OAS2_0067/OAS2_0067_slice_10_z125.png,OAS2_0067,Non-Demented,0,0,Non-Demented,1,0.43241162929339216,0.3120633465784589,0.2421916907948157,0.013333333333333334
OASIS_2,RandomForest,13,test,rician_noise__mild,rician_noise,mild,D:\OASIS_2\distortions_128\rician_noise\mild\Non_Demented\OAS2_0067\OAS2_0067_slice_11_z130.png,Non_Demented/OAS2_0067/OAS2_0067_slice_11_z130.png,Non-Demented/OAS2_0067/OAS2_0067_slice_11_z130.png,OAS2_0067,Non-Demented,0,0,Non-Demented,1,0.4412446915311497,0.3553985042148432,0.18335680425400694,0.02
OASIS_2,RandomForest,13,test,rician_noise__mild,rician_noise,mild,D:\OASIS_2\distortions_128\rician_noise\mild\Non_Demented\OAS2_0067\OAS2_0067_slice_12_z135.png,Non_Demented/OAS2_0067/OAS2_0067_slice_12_z135.png,Non-Demented/OAS2_0067/OAS2_0067_slice_12_z135.png,OAS2_0067,Non-Demented,0,0,Non-Demented,1,0.5147327702090635,0.2883782014799419,0.18022236164432817,0.016666666666666666
OASIS_2,RandomForest,13,test,rician_noise__mild,rician_noise,mild,D:\OASIS_2\distortions_128\rician_noise\mild\Non_Demented\OAS2_0067\OAS2_0067_slice_13_z141.png,Non_Demented/OAS2_0067/OAS2_0067_slice_13_z141.png,Non-Demented/OAS2_0067/OAS2_0067_slice_13_z141.png,OAS2_0067,Non-Demented,0,0,Non-Demented,1,0.5711917975246604,0.2385482032088191,0.16359333259985376,0.02666666666666667
OASIS_2,RandomForest,13,test,rician_noise__mild,rician_noise,mild,D:\OASIS_2\distortions_128\rician_noise\mild\Non_Demented\OAS2_0067\OAS2_0067_slice_14_z146.png,Non_Demented/OAS2_0067/OAS2_0067_slice_14_z146.png,Non-Demented/OAS2_0067/OAS2_0067_slice_14_z146.png,OAS2_0067,Non-Demented,0,0,Non-Demented,1,0.47980442022121517,0.31566352927093555,0.1678653838411827,0.03666666666666667
OASIS_2,RandomForest,13,test,rician_noise__mild,rician_noise,mild,D:\OASIS_2\distortions_128\rician_noise\mild\Non_Demented\OAS2_0067\OAS2_0067_slice_15_z151.png,Non_Demented/OAS2_0067/OAS2_0067_slice_15_z151.png,Non-Demented/OAS2_0067/OAS2_0067_slice_15_z151.png,OAS2_0067,Non-Demented,0,0,Non-Demented,1,0.482103777511113,0.3057548374441827,0.18880805171137116,0.023333333333333334
OASIS_2,RandomForest,13,test,rician_noise__mild,rician_noise,mild,D:\OASIS_2\distortions_128\rician_noise\mild\Non_Demented\OAS2_0067\OAS2_0067_slice_16_z157.png,Non_Demented/OAS2_0067/OAS2_0067_slice_16_z157.png,Non-Demented/OAS2_0067/OAS2_0067_slice_16_z157.png,OAS2_0067,Non-Demented,0,0,Non-Demented,1,0.5472568939563169,0.3009361421203526,0.13514029725666402,0.016666666666666666
OASIS_2,RandomForest,13,test,rician_noise__mild,rician_noise,mild,D:\OASIS_2\distortions_128\rician_noise\mild\Non_Demented\OAS2_0067\OAS2_0067_slice_17_z162.png,Non_Demented/OAS2_0067/OAS2_0067_slice_17_z162.png,Non-Demented/OAS2_0067/OAS2_0067_slice_17_z162.png,OAS2_0067,Non-Demented,0,0,Non-Demented,1,0.5057026173103369,0.3282600414045224,0.1527040079518072,0.013333333333333334
OASIS_2,RandomForest,13,test,rician_noise__mild,rician_noise,mild,D:\OASIS_2\distortions_128\rician_noise\mild\Non_Demented\OAS2_0067\OAS2_0067_slice_18_z167.png,Non_Demented/OAS2_0067/OAS2_0067_slice_18_z167.png,Non-Demented/OAS2_0067/OAS2_0067_slice_18_z167.png,OAS2_0067,Non-Demented,0,0,Non-Demented,1,0.49911285344259493,0.29644177708004044,0.16444536947736463,0.04
OASIS_2,RandomForest,13,test,rician_noise__mild,rician_noise,mild,D:\OASIS_2\distortions_128\rician_noise\mild\Non_Demented\OAS2_0067\OAS2_0067_slice_19_z173.png,Non_Demented/OAS2_0067/OAS2_0067_slice_19_z173.png,Non-Demented/OAS2_0067/OAS2_0067_slice_19_z173.png,OAS2_0067,Non-Demented,0,0,Non-Demented,1,0.48425042451230166,0.32614578384195986,0.16293712497907162,0.02666666666666667
OASIS_2,RandomForest,13,test,rician_noise__mild,rician_noise,mild,D:\OASIS_2\distortions_128\rician_noise\mild\Non_Demented\OAS2_0067\OAS2_0067_slice_20_z178.png,Non_Demented/OAS2_0067/OAS2_0067_slice_20_z178.png,Non-Demented/OAS2_0067/OAS2_0067_slice_20_z178.png,OAS2_0067,Non-Demented,0,0,Non-Demented,1,0.5279876602740473,0.29540889743603477,0.15327010895658427,0.023333333333333334
OASIS_2,RandomForest,13,test,rician_noise__mild,rician_noise,mild,D:\OASIS_2\distortions_128\rician_noise\mild\Non_Demented\OAS2_0069\OAS2_0069_slice_01_z077.png,Non_Demented/OAS2_0069/OAS2_0069_slice_01_z077.png,Non-Demented/OAS2_0069/OAS2_0069_slice_01_z077.png,OAS2_0069,Non-Demented,0,0,Non-Demented,1,0.41847806064555243,0.39939937545366333,0.158789230567451,0.023333333333333334
OASIS_2,RandomForest,13,test,rician_noise__mild,rician_noise,mild,D:\OASIS_2\distortions_128\rician_noise\mild\Non_Demented\OAS2_0069\OAS2_0069_slice_02_z082.png,Non_Demented/OAS2_0069/OAS2_0069_slice_02_z082.png,Non-Demented/OAS2_0069/OAS2_0069_slice_02_z082.png,OAS2_0069,Non-Demented,0,1,Very Mild Dementia,0,0.3833870934533059,0.41212991211256034,0.18114966110080047,0.023333333333333334
OASIS_2,RandomForest,13,test,rician_noise__mild,rician_noise,mild,D:\OASIS_2\distortions_128\rician_noise\mild\Non_Demented\OAS2_0069\OAS2_0069_slice_03_z088.png,Non_Demented/OAS2_0069/OAS2_0069_slice_03_z088.png,Non-Demented/OAS2_0069/OAS2_0069_slice_03_z088.png,OAS2_0069,Non-Demented,0,0,Non-Demented,1,0.4143976076010429,0.3884397695015821,0.18049595623070835,0.016666666666666666
OASIS_2,RandomForest,13,test,rician_noise__mild,rician_noise,mild,D:\OASIS_2\distortions_128\rician_noise\mild\Non_Demented\OAS2_0069\OAS2_0069_slice_04_z093.png,Non_Demented/OAS2_0069/OAS2_0069_slice_04_z093.png,Non-Demented/OAS2_0069/OAS2_0069_slice_04_z093.png,OAS2_0069,Non-Demented,0,0,Non-Demented,1,0.44386809333251986,0.3689462827711958,0.1771856238962844,0.01
OASIS_2,RandomForest,13,test,rician_noise__mild,rician_noise,mild,D:\OASIS_2\distortions_128\rician_noise\mild\Non_Demented\OAS2_0069\OAS2_0069_slice_05_z098.png,Non_Demented/OAS2_0069/OAS2_0069_slice_05_z098.png,Non-Demented/OAS2_0069/OAS2_0069_slice_05_z098.png,OAS2_0069,Non-Demented,0,0,Non-Demented,1,0.45551966144218387,0.35809107693892805,0.16638926161888792,0.02
OASIS_2,RandomForest,13,test,rician_noise__mild,rician_noise,mild,D:\OASIS_2\distortions_128\rician_noise\mild\Non_Demented\OAS2_0069\OAS2_0069_slice_06_z104.png,Non_Demented/OAS2_0069/OAS2_0069_slice_06_z104.png,Non-Demented/OAS2_0069/OAS2_0069_slice_06_z104.png,OAS2_0069,Non-Demented,0,0,Non-Demented,1,0.3991997738378046,0.3481353956012553,0.2393314972276066,0.013333333333333334
OASIS_2,RandomForest,13,test,rician_noise__mild,rician_noise,mild,D:\OASIS_2\distortions_128\rician_noise\mild\Non_Demented\OAS2_0069\OAS2_0069_slice_07_z109.png,Non_Demented/OAS2_0069/OAS2_0069_slice_07_z109.png,Non-Demented/OAS2_0069/OAS2_0069_slice_07_z109.png,OAS2_0069,Non-Demented,0,0,Non-Demented,1,0.47169469975612677,0.3303881592134933,0.16458380769704656,0.03333333333333333
OASIS_2,RandomForest,13,test,rician_noise__mild,rician_noise,mild,D:\OASIS_2\distortions_128\rician_noise\mild\Non_Demented\OAS2_0069\OAS2_0069_slice_08_z114.png,Non_Demented/OAS2_0069/OAS2_0069_slice_08_z114.png,Non-Demented/OAS2_0069/OAS2_0069_slice_08_z114.png,OAS2_0069,Non-Demented,0,0,Non-Demented,1,0.5088962702046241,0.30421981074355403,0.17355058571848903,0.013333333333333334
OASIS_2,RandomForest,13,test,rician_noise__mild,rician_noise,mild,D:\OASIS_2\distortions_128\rician_noise\mild\Non_Demented\OAS2_0069\OAS2_0069_slice_09_z120.png,Non_Demented/OAS2_0069/OAS2_0069_slice_09_z120.png,Non-Demented/OAS2_0069/OAS2_0069_slice_09_z120.png,OAS2_0069,Non-Demented,0,0,Non-Demented,1,0.4936881452847764,0.3491542899272429,0.15049089812131392,0.006666666666666667
OASIS_2,RandomForest,13,test,rician_noise__mild,rician_noise,mild,D:\OASIS_2\distortions_128\rician_noise\mild\Non_Demented\OAS2_0069\OAS2_0069_slice_10_z125.png,Non_Demented/OAS2_0069/OAS2_0069_slice_10_z125.png,Non-Demented/OAS2_0069/OAS2_0069_slice_10_z125.png,OAS2_0069,Non-Demented,0,0,Non-Demented,1,0.49859536171200813,0.32612402698507803,0.16194727796958086,0.013333333333333334
OASIS_2,RandomForest,13,test,rician_noise__mild,rician_noise,mild,D:\OASIS_2\distortions_128\rician_noise\mild\Non_Demented\OAS2_0069\OAS2_0069_slice_11_z130.png,Non_Demented/OAS2_0069/OAS2_0069_slice_11_z130.png,Non-Demented/OAS2_0069/OAS2_0069_slice_11_z130.png,OAS2_0069,Non-Demented,0,0,Non-Demented,1,0.4930363837272536,0.32787434583839487,0.1690892704343517,0.01
OASIS_2,RandomForest,13,test,rician_noise__mild,rician_noise,mild,D:\OASIS_2\distortions_128\rician_noise\mild\Non_Demented\OAS2_0069\OAS2_0069_slice_12_z135.png,Non_Demented/OAS2_0069/OAS2_0069_slice_12_z135.png,Non-Demented/OAS2_0069/OAS2_0069_slice_12_z135.png,OAS2_0069,Non-Demented,0,0,Non-Demented,1,0.5005324843301406,0.3137565234830951,0.16904432552009765,0.016666666666666666
OASIS_2,RandomForest,13,test,rician_noise__mild,rician_noise,mild,D:\OASIS_2\distortions_128\rician_noise\mild\Non_Demented\OAS2_0069\OAS2_0069_slice_13_z141.png,Non_Demented/OAS2_0069/OAS2_0069_slice_13_z141.png,Non-Demented/OAS2_0069/OAS2_0069_slice_13_z141.png,OAS2_0069,Non-Demented,0,0,Non-Demented,1,0.4879438970140304,0.30955997660776696,0.1624961263782028,0.04
OASIS_2,RandomForest,13,test,rician_noise__mild,rician_noise,mild,D:\OASIS_2\distortions_128\rician_noise\mild\Non_Demented\OAS2_0069\OAS2_0069_slice_14_z146.png,Non_Demented/OAS2_0069/OAS2_0069_slice_14_z146.png,Non-Demented/OAS2_0069/OAS2_0069_slice_14_z146.png,OAS2_0069,Non-Demented,0,0,Non-Demented,1,0.5092169323132486,0.30775147412906906,0.14636492689101605,0.03666666666666667
OASIS_2,RandomForest,13,test,rician_noise__mild,rician_noise,mild,D:\OASIS_2\distortions_128\rician_noise\mild\Non_Demented\OAS2_0069\OAS2_0069_slice_15_z151.png,Non_Demented/OAS2_0069/OAS2_0069_slice_15_z151.png,Non-Demented/OAS2_0069/OAS2_0069_slice_15_z151.png,OAS2_0069,Non-Demented,0,0,Non-Demented,1,0.4787464643150241,0.32246386210216677,0.16545634024947595,0.03333333333333333
OASIS_2,RandomForest,13,test,rician_noise__mild,rician_noise,mild,D:\OASIS_2\distortions_128\rician_noise\mild\Non_Demented\OAS2_0069\OAS2_0069_slice_16_z157.png,Non_Demented/OAS2_0069/OAS2_0069_slice_16_z157.png,Non-Demented/OAS2_0069/OAS2_0069_slice_16_z157.png,OAS2_0069,Non-Demented,0,0,Non-Demented,1,0.46735965545746655,0.332785483267759,0.1531881946081078,0.04666666666666667
OASIS_2,RandomForest,13,test,rician_noise__mild,rician_noise,mild,D:\OASIS_2\distortions_128\rician_noise\mild\Non_Demented\OAS2_0069\OAS2_0069_slice_17_z162.png,Non_Demented/OAS2_0069/OAS2_0069_slice_17_z162.png,Non-Demented/OAS2_0069/OAS2_0069_slice_17_z162.png,OAS2_0069,Non-Demented,0,0,Non-Demented,1,0.4151545376034221,0.3869057626140709,0.16127303311584057,0.03666666666666667
OASIS_2,RandomForest,13,test,rician_noise__mild,rician_noise,mild,D:\OASIS_2\distortions_128\rician_noise\mild\Non_Demented\OAS2_0069\OAS2_0069_slice_18_z167.png,Non_Demented/OAS2_0069/OAS2_0069_slice_18_z167.png,Non-Demented/OAS2_0069/OAS2_0069_slice_18_z167.png,OAS2_0069,Non-Demented,0,0,Non-Demented,1,0.3986531620689482,0.36829494130405305,0.18305189662699892,0.05
OASIS_2,RandomForest,13,test,rician_noise__mild,rician_noise,mild,D:\OASIS_2\distortions_128\rician_noise\mild\Non_Demented\OAS2_0069\OAS2_0069_slice_19_z173.png,Non_Demented/OAS2_0069/OAS2_0069_slice_19_z173.png,Non-Demented/OAS2_0069/OAS2_0069_slice_19_z173.png,OAS2_0069,Non-Demented,0,0,Non-Demented,1,0.4470952104297996,0.33649760867656603,0.17974051422696768,0.03666666666666667
OASIS_2,RandomForest,13,test,rician_noise__mild,rician_noise,mild,D:\OASIS_2\distortions_128\rician_noise\mild\Non_Demented\OAS2_0069\OAS2_0069_slice_20_z178.png,Non_Demented/OAS2_0069/OAS2_0069_slice_20_z178.png,Non-Demented/OAS2_0069/OAS2_0069_slice_20_z178.png,OAS2_0069,Non-Demented,0,0,Non-Demented,1,0.4250126675963367,0.3378306034244353,0.18382339564589462,0.05333333333333334
OASIS_2,RandomForest,13,test,rician_noise__mild,rician_noise,mild,D:\OASIS_2\distortions_128\rician_noise\mild\Non_Demented\OAS2_0070\OAS2_0070_slice_01_z077.png,Non_Demented/OAS2_0070/OAS2_0070_slice_01_z077.png,Non-Demented/OAS2_0070/OAS2_0070_slice_01_z077.png,OAS2_0070,Non-Demented,0,0,Non-Demented,1,0.40638658759763097,0.346863980849817,0.23008276488588536,0.016666666666666666
OASIS_2,RandomForest,13,test,rician_noise__mild,rician_noise,mild,D:\OASIS_2\distortions_128\rician_noise\mild\Non_Demented\OAS2_0070\OAS2_0070_slice_02_z082.png,Non_Demented/OAS2_0070/OAS2_0070_slice_02_z082.png,Non-Demented/OAS2_0070/OAS2_0070_slice_02_z082.png,OAS2_0070,Non-Demented,0,1,Very Mild Dementia,0,0.36912541239526664,0.38480397295979724,0.22273728131160292,0.023333333333333334
OASIS_2,RandomForest,13,test,rician_noise__mild,rician_noise,mild,D:\OASIS_2\distortions_128\rician_noise\mild\Non_Demented\OAS2_0070\OAS2_0070_slice_03_z088.png,Non_Demented/OAS2_0070/OAS2_0070_slice_03_z088.png,Non-Demented/OAS2_0070/OAS2_0070_slice_03_z088.png,OAS2_0070,Non-Demented,0,1,Very Mild Dementia,0,0.3661937090922793,0.44755209155346276,0.1695875326875913,0.016666666666666666
OASIS_2,RandomForest,13,test,rician_noise__mild,rician_noise,mild,D:\OASIS_2\distortions_128\rician_noise\mild\Non_Demented\OAS2_0070\OAS2_0070_slice_04_z093.png,Non_Demented/OAS2_0070/OAS2_0070_slice_04_z093.png,Non-Demented/OAS2_0070/OAS2_0070_slice_04_z093.png,OAS2_0070,Non-Demented,0,1,Very Mild Dementia,0,0.3529942328707222,0.38731857947583603,0.22968718765344207,0.03
OASIS_2,RandomForest,13,test,rician_noise__mild,rician_noise,mild,D:\OASIS_2\distortions_128\rician_noise\mild\Non_Demented\OAS2_0070\OAS2_0070_slice_05_z098.png,Non_Demented/OAS2_0070/OAS2_0070_slice_05_z098.png,Non-Demented/OAS2_0070/OAS2_0070_slice_05_z098.png,OAS2_0070,Non-Demented,0,1,Very Mild Dementia,0,0.36347182100101655,0.4451144503897704,0.17808039527587988,0.013333333333333334
OASIS_2,RandomForest,13,test,rician_noise__mild,rician_noise,mild,D:\OASIS_2\distortions_128\rician_noise\mild\Non_Demented\OAS2_0070\OAS2_0070_slice_06_z104.png,Non_Demented/OAS2_0070/OAS2_0070_slice_06_z104.png,Non-Demented/OAS2_0070/OAS2_0070_slice_06_z104.png,OAS2_0070,Non-Demented,0,1,Very Mild Dementia,0,0.31540888435169756,0.5149574329614386,0.14963368268686408,0.02
OASIS_2,RandomForest,13,test,rician_noise__mild,rician_noise,mild,D:\OASIS_2\distortions_128\rician_noise\mild\Non_Demented\OAS2_0070\OAS2_0070_slice_07_z109.png,Non_Demented/OAS2_0070/OAS2_0070_slice_07_z109.png,Non-Demented/OAS2_0070/OAS2_0070_slice_07_z109.png,OAS2_0070,Non-Demented,0,1,Very Mild Dementia,0,0.271594045369863,0.5749195658057706,0.12681972215769968,0.02666666666666667
OASIS_2,RandomForest,13,test,rician_noise__mild,rician_noise,mild,D:\OASIS_2\distortions_128\rician_noise\mild\Non_Demented\OAS2_0070\OAS2_0070_slice_08_z114.png,Non_Demented/OAS2_0070/OAS2_0070_slice_08_z114.png,Non-Demented/OAS2_0070/OAS2_0070_slice_08_z114.png,OAS2_0070,Non-Demented,0,1,Very Mild Dementia,0,0.290491755459114,0.6110254639158526,0.0784827806250334,0.02
OASIS_2,RandomForest,13,test,rician_noise__mild,rician_noise,mild,D:\OASIS_2\distortions_128\rician_noise\mild\Non_Demented\OAS2_0070\OAS2_0070_slice_09_z120.png,Non_Demented/OAS2_0070/OAS2_0070_slice_09_z120.png,Non-Demented/OAS2_0070/OAS2_0070_slice_09_z120.png,OAS2_0070,Non-Demented,0,1,Very Mild Dementia,0,0.34214359134997074,0.5450083916563813,0.0961813503269814,0.016666666666666666
OASIS_2,RandomForest,13,test,rician_noise__mild,rician_noise,mild,D:\OASIS_2\distortions_128\rician_noise\mild\Non_Demented\OAS2_0070\OAS2_0070_slice_10_z125.png,Non_Demented/OAS2_0070/OAS2_0070_slice_10_z125.png,Non-Demented/OAS2_0070/OAS2_0070_slice_10_z125.png,OAS2_0070,Non-Demented,0,1,Very Mild Dementia,0,0.3046140594010358,0.6176742069241896,0.07437840034144137,0.0033333333333333335
OASIS_2,RandomForest,13,test,rician_noise__mild,rician_noise,mild,D:\OASIS_2\distortions_128\rician_noise\mild\Non_Demented\OAS2_0070\OAS2_0070_slice_11_z130.png,Non_Demented/OAS2_0070/OAS2_0070_slice_11_z130.png,Non-Demented/OAS2_0070/OAS2_0070_slice_11_z130.png,OAS2_0070,Non-Demented,0,1,Very Mild Dementia,0,0.37135936707725054,0.5588546456090128,0.059785987313736855,0.01
OASIS_2,RandomForest,13,test,rician_noise__mild,rician_noise,mild,D:\OASIS_2\distortions_128\rician_noise\mild\Non_Demented\OAS2_0070\OAS2_0070_slice_12_z135.png,Non_Demented/OAS2_0070/OAS2_0070_slice_12_z135.png,Non-Demented/OAS2_0070/OAS2_0070_slice_12_z135.png,OAS2_0070,Non-Demented,0,1,Very Mild Dementia,0,0.3531957201052942,0.557396022295421,0.07607492426595153,0.013333333333333334
OASIS_2,RandomForest,13,test,rician_noise__mild,rician_noise,mild,D:\OASIS_2\distortions_128\rician_noise\mild\Non_Demented\OAS2_0070\OAS2_0070_slice_13_z141.png,Non_Demented/OAS2_0070/OAS2_0070_slice_13_z141.png,Non-Demented/OAS2_0070/OAS2_0070_slice_13_z141.png,OAS2_0070,Non-Demented,0,1,Very Mild Dementia,0,0.3762828578304401,0.501841180079123,0.09854262875710369,0.023333333333333334
OASIS_2,RandomForest,13,test,rician_noise__mild,rician_noise,mild,D:\OASIS_2\distortions_128\rician_noise\mild\Non_Demented\OAS2_0070\OAS2_0070_slice_14_z146.png,Non_Demented/OAS2_0070/OAS2_0070_slice_14_z146.png,Non-Demented/OAS2_0070/OAS2_0070_slice_14_z146.png,OAS2_0070,Non-Demented,0,1,Very Mild Dementia,0,0.39287912708987843,0.5088278115290021,0.09162639471445282,0.006666666666666667
OASIS_2,RandomForest,13,test,rician_noise__mild,rician_noise,mild,D:\OASIS_2\distortions_128\rician_noise\mild\Non_Demented\OAS2_0070\OAS2_0070_slice_15_z151.png,Non_Demented/OAS2_0070/OAS2_0070_slice_15_z151.png,Non-Demented/OAS2_0070/OAS2_0070_slice_15_z151.png,OAS2_0070,Non-Demented,0,1,Very Mild Dementia,0,0.3378975000037743,0.5710862833146435,0.07434955001491572,0.016666666666666666
OASIS_2,RandomForest,13,test,rician_noise__mild,rician_noise,mild,D:\OASIS_2\distortions_128\rician_noise\mild\Non_Demented\OAS2_0070\OAS2_0070_slice_16_z157.png,Non_Demented/OAS2_0070/OAS2_0070_slice_16_z157.png,Non-Demented/OAS2_0070/OAS2_0070_slice_16_z157.png,OAS2_0070,Non-Demented,0,1,Very Mild Dementia,0,0.3773156647715277,0.5209198608046905,0.07843114109044869,0.023333333333333334
OASIS_2,RandomForest,13,test,rician_noise__mild,rician_noise,mild,D:\OASIS_2\distortions_128\rician_noise\mild\Non_Demented\OAS2_0070\OAS2_0070_slice_17_z162.png,Non_Demented/OAS2_0070/OAS2_0070_slice_17_z162.png,Non-Demented/OAS2_0070/OAS2_0070_slice_17_z162.png,OAS2_0070,Non-Demented,0,1,Very Mild Dementia,0,0.3422986862408743,0.5889036880111411,0.06213095908131816,0.006666666666666667
OASIS_2,RandomForest,13,test,rician_noise__mild,rician_noise,mild,D:\OASIS_2\distortions_128\rician_noise\mild\Non_Demented\OAS2_0070\OAS2_0070_slice_18_z167.png,Non_Demented/OAS2_0070/OAS2_0070_slice_18_z167.png,Non-Demented/OAS2_0070/OAS2_0070_slice_18_z167.png,OAS2_0070,Non-Demented,0,1,Very Mild Dementia,0,0.3920563841731907,0.49889076622894685,0.07238618293119568,0.03666666666666667
OASIS_2,RandomForest,13,test,rician_noise__mild,rician_noise,mild,D:\OASIS_2\distortions_128\rician_noise\mild\Non_Demented\OAS2_0070\OAS2_0070_slice_19_z173.png,Non_Demented/OAS2_0070/OAS2_0070_slice_19_z173.png,Non-Demented/OAS2_0070/OAS2_0070_slice_19_z173.png,OAS2_0070,Non-Demented,0,1,Very Mild Dementia,0,0.397686364563976,0.5154939747244688,0.08348632737822208,0.0033333333333333335
OASIS_2,RandomForest,13,test,rician_noise__mild,rician_noise,mild,D:\OASIS_2\distortions_128\rician_noise\mild\Non_Demented\OAS2_0070\OAS2_0070_slice_20_z178.png,Non_Demented/OAS2_0070/OAS2_0070_slice_20_z178.png,Non-Demented/OAS2_0070/OAS2_0070_slice_20_z178.png,OAS2_0070,Non-Demented,0,1,Very Mild Dementia,0,0.43016244356396127,0.4797391523476158,0.08009840408842293,0.01
OASIS_2,RandomForest,13,test,rician_noise__mild,rician_noise,mild,D:\OASIS_2\distortions_128\rician_noise\mild\Non_Demented\OAS2_0128\OAS2_0128_slice_01_z077.png,Non_Demented/OAS2_0128/OAS2_0128_slice_01_z077.png,Non-Demented/OAS2_0128/OAS2_0128_slice_01_z077.png,OAS2_0128,Non-Demented,0,0,Non-Demented,1,0.38318412671937013,0.375704853252665,0.2277776866946316,0.013333333333333334
OASIS_2,RandomForest,13,test,rician_noise__mild,rician_noise,mild,D:\OASIS_2\distortions_128\rician_noise\mild\Non_Demented\OAS2_0128\OAS2_0128_slice_02_z082.png,Non_Demented/OAS2_0128/OAS2_0128_slice_02_z082.png,Non-Demented/OAS2_0128/OAS2_0128_slice_02_z082.png,OAS2_0128,Non-Demented,0,1,Very Mild Dementia,0,0.3616791189319246,0.39817903586874037,0.23014184519933503,0.01
OASIS_2,RandomForest,13,test,rician_noise__mild,rician_noise,mild,D:\OASIS_2\distortions_128\rician_noise\mild\Non_Demented\OAS2_0128\OAS2_0128_slice_03_z088.png,Non_Demented/OAS2_0128/OAS2_0128_slice_03_z088.png,Non-Demented/OAS2_0128/OAS2_0128_slice_03_z088.png,OAS2_0128,Non-Demented,0,0,Non-Demented,1,0.42921150043411765,0.3744920938022148,0.1796297390970012,0.016666666666666666
OASIS_2,RandomForest,13,test,rician_noise__mild,rician_noise,mild,D:\OASIS_2\distortions_128\rician_noise\mild\Non_Demented\OAS2_0128\OAS2_0128_slice_04_z093.png,Non_Demented/OAS2_0128/OAS2_0128_slice_04_z093.png,Non-Demented/OAS2_0128/OAS2_0128_slice_04_z093.png,OAS2_0128,Non-Demented,0,1,Very Mild Dementia,0,0.33492687851630426,0.4029889788728823,0.2487508092774801,0.013333333333333334
OASIS_2,RandomForest,13,test,rician_noise__mild,rician_noise,mild,D:\OASIS_2\distortions_128\rician_noise\mild\Non_Demented\OAS2_0128\OAS2_0128_slice_05_z098.png,Non_Demented/OAS2_0128/OAS2_0128_slice_05_z098.png,Non-Demented/OAS2_0128/OAS2_0128_slice_05_z098.png,OAS2_0128,Non-Demented,0,1,Very Mild Dementia,0,0.3600322479621654,0.444781510358815,0.1918529083456862,0.0033333333333333335
OASIS_2,RandomForest,13,test,rician_noise__mild,rician_noise,mild,D:\OASIS_2\distortions_128\rician_noise\mild\Non_Demented\OAS2_0128\OAS2_0128_slice_06_z104.png,Non_Demented/OAS2_0128/OAS2_0128_slice_06_z104.png,Non-Demented/OAS2_0128/OAS2_0128_slice_06_z104.png,OAS2_0128,Non-Demented,0,1,Very Mild Dementia,0,0.38419592923807405,0.3971079451414468,0.20536279228714585,0.013333333333333334
OASIS_2,RandomForest,13,test,rician_noise__mild,rician_noise,mild,D:\OASIS_2\distortions_128\rician_noise\mild\Non_Demented\OAS2_0128\OAS2_0128_slice_07_z109.png,Non_Demented/OAS2_0128/OAS2_0128_slice_07_z109.png,Non-Demented/OAS2_0128/OAS2_0128_slice_07_z109.png,OAS2_0128,Non-Demented,0,0,Non-Demented,1,0.43424637455192094,0.33937659870713605,0.20971036007427646,0.016666666666666666
OASIS_2,RandomForest,13,test,rician_noise__mild,rician_noise,mild,D:\OASIS_2\distortions_128\rician_noise\mild\Non_Demented\OAS2_0128\OAS2_0128_slice_08_z114.png,Non_Demented/OAS2_0128/OAS2_0128_slice_08_z114.png,Non-Demented/OAS2_0128/OAS2_0128_slice_08_z114.png,OAS2_0128,Non-Demented,0,0,Non-Demented,1,0.43042245590950484,0.38320619466814,0.18637134942235511,0.0
OASIS_2,RandomForest,13,test,rician_noise__mild,rician_noise,mild,D:\OASIS_2\distortions_128\rician_noise\mild\Non_Demented\OAS2_0128\OAS2_0128_slice_09_z120.png,Non_Demented/OAS2_0128/OAS2_0128_slice_09_z120.png,Non-Demented/OAS2_0128/OAS2_0128_slice_09_z120.png,OAS2_0128,Non-Demented,0,0,Non-Demented,1,0.47568854062891547,0.34284431504686336,0.17146714432422136,0.01
OASIS_2,RandomForest,13,test,rician_noise__mild,rician_noise,mild,D:\OASIS_2\distortions_128\rician_noise\mild\Non_Demented\OAS2_0128\OAS2_0128_slice_10_z125.png,Non_Demented/OAS2_0128/OAS2_0128_slice_10_z125.png,Non-Demented/OAS2_0128/OAS2_0128_slice_10_z125.png,OAS2_0128,Non-Demented,0,0,Non-Demented,1,0.4623568129575917,0.3541117191386495,0.1768648012370919,0.006666666666666667
OASIS_2,RandomForest,13,test,rician_noise__mild,rician_noise,mild,D:\OASIS_2\distortions_128\rician_noise\mild\Non_Demented\OAS2_0128\OAS2_0128_slice_11_z130.png,Non_Demented/OAS2_0128/OAS2_0128_slice_11_z130.png,Non-Demented/OAS2_0128/OAS2_0128_slice_11_z130.png,OAS2_0128,Non-Demented,0,0,Non-Demented,1,0.4953410694581975,0.33466939880063795,0.15332286507449783,0.016666666666666666
OASIS_2,RandomForest,13,test,rician_noise__mild,rician_noise,mild,D:\OASIS_2\distortions_128\rician_noise\mild\Non_Demented\OAS2_0128\OAS2_0128_slice_12_z135.png,Non_Demented/OAS2_0128/OAS2_0128_slice_12_z135.png,Non-Demented/OAS2_0128/OAS2_0128_slice_12_z135.png,OAS2_0128,Non-Demented,0,0,Non-Demented,1,0.5012974228581379,0.3342015226822013,0.1445010544596609,0.02
OASIS_2,RandomForest,13,test,rician_noise__mild,rician_noise,mild,D:\OASIS_2\distortions_128\rician_noise\mild\Non_Demented\OAS2_0128\OAS2_0128_slice_13_z141.png,Non_Demented/OAS2_0128/OAS2_0128_slice_13_z141.png,Non-Demented/OAS2_0128/OAS2_0128_slice_13_z141.png,OAS2_0128,Non-Demented,0,0,Non-Demented,1,0.48412103308587745,0.34895044303725486,0.15359519054353454,0.013333333333333334
OASIS_2,RandomForest,13,test,rician_noise__mild,rician_noise,mild,D:\OASIS_2\distortions_128\rician_noise\mild\Non_Demented\OAS2_0128\OAS2_0128_slice_14_z146.png,Non_Demented/OAS2_0128/OAS2_0128_slice_14_z146.png,Non-Demented/OAS2_0128/OAS2_0128_slice_14_z146.png,OAS2_0128,Non-Demented,0,0,Non-Demented,1,0.4273731587741236,0.4039760384140018,0.15531746947854144,0.013333333333333334
OASIS_2,RandomForest,13,test,rician_noise__mild,rician_noise,mild,D:\OASIS_2\distortions_128\rician_noise\mild\Non_Demented\OAS2_0128\OAS2_0128_slice_15_z151.png,Non_Demented/OAS2_0128/OAS2_0128_slice_15_z151.png,Non-Demented/OAS2_0128/OAS2_0128_slice_15_z151.png,OAS2_0128,Non-Demented,0,0,Non-Demented,1,0.44102154543329836,0.3772759417245362,0.14836917950883205,0.03333333333333333
OASIS_2,RandomForest,13,test,rician_noise__mild,rician_noise,mild,D:\OASIS_2\distortions_128\rician_noise\mild\Non_Demented\OAS2_0128\OAS2_0128_slice_16_z157.png,Non_Demented/OAS2_0128/OAS2_0128_slice_16_z157.png,Non-Demented/OAS2_0128/OAS2_0128_slice_16_z157.png,OAS2_0128,Non-Demented,0,1,Very Mild Dementia,0,0.38002670750272666,0.41162268447923717,0.18168394135136973,0.02666666666666667
OASIS_2,RandomForest,13,test,rician_noise__mild,rician_noise,mild,D:\OASIS_2\distortions_128\rician_noise\mild\Non_Demented\OAS2_0128\OAS2_0128_slice_17_z162.png,Non_Demented/OAS2_0128/OAS2_0128_slice_17_z162.png,Non-Demented/OAS2_0128/OAS2_0128_slice_17_z162.png,OAS2_0128,Non-Demented,0,0,Non-Demented,1,0.4019437469797568,0.38529242738806746,0.1527638256321756,0.06
OASIS_2,RandomForest,13,test,rician_noise__mild,rician_noise,mild,D:\OASIS_2\distortions_128\rician_noise\mild\Non_Demented\OAS2_0128\OAS2_0128_slice_18_z167.png,Non_Demented/OAS2_0128/OAS2_0128_slice_18_z167.png,Non-Demented/OAS2_0128/OAS2_0128_slice_18_z167.png,OAS2_0128,Non-Demented,0,0,Non-Demented,1,0.41558720923164494,0.3895095652987649,0.15490322546959026,0.04
OASIS_2,RandomForest,13,test,rician_noise__mild,rician_noise,mild,D:\OASIS_2\distortions_128\rician_noise\mild\Non_Demented\OAS2_0128\OAS2_0128_slice_19_z173.png,Non_Demented/OAS2_0128/OAS2_0128_slice_19_z173.png,Non-Demented/OAS2_0128/OAS2_0128_slice_19_z173.png,OAS2_0128,Non-Demented,0,0,Non-Demented,1,0.41060689744699386,0.3514186823491789,0.18464108687049394,0.05333333333333334
OASIS_2,RandomForest,13,test,rician_noise__mild,rician_noise,mild,D:\OASIS_2\distortions_128\rician_noise\mild\Non_Demented\OAS2_0128\OAS2_0128_slice_20_z178.png,Non_Demented/OAS2_0128/OAS2_0128_slice_20_z178.png,Non-Demented/OAS2_0128/OAS2_0128_slice_20_z178.png,OAS2_0128,Non-Demented,0,0,Non-Demented,1,0.43496938913727445,0.3667840504983074,0.14491322703108492,0.05333333333333334
OASIS_2,RandomForest,13,test,rician_noise__mild,rician_noise,mild,D:\OASIS_2\distortions_128\rician_noise\mild\Non_Demented\OAS2_0135\OAS2_0135_slice_01_z077.png,Non_Demented/OAS2_0135/OAS2_0135_slice_01_z077.png,Non-Demented/OAS2_0135/OAS2_0135_slice_01_z077.png,OAS2_0135,Non-Demented,0,0,Non-Demented,1,0.4568267072936904,0.31460930260786774,0.21189732343177506,0.016666666666666666
OASIS_2,RandomForest,13,test,rician_noise__mild,rician_noise,mild,D:\OASIS_2\distortions_128\rician_noise\mild\Non_Demented\OAS2_0135\OAS2_0135_slice_02_z082.png,Non_Demented/OAS2_0135/OAS2_0135_slice_02_z082.png,Non-Demented/OAS2_0135/OAS2_0135_slice_02_z082.png,OAS2_0135,Non-Demented,0,0,Non-Demented,1,0.4342115004629775,0.3771393934558726,0.18198243941448317,0.006666666666666667
OASIS_2,RandomForest,13,test,rician_noise__mild,rician_noise,mild,D:\OASIS_2\distortions_128\rician_noise\mild\Non_Demented\OAS2_0135\OAS2_0135_slice_03_z088.png,Non_Demented/OAS2_0135/OAS2_0135_slice_03_z088.png,Non-Demented/OAS2_0135/OAS2_0135_slice_03_z088.png,OAS2_0135,Non-Demented,0,0,Non-Demented,1,0.3864895026404474,0.3843378818119587,0.20250594888092732,0.02666666666666667
OASIS_2,RandomForest,13,test,rician_noise__mild,rician_noise,mild,D:\OASIS_2\distortions_128\rician_noise\mild\Non_Demented\OAS2_0135\OAS2_0135_slice_04_z093.png,Non_Demented/OAS2_0135/OAS2_0135_slice_04_z093.png,Non-Demented/OAS2_0135/OAS2_0135_slice_04_z093.png,OAS2_0135,Non-Demented,0,0,Non-Demented,1,0.40394124440955165,0.38720939756696426,0.19884935802348422,0.01
OASIS_2,RandomForest,13,test,rician_noise__mild,rician_noise,mild,D:\OASIS_2\distortions_128\rician_noise\mild\Non_Demented\OAS2_0135\OAS2_0135_slice_05_z098.png,Non_Demented/OAS2_0135/OAS2_0135_slice_05_z098.png,Non-Demented/OAS2_0135/OAS2_0135_slice_05_z098.png,OAS2_0135,Non-Demented,0,0,Non-Demented,1,0.413725864286519,0.3734615586533121,0.18614591039350237,0.02666666666666667
OASIS_2,RandomForest,13,test,rician_noise__mild,rician_noise,mild,D:\OASIS_2\distortions_128\rician_noise\mild\Non_Demented\OAS2_0135\OAS2_0135_slice_06_z104.png,Non_Demented/OAS2_0135/OAS2_0135_slice_06_z104.png,Non-Demented/OAS2_0135/OAS2_0135_slice_06_z104.png,OAS2_0135,Non-Demented,0,1,Very Mild Dementia,0,0.3862771768768359,0.3883071107868137,0.20208237900301737,0.023333333333333334
OASIS_2,RandomForest,13,test,rician_noise__mild,rician_noise,mild,D:\OASIS_2\distortions_128\rician_noise\mild\Non_Demented\OAS2_0135\OAS2_0135_slice_07_z109.png,Non_Demented/OAS2_0135/OAS2_0135_slice_07_z109.png,Non-Demented/OAS2_0135/OAS2_0135_slice_07_z109.png,OAS2_0135,Non-Demented,0,0,Non-Demented,1,0.37704563562592586,0.3660002816013277,0.24695408277274672,0.01
OASIS_2,RandomForest,13,test,rician_noise__mild,rician_noise,mild,D:\OASIS_2\distortions_128\rician_noise\mild\Non_Demented\OAS2_0135\OAS2_0135_slice_08_z114.png,Non_Demented/OAS2_0135/OAS2_0135_slice_08_z114.png,Non-Demented/OAS2_0135/OAS2_0135_slice_08_z114.png,OAS2_0135,Non-Demented,0,0,Non-Demented,1,0.3929874489064066,0.3634977121053198,0.22684817232160653,0.016666666666666666
OASIS_2,RandomForest,13,test,rician_noise__mild,rician_noise,mild,D:\OASIS_2\distortions_128\rician_noise\mild\Non_Demented\OAS2_0135\OAS2_0135_slice_09_z120.png,Non_Demented/OAS2_0135/OAS2_0135_slice_09_z120.png,Non-Demented/OAS2_0135/OAS2_0135_slice_09_z120.png,OAS2_0135,Non-Demented,0,0,Non-Demented,1,0.467915917874411,0.32996620206165933,0.1787845467305965,0.023333333333333334
OASIS_2,RandomForest,13,test,rician_noise__mild,rician_noise,mild,D:\OASIS_2\distortions_128\rician_noise\mild\Non_Demented\OAS2_0135\OAS2_0135_slice_10_z125.png,Non_Demented/OAS2_0135/OAS2_0135_slice_10_z125.png,Non-Demented/OAS2_0135/OAS2_0135_slice_10_z125.png,OAS2_0135,Non-Demented,0,0,Non-Demented,1,0.44972154686394455,0.35315524267171916,0.1871232104643364,0.01
OASIS_2,RandomForest,13,test,rician_noise__mild,rician_noise,mild,D:\OASIS_2\distortions_128\rician_noise\mild\Non_Demented\OAS2_0135\OAS2_0135_slice_11_z130.png,Non_Demented/OAS2_0135/OAS2_0135_slice_11_z130.png,Non-Demented/OAS2_0135/OAS2_0135_slice_11_z130.png,OAS2_0135,Non-Demented,0,1,Very Mild Dementia,0,0.41853267890706186,0.4568932930818416,0.1112406946777634,0.013333333333333334
OASIS_2,RandomForest,13,test,rician_noise__mild,rician_noise,mild,D:\OASIS_2\distortions_128\rician_noise\mild\Non_Demented\OAS2_0135\OAS2_0135_slice_12_z135.png,Non_Demented/OAS2_0135/OAS2_0135_slice_12_z135.png,Non-Demented/OAS2_0135/OAS2_0135_slice_12_z135.png,OAS2_0135,Non-Demented,0,0,Non-Demented,1,0.5032777582653117,0.3921971650566125,0.09119174334474242,0.013333333333333334
OASIS_2,RandomForest,13,test,rician_noise__mild,rician_noise,mild,D:\OASIS_2\distortions_128\rician_noise\mild\Non_Demented\OAS2_0135\OAS2_0135_slice_13_z141.png,Non_Demented/OAS2_0135/OAS2_0135_slice_13_z141.png,Non-Demented/OAS2_0135/OAS2_0135_slice_13_z141.png,OAS2_0135,Non-Demented,0,0,Non-Demented,1,0.46608829078288105,0.40229795409473107,0.10494708845572105,0.02666666666666667
OASIS_2,RandomForest,13,test,rician_noise__mild,rician_noise,mild,D:\OASIS_2\distortions_128\rician_noise\mild\Non_Demented\OAS2_0135\OAS2_0135_slice_14_z146.png,Non_Demented/OAS2_0135/OAS2_0135_slice_14_z146.png,Non-Demented/OAS2_0135/OAS2_0135_slice_14_z146.png,OAS2_0135,Non-Demented,0,1,Very Mild Dementia,0,0.43768498866874894,0.4511002665844569,0.09454807808012733,0.016666666666666666
OASIS_2,RandomForest,13,test,rician_noise__mild,rician_noise,mild,D:\OASIS_2\distortions_128\rician_noise\mild\Non_Demented\OAS2_0135\OAS2_0135_slice_15_z151.png,Non_Demented/OAS2_0135/OAS2_0135_slice_15_z151.png,Non-Demented/OAS2_0135/OAS2_0135_slice_15_z151.png,OAS2_0135,Non-Demented,0,0,Non-Demented,1,0.481655992416988,0.411425392441693,0.09691861514131857,0.01
OASIS_2,RandomForest,13,test,rician_noise__mild,rician_noise,mild,D:\OASIS_2\distortions_128\rician_noise\mild\Non_Demented\OAS2_0135\OAS2_0135_slice_16_z157.png,Non_Demented/OAS2_0135/OAS2_0135_slice_16_z157.png,Non-Demented/OAS2_0135/OAS2_0135_slice_16_z157.png,OAS2_0135,Non-Demented,0,0,Non-Demented,1,0.47983574017813235,0.40644725799780956,0.10038366849072489,0.013333333333333334
OASIS_2,RandomForest,13,test,rician_noise__mild,rician_noise,mild,D:\OASIS_2\distortions_128\rician_noise\mild\Non_Demented\OAS2_0135\OAS2_0135_slice_17_z162.png,Non_Demented/OAS2_0135/OAS2_0135_slice_17_z162.png,Non-Demented/OAS2_0135/OAS2_0135_slice_17_z162.png,OAS2_0135,Non-Demented,0,0,Non-Demented,1,0.4553813291646469,0.436073341126081,0.08854532970927188,0.02
OASIS_2,RandomForest,13,test,rician_noise__mild,rician_noise,mild,D:\OASIS_2\distortions_128\rician_noise\mild\Non_Demented\OAS2_0135\OAS2_0135_slice_18_z167.png,Non_Demented/OAS2_0135/OAS2_0135_slice_18_z167.png,Non-Demented/OAS2_0135/OAS2_0135_slice_18_z167.png,OAS2_0135,Non-Demented,0,0,Non-Demented,1,0.4891891913393947,0.3750565136098073,0.11575429505079815,0.02
OASIS_2,RandomForest,13,test,rician_noise__mild,rician_noise,mild,D:\OASIS_2\distortions_128\rician_noise\mild\Non_Demented\OAS2_0135\OAS2_0135_slice_19_z173.png,Non_Demented/OAS2_0135/OAS2_0135_slice_19_z173.png,Non-Demented/OAS2_0135/OAS2_0135_slice_19_z173.png,OAS2_0135,Non-Demented,0,0,Non-Demented,1,0.465971197976528,0.33519854994909226,0.1688302520743799,0.03
OASIS_2,RandomForest,13,test,rician_noise__mild,rician_noise,mild,D:\OASIS_2\distortions_128\rician_noise\mild\Non_Demented\OAS2_0135\OAS2_0135_slice_20_z178.png,Non_Demented/OAS2_0135/OAS2_0135_slice_20_z178.png,Non-Demented/OAS2_0135/OAS2_0135_slice_20_z178.png,OAS2_0135,Non-Demented,0,0,Non-Demented,1,0.4383031684259058,0.36159302793911535,0.17677047030164567,0.023333333333333334
OASIS_2,RandomForest,13,test,rician_noise__mild,rician_noise,mild,D:\OASIS_2\distortions_128\rician_noise\mild\Non_Demented\OAS2_0141\OAS2_0141_slice_01_z077.png,Non_Demented/OAS2_0141/OAS2_0141_slice_01_z077.png,Non-Demented/OAS2_0141/OAS2_0141_slice_01_z077.png,OAS2_0141,Non-Demented,0,0,Non-Demented,1,0.4337856228684829,0.35044821344841515,0.1524328303497683,0.06333333333333334
OASIS_2,RandomForest,13,test,rician_noise__mild,rician_noise,mild,D:\OASIS_2\distortions_128\rician_noise\mild\Non_Demented\OAS2_0141\OAS2_0141_slice_02_z082.png,Non_Demented/OAS2_0141/OAS2_0141_slice_02_z082.png,Non-Demented/OAS2_0141/OAS2_0141_slice_02_z082.png,OAS2_0141,Non-Demented,0,0,Non-Demented,1,0.45026120295137856,0.3641690629404062,0.14556973410821525,0.04
OASIS_2,RandomForest,13,test,rician_noise__mild,rician_noise,mild,D:\OASIS_2\distortions_128\rician_noise\mild\Non_Demented\OAS2_0141\OAS2_0141_slice_03_z088.png,Non_Demented/OAS2_0141/OAS2_0141_slice_03_z088.png,Non-Demented/OAS2_0141/OAS2_0141_slice_03_z088.png,OAS2_0141,Non-Demented,0,1,Very Mild Dementia,0,0.3730699879073778,0.4084283274694916,0.19516835128979718,0.023333333333333334
OASIS_2,RandomForest,13,test,rician_noise__mild,rician_noise,mild,D:\OASIS_2\distortions_128\rician_noise\mild\Non_Demented\OAS2_0141\OAS2_0141_slice_04_z093.png,Non_Demented/OAS2_0141/OAS2_0141_slice_04_z093.png,Non-Demented/OAS2_0141/OAS2_0141_slice_04_z093.png,OAS2_0141,Non-Demented,0,1,Very Mild Dementia,0,0.3884106910950237,0.4173264525847066,0.1609295229869367,0.03333333333333333
OASIS_2,RandomForest,13,test,rician_noise__mild,rician_noise,mild,D:\OASIS_2\distortions_128\rician_noise\mild\Non_Demented\OAS2_0141\OAS2_0141_slice_05_z098.png,Non_Demented/OAS2_0141/OAS2_0141_slice_05_z098.png,Non-Demented/OAS2_0141/OAS2_0141_slice_05_z098.png,OAS2_0141,Non-Demented,0,1,Very Mild Dementia,0,0.3741363736422739,0.39142098290791255,0.2077759767831472,0.02666666666666667
OASIS_2,RandomForest,13,test,rician_noise__mild,rician_noise,mild,D:\OASIS_2\distortions_128\rician_noise\mild\Non_Demented\OAS2_0141\OAS2_0141_slice_06_z104.png,Non_Demented/OAS2_0141/OAS2_0141_slice_06_z104.png,Non-Demented/OAS2_0141/OAS2_0141_slice_06_z104.png,OAS2_0141,Non-Demented,0,0,Non-Demented,1,0.4475049980081274,0.36356135955313007,0.16226697577207624,0.02666666666666667
OASIS_2,RandomForest,13,test,rician_noise__mild,rician_noise,mild,D:\OASIS_2\distortions_128\rician_noise\mild\Non_Demented\OAS2_0141\OAS2_0141_slice_07_z109.png,Non_Demented/OAS2_0141/OAS2_0141_slice_07_z109.png,Non-Demented/OAS2_0141/OAS2_0141_slice_07_z109.png,OAS2_0141,Non-Demented,0,0,Non-Demented,1,0.43468842863419005,0.4277795206612893,0.1341987173711873,0.0033333333333333335
OASIS_2,RandomForest,13,test,rician_noise__mild,rician_noise,mild,D:\OASIS_2\distortions_128\rician_noise\mild\Non_Demented\OAS2_0141\OAS2_0141_slice_08_z114.png,Non_Demented/OAS2_0141/OAS2_0141_slice_08_z114.png,Non-Demented/OAS2_0141/OAS2_0141_slice_08_z114.png,OAS2_0141,Non-Demented,0,0,Non-Demented,1,0.4321960691356177,0.3749939370419347,0.16280999382244798,0.03
OASIS_2,RandomForest,13,test,rician_noise__mild,rician_noise,mild,D:\OASIS_2\distortions_128\rician_noise\mild\Non_Demented\OAS2_0141\OAS2_0141_slice_09_z120.png,Non_Demented/OAS2_0141/OAS2_0141_slice_09_z120.png,Non-Demented/OAS2_0141/OAS2_0141_slice_09_z120.png,OAS2_0141,Non-Demented,0,0,Non-Demented,1,0.4675006631424486,0.34729664185852405,0.17520269499902744,0.01
OASIS_2,RandomForest,13,test,rician_noise__mild,rician_noise,mild,D:\OASIS_2\distortions_128\rician_noise\mild\Non_Demented\OAS2_0141\OAS2_0141_slice_10_z125.png,Non_Demented/OAS2_0141/OAS2_0141_slice_10_z125.png,Non-Demented/OAS2_0141/OAS2_0141_slice_10_z125.png,OAS2_0141,Non-Demented,0,0,Non-Demented,1,0.4340365549930224,0.3777725555405639,0.1781908894664142,0.01
OASIS_2,RandomForest,13,test,rician_noise__mild,rician_noise,mild,D:\OASIS_2\distortions_128\rician_noise\mild\Non_Demented\OAS2_0141\OAS2_0141_slice_11_z130.png,Non_Demented/OAS2_0141/OAS2_0141_slice_11_z130.png,Non-Demented/OAS2_0141/OAS2_0141_slice_11_z130.png,OAS2_0141,Non-Demented,0,0,Non-Demented,1,0.42177090879967494,0.36869045312814114,0.18620530473885089,0.023333333333333334
OASIS_2,RandomForest,13,test,rician_noise__mild,rician_noise,mild,D:\OASIS_2\distortions_128\rician_noise\mild\Non_Demented\OAS2_0141\OAS2_0141_slice_12_z135.png,Non_Demented/OAS2_0141/OAS2_0141_slice_12_z135.png,Non-Demented/OAS2_0141/OAS2_0141_slice_12_z135.png,OAS2_0141,Non-Demented,0,0,Non-Demented,1,0.5114285169838678,0.34763730956973515,0.12426750677973089,0.016666666666666666
OASIS_2,RandomForest,13,test,rician_noise__mild,rician_noise,mild,D:\OASIS_2\distortions_128\rician_noise\mild\Non_Demented\OAS2_0141\OAS2_0141_slice_13_z141.png,Non_Demented/OAS2_0141/OAS2_0141_slice_13_z141.png,Non-Demented/OAS2_0141/OAS2_0141_slice_13_z141.png,OAS2_0141,Non-Demented,0,0,Non-Demented,1,0.49287426161073133,0.32133887739779493,0.15912019432480745,0.02666666666666667
OASIS_2,RandomForest,13,test,rician_noise__mild,rician_noise,mild,D:\OASIS_2\distortions_128\rician_noise\mild\Non_Demented\OAS2_0141\OAS2_0141_slice_14_z146.png,Non_Demented/OAS2_0141/OAS2_0141_slice_14_z146.png,Non-Demented/OAS2_0141/OAS2_0141_slice_14_z146.png,OAS2_0141,Non-Demented,0,0,Non-Demented,1,0.46493027278460886,0.37347725647938207,0.16159247073600896,0.0
OASIS_2,RandomForest,13,test,rician_noise__mild,rician_noise,mild,D:\OASIS_2\distortions_128\rician_noise\mild\Non_Demented\OAS2_0141\OAS2_0141_slice_15_z151.png,Non_Demented/OAS2_0141/OAS2_0141_slice_15_z151.png,Non-Demented/OAS2_0141/OAS2_0141_slice_15_z151.png,OAS2_0141,Non-Demented,0,0,Non-Demented,1,0.4888220609604261,0.3354772149356023,0.15903405743730514,0.016666666666666666
OASIS_2,RandomForest,13,test,rician_noise__mild,rician_noise,mild,D:\OASIS_2\distortions_128\rician_noise\mild\Non_Demented\OAS2_0141\OAS2_0141_slice_16_z157.png,Non_Demented/OAS2_0141/OAS2_0141_slice_16_z157.png,Non-Demented/OAS2_0141/OAS2_0141_slice_16_z157.png,OAS2_0141,Non-Demented,0,0,Non-Demented,1,0.48827018480651335,0.34480074311903847,0.1502624054077818,0.016666666666666666
OASIS_2,RandomForest,13,test,rician_noise__mild,rician_noise,mild,D:\OASIS_2\distortions_128\rician_noise\mild\Non_Demented\OAS2_0141\OAS2_0141_slice_17_z162.png,Non_Demented/OAS2_0141/OAS2_0141_slice_17_z162.png,Non-Demented/OAS2_0141/OAS2_0141_slice_17_z162.png,OAS2_0141,Non-Demented,0,0,Non-Demented,1,0.44638148609295814,0.3417506623216372,0.2018678515854048,0.01
OASIS_2,RandomForest,13,test,rician_noise__mild,rician_noise,mild,D:\OASIS_2\distortions_128\rician_noise\mild\Non_Demented\OAS2_0141\OAS2_0141_slice_18_z167.png,Non_Demented/OAS2_0141/OAS2_0141_slice_18_z167.png,Non-Demented/OAS2_0141/OAS2_0141_slice_18_z167.png,OAS2_0141,Non-Demented,0,0,Non-Demented,1,0.495308271026434,0.29626007206950533,0.19509832357072723,0.013333333333333334
OASIS_2,RandomForest,13,test,rician_noise__mild,rician_noise,mild,D:\OASIS_2\distortions_128\rician_noise\mild\Non_Demented\OAS2_0141\OAS2_0141_slice_19_z173.png,Non_Demented/OAS2_0141/OAS2_0141_slice_19_z173.png,Non-Demented/OAS2_0141/OAS2_0141_slice_19_z173.png,OAS2_0141,Non-Demented,0,0,Non-Demented,1,0.45073423411625707,0.3445970162263958,0.18800208299068039,0.016666666666666666
OASIS_2,RandomForest,13,test,rician_noise__mild,rician_noise,mild,D:\OASIS_2\distortions_128\rician_noise\mild\Non_Demented\OAS2_0141\OAS2_0141_slice_20_z178.png,Non_Demented/OAS2_0141/OAS2_0141_slice_20_z178.png,Non-Demented/OAS2_0141/OAS2_0141_slice_20_z178.png,OAS2_0141,Non-Demented,0,1,Very Mild Dementia,0,0.4112782691180955,0.4246492228658866,0.144072508016018,0.02
OASIS_2,RandomForest,13,test,rician_noise__mild,rician_noise,mild,D:\OASIS_2\distortions_128\rician_noise\mild\Non_Demented\OAS2_0171\OAS2_0171_slice_01_z077.png,Non_Demented/OAS2_0171/OAS2_0171_slice_01_z077.png,Non-Demented/OAS2_0171/OAS2_0171_slice_01_z077.png,OAS2_0171,Non-Demented,0,0,Non-Demented,1,0.42392638100756574,0.39774899788313606,0.1583246211092982,0.02
OASIS_2,RandomForest,13,test,rician_noise__mild,rician_noise,mild,D:\OASIS_2\distortions_128\rician_noise\mild\Non_Demented\OAS2_0171\OAS2_0171_slice_02_z082.png,Non_Demented/OAS2_0171/OAS2_0171_slice_02_z082.png,Non-Demented/OAS2_0171/OAS2_0171_slice_02_z082.png,OAS2_0171,Non-Demented,0,0,Non-Demented,1,0.46475080584851847,0.4300749572570528,0.0918409035610953,0.013333333333333334
OASIS_2,RandomForest,13,test,rician_noise__mild,rician_noise,mild,D:\OASIS_2\distortions_128\rician_noise\mild\Non_Demented\OAS2_0171\OAS2_0171_slice_03_z088.png,Non_Demented/OAS2_0171/OAS2_0171_slice_03_z088.png,Non-Demented/OAS2_0171/OAS2_0171_slice_03_z088.png,OAS2_0171,Non-Demented,0,1,Very Mild Dementia,0,0.4179357168024436,0.4882997028144963,0.08376458038306023,0.01
OASIS_2,RandomForest,13,test,rician_noise__mild,rician_noise,mild,D:\OASIS_2\distortions_128\rician_noise\mild\Non_Demented\OAS2_0171\OAS2_0171_slice_04_z093.png,Non_Demented/OAS2_0171/OAS2_0171_slice_04_z093.png,Non-Demented/OAS2_0171/OAS2_0171_slice_04_z093.png,OAS2_0171,Non-Demented,0,0,Non-Demented,1,0.4905723253214083,0.43614147027655065,0.056619537735374335,0.016666666666666666
OASIS_2,RandomForest,13,test,rician_noise__mild,rician_noise,mild,D:\OASIS_2\distortions_128\rician_noise\mild\Non_Demented\OAS2_0171\OAS2_0171_slice_05_z098.png,Non_Demented/OAS2_0171/OAS2_0171_slice_05_z098.png,Non-Demented/OAS2_0171/OAS2_0171_slice_05_z098.png,OAS2_0171,Non-Demented,0,0,Non-Demented,1,0.5290610528252362,0.3892706291176851,0.07166831805707864,0.01
OASIS_2,RandomForest,13,test,rician_noise__mild,rician_noise,mild,D:\OASIS_2\distortions_128\rician_noise\mild\Non_Demented\OAS2_0171\OAS2_0171_slice_06_z104.png,Non_Demented/OAS2_0171/OAS2_0171_slice_06_z104.png,Non-Demented/OAS2_0171/OAS2_0171_slice_06_z104.png,OAS2_0171,Non-Demented,0,0,Non-Demented,1,0.46542395364851946,0.4377169833466737,0.08019239633814008,0.016666666666666666
OASIS_2,RandomForest,13,test,rician_noise__mild,rician_noise,mild,D:\OASIS_2\distortions_128\rician_noise\mild\Non_Demented\OAS2_0171\OAS2_0171_slice_07_z109.png,Non_Demented/OAS2_0171/OAS2_0171_slice_07_z109.png,Non-Demented/OAS2_0171/OAS2_0171_slice_07_z109.png,OAS2_0171,Non-Demented,0,0,Non-Demented,1,0.4899299603864754,0.431417885044285,0.05531882123590615,0.023333333333333334
OASIS_2,RandomForest,13,test,rician_noise__mild,rician_noise,mild,D:\OASIS_2\distortions_128\rician_noise\mild\Non_Demented\OAS2_0171\OAS2_0171_slice_08_z114.png,Non_Demented/OAS2_0171/OAS2_0171_slice_08_z114.png,Non-Demented/OAS2_0171/OAS2_0171_slice_08_z114.png,OAS2_0171,Non-Demented,0,0,Non-Demented,1,0.5634028535128011,0.3660142620577231,0.05724955109614238,0.013333333333333334
OASIS_2,RandomForest,13,test,rician_noise__mild,rician_noise,mild,D:\OASIS_2\distortions_128\rician_noise\mild\Non_Demented\OAS2_0171\OAS2_0171_slice_09_z120.png,Non_Demented/OAS2_0171/OAS2_0171_slice_09_z120.png,Non-Demented/OAS2_0171/OAS2_0171_slice_09_z120.png,OAS2_0171,Non-Demented,0,0,Non-Demented,1,0.5325266323246285,0.39068451344180954,0.06345552090022857,0.013333333333333334
OASIS_2,RandomForest,13,test,rician_noise__mild,rician_noise,mild,D:\OASIS_2\distortions_128\rician_noise\mild\Non_Demented\OAS2_0171\OAS2_0171_slice_10_z125.png,Non_Demented/OAS2_0171/OAS2_0171_slice_10_z125.png,Non-Demented/OAS2_0171/OAS2_0171_slice_10_z125.png,OAS2_0171,Non-Demented,0,0,Non-Demented,1,0.5234521016538946,0.38199982855189085,0.06454806979421468,0.03
OASIS_2,RandomForest,13,test,rician_noise__mild,rician_noise,mild,D:\OASIS_2\distortions_128\rician_noise\mild\Non_Demented\OAS2_0171\OAS2_0171_slice_11_z130.png,Non_Demented/OAS2_0171/OAS2_0171_slice_11_z130.png,Non-Demented/OAS2_0171/OAS2_0171_slice_11_z130.png,OAS2_0171,Non-Demented,0,0,Non-Demented,1,0.5461503426727999,0.37796276980560384,0.05922022085492939,0.016666666666666666
OASIS_2,RandomForest,13,test,rician_noise__mild,rician_noise,mild,D:\OASIS_2\distortions_128\rician_noise\mild\Non_Demented\OAS2_0171\OAS2_0171_slice_12_z135.png,Non_Demented/OAS2_0171/OAS2_0171_slice_12_z135.png,Non-Demented/OAS2_0171/OAS2_0171_slice_12_z135.png,OAS2_0171,Non-Demented,0,0,Non-Demented,1,0.5107496803856644,0.3951574447778438,0.07075954150315861,0.023333333333333334
OASIS_2,RandomForest,13,test,rician_noise__mild,rician_noise,mild,D:\OASIS_2\distortions_128\rician_noise\mild\Non_Demented\OAS2_0171\OAS2_0171_slice_13_z141.png,Non_Demented/OAS2_0171/OAS2_0171_slice_13_z141.png,Non-Demented/OAS2_0171/OAS2_0171_slice_13_z141.png,OAS2_0171,Non-Demented,0,0,Non-Demented,1,0.4664779709729922,0.4203549200538138,0.08316710897319408,0.03
OASIS_2,RandomForest,13,test,rician_noise__mild,rician_noise,mild,D:\OASIS_2\distortions_128\rician_noise\mild\Non_Demented\OAS2_0171\OAS2_0171_slice_14_z146.png,Non_Demented/OAS2_0171/OAS2_0171_slice_14_z146.png,Non-Demented/OAS2_0171/OAS2_0171_slice_14_z146.png,OAS2_0171,Non-Demented,0,0,Non-Demented,1,0.5002712730987678,0.40490909599451397,0.07148629757338479,0.023333333333333334
OASIS_2,RandomForest,13,test,rician_noise__mild,rician_noise,mild,D:\OASIS_2\distortions_128\rician_noise\mild\Non_Demented\OAS2_0171\OAS2_0171_slice_15_z151.png,Non_Demented/OAS2_0171/OAS2_0171_slice_15_z151.png,Non-Demented/OAS2_0171/OAS2_0171_slice_15_z151.png,OAS2_0171,Non-Demented,0,1,Very Mild Dementia,0,0.4237741275817371,0.46414571337228333,0.08874682571264636,0.023333333333333334
OASIS_2,RandomForest,13,test,rician_noise__mild,rician_noise,mild,D:\OASIS_2\distortions_128\rician_noise\mild\Non_Demented\OAS2_0171\OAS2_0171_slice_16_z157.png,Non_Demented/OAS2_0171/OAS2_0171_slice_16_z157.png,Non-Demented/OAS2_0171/OAS2_0171_slice_16_z157.png,OAS2_0171,Non-Demented,0,0,Non-Demented,1,0.45698503065355256,0.3953136224161779,0.12770134693026955,0.02
OASIS_2,RandomForest,13,test,rician_noise__mild,rician_noise,mild,D:\OASIS_2\distortions_128\rician_noise\mild\Non_Demented\OAS2_0171\OAS2_0171_slice_17_z162.png,Non_Demented/OAS2_0171/OAS2_0171_slice_17_z162.png,Non-Demented/OAS2_0171/OAS2_0171_slice_17_z162.png,OAS2_0171,Non-Demented,0,1,Very Mild Dementia,0,0.41461354799662814,0.422041095021884,0.1533453569814879,0.01
OASIS_2,RandomForest,13,test,rician_noise__mild,rician_noise,mild,D:\OASIS_2\distortions_128\rician_noise\mild\Non_Demented\OAS2_0171\OAS2_0171_slice_18_z167.png,Non_Demented/OAS2_0171/OAS2_0171_slice_18_z167.png,Non-Demented/OAS2_0171/OAS2_0171_slice_18_z167.png,OAS2_0171,Non-Demented,0,1,Very Mild Dementia,0,0.4043643012041638,0.441922937679388,0.12371276111644824,0.03
OASIS_2,RandomForest,13,test,rician_noise__mild,rician_noise,mild,D:\OASIS_2\distortions_128\rician_noise\mild\Non_Demented\OAS2_0171\OAS2_0171_slice_19_z173.png,Non_Demented/OAS2_0171/OAS2_0171_slice_19_z173.png,Non-Demented/OAS2_0171/OAS2_0171_slice_19_z173.png,OAS2_0171,Non-Demented,0,0,Non-Demented,1,0.4032170317629334,0.37254003085652565,0.1842429373805411,0.04
OASIS_2,RandomForest,13,test,rician_noise__mild,rician_noise,mild,D:\OASIS_2\distortions_128\rician_noise\mild\Non_Demented\OAS2_0171\OAS2_0171_slice_20_z178.png,Non_Demented/OAS2_0171/OAS2_0171_slice_20_z178.png,Non-Demented/OAS2_0171/OAS2_0171_slice_20_z178.png,OAS2_0171,Non-Demented,0,1,Very Mild Dementia,0,0.3726780193249425,0.3727943829373666,0.20452759773769078,0.05
OASIS_2,RandomForest,13,test,rician_noise__mild,rician_noise,mild,D:\OASIS_2\distortions_128\rician_noise\mild\Very_Mild_Dementia\OAS2_0009\OAS2_0009_slice_01_z077.png,Very_Mild_Dementia/OAS2_0009/OAS2_0009_slice_01_z077.png,Very Mild Dementia/OAS2_0009/OAS2_0009_slice_01_z077.png,OAS2_0009,Very Mild Dementia,1,0,Non-Demented,0,0.402492758566421,0.36444431005636174,0.18639626471055093,0.04666666666666667
OASIS_2,RandomForest,13,test,rician_noise__mild,rician_noise,mild,D:\OASIS_2\distortions_128\rician_noise\mild\Very_Mild_Dementia\OAS2_0009\OAS2_0009_slice_02_z082.png,Very_Mild_Dementia/OAS2_0009/OAS2_0009_slice_02_z082.png,Very Mild Dementia/OAS2_0009/OAS2_0009_slice_02_z082.png,OAS2_0009,Very Mild Dementia,1,0,Non-Demented,0,0.4472111498603336,0.3690661151250747,0.1703894016812585,0.013333333333333334
OASIS_2,RandomForest,13,test,rician_noise__mild,rician_noise,mild,D:\OASIS_2\distortions_128\rician_noise\mild\Very_Mild_Dementia\OAS2_0009\OAS2_0009_slice_03_z088.png,Very_Mild_Dementia/OAS2_0009/OAS2_0009_slice_03_z088.png,Very Mild Dementia/OAS2_0009/OAS2_0009_slice_03_z088.png,OAS2_0009,Very Mild Dementia,1,0,Non-Demented,0,0.4138280790694235,0.3718589851516493,0.17431293577892748,0.04
OASIS_2,RandomForest,13,test,rician_noise__mild,rician_noise,mild,D:\OASIS_2\distortions_128\rician_noise\mild\Very_Mild_Dementia\OAS2_0009\OAS2_0009_slice_04_z093.png,Very_Mild_Dementia/OAS2_0009/OAS2_0009_slice_04_z093.png,Very Mild Dementia/OAS2_0009/OAS2_0009_slice_04_z093.png,OAS2_0009,Very Mild Dementia,1,0,Non-Demented,0,0.41367117384355484,0.38005018833301,0.18294530449010188,0.023333333333333334
OASIS_2,RandomForest,13,test,rician_noise__mild,rician_noise,mild,D:\OASIS_2\distortions_128\rician_noise\mild\Very_Mild_Dementia\OAS2_0009\OAS2_0009_slice_05_z098.png,Very_Mild_Dementia/OAS2_0009/OAS2_0009_slice_05_z098.png,Very Mild Dementia/OAS2_0009/OAS2_0009_slice_05_z098.png,OAS2_0009,Very Mild Dementia,1,1,Very Mild Dementia,1,0.37971454866439736,0.4008673933868316,0.20608472461543775,0.013333333333333334
OASIS_2,RandomForest,13,test,rician_noise__mild,rician_noise,mild,D:\OASIS_2\distortions_128\rician_noise\mild\Very_Mild_Dementia\OAS2_0009\OAS2_0009_slice_06_z104.png,Very_Mild_Dementia/OAS2_0009/OAS2_0009_slice_06_z104.png,Very Mild Dementia/OAS2_0009/OAS2_0009_slice_06_z104.png,OAS2_0009,Very Mild Dementia,1,0,Non-Demented,0,0.4138944113517021,0.38108497524464335,0.19168728007032135,0.013333333333333334
OASIS_2,RandomForest,13,test,rician_noise__mild,rician_noise,mild,D:\OASIS_2\distortions_128\rician_noise\mild\Very_Mild_Dementia\OAS2_0009\OAS2_0009_slice_07_z109.png,Very_Mild_Dementia/OAS2_0009/OAS2_0009_slice_07_z109.png,Very Mild Dementia/OAS2_0009/OAS2_0009_slice_07_z109.png,OAS2_0009,Very Mild Dementia,1,0,Non-Demented,0,0.4740180909372787,0.3560252401900559,0.14995666887266548,0.02
OASIS_2,RandomForest,13,test,rician_noise__mild,rician_noise,mild,D:\OASIS_2\distortions_128\rician_noise\mild\Very_Mild_Dementia\OAS2_0009\OAS2_0009_slice_08_z114.png,Very_Mild_Dementia/OAS2_0009/OAS2_0009_slice_08_z114.png,Very Mild Dementia/OAS2_0009/OAS2_0009_slice_08_z114.png,OAS2_0009,Very Mild Dementia,1,0,Non-Demented,0,0.4410581390947814,0.36955366595713013,0.16938819494808863,0.02
OASIS_2,RandomForest,13,test,rician_noise__mild,rician_noise,mild,D:\OASIS_2\distortions_128\rician_noise\mild\Very_Mild_Dementia\OAS2_0009\OAS2_0009_slice_09_z120.png,Very_Mild_Dementia/OAS2_0009/OAS2_0009_slice_09_z120.png,Very Mild Dementia/OAS2_0009/OAS2_0009_slice_09_z120.png,OAS2_0009,Very Mild Dementia,1,0,Non-Demented,0,0.42720179129808133,0.42170156464841996,0.14109664405349867,0.01
OASIS_2,RandomForest,13,test,rician_noise__mild,rician_noise,mild,D:\OASIS_2\distortions_128\rician_noise\mild\Very_Mild_Dementia\OAS2_0009\OAS2_0009_slice_10_z125.png,Very_Mild_Dementia/OAS2_0009/OAS2_0009_slice_10_z125.png,Very Mild Dementia/OAS2_0009/OAS2_0009_slice_10_z125.png,OAS2_0009,Very Mild Dementia,1,0,Non-Demented,0,0.5025595344295141,0.3037905666442326,0.1669832322595866,0.02666666666666667
OASIS_2,RandomForest,13,test,rician_noise__mild,rician_noise,mild,D:\OASIS_2\distortions_128\rician_noise\mild\Very_Mild_Dementia\OAS2_0009\OAS2_0009_slice_11_z130.png,Very_Mild_Dementia/OAS2_0009/OAS2_0009_slice_11_z130.png,Very Mild Dementia/OAS2_0009/OAS2_0009_slice_11_z130.png,OAS2_0009,Very Mild Dementia,1,0,Non-Demented,0,0.5336111010173745,0.3103070268724611,0.14941520544349746,0.006666666666666667
OASIS_2,RandomForest,13,test,rician_noise__mild,rician_noise,mild,D:\OASIS_2\distortions_128\rician_noise\mild\Very_Mild_Dementia\OAS2_0009\OAS2_0009_slice_12_z135.png,Very_Mild_Dementia/OAS2_0009/OAS2_0009_slice_12_z135.png,Very Mild Dementia/OAS2_0009/OAS2_0009_slice_12_z135.png,OAS2_0009,Very Mild Dementia,1,0,Non-Demented,0,0.555361358065226,0.32583081745382103,0.09880782448095295,0.02
OASIS_2,RandomForest,13,test,rician_noise__mild,rician_noise,mild,D:\OASIS_2\distortions_128\rician_noise\mild\Very_Mild_Dementia\OAS2_0009\OAS2_0009_slice_13_z141.png,Very_Mild_Dementia/OAS2_0009/OAS2_0009_slice_13_z141.png,Very Mild Dementia/OAS2_0009/OAS2_0009_slice_13_z141.png,OAS2_0009,Very Mild Dementia,1,0,Non-Demented,0,0.607765139414772,0.26221024882610394,0.12002461175912409,0.01
OASIS_2,RandomForest,13,test,rician_noise__mild,rician_noise,mild,D:\OASIS_2\distortions_128\rician_noise\mild\Very_Mild_Dementia\OAS2_0009\OAS2_0009_slice_14_z146.png,Very_Mild_Dementia/OAS2_0009/OAS2_0009_slice_14_z146.png,Very Mild Dementia/OAS2_0009/OAS2_0009_slice_14_z146.png,OAS2_0009,Very Mild Dementia,1,0,Non-Demented,0,0.5967165814843456,0.2972524717672752,0.09603094674837924,0.01
OASIS_2,RandomForest,13,test,rician_noise__mild,rician_noise,mild,D:\OASIS_2\distortions_128\rician_noise\mild\Very_Mild_Dementia\OAS2_0009\OAS2_0009_slice_15_z151.png,Very_Mild_Dementia/OAS2_0009/OAS2_0009_slice_15_z151.png,Very Mild Dementia/OAS2_0009/OAS2_0009_slice_15_z151.png,OAS2_0009,Very Mild Dementia,1,0,Non-Demented,0,0.5602346034826846,0.3098139699079611,0.08995142660935457,0.04
OASIS_2,RandomForest,13,test,rician_noise__mild,rician_noise,mild,D:\OASIS_2\distortions_128\rician_noise\mild\Very_Mild_Dementia\OAS2_0009\OAS2_0009_slice_16_z157.png,Very_Mild_Dementia/OAS2_0009/OAS2_0009_slice_16_z157.png,Very Mild Dementia/OAS2_0009/OAS2_0009_slice_16_z157.png,OAS2_0009,Very Mild Dementia,1,0,Non-Demented,0,0.4880320091108778,0.3706541183573051,0.10798053919848385,0.03333333333333333
OASIS_2,RandomForest,13,test,rician_noise__mild,rician_noise,mild,D:\OASIS_2\distortions_128\rician_noise\mild\Very_Mild_Dementia\OAS2_0009\OAS2_0009_slice_17_z162.png,Very_Mild_Dementia/OAS2_0009/OAS2_0009_slice_17_z162.png,Very Mild Dementia/OAS2_0009/OAS2_0009_slice_17_z162.png,OAS2_0009,Very Mild Dementia,1,0,Non-Demented,0,0.5280342550169995,0.28948315900211036,0.15914925264755683,0.023333333333333334
OASIS_2,RandomForest,13,test,rician_noise__mild,rician_noise,mild,D:\OASIS_2\distortions_128\rician_noise\mild\Very_Mild_Dementia\OAS2_0009\OAS2_0009_slice_18_z167.png,Very_Mild_Dementia/OAS2_0009/OAS2_0009_slice_18_z167.png,Very Mild Dementia/OAS2_0009/OAS2_0009_slice_18_z167.png,OAS2_0009,Very Mild Dementia,1,0,Non-Demented,0,0.5048896344572998,0.30080701203418525,0.14097002017518181,0.05333333333333334
OASIS_2,RandomForest,13,test,rician_noise__mild,rician_noise,mild,D:\OASIS_2\distortions_128\rician_noise\mild\Very_Mild_Dementia\OAS2_0009\OAS2_0009_slice_19_z173.png,Very_Mild_Dementia/OAS2_0009/OAS2_0009_slice_19_z173.png,Very Mild Dementia/OAS2_0009/OAS2_0009_slice_19_z173.png,OAS2_0009,Very Mild Dementia,1,0,Non-Demented,0,0.4922017098728419,0.2678149115610759,0.17665004523274885,0.06333333333333334
OASIS_2,RandomForest,13,test,rician_noise__mild,rician_noise,mild,D:\OASIS_2\distortions_128\rician_noise\mild\Very_Mild_Dementia\OAS2_0009\OAS2_0009_slice_20_z178.png,Very_Mild_Dementia/OAS2_0009/OAS2_0009_slice_20_z178.png,Very Mild Dementia/OAS2_0009/OAS2_0009_slice_20_z178.png,OAS2_0009,Very Mild Dementia,1,0,Non-Demented,0,0.4303748550309043,0.3363583307080575,0.14326681426103827,0.09
OASIS_2,RandomForest,13,test,rician_noise__mild,rician_noise,mild,D:\OASIS_2\distortions_128\rician_noise\mild\Very_Mild_Dementia\OAS2_0020\OAS2_0020_slice_01_z077.png,Very_Mild_Dementia/OAS2_0020/OAS2_0020_slice_01_z077.png,Very Mild Dementia/OAS2_0020/OAS2_0020_slice_01_z077.png,OAS2_0020,Very Mild Dementia,1,0,Non-Demented,0,0.4341435431695002,0.40016391534114987,0.15235920815601664,0.013333333333333334
OASIS_2,RandomForest,13,test,rician_noise__mild,rician_noise,mild,D:\OASIS_2\distortions_128\rician_noise\mild\Very_Mild_Dementia\OAS2_0020\OAS2_0020_slice_02_z082.png,Very_Mild_Dementia/OAS2_0020/OAS2_0020_slice_02_z082.png,Very Mild Dementia/OAS2_0020/OAS2_0020_slice_02_z082.png,OAS2_0020,Very Mild Dementia,1,1,Very Mild Dementia,1,0.3877525331452403,0.400527222379354,0.1983869111420725,0.013333333333333334
OASIS_2,RandomForest,13,test,rician_noise__mild,rician_noise,mild,D:\OASIS_2\distortions_128\rician_noise\mild\Very_Mild_Dementia\OAS2_0020\OAS2_0020_slice_03_z088.png,Very_Mild_Dementia/OAS2_0020/OAS2_0020_slice_03_z088.png,Very Mild Dementia/OAS2_0020/OAS2_0020_slice_03_z088.png,OAS2_0020,Very Mild Dementia,1,0,Non-Demented,0,0.4776866612846977,0.34429335772381187,0.17468664765815708,0.0033333333333333335
OASIS_2,RandomForest,13,test,rician_noise__mild,rician_noise,mild,D:\OASIS_2\distortions_128\rician_noise\mild\Very_Mild_Dementia\OAS2_0020\OAS2_0020_slice_04_z093.png,Very_Mild_Dementia/OAS2_0020/OAS2_0020_slice_04_z093.png,Very Mild Dementia/OAS2_0020/OAS2_0020_slice_04_z093.png,OAS2_0020,Very Mild Dementia,1,0,Non-Demented,0,0.4603750628747853,0.3469992964191734,0.1792923073727081,0.013333333333333334
OASIS_2,RandomForest,13,test,rician_noise__mild,rician_noise,mild,D:\OASIS_2\distortions_128\rician_noise\mild\Very_Mild_Dementia\OAS2_0020\OAS2_0020_slice_05_z098.png,Very_Mild_Dementia/OAS2_0020/OAS2_0020_slice_05_z098.png,Very Mild Dementia/OAS2_0020/OAS2_0020_slice_05_z098.png,OAS2_0020,Very Mild Dementia,1,0,Non-Demented,0,0.42626358747935617,0.38470174139747104,0.17903467112317267,0.01
OASIS_2,RandomForest,13,test,rician_noise__mild,rician_noise,mild,D:\OASIS_2\distortions_128\rician_noise\mild\Very_Mild_Dementia\OAS2_0020\OAS2_0020_slice_06_z104.png,Very_Mild_Dementia/OAS2_0020/OAS2_0020_slice_06_z104.png,Very Mild Dementia/OAS2_0020/OAS2_0020_slice_06_z104.png,OAS2_0020,Very Mild Dementia,1,0,Non-Demented,0,0.43224710034135333,0.3932305641062123,0.16118900221910087,0.013333333333333334
OASIS_2,RandomForest,13,test,rician_noise__mild,rician_noise,mild,D:\OASIS_2\distortions_128\rician_noise\mild\Very_Mild_Dementia\OAS2_0020\OAS2_0020_slice_07_z109.png,Very_Mild_Dementia/OAS2_0020/OAS2_0020_slice_07_z109.png,Very Mild Dementia/OAS2_0020/OAS2_0020_slice_07_z109.png,OAS2_0020,Very Mild Dementia,1,0,Non-Demented,0,0.45439253169395716,0.35813863195709333,0.16746883634894935,0.02
OASIS_2,RandomForest,13,test,rician_noise__mild,rician_noise,mild,D:\OASIS_2\distortions_128\rician_noise\mild\Very_Mild_Dementia\OAS2_0020\OAS2_0020_slice_08_z114.png,Very_Mild_Dementia/OAS2_0020/OAS2_0020_slice_08_z114.png,Very Mild Dementia/OAS2_0020/OAS2_0020_slice_08_z114.png,OAS2_0020,Very Mild Dementia,1,0,Non-Demented,0,0.4526956696948245,0.3661774070831732,0.18112692322200244,0.0
OASIS_2,RandomForest,13,test,rician_noise__mild,rician_noise,mild,D:\OASIS_2\distortions_128\rician_noise\mild\Very_Mild_Dementia\OAS2_0020\OAS2_0020_slice_09_z120.png,Very_Mild_Dementia/OAS2_0020/OAS2_0020_slice_09_z120.png,Very Mild Dementia/OAS2_0020/OAS2_0020_slice_09_z120.png,OAS2_0020,Very Mild Dementia,1,0,Non-Demented,0,0.45738511745769633,0.3731932295449846,0.15942165299731925,0.01
OASIS_2,RandomForest,13,test,rician_noise__mild,rician_noise,mild,D:\OASIS_2\distortions_128\rician_noise\mild\Very_Mild_Dementia\OAS2_0020\OAS2_0020_slice_10_z125.png,Very_Mild_Dementia/OAS2_0020/OAS2_0020_slice_10_z125.png,Very Mild Dementia/OAS2_0020/OAS2_0020_slice_10_z125.png,OAS2_0020,Very Mild Dementia,1,0,Non-Demented,0,0.49953586588909116,0.34055451759561284,0.14990961651529605,0.01
OASIS_2,RandomForest,13,test,rician_noise__mild,rician_noise,mild,D:\OASIS_2\distortions_128\rician_noise\mild\Very_Mild_Dementia\OAS2_0020\OAS2_0020_slice_11_z130.png,Very_Mild_Dementia/OAS2_0020/OAS2_0020_slice_11_z130.png,Very Mild Dementia/OAS2_0020/OAS2_0020_slice_11_z130.png,OAS2_0020,Very Mild Dementia,1,0,Non-Demented,0,0.4492223140873485,0.36674232518242994,0.1807020273968882,0.0033333333333333335
OASIS_2,RandomForest,13,test,rician_noise__mild,rician_noise,mild,D:\OASIS_2\distortions_128\rician_noise\mild\Very_Mild_Dementia\OAS2_0020\OAS2_0020_slice_12_z135.png,Very_Mild_Dementia/OAS2_0020/OAS2_0020_slice_12_z135.png,Very Mild Dementia/OAS2_0020/OAS2_0020_slice_12_z135.png,OAS2_0020,Very Mild Dementia,1,0,Non-Demented,0,0.4519234420032588,0.36173619694988096,0.15967369438019363,0.02666666666666667
OASIS_2,RandomForest,13,test,rician_noise__mild,rician_noise,mild,D:\OASIS_2\distortions_128\rician_noise\mild\Very_Mild_Dementia\OAS2_0020\OAS2_0020_slice_13_z141.png,Very_Mild_Dementia/OAS2_0020/OAS2_0020_slice_13_z141.png,Very Mild Dementia/OAS2_0020/OAS2_0020_slice_13_z141.png,OAS2_0020,Very Mild Dementia,1,0,Non-Demented,0,0.40096898134907455,0.37197445780956284,0.21038989417469595,0.016666666666666666
OASIS_2,RandomForest,13,test,rician_noise__mild,rician_noise,mild,D:\OASIS_2\distortions_128\rician_noise\mild\Very_Mild_Dementia\OAS2_0020\OAS2_0020_slice_14_z146.png,Very_Mild_Dementia/OAS2_0020/OAS2_0020_slice_14_z146.png,Very Mild Dementia/OAS2_0020/OAS2_0020_slice_14_z146.png,OAS2_0020,Very Mild Dementia,1,0,Non-Demented,0,0.4436931618312745,0.3628687860335406,0.1834380521351848,0.01
OASIS_2,RandomForest,13,test,rician_noise__mild,rician_noise,mild,D:\OASIS_2\distortions_128\rician_noise\mild\Very_Mild_Dementia\OAS2_0020\OAS2_0020_slice_15_z151.png,Very_Mild_Dementia/OAS2_0020/OAS2_0020_slice_15_z151.png,Very Mild Dementia/OAS2_0020/OAS2_0020_slice_15_z151.png,OAS2_0020,Very Mild Dementia,1,0,Non-Demented,0,0.4579301714059746,0.3868525844223713,0.1385505775049877,0.016666666666666666
OASIS_2,RandomForest,13,test,rician_noise__mild,rician_noise,mild,D:\OASIS_2\distortions_128\rician_noise\mild\Very_Mild_Dementia\OAS2_0020\OAS2_0020_slice_16_z157.png,Very_Mild_Dementia/OAS2_0020/OAS2_0020_slice_16_z157.png,Very Mild Dementia/OAS2_0020/OAS2_0020_slice_16_z157.png,OAS2_0020,Very Mild Dementia,1,0,Non-Demented,0,0.42041676319177507,0.38637584246917267,0.16654072767238573,0.02666666666666667
OASIS_2,RandomForest,13,test,rician_noise__mild,rician_noise,mild,D:\OASIS_2\distortions_128\rician_noise\mild\Very_Mild_Dementia\OAS2_0020\OAS2_0020_slice_17_z162.png,Very_Mild_Dementia/OAS2_0020/OAS2_0020_slice_17_z162.png,Very Mild Dementia/OAS2_0020/OAS2_0020_slice_17_z162.png,OAS2_0020,Very Mild Dementia,1,0,Non-Demented,0,0.3977346516376406,0.39555840228040917,0.18670694608195024,0.02
OASIS_2,RandomForest,13,test,rician_noise__mild,rician_noise,mild,D:\OASIS_2\distortions_128\rician_noise\mild\Very_Mild_Dementia\OAS2_0020\OAS2_0020_slice_18_z167.png,Very_Mild_Dementia/OAS2_0020/OAS2_0020_slice_18_z167.png,Very Mild Dementia/OAS2_0020/OAS2_0020_slice_18_z167.png,OAS2_0020,Very Mild Dementia,1,0,Non-Demented,0,0.4264745796760888,0.36981459167639413,0.15371082864751706,0.05
OASIS_2,RandomForest,13,test,rician_noise__mild,rician_noise,mild,D:\OASIS_2\distortions_128\rician_noise\mild\Very_Mild_Dementia\OAS2_0020\OAS2_0020_slice_19_z173.png,Very_Mild_Dementia/OAS2_0020/OAS2_0020_slice_19_z173.png,Very Mild Dementia/OAS2_0020/OAS2_0020_slice_19_z173.png,OAS2_0020,Very Mild Dementia,1,0,Non-Demented,0,0.42279492559548965,0.3686601891059028,0.17521155196527424,0.03333333333333333
OASIS_2,RandomForest,13,test,rician_noise__mild,rician_noise,mild,D:\OASIS_2\distortions_128\rician_noise\mild\Very_Mild_Dementia\OAS2_0020\OAS2_0020_slice_20_z178.png,Very_Mild_Dementia/OAS2_0020/OAS2_0020_slice_20_z178.png,Very Mild Dementia/OAS2_0020/OAS2_0020_slice_20_z178.png,OAS2_0020,Very Mild Dementia,1,1,Very Mild Dementia,1,0.40045315235131174,0.4132354251486355,0.14631142250005294,0.04
OASIS_2,RandomForest,13,test,rician_noise__mild,rician_noise,mild,D:\OASIS_2\distortions_128\rician_noise\mild\Very_Mild_Dementia\OAS2_0021\OAS2_0021_slice_01_z077.png,Very_Mild_Dementia/OAS2_0021/OAS2_0021_slice_01_z077.png,Very Mild Dementia/OAS2_0021/OAS2_0021_slice_01_z077.png,OAS2_0021,Very Mild Dementia,1,0,Non-Demented,0,0.48436605614291767,0.3564775336926322,0.13248974349778364,0.02666666666666667
OASIS_2,RandomForest,13,test,rician_noise__mild,rician_noise,mild,D:\OASIS_2\distortions_128\rician_noise\mild\Very_Mild_Dementia\OAS2_0021\OAS2_0021_slice_02_z082.png,Very_Mild_Dementia/OAS2_0021/OAS2_0021_slice_02_z082.png,Very Mild Dementia/OAS2_0021/OAS2_0021_slice_02_z082.png,OAS2_0021,Very Mild Dementia,1,0,Non-Demented,0,0.4816115359258189,0.3392309371722923,0.15915752690188875,0.02
OASIS_2,RandomForest,13,test,rician_noise__mild,rician_noise,mild,D:\OASIS_2\distortions_128\rician_noise\mild\Very_Mild_Dementia\OAS2_0021\OAS2_0021_slice_03_z088.png,Very_Mild_Dementia/OAS2_0021/OAS2_0021_slice_03_z088.png,Very Mild Dementia/OAS2_0021/OAS2_0021_slice_03_z088.png,OAS2_0021,Very Mild Dementia,1,0,Non-Demented,0,0.4474844644908748,0.4056196083094725,0.13356259386631944,0.013333333333333334
OASIS_2,RandomForest,13,test,rician_noise__mild,rician_noise,mild,D:\OASIS_2\distortions_128\rician_noise\mild\Very_Mild_Dementia\OAS2_0021\OAS2_0021_slice_04_z093.png,Very_Mild_Dementia/OAS2_0021/OAS2_0021_slice_04_z093.png,Very Mild Dementia/OAS2_0021/OAS2_0021_slice_04_z093.png,OAS2_0021,Very Mild Dementia,1,1,Very Mild Dementia,1,0.385182047044542,0.4716827367500172,0.1298018828721075,0.013333333333333334
OASIS_2,RandomForest,13,test,rician_noise__mild,rician_noise,mild,D:\OASIS_2\distortions_128\rician_noise\mild\Very_Mild_Dementia\OAS2_0021\OAS2_0021_slice_05_z098.png,Very_Mild_Dementia/OAS2_0021/OAS2_0021_slice_05_z098.png,Very Mild Dementia/OAS2_0021/OAS2_0021_slice_05_z098.png,OAS2_0021,Very Mild Dementia,1,0,Non-Demented,0,0.4504267884214439,0.3871126018160978,0.1424606097624583,0.02
OASIS_2,RandomForest,13,test,rician_noise__mild,rician_noise,mild,D:\OASIS_2\distortions_128\rician_noise\mild\Very_Mild_Dementia\OAS2_0021\OAS2_0021_slice_06_z104.png,Very_Mild_Dementia/OAS2_0021/OAS2_0021_slice_06_z104.png,Very Mild Dementia/OAS2_0021/OAS2_0021_slice_06_z104.png,OAS2_0021,Very Mild Dementia,1,0,Non-Demented,0,0.4520033151283499,0.4010370583012372,0.13029295990374606,0.016666666666666666
OASIS_2,RandomForest,13,test,rician_noise__mild,rician_noise,mild,D:\OASIS_2\distortions_128\rician_noise\mild\Very_Mild_Dementia\OAS2_0021\OAS2_0021_slice_07_z109.png,Very_Mild_Dementia/OAS2_0021/OAS2_0021_slice_07_z109.png,Very Mild Dementia/OAS2_0021/OAS2_0021_slice_07_z109.png,OAS2_0021,Very Mild Dementia,1,1,Very Mild Dementia,1,0.433630110212423,0.47877902441002657,0.07425753204421721,0.013333333333333334
OASIS_2,RandomForest,13,test,rician_noise__mild,rician_noise,mild,D:\OASIS_2\distortions_128\rician_noise\mild\Very_Mild_Dementia\OAS2_0021\OAS2_0021_slice_08_z114.png,Very_Mild_Dementia/OAS2_0021/OAS2_0021_slice_08_z114.png,Very Mild Dementia/OAS2_0021/OAS2_0021_slice_08_z114.png,OAS2_0021,Very Mild Dementia,1,1,Very Mild Dementia,1,0.4137400967242094,0.4982603117844251,0.07799959149136569,0.01
OASIS_2,RandomForest,13,test,rician_noise__mild,rician_noise,mild,D:\OASIS_2\distortions_128\rician_noise\mild\Very_Mild_Dementia\OAS2_0021\OAS2_0021_slice_09_z120.png,Very_Mild_Dementia/OAS2_0021/OAS2_0021_slice_09_z120.png,Very Mild Dementia/OAS2_0021/OAS2_0021_slice_09_z120.png,OAS2_0021,Very Mild Dementia,1,1,Very Mild Dementia,1,0.39668907551346766,0.5223958817544584,0.06758170939874084,0.013333333333333334
OASIS_2,RandomForest,13,test,rician_noise__mild,rician_noise,mild,D:\OASIS_2\distortions_128\rician_noise\mild\Very_Mild_Dementia\OAS2_0021\OAS2_0021_slice_10_z125.png,Very_Mild_Dementia/OAS2_0021/OAS2_0021_slice_10_z125.png,Very Mild Dementia/OAS2_0021/OAS2_0021_slice_10_z125.png,OAS2_0021,Very Mild Dementia,1,1,Very Mild Dementia,1,0.3653537896698801,0.5334647667352569,0.08784811026152983,0.013333333333333334
OASIS_2,RandomForest,13,test,rician_noise__mild,rician_noise,mild,D:\OASIS_2\distortions_128\rician_noise\mild\Very_Mild_Dementia\OAS2_0021\OAS2_0021_slice_11_z130.png,Very_Mild_Dementia/OAS2_0021/OAS2_0021_slice_11_z130.png,Very Mild Dementia/OAS2_0021/OAS2_0021_slice_11_z130.png,OAS2_0021,Very Mild Dementia,1,1,Very Mild Dementia,1,0.397817696436269,0.4948352463204029,0.0973470572433282,0.01
OASIS_2,RandomForest,13,test,rician_noise__mild,rician_noise,mild,D:\OASIS_2\distortions_128\rician_noise\mild\Very_Mild_Dementia\OAS2_0021\OAS2_0021_slice_12_z135.png,Very_Mild_Dementia/OAS2_0021/OAS2_0021_slice_12_z135.png,Very Mild Dementia/OAS2_0021/OAS2_0021_slice_12_z135.png,OAS2_0021,Very Mild Dementia,1,1,Very Mild Dementia,1,0.4358102909557239,0.4790370158838185,0.07848602649379112,0.006666666666666667
OASIS_2,RandomForest,13,test,rician_noise__mild,rician_noise,mild,D:\OASIS_2\distortions_128\rician_noise\mild\Very_Mild_Dementia\OAS2_0021\OAS2_0021_slice_13_z141.png,Very_Mild_Dementia/OAS2_0021/OAS2_0021_slice_13_z141.png,Very Mild Dementia/OAS2_0021/OAS2_0021_slice_13_z141.png,OAS2_0021,Very Mild Dementia,1,1,Very Mild Dementia,1,0.3761387090543531,0.5238013789409642,0.07672657867134959,0.023333333333333334
OASIS_2,RandomForest,13,test,rician_noise__mild,rician_noise,mild,D:\OASIS_2\distortions_128\rician_noise\mild\Very_Mild_Dementia\OAS2_0021\OAS2_0021_slice_14_z146.png,Very_Mild_Dementia/OAS2_0021/OAS2_0021_slice_14_z146.png,Very Mild Dementia/OAS2_0021/OAS2_0021_slice_14_z146.png,OAS2_0021,Very Mild Dementia,1,1,Very Mild Dementia,1,0.3933378340134374,0.5047473551890952,0.08858147746413424,0.013333333333333334
OASIS_2,RandomForest,13,test,rician_noise__mild,rician_noise,mild,D:\OASIS_2\distortions_128\rician_noise\mild\Very_Mild_Dementia\OAS2_0021\OAS2_0021_slice_15_z151.png,Very_Mild_Dementia/OAS2_0021/OAS2_0021_slice_15_z151.png,Very Mild Dementia/OAS2_0021/OAS2_0021_slice_15_z151.png,OAS2_0021,Very Mild Dementia,1,1,Very Mild Dementia,1,0.4099947553677048,0.5163451276885326,0.06699345027709595,0.006666666666666667
OASIS_2,RandomForest,13,test,rician_noise__mild,rician_noise,mild,D:\OASIS_2\distortions_128\rician_noise\mild\Very_Mild_Dementia\OAS2_0021\OAS2_0021_slice_16_z157.png,Very_Mild_Dementia/OAS2_0021/OAS2_0021_slice_16_z157.png,Very Mild Dementia/OAS2_0021/OAS2_0021_slice_16_z157.png,OAS2_0021,Very Mild Dementia,1,1,Very Mild Dementia,1,0.3572575418203865,0.5518574183585753,0.07088503982103823,0.02
OASIS_2,RandomForest,13,test,rician_noise__mild,rician_noise,mild,D:\OASIS_2\distortions_128\rician_noise\mild\Very_Mild_Dementia\OAS2_0021\OAS2_0021_slice_17_z162.png,Very_Mild_Dementia/OAS2_0021/OAS2_0021_slice_17_z162.png,Very Mild Dementia/OAS2_0021/OAS2_0021_slice_17_z162.png,OAS2_0021,Very Mild Dementia,1,1,Very Mild Dementia,1,0.37116122366259047,0.5137199686797883,0.0984521409909546,0.016666666666666666
OASIS_2,RandomForest,13,test,rician_noise__mild,rician_noise,mild,D:\OASIS_2\distortions_128\rician_noise\mild\Very_Mild_Dementia\OAS2_0021\OAS2_0021_slice_18_z167.png,Very_Mild_Dementia/OAS2_0021/OAS2_0021_slice_18_z167.png,Very Mild Dementia/OAS2_0021/OAS2_0021_slice_18_z167.png,OAS2_0021,Very Mild Dementia,1,1,Very Mild Dementia,1,0.365226528249281,0.5111502623319703,0.12028987608541548,0.0033333333333333335
OASIS_2,RandomForest,13,test,rician_noise__mild,rician_noise,mild,D:\OASIS_2\distortions_128\rician_noise\mild\Very_Mild_Dementia\OAS2_0021\OAS2_0021_slice_19_z173.png,Very_Mild_Dementia/OAS2_0021/OAS2_0021_slice_19_z173.png,Very Mild Dementia/OAS2_0021/OAS2_0021_slice_19_z173.png,OAS2_0021,Very Mild Dementia,1,1,Very Mild Dementia,1,0.3222575943218479,0.4760148619931933,0.1783942103516253,0.023333333333333334
OASIS_2,RandomForest,13,test,rician_noise__mild,rician_noise,mild,D:\OASIS_2\distortions_128\rician_noise\mild\Very_Mild_Dementia\OAS2_0021\OAS2_0021_slice_20_z178.png,Very_Mild_Dementia/OAS2_0021/OAS2_0021_slice_20_z178.png,Very Mild Dementia/OAS2_0021/OAS2_0021_slice_20_z178.png,OAS2_0021,Very Mild Dementia,1,0,Non-Demented,0,0.4284596189885849,0.3701983060537659,0.18800874162431563,0.013333333333333334
OASIS_2,RandomForest,13,test,rician_noise__mild,rician_noise,mild,D:\OASIS_2\distortions_128\rician_noise\mild\Very_Mild_Dementia\OAS2_0040\OAS2_0040_slice_01_z077.png,Very_Mild_Dementia/OAS2_0040/OAS2_0040_slice_01_z077.png,Very Mild Dementia/OAS2_0040/OAS2_0040_slice_01_z077.png,OAS2_0040,Very Mild Dementia,1,0,Non-Demented,0,0.4781079647438196,0.35962039487613656,0.1422716403800438,0.02
OASIS_2,RandomForest,13,test,rician_noise__mild,rician_noise,mild,D:\OASIS_2\distortions_128\rician_noise\mild\Very_Mild_Dementia\OAS2_0040\OAS2_0040_slice_02_z082.png,Very_Mild_Dementia/OAS2_0040/OAS2_0040_slice_02_z082.png,Very Mild Dementia/OAS2_0040/OAS2_0040_slice_02_z082.png,OAS2_0040,Very Mild Dementia,1,0,Non-Demented,0,0.5601395772087407,0.28878109296253235,0.12774599649539337,0.023333333333333334
OASIS_2,RandomForest,13,test,rician_noise__mild,rician_noise,mild,D:\OASIS_2\distortions_128\rician_noise\mild\Very_Mild_Dementia\OAS2_0040\OAS2_0040_slice_03_z088.png,Very_Mild_Dementia/OAS2_0040/OAS2_0040_slice_03_z088.png,Very Mild Dementia/OAS2_0040/OAS2_0040_slice_03_z088.png,OAS2_0040,Very Mild Dementia,1,0,Non-Demented,0,0.5151680383183171,0.31233550790572295,0.15249645377595994,0.02
OASIS_2,RandomForest,13,test,rician_noise__mild,rician_noise,mild,D:\OASIS_2\distortions_128\rician_noise\mild\Very_Mild_Dementia\OAS2_0040\OAS2_0040_slice_04_z093.png,Very_Mild_Dementia/OAS2_0040/OAS2_0040_slice_04_z093.png,Very Mild Dementia/OAS2_0040/OAS2_0040_slice_04_z093.png,OAS2_0040,Very Mild Dementia,1,0,Non-Demented,0,0.5422732243920346,0.28592474951831404,0.15513535942298481,0.016666666666666666
OASIS_2,RandomForest,13,test,rician_noise__mild,rician_noise,mild,D:\OASIS_2\distortions_128\rician_noise\mild\Very_Mild_Dementia\OAS2_0040\OAS2_0040_slice_05_z098.png,Very_Mild_Dementia/OAS2_0040/OAS2_0040_slice_05_z098.png,Very Mild Dementia/OAS2_0040/OAS2_0040_slice_05_z098.png,OAS2_0040,Very Mild Dementia,1,0,Non-Demented,0,0.5063038029964537,0.32717780027497917,0.15318506339523366,0.013333333333333334
OASIS_2,RandomForest,13,test,rician_noise__mild,rician_noise,mild,D:\OASIS_2\distortions_128\rician_noise\mild\Very_Mild_Dementia\OAS2_0040\OAS2_0040_slice_06_z104.png,Very_Mild_Dementia/OAS2_0040/OAS2_0040_slice_06_z104.png,Very Mild Dementia/OAS2_0040/OAS2_0040_slice_06_z104.png,OAS2_0040,Very Mild Dementia,1,0,Non-Demented,0,0.5633493932114356,0.2824544375712756,0.1108628358839555,0.043333333333333335
OASIS_2,RandomForest,13,test,rician_noise__mild,rician_noise,mild,D:\OASIS_2\distortions_128\rician_noise\mild\Very_Mild_Dementia\OAS2_0040\OAS2_0040_slice_07_z109.png,Very_Mild_Dementia/OAS2_0040/OAS2_0040_slice_07_z109.png,Very Mild Dementia/OAS2_0040/OAS2_0040_slice_07_z109.png,OAS2_0040,Very Mild Dementia,1,0,Non-Demented,0,0.5353802874601666,0.3047484986465642,0.12987121389326906,0.03
OASIS_2,RandomForest,13,test,rician_noise__mild,rician_noise,mild,D:\OASIS_2\distortions_128\rician_noise\mild\Very_Mild_Dementia\OAS2_0040\OAS2_0040_slice_08_z114.png,Very_Mild_Dementia/OAS2_0040/OAS2_0040_slice_08_z114.png,Very Mild Dementia/OAS2_0040/OAS2_0040_slice_08_z114.png,OAS2_0040,Very Mild Dementia,1,0,Non-Demented,0,0.5670025574347192,0.2677582375580033,0.13523920500727737,0.03
OASIS_2,RandomForest,13,test,rician_noise__mild,rician_noise,mild,D:\OASIS_2\distortions_128\rician_noise\mild\Very_Mild_Dementia\OAS2_0040\OAS2_0040_slice_09_z120.png,Very_Mild_Dementia/OAS2_0040/OAS2_0040_slice_09_z120.png,Very Mild Dementia/OAS2_0040/OAS2_0040_slice_09_z120.png,OAS2_0040,Very Mild Dementia,1,0,Non-Demented,0,0.5916735592336234,0.2853968443594325,0.09626292974027734,0.02666666666666667
OASIS_2,RandomForest,13,test,rician_noise__mild,rician_noise,mild,D:\OASIS_2\distortions_128\rician_noise\mild\Very_Mild_Dementia\OAS2_0040\OAS2_0040_slice_10_z125.png,Very_Mild_Dementia/OAS2_0040/OAS2_0040_slice_10_z125.png,Very Mild Dementia/OAS2_0040/OAS2_0040_slice_10_z125.png,OAS2_0040,Very Mild Dementia,1,0,Non-Demented,0,0.5202849946591379,0.29607468425350714,0.1603069877540216,0.023333333333333334
OASIS_2,RandomForest,13,test,rician_noise__mild,rician_noise,mild,D:\OASIS_2\distortions_128\rician_noise\mild\Very_Mild_Dementia\OAS2_0040\OAS2_0040_slice_11_z130.png,Very_Mild_Dementia/OAS2_0040/OAS2_0040_slice_11_z130.png,Very Mild Dementia/OAS2_0040/OAS2_0040_slice_11_z130.png,OAS2_0040,Very Mild Dementia,1,0,Non-Demented,0,0.48561432902765783,0.32595903763652573,0.16842663333581648,0.02
OASIS_2,RandomForest,13,test,rician_noise__mild,rician_noise,mild,D:\OASIS_2\distortions_128\rician_noise\mild\Very_Mild_Dementia\OAS2_0040\OAS2_0040_slice_12_z135.png,Very_Mild_Dementia/OAS2_0040/OAS2_0040_slice_12_z135.png,Very Mild Dementia/OAS2_0040/OAS2_0040_slice_12_z135.png,OAS2_0040,Very Mild Dementia,1,0,Non-Demented,0,0.4700732217611961,0.3478650216110228,0.1520617566277812,0.03
OASIS_2,RandomForest,13,test,rician_noise__mild,rician_noise,mild,D:\OASIS_2\distortions_128\rician_noise\mild\Very_Mild_Dementia\OAS2_0040\OAS2_0040_slice_13_z141.png,Very_Mild_Dementia/OAS2_0040/OAS2_0040_slice_13_z141.png,Very Mild Dementia/OAS2_0040/OAS2_0040_slice_13_z141.png,OAS2_0040,Very Mild Dementia,1,0,Non-Demented,0,0.4091290509255922,0.39483648519466236,0.1693677972130785,0.02666666666666667
OASIS_2,RandomForest,13,test,rician_noise__mild,rician_noise,mild,D:\OASIS_2\distortions_128\rician_noise\mild\Very_Mild_Dementia\OAS2_0040\OAS2_0040_slice_14_z146.png,Very_Mild_Dementia/OAS2_0040/OAS2_0040_slice_14_z146.png,Very Mild Dementia/OAS2_0040/OAS2_0040_slice_14_z146.png,OAS2_0040,Very Mild Dementia,1,0,Non-Demented,0,0.4272303464590161,0.35004767895687905,0.15605530791743832,0.06666666666666667
OASIS_2,RandomForest,13,test,rician_noise__mild,rician_noise,mild,D:\OASIS_2\distortions_128\rician_noise\mild\Very_Mild_Dementia\OAS2_0040\OAS2_0040_slice_15_z151.png,Very_Mild_Dementia/OAS2_0040/OAS2_0040_slice_15_z151.png,Very Mild Dementia/OAS2_0040/OAS2_0040_slice_15_z151.png,OAS2_0040,Very Mild Dementia,1,0,Non-Demented,0,0.4713289903974365,0.35814963134429895,0.11052137825826461,0.06
OASIS_2,RandomForest,13,test,rician_noise__mild,rician_noise,mild,D:\OASIS_2\distortions_128\rician_noise\mild\Very_Mild_Dementia\OAS2_0040\OAS2_0040_slice_16_z157.png,Very_Mild_Dementia/OAS2_0040/OAS2_0040_slice_16_z157.png,Very Mild Dementia/OAS2_0040/OAS2_0040_slice_16_z157.png,OAS2_0040,Very Mild Dementia,1,0,Non-Demented,0,0.4672773175853132,0.3385018115311454,0.1408875375502082,0.05333333333333334
OASIS_2,RandomForest,13,test,rician_noise__mild,rician_noise,mild,D:\OASIS_2\distortions_128\rician_noise\mild\Very_Mild_Dementia\OAS2_0040\OAS2_0040_slice_17_z162.png,Very_Mild_Dementia/OAS2_0040/OAS2_0040_slice_17_z162.png,Very Mild Dementia/OAS2_0040/OAS2_0040_slice_17_z162.png,OAS2_0040,Very Mild Dementia,1,0,Non-Demented,0,0.41082592281712493,0.3618028054241231,0.18403793842541852,0.043333333333333335
OASIS_2,RandomForest,13,test,rician_noise__mild,rician_noise,mild,D:\OASIS_2\distortions_128\rician_noise\mild\Very_Mild_Dementia\OAS2_0040\OAS2_0040_slice_18_z167.png,Very_Mild_Dementia/OAS2_0040/OAS2_0040_slice_18_z167.png,Very Mild Dementia/OAS2_0040/OAS2_0040_slice_18_z167.png,OAS2_0040,Very Mild Dementia,1,1,Very Mild Dementia,1,0.37564365143835476,0.39919413408563775,0.1551622144760077,0.07
OASIS_2,RandomForest,13,test,rician_noise__mild,rician_noise,mild,D:\OASIS_2\distortions_128\rician_noise\mild\Very_Mild_Dementia\OAS2_0040\OAS2_0040_slice_19_z173.png,Very_Mild_Dementia/OAS2_0040/OAS2_0040_slice_19_z173.png,Very Mild Dementia/OAS2_0040/OAS2_0040_slice_19_z173.png,OAS2_0040,Very Mild Dementia,1,1,Very Mild Dementia,1,0.3636457277254881,0.4155035381318418,0.18751740080933696,0.03333333333333333
OASIS_2,RandomForest,13,test,rician_noise__mild,rician_noise,mild,D:\OASIS_2\distortions_128\rician_noise\mild\Very_Mild_Dementia\OAS2_0040\OAS2_0040_slice_20_z178.png,Very_Mild_Dementia/OAS2_0040/OAS2_0040_slice_20_z178.png,Very Mild Dementia/OAS2_0040/OAS2_0040_slice_20_z178.png,OAS2_0040,Very Mild Dementia,1,1,Very Mild Dementia,1,0.40574889729408087,0.4116085975633996,0.145975838475853,0.03666666666666667
OASIS_2,RandomForest,13,test,rician_noise__mild,rician_noise,mild,D:\OASIS_2\distortions_128\rician_noise\mild\Very_Mild_Dementia\OAS2_0098\OAS2_0098_slice_01_z077.png,Very_Mild_Dementia/OAS2_0098/OAS2_0098_slice_01_z077.png,Very Mild Dementia/OAS2_0098/OAS2_0098_slice_01_z077.png,OAS2_0098,Very Mild Dementia,1,1,Very Mild Dementia,1,0.36017958466387995,0.45608018249190574,0.16374023284421432,0.02
OASIS_2,RandomForest,13,test,rician_noise__mild,rician_noise,mild,D:\OASIS_2\distortions_128\rician_noise\mild\Very_Mild_Dementia\OAS2_0098\OAS2_0098_slice_02_z082.png,Very_Mild_Dementia/OAS2_0098/OAS2_0098_slice_02_z082.png,Very Mild Dementia/OAS2_0098/OAS2_0098_slice_02_z082.png,OAS2_0098,Very Mild Dementia,1,1,Very Mild Dementia,1,0.3655349524510735,0.3896674428317291,0.2314642713838641,0.013333333333333334
OASIS_2,RandomForest,13,test,rician_noise__mild,rician_noise,mild,D:\OASIS_2\distortions_128\rician_noise\mild\Very_Mild_Dementia\OAS2_0098\OAS2_0098_slice_03_z088.png,Very_Mild_Dementia/OAS2_0098/OAS2_0098_slice_03_z088.png,Very Mild Dementia/OAS2_0098/OAS2_0098_slice_03_z088.png,OAS2_0098,Very Mild Dementia,1,1,Very Mild Dementia,1,0.33802782580377555,0.48584353468819436,0.15946197284136363,0.016666666666666666
OASIS_2,RandomForest,13,test,rician_noise__mild,rician_noise,mild,D:\OASIS_2\distortions_128\rician_noise\mild\Very_Mild_Dementia\OAS2_0098\OAS2_0098_slice_04_z093.png,Very_Mild_Dementia/OAS2_0098/OAS2_0098_slice_04_z093.png,Very Mild Dementia/OAS2_0098/OAS2_0098_slice_04_z093.png,OAS2_0098,Very Mild Dementia,1,1,Very Mild Dementia,1,0.2949640383416727,0.5038065815079705,0.1778960468170235,0.023333333333333334
OASIS_2,RandomForest,13,test,rician_noise__mild,rician_noise,mild,D:\OASIS_2\distortions_128\rician_noise\mild\Very_Mild_Dementia\OAS2_0098\OAS2_0098_slice_05_z098.png,Very_Mild_Dementia/OAS2_0098/OAS2_0098_slice_05_z098.png,Very Mild Dementia/OAS2_0098/OAS2_0098_slice_05_z098.png,OAS2_0098,Very Mild Dementia,1,1,Very Mild Dementia,1,0.32461704558649174,0.5151789976328267,0.15687062344734842,0.0033333333333333335
OASIS_2,RandomForest,13,test,rician_noise__mild,rician_noise,mild,D:\OASIS_2\distortions_128\rician_noise\mild\Very_Mild_Dementia\OAS2_0098\OAS2_0098_slice_06_z104.png,Very_Mild_Dementia/OAS2_0098/OAS2_0098_slice_06_z104.png,Very Mild Dementia/OAS2_0098/OAS2_0098_slice_06_z104.png,OAS2_0098,Very Mild Dementia,1,1,Very Mild Dementia,1,0.3458282863398292,0.5163893587392882,0.11778235492088268,0.02
OASIS_2,RandomForest,13,test,rician_noise__mild,rician_noise,mild,D:\OASIS_2\distortions_128\rician_noise\mild\Very_Mild_Dementia\OAS2_0098\OAS2_0098_slice_07_z109.png,Very_Mild_Dementia/OAS2_0098/OAS2_0098_slice_07_z109.png,Very Mild Dementia/OAS2_0098/OAS2_0098_slice_07_z109.png,OAS2_0098,Very Mild Dementia,1,1,Very Mild Dementia,1,0.3104394769815501,0.5622887601852445,0.11393842949987192,0.013333333333333334
OASIS_2,RandomForest,13,test,rician_noise__mild,rician_noise,mild,D:\OASIS_2\distortions_128\rician_noise\mild\Very_Mild_Dementia\OAS2_0098\OAS2_0098_slice_08_z114.png,Very_Mild_Dementia/OAS2_0098/OAS2_0098_slice_08_z114.png,Very Mild Dementia/OAS2_0098/OAS2_0098_slice_08_z114.png,OAS2_0098,Very Mild Dementia,1,1,Very Mild Dementia,1,0.3379426574843203,0.5213884136668664,0.13733559551548047,0.0033333333333333335
OASIS_2,RandomForest,13,test,rician_noise__mild,rician_noise,mild,D:\OASIS_2\distortions_128\rician_noise\mild\Very_Mild_Dementia\OAS2_0098\OAS2_0098_slice_09_z120.png,Very_Mild_Dementia/OAS2_0098/OAS2_0098_slice_09_z120.png,Very Mild Dementia/OAS2_0098/OAS2_0098_slice_09_z120.png,OAS2_0098,Very Mild Dementia,1,1,Very Mild Dementia,1,0.35399378084591004,0.5159979327314196,0.1133416197560037,0.016666666666666666
OASIS_2,RandomForest,13,test,rician_noise__mild,rician_noise,mild,D:\OASIS_2\distortions_128\rician_noise\mild\Very_Mild_Dementia\OAS2_0098\OAS2_0098_slice_10_z125.png,Very_Mild_Dementia/OAS2_0098/OAS2_0098_slice_10_z125.png,Very Mild Dementia/OAS2_0098/OAS2_0098_slice_10_z125.png,OAS2_0098,Very Mild Dementia,1,1,Very Mild Dementia,1,0.36793330766918697,0.522724169452747,0.09934252287806626,0.01
OASIS_2,RandomForest,13,test,rician_noise__mild,rician_noise,mild,D:\OASIS_2\distortions_128\rician_noise\mild\Very_Mild_Dementia\OAS2_0098\OAS2_0098_slice_11_z130.png,Very_Mild_Dementia/OAS2_0098/OAS2_0098_slice_11_z130.png,Very Mild Dementia/OAS2_0098/OAS2_0098_slice_11_z130.png,OAS2_0098,Very Mild Dementia,1,1,Very Mild Dementia,1,0.39704237666613384,0.4738905053777254,0.10240045128947423,0.02666666666666667
OASIS_2,RandomForest,13,test,rician_noise__mild,rician_noise,mild,D:\OASIS_2\distortions_128\rician_noise\mild\Very_Mild_Dementia\OAS2_0098\OAS2_0098_slice_12_z135.png,Very_Mild_Dementia/OAS2_0098/OAS2_0098_slice_12_z135.png,Very Mild Dementia/OAS2_0098/OAS2_0098_slice_12_z135.png,OAS2_0098,Very Mild Dementia,1,1,Very Mild Dementia,1,0.3866891065280754,0.4665726756896839,0.12673821778224054,0.02
OASIS_2,RandomForest,13,test,rician_noise__mild,rician_noise,mild,D:\OASIS_2\distortions_128\rician_noise\mild\Very_Mild_Dementia\OAS2_0098\OAS2_0098_slice_13_z141.png,Very_Mild_Dementia/OAS2_0098/OAS2_0098_slice_13_z141.png,Very Mild Dementia/OAS2_0098/OAS2_0098_slice_13_z141.png,OAS2_0098,Very Mild Dementia,1,1,Very Mild Dementia,1,0.30248608573166386,0.5667932847466159,0.10738729618838713,0.023333333333333334
OASIS_2,RandomForest,13,test,rician_noise__mild,rician_noise,mild,D:\OASIS_2\distortions_128\rician_noise\mild\Very_Mild_Dementia\OAS2_0098\OAS2_0098_slice_14_z146.png,Very_Mild_Dementia/OAS2_0098/OAS2_0098_slice_14_z146.png,Very Mild Dementia/OAS2_0098/OAS2_0098_slice_14_z146.png,OAS2_0098,Very Mild Dementia,1,1,Very Mild Dementia,1,0.3793929762985442,0.5442640872243101,0.053009603143812666,0.023333333333333334
OASIS_2,RandomForest,13,test,rician_noise__mild,rician_noise,mild,D:\OASIS_2\distortions_128\rician_noise\mild\Very_Mild_Dementia\OAS2_0098\OAS2_0098_slice_15_z151.png,Very_Mild_Dementia/OAS2_0098/OAS2_0098_slice_15_z151.png,Very Mild Dementia/OAS2_0098/OAS2_0098_slice_15_z151.png,OAS2_0098,Very Mild Dementia,1,1,Very Mild Dementia,1,0.41498377195092817,0.4845641653691212,0.07378539601328397,0.02666666666666667
OASIS_2,RandomForest,13,test,rician_noise__mild,rician_noise,mild,D:\OASIS_2\distortions_128\rician_noise\mild\Very_Mild_Dementia\OAS2_0098\OAS2_0098_slice_16_z157.png,Very_Mild_Dementia/OAS2_0098/OAS2_0098_slice_16_z157.png,Very Mild Dementia/OAS2_0098/OAS2_0098_slice_16_z157.png,OAS2_0098,Very Mild Dementia,1,1,Very Mild Dementia,1,0.4014877363718162,0.49038330958671233,0.08479562070813818,0.023333333333333334
OASIS_2,RandomForest,13,test,rician_noise__mild,rician_noise,mild,D:\OASIS_2\distortions_128\rician_noise\mild\Very_Mild_Dementia\OAS2_0098\OAS2_0098_slice_17_z162.png,Very_Mild_Dementia/OAS2_0098/OAS2_0098_slice_17_z162.png,Very Mild Dementia/OAS2_0098/OAS2_0098_slice_17_z162.png,OAS2_0098,Very Mild Dementia,1,1,Very Mild Dementia,1,0.40480621502507363,0.43513950226092474,0.14005428271400155,0.02
OASIS_2,RandomForest,13,test,rician_noise__mild,rician_noise,mild,D:\OASIS_2\distortions_128\rician_noise\mild\Very_Mild_Dementia\OAS2_0098\OAS2_0098_slice_18_z167.png,Very_Mild_Dementia/OAS2_0098/OAS2_0098_slice_18_z167.png,Very Mild Dementia/OAS2_0098/OAS2_0098_slice_18_z167.png,OAS2_0098,Very Mild Dementia,1,1,Very Mild Dementia,1,0.40113219365225106,0.4515997087748332,0.13060143090624912,0.016666666666666666
OASIS_2,RandomForest,13,test,rician_noise__mild,rician_noise,mild,D:\OASIS_2\distortions_128\rician_noise\mild\Very_Mild_Dementia\OAS2_0098\OAS2_0098_slice_19_z173.png,Very_Mild_Dementia/OAS2_0098/OAS2_0098_slice_19_z173.png,Very Mild Dementia/OAS2_0098/OAS2_0098_slice_19_z173.png,OAS2_0098,Very Mild Dementia,1,1,Very Mild Dementia,1,0.40225494288597674,0.40253428569316135,0.16521077142086205,0.03
OASIS_2,RandomForest,13,test,rician_noise__mild,rician_noise,mild,D:\OASIS_2\distortions_128\rician_noise\mild\Very_Mild_Dementia\OAS2_0098\OAS2_0098_slice_20_z178.png,Very_Mild_Dementia/OAS2_0098/OAS2_0098_slice_20_z178.png,Very Mild Dementia/OAS2_0098/OAS2_0098_slice_20_z178.png,OAS2_0098,Very Mild Dementia,1,1,Very Mild Dementia,1,0.38143748542147465,0.39899605525719556,0.18956645932132987,0.03
OASIS_2,RandomForest,13,test,rician_noise__mild,rician_noise,mild,D:\OASIS_2\distortions_128\rician_noise\mild\Very_Mild_Dementia\OAS2_0102\OAS2_0102_slice_01_z077.png,Very_Mild_Dementia/OAS2_0102/OAS2_0102_slice_01_z077.png,Very Mild Dementia/OAS2_0102/OAS2_0102_slice_01_z077.png,OAS2_0102,Very Mild Dementia,1,1,Very Mild Dementia,1,0.36684120953315047,0.44950228460488045,0.17032317252863577,0.013333333333333334
OASIS_2,RandomForest,13,test,rician_noise__mild,rician_noise,mild,D:\OASIS_2\distortions_128\rician_noise\mild\Very_Mild_Dementia\OAS2_0102\OAS2_0102_slice_02_z082.png,Very_Mild_Dementia/OAS2_0102/OAS2_0102_slice_02_z082.png,Very Mild Dementia/OAS2_0102/OAS2_0102_slice_02_z082.png,OAS2_0102,Very Mild Dementia,1,1,Very Mild Dementia,1,0.3185458342253974,0.5375371304211384,0.12725036868679773,0.016666666666666666
OASIS_2,RandomForest,13,test,rician_noise__mild,rician_noise,mild,D:\OASIS_2\distortions_128\rician_noise\mild\Very_Mild_Dementia\OAS2_0102\OAS2_0102_slice_03_z088.png,Very_Mild_Dementia/OAS2_0102/OAS2_0102_slice_03_z088.png,Very Mild Dementia/OAS2_0102/OAS2_0102_slice_03_z088.png,OAS2_0102,Very Mild Dementia,1,1,Very Mild Dementia,1,0.2821734453158393,0.5948506917564574,0.1163091962610365,0.006666666666666667
OASIS_2,RandomForest,13,test,rician_noise__mild,rician_noise,mild,D:\OASIS_2\distortions_128\rician_noise\mild\Very_Mild_Dementia\OAS2_0102\OAS2_0102_slice_04_z093.png,Very_Mild_Dementia/OAS2_0102/OAS2_0102_slice_04_z093.png,Very Mild Dementia/OAS2_0102/OAS2_0102_slice_04_z093.png,OAS2_0102,Very Mild Dementia,1,1,Very Mild Dementia,1,0.3654618417394505,0.5026812841337199,0.12185687412682966,0.01
OASIS_2,RandomForest,13,test,rician_noise__mild,rician_noise,mild,D:\OASIS_2\distortions_128\rician_noise\mild\Very_Mild_Dementia\OAS2_0102\OAS2_0102_slice_05_z098.png,Very_Mild_Dementia/OAS2_0102/OAS2_0102_slice_05_z098.png,Very Mild Dementia/OAS2_0102/OAS2_0102_slice_05_z098.png,OAS2_0102,Very Mild Dementia,1,1,Very Mild Dementia,1,0.29595073992242255,0.558356093766804,0.1423598329774402,0.0033333333333333335
OASIS_2,RandomForest,13,test,rician_noise__mild,rician_noise,mild,D:\OASIS_2\distortions_128\rician_noise\mild\Very_Mild_Dementia\OAS2_0102\OAS2_0102_slice_06_z104.png,Very_Mild_Dementia/OAS2_0102/OAS2_0102_slice_06_z104.png,Very Mild Dementia/OAS2_0102/OAS2_0102_slice_06_z104.png,OAS2_0102,Very Mild Dementia,1,1,Very Mild Dementia,1,0.26817056941252254,0.5858536681004279,0.1326424291537164,0.013333333333333334
OASIS_2,RandomForest,13,test,rician_noise__mild,rician_noise,mild,D:\OASIS_2\distortions_128\rician_noise\mild\Very_Mild_Dementia\OAS2_0102\OAS2_0102_slice_07_z109.png,Very_Mild_Dementia/OAS2_0102/OAS2_0102_slice_07_z109.png,Very Mild Dementia/OAS2_0102/OAS2_0102_slice_07_z109.png,OAS2_0102,Very Mild Dementia,1,1,Very Mild Dementia,1,0.31379727875838537,0.5345752787452489,0.14496077582969916,0.006666666666666667
OASIS_2,RandomForest,13,test,rician_noise__mild,rician_noise,mild,D:\OASIS_2\distortions_128\rician_noise\mild\Very_Mild_Dementia\OAS2_0102\OAS2_0102_slice_08_z114.png,Very_Mild_Dementia/OAS2_0102/OAS2_0102_slice_08_z114.png,Very Mild Dementia/OAS2_0102/OAS2_0102_slice_08_z114.png,OAS2_0102,Very Mild Dementia,1,1,Very Mild Dementia,1,0.3478198968499104,0.49758370954748266,0.14792972693594028,0.006666666666666667
OASIS_2,RandomForest,13,test,rician_noise__mild,rician_noise,mild,D:\OASIS_2\distortions_128\rician_noise\mild\Very_Mild_Dementia\OAS2_0102\OAS2_0102_slice_09_z120.png,Very_Mild_Dementia/OAS2_0102/OAS2_0102_slice_09_z120.png,Very Mild Dementia/OAS2_0102/OAS2_0102_slice_09_z120.png,OAS2_0102,Very Mild Dementia,1,1,Very Mild Dementia,1,0.3655348199244113,0.43966229122805156,0.17480288884753736,0.02
OASIS_2,RandomForest,13,test,rician_noise__mild,rician_noise,mild,D:\OASIS_2\distortions_128\rician_noise\mild\Very_Mild_Dementia\OAS2_0102\OAS2_0102_slice_10_z125.png,Very_Mild_Dementia/OAS2_0102/OAS2_0102_slice_10_z125.png,Very Mild Dementia/OAS2_0102/OAS2_0102_slice_10_z125.png,OAS2_0102,Very Mild Dementia,1,0,Non-Demented,0,0.4251364682003298,0.35330385803187375,0.1982263404344633,0.023333333333333334
OASIS_2,RandomForest,13,test,rician_noise__mild,rician_noise,mild,D:\OASIS_2\distortions_128\rician_noise\mild\Very_Mild_Dementia\OAS2_0102\OAS2_0102_slice_11_z130.png,Very_Mild_Dementia/OAS2_0102/OAS2_0102_slice_11_z130.png,Very Mild Dementia/OAS2_0102/OAS2_0102_slice_11_z130.png,OAS2_0102,Very Mild Dementia,1,0,Non-Demented,0,0.44919115105393,0.3347377347022588,0.1960711142438114,0.02
OASIS_2,RandomForest,13,test,rician_noise__mild,rician_noise,mild,D:\OASIS_2\distortions_128\rician_noise\mild\Very_Mild_Dementia\OAS2_0102\OAS2_0102_slice_12_z135.png,Very_Mild_Dementia/OAS2_0102/OAS2_0102_slice_12_z135.png,Very Mild Dementia/OAS2_0102/OAS2_0102_slice_12_z135.png,OAS2_0102,Very Mild Dementia,1,0,Non-Demented,0,0.4309071987102595,0.3999667083330124,0.15245942629006146,0.016666666666666666
OASIS_2,RandomForest,13,test,rician_noise__mild,rician_noise,mild,D:\OASIS_2\distortions_128\rician_noise\mild\Very_Mild_Dementia\OAS2_0102\OAS2_0102_slice_13_z141.png,Very_Mild_Dementia/OAS2_0102/OAS2_0102_slice_13_z141.png,Very Mild Dementia/OAS2_0102/OAS2_0102_slice_13_z141.png,OAS2_0102,Very Mild Dementia,1,0,Non-Demented,0,0.4416995954073162,0.37226202697675964,0.15937171094925767,0.02666666666666667
OASIS_2,RandomForest,13,test,rician_noise__mild,rician_noise,mild,D:\OASIS_2\distortions_128\rician_noise\mild\Very_Mild_Dementia\OAS2_0102\OAS2_0102_slice_14_z146.png,Very_Mild_Dementia/OAS2_0102/OAS2_0102_slice_14_z146.png,Very Mild Dementia/OAS2_0102/OAS2_0102_slice_14_z146.png,OAS2_0102,Very Mild Dementia,1,0,Non-Demented,0,0.4305120776118283,0.4051345384752526,0.1343533839129192,0.03
OASIS_2,RandomForest,13,test,rician_noise__mild,rician_noise,mild,D:\OASIS_2\distortions_128\rician_noise\mild\Very_Mild_Dementia\OAS2_0102\OAS2_0102_slice_15_z151.png,Very_Mild_Dementia/OAS2_0102/OAS2_0102_slice_15_z151.png,Very Mild Dementia/OAS2_0102/OAS2_0102_slice_15_z151.png,OAS2_0102,Very Mild Dementia,1,0,Non-Demented,0,0.40440985429843057,0.38118858744746853,0.19773489158743388,0.016666666666666666
OASIS_2,RandomForest,13,test,rician_noise__mild,rician_noise,mild,D:\OASIS_2\distortions_128\rician_noise\mild\Very_Mild_Dementia\OAS2_0102\OAS2_0102_slice_16_z157.png,Very_Mild_Dementia/OAS2_0102/OAS2_0102_slice_16_z157.png,Very Mild Dementia/OAS2_0102/OAS2_0102_slice_16_z157.png,OAS2_0102,Very Mild Dementia,1,0,Non-Demented,0,0.4640949922645412,0.3878063875614517,0.11809862017400712,0.03
OASIS_2,RandomForest,13,test,rician_noise__mild,rician_noise,mild,D:\OASIS_2\distortions_128\rician_noise\mild\Very_Mild_Dementia\OAS2_0102\OAS2_0102_slice_17_z162.png,Very_Mild_Dementia/OAS2_0102/OAS2_0102_slice_17_z162.png,Very Mild Dementia/OAS2_0102/OAS2_0102_slice_17_z162.png,OAS2_0102,Very Mild Dementia,1,0,Non-Demented,0,0.4146026607414048,0.36385311640572293,0.18487755618620558,0.03666666666666667
OASIS_2,RandomForest,13,test,rician_noise__mild,rician_noise,mild,D:\OASIS_2\distortions_128\rician_noise\mild\Very_Mild_Dementia\OAS2_0102\OAS2_0102_slice_18_z167.png,Very_Mild_Dementia/OAS2_0102/OAS2_0102_slice_18_z167.png,Very Mild Dementia/OAS2_0102/OAS2_0102_slice_18_z167.png,OAS2_0102,Very Mild Dementia,1,0,Non-Demented,0,0.41881576976000195,0.3952810687857882,0.1492364947875432,0.03666666666666667
OASIS_2,RandomForest,13,test,rician_noise__mild,rician_noise,mild,D:\OASIS_2\distortions_128\rician_noise\mild\Very_Mild_Dementia\OAS2_0102\OAS2_0102_slice_19_z173.png,Very_Mild_Dementia/OAS2_0102/OAS2_0102_slice_19_z173.png,Very Mild Dementia/OAS2_0102/OAS2_0102_slice_19_z173.png,OAS2_0102,Very Mild Dementia,1,1,Very Mild Dementia,1,0.3810112275986441,0.4163570266295057,0.15929841243851675,0.043333333333333335
OASIS_2,RandomForest,13,test,rician_noise__mild,rician_noise,mild,D:\OASIS_2\distortions_128\rician_noise\mild\Very_Mild_Dementia\OAS2_0102\OAS2_0102_slice_20_z178.png,Very_Mild_Dementia/OAS2_0102/OAS2_0102_slice_20_z178.png,Very Mild Dementia/OAS2_0102/OAS2_0102_slice_20_z178.png,OAS2_0102,Very Mild Dementia,1,1,Very Mild Dementia,1,0.36463513717482043,0.4253427606209774,0.1833554355375356,0.02666666666666667
OASIS_2,RandomForest,13,test,rician_noise__mild,rician_noise,mild,D:\OASIS_2\distortions_128\rician_noise\mild\Very_Mild_Dementia\OAS2_0103\OAS2_0103_slice_01_z077.png,Very_Mild_Dementia/OAS2_0103/OAS2_0103_slice_01_z077.png,Very Mild Dementia/OAS2_0103/OAS2_0103_slice_01_z077.png,OAS2_0103,Very Mild Dementia,1,0,Non-Demented,0,0.45239814464986383,0.3702086394199834,0.11072654926348593,0.06666666666666667
OASIS_2,RandomForest,13,test,rician_noise__mild,rician_noise,mild,D:\OASIS_2\distortions_128\rician_noise\mild\Very_Mild_Dementia\OAS2_0103\OAS2_0103_slice_02_z082.png,Very_Mild_Dementia/OAS2_0103/OAS2_0103_slice_02_z082.png,Very Mild Dementia/OAS2_0103/OAS2_0103_slice_02_z082.png,OAS2_0103,Very Mild Dementia,1,0,Non-Demented,0,0.43957109677197714,0.3398645324634318,0.18389770409792458,0.03666666666666667
OASIS_2,RandomForest,13,test,rician_noise__mild,rician_noise,mild,D:\OASIS_2\distortions_128\rician_noise\mild\Very_Mild_Dementia\OAS2_0103\OAS2_0103_slice_03_z088.png,Very_Mild_Dementia/OAS2_0103/OAS2_0103_slice_03_z088.png,Very Mild Dementia/OAS2_0103/OAS2_0103_slice_03_z088.png,OAS2_0103,Very Mild Dementia,1,0,Non-Demented,0,0.41839195007174,0.3627301293444535,0.18221125391713985,0.03666666666666667
OASIS_2,RandomForest,13,test,rician_noise__mild,rician_noise,mild,D:\OASIS_2\distortions_128\rician_noise\mild\Very_Mild_Dementia\OAS2_0103\OAS2_0103_slice_04_z093.png,Very_Mild_Dementia/OAS2_0103/OAS2_0103_slice_04_z093.png,Very Mild Dementia/OAS2_0103/OAS2_0103_slice_04_z093.png,OAS2_0103,Very Mild Dementia,1,0,Non-Demented,0,0.4536901562153152,0.34670065587062526,0.16294252124739292,0.03666666666666667
OASIS_2,RandomForest,13,test,rician_noise__mild,rician_noise,mild,D:\OASIS_2\distortions_128\rician_noise\mild\Very_Mild_Dementia\OAS2_0103\OAS2_0103_slice_05_z098.png,Very_Mild_Dementia/OAS2_0103/OAS2_0103_slice_05_z098.png,Very Mild Dementia/OAS2_0103/OAS2_0103_slice_05_z098.png,OAS2_0103,Very Mild Dementia,1,0,Non-Demented,0,0.43919850429304547,0.33792878002634874,0.1995393823472724,0.023333333333333334
OASIS_2,RandomForest,13,test,rician_noise__mild,rician_noise,mild,D:\OASIS_2\distortions_128\rician_noise\mild\Very_Mild_Dementia\OAS2_0103\OAS2_0103_slice_06_z104.png,Very_Mild_Dementia/OAS2_0103/OAS2_0103_slice_06_z104.png,Very Mild Dementia/OAS2_0103/OAS2_0103_slice_06_z104.png,OAS2_0103,Very Mild Dementia,1,0,Non-Demented,0,0.39414360571914453,0.3719081995416854,0.18394819473917032,0.05
OASIS_2,RandomForest,13,test,rician_noise__mild,rician_noise,mild,D:\OASIS_2\distortions_128\rician_noise\mild\Very_Mild_Dementia\OAS2_0103\OAS2_0103_slice_07_z109.png,Very_Mild_Dementia/OAS2_0103/OAS2_0103_slice_07_z109.png,Very Mild Dementia/OAS2_0103/OAS2_0103_slice_07_z109.png,OAS2_0103,Very Mild Dementia,1,0,Non-Demented,0,0.3975598988996776,0.3671675000560253,0.21860593437763037,0.016666666666666666
OASIS_2,RandomForest,13,test,rician_noise__mild,rician_noise,mild,D:\OASIS_2\distortions_128\rician_noise\mild\Very_Mild_Dementia\OAS2_0103\OAS2_0103_slice_08_z114.png,Very_Mild_Dementia/OAS2_0103/OAS2_0103_slice_08_z114.png,Very Mild Dementia/OAS2_0103/OAS2_0103_slice_08_z114.png,OAS2_0103,Very Mild Dementia,1,0,Non-Demented,0,0.4257658228449195,0.38276857386758784,0.15813226995415922,0.03333333333333333
OASIS_2,RandomForest,13,test,rician_noise__mild,rician_noise,mild,D:\OASIS_2\distortions_128\rician_noise\mild\Very_Mild_Dementia\OAS2_0103\OAS2_0103_slice_09_z120.png,Very_Mild_Dementia/OAS2_0103/OAS2_0103_slice_09_z120.png,Very Mild Dementia/OAS2_0103/OAS2_0103_slice_09_z120.png,OAS2_0103,Very Mild Dementia,1,0,Non-Demented,0,0.47906721638888833,0.3499463905227952,0.15431972642164962,0.016666666666666666
OASIS_2,RandomForest,13,test,rician_noise__mild,rician_noise,mild,D:\OASIS_2\distortions_128\rician_noise\mild\Very_Mild_Dementia\OAS2_0103\OAS2_0103_slice_10_z125.png,Very_Mild_Dementia/OAS2_0103/OAS2_0103_slice_10_z125.png,Very Mild Dementia/OAS2_0103/OAS2_0103_slice_10_z125.png,OAS2_0103,Very Mild Dementia,1,0,Non-Demented,0,0.44719839795764754,0.33379592270841885,0.20233901266726717,0.016666666666666666
OASIS_2,RandomForest,13,test,rician_noise__mild,rician_noise,mild,D:\OASIS_2\distortions_128\rician_noise\mild\Very_Mild_Dementia\OAS2_0103\OAS2_0103_slice_11_z130.png,Very_Mild_Dementia/OAS2_0103/OAS2_0103_slice_11_z130.png,Very Mild Dementia/OAS2_0103/OAS2_0103_slice_11_z130.png,OAS2_0103,Very Mild Dementia,1,0,Non-Demented,0,0.47808157986202054,0.33498458747733856,0.16026716599397428,0.02666666666666667
OASIS_2,RandomForest,13,test,rician_noise__mild,rician_noise,mild,D:\OASIS_2\distortions_128\rician_noise\mild\Very_Mild_Dementia\OAS2_0103\OAS2_0103_slice_12_z135.png,Very_Mild_Dementia/OAS2_0103/OAS2_0103_slice_12_z135.png,Very Mild Dementia/OAS2_0103/OAS2_0103_slice_12_z135.png,OAS2_0103,Very Mild Dementia,1,0,Non-Demented,0,0.4140504646757783,0.37767465925105553,0.17494154273983328,0.03333333333333333
OASIS_2,RandomForest,13,test,rician_noise__mild,rician_noise,mild,D:\OASIS_2\distortions_128\rician_noise\mild\Very_Mild_Dementia\OAS2_0103\OAS2_0103_slice_13_z141.png,Very_Mild_Dementia/OAS2_0103/OAS2_0103_slice_13_z141.png,Very Mild Dementia/OAS2_0103/OAS2_0103_slice_13_z141.png,OAS2_0103,Very Mild Dementia,1,0,Non-Demented,0,0.3979877726054065,0.37236881007893935,0.17964341731565417,0.05
OASIS_2,RandomForest,13,test,rician_noise__mild,rician_noise,mild,D:\OASIS_2\distortions_128\rician_noise\mild\Very_Mild_Dementia\OAS2_0103\OAS2_0103_slice_14_z146.png,Very_Mild_Dementia/OAS2_0103/OAS2_0103_slice_14_z146.png,Very Mild Dementia/OAS2_0103/OAS2_0103_slice_14_z146.png,OAS2_0103,Very Mild Dementia,1,0,Non-Demented,0,0.49092973649500066,0.3202589481116496,0.1554779820600162,0.03333333333333333
OASIS_2,RandomForest,13,test,rician_noise__mild,rician_noise,mild,D:\OASIS_2\distortions_128\rician_noise\mild\Very_Mild_Dementia\OAS2_0103\OAS2_0103_slice_15_z151.png,Very_Mild_Dementia/OAS2_0103/OAS2_0103_slice_15_z151.png,Very Mild Dementia/OAS2_0103/OAS2_0103_slice_15_z151.png,OAS2_0103,Very Mild Dementia,1,0,Non-Demented,0,0.4802501001362749,0.3127348106869007,0.18701508917682444,0.02
OASIS_2,RandomForest,13,test,rician_noise__mild,rician_noise,mild,D:\OASIS_2\distortions_128\rician_noise\mild\Very_Mild_Dementia\OAS2_0103\OAS2_0103_slice_16_z157.png,Very_Mild_Dementia/OAS2_0103/OAS2_0103_slice_16_z157.png,Very Mild Dementia/OAS2_0103/OAS2_0103_slice_16_z157.png,OAS2_0103,Very Mild Dementia,1,0,Non-Demented,0,0.4759643067933195,0.3147311676527835,0.1793045255538966,0.03
OASIS_2,RandomForest,13,test,rician_noise__mild,rician_noise,mild,D:\OASIS_2\distortions_128\rician_noise\mild\Very_Mild_Dementia\OAS2_0103\OAS2_0103_slice_17_z162.png,Very_Mild_Dementia/OAS2_0103/OAS2_0103_slice_17_z162.png,Very Mild Dementia/OAS2_0103/OAS2_0103_slice_17_z162.png,OAS2_0103,Very Mild Dementia,1,0,Non-Demented,0,0.4842433214874858,0.33672092379025687,0.15903575472225748,0.02
OASIS_2,RandomForest,13,test,rician_noise__mild,rician_noise,mild,D:\OASIS_2\distortions_128\rician_noise\mild\Very_Mild_Dementia\OAS2_0103\OAS2_0103_slice_18_z167.png,Very_Mild_Dementia/OAS2_0103/OAS2_0103_slice_18_z167.png,Very Mild Dementia/OAS2_0103/OAS2_0103_slice_18_z167.png,OAS2_0103,Very Mild Dementia,1,0,Non-Demented,0,0.4570155002415813,0.3473707000050004,0.15561379975341816,0.04
OASIS_2,RandomForest,13,test,rician_noise__mild,rician_noise,mild,D:\OASIS_2\distortions_128\rician_noise\mild\Very_Mild_Dementia\OAS2_0103\OAS2_0103_slice_19_z173.png,Very_Mild_Dementia/OAS2_0103/OAS2_0103_slice_19_z173.png,Very Mild Dementia/OAS2_0103/OAS2_0103_slice_19_z173.png,OAS2_0103,Very Mild Dementia,1,0,Non-Demented,0,0.43327442961655627,0.34078806453931804,0.18927083917745888,0.03666666666666667
OASIS_2,RandomForest,13,test,rician_noise__mild,rician_noise,mild,D:\OASIS_2\distortions_128\rician_noise\mild\Very_Mild_Dementia\OAS2_0103\OAS2_0103_slice_20_z178.png,Very_Mild_Dementia/OAS2_0103/OAS2_0103_slice_20_z178.png,Very Mild Dementia/OAS2_0103/OAS2_0103_slice_20_z178.png,OAS2_0103,Very Mild Dementia,1,0,Non-Demented,0,0.5089220606540547,0.2817722234523727,0.16263904922690609,0.04666666666666667
OASIS_2,RandomForest,13,test,rician_noise__mild,rician_noise,mild,D:\OASIS_2\distortions_128\rician_noise\mild\Very_Mild_Dementia\OAS2_0176\OAS2_0176_slice_01_z077.png,Very_Mild_Dementia/OAS2_0176/OAS2_0176_slice_01_z077.png,Very Mild Dementia/OAS2_0176/OAS2_0176_slice_01_z077.png,OAS2_0176,Very Mild Dementia,1,0,Non-Demented,0,0.3894966500804671,0.38708326517755187,0.18342008474198096,0.04
OASIS_2,RandomForest,13,test,rician_noise__mild,rician_noise,mild,D:\OASIS_2\distortions_128\rician_noise\mild\Very_Mild_Dementia\OAS2_0176\OAS2_0176_slice_02_z082.png,Very_Mild_Dementia/OAS2_0176/OAS2_0176_slice_02_z082.png,Very Mild Dementia/OAS2_0176/OAS2_0176_slice_02_z082.png,OAS2_0176,Very Mild Dementia,1,0,Non-Demented,0,0.4173279559788741,0.3918647842282224,0.15080725979290358,0.04
OASIS_2,RandomForest,13,test,rician_noise__mild,rician_noise,mild,D:\OASIS_2\distortions_128\rician_noise\mild\Very_Mild_Dementia\OAS2_0176\OAS2_0176_slice_03_z088.png,Very_Mild_Dementia/OAS2_0176/OAS2_0176_slice_03_z088.png,Very Mild Dementia/OAS2_0176/OAS2_0176_slice_03_z088.png,OAS2_0176,Very Mild Dementia,1,1,Very Mild Dementia,1,0.3859627690589612,0.41782263592562774,0.1562145950154109,0.04
OASIS_2,RandomForest,13,test,rician_noise__mild,rician_noise,mild,D:\OASIS_2\distortions_128\rician_noise\mild\Very_Mild_Dementia\OAS2_0176\OAS2_0176_slice_04_z093.png,Very_Mild_Dementia/OAS2_0176/OAS2_0176_slice_04_z093.png,Very Mild Dementia/OAS2_0176/OAS2_0176_slice_04_z093.png,OAS2_0176,Very Mild Dementia,1,0,Non-Demented,0,0.4352231599808942,0.3775251026372169,0.1439184040485555,0.043333333333333335
OASIS_2,RandomForest,13,test,rician_noise__mild,rician_noise,mild,D:\OASIS_2\distortions_128\rician_noise\mild\Very_Mild_Dementia\OAS2_0176\OAS2_0176_slice_05_z098.png,Very_Mild_Dementia/OAS2_0176/OAS2_0176_slice_05_z098.png,Very Mild Dementia/OAS2_0176/OAS2_0176_slice_05_z098.png,OAS2_0176,Very Mild Dementia,1,0,Non-Demented,0,0.4425929423270503,0.3432922593750668,0.16411479829788295,0.05
OASIS_2,RandomForest,13,test,rician_noise__mild,rician_noise,mild,D:\OASIS_2\distortions_128\rician_noise\mild\Very_Mild_Dementia\OAS2_0176\OAS2_0176_slice_06_z104.png,Very_Mild_Dementia/OAS2_0176/OAS2_0176_slice_06_z104.png,Very Mild Dementia/OAS2_0176/OAS2_0176_slice_06_z104.png,OAS2_0176,Very Mild Dementia,1,0,Non-Demented,0,0.4171845089773586,0.38801063724135126,0.14480485378129007,0.05
OASIS_2,RandomForest,13,test,rician_noise__mild,rician_noise,mild,D:\OASIS_2\distortions_128\rician_noise\mild\Very_Mild_Dementia\OAS2_0176\OAS2_0176_slice_07_z109.png,Very_Mild_Dementia/OAS2_0176/OAS2_0176_slice_07_z109.png,Very Mild Dementia/OAS2_0176/OAS2_0176_slice_07_z109.png,OAS2_0176,Very Mild Dementia,1,0,Non-Demented,0,0.46712336806501487,0.344699147017008,0.14817748491797733,0.04
OASIS_2,RandomForest,13,test,rician_noise__mild,rician_noise,mild,D:\OASIS_2\distortions_128\rician_noise\mild\Very_Mild_Dementia\OAS2_0176\OAS2_0176_slice_08_z114.png,Very_Mild_Dementia/OAS2_0176/OAS2_0176_slice_08_z114.png,Very Mild Dementia/OAS2_0176/OAS2_0176_slice_08_z114.png,OAS2_0176,Very Mild Dementia,1,0,Non-Demented,0,0.45591575172068066,0.355236434058286,0.11551448088770004,0.07333333333333333
OASIS_2,RandomForest,13,test,rician_noise__mild,rician_noise,mild,D:\OASIS_2\distortions_128\rician_noise\mild\Very_Mild_Dementia\OAS2_0176\OAS2_0176_slice_09_z120.png,Very_Mild_Dementia/OAS2_0176/OAS2_0176_slice_09_z120.png,Very Mild Dementia/OAS2_0176/OAS2_0176_slice_09_z120.png,OAS2_0176,Very Mild Dementia,1,0,Non-Demented,0,0.4784187422293178,0.3536525857861578,0.10792867198452423,0.06
OASIS_2,RandomForest,13,test,rician_noise__mild,rician_noise,mild,D:\OASIS_2\distortions_128\rician_noise\mild\Very_Mild_Dementia\OAS2_0176\OAS2_0176_slice_10_z125.png,Very_Mild_Dementia/OAS2_0176/OAS2_0176_slice_10_z125.png,Very Mild Dementia/OAS2_0176/OAS2_0176_slice_10_z125.png,OAS2_0176,Very Mild Dementia,1,0,Non-Demented,0,0.44296282406248005,0.35360102448104686,0.13010281812313965,0.07333333333333333
OASIS_2,RandomForest,13,test,rician_noise__mild,rician_noise,mild,D:\OASIS_2\distortions_128\rician_noise\mild\Very_Mild_Dementia\OAS2_0176\OAS2_0176_slice_11_z130.png,Very_Mild_Dementia/OAS2_0176/OAS2_0176_slice_11_z130.png,Very Mild Dementia/OAS2_0176/OAS2_0176_slice_11_z130.png,OAS2_0176,Very Mild Dementia,1,0,Non-Demented,0,0.48853736734485875,0.32920858595516117,0.12558738003331352,0.056666666666666664
OASIS_2,RandomForest,13,test,rician_noise__mild,rician_noise,mild,D:\OASIS_2\distortions_128\rician_noise\mild\Very_Mild_Dementia\OAS2_0176\OAS2_0176_slice_12_z135.png,Very_Mild_Dementia/OAS2_0176/OAS2_0176_slice_12_z135.png,Very Mild Dementia/OAS2_0176/OAS2_0176_slice_12_z135.png,OAS2_0176,Very Mild Dementia,1,0,Non-Demented,0,0.45014462155002594,0.32032637195555697,0.14286233982775046,0.08666666666666667
OASIS_2,RandomForest,13,test,rician_noise__mild,rician_noise,mild,D:\OASIS_2\distortions_128\rician_noise\mild\Very_Mild_Dementia\OAS2_0176\OAS2_0176_slice_13_z141.png,Very_Mild_Dementia/OAS2_0176/OAS2_0176_slice_13_z141.png,Very Mild Dementia/OAS2_0176/OAS2_0176_slice_13_z141.png,OAS2_0176,Very Mild Dementia,1,0,Non-Demented,0,0.4892978672942349,0.3052566458260018,0.13877882021309673,0.06666666666666667
OASIS_2,RandomForest,13,test,rician_noise__mild,rician_noise,mild,D:\OASIS_2\distortions_128\rician_noise\mild\Very_Mild_Dementia\OAS2_0176\OAS2_0176_slice_14_z146.png,Very_Mild_Dementia/OAS2_0176/OAS2_0176_slice_14_z146.png,Very Mild Dementia/OAS2_0176/OAS2_0176_slice_14_z146.png,OAS2_0176,Very Mild Dementia,1,0,Non-Demented,0,0.4602162342886644,0.31680839926653803,0.13297536644479763,0.09
OASIS_2,RandomForest,13,test,rician_noise__mild,rician_noise,mild,D:\OASIS_2\distortions_128\rician_noise\mild\Very_Mild_Dementia\OAS2_0176\OAS2_0176_slice_15_z151.png,Very_Mild_Dementia/OAS2_0176/OAS2_0176_slice_15_z151.png,Very Mild Dementia/OAS2_0176/OAS2_0176_slice_15_z151.png,OAS2_0176,Very Mild Dementia,1,0,Non-Demented,0,0.378920540894399,0.35928484041947795,0.15179461868612304,0.11
OASIS_2,RandomForest,13,test,rician_noise__mild,rician_noise,mild,D:\OASIS_2\distortions_128\rician_noise\mild\Very_Mild_Dementia\OAS2_0176\OAS2_0176_slice_16_z157.png,Very_Mild_Dementia/OAS2_0176/OAS2_0176_slice_16_z157.png,Very Mild Dementia/OAS2_0176/OAS2_0176_slice_16_z157.png,OAS2_0176,Very Mild Dementia,1,0,Non-Demented,0,0.41392526041616245,0.33137248782009193,0.19136891843041232,0.06333333333333334
OASIS_2,RandomForest,13,test,rician_noise__mild,rician_noise,mild,D:\OASIS_2\distortions_128\rician_noise\mild\Very_Mild_Dementia\OAS2_0176\OAS2_0176_slice_17_z162.png,Very_Mild_Dementia/OAS2_0176/OAS2_0176_slice_17_z162.png,Very Mild Dementia/OAS2_0176/OAS2_0176_slice_17_z162.png,OAS2_0176,Very Mild Dementia,1,0,Non-Demented,0,0.4054124093385801,0.3296028534987105,0.17165140382937627,0.09333333333333334
OASIS_2,RandomForest,13,test,rician_noise__mild,rician_noise,mild,D:\OASIS_2\distortions_128\rician_noise\mild\Very_Mild_Dementia\OAS2_0176\OAS2_0176_slice_18_z167.png,Very_Mild_Dementia/OAS2_0176/OAS2_0176_slice_18_z167.png,Very Mild Dementia/OAS2_0176/OAS2_0176_slice_18_z167.png,OAS2_0176,Very Mild Dementia,1,0,Non-Demented,0,0.3872432515053801,0.34519441848661453,0.17089566334133877,0.09666666666666666
OASIS_2,RandomForest,13,test,rician_noise__mild,rician_noise,mild,D:\OASIS_2\distortions_128\rician_noise\mild\Very_Mild_Dementia\OAS2_0176\OAS2_0176_slice_19_z173.png,Very_Mild_Dementia/OAS2_0176/OAS2_0176_slice_19_z173.png,Very Mild Dementia/OAS2_0176/OAS2_0176_slice_19_z173.png,OAS2_0176,Very Mild Dementia,1,0,Non-Demented,0,0.40357242140120564,0.34594260340563576,0.2004849751931587,0.05
OASIS_2,RandomForest,13,test,rician_noise__mild,rician_noise,mild,D:\OASIS_2\distortions_128\rician_noise\mild\Very_Mild_Dementia\OAS2_0176\OAS2_0176_slice_20_z178.png,Very_Mild_Dementia/OAS2_0176/OAS2_0176_slice_20_z178.png,Very Mild Dementia/OAS2_0176/OAS2_0176_slice_20_z178.png,OAS2_0176,Very Mild Dementia,1,0,Non-Demented,0,0.43677237396050617,0.31213303778906965,0.2010945882504242,0.05
