dataset,model,seed,split,condition,distortion,severity,file_path,relative_path,sample_key,subject_id,class_name,y_true,y_pred,pred_class_name,correct,score_nondemented,score_verymilddementia,score_milddementia,score_moderatedementia
OASIS_2,RandomForest,47,test,rotation__mild,rotation,mild,D:\OASIS_2\distortions_64\rotation\mild\Mild_Dementia\OAS2_0014\OAS2_0014_slice_01_z077.png,Mild_Dementia/OAS2_0014/OAS2_0014_slice_01_z077.png,Mild Dementia/OAS2_0014/OAS2_0014_slice_01_z077.png,OAS2_0014,Mild Dementia,2,0,Non-Demented,0,0.46499458480871536,0.31117888881855044,0.20715985970606737,0.016666666666666666
OASIS_2,RandomForest,47,test,rotation__mild,rotation,mild,D:\OASIS_2\distortions_64\rotation\mild\Mild_Dementia\OAS2_0014\OAS2_0014_slice_02_z082.png,Mild_Dementia/OAS2_0014/OAS2_0014_slice_02_z082.png,Mild Dementia/OAS2_0014/OAS2_0014_slice_02_z082.png,OAS2_0014,Mild Dementia,2,0,Non-Demented,0,0.40498123264590413,0.3468182993220126,0.22153380136541648,0.02666666666666667
OASIS_2,RandomForest,47,test,rotation__mild,rotation,mild,D:\OASIS_2\distortions_64\rotation\mild\Mild_Dementia\OAS2_0014\OAS2_0014_slice_03_z088.png,Mild_Dementia/OAS2_0014/OAS2_0014_slice_03_z088.png,Mild Dementia/OAS2_0014/OAS2_0014_slice_03_z088.png,OAS2_0014,Mild Dementia,2,0,Non-Demented,0,0.40270659629685385,0.3343032987372763,0.24965677163253644,0.013333333333333334
OASIS_2,RandomForest,47,test,rotation__mild,rotation,mild,D:\OASIS_2\distortions_64\rotation\mild\Mild_Dementia\OAS2_0014\OAS2_0014_slice_04_z093.png,Mild_Dementia/OAS2_0014/OAS2_0014_slice_04_z093.png,Mild Dementia/OAS2_0014/OAS2_0014_slice_04_z093.png,OAS2_0014,Mild Dementia,2,0,Non-Demented,0,0.4316641396199544,0.35872437391580575,0.17961148646424,0.03
OASIS_2,RandomForest,47,test,rotation__mild,rotation,mild,D:\OASIS_2\distortions_64\rotation\mild\Mild_Dementia\OAS2_0014\OAS2_0014_slice_05_z098.png,Mild_Dementia/OAS2_0014/OAS2_0014_slice_05_z098.png,Mild Dementia/OAS2_0014/OAS2_0014_slice_05_z098.png,OAS2_0014,Mild Dementia,2,0,Non-Demented,0,0.4157924909523563,0.3173941513928162,0.22014669098816114,0.04666666666666667
OASIS_2,RandomForest,47,test,rotation__mild,rotation,mild,D:\OASIS_2\distortions_64\rotation\mild\Mild_Dementia\OAS2_0014\OAS2_0014_slice_06_z104.png,Mild_Dementia/OAS2_0014/OAS2_0014_slice_06_z104.png,Mild Dementia/OAS2_0014/OAS2_0014_slice_06_z104.png,OAS2_0014,Mild Dementia,2,0,Non-Demented,0,0.5152368034826866,0.275255176884643,0.19284135296600396,0.016666666666666666
OASIS_2,RandomForest,47,test,rotation__mild,rotation,mild,D:\OASIS_2\distortions_64\rotation\mild\Mild_Dementia\OAS2_0014\OAS2_0014_slice_07_z109.png,Mild_Dementia/OAS2_0014/OAS2_0014_slice_07_z109.png,Mild Dementia/OAS2_0014/OAS2_0014_slice_07_z109.png,OAS2_0014,Mild Dementia,2,0,Non-Demented,0,0.39282279924449853,0.35030347748638946,0.23687372326911216,0.02
OASIS_2,RandomForest,47,test,rotation__mild,rotation,mild,D:\OASIS_2\distortions_64\rotation\mild\Mild_Dementia\OAS2_0014\OAS2_0014_slice_08_z114.png,Mild_Dementia/OAS2_0014/OAS2_0014_slice_08_z114.png,Mild Dementia/OAS2_0014/OAS2_0014_slice_08_z114.png,OAS2_0014,Mild Dementia,2,0,Non-Demented,0,0.5037657399211141,0.27151377985292524,0.22138714689262784,0.0033333333333333335
OASIS_2,RandomForest,47,test,rotation__mild,rotation,mild,D:\OASIS_2\distortions_64\rotation\mild\Mild_Dementia\OAS2_0014\OAS2_0014_slice_09_z120.png,Mild_Dementia/OAS2_0014/OAS2_0014_slice_09_z120.png,Mild Dementia/OAS2_0014/OAS2_0014_slice_09_z120.png,OAS2_0014,Mild Dementia,2,0,Non-Demented,0,0.48538276368143085,0.2681388056311259,0.23981176402077636,0.006666666666666667
OASIS_2,RandomForest,47,test,rotation__mild,rotation,mild,D:\OASIS_2\distortions_64\rotation\mild\Mild_Dementia\OAS2_0014\OAS2_0014_slice_10_z125.png,Mild_Dementia/OAS2_0014/OAS2_0014_slice_10_z125.png,Mild Dementia/OAS2_0014/OAS2_0014_slice_10_z125.png,OAS2_0014,Mild Dementia,2,0,Non-Demented,0,0.44286036745704244,0.30628735121111783,0.2441856146651728,0.006666666666666667
OASIS_2,RandomForest,47,test,rotation__mild,rotation,mild,D:\OASIS_2\distortions_64\rotation\mild\Mild_Dementia\OAS2_0014\OAS2_0014_slice_11_z130.png,Mild_Dementia/OAS2_0014/OAS2_0014_slice_11_z130.png,Mild Dementia/OAS2_0014/OAS2_0014_slice_11_z130.png,OAS2_0014,Mild Dementia,2,0,Non-Demented,0,0.45564657962216293,0.24750386728246318,0.2968495530953737,0.0
OASIS_2,RandomForest,47,test,rotation__mild,rotation,mild,D:\OASIS_2\distortions_64\rotation\mild\Mild_Dementia\OAS2_0014\OAS2_0014_slice_12_z135.png,Mild_Dementia/OAS2_0014/OAS2_0014_slice_12_z135.png,Mild Dementia/OAS2_0014/OAS2_0014_slice_12_z135.png,OAS2_0014,Mild Dementia,2,0,Non-Demented,0,0.4510917404021236,0.2837824574449238,0.26179246881961943,0.0033333333333333335
OASIS_2,RandomForest,47,test,rotation__mild,rotation,mild,D:\OASIS_2\distortions_64\rotation\mild\Mild_Dementia\OAS2_0014\OAS2_0014_slice_13_z141.png,Mild_Dementia/OAS2_0014/OAS2_0014_slice_13_z141.png,Mild Dementia/OAS2_0014/OAS2_0014_slice_13_z141.png,OAS2_0014,Mild Dementia,2,0,Non-Demented,0,0.45366146517628314,0.29609039875194343,0.25024813607177354,0.0
OASIS_2,RandomForest,47,test,rotation__mild,rotation,mild,D:\OASIS_2\distortions_64\rotation\mild\Mild_Dementia\OAS2_0014\OAS2_0014_slice_14_z146.png,Mild_Dementia/OAS2_0014/OAS2_0014_slice_14_z146.png,Mild Dementia/OAS2_0014/OAS2_0014_slice_14_z146.png,OAS2_0014,Mild Dementia,2,0,Non-Demented,0,0.44836118320847407,0.2944040077304981,0.25390147572769445,0.0033333333333333335
OASIS_2,RandomForest,47,test,rotation__mild,rotation,mild,D:\OASIS_2\distortions_64\rotation\mild\Mild_Dementia\OAS2_0014\OAS2_0014_slice_15_z151.png,Mild_Dementia/OAS2_0014/OAS2_0014_slice_15_z151.png,Mild Dementia/OAS2_0014/OAS2_0014_slice_15_z151.png,OAS2_0014,Mild Dementia,2,0,Non-Demented,0,0.4721837029689872,0.3267732605966962,0.2010430364343167,0.0
OASIS_2,RandomForest,47,test,rotation__mild,rotation,mild,D:\OASIS_2\distortions_64\rotation\mild\Mild_Dementia\OAS2_0014\OAS2_0014_slice_16_z157.png,Mild_Dementia/OAS2_0014/OAS2_0014_slice_16_z157.png,Mild Dementia/OAS2_0014/OAS2_0014_slice_16_z157.png,OAS2_0014,Mild Dementia,2,0,Non-Demented,0,0.47420234059171773,0.31782376096925297,0.20797389843902894,0.0
OASIS_2,RandomForest,47,test,rotation__mild,rotation,mild,D:\OASIS_2\distortions_64\rotation\mild\Mild_Dementia\OAS2_0014\OAS2_0014_slice_17_z162.png,Mild_Dementia/OAS2_0014/OAS2_0014_slice_17_z162.png,Mild Dementia/OAS2_0014/OAS2_0014_slice_17_z162.png,OAS2_0014,Mild Dementia,2,0,Non-Demented,0,0.48640574925490976,0.31017410325496103,0.20008681415679583,0.0033333333333333335
OASIS_2,RandomForest,47,test,rotation__mild,rotation,mild,D:\OASIS_2\distortions_64\rotation\mild\Mild_Dementia\OAS2_0014\OAS2_0014_slice_18_z167.png,Mild_Dementia/OAS2_0014/OAS2_0014_slice_18_z167.png,Mild Dementia/OAS2_0014/OAS2_0014_slice_18_z167.png,OAS2_0014,Mild Dementia,2,0,Non-Demented,0,0.44173257917901576,0.30526444626362814,0.23300297455735608,0.02
OASIS_2,RandomForest,47,test,rotation__mild,rotation,mild,D:\OASIS_2\distortions_64\rotation\mild\Mild_Dementia\OAS2_0014\OAS2_0014_slice_19_z173.png,Mild_Dementia/OAS2_0014/OAS2_0014_slice_19_z173.png,Mild Dementia/OAS2_0014/OAS2_0014_slice_19_z173.png,OAS2_0014,Mild Dementia,2,0,Non-Demented,0,0.5212907638693809,0.3213794932635677,0.1573297428670516,0.0
OASIS_2,RandomForest,47,test,rotation__mild,rotation,mild,D:\OASIS_2\distortions_64\rotation\mild\Mild_Dementia\OAS2_0014\OAS2_0014_slice_20_z178.png,Mild_Dementia/OAS2_0014/OAS2_0014_slice_20_z178.png,Mild Dementia/OAS2_0014/OAS2_0014_slice_20_z178.png,OAS2_0014,Mild Dementia,2,0,Non-Demented,0,0.5053894367610955,0.34058861333441226,0.15402194990449233,0.0
OASIS_2,RandomForest,47,test,rotation__mild,rotation,mild,D:\OASIS_2\distortions_64\rotation\mild\Mild_Dementia\OAS2_0050\OAS2_0050_slice_01_z077.png,Mild_Dementia/OAS2_0050/OAS2_0050_slice_01_z077.png,Mild Dementia/OAS2_0050/OAS2_0050_slice_01_z077.png,OAS2_0050,Mild Dementia,2,0,Non-Demented,0,0.387340429902969,0.31433582870207594,0.29832374139495527,0.0
OASIS_2,RandomForest,47,test,rotation__mild,rotation,mild,D:\OASIS_2\distortions_64\rotation\mild\Mild_Dementia\OAS2_0050\OAS2_0050_slice_02_z082.png,Mild_Dementia/OAS2_0050/OAS2_0050_slice_02_z082.png,Mild Dementia/OAS2_0050/OAS2_0050_slice_02_z082.png,OAS2_0050,Mild Dementia,2,0,Non-Demented,0,0.3663668877097194,0.3550299953738511,0.2786031169164294,0.0
OASIS_2,RandomForest,47,test,rotation__mild,rotation,mild,D:\OASIS_2\distortions_64\rotation\mild\Mild_Dementia\OAS2_0050\OAS2_0050_slice_03_z088.png,Mild_Dementia/OAS2_0050/OAS2_0050_slice_03_z088.png,Mild Dementia/OAS2_0050/OAS2_0050_slice_03_z088.png,OAS2_0050,Mild Dementia,2,0,Non-Demented,0,0.3580581864431873,0.3566779823071766,0.28193049791630287,0.0033333333333333335
OASIS_2,RandomForest,47,test,rotation__mild,rotation,mild,D:\OASIS_2\distortions_64\rotation\mild\Mild_Dementia\OAS2_0050\OAS2_0050_slice_04_z093.png,Mild_Dementia/OAS2_0050/OAS2_0050_slice_04_z093.png,Mild Dementia/OAS2_0050/OAS2_0050_slice_04_z093.png,OAS2_0050,Mild Dementia,2,0,Non-Demented,0,0.4040575025321038,0.30404469790353705,0.28856446623102605,0.0033333333333333335
OASIS_2,RandomForest,47,test,rotation__mild,rotation,mild,D:\OASIS_2\distortions_64\rotation\mild\Mild_Dementia\OAS2_0050\OAS2_0050_slice_05_z098.png,Mild_Dementia/OAS2_0050/OAS2_0050_slice_05_z098.png,Mild Dementia/OAS2_0050/OAS2_0050_slice_05_z098.png,OAS2_0050,Mild Dementia,2,0,Non-Demented,0,0.38416303792893364,0.3564284061398677,0.25607522259786547,0.0033333333333333335
OASIS_2,RandomForest,47,test,rotation__mild,rotation,mild,D:\OASIS_2\distortions_64\rotation\mild\Mild_Dementia\OAS2_0050\OAS2_0050_slice_06_z104.png,Mild_Dementia/OAS2_0050/OAS2_0050_slice_06_z104.png,Mild Dementia/OAS2_0050/OAS2_0050_slice_06_z104.png,OAS2_0050,Mild Dementia,2,1,Very Mild Dementia,0,0.3750222325104809,0.4064099906750392,0.21190111014781327,0.006666666666666667
OASIS_2,RandomForest,47,test,rotation__mild,rotation,mild,D:\OASIS_2\distortions_64\rotation\mild\Mild_Dementia\OAS2_0050\OAS2_0050_slice_07_z109.png,Mild_Dementia/OAS2_0050/OAS2_0050_slice_07_z109.png,Mild Dementia/OAS2_0050/OAS2_0050_slice_07_z109.png,OAS2_0050,Mild Dementia,2,1,Very Mild Dementia,0,0.347724453087881,0.41420970045913225,0.23473251311965324,0.0033333333333333335
OASIS_2,RandomForest,47,test,rotation__mild,rotation,mild,D:\OASIS_2\distortions_64\rotation\mild\Mild_Dementia\OAS2_0050\OAS2_0050_slice_08_z114.png,Mild_Dementia/OAS2_0050/OAS2_0050_slice_08_z114.png,Mild Dementia/OAS2_0050/OAS2_0050_slice_08_z114.png,OAS2_0050,Mild Dementia,2,1,Very Mild Dementia,0,0.3196488345555954,0.40730543641746586,0.2663790623602721,0.006666666666666667
OASIS_2,RandomForest,47,test,rotation__mild,rotation,mild,D:\OASIS_2\distortions_64\rotation\mild\Mild_Dementia\OAS2_0050\OAS2_0050_slice_09_z120.png,Mild_Dementia/OAS2_0050/OAS2_0050_slice_09_z120.png,Mild Dementia/OAS2_0050/OAS2_0050_slice_09_z120.png,OAS2_0050,Mild Dementia,2,0,Non-Demented,0,0.38989628090099154,0.34655248981362274,0.2602178959520524,0.0033333333333333335
OASIS_2,RandomForest,47,test,rotation__mild,rotation,mild,D:\OASIS_2\distortions_64\rotation\mild\Mild_Dementia\OAS2_0050\OAS2_0050_slice_10_z125.png,Mild_Dementia/OAS2_0050/OAS2_0050_slice_10_z125.png,Mild Dementia/OAS2_0050/OAS2_0050_slice_10_z125.png,OAS2_0050,Mild Dementia,2,0,Non-Demented,0,0.3446247253903037,0.34223470893419344,0.3131405656755029,0.0
OASIS_2,RandomForest,47,test,rotation__mild,rotation,mild,D:\OASIS_2\distortions_64\rotation\mild\Mild_Dementia\OAS2_0050\OAS2_0050_slice_11_z130.png,Mild_Dementia/OAS2_0050/OAS2_0050_slice_11_z130.png,Mild Dementia/OAS2_0050/OAS2_0050_slice_11_z130.png,OAS2_0050,Mild Dementia,2,0,Non-Demented,0,0.4233332648539027,0.36000274427437245,0.20999732420505837,0.006666666666666667
OASIS_2,RandomForest,47,test,rotation__mild,rotation,mild,D:\OASIS_2\distortions_64\rotation\mild\Mild_Dementia\OAS2_0050\OAS2_0050_slice_12_z135.png,Mild_Dementia/OAS2_0050/OAS2_0050_slice_12_z135.png,Mild Dementia/OAS2_0050/OAS2_0050_slice_12_z135.png,OAS2_0050,Mild Dementia,2,0,Non-Demented,0,0.4264793497120241,0.32579465860224976,0.24772599168572612,0.0
OASIS_2,RandomForest,47,test,rotation__mild,rotation,mild,D:\OASIS_2\distortions_64\rotation\mild\Mild_Dementia\OAS2_0050\OAS2_0050_slice_13_z141.png,Mild_Dementia/OAS2_0050/OAS2_0050_slice_13_z141.png,Mild Dementia/OAS2_0050/OAS2_0050_slice_13_z141.png,OAS2_0050,Mild Dementia,2,0,Non-Demented,0,0.4767991464323611,0.33918094901331663,0.18068657122098863,0.0033333333333333335
OASIS_2,RandomForest,47,test,rotation__mild,rotation,mild,D:\OASIS_2\distortions_64\rotation\mild\Mild_Dementia\OAS2_0050\OAS2_0050_slice_14_z146.png,Mild_Dementia/OAS2_0050/OAS2_0050_slice_14_z146.png,Mild Dementia/OAS2_0050/OAS2_0050_slice_14_z146.png,OAS2_0050,Mild Dementia,2,0,Non-Demented,0,0.437432699194126,0.3169647253996633,0.24226924207287717,0.0033333333333333335
OASIS_2,RandomForest,47,test,rotation__mild,rotation,mild,D:\OASIS_2\distortions_64\rotation\mild\Mild_Dementia\OAS2_0050\OAS2_0050_slice_15_z151.png,Mild_Dementia/OAS2_0050/OAS2_0050_slice_15_z151.png,Mild Dementia/OAS2_0050/OAS2_0050_slice_15_z151.png,OAS2_0050,Mild Dementia,2,0,Non-Demented,0,0.4481982973620278,0.32461597902929806,0.22051905694200755,0.006666666666666667
OASIS_2,RandomForest,47,test,rotation__mild,rotation,mild,D:\OASIS_2\distortions_64\rotation\mild\Mild_Dementia\OAS2_0050\OAS2_0050_slice_16_z157.png,Mild_Dementia/OAS2_0050/OAS2_0050_slice_16_z157.png,Mild Dementia/OAS2_0050/OAS2_0050_slice_16_z157.png,OAS2_0050,Mild Dementia,2,0,Non-Demented,0,0.47895012240580903,0.33309246987694524,0.1846240743839125,0.0033333333333333335
OASIS_2,RandomForest,47,test,rotation__mild,rotation,mild,D:\OASIS_2\distortions_64\rotation\mild\Mild_Dementia\OAS2_0050\OAS2_0050_slice_17_z162.png,Mild_Dementia/OAS2_0050/OAS2_0050_slice_17_z162.png,Mild Dementia/OAS2_0050/OAS2_0050_slice_17_z162.png,OAS2_0050,Mild Dementia,2,0,Non-Demented,0,0.4276930095631526,0.33871391096846,0.23359307946838764,0.0
OASIS_2,RandomForest,47,test,rotation__mild,rotation,mild,D:\OASIS_2\distortions_64\rotation\mild\Mild_Dementia\OAS2_0050\OAS2_0050_slice_18_z167.png,Mild_Dementia/OAS2_0050/OAS2_0050_slice_18_z167.png,Mild Dementia/OAS2_0050/OAS2_0050_slice_18_z167.png,OAS2_0050,Mild Dementia,2,0,Non-Demented,0,0.4117247714637979,0.37418782055921007,0.21075407464365867,0.0033333333333333335
OASIS_2,RandomForest,47,test,rotation__mild,rotation,mild,D:\OASIS_2\distortions_64\rotation\mild\Mild_Dementia\OAS2_0050\OAS2_0050_slice_19_z173.png,Mild_Dementia/OAS2_0050/OAS2_0050_slice_19_z173.png,Mild Dementia/OAS2_0050/OAS2_0050_slice_19_z173.png,OAS2_0050,Mild Dementia,2,0,Non-Demented,0,0.42576331762655417,0.36113923626133215,0.2097641127787803,0.0033333333333333335
OASIS_2,RandomForest,47,test,rotation__mild,rotation,mild,D:\OASIS_2\distortions_64\rotation\mild\Mild_Dementia\OAS2_0050\OAS2_0050_slice_20_z178.png,Mild_Dementia/OAS2_0050/OAS2_0050_slice_20_z178.png,Mild Dementia/OAS2_0050/OAS2_0050_slice_20_z178.png,OAS2_0050,Mild Dementia,2,0,Non-Demented,0,0.41567549165275897,0.35721383075163726,0.22044401092893692,0.006666666666666667
OASIS_2,RandomForest,47,test,rotation__mild,rotation,mild,D:\OASIS_2\distortions_64\rotation\mild\Mild_Dementia\OAS2_0114\OAS2_0114_slice_01_z077.png,Mild_Dementia/OAS2_0114/OAS2_0114_slice_01_z077.png,Mild Dementia/OAS2_0114/OAS2_0114_slice_01_z077.png,OAS2_0114,Mild Dementia,2,0,Non-Demented,0,0.398745631356667,0.3227536296356167,0.1885007390077161,0.09
OASIS_2,RandomForest,47,test,rotation__mild,rotation,mild,D:\OASIS_2\distortions_64\rotation\mild\Mild_Dementia\OAS2_0114\OAS2_0114_slice_02_z082.png,Mild_Dementia/OAS2_0114/OAS2_0114_slice_02_z082.png,Mild Dementia/OAS2_0114/OAS2_0114_slice_02_z082.png,OAS2_0114,Mild Dementia,2,0,Non-Demented,0,0.33180402982329377,0.30612044014173206,0.27540886336830744,0.08666666666666667
OASIS_2,RandomForest,47,test,rotation__mild,rotation,mild,D:\OASIS_2\distortions_64\rotation\mild\Mild_Dementia\OAS2_0114\OAS2_0114_slice_03_z088.png,Mild_Dementia/OAS2_0114/OAS2_0114_slice_03_z088.png,Mild Dementia/OAS2_0114/OAS2_0114_slice_03_z088.png,OAS2_0114,Mild Dementia,2,0,Non-Demented,0,0.4292480620106295,0.27115657084619676,0.2629287004765071,0.03666666666666667
OASIS_2,RandomForest,47,test,rotation__mild,rotation,mild,D:\OASIS_2\distortions_64\rotation\mild\Mild_Dementia\OAS2_0114\OAS2_0114_slice_04_z093.png,Mild_Dementia/OAS2_0114/OAS2_0114_slice_04_z093.png,Mild Dementia/OAS2_0114/OAS2_0114_slice_04_z093.png,OAS2_0114,Mild Dementia,2,0,Non-Demented,0,0.46176033040626513,0.30525257386081417,0.20965376239958733,0.023333333333333334
OASIS_2,RandomForest,47,test,rotation__mild,rotation,mild,D:\OASIS_2\distortions_64\rotation\mild\Mild_Dementia\OAS2_0114\OAS2_0114_slice_05_z098.png,Mild_Dementia/OAS2_0114/OAS2_0114_slice_05_z098.png,Mild Dementia/OAS2_0114/OAS2_0114_slice_05_z098.png,OAS2_0114,Mild Dementia,2,0,Non-Demented,0,0.4407379298027747,0.2635338927957612,0.2690615107347972,0.02666666666666667
OASIS_2,RandomForest,47,test,rotation__mild,rotation,mild,D:\OASIS_2\distortions_64\rotation\mild\Mild_Dementia\OAS2_0114\OAS2_0114_slice_06_z104.png,Mild_Dementia/OAS2_0114/OAS2_0114_slice_06_z104.png,Mild Dementia/OAS2_0114/OAS2_0114_slice_06_z104.png,OAS2_0114,Mild Dementia,2,0,Non-Demented,0,0.45720391745484323,0.31390276343059864,0.19889331911455824,0.03
OASIS_2,RandomForest,47,test,rotation__mild,rotation,mild,D:\OASIS_2\distortions_64\rotation\mild\Mild_Dementia\OAS2_0114\OAS2_0114_slice_07_z109.png,Mild_Dementia/OAS2_0114/OAS2_0114_slice_07_z109.png,Mild Dementia/OAS2_0114/OAS2_0114_slice_07_z109.png,OAS2_0114,Mild Dementia,2,0,Non-Demented,0,0.4010039479903254,0.29974276990082144,0.2692532821088535,0.03
OASIS_2,RandomForest,47,test,rotation__mild,rotation,mild,D:\OASIS_2\distortions_64\rotation\mild\Mild_Dementia\OAS2_0114\OAS2_0114_slice_08_z114.png,Mild_Dementia/OAS2_0114/OAS2_0114_slice_08_z114.png,Mild Dementia/OAS2_0114/OAS2_0114_slice_08_z114.png,OAS2_0114,Mild Dementia,2,0,Non-Demented,0,0.434600780238622,0.3082334945047035,0.2071657252566745,0.05
OASIS_2,RandomForest,47,test,rotation__mild,rotation,mild,D:\OASIS_2\distortions_64\rotation\mild\Mild_Dementia\OAS2_0114\OAS2_0114_slice_09_z120.png,Mild_Dementia/OAS2_0114/OAS2_0114_slice_09_z120.png,Mild Dementia/OAS2_0114/OAS2_0114_slice_09_z120.png,OAS2_0114,Mild Dementia,2,0,Non-Demented,0,0.43655840283905223,0.31441195285360624,0.21236297764067508,0.03666666666666667
OASIS_2,RandomForest,47,test,rotation__mild,rotation,mild,D:\OASIS_2\distortions_64\rotation\mild\Mild_Dementia\OAS2_0114\OAS2_0114_slice_10_z125.png,Mild_Dementia/OAS2_0114/OAS2_0114_slice_10_z125.png,Mild Dementia/OAS2_0114/OAS2_0114_slice_10_z125.png,OAS2_0114,Mild Dementia,2,0,Non-Demented,0,0.4686364945748368,0.30242441510987245,0.21560575698195752,0.013333333333333334
OASIS_2,RandomForest,47,test,rotation__mild,rotation,mild,D:\OASIS_2\distortions_64\rotation\mild\Mild_Dementia\OAS2_0114\OAS2_0114_slice_11_z130.png,Mild_Dementia/OAS2_0114/OAS2_0114_slice_11_z130.png,Mild Dementia/OAS2_0114/OAS2_0114_slice_11_z130.png,OAS2_0114,Mild Dementia,2,0,Non-Demented,0,0.46983175831897644,0.2683483408474493,0.22515323416690772,0.03666666666666667
OASIS_2,RandomForest,47,test,rotation__mild,rotation,mild,D:\OASIS_2\distortions_64\rotation\mild\Mild_Dementia\OAS2_0114\OAS2_0114_slice_12_z135.png,Mild_Dementia/OAS2_0114/OAS2_0114_slice_12_z135.png,Mild Dementia/OAS2_0114/OAS2_0114_slice_12_z135.png,OAS2_0114,Mild Dementia,2,0,Non-Demented,0,0.4746372665929471,0.3077180145073385,0.2009780522330479,0.016666666666666666
OASIS_2,RandomForest,47,test,rotation__mild,rotation,mild,D:\OASIS_2\distortions_64\rotation\mild\Mild_Dementia\OAS2_0114\OAS2_0114_slice_13_z141.png,Mild_Dementia/OAS2_0114/OAS2_0114_slice_13_z141.png,Mild Dementia/OAS2_0114/OAS2_0114_slice_13_z141.png,OAS2_0114,Mild Dementia,2,0,Non-Demented,0,0.4817451994442936,0.33125533757659203,0.1503327963124473,0.03666666666666667
OASIS_2,RandomForest,47,test,rotation__mild,rotation,mild,D:\OASIS_2\distortions_64\rotation\mild\Mild_Dementia\OAS2_0114\OAS2_0114_slice_14_z146.png,Mild_Dementia/OAS2_0114/OAS2_0114_slice_14_z146.png,Mild Dementia/OAS2_0114/OAS2_0114_slice_14_z146.png,OAS2_0114,Mild Dementia,2,0,Non-Demented,0,0.464535492318759,0.356425884722597,0.16237195629197732,0.016666666666666666
OASIS_2,RandomForest,47,test,rotation__mild,rotation,mild,D:\OASIS_2\distortions_64\rotation\mild\Mild_Dementia\OAS2_0114\OAS2_0114_slice_15_z151.png,Mild_Dementia/OAS2_0114/OAS2_0114_slice_15_z151.png,Mild Dementia/OAS2_0114/OAS2_0114_slice_15_z151.png,OAS2_0114,Mild Dementia,2,0,Non-Demented,0,0.4883482696140797,0.2905894163534048,0.18439564736584876,0.03666666666666667
OASIS_2,RandomForest,47,test,rotation__mild,rotation,mild,D:\OASIS_2\distortions_64\rotation\mild\Mild_Dementia\OAS2_0114\OAS2_0114_slice_16_z157.png,Mild_Dementia/OAS2_0114/OAS2_0114_slice_16_z157.png,Mild Dementia/OAS2_0114/OAS2_0114_slice_16_z157.png,OAS2_0114,Mild Dementia,2,0,Non-Demented,0,0.45065694218820446,0.3463713677352156,0.1829716900765799,0.02
OASIS_2,RandomForest,47,test,rotation__mild,rotation,mild,D:\OASIS_2\distortions_64\rotation\mild\Mild_Dementia\OAS2_0114\OAS2_0114_slice_17_z162.png,Mild_Dementia/OAS2_0114/OAS2_0114_slice_17_z162.png,Mild Dementia/OAS2_0114/OAS2_0114_slice_17_z162.png,OAS2_0114,Mild Dementia,2,0,Non-Demented,0,0.4241444279545966,0.349871937141451,0.20931696823728554,0.016666666666666666
OASIS_2,RandomForest,47,test,rotation__mild,rotation,mild,D:\OASIS_2\distortions_64\rotation\mild\Mild_Dementia\OAS2_0114\OAS2_0114_slice_18_z167.png,Mild_Dementia/OAS2_0114/OAS2_0114_slice_18_z167.png,Mild Dementia/OAS2_0114/OAS2_0114_slice_18_z167.png,OAS2_0114,Mild Dementia,2,0,Non-Demented,0,0.4225152342572683,0.3644951267226252,0.20965630568677288,0.0033333333333333335
OASIS_2,RandomForest,47,test,rotation__mild,rotation,mild,D:\OASIS_2\distortions_64\rotation\mild\Mild_Dementia\OAS2_0114\OAS2_0114_slice_19_z173.png,Mild_Dementia/OAS2_0114/OAS2_0114_slice_19_z173.png,Mild Dementia/OAS2_0114/OAS2_0114_slice_19_z173.png,OAS2_0114,Mild Dementia,2,0,Non-Demented,0,0.42831467248750754,0.34688560263331425,0.22146639154584477,0.0033333333333333335
OASIS_2,RandomForest,47,test,rotation__mild,rotation,mild,D:\OASIS_2\distortions_64\rotation\mild\Mild_Dementia\OAS2_0114\OAS2_0114_slice_20_z178.png,Mild_Dementia/OAS2_0114/OAS2_0114_slice_20_z178.png,Mild Dementia/OAS2_0114/OAS2_0114_slice_20_z178.png,OAS2_0114,Mild Dementia,2,0,Non-Demented,0,0.42694692368923126,0.33546188190418075,0.23092452773992145,0.006666666666666667
OASIS_2,RandomForest,47,test,rotation__mild,rotation,mild,D:\OASIS_2\distortions_64\rotation\mild\Moderate_Dementia\OAS2_0120\OAS2_0120_slice_01_z077.png,Moderate_Dementia/OAS2_0120/OAS2_0120_slice_01_z077.png,Moderate Dementia/OAS2_0120/OAS2_0120_slice_01_z077.png,OAS2_0120,Moderate Dementia,3,0,Non-Demented,0,0.46735195048831524,0.28298234618108337,0.24966570333060153,0.0
OASIS_2,RandomForest,47,test,rotation__mild,rotation,mild,D:\OASIS_2\distortions_64\rotation\mild\Moderate_Dementia\OAS2_0120\OAS2_0120_slice_02_z082.png,Moderate_Dementia/OAS2_0120/OAS2_0120_slice_02_z082.png,Moderate Dementia/OAS2_0120/OAS2_0120_slice_02_z082.png,OAS2_0120,Moderate Dementia,3,0,Non-Demented,0,0.4105228336250531,0.33732476341242057,0.25215240296252606,0.0
OASIS_2,RandomForest,47,test,rotation__mild,rotation,mild,D:\OASIS_2\distortions_64\rotation\mild\Moderate_Dementia\OAS2_0120\OAS2_0120_slice_03_z088.png,Moderate_Dementia/OAS2_0120/OAS2_0120_slice_03_z088.png,Moderate Dementia/OAS2_0120/OAS2_0120_slice_03_z088.png,OAS2_0120,Moderate Dementia,3,0,Non-Demented,0,0.4175533306156172,0.28857778318508576,0.2938688861992968,0.0
OASIS_2,RandomForest,47,test,rotation__mild,rotation,mild,D:\OASIS_2\distortions_64\rotation\mild\Moderate_Dementia\OAS2_0120\OAS2_0120_slice_04_z093.png,Moderate_Dementia/OAS2_0120/OAS2_0120_slice_04_z093.png,Moderate Dementia/OAS2_0120/OAS2_0120_slice_04_z093.png,OAS2_0120,Moderate Dementia,3,0,Non-Demented,0,0.4162535577094513,0.31477659446884604,0.2689698478217024,0.0
OASIS_2,RandomForest,47,test,rotation__mild,rotation,mild,D:\OASIS_2\distortions_64\rotation\mild\Moderate_Dementia\OAS2_0120\OAS2_0120_slice_05_z098.png,Moderate_Dementia/OAS2_0120/OAS2_0120_slice_05_z098.png,Moderate Dementia/OAS2_0120/OAS2_0120_slice_05_z098.png,OAS2_0120,Moderate Dementia,3,0,Non-Demented,0,0.43189440254872524,0.3172101365523597,0.2508954608989148,0.0
OASIS_2,RandomForest,47,test,rotation__mild,rotation,mild,D:\OASIS_2\distortions_64\rotation\mild\Moderate_Dementia\OAS2_0120\OAS2_0120_slice_06_z104.png,Moderate_Dementia/OAS2_0120/OAS2_0120_slice_06_z104.png,Moderate Dementia/OAS2_0120/OAS2_0120_slice_06_z104.png,OAS2_0120,Moderate Dementia,3,0,Non-Demented,0,0.4634290068684726,0.2779855606787062,0.25858543245282106,0.0
OASIS_2,RandomForest,47,test,rotation__mild,rotation,mild,D:\OASIS_2\distortions_64\rotation\mild\Moderate_Dementia\OAS2_0120\OAS2_0120_slice_07_z109.png,Moderate_Dementia/OAS2_0120/OAS2_0120_slice_07_z109.png,Moderate Dementia/OAS2_0120/OAS2_0120_slice_07_z109.png,OAS2_0120,Moderate Dementia,3,0,Non-Demented,0,0.46274603377132756,0.2956925569459612,0.24156140928271091,0.0
OASIS_2,RandomForest,47,test,rotation__mild,rotation,mild,D:\OASIS_2\distortions_64\rotation\mild\Moderate_Dementia\OAS2_0120\OAS2_0120_slice_08_z114.png,Moderate_Dementia/OAS2_0120/OAS2_0120_slice_08_z114.png,Moderate Dementia/OAS2_0120/OAS2_0120_slice_08_z114.png,OAS2_0120,Moderate Dementia,3,0,Non-Demented,0,0.4755816414864388,0.26998660422202014,0.254431754291541,0.0
OASIS_2,RandomForest,47,test,rotation__mild,rotation,mild,D:\OASIS_2\distortions_64\rotation\mild\Moderate_Dementia\OAS2_0120\OAS2_0120_slice_09_z120.png,Moderate_Dementia/OAS2_0120/OAS2_0120_slice_09_z120.png,Moderate Dementia/OAS2_0120/OAS2_0120_slice_09_z120.png,OAS2_0120,Moderate Dementia,3,0,Non-Demented,0,0.4277604141984256,0.29222993793633434,0.2800096478652402,0.0
OASIS_2,RandomForest,47,test,rotation__mild,rotation,mild,D:\OASIS_2\distortions_64\rotation\mild\Moderate_Dementia\OAS2_0120\OAS2_0120_slice_10_z125.png,Moderate_Dementia/OAS2_0120/OAS2_0120_slice_10_z125.png,Moderate Dementia/OAS2_0120/OAS2_0120_slice_10_z125.png,OAS2_0120,Moderate Dementia,3,0,Non-Demented,0,0.5029097890300387,0.2771940088754797,0.2198962020944817,0.0
OASIS_2,RandomForest,47,test,rotation__mild,rotation,mild,D:\OASIS_2\distortions_64\rotation\mild\Moderate_Dementia\OAS2_0120\OAS2_0120_slice_11_z130.png,Moderate_Dementia/OAS2_0120/OAS2_0120_slice_11_z130.png,Moderate Dementia/OAS2_0120/OAS2_0120_slice_11_z130.png,OAS2_0120,Moderate Dementia,3,0,Non-Demented,0,0.5288166119951792,0.25255811529407873,0.21862527271074186,0.0
OASIS_2,RandomForest,47,test,rotation__mild,rotation,mild,D:\OASIS_2\distortions_64\rotation\mild\Moderate_Dementia\OAS2_0120\OAS2_0120_slice_12_z135.png,Moderate_Dementia/OAS2_0120/OAS2_0120_slice_12_z135.png,Moderate Dementia/OAS2_0120/OAS2_0120_slice_12_z135.png,OAS2_0120,Moderate Dementia,3,0,Non-Demented,0,0.5341889598488181,0.2544479562708655,0.21136308388031627,0.0
OASIS_2,RandomForest,47,test,rotation__mild,rotation,mild,D:\OASIS_2\distortions_64\rotation\mild\Moderate_Dementia\OAS2_0120\OAS2_0120_slice_13_z141.png,Moderate_Dementia/OAS2_0120/OAS2_0120_slice_13_z141.png,Moderate Dementia/OAS2_0120/OAS2_0120_slice_13_z141.png,OAS2_0120,Moderate Dementia,3,0,Non-Demented,0,0.6039591116477663,0.20171754375528092,0.194323344596952,0.0
OASIS_2,RandomForest,47,test,rotation__mild,rotation,mild,D:\OASIS_2\distortions_64\rotation\mild\Moderate_Dementia\OAS2_0120\OAS2_0120_slice_14_z146.png,Moderate_Dementia/OAS2_0120/OAS2_0120_slice_14_z146.png,Moderate Dementia/OAS2_0120/OAS2_0120_slice_14_z146.png,OAS2_0120,Moderate Dementia,3,0,Non-Demented,0,0.5203750443179448,0.2329358913735806,0.24335573097514157,0.0033333333333333335
OASIS_2,RandomForest,47,test,rotation__mild,rotation,mild,D:\OASIS_2\distortions_64\rotation\mild\Moderate_Dementia\OAS2_0120\OAS2_0120_slice_15_z151.png,Moderate_Dementia/OAS2_0120/OAS2_0120_slice_15_z151.png,Moderate Dementia/OAS2_0120/OAS2_0120_slice_15_z151.png,OAS2_0120,Moderate Dementia,3,0,Non-Demented,0,0.5937755108606514,0.19290071611642057,0.2133237730229278,0.0
OASIS_2,RandomForest,47,test,rotation__mild,rotation,mild,D:\OASIS_2\distortions_64\rotation\mild\Moderate_Dementia\OAS2_0120\OAS2_0120_slice_16_z157.png,Moderate_Dementia/OAS2_0120/OAS2_0120_slice_16_z157.png,Moderate Dementia/OAS2_0120/OAS2_0120_slice_16_z157.png,OAS2_0120,Moderate Dementia,3,0,Non-Demented,0,0.6161427918511526,0.19674728101721456,0.1871099271316328,0.0
OASIS_2,RandomForest,47,test,rotation__mild,rotation,mild,D:\OASIS_2\distortions_64\rotation\mild\Moderate_Dementia\OAS2_0120\OAS2_0120_slice_17_z162.png,Moderate_Dementia/OAS2_0120/OAS2_0120_slice_17_z162.png,Moderate Dementia/OAS2_0120/OAS2_0120_slice_17_z162.png,OAS2_0120,Moderate Dementia,3,0,Non-Demented,0,0.4884703021926859,0.2549444239306965,0.2565852738766176,0.0
OASIS_2,RandomForest,47,test,rotation__mild,rotation,mild,D:\OASIS_2\distortions_64\rotation\mild\Moderate_Dementia\OAS2_0120\OAS2_0120_slice_18_z167.png,Moderate_Dementia/OAS2_0120/OAS2_0120_slice_18_z167.png,Moderate Dementia/OAS2_0120/OAS2_0120_slice_18_z167.png,OAS2_0120,Moderate Dementia,3,0,Non-Demented,0,0.5289582399937147,0.23800751162229783,0.23303424838398717,0.0
OASIS_2,RandomForest,47,test,rotation__mild,rotation,mild,D:\OASIS_2\distortions_64\rotation\mild\Moderate_Dementia\OAS2_0120\OAS2_0120_slice_19_z173.png,Moderate_Dementia/OAS2_0120/OAS2_0120_slice_19_z173.png,Moderate Dementia/OAS2_0120/OAS2_0120_slice_19_z173.png,OAS2_0120,Moderate Dementia,3,0,Non-Demented,0,0.4886728384419369,0.2570184770586383,0.25430868449942473,0.0
OASIS_2,RandomForest,47,test,rotation__mild,rotation,mild,D:\OASIS_2\distortions_64\rotation\mild\Moderate_Dementia\OAS2_0120\OAS2_0120_slice_20_z178.png,Moderate_Dementia/OAS2_0120/OAS2_0120_slice_20_z178.png,Moderate Dementia/OAS2_0120/OAS2_0120_slice_20_z178.png,OAS2_0120,Moderate Dementia,3,0,Non-Demented,0,0.4559359193943166,0.29459424592278427,0.24946983468289882,0.0
OASIS_2,RandomForest,47,test,rotation__mild,rotation,mild,D:\OASIS_2\distortions_64\rotation\mild\Non_Demented\OAS2_0004\OAS2_0004_slice_01_z077.png,Non_Demented/OAS2_0004/OAS2_0004_slice_01_z077.png,Non-Demented/OAS2_0004/OAS2_0004_slice_01_z077.png,OAS2_0004,Non-Demented,0,0,Non-Demented,1,0.4206636859905174,0.33177958007795066,0.24755673393153188,0.0
OASIS_2,RandomForest,47,test,rotation__mild,rotation,mild,D:\OASIS_2\distortions_64\rotation\mild\Non_Demented\OAS2_0004\OAS2_0004_slice_02_z082.png,Non_Demented/OAS2_0004/OAS2_0004_slice_02_z082.png,Non-Demented/OAS2_0004/OAS2_0004_slice_02_z082.png,OAS2_0004,Non-Demented,0,0,Non-Demented,1,0.4373047853952929,0.32440247198669303,0.23829274261801417,0.0
OASIS_2,RandomForest,47,test,rotation__mild,rotation,mild,D:\OASIS_2\distortions_64\rotation\mild\Non_Demented\OAS2_0004\OAS2_0004_slice_03_z088.png,Non_Demented/OAS2_0004/OAS2_0004_slice_03_z088.png,Non-Demented/OAS2_0004/OAS2_0004_slice_03_z088.png,OAS2_0004,Non-Demented,0,0,Non-Demented,1,0.43248851401865473,0.3084134033042445,0.25909808267710094,0.0
OASIS_2,RandomForest,47,test,rotation__mild,rotation,mild,D:\OASIS_2\distortions_64\rotation\mild\Non_Demented\OAS2_0004\OAS2_0004_slice_04_z093.png,Non_Demented/OAS2_0004/OAS2_0004_slice_04_z093.png,Non-Demented/OAS2_0004/OAS2_0004_slice_04_z093.png,OAS2_0004,Non-Demented,0,0,Non-Demented,1,0.43345462310458394,0.32975622751844486,0.23678914937697082,0.0
OASIS_2,RandomForest,47,test,rotation__mild,rotation,mild,D:\OASIS_2\distortions_64\rotation\mild\Non_Demented\OAS2_0004\OAS2_0004_slice_05_z098.png,Non_Demented/OAS2_0004/OAS2_0004_slice_05_z098.png,Non-Demented/OAS2_0004/OAS2_0004_slice_05_z098.png,OAS2_0004,Non-Demented,0,0,Non-Demented,1,0.41072751610304453,0.31544198929640194,0.27383049460055375,0.0
OASIS_2,RandomForest,47,test,rotation__mild,rotation,mild,D:\OASIS_2\distortions_64\rotation\mild\Non_Demented\OAS2_0004\OAS2_0004_slice_06_z104.png,Non_Demented/OAS2_0004/OAS2_0004_slice_06_z104.png,Non-Demented/OAS2_0004/OAS2_0004_slice_06_z104.png,OAS2_0004,Non-Demented,0,0,Non-Demented,1,0.373010547669114,0.36892985765794106,0.2547262613396112,0.0033333333333333335
OASIS_2,RandomForest,47,test,rotation__mild,rotation,mild,D:\OASIS_2\distortions_64\rotation\mild\Non_Demented\OAS2_0004\OAS2_0004_slice_07_z109.png,Non_Demented/OAS2_0004/OAS2_0004_slice_07_z109.png,Non-Demented/OAS2_0004/OAS2_0004_slice_07_z109.png,OAS2_0004,Non-Demented,0,0,Non-Demented,1,0.41038963524647115,0.3030139129482096,0.2832631184719856,0.0033333333333333335
OASIS_2,RandomForest,47,test,rotation__mild,rotation,mild,D:\OASIS_2\distortions_64\rotation\mild\Non_Demented\OAS2_0004\OAS2_0004_slice_08_z114.png,Non_Demented/OAS2_0004/OAS2_0004_slice_08_z114.png,Non-Demented/OAS2_0004/OAS2_0004_slice_08_z114.png,OAS2_0004,Non-Demented,0,0,Non-Demented,1,0.4226455055474863,0.29951793814630207,0.2778365563062119,0.0
OASIS_2,RandomForest,47,test,rotation__mild,rotation,mild,D:\OASIS_2\distortions_64\rotation\mild\Non_Demented\OAS2_0004\OAS2_0004_slice_09_z120.png,Non_Demented/OAS2_0004/OAS2_0004_slice_09_z120.png,Non-Demented/OAS2_0004/OAS2_0004_slice_09_z120.png,OAS2_0004,Non-Demented,0,0,Non-Demented,1,0.39945719672550206,0.2738370343726272,0.3267057689018706,0.0
OASIS_2,RandomForest,47,test,rotation__mild,rotation,mild,D:\OASIS_2\distortions_64\rotation\mild\Non_Demented\OAS2_0004\OAS2_0004_slice_10_z125.png,Non_Demented/OAS2_0004/OAS2_0004_slice_10_z125.png,Non-Demented/OAS2_0004/OAS2_0004_slice_10_z125.png,OAS2_0004,Non-Demented,0,0,Non-Demented,1,0.3925683928638079,0.3025475108330169,0.304884096303175,0.0
OASIS_2,RandomForest,47,test,rotation__mild,rotation,mild,D:\OASIS_2\distortions_64\rotation\mild\Non_Demented\OAS2_0004\OAS2_0004_slice_11_z130.png,Non_Demented/OAS2_0004/OAS2_0004_slice_11_z130.png,Non-Demented/OAS2_0004/OAS2_0004_slice_11_z130.png,OAS2_0004,Non-Demented,0,0,Non-Demented,1,0.4133288616112219,0.2946010568544543,0.2920700815343235,0.0
OASIS_2,RandomForest,47,test,rotation__mild,rotation,mild,D:\OASIS_2\distortions_64\rotation\mild\Non_Demented\OAS2_0004\OAS2_0004_slice_12_z135.png,Non_Demented/OAS2_0004/OAS2_0004_slice_12_z135.png,Non-Demented/OAS2_0004/OAS2_0004_slice_12_z135.png,OAS2_0004,Non-Demented,0,0,Non-Demented,1,0.462362458850595,0.2899959563458463,0.24764158480355902,0.0
OASIS_2,RandomForest,47,test,rotation__mild,rotation,mild,D:\OASIS_2\distortions_64\rotation\mild\Non_Demented\OAS2_0004\OAS2_0004_slice_13_z141.png,Non_Demented/OAS2_0004/OAS2_0004_slice_13_z141.png,Non-Demented/OAS2_0004/OAS2_0004_slice_13_z141.png,OAS2_0004,Non-Demented,0,0,Non-Demented,1,0.48027910654302997,0.29006082734552346,0.22966006611144663,0.0
OASIS_2,RandomForest,47,test,rotation__mild,rotation,mild,D:\OASIS_2\distortions_64\rotation\mild\Non_Demented\OAS2_0004\OAS2_0004_slice_14_z146.png,Non_Demented/OAS2_0004/OAS2_0004_slice_14_z146.png,Non-Demented/OAS2_0004/OAS2_0004_slice_14_z146.png,OAS2_0004,Non-Demented,0,0,Non-Demented,1,0.4446340482022247,0.29886237263455306,0.2565035791632221,0.0
OASIS_2,RandomForest,47,test,rotation__mild,rotation,mild,D:\OASIS_2\distortions_64\rotation\mild\Non_Demented\OAS2_0004\OAS2_0004_slice_15_z151.png,Non_Demented/OAS2_0004/OAS2_0004_slice_15_z151.png,Non-Demented/OAS2_0004/OAS2_0004_slice_15_z151.png,OAS2_0004,Non-Demented,0,0,Non-Demented,1,0.48592652737534914,0.2953610851603503,0.21537905413096695,0.0033333333333333335
OASIS_2,RandomForest,47,test,rotation__mild,rotation,mild,D:\OASIS_2\distortions_64\rotation\mild\Non_Demented\OAS2_0004\OAS2_0004_slice_16_z157.png,Non_Demented/OAS2_0004/OAS2_0004_slice_16_z157.png,Non-Demented/OAS2_0004/OAS2_0004_slice_16_z157.png,OAS2_0004,Non-Demented,0,0,Non-Demented,1,0.5021354857726721,0.2907693235850875,0.2070951906422399,0.0
OASIS_2,RandomForest,47,test,rotation__mild,rotation,mild,D:\OASIS_2\distortions_64\rotation\mild\Non_Demented\OAS2_0004\OAS2_0004_slice_17_z162.png,Non_Demented/OAS2_0004/OAS2_0004_slice_17_z162.png,Non-Demented/OAS2_0004/OAS2_0004_slice_17_z162.png,OAS2_0004,Non-Demented,0,0,Non-Demented,1,0.5011189137894934,0.2849435545914867,0.21393753161901946,0.0
OASIS_2,RandomForest,47,test,rotation__mild,rotation,mild,D:\OASIS_2\distortions_64\rotation\mild\Non_Demented\OAS2_0004\OAS2_0004_slice_18_z167.png,Non_Demented/OAS2_0004/OAS2_0004_slice_18_z167.png,Non-Demented/OAS2_0004/OAS2_0004_slice_18_z167.png,OAS2_0004,Non-Demented,0,0,Non-Demented,1,0.48955265240428353,0.2905950201179113,0.21985232747780473,0.0
OASIS_2,RandomForest,47,test,rotation__mild,rotation,mild,D:\OASIS_2\distortions_64\rotation\mild\Non_Demented\OAS2_0004\OAS2_0004_slice_19_z173.png,Non_Demented/OAS2_0004/OAS2_0004_slice_19_z173.png,Non-Demented/OAS2_0004/OAS2_0004_slice_19_z173.png,OAS2_0004,Non-Demented,0,0,Non-Demented,1,0.45216956269091296,0.31311219683952285,0.23138490713623108,0.0033333333333333335
OASIS_2,RandomForest,47,test,rotation__mild,rotation,mild,D:\OASIS_2\distortions_64\rotation\mild\Non_Demented\OAS2_0004\OAS2_0004_slice_20_z178.png,Non_Demented/OAS2_0004/OAS2_0004_slice_20_z178.png,Non-Demented/OAS2_0004/OAS2_0004_slice_20_z178.png,OAS2_0004,Non-Demented,0,0,Non-Demented,1,0.4307599133734634,0.3307556872773876,0.23848439934914897,0.0
OASIS_2,RandomForest,47,test,rotation__mild,rotation,mild,D:\OASIS_2\distortions_64\rotation\mild\Non_Demented\OAS2_0005\OAS2_0005_slice_01_z077.png,Non_Demented/OAS2_0005/OAS2_0005_slice_01_z077.png,Non-Demented/OAS2_0005/OAS2_0005_slice_01_z077.png,OAS2_0005,Non-Demented,0,0,Non-Demented,1,0.4199029404773818,0.39373972505563176,0.18302400113365333,0.0033333333333333335
OASIS_2,RandomForest,47,test,rotation__mild,rotation,mild,D:\OASIS_2\distortions_64\rotation\mild\Non_Demented\OAS2_0005\OAS2_0005_slice_02_z082.png,Non_Demented/OAS2_0005/OAS2_0005_slice_02_z082.png,Non-Demented/OAS2_0005/OAS2_0005_slice_02_z082.png,OAS2_0005,Non-Demented,0,1,Very Mild Dementia,0,0.39783101240074115,0.4016176847334193,0.19388463619917295,0.006666666666666667
OASIS_2,RandomForest,47,test,rotation__mild,rotation,mild,D:\OASIS_2\distortions_64\rotation\mild\Non_Demented\OAS2_0005\OAS2_0005_slice_03_z088.png,Non_Demented/OAS2_0005/OAS2_0005_slice_03_z088.png,Non-Demented/OAS2_0005/OAS2_0005_slice_03_z088.png,OAS2_0005,Non-Demented,0,0,Non-Demented,1,0.42669693280308923,0.35838833163370476,0.20824806889653924,0.006666666666666667
OASIS_2,RandomForest,47,test,rotation__mild,rotation,mild,D:\OASIS_2\distortions_64\rotation\mild\Non_Demented\OAS2_0005\OAS2_0005_slice_04_z093.png,Non_Demented/OAS2_0005/OAS2_0005_slice_04_z093.png,Non-Demented/OAS2_0005/OAS2_0005_slice_04_z093.png,OAS2_0005,Non-Demented,0,0,Non-Demented,1,0.40952990791688637,0.3865593875873634,0.19057737116241705,0.013333333333333334
OASIS_2,RandomForest,47,test,rotation__mild,rotation,mild,D:\OASIS_2\distortions_64\rotation\mild\Non_Demented\OAS2_0005\OAS2_0005_slice_05_z098.png,Non_Demented/OAS2_0005/OAS2_0005_slice_05_z098.png,Non-Demented/OAS2_0005/OAS2_0005_slice_05_z098.png,OAS2_0005,Non-Demented,0,1,Very Mild Dementia,0,0.38512509039262377,0.4391976901468464,0.16567721946052988,0.01
OASIS_2,RandomForest,47,test,rotation__mild,rotation,mild,D:\OASIS_2\distortions_64\rotation\mild\Non_Demented\OAS2_0005\OAS2_0005_slice_06_z104.png,Non_Demented/OAS2_0005/OAS2_0005_slice_06_z104.png,Non-Demented/OAS2_0005/OAS2_0005_slice_06_z104.png,OAS2_0005,Non-Demented,0,1,Very Mild Dementia,0,0.3152672709538038,0.5024029827154751,0.1789964129973878,0.0033333333333333335
OASIS_2,RandomForest,47,test,rotation__mild,rotation,mild,D:\OASIS_2\distortions_64\rotation\mild\Non_Demented\OAS2_0005\OAS2_0005_slice_07_z109.png,Non_Demented/OAS2_0005/OAS2_0005_slice_07_z109.png,Non-Demented/OAS2_0005/OAS2_0005_slice_07_z109.png,OAS2_0005,Non-Demented,0,1,Very Mild Dementia,0,0.3586818204734526,0.41064293001827484,0.23067524950827273,0.0
OASIS_2,RandomForest,47,test,rotation__mild,rotation,mild,D:\OASIS_2\distortions_64\rotation\mild\Non_Demented\OAS2_0005\OAS2_0005_slice_08_z114.png,Non_Demented/OAS2_0005/OAS2_0005_slice_08_z114.png,Non-Demented/OAS2_0005/OAS2_0005_slice_08_z114.png,OAS2_0005,Non-Demented,0,1,Very Mild Dementia,0,0.4010342152004346,0.40972126284781574,0.1859111886184164,0.0033333333333333335
OASIS_2,RandomForest,47,test,rotation__mild,rotation,mild,D:\OASIS_2\distortions_64\rotation\mild\Non_Demented\OAS2_0005\OAS2_0005_slice_09_z120.png,Non_Demented/OAS2_0005/OAS2_0005_slice_09_z120.png,Non-Demented/OAS2_0005/OAS2_0005_slice_09_z120.png,OAS2_0005,Non-Demented,0,1,Very Mild Dementia,0,0.3571023054995807,0.4542381162359708,0.18532624493111527,0.0033333333333333335
OASIS_2,RandomForest,47,test,rotation__mild,rotation,mild,D:\OASIS_2\distortions_64\rotation\mild\Non_Demented\OAS2_0005\OAS2_0005_slice_10_z125.png,Non_Demented/OAS2_0005/OAS2_0005_slice_10_z125.png,Non-Demented/OAS2_0005/OAS2_0005_slice_10_z125.png,OAS2_0005,Non-Demented,0,1,Very Mild Dementia,0,0.3686355150308409,0.47881929584566324,0.15254518912349602,0.0
OASIS_2,RandomForest,47,test,rotation__mild,rotation,mild,D:\OASIS_2\distortions_64\rotation\mild\Non_Demented\OAS2_0005\OAS2_0005_slice_11_z130.png,Non_Demented/OAS2_0005/OAS2_0005_slice_11_z130.png,Non-Demented/OAS2_0005/OAS2_0005_slice_11_z130.png,OAS2_0005,Non-Demented,0,1,Very Mild Dementia,0,0.4041669570829063,0.4797492736169347,0.11275043596682553,0.0033333333333333335
OASIS_2,RandomForest,47,test,rotation__mild,rotation,mild,D:\OASIS_2\distortions_64\rotation\mild\Non_Demented\OAS2_0005\OAS2_0005_slice_12_z135.png,Non_Demented/OAS2_0005/OAS2_0005_slice_12_z135.png,Non-Demented/OAS2_0005/OAS2_0005_slice_12_z135.png,OAS2_0005,Non-Demented,0,1,Very Mild Dementia,0,0.454536266352909,0.4555199531884437,0.08994378045864715,0.0
OASIS_2,RandomForest,47,test,rotation__mild,rotation,mild,D:\OASIS_2\distortions_64\rotation\mild\Non_Demented\OAS2_0005\OAS2_0005_slice_13_z141.png,Non_Demented/OAS2_0005/OAS2_0005_slice_13_z141.png,Non-Demented/OAS2_0005/OAS2_0005_slice_13_z141.png,OAS2_0005,Non-Demented,0,1,Very Mild Dementia,0,0.3896624841238544,0.4568762008066825,0.15346131506946326,0.0
OASIS_2,RandomForest,47,test,rotation__mild,rotation,mild,D:\OASIS_2\distortions_64\rotation\mild\Non_Demented\OAS2_0005\OAS2_0005_slice_14_z146.png,Non_Demented/OAS2_0005/OAS2_0005_slice_14_z146.png,Non-Demented/OAS2_0005/OAS2_0005_slice_14_z146.png,OAS2_0005,Non-Demented,0,0,Non-Demented,1,0.4408032034043683,0.40887055713710524,0.14699290612519283,0.0033333333333333335
OASIS_2,RandomForest,47,test,rotation__mild,rotation,mild,D:\OASIS_2\distortions_64\rotation\mild\Non_Demented\OAS2_0005\OAS2_0005_slice_15_z151.png,Non_Demented/OAS2_0005/OAS2_0005_slice_15_z151.png,Non-Demented/OAS2_0005/OAS2_0005_slice_15_z151.png,OAS2_0005,Non-Demented,0,0,Non-Demented,1,0.44907854103579636,0.4237026103640903,0.1238855152667802,0.0033333333333333335
OASIS_2,RandomForest,47,test,rotation__mild,rotation,mild,D:\OASIS_2\distortions_64\rotation\mild\Non_Demented\OAS2_0005\OAS2_0005_slice_16_z157.png,Non_Demented/OAS2_0005/OAS2_0005_slice_16_z157.png,Non-Demented/OAS2_0005/OAS2_0005_slice_16_z157.png,OAS2_0005,Non-Demented,0,0,Non-Demented,1,0.45215612920494463,0.3574610797299122,0.17704945773181024,0.013333333333333334
OASIS_2,RandomForest,47,test,rotation__mild,rotation,mild,D:\OASIS_2\distortions_64\rotation\mild\Non_Demented\OAS2_0005\OAS2_0005_slice_17_z162.png,Non_Demented/OAS2_0005/OAS2_0005_slice_17_z162.png,Non-Demented/OAS2_0005/OAS2_0005_slice_17_z162.png,OAS2_0005,Non-Demented,0,0,Non-Demented,1,0.48389382027549177,0.3598178882242527,0.13295495816692232,0.023333333333333334
OASIS_2,RandomForest,47,test,rotation__mild,rotation,mild,D:\OASIS_2\distortions_64\rotation\mild\Non_Demented\OAS2_0005\OAS2_0005_slice_18_z167.png,Non_Demented/OAS2_0005/OAS2_0005_slice_18_z167.png,Non-Demented/OAS2_0005/OAS2_0005_slice_18_z167.png,OAS2_0005,Non-Demented,0,0,Non-Demented,1,0.414038489104426,0.399387834841486,0.16990700938742156,0.016666666666666666
OASIS_2,RandomForest,47,test,rotation__mild,rotation,mild,D:\OASIS_2\distortions_64\rotation\mild\Non_Demented\OAS2_0005\OAS2_0005_slice_19_z173.png,Non_Demented/OAS2_0005/OAS2_0005_slice_19_z173.png,Non-Demented/OAS2_0005/OAS2_0005_slice_19_z173.png,OAS2_0005,Non-Demented,0,0,Non-Demented,1,0.4357417074896567,0.3852742123441084,0.17231741349956844,0.006666666666666667
OASIS_2,RandomForest,47,test,rotation__mild,rotation,mild,D:\OASIS_2\distortions_64\rotation\mild\Non_Demented\OAS2_0005\OAS2_0005_slice_20_z178.png,Non_Demented/OAS2_0005/OAS2_0005_slice_20_z178.png,Non-Demented/OAS2_0005/OAS2_0005_slice_20_z178.png,OAS2_0005,Non-Demented,0,0,Non-Demented,1,0.4212222770401949,0.38839812714978716,0.16371292914335117,0.02666666666666667
OASIS_2,RandomForest,47,test,rotation__mild,rotation,mild,D:\OASIS_2\distortions_64\rotation\mild\Non_Demented\OAS2_0017\OAS2_0017_slice_01_z077.png,Non_Demented/OAS2_0017/OAS2_0017_slice_01_z077.png,Non-Demented/OAS2_0017/OAS2_0017_slice_01_z077.png,OAS2_0017,Non-Demented,0,0,Non-Demented,1,0.4238122231019133,0.23081535822112922,0.3320390853436244,0.013333333333333334
OASIS_2,RandomForest,47,test,rotation__mild,rotation,mild,D:\OASIS_2\distortions_64\rotation\mild\Non_Demented\OAS2_0017\OAS2_0017_slice_02_z082.png,Non_Demented/OAS2_0017/OAS2_0017_slice_02_z082.png,Non-Demented/OAS2_0017/OAS2_0017_slice_02_z082.png,OAS2_0017,Non-Demented,0,0,Non-Demented,1,0.49480530336795114,0.2376583926226515,0.2575363040093975,0.01
OASIS_2,RandomForest,47,test,rotation__mild,rotation,mild,D:\OASIS_2\distortions_64\rotation\mild\Non_Demented\OAS2_0017\OAS2_0017_slice_03_z088.png,Non_Demented/OAS2_0017/OAS2_0017_slice_03_z088.png,Non-Demented/OAS2_0017/OAS2_0017_slice_03_z088.png,OAS2_0017,Non-Demented,0,0,Non-Demented,1,0.4874421829509986,0.2132579758676104,0.2959665078480579,0.0033333333333333335
OASIS_2,RandomForest,47,test,rotation__mild,rotation,mild,D:\OASIS_2\distortions_64\rotation\mild\Non_Demented\OAS2_0017\OAS2_0017_slice_04_z093.png,Non_Demented/OAS2_0017/OAS2_0017_slice_04_z093.png,Non-Demented/OAS2_0017/OAS2_0017_slice_04_z093.png,OAS2_0017,Non-Demented,0,0,Non-Demented,1,0.4212565947670196,0.24902768886874757,0.32638238303089956,0.0033333333333333335
OASIS_2,RandomForest,47,test,rotation__mild,rotation,mild,D:\OASIS_2\distortions_64\rotation\mild\Non_Demented\OAS2_0017\OAS2_0017_slice_05_z098.png,Non_Demented/OAS2_0017/OAS2_0017_slice_05_z098.png,Non-Demented/OAS2_0017/OAS2_0017_slice_05_z098.png,OAS2_0017,Non-Demented,0,0,Non-Demented,1,0.4168387130271737,0.2786950022150012,0.3011329514244917,0.0033333333333333335
OASIS_2,RandomForest,47,test,rotation__mild,rotation,mild,D:\OASIS_2\distortions_64\rotation\mild\Non_Demented\OAS2_0017\OAS2_0017_slice_06_z104.png,Non_Demented/OAS2_0017/OAS2_0017_slice_06_z104.png,Non-Demented/OAS2_0017/OAS2_0017_slice_06_z104.png,OAS2_0017,Non-Demented,0,0,Non-Demented,1,0.4568442441130342,0.26120499052395985,0.2752840986963393,0.006666666666666667
OASIS_2,RandomForest,47,test,rotation__mild,rotation,mild,D:\OASIS_2\distortions_64\rotation\mild\Non_Demented\OAS2_0017\OAS2_0017_slice_07_z109.png,Non_Demented/OAS2_0017/OAS2_0017_slice_07_z109.png,Non-Demented/OAS2_0017/OAS2_0017_slice_07_z109.png,OAS2_0017,Non-Demented,0,0,Non-Demented,1,0.4338047985896392,0.3157398416917769,0.25045535971858396,0.0
OASIS_2,RandomForest,47,test,rotation__mild,rotation,mild,D:\OASIS_2\distortions_64\rotation\mild\Non_Demented\OAS2_0017\OAS2_0017_slice_08_z114.png,Non_Demented/OAS2_0017/OAS2_0017_slice_08_z114.png,Non-Demented/OAS2_0017/OAS2_0017_slice_08_z114.png,OAS2_0017,Non-Demented,0,0,Non-Demented,1,0.4815220846820061,0.24821540773224565,0.27026250758574843,0.0
OASIS_2,RandomForest,47,test,rotation__mild,rotation,mild,D:\OASIS_2\distortions_64\rotation\mild\Non_Demented\OAS2_0017\OAS2_0017_slice_09_z120.png,Non_Demented/OAS2_0017/OAS2_0017_slice_09_z120.png,Non-Demented/OAS2_0017/OAS2_0017_slice_09_z120.png,OAS2_0017,Non-Demented,0,0,Non-Demented,1,0.5054506172226048,0.2347564694029426,0.2564595800411193,0.0033333333333333335
OASIS_2,RandomForest,47,test,rotation__mild,rotation,mild,D:\OASIS_2\distortions_64\rotation\mild\Non_Demented\OAS2_0017\OAS2_0017_slice_10_z125.png,Non_Demented/OAS2_0017/OAS2_0017_slice_10_z125.png,Non-Demented/OAS2_0017/OAS2_0017_slice_10_z125.png,OAS2_0017,Non-Demented,0,0,Non-Demented,1,0.5004091811287179,0.26458402647179535,0.22834012573281987,0.006666666666666667
OASIS_2,RandomForest,47,test,rotation__mild,rotation,mild,D:\OASIS_2\distortions_64\rotation\mild\Non_Demented\OAS2_0017\OAS2_0017_slice_11_z130.png,Non_Demented/OAS2_0017/OAS2_0017_slice_11_z130.png,Non-Demented/OAS2_0017/OAS2_0017_slice_11_z130.png,OAS2_0017,Non-Demented,0,0,Non-Demented,1,0.4510308650274312,0.3287789036769967,0.21685689796223878,0.0033333333333333335
OASIS_2,RandomForest,47,test,rotation__mild,rotation,mild,D:\OASIS_2\distortions_64\rotation\mild\Non_Demented\OAS2_0017\OAS2_0017_slice_12_z135.png,Non_Demented/OAS2_0017/OAS2_0017_slice_12_z135.png,Non-Demented/OAS2_0017/OAS2_0017_slice_12_z135.png,OAS2_0017,Non-Demented,0,1,Very Mild Dementia,0,0.385252098784359,0.4034486298576146,0.2112992713580263,0.0
OASIS_2,RandomForest,47,test,rotation__mild,rotation,mild,D:\OASIS_2\distortions_64\rotation\mild\Non_Demented\OAS2_0017\OAS2_0017_slice_13_z141.png,Non_Demented/OAS2_0017/OAS2_0017_slice_13_z141.png,Non-Demented/OAS2_0017/OAS2_0017_slice_13_z141.png,OAS2_0017,Non-Demented,0,0,Non-Demented,1,0.3889047936919539,0.34123449520331106,0.2665273777714018,0.0033333333333333335
OASIS_2,RandomForest,47,test,rotation__mild,rotation,mild,D:\OASIS_2\distortions_64\rotation\mild\Non_Demented\OAS2_0017\OAS2_0017_slice_14_z146.png,Non_Demented/OAS2_0017/OAS2_0017_slice_14_z146.png,Non-Demented/OAS2_0017/OAS2_0017_slice_14_z146.png,OAS2_0017,Non-Demented,0,0,Non-Demented,1,0.4069730702460259,0.3352192136688256,0.24780771608514848,0.01
OASIS_2,RandomForest,47,test,rotation__mild,rotation,mild,D:\OASIS_2\distortions_64\rotation\mild\Non_Demented\OAS2_0017\OAS2_0017_slice_15_z151.png,Non_Demented/OAS2_0017/OAS2_0017_slice_15_z151.png,Non-Demented/OAS2_0017/OAS2_0017_slice_15_z151.png,OAS2_0017,Non-Demented,0,0,Non-Demented,1,0.4024136898451357,0.335577905073068,0.25534173841512975,0.006666666666666667
OASIS_2,RandomForest,47,test,rotation__mild,rotation,mild,D:\OASIS_2\distortions_64\rotation\mild\Non_Demented\OAS2_0017\OAS2_0017_slice_16_z157.png,Non_Demented/OAS2_0017/OAS2_0017_slice_16_z157.png,Non-Demented/OAS2_0017/OAS2_0017_slice_16_z157.png,OAS2_0017,Non-Demented,0,0,Non-Demented,1,0.41533774826805325,0.2968096943652186,0.28118589070006167,0.006666666666666667
OASIS_2,RandomForest,47,test,rotation__mild,rotation,mild,D:\OASIS_2\distortions_64\rotation\mild\Non_Demented\OAS2_0017\OAS2_0017_slice_17_z162.png,Non_Demented/OAS2_0017/OAS2_0017_slice_17_z162.png,Non-Demented/OAS2_0017/OAS2_0017_slice_17_z162.png,OAS2_0017,Non-Demented,0,0,Non-Demented,1,0.4714599555088274,0.27394710718546267,0.2445929373057101,0.01
OASIS_2,RandomForest,47,test,rotation__mild,rotation,mild,D:\OASIS_2\distortions_64\rotation\mild\Non_Demented\OAS2_0017\OAS2_0017_slice_18_z167.png,Non_Demented/OAS2_0017/OAS2_0017_slice_18_z167.png,Non-Demented/OAS2_0017/OAS2_0017_slice_18_z167.png,OAS2_0017,Non-Demented,0,0,Non-Demented,1,0.39099858256800346,0.23946383877027175,0.3662042453283917,0.0033333333333333335
OASIS_2,RandomForest,47,test,rotation__mild,rotation,mild,D:\OASIS_2\distortions_64\rotation\mild\Non_Demented\OAS2_0017\OAS2_0017_slice_19_z173.png,Non_Demented/OAS2_0017/OAS2_0017_slice_19_z173.png,Non-Demented/OAS2_0017/OAS2_0017_slice_19_z173.png,OAS2_0017,Non-Demented,0,0,Non-Demented,1,0.38272047196202874,0.24757332859935285,0.32970619943861856,0.04
OASIS_2,RandomForest,47,test,rotation__mild,rotation,mild,D:\OASIS_2\distortions_64\rotation\mild\Non_Demented\OAS2_0017\OAS2_0017_slice_20_z178.png,Non_Demented/OAS2_0017/OAS2_0017_slice_20_z178.png,Non-Demented/OAS2_0017/OAS2_0017_slice_20_z178.png,OAS2_0017,Non-Demented,0,2,Mild Dementia,0,0.34179597836909453,0.2785294518734842,0.3630079030907549,0.016666666666666666
OASIS_2,RandomForest,47,test,rotation__mild,rotation,mild,D:\OASIS_2\distortions_64\rotation\mild\Non_Demented\OAS2_0036\OAS2_0036_slice_01_z077.png,Non_Demented/OAS2_0036/OAS2_0036_slice_01_z077.png,Non-Demented/OAS2_0036/OAS2_0036_slice_01_z077.png,OAS2_0036,Non-Demented,0,0,Non-Demented,1,0.38388161806766063,0.372982003811518,0.23313637812082122,0.01
OASIS_2,RandomForest,47,test,rotation__mild,rotation,mild,D:\OASIS_2\distortions_64\rotation\mild\Non_Demented\OAS2_0036\OAS2_0036_slice_02_z082.png,Non_Demented/OAS2_0036/OAS2_0036_slice_02_z082.png,Non-Demented/OAS2_0036/OAS2_0036_slice_02_z082.png,OAS2_0036,Non-Demented,0,1,Very Mild Dementia,0,0.3131249773034377,0.45420509625021244,0.2160032597796833,0.016666666666666666
OASIS_2,RandomForest,47,test,rotation__mild,rotation,mild,D:\OASIS_2\distortions_64\rotation\mild\Non_Demented\OAS2_0036\OAS2_0036_slice_03_z088.png,Non_Demented/OAS2_0036/OAS2_0036_slice_03_z088.png,Non-Demented/OAS2_0036/OAS2_0036_slice_03_z088.png,OAS2_0036,Non-Demented,0,1,Very Mild Dementia,0,0.3359659771170221,0.4608656186360734,0.196501737580238,0.006666666666666667
OASIS_2,RandomForest,47,test,rotation__mild,rotation,mild,D:\OASIS_2\distortions_64\rotation\mild\Non_Demented\OAS2_0036\OAS2_0036_slice_04_z093.png,Non_Demented/OAS2_0036/OAS2_0036_slice_04_z093.png,Non-Demented/OAS2_0036/OAS2_0036_slice_04_z093.png,OAS2_0036,Non-Demented,0,1,Very Mild Dementia,0,0.3782754418566823,0.4113607214188436,0.1970305033911407,0.013333333333333334
OASIS_2,RandomForest,47,test,rotation__mild,rotation,mild,D:\OASIS_2\distortions_64\rotation\mild\Non_Demented\OAS2_0036\OAS2_0036_slice_05_z098.png,Non_Demented/OAS2_0036/OAS2_0036_slice_05_z098.png,Non-Demented/OAS2_0036/OAS2_0036_slice_05_z098.png,OAS2_0036,Non-Demented,0,0,Non-Demented,1,0.3804072878300749,0.3672544552319406,0.24900492360465126,0.0033333333333333335
OASIS_2,RandomForest,47,test,rotation__mild,rotation,mild,D:\OASIS_2\distortions_64\rotation\mild\Non_Demented\OAS2_0036\OAS2_0036_slice_06_z104.png,Non_Demented/OAS2_0036/OAS2_0036_slice_06_z104.png,Non-Demented/OAS2_0036/OAS2_0036_slice_06_z104.png,OAS2_0036,Non-Demented,0,1,Very Mild Dementia,0,0.37818990742568204,0.3844098981605689,0.22740019441374903,0.01
OASIS_2,RandomForest,47,test,rotation__mild,rotation,mild,D:\OASIS_2\distortions_64\rotation\mild\Non_Demented\OAS2_0036\OAS2_0036_slice_07_z109.png,Non_Demented/OAS2_0036/OAS2_0036_slice_07_z109.png,Non-Demented/OAS2_0036/OAS2_0036_slice_07_z109.png,OAS2_0036,Non-Demented,0,0,Non-Demented,1,0.41367564530107215,0.33913186994179895,0.2438591514237955,0.0033333333333333335
OASIS_2,RandomForest,47,test,rotation__mild,rotation,mild,D:\OASIS_2\distortions_64\rotation\mild\Non_Demented\OAS2_0036\OAS2_0036_slice_08_z114.png,Non_Demented/OAS2_0036/OAS2_0036_slice_08_z114.png,Non-Demented/OAS2_0036/OAS2_0036_slice_08_z114.png,OAS2_0036,Non-Demented,0,0,Non-Demented,1,0.4333099751605829,0.3286969401072689,0.23132641806548154,0.006666666666666667
OASIS_2,RandomForest,47,test,rotation__mild,rotation,mild,D:\OASIS_2\distortions_64\rotation\mild\Non_Demented\OAS2_0036\OAS2_0036_slice_09_z120.png,Non_Demented/OAS2_0036/OAS2_0036_slice_09_z120.png,Non-Demented/OAS2_0036/OAS2_0036_slice_09_z120.png,OAS2_0036,Non-Demented,0,0,Non-Demented,1,0.4058958899915214,0.3538738595874207,0.240230250421058,0.0
OASIS_2,RandomForest,47,test,rotation__mild,rotation,mild,D:\OASIS_2\distortions_64\rotation\mild\Non_Demented\OAS2_0036\OAS2_0036_slice_10_z125.png,Non_Demented/OAS2_0036/OAS2_0036_slice_10_z125.png,Non-Demented/OAS2_0036/OAS2_0036_slice_10_z125.png,OAS2_0036,Non-Demented,0,0,Non-Demented,1,0.3850467248256305,0.3698549876181643,0.24509828755620527,0.0
OASIS_2,RandomForest,47,test,rotation__mild,rotation,mild,D:\OASIS_2\distortions_64\rotation\mild\Non_Demented\OAS2_0036\OAS2_0036_slice_11_z130.png,Non_Demented/OAS2_0036/OAS2_0036_slice_11_z130.png,Non-Demented/OAS2_0036/OAS2_0036_slice_11_z130.png,OAS2_0036,Non-Demented,0,0,Non-Demented,1,0.35190258905947225,0.3496855050325484,0.28841190590797927,0.01
OASIS_2,RandomForest,47,test,rotation__mild,rotation,mild,D:\OASIS_2\distortions_64\rotation\mild\Non_Demented\OAS2_0036\OAS2_0036_slice_12_z135.png,Non_Demented/OAS2_0036/OAS2_0036_slice_12_z135.png,Non-Demented/OAS2_0036/OAS2_0036_slice_12_z135.png,OAS2_0036,Non-Demented,0,0,Non-Demented,1,0.35871082428664286,0.3336011610839027,0.30768801462945444,0.0
OASIS_2,RandomForest,47,test,rotation__mild,rotation,mild,D:\OASIS_2\distortions_64\rotation\mild\Non_Demented\OAS2_0036\OAS2_0036_slice_13_z141.png,Non_Demented/OAS2_0036/OAS2_0036_slice_13_z141.png,Non-Demented/OAS2_0036/OAS2_0036_slice_13_z141.png,OAS2_0036,Non-Demented,0,1,Very Mild Dementia,0,0.3596611258984706,0.38580751535984265,0.2511980254083536,0.0033333333333333335
OASIS_2,RandomForest,47,test,rotation__mild,rotation,mild,D:\OASIS_2\distortions_64\rotation\mild\Non_Demented\OAS2_0036\OAS2_0036_slice_14_z146.png,Non_Demented/OAS2_0036/OAS2_0036_slice_14_z146.png,Non-Demented/OAS2_0036/OAS2_0036_slice_14_z146.png,OAS2_0036,Non-Demented,0,0,Non-Demented,1,0.39554629475188025,0.33774500654885314,0.26004203203260007,0.006666666666666667
OASIS_2,RandomForest,47,test,rotation__mild,rotation,mild,D:\OASIS_2\distortions_64\rotation\mild\Non_Demented\OAS2_0036\OAS2_0036_slice_15_z151.png,Non_Demented/OAS2_0036/OAS2_0036_slice_15_z151.png,Non-Demented/OAS2_0036/OAS2_0036_slice_15_z151.png,OAS2_0036,Non-Demented,0,0,Non-Demented,1,0.4244866201850527,0.3375179020115662,0.23799547780338126,0.0
OASIS_2,RandomForest,47,test,rotation__mild,rotation,mild,D:\OASIS_2\distortions_64\rotation\mild\Non_Demented\OAS2_0036\OAS2_0036_slice_16_z157.png,Non_Demented/OAS2_0036/OAS2_0036_slice_16_z157.png,Non-Demented/OAS2_0036/OAS2_0036_slice_16_z157.png,OAS2_0036,Non-Demented,0,0,Non-Demented,1,0.44337357378958575,0.34093402942967227,0.2156923967807416,0.0
OASIS_2,RandomForest,47,test,rotation__mild,rotation,mild,D:\OASIS_2\distortions_64\rotation\mild\Non_Demented\OAS2_0036\OAS2_0036_slice_17_z162.png,Non_Demented/OAS2_0036/OAS2_0036_slice_17_z162.png,Non-Demented/OAS2_0036/OAS2_0036_slice_17_z162.png,OAS2_0036,Non-Demented,0,0,Non-Demented,1,0.42660105839768536,0.35485080769645627,0.21188146723919232,0.006666666666666667
OASIS_2,RandomForest,47,test,rotation__mild,rotation,mild,D:\OASIS_2\distortions_64\rotation\mild\Non_Demented\OAS2_0036\OAS2_0036_slice_18_z167.png,Non_Demented/OAS2_0036/OAS2_0036_slice_18_z167.png,Non-Demented/OAS2_0036/OAS2_0036_slice_18_z167.png,OAS2_0036,Non-Demented,0,0,Non-Demented,1,0.3978786749391052,0.36636161704061093,0.22575970802028414,0.01
OASIS_2,RandomForest,47,test,rotation__mild,rotation,mild,D:\OASIS_2\distortions_64\rotation\mild\Non_Demented\OAS2_0036\OAS2_0036_slice_19_z173.png,Non_Demented/OAS2_0036/OAS2_0036_slice_19_z173.png,Non-Demented/OAS2_0036/OAS2_0036_slice_19_z173.png,OAS2_0036,Non-Demented,0,0,Non-Demented,1,0.394774917378714,0.3752263264266181,0.2233320895280014,0.006666666666666667
OASIS_2,RandomForest,47,test,rotation__mild,rotation,mild,D:\OASIS_2\distortions_64\rotation\mild\Non_Demented\OAS2_0036\OAS2_0036_slice_20_z178.png,Non_Demented/OAS2_0036/OAS2_0036_slice_20_z178.png,Non-Demented/OAS2_0036/OAS2_0036_slice_20_z178.png,OAS2_0036,Non-Demented,0,0,Non-Demented,1,0.4174743992169836,0.3616595560285293,0.20753271142115376,0.013333333333333334
OASIS_2,RandomForest,47,test,rotation__mild,rotation,mild,D:\OASIS_2\distortions_64\rotation\mild\Non_Demented\OAS2_0067\OAS2_0067_slice_01_z077.png,Non_Demented/OAS2_0067/OAS2_0067_slice_01_z077.png,Non-Demented/OAS2_0067/OAS2_0067_slice_01_z077.png,OAS2_0067,Non-Demented,0,2,Mild Dementia,0,0.3460823648666137,0.2521074135649262,0.3851435549017934,0.016666666666666666
OASIS_2,RandomForest,47,test,rotation__mild,rotation,mild,D:\OASIS_2\distortions_64\rotation\mild\Non_Demented\OAS2_0067\OAS2_0067_slice_02_z082.png,Non_Demented/OAS2_0067/OAS2_0067_slice_02_z082.png,Non-Demented/OAS2_0067/OAS2_0067_slice_02_z082.png,OAS2_0067,Non-Demented,0,0,Non-Demented,1,0.4396779069093058,0.2502929489495111,0.29002914414118325,0.02
OASIS_2,RandomForest,47,test,rotation__mild,rotation,mild,D:\OASIS_2\distortions_64\rotation\mild\Non_Demented\OAS2_0067\OAS2_0067_slice_03_z088.png,Non_Demented/OAS2_0067/OAS2_0067_slice_03_z088.png,Non-Demented/OAS2_0067/OAS2_0067_slice_03_z088.png,OAS2_0067,Non-Demented,0,0,Non-Demented,1,0.3712871431734747,0.28173292895566554,0.3403132612041929,0.006666666666666667
OASIS_2,RandomForest,47,test,rotation__mild,rotation,mild,D:\OASIS_2\distortions_64\rotation\mild\Non_Demented\OAS2_0067\OAS2_0067_slice_04_z093.png,Non_Demented/OAS2_0067/OAS2_0067_slice_04_z093.png,Non-Demented/OAS2_0067/OAS2_0067_slice_04_z093.png,OAS2_0067,Non-Demented,0,0,Non-Demented,1,0.40958779336546236,0.2665508052878182,0.3071947346800529,0.016666666666666666
OASIS_2,RandomForest,47,test,rotation__mild,rotation,mild,D:\OASIS_2\distortions_64\rotation\mild\Non_Demented\OAS2_0067\OAS2_0067_slice_05_z098.png,Non_Demented/OAS2_0067/OAS2_0067_slice_05_z098.png,Non-Demented/OAS2_0067/OAS2_0067_slice_05_z098.png,OAS2_0067,Non-Demented,0,2,Mild Dementia,0,0.31858021917669516,0.33152559718337776,0.34656085030659384,0.0033333333333333335
OASIS_2,RandomForest,47,test,rotation__mild,rotation,mild,D:\OASIS_2\distortions_64\rotation\mild\Non_Demented\OAS2_0067\OAS2_0067_slice_06_z104.png,Non_Demented/OAS2_0067/OAS2_0067_slice_06_z104.png,Non-Demented/OAS2_0067/OAS2_0067_slice_06_z104.png,OAS2_0067,Non-Demented,0,2,Mild Dementia,0,0.2946337385083914,0.3216919723516857,0.3803409558065897,0.0033333333333333335
OASIS_2,RandomForest,47,test,rotation__mild,rotation,mild,D:\OASIS_2\distortions_64\rotation\mild\Non_Demented\OAS2_0067\OAS2_0067_slice_07_z109.png,Non_Demented/OAS2_0067/OAS2_0067_slice_07_z109.png,Non-Demented/OAS2_0067/OAS2_0067_slice_07_z109.png,OAS2_0067,Non-Demented,0,0,Non-Demented,1,0.33752215210606995,0.32416151688685907,0.33498299767373757,0.0033333333333333335
OASIS_2,RandomForest,47,test,rotation__mild,rotation,mild,D:\OASIS_2\distortions_64\rotation\mild\Non_Demented\OAS2_0067\OAS2_0067_slice_08_z114.png,Non_Demented/OAS2_0067/OAS2_0067_slice_08_z114.png,Non-Demented/OAS2_0067/OAS2_0067_slice_08_z114.png,OAS2_0067,Non-Demented,0,0,Non-Demented,1,0.37884300217785344,0.2753317847528244,0.33915854640265536,0.006666666666666667
OASIS_2,RandomForest,47,test,rotation__mild,rotation,mild,D:\OASIS_2\distortions_64\rotation\mild\Non_Demented\OAS2_0067\OAS2_0067_slice_09_z120.png,Non_Demented/OAS2_0067/OAS2_0067_slice_09_z120.png,Non-Demented/OAS2_0067/OAS2_0067_slice_09_z120.png,OAS2_0067,Non-Demented,0,0,Non-Demented,1,0.3797340158689668,0.32646172811068214,0.2904709226870178,0.0033333333333333335
OASIS_2,RandomForest,47,test,rotation__mild,rotation,mild,D:\OASIS_2\distortions_64\rotation\mild\Non_Demented\OAS2_0067\OAS2_0067_slice_10_z125.png,Non_Demented/OAS2_0067/OAS2_0067_slice_10_z125.png,Non-Demented/OAS2_0067/OAS2_0067_slice_10_z125.png,OAS2_0067,Non-Demented,0,0,Non-Demented,1,0.36689093107236115,0.3529556886499661,0.2768200469443393,0.0033333333333333335
OASIS_2,RandomForest,47,test,rotation__mild,rotation,mild,D:\OASIS_2\distortions_64\rotation\mild\Non_Demented\OAS2_0067\OAS2_0067_slice_11_z130.png,Non_Demented/OAS2_0067/OAS2_0067_slice_11_z130.png,Non-Demented/OAS2_0067/OAS2_0067_slice_11_z130.png,OAS2_0067,Non-Demented,0,0,Non-Demented,1,0.3646664741833502,0.36167862947054424,0.27032156301277244,0.0033333333333333335
OASIS_2,RandomForest,47,test,rotation__mild,rotation,mild,D:\OASIS_2\distortions_64\rotation\mild\Non_Demented\OAS2_0067\OAS2_0067_slice_12_z135.png,Non_Demented/OAS2_0067/OAS2_0067_slice_12_z135.png,Non-Demented/OAS2_0067/OAS2_0067_slice_12_z135.png,OAS2_0067,Non-Demented,0,0,Non-Demented,1,0.4433459935140553,0.2720419367673616,0.284612069718583,0.0
OASIS_2,RandomForest,47,test,rotation__mild,rotation,mild,D:\OASIS_2\distortions_64\rotation\mild\Non_Demented\OAS2_0067\OAS2_0067_slice_13_z141.png,Non_Demented/OAS2_0067/OAS2_0067_slice_13_z141.png,Non-Demented/OAS2_0067/OAS2_0067_slice_13_z141.png,OAS2_0067,Non-Demented,0,0,Non-Demented,1,0.4373737055118776,0.23965635477522368,0.31630327304623207,0.006666666666666667
OASIS_2,RandomForest,47,test,rotation__mild,rotation,mild,D:\OASIS_2\distortions_64\rotation\mild\Non_Demented\OAS2_0067\OAS2_0067_slice_14_z146.png,Non_Demented/OAS2_0067/OAS2_0067_slice_14_z146.png,Non-Demented/OAS2_0067/OAS2_0067_slice_14_z146.png,OAS2_0067,Non-Demented,0,0,Non-Demented,1,0.3819806501465607,0.3302007522632417,0.28448526425686427,0.0033333333333333335
OASIS_2,RandomForest,47,test,rotation__mild,rotation,mild,D:\OASIS_2\distortions_64\rotation\mild\Non_Demented\OAS2_0067\OAS2_0067_slice_15_z151.png,Non_Demented/OAS2_0067/OAS2_0067_slice_15_z151.png,Non-Demented/OAS2_0067/OAS2_0067_slice_15_z151.png,OAS2_0067,Non-Demented,0,0,Non-Demented,1,0.45201247148366896,0.27476152520020186,0.2732260033161291,0.0
OASIS_2,RandomForest,47,test,rotation__mild,rotation,mild,D:\OASIS_2\distortions_64\rotation\mild\Non_Demented\OAS2_0067\OAS2_0067_slice_16_z157.png,Non_Demented/OAS2_0067/OAS2_0067_slice_16_z157.png,Non-Demented/OAS2_0067/OAS2_0067_slice_16_z157.png,OAS2_0067,Non-Demented,0,0,Non-Demented,1,0.4244126180027744,0.25326204070622393,0.31899200795766836,0.0033333333333333335
OASIS_2,RandomForest,47,test,rotation__mild,rotation,mild,D:\OASIS_2\distortions_64\rotation\mild\Non_Demented\OAS2_0067\OAS2_0067_slice_17_z162.png,Non_Demented/OAS2_0067/OAS2_0067_slice_17_z162.png,Non-Demented/OAS2_0067/OAS2_0067_slice_17_z162.png,OAS2_0067,Non-Demented,0,0,Non-Demented,1,0.4337922302204198,0.35447772677573175,0.21173004300384843,0.0
OASIS_2,RandomForest,47,test,rotation__mild,rotation,mild,D:\OASIS_2\distortions_64\rotation\mild\Non_Demented\OAS2_0067\OAS2_0067_slice_18_z167.png,Non_Demented/OAS2_0067/OAS2_0067_slice_18_z167.png,Non-Demented/OAS2_0067/OAS2_0067_slice_18_z167.png,OAS2_0067,Non-Demented,0,0,Non-Demented,1,0.4523918726744776,0.3115516497217968,0.2327231442703924,0.0033333333333333335
OASIS_2,RandomForest,47,test,rotation__mild,rotation,mild,D:\OASIS_2\distortions_64\rotation\mild\Non_Demented\OAS2_0067\OAS2_0067_slice_19_z173.png,Non_Demented/OAS2_0067/OAS2_0067_slice_19_z173.png,Non-Demented/OAS2_0067/OAS2_0067_slice_19_z173.png,OAS2_0067,Non-Demented,0,0,Non-Demented,1,0.49191709232371805,0.31543680912144384,0.1926460985548382,0.0
OASIS_2,RandomForest,47,test,rotation__mild,rotation,mild,D:\OASIS_2\distortions_64\rotation\mild\Non_Demented\OAS2_0067\OAS2_0067_slice_20_z178.png,Non_Demented/OAS2_0067/OAS2_0067_slice_20_z178.png,Non-Demented/OAS2_0067/OAS2_0067_slice_20_z178.png,OAS2_0067,Non-Demented,0,0,Non-Demented,1,0.528598976714765,0.31865249340005103,0.14941519655185048,0.0033333333333333335
OASIS_2,RandomForest,47,test,rotation__mild,rotation,mild,D:\OASIS_2\distortions_64\rotation\mild\Non_Demented\OAS2_0069\OAS2_0069_slice_01_z077.png,Non_Demented/OAS2_0069/OAS2_0069_slice_01_z077.png,Non-Demented/OAS2_0069/OAS2_0069_slice_01_z077.png,OAS2_0069,Non-Demented,0,0,Non-Demented,1,0.4690702465973382,0.31677344561497844,0.21415630778768335,0.0
OASIS_2,RandomForest,47,test,rotation__mild,rotation,mild,D:\OASIS_2\distortions_64\rotation\mild\Non_Demented\OAS2_0069\OAS2_0069_slice_02_z082.png,Non_Demented/OAS2_0069/OAS2_0069_slice_02_z082.png,Non-Demented/OAS2_0069/OAS2_0069_slice_02_z082.png,OAS2_0069,Non-Demented,0,0,Non-Demented,1,0.45864069525084783,0.3288988768132944,0.20912709460252438,0.0033333333333333335
OASIS_2,RandomForest,47,test,rotation__mild,rotation,mild,D:\OASIS_2\distortions_64\rotation\mild\Non_Demented\OAS2_0069\OAS2_0069_slice_03_z088.png,Non_Demented/OAS2_0069/OAS2_0069_slice_03_z088.png,Non-Demented/OAS2_0069/OAS2_0069_slice_03_z088.png,OAS2_0069,Non-Demented,0,0,Non-Demented,1,0.5512914437890735,0.2525094881417386,0.19619906806918797,0.0
OASIS_2,RandomForest,47,test,rotation__mild,rotation,mild,D:\OASIS_2\distortions_64\rotation\mild\Non_Demented\OAS2_0069\OAS2_0069_slice_04_z093.png,Non_Demented/OAS2_0069/OAS2_0069_slice_04_z093.png,Non-Demented/OAS2_0069/OAS2_0069_slice_04_z093.png,OAS2_0069,Non-Demented,0,0,Non-Demented,1,0.5114249420602025,0.2367567617181885,0.25181829622160873,0.0
OASIS_2,RandomForest,47,test,rotation__mild,rotation,mild,D:\OASIS_2\distortions_64\rotation\mild\Non_Demented\OAS2_0069\OAS2_0069_slice_05_z098.png,Non_Demented/OAS2_0069/OAS2_0069_slice_05_z098.png,Non-Demented/OAS2_0069/OAS2_0069_slice_05_z098.png,OAS2_0069,Non-Demented,0,0,Non-Demented,1,0.6342247451956782,0.1987134127346751,0.16706184206964697,0.0
OASIS_2,RandomForest,47,test,rotation__mild,rotation,mild,D:\OASIS_2\distortions_64\rotation\mild\Non_Demented\OAS2_0069\OAS2_0069_slice_06_z104.png,Non_Demented/OAS2_0069/OAS2_0069_slice_06_z104.png,Non-Demented/OAS2_0069/OAS2_0069_slice_06_z104.png,OAS2_0069,Non-Demented,0,0,Non-Demented,1,0.5346997456712754,0.254576040678309,0.2107242136504154,0.0
OASIS_2,RandomForest,47,test,rotation__mild,rotation,mild,D:\OASIS_2\distortions_64\rotation\mild\Non_Demented\OAS2_0069\OAS2_0069_slice_07_z109.png,Non_Demented/OAS2_0069/OAS2_0069_slice_07_z109.png,Non-Demented/OAS2_0069/OAS2_0069_slice_07_z109.png,OAS2_0069,Non-Demented,0,0,Non-Demented,1,0.5584014785711966,0.24788366649483062,0.19371485493397272,0.0
OASIS_2,RandomForest,47,test,rotation__mild,rotation,mild,D:\OASIS_2\distortions_64\rotation\mild\Non_Demented\OAS2_0069\OAS2_0069_slice_08_z114.png,Non_Demented/OAS2_0069/OAS2_0069_slice_08_z114.png,Non-Demented/OAS2_0069/OAS2_0069_slice_08_z114.png,OAS2_0069,Non-Demented,0,0,Non-Demented,1,0.5687784289961836,0.25106919919961185,0.1801523718042041,0.0
OASIS_2,RandomForest,47,test,rotation__mild,rotation,mild,D:\OASIS_2\distortions_64\rotation\mild\Non_Demented\OAS2_0069\OAS2_0069_slice_09_z120.png,Non_Demented/OAS2_0069/OAS2_0069_slice_09_z120.png,Non-Demented/OAS2_0069/OAS2_0069_slice_09_z120.png,OAS2_0069,Non-Demented,0,0,Non-Demented,1,0.5426648977971197,0.2602928933390653,0.19704220886381496,0.0
OASIS_2,RandomForest,47,test,rotation__mild,rotation,mild,D:\OASIS_2\distortions_64\rotation\mild\Non_Demented\OAS2_0069\OAS2_0069_slice_10_z125.png,Non_Demented/OAS2_0069/OAS2_0069_slice_10_z125.png,Non-Demented/OAS2_0069/OAS2_0069_slice_10_z125.png,OAS2_0069,Non-Demented,0,0,Non-Demented,1,0.6458615269504263,0.19382162030916375,0.15698351940707708,0.0033333333333333335
OASIS_2,RandomForest,47,test,rotation__mild,rotation,mild,D:\OASIS_2\distortions_64\rotation\mild\Non_Demented\OAS2_0069\OAS2_0069_slice_11_z130.png,Non_Demented/OAS2_0069/OAS2_0069_slice_11_z130.png,Non-Demented/OAS2_0069/OAS2_0069_slice_11_z130.png,OAS2_0069,Non-Demented,0,0,Non-Demented,1,0.5440716904868017,0.2471902938930524,0.20873801562014563,0.0
OASIS_2,RandomForest,47,test,rotation__mild,rotation,mild,D:\OASIS_2\distortions_64\rotation\mild\Non_Demented\OAS2_0069\OAS2_0069_slice_12_z135.png,Non_Demented/OAS2_0069/OAS2_0069_slice_12_z135.png,Non-Demented/OAS2_0069/OAS2_0069_slice_12_z135.png,OAS2_0069,Non-Demented,0,0,Non-Demented,1,0.5113426623610987,0.2707073738338161,0.21794996380508513,0.0
OASIS_2,RandomForest,47,test,rotation__mild,rotation,mild,D:\OASIS_2\distortions_64\rotation\mild\Non_Demented\OAS2_0069\OAS2_0069_slice_13_z141.png,Non_Demented/OAS2_0069/OAS2_0069_slice_13_z141.png,Non-Demented/OAS2_0069/OAS2_0069_slice_13_z141.png,OAS2_0069,Non-Demented,0,0,Non-Demented,1,0.5045462396145194,0.28527523934367804,0.21017852104180246,0.0
OASIS_2,RandomForest,47,test,rotation__mild,rotation,mild,D:\OASIS_2\distortions_64\rotation\mild\Non_Demented\OAS2_0069\OAS2_0069_slice_14_z146.png,Non_Demented/OAS2_0069/OAS2_0069_slice_14_z146.png,Non-Demented/OAS2_0069/OAS2_0069_slice_14_z146.png,OAS2_0069,Non-Demented,0,0,Non-Demented,1,0.4957788640534045,0.2924255402370654,0.21179559570953013,0.0
OASIS_2,RandomForest,47,test,rotation__mild,rotation,mild,D:\OASIS_2\distortions_64\rotation\mild\Non_Demented\OAS2_0069\OAS2_0069_slice_15_z151.png,Non_Demented/OAS2_0069/OAS2_0069_slice_15_z151.png,Non-Demented/OAS2_0069/OAS2_0069_slice_15_z151.png,OAS2_0069,Non-Demented,0,0,Non-Demented,1,0.48810037858545496,0.3016954122595924,0.21020420915495247,0.0
OASIS_2,RandomForest,47,test,rotation__mild,rotation,mild,D:\OASIS_2\distortions_64\rotation\mild\Non_Demented\OAS2_0069\OAS2_0069_slice_16_z157.png,Non_Demented/OAS2_0069/OAS2_0069_slice_16_z157.png,Non-Demented/OAS2_0069/OAS2_0069_slice_16_z157.png,OAS2_0069,Non-Demented,0,0,Non-Demented,1,0.48824905297374177,0.30111080944340335,0.20730680424952122,0.0033333333333333335
OASIS_2,RandomForest,47,test,rotation__mild,rotation,mild,D:\OASIS_2\distortions_64\rotation\mild\Non_Demented\OAS2_0069\OAS2_0069_slice_17_z162.png,Non_Demented/OAS2_0069/OAS2_0069_slice_17_z162.png,Non-Demented/OAS2_0069/OAS2_0069_slice_17_z162.png,OAS2_0069,Non-Demented,0,0,Non-Demented,1,0.4825370226871496,0.314187961853425,0.19994168212609204,0.0033333333333333335
OASIS_2,RandomForest,47,test,rotation__mild,rotation,mild,D:\OASIS_2\distortions_64\rotation\mild\Non_Demented\OAS2_0069\OAS2_0069_slice_18_z167.png,Non_Demented/OAS2_0069/OAS2_0069_slice_18_z167.png,Non-Demented/OAS2_0069/OAS2_0069_slice_18_z167.png,OAS2_0069,Non-Demented,0,0,Non-Demented,1,0.4980427814832049,0.32566680919518226,0.17629040932161263,0.0
OASIS_2,RandomForest,47,test,rotation__mild,rotation,mild,D:\OASIS_2\distortions_64\rotation\mild\Non_Demented\OAS2_0069\OAS2_0069_slice_19_z173.png,Non_Demented/OAS2_0069/OAS2_0069_slice_19_z173.png,Non-Demented/OAS2_0069/OAS2_0069_slice_19_z173.png,OAS2_0069,Non-Demented,0,0,Non-Demented,1,0.48471368218032285,0.3654846290854284,0.14980168873424857,0.0
OASIS_2,RandomForest,47,test,rotation__mild,rotation,mild,D:\OASIS_2\distortions_64\rotation\mild\Non_Demented\OAS2_0069\OAS2_0069_slice_20_z178.png,Non_Demented/OAS2_0069/OAS2_0069_slice_20_z178.png,Non-Demented/OAS2_0069/OAS2_0069_slice_20_z178.png,OAS2_0069,Non-Demented,0,0,Non-Demented,1,0.46067732756400964,0.3677207936401699,0.1682685454624868,0.0033333333333333335
OASIS_2,RandomForest,47,test,rotation__mild,rotation,mild,D:\OASIS_2\distortions_64\rotation\mild\Non_Demented\OAS2_0070\OAS2_0070_slice_01_z077.png,Non_Demented/OAS2_0070/OAS2_0070_slice_01_z077.png,Non-Demented/OAS2_0070/OAS2_0070_slice_01_z077.png,OAS2_0070,Non-Demented,0,1,Very Mild Dementia,0,0.34784509225063154,0.47283297033745547,0.17932193741191263,0.0
OASIS_2,RandomForest,47,test,rotation__mild,rotation,mild,D:\OASIS_2\distortions_64\rotation\mild\Non_Demented\OAS2_0070\OAS2_0070_slice_02_z082.png,Non_Demented/OAS2_0070/OAS2_0070_slice_02_z082.png,Non-Demented/OAS2_0070/OAS2_0070_slice_02_z082.png,OAS2_0070,Non-Demented,0,1,Very Mild Dementia,0,0.3363158759173116,0.4935637484298562,0.1701203756528323,0.0
OASIS_2,RandomForest,47,test,rotation__mild,rotation,mild,D:\OASIS_2\distortions_64\rotation\mild\Non_Demented\OAS2_0070\OAS2_0070_slice_03_z088.png,Non_Demented/OAS2_0070/OAS2_0070_slice_03_z088.png,Non-Demented/OAS2_0070/OAS2_0070_slice_03_z088.png,OAS2_0070,Non-Demented,0,1,Very Mild Dementia,0,0.40073380805377246,0.4675003966963592,0.1317657952498681,0.0
OASIS_2,RandomForest,47,test,rotation__mild,rotation,mild,D:\OASIS_2\distortions_64\rotation\mild\Non_Demented\OAS2_0070\OAS2_0070_slice_04_z093.png,Non_Demented/OAS2_0070/OAS2_0070_slice_04_z093.png,Non-Demented/OAS2_0070/OAS2_0070_slice_04_z093.png,OAS2_0070,Non-Demented,0,1,Very Mild Dementia,0,0.3379665626035144,0.5248372572756902,0.13719618012079546,0.0
OASIS_2,RandomForest,47,test,rotation__mild,rotation,mild,D:\OASIS_2\distortions_64\rotation\mild\Non_Demented\OAS2_0070\OAS2_0070_slice_05_z098.png,Non_Demented/OAS2_0070/OAS2_0070_slice_05_z098.png,Non-Demented/OAS2_0070/OAS2_0070_slice_05_z098.png,OAS2_0070,Non-Demented,0,1,Very Mild Dementia,0,0.2631902456263861,0.5543867786589063,0.18242297571470772,0.0
OASIS_2,RandomForest,47,test,rotation__mild,rotation,mild,D:\OASIS_2\distortions_64\rotation\mild\Non_Demented\OAS2_0070\OAS2_0070_slice_06_z104.png,Non_Demented/OAS2_0070/OAS2_0070_slice_06_z104.png,Non-Demented/OAS2_0070/OAS2_0070_slice_06_z104.png,OAS2_0070,Non-Demented,0,1,Very Mild Dementia,0,0.25281061387328985,0.6393805335685546,0.10780885255815564,0.0
OASIS_2,RandomForest,47,test,rotation__mild,rotation,mild,D:\OASIS_2\distortions_64\rotation\mild\Non_Demented\OAS2_0070\OAS2_0070_slice_07_z109.png,Non_Demented/OAS2_0070/OAS2_0070_slice_07_z109.png,Non-Demented/OAS2_0070/OAS2_0070_slice_07_z109.png,OAS2_0070,Non-Demented,0,1,Very Mild Dementia,0,0.2440136781511055,0.6046565100959869,0.14799647841957428,0.0033333333333333335
OASIS_2,RandomForest,47,test,rotation__mild,rotation,mild,D:\OASIS_2\distortions_64\rotation\mild\Non_Demented\OAS2_0070\OAS2_0070_slice_08_z114.png,Non_Demented/OAS2_0070/OAS2_0070_slice_08_z114.png,Non-Demented/OAS2_0070/OAS2_0070_slice_08_z114.png,OAS2_0070,Non-Demented,0,1,Very Mild Dementia,0,0.21732306319068434,0.6800804801661862,0.10259645664312946,0.0
OASIS_2,RandomForest,47,test,rotation__mild,rotation,mild,D:\OASIS_2\distortions_64\rotation\mild\Non_Demented\OAS2_0070\OAS2_0070_slice_09_z120.png,Non_Demented/OAS2_0070/OAS2_0070_slice_09_z120.png,Non-Demented/OAS2_0070/OAS2_0070_slice_09_z120.png,OAS2_0070,Non-Demented,0,1,Very Mild Dementia,0,0.1727569332401405,0.7520171758965213,0.07522589086333827,0.0
OASIS_2,RandomForest,47,test,rotation__mild,rotation,mild,D:\OASIS_2\distortions_64\rotation\mild\Non_Demented\OAS2_0070\OAS2_0070_slice_10_z125.png,Non_Demented/OAS2_0070/OAS2_0070_slice_10_z125.png,Non-Demented/OAS2_0070/OAS2_0070_slice_10_z125.png,OAS2_0070,Non-Demented,0,1,Very Mild Dementia,0,0.19458307291840987,0.7008724577216034,0.10121113602665317,0.0033333333333333335
OASIS_2,RandomForest,47,test,rotation__mild,rotation,mild,D:\OASIS_2\distortions_64\rotation\mild\Non_Demented\OAS2_0070\OAS2_0070_slice_11_z130.png,Non_Demented/OAS2_0070/OAS2_0070_slice_11_z130.png,Non-Demented/OAS2_0070/OAS2_0070_slice_11_z130.png,OAS2_0070,Non-Demented,0,1,Very Mild Dementia,0,0.192500561370761,0.709859845562539,0.09430625973336687,0.0033333333333333335
OASIS_2,RandomForest,47,test,rotation__mild,rotation,mild,D:\OASIS_2\distortions_64\rotation\mild\Non_Demented\OAS2_0070\OAS2_0070_slice_12_z135.png,Non_Demented/OAS2_0070/OAS2_0070_slice_12_z135.png,Non-Demented/OAS2_0070/OAS2_0070_slice_12_z135.png,OAS2_0070,Non-Demented,0,1,Very Mild Dementia,0,0.2571815415617167,0.6350923102248767,0.10439281488007322,0.0033333333333333335
OASIS_2,RandomForest,47,test,rotation__mild,rotation,mild,D:\OASIS_2\distortions_64\rotation\mild\Non_Demented\OAS2_0070\OAS2_0070_slice_13_z141.png,Non_Demented/OAS2_0070/OAS2_0070_slice_13_z141.png,Non-Demented/OAS2_0070/OAS2_0070_slice_13_z141.png,OAS2_0070,Non-Demented,0,1,Very Mild Dementia,0,0.24826088322826853,0.624884554511152,0.12685456226057962,0.0
OASIS_2,RandomForest,47,test,rotation__mild,rotation,mild,D:\OASIS_2\distortions_64\rotation\mild\Non_Demented\OAS2_0070\OAS2_0070_slice_14_z146.png,Non_Demented/OAS2_0070/OAS2_0070_slice_14_z146.png,Non-Demented/OAS2_0070/OAS2_0070_slice_14_z146.png,OAS2_0070,Non-Demented,0,1,Very Mild Dementia,0,0.2692362860525073,0.6398511414906506,0.08757923912350851,0.0033333333333333335
OASIS_2,RandomForest,47,test,rotation__mild,rotation,mild,D:\OASIS_2\distortions_64\rotation\mild\Non_Demented\OAS2_0070\OAS2_0070_slice_15_z151.png,Non_Demented/OAS2_0070/OAS2_0070_slice_15_z151.png,Non-Demented/OAS2_0070/OAS2_0070_slice_15_z151.png,OAS2_0070,Non-Demented,0,1,Very Mild Dementia,0,0.26345009700305566,0.6289357824995412,0.10428078716406948,0.0033333333333333335
OASIS_2,RandomForest,47,test,rotation__mild,rotation,mild,D:\OASIS_2\distortions_64\rotation\mild\Non_Demented\OAS2_0070\OAS2_0070_slice_16_z157.png,Non_Demented/OAS2_0070/OAS2_0070_slice_16_z157.png,Non-Demented/OAS2_0070/OAS2_0070_slice_16_z157.png,OAS2_0070,Non-Demented,0,1,Very Mild Dementia,0,0.26467941327598343,0.6191110405227361,0.11620954620128034,0.0
OASIS_2,RandomForest,47,test,rotation__mild,rotation,mild,D:\OASIS_2\distortions_64\rotation\mild\Non_Demented\OAS2_0070\OAS2_0070_slice_17_z162.png,Non_Demented/OAS2_0070/OAS2_0070_slice_17_z162.png,Non-Demented/OAS2_0070/OAS2_0070_slice_17_z162.png,OAS2_0070,Non-Demented,0,1,Very Mild Dementia,0,0.2862805227306048,0.6268138061671188,0.08357233776894307,0.0033333333333333335
OASIS_2,RandomForest,47,test,rotation__mild,rotation,mild,D:\OASIS_2\distortions_64\rotation\mild\Non_Demented\OAS2_0070\OAS2_0070_slice_18_z167.png,Non_Demented/OAS2_0070/OAS2_0070_slice_18_z167.png,Non-Demented/OAS2_0070/OAS2_0070_slice_18_z167.png,OAS2_0070,Non-Demented,0,1,Very Mild Dementia,0,0.27422481759104494,0.6113113652434516,0.11113048383217015,0.0033333333333333335
OASIS_2,RandomForest,47,test,rotation__mild,rotation,mild,D:\OASIS_2\distortions_64\rotation\mild\Non_Demented\OAS2_0070\OAS2_0070_slice_19_z173.png,Non_Demented/OAS2_0070/OAS2_0070_slice_19_z173.png,Non-Demented/OAS2_0070/OAS2_0070_slice_19_z173.png,OAS2_0070,Non-Demented,0,1,Very Mild Dementia,0,0.22489958761546827,0.6847403378541886,0.09036007453034324,0.0
OASIS_2,RandomForest,47,test,rotation__mild,rotation,mild,D:\OASIS_2\distortions_64\rotation\mild\Non_Demented\OAS2_0070\OAS2_0070_slice_20_z178.png,Non_Demented/OAS2_0070/OAS2_0070_slice_20_z178.png,Non-Demented/OAS2_0070/OAS2_0070_slice_20_z178.png,OAS2_0070,Non-Demented,0,1,Very Mild Dementia,0,0.2831627201181269,0.5931981994942774,0.12363908038759554,0.0
OASIS_2,RandomForest,47,test,rotation__mild,rotation,mild,D:\OASIS_2\distortions_64\rotation\mild\Non_Demented\OAS2_0128\OAS2_0128_slice_01_z077.png,Non_Demented/OAS2_0128/OAS2_0128_slice_01_z077.png,Non-Demented/OAS2_0128/OAS2_0128_slice_01_z077.png,OAS2_0128,Non-Demented,0,0,Non-Demented,1,0.4569602787737789,0.3121963858084816,0.2308433354177395,0.0
OASIS_2,RandomForest,47,test,rotation__mild,rotation,mild,D:\OASIS_2\distortions_64\rotation\mild\Non_Demented\OAS2_0128\OAS2_0128_slice_02_z082.png,Non_Demented/OAS2_0128/OAS2_0128_slice_02_z082.png,Non-Demented/OAS2_0128/OAS2_0128_slice_02_z082.png,OAS2_0128,Non-Demented,0,0,Non-Demented,1,0.3965316317591331,0.30974592553584646,0.29372244270502074,0.0
OASIS_2,RandomForest,47,test,rotation__mild,rotation,mild,D:\OASIS_2\distortions_64\rotation\mild\Non_Demented\OAS2_0128\OAS2_0128_slice_03_z088.png,Non_Demented/OAS2_0128/OAS2_0128_slice_03_z088.png,Non-Demented/OAS2_0128/OAS2_0128_slice_03_z088.png,OAS2_0128,Non-Demented,0,0,Non-Demented,1,0.44219442043408025,0.3086828315471213,0.24912274801879802,0.0
OASIS_2,RandomForest,47,test,rotation__mild,rotation,mild,D:\OASIS_2\distortions_64\rotation\mild\Non_Demented\OAS2_0128\OAS2_0128_slice_04_z093.png,Non_Demented/OAS2_0128/OAS2_0128_slice_04_z093.png,Non-Demented/OAS2_0128/OAS2_0128_slice_04_z093.png,OAS2_0128,Non-Demented,0,0,Non-Demented,1,0.42172790971006313,0.29097225970701773,0.287299830582919,0.0
OASIS_2,RandomForest,47,test,rotation__mild,rotation,mild,D:\OASIS_2\distortions_64\rotation\mild\Non_Demented\OAS2_0128\OAS2_0128_slice_05_z098.png,Non_Demented/OAS2_0128/OAS2_0128_slice_05_z098.png,Non-Demented/OAS2_0128/OAS2_0128_slice_05_z098.png,OAS2_0128,Non-Demented,0,0,Non-Demented,1,0.4437205589803876,0.2835123492192463,0.27276709180036607,0.0
OASIS_2,RandomForest,47,test,rotation__mild,rotation,mild,D:\OASIS_2\distortions_64\rotation\mild\Non_Demented\OAS2_0128\OAS2_0128_slice_06_z104.png,Non_Demented/OAS2_0128/OAS2_0128_slice_06_z104.png,Non-Demented/OAS2_0128/OAS2_0128_slice_06_z104.png,OAS2_0128,Non-Demented,0,0,Non-Demented,1,0.48540124700693665,0.26194630632924143,0.2526524466638217,0.0
OASIS_2,RandomForest,47,test,rotation__mild,rotation,mild,D:\OASIS_2\distortions_64\rotation\mild\Non_Demented\OAS2_0128\OAS2_0128_slice_07_z109.png,Non_Demented/OAS2_0128/OAS2_0128_slice_07_z109.png,Non-Demented/OAS2_0128/OAS2_0128_slice_07_z109.png,OAS2_0128,Non-Demented,0,0,Non-Demented,1,0.5742921835878044,0.24539518407104202,0.18031263234115322,0.0
OASIS_2,RandomForest,47,test,rotation__mild,rotation,mild,D:\OASIS_2\distortions_64\rotation\mild\Non_Demented\OAS2_0128\OAS2_0128_slice_08_z114.png,Non_Demented/OAS2_0128/OAS2_0128_slice_08_z114.png,Non-Demented/OAS2_0128/OAS2_0128_slice_08_z114.png,OAS2_0128,Non-Demented,0,0,Non-Demented,1,0.5513926308186643,0.2879741842030833,0.16063318497825227,0.0
OASIS_2,RandomForest,47,test,rotation__mild,rotation,mild,D:\OASIS_2\distortions_64\rotation\mild\Non_Demented\OAS2_0128\OAS2_0128_slice_09_z120.png,Non_Demented/OAS2_0128/OAS2_0128_slice_09_z120.png,Non-Demented/OAS2_0128/OAS2_0128_slice_09_z120.png,OAS2_0128,Non-Demented,0,0,Non-Demented,1,0.5882208642124657,0.26017198622413495,0.1516071495633988,0.0
OASIS_2,RandomForest,47,test,rotation__mild,rotation,mild,D:\OASIS_2\distortions_64\rotation\mild\Non_Demented\OAS2_0128\OAS2_0128_slice_10_z125.png,Non_Demented/OAS2_0128/OAS2_0128_slice_10_z125.png,Non-Demented/OAS2_0128/OAS2_0128_slice_10_z125.png,OAS2_0128,Non-Demented,0,0,Non-Demented,1,0.6231865368115188,0.24257531917396583,0.13423814401451523,0.0
OASIS_2,RandomForest,47,test,rotation__mild,rotation,mild,D:\OASIS_2\distortions_64\rotation\mild\Non_Demented\OAS2_0128\OAS2_0128_slice_11_z130.png,Non_Demented/OAS2_0128/OAS2_0128_slice_11_z130.png,Non-Demented/OAS2_0128/OAS2_0128_slice_11_z130.png,OAS2_0128,Non-Demented,0,0,Non-Demented,1,0.6154431937682324,0.24408121608445923,0.14047559014730826,0.0
OASIS_2,RandomForest,47,test,rotation__mild,rotation,mild,D:\OASIS_2\distortions_64\rotation\mild\Non_Demented\OAS2_0128\OAS2_0128_slice_12_z135.png,Non_Demented/OAS2_0128/OAS2_0128_slice_12_z135.png,Non-Demented/OAS2_0128/OAS2_0128_slice_12_z135.png,OAS2_0128,Non-Demented,0,0,Non-Demented,1,0.6129434591221997,0.25222186560744625,0.1348346752703541,0.0
OASIS_2,RandomForest,47,test,rotation__mild,rotation,mild,D:\OASIS_2\distortions_64\rotation\mild\Non_Demented\OAS2_0128\OAS2_0128_slice_13_z141.png,Non_Demented/OAS2_0128/OAS2_0128_slice_13_z141.png,Non-Demented/OAS2_0128/OAS2_0128_slice_13_z141.png,OAS2_0128,Non-Demented,0,0,Non-Demented,1,0.5263032554731321,0.28443176318145136,0.1892649813454162,0.0
OASIS_2,RandomForest,47,test,rotation__mild,rotation,mild,D:\OASIS_2\distortions_64\rotation\mild\Non_Demented\OAS2_0128\OAS2_0128_slice_14_z146.png,Non_Demented/OAS2_0128/OAS2_0128_slice_14_z146.png,Non-Demented/OAS2_0128/OAS2_0128_slice_14_z146.png,OAS2_0128,Non-Demented,0,0,Non-Demented,1,0.4869719659693313,0.27123497407096975,0.2417930599596985,0.0
OASIS_2,RandomForest,47,test,rotation__mild,rotation,mild,D:\OASIS_2\distortions_64\rotation\mild\Non_Demented\OAS2_0128\OAS2_0128_slice_15_z151.png,Non_Demented/OAS2_0128/OAS2_0128_slice_15_z151.png,Non-Demented/OAS2_0128/OAS2_0128_slice_15_z151.png,OAS2_0128,Non-Demented,0,0,Non-Demented,1,0.47715653990557094,0.3224058565992072,0.20043760349522177,0.0
OASIS_2,RandomForest,47,test,rotation__mild,rotation,mild,D:\OASIS_2\distortions_64\rotation\mild\Non_Demented\OAS2_0128\OAS2_0128_slice_16_z157.png,Non_Demented/OAS2_0128/OAS2_0128_slice_16_z157.png,Non-Demented/OAS2_0128/OAS2_0128_slice_16_z157.png,OAS2_0128,Non-Demented,0,0,Non-Demented,1,0.4561885436240732,0.3196556673992111,0.2241557889767159,0.0
OASIS_2,RandomForest,47,test,rotation__mild,rotation,mild,D:\OASIS_2\distortions_64\rotation\mild\Non_Demented\OAS2_0128\OAS2_0128_slice_17_z162.png,Non_Demented/OAS2_0128/OAS2_0128_slice_17_z162.png,Non-Demented/OAS2_0128/OAS2_0128_slice_17_z162.png,OAS2_0128,Non-Demented,0,0,Non-Demented,1,0.4796880970112098,0.30938217747333424,0.2109297255154557,0.0
OASIS_2,RandomForest,47,test,rotation__mild,rotation,mild,D:\OASIS_2\distortions_64\rotation\mild\Non_Demented\OAS2_0128\OAS2_0128_slice_18_z167.png,Non_Demented/OAS2_0128/OAS2_0128_slice_18_z167.png,Non-Demented/OAS2_0128/OAS2_0128_slice_18_z167.png,OAS2_0128,Non-Demented,0,0,Non-Demented,1,0.44611258996237735,0.32673238872932675,0.22382168797496238,0.0033333333333333335
OASIS_2,RandomForest,47,test,rotation__mild,rotation,mild,D:\OASIS_2\distortions_64\rotation\mild\Non_Demented\OAS2_0128\OAS2_0128_slice_19_z173.png,Non_Demented/OAS2_0128/OAS2_0128_slice_19_z173.png,Non-Demented/OAS2_0128/OAS2_0128_slice_19_z173.png,OAS2_0128,Non-Demented,0,0,Non-Demented,1,0.4889224170238796,0.35758732189783377,0.1534902610782863,0.0
OASIS_2,RandomForest,47,test,rotation__mild,rotation,mild,D:\OASIS_2\distortions_64\rotation\mild\Non_Demented\OAS2_0128\OAS2_0128_slice_20_z178.png,Non_Demented/OAS2_0128/OAS2_0128_slice_20_z178.png,Non-Demented/OAS2_0128/OAS2_0128_slice_20_z178.png,OAS2_0128,Non-Demented,0,0,Non-Demented,1,0.4887937990020461,0.35653235668414074,0.1546738443138131,0.0
OASIS_2,RandomForest,47,test,rotation__mild,rotation,mild,D:\OASIS_2\distortions_64\rotation\mild\Non_Demented\OAS2_0135\OAS2_0135_slice_01_z077.png,Non_Demented/OAS2_0135/OAS2_0135_slice_01_z077.png,Non-Demented/OAS2_0135/OAS2_0135_slice_01_z077.png,OAS2_0135,Non-Demented,0,1,Very Mild Dementia,0,0.3970843507413205,0.4242447802198662,0.17867086903881335,0.0
OASIS_2,RandomForest,47,test,rotation__mild,rotation,mild,D:\OASIS_2\distortions_64\rotation\mild\Non_Demented\OAS2_0135\OAS2_0135_slice_02_z082.png,Non_Demented/OAS2_0135/OAS2_0135_slice_02_z082.png,Non-Demented/OAS2_0135/OAS2_0135_slice_02_z082.png,OAS2_0135,Non-Demented,0,1,Very Mild Dementia,0,0.43066704832571595,0.43133286727369285,0.13800008440059117,0.0
OASIS_2,RandomForest,47,test,rotation__mild,rotation,mild,D:\OASIS_2\distortions_64\rotation\mild\Non_Demented\OAS2_0135\OAS2_0135_slice_03_z088.png,Non_Demented/OAS2_0135/OAS2_0135_slice_03_z088.png,Non-Demented/OAS2_0135/OAS2_0135_slice_03_z088.png,OAS2_0135,Non-Demented,0,1,Very Mild Dementia,0,0.38904228497818344,0.4567197053751286,0.1542380096466879,0.0
OASIS_2,RandomForest,47,test,rotation__mild,rotation,mild,D:\OASIS_2\distortions_64\rotation\mild\Non_Demented\OAS2_0135\OAS2_0135_slice_04_z093.png,Non_Demented/OAS2_0135/OAS2_0135_slice_04_z093.png,Non-Demented/OAS2_0135/OAS2_0135_slice_04_z093.png,OAS2_0135,Non-Demented,0,1,Very Mild Dementia,0,0.40620896555759034,0.4662186131604272,0.12757242128198268,0.0
OASIS_2,RandomForest,47,test,rotation__mild,rotation,mild,D:\OASIS_2\distortions_64\rotation\mild\Non_Demented\OAS2_0135\OAS2_0135_slice_05_z098.png,Non_Demented/OAS2_0135/OAS2_0135_slice_05_z098.png,Non-Demented/OAS2_0135/OAS2_0135_slice_05_z098.png,OAS2_0135,Non-Demented,0,0,Non-Demented,1,0.4332066715997006,0.40331993120844717,0.16347339719185233,0.0
OASIS_2,RandomForest,47,test,rotation__mild,rotation,mild,D:\OASIS_2\distortions_64\rotation\mild\Non_Demented\OAS2_0135\OAS2_0135_slice_06_z104.png,Non_Demented/OAS2_0135/OAS2_0135_slice_06_z104.png,Non-Demented/OAS2_0135/OAS2_0135_slice_06_z104.png,OAS2_0135,Non-Demented,0,0,Non-Demented,1,0.4223044059075808,0.3957284965537933,0.1819670975386258,0.0
OASIS_2,RandomForest,47,test,rotation__mild,rotation,mild,D:\OASIS_2\distortions_64\rotation\mild\Non_Demented\OAS2_0135\OAS2_0135_slice_07_z109.png,Non_Demented/OAS2_0135/OAS2_0135_slice_07_z109.png,Non-Demented/OAS2_0135/OAS2_0135_slice_07_z109.png,OAS2_0135,Non-Demented,0,1,Very Mild Dementia,0,0.400555746145307,0.4338856928011423,0.1655585610535508,0.0
OASIS_2,RandomForest,47,test,rotation__mild,rotation,mild,D:\OASIS_2\distortions_64\rotation\mild\Non_Demented\OAS2_0135\OAS2_0135_slice_08_z114.png,Non_Demented/OAS2_0135/OAS2_0135_slice_08_z114.png,Non-Demented/OAS2_0135/OAS2_0135_slice_08_z114.png,OAS2_0135,Non-Demented,0,1,Very Mild Dementia,0,0.3857679376982913,0.3876988099419138,0.22653325235979493,0.0
OASIS_2,RandomForest,47,test,rotation__mild,rotation,mild,D:\OASIS_2\distortions_64\rotation\mild\Non_Demented\OAS2_0135\OAS2_0135_slice_09_z120.png,Non_Demented/OAS2_0135/OAS2_0135_slice_09_z120.png,Non-Demented/OAS2_0135/OAS2_0135_slice_09_z120.png,OAS2_0135,Non-Demented,0,1,Very Mild Dementia,0,0.36013952296916935,0.45568888185167794,0.18083826184581936,0.0033333333333333335
OASIS_2,RandomForest,47,test,rotation__mild,rotation,mild,D:\OASIS_2\distortions_64\rotation\mild\Non_Demented\OAS2_0135\OAS2_0135_slice_10_z125.png,Non_Demented/OAS2_0135/OAS2_0135_slice_10_z125.png,Non-Demented/OAS2_0135/OAS2_0135_slice_10_z125.png,OAS2_0135,Non-Demented,0,1,Very Mild Dementia,0,0.27143657133217824,0.527557185457879,0.20100624320994281,0.0
OASIS_2,RandomForest,47,test,rotation__mild,rotation,mild,D:\OASIS_2\distortions_64\rotation\mild\Non_Demented\OAS2_0135\OAS2_0135_slice_11_z130.png,Non_Demented/OAS2_0135/OAS2_0135_slice_11_z130.png,Non-Demented/OAS2_0135/OAS2_0135_slice_11_z130.png,OAS2_0135,Non-Demented,0,1,Very Mild Dementia,0,0.324140445105129,0.5228499454775898,0.15300960941728126,0.0
OASIS_2,RandomForest,47,test,rotation__mild,rotation,mild,D:\OASIS_2\distortions_64\rotation\mild\Non_Demented\OAS2_0135\OAS2_0135_slice_12_z135.png,Non_Demented/OAS2_0135/OAS2_0135_slice_12_z135.png,Non-Demented/OAS2_0135/OAS2_0135_slice_12_z135.png,OAS2_0135,Non-Demented,0,1,Very Mild Dementia,0,0.27488838239207664,0.5624906689263478,0.16262094868157548,0.0
OASIS_2,RandomForest,47,test,rotation__mild,rotation,mild,D:\OASIS_2\distortions_64\rotation\mild\Non_Demented\OAS2_0135\OAS2_0135_slice_13_z141.png,Non_Demented/OAS2_0135/OAS2_0135_slice_13_z141.png,Non-Demented/OAS2_0135/OAS2_0135_slice_13_z141.png,OAS2_0135,Non-Demented,0,1,Very Mild Dementia,0,0.2821284175682162,0.5879179764252148,0.12995360600656908,0.0
OASIS_2,RandomForest,47,test,rotation__mild,rotation,mild,D:\OASIS_2\distortions_64\rotation\mild\Non_Demented\OAS2_0135\OAS2_0135_slice_14_z146.png,Non_Demented/OAS2_0135/OAS2_0135_slice_14_z146.png,Non-Demented/OAS2_0135/OAS2_0135_slice_14_z146.png,OAS2_0135,Non-Demented,0,1,Very Mild Dementia,0,0.3047948255636772,0.5844773923051669,0.11072778213115564,0.0
OASIS_2,RandomForest,47,test,rotation__mild,rotation,mild,D:\OASIS_2\distortions_64\rotation\mild\Non_Demented\OAS2_0135\OAS2_0135_slice_15_z151.png,Non_Demented/OAS2_0135/OAS2_0135_slice_15_z151.png,Non-Demented/OAS2_0135/OAS2_0135_slice_15_z151.png,OAS2_0135,Non-Demented,0,1,Very Mild Dementia,0,0.2840542101339789,0.5673161046590907,0.14862968520693057,0.0
OASIS_2,RandomForest,47,test,rotation__mild,rotation,mild,D:\OASIS_2\distortions_64\rotation\mild\Non_Demented\OAS2_0135\OAS2_0135_slice_16_z157.png,Non_Demented/OAS2_0135/OAS2_0135_slice_16_z157.png,Non-Demented/OAS2_0135/OAS2_0135_slice_16_z157.png,OAS2_0135,Non-Demented,0,1,Very Mild Dementia,0,0.28900663693575895,0.536078902970989,0.171581126759919,0.0033333333333333335
OASIS_2,RandomForest,47,test,rotation__mild,rotation,mild,D:\OASIS_2\distortions_64\rotation\mild\Non_Demented\OAS2_0135\OAS2_0135_slice_17_z162.png,Non_Demented/OAS2_0135/OAS2_0135_slice_17_z162.png,Non-Demented/OAS2_0135/OAS2_0135_slice_17_z162.png,OAS2_0135,Non-Demented,0,1,Very Mild Dementia,0,0.3564740858183415,0.49314986463998034,0.14704271620834464,0.0033333333333333335
OASIS_2,RandomForest,47,test,rotation__mild,rotation,mild,D:\OASIS_2\distortions_64\rotation\mild\Non_Demented\OAS2_0135\OAS2_0135_slice_18_z167.png,Non_Demented/OAS2_0135/OAS2_0135_slice_18_z167.png,Non-Demented/OAS2_0135/OAS2_0135_slice_18_z167.png,OAS2_0135,Non-Demented,0,1,Very Mild Dementia,0,0.35461601089202266,0.4920979857484668,0.15328600335951031,0.0
OASIS_2,RandomForest,47,test,rotation__mild,rotation,mild,D:\OASIS_2\distortions_64\rotation\mild\Non_Demented\OAS2_0135\OAS2_0135_slice_19_z173.png,Non_Demented/OAS2_0135/OAS2_0135_slice_19_z173.png,Non-Demented/OAS2_0135/OAS2_0135_slice_19_z173.png,OAS2_0135,Non-Demented,0,1,Very Mild Dementia,0,0.3981039030973626,0.4388367652685965,0.16305933163404113,0.0
OASIS_2,RandomForest,47,test,rotation__mild,rotation,mild,D:\OASIS_2\distortions_64\rotation\mild\Non_Demented\OAS2_0135\OAS2_0135_slice_20_z178.png,Non_Demented/OAS2_0135/OAS2_0135_slice_20_z178.png,Non-Demented/OAS2_0135/OAS2_0135_slice_20_z178.png,OAS2_0135,Non-Demented,0,0,Non-Demented,1,0.43595098534281124,0.417827598818469,0.1462214158387197,0.0
OASIS_2,RandomForest,47,test,rotation__mild,rotation,mild,D:\OASIS_2\distortions_64\rotation\mild\Non_Demented\OAS2_0141\OAS2_0141_slice_01_z077.png,Non_Demented/OAS2_0141/OAS2_0141_slice_01_z077.png,Non-Demented/OAS2_0141/OAS2_0141_slice_01_z077.png,OAS2_0141,Non-Demented,0,0,Non-Demented,1,0.3990377484767365,0.31451421767971854,0.28644803384354506,0.0
OASIS_2,RandomForest,47,test,rotation__mild,rotation,mild,D:\OASIS_2\distortions_64\rotation\mild\Non_Demented\OAS2_0141\OAS2_0141_slice_02_z082.png,Non_Demented/OAS2_0141/OAS2_0141_slice_02_z082.png,Non-Demented/OAS2_0141/OAS2_0141_slice_02_z082.png,OAS2_0141,Non-Demented,0,0,Non-Demented,1,0.4125457526335181,0.31695782528674005,0.2704964220797419,0.0
OASIS_2,RandomForest,47,test,rotation__mild,rotation,mild,D:\OASIS_2\distortions_64\rotation\mild\Non_Demented\OAS2_0141\OAS2_0141_slice_03_z088.png,Non_Demented/OAS2_0141/OAS2_0141_slice_03_z088.png,Non-Demented/OAS2_0141/OAS2_0141_slice_03_z088.png,OAS2_0141,Non-Demented,0,0,Non-Demented,1,0.4199597789098787,0.3054633260312381,0.27457689505888294,0.0
OASIS_2,RandomForest,47,test,rotation__mild,rotation,mild,D:\OASIS_2\distortions_64\rotation\mild\Non_Demented\OAS2_0141\OAS2_0141_slice_04_z093.png,Non_Demented/OAS2_0141/OAS2_0141_slice_04_z093.png,Non-Demented/OAS2_0141/OAS2_0141_slice_04_z093.png,OAS2_0141,Non-Demented,0,0,Non-Demented,1,0.39916281393280845,0.30433240436210035,0.29650478170509104,0.0
OASIS_2,RandomForest,47,test,rotation__mild,rotation,mild,D:\OASIS_2\distortions_64\rotation\mild\Non_Demented\OAS2_0141\OAS2_0141_slice_05_z098.png,Non_Demented/OAS2_0141/OAS2_0141_slice_05_z098.png,Non-Demented/OAS2_0141/OAS2_0141_slice_05_z098.png,OAS2_0141,Non-Demented,0,0,Non-Demented,1,0.46560298967329894,0.27903508784056685,0.2553619224861339,0.0
OASIS_2,RandomForest,47,test,rotation__mild,rotation,mild,D:\OASIS_2\distortions_64\rotation\mild\Non_Demented\OAS2_0141\OAS2_0141_slice_06_z104.png,Non_Demented/OAS2_0141/OAS2_0141_slice_06_z104.png,Non-Demented/OAS2_0141/OAS2_0141_slice_06_z104.png,OAS2_0141,Non-Demented,0,0,Non-Demented,1,0.4536926493018166,0.31173040588907786,0.23457694480910532,0.0
OASIS_2,RandomForest,47,test,rotation__mild,rotation,mild,D:\OASIS_2\distortions_64\rotation\mild\Non_Demented\OAS2_0141\OAS2_0141_slice_07_z109.png,Non_Demented/OAS2_0141/OAS2_0141_slice_07_z109.png,Non-Demented/OAS2_0141/OAS2_0141_slice_07_z109.png,OAS2_0141,Non-Demented,0,0,Non-Demented,1,0.4328350158543752,0.30914022500152233,0.2580247591441026,0.0
OASIS_2,RandomForest,47,test,rotation__mild,rotation,mild,D:\OASIS_2\distortions_64\rotation\mild\Non_Demented\OAS2_0141\OAS2_0141_slice_08_z114.png,Non_Demented/OAS2_0141/OAS2_0141_slice_08_z114.png,Non-Demented/OAS2_0141/OAS2_0141_slice_08_z114.png,OAS2_0141,Non-Demented,0,0,Non-Demented,1,0.45212206192121407,0.3036323694723681,0.24424556860641772,0.0
OASIS_2,RandomForest,47,test,rotation__mild,rotation,mild,D:\OASIS_2\distortions_64\rotation\mild\Non_Demented\OAS2_0141\OAS2_0141_slice_09_z120.png,Non_Demented/OAS2_0141/OAS2_0141_slice_09_z120.png,Non-Demented/OAS2_0141/OAS2_0141_slice_09_z120.png,OAS2_0141,Non-Demented,0,0,Non-Demented,1,0.49562812876163764,0.2558841135107741,0.248487757727588,0.0
OASIS_2,RandomForest,47,test,rotation__mild,rotation,mild,D:\OASIS_2\distortions_64\rotation\mild\Non_Demented\OAS2_0141\OAS2_0141_slice_10_z125.png,Non_Demented/OAS2_0141/OAS2_0141_slice_10_z125.png,Non-Demented/OAS2_0141/OAS2_0141_slice_10_z125.png,OAS2_0141,Non-Demented,0,0,Non-Demented,1,0.5911207723475924,0.23154811613822116,0.17733111151418585,0.0
OASIS_2,RandomForest,47,test,rotation__mild,rotation,mild,D:\OASIS_2\distortions_64\rotation\mild\Non_Demented\OAS2_0141\OAS2_0141_slice_11_z130.png,Non_Demented/OAS2_0141/OAS2_0141_slice_11_z130.png,Non-Demented/OAS2_0141/OAS2_0141_slice_11_z130.png,OAS2_0141,Non-Demented,0,0,Non-Demented,1,0.6021653225770848,0.23969463081612205,0.15814004660679287,0.0
OASIS_2,RandomForest,47,test,rotation__mild,rotation,mild,D:\OASIS_2\distortions_64\rotation\mild\Non_Demented\OAS2_0141\OAS2_0141_slice_12_z135.png,Non_Demented/OAS2_0141/OAS2_0141_slice_12_z135.png,Non-Demented/OAS2_0141/OAS2_0141_slice_12_z135.png,OAS2_0141,Non-Demented,0,0,Non-Demented,1,0.6318070331301697,0.22433355677127415,0.14385941009855613,0.0
OASIS_2,RandomForest,47,test,rotation__mild,rotation,mild,D:\OASIS_2\distortions_64\rotation\mild\Non_Demented\OAS2_0141\OAS2_0141_slice_13_z141.png,Non_Demented/OAS2_0141/OAS2_0141_slice_13_z141.png,Non-Demented/OAS2_0141/OAS2_0141_slice_13_z141.png,OAS2_0141,Non-Demented,0,0,Non-Demented,1,0.6390578949880904,0.2277674013812955,0.13317470363061373,0.0
OASIS_2,RandomForest,47,test,rotation__mild,rotation,mild,D:\OASIS_2\distortions_64\rotation\mild\Non_Demented\OAS2_0141\OAS2_0141_slice_14_z146.png,Non_Demented/OAS2_0141/OAS2_0141_slice_14_z146.png,Non-Demented/OAS2_0141/OAS2_0141_slice_14_z146.png,OAS2_0141,Non-Demented,0,0,Non-Demented,1,0.626877805740909,0.24355434011095242,0.1295678541481384,0.0
OASIS_2,RandomForest,47,test,rotation__mild,rotation,mild,D:\OASIS_2\distortions_64\rotation\mild\Non_Demented\OAS2_0141\OAS2_0141_slice_15_z151.png,Non_Demented/OAS2_0141/OAS2_0141_slice_15_z151.png,Non-Demented/OAS2_0141/OAS2_0141_slice_15_z151.png,OAS2_0141,Non-Demented,0,0,Non-Demented,1,0.619987218538779,0.2277973508830784,0.1522154305781426,0.0
OASIS_2,RandomForest,47,test,rotation__mild,rotation,mild,D:\OASIS_2\distortions_64\rotation\mild\Non_Demented\OAS2_0141\OAS2_0141_slice_16_z157.png,Non_Demented/OAS2_0141/OAS2_0141_slice_16_z157.png,Non-Demented/OAS2_0141/OAS2_0141_slice_16_z157.png,OAS2_0141,Non-Demented,0,0,Non-Demented,1,0.6293640122625171,0.220371006218168,0.150264981519315,0.0
OASIS_2,RandomForest,47,test,rotation__mild,rotation,mild,D:\OASIS_2\distortions_64\rotation\mild\Non_Demented\OAS2_0141\OAS2_0141_slice_17_z162.png,Non_Demented/OAS2_0141/OAS2_0141_slice_17_z162.png,Non-Demented/OAS2_0141/OAS2_0141_slice_17_z162.png,OAS2_0141,Non-Demented,0,0,Non-Demented,1,0.6020621710612496,0.2119258336559956,0.18601199528275494,0.0
OASIS_2,RandomForest,47,test,rotation__mild,rotation,mild,D:\OASIS_2\distortions_64\rotation\mild\Non_Demented\OAS2_0141\OAS2_0141_slice_18_z167.png,Non_Demented/OAS2_0141/OAS2_0141_slice_18_z167.png,Non-Demented/OAS2_0141/OAS2_0141_slice_18_z167.png,OAS2_0141,Non-Demented,0,0,Non-Demented,1,0.5782234625822088,0.22332298259899716,0.19845355481879398,0.0
OASIS_2,RandomForest,47,test,rotation__mild,rotation,mild,D:\OASIS_2\distortions_64\rotation\mild\Non_Demented\OAS2_0141\OAS2_0141_slice_19_z173.png,Non_Demented/OAS2_0141/OAS2_0141_slice_19_z173.png,Non-Demented/OAS2_0141/OAS2_0141_slice_19_z173.png,OAS2_0141,Non-Demented,0,0,Non-Demented,1,0.4869748338105208,0.27845114398969323,0.23457402219978576,0.0
OASIS_2,RandomForest,47,test,rotation__mild,rotation,mild,D:\OASIS_2\distortions_64\rotation\mild\Non_Demented\OAS2_0141\OAS2_0141_slice_20_z178.png,Non_Demented/OAS2_0141/OAS2_0141_slice_20_z178.png,Non-Demented/OAS2_0141/OAS2_0141_slice_20_z178.png,OAS2_0141,Non-Demented,0,0,Non-Demented,1,0.4828139764069016,0.26711731187927784,0.2500687117138208,0.0
OASIS_2,RandomForest,47,test,rotation__mild,rotation,mild,D:\OASIS_2\distortions_64\rotation\mild\Non_Demented\OAS2_0171\OAS2_0171_slice_01_z077.png,Non_Demented/OAS2_0171/OAS2_0171_slice_01_z077.png,Non-Demented/OAS2_0171/OAS2_0171_slice_01_z077.png,OAS2_0171,Non-Demented,0,1,Very Mild Dementia,0,0.2999780468735737,0.5120420566937288,0.1846465630993642,0.0033333333333333335
OASIS_2,RandomForest,47,test,rotation__mild,rotation,mild,D:\OASIS_2\distortions_64\rotation\mild\Non_Demented\OAS2_0171\OAS2_0171_slice_02_z082.png,Non_Demented/OAS2_0171/OAS2_0171_slice_02_z082.png,Non-Demented/OAS2_0171/OAS2_0171_slice_02_z082.png,OAS2_0171,Non-Demented,0,1,Very Mild Dementia,0,0.2946186082855127,0.5046562509219569,0.20072514079253032,0.0
OASIS_2,RandomForest,47,test,rotation__mild,rotation,mild,D:\OASIS_2\distortions_64\rotation\mild\Non_Demented\OAS2_0171\OAS2_0171_slice_03_z088.png,Non_Demented/OAS2_0171/OAS2_0171_slice_03_z088.png,Non-Demented/OAS2_0171/OAS2_0171_slice_03_z088.png,OAS2_0171,Non-Demented,0,1,Very Mild Dementia,0,0.29494876087743443,0.5660716760055218,0.1389795631170439,0.0
OASIS_2,RandomForest,47,test,rotation__mild,rotation,mild,D:\OASIS_2\distortions_64\rotation\mild\Non_Demented\OAS2_0171\OAS2_0171_slice_04_z093.png,Non_Demented/OAS2_0171/OAS2_0171_slice_04_z093.png,Non-Demented/OAS2_0171/OAS2_0171_slice_04_z093.png,OAS2_0171,Non-Demented,0,1,Very Mild Dementia,0,0.3438852121321894,0.48347451253721374,0.16930694199726345,0.0033333333333333335
OASIS_2,RandomForest,47,test,rotation__mild,rotation,mild,D:\OASIS_2\distortions_64\rotation\mild\Non_Demented\OAS2_0171\OAS2_0171_slice_05_z098.png,Non_Demented/OAS2_0171/OAS2_0171_slice_05_z098.png,Non-Demented/OAS2_0171/OAS2_0171_slice_05_z098.png,OAS2_0171,Non-Demented,0,1,Very Mild Dementia,0,0.40621619910287726,0.45695875301433564,0.13682504788278707,0.0
OASIS_2,RandomForest,47,test,rotation__mild,rotation,mild,D:\OASIS_2\distortions_64\rotation\mild\Non_Demented\OAS2_0171\OAS2_0171_slice_06_z104.png,Non_Demented/OAS2_0171/OAS2_0171_slice_06_z104.png,Non-Demented/OAS2_0171/OAS2_0171_slice_06_z104.png,OAS2_0171,Non-Demented,0,1,Very Mild Dementia,0,0.3805220809420354,0.4913810005565593,0.12809691850140525,0.0
OASIS_2,RandomForest,47,test,rotation__mild,rotation,mild,D:\OASIS_2\distortions_64\rotation\mild\Non_Demented\OAS2_0171\OAS2_0171_slice_07_z109.png,Non_Demented/OAS2_0171/OAS2_0171_slice_07_z109.png,Non-Demented/OAS2_0171/OAS2_0171_slice_07_z109.png,OAS2_0171,Non-Demented,0,0,Non-Demented,1,0.44845856742822376,0.4115471719441892,0.13999426062758696,0.0
OASIS_2,RandomForest,47,test,rotation__mild,rotation,mild,D:\OASIS_2\distortions_64\rotation\mild\Non_Demented\OAS2_0171\OAS2_0171_slice_08_z114.png,Non_Demented/OAS2_0171/OAS2_0171_slice_08_z114.png,Non-Demented/OAS2_0171/OAS2_0171_slice_08_z114.png,OAS2_0171,Non-Demented,0,1,Very Mild Dementia,0,0.39240116314419604,0.45463879181986544,0.15296004503593832,0.0
OASIS_2,RandomForest,47,test,rotation__mild,rotation,mild,D:\OASIS_2\distortions_64\rotation\mild\Non_Demented\OAS2_0171\OAS2_0171_slice_09_z120.png,Non_Demented/OAS2_0171/OAS2_0171_slice_09_z120.png,Non-Demented/OAS2_0171/OAS2_0171_slice_09_z120.png,OAS2_0171,Non-Demented,0,1,Very Mild Dementia,0,0.3771011691373863,0.5053589493964928,0.11420654813278776,0.0033333333333333335
OASIS_2,RandomForest,47,test,rotation__mild,rotation,mild,D:\OASIS_2\distortions_64\rotation\mild\Non_Demented\OAS2_0171\OAS2_0171_slice_10_z125.png,Non_Demented/OAS2_0171/OAS2_0171_slice_10_z125.png,Non-Demented/OAS2_0171/OAS2_0171_slice_10_z125.png,OAS2_0171,Non-Demented,0,1,Very Mild Dementia,0,0.4558578894954395,0.46247576240453525,0.07833301476669197,0.0033333333333333335
OASIS_2,RandomForest,47,test,rotation__mild,rotation,mild,D:\OASIS_2\distortions_64\rotation\mild\Non_Demented\OAS2_0171\OAS2_0171_slice_11_z130.png,Non_Demented/OAS2_0171/OAS2_0171_slice_11_z130.png,Non-Demented/OAS2_0171/OAS2_0171_slice_11_z130.png,OAS2_0171,Non-Demented,0,0,Non-Demented,1,0.4707684761943967,0.41253088594463433,0.11670063786096894,0.0
OASIS_2,RandomForest,47,test,rotation__mild,rotation,mild,D:\OASIS_2\distortions_64\rotation\mild\Non_Demented\OAS2_0171\OAS2_0171_slice_12_z135.png,Non_Demented/OAS2_0171/OAS2_0171_slice_12_z135.png,Non-Demented/OAS2_0171/OAS2_0171_slice_12_z135.png,OAS2_0171,Non-Demented,0,0,Non-Demented,1,0.4652232156705873,0.39622664870289165,0.13521680229318758,0.0033333333333333335
OASIS_2,RandomForest,47,test,rotation__mild,rotation,mild,D:\OASIS_2\distortions_64\rotation\mild\Non_Demented\OAS2_0171\OAS2_0171_slice_13_z141.png,Non_Demented/OAS2_0171/OAS2_0171_slice_13_z141.png,Non-Demented/OAS2_0171/OAS2_0171_slice_13_z141.png,OAS2_0171,Non-Demented,0,0,Non-Demented,1,0.4664931790522931,0.44882271634837906,0.08468410459932785,0.0
OASIS_2,RandomForest,47,test,rotation__mild,rotation,mild,D:\OASIS_2\distortions_64\rotation\mild\Non_Demented\OAS2_0171\OAS2_0171_slice_14_z146.png,Non_Demented/OAS2_0171/OAS2_0171_slice_14_z146.png,Non-Demented/OAS2_0171/OAS2_0171_slice_14_z146.png,OAS2_0171,Non-Demented,0,0,Non-Demented,1,0.4493304450223156,0.41942019747914394,0.12791602416520695,0.0033333333333333335
OASIS_2,RandomForest,47,test,rotation__mild,rotation,mild,D:\OASIS_2\distortions_64\rotation\mild\Non_Demented\OAS2_0171\OAS2_0171_slice_15_z151.png,Non_Demented/OAS2_0171/OAS2_0171_slice_15_z151.png,Non-Demented/OAS2_0171/OAS2_0171_slice_15_z151.png,OAS2_0171,Non-Demented,0,0,Non-Demented,1,0.44754426738355574,0.40175696506029973,0.15069876755614456,0.0
OASIS_2,RandomForest,47,test,rotation__mild,rotation,mild,D:\OASIS_2\distortions_64\rotation\mild\Non_Demented\OAS2_0171\OAS2_0171_slice_16_z157.png,Non_Demented/OAS2_0171/OAS2_0171_slice_16_z157.png,Non-Demented/OAS2_0171/OAS2_0171_slice_16_z157.png,OAS2_0171,Non-Demented,0,1,Very Mild Dementia,0,0.4264080559842258,0.4585450020275292,0.11504694198824504,0.0
OASIS_2,RandomForest,47,test,rotation__mild,rotation,mild,D:\OASIS_2\distortions_64\rotation\mild\Non_Demented\OAS2_0171\OAS2_0171_slice_17_z162.png,Non_Demented/OAS2_0171/OAS2_0171_slice_17_z162.png,Non-Demented/OAS2_0171/OAS2_0171_slice_17_z162.png,OAS2_0171,Non-Demented,0,1,Very Mild Dementia,0,0.39291554494837394,0.4533786654987921,0.15370578955283393,0.0
OASIS_2,RandomForest,47,test,rotation__mild,rotation,mild,D:\OASIS_2\distortions_64\rotation\mild\Non_Demented\OAS2_0171\OAS2_0171_slice_18_z167.png,Non_Demented/OAS2_0171/OAS2_0171_slice_18_z167.png,Non-Demented/OAS2_0171/OAS2_0171_slice_18_z167.png,OAS2_0171,Non-Demented,0,1,Very Mild Dementia,0,0.3804245996258833,0.4802993468902046,0.1359427201505786,0.0033333333333333335
OASIS_2,RandomForest,47,test,rotation__mild,rotation,mild,D:\OASIS_2\distortions_64\rotation\mild\Non_Demented\OAS2_0171\OAS2_0171_slice_19_z173.png,Non_Demented/OAS2_0171/OAS2_0171_slice_19_z173.png,Non-Demented/OAS2_0171/OAS2_0171_slice_19_z173.png,OAS2_0171,Non-Demented,0,1,Very Mild Dementia,0,0.3678194239811249,0.45748468069142445,0.17469589532745095,0.0
OASIS_2,RandomForest,47,test,rotation__mild,rotation,mild,D:\OASIS_2\distortions_64\rotation\mild\Non_Demented\OAS2_0171\OAS2_0171_slice_20_z178.png,Non_Demented/OAS2_0171/OAS2_0171_slice_20_z178.png,Non-Demented/OAS2_0171/OAS2_0171_slice_20_z178.png,OAS2_0171,Non-Demented,0,1,Very Mild Dementia,0,0.4114756738468559,0.43089540824716666,0.15429558457264392,0.0033333333333333335
OASIS_2,RandomForest,47,test,rotation__mild,rotation,mild,D:\OASIS_2\distortions_64\rotation\mild\Very_Mild_Dementia\OAS2_0009\OAS2_0009_slice_01_z077.png,Very_Mild_Dementia/OAS2_0009/OAS2_0009_slice_01_z077.png,Very Mild Dementia/OAS2_0009/OAS2_0009_slice_01_z077.png,OAS2_0009,Very Mild Dementia,1,1,Very Mild Dementia,1,0.3507215172168984,0.38227794242223956,0.26366720702752877,0.0033333333333333335
OASIS_2,RandomForest,47,test,rotation__mild,rotation,mild,D:\OASIS_2\distortions_64\rotation\mild\Very_Mild_Dementia\OAS2_0009\OAS2_0009_slice_02_z082.png,Very_Mild_Dementia/OAS2_0009/OAS2_0009_slice_02_z082.png,Very Mild Dementia/OAS2_0009/OAS2_0009_slice_02_z082.png,OAS2_0009,Very Mild Dementia,1,1,Very Mild Dementia,1,0.3347252733164775,0.37639267143239935,0.2788820552511234,0.01
OASIS_2,RandomForest,47,test,rotation__mild,rotation,mild,D:\OASIS_2\distortions_64\rotation\mild\Very_Mild_Dementia\OAS2_0009\OAS2_0009_slice_03_z088.png,Very_Mild_Dementia/OAS2_0009/OAS2_0009_slice_03_z088.png,Very Mild Dementia/OAS2_0009/OAS2_0009_slice_03_z088.png,OAS2_0009,Very Mild Dementia,1,0,Non-Demented,0,0.39532409803670937,0.31894718860507776,0.28239538002487935,0.0033333333333333335
OASIS_2,RandomForest,47,test,rotation__mild,rotation,mild,D:\OASIS_2\distortions_64\rotation\mild\Very_Mild_Dementia\OAS2_0009\OAS2_0009_slice_04_z093.png,Very_Mild_Dementia/OAS2_0009/OAS2_0009_slice_04_z093.png,Very Mild Dementia/OAS2_0009/OAS2_0009_slice_04_z093.png,OAS2_0009,Very Mild Dementia,1,0,Non-Demented,0,0.3585834221954963,0.34090302243373743,0.2938468887040996,0.006666666666666667
OASIS_2,RandomForest,47,test,rotation__mild,rotation,mild,D:\OASIS_2\distortions_64\rotation\mild\Very_Mild_Dementia\OAS2_0009\OAS2_0009_slice_05_z098.png,Very_Mild_Dementia/OAS2_0009/OAS2_0009_slice_05_z098.png,Very Mild Dementia/OAS2_0009/OAS2_0009_slice_05_z098.png,OAS2_0009,Very Mild Dementia,1,0,Non-Demented,0,0.3916350646672745,0.31977614551705963,0.281922123148999,0.006666666666666667
OASIS_2,RandomForest,47,test,rotation__mild,rotation,mild,D:\OASIS_2\distortions_64\rotation\mild\Very_Mild_Dementia\OAS2_0009\OAS2_0009_slice_06_z104.png,Very_Mild_Dementia/OAS2_0009/OAS2_0009_slice_06_z104.png,Very Mild Dementia/OAS2_0009/OAS2_0009_slice_06_z104.png,OAS2_0009,Very Mild Dementia,1,0,Non-Demented,0,0.37889535690095616,0.29307337239368025,0.32803127070536364,0.0
OASIS_2,RandomForest,47,test,rotation__mild,rotation,mild,D:\OASIS_2\distortions_64\rotation\mild\Very_Mild_Dementia\OAS2_0009\OAS2_0009_slice_07_z109.png,Very_Mild_Dementia/OAS2_0009/OAS2_0009_slice_07_z109.png,Very Mild Dementia/OAS2_0009/OAS2_0009_slice_07_z109.png,OAS2_0009,Very Mild Dementia,1,0,Non-Demented,0,0.36060235069434937,0.2907883718398019,0.34194261079918226,0.006666666666666667
OASIS_2,RandomForest,47,test,rotation__mild,rotation,mild,D:\OASIS_2\distortions_64\rotation\mild\Very_Mild_Dementia\OAS2_0009\OAS2_0009_slice_08_z114.png,Very_Mild_Dementia/OAS2_0009/OAS2_0009_slice_08_z114.png,Very Mild Dementia/OAS2_0009/OAS2_0009_slice_08_z114.png,OAS2_0009,Very Mild Dementia,1,0,Non-Demented,0,0.3589493379652609,0.30272769296733254,0.33498963573407325,0.0033333333333333335
OASIS_2,RandomForest,47,test,rotation__mild,rotation,mild,D:\OASIS_2\distortions_64\rotation\mild\Very_Mild_Dementia\OAS2_0009\OAS2_0009_slice_09_z120.png,Very_Mild_Dementia/OAS2_0009/OAS2_0009_slice_09_z120.png,Very Mild Dementia/OAS2_0009/OAS2_0009_slice_09_z120.png,OAS2_0009,Very Mild Dementia,1,2,Mild Dementia,0,0.3334769310732487,0.3000071367053849,0.36318259888803306,0.0033333333333333335
OASIS_2,RandomForest,47,test,rotation__mild,rotation,mild,D:\OASIS_2\distortions_64\rotation\mild\Very_Mild_Dementia\OAS2_0009\OAS2_0009_slice_10_z125.png,Very_Mild_Dementia/OAS2_0009/OAS2_0009_slice_10_z125.png,Very Mild Dementia/OAS2_0009/OAS2_0009_slice_10_z125.png,OAS2_0009,Very Mild Dementia,1,0,Non-Demented,0,0.35556746108442716,0.3376792679418481,0.30341993764039155,0.0033333333333333335
OASIS_2,RandomForest,47,test,rotation__mild,rotation,mild,D:\OASIS_2\distortions_64\rotation\mild\Very_Mild_Dementia\OAS2_0009\OAS2_0009_slice_11_z130.png,Very_Mild_Dementia/OAS2_0009/OAS2_0009_slice_11_z130.png,Very Mild Dementia/OAS2_0009/OAS2_0009_slice_11_z130.png,OAS2_0009,Very Mild Dementia,1,0,Non-Demented,0,0.37854494806758704,0.30358102440379103,0.3112073608619552,0.006666666666666667
OASIS_2,RandomForest,47,test,rotation__mild,rotation,mild,D:\OASIS_2\distortions_64\rotation\mild\Very_Mild_Dementia\OAS2_0009\OAS2_0009_slice_12_z135.png,Very_Mild_Dementia/OAS2_0009/OAS2_0009_slice_12_z135.png,Very Mild Dementia/OAS2_0009/OAS2_0009_slice_12_z135.png,OAS2_0009,Very Mild Dementia,1,0,Non-Demented,0,0.4358713011218876,0.2958261696619671,0.2683025292161451,0.0
OASIS_2,RandomForest,47,test,rotation__mild,rotation,mild,D:\OASIS_2\distortions_64\rotation\mild\Very_Mild_Dementia\OAS2_0009\OAS2_0009_slice_13_z141.png,Very_Mild_Dementia/OAS2_0009/OAS2_0009_slice_13_z141.png,Very Mild Dementia/OAS2_0009/OAS2_0009_slice_13_z141.png,OAS2_0009,Very Mild Dementia,1,0,Non-Demented,0,0.43328184445010637,0.33181040205781887,0.23490775349207457,0.0
OASIS_2,RandomForest,47,test,rotation__mild,rotation,mild,D:\OASIS_2\distortions_64\rotation\mild\Very_Mild_Dementia\OAS2_0009\OAS2_0009_slice_14_z146.png,Very_Mild_Dementia/OAS2_0009/OAS2_0009_slice_14_z146.png,Very Mild Dementia/OAS2_0009/OAS2_0009_slice_14_z146.png,OAS2_0009,Very Mild Dementia,1,0,Non-Demented,0,0.43440265971010517,0.31500153391429314,0.2505958063756018,0.0
OASIS_2,RandomForest,47,test,rotation__mild,rotation,mild,D:\OASIS_2\distortions_64\rotation\mild\Very_Mild_Dementia\OAS2_0009\OAS2_0009_slice_15_z151.png,Very_Mild_Dementia/OAS2_0009/OAS2_0009_slice_15_z151.png,Very Mild Dementia/OAS2_0009/OAS2_0009_slice_15_z151.png,OAS2_0009,Very Mild Dementia,1,0,Non-Demented,0,0.4898798038431654,0.30952398179504204,0.2005962143617925,0.0
OASIS_2,RandomForest,47,test,rotation__mild,rotation,mild,D:\OASIS_2\distortions_64\rotation\mild\Very_Mild_Dementia\OAS2_0009\OAS2_0009_slice_16_z157.png,Very_Mild_Dementia/OAS2_0009/OAS2_0009_slice_16_z157.png,Very Mild Dementia/OAS2_0009/OAS2_0009_slice_16_z157.png,OAS2_0009,Very Mild Dementia,1,0,Non-Demented,0,0.5344747768078845,0.2985113035017555,0.16701391969036036,0.0
OASIS_2,RandomForest,47,test,rotation__mild,rotation,mild,D:\OASIS_2\distortions_64\rotation\mild\Very_Mild_Dementia\OAS2_0009\OAS2_0009_slice_17_z162.png,Very_Mild_Dementia/OAS2_0009/OAS2_0009_slice_17_z162.png,Very Mild Dementia/OAS2_0009/OAS2_0009_slice_17_z162.png,OAS2_0009,Very Mild Dementia,1,0,Non-Demented,0,0.5074158016372835,0.3015815828336143,0.19100261552910217,0.0
OASIS_2,RandomForest,47,test,rotation__mild,rotation,mild,D:\OASIS_2\distortions_64\rotation\mild\Very_Mild_Dementia\OAS2_0009\OAS2_0009_slice_18_z167.png,Very_Mild_Dementia/OAS2_0009/OAS2_0009_slice_18_z167.png,Very Mild Dementia/OAS2_0009/OAS2_0009_slice_18_z167.png,OAS2_0009,Very Mild Dementia,1,0,Non-Demented,0,0.4861649613868701,0.3398318961142094,0.16733647583225364,0.006666666666666667
OASIS_2,RandomForest,47,test,rotation__mild,rotation,mild,D:\OASIS_2\distortions_64\rotation\mild\Very_Mild_Dementia\OAS2_0009\OAS2_0009_slice_19_z173.png,Very_Mild_Dementia/OAS2_0009/OAS2_0009_slice_19_z173.png,Very Mild Dementia/OAS2_0009/OAS2_0009_slice_19_z173.png,OAS2_0009,Very Mild Dementia,1,0,Non-Demented,0,0.47320793147237095,0.3466673591952963,0.18012470933233254,0.0
OASIS_2,RandomForest,47,test,rotation__mild,rotation,mild,D:\OASIS_2\distortions_64\rotation\mild\Very_Mild_Dementia\OAS2_0009\OAS2_0009_slice_20_z178.png,Very_Mild_Dementia/OAS2_0009/OAS2_0009_slice_20_z178.png,Very Mild Dementia/OAS2_0009/OAS2_0009_slice_20_z178.png,OAS2_0009,Very Mild Dementia,1,0,Non-Demented,0,0.30060198468320903,0.23185082666078766,0.29421385532267014,0.17333333333333334
OASIS_2,RandomForest,47,test,rotation__mild,rotation,mild,D:\OASIS_2\distortions_64\rotation\mild\Very_Mild_Dementia\OAS2_0020\OAS2_0020_slice_01_z077.png,Very_Mild_Dementia/OAS2_0020/OAS2_0020_slice_01_z077.png,Very Mild Dementia/OAS2_0020/OAS2_0020_slice_01_z077.png,OAS2_0020,Very Mild Dementia,1,0,Non-Demented,0,0.44891732571257126,0.3905798072582164,0.1605028670292122,0.0
OASIS_2,RandomForest,47,test,rotation__mild,rotation,mild,D:\OASIS_2\distortions_64\rotation\mild\Very_Mild_Dementia\OAS2_0020\OAS2_0020_slice_02_z082.png,Very_Mild_Dementia/OAS2_0020/OAS2_0020_slice_02_z082.png,Very Mild Dementia/OAS2_0020/OAS2_0020_slice_02_z082.png,OAS2_0020,Very Mild Dementia,1,0,Non-Demented,0,0.44135128478696356,0.3874314618896408,0.1712172533233956,0.0
OASIS_2,RandomForest,47,test,rotation__mild,rotation,mild,D:\OASIS_2\distortions_64\rotation\mild\Very_Mild_Dementia\OAS2_0020\OAS2_0020_slice_03_z088.png,Very_Mild_Dementia/OAS2_0020/OAS2_0020_slice_03_z088.png,Very Mild Dementia/OAS2_0020/OAS2_0020_slice_03_z088.png,OAS2_0020,Very Mild Dementia,1,1,Very Mild Dementia,1,0.3819299643960996,0.47158862435319937,0.14648141125070124,0.0
OASIS_2,RandomForest,47,test,rotation__mild,rotation,mild,D:\OASIS_2\distortions_64\rotation\mild\Very_Mild_Dementia\OAS2_0020\OAS2_0020_slice_04_z093.png,Very_Mild_Dementia/OAS2_0020/OAS2_0020_slice_04_z093.png,Very Mild Dementia/OAS2_0020/OAS2_0020_slice_04_z093.png,OAS2_0020,Very Mild Dementia,1,0,Non-Demented,0,0.4966407301355917,0.3841506459669036,0.1192086238975039,0.0
OASIS_2,RandomForest,47,test,rotation__mild,rotation,mild,D:\OASIS_2\distortions_64\rotation\mild\Very_Mild_Dementia\OAS2_0020\OAS2_0020_slice_05_z098.png,Very_Mild_Dementia/OAS2_0020/OAS2_0020_slice_05_z098.png,Very Mild Dementia/OAS2_0020/OAS2_0020_slice_05_z098.png,OAS2_0020,Very Mild Dementia,1,1,Very Mild Dementia,1,0.4055107434781835,0.4167922193307131,0.17769703719110339,0.0
OASIS_2,RandomForest,47,test,rotation__mild,rotation,mild,D:\OASIS_2\distortions_64\rotation\mild\Very_Mild_Dementia\OAS2_0020\OAS2_0020_slice_06_z104.png,Very_Mild_Dementia/OAS2_0020/OAS2_0020_slice_06_z104.png,Very Mild Dementia/OAS2_0020/OAS2_0020_slice_06_z104.png,OAS2_0020,Very Mild Dementia,1,1,Very Mild Dementia,1,0.39229394891810593,0.4330808972744336,0.17462515380746027,0.0
OASIS_2,RandomForest,47,test,rotation__mild,rotation,mild,D:\OASIS_2\distortions_64\rotation\mild\Very_Mild_Dementia\OAS2_0020\OAS2_0020_slice_07_z109.png,Very_Mild_Dementia/OAS2_0020/OAS2_0020_slice_07_z109.png,Very Mild Dementia/OAS2_0020/OAS2_0020_slice_07_z109.png,OAS2_0020,Very Mild Dementia,1,1,Very Mild Dementia,1,0.3965994749590098,0.4597388988279985,0.14366162621299214,0.0
OASIS_2,RandomForest,47,test,rotation__mild,rotation,mild,D:\OASIS_2\distortions_64\rotation\mild\Very_Mild_Dementia\OAS2_0020\OAS2_0020_slice_08_z114.png,Very_Mild_Dementia/OAS2_0020/OAS2_0020_slice_08_z114.png,Very Mild Dementia/OAS2_0020/OAS2_0020_slice_08_z114.png,OAS2_0020,Very Mild Dementia,1,1,Very Mild Dementia,1,0.396343062735768,0.48617790706180186,0.11747903020243003,0.0
OASIS_2,RandomForest,47,test,rotation__mild,rotation,mild,D:\OASIS_2\distortions_64\rotation\mild\Very_Mild_Dementia\OAS2_0020\OAS2_0020_slice_09_z120.png,Very_Mild_Dementia/OAS2_0020/OAS2_0020_slice_09_z120.png,Very Mild Dementia/OAS2_0020/OAS2_0020_slice_09_z120.png,OAS2_0020,Very Mild Dementia,1,0,Non-Demented,0,0.4638742802870234,0.3550369172177053,0.18108880249527112,0.0
OASIS_2,RandomForest,47,test,rotation__mild,rotation,mild,D:\OASIS_2\distortions_64\rotation\mild\Very_Mild_Dementia\OAS2_0020\OAS2_0020_slice_10_z125.png,Very_Mild_Dementia/OAS2_0020/OAS2_0020_slice_10_z125.png,Very Mild Dementia/OAS2_0020/OAS2_0020_slice_10_z125.png,OAS2_0020,Very Mild Dementia,1,0,Non-Demented,0,0.431823664926093,0.3708003836571205,0.19737595141678638,0.0
OASIS_2,RandomForest,47,test,rotation__mild,rotation,mild,D:\OASIS_2\distortions_64\rotation\mild\Very_Mild_Dementia\OAS2_0020\OAS2_0020_slice_11_z130.png,Very_Mild_Dementia/OAS2_0020/OAS2_0020_slice_11_z130.png,Very Mild Dementia/OAS2_0020/OAS2_0020_slice_11_z130.png,OAS2_0020,Very Mild Dementia,1,0,Non-Demented,0,0.48914415174864273,0.38486685679781607,0.12598899145354092,0.0
OASIS_2,RandomForest,47,test,rotation__mild,rotation,mild,D:\OASIS_2\distortions_64\rotation\mild\Very_Mild_Dementia\OAS2_0020\OAS2_0020_slice_12_z135.png,Very_Mild_Dementia/OAS2_0020/OAS2_0020_slice_12_z135.png,Very Mild Dementia/OAS2_0020/OAS2_0020_slice_12_z135.png,OAS2_0020,Very Mild Dementia,1,0,Non-Demented,0,0.48113385937603187,0.38741091935271926,0.13145522127124865,0.0
OASIS_2,RandomForest,47,test,rotation__mild,rotation,mild,D:\OASIS_2\distortions_64\rotation\mild\Very_Mild_Dementia\OAS2_0020\OAS2_0020_slice_13_z141.png,Very_Mild_Dementia/OAS2_0020/OAS2_0020_slice_13_z141.png,Very Mild Dementia/OAS2_0020/OAS2_0020_slice_13_z141.png,OAS2_0020,Very Mild Dementia,1,0,Non-Demented,0,0.5334472307762305,0.3573223704733758,0.1092303987503933,0.0
OASIS_2,RandomForest,47,test,rotation__mild,rotation,mild,D:\OASIS_2\distortions_64\rotation\mild\Very_Mild_Dementia\OAS2_0020\OAS2_0020_slice_14_z146.png,Very_Mild_Dementia/OAS2_0020/OAS2_0020_slice_14_z146.png,Very Mild Dementia/OAS2_0020/OAS2_0020_slice_14_z146.png,OAS2_0020,Very Mild Dementia,1,0,Non-Demented,0,0.5281306847832128,0.3643314793765631,0.10753783584022396,0.0
OASIS_2,RandomForest,47,test,rotation__mild,rotation,mild,D:\OASIS_2\distortions_64\rotation\mild\Very_Mild_Dementia\OAS2_0020\OAS2_0020_slice_15_z151.png,Very_Mild_Dementia/OAS2_0020/OAS2_0020_slice_15_z151.png,Very Mild Dementia/OAS2_0020/OAS2_0020_slice_15_z151.png,OAS2_0020,Very Mild Dementia,1,0,Non-Demented,0,0.5457483288689733,0.36739802760431206,0.08685364352671457,0.0
OASIS_2,RandomForest,47,test,rotation__mild,rotation,mild,D:\OASIS_2\distortions_64\rotation\mild\Very_Mild_Dementia\OAS2_0020\OAS2_0020_slice_16_z157.png,Very_Mild_Dementia/OAS2_0020/OAS2_0020_slice_16_z157.png,Very Mild Dementia/OAS2_0020/OAS2_0020_slice_16_z157.png,OAS2_0020,Very Mild Dementia,1,0,Non-Demented,0,0.5111678111832831,0.4069651973626784,0.08186699145403821,0.0
OASIS_2,RandomForest,47,test,rotation__mild,rotation,mild,D:\OASIS_2\distortions_64\rotation\mild\Very_Mild_Dementia\OAS2_0020\OAS2_0020_slice_17_z162.png,Very_Mild_Dementia/OAS2_0020/OAS2_0020_slice_17_z162.png,Very Mild Dementia/OAS2_0020/OAS2_0020_slice_17_z162.png,OAS2_0020,Very Mild Dementia,1,0,Non-Demented,0,0.4726095315881256,0.43853317436816885,0.08885729404370532,0.0
OASIS_2,RandomForest,47,test,rotation__mild,rotation,mild,D:\OASIS_2\distortions_64\rotation\mild\Very_Mild_Dementia\OAS2_0020\OAS2_0020_slice_18_z167.png,Very_Mild_Dementia/OAS2_0020/OAS2_0020_slice_18_z167.png,Very Mild Dementia/OAS2_0020/OAS2_0020_slice_18_z167.png,OAS2_0020,Very Mild Dementia,1,0,Non-Demented,0,0.4805061642001787,0.4352907418275507,0.08420309397227027,0.0
OASIS_2,RandomForest,47,test,rotation__mild,rotation,mild,D:\OASIS_2\distortions_64\rotation\mild\Very_Mild_Dementia\OAS2_0020\OAS2_0020_slice_19_z173.png,Very_Mild_Dementia/OAS2_0020/OAS2_0020_slice_19_z173.png,Very Mild Dementia/OAS2_0020/OAS2_0020_slice_19_z173.png,OAS2_0020,Very Mild Dementia,1,0,Non-Demented,0,0.5235503304382124,0.3805336285691459,0.09591604099264132,0.0
OASIS_2,RandomForest,47,test,rotation__mild,rotation,mild,D:\OASIS_2\distortions_64\rotation\mild\Very_Mild_Dementia\OAS2_0020\OAS2_0020_slice_20_z178.png,Very_Mild_Dementia/OAS2_0020/OAS2_0020_slice_20_z178.png,Very Mild Dementia/OAS2_0020/OAS2_0020_slice_20_z178.png,OAS2_0020,Very Mild Dementia,1,0,Non-Demented,0,0.5108661004182171,0.4145085653809956,0.07462533420078725,0.0
OASIS_2,RandomForest,47,test,rotation__mild,rotation,mild,D:\OASIS_2\distortions_64\rotation\mild\Very_Mild_Dementia\OAS2_0021\OAS2_0021_slice_01_z077.png,Very_Mild_Dementia/OAS2_0021/OAS2_0021_slice_01_z077.png,Very Mild Dementia/OAS2_0021/OAS2_0021_slice_01_z077.png,OAS2_0021,Very Mild Dementia,1,0,Non-Demented,0,0.4095996208944739,0.3475724204311942,0.23616129200766522,0.006666666666666667
OASIS_2,RandomForest,47,test,rotation__mild,rotation,mild,D:\OASIS_2\distortions_64\rotation\mild\Very_Mild_Dementia\OAS2_0021\OAS2_0021_slice_02_z082.png,Very_Mild_Dementia/OAS2_0021/OAS2_0021_slice_02_z082.png,Very Mild Dementia/OAS2_0021/OAS2_0021_slice_02_z082.png,OAS2_0021,Very Mild Dementia,1,1,Very Mild Dementia,1,0.37702138075180724,0.41255993028811677,0.21041868896007596,0.0
OASIS_2,RandomForest,47,test,rotation__mild,rotation,mild,D:\OASIS_2\distortions_64\rotation\mild\Very_Mild_Dementia\OAS2_0021\OAS2_0021_slice_03_z088.png,Very_Mild_Dementia/OAS2_0021/OAS2_0021_slice_03_z088.png,Very Mild Dementia/OAS2_0021/OAS2_0021_slice_03_z088.png,OAS2_0021,Very Mild Dementia,1,1,Very Mild Dementia,1,0.3189849508086703,0.5158290170250875,0.13518603216624225,0.03
OASIS_2,RandomForest,47,test,rotation__mild,rotation,mild,D:\OASIS_2\distortions_64\rotation\mild\Very_Mild_Dementia\OAS2_0021\OAS2_0021_slice_04_z093.png,Very_Mild_Dementia/OAS2_0021/OAS2_0021_slice_04_z093.png,Very Mild Dementia/OAS2_0021/OAS2_0021_slice_04_z093.png,OAS2_0021,Very Mild Dementia,1,1,Very Mild Dementia,1,0.3002942096784113,0.5413321214731309,0.14837366884845796,0.01
OASIS_2,RandomForest,47,test,rotation__mild,rotation,mild,D:\OASIS_2\distortions_64\rotation\mild\Very_Mild_Dementia\OAS2_0021\OAS2_0021_slice_05_z098.png,Very_Mild_Dementia/OAS2_0021/OAS2_0021_slice_05_z098.png,Very Mild Dementia/OAS2_0021/OAS2_0021_slice_05_z098.png,OAS2_0021,Very Mild Dementia,1,1,Very Mild Dementia,1,0.3109325149657077,0.5443765761902827,0.14135757551067604,0.0033333333333333335
OASIS_2,RandomForest,47,test,rotation__mild,rotation,mild,D:\OASIS_2\distortions_64\rotation\mild\Very_Mild_Dementia\OAS2_0021\OAS2_0021_slice_06_z104.png,Very_Mild_Dementia/OAS2_0021/OAS2_0021_slice_06_z104.png,Very Mild Dementia/OAS2_0021/OAS2_0021_slice_06_z104.png,OAS2_0021,Very Mild Dementia,1,1,Very Mild Dementia,1,0.27896688185170065,0.5719395364857013,0.14242691499593138,0.006666666666666667
OASIS_2,RandomForest,47,test,rotation__mild,rotation,mild,D:\OASIS_2\distortions_64\rotation\mild\Very_Mild_Dementia\OAS2_0021\OAS2_0021_slice_07_z109.png,Very_Mild_Dementia/OAS2_0021/OAS2_0021_slice_07_z109.png,Very Mild Dementia/OAS2_0021/OAS2_0021_slice_07_z109.png,OAS2_0021,Very Mild Dementia,1,1,Very Mild Dementia,1,0.25817646807171146,0.585160012685609,0.15666351924267935,0.0
OASIS_2,RandomForest,47,test,rotation__mild,rotation,mild,D:\OASIS_2\distortions_64\rotation\mild\Very_Mild_Dementia\OAS2_0021\OAS2_0021_slice_08_z114.png,Very_Mild_Dementia/OAS2_0021/OAS2_0021_slice_08_z114.png,Very Mild Dementia/OAS2_0021/OAS2_0021_slice_08_z114.png,OAS2_0021,Very Mild Dementia,1,1,Very Mild Dementia,1,0.3019247706535826,0.5454760928623033,0.14926580315078083,0.0033333333333333335
OASIS_2,RandomForest,47,test,rotation__mild,rotation,mild,D:\OASIS_2\distortions_64\rotation\mild\Very_Mild_Dementia\OAS2_0021\OAS2_0021_slice_09_z120.png,Very_Mild_Dementia/OAS2_0021/OAS2_0021_slice_09_z120.png,Very Mild Dementia/OAS2_0021/OAS2_0021_slice_09_z120.png,OAS2_0021,Very Mild Dementia,1,1,Very Mild Dementia,1,0.24432113451129897,0.6392885640173754,0.11639030147132567,0.0
OASIS_2,RandomForest,47,test,rotation__mild,rotation,mild,D:\OASIS_2\distortions_64\rotation\mild\Very_Mild_Dementia\OAS2_0021\OAS2_0021_slice_10_z125.png,Very_Mild_Dementia/OAS2_0021/OAS2_0021_slice_10_z125.png,Very Mild Dementia/OAS2_0021/OAS2_0021_slice_10_z125.png,OAS2_0021,Very Mild Dementia,1,1,Very Mild Dementia,1,0.25095858532599685,0.5983477698230356,0.15069364485096745,0.0
OASIS_2,RandomForest,47,test,rotation__mild,rotation,mild,D:\OASIS_2\distortions_64\rotation\mild\Very_Mild_Dementia\OAS2_0021\OAS2_0021_slice_11_z130.png,Very_Mild_Dementia/OAS2_0021/OAS2_0021_slice_11_z130.png,Very Mild Dementia/OAS2_0021/OAS2_0021_slice_11_z130.png,OAS2_0021,Very Mild Dementia,1,1,Very Mild Dementia,1,0.27355888316408095,0.5700990494111593,0.15634206742475967,0.0
OASIS_2,RandomForest,47,test,rotation__mild,rotation,mild,D:\OASIS_2\distortions_64\rotation\mild\Very_Mild_Dementia\OAS2_0021\OAS2_0021_slice_12_z135.png,Very_Mild_Dementia/OAS2_0021/OAS2_0021_slice_12_z135.png,Very Mild Dementia/OAS2_0021/OAS2_0021_slice_12_z135.png,OAS2_0021,Very Mild Dementia,1,1,Very Mild Dementia,1,0.25062194384748243,0.6033994826129082,0.14264524020627595,0.0033333333333333335
OASIS_2,RandomForest,47,test,rotation__mild,rotation,mild,D:\OASIS_2\distortions_64\rotation\mild\Very_Mild_Dementia\OAS2_0021\OAS2_0021_slice_13_z141.png,Very_Mild_Dementia/OAS2_0021/OAS2_0021_slice_13_z141.png,Very Mild Dementia/OAS2_0021/OAS2_0021_slice_13_z141.png,OAS2_0021,Very Mild Dementia,1,1,Very Mild Dementia,1,0.2494671407385365,0.63063640317998,0.11989645608148325,0.0
OASIS_2,RandomForest,47,test,rotation__mild,rotation,mild,D:\OASIS_2\distortions_64\rotation\mild\Very_Mild_Dementia\OAS2_0021\OAS2_0021_slice_14_z146.png,Very_Mild_Dementia/OAS2_0021/OAS2_0021_slice_14_z146.png,Very Mild Dementia/OAS2_0021/OAS2_0021_slice_14_z146.png,OAS2_0021,Very Mild Dementia,1,1,Very Mild Dementia,1,0.23668521749011623,0.6182212972190126,0.1450934852908709,0.0
OASIS_2,RandomForest,47,test,rotation__mild,rotation,mild,D:\OASIS_2\distortions_64\rotation\mild\Very_Mild_Dementia\OAS2_0021\OAS2_0021_slice_15_z151.png,Very_Mild_Dementia/OAS2_0021/OAS2_0021_slice_15_z151.png,Very Mild Dementia/OAS2_0021/OAS2_0021_slice_15_z151.png,OAS2_0021,Very Mild Dementia,1,1,Very Mild Dementia,1,0.22008703334885785,0.644456024130899,0.13545694252024315,0.0
OASIS_2,RandomForest,47,test,rotation__mild,rotation,mild,D:\OASIS_2\distortions_64\rotation\mild\Very_Mild_Dementia\OAS2_0021\OAS2_0021_slice_16_z157.png,Very_Mild_Dementia/OAS2_0021/OAS2_0021_slice_16_z157.png,Very Mild Dementia/OAS2_0021/OAS2_0021_slice_16_z157.png,OAS2_0021,Very Mild Dementia,1,1,Very Mild Dementia,1,0.1880199567396766,0.6656067913051312,0.14303991862185853,0.0033333333333333335
OASIS_2,RandomForest,47,test,rotation__mild,rotation,mild,D:\OASIS_2\distortions_64\rotation\mild\Very_Mild_Dementia\OAS2_0021\OAS2_0021_slice_17_z162.png,Very_Mild_Dementia/OAS2_0021/OAS2_0021_slice_17_z162.png,Very Mild Dementia/OAS2_0021/OAS2_0021_slice_17_z162.png,OAS2_0021,Very Mild Dementia,1,1,Very Mild Dementia,1,0.21850882440594568,0.651171265904663,0.12698657635605767,0.0033333333333333335
OASIS_2,RandomForest,47,test,rotation__mild,rotation,mild,D:\OASIS_2\distortions_64\rotation\mild\Very_Mild_Dementia\OAS2_0021\OAS2_0021_slice_18_z167.png,Very_Mild_Dementia/OAS2_0021/OAS2_0021_slice_18_z167.png,Very Mild Dementia/OAS2_0021/OAS2_0021_slice_18_z167.png,OAS2_0021,Very Mild Dementia,1,1,Very Mild Dementia,1,0.23665787486765852,0.6506634246888218,0.11267870044351921,0.0
OASIS_2,RandomForest,47,test,rotation__mild,rotation,mild,D:\OASIS_2\distortions_64\rotation\mild\Very_Mild_Dementia\OAS2_0021\OAS2_0021_slice_19_z173.png,Very_Mild_Dementia/OAS2_0021/OAS2_0021_slice_19_z173.png,Very Mild Dementia/OAS2_0021/OAS2_0021_slice_19_z173.png,OAS2_0021,Very Mild Dementia,1,1,Very Mild Dementia,1,0.2862170034536181,0.5595609338873643,0.1475553959923511,0.006666666666666667
OASIS_2,RandomForest,47,test,rotation__mild,rotation,mild,D:\OASIS_2\distortions_64\rotation\mild\Very_Mild_Dementia\OAS2_0021\OAS2_0021_slice_20_z178.png,Very_Mild_Dementia/OAS2_0021/OAS2_0021_slice_20_z178.png,Very Mild Dementia/OAS2_0021/OAS2_0021_slice_20_z178.png,OAS2_0021,Very Mild Dementia,1,1,Very Mild Dementia,1,0.36664776468966875,0.4555219490720391,0.17783028623829228,0.0
OASIS_2,RandomForest,47,test,rotation__mild,rotation,mild,D:\OASIS_2\distortions_64\rotation\mild\Very_Mild_Dementia\OAS2_0040\OAS2_0040_slice_01_z077.png,Very_Mild_Dementia/OAS2_0040/OAS2_0040_slice_01_z077.png,Very Mild Dementia/OAS2_0040/OAS2_0040_slice_01_z077.png,OAS2_0040,Very Mild Dementia,1,0,Non-Demented,0,0.4622312624486496,0.3792928899837128,0.15847584756763752,0.0
OASIS_2,RandomForest,47,test,rotation__mild,rotation,mild,D:\OASIS_2\distortions_64\rotation\mild\Very_Mild_Dementia\OAS2_0040\OAS2_0040_slice_02_z082.png,Very_Mild_Dementia/OAS2_0040/OAS2_0040_slice_02_z082.png,Very Mild Dementia/OAS2_0040/OAS2_0040_slice_02_z082.png,OAS2_0040,Very Mild Dementia,1,0,Non-Demented,0,0.4249723412057021,0.3695187867897673,0.20550887200453058,0.0
OASIS_2,RandomForest,47,test,rotation__mild,rotation,mild,D:\OASIS_2\distortions_64\rotation\mild\Very_Mild_Dementia\OAS2_0040\OAS2_0040_slice_03_z088.png,Very_Mild_Dementia/OAS2_0040/OAS2_0040_slice_03_z088.png,Very Mild Dementia/OAS2_0040/OAS2_0040_slice_03_z088.png,OAS2_0040,Very Mild Dementia,1,0,Non-Demented,0,0.4941959282429188,0.32979498303047144,0.17600908872660984,0.0
OASIS_2,RandomForest,47,test,rotation__mild,rotation,mild,D:\OASIS_2\distortions_64\rotation\mild\Very_Mild_Dementia\OAS2_0040\OAS2_0040_slice_04_z093.png,Very_Mild_Dementia/OAS2_0040/OAS2_0040_slice_04_z093.png,Very Mild Dementia/OAS2_0040/OAS2_0040_slice_04_z093.png,OAS2_0040,Very Mild Dementia,1,0,Non-Demented,0,0.46922488920659816,0.337211276722609,0.19023050073745928,0.0033333333333333335
OASIS_2,RandomForest,47,test,rotation__mild,rotation,mild,D:\OASIS_2\distortions_64\rotation\mild\Very_Mild_Dementia\OAS2_0040\OAS2_0040_slice_05_z098.png,Very_Mild_Dementia/OAS2_0040/OAS2_0040_slice_05_z098.png,Very Mild Dementia/OAS2_0040/OAS2_0040_slice_05_z098.png,OAS2_0040,Very Mild Dementia,1,0,Non-Demented,0,0.49468904545468545,0.3022668612600789,0.1963774266185689,0.006666666666666667
OASIS_2,RandomForest,47,test,rotation__mild,rotation,mild,D:\OASIS_2\distortions_64\rotation\mild\Very_Mild_Dementia\OAS2_0040\OAS2_0040_slice_06_z104.png,Very_Mild_Dementia/OAS2_0040/OAS2_0040_slice_06_z104.png,Very Mild Dementia/OAS2_0040/OAS2_0040_slice_06_z104.png,OAS2_0040,Very Mild Dementia,1,0,Non-Demented,0,0.5453951498464109,0.332681889390708,0.12192296076288145,0.0
OASIS_2,RandomForest,47,test,rotation__mild,rotation,mild,D:\OASIS_2\distortions_64\rotation\mild\Very_Mild_Dementia\OAS2_0040\OAS2_0040_slice_07_z109.png,Very_Mild_Dementia/OAS2_0040/OAS2_0040_slice_07_z109.png,Very Mild Dementia/OAS2_0040/OAS2_0040_slice_07_z109.png,OAS2_0040,Very Mild Dementia,1,0,Non-Demented,0,0.5310851894505972,0.31739450999954366,0.14485363388319242,0.006666666666666667
OASIS_2,RandomForest,47,test,rotation__mild,rotation,mild,D:\OASIS_2\distortions_64\rotation\mild\Very_Mild_Dementia\OAS2_0040\OAS2_0040_slice_08_z114.png,Very_Mild_Dementia/OAS2_0040/OAS2_0040_slice_08_z114.png,Very Mild Dementia/OAS2_0040/OAS2_0040_slice_08_z114.png,OAS2_0040,Very Mild Dementia,1,0,Non-Demented,0,0.5044855338326925,0.35532439402980137,0.13352340547083977,0.006666666666666667
OASIS_2,RandomForest,47,test,rotation__mild,rotation,mild,D:\OASIS_2\distortions_64\rotation\mild\Very_Mild_Dementia\OAS2_0040\OAS2_0040_slice_09_z120.png,Very_Mild_Dementia/OAS2_0040/OAS2_0040_slice_09_z120.png,Very Mild Dementia/OAS2_0040/OAS2_0040_slice_09_z120.png,OAS2_0040,Very Mild Dementia,1,0,Non-Demented,0,0.4681244355465641,0.37628720745121247,0.14558835700222336,0.01
OASIS_2,RandomForest,47,test,rotation__mild,rotation,mild,D:\OASIS_2\distortions_64\rotation\mild\Very_Mild_Dementia\OAS2_0040\OAS2_0040_slice_10_z125.png,Very_Mild_Dementia/OAS2_0040/OAS2_0040_slice_10_z125.png,Very Mild Dementia/OAS2_0040/OAS2_0040_slice_10_z125.png,OAS2_0040,Very Mild Dementia,1,0,Non-Demented,0,0.4739909528332287,0.3769530317814372,0.14572268205200056,0.0033333333333333335
OASIS_2,RandomForest,47,test,rotation__mild,rotation,mild,D:\OASIS_2\distortions_64\rotation\mild\Very_Mild_Dementia\OAS2_0040\OAS2_0040_slice_11_z130.png,Very_Mild_Dementia/OAS2_0040/OAS2_0040_slice_11_z130.png,Very Mild Dementia/OAS2_0040/OAS2_0040_slice_11_z130.png,OAS2_0040,Very Mild Dementia,1,0,Non-Demented,0,0.42680985898342416,0.3953969617026873,0.17779317931388858,0.0
OASIS_2,RandomForest,47,test,rotation__mild,rotation,mild,D:\OASIS_2\distortions_64\rotation\mild\Very_Mild_Dementia\OAS2_0040\OAS2_0040_slice_12_z135.png,Very_Mild_Dementia/OAS2_0040/OAS2_0040_slice_12_z135.png,Very Mild Dementia/OAS2_0040/OAS2_0040_slice_12_z135.png,OAS2_0040,Very Mild Dementia,1,0,Non-Demented,0,0.4256057517735081,0.39167474819996967,0.17605283335985555,0.006666666666666667
OASIS_2,RandomForest,47,test,rotation__mild,rotation,mild,D:\OASIS_2\distortions_64\rotation\mild\Very_Mild_Dementia\OAS2_0040\OAS2_0040_slice_13_z141.png,Very_Mild_Dementia/OAS2_0040/OAS2_0040_slice_13_z141.png,Very Mild Dementia/OAS2_0040/OAS2_0040_slice_13_z141.png,OAS2_0040,Very Mild Dementia,1,1,Very Mild Dementia,1,0.42262068738387487,0.4354441701826727,0.13860180910011904,0.0033333333333333335
OASIS_2,RandomForest,47,test,rotation__mild,rotation,mild,D:\OASIS_2\distortions_64\rotation\mild\Very_Mild_Dementia\OAS2_0040\OAS2_0040_slice_14_z146.png,Very_Mild_Dementia/OAS2_0040/OAS2_0040_slice_14_z146.png,Very Mild Dementia/OAS2_0040/OAS2_0040_slice_14_z146.png,OAS2_0040,Very Mild Dementia,1,0,Non-Demented,0,0.4542625702156882,0.3655011065022954,0.17690298994868295,0.0033333333333333335
OASIS_2,RandomForest,47,test,rotation__mild,rotation,mild,D:\OASIS_2\distortions_64\rotation\mild\Very_Mild_Dementia\OAS2_0040\OAS2_0040_slice_15_z151.png,Very_Mild_Dementia/OAS2_0040/OAS2_0040_slice_15_z151.png,Very Mild Dementia/OAS2_0040/OAS2_0040_slice_15_z151.png,OAS2_0040,Very Mild Dementia,1,0,Non-Demented,0,0.45970415522838703,0.3676147403146179,0.17268110445699497,0.0
OASIS_2,RandomForest,47,test,rotation__mild,rotation,mild,D:\OASIS_2\distortions_64\rotation\mild\Very_Mild_Dementia\OAS2_0040\OAS2_0040_slice_16_z157.png,Very_Mild_Dementia/OAS2_0040/OAS2_0040_slice_16_z157.png,Very Mild Dementia/OAS2_0040/OAS2_0040_slice_16_z157.png,OAS2_0040,Very Mild Dementia,1,1,Very Mild Dementia,1,0.4131060253064392,0.43736758152394317,0.14619305983628444,0.0033333333333333335
OASIS_2,RandomForest,47,test,rotation__mild,rotation,mild,D:\OASIS_2\distortions_64\rotation\mild\Very_Mild_Dementia\OAS2_0040\OAS2_0040_slice_17_z162.png,Very_Mild_Dementia/OAS2_0040/OAS2_0040_slice_17_z162.png,Very Mild Dementia/OAS2_0040/OAS2_0040_slice_17_z162.png,OAS2_0040,Very Mild Dementia,1,1,Very Mild Dementia,1,0.4123844398383094,0.4408085405485986,0.13680701961309188,0.01
OASIS_2,RandomForest,47,test,rotation__mild,rotation,mild,D:\OASIS_2\distortions_64\rotation\mild\Very_Mild_Dementia\OAS2_0040\OAS2_0040_slice_18_z167.png,Very_Mild_Dementia/OAS2_0040/OAS2_0040_slice_18_z167.png,Very Mild Dementia/OAS2_0040/OAS2_0040_slice_18_z167.png,OAS2_0040,Very Mild Dementia,1,1,Very Mild Dementia,1,0.41201669249300127,0.5029451004861021,0.08503820702089634,0.0
OASIS_2,RandomForest,47,test,rotation__mild,rotation,mild,D:\OASIS_2\distortions_64\rotation\mild\Very_Mild_Dementia\OAS2_0040\OAS2_0040_slice_19_z173.png,Very_Mild_Dementia/OAS2_0040/OAS2_0040_slice_19_z173.png,Very Mild Dementia/OAS2_0040/OAS2_0040_slice_19_z173.png,OAS2_0040,Very Mild Dementia,1,1,Very Mild Dementia,1,0.39405603696059555,0.5127136001353715,0.09323036290403298,0.0
OASIS_2,RandomForest,47,test,rotation__mild,rotation,mild,D:\OASIS_2\distortions_64\rotation\mild\Very_Mild_Dementia\OAS2_0040\OAS2_0040_slice_20_z178.png,Very_Mild_Dementia/OAS2_0040/OAS2_0040_slice_20_z178.png,Very Mild Dementia/OAS2_0040/OAS2_0040_slice_20_z178.png,OAS2_0040,Very Mild Dementia,1,1,Very Mild Dementia,1,0.3882724118350943,0.5386095117721319,0.06978474305944038,0.0033333333333333335
OASIS_2,RandomForest,47,test,rotation__mild,rotation,mild,D:\OASIS_2\distortions_64\rotation\mild\Very_Mild_Dementia\OAS2_0098\OAS2_0098_slice_01_z077.png,Very_Mild_Dementia/OAS2_0098/OAS2_0098_slice_01_z077.png,Very Mild Dementia/OAS2_0098/OAS2_0098_slice_01_z077.png,OAS2_0098,Very Mild Dementia,1,0,Non-Demented,0,0.4477350828175324,0.3033818596361565,0.24221639087964425,0.006666666666666667
OASIS_2,RandomForest,47,test,rotation__mild,rotation,mild,D:\OASIS_2\distortions_64\rotation\mild\Very_Mild_Dementia\OAS2_0098\OAS2_0098_slice_02_z082.png,Very_Mild_Dementia/OAS2_0098/OAS2_0098_slice_02_z082.png,Very Mild Dementia/OAS2_0098/OAS2_0098_slice_02_z082.png,OAS2_0098,Very Mild Dementia,1,0,Non-Demented,0,0.3796457434148652,0.3025225691200494,0.31783168746508533,0.0
OASIS_2,RandomForest,47,test,rotation__mild,rotation,mild,D:\OASIS_2\distortions_64\rotation\mild\Very_Mild_Dementia\OAS2_0098\OAS2_0098_slice_03_z088.png,Very_Mild_Dementia/OAS2_0098/OAS2_0098_slice_03_z088.png,Very Mild Dementia/OAS2_0098/OAS2_0098_slice_03_z088.png,OAS2_0098,Very Mild Dementia,1,0,Non-Demented,0,0.49436848223364005,0.2899167549329156,0.215714762833444,0.0
OASIS_2,RandomForest,47,test,rotation__mild,rotation,mild,D:\OASIS_2\distortions_64\rotation\mild\Very_Mild_Dementia\OAS2_0098\OAS2_0098_slice_04_z093.png,Very_Mild_Dementia/OAS2_0098/OAS2_0098_slice_04_z093.png,Very Mild Dementia/OAS2_0098/OAS2_0098_slice_04_z093.png,OAS2_0098,Very Mild Dementia,1,0,Non-Demented,0,0.4817040301567815,0.30511621114490006,0.2131797586983183,0.0
OASIS_2,RandomForest,47,test,rotation__mild,rotation,mild,D:\OASIS_2\distortions_64\rotation\mild\Very_Mild_Dementia\OAS2_0098\OAS2_0098_slice_05_z098.png,Very_Mild_Dementia/OAS2_0098/OAS2_0098_slice_05_z098.png,Very Mild Dementia/OAS2_0098/OAS2_0098_slice_05_z098.png,OAS2_0098,Very Mild Dementia,1,0,Non-Demented,0,0.4263704277943943,0.34858194219278604,0.22171429667948625,0.0033333333333333335
OASIS_2,RandomForest,47,test,rotation__mild,rotation,mild,D:\OASIS_2\distortions_64\rotation\mild\Very_Mild_Dementia\OAS2_0098\OAS2_0098_slice_06_z104.png,Very_Mild_Dementia/OAS2_0098/OAS2_0098_slice_06_z104.png,Very Mild Dementia/OAS2_0098/OAS2_0098_slice_06_z104.png,OAS2_0098,Very Mild Dementia,1,0,Non-Demented,0,0.4355957261329262,0.3644552679982445,0.19994900586882908,0.0
OASIS_2,RandomForest,47,test,rotation__mild,rotation,mild,D:\OASIS_2\distortions_64\rotation\mild\Very_Mild_Dementia\OAS2_0098\OAS2_0098_slice_07_z109.png,Very_Mild_Dementia/OAS2_0098/OAS2_0098_slice_07_z109.png,Very Mild Dementia/OAS2_0098/OAS2_0098_slice_07_z109.png,OAS2_0098,Very Mild Dementia,1,0,Non-Demented,0,0.4657320175706928,0.3412846201274387,0.1929833623018685,0.0
OASIS_2,RandomForest,47,test,rotation__mild,rotation,mild,D:\OASIS_2\distortions_64\rotation\mild\Very_Mild_Dementia\OAS2_0098\OAS2_0098_slice_08_z114.png,Very_Mild_Dementia/OAS2_0098/OAS2_0098_slice_08_z114.png,Very Mild Dementia/OAS2_0098/OAS2_0098_slice_08_z114.png,OAS2_0098,Very Mild Dementia,1,0,Non-Demented,0,0.5089326775824143,0.3510150365357229,0.14005228588186294,0.0
OASIS_2,RandomForest,47,test,rotation__mild,rotation,mild,D:\OASIS_2\distortions_64\rotation\mild\Very_Mild_Dementia\OAS2_0098\OAS2_0098_slice_09_z120.png,Very_Mild_Dementia/OAS2_0098/OAS2_0098_slice_09_z120.png,Very Mild Dementia/OAS2_0098/OAS2_0098_slice_09_z120.png,OAS2_0098,Very Mild Dementia,1,0,Non-Demented,0,0.4479974196962361,0.3166924107908146,0.2353101695129491,0.0
OASIS_2,RandomForest,47,test,rotation__mild,rotation,mild,D:\OASIS_2\distortions_64\rotation\mild\Very_Mild_Dementia\OAS2_0098\OAS2_0098_slice_10_z125.png,Very_Mild_Dementia/OAS2_0098/OAS2_0098_slice_10_z125.png,Very Mild Dementia/OAS2_0098/OAS2_0098_slice_10_z125.png,OAS2_0098,Very Mild Dementia,1,0,Non-Demented,0,0.5212430901958283,0.32151584241333053,0.15724106739084118,0.0
OASIS_2,RandomForest,47,test,rotation__mild,rotation,mild,D:\OASIS_2\distortions_64\rotation\mild\Very_Mild_Dementia\OAS2_0098\OAS2_0098_slice_11_z130.png,Very_Mild_Dementia/OAS2_0098/OAS2_0098_slice_11_z130.png,Very Mild Dementia/OAS2_0098/OAS2_0098_slice_11_z130.png,OAS2_0098,Very Mild Dementia,1,0,Non-Demented,0,0.43329913975954476,0.35239338022009675,0.21430748002035854,0.0
OASIS_2,RandomForest,47,test,rotation__mild,rotation,mild,D:\OASIS_2\distortions_64\rotation\mild\Very_Mild_Dementia\OAS2_0098\OAS2_0098_slice_12_z135.png,Very_Mild_Dementia/OAS2_0098/OAS2_0098_slice_12_z135.png,Very Mild Dementia/OAS2_0098/OAS2_0098_slice_12_z135.png,OAS2_0098,Very Mild Dementia,1,0,Non-Demented,0,0.46899269188008114,0.32386992694066985,0.20713738117924904,0.0
OASIS_2,RandomForest,47,test,rotation__mild,rotation,mild,D:\OASIS_2\distortions_64\rotation\mild\Very_Mild_Dementia\OAS2_0098\OAS2_0098_slice_13_z141.png,Very_Mild_Dementia/OAS2_0098/OAS2_0098_slice_13_z141.png,Very Mild Dementia/OAS2_0098/OAS2_0098_slice_13_z141.png,OAS2_0098,Very Mild Dementia,1,0,Non-Demented,0,0.4851278501663124,0.3663279456468107,0.14854420418687717,0.0
OASIS_2,RandomForest,47,test,rotation__mild,rotation,mild,D:\OASIS_2\distortions_64\rotation\mild\Very_Mild_Dementia\OAS2_0098\OAS2_0098_slice_14_z146.png,Very_Mild_Dementia/OAS2_0098/OAS2_0098_slice_14_z146.png,Very Mild Dementia/OAS2_0098/OAS2_0098_slice_14_z146.png,OAS2_0098,Very Mild Dementia,1,0,Non-Demented,0,0.44077587262532375,0.36667469146338916,0.1925494359112873,0.0
OASIS_2,RandomForest,47,test,rotation__mild,rotation,mild,D:\OASIS_2\distortions_64\rotation\mild\Very_Mild_Dementia\OAS2_0098\OAS2_0098_slice_15_z151.png,Very_Mild_Dementia/OAS2_0098/OAS2_0098_slice_15_z151.png,Very Mild Dementia/OAS2_0098/OAS2_0098_slice_15_z151.png,OAS2_0098,Very Mild Dementia,1,0,Non-Demented,0,0.5241187662720953,0.31875626506108656,0.15379163533348467,0.0033333333333333335
OASIS_2,RandomForest,47,test,rotation__mild,rotation,mild,D:\OASIS_2\distortions_64\rotation\mild\Very_Mild_Dementia\OAS2_0098\OAS2_0098_slice_16_z157.png,Very_Mild_Dementia/OAS2_0098/OAS2_0098_slice_16_z157.png,Very Mild Dementia/OAS2_0098/OAS2_0098_slice_16_z157.png,OAS2_0098,Very Mild Dementia,1,0,Non-Demented,0,0.48403237989151404,0.329323209661924,0.18664441044656196,0.0
OASIS_2,RandomForest,47,test,rotation__mild,rotation,mild,D:\OASIS_2\distortions_64\rotation\mild\Very_Mild_Dementia\OAS2_0098\OAS2_0098_slice_17_z162.png,Very_Mild_Dementia/OAS2_0098/OAS2_0098_slice_17_z162.png,Very Mild Dementia/OAS2_0098/OAS2_0098_slice_17_z162.png,OAS2_0098,Very Mild Dementia,1,0,Non-Demented,0,0.4935179334497736,0.3335921154638099,0.17288995108641667,0.0
OASIS_2,RandomForest,47,test,rotation__mild,rotation,mild,D:\OASIS_2\distortions_64\rotation\mild\Very_Mild_Dementia\OAS2_0098\OAS2_0098_slice_18_z167.png,Very_Mild_Dementia/OAS2_0098/OAS2_0098_slice_18_z167.png,Very Mild Dementia/OAS2_0098/OAS2_0098_slice_18_z167.png,OAS2_0098,Very Mild Dementia,1,0,Non-Demented,0,0.49279951452299114,0.32965413700717294,0.1775463484698358,0.0
OASIS_2,RandomForest,47,test,rotation__mild,rotation,mild,D:\OASIS_2\distortions_64\rotation\mild\Very_Mild_Dementia\OAS2_0098\OAS2_0098_slice_19_z173.png,Very_Mild_Dementia/OAS2_0098/OAS2_0098_slice_19_z173.png,Very Mild Dementia/OAS2_0098/OAS2_0098_slice_19_z173.png,OAS2_0098,Very Mild Dementia,1,0,Non-Demented,0,0.47237712641318214,0.3264043513522276,0.20121852223459022,0.0
OASIS_2,RandomForest,47,test,rotation__mild,rotation,mild,D:\OASIS_2\distortions_64\rotation\mild\Very_Mild_Dementia\OAS2_0098\OAS2_0098_slice_20_z178.png,Very_Mild_Dementia/OAS2_0098/OAS2_0098_slice_20_z178.png,Very Mild Dementia/OAS2_0098/OAS2_0098_slice_20_z178.png,OAS2_0098,Very Mild Dementia,1,0,Non-Demented,0,0.46455106877984403,0.31314425975230836,0.2223046714678472,0.0
OASIS_2,RandomForest,47,test,rotation__mild,rotation,mild,D:\OASIS_2\distortions_64\rotation\mild\Very_Mild_Dementia\OAS2_0102\OAS2_0102_slice_01_z077.png,Very_Mild_Dementia/OAS2_0102/OAS2_0102_slice_01_z077.png,Very Mild Dementia/OAS2_0102/OAS2_0102_slice_01_z077.png,OAS2_0102,Very Mild Dementia,1,1,Very Mild Dementia,1,0.2323455801907644,0.6073451819195134,0.15697590455638896,0.0033333333333333335
OASIS_2,RandomForest,47,test,rotation__mild,rotation,mild,D:\OASIS_2\distortions_64\rotation\mild\Very_Mild_Dementia\OAS2_0102\OAS2_0102_slice_02_z082.png,Very_Mild_Dementia/OAS2_0102/OAS2_0102_slice_02_z082.png,Very Mild Dementia/OAS2_0102/OAS2_0102_slice_02_z082.png,OAS2_0102,Very Mild Dementia,1,1,Very Mild Dementia,1,0.23817158255696663,0.5752332220612856,0.18659519538174774,0.0
OASIS_2,RandomForest,47,test,rotation__mild,rotation,mild,D:\OASIS_2\distortions_64\rotation\mild\Very_Mild_Dementia\OAS2_0102\OAS2_0102_slice_03_z088.png,Very_Mild_Dementia/OAS2_0102/OAS2_0102_slice_03_z088.png,Very Mild Dementia/OAS2_0102/OAS2_0102_slice_03_z088.png,OAS2_0102,Very Mild Dementia,1,1,Very Mild Dementia,1,0.19246571076720542,0.6847059707468464,0.12282831848594808,0.0
OASIS_2,RandomForest,47,test,rotation__mild,rotation,mild,D:\OASIS_2\distortions_64\rotation\mild\Very_Mild_Dementia\OAS2_0102\OAS2_0102_slice_04_z093.png,Very_Mild_Dementia/OAS2_0102/OAS2_0102_slice_04_z093.png,Very Mild Dementia/OAS2_0102/OAS2_0102_slice_04_z093.png,OAS2_0102,Very Mild Dementia,1,1,Very Mild Dementia,1,0.25220044814838904,0.6257188772312784,0.12208067462033216,0.0
OASIS_2,RandomForest,47,test,rotation__mild,rotation,mild,D:\OASIS_2\distortions_64\rotation\mild\Very_Mild_Dementia\OAS2_0102\OAS2_0102_slice_05_z098.png,Very_Mild_Dementia/OAS2_0102/OAS2_0102_slice_05_z098.png,Very Mild Dementia/OAS2_0102/OAS2_0102_slice_05_z098.png,OAS2_0102,Very Mild Dementia,1,1,Very Mild Dementia,1,0.27164022816081035,0.568878185490959,0.156148253014897,0.0033333333333333335
OASIS_2,RandomForest,47,test,rotation__mild,rotation,mild,D:\OASIS_2\distortions_64\rotation\mild\Very_Mild_Dementia\OAS2_0102\OAS2_0102_slice_06_z104.png,Very_Mild_Dementia/OAS2_0102/OAS2_0102_slice_06_z104.png,Very Mild Dementia/OAS2_0102/OAS2_0102_slice_06_z104.png,OAS2_0102,Very Mild Dementia,1,1,Very Mild Dementia,1,0.23050474673854388,0.6559251607417934,0.1135700925196628,0.0
OASIS_2,RandomForest,47,test,rotation__mild,rotation,mild,D:\OASIS_2\distortions_64\rotation\mild\Very_Mild_Dementia\OAS2_0102\OAS2_0102_slice_07_z109.png,Very_Mild_Dementia/OAS2_0102/OAS2_0102_slice_07_z109.png,Very Mild Dementia/OAS2_0102/OAS2_0102_slice_07_z109.png,OAS2_0102,Very Mild Dementia,1,1,Very Mild Dementia,1,0.2692765171596753,0.6263812993591893,0.1043421834811352,0.0
OASIS_2,RandomForest,47,test,rotation__mild,rotation,mild,D:\OASIS_2\distortions_64\rotation\mild\Very_Mild_Dementia\OAS2_0102\OAS2_0102_slice_08_z114.png,Very_Mild_Dementia/OAS2_0102/OAS2_0102_slice_08_z114.png,Very Mild Dementia/OAS2_0102/OAS2_0102_slice_08_z114.png,OAS2_0102,Very Mild Dementia,1,1,Very Mild Dementia,1,0.30951286767453096,0.6003331517694391,0.09015398055602952,0.0
OASIS_2,RandomForest,47,test,rotation__mild,rotation,mild,D:\OASIS_2\distortions_64\rotation\mild\Very_Mild_Dementia\OAS2_0102\OAS2_0102_slice_09_z120.png,Very_Mild_Dementia/OAS2_0102/OAS2_0102_slice_09_z120.png,Very Mild Dementia/OAS2_0102/OAS2_0102_slice_09_z120.png,OAS2_0102,Very Mild Dementia,1,1,Very Mild Dementia,1,0.3830924693554445,0.4989841820156165,0.11792334862893893,0.0
OASIS_2,RandomForest,47,test,rotation__mild,rotation,mild,D:\OASIS_2\distortions_64\rotation\mild\Very_Mild_Dementia\OAS2_0102\OAS2_0102_slice_10_z125.png,Very_Mild_Dementia/OAS2_0102/OAS2_0102_slice_10_z125.png,Very Mild Dementia/OAS2_0102/OAS2_0102_slice_10_z125.png,OAS2_0102,Very Mild Dementia,1,1,Very Mild Dementia,1,0.38473044611033785,0.3941779809411352,0.22109157294852697,0.0
OASIS_2,RandomForest,47,test,rotation__mild,rotation,mild,D:\OASIS_2\distortions_64\rotation\mild\Very_Mild_Dementia\OAS2_0102\OAS2_0102_slice_11_z130.png,Very_Mild_Dementia/OAS2_0102/OAS2_0102_slice_11_z130.png,Very Mild Dementia/OAS2_0102/OAS2_0102_slice_11_z130.png,OAS2_0102,Very Mild Dementia,1,0,Non-Demented,0,0.4601985541813016,0.4069575951134276,0.1328438507052707,0.0
OASIS_2,RandomForest,47,test,rotation__mild,rotation,mild,D:\OASIS_2\distortions_64\rotation\mild\Very_Mild_Dementia\OAS2_0102\OAS2_0102_slice_12_z135.png,Very_Mild_Dementia/OAS2_0102/OAS2_0102_slice_12_z135.png,Very Mild Dementia/OAS2_0102/OAS2_0102_slice_12_z135.png,OAS2_0102,Very Mild Dementia,1,0,Non-Demented,0,0.4890598418356218,0.3814843946862192,0.12945576347815915,0.0
OASIS_2,RandomForest,47,test,rotation__mild,rotation,mild,D:\OASIS_2\distortions_64\rotation\mild\Very_Mild_Dementia\OAS2_0102\OAS2_0102_slice_13_z141.png,Very_Mild_Dementia/OAS2_0102/OAS2_0102_slice_13_z141.png,Very Mild Dementia/OAS2_0102/OAS2_0102_slice_13_z141.png,OAS2_0102,Very Mild Dementia,1,0,Non-Demented,0,0.47521918908927546,0.4315547308805723,0.09322608003015183,0.0
OASIS_2,RandomForest,47,test,rotation__mild,rotation,mild,D:\OASIS_2\distortions_64\rotation\mild\Very_Mild_Dementia\OAS2_0102\OAS2_0102_slice_14_z146.png,Very_Mild_Dementia/OAS2_0102/OAS2_0102_slice_14_z146.png,Very Mild Dementia/OAS2_0102/OAS2_0102_slice_14_z146.png,OAS2_0102,Very Mild Dementia,1,0,Non-Demented,0,0.4671670225962213,0.43482356466050287,0.09467607940994213,0.0033333333333333335
OASIS_2,RandomForest,47,test,rotation__mild,rotation,mild,D:\OASIS_2\distortions_64\rotation\mild\Very_Mild_Dementia\OAS2_0102\OAS2_0102_slice_15_z151.png,Very_Mild_Dementia/OAS2_0102/OAS2_0102_slice_15_z151.png,Very Mild Dementia/OAS2_0102/OAS2_0102_slice_15_z151.png,OAS2_0102,Very Mild Dementia,1,1,Very Mild Dementia,1,0.44050452198338064,0.4517103570495659,0.10445178763371989,0.0033333333333333335
OASIS_2,RandomForest,47,test,rotation__mild,rotation,mild,D:\OASIS_2\distortions_64\rotation\mild\Very_Mild_Dementia\OAS2_0102\OAS2_0102_slice_16_z157.png,Very_Mild_Dementia/OAS2_0102/OAS2_0102_slice_16_z157.png,Very Mild Dementia/OAS2_0102/OAS2_0102_slice_16_z157.png,OAS2_0102,Very Mild Dementia,1,0,Non-Demented,0,0.4985382370187315,0.40101938874123394,0.10044237424003433,0.0
OASIS_2,RandomForest,47,test,rotation__mild,rotation,mild,D:\OASIS_2\distortions_64\rotation\mild\Very_Mild_Dementia\OAS2_0102\OAS2_0102_slice_17_z162.png,Very_Mild_Dementia/OAS2_0102/OAS2_0102_slice_17_z162.png,Very Mild Dementia/OAS2_0102/OAS2_0102_slice_17_z162.png,OAS2_0102,Very Mild Dementia,1,0,Non-Demented,0,0.5422845706434588,0.383033982789398,0.07468144656714282,0.0
OASIS_2,RandomForest,47,test,rotation__mild,rotation,mild,D:\OASIS_2\distortions_64\rotation\mild\Very_Mild_Dementia\OAS2_0102\OAS2_0102_slice_18_z167.png,Very_Mild_Dementia/OAS2_0102/OAS2_0102_slice_18_z167.png,Very Mild Dementia/OAS2_0102/OAS2_0102_slice_18_z167.png,OAS2_0102,Very Mild Dementia,1,0,Non-Demented,0,0.5245262512896574,0.3782604607370532,0.09721328797328915,0.0
OASIS_2,RandomForest,47,test,rotation__mild,rotation,mild,D:\OASIS_2\distortions_64\rotation\mild\Very_Mild_Dementia\OAS2_0102\OAS2_0102_slice_19_z173.png,Very_Mild_Dementia/OAS2_0102/OAS2_0102_slice_19_z173.png,Very Mild Dementia/OAS2_0102/OAS2_0102_slice_19_z173.png,OAS2_0102,Very Mild Dementia,1,0,Non-Demented,0,0.4917056431321451,0.41689936587348586,0.09139499099436889,0.0
OASIS_2,RandomForest,47,test,rotation__mild,rotation,mild,D:\OASIS_2\distortions_64\rotation\mild\Very_Mild_Dementia\OAS2_0102\OAS2_0102_slice_20_z178.png,Very_Mild_Dementia/OAS2_0102/OAS2_0102_slice_20_z178.png,Very Mild Dementia/OAS2_0102/OAS2_0102_slice_20_z178.png,OAS2_0102,Very Mild Dementia,1,0,Non-Demented,0,0.5072022027083873,0.4042023735424927,0.08859542374911958,0.0
OASIS_2,RandomForest,47,test,rotation__mild,rotation,mild,D:\OASIS_2\distortions_64\rotation\mild\Very_Mild_Dementia\OAS2_0103\OAS2_0103_slice_01_z077.png,Very_Mild_Dementia/OAS2_0103/OAS2_0103_slice_01_z077.png,Very Mild Dementia/OAS2_0103/OAS2_0103_slice_01_z077.png,OAS2_0103,Very Mild Dementia,1,0,Non-Demented,0,0.43562360037120207,0.34391057970618677,0.22046581992261097,0.0
OASIS_2,RandomForest,47,test,rotation__mild,rotation,mild,D:\OASIS_2\distortions_64\rotation\mild\Very_Mild_Dementia\OAS2_0103\OAS2_0103_slice_02_z082.png,Very_Mild_Dementia/OAS2_0103/OAS2_0103_slice_02_z082.png,Very Mild Dementia/OAS2_0103/OAS2_0103_slice_02_z082.png,OAS2_0103,Very Mild Dementia,1,0,Non-Demented,0,0.42176815593669503,0.29011862694034535,0.28811321712296,0.0
OASIS_2,RandomForest,47,test,rotation__mild,rotation,mild,D:\OASIS_2\distortions_64\rotation\mild\Very_Mild_Dementia\OAS2_0103\OAS2_0103_slice_03_z088.png,Very_Mild_Dementia/OAS2_0103/OAS2_0103_slice_03_z088.png,Very Mild Dementia/OAS2_0103/OAS2_0103_slice_03_z088.png,OAS2_0103,Very Mild Dementia,1,0,Non-Demented,0,0.4252516783600008,0.29800252193071397,0.27674579970928503,0.0
OASIS_2,RandomForest,47,test,rotation__mild,rotation,mild,D:\OASIS_2\distortions_64\rotation\mild\Very_Mild_Dementia\OAS2_0103\OAS2_0103_slice_04_z093.png,Very_Mild_Dementia/OAS2_0103/OAS2_0103_slice_04_z093.png,Very Mild Dementia/OAS2_0103/OAS2_0103_slice_04_z093.png,OAS2_0103,Very Mild Dementia,1,0,Non-Demented,0,0.43221583264958485,0.2896267985092501,0.27815736884116493,0.0
OASIS_2,RandomForest,47,test,rotation__mild,rotation,mild,D:\OASIS_2\distortions_64\rotation\mild\Very_Mild_Dementia\OAS2_0103\OAS2_0103_slice_05_z098.png,Very_Mild_Dementia/OAS2_0103/OAS2_0103_slice_05_z098.png,Very Mild Dementia/OAS2_0103/OAS2_0103_slice_05_z098.png,OAS2_0103,Very Mild Dementia,1,0,Non-Demented,0,0.4041796434134168,0.30519578257459845,0.287291240678651,0.0033333333333333335
OASIS_2,RandomForest,47,test,rotation__mild,rotation,mild,D:\OASIS_2\distortions_64\rotation\mild\Very_Mild_Dementia\OAS2_0103\OAS2_0103_slice_06_z104.png,Very_Mild_Dementia/OAS2_0103/OAS2_0103_slice_06_z104.png,Very Mild Dementia/OAS2_0103/OAS2_0103_slice_06_z104.png,OAS2_0103,Very Mild Dementia,1,0,Non-Demented,0,0.43083945744794466,0.2658849055158095,0.3032756370362458,0.0
OASIS_2,RandomForest,47,test,rotation__mild,rotation,mild,D:\OASIS_2\distortions_64\rotation\mild\Very_Mild_Dementia\OAS2_0103\OAS2_0103_slice_07_z109.png,Very_Mild_Dementia/OAS2_0103/OAS2_0103_slice_07_z109.png,Very Mild Dementia/OAS2_0103/OAS2_0103_slice_07_z109.png,OAS2_0103,Very Mild Dementia,1,0,Non-Demented,0,0.4245457757727375,0.2883909694407173,0.2870632547865452,0.0
OASIS_2,RandomForest,47,test,rotation__mild,rotation,mild,D:\OASIS_2\distortions_64\rotation\mild\Very_Mild_Dementia\OAS2_0103\OAS2_0103_slice_08_z114.png,Very_Mild_Dementia/OAS2_0103/OAS2_0103_slice_08_z114.png,Very Mild Dementia/OAS2_0103/OAS2_0103_slice_08_z114.png,OAS2_0103,Very Mild Dementia,1,0,Non-Demented,0,0.4839703153950643,0.2922887609567864,0.22374092364814918,0.0
OASIS_2,RandomForest,47,test,rotation__mild,rotation,mild,D:\OASIS_2\distortions_64\rotation\mild\Very_Mild_Dementia\OAS2_0103\OAS2_0103_slice_09_z120.png,Very_Mild_Dementia/OAS2_0103/OAS2_0103_slice_09_z120.png,Very Mild Dementia/OAS2_0103/OAS2_0103_slice_09_z120.png,OAS2_0103,Very Mild Dementia,1,0,Non-Demented,0,0.41213580728665977,0.2832804033260504,0.3045837893872897,0.0
OASIS_2,RandomForest,47,test,rotation__mild,rotation,mild,D:\OASIS_2\distortions_64\rotation\mild\Very_Mild_Dementia\OAS2_0103\OAS2_0103_slice_10_z125.png,Very_Mild_Dementia/OAS2_0103/OAS2_0103_slice_10_z125.png,Very Mild Dementia/OAS2_0103/OAS2_0103_slice_10_z125.png,OAS2_0103,Very Mild Dementia,1,0,Non-Demented,0,0.39942580596557686,0.29003325295024496,0.3105409410841782,0.0
OASIS_2,RandomForest,47,test,rotation__mild,rotation,mild,D:\OASIS_2\distortions_64\rotation\mild\Very_Mild_Dementia\OAS2_0103\OAS2_0103_slice_11_z130.png,Very_Mild_Dementia/OAS2_0103/OAS2_0103_slice_11_z130.png,Very Mild Dementia/OAS2_0103/OAS2_0103_slice_11_z130.png,OAS2_0103,Very Mild Dementia,1,0,Non-Demented,0,0.3997199830331845,0.27555944101702445,0.3213872426164579,0.0033333333333333335
OASIS_2,RandomForest,47,test,rotation__mild,rotation,mild,D:\OASIS_2\distortions_64\rotation\mild\Very_Mild_Dementia\OAS2_0103\OAS2_0103_slice_12_z135.png,Very_Mild_Dementia/OAS2_0103/OAS2_0103_slice_12_z135.png,Very Mild Dementia/OAS2_0103/OAS2_0103_slice_12_z135.png,OAS2_0103,Very Mild Dementia,1,0,Non-Demented,0,0.3770630635634762,0.31474258406657724,0.30819435236994686,0.0
OASIS_2,RandomForest,47,test,rotation__mild,rotation,mild,D:\OASIS_2\distortions_64\rotation\mild\Very_Mild_Dementia\OAS2_0103\OAS2_0103_slice_13_z141.png,Very_Mild_Dementia/OAS2_0103/OAS2_0103_slice_13_z141.png,Very Mild Dementia/OAS2_0103/OAS2_0103_slice_13_z141.png,OAS2_0103,Very Mild Dementia,1,0,Non-Demented,0,0.41626023946584706,0.29717703364750625,0.2865627268866469,0.0
OASIS_2,RandomForest,47,test,rotation__mild,rotation,mild,D:\OASIS_2\distortions_64\rotation\mild\Very_Mild_Dementia\OAS2_0103\OAS2_0103_slice_14_z146.png,Very_Mild_Dementia/OAS2_0103/OAS2_0103_slice_14_z146.png,Very Mild Dementia/OAS2_0103/OAS2_0103_slice_14_z146.png,OAS2_0103,Very Mild Dementia,1,0,Non-Demented,0,0.5097501732658876,0.2779021825034061,0.21234764423070593,0.0
OASIS_2,RandomForest,47,test,rotation__mild,rotation,mild,D:\OASIS_2\distortions_64\rotation\mild\Very_Mild_Dementia\OAS2_0103\OAS2_0103_slice_15_z151.png,Very_Mild_Dementia/OAS2_0103/OAS2_0103_slice_15_z151.png,Very Mild Dementia/OAS2_0103/OAS2_0103_slice_15_z151.png,OAS2_0103,Very Mild Dementia,1,0,Non-Demented,0,0.4563348103706997,0.27608028148149005,0.26758490814781,0.0
OASIS_2,RandomForest,47,test,rotation__mild,rotation,mild,D:\OASIS_2\distortions_64\rotation\mild\Very_Mild_Dementia\OAS2_0103\OAS2_0103_slice_16_z157.png,Very_Mild_Dementia/OAS2_0103/OAS2_0103_slice_16_z157.png,Very Mild Dementia/OAS2_0103/OAS2_0103_slice_16_z157.png,OAS2_0103,Very Mild Dementia,1,0,Non-Demented,0,0.41871784256695044,0.27169838669896385,0.3095837707340855,0.0
OASIS_2,RandomForest,47,test,rotation__mild,rotation,mild,D:\OASIS_2\distortions_64\rotation\mild\Very_Mild_Dementia\OAS2_0103\OAS2_0103_slice_17_z162.png,Very_Mild_Dementia/OAS2_0103/OAS2_0103_slice_17_z162.png,Very Mild Dementia/OAS2_0103/OAS2_0103_slice_17_z162.png,OAS2_0103,Very Mild Dementia,1,0,Non-Demented,0,0.4348612001743669,0.29820041051410384,0.2669383893115291,0.0
OASIS_2,RandomForest,47,test,rotation__mild,rotation,mild,D:\OASIS_2\distortions_64\rotation\mild\Very_Mild_Dementia\OAS2_0103\OAS2_0103_slice_18_z167.png,Very_Mild_Dementia/OAS2_0103/OAS2_0103_slice_18_z167.png,Very Mild Dementia/OAS2_0103/OAS2_0103_slice_18_z167.png,OAS2_0103,Very Mild Dementia,1,0,Non-Demented,0,0.43487928214545934,0.2879145477145597,0.27720617013998083,0.0
OASIS_2,RandomForest,47,test,rotation__mild,rotation,mild,D:\OASIS_2\distortions_64\rotation\mild\Very_Mild_Dementia\OAS2_0103\OAS2_0103_slice_19_z173.png,Very_Mild_Dementia/OAS2_0103/OAS2_0103_slice_19_z173.png,Very Mild Dementia/OAS2_0103/OAS2_0103_slice_19_z173.png,OAS2_0103,Very Mild Dementia,1,0,Non-Demented,0,0.41381430464543323,0.3135656016520477,0.27262009370251883,0.0
OASIS_2,RandomForest,47,test,rotation__mild,rotation,mild,D:\OASIS_2\distortions_64\rotation\mild\Very_Mild_Dementia\OAS2_0103\OAS2_0103_slice_20_z178.png,Very_Mild_Dementia/OAS2_0103/OAS2_0103_slice_20_z178.png,Very Mild Dementia/OAS2_0103/OAS2_0103_slice_20_z178.png,OAS2_0103,Very Mild Dementia,1,0,Non-Demented,0,0.41208565172672557,0.3024700998678561,0.2854442484054182,0.0
OASIS_2,RandomForest,47,test,rotation__mild,rotation,mild,D:\OASIS_2\distortions_64\rotation\mild\Very_Mild_Dementia\OAS2_0176\OAS2_0176_slice_01_z077.png,Very_Mild_Dementia/OAS2_0176/OAS2_0176_slice_01_z077.png,Very Mild Dementia/OAS2_0176/OAS2_0176_slice_01_z077.png,OAS2_0176,Very Mild Dementia,1,2,Mild Dementia,0,0.2923732069641728,0.25548120012697956,0.3588122595755144,0.09333333333333334
OASIS_2,RandomForest,47,test,rotation__mild,rotation,mild,D:\OASIS_2\distortions_64\rotation\mild\Very_Mild_Dementia\OAS2_0176\OAS2_0176_slice_02_z082.png,Very_Mild_Dementia/OAS2_0176/OAS2_0176_slice_02_z082.png,Very Mild Dementia/OAS2_0176/OAS2_0176_slice_02_z082.png,OAS2_0176,Very Mild Dementia,1,2,Mild Dementia,0,0.2942544321907147,0.3013759356080119,0.3477029655346068,0.056666666666666664
OASIS_2,RandomForest,47,test,rotation__mild,rotation,mild,D:\OASIS_2\distortions_64\rotation\mild\Very_Mild_Dementia\OAS2_0176\OAS2_0176_slice_03_z088.png,Very_Mild_Dementia/OAS2_0176/OAS2_0176_slice_03_z088.png,Very Mild Dementia/OAS2_0176/OAS2_0176_slice_03_z088.png,OAS2_0176,Very Mild Dementia,1,2,Mild Dementia,0,0.25316892763126136,0.32996820607291855,0.3568628662958201,0.06
OASIS_2,RandomForest,47,test,rotation__mild,rotation,mild,D:\OASIS_2\distortions_64\rotation\mild\Very_Mild_Dementia\OAS2_0176\OAS2_0176_slice_04_z093.png,Very_Mild_Dementia/OAS2_0176/OAS2_0176_slice_04_z093.png,Very Mild Dementia/OAS2_0176/OAS2_0176_slice_04_z093.png,OAS2_0176,Very Mild Dementia,1,2,Mild Dementia,0,0.24706701277748402,0.2989555789208781,0.40064407496830456,0.05333333333333334
OASIS_2,RandomForest,47,test,rotation__mild,rotation,mild,D:\OASIS_2\distortions_64\rotation\mild\Very_Mild_Dementia\OAS2_0176\OAS2_0176_slice_05_z098.png,Very_Mild_Dementia/OAS2_0176/OAS2_0176_slice_05_z098.png,Very Mild Dementia/OAS2_0176/OAS2_0176_slice_05_z098.png,OAS2_0176,Very Mild Dementia,1,2,Mild Dementia,0,0.2706128239337979,0.30653390588472573,0.3761866035148099,0.04666666666666667
OASIS_2,RandomForest,47,test,rotation__mild,rotation,mild,D:\OASIS_2\distortions_64\rotation\mild\Very_Mild_Dementia\OAS2_0176\OAS2_0176_slice_06_z104.png,Very_Mild_Dementia/OAS2_0176/OAS2_0176_slice_06_z104.png,Very Mild Dementia/OAS2_0176/OAS2_0176_slice_06_z104.png,OAS2_0176,Very Mild Dementia,1,2,Mild Dementia,0,0.27862208512593684,0.3110627584302602,0.350315156443803,0.06
OASIS_2,RandomForest,47,test,rotation__mild,rotation,mild,D:\OASIS_2\distortions_64\rotation\mild\Very_Mild_Dementia\OAS2_0176\OAS2_0176_slice_07_z109.png,Very_Mild_Dementia/OAS2_0176/OAS2_0176_slice_07_z109.png,Very Mild Dementia/OAS2_0176/OAS2_0176_slice_07_z109.png,OAS2_0176,Very Mild Dementia,1,0,Non-Demented,0,0.3444012797043317,0.25481823327500425,0.3274471536873306,0.07333333333333333
OASIS_2,RandomForest,47,test,rotation__mild,rotation,mild,D:\OASIS_2\distortions_64\rotation\mild\Very_Mild_Dementia\OAS2_0176\OAS2_0176_slice_08_z114.png,Very_Mild_Dementia/OAS2_0176/OAS2_0176_slice_08_z114.png,Very Mild Dementia/OAS2_0176/OAS2_0176_slice_08_z114.png,OAS2_0176,Very Mild Dementia,1,1,Very Mild Dementia,1,0.2890289707428449,0.3454883759785714,0.30214931994525046,0.06333333333333334
OASIS_2,RandomForest,47,test,rotation__mild,rotation,mild,D:\OASIS_2\distortions_64\rotation\mild\Very_Mild_Dementia\OAS2_0176\OAS2_0176_slice_09_z120.png,Very_Mild_Dementia/OAS2_0176/OAS2_0176_slice_09_z120.png,Very Mild Dementia/OAS2_0176/OAS2_0176_slice_09_z120.png,OAS2_0176,Very Mild Dementia,1,0,Non-Demented,0,0.33239096309663474,0.28372323584123244,0.27055246772879954,0.11333333333333333
OASIS_2,RandomForest,47,test,rotation__mild,rotation,mild,D:\OASIS_2\distortions_64\rotation\mild\Very_Mild_Dementia\OAS2_0176\OAS2_0176_slice_10_z125.png,Very_Mild_Dementia/OAS2_0176/OAS2_0176_slice_10_z125.png,Very Mild Dementia/OAS2_0176/OAS2_0176_slice_10_z125.png,OAS2_0176,Very Mild Dementia,1,0,Non-Demented,0,0.33456027487277534,0.26825532584081313,0.24051773261974485,0.15666666666666668
OASIS_2,RandomForest,47,test,rotation__mild,rotation,mild,D:\OASIS_2\distortions_64\rotation\mild\Very_Mild_Dementia\OAS2_0176\OAS2_0176_slice_11_z130.png,Very_Mild_Dementia/OAS2_0176/OAS2_0176_slice_11_z130.png,Very Mild Dementia/OAS2_0176/OAS2_0176_slice_11_z130.png,OAS2_0176,Very Mild Dementia,1,0,Non-Demented,0,0.3680320191752191,0.3096691331606645,0.2622988476641163,0.06
OASIS_2,RandomForest,47,test,rotation__mild,rotation,mild,D:\OASIS_2\distortions_64\rotation\mild\Very_Mild_Dementia\OAS2_0176\OAS2_0176_slice_12_z135.png,Very_Mild_Dementia/OAS2_0176/OAS2_0176_slice_12_z135.png,Very Mild Dementia/OAS2_0176/OAS2_0176_slice_12_z135.png,OAS2_0176,Very Mild Dementia,1,0,Non-Demented,0,0.3793196281633264,0.3014008452682047,0.22927952656846884,0.09
OASIS_2,RandomForest,47,test,rotation__mild,rotation,mild,D:\OASIS_2\distortions_64\rotation\mild\Very_Mild_Dementia\OAS2_0176\OAS2_0176_slice_13_z141.png,Very_Mild_Dementia/OAS2_0176/OAS2_0176_slice_13_z141.png,Very Mild Dementia/OAS2_0176/OAS2_0176_slice_13_z141.png,OAS2_0176,Very Mild Dementia,1,0,Non-Demented,0,0.30249663243906116,0.2689926166691923,0.2651774175584133,0.16333333333333333
OASIS_2,RandomForest,47,test,rotation__mild,rotation,mild,D:\OASIS_2\distortions_64\rotation\mild\Very_Mild_Dementia\OAS2_0176\OAS2_0176_slice_14_z146.png,Very_Mild_Dementia/OAS2_0176/OAS2_0176_slice_14_z146.png,Very Mild Dementia/OAS2_0176/OAS2_0176_slice_14_z146.png,OAS2_0176,Very Mild Dementia,1,0,Non-Demented,0,0.4261690415360741,0.269215696456007,0.18461526200791892,0.12
OASIS_2,RandomForest,47,test,rotation__mild,rotation,mild,D:\OASIS_2\distortions_64\rotation\mild\Very_Mild_Dementia\OAS2_0176\OAS2_0176_slice_15_z151.png,Very_Mild_Dementia/OAS2_0176/OAS2_0176_slice_15_z151.png,Very Mild Dementia/OAS2_0176/OAS2_0176_slice_15_z151.png,OAS2_0176,Very Mild Dementia,1,0,Non-Demented,0,0.3985974548127258,0.2946826882255401,0.20671985696173426,0.1
OASIS_2,RandomForest,47,test,rotation__mild,rotation,mild,D:\OASIS_2\distortions_64\rotation\mild\Very_Mild_Dementia\OAS2_0176\OAS2_0176_slice_16_z157.png,Very_Mild_Dementia/OAS2_0176/OAS2_0176_slice_16_z157.png,Very Mild Dementia/OAS2_0176/OAS2_0176_slice_16_z157.png,OAS2_0176,Very Mild Dementia,1,0,Non-Demented,0,0.38301407583772534,0.2335989323923295,0.2833869917699452,0.1
OASIS_2,RandomForest,47,test,rotation__mild,rotation,mild,D:\OASIS_2\distortions_64\rotation\mild\Very_Mild_Dementia\OAS2_0176\OAS2_0176_slice_17_z162.png,Very_Mild_Dementia/OAS2_0176/OAS2_0176_slice_17_z162.png,Very Mild Dementia/OAS2_0176/OAS2_0176_slice_17_z162.png,OAS2_0176,Very Mild Dementia,1,0,Non-Demented,0,0.34922381348004766,0.28220789378919553,0.2752349593974236,0.09333333333333334
OASIS_2,RandomForest,47,test,rotation__mild,rotation,mild,D:\OASIS_2\distortions_64\rotation\mild\Very_Mild_Dementia\OAS2_0176\OAS2_0176_slice_18_z167.png,Very_Mild_Dementia/OAS2_0176/OAS2_0176_slice_18_z167.png,Very Mild Dementia/OAS2_0176/OAS2_0176_slice_18_z167.png,OAS2_0176,Very Mild Dementia,1,0,Non-Demented,0,0.3691961852414516,0.2732972035896012,0.3175066111689474,0.04
OASIS_2,RandomForest,47,test,rotation__mild,rotation,mild,D:\OASIS_2\distortions_64\rotation\mild\Very_Mild_Dementia\OAS2_0176\OAS2_0176_slice_19_z173.png,Very_Mild_Dementia/OAS2_0176/OAS2_0176_slice_19_z173.png,Very Mild Dementia/OAS2_0176/OAS2_0176_slice_19_z173.png,OAS2_0176,Very Mild Dementia,1,0,Non-Demented,0,0.34321110980983255,0.3196302505092391,0.3238253063475951,0.013333333333333334
OASIS_2,RandomForest,47,test,rotation__mild,rotation,mild,D:\OASIS_2\distortions_64\rotation\mild\Very_Mild_Dementia\OAS2_0176\OAS2_0176_slice_20_z178.png,Very_Mild_Dementia/OAS2_0176/OAS2_0176_slice_20_z178.png,Very Mild Dementia/OAS2_0176/OAS2_0176_slice_20_z178.png,OAS2_0176,Very Mild Dementia,1,0,Non-Demented,0,0.36224062495438564,0.29430835436254027,0.32678435401640726,0.016666666666666666
