dataset,model,seed,split,condition,distortion,severity,file_path,relative_path,sample_key,subject_id,class_name,y_true,y_pred,pred_class_name,correct,score_nondemented,score_verymilddementia,score_milddementia,score_moderatedementia
OASIS_1,LinearSVM,13,test,rotation__moderate,rotation,moderate,D:\OASIS_1\distortions_32\rotation\moderate\Mild_Dementia\OAS1_0028\OAS1_0028_slice_01_z038.png,Mild_Dementia/OAS1_0028/OAS1_0028_slice_01_z038.png,Mild Dementia/OAS1_0028/OAS1_0028_slice_01_z038.png,OAS1_0028,Mild Dementia,2,2,Mild Dementia,1,-0.9318495498817841,-3.4447959945804008,1.794356172143459,-1.2384219932125142
OASIS_1,LinearSVM,13,test,rotation__moderate,rotation,moderate,D:\OASIS_1\distortions_32\rotation\moderate\Mild_Dementia\OAS1_0028\OAS1_0028_slice_02_z041.png,Mild_Dementia/OAS1_0028/OAS1_0028_slice_02_z041.png,Mild Dementia/OAS1_0028/OAS1_0028_slice_02_z041.png,OAS1_0028,Mild Dementia,2,2,Mild Dementia,1,-1.6592574064488925,-2.8240279879295294,2.1793689243036027,-1.2258171137894356
OASIS_1,LinearSVM,13,test,rotation__moderate,rotation,moderate,D:\OASIS_1\distortions_32\rotation\moderate\Mild_Dementia\OAS1_0028\OAS1_0028_slice_03_z043.png,Mild_Dementia/OAS1_0028/OAS1_0028_slice_03_z043.png,Mild Dementia/OAS1_0028/OAS1_0028_slice_03_z043.png,OAS1_0028,Mild Dementia,2,3,Moderate Dementia,0,-1.6066082686886745,-1.4422833768229424,-1.9398727011732366,-1.142722125320779
OASIS_1,LinearSVM,13,test,rotation__moderate,rotation,moderate,D:\OASIS_1\distortions_32\rotation\moderate\Mild_Dementia\OAS1_0028\OAS1_0028_slice_04_z046.png,Mild_Dementia/OAS1_0028/OAS1_0028_slice_04_z046.png,Mild Dementia/OAS1_0028/OAS1_0028_slice_04_z046.png,OAS1_0028,Mild Dementia,2,0,Non-Demented,0,2.2437479901469097,-3.466023289307008,0.3031351923001946,-1.3186639096442452
OASIS_1,LinearSVM,13,test,rotation__moderate,rotation,moderate,D:\OASIS_1\distortions_32\rotation\moderate\Mild_Dementia\OAS1_0028\OAS1_0028_slice_05_z049.png,Mild_Dementia/OAS1_0028/OAS1_0028_slice_05_z049.png,Mild Dementia/OAS1_0028/OAS1_0028_slice_05_z049.png,OAS1_0028,Mild Dementia,2,2,Mild Dementia,1,-0.9382063937670354,-2.3164730277630756,0.1963731187566813,-1.1756852208040824
OASIS_1,LinearSVM,13,test,rotation__moderate,rotation,moderate,D:\OASIS_1\distortions_32\rotation\moderate\Mild_Dementia\OAS1_0028\OAS1_0028_slice_06_z051.png,Mild_Dementia/OAS1_0028/OAS1_0028_slice_06_z051.png,Mild Dementia/OAS1_0028/OAS1_0028_slice_06_z051.png,OAS1_0028,Mild Dementia,2,2,Mild Dementia,1,-1.142585734445559,-1.4637453224254011,-0.1858494226439129,-1.2067036739423451
OASIS_1,LinearSVM,13,test,rotation__moderate,rotation,moderate,D:\OASIS_1\distortions_32\rotation\moderate\Mild_Dementia\OAS1_0028\OAS1_0028_slice_07_z054.png,Mild_Dementia/OAS1_0028/OAS1_0028_slice_07_z054.png,Mild Dementia/OAS1_0028/OAS1_0028_slice_07_z054.png,OAS1_0028,Mild Dementia,2,1,Very Mild Dementia,0,-4.111263011674667,2.6112359039988164,-1.6564171610057636,-1.1664488614378852
OASIS_1,LinearSVM,13,test,rotation__moderate,rotation,moderate,D:\OASIS_1\distortions_32\rotation\moderate\Mild_Dementia\OAS1_0028\OAS1_0028_slice_08_z057.png,Mild_Dementia/OAS1_0028/OAS1_0028_slice_08_z057.png,Mild Dementia/OAS1_0028/OAS1_0028_slice_08_z057.png,OAS1_0028,Mild Dementia,2,1,Very Mild Dementia,0,-0.2949822710547906,-0.07156270624296623,-1.6232535286650638,-1.1090515769633391
OASIS_1,LinearSVM,13,test,rotation__moderate,rotation,moderate,D:\OASIS_1\distortions_32\rotation\moderate\Mild_Dementia\OAS1_0028\OAS1_0028_slice_09_z059.png,Mild_Dementia/OAS1_0028/OAS1_0028_slice_09_z059.png,Mild Dementia/OAS1_0028/OAS1_0028_slice_09_z059.png,OAS1_0028,Mild Dementia,2,0,Non-Demented,0,0.37260740515698476,-0.45141000767033157,-1.9216879025989115,-1.10898580201432
OASIS_1,LinearSVM,13,test,rotation__moderate,rotation,moderate,D:\OASIS_1\distortions_32\rotation\moderate\Mild_Dementia\OAS1_0028\OAS1_0028_slice_10_z062.png,Mild_Dementia/OAS1_0028/OAS1_0028_slice_10_z062.png,Mild Dementia/OAS1_0028/OAS1_0028_slice_10_z062.png,OAS1_0028,Mild Dementia,2,0,Non-Demented,0,0.510694118070185,-1.1684538918836198,-1.5705407183012192,-1.1646337249560537
OASIS_1,LinearSVM,13,test,rotation__moderate,rotation,moderate,D:\OASIS_1\distortions_32\rotation\moderate\Mild_Dementia\OAS1_0028\OAS1_0028_slice_11_z065.png,Mild_Dementia/OAS1_0028/OAS1_0028_slice_11_z065.png,Mild Dementia/OAS1_0028/OAS1_0028_slice_11_z065.png,OAS1_0028,Mild Dementia,2,0,Non-Demented,0,-0.6716395848678419,-2.14532859720524,-0.6838094267483861,-1.1211399886613296
OASIS_1,LinearSVM,13,test,rotation__moderate,rotation,moderate,D:\OASIS_1\distortions_32\rotation\moderate\Mild_Dementia\OAS1_0028\OAS1_0028_slice_12_z068.png,Mild_Dementia/OAS1_0028/OAS1_0028_slice_12_z068.png,Mild Dementia/OAS1_0028/OAS1_0028_slice_12_z068.png,OAS1_0028,Mild Dementia,2,0,Non-Demented,0,0.44315280174508875,-1.79084468904969,-1.278970717101778,-1.060855225024939
OASIS_1,LinearSVM,13,test,rotation__moderate,rotation,moderate,D:\OASIS_1\distortions_32\rotation\moderate\Mild_Dementia\OAS1_0028\OAS1_0028_slice_13_z070.png,Mild_Dementia/OAS1_0028/OAS1_0028_slice_13_z070.png,Mild Dementia/OAS1_0028/OAS1_0028_slice_13_z070.png,OAS1_0028,Mild Dementia,2,1,Very Mild Dementia,0,-5.730372790344995,3.1201084720175003,-1.1291002123369602,-1.05696236602564
OASIS_1,LinearSVM,13,test,rotation__moderate,rotation,moderate,D:\OASIS_1\distortions_32\rotation\moderate\Mild_Dementia\OAS1_0028\OAS1_0028_slice_14_z073.png,Mild_Dementia/OAS1_0028/OAS1_0028_slice_14_z073.png,Mild Dementia/OAS1_0028/OAS1_0028_slice_14_z073.png,OAS1_0028,Mild Dementia,2,1,Very Mild Dementia,0,-3.2933322649663292,2.804936263046813,-2.006107311357132,-0.9952536137193264
OASIS_1,LinearSVM,13,test,rotation__moderate,rotation,moderate,D:\OASIS_1\distortions_32\rotation\moderate\Mild_Dementia\OAS1_0028\OAS1_0028_slice_15_z076.png,Mild_Dementia/OAS1_0028/OAS1_0028_slice_15_z076.png,Mild Dementia/OAS1_0028/OAS1_0028_slice_15_z076.png,OAS1_0028,Mild Dementia,2,1,Very Mild Dementia,0,-4.089700487819351,2.266479288272921,-2.535334616959288,-1.2331024939246065
OASIS_1,LinearSVM,13,test,rotation__moderate,rotation,moderate,D:\OASIS_1\distortions_32\rotation\moderate\Mild_Dementia\OAS1_0028\OAS1_0028_slice_16_z078.png,Mild_Dementia/OAS1_0028/OAS1_0028_slice_16_z078.png,Mild Dementia/OAS1_0028/OAS1_0028_slice_16_z078.png,OAS1_0028,Mild Dementia,2,1,Very Mild Dementia,0,-3.6903254714745852,2.1250437807690674,-3.2248222062766922,-1.2386007553694547
OASIS_1,LinearSVM,13,test,rotation__moderate,rotation,moderate,D:\OASIS_1\distortions_32\rotation\moderate\Mild_Dementia\OAS1_0028\OAS1_0028_slice_17_z081.png,Mild_Dementia/OAS1_0028/OAS1_0028_slice_17_z081.png,Mild Dementia/OAS1_0028/OAS1_0028_slice_17_z081.png,OAS1_0028,Mild Dementia,2,1,Very Mild Dementia,0,-3.0401457735366155,2.534125025016485,-3.213217968837417,-1.2492866382291932
OASIS_1,LinearSVM,13,test,rotation__moderate,rotation,moderate,D:\OASIS_1\distortions_32\rotation\moderate\Mild_Dementia\OAS1_0028\OAS1_0028_slice_18_z084.png,Mild_Dementia/OAS1_0028/OAS1_0028_slice_18_z084.png,Mild Dementia/OAS1_0028/OAS1_0028_slice_18_z084.png,OAS1_0028,Mild Dementia,2,1,Very Mild Dementia,0,-3.618105590506789,1.9007951899566091,-1.9149460488692842,-1.1541206095938616
OASIS_1,LinearSVM,13,test,rotation__moderate,rotation,moderate,D:\OASIS_1\distortions_32\rotation\moderate\Mild_Dementia\OAS1_0028\OAS1_0028_slice_19_z086.png,Mild_Dementia/OAS1_0028/OAS1_0028_slice_19_z086.png,Mild Dementia/OAS1_0028/OAS1_0028_slice_19_z086.png,OAS1_0028,Mild Dementia,2,1,Very Mild Dementia,0,-5.218233219685046,2.165606234755765,-1.2015069283216377,-1.0102673257443038
OASIS_1,LinearSVM,13,test,rotation__moderate,rotation,moderate,D:\OASIS_1\distortions_32\rotation\moderate\Mild_Dementia\OAS1_0028\OAS1_0028_slice_20_z089.png,Mild_Dementia/OAS1_0028/OAS1_0028_slice_20_z089.png,Mild Dementia/OAS1_0028/OAS1_0028_slice_20_z089.png,OAS1_0028,Mild Dementia,2,2,Mild Dementia,1,-2.6990894593552595,-2.036756011624158,1.3025665231092116,-1.1451301189754486
OASIS_1,LinearSVM,13,test,rotation__moderate,rotation,moderate,D:\OASIS_1\distortions_32\rotation\moderate\Mild_Dementia\OAS1_0137\OAS1_0137_slice_01_z038.png,Mild_Dementia/OAS1_0137/OAS1_0137_slice_01_z038.png,Mild Dementia/OAS1_0137/OAS1_0137_slice_01_z038.png,OAS1_0137,Mild Dementia,2,1,Very Mild Dementia,0,-3.9048429889364185,2.3291035939525817,-1.671443589680339,-1.0932298507670666
OASIS_1,LinearSVM,13,test,rotation__moderate,rotation,moderate,D:\OASIS_1\distortions_32\rotation\moderate\Mild_Dementia\OAS1_0137\OAS1_0137_slice_02_z041.png,Mild_Dementia/OAS1_0137/OAS1_0137_slice_02_z041.png,Mild Dementia/OAS1_0137/OAS1_0137_slice_02_z041.png,OAS1_0137,Mild Dementia,2,2,Mild Dementia,1,-4.48272211927543,-0.9807736970599978,-0.1279801660114086,-1.1510399065491885
OASIS_1,LinearSVM,13,test,rotation__moderate,rotation,moderate,D:\OASIS_1\distortions_32\rotation\moderate\Mild_Dementia\OAS1_0137\OAS1_0137_slice_03_z043.png,Mild_Dementia/OAS1_0137/OAS1_0137_slice_03_z043.png,Mild Dementia/OAS1_0137/OAS1_0137_slice_03_z043.png,OAS1_0137,Mild Dementia,2,2,Mild Dementia,1,-2.275113019082522,-4.325098040183251,-0.6269264210345356,-1.0010871222990685
OASIS_1,LinearSVM,13,test,rotation__moderate,rotation,moderate,D:\OASIS_1\distortions_32\rotation\moderate\Mild_Dementia\OAS1_0137\OAS1_0137_slice_04_z046.png,Mild_Dementia/OAS1_0137/OAS1_0137_slice_04_z046.png,Mild Dementia/OAS1_0137/OAS1_0137_slice_04_z046.png,OAS1_0137,Mild Dementia,2,2,Mild Dementia,1,-6.205522062710844,-2.877968461516309,-0.011217235194224351,-0.8927083472009834
OASIS_1,LinearSVM,13,test,rotation__moderate,rotation,moderate,D:\OASIS_1\distortions_32\rotation\moderate\Mild_Dementia\OAS1_0137\OAS1_0137_slice_05_z049.png,Mild_Dementia/OAS1_0137/OAS1_0137_slice_05_z049.png,Mild Dementia/OAS1_0137/OAS1_0137_slice_05_z049.png,OAS1_0137,Mild Dementia,2,2,Mild Dementia,1,-5.5278464923806006,-2.4577686966041146,-0.6164992971674941,-0.8668722730289367
OASIS_1,LinearSVM,13,test,rotation__moderate,rotation,moderate,D:\OASIS_1\distortions_32\rotation\moderate\Mild_Dementia\OAS1_0137\OAS1_0137_slice_06_z051.png,Mild_Dementia/OAS1_0137/OAS1_0137_slice_06_z051.png,Mild Dementia/OAS1_0137/OAS1_0137_slice_06_z051.png,OAS1_0137,Mild Dementia,2,2,Mild Dementia,1,-2.8607203765625555,-5.081467381883115,3.6295749538626545,-0.9430229485516252
OASIS_1,LinearSVM,13,test,rotation__moderate,rotation,moderate,D:\OASIS_1\distortions_32\rotation\moderate\Mild_Dementia\OAS1_0137\OAS1_0137_slice_07_z054.png,Mild_Dementia/OAS1_0137/OAS1_0137_slice_07_z054.png,Mild Dementia/OAS1_0137/OAS1_0137_slice_07_z054.png,OAS1_0137,Mild Dementia,2,2,Mild Dementia,1,-2.467470621284762,-3.661417801323573,2.101982405818249,-1.071639133920422
OASIS_1,LinearSVM,13,test,rotation__moderate,rotation,moderate,D:\OASIS_1\distortions_32\rotation\moderate\Mild_Dementia\OAS1_0137\OAS1_0137_slice_08_z057.png,Mild_Dementia/OAS1_0137/OAS1_0137_slice_08_z057.png,Mild Dementia/OAS1_0137/OAS1_0137_slice_08_z057.png,OAS1_0137,Mild Dementia,2,2,Mild Dementia,1,-4.328464887075274,-2.5851926827559932,2.65414973723386,-1.1029453015205841
OASIS_1,LinearSVM,13,test,rotation__moderate,rotation,moderate,D:\OASIS_1\distortions_32\rotation\moderate\Mild_Dementia\OAS1_0137\OAS1_0137_slice_09_z059.png,Mild_Dementia/OAS1_0137/OAS1_0137_slice_09_z059.png,Mild Dementia/OAS1_0137/OAS1_0137_slice_09_z059.png,OAS1_0137,Mild Dementia,2,0,Non-Demented,0,1.4409779668893625,-5.459571278269603,-0.2016975730442634,-1.3163959713236024
OASIS_1,LinearSVM,13,test,rotation__moderate,rotation,moderate,D:\OASIS_1\distortions_32\rotation\moderate\Mild_Dementia\OAS1_0137\OAS1_0137_slice_10_z062.png,Mild_Dementia/OAS1_0137/OAS1_0137_slice_10_z062.png,Mild Dementia/OAS1_0137/OAS1_0137_slice_10_z062.png,OAS1_0137,Mild Dementia,2,2,Mild Dementia,1,-2.0961381263619563,-3.3912379300847943,1.389438715799617,-1.1461617564134587
OASIS_1,LinearSVM,13,test,rotation__moderate,rotation,moderate,D:\OASIS_1\distortions_32\rotation\moderate\Mild_Dementia\OAS1_0137\OAS1_0137_slice_11_z065.png,Mild_Dementia/OAS1_0137/OAS1_0137_slice_11_z065.png,Mild Dementia/OAS1_0137/OAS1_0137_slice_11_z065.png,OAS1_0137,Mild Dementia,2,0,Non-Demented,0,4.1382537058948685,-11.041276030635135,-1.6761176313518247,-1.2805545722661387
OASIS_1,LinearSVM,13,test,rotation__moderate,rotation,moderate,D:\OASIS_1\distortions_32\rotation\moderate\Mild_Dementia\OAS1_0137\OAS1_0137_slice_12_z068.png,Mild_Dementia/OAS1_0137/OAS1_0137_slice_12_z068.png,Mild Dementia/OAS1_0137/OAS1_0137_slice_12_z068.png,OAS1_0137,Mild Dementia,2,2,Mild Dementia,1,-1.2704002616859662,-0.9506964645455127,-0.4708497798739393,-1.123503932675706
OASIS_1,LinearSVM,13,test,rotation__moderate,rotation,moderate,D:\OASIS_1\distortions_32\rotation\moderate\Mild_Dementia\OAS1_0137\OAS1_0137_slice_13_z070.png,Mild_Dementia/OAS1_0137/OAS1_0137_slice_13_z070.png,Mild Dementia/OAS1_0137/OAS1_0137_slice_13_z070.png,OAS1_0137,Mild Dementia,2,2,Mild Dementia,1,-0.736475248491297,-2.8444491748488945,0.19535147810084474,-1.0835794863433263
OASIS_1,LinearSVM,13,test,rotation__moderate,rotation,moderate,D:\OASIS_1\distortions_32\rotation\moderate\Mild_Dementia\OAS1_0137\OAS1_0137_slice_14_z073.png,Mild_Dementia/OAS1_0137/OAS1_0137_slice_14_z073.png,Mild Dementia/OAS1_0137/OAS1_0137_slice_14_z073.png,OAS1_0137,Mild Dementia,2,0,Non-Demented,0,3.8433173002559675,-7.767426294246496,-1.5426728833724066,-1.1446920664579778
OASIS_1,LinearSVM,13,test,rotation__moderate,rotation,moderate,D:\OASIS_1\distortions_32\rotation\moderate\Mild_Dementia\OAS1_0137\OAS1_0137_slice_15_z076.png,Mild_Dementia/OAS1_0137/OAS1_0137_slice_15_z076.png,Mild Dementia/OAS1_0137/OAS1_0137_slice_15_z076.png,OAS1_0137,Mild Dementia,2,2,Mild Dementia,1,-3.7055476222429675,-2.927682242705715,1.392874278976537,-1.2309843037262986
OASIS_1,LinearSVM,13,test,rotation__moderate,rotation,moderate,D:\OASIS_1\distortions_32\rotation\moderate\Mild_Dementia\OAS1_0137\OAS1_0137_slice_16_z078.png,Mild_Dementia/OAS1_0137/OAS1_0137_slice_16_z078.png,Mild Dementia/OAS1_0137/OAS1_0137_slice_16_z078.png,OAS1_0137,Mild Dementia,2,2,Mild Dementia,1,-2.855223691005428,-2.002438333390775,0.7931647899854215,-1.2286522578116692
OASIS_1,LinearSVM,13,test,rotation__moderate,rotation,moderate,D:\OASIS_1\distortions_32\rotation\moderate\Mild_Dementia\OAS1_0137\OAS1_0137_slice_17_z081.png,Mild_Dementia/OAS1_0137/OAS1_0137_slice_17_z081.png,Mild Dementia/OAS1_0137/OAS1_0137_slice_17_z081.png,OAS1_0137,Mild Dementia,2,2,Mild Dementia,1,-7.221158575574159,-3.865094555938889,-0.23850326450444692,-1.025393549920361
OASIS_1,LinearSVM,13,test,rotation__moderate,rotation,moderate,D:\OASIS_1\distortions_32\rotation\moderate\Mild_Dementia\OAS1_0137\OAS1_0137_slice_18_z084.png,Mild_Dementia/OAS1_0137/OAS1_0137_slice_18_z084.png,Mild Dementia/OAS1_0137/OAS1_0137_slice_18_z084.png,OAS1_0137,Mild Dementia,2,2,Mild Dementia,1,-5.107818654365864,-8.216908552112098,-0.9690371141545682,-1.0183979618421128
OASIS_1,LinearSVM,13,test,rotation__moderate,rotation,moderate,D:\OASIS_1\distortions_32\rotation\moderate\Mild_Dementia\OAS1_0137\OAS1_0137_slice_19_z086.png,Mild_Dementia/OAS1_0137/OAS1_0137_slice_19_z086.png,Mild Dementia/OAS1_0137/OAS1_0137_slice_19_z086.png,OAS1_0137,Mild Dementia,2,3,Moderate Dementia,0,-5.482554575812906,-7.312947530942655,-1.205344100740692,-1.0646481784602522
OASIS_1,LinearSVM,13,test,rotation__moderate,rotation,moderate,D:\OASIS_1\distortions_32\rotation\moderate\Mild_Dementia\OAS1_0137\OAS1_0137_slice_20_z089.png,Mild_Dementia/OAS1_0137/OAS1_0137_slice_20_z089.png,Mild Dementia/OAS1_0137/OAS1_0137_slice_20_z089.png,OAS1_0137,Mild Dementia,2,2,Mild Dementia,1,-2.2938835226192533,-2.3605111731768806,-0.17911176711813148,-1.3363922193215367
OASIS_1,LinearSVM,13,test,rotation__moderate,rotation,moderate,D:\OASIS_1\distortions_32\rotation\moderate\Mild_Dementia\OAS1_0184\OAS1_0184_slice_01_z038.png,Mild_Dementia/OAS1_0184/OAS1_0184_slice_01_z038.png,Mild Dementia/OAS1_0184/OAS1_0184_slice_01_z038.png,OAS1_0184,Mild Dementia,2,1,Very Mild Dementia,0,-1.233452823385146,3.238751461468586,-3.8593163958707386,-1.3503832848121704
OASIS_1,LinearSVM,13,test,rotation__moderate,rotation,moderate,D:\OASIS_1\distortions_32\rotation\moderate\Mild_Dementia\OAS1_0184\OAS1_0184_slice_02_z041.png,Mild_Dementia/OAS1_0184/OAS1_0184_slice_02_z041.png,Mild Dementia/OAS1_0184/OAS1_0184_slice_02_z041.png,OAS1_0184,Mild Dementia,2,0,Non-Demented,0,2.0868332455576715,-5.475643633865454,1.067742309627567,-1.2646557782127006
OASIS_1,LinearSVM,13,test,rotation__moderate,rotation,moderate,D:\OASIS_1\distortions_32\rotation\moderate\Mild_Dementia\OAS1_0184\OAS1_0184_slice_03_z043.png,Mild_Dementia/OAS1_0184/OAS1_0184_slice_03_z043.png,Mild Dementia/OAS1_0184/OAS1_0184_slice_03_z043.png,OAS1_0184,Mild Dementia,2,0,Non-Demented,0,2.9494401698526405,-5.671335474592588,-1.1618928693110826,-1.2863244203643844
OASIS_1,LinearSVM,13,test,rotation__moderate,rotation,moderate,D:\OASIS_1\distortions_32\rotation\moderate\Mild_Dementia\OAS1_0184\OAS1_0184_slice_04_z046.png,Mild_Dementia/OAS1_0184/OAS1_0184_slice_04_z046.png,Mild Dementia/OAS1_0184/OAS1_0184_slice_04_z046.png,OAS1_0184,Mild Dementia,2,1,Very Mild Dementia,0,-4.103998207954353,2.317524433455189,-2.6951362247223662,-1.2474331035946091
OASIS_1,LinearSVM,13,test,rotation__moderate,rotation,moderate,D:\OASIS_1\distortions_32\rotation\moderate\Mild_Dementia\OAS1_0184\OAS1_0184_slice_05_z049.png,Mild_Dementia/OAS1_0184/OAS1_0184_slice_05_z049.png,Mild Dementia/OAS1_0184/OAS1_0184_slice_05_z049.png,OAS1_0184,Mild Dementia,2,1,Very Mild Dementia,0,-3.997045699502136,0.6324555515183272,-1.4749613430297706,-1.3110029402257481
OASIS_1,LinearSVM,13,test,rotation__moderate,rotation,moderate,D:\OASIS_1\distortions_32\rotation\moderate\Mild_Dementia\OAS1_0184\OAS1_0184_slice_06_z051.png,Mild_Dementia/OAS1_0184/OAS1_0184_slice_06_z051.png,Mild Dementia/OAS1_0184/OAS1_0184_slice_06_z051.png,OAS1_0184,Mild Dementia,2,1,Very Mild Dementia,0,-2.952596984881705,-0.39325911686101045,-0.6296314701716081,-1.263595287419939
OASIS_1,LinearSVM,13,test,rotation__moderate,rotation,moderate,D:\OASIS_1\distortions_32\rotation\moderate\Mild_Dementia\OAS1_0184\OAS1_0184_slice_07_z054.png,Mild_Dementia/OAS1_0184/OAS1_0184_slice_07_z054.png,Mild Dementia/OAS1_0184/OAS1_0184_slice_07_z054.png,OAS1_0184,Mild Dementia,2,0,Non-Demented,0,2.7430433153829803,-3.2642811770032365,-2.9337046617536795,-1.308156270015292
OASIS_1,LinearSVM,13,test,rotation__moderate,rotation,moderate,D:\OASIS_1\distortions_32\rotation\moderate\Mild_Dementia\OAS1_0184\OAS1_0184_slice_08_z057.png,Mild_Dementia/OAS1_0184/OAS1_0184_slice_08_z057.png,Mild Dementia/OAS1_0184/OAS1_0184_slice_08_z057.png,OAS1_0184,Mild Dementia,2,0,Non-Demented,0,0.22356838200069373,-0.20121832270987294,-3.6351768114745733,-1.3348400448034001
OASIS_1,LinearSVM,13,test,rotation__moderate,rotation,moderate,D:\OASIS_1\distortions_32\rotation\moderate\Mild_Dementia\OAS1_0184\OAS1_0184_slice_09_z059.png,Mild_Dementia/OAS1_0184/OAS1_0184_slice_09_z059.png,Mild Dementia/OAS1_0184/OAS1_0184_slice_09_z059.png,OAS1_0184,Mild Dementia,2,1,Very Mild Dementia,0,-0.3237359703080168,-0.02315796872011422,-3.0711652965774956,-1.3358411589983916
OASIS_1,LinearSVM,13,test,rotation__moderate,rotation,moderate,D:\OASIS_1\distortions_32\rotation\moderate\Mild_Dementia\OAS1_0184\OAS1_0184_slice_10_z062.png,Mild_Dementia/OAS1_0184/OAS1_0184_slice_10_z062.png,Mild Dementia/OAS1_0184/OAS1_0184_slice_10_z062.png,OAS1_0184,Mild Dementia,2,0,Non-Demented,0,1.1175802850576222,-1.4463704828003219,-2.6438995798926865,-1.301506242599459
OASIS_1,LinearSVM,13,test,rotation__moderate,rotation,moderate,D:\OASIS_1\distortions_32\rotation\moderate\Mild_Dementia\OAS1_0184\OAS1_0184_slice_11_z065.png,Mild_Dementia/OAS1_0184/OAS1_0184_slice_11_z065.png,Mild Dementia/OAS1_0184/OAS1_0184_slice_11_z065.png,OAS1_0184,Mild Dementia,2,0,Non-Demented,0,2.462779995878204,-2.649041575760519,-2.5082329562468715,-1.3059395544888173
OASIS_1,LinearSVM,13,test,rotation__moderate,rotation,moderate,D:\OASIS_1\distortions_32\rotation\moderate\Mild_Dementia\OAS1_0184\OAS1_0184_slice_12_z068.png,Mild_Dementia/OAS1_0184/OAS1_0184_slice_12_z068.png,Mild Dementia/OAS1_0184/OAS1_0184_slice_12_z068.png,OAS1_0184,Mild Dementia,2,0,Non-Demented,0,3.5034952960747425,-3.130017652100527,-2.726314421794504,-1.4492649339386583
OASIS_1,LinearSVM,13,test,rotation__moderate,rotation,moderate,D:\OASIS_1\distortions_32\rotation\moderate\Mild_Dementia\OAS1_0184\OAS1_0184_slice_13_z070.png,Mild_Dementia/OAS1_0184/OAS1_0184_slice_13_z070.png,Mild Dementia/OAS1_0184/OAS1_0184_slice_13_z070.png,OAS1_0184,Mild Dementia,2,0,Non-Demented,0,7.943156534388772,-11.070525433976224,-2.0138987360288585,-1.0518732827441515
OASIS_1,LinearSVM,13,test,rotation__moderate,rotation,moderate,D:\OASIS_1\distortions_32\rotation\moderate\Mild_Dementia\OAS1_0184\OAS1_0184_slice_14_z073.png,Mild_Dementia/OAS1_0184/OAS1_0184_slice_14_z073.png,Mild Dementia/OAS1_0184/OAS1_0184_slice_14_z073.png,OAS1_0184,Mild Dementia,2,0,Non-Demented,0,6.80468897941681,-8.116012101803916,-2.763980462832077,-1.1497747732255756
OASIS_1,LinearSVM,13,test,rotation__moderate,rotation,moderate,D:\OASIS_1\distortions_32\rotation\moderate\Mild_Dementia\OAS1_0184\OAS1_0184_slice_15_z076.png,Mild_Dementia/OAS1_0184/OAS1_0184_slice_15_z076.png,Mild Dementia/OAS1_0184/OAS1_0184_slice_15_z076.png,OAS1_0184,Mild Dementia,2,0,Non-Demented,0,6.220450188210042,-6.774537518806671,-2.6929167413544315,-1.21438651807734
OASIS_1,LinearSVM,13,test,rotation__moderate,rotation,moderate,D:\OASIS_1\distortions_32\rotation\moderate\Mild_Dementia\OAS1_0184\OAS1_0184_slice_16_z078.png,Mild_Dementia/OAS1_0184/OAS1_0184_slice_16_z078.png,Mild Dementia/OAS1_0184/OAS1_0184_slice_16_z078.png,OAS1_0184,Mild Dementia,2,0,Non-Demented,0,5.684800516500872,-6.251258860704153,-2.4370268560707293,-1.3093230305649832
OASIS_1,LinearSVM,13,test,rotation__moderate,rotation,moderate,D:\OASIS_1\distortions_32\rotation\moderate\Mild_Dementia\OAS1_0184\OAS1_0184_slice_17_z081.png,Mild_Dementia/OAS1_0184/OAS1_0184_slice_17_z081.png,Mild Dementia/OAS1_0184/OAS1_0184_slice_17_z081.png,OAS1_0184,Mild Dementia,2,0,Non-Demented,0,2.661431530718077,-2.180351352384269,-3.719385770922205,-1.2887222356816532
OASIS_1,LinearSVM,13,test,rotation__moderate,rotation,moderate,D:\OASIS_1\distortions_32\rotation\moderate\Mild_Dementia\OAS1_0184\OAS1_0184_slice_18_z084.png,Mild_Dementia/OAS1_0184/OAS1_0184_slice_18_z084.png,Mild Dementia/OAS1_0184/OAS1_0184_slice_18_z084.png,OAS1_0184,Mild Dementia,2,1,Very Mild Dementia,0,-1.5755778660058652,2.9746827053277376,-3.56283595548589,-1.1937632842215722
OASIS_1,LinearSVM,13,test,rotation__moderate,rotation,moderate,D:\OASIS_1\distortions_32\rotation\moderate\Mild_Dementia\OAS1_0184\OAS1_0184_slice_19_z086.png,Mild_Dementia/OAS1_0184/OAS1_0184_slice_19_z086.png,Mild Dementia/OAS1_0184/OAS1_0184_slice_19_z086.png,OAS1_0184,Mild Dementia,2,0,Non-Demented,0,0.6883059709498319,-5.7699022493893715,-2.693037087752556,-1.032774244739683
OASIS_1,LinearSVM,13,test,rotation__moderate,rotation,moderate,D:\OASIS_1\distortions_32\rotation\moderate\Mild_Dementia\OAS1_0184\OAS1_0184_slice_20_z089.png,Mild_Dementia/OAS1_0184/OAS1_0184_slice_20_z089.png,Mild Dementia/OAS1_0184/OAS1_0184_slice_20_z089.png,OAS1_0184,Mild Dementia,2,1,Very Mild Dementia,0,-0.982209955826672,1.254283640181133,-2.9307548642409844,-1.3512216785776863
OASIS_1,LinearSVM,13,test,rotation__moderate,rotation,moderate,D:\OASIS_1\distortions_32\rotation\moderate\Mild_Dementia\OAS1_0278\OAS1_0278_slice_01_z038.png,Mild_Dementia/OAS1_0278/OAS1_0278_slice_01_z038.png,Mild Dementia/OAS1_0278/OAS1_0278_slice_01_z038.png,OAS1_0278,Mild Dementia,2,2,Mild Dementia,1,-0.70468600349455,-6.50185986993232,0.3160248588293939,-1.111363803551854
OASIS_1,LinearSVM,13,test,rotation__moderate,rotation,moderate,D:\OASIS_1\distortions_32\rotation\moderate\Mild_Dementia\OAS1_0278\OAS1_0278_slice_02_z041.png,Mild_Dementia/OAS1_0278/OAS1_0278_slice_02_z041.png,Mild Dementia/OAS1_0278/OAS1_0278_slice_02_z041.png,OAS1_0278,Mild Dementia,2,2,Mild Dementia,1,-2.430745198471663,-3.228357800493402,-0.46099244926945326,-1.0109160929759222
OASIS_1,LinearSVM,13,test,rotation__moderate,rotation,moderate,D:\OASIS_1\distortions_32\rotation\moderate\Mild_Dementia\OAS1_0278\OAS1_0278_slice_03_z043.png,Mild_Dementia/OAS1_0278/OAS1_0278_slice_03_z043.png,Mild Dementia/OAS1_0278/OAS1_0278_slice_03_z043.png,OAS1_0278,Mild Dementia,2,0,Non-Demented,0,1.4408618124671526,-5.892204085764537,-3.974228725590782,-1.0246571928868964
OASIS_1,LinearSVM,13,test,rotation__moderate,rotation,moderate,D:\OASIS_1\distortions_32\rotation\moderate\Mild_Dementia\OAS1_0278\OAS1_0278_slice_04_z046.png,Mild_Dementia/OAS1_0278/OAS1_0278_slice_04_z046.png,Mild Dementia/OAS1_0278/OAS1_0278_slice_04_z046.png,OAS1_0278,Mild Dementia,2,0,Non-Demented,0,0.16114921997252174,-3.9398838688470805,-1.9329457020232685,-0.9470910519083656
OASIS_1,LinearSVM,13,test,rotation__moderate,rotation,moderate,D:\OASIS_1\distortions_32\rotation\moderate\Mild_Dementia\OAS1_0278\OAS1_0278_slice_05_z049.png,Mild_Dementia/OAS1_0278/OAS1_0278_slice_05_z049.png,Mild Dementia/OAS1_0278/OAS1_0278_slice_05_z049.png,OAS1_0278,Mild Dementia,2,3,Moderate Dementia,0,-1.8378828975226504,-1.2999460810522505,-1.6256415003929536,-0.9832588440894948
OASIS_1,LinearSVM,13,test,rotation__moderate,rotation,moderate,D:\OASIS_1\distortions_32\rotation\moderate\Mild_Dementia\OAS1_0278\OAS1_0278_slice_06_z051.png,Mild_Dementia/OAS1_0278/OAS1_0278_slice_06_z051.png,Mild Dementia/OAS1_0278/OAS1_0278_slice_06_z051.png,OAS1_0278,Mild Dementia,2,3,Moderate Dementia,0,-1.2206667313673107,-1.2315793824234047,-1.3592145371525812,-1.023585689124404
OASIS_1,LinearSVM,13,test,rotation__moderate,rotation,moderate,D:\OASIS_1\distortions_32\rotation\moderate\Mild_Dementia\OAS1_0278\OAS1_0278_slice_07_z054.png,Mild_Dementia/OAS1_0278/OAS1_0278_slice_07_z054.png,Mild Dementia/OAS1_0278/OAS1_0278_slice_07_z054.png,OAS1_0278,Mild Dementia,2,1,Very Mild Dementia,0,-1.668343407768568,-0.4163656435138394,-0.9517588453191499,-1.0712155875341876
OASIS_1,LinearSVM,13,test,rotation__moderate,rotation,moderate,D:\OASIS_1\distortions_32\rotation\moderate\Mild_Dementia\OAS1_0278\OAS1_0278_slice_08_z057.png,Mild_Dementia/OAS1_0278/OAS1_0278_slice_08_z057.png,Mild Dementia/OAS1_0278/OAS1_0278_slice_08_z057.png,OAS1_0278,Mild Dementia,2,0,Non-Demented,0,6.067452654804645,-10.212391276180385,-1.6076881356745805,-1.0725668148009035
OASIS_1,LinearSVM,13,test,rotation__moderate,rotation,moderate,D:\OASIS_1\distortions_32\rotation\moderate\Mild_Dementia\OAS1_0278\OAS1_0278_slice_09_z059.png,Mild_Dementia/OAS1_0278/OAS1_0278_slice_09_z059.png,Mild Dementia/OAS1_0278/OAS1_0278_slice_09_z059.png,OAS1_0278,Mild Dementia,2,0,Non-Demented,0,0.4862768623974639,-0.4438487469167969,-3.2101634370565653,-0.9109113797106819
OASIS_1,LinearSVM,13,test,rotation__moderate,rotation,moderate,D:\OASIS_1\distortions_32\rotation\moderate\Mild_Dementia\OAS1_0278\OAS1_0278_slice_10_z062.png,Mild_Dementia/OAS1_0278/OAS1_0278_slice_10_z062.png,Mild Dementia/OAS1_0278/OAS1_0278_slice_10_z062.png,OAS1_0278,Mild Dementia,2,2,Mild Dementia,1,-2.547990705877943,-0.32293965402146574,-0.12791681265085852,-0.9518356879639166
OASIS_1,LinearSVM,13,test,rotation__moderate,rotation,moderate,D:\OASIS_1\distortions_32\rotation\moderate\Mild_Dementia\OAS1_0278\OAS1_0278_slice_11_z065.png,Mild_Dementia/OAS1_0278/OAS1_0278_slice_11_z065.png,Mild Dementia/OAS1_0278/OAS1_0278_slice_11_z065.png,OAS1_0278,Mild Dementia,2,1,Very Mild Dementia,0,-1.6360849286156594,-0.9406908818934903,-1.1174804751621796,-1.0837694867670948
OASIS_1,LinearSVM,13,test,rotation__moderate,rotation,moderate,D:\OASIS_1\distortions_32\rotation\moderate\Mild_Dementia\OAS1_0278\OAS1_0278_slice_12_z068.png,Mild_Dementia/OAS1_0278/OAS1_0278_slice_12_z068.png,Mild Dementia/OAS1_0278/OAS1_0278_slice_12_z068.png,OAS1_0278,Mild Dementia,2,1,Very Mild Dementia,0,-3.0787952178026625,0.23073084642260833,-0.5283953018999974,-1.0921474906607653
OASIS_1,LinearSVM,13,test,rotation__moderate,rotation,moderate,D:\OASIS_1\distortions_32\rotation\moderate\Mild_Dementia\OAS1_0278\OAS1_0278_slice_13_z070.png,Mild_Dementia/OAS1_0278/OAS1_0278_slice_13_z070.png,Mild Dementia/OAS1_0278/OAS1_0278_slice_13_z070.png,OAS1_0278,Mild Dementia,2,0,Non-Demented,0,5.9473065630618835,-8.474823869035717,-1.5864411488470709,-0.9768891401818468
OASIS_1,LinearSVM,13,test,rotation__moderate,rotation,moderate,D:\OASIS_1\distortions_32\rotation\moderate\Mild_Dementia\OAS1_0278\OAS1_0278_slice_14_z073.png,Mild_Dementia/OAS1_0278/OAS1_0278_slice_14_z073.png,Mild Dementia/OAS1_0278/OAS1_0278_slice_14_z073.png,OAS1_0278,Mild Dementia,2,0,Non-Demented,0,2.179019635598744,-5.440218255417589,-1.324579187957704,-0.8769087674285438
OASIS_1,LinearSVM,13,test,rotation__moderate,rotation,moderate,D:\OASIS_1\distortions_32\rotation\moderate\Mild_Dementia\OAS1_0278\OAS1_0278_slice_15_z076.png,Mild_Dementia/OAS1_0278/OAS1_0278_slice_15_z076.png,Mild Dementia/OAS1_0278/OAS1_0278_slice_15_z076.png,OAS1_0278,Mild Dementia,2,2,Mild Dementia,1,-3.748030188302643,-4.419714960929509,1.46543191062795,-0.9589788415166449
OASIS_1,LinearSVM,13,test,rotation__moderate,rotation,moderate,D:\OASIS_1\distortions_32\rotation\moderate\Mild_Dementia\OAS1_0278\OAS1_0278_slice_16_z078.png,Mild_Dementia/OAS1_0278/OAS1_0278_slice_16_z078.png,Mild Dementia/OAS1_0278/OAS1_0278_slice_16_z078.png,OAS1_0278,Mild Dementia,2,3,Moderate Dementia,0,-1.271489554740867,-5.511108751552515,-1.43433327877229,-0.8281989614177276
OASIS_1,LinearSVM,13,test,rotation__moderate,rotation,moderate,D:\OASIS_1\distortions_32\rotation\moderate\Mild_Dementia\OAS1_0278\OAS1_0278_slice_17_z081.png,Mild_Dementia/OAS1_0278/OAS1_0278_slice_17_z081.png,Mild Dementia/OAS1_0278/OAS1_0278_slice_17_z081.png,OAS1_0278,Mild Dementia,2,0,Non-Demented,0,2.373645708124204,-6.889472388064979,-2.027053019002022,-0.8618056116894233
OASIS_1,LinearSVM,13,test,rotation__moderate,rotation,moderate,D:\OASIS_1\distortions_32\rotation\moderate\Mild_Dementia\OAS1_0278\OAS1_0278_slice_18_z084.png,Mild_Dementia/OAS1_0278/OAS1_0278_slice_18_z084.png,Mild Dementia/OAS1_0278/OAS1_0278_slice_18_z084.png,OAS1_0278,Mild Dementia,2,2,Mild Dementia,1,-0.5336501915831467,-2.157911644157575,-0.2986270274472489,-0.9701349936141315
OASIS_1,LinearSVM,13,test,rotation__moderate,rotation,moderate,D:\OASIS_1\distortions_32\rotation\moderate\Mild_Dementia\OAS1_0278\OAS1_0278_slice_19_z086.png,Mild_Dementia/OAS1_0278/OAS1_0278_slice_19_z086.png,Mild Dementia/OAS1_0278/OAS1_0278_slice_19_z086.png,OAS1_0278,Mild Dementia,2,2,Mild Dementia,1,-0.5125005705262226,-4.1456051490191355,0.6612451925875735,-0.9677317385056872
OASIS_1,LinearSVM,13,test,rotation__moderate,rotation,moderate,D:\OASIS_1\distortions_32\rotation\moderate\Mild_Dementia\OAS1_0278\OAS1_0278_slice_20_z089.png,Mild_Dementia/OAS1_0278/OAS1_0278_slice_20_z089.png,Mild Dementia/OAS1_0278/OAS1_0278_slice_20_z089.png,OAS1_0278,Mild Dementia,2,2,Mild Dementia,1,-1.797554918417335,0.43583604810380194,1.0071381434346374,-0.9001916969490791
OASIS_1,LinearSVM,13,test,rotation__moderate,rotation,moderate,D:\OASIS_1\distortions_32\rotation\moderate\Moderate_Dementia\OAS1_0308\OAS1_0308_slice_01_z038.png,Moderate_Dementia/OAS1_0308/OAS1_0308_slice_01_z038.png,Moderate Dementia/OAS1_0308/OAS1_0308_slice_01_z038.png,OAS1_0308,Moderate Dementia,3,0,Non-Demented,0,1.348158295878689,-2.541644800209395,-3.0467263850938258,-1.2466640510311728
OASIS_1,LinearSVM,13,test,rotation__moderate,rotation,moderate,D:\OASIS_1\distortions_32\rotation\moderate\Moderate_Dementia\OAS1_0308\OAS1_0308_slice_02_z041.png,Moderate_Dementia/OAS1_0308/OAS1_0308_slice_02_z041.png,Moderate Dementia/OAS1_0308/OAS1_0308_slice_02_z041.png,OAS1_0308,Moderate Dementia,3,0,Non-Demented,0,1.6991828721077487,-2.167532821980045,-3.897825893808598,-1.2518171450262798
OASIS_1,LinearSVM,13,test,rotation__moderate,rotation,moderate,D:\OASIS_1\distortions_32\rotation\moderate\Moderate_Dementia\OAS1_0308\OAS1_0308_slice_03_z043.png,Moderate_Dementia/OAS1_0308/OAS1_0308_slice_03_z043.png,Moderate Dementia/OAS1_0308/OAS1_0308_slice_03_z043.png,OAS1_0308,Moderate Dementia,3,0,Non-Demented,0,0.03498018460697161,-1.8822014263353228,-1.5132869042799073,-1.4591818679174113
OASIS_1,LinearSVM,13,test,rotation__moderate,rotation,moderate,D:\OASIS_1\distortions_32\rotation\moderate\Moderate_Dementia\OAS1_0308\OAS1_0308_slice_04_z046.png,Moderate_Dementia/OAS1_0308/OAS1_0308_slice_04_z046.png,Moderate Dementia/OAS1_0308/OAS1_0308_slice_04_z046.png,OAS1_0308,Moderate Dementia,3,0,Non-Demented,0,-0.1043497067140976,-1.874339878070941,-0.8045368628681135,-1.5003148921012441
OASIS_1,LinearSVM,13,test,rotation__moderate,rotation,moderate,D:\OASIS_1\distortions_32\rotation\moderate\Moderate_Dementia\OAS1_0308\OAS1_0308_slice_05_z049.png,Moderate_Dementia/OAS1_0308/OAS1_0308_slice_05_z049.png,Moderate Dementia/OAS1_0308/OAS1_0308_slice_05_z049.png,OAS1_0308,Moderate Dementia,3,0,Non-Demented,0,1.7381364625128408,-3.2872645531418865,-2.66541414579934,-1.376079674269016
OASIS_1,LinearSVM,13,test,rotation__moderate,rotation,moderate,D:\OASIS_1\distortions_32\rotation\moderate\Moderate_Dementia\OAS1_0308\OAS1_0308_slice_06_z051.png,Moderate_Dementia/OAS1_0308/OAS1_0308_slice_06_z051.png,Moderate Dementia/OAS1_0308/OAS1_0308_slice_06_z051.png,OAS1_0308,Moderate Dementia,3,0,Non-Demented,0,2.8501812652993332,-2.958219266456732,-2.600206613125362,-1.4086593938371865
OASIS_1,LinearSVM,13,test,rotation__moderate,rotation,moderate,D:\OASIS_1\distortions_32\rotation\moderate\Moderate_Dementia\OAS1_0308\OAS1_0308_slice_07_z054.png,Moderate_Dementia/OAS1_0308/OAS1_0308_slice_07_z054.png,Moderate Dementia/OAS1_0308/OAS1_0308_slice_07_z054.png,OAS1_0308,Moderate Dementia,3,0,Non-Demented,0,1.0841815544193598,-3.5287779264196386,-0.4624460076618224,-1.3871532024559707
OASIS_1,LinearSVM,13,test,rotation__moderate,rotation,moderate,D:\OASIS_1\distortions_32\rotation\moderate\Moderate_Dementia\OAS1_0308\OAS1_0308_slice_08_z057.png,Moderate_Dementia/OAS1_0308/OAS1_0308_slice_08_z057.png,Moderate Dementia/OAS1_0308/OAS1_0308_slice_08_z057.png,OAS1_0308,Moderate Dementia,3,2,Mild Dementia,0,-0.8137170049335355,-2.0052572952033563,0.10592490355437478,-1.3377409404063851
OASIS_1,LinearSVM,13,test,rotation__moderate,rotation,moderate,D:\OASIS_1\distortions_32\rotation\moderate\Moderate_Dementia\OAS1_0308\OAS1_0308_slice_09_z059.png,Moderate_Dementia/OAS1_0308/OAS1_0308_slice_09_z059.png,Moderate Dementia/OAS1_0308/OAS1_0308_slice_09_z059.png,OAS1_0308,Moderate Dementia,3,0,Non-Demented,0,1.1870541619850932,-2.830377515081349,-0.5745835507216783,-1.2719897042090837
OASIS_1,LinearSVM,13,test,rotation__moderate,rotation,moderate,D:\OASIS_1\distortions_32\rotation\moderate\Moderate_Dementia\OAS1_0308\OAS1_0308_slice_10_z062.png,Moderate_Dementia/OAS1_0308/OAS1_0308_slice_10_z062.png,Moderate Dementia/OAS1_0308/OAS1_0308_slice_10_z062.png,OAS1_0308,Moderate Dementia,3,0,Non-Demented,0,5.548587663545889,-5.473460061267217,-1.213902226543727,-1.2544690636099551
OASIS_1,LinearSVM,13,test,rotation__moderate,rotation,moderate,D:\OASIS_1\distortions_32\rotation\moderate\Moderate_Dementia\OAS1_0308\OAS1_0308_slice_11_z065.png,Moderate_Dementia/OAS1_0308/OAS1_0308_slice_11_z065.png,Moderate Dementia/OAS1_0308/OAS1_0308_slice_11_z065.png,OAS1_0308,Moderate Dementia,3,0,Non-Demented,0,3.842576069038782,-3.1781443977437016,-2.020085870811481,-1.4734632024351924
OASIS_1,LinearSVM,13,test,rotation__moderate,rotation,moderate,D:\OASIS_1\distortions_32\rotation\moderate\Moderate_Dementia\OAS1_0308\OAS1_0308_slice_12_z068.png,Moderate_Dementia/OAS1_0308/OAS1_0308_slice_12_z068.png,Moderate Dementia/OAS1_0308/OAS1_0308_slice_12_z068.png,OAS1_0308,Moderate Dementia,3,0,Non-Demented,0,3.5419958829125586,-3.0794936054051103,-1.7913078783665972,-1.4717686634338307
OASIS_1,LinearSVM,13,test,rotation__moderate,rotation,moderate,D:\OASIS_1\distortions_32\rotation\moderate\Moderate_Dementia\OAS1_0308\OAS1_0308_slice_13_z070.png,Moderate_Dementia/OAS1_0308/OAS1_0308_slice_13_z070.png,Moderate Dementia/OAS1_0308/OAS1_0308_slice_13_z070.png,OAS1_0308,Moderate Dementia,3,0,Non-Demented,0,1.1399075237822496,0.7925300189119961,-4.021674103252909,-1.0691622468209876
OASIS_1,LinearSVM,13,test,rotation__moderate,rotation,moderate,D:\OASIS_1\distortions_32\rotation\moderate\Moderate_Dementia\OAS1_0308\OAS1_0308_slice_14_z073.png,Moderate_Dementia/OAS1_0308/OAS1_0308_slice_14_z073.png,Moderate Dementia/OAS1_0308/OAS1_0308_slice_14_z073.png,OAS1_0308,Moderate Dementia,3,0,Non-Demented,0,3.450966229388196,-4.504093601070339,-1.446509269949546,-1.342524965886971
OASIS_1,LinearSVM,13,test,rotation__moderate,rotation,moderate,D:\OASIS_1\distortions_32\rotation\moderate\Moderate_Dementia\OAS1_0308\OAS1_0308_slice_15_z076.png,Moderate_Dementia/OAS1_0308/OAS1_0308_slice_15_z076.png,Moderate Dementia/OAS1_0308/OAS1_0308_slice_15_z076.png,OAS1_0308,Moderate Dementia,3,0,Non-Demented,0,2.38635010615156,-3.668767585241535,-2.674489675085659,-1.42895848898451
OASIS_1,LinearSVM,13,test,rotation__moderate,rotation,moderate,D:\OASIS_1\distortions_32\rotation\moderate\Moderate_Dementia\OAS1_0308\OAS1_0308_slice_16_z078.png,Moderate_Dementia/OAS1_0308/OAS1_0308_slice_16_z078.png,Moderate Dementia/OAS1_0308/OAS1_0308_slice_16_z078.png,OAS1_0308,Moderate Dementia,3,1,Very Mild Dementia,0,-0.892743640815456,3.832174983386739,-5.023228271941157,-1.5418132280020604
OASIS_1,LinearSVM,13,test,rotation__moderate,rotation,moderate,D:\OASIS_1\distortions_32\rotation\moderate\Moderate_Dementia\OAS1_0308\OAS1_0308_slice_17_z081.png,Moderate_Dementia/OAS1_0308/OAS1_0308_slice_17_z081.png,Moderate Dementia/OAS1_0308/OAS1_0308_slice_17_z081.png,OAS1_0308,Moderate Dementia,3,0,Non-Demented,0,0.28772219665490695,-4.299512266263605,-0.7282537381120284,-1.2443125451788517
OASIS_1,LinearSVM,13,test,rotation__moderate,rotation,moderate,D:\OASIS_1\distortions_32\rotation\moderate\Moderate_Dementia\OAS1_0308\OAS1_0308_slice_18_z084.png,Moderate_Dementia/OAS1_0308/OAS1_0308_slice_18_z084.png,Moderate Dementia/OAS1_0308/OAS1_0308_slice_18_z084.png,OAS1_0308,Moderate Dementia,3,1,Very Mild Dementia,0,-1.408719836018859,1.4486997894062879,-4.189630434685192,-1.32153381053991
OASIS_1,LinearSVM,13,test,rotation__moderate,rotation,moderate,D:\OASIS_1\distortions_32\rotation\moderate\Moderate_Dementia\OAS1_0308\OAS1_0308_slice_19_z086.png,Moderate_Dementia/OAS1_0308/OAS1_0308_slice_19_z086.png,Moderate Dementia/OAS1_0308/OAS1_0308_slice_19_z086.png,OAS1_0308,Moderate Dementia,3,0,Non-Demented,0,0.4131521394549257,-5.1855796632367905,0.1834053887774818,-1.0144037700170396
OASIS_1,LinearSVM,13,test,rotation__moderate,rotation,moderate,D:\OASIS_1\distortions_32\rotation\moderate\Moderate_Dementia\OAS1_0308\OAS1_0308_slice_20_z089.png,Moderate_Dementia/OAS1_0308/OAS1_0308_slice_20_z089.png,Moderate Dementia/OAS1_0308/OAS1_0308_slice_20_z089.png,OAS1_0308,Moderate Dementia,3,1,Very Mild Dementia,0,-0.2082215328266328,0.6342691779120404,-3.111556085855945,-1.2185307442463325
OASIS_1,LinearSVM,13,test,rotation__moderate,rotation,moderate,D:\OASIS_1\distortions_32\rotation\moderate\Non_Demented\OAS1_0013\OAS1_0013_slice_01_z038.png,Non_Demented/OAS1_0013/OAS1_0013_slice_01_z038.png,Non-Demented/OAS1_0013/OAS1_0013_slice_01_z038.png,OAS1_0013,Non-Demented,0,0,Non-Demented,1,5.66592763441361,-8.822708881773616,0.20647636669325253,-1.1591833308685886
OASIS_1,LinearSVM,13,test,rotation__moderate,rotation,moderate,D:\OASIS_1\distortions_32\rotation\moderate\Non_Demented\OAS1_0013\OAS1_0013_slice_02_z041.png,Non_Demented/OAS1_0013/OAS1_0013_slice_02_z041.png,Non-Demented/OAS1_0013/OAS1_0013_slice_02_z041.png,OAS1_0013,Non-Demented,0,0,Non-Demented,1,6.257700143904372,-11.15714520238417,1.5845708962108622,-1.1707240597069624
OASIS_1,LinearSVM,13,test,rotation__moderate,rotation,moderate,D:\OASIS_1\distortions_32\rotation\moderate\Non_Demented\OAS1_0013\OAS1_0013_slice_03_z043.png,Non_Demented/OAS1_0013/OAS1_0013_slice_03_z043.png,Non-Demented/OAS1_0013/OAS1_0013_slice_03_z043.png,OAS1_0013,Non-Demented,0,0,Non-Demented,1,4.798121093493219,-9.195528518427013,0.6306844355995356,-1.1247992572666818
OASIS_1,LinearSVM,13,test,rotation__moderate,rotation,moderate,D:\OASIS_1\distortions_32\rotation\moderate\Non_Demented\OAS1_0013\OAS1_0013_slice_04_z046.png,Non_Demented/OAS1_0013/OAS1_0013_slice_04_z046.png,Non-Demented/OAS1_0013/OAS1_0013_slice_04_z046.png,OAS1_0013,Non-Demented,0,1,Very Mild Dementia,0,-2.2295727732415243,4.849723602403701,-2.3245207907180805,-1.0506975145564061
OASIS_1,LinearSVM,13,test,rotation__moderate,rotation,moderate,D:\OASIS_1\distortions_32\rotation\moderate\Non_Demented\OAS1_0013\OAS1_0013_slice_05_z049.png,Non_Demented/OAS1_0013/OAS1_0013_slice_05_z049.png,Non-Demented/OAS1_0013/OAS1_0013_slice_05_z049.png,OAS1_0013,Non-Demented,0,0,Non-Demented,1,3.510692891902333,-6.246497507428742,-0.1288797450535455,-1.0075209973875465
OASIS_1,LinearSVM,13,test,rotation__moderate,rotation,moderate,D:\OASIS_1\distortions_32\rotation\moderate\Non_Demented\OAS1_0013\OAS1_0013_slice_06_z051.png,Non_Demented/OAS1_0013/OAS1_0013_slice_06_z051.png,Non-Demented/OAS1_0013/OAS1_0013_slice_06_z051.png,OAS1_0013,Non-Demented,0,1,Very Mild Dementia,0,-3.997770078743206,2.501231517057595,1.1720145744229846,-0.8800004372299501
OASIS_1,LinearSVM,13,test,rotation__moderate,rotation,moderate,D:\OASIS_1\distortions_32\rotation\moderate\Non_Demented\OAS1_0013\OAS1_0013_slice_07_z054.png,Non_Demented/OAS1_0013/OAS1_0013_slice_07_z054.png,Non-Demented/OAS1_0013/OAS1_0013_slice_07_z054.png,OAS1_0013,Non-Demented,0,2,Mild Dementia,0,1.007510192925786,-5.560894524908386,2.0892113719686023,-0.9253961297947201
OASIS_1,LinearSVM,13,test,rotation__moderate,rotation,moderate,D:\OASIS_1\distortions_32\rotation\moderate\Non_Demented\OAS1_0013\OAS1_0013_slice_08_z057.png,Non_Demented/OAS1_0013/OAS1_0013_slice_08_z057.png,Non-Demented/OAS1_0013/OAS1_0013_slice_08_z057.png,OAS1_0013,Non-Demented,0,1,Very Mild Dementia,0,-2.138912540911318,2.9659255023822895,-1.5128232398679595,-1.2850033029190056
OASIS_1,LinearSVM,13,test,rotation__moderate,rotation,moderate,D:\OASIS_1\distortions_32\rotation\moderate\Non_Demented\OAS1_0013\OAS1_0013_slice_09_z059.png,Non_Demented/OAS1_0013/OAS1_0013_slice_09_z059.png,Non-Demented/OAS1_0013/OAS1_0013_slice_09_z059.png,OAS1_0013,Non-Demented,0,0,Non-Demented,1,0.8217425904727435,-3.464890558387963,0.07773926975195744,-1.2515612789438484
OASIS_1,LinearSVM,13,test,rotation__moderate,rotation,moderate,D:\OASIS_1\distortions_32\rotation\moderate\Non_Demented\OAS1_0013\OAS1_0013_slice_10_z062.png,Non_Demented/OAS1_0013/OAS1_0013_slice_10_z062.png,Non-Demented/OAS1_0013/OAS1_0013_slice_10_z062.png,OAS1_0013,Non-Demented,0,1,Very Mild Dementia,0,-2.4830722863295605,1.4884650336669947,-0.3726346654376169,-1.2871736909149236
OASIS_1,LinearSVM,13,test,rotation__moderate,rotation,moderate,D:\OASIS_1\distortions_32\rotation\moderate\Non_Demented\OAS1_0013\OAS1_0013_slice_11_z065.png,Non_Demented/OAS1_0013/OAS1_0013_slice_11_z065.png,Non-Demented/OAS1_0013/OAS1_0013_slice_11_z065.png,OAS1_0013,Non-Demented,0,2,Mild Dementia,0,0.38295841272250064,-4.235972286026604,0.6210991473034806,-1.1373722909293065
OASIS_1,LinearSVM,13,test,rotation__moderate,rotation,moderate,D:\OASIS_1\distortions_32\rotation\moderate\Non_Demented\OAS1_0013\OAS1_0013_slice_12_z068.png,Non_Demented/OAS1_0013/OAS1_0013_slice_12_z068.png,Non-Demented/OAS1_0013/OAS1_0013_slice_12_z068.png,OAS1_0013,Non-Demented,0,0,Non-Demented,1,0.7749047059599827,-4.78481350867691,0.5114133603023712,-1.1046894331738977
OASIS_1,LinearSVM,13,test,rotation__moderate,rotation,moderate,D:\OASIS_1\distortions_32\rotation\moderate\Non_Demented\OAS1_0013\OAS1_0013_slice_13_z070.png,Non_Demented/OAS1_0013/OAS1_0013_slice_13_z070.png,Non-Demented/OAS1_0013/OAS1_0013_slice_13_z070.png,OAS1_0013,Non-Demented,0,1,Very Mild Dementia,0,-4.1632138729838255,1.228343356856342,-0.04505590105026558,-1.2681002898869074
OASIS_1,LinearSVM,13,test,rotation__moderate,rotation,moderate,D:\OASIS_1\distortions_32\rotation\moderate\Non_Demented\OAS1_0013\OAS1_0013_slice_14_z073.png,Non_Demented/OAS1_0013/OAS1_0013_slice_14_z073.png,Non-Demented/OAS1_0013/OAS1_0013_slice_14_z073.png,OAS1_0013,Non-Demented,0,2,Mild Dementia,0,-3.281314302427675,-5.743478511663598,3.391567019665846,-1.1208756306637224
OASIS_1,LinearSVM,13,test,rotation__moderate,rotation,moderate,D:\OASIS_1\distortions_32\rotation\moderate\Non_Demented\OAS1_0013\OAS1_0013_slice_15_z076.png,Non_Demented/OAS1_0013/OAS1_0013_slice_15_z076.png,Non-Demented/OAS1_0013/OAS1_0013_slice_15_z076.png,OAS1_0013,Non-Demented,0,2,Mild Dementia,0,-3.5408622708000843,0.0268649078783727,2.5053540013359896,-0.8702445982144049
OASIS_1,LinearSVM,13,test,rotation__moderate,rotation,moderate,D:\OASIS_1\distortions_32\rotation\moderate\Non_Demented\OAS1_0013\OAS1_0013_slice_16_z078.png,Non_Demented/OAS1_0013/OAS1_0013_slice_16_z078.png,Non-Demented/OAS1_0013/OAS1_0013_slice_16_z078.png,OAS1_0013,Non-Demented,0,1,Very Mild Dementia,0,-3.119982242043438,1.1103568432821214,0.436405308752005,-0.809067215979505
OASIS_1,LinearSVM,13,test,rotation__moderate,rotation,moderate,D:\OASIS_1\distortions_32\rotation\moderate\Non_Demented\OAS1_0013\OAS1_0013_slice_17_z081.png,Non_Demented/OAS1_0013/OAS1_0013_slice_17_z081.png,Non-Demented/OAS1_0013/OAS1_0013_slice_17_z081.png,OAS1_0013,Non-Demented,0,0,Non-Demented,1,3.0400741919372836,-8.66426699575783,0.8870848120978856,-0.7923392820412742
OASIS_1,LinearSVM,13,test,rotation__moderate,rotation,moderate,D:\OASIS_1\distortions_32\rotation\moderate\Non_Demented\OAS1_0013\OAS1_0013_slice_18_z084.png,Non_Demented/OAS1_0013/OAS1_0013_slice_18_z084.png,Non-Demented/OAS1_0013/OAS1_0013_slice_18_z084.png,OAS1_0013,Non-Demented,0,1,Very Mild Dementia,0,-1.0427763125450311,2.5970168510812175,-0.5730717308862578,-0.8368738829715856
OASIS_1,LinearSVM,13,test,rotation__moderate,rotation,moderate,D:\OASIS_1\distortions_32\rotation\moderate\Non_Demented\OAS1_0013\OAS1_0013_slice_19_z086.png,Non_Demented/OAS1_0013/OAS1_0013_slice_19_z086.png,Non-Demented/OAS1_0013/OAS1_0013_slice_19_z086.png,OAS1_0013,Non-Demented,0,0,Non-Demented,1,4.681787695214103,-9.458095352847254,-0.16691393515145148,-0.9934954298060086
OASIS_1,LinearSVM,13,test,rotation__moderate,rotation,moderate,D:\OASIS_1\distortions_32\rotation\moderate\Non_Demented\OAS1_0013\OAS1_0013_slice_20_z089.png,Non_Demented/OAS1_0013/OAS1_0013_slice_20_z089.png,Non-Demented/OAS1_0013/OAS1_0013_slice_20_z089.png,OAS1_0013,Non-Demented,0,1,Very Mild Dementia,0,0.45364656637840983,5.954496012210242,-3.977245879082392,-1.2160920846252046
OASIS_1,LinearSVM,13,test,rotation__moderate,rotation,moderate,D:\OASIS_1\distortions_32\rotation\moderate\Non_Demented\OAS1_0044\OAS1_0044_slice_01_z038.png,Non_Demented/OAS1_0044/OAS1_0044_slice_01_z038.png,Non-Demented/OAS1_0044/OAS1_0044_slice_01_z038.png,OAS1_0044,Non-Demented,0,0,Non-Demented,1,2.1064098585672735,-1.1378181112161259,-3.1196862625420367,-1.2494720472326295
OASIS_1,LinearSVM,13,test,rotation__moderate,rotation,moderate,D:\OASIS_1\distortions_32\rotation\moderate\Non_Demented\OAS1_0044\OAS1_0044_slice_02_z041.png,Non_Demented/OAS1_0044/OAS1_0044_slice_02_z041.png,Non-Demented/OAS1_0044/OAS1_0044_slice_02_z041.png,OAS1_0044,Non-Demented,0,0,Non-Demented,1,3.033581142504823,-3.7247829199200577,-3.1663648763741143,-1.356061898141133
OASIS_1,LinearSVM,13,test,rotation__moderate,rotation,moderate,D:\OASIS_1\distortions_32\rotation\moderate\Non_Demented\OAS1_0044\OAS1_0044_slice_03_z043.png,Non_Demented/OAS1_0044/OAS1_0044_slice_03_z043.png,Non-Demented/OAS1_0044/OAS1_0044_slice_03_z043.png,OAS1_0044,Non-Demented,0,0,Non-Demented,1,2.4214366055472865,-2.569665291640389,-3.5045983591772947,-1.2544881406172734
OASIS_1,LinearSVM,13,test,rotation__moderate,rotation,moderate,D:\OASIS_1\distortions_32\rotation\moderate\Non_Demented\OAS1_0044\OAS1_0044_slice_04_z046.png,Non_Demented/OAS1_0044/OAS1_0044_slice_04_z046.png,Non-Demented/OAS1_0044/OAS1_0044_slice_04_z046.png,OAS1_0044,Non-Demented,0,0,Non-Demented,1,4.22898961119349,-3.0519121140363596,-3.9895678422612404,-1.1801149865055514
OASIS_1,LinearSVM,13,test,rotation__moderate,rotation,moderate,D:\OASIS_1\distortions_32\rotation\moderate\Non_Demented\OAS1_0044\OAS1_0044_slice_05_z049.png,Non_Demented/OAS1_0044/OAS1_0044_slice_05_z049.png,Non-Demented/OAS1_0044/OAS1_0044_slice_05_z049.png,OAS1_0044,Non-Demented,0,0,Non-Demented,1,0.8312789811543411,-2.573947486381401,-1.7342517842627898,-1.2691593443896065
OASIS_1,LinearSVM,13,test,rotation__moderate,rotation,moderate,D:\OASIS_1\distortions_32\rotation\moderate\Non_Demented\OAS1_0044\OAS1_0044_slice_06_z051.png,Non_Demented/OAS1_0044/OAS1_0044_slice_06_z051.png,Non-Demented/OAS1_0044/OAS1_0044_slice_06_z051.png,OAS1_0044,Non-Demented,0,0,Non-Demented,1,4.061267160905185,-1.249499440908172,-5.507245517808915,-1.298619913989174
OASIS_1,LinearSVM,13,test,rotation__moderate,rotation,moderate,D:\OASIS_1\distortions_32\rotation\moderate\Non_Demented\OAS1_0044\OAS1_0044_slice_07_z054.png,Non_Demented/OAS1_0044/OAS1_0044_slice_07_z054.png,Non-Demented/OAS1_0044/OAS1_0044_slice_07_z054.png,OAS1_0044,Non-Demented,0,0,Non-Demented,1,1.2478371694792179,-1.607371423878011,-3.227013686142029,-1.278245917902741
OASIS_1,LinearSVM,13,test,rotation__moderate,rotation,moderate,D:\OASIS_1\distortions_32\rotation\moderate\Non_Demented\OAS1_0044\OAS1_0044_slice_08_z057.png,Non_Demented/OAS1_0044/OAS1_0044_slice_08_z057.png,Non-Demented/OAS1_0044/OAS1_0044_slice_08_z057.png,OAS1_0044,Non-Demented,0,0,Non-Demented,1,3.33258137471644,-2.6143013438201423,-5.013172021468502,-1.1531432586818733
OASIS_1,LinearSVM,13,test,rotation__moderate,rotation,moderate,D:\OASIS_1\distortions_32\rotation\moderate\Non_Demented\OAS1_0044\OAS1_0044_slice_09_z059.png,Non_Demented/OAS1_0044/OAS1_0044_slice_09_z059.png,Non-Demented/OAS1_0044/OAS1_0044_slice_09_z059.png,OAS1_0044,Non-Demented,0,0,Non-Demented,1,1.7278172438041546,-0.1612303396612751,-4.8494293210890795,-0.9863767375103578
OASIS_1,LinearSVM,13,test,rotation__moderate,rotation,moderate,D:\OASIS_1\distortions_32\rotation\moderate\Non_Demented\OAS1_0044\OAS1_0044_slice_10_z062.png,Non_Demented/OAS1_0044/OAS1_0044_slice_10_z062.png,Non-Demented/OAS1_0044/OAS1_0044_slice_10_z062.png,OAS1_0044,Non-Demented,0,0,Non-Demented,1,2.6206399472771906,-1.3256201938283976,-5.898634019982768,-1.1559916563851602
OASIS_1,LinearSVM,13,test,rotation__moderate,rotation,moderate,D:\OASIS_1\distortions_32\rotation\moderate\Non_Demented\OAS1_0044\OAS1_0044_slice_11_z065.png,Non_Demented/OAS1_0044/OAS1_0044_slice_11_z065.png,Non-Demented/OAS1_0044/OAS1_0044_slice_11_z065.png,OAS1_0044,Non-Demented,0,0,Non-Demented,1,2.3964227224265824,-4.3133864321062285,-4.296633432256478,-1.2887397559514355
OASIS_1,LinearSVM,13,test,rotation__moderate,rotation,moderate,D:\OASIS_1\distortions_32\rotation\moderate\Non_Demented\OAS1_0044\OAS1_0044_slice_12_z068.png,Non_Demented/OAS1_0044/OAS1_0044_slice_12_z068.png,Non-Demented/OAS1_0044/OAS1_0044_slice_12_z068.png,OAS1_0044,Non-Demented,0,0,Non-Demented,1,1.603532266757672,-2.4189138203913036,-5.386724748249943,-1.1141327750297063
OASIS_1,LinearSVM,13,test,rotation__moderate,rotation,moderate,D:\OASIS_1\distortions_32\rotation\moderate\Non_Demented\OAS1_0044\OAS1_0044_slice_13_z070.png,Non_Demented/OAS1_0044/OAS1_0044_slice_13_z070.png,Non-Demented/OAS1_0044/OAS1_0044_slice_13_z070.png,OAS1_0044,Non-Demented,0,0,Non-Demented,1,3.756310289413514,-4.32018628142073,-3.3213812752399963,-1.1359635922705527
OASIS_1,LinearSVM,13,test,rotation__moderate,rotation,moderate,D:\OASIS_1\distortions_32\rotation\moderate\Non_Demented\OAS1_0044\OAS1_0044_slice_14_z073.png,Non_Demented/OAS1_0044/OAS1_0044_slice_14_z073.png,Non-Demented/OAS1_0044/OAS1_0044_slice_14_z073.png,OAS1_0044,Non-Demented,0,0,Non-Demented,1,2.5329422718510974,-3.165760274878198,-2.959471334701996,-1.286028002331426
OASIS_1,LinearSVM,13,test,rotation__moderate,rotation,moderate,D:\OASIS_1\distortions_32\rotation\moderate\Non_Demented\OAS1_0044\OAS1_0044_slice_15_z076.png,Non_Demented/OAS1_0044/OAS1_0044_slice_15_z076.png,Non-Demented/OAS1_0044/OAS1_0044_slice_15_z076.png,OAS1_0044,Non-Demented,0,0,Non-Demented,1,5.883352980467224,-3.62108987889163,-3.678086862158658,-1.207318262323034
OASIS_1,LinearSVM,13,test,rotation__moderate,rotation,moderate,D:\OASIS_1\distortions_32\rotation\moderate\Non_Demented\OAS1_0044\OAS1_0044_slice_16_z078.png,Non_Demented/OAS1_0044/OAS1_0044_slice_16_z078.png,Non-Demented/OAS1_0044/OAS1_0044_slice_16_z078.png,OAS1_0044,Non-Demented,0,0,Non-Demented,1,1.365839239259008,-2.1196710288483183,-1.276288182829691,-1.219539560584873
OASIS_1,LinearSVM,13,test,rotation__moderate,rotation,moderate,D:\OASIS_1\distortions_32\rotation\moderate\Non_Demented\OAS1_0044\OAS1_0044_slice_17_z081.png,Non_Demented/OAS1_0044/OAS1_0044_slice_17_z081.png,Non-Demented/OAS1_0044/OAS1_0044_slice_17_z081.png,OAS1_0044,Non-Demented,0,0,Non-Demented,1,6.476011815216288,-5.154620948664482,-3.346519725797708,-1.2966284082503108
OASIS_1,LinearSVM,13,test,rotation__moderate,rotation,moderate,D:\OASIS_1\distortions_32\rotation\moderate\Non_Demented\OAS1_0044\OAS1_0044_slice_18_z084.png,Non_Demented/OAS1_0044/OAS1_0044_slice_18_z084.png,Non-Demented/OAS1_0044/OAS1_0044_slice_18_z084.png,OAS1_0044,Non-Demented,0,0,Non-Demented,1,5.508131948119806,-4.654747562525109,-2.5209130504288804,-1.413840089816888
OASIS_1,LinearSVM,13,test,rotation__moderate,rotation,moderate,D:\OASIS_1\distortions_32\rotation\moderate\Non_Demented\OAS1_0044\OAS1_0044_slice_19_z086.png,Non_Demented/OAS1_0044/OAS1_0044_slice_19_z086.png,Non-Demented/OAS1_0044/OAS1_0044_slice_19_z086.png,OAS1_0044,Non-Demented,0,0,Non-Demented,1,2.9751137528884946,-4.449371286272244,-0.3473606991457201,-1.2986343196170065
OASIS_1,LinearSVM,13,test,rotation__moderate,rotation,moderate,D:\OASIS_1\distortions_32\rotation\moderate\Non_Demented\OAS1_0044\OAS1_0044_slice_20_z089.png,Non_Demented/OAS1_0044/OAS1_0044_slice_20_z089.png,Non-Demented/OAS1_0044/OAS1_0044_slice_20_z089.png,OAS1_0044,Non-Demented,0,0,Non-Demented,1,1.9918139234044618,-1.5476546669334477,-3.140979451204709,-1.0908295954158094
OASIS_1,LinearSVM,13,test,rotation__moderate,rotation,moderate,D:\OASIS_1\distortions_32\rotation\moderate\Non_Demented\OAS1_0074\OAS1_0074_slice_01_z038.png,Non_Demented/OAS1_0074/OAS1_0074_slice_01_z038.png,Non-Demented/OAS1_0074/OAS1_0074_slice_01_z038.png,OAS1_0074,Non-Demented,0,0,Non-Demented,1,0.33612396168902514,-0.9824848275223477,-2.5333006015246786,-1.1600999865957078
OASIS_1,LinearSVM,13,test,rotation__moderate,rotation,moderate,D:\OASIS_1\distortions_32\rotation\moderate\Non_Demented\OAS1_0074\OAS1_0074_slice_02_z041.png,Non_Demented/OAS1_0074/OAS1_0074_slice_02_z041.png,Non-Demented/OAS1_0074/OAS1_0074_slice_02_z041.png,OAS1_0074,Non-Demented,0,1,Very Mild Dementia,0,-2.16179662634002,0.3449297277820933,-2.418864772573494,-1.2489261663853584
OASIS_1,LinearSVM,13,test,rotation__moderate,rotation,moderate,D:\OASIS_1\distortions_32\rotation\moderate\Non_Demented\OAS1_0074\OAS1_0074_slice_03_z043.png,Non_Demented/OAS1_0074/OAS1_0074_slice_03_z043.png,Non-Demented/OAS1_0074/OAS1_0074_slice_03_z043.png,OAS1_0074,Non-Demented,0,1,Very Mild Dementia,0,-1.0131977860105392,-0.2211010521802672,-2.4105848952389177,-1.293358344080879
OASIS_1,LinearSVM,13,test,rotation__moderate,rotation,moderate,D:\OASIS_1\distortions_32\rotation\moderate\Non_Demented\OAS1_0074\OAS1_0074_slice_04_z046.png,Non_Demented/OAS1_0074/OAS1_0074_slice_04_z046.png,Non-Demented/OAS1_0074/OAS1_0074_slice_04_z046.png,OAS1_0074,Non-Demented,0,0,Non-Demented,1,1.5325624593809,-3.751174128835686,-1.793362606077944,-1.3267035207286328
OASIS_1,LinearSVM,13,test,rotation__moderate,rotation,moderate,D:\OASIS_1\distortions_32\rotation\moderate\Non_Demented\OAS1_0074\OAS1_0074_slice_05_z049.png,Non_Demented/OAS1_0074/OAS1_0074_slice_05_z049.png,Non-Demented/OAS1_0074/OAS1_0074_slice_05_z049.png,OAS1_0074,Non-Demented,0,0,Non-Demented,1,1.9004214038120444,-5.329755952137198,-4.794120291147282,-1.0902296141119292
OASIS_1,LinearSVM,13,test,rotation__moderate,rotation,moderate,D:\OASIS_1\distortions_32\rotation\moderate\Non_Demented\OAS1_0074\OAS1_0074_slice_06_z051.png,Non_Demented/OAS1_0074/OAS1_0074_slice_06_z051.png,Non-Demented/OAS1_0074/OAS1_0074_slice_06_z051.png,OAS1_0074,Non-Demented,0,0,Non-Demented,1,2.3275452023824297,-5.020272231691594,-5.030669794401878,-1.0653040845758084
OASIS_1,LinearSVM,13,test,rotation__moderate,rotation,moderate,D:\OASIS_1\distortions_32\rotation\moderate\Non_Demented\OAS1_0074\OAS1_0074_slice_07_z054.png,Non_Demented/OAS1_0074/OAS1_0074_slice_07_z054.png,Non-Demented/OAS1_0074/OAS1_0074_slice_07_z054.png,OAS1_0074,Non-Demented,0,1,Very Mild Dementia,0,-2.5682095022883535,-0.09633329135047952,-0.7796228711022346,-1.342901996251242
OASIS_1,LinearSVM,13,test,rotation__moderate,rotation,moderate,D:\OASIS_1\distortions_32\rotation\moderate\Non_Demented\OAS1_0074\OAS1_0074_slice_08_z057.png,Non_Demented/OAS1_0074/OAS1_0074_slice_08_z057.png,Non-Demented/OAS1_0074/OAS1_0074_slice_08_z057.png,OAS1_0074,Non-Demented,0,1,Very Mild Dementia,0,-3.1085144453791482,1.3086570214345508,-0.9668493997670409,-1.2688313998678884
OASIS_1,LinearSVM,13,test,rotation__moderate,rotation,moderate,D:\OASIS_1\distortions_32\rotation\moderate\Non_Demented\OAS1_0074\OAS1_0074_slice_09_z059.png,Non_Demented/OAS1_0074/OAS1_0074_slice_09_z059.png,Non-Demented/OAS1_0074/OAS1_0074_slice_09_z059.png,OAS1_0074,Non-Demented,0,0,Non-Demented,1,3.251919550643823,-3.5454028309501133,-4.417554079901391,-0.9269963857449308
OASIS_1,LinearSVM,13,test,rotation__moderate,rotation,moderate,D:\OASIS_1\distortions_32\rotation\moderate\Non_Demented\OAS1_0074\OAS1_0074_slice_10_z062.png,Non_Demented/OAS1_0074/OAS1_0074_slice_10_z062.png,Non-Demented/OAS1_0074/OAS1_0074_slice_10_z062.png,OAS1_0074,Non-Demented,0,1,Very Mild Dementia,0,-2.0089742571482563,-1.0036858393600616,-2.3888782028621014,-1.320178406394992
OASIS_1,LinearSVM,13,test,rotation__moderate,rotation,moderate,D:\OASIS_1\distortions_32\rotation\moderate\Non_Demented\OAS1_0074\OAS1_0074_slice_11_z065.png,Non_Demented/OAS1_0074/OAS1_0074_slice_11_z065.png,Non-Demented/OAS1_0074/OAS1_0074_slice_11_z065.png,OAS1_0074,Non-Demented,0,0,Non-Demented,1,3.9939875305418706,-6.080195311354,-3.2937520943516834,-1.074884464824542
OASIS_1,LinearSVM,13,test,rotation__moderate,rotation,moderate,D:\OASIS_1\distortions_32\rotation\moderate\Non_Demented\OAS1_0074\OAS1_0074_slice_12_z068.png,Non_Demented/OAS1_0074/OAS1_0074_slice_12_z068.png,Non-Demented/OAS1_0074/OAS1_0074_slice_12_z068.png,OAS1_0074,Non-Demented,0,0,Non-Demented,1,0.8825876138155376,-3.3390473784419736,-2.7996913959796847,-1.2160140160523425
OASIS_1,LinearSVM,13,test,rotation__moderate,rotation,moderate,D:\OASIS_1\distortions_32\rotation\moderate\Non_Demented\OAS1_0074\OAS1_0074_slice_13_z070.png,Non_Demented/OAS1_0074/OAS1_0074_slice_13_z070.png,Non-Demented/OAS1_0074/OAS1_0074_slice_13_z070.png,OAS1_0074,Non-Demented,0,0,Non-Demented,1,2.5874177880930227,-2.51624137429815,-3.996157855224329,-1.0729673232457757
OASIS_1,LinearSVM,13,test,rotation__moderate,rotation,moderate,D:\OASIS_1\distortions_32\rotation\moderate\Non_Demented\OAS1_0074\OAS1_0074_slice_14_z073.png,Non_Demented/OAS1_0074/OAS1_0074_slice_14_z073.png,Non-Demented/OAS1_0074/OAS1_0074_slice_14_z073.png,OAS1_0074,Non-Demented,0,0,Non-Demented,1,-0.9960574310310347,-1.224805280261147,-2.6605948494370697,-1.4520823328642973
OASIS_1,LinearSVM,13,test,rotation__moderate,rotation,moderate,D:\OASIS_1\distortions_32\rotation\moderate\Non_Demented\OAS1_0074\OAS1_0074_slice_15_z076.png,Non_Demented/OAS1_0074/OAS1_0074_slice_15_z076.png,Non-Demented/OAS1_0074/OAS1_0074_slice_15_z076.png,OAS1_0074,Non-Demented,0,0,Non-Demented,1,-0.9805437316369147,-1.096888973327132,-1.6162368418962838,-1.4071560713756315
OASIS_1,LinearSVM,13,test,rotation__moderate,rotation,moderate,D:\OASIS_1\distortions_32\rotation\moderate\Non_Demented\OAS1_0074\OAS1_0074_slice_16_z078.png,Non_Demented/OAS1_0074/OAS1_0074_slice_16_z078.png,Non-Demented/OAS1_0074/OAS1_0074_slice_16_z078.png,OAS1_0074,Non-Demented,0,0,Non-Demented,1,1.613259759114427,-0.7861731479031921,-4.681127460207405,-1.215775540010781
OASIS_1,LinearSVM,13,test,rotation__moderate,rotation,moderate,D:\OASIS_1\distortions_32\rotation\moderate\Non_Demented\OAS1_0074\OAS1_0074_slice_17_z081.png,Non_Demented/OAS1_0074/OAS1_0074_slice_17_z081.png,Non-Demented/OAS1_0074/OAS1_0074_slice_17_z081.png,OAS1_0074,Non-Demented,0,0,Non-Demented,1,0.8678930949092996,-2.8650298649091805,-1.0265396483885367,-1.310707560027865
OASIS_1,LinearSVM,13,test,rotation__moderate,rotation,moderate,D:\OASIS_1\distortions_32\rotation\moderate\Non_Demented\OAS1_0074\OAS1_0074_slice_18_z084.png,Non_Demented/OAS1_0074/OAS1_0074_slice_18_z084.png,Non-Demented/OAS1_0074/OAS1_0074_slice_18_z084.png,OAS1_0074,Non-Demented,0,0,Non-Demented,1,1.5657848975319637,-1.8489365068412469,-3.167992738558724,-1.224958063446664
OASIS_1,LinearSVM,13,test,rotation__moderate,rotation,moderate,D:\OASIS_1\distortions_32\rotation\moderate\Non_Demented\OAS1_0074\OAS1_0074_slice_19_z086.png,Non_Demented/OAS1_0074/OAS1_0074_slice_19_z086.png,Non-Demented/OAS1_0074/OAS1_0074_slice_19_z086.png,OAS1_0074,Non-Demented,0,0,Non-Demented,1,1.5589090817574789,-2.427338026399196,-2.3935591661186537,-1.2063424033944847
OASIS_1,LinearSVM,13,test,rotation__moderate,rotation,moderate,D:\OASIS_1\distortions_32\rotation\moderate\Non_Demented\OAS1_0074\OAS1_0074_slice_20_z089.png,Non_Demented/OAS1_0074/OAS1_0074_slice_20_z089.png,Non-Demented/OAS1_0074/OAS1_0074_slice_20_z089.png,OAS1_0074,Non-Demented,0,0,Non-Demented,1,2.1324057694727836,-1.5718184928252716,-3.118566877773044,-1.1803988039194035
OASIS_1,LinearSVM,13,test,rotation__moderate,rotation,moderate,D:\OASIS_1\distortions_32\rotation\moderate\Non_Demented\OAS1_0075\OAS1_0075_slice_01_z038.png,Non_Demented/OAS1_0075/OAS1_0075_slice_01_z038.png,Non-Demented/OAS1_0075/OAS1_0075_slice_01_z038.png,OAS1_0075,Non-Demented,0,1,Very Mild Dementia,0,0.20122031716259137,0.583709088503714,-2.358724163656161,-1.0717379882014093
OASIS_1,LinearSVM,13,test,rotation__moderate,rotation,moderate,D:\OASIS_1\distortions_32\rotation\moderate\Non_Demented\OAS1_0075\OAS1_0075_slice_02_z041.png,Non_Demented/OAS1_0075/OAS1_0075_slice_02_z041.png,Non-Demented/OAS1_0075/OAS1_0075_slice_02_z041.png,OAS1_0075,Non-Demented,0,0,Non-Demented,1,6.6002725006019265,-7.925833051195287,-2.3849043930847627,-1.1394328492530323
OASIS_1,LinearSVM,13,test,rotation__moderate,rotation,moderate,D:\OASIS_1\distortions_32\rotation\moderate\Non_Demented\OAS1_0075\OAS1_0075_slice_03_z043.png,Non_Demented/OAS1_0075/OAS1_0075_slice_03_z043.png,Non-Demented/OAS1_0075/OAS1_0075_slice_03_z043.png,OAS1_0075,Non-Demented,0,1,Very Mild Dementia,0,-0.8791573793947861,0.8900800710746628,-2.0154626758105536,-1.180801908830414
OASIS_1,LinearSVM,13,test,rotation__moderate,rotation,moderate,D:\OASIS_1\distortions_32\rotation\moderate\Non_Demented\OAS1_0075\OAS1_0075_slice_04_z046.png,Non_Demented/OAS1_0075/OAS1_0075_slice_04_z046.png,Non-Demented/OAS1_0075/OAS1_0075_slice_04_z046.png,OAS1_0075,Non-Demented,0,0,Non-Demented,1,1.1757018124203018,-0.25424527182779366,-1.8950580086981563,-1.1102811174148655
OASIS_1,LinearSVM,13,test,rotation__moderate,rotation,moderate,D:\OASIS_1\distortions_32\rotation\moderate\Non_Demented\OAS1_0075\OAS1_0075_slice_05_z049.png,Non_Demented/OAS1_0075/OAS1_0075_slice_05_z049.png,Non-Demented/OAS1_0075/OAS1_0075_slice_05_z049.png,OAS1_0075,Non-Demented,0,0,Non-Demented,1,5.6366869546116245,-9.023564688835677,-3.28829594673166,-1.003287573266138
OASIS_1,LinearSVM,13,test,rotation__moderate,rotation,moderate,D:\OASIS_1\distortions_32\rotation\moderate\Non_Demented\OAS1_0075\OAS1_0075_slice_06_z051.png,Non_Demented/OAS1_0075/OAS1_0075_slice_06_z051.png,Non-Demented/OAS1_0075/OAS1_0075_slice_06_z051.png,OAS1_0075,Non-Demented,0,0,Non-Demented,1,3.4906697942622804,-6.644567330710418,-3.368875337664041,-1.0126205153370214
OASIS_1,LinearSVM,13,test,rotation__moderate,rotation,moderate,D:\OASIS_1\distortions_32\rotation\moderate\Non_Demented\OAS1_0075\OAS1_0075_slice_07_z054.png,Non_Demented/OAS1_0075/OAS1_0075_slice_07_z054.png,Non-Demented/OAS1_0075/OAS1_0075_slice_07_z054.png,OAS1_0075,Non-Demented,0,0,Non-Demented,1,3.535385793671799,-8.30574143197701,-2.395816424511838,-1.1098818001673239
OASIS_1,LinearSVM,13,test,rotation__moderate,rotation,moderate,D:\OASIS_1\distortions_32\rotation\moderate\Non_Demented\OAS1_0075\OAS1_0075_slice_08_z057.png,Non_Demented/OAS1_0075/OAS1_0075_slice_08_z057.png,Non-Demented/OAS1_0075/OAS1_0075_slice_08_z057.png,OAS1_0075,Non-Demented,0,0,Non-Demented,1,0.810156105412428,-2.4184677896527864,0.7216671591728989,-1.1536532108023838
OASIS_1,LinearSVM,13,test,rotation__moderate,rotation,moderate,D:\OASIS_1\distortions_32\rotation\moderate\Non_Demented\OAS1_0075\OAS1_0075_slice_09_z059.png,Non_Demented/OAS1_0075/OAS1_0075_slice_09_z059.png,Non-Demented/OAS1_0075/OAS1_0075_slice_09_z059.png,OAS1_0075,Non-Demented,0,2,Mild Dementia,0,0.22413753541342096,-1.5735656360806884,0.6149977110192468,-1.1045796752715722
OASIS_1,LinearSVM,13,test,rotation__moderate,rotation,moderate,D:\OASIS_1\distortions_32\rotation\moderate\Non_Demented\OAS1_0075\OAS1_0075_slice_10_z062.png,Non_Demented/OAS1_0075/OAS1_0075_slice_10_z062.png,Non-Demented/OAS1_0075/OAS1_0075_slice_10_z062.png,OAS1_0075,Non-Demented,0,0,Non-Demented,1,2.80851661997076,-7.703830771913774,-0.2574080800847449,-1.1263841275743305
OASIS_1,LinearSVM,13,test,rotation__moderate,rotation,moderate,D:\OASIS_1\distortions_32\rotation\moderate\Non_Demented\OAS1_0075\OAS1_0075_slice_11_z065.png,Non_Demented/OAS1_0075/OAS1_0075_slice_11_z065.png,Non-Demented/OAS1_0075/OAS1_0075_slice_11_z065.png,OAS1_0075,Non-Demented,0,0,Non-Demented,1,2.6057543055767294,-8.247289532254488,-1.4363742799728165,-1.2292172596404902
OASIS_1,LinearSVM,13,test,rotation__moderate,rotation,moderate,D:\OASIS_1\distortions_32\rotation\moderate\Non_Demented\OAS1_0075\OAS1_0075_slice_12_z068.png,Non_Demented/OAS1_0075/OAS1_0075_slice_12_z068.png,Non-Demented/OAS1_0075/OAS1_0075_slice_12_z068.png,OAS1_0075,Non-Demented,0,0,Non-Demented,1,5.825782322422675,-8.688531110588045,-2.43419187748253,-1.2566875969509144
OASIS_1,LinearSVM,13,test,rotation__moderate,rotation,moderate,D:\OASIS_1\distortions_32\rotation\moderate\Non_Demented\OAS1_0075\OAS1_0075_slice_13_z070.png,Non_Demented/OAS1_0075/OAS1_0075_slice_13_z070.png,Non-Demented/OAS1_0075/OAS1_0075_slice_13_z070.png,OAS1_0075,Non-Demented,0,0,Non-Demented,1,0.3058088158704005,-2.4026146379125244,-0.5643886870590205,-1.0941929004834794
OASIS_1,LinearSVM,13,test,rotation__moderate,rotation,moderate,D:\OASIS_1\distortions_32\rotation\moderate\Non_Demented\OAS1_0075\OAS1_0075_slice_14_z073.png,Non_Demented/OAS1_0075/OAS1_0075_slice_14_z073.png,Non-Demented/OAS1_0075/OAS1_0075_slice_14_z073.png,OAS1_0075,Non-Demented,0,1,Very Mild Dementia,0,-1.1156284669874608,-0.8277143588278548,-1.4664545344486424,-1.0856170429203975
OASIS_1,LinearSVM,13,test,rotation__moderate,rotation,moderate,D:\OASIS_1\distortions_32\rotation\moderate\Non_Demented\OAS1_0075\OAS1_0075_slice_15_z076.png,Non_Demented/OAS1_0075/OAS1_0075_slice_15_z076.png,Non-Demented/OAS1_0075/OAS1_0075_slice_15_z076.png,OAS1_0075,Non-Demented,0,0,Non-Demented,1,7.257375395554853,-10.37089387342432,-3.0117330971236966,-0.9765428261749677
OASIS_1,LinearSVM,13,test,rotation__moderate,rotation,moderate,D:\OASIS_1\distortions_32\rotation\moderate\Non_Demented\OAS1_0075\OAS1_0075_slice_16_z078.png,Non_Demented/OAS1_0075/OAS1_0075_slice_16_z078.png,Non-Demented/OAS1_0075/OAS1_0075_slice_16_z078.png,OAS1_0075,Non-Demented,0,1,Very Mild Dementia,0,-0.3181412619675509,1.0358172193362059,-2.2942340785469484,-1.115603913192998
OASIS_1,LinearSVM,13,test,rotation__moderate,rotation,moderate,D:\OASIS_1\distortions_32\rotation\moderate\Non_Demented\OAS1_0075\OAS1_0075_slice_17_z081.png,Non_Demented/OAS1_0075/OAS1_0075_slice_17_z081.png,Non-Demented/OAS1_0075/OAS1_0075_slice_17_z081.png,OAS1_0075,Non-Demented,0,0,Non-Demented,1,4.636666088849487,-5.194768967687036,-2.9941508675675426,-1.2371559895845121
OASIS_1,LinearSVM,13,test,rotation__moderate,rotation,moderate,D:\OASIS_1\distortions_32\rotation\moderate\Non_Demented\OAS1_0075\OAS1_0075_slice_18_z084.png,Non_Demented/OAS1_0075/OAS1_0075_slice_18_z084.png,Non-Demented/OAS1_0075/OAS1_0075_slice_18_z084.png,OAS1_0075,Non-Demented,0,0,Non-Demented,1,6.7001079154874645,-7.463626504858585,-1.9421079453613903,-1.206692055872358
OASIS_1,LinearSVM,13,test,rotation__moderate,rotation,moderate,D:\OASIS_1\distortions_32\rotation\moderate\Non_Demented\OAS1_0075\OAS1_0075_slice_19_z086.png,Non_Demented/OAS1_0075/OAS1_0075_slice_19_z086.png,Non-Demented/OAS1_0075/OAS1_0075_slice_19_z086.png,OAS1_0075,Non-Demented,0,1,Very Mild Dementia,0,0.4674050546077706,3.353274695093521,-4.422505278484602,-1.0511066017209907
OASIS_1,LinearSVM,13,test,rotation__moderate,rotation,moderate,D:\OASIS_1\distortions_32\rotation\moderate\Non_Demented\OAS1_0075\OAS1_0075_slice_20_z089.png,Non_Demented/OAS1_0075/OAS1_0075_slice_20_z089.png,Non-Demented/OAS1_0075/OAS1_0075_slice_20_z089.png,OAS1_0075,Non-Demented,0,0,Non-Demented,1,3.666240633976046,-0.07350409390070767,-4.770543229723944,-0.9964836726682229
OASIS_1,LinearSVM,13,test,rotation__moderate,rotation,moderate,D:\OASIS_1\distortions_32\rotation\moderate\Non_Demented\OAS1_0083\OAS1_0083_slice_01_z038.png,Non_Demented/OAS1_0083/OAS1_0083_slice_01_z038.png,Non-Demented/OAS1_0083/OAS1_0083_slice_01_z038.png,OAS1_0083,Non-Demented,0,0,Non-Demented,1,5.997485240251681,-4.382229246900831,-6.087177762528064,-1.7922722463188487
OASIS_1,LinearSVM,13,test,rotation__moderate,rotation,moderate,D:\OASIS_1\distortions_32\rotation\moderate\Non_Demented\OAS1_0083\OAS1_0083_slice_02_z041.png,Non_Demented/OAS1_0083/OAS1_0083_slice_02_z041.png,Non-Demented/OAS1_0083/OAS1_0083_slice_02_z041.png,OAS1_0083,Non-Demented,0,0,Non-Demented,1,3.5619633063059615,-4.04529906811089,-6.314628345511268,-1.7947240385176129
OASIS_1,LinearSVM,13,test,rotation__moderate,rotation,moderate,D:\OASIS_1\distortions_32\rotation\moderate\Non_Demented\OAS1_0083\OAS1_0083_slice_03_z043.png,Non_Demented/OAS1_0083/OAS1_0083_slice_03_z043.png,Non-Demented/OAS1_0083/OAS1_0083_slice_03_z043.png,OAS1_0083,Non-Demented,0,0,Non-Demented,1,2.7473979902312102,-3.6450168625346633,-5.393222985969663,-1.7412981939160455
OASIS_1,LinearSVM,13,test,rotation__moderate,rotation,moderate,D:\OASIS_1\distortions_32\rotation\moderate\Non_Demented\OAS1_0083\OAS1_0083_slice_04_z046.png,Non_Demented/OAS1_0083/OAS1_0083_slice_04_z046.png,Non-Demented/OAS1_0083/OAS1_0083_slice_04_z046.png,OAS1_0083,Non-Demented,0,0,Non-Demented,1,1.9505468053781607,-4.34981302175265,-5.225903907772265,-1.6024110798015982
OASIS_1,LinearSVM,13,test,rotation__moderate,rotation,moderate,D:\OASIS_1\distortions_32\rotation\moderate\Non_Demented\OAS1_0083\OAS1_0083_slice_05_z049.png,Non_Demented/OAS1_0083/OAS1_0083_slice_05_z049.png,Non-Demented/OAS1_0083/OAS1_0083_slice_05_z049.png,OAS1_0083,Non-Demented,0,0,Non-Demented,1,3.5807562335621586,-2.450520467891804,-6.911510950143248,-1.5051037967587662
OASIS_1,LinearSVM,13,test,rotation__moderate,rotation,moderate,D:\OASIS_1\distortions_32\rotation\moderate\Non_Demented\OAS1_0083\OAS1_0083_slice_06_z051.png,Non_Demented/OAS1_0083/OAS1_0083_slice_06_z051.png,Non-Demented/OAS1_0083/OAS1_0083_slice_06_z051.png,OAS1_0083,Non-Demented,0,0,Non-Demented,1,3.10142663036257,-2.1651929676076853,-7.1693795942060765,-1.303570809213748
OASIS_1,LinearSVM,13,test,rotation__moderate,rotation,moderate,D:\OASIS_1\distortions_32\rotation\moderate\Non_Demented\OAS1_0083\OAS1_0083_slice_07_z054.png,Non_Demented/OAS1_0083/OAS1_0083_slice_07_z054.png,Non-Demented/OAS1_0083/OAS1_0083_slice_07_z054.png,OAS1_0083,Non-Demented,0,0,Non-Demented,1,1.5741666621407862,-2.0831578071336296,-5.196339615883681,-1.346798181088828
OASIS_1,LinearSVM,13,test,rotation__moderate,rotation,moderate,D:\OASIS_1\distortions_32\rotation\moderate\Non_Demented\OAS1_0083\OAS1_0083_slice_08_z057.png,Non_Demented/OAS1_0083/OAS1_0083_slice_08_z057.png,Non-Demented/OAS1_0083/OAS1_0083_slice_08_z057.png,OAS1_0083,Non-Demented,0,3,Moderate Dementia,0,-1.3698307299006443,-1.4960366002571983,-2.4867035933619435,-1.2701559998941263
OASIS_1,LinearSVM,13,test,rotation__moderate,rotation,moderate,D:\OASIS_1\distortions_32\rotation\moderate\Non_Demented\OAS1_0083\OAS1_0083_slice_09_z059.png,Non_Demented/OAS1_0083/OAS1_0083_slice_09_z059.png,Non-Demented/OAS1_0083/OAS1_0083_slice_09_z059.png,OAS1_0083,Non-Demented,0,2,Mild Dementia,0,2.520005843864436,-12.293972709432154,2.733731089710993,-0.7416191132340014
OASIS_1,LinearSVM,13,test,rotation__moderate,rotation,moderate,D:\OASIS_1\distortions_32\rotation\moderate\Non_Demented\OAS1_0083\OAS1_0083_slice_10_z062.png,Non_Demented/OAS1_0083/OAS1_0083_slice_10_z062.png,Non-Demented/OAS1_0083/OAS1_0083_slice_10_z062.png,OAS1_0083,Non-Demented,0,2,Mild Dementia,0,-0.3091233302946653,-9.357566543898379,1.76258560078651,-0.8962850311240431
OASIS_1,LinearSVM,13,test,rotation__moderate,rotation,moderate,D:\OASIS_1\distortions_32\rotation\moderate\Non_Demented\OAS1_0083\OAS1_0083_slice_11_z065.png,Non_Demented/OAS1_0083/OAS1_0083_slice_11_z065.png,Non-Demented/OAS1_0083/OAS1_0083_slice_11_z065.png,OAS1_0083,Non-Demented,0,1,Very Mild Dementia,0,-5.860243677265151,0.28022525827147016,-1.9027350037570527,-1.4464978477806771
OASIS_1,LinearSVM,13,test,rotation__moderate,rotation,moderate,D:\OASIS_1\distortions_32\rotation\moderate\Non_Demented\OAS1_0083\OAS1_0083_slice_12_z068.png,Non_Demented/OAS1_0083/OAS1_0083_slice_12_z068.png,Non-Demented/OAS1_0083/OAS1_0083_slice_12_z068.png,OAS1_0083,Non-Demented,0,0,Non-Demented,1,0.3567197557063905,-6.552255889527002,0.27383902106984026,-0.7962402648911923
OASIS_1,LinearSVM,13,test,rotation__moderate,rotation,moderate,D:\OASIS_1\distortions_32\rotation\moderate\Non_Demented\OAS1_0083\OAS1_0083_slice_13_z070.png,Non_Demented/OAS1_0083/OAS1_0083_slice_13_z070.png,Non-Demented/OAS1_0083/OAS1_0083_slice_13_z070.png,OAS1_0083,Non-Demented,0,2,Mild Dementia,0,-0.26600398786744106,-6.955260815408996,0.6311349153506347,-0.8059932035234407
OASIS_1,LinearSVM,13,test,rotation__moderate,rotation,moderate,D:\OASIS_1\distortions_32\rotation\moderate\Non_Demented\OAS1_0083\OAS1_0083_slice_14_z073.png,Non_Demented/OAS1_0083/OAS1_0083_slice_14_z073.png,Non-Demented/OAS1_0083/OAS1_0083_slice_14_z073.png,OAS1_0083,Non-Demented,0,0,Non-Demented,1,0.002268593399066432,-0.32149676738589417,-2.74603322797331,-1.1135753016102992
OASIS_1,LinearSVM,13,test,rotation__moderate,rotation,moderate,D:\OASIS_1\distortions_32\rotation\moderate\Non_Demented\OAS1_0083\OAS1_0083_slice_15_z076.png,Non_Demented/OAS1_0083/OAS1_0083_slice_15_z076.png,Non-Demented/OAS1_0083/OAS1_0083_slice_15_z076.png,OAS1_0083,Non-Demented,0,0,Non-Demented,1,2.679567964664275,-5.323425524175913,-0.5732628396668622,-0.8261988411078433
OASIS_1,LinearSVM,13,test,rotation__moderate,rotation,moderate,D:\OASIS_1\distortions_32\rotation\moderate\Non_Demented\OAS1_0083\OAS1_0083_slice_16_z078.png,Non_Demented/OAS1_0083/OAS1_0083_slice_16_z078.png,Non-Demented/OAS1_0083/OAS1_0083_slice_16_z078.png,OAS1_0083,Non-Demented,0,0,Non-Demented,1,1.7875476108901975,-4.827247688068352,-0.14548909338466576,-0.7314328481967893
OASIS_1,LinearSVM,13,test,rotation__moderate,rotation,moderate,D:\OASIS_1\distortions_32\rotation\moderate\Non_Demented\OAS1_0083\OAS1_0083_slice_17_z081.png,Non_Demented/OAS1_0083/OAS1_0083_slice_17_z081.png,Non-Demented/OAS1_0083/OAS1_0083_slice_17_z081.png,OAS1_0083,Non-Demented,0,0,Non-Demented,1,2.585645042971346,-5.382666124839088,0.7462617415364909,-0.711079176333042
OASIS_1,LinearSVM,13,test,rotation__moderate,rotation,moderate,D:\OASIS_1\distortions_32\rotation\moderate\Non_Demented\OAS1_0083\OAS1_0083_slice_18_z084.png,Non_Demented/OAS1_0083/OAS1_0083_slice_18_z084.png,Non-Demented/OAS1_0083/OAS1_0083_slice_18_z084.png,OAS1_0083,Non-Demented,0,2,Mild Dementia,0,-0.0808599913828133,-2.044686605454075,0.05319399652173695,-0.7783994134387826
OASIS_1,LinearSVM,13,test,rotation__moderate,rotation,moderate,D:\OASIS_1\distortions_32\rotation\moderate\Non_Demented\OAS1_0083\OAS1_0083_slice_19_z086.png,Non_Demented/OAS1_0083/OAS1_0083_slice_19_z086.png,Non-Demented/OAS1_0083/OAS1_0083_slice_19_z086.png,OAS1_0083,Non-Demented,0,0,Non-Demented,1,5.1184718264006115,-5.5931698792276485,-4.8059825654399795,-1.7584262963945632
OASIS_1,LinearSVM,13,test,rotation__moderate,rotation,moderate,D:\OASIS_1\distortions_32\rotation\moderate\Non_Demented\OAS1_0083\OAS1_0083_slice_20_z089.png,Non_Demented/OAS1_0083/OAS1_0083_slice_20_z089.png,Non-Demented/OAS1_0083/OAS1_0083_slice_20_z089.png,OAS1_0083,Non-Demented,0,1,Very Mild Dementia,0,-1.4327345314766697,0.39718243703249234,-0.9797713341756225,-1.2281926129674603
OASIS_1,LinearSVM,13,test,rotation__moderate,rotation,moderate,D:\OASIS_1\distortions_32\rotation\moderate\Non_Demented\OAS1_0113\OAS1_0113_slice_01_z038.png,Non_Demented/OAS1_0113/OAS1_0113_slice_01_z038.png,Non-Demented/OAS1_0113/OAS1_0113_slice_01_z038.png,OAS1_0113,Non-Demented,0,0,Non-Demented,1,8.205359088352724,-8.753160442650662,-1.5065971183529474,-1.1457101788186321
OASIS_1,LinearSVM,13,test,rotation__moderate,rotation,moderate,D:\OASIS_1\distortions_32\rotation\moderate\Non_Demented\OAS1_0113\OAS1_0113_slice_02_z041.png,Non_Demented/OAS1_0113/OAS1_0113_slice_02_z041.png,Non-Demented/OAS1_0113/OAS1_0113_slice_02_z041.png,OAS1_0113,Non-Demented,0,0,Non-Demented,1,7.311824460476404,-8.489401839908387,-0.18166113790715022,-1.0943705176731606
OASIS_1,LinearSVM,13,test,rotation__moderate,rotation,moderate,D:\OASIS_1\distortions_32\rotation\moderate\Non_Demented\OAS1_0113\OAS1_0113_slice_03_z043.png,Non_Demented/OAS1_0113/OAS1_0113_slice_03_z043.png,Non-Demented/OAS1_0113/OAS1_0113_slice_03_z043.png,OAS1_0113,Non-Demented,0,1,Very Mild Dementia,0,-1.872803281312796,0.44749561238223157,-0.5984383648850984,-1.0082649380437005
OASIS_1,LinearSVM,13,test,rotation__moderate,rotation,moderate,D:\OASIS_1\distortions_32\rotation\moderate\Non_Demented\OAS1_0113\OAS1_0113_slice_04_z046.png,Non_Demented/OAS1_0113/OAS1_0113_slice_04_z046.png,Non-Demented/OAS1_0113/OAS1_0113_slice_04_z046.png,OAS1_0113,Non-Demented,0,1,Very Mild Dementia,0,-1.9357417372373416,2.8907997231502187,0.10242570578087484,-0.9185605564011265
OASIS_1,LinearSVM,13,test,rotation__moderate,rotation,moderate,D:\OASIS_1\distortions_32\rotation\moderate\Non_Demented\OAS1_0113\OAS1_0113_slice_05_z049.png,Non_Demented/OAS1_0113/OAS1_0113_slice_05_z049.png,Non-Demented/OAS1_0113/OAS1_0113_slice_05_z049.png,OAS1_0113,Non-Demented,0,1,Very Mild Dementia,0,-1.4510019302525792,2.636553586195179,-0.8166093268298145,-0.8408302951450219
OASIS_1,LinearSVM,13,test,rotation__moderate,rotation,moderate,D:\OASIS_1\distortions_32\rotation\moderate\Non_Demented\OAS1_0113\OAS1_0113_slice_06_z051.png,Non_Demented/OAS1_0113/OAS1_0113_slice_06_z051.png,Non-Demented/OAS1_0113/OAS1_0113_slice_06_z051.png,OAS1_0113,Non-Demented,0,0,Non-Demented,1,2.5461856957812996,-5.46690122058965,-0.17692875771327143,-0.6913189741027705
OASIS_1,LinearSVM,13,test,rotation__moderate,rotation,moderate,D:\OASIS_1\distortions_32\rotation\moderate\Non_Demented\OAS1_0113\OAS1_0113_slice_07_z054.png,Non_Demented/OAS1_0113/OAS1_0113_slice_07_z054.png,Non-Demented/OAS1_0113/OAS1_0113_slice_07_z054.png,OAS1_0113,Non-Demented,0,0,Non-Demented,1,0.5022161023873583,-4.323940412121548,-1.1079170430892673,-0.9769844313142171
OASIS_1,LinearSVM,13,test,rotation__moderate,rotation,moderate,D:\OASIS_1\distortions_32\rotation\moderate\Non_Demented\OAS1_0113\OAS1_0113_slice_08_z057.png,Non_Demented/OAS1_0113/OAS1_0113_slice_08_z057.png,Non-Demented/OAS1_0113/OAS1_0113_slice_08_z057.png,OAS1_0113,Non-Demented,0,1,Very Mild Dementia,0,-1.616961131285033,0.3320948354879518,-0.7884580780041062,-1.0806722546075023
OASIS_1,LinearSVM,13,test,rotation__moderate,rotation,moderate,D:\OASIS_1\distortions_32\rotation\moderate\Non_Demented\OAS1_0113\OAS1_0113_slice_09_z059.png,Non_Demented/OAS1_0113/OAS1_0113_slice_09_z059.png,Non-Demented/OAS1_0113/OAS1_0113_slice_09_z059.png,OAS1_0113,Non-Demented,0,1,Very Mild Dementia,0,-1.7135916399882154,0.10663660139199882,-1.2133892704459193,-1.1849031144616262
OASIS_1,LinearSVM,13,test,rotation__moderate,rotation,moderate,D:\OASIS_1\distortions_32\rotation\moderate\Non_Demented\OAS1_0113\OAS1_0113_slice_10_z062.png,Non_Demented/OAS1_0113/OAS1_0113_slice_10_z062.png,Non-Demented/OAS1_0113/OAS1_0113_slice_10_z062.png,OAS1_0113,Non-Demented,0,1,Very Mild Dementia,0,-2.053238352303569,2.285242288265389,-2.6504916642257426,-1.108245471993071
OASIS_1,LinearSVM,13,test,rotation__moderate,rotation,moderate,D:\OASIS_1\distortions_32\rotation\moderate\Non_Demented\OAS1_0113\OAS1_0113_slice_11_z065.png,Non_Demented/OAS1_0113/OAS1_0113_slice_11_z065.png,Non-Demented/OAS1_0113/OAS1_0113_slice_11_z065.png,OAS1_0113,Non-Demented,0,0,Non-Demented,1,0.8028634976349255,-2.596965888748135,-2.6923389289980624,-1.0706627164855471
OASIS_1,LinearSVM,13,test,rotation__moderate,rotation,moderate,D:\OASIS_1\distortions_32\rotation\moderate\Non_Demented\OAS1_0113\OAS1_0113_slice_12_z068.png,Non_Demented/OAS1_0113/OAS1_0113_slice_12_z068.png,Non-Demented/OAS1_0113/OAS1_0113_slice_12_z068.png,OAS1_0113,Non-Demented,0,0,Non-Demented,1,2.737236503670919,-4.090001287044,-1.5820816797195159,-1.0529504965803995
OASIS_1,LinearSVM,13,test,rotation__moderate,rotation,moderate,D:\OASIS_1\distortions_32\rotation\moderate\Non_Demented\OAS1_0113\OAS1_0113_slice_13_z070.png,Non_Demented/OAS1_0113/OAS1_0113_slice_13_z070.png,Non-Demented/OAS1_0113/OAS1_0113_slice_13_z070.png,OAS1_0113,Non-Demented,0,1,Very Mild Dementia,0,-4.17424470743513,1.59064351673728,0.09595206182312,-1.1893647990877978
OASIS_1,LinearSVM,13,test,rotation__moderate,rotation,moderate,D:\OASIS_1\distortions_32\rotation\moderate\Non_Demented\OAS1_0113\OAS1_0113_slice_14_z073.png,Non_Demented/OAS1_0113/OAS1_0113_slice_14_z073.png,Non-Demented/OAS1_0113/OAS1_0113_slice_14_z073.png,OAS1_0113,Non-Demented,0,2,Mild Dementia,0,-0.8984875756809773,-0.7744469378710459,0.2413754639067709,-1.0062158194219317
OASIS_1,LinearSVM,13,test,rotation__moderate,rotation,moderate,D:\OASIS_1\distortions_32\rotation\moderate\Non_Demented\OAS1_0113\OAS1_0113_slice_15_z076.png,Non_Demented/OAS1_0113/OAS1_0113_slice_15_z076.png,Non-Demented/OAS1_0113/OAS1_0113_slice_15_z076.png,OAS1_0113,Non-Demented,0,0,Non-Demented,1,1.3931680644635382,-3.260843128053705,-0.34274689215030407,-0.8195302158385276
OASIS_1,LinearSVM,13,test,rotation__moderate,rotation,moderate,D:\OASIS_1\distortions_32\rotation\moderate\Non_Demented\OAS1_0113\OAS1_0113_slice_16_z078.png,Non_Demented/OAS1_0113/OAS1_0113_slice_16_z078.png,Non-Demented/OAS1_0113/OAS1_0113_slice_16_z078.png,OAS1_0113,Non-Demented,0,0,Non-Demented,1,1.3886484610598382,-2.187913584455721,-1.3793694360595212,-0.863979219715939
OASIS_1,LinearSVM,13,test,rotation__moderate,rotation,moderate,D:\OASIS_1\distortions_32\rotation\moderate\Non_Demented\OAS1_0113\OAS1_0113_slice_17_z081.png,Non_Demented/OAS1_0113/OAS1_0113_slice_17_z081.png,Non-Demented/OAS1_0113/OAS1_0113_slice_17_z081.png,OAS1_0113,Non-Demented,0,0,Non-Demented,1,0.22182306432532728,-2.358746807972503,-0.3223000272455052,-0.9988877127641
OASIS_1,LinearSVM,13,test,rotation__moderate,rotation,moderate,D:\OASIS_1\distortions_32\rotation\moderate\Non_Demented\OAS1_0113\OAS1_0113_slice_18_z084.png,Non_Demented/OAS1_0113/OAS1_0113_slice_18_z084.png,Non-Demented/OAS1_0113/OAS1_0113_slice_18_z084.png,OAS1_0113,Non-Demented,0,0,Non-Demented,1,3.548602397287245,-5.0138355915670125,-0.4477188394650258,-0.912292728424098
OASIS_1,LinearSVM,13,test,rotation__moderate,rotation,moderate,D:\OASIS_1\distortions_32\rotation\moderate\Non_Demented\OAS1_0113\OAS1_0113_slice_19_z086.png,Non_Demented/OAS1_0113/OAS1_0113_slice_19_z086.png,Non-Demented/OAS1_0113/OAS1_0113_slice_19_z086.png,OAS1_0113,Non-Demented,0,0,Non-Demented,1,3.869246361514435,-5.708639810620138,0.11474996414913541,-0.9335852420745623
OASIS_1,LinearSVM,13,test,rotation__moderate,rotation,moderate,D:\OASIS_1\distortions_32\rotation\moderate\Non_Demented\OAS1_0113\OAS1_0113_slice_20_z089.png,Non_Demented/OAS1_0113/OAS1_0113_slice_20_z089.png,Non-Demented/OAS1_0113/OAS1_0113_slice_20_z089.png,OAS1_0113,Non-Demented,0,1,Very Mild Dementia,0,-1.8800333400050615,3.6802920855066774,-4.704942689221399,-1.1530861252425337
OASIS_1,LinearSVM,13,test,rotation__moderate,rotation,moderate,D:\OASIS_1\distortions_32\rotation\moderate\Non_Demented\OAS1_0138\OAS1_0138_slice_01_z038.png,Non_Demented/OAS1_0138/OAS1_0138_slice_01_z038.png,Non-Demented/OAS1_0138/OAS1_0138_slice_01_z038.png,OAS1_0138,Non-Demented,0,0,Non-Demented,1,1.8818530623161651,-10.188848746438886,1.3461599941724098,-1.2466102682454008
OASIS_1,LinearSVM,13,test,rotation__moderate,rotation,moderate,D:\OASIS_1\distortions_32\rotation\moderate\Non_Demented\OAS1_0138\OAS1_0138_slice_02_z041.png,Non_Demented/OAS1_0138/OAS1_0138_slice_02_z041.png,Non-Demented/OAS1_0138/OAS1_0138_slice_02_z041.png,OAS1_0138,Non-Demented,0,3,Moderate Dementia,0,-1.2689805026038838,-2.300926333939489,-1.522952890102887,-0.8738088487842133
OASIS_1,LinearSVM,13,test,rotation__moderate,rotation,moderate,D:\OASIS_1\distortions_32\rotation\moderate\Non_Demented\OAS1_0138\OAS1_0138_slice_03_z043.png,Non_Demented/OAS1_0138/OAS1_0138_slice_03_z043.png,Non-Demented/OAS1_0138/OAS1_0138_slice_03_z043.png,OAS1_0138,Non-Demented,0,0,Non-Demented,1,4.38177859755614,-13.05314015163966,0.5841890418349651,-1.2002878580600964
OASIS_1,LinearSVM,13,test,rotation__moderate,rotation,moderate,D:\OASIS_1\distortions_32\rotation\moderate\Non_Demented\OAS1_0138\OAS1_0138_slice_04_z046.png,Non_Demented/OAS1_0138/OAS1_0138_slice_04_z046.png,Non-Demented/OAS1_0138/OAS1_0138_slice_04_z046.png,OAS1_0138,Non-Demented,0,1,Very Mild Dementia,0,-1.839493065750823,1.721569765888738,-2.4788725848521778,-1.0097362258772677
OASIS_1,LinearSVM,13,test,rotation__moderate,rotation,moderate,D:\OASIS_1\distortions_32\rotation\moderate\Non_Demented\OAS1_0138\OAS1_0138_slice_05_z049.png,Non_Demented/OAS1_0138/OAS1_0138_slice_05_z049.png,Non-Demented/OAS1_0138/OAS1_0138_slice_05_z049.png,OAS1_0138,Non-Demented,0,0,Non-Demented,1,2.4048585767120016,-1.8233942218516908,-2.488666572496173,-1.0237179534500305
OASIS_1,LinearSVM,13,test,rotation__moderate,rotation,moderate,D:\OASIS_1\distortions_32\rotation\moderate\Non_Demented\OAS1_0138\OAS1_0138_slice_06_z051.png,Non_Demented/OAS1_0138/OAS1_0138_slice_06_z051.png,Non-Demented/OAS1_0138/OAS1_0138_slice_06_z051.png,OAS1_0138,Non-Demented,0,0,Non-Demented,1,1.8878142836168141,-1.7612143240260565,-2.4265356940694036,-0.8447573513971409
OASIS_1,LinearSVM,13,test,rotation__moderate,rotation,moderate,D:\OASIS_1\distortions_32\rotation\moderate\Non_Demented\OAS1_0138\OAS1_0138_slice_07_z054.png,Non_Demented/OAS1_0138/OAS1_0138_slice_07_z054.png,Non-Demented/OAS1_0138/OAS1_0138_slice_07_z054.png,OAS1_0138,Non-Demented,0,0,Non-Demented,1,4.460577137642886,-10.131968087342772,-0.6292484942019501,-1.1450413931761059
OASIS_1,LinearSVM,13,test,rotation__moderate,rotation,moderate,D:\OASIS_1\distortions_32\rotation\moderate\Non_Demented\OAS1_0138\OAS1_0138_slice_08_z057.png,Non_Demented/OAS1_0138/OAS1_0138_slice_08_z057.png,Non-Demented/OAS1_0138/OAS1_0138_slice_08_z057.png,OAS1_0138,Non-Demented,0,0,Non-Demented,1,7.261426808684965,-10.427296153172632,-3.0996563633030023,-1.1134522119149965
OASIS_1,LinearSVM,13,test,rotation__moderate,rotation,moderate,D:\OASIS_1\distortions_32\rotation\moderate\Non_Demented\OAS1_0138\OAS1_0138_slice_09_z059.png,Non_Demented/OAS1_0138/OAS1_0138_slice_09_z059.png,Non-Demented/OAS1_0138/OAS1_0138_slice_09_z059.png,OAS1_0138,Non-Demented,0,0,Non-Demented,1,1.772823753391446,-1.5064323722917652,-1.4043426934182437,-1.1151458673759747
OASIS_1,LinearSVM,13,test,rotation__moderate,rotation,moderate,D:\OASIS_1\distortions_32\rotation\moderate\Non_Demented\OAS1_0138\OAS1_0138_slice_10_z062.png,Non_Demented/OAS1_0138/OAS1_0138_slice_10_z062.png,Non-Demented/OAS1_0138/OAS1_0138_slice_10_z062.png,OAS1_0138,Non-Demented,0,1,Very Mild Dementia,0,-0.49655773424884564,-0.3256228487253061,-1.4546026174243152,-1.0216986215765447
OASIS_1,LinearSVM,13,test,rotation__moderate,rotation,moderate,D:\OASIS_1\distortions_32\rotation\moderate\Non_Demented\OAS1_0138\OAS1_0138_slice_11_z065.png,Non_Demented/OAS1_0138/OAS1_0138_slice_11_z065.png,Non-Demented/OAS1_0138/OAS1_0138_slice_11_z065.png,OAS1_0138,Non-Demented,0,0,Non-Demented,1,0.7673112849176451,-1.185831563125366,0.06728075579112769,-1.262957840776428
OASIS_1,LinearSVM,13,test,rotation__moderate,rotation,moderate,D:\OASIS_1\distortions_32\rotation\moderate\Non_Demented\OAS1_0138\OAS1_0138_slice_12_z068.png,Non_Demented/OAS1_0138/OAS1_0138_slice_12_z068.png,Non-Demented/OAS1_0138/OAS1_0138_slice_12_z068.png,OAS1_0138,Non-Demented,0,1,Very Mild Dementia,0,-2.0970520071605185,0.8052005952314385,-0.7355876914789048,-1.0746457514392675
OASIS_1,LinearSVM,13,test,rotation__moderate,rotation,moderate,D:\OASIS_1\distortions_32\rotation\moderate\Non_Demented\OAS1_0138\OAS1_0138_slice_13_z070.png,Non_Demented/OAS1_0138/OAS1_0138_slice_13_z070.png,Non-Demented/OAS1_0138/OAS1_0138_slice_13_z070.png,OAS1_0138,Non-Demented,0,0,Non-Demented,1,4.522163225902355,-10.684739959456346,-3.4482656714457844,-1.0944585307820105
OASIS_1,LinearSVM,13,test,rotation__moderate,rotation,moderate,D:\OASIS_1\distortions_32\rotation\moderate\Non_Demented\OAS1_0138\OAS1_0138_slice_14_z073.png,Non_Demented/OAS1_0138/OAS1_0138_slice_14_z073.png,Non-Demented/OAS1_0138/OAS1_0138_slice_14_z073.png,OAS1_0138,Non-Demented,0,0,Non-Demented,1,0.6305208249074293,-7.41215913174943,-1.660390505921285,-1.09643666370672
OASIS_1,LinearSVM,13,test,rotation__moderate,rotation,moderate,D:\OASIS_1\distortions_32\rotation\moderate\Non_Demented\OAS1_0138\OAS1_0138_slice_15_z076.png,Non_Demented/OAS1_0138/OAS1_0138_slice_15_z076.png,Non-Demented/OAS1_0138/OAS1_0138_slice_15_z076.png,OAS1_0138,Non-Demented,0,0,Non-Demented,1,-0.6564665850724877,-1.1592462916963617,-1.5155775519635237,-1.0385443245228752
OASIS_1,LinearSVM,13,test,rotation__moderate,rotation,moderate,D:\OASIS_1\distortions_32\rotation\moderate\Non_Demented\OAS1_0138\OAS1_0138_slice_16_z078.png,Non_Demented/OAS1_0138/OAS1_0138_slice_16_z078.png,Non-Demented/OAS1_0138/OAS1_0138_slice_16_z078.png,OAS1_0138,Non-Demented,0,0,Non-Demented,1,6.092131748768523,-10.320552735801707,-1.2660142090217907,-1.4171631007391268
OASIS_1,LinearSVM,13,test,rotation__moderate,rotation,moderate,D:\OASIS_1\distortions_32\rotation\moderate\Non_Demented\OAS1_0138\OAS1_0138_slice_17_z081.png,Non_Demented/OAS1_0138/OAS1_0138_slice_17_z081.png,Non-Demented/OAS1_0138/OAS1_0138_slice_17_z081.png,OAS1_0138,Non-Demented,0,0,Non-Demented,1,2.4923599006847867,-10.784714202991294,-0.23124655430485586,-1.2918052594001344
OASIS_1,LinearSVM,13,test,rotation__moderate,rotation,moderate,D:\OASIS_1\distortions_32\rotation\moderate\Non_Demented\OAS1_0138\OAS1_0138_slice_18_z084.png,Non_Demented/OAS1_0138/OAS1_0138_slice_18_z084.png,Non-Demented/OAS1_0138/OAS1_0138_slice_18_z084.png,OAS1_0138,Non-Demented,0,0,Non-Demented,1,3.878144745710153,-9.846707797551451,-1.4848905650619781,-1.213712995563693
OASIS_1,LinearSVM,13,test,rotation__moderate,rotation,moderate,D:\OASIS_1\distortions_32\rotation\moderate\Non_Demented\OAS1_0138\OAS1_0138_slice_19_z086.png,Non_Demented/OAS1_0138/OAS1_0138_slice_19_z086.png,Non-Demented/OAS1_0138/OAS1_0138_slice_19_z086.png,OAS1_0138,Non-Demented,0,0,Non-Demented,1,4.3216718178461,-10.05491932328013,-1.4728250616195524,-1.2692070010632202
OASIS_1,LinearSVM,13,test,rotation__moderate,rotation,moderate,D:\OASIS_1\distortions_32\rotation\moderate\Non_Demented\OAS1_0138\OAS1_0138_slice_20_z089.png,Non_Demented/OAS1_0138/OAS1_0138_slice_20_z089.png,Non-Demented/OAS1_0138/OAS1_0138_slice_20_z089.png,OAS1_0138,Non-Demented,0,0,Non-Demented,1,2.7140698730674004,-4.7809303579727,-3.493414646485504,-1.0061575131797587
OASIS_1,LinearSVM,13,test,rotation__moderate,rotation,moderate,D:\OASIS_1\distortions_32\rotation\moderate\Non_Demented\OAS1_0180\OAS1_0180_slice_01_z038.png,Non_Demented/OAS1_0180/OAS1_0180_slice_01_z038.png,Non-Demented/OAS1_0180/OAS1_0180_slice_01_z038.png,OAS1_0180,Non-Demented,0,1,Very Mild Dementia,0,-1.4046429676250187,1.166864432009446,-0.917449293778795,-0.970925011311899
OASIS_1,LinearSVM,13,test,rotation__moderate,rotation,moderate,D:\OASIS_1\distortions_32\rotation\moderate\Non_Demented\OAS1_0180\OAS1_0180_slice_02_z041.png,Non_Demented/OAS1_0180/OAS1_0180_slice_02_z041.png,Non-Demented/OAS1_0180/OAS1_0180_slice_02_z041.png,OAS1_0180,Non-Demented,0,3,Moderate Dementia,0,-1.3874242123706688,-1.1730125567972478,-3.689558112380654,-1.0289021960744014
OASIS_1,LinearSVM,13,test,rotation__moderate,rotation,moderate,D:\OASIS_1\distortions_32\rotation\moderate\Non_Demented\OAS1_0180\OAS1_0180_slice_03_z043.png,Non_Demented/OAS1_0180/OAS1_0180_slice_03_z043.png,Non-Demented/OAS1_0180/OAS1_0180_slice_03_z043.png,OAS1_0180,Non-Demented,0,0,Non-Demented,1,-0.1103879533847304,-0.6155067613211718,-0.2777818667999159,-1.0899303766637758
OASIS_1,LinearSVM,13,test,rotation__moderate,rotation,moderate,D:\OASIS_1\distortions_32\rotation\moderate\Non_Demented\OAS1_0180\OAS1_0180_slice_04_z046.png,Non_Demented/OAS1_0180/OAS1_0180_slice_04_z046.png,Non-Demented/OAS1_0180/OAS1_0180_slice_04_z046.png,OAS1_0180,Non-Demented,0,1,Very Mild Dementia,0,-6.0978951338387395,1.7586307223299111,-2.4659563814669374,-0.9496102978882239
OASIS_1,LinearSVM,13,test,rotation__moderate,rotation,moderate,D:\OASIS_1\distortions_32\rotation\moderate\Non_Demented\OAS1_0180\OAS1_0180_slice_05_z049.png,Non_Demented/OAS1_0180/OAS1_0180_slice_05_z049.png,Non-Demented/OAS1_0180/OAS1_0180_slice_05_z049.png,OAS1_0180,Non-Demented,0,0,Non-Demented,1,0.8901531045891115,-0.9728031786716209,-2.3794449427770887,-1.3020907208023373
OASIS_1,LinearSVM,13,test,rotation__moderate,rotation,moderate,D:\OASIS_1\distortions_32\rotation\moderate\Non_Demented\OAS1_0180\OAS1_0180_slice_06_z051.png,Non_Demented/OAS1_0180/OAS1_0180_slice_06_z051.png,Non-Demented/OAS1_0180/OAS1_0180_slice_06_z051.png,OAS1_0180,Non-Demented,0,1,Very Mild Dementia,0,-1.7938999185646254,0.2139581735254925,-2.5990338663203714,-1.203239434845613
OASIS_1,LinearSVM,13,test,rotation__moderate,rotation,moderate,D:\OASIS_1\distortions_32\rotation\moderate\Non_Demented\OAS1_0180\OAS1_0180_slice_07_z054.png,Non_Demented/OAS1_0180/OAS1_0180_slice_07_z054.png,Non-Demented/OAS1_0180/OAS1_0180_slice_07_z054.png,OAS1_0180,Non-Demented,0,1,Very Mild Dementia,0,-5.682658935154918,3.901231085349258,-1.688977042512459,-1.0247193056562538
OASIS_1,LinearSVM,13,test,rotation__moderate,rotation,moderate,D:\OASIS_1\distortions_32\rotation\moderate\Non_Demented\OAS1_0180\OAS1_0180_slice_08_z057.png,Non_Demented/OAS1_0180/OAS1_0180_slice_08_z057.png,Non-Demented/OAS1_0180/OAS1_0180_slice_08_z057.png,OAS1_0180,Non-Demented,0,3,Moderate Dementia,0,-2.792272879847662,-2.54292208335008,-2.5340397624749484,-1.1556612571129015
OASIS_1,LinearSVM,13,test,rotation__moderate,rotation,moderate,D:\OASIS_1\distortions_32\rotation\moderate\Non_Demented\OAS1_0180\OAS1_0180_slice_09_z059.png,Non_Demented/OAS1_0180/OAS1_0180_slice_09_z059.png,Non-Demented/OAS1_0180/OAS1_0180_slice_09_z059.png,OAS1_0180,Non-Demented,0,3,Moderate Dementia,0,-2.3526990874048703,-1.693633833105142,-1.9970706789315398,-1.2419752244500564
OASIS_1,LinearSVM,13,test,rotation__moderate,rotation,moderate,D:\OASIS_1\distortions_32\rotation\moderate\Non_Demented\OAS1_0180\OAS1_0180_slice_10_z062.png,Non_Demented/OAS1_0180/OAS1_0180_slice_10_z062.png,Non-Demented/OAS1_0180/OAS1_0180_slice_10_z062.png,OAS1_0180,Non-Demented,0,3,Moderate Dementia,0,-1.5100296114179392,-1.5059139378232285,-1.4482257367447406,-1.2173082550583796
OASIS_1,LinearSVM,13,test,rotation__moderate,rotation,moderate,D:\OASIS_1\distortions_32\rotation\moderate\Non_Demented\OAS1_0180\OAS1_0180_slice_11_z065.png,Non_Demented/OAS1_0180/OAS1_0180_slice_11_z065.png,Non-Demented/OAS1_0180/OAS1_0180_slice_11_z065.png,OAS1_0180,Non-Demented,0,1,Very Mild Dementia,0,-10.419748896495564,3.747620717462128,0.9448429430080836,-0.9566274770295926
OASIS_1,LinearSVM,13,test,rotation__moderate,rotation,moderate,D:\OASIS_1\distortions_32\rotation\moderate\Non_Demented\OAS1_0180\OAS1_0180_slice_12_z068.png,Non_Demented/OAS1_0180/OAS1_0180_slice_12_z068.png,Non-Demented/OAS1_0180/OAS1_0180_slice_12_z068.png,OAS1_0180,Non-Demented,0,0,Non-Demented,1,3.9695000616733083,-3.3985570735048394,-3.9097639619177187,-1.225635686734547
OASIS_1,LinearSVM,13,test,rotation__moderate,rotation,moderate,D:\OASIS_1\distortions_32\rotation\moderate\Non_Demented\OAS1_0180\OAS1_0180_slice_13_z070.png,Non_Demented/OAS1_0180/OAS1_0180_slice_13_z070.png,Non-Demented/OAS1_0180/OAS1_0180_slice_13_z070.png,OAS1_0180,Non-Demented,0,1,Very Mild Dementia,0,-7.542207500697642,0.7816657991913134,-2.2250064126765263,-0.8827480220279443
OASIS_1,LinearSVM,13,test,rotation__moderate,rotation,moderate,D:\OASIS_1\distortions_32\rotation\moderate\Non_Demented\OAS1_0180\OAS1_0180_slice_14_z073.png,Non_Demented/OAS1_0180/OAS1_0180_slice_14_z073.png,Non-Demented/OAS1_0180/OAS1_0180_slice_14_z073.png,OAS1_0180,Non-Demented,0,0,Non-Demented,1,0.20885653341648036,-0.7094907922107787,-3.3004897133387154,-1.2082781314744353
OASIS_1,LinearSVM,13,test,rotation__moderate,rotation,moderate,D:\OASIS_1\distortions_32\rotation\moderate\Non_Demented\OAS1_0180\OAS1_0180_slice_15_z076.png,Non_Demented/OAS1_0180/OAS1_0180_slice_15_z076.png,Non-Demented/OAS1_0180/OAS1_0180_slice_15_z076.png,OAS1_0180,Non-Demented,0,1,Very Mild Dementia,0,-10.84427829957372,7.33149171699611,-1.6316547140574795,-0.8621153644937174
OASIS_1,LinearSVM,13,test,rotation__moderate,rotation,moderate,D:\OASIS_1\distortions_32\rotation\moderate\Non_Demented\OAS1_0180\OAS1_0180_slice_16_z078.png,Non_Demented/OAS1_0180/OAS1_0180_slice_16_z078.png,Non-Demented/OAS1_0180/OAS1_0180_slice_16_z078.png,OAS1_0180,Non-Demented,0,3,Moderate Dementia,0,-2.363929989813981,-2.2942780374362446,-1.885321238461985,-1.2152847375363633
OASIS_1,LinearSVM,13,test,rotation__moderate,rotation,moderate,D:\OASIS_1\distortions_32\rotation\moderate\Non_Demented\OAS1_0180\OAS1_0180_slice_17_z081.png,Non_Demented/OAS1_0180/OAS1_0180_slice_17_z081.png,Non-Demented/OAS1_0180/OAS1_0180_slice_17_z081.png,OAS1_0180,Non-Demented,0,3,Moderate Dementia,0,-2.70499973091709,-1.3052756219375268,-2.487066082401308,-1.2420460194321932
OASIS_1,LinearSVM,13,test,rotation__moderate,rotation,moderate,D:\OASIS_1\distortions_32\rotation\moderate\Non_Demented\OAS1_0180\OAS1_0180_slice_18_z084.png,Non_Demented/OAS1_0180/OAS1_0180_slice_18_z084.png,Non-Demented/OAS1_0180/OAS1_0180_slice_18_z084.png,OAS1_0180,Non-Demented,0,0,Non-Demented,1,1.5297105080888214,-3.3936313569893253,-3.654754911290145,-1.2362731728959024
OASIS_1,LinearSVM,13,test,rotation__moderate,rotation,moderate,D:\OASIS_1\distortions_32\rotation\moderate\Non_Demented\OAS1_0180\OAS1_0180_slice_19_z086.png,Non_Demented/OAS1_0180/OAS1_0180_slice_19_z086.png,Non-Demented/OAS1_0180/OAS1_0180_slice_19_z086.png,OAS1_0180,Non-Demented,0,0,Non-Demented,1,2.041663479180583,-4.045510199141226,-2.3903727835317437,-1.2174063173019702
OASIS_1,LinearSVM,13,test,rotation__moderate,rotation,moderate,D:\OASIS_1\distortions_32\rotation\moderate\Non_Demented\OAS1_0180\OAS1_0180_slice_20_z089.png,Non_Demented/OAS1_0180/OAS1_0180_slice_20_z089.png,Non-Demented/OAS1_0180/OAS1_0180_slice_20_z089.png,OAS1_0180,Non-Demented,0,0,Non-Demented,1,1.11956813526478,-5.003130855770521,0.25632795396159347,-1.1677424602327469
OASIS_1,LinearSVM,13,test,rotation__moderate,rotation,moderate,D:\OASIS_1\distortions_32\rotation\moderate\Non_Demented\OAS1_0181\OAS1_0181_slice_01_z038.png,Non_Demented/OAS1_0181/OAS1_0181_slice_01_z038.png,Non-Demented/OAS1_0181/OAS1_0181_slice_01_z038.png,OAS1_0181,Non-Demented,0,0,Non-Demented,1,3.5586568482105725,1.3440677523914952,-4.336443843667781,-1.5481926178978809
OASIS_1,LinearSVM,13,test,rotation__moderate,rotation,moderate,D:\OASIS_1\distortions_32\rotation\moderate\Non_Demented\OAS1_0181\OAS1_0181_slice_02_z041.png,Non_Demented/OAS1_0181/OAS1_0181_slice_02_z041.png,Non-Demented/OAS1_0181/OAS1_0181_slice_02_z041.png,OAS1_0181,Non-Demented,0,0,Non-Demented,1,0.6568259480516644,-3.9318103169033254,-2.229743299048075,-1.1964050408206546
OASIS_1,LinearSVM,13,test,rotation__moderate,rotation,moderate,D:\OASIS_1\distortions_32\rotation\moderate\Non_Demented\OAS1_0181\OAS1_0181_slice_03_z043.png,Non_Demented/OAS1_0181/OAS1_0181_slice_03_z043.png,Non-Demented/OAS1_0181/OAS1_0181_slice_03_z043.png,OAS1_0181,Non-Demented,0,0,Non-Demented,1,3.032785116651291,1.6759599066570163,-4.329805732053578,-1.431038440577887
OASIS_1,LinearSVM,13,test,rotation__moderate,rotation,moderate,D:\OASIS_1\distortions_32\rotation\moderate\Non_Demented\OAS1_0181\OAS1_0181_slice_04_z046.png,Non_Demented/OAS1_0181/OAS1_0181_slice_04_z046.png,Non-Demented/OAS1_0181/OAS1_0181_slice_04_z046.png,OAS1_0181,Non-Demented,0,0,Non-Demented,1,2.1272782611829935,-4.234361565567049,-3.133991202112857,-1.1644037183188871
OASIS_1,LinearSVM,13,test,rotation__moderate,rotation,moderate,D:\OASIS_1\distortions_32\rotation\moderate\Non_Demented\OAS1_0181\OAS1_0181_slice_05_z049.png,Non_Demented/OAS1_0181/OAS1_0181_slice_05_z049.png,Non-Demented/OAS1_0181/OAS1_0181_slice_05_z049.png,OAS1_0181,Non-Demented,0,0,Non-Demented,1,2.6216548991070185,-2.7437643362539372,-4.132314474269494,-1.1295831987900742
OASIS_1,LinearSVM,13,test,rotation__moderate,rotation,moderate,D:\OASIS_1\distortions_32\rotation\moderate\Non_Demented\OAS1_0181\OAS1_0181_slice_06_z051.png,Non_Demented/OAS1_0181/OAS1_0181_slice_06_z051.png,Non-Demented/OAS1_0181/OAS1_0181_slice_06_z051.png,OAS1_0181,Non-Demented,0,0,Non-Demented,1,0.7202281408535615,-1.9477600749548425,-3.718831075736398,-1.0435394854594289
OASIS_1,LinearSVM,13,test,rotation__moderate,rotation,moderate,D:\OASIS_1\distortions_32\rotation\moderate\Non_Demented\OAS1_0181\OAS1_0181_slice_07_z054.png,Non_Demented/OAS1_0181/OAS1_0181_slice_07_z054.png,Non-Demented/OAS1_0181/OAS1_0181_slice_07_z054.png,OAS1_0181,Non-Demented,0,0,Non-Demented,1,3.5157941192538202,-4.2062799395917345,-4.838335212744676,-1.3733494163571385
OASIS_1,LinearSVM,13,test,rotation__moderate,rotation,moderate,D:\OASIS_1\distortions_32\rotation\moderate\Non_Demented\OAS1_0181\OAS1_0181_slice_08_z057.png,Non_Demented/OAS1_0181/OAS1_0181_slice_08_z057.png,Non-Demented/OAS1_0181/OAS1_0181_slice_08_z057.png,OAS1_0181,Non-Demented,0,0,Non-Demented,1,4.13736159888167,-0.6148905357363468,-6.87031347046008,-1.3441420538933586
OASIS_1,LinearSVM,13,test,rotation__moderate,rotation,moderate,D:\OASIS_1\distortions_32\rotation\moderate\Non_Demented\OAS1_0181\OAS1_0181_slice_09_z059.png,Non_Demented/OAS1_0181/OAS1_0181_slice_09_z059.png,Non-Demented/OAS1_0181/OAS1_0181_slice_09_z059.png,OAS1_0181,Non-Demented,0,0,Non-Demented,1,3.876144162023051,-1.0837364822931415,-6.416370764616928,-1.2658841035542905
OASIS_1,LinearSVM,13,test,rotation__moderate,rotation,moderate,D:\OASIS_1\distortions_32\rotation\moderate\Non_Demented\OAS1_0181\OAS1_0181_slice_10_z062.png,Non_Demented/OAS1_0181/OAS1_0181_slice_10_z062.png,Non-Demented/OAS1_0181/OAS1_0181_slice_10_z062.png,OAS1_0181,Non-Demented,0,1,Very Mild Dementia,0,-1.3068339518049288,0.4704670091327876,-4.140197446012662,-1.1266700836973795
OASIS_1,LinearSVM,13,test,rotation__moderate,rotation,moderate,D:\OASIS_1\distortions_32\rotation\moderate\Non_Demented\OAS1_0181\OAS1_0181_slice_11_z065.png,Non_Demented/OAS1_0181/OAS1_0181_slice_11_z065.png,Non-Demented/OAS1_0181/OAS1_0181_slice_11_z065.png,OAS1_0181,Non-Demented,0,1,Very Mild Dementia,0,-1.5678841931951428,0.9763372578285141,-5.1778185505275065,-1.0185230621273782
OASIS_1,LinearSVM,13,test,rotation__moderate,rotation,moderate,D:\OASIS_1\distortions_32\rotation\moderate\Non_Demented\OAS1_0181\OAS1_0181_slice_12_z068.png,Non_Demented/OAS1_0181/OAS1_0181_slice_12_z068.png,Non-Demented/OAS1_0181/OAS1_0181_slice_12_z068.png,OAS1_0181,Non-Demented,0,1,Very Mild Dementia,0,-0.7093416438182908,0.24791770673968028,-4.680662664087672,-1.2957799999330062
OASIS_1,LinearSVM,13,test,rotation__moderate,rotation,moderate,D:\OASIS_1\distortions_32\rotation\moderate\Non_Demented\OAS1_0181\OAS1_0181_slice_13_z070.png,Non_Demented/OAS1_0181/OAS1_0181_slice_13_z070.png,Non-Demented/OAS1_0181/OAS1_0181_slice_13_z070.png,OAS1_0181,Non-Demented,0,0,Non-Demented,1,4.767988183932937,-2.158557097381446,-6.438352723267965,-1.2130344266928925
OASIS_1,LinearSVM,13,test,rotation__moderate,rotation,moderate,D:\OASIS_1\distortions_32\rotation\moderate\Non_Demented\OAS1_0181\OAS1_0181_slice_14_z073.png,Non_Demented/OAS1_0181/OAS1_0181_slice_14_z073.png,Non-Demented/OAS1_0181/OAS1_0181_slice_14_z073.png,OAS1_0181,Non-Demented,0,1,Very Mild Dementia,0,-0.7509951220173591,-0.0029340433237612373,-4.324080655764955,-1.2933736670668037
OASIS_1,LinearSVM,13,test,rotation__moderate,rotation,moderate,D:\OASIS_1\distortions_32\rotation\moderate\Non_Demented\OAS1_0181\OAS1_0181_slice_15_z076.png,Non_Demented/OAS1_0181/OAS1_0181_slice_15_z076.png,Non-Demented/OAS1_0181/OAS1_0181_slice_15_z076.png,OAS1_0181,Non-Demented,0,0,Non-Demented,1,2.5543649791866705,-1.3807811516708637,-5.314579954746786,-1.3656999365030456
OASIS_1,LinearSVM,13,test,rotation__moderate,rotation,moderate,D:\OASIS_1\distortions_32\rotation\moderate\Non_Demented\OAS1_0181\OAS1_0181_slice_16_z078.png,Non_Demented/OAS1_0181/OAS1_0181_slice_16_z078.png,Non-Demented/OAS1_0181/OAS1_0181_slice_16_z078.png,OAS1_0181,Non-Demented,0,0,Non-Demented,1,2.521232590570831,-1.379838071686525,-5.399185883461859,-1.488023557545327
OASIS_1,LinearSVM,13,test,rotation__moderate,rotation,moderate,D:\OASIS_1\distortions_32\rotation\moderate\Non_Demented\OAS1_0181\OAS1_0181_slice_17_z081.png,Non_Demented/OAS1_0181/OAS1_0181_slice_17_z081.png,Non-Demented/OAS1_0181/OAS1_0181_slice_17_z081.png,OAS1_0181,Non-Demented,0,1,Very Mild Dementia,0,-1.0153569204774522,2.5151981395130423,-4.907802135292917,-1.4699558600933536
OASIS_1,LinearSVM,13,test,rotation__moderate,rotation,moderate,D:\OASIS_1\distortions_32\rotation\moderate\Non_Demented\OAS1_0181\OAS1_0181_slice_18_z084.png,Non_Demented/OAS1_0181/OAS1_0181_slice_18_z084.png,Non-Demented/OAS1_0181/OAS1_0181_slice_18_z084.png,OAS1_0181,Non-Demented,0,0,Non-Demented,1,1.588036394887871,1.0118925936404772,-5.252188999816753,-1.5402893600525935
OASIS_1,LinearSVM,13,test,rotation__moderate,rotation,moderate,D:\OASIS_1\distortions_32\rotation\moderate\Non_Demented\OAS1_0181\OAS1_0181_slice_19_z086.png,Non_Demented/OAS1_0181/OAS1_0181_slice_19_z086.png,Non-Demented/OAS1_0181/OAS1_0181_slice_19_z086.png,OAS1_0181,Non-Demented,0,0,Non-Demented,1,3.3702953616478015,0.06548683037010372,-5.088558478788137,-1.3544990324278157
OASIS_1,LinearSVM,13,test,rotation__moderate,rotation,moderate,D:\OASIS_1\distortions_32\rotation\moderate\Non_Demented\OAS1_0181\OAS1_0181_slice_20_z089.png,Non_Demented/OAS1_0181/OAS1_0181_slice_20_z089.png,Non-Demented/OAS1_0181/OAS1_0181_slice_20_z089.png,OAS1_0181,Non-Demented,0,0,Non-Demented,1,1.7125080937818082,-1.9331334070050943,-2.361200593808697,-1.2752829538852968
OASIS_1,LinearSVM,13,test,rotation__moderate,rotation,moderate,D:\OASIS_1\distortions_32\rotation\moderate\Non_Demented\OAS1_0262\OAS1_0262_slice_01_z038.png,Non_Demented/OAS1_0262/OAS1_0262_slice_01_z038.png,Non-Demented/OAS1_0262/OAS1_0262_slice_01_z038.png,OAS1_0262,Non-Demented,0,0,Non-Demented,1,0.011454386076542478,-3.432393934434076,-2.609320243875059,-1.1174450899709694
OASIS_1,LinearSVM,13,test,rotation__moderate,rotation,moderate,D:\OASIS_1\distortions_32\rotation\moderate\Non_Demented\OAS1_0262\OAS1_0262_slice_02_z041.png,Non_Demented/OAS1_0262/OAS1_0262_slice_02_z041.png,Non-Demented/OAS1_0262/OAS1_0262_slice_02_z041.png,OAS1_0262,Non-Demented,0,1,Very Mild Dementia,0,0.3684202777199467,1.4874791497504756,-4.252267742504127,-0.8441574693523561
OASIS_1,LinearSVM,13,test,rotation__moderate,rotation,moderate,D:\OASIS_1\distortions_32\rotation\moderate\Non_Demented\OAS1_0262\OAS1_0262_slice_03_z043.png,Non_Demented/OAS1_0262/OAS1_0262_slice_03_z043.png,Non-Demented/OAS1_0262/OAS1_0262_slice_03_z043.png,OAS1_0262,Non-Demented,0,0,Non-Demented,1,1.2720917850926434,-0.09821607251839937,-3.8943697041667384,-0.9139885747387035
OASIS_1,LinearSVM,13,test,rotation__moderate,rotation,moderate,D:\OASIS_1\distortions_32\rotation\moderate\Non_Demented\OAS1_0262\OAS1_0262_slice_04_z046.png,Non_Demented/OAS1_0262/OAS1_0262_slice_04_z046.png,Non-Demented/OAS1_0262/OAS1_0262_slice_04_z046.png,OAS1_0262,Non-Demented,0,3,Moderate Dementia,0,-3.9151657523107763,-2.2933643283292535,-1.3062904261293,-1.256055329009173
OASIS_1,LinearSVM,13,test,rotation__moderate,rotation,moderate,D:\OASIS_1\distortions_32\rotation\moderate\Non_Demented\OAS1_0262\OAS1_0262_slice_05_z049.png,Non_Demented/OAS1_0262/OAS1_0262_slice_05_z049.png,Non-Demented/OAS1_0262/OAS1_0262_slice_05_z049.png,OAS1_0262,Non-Demented,0,0,Non-Demented,1,3.5025200938583767,-2.417787918975307,-2.6004274284186777,-1.100827666142506
OASIS_1,LinearSVM,13,test,rotation__moderate,rotation,moderate,D:\OASIS_1\distortions_32\rotation\moderate\Non_Demented\OAS1_0262\OAS1_0262_slice_06_z051.png,Non_Demented/OAS1_0262/OAS1_0262_slice_06_z051.png,Non-Demented/OAS1_0262/OAS1_0262_slice_06_z051.png,OAS1_0262,Non-Demented,0,3,Moderate Dementia,0,-2.1898960504053258,-3.748081519898888,-1.3456331194363886,-1.2363109612141543
OASIS_1,LinearSVM,13,test,rotation__moderate,rotation,moderate,D:\OASIS_1\distortions_32\rotation\moderate\Non_Demented\OAS1_0262\OAS1_0262_slice_07_z054.png,Non_Demented/OAS1_0262/OAS1_0262_slice_07_z054.png,Non-Demented/OAS1_0262/OAS1_0262_slice_07_z054.png,OAS1_0262,Non-Demented,0,3,Moderate Dementia,0,-5.144987347061402,-2.6490090339537637,-1.5241361477472082,-1.1271737442294698
OASIS_1,LinearSVM,13,test,rotation__moderate,rotation,moderate,D:\OASIS_1\distortions_32\rotation\moderate\Non_Demented\OAS1_0262\OAS1_0262_slice_08_z057.png,Non_Demented/OAS1_0262/OAS1_0262_slice_08_z057.png,Non-Demented/OAS1_0262/OAS1_0262_slice_08_z057.png,OAS1_0262,Non-Demented,0,0,Non-Demented,1,2.2804411699716707,-0.30361332479388503,-0.7202751961281686,-1.3006460837259897
OASIS_1,LinearSVM,13,test,rotation__moderate,rotation,moderate,D:\OASIS_1\distortions_32\rotation\moderate\Non_Demented\OAS1_0262\OAS1_0262_slice_09_z059.png,Non_Demented/OAS1_0262/OAS1_0262_slice_09_z059.png,Non-Demented/OAS1_0262/OAS1_0262_slice_09_z059.png,OAS1_0262,Non-Demented,0,0,Non-Demented,1,3.040068909640299,0.4320473570703047,-1.5833433246245108,-1.4111434911276364
OASIS_1,LinearSVM,13,test,rotation__moderate,rotation,moderate,D:\OASIS_1\distortions_32\rotation\moderate\Non_Demented\OAS1_0262\OAS1_0262_slice_10_z062.png,Non_Demented/OAS1_0262/OAS1_0262_slice_10_z062.png,Non-Demented/OAS1_0262/OAS1_0262_slice_10_z062.png,OAS1_0262,Non-Demented,0,0,Non-Demented,1,2.878505690493535,-2.311785657583901,-0.7507864324397258,-1.2105451242055145
OASIS_1,LinearSVM,13,test,rotation__moderate,rotation,moderate,D:\OASIS_1\distortions_32\rotation\moderate\Non_Demented\OAS1_0262\OAS1_0262_slice_11_z065.png,Non_Demented/OAS1_0262/OAS1_0262_slice_11_z065.png,Non-Demented/OAS1_0262/OAS1_0262_slice_11_z065.png,OAS1_0262,Non-Demented,0,1,Very Mild Dementia,0,-6.154456894181112,1.6006814663941809,-1.6196489794921036,-1.2236304976995198
OASIS_1,LinearSVM,13,test,rotation__moderate,rotation,moderate,D:\OASIS_1\distortions_32\rotation\moderate\Non_Demented\OAS1_0262\OAS1_0262_slice_12_z068.png,Non_Demented/OAS1_0262/OAS1_0262_slice_12_z068.png,Non-Demented/OAS1_0262/OAS1_0262_slice_12_z068.png,OAS1_0262,Non-Demented,0,0,Non-Demented,1,5.666327337751209,-1.433634827429456,-1.2507784815251985,-1.128205571780747
OASIS_1,LinearSVM,13,test,rotation__moderate,rotation,moderate,D:\OASIS_1\distortions_32\rotation\moderate\Non_Demented\OAS1_0262\OAS1_0262_slice_13_z070.png,Non_Demented/OAS1_0262/OAS1_0262_slice_13_z070.png,Non-Demented/OAS1_0262/OAS1_0262_slice_13_z070.png,OAS1_0262,Non-Demented,0,1,Very Mild Dementia,0,-6.046065028565013,-0.46155806161524193,-0.6945291736729382,-1.2671030691235774
OASIS_1,LinearSVM,13,test,rotation__moderate,rotation,moderate,D:\OASIS_1\distortions_32\rotation\moderate\Non_Demented\OAS1_0262\OAS1_0262_slice_14_z073.png,Non_Demented/OAS1_0262/OAS1_0262_slice_14_z073.png,Non-Demented/OAS1_0262/OAS1_0262_slice_14_z073.png,OAS1_0262,Non-Demented,0,2,Mild Dementia,0,-4.9885192973222585,-3.6088960435042665,1.0999610315998072,-1.0121976844107339
OASIS_1,LinearSVM,13,test,rotation__moderate,rotation,moderate,D:\OASIS_1\distortions_32\rotation\moderate\Non_Demented\OAS1_0262\OAS1_0262_slice_15_z076.png,Non_Demented/OAS1_0262/OAS1_0262_slice_15_z076.png,Non-Demented/OAS1_0262/OAS1_0262_slice_15_z076.png,OAS1_0262,Non-Demented,0,0,Non-Demented,1,3.318646531271888,-3.8639214667853468,-1.9553524641108821,-0.9769700487197555
OASIS_1,LinearSVM,13,test,rotation__moderate,rotation,moderate,D:\OASIS_1\distortions_32\rotation\moderate\Non_Demented\OAS1_0262\OAS1_0262_slice_16_z078.png,Non_Demented/OAS1_0262/OAS1_0262_slice_16_z078.png,Non-Demented/OAS1_0262/OAS1_0262_slice_16_z078.png,OAS1_0262,Non-Demented,0,3,Moderate Dementia,0,-3.03959759417323,-3.873181576987246,-2.0352088276910965,-1.1948787353984818
OASIS_1,LinearSVM,13,test,rotation__moderate,rotation,moderate,D:\OASIS_1\distortions_32\rotation\moderate\Non_Demented\OAS1_0262\OAS1_0262_slice_17_z081.png,Non_Demented/OAS1_0262/OAS1_0262_slice_17_z081.png,Non-Demented/OAS1_0262/OAS1_0262_slice_17_z081.png,OAS1_0262,Non-Demented,0,3,Moderate Dementia,0,-2.0835480087825635,-6.0399154978358425,-2.5256591545606915,-1.3260876122359426
OASIS_1,LinearSVM,13,test,rotation__moderate,rotation,moderate,D:\OASIS_1\distortions_32\rotation\moderate\Non_Demented\OAS1_0262\OAS1_0262_slice_18_z084.png,Non_Demented/OAS1_0262/OAS1_0262_slice_18_z084.png,Non-Demented/OAS1_0262/OAS1_0262_slice_18_z084.png,OAS1_0262,Non-Demented,0,0,Non-Demented,1,2.043707495142079,-6.365187909858321,-3.139242230081086,-1.1329684625766063
OASIS_1,LinearSVM,13,test,rotation__moderate,rotation,moderate,D:\OASIS_1\distortions_32\rotation\moderate\Non_Demented\OAS1_0262\OAS1_0262_slice_19_z086.png,Non_Demented/OAS1_0262/OAS1_0262_slice_19_z086.png,Non-Demented/OAS1_0262/OAS1_0262_slice_19_z086.png,OAS1_0262,Non-Demented,0,0,Non-Demented,1,1.305255367278626,-0.3629108215936576,-4.736999051342967,-1.208889243408783
OASIS_1,LinearSVM,13,test,rotation__moderate,rotation,moderate,D:\OASIS_1\distortions_32\rotation\moderate\Non_Demented\OAS1_0262\OAS1_0262_slice_20_z089.png,Non_Demented/OAS1_0262/OAS1_0262_slice_20_z089.png,Non-Demented/OAS1_0262/OAS1_0262_slice_20_z089.png,OAS1_0262,Non-Demented,0,1,Very Mild Dementia,0,-1.5897598173513345,3.6347586396407086,-5.880255752983373,-1.1098676455625287
OASIS_1,LinearSVM,13,test,rotation__moderate,rotation,moderate,D:\OASIS_1\distortions_32\rotation\moderate\Non_Demented\OAS1_0266\OAS1_0266_slice_01_z038.png,Non_Demented/OAS1_0266/OAS1_0266_slice_01_z038.png,Non-Demented/OAS1_0266/OAS1_0266_slice_01_z038.png,OAS1_0266,Non-Demented,0,0,Non-Demented,1,8.196470275267902,-6.742301222454765,-3.6449212170277256,-1.0006569007903068
OASIS_1,LinearSVM,13,test,rotation__moderate,rotation,moderate,D:\OASIS_1\distortions_32\rotation\moderate\Non_Demented\OAS1_0266\OAS1_0266_slice_02_z041.png,Non_Demented/OAS1_0266/OAS1_0266_slice_02_z041.png,Non-Demented/OAS1_0266/OAS1_0266_slice_02_z041.png,OAS1_0266,Non-Demented,0,0,Non-Demented,1,6.610071785368043,-11.259630153552601,-2.5149078390970576,-0.949159791760588
OASIS_1,LinearSVM,13,test,rotation__moderate,rotation,moderate,D:\OASIS_1\distortions_32\rotation\moderate\Non_Demented\OAS1_0266\OAS1_0266_slice_03_z043.png,Non_Demented/OAS1_0266/OAS1_0266_slice_03_z043.png,Non-Demented/OAS1_0266/OAS1_0266_slice_03_z043.png,OAS1_0266,Non-Demented,0,0,Non-Demented,1,4.856795350316369,-10.304474981168921,-1.8722099821674956,-0.9008699128344895
OASIS_1,LinearSVM,13,test,rotation__moderate,rotation,moderate,D:\OASIS_1\distortions_32\rotation\moderate\Non_Demented\OAS1_0266\OAS1_0266_slice_04_z046.png,Non_Demented/OAS1_0266/OAS1_0266_slice_04_z046.png,Non-Demented/OAS1_0266/OAS1_0266_slice_04_z046.png,OAS1_0266,Non-Demented,0,0,Non-Demented,1,4.8421397314831,-5.68482425811084,-2.5511184183126585,-0.9496346654617772
OASIS_1,LinearSVM,13,test,rotation__moderate,rotation,moderate,D:\OASIS_1\distortions_32\rotation\moderate\Non_Demented\OAS1_0266\OAS1_0266_slice_05_z049.png,Non_Demented/OAS1_0266/OAS1_0266_slice_05_z049.png,Non-Demented/OAS1_0266/OAS1_0266_slice_05_z049.png,OAS1_0266,Non-Demented,0,0,Non-Demented,1,0.805014910790637,-5.146434151097413,-0.010718234702000728,-1.0764069506955252
OASIS_1,LinearSVM,13,test,rotation__moderate,rotation,moderate,D:\OASIS_1\distortions_32\rotation\moderate\Non_Demented\OAS1_0266\OAS1_0266_slice_06_z051.png,Non_Demented/OAS1_0266/OAS1_0266_slice_06_z051.png,Non-Demented/OAS1_0266/OAS1_0266_slice_06_z051.png,OAS1_0266,Non-Demented,0,0,Non-Demented,1,-0.08464647598153074,-5.219203820095407,-0.8243228922831327,-1.1777615875350462
OASIS_1,LinearSVM,13,test,rotation__moderate,rotation,moderate,D:\OASIS_1\distortions_32\rotation\moderate\Non_Demented\OAS1_0266\OAS1_0266_slice_07_z054.png,Non_Demented/OAS1_0266/OAS1_0266_slice_07_z054.png,Non-Demented/OAS1_0266/OAS1_0266_slice_07_z054.png,OAS1_0266,Non-Demented,0,0,Non-Demented,1,2.3726310398830743,-7.053373378376662,-1.2743163831771849,-0.9562283908492542
OASIS_1,LinearSVM,13,test,rotation__moderate,rotation,moderate,D:\OASIS_1\distortions_32\rotation\moderate\Non_Demented\OAS1_0266\OAS1_0266_slice_08_z057.png,Non_Demented/OAS1_0266/OAS1_0266_slice_08_z057.png,Non-Demented/OAS1_0266/OAS1_0266_slice_08_z057.png,OAS1_0266,Non-Demented,0,0,Non-Demented,1,1.4312589124884858,-10.39030998990845,-1.189434175076085,-1.1066670661475926
OASIS_1,LinearSVM,13,test,rotation__moderate,rotation,moderate,D:\OASIS_1\distortions_32\rotation\moderate\Non_Demented\OAS1_0266\OAS1_0266_slice_09_z059.png,Non_Demented/OAS1_0266/OAS1_0266_slice_09_z059.png,Non-Demented/OAS1_0266/OAS1_0266_slice_09_z059.png,OAS1_0266,Non-Demented,0,0,Non-Demented,1,0.5960772830422864,-11.774593168577626,-0.7917628473433596,-1.1218262886083632
OASIS_1,LinearSVM,13,test,rotation__moderate,rotation,moderate,D:\OASIS_1\distortions_32\rotation\moderate\Non_Demented\OAS1_0266\OAS1_0266_slice_10_z062.png,Non_Demented/OAS1_0266/OAS1_0266_slice_10_z062.png,Non-Demented/OAS1_0266/OAS1_0266_slice_10_z062.png,OAS1_0266,Non-Demented,0,0,Non-Demented,1,1.0971525548268408,-9.637053950535664,-1.3456201950128395,-1.0355369464500606
OASIS_1,LinearSVM,13,test,rotation__moderate,rotation,moderate,D:\OASIS_1\distortions_32\rotation\moderate\Non_Demented\OAS1_0266\OAS1_0266_slice_11_z065.png,Non_Demented/OAS1_0266/OAS1_0266_slice_11_z065.png,Non-Demented/OAS1_0266/OAS1_0266_slice_11_z065.png,OAS1_0266,Non-Demented,0,2,Mild Dementia,0,-1.7075173277666669,-9.507601402360304,0.04349525984462099,-1.1309981185686275
OASIS_1,LinearSVM,13,test,rotation__moderate,rotation,moderate,D:\OASIS_1\distortions_32\rotation\moderate\Non_Demented\OAS1_0266\OAS1_0266_slice_12_z068.png,Non_Demented/OAS1_0266/OAS1_0266_slice_12_z068.png,Non-Demented/OAS1_0266/OAS1_0266_slice_12_z068.png,OAS1_0266,Non-Demented,0,0,Non-Demented,1,6.789358205598151,-10.778959288846748,-0.9378383130722299,-1.3343194971358743
OASIS_1,LinearSVM,13,test,rotation__moderate,rotation,moderate,D:\OASIS_1\distortions_32\rotation\moderate\Non_Demented\OAS1_0266\OAS1_0266_slice_13_z070.png,Non_Demented/OAS1_0266/OAS1_0266_slice_13_z070.png,Non-Demented/OAS1_0266/OAS1_0266_slice_13_z070.png,OAS1_0266,Non-Demented,0,2,Mild Dementia,0,-1.27559346418154,-12.361888673745451,-0.0922590857630392,-1.018853517631721
OASIS_1,LinearSVM,13,test,rotation__moderate,rotation,moderate,D:\OASIS_1\distortions_32\rotation\moderate\Non_Demented\OAS1_0266\OAS1_0266_slice_14_z073.png,Non_Demented/OAS1_0266/OAS1_0266_slice_14_z073.png,Non-Demented/OAS1_0266/OAS1_0266_slice_14_z073.png,OAS1_0266,Non-Demented,0,0,Non-Demented,1,2.3674379443173423,-10.891823110835567,-0.9890723661277847,-1.2647252025589846
OASIS_1,LinearSVM,13,test,rotation__moderate,rotation,moderate,D:\OASIS_1\distortions_32\rotation\moderate\Non_Demented\OAS1_0266\OAS1_0266_slice_15_z076.png,Non_Demented/OAS1_0266/OAS1_0266_slice_15_z076.png,Non-Demented/OAS1_0266/OAS1_0266_slice_15_z076.png,OAS1_0266,Non-Demented,0,0,Non-Demented,1,4.446016270682302,-14.474357479186004,0.6118538634569819,-1.3028443124436933
OASIS_1,LinearSVM,13,test,rotation__moderate,rotation,moderate,D:\OASIS_1\distortions_32\rotation\moderate\Non_Demented\OAS1_0266\OAS1_0266_slice_16_z078.png,Non_Demented/OAS1_0266/OAS1_0266_slice_16_z078.png,Non-Demented/OAS1_0266/OAS1_0266_slice_16_z078.png,OAS1_0266,Non-Demented,0,2,Mild Dementia,0,-1.2728303061080393,-9.378596539021832,-0.7781643444350328,-1.089628827673998
OASIS_1,LinearSVM,13,test,rotation__moderate,rotation,moderate,D:\OASIS_1\distortions_32\rotation\moderate\Non_Demented\OAS1_0266\OAS1_0266_slice_17_z081.png,Non_Demented/OAS1_0266/OAS1_0266_slice_17_z081.png,Non-Demented/OAS1_0266/OAS1_0266_slice_17_z081.png,OAS1_0266,Non-Demented,0,0,Non-Demented,1,-0.16389417840227816,-12.852394516174623,-0.9907749248776927,-0.9176277518003843
OASIS_1,LinearSVM,13,test,rotation__moderate,rotation,moderate,D:\OASIS_1\distortions_32\rotation\moderate\Non_Demented\OAS1_0266\OAS1_0266_slice_18_z084.png,Non_Demented/OAS1_0266/OAS1_0266_slice_18_z084.png,Non-Demented/OAS1_0266/OAS1_0266_slice_18_z084.png,OAS1_0266,Non-Demented,0,0,Non-Demented,1,7.116734839161334,-13.026913577483354,-0.5803173651807834,-1.1793816617807813
OASIS_1,LinearSVM,13,test,rotation__moderate,rotation,moderate,D:\OASIS_1\distortions_32\rotation\moderate\Non_Demented\OAS1_0266\OAS1_0266_slice_19_z086.png,Non_Demented/OAS1_0266/OAS1_0266_slice_19_z086.png,Non-Demented/OAS1_0266/OAS1_0266_slice_19_z086.png,OAS1_0266,Non-Demented,0,0,Non-Demented,1,3.169055701726191,-7.857148735917029,0.5432232434337014,-1.1722124904356133
OASIS_1,LinearSVM,13,test,rotation__moderate,rotation,moderate,D:\OASIS_1\distortions_32\rotation\moderate\Non_Demented\OAS1_0266\OAS1_0266_slice_20_z089.png,Non_Demented/OAS1_0266/OAS1_0266_slice_20_z089.png,Non-Demented/OAS1_0266/OAS1_0266_slice_20_z089.png,OAS1_0266,Non-Demented,0,0,Non-Demented,1,2.019138148950118,-7.157610259532349,0.6469910451769159,-0.906383768752214
OASIS_1,LinearSVM,13,test,rotation__moderate,rotation,moderate,D:\OASIS_1\distortions_32\rotation\moderate\Non_Demented\OAS1_0280\OAS1_0280_slice_01_z038.png,Non_Demented/OAS1_0280/OAS1_0280_slice_01_z038.png,Non-Demented/OAS1_0280/OAS1_0280_slice_01_z038.png,OAS1_0280,Non-Demented,0,0,Non-Demented,1,9.087243574032653,-10.700236319309907,0.42839555289135234,-0.9850770530925168
OASIS_1,LinearSVM,13,test,rotation__moderate,rotation,moderate,D:\OASIS_1\distortions_32\rotation\moderate\Non_Demented\OAS1_0280\OAS1_0280_slice_02_z041.png,Non_Demented/OAS1_0280/OAS1_0280_slice_02_z041.png,Non-Demented/OAS1_0280/OAS1_0280_slice_02_z041.png,OAS1_0280,Non-Demented,0,0,Non-Demented,1,8.575110653943089,-11.556786950875203,0.18648915209360606,-1.2441146651567647
OASIS_1,LinearSVM,13,test,rotation__moderate,rotation,moderate,D:\OASIS_1\distortions_32\rotation\moderate\Non_Demented\OAS1_0280\OAS1_0280_slice_03_z043.png,Non_Demented/OAS1_0280/OAS1_0280_slice_03_z043.png,Non-Demented/OAS1_0280/OAS1_0280_slice_03_z043.png,OAS1_0280,Non-Demented,0,0,Non-Demented,1,3.586266630559006,-5.565470666709658,0.6585307904105164,-0.9737751881101789
OASIS_1,LinearSVM,13,test,rotation__moderate,rotation,moderate,D:\OASIS_1\distortions_32\rotation\moderate\Non_Demented\OAS1_0280\OAS1_0280_slice_04_z046.png,Non_Demented/OAS1_0280/OAS1_0280_slice_04_z046.png,Non-Demented/OAS1_0280/OAS1_0280_slice_04_z046.png,OAS1_0280,Non-Demented,0,0,Non-Demented,1,5.618593279588157,-9.511828881618982,-2.3974596469629965,-1.1158407259699539
OASIS_1,LinearSVM,13,test,rotation__moderate,rotation,moderate,D:\OASIS_1\distortions_32\rotation\moderate\Non_Demented\OAS1_0280\OAS1_0280_slice_05_z049.png,Non_Demented/OAS1_0280/OAS1_0280_slice_05_z049.png,Non-Demented/OAS1_0280/OAS1_0280_slice_05_z049.png,OAS1_0280,Non-Demented,0,2,Mild Dementia,0,-1.4481884354169337,-2.3819574409628466,0.9826889098943039,-0.9927574791035711
OASIS_1,LinearSVM,13,test,rotation__moderate,rotation,moderate,D:\OASIS_1\distortions_32\rotation\moderate\Non_Demented\OAS1_0280\OAS1_0280_slice_06_z051.png,Non_Demented/OAS1_0280/OAS1_0280_slice_06_z051.png,Non-Demented/OAS1_0280/OAS1_0280_slice_06_z051.png,OAS1_0280,Non-Demented,0,0,Non-Demented,1,-0.47722677131954916,-5.059234500103043,-0.9695215939410877,-1.110574001910487
OASIS_1,LinearSVM,13,test,rotation__moderate,rotation,moderate,D:\OASIS_1\distortions_32\rotation\moderate\Non_Demented\OAS1_0280\OAS1_0280_slice_07_z054.png,Non_Demented/OAS1_0280/OAS1_0280_slice_07_z054.png,Non-Demented/OAS1_0280/OAS1_0280_slice_07_z054.png,OAS1_0280,Non-Demented,0,1,Very Mild Dementia,0,-3.5803345735158505,0.354981610598915,-1.340384401432463,-1.1886480557538242
OASIS_1,LinearSVM,13,test,rotation__moderate,rotation,moderate,D:\OASIS_1\distortions_32\rotation\moderate\Non_Demented\OAS1_0280\OAS1_0280_slice_08_z057.png,Non_Demented/OAS1_0280/OAS1_0280_slice_08_z057.png,Non-Demented/OAS1_0280/OAS1_0280_slice_08_z057.png,OAS1_0280,Non-Demented,0,0,Non-Demented,1,6.0091020052060635,-9.304737733872052,-1.507122002985648,-1.2228457698009476
OASIS_1,LinearSVM,13,test,rotation__moderate,rotation,moderate,D:\OASIS_1\distortions_32\rotation\moderate\Non_Demented\OAS1_0280\OAS1_0280_slice_09_z059.png,Non_Demented/OAS1_0280/OAS1_0280_slice_09_z059.png,Non-Demented/OAS1_0280/OAS1_0280_slice_09_z059.png,OAS1_0280,Non-Demented,0,1,Very Mild Dementia,0,-3.50548278765503,1.3045756124228975,-1.9434107960430835,-0.8860806646696545
OASIS_1,LinearSVM,13,test,rotation__moderate,rotation,moderate,D:\OASIS_1\distortions_32\rotation\moderate\Non_Demented\OAS1_0280\OAS1_0280_slice_10_z062.png,Non_Demented/OAS1_0280/OAS1_0280_slice_10_z062.png,Non-Demented/OAS1_0280/OAS1_0280_slice_10_z062.png,OAS1_0280,Non-Demented,0,1,Very Mild Dementia,0,-0.6374414929590361,-0.12129400117965483,-3.4300583689543127,-0.963453432842067
OASIS_1,LinearSVM,13,test,rotation__moderate,rotation,moderate,D:\OASIS_1\distortions_32\rotation\moderate\Non_Demented\OAS1_0280\OAS1_0280_slice_11_z065.png,Non_Demented/OAS1_0280/OAS1_0280_slice_11_z065.png,Non-Demented/OAS1_0280/OAS1_0280_slice_11_z065.png,OAS1_0280,Non-Demented,0,0,Non-Demented,1,3.59157182832711,-13.101979481126843,0.6930654341778286,-0.8651728878873652
OASIS_1,LinearSVM,13,test,rotation__moderate,rotation,moderate,D:\OASIS_1\distortions_32\rotation\moderate\Non_Demented\OAS1_0280\OAS1_0280_slice_12_z068.png,Non_Demented/OAS1_0280/OAS1_0280_slice_12_z068.png,Non-Demented/OAS1_0280/OAS1_0280_slice_12_z068.png,OAS1_0280,Non-Demented,0,0,Non-Demented,1,4.68720818518574,-9.916710793834344,-0.2061297470978687,-0.958910369951981
OASIS_1,LinearSVM,13,test,rotation__moderate,rotation,moderate,D:\OASIS_1\distortions_32\rotation\moderate\Non_Demented\OAS1_0280\OAS1_0280_slice_13_z070.png,Non_Demented/OAS1_0280/OAS1_0280_slice_13_z070.png,Non-Demented/OAS1_0280/OAS1_0280_slice_13_z070.png,OAS1_0280,Non-Demented,0,0,Non-Demented,1,6.910278574855259,-8.982962719944892,-2.476435505544438,-1.036806549742272
OASIS_1,LinearSVM,13,test,rotation__moderate,rotation,moderate,D:\OASIS_1\distortions_32\rotation\moderate\Non_Demented\OAS1_0280\OAS1_0280_slice_14_z073.png,Non_Demented/OAS1_0280/OAS1_0280_slice_14_z073.png,Non-Demented/OAS1_0280/OAS1_0280_slice_14_z073.png,OAS1_0280,Non-Demented,0,0,Non-Demented,1,6.523790014029593,-8.89057019898588,-2.7551758469041,-1.0504585860457163
OASIS_1,LinearSVM,13,test,rotation__moderate,rotation,moderate,D:\OASIS_1\distortions_32\rotation\moderate\Non_Demented\OAS1_0280\OAS1_0280_slice_15_z076.png,Non_Demented/OAS1_0280/OAS1_0280_slice_15_z076.png,Non-Demented/OAS1_0280/OAS1_0280_slice_15_z076.png,OAS1_0280,Non-Demented,0,1,Very Mild Dementia,0,-2.586160427663058,2.176824210848913,-2.9359071572595687,-1.1626332695528354
OASIS_1,LinearSVM,13,test,rotation__moderate,rotation,moderate,D:\OASIS_1\distortions_32\rotation\moderate\Non_Demented\OAS1_0280\OAS1_0280_slice_16_z078.png,Non_Demented/OAS1_0280/OAS1_0280_slice_16_z078.png,Non-Demented/OAS1_0280/OAS1_0280_slice_16_z078.png,OAS1_0280,Non-Demented,0,0,Non-Demented,1,1.075995680768309,-4.89698795468543,-4.116229292698371,-1.0991884157017286
OASIS_1,LinearSVM,13,test,rotation__moderate,rotation,moderate,D:\OASIS_1\distortions_32\rotation\moderate\Non_Demented\OAS1_0280\OAS1_0280_slice_17_z081.png,Non_Demented/OAS1_0280/OAS1_0280_slice_17_z081.png,Non-Demented/OAS1_0280/OAS1_0280_slice_17_z081.png,OAS1_0280,Non-Demented,0,2,Mild Dementia,0,-2.337559051239403,-2.1000421496968302,0.7136207902368135,-1.1387348218911033
OASIS_1,LinearSVM,13,test,rotation__moderate,rotation,moderate,D:\OASIS_1\distortions_32\rotation\moderate\Non_Demented\OAS1_0280\OAS1_0280_slice_18_z084.png,Non_Demented/OAS1_0280/OAS1_0280_slice_18_z084.png,Non-Demented/OAS1_0280/OAS1_0280_slice_18_z084.png,OAS1_0280,Non-Demented,0,2,Mild Dementia,0,-2.9749260307846868,-1.3163058933514773,1.3217033022411049,-0.8784243684983538
OASIS_1,LinearSVM,13,test,rotation__moderate,rotation,moderate,D:\OASIS_1\distortions_32\rotation\moderate\Non_Demented\OAS1_0280\OAS1_0280_slice_19_z086.png,Non_Demented/OAS1_0280/OAS1_0280_slice_19_z086.png,Non-Demented/OAS1_0280/OAS1_0280_slice_19_z086.png,OAS1_0280,Non-Demented,0,0,Non-Demented,1,5.923935397497549,-12.796799699483207,-0.034381873396652995,-0.9845520004963902
OASIS_1,LinearSVM,13,test,rotation__moderate,rotation,moderate,D:\OASIS_1\distortions_32\rotation\moderate\Non_Demented\OAS1_0280\OAS1_0280_slice_20_z089.png,Non_Demented/OAS1_0280/OAS1_0280_slice_20_z089.png,Non-Demented/OAS1_0280/OAS1_0280_slice_20_z089.png,OAS1_0280,Non-Demented,0,2,Mild Dementia,0,-0.2595867125137178,-2.3418345562622194,0.7470186898279905,-0.9823866237491208
OASIS_1,LinearSVM,13,test,rotation__moderate,rotation,moderate,D:\OASIS_1\distortions_32\rotation\moderate\Non_Demented\OAS1_0309\OAS1_0309_slice_01_z038.png,Non_Demented/OAS1_0309/OAS1_0309_slice_01_z038.png,Non-Demented/OAS1_0309/OAS1_0309_slice_01_z038.png,OAS1_0309,Non-Demented,0,0,Non-Demented,1,1.7152411921369257,0.5845850336742986,-4.286431006190732,-1.1637137943592941
OASIS_1,LinearSVM,13,test,rotation__moderate,rotation,moderate,D:\OASIS_1\distortions_32\rotation\moderate\Non_Demented\OAS1_0309\OAS1_0309_slice_02_z041.png,Non_Demented/OAS1_0309/OAS1_0309_slice_02_z041.png,Non-Demented/OAS1_0309/OAS1_0309_slice_02_z041.png,OAS1_0309,Non-Demented,0,1,Very Mild Dementia,0,-2.7574545567448685,2.473179752663438,-3.6994718845449532,-1.2095412404786685
OASIS_1,LinearSVM,13,test,rotation__moderate,rotation,moderate,D:\OASIS_1\distortions_32\rotation\moderate\Non_Demented\OAS1_0309\OAS1_0309_slice_03_z043.png,Non_Demented/OAS1_0309/OAS1_0309_slice_03_z043.png,Non-Demented/OAS1_0309/OAS1_0309_slice_03_z043.png,OAS1_0309,Non-Demented,0,0,Non-Demented,1,-0.3708857303184411,-0.6151727240531186,-2.993915391441782,-0.853884099120833
OASIS_1,LinearSVM,13,test,rotation__moderate,rotation,moderate,D:\OASIS_1\distortions_32\rotation\moderate\Non_Demented\OAS1_0309\OAS1_0309_slice_04_z046.png,Non_Demented/OAS1_0309/OAS1_0309_slice_04_z046.png,Non-Demented/OAS1_0309/OAS1_0309_slice_04_z046.png,OAS1_0309,Non-Demented,0,1,Very Mild Dementia,0,-3.877122509265944,6.079415646824206,-4.228343700332882,-1.1325999802974192
OASIS_1,LinearSVM,13,test,rotation__moderate,rotation,moderate,D:\OASIS_1\distortions_32\rotation\moderate\Non_Demented\OAS1_0309\OAS1_0309_slice_05_z049.png,Non_Demented/OAS1_0309/OAS1_0309_slice_05_z049.png,Non-Demented/OAS1_0309/OAS1_0309_slice_05_z049.png,OAS1_0309,Non-Demented,0,1,Very Mild Dementia,0,-1.0421123427517878,6.529295222483178,-6.392085134039354,-1.2028061222062312
OASIS_1,LinearSVM,13,test,rotation__moderate,rotation,moderate,D:\OASIS_1\distortions_32\rotation\moderate\Non_Demented\OAS1_0309\OAS1_0309_slice_06_z051.png,Non_Demented/OAS1_0309/OAS1_0309_slice_06_z051.png,Non-Demented/OAS1_0309/OAS1_0309_slice_06_z051.png,OAS1_0309,Non-Demented,0,1,Very Mild Dementia,0,0.3632120980800734,0.9634149246682475,-4.576212666787201,-1.423149928853314
OASIS_1,LinearSVM,13,test,rotation__moderate,rotation,moderate,D:\OASIS_1\distortions_32\rotation\moderate\Non_Demented\OAS1_0309\OAS1_0309_slice_07_z054.png,Non_Demented/OAS1_0309/OAS1_0309_slice_07_z054.png,Non-Demented/OAS1_0309/OAS1_0309_slice_07_z054.png,OAS1_0309,Non-Demented,0,1,Very Mild Dementia,0,-4.090214185340197,10.132884135462236,-9.587401848887431,-1.186495243181913
OASIS_1,LinearSVM,13,test,rotation__moderate,rotation,moderate,D:\OASIS_1\distortions_32\rotation\moderate\Non_Demented\OAS1_0309\OAS1_0309_slice_08_z057.png,Non_Demented/OAS1_0309/OAS1_0309_slice_08_z057.png,Non-Demented/OAS1_0309/OAS1_0309_slice_08_z057.png,OAS1_0309,Non-Demented,0,0,Non-Demented,1,5.815415934262123,-7.558295807420716,-1.8854562773594257,-1.2952031982027967
OASIS_1,LinearSVM,13,test,rotation__moderate,rotation,moderate,D:\OASIS_1\distortions_32\rotation\moderate\Non_Demented\OAS1_0309\OAS1_0309_slice_09_z059.png,Non_Demented/OAS1_0309/OAS1_0309_slice_09_z059.png,Non-Demented/OAS1_0309/OAS1_0309_slice_09_z059.png,OAS1_0309,Non-Demented,0,1,Very Mild Dementia,0,-4.186561527221963,4.777381886253659,-6.83777035156601,-1.0719792477188328
OASIS_1,LinearSVM,13,test,rotation__moderate,rotation,moderate,D:\OASIS_1\distortions_32\rotation\moderate\Non_Demented\OAS1_0309\OAS1_0309_slice_10_z062.png,Non_Demented/OAS1_0309/OAS1_0309_slice_10_z062.png,Non-Demented/OAS1_0309/OAS1_0309_slice_10_z062.png,OAS1_0309,Non-Demented,0,0,Non-Demented,1,2.8853724512491397,-5.29048894205626,-0.011226335586124847,-1.111091195363015
OASIS_1,LinearSVM,13,test,rotation__moderate,rotation,moderate,D:\OASIS_1\distortions_32\rotation\moderate\Non_Demented\OAS1_0309\OAS1_0309_slice_11_z065.png,Non_Demented/OAS1_0309/OAS1_0309_slice_11_z065.png,Non-Demented/OAS1_0309/OAS1_0309_slice_11_z065.png,OAS1_0309,Non-Demented,0,1,Very Mild Dementia,0,-5.555850833289985,1.9736261281115453,-0.30000218618293184,-1.0198237768432032
OASIS_1,LinearSVM,13,test,rotation__moderate,rotation,moderate,D:\OASIS_1\distortions_32\rotation\moderate\Non_Demented\OAS1_0309\OAS1_0309_slice_12_z068.png,Non_Demented/OAS1_0309/OAS1_0309_slice_12_z068.png,Non-Demented/OAS1_0309/OAS1_0309_slice_12_z068.png,OAS1_0309,Non-Demented,0,1,Very Mild Dementia,0,-7.064337060941911,6.76193921910472,-6.305209624067357,-1.0397641917642795
OASIS_1,LinearSVM,13,test,rotation__moderate,rotation,moderate,D:\OASIS_1\distortions_32\rotation\moderate\Non_Demented\OAS1_0309\OAS1_0309_slice_13_z070.png,Non_Demented/OAS1_0309/OAS1_0309_slice_13_z070.png,Non-Demented/OAS1_0309/OAS1_0309_slice_13_z070.png,OAS1_0309,Non-Demented,0,1,Very Mild Dementia,0,-6.365201829132038,3.5476802114579136,-4.54831337688594,-0.9131072592223892
OASIS_1,LinearSVM,13,test,rotation__moderate,rotation,moderate,D:\OASIS_1\distortions_32\rotation\moderate\Non_Demented\OAS1_0309\OAS1_0309_slice_14_z073.png,Non_Demented/OAS1_0309/OAS1_0309_slice_14_z073.png,Non-Demented/OAS1_0309/OAS1_0309_slice_14_z073.png,OAS1_0309,Non-Demented,0,0,Non-Demented,1,1.914293603415314,-1.7712301541266853,-3.9837070843685787,-0.9950090101174076
OASIS_1,LinearSVM,13,test,rotation__moderate,rotation,moderate,D:\OASIS_1\distortions_32\rotation\moderate\Non_Demented\OAS1_0309\OAS1_0309_slice_15_z076.png,Non_Demented/OAS1_0309/OAS1_0309_slice_15_z076.png,Non-Demented/OAS1_0309/OAS1_0309_slice_15_z076.png,OAS1_0309,Non-Demented,0,1,Very Mild Dementia,0,-5.355534357714136,2.242104754883751,-2.999879429244216,-1.4393628274290309
OASIS_1,LinearSVM,13,test,rotation__moderate,rotation,moderate,D:\OASIS_1\distortions_32\rotation\moderate\Non_Demented\OAS1_0309\OAS1_0309_slice_16_z078.png,Non_Demented/OAS1_0309/OAS1_0309_slice_16_z078.png,Non-Demented/OAS1_0309/OAS1_0309_slice_16_z078.png,OAS1_0309,Non-Demented,0,1,Very Mild Dementia,0,-4.406860288539945,1.3039698044618926,-4.553261751946618,-1.309578103317035
OASIS_1,LinearSVM,13,test,rotation__moderate,rotation,moderate,D:\OASIS_1\distortions_32\rotation\moderate\Non_Demented\OAS1_0309\OAS1_0309_slice_17_z081.png,Non_Demented/OAS1_0309/OAS1_0309_slice_17_z081.png,Non-Demented/OAS1_0309/OAS1_0309_slice_17_z081.png,OAS1_0309,Non-Demented,0,3,Moderate Dementia,0,-4.681570628004886,-2.3962611696922247,-3.059570773159546,-1.332896904483535
OASIS_1,LinearSVM,13,test,rotation__moderate,rotation,moderate,D:\OASIS_1\distortions_32\rotation\moderate\Non_Demented\OAS1_0309\OAS1_0309_slice_18_z084.png,Non_Demented/OAS1_0309/OAS1_0309_slice_18_z084.png,Non-Demented/OAS1_0309/OAS1_0309_slice_18_z084.png,OAS1_0309,Non-Demented,0,1,Very Mild Dementia,0,-4.74389809343175,-0.27107875613876664,-3.8168450061996375,-1.3154386662964335
OASIS_1,LinearSVM,13,test,rotation__moderate,rotation,moderate,D:\OASIS_1\distortions_32\rotation\moderate\Non_Demented\OAS1_0309\OAS1_0309_slice_19_z086.png,Non_Demented/OAS1_0309/OAS1_0309_slice_19_z086.png,Non-Demented/OAS1_0309/OAS1_0309_slice_19_z086.png,OAS1_0309,Non-Demented,0,1,Very Mild Dementia,0,-3.0748632309918746,-1.1876862348971706,-5.690552522943468,-1.2317540465229504
OASIS_1,LinearSVM,13,test,rotation__moderate,rotation,moderate,D:\OASIS_1\distortions_32\rotation\moderate\Non_Demented\OAS1_0309\OAS1_0309_slice_20_z089.png,Non_Demented/OAS1_0309/OAS1_0309_slice_20_z089.png,Non-Demented/OAS1_0309/OAS1_0309_slice_20_z089.png,OAS1_0309,Non-Demented,0,0,Non-Demented,1,-0.9948121314099801,-1.0988695160041106,-5.130469397026889,-1.3367761582545643
OASIS_1,LinearSVM,13,test,rotation__moderate,rotation,moderate,D:\OASIS_1\distortions_32\rotation\moderate\Non_Demented\OAS1_0323\OAS1_0323_slice_01_z038.png,Non_Demented/OAS1_0323/OAS1_0323_slice_01_z038.png,Non-Demented/OAS1_0323/OAS1_0323_slice_01_z038.png,OAS1_0323,Non-Demented,0,0,Non-Demented,1,3.9062375638983857,-2.6123849009144515,-5.193225773702229,-1.4658099835667422
OASIS_1,LinearSVM,13,test,rotation__moderate,rotation,moderate,D:\OASIS_1\distortions_32\rotation\moderate\Non_Demented\OAS1_0323\OAS1_0323_slice_02_z041.png,Non_Demented/OAS1_0323/OAS1_0323_slice_02_z041.png,Non-Demented/OAS1_0323/OAS1_0323_slice_02_z041.png,OAS1_0323,Non-Demented,0,0,Non-Demented,1,2.576936905070001,-1.3114755384821595,-3.9048333757897424,-1.3913099815083514
OASIS_1,LinearSVM,13,test,rotation__moderate,rotation,moderate,D:\OASIS_1\distortions_32\rotation\moderate\Non_Demented\OAS1_0323\OAS1_0323_slice_03_z043.png,Non_Demented/OAS1_0323/OAS1_0323_slice_03_z043.png,Non-Demented/OAS1_0323/OAS1_0323_slice_03_z043.png,OAS1_0323,Non-Demented,0,0,Non-Demented,1,0.7572727198817463,-0.9630050323739345,-1.939804565083299,-1.4300616281013123
OASIS_1,LinearSVM,13,test,rotation__moderate,rotation,moderate,D:\OASIS_1\distortions_32\rotation\moderate\Non_Demented\OAS1_0323\OAS1_0323_slice_04_z046.png,Non_Demented/OAS1_0323/OAS1_0323_slice_04_z046.png,Non-Demented/OAS1_0323/OAS1_0323_slice_04_z046.png,OAS1_0323,Non-Demented,0,0,Non-Demented,1,3.3269517760928617,-1.7524421164025341,-4.016309338735708,-1.3025262351350564
OASIS_1,LinearSVM,13,test,rotation__moderate,rotation,moderate,D:\OASIS_1\distortions_32\rotation\moderate\Non_Demented\OAS1_0323\OAS1_0323_slice_05_z049.png,Non_Demented/OAS1_0323/OAS1_0323_slice_05_z049.png,Non-Demented/OAS1_0323/OAS1_0323_slice_05_z049.png,OAS1_0323,Non-Demented,0,0,Non-Demented,1,4.858341369490419,-4.026600850700246,-3.0336258775996923,-1.6467268060209155
OASIS_1,LinearSVM,13,test,rotation__moderate,rotation,moderate,D:\OASIS_1\distortions_32\rotation\moderate\Non_Demented\OAS1_0323\OAS1_0323_slice_06_z051.png,Non_Demented/OAS1_0323/OAS1_0323_slice_06_z051.png,Non-Demented/OAS1_0323/OAS1_0323_slice_06_z051.png,OAS1_0323,Non-Demented,0,0,Non-Demented,1,4.504938852192252,0.7555448083433949,-5.706899089720318,-1.3205267075322884
OASIS_1,LinearSVM,13,test,rotation__moderate,rotation,moderate,D:\OASIS_1\distortions_32\rotation\moderate\Non_Demented\OAS1_0323\OAS1_0323_slice_07_z054.png,Non_Demented/OAS1_0323/OAS1_0323_slice_07_z054.png,Non-Demented/OAS1_0323/OAS1_0323_slice_07_z054.png,OAS1_0323,Non-Demented,0,0,Non-Demented,1,1.651639467968978,0.6080859333053197,-5.61954391112031,-1.2965073266509006
OASIS_1,LinearSVM,13,test,rotation__moderate,rotation,moderate,D:\OASIS_1\distortions_32\rotation\moderate\Non_Demented\OAS1_0323\OAS1_0323_slice_08_z057.png,Non_Demented/OAS1_0323/OAS1_0323_slice_08_z057.png,Non-Demented/OAS1_0323/OAS1_0323_slice_08_z057.png,OAS1_0323,Non-Demented,0,0,Non-Demented,1,2.9913734730783923,-1.3973078440706288,-6.332100825129801,-1.060565477042266
OASIS_1,LinearSVM,13,test,rotation__moderate,rotation,moderate,D:\OASIS_1\distortions_32\rotation\moderate\Non_Demented\OAS1_0323\OAS1_0323_slice_09_z059.png,Non_Demented/OAS1_0323/OAS1_0323_slice_09_z059.png,Non-Demented/OAS1_0323/OAS1_0323_slice_09_z059.png,OAS1_0323,Non-Demented,0,0,Non-Demented,1,1.6296250894216606,-1.4079829618114372,-3.6526634664731565,-1.3285611539616728
OASIS_1,LinearSVM,13,test,rotation__moderate,rotation,moderate,D:\OASIS_1\distortions_32\rotation\moderate\Non_Demented\OAS1_0323\OAS1_0323_slice_10_z062.png,Non_Demented/OAS1_0323/OAS1_0323_slice_10_z062.png,Non-Demented/OAS1_0323/OAS1_0323_slice_10_z062.png,OAS1_0323,Non-Demented,0,0,Non-Demented,1,0.8211734571755814,-1.8844657633689001,-2.9334220936803965,-1.4138357696533626
OASIS_1,LinearSVM,13,test,rotation__moderate,rotation,moderate,D:\OASIS_1\distortions_32\rotation\moderate\Non_Demented\OAS1_0323\OAS1_0323_slice_11_z065.png,Non_Demented/OAS1_0323/OAS1_0323_slice_11_z065.png,Non-Demented/OAS1_0323/OAS1_0323_slice_11_z065.png,OAS1_0323,Non-Demented,0,0,Non-Demented,1,3.141702297182733,-1.3570865616485634,-7.156152993145448,-0.9546310753147351
OASIS_1,LinearSVM,13,test,rotation__moderate,rotation,moderate,D:\OASIS_1\distortions_32\rotation\moderate\Non_Demented\OAS1_0323\OAS1_0323_slice_12_z068.png,Non_Demented/OAS1_0323/OAS1_0323_slice_12_z068.png,Non-Demented/OAS1_0323/OAS1_0323_slice_12_z068.png,OAS1_0323,Non-Demented,0,0,Non-Demented,1,5.04634646111879,-2.403440546197412,-5.580587633566356,-0.9458023063357868
OASIS_1,LinearSVM,13,test,rotation__moderate,rotation,moderate,D:\OASIS_1\distortions_32\rotation\moderate\Non_Demented\OAS1_0323\OAS1_0323_slice_13_z070.png,Non_Demented/OAS1_0323/OAS1_0323_slice_13_z070.png,Non-Demented/OAS1_0323/OAS1_0323_slice_13_z070.png,OAS1_0323,Non-Demented,0,0,Non-Demented,1,4.422797473589819,-2.9212008893533894,-4.127506846156205,-1.4265046374542016
OASIS_1,LinearSVM,13,test,rotation__moderate,rotation,moderate,D:\OASIS_1\distortions_32\rotation\moderate\Non_Demented\OAS1_0323\OAS1_0323_slice_14_z073.png,Non_Demented/OAS1_0323/OAS1_0323_slice_14_z073.png,Non-Demented/OAS1_0323/OAS1_0323_slice_14_z073.png,OAS1_0323,Non-Demented,0,0,Non-Demented,1,5.4052036297173744,-2.2238419319050133,-6.110080654799284,-1.1212691966448618
OASIS_1,LinearSVM,13,test,rotation__moderate,rotation,moderate,D:\OASIS_1\distortions_32\rotation\moderate\Non_Demented\OAS1_0323\OAS1_0323_slice_15_z076.png,Non_Demented/OAS1_0323/OAS1_0323_slice_15_z076.png,Non-Demented/OAS1_0323/OAS1_0323_slice_15_z076.png,OAS1_0323,Non-Demented,0,0,Non-Demented,1,5.563929810506088,-4.8659589581551375,-2.682435868747474,-1.4946652415697694
OASIS_1,LinearSVM,13,test,rotation__moderate,rotation,moderate,D:\OASIS_1\distortions_32\rotation\moderate\Non_Demented\OAS1_0323\OAS1_0323_slice_16_z078.png,Non_Demented/OAS1_0323/OAS1_0323_slice_16_z078.png,Non-Demented/OAS1_0323/OAS1_0323_slice_16_z078.png,OAS1_0323,Non-Demented,0,1,Very Mild Dementia,0,0.5280372374730392,2.9508832525035946,-4.0614694581655595,-1.3426113468782719
OASIS_1,LinearSVM,13,test,rotation__moderate,rotation,moderate,D:\OASIS_1\distortions_32\rotation\moderate\Non_Demented\OAS1_0323\OAS1_0323_slice_17_z081.png,Non_Demented/OAS1_0323/OAS1_0323_slice_17_z081.png,Non-Demented/OAS1_0323/OAS1_0323_slice_17_z081.png,OAS1_0323,Non-Demented,0,0,Non-Demented,1,4.094480034687638,-3.7018502445363564,-2.592975322280042,-1.543723855559095
OASIS_1,LinearSVM,13,test,rotation__moderate,rotation,moderate,D:\OASIS_1\distortions_32\rotation\moderate\Non_Demented\OAS1_0323\OAS1_0323_slice_18_z084.png,Non_Demented/OAS1_0323/OAS1_0323_slice_18_z084.png,Non-Demented/OAS1_0323/OAS1_0323_slice_18_z084.png,OAS1_0323,Non-Demented,0,0,Non-Demented,1,4.062008192508192,-4.044515837798906,-2.2955771094671906,-1.4725115950213998
OASIS_1,LinearSVM,13,test,rotation__moderate,rotation,moderate,D:\OASIS_1\distortions_32\rotation\moderate\Non_Demented\OAS1_0323\OAS1_0323_slice_19_z086.png,Non_Demented/OAS1_0323/OAS1_0323_slice_19_z086.png,Non-Demented/OAS1_0323/OAS1_0323_slice_19_z086.png,OAS1_0323,Non-Demented,0,0,Non-Demented,1,5.038458659843018,-5.806309851945542,-3.513913606419762,-1.5616387632203685
OASIS_1,LinearSVM,13,test,rotation__moderate,rotation,moderate,D:\OASIS_1\distortions_32\rotation\moderate\Non_Demented\OAS1_0323\OAS1_0323_slice_20_z089.png,Non_Demented/OAS1_0323/OAS1_0323_slice_20_z089.png,Non-Demented/OAS1_0323/OAS1_0323_slice_20_z089.png,OAS1_0323,Non-Demented,0,0,Non-Demented,1,2.4373428050726282,1.275487272087974,-3.9571421206662607,-1.1904639180940493
OASIS_1,LinearSVM,13,test,rotation__moderate,rotation,moderate,D:\OASIS_1\distortions_32\rotation\moderate\Non_Demented\OAS1_0343\OAS1_0343_slice_01_z038.png,Non_Demented/OAS1_0343/OAS1_0343_slice_01_z038.png,Non-Demented/OAS1_0343/OAS1_0343_slice_01_z038.png,OAS1_0343,Non-Demented,0,0,Non-Demented,1,3.707357174146447,-6.510992652330824,-2.6650517165238496,-1.2262140435239801
OASIS_1,LinearSVM,13,test,rotation__moderate,rotation,moderate,D:\OASIS_1\distortions_32\rotation\moderate\Non_Demented\OAS1_0343\OAS1_0343_slice_02_z041.png,Non_Demented/OAS1_0343/OAS1_0343_slice_02_z041.png,Non-Demented/OAS1_0343/OAS1_0343_slice_02_z041.png,OAS1_0343,Non-Demented,0,0,Non-Demented,1,1.9533260630818572,-3.868243601971665,-2.4639940844654884,-1.1476308712681158
OASIS_1,LinearSVM,13,test,rotation__moderate,rotation,moderate,D:\OASIS_1\distortions_32\rotation\moderate\Non_Demented\OAS1_0343\OAS1_0343_slice_03_z043.png,Non_Demented/OAS1_0343/OAS1_0343_slice_03_z043.png,Non-Demented/OAS1_0343/OAS1_0343_slice_03_z043.png,OAS1_0343,Non-Demented,0,0,Non-Demented,1,7.098896250074125,-4.764327600509347,-4.650492539976015,-0.9597606632551058
OASIS_1,LinearSVM,13,test,rotation__moderate,rotation,moderate,D:\OASIS_1\distortions_32\rotation\moderate\Non_Demented\OAS1_0343\OAS1_0343_slice_04_z046.png,Non_Demented/OAS1_0343/OAS1_0343_slice_04_z046.png,Non-Demented/OAS1_0343/OAS1_0343_slice_04_z046.png,OAS1_0343,Non-Demented,0,0,Non-Demented,1,5.95778839455916,-2.668030502247971,-5.485223861772219,-1.0515200194903713
OASIS_1,LinearSVM,13,test,rotation__moderate,rotation,moderate,D:\OASIS_1\distortions_32\rotation\moderate\Non_Demented\OAS1_0343\OAS1_0343_slice_05_z049.png,Non_Demented/OAS1_0343/OAS1_0343_slice_05_z049.png,Non-Demented/OAS1_0343/OAS1_0343_slice_05_z049.png,OAS1_0343,Non-Demented,0,1,Very Mild Dementia,0,-4.097075898014445,6.031098118825373,-4.409302286583524,-0.8996380276569381
OASIS_1,LinearSVM,13,test,rotation__moderate,rotation,moderate,D:\OASIS_1\distortions_32\rotation\moderate\Non_Demented\OAS1_0343\OAS1_0343_slice_06_z051.png,Non_Demented/OAS1_0343/OAS1_0343_slice_06_z051.png,Non-Demented/OAS1_0343/OAS1_0343_slice_06_z051.png,OAS1_0343,Non-Demented,0,1,Very Mild Dementia,0,-3.214340452652878,4.151956250995008,-3.4735337662063817,-0.937346120240151
OASIS_1,LinearSVM,13,test,rotation__moderate,rotation,moderate,D:\OASIS_1\distortions_32\rotation\moderate\Non_Demented\OAS1_0343\OAS1_0343_slice_07_z054.png,Non_Demented/OAS1_0343/OAS1_0343_slice_07_z054.png,Non-Demented/OAS1_0343/OAS1_0343_slice_07_z054.png,OAS1_0343,Non-Demented,0,1,Very Mild Dementia,0,-6.208073712028722,4.270912482375033,-1.7838336593660307,-0.9471939749139835
OASIS_1,LinearSVM,13,test,rotation__moderate,rotation,moderate,D:\OASIS_1\distortions_32\rotation\moderate\Non_Demented\OAS1_0343\OAS1_0343_slice_08_z057.png,Non_Demented/OAS1_0343/OAS1_0343_slice_08_z057.png,Non-Demented/OAS1_0343/OAS1_0343_slice_08_z057.png,OAS1_0343,Non-Demented,0,1,Very Mild Dementia,0,1.2231941390370977,2.349806682850812,-6.014718823635295,-1.159743343977383
OASIS_1,LinearSVM,13,test,rotation__moderate,rotation,moderate,D:\OASIS_1\distortions_32\rotation\moderate\Non_Demented\OAS1_0343\OAS1_0343_slice_09_z059.png,Non_Demented/OAS1_0343/OAS1_0343_slice_09_z059.png,Non-Demented/OAS1_0343/OAS1_0343_slice_09_z059.png,OAS1_0343,Non-Demented,0,1,Very Mild Dementia,0,-0.2705747122214802,3.3198235999916528,-6.034414236856561,-1.1508217137909538
OASIS_1,LinearSVM,13,test,rotation__moderate,rotation,moderate,D:\OASIS_1\distortions_32\rotation\moderate\Non_Demented\OAS1_0343\OAS1_0343_slice_10_z062.png,Non_Demented/OAS1_0343/OAS1_0343_slice_10_z062.png,Non-Demented/OAS1_0343/OAS1_0343_slice_10_z062.png,OAS1_0343,Non-Demented,0,1,Very Mild Dementia,0,-2.999227687673999,4.658449194518607,-5.430649853373447,-1.1513652304314252
OASIS_1,LinearSVM,13,test,rotation__moderate,rotation,moderate,D:\OASIS_1\distortions_32\rotation\moderate\Non_Demented\OAS1_0343\OAS1_0343_slice_11_z065.png,Non_Demented/OAS1_0343/OAS1_0343_slice_11_z065.png,Non-Demented/OAS1_0343/OAS1_0343_slice_11_z065.png,OAS1_0343,Non-Demented,0,1,Very Mild Dementia,0,-8.612270618404125,3.860008283884224,-0.2348900779844456,-1.3792079687768592
OASIS_1,LinearSVM,13,test,rotation__moderate,rotation,moderate,D:\OASIS_1\distortions_32\rotation\moderate\Non_Demented\OAS1_0343\OAS1_0343_slice_12_z068.png,Non_Demented/OAS1_0343/OAS1_0343_slice_12_z068.png,Non-Demented/OAS1_0343/OAS1_0343_slice_12_z068.png,OAS1_0343,Non-Demented,0,1,Very Mild Dementia,0,-6.9147169306864145,4.126809249862015,-1.908488590065975,-1.5484881713636771
OASIS_1,LinearSVM,13,test,rotation__moderate,rotation,moderate,D:\OASIS_1\distortions_32\rotation\moderate\Non_Demented\OAS1_0343\OAS1_0343_slice_13_z070.png,Non_Demented/OAS1_0343/OAS1_0343_slice_13_z070.png,Non-Demented/OAS1_0343/OAS1_0343_slice_13_z070.png,OAS1_0343,Non-Demented,0,1,Very Mild Dementia,0,1.1274465649287002,2.7532507857683783,-6.106233140746568,-1.321619224210241
OASIS_1,LinearSVM,13,test,rotation__moderate,rotation,moderate,D:\OASIS_1\distortions_32\rotation\moderate\Non_Demented\OAS1_0343\OAS1_0343_slice_14_z073.png,Non_Demented/OAS1_0343/OAS1_0343_slice_14_z073.png,Non-Demented/OAS1_0343/OAS1_0343_slice_14_z073.png,OAS1_0343,Non-Demented,0,1,Very Mild Dementia,0,-0.28461294169343787,3.2240572276702273,-6.800511604974951,-1.2045827662176212
OASIS_1,LinearSVM,13,test,rotation__moderate,rotation,moderate,D:\OASIS_1\distortions_32\rotation\moderate\Non_Demented\OAS1_0343\OAS1_0343_slice_15_z076.png,Non_Demented/OAS1_0343/OAS1_0343_slice_15_z076.png,Non-Demented/OAS1_0343/OAS1_0343_slice_15_z076.png,OAS1_0343,Non-Demented,0,1,Very Mild Dementia,0,-2.7457196183027284,4.641673021858523,-2.901921842665108,-1.1730603205203989
OASIS_1,LinearSVM,13,test,rotation__moderate,rotation,moderate,D:\OASIS_1\distortions_32\rotation\moderate\Non_Demented\OAS1_0343\OAS1_0343_slice_16_z078.png,Non_Demented/OAS1_0343/OAS1_0343_slice_16_z078.png,Non-Demented/OAS1_0343/OAS1_0343_slice_16_z078.png,OAS1_0343,Non-Demented,0,1,Very Mild Dementia,0,-4.429930820071124,6.915185972667869,-3.6437714802661767,-1.169803953433441
OASIS_1,LinearSVM,13,test,rotation__moderate,rotation,moderate,D:\OASIS_1\distortions_32\rotation\moderate\Non_Demented\OAS1_0343\OAS1_0343_slice_17_z081.png,Non_Demented/OAS1_0343/OAS1_0343_slice_17_z081.png,Non-Demented/OAS1_0343/OAS1_0343_slice_17_z081.png,OAS1_0343,Non-Demented,0,1,Very Mild Dementia,0,-1.7141265111768758,7.213277116946738,-3.979511346584764,-0.8864069427910537
OASIS_1,LinearSVM,13,test,rotation__moderate,rotation,moderate,D:\OASIS_1\distortions_32\rotation\moderate\Non_Demented\OAS1_0343\OAS1_0343_slice_18_z084.png,Non_Demented/OAS1_0343/OAS1_0343_slice_18_z084.png,Non-Demented/OAS1_0343/OAS1_0343_slice_18_z084.png,OAS1_0343,Non-Demented,0,1,Very Mild Dementia,0,-1.5810822829622597,4.07332653828038,-3.908160370122604,-0.8701148335553448
OASIS_1,LinearSVM,13,test,rotation__moderate,rotation,moderate,D:\OASIS_1\distortions_32\rotation\moderate\Non_Demented\OAS1_0343\OAS1_0343_slice_19_z086.png,Non_Demented/OAS1_0343/OAS1_0343_slice_19_z086.png,Non-Demented/OAS1_0343/OAS1_0343_slice_19_z086.png,OAS1_0343,Non-Demented,0,1,Very Mild Dementia,0,-0.45777599084660847,2.280019377459285,-4.786128638665213,-0.9160583015568182
OASIS_1,LinearSVM,13,test,rotation__moderate,rotation,moderate,D:\OASIS_1\distortions_32\rotation\moderate\Non_Demented\OAS1_0343\OAS1_0343_slice_20_z089.png,Non_Demented/OAS1_0343/OAS1_0343_slice_20_z089.png,Non-Demented/OAS1_0343/OAS1_0343_slice_20_z089.png,OAS1_0343,Non-Demented,0,0,Non-Demented,1,1.66150872767034,-1.6856982557565445,-4.212099838669747,-1.1287813790113326
OASIS_1,LinearSVM,13,test,rotation__moderate,rotation,moderate,D:\OASIS_1\distortions_32\rotation\moderate\Non_Demented\OAS1_0367\OAS1_0367_slice_01_z038.png,Non_Demented/OAS1_0367/OAS1_0367_slice_01_z038.png,Non-Demented/OAS1_0367/OAS1_0367_slice_01_z038.png,OAS1_0367,Non-Demented,0,0,Non-Demented,1,1.3659102139150177,0.8717210412851388,-2.4701063382928914,-1.1282074301666691
OASIS_1,LinearSVM,13,test,rotation__moderate,rotation,moderate,D:\OASIS_1\distortions_32\rotation\moderate\Non_Demented\OAS1_0367\OAS1_0367_slice_02_z041.png,Non_Demented/OAS1_0367/OAS1_0367_slice_02_z041.png,Non-Demented/OAS1_0367/OAS1_0367_slice_02_z041.png,OAS1_0367,Non-Demented,0,0,Non-Demented,1,2.5593356504604747,0.6954084202585453,-3.4947529462332714,-1.2127480310166954
OASIS_1,LinearSVM,13,test,rotation__moderate,rotation,moderate,D:\OASIS_1\distortions_32\rotation\moderate\Non_Demented\OAS1_0367\OAS1_0367_slice_03_z043.png,Non_Demented/OAS1_0367/OAS1_0367_slice_03_z043.png,Non-Demented/OAS1_0367/OAS1_0367_slice_03_z043.png,OAS1_0367,Non-Demented,0,0,Non-Demented,1,3.61566574913223,2.1741876192458514,-6.5063766325783154,-1.1915912197416734
OASIS_1,LinearSVM,13,test,rotation__moderate,rotation,moderate,D:\OASIS_1\distortions_32\rotation\moderate\Non_Demented\OAS1_0367\OAS1_0367_slice_04_z046.png,Non_Demented/OAS1_0367/OAS1_0367_slice_04_z046.png,Non-Demented/OAS1_0367/OAS1_0367_slice_04_z046.png,OAS1_0367,Non-Demented,0,0,Non-Demented,1,3.1748937354481397,-4.550630666406462,-3.9283956752110996,-1.0409228111487787
OASIS_1,LinearSVM,13,test,rotation__moderate,rotation,moderate,D:\OASIS_1\distortions_32\rotation\moderate\Non_Demented\OAS1_0367\OAS1_0367_slice_05_z049.png,Non_Demented/OAS1_0367/OAS1_0367_slice_05_z049.png,Non-Demented/OAS1_0367/OAS1_0367_slice_05_z049.png,OAS1_0367,Non-Demented,0,0,Non-Demented,1,2.974206826764862,0.2940611690078394,-6.612365086677982,-1.2375628059496429
OASIS_1,LinearSVM,13,test,rotation__moderate,rotation,moderate,D:\OASIS_1\distortions_32\rotation\moderate\Non_Demented\OAS1_0367\OAS1_0367_slice_06_z051.png,Non_Demented/OAS1_0367/OAS1_0367_slice_06_z051.png,Non-Demented/OAS1_0367/OAS1_0367_slice_06_z051.png,OAS1_0367,Non-Demented,0,0,Non-Demented,1,4.499531420596853,-1.5398202647556718,-5.52478121790267,-1.2004744049989522
OASIS_1,LinearSVM,13,test,rotation__moderate,rotation,moderate,D:\OASIS_1\distortions_32\rotation\moderate\Non_Demented\OAS1_0367\OAS1_0367_slice_07_z054.png,Non_Demented/OAS1_0367/OAS1_0367_slice_07_z054.png,Non-Demented/OAS1_0367/OAS1_0367_slice_07_z054.png,OAS1_0367,Non-Demented,0,1,Very Mild Dementia,0,0.5009925832566825,1.1808976702732363,-3.8343427950816067,-1.152873460164139
OASIS_1,LinearSVM,13,test,rotation__moderate,rotation,moderate,D:\OASIS_1\distortions_32\rotation\moderate\Non_Demented\OAS1_0367\OAS1_0367_slice_08_z057.png,Non_Demented/OAS1_0367/OAS1_0367_slice_08_z057.png,Non-Demented/OAS1_0367/OAS1_0367_slice_08_z057.png,OAS1_0367,Non-Demented,0,1,Very Mild Dementia,0,1.4841560915888383,1.7870680909782943,-4.469331668331391,-1.105848615790861
OASIS_1,LinearSVM,13,test,rotation__moderate,rotation,moderate,D:\OASIS_1\distortions_32\rotation\moderate\Non_Demented\OAS1_0367\OAS1_0367_slice_09_z059.png,Non_Demented/OAS1_0367/OAS1_0367_slice_09_z059.png,Non-Demented/OAS1_0367/OAS1_0367_slice_09_z059.png,OAS1_0367,Non-Demented,0,0,Non-Demented,1,5.115701353267055,-5.205270315691822,-5.422014973564917,-1.1390579356000121
OASIS_1,LinearSVM,13,test,rotation__moderate,rotation,moderate,D:\OASIS_1\distortions_32\rotation\moderate\Non_Demented\OAS1_0367\OAS1_0367_slice_10_z062.png,Non_Demented/OAS1_0367/OAS1_0367_slice_10_z062.png,Non-Demented/OAS1_0367/OAS1_0367_slice_10_z062.png,OAS1_0367,Non-Demented,0,1,Very Mild Dementia,0,-2.9544002643996,4.092057750714181,-3.4492032016368914,-1.0910271759145682
OASIS_1,LinearSVM,13,test,rotation__moderate,rotation,moderate,D:\OASIS_1\distortions_32\rotation\moderate\Non_Demented\OAS1_0367\OAS1_0367_slice_11_z065.png,Non_Demented/OAS1_0367/OAS1_0367_slice_11_z065.png,Non-Demented/OAS1_0367/OAS1_0367_slice_11_z065.png,OAS1_0367,Non-Demented,0,1,Very Mild Dementia,0,-2.641466568548436,5.362208763605723,-3.9294622820607064,-1.0454036980967691
OASIS_1,LinearSVM,13,test,rotation__moderate,rotation,moderate,D:\OASIS_1\distortions_32\rotation\moderate\Non_Demented\OAS1_0367\OAS1_0367_slice_12_z068.png,Non_Demented/OAS1_0367/OAS1_0367_slice_12_z068.png,Non-Demented/OAS1_0367/OAS1_0367_slice_12_z068.png,OAS1_0367,Non-Demented,0,0,Non-Demented,1,2.736481485310372,-4.684629936151783,-4.079300565820224,-1.1800889326921946
OASIS_1,LinearSVM,13,test,rotation__moderate,rotation,moderate,D:\OASIS_1\distortions_32\rotation\moderate\Non_Demented\OAS1_0367\OAS1_0367_slice_13_z070.png,Non_Demented/OAS1_0367/OAS1_0367_slice_13_z070.png,Non-Demented/OAS1_0367/OAS1_0367_slice_13_z070.png,OAS1_0367,Non-Demented,0,0,Non-Demented,1,5.631126666190587,-4.260267578099392,-5.66066372995293,-1.1964299319525313
OASIS_1,LinearSVM,13,test,rotation__moderate,rotation,moderate,D:\OASIS_1\distortions_32\rotation\moderate\Non_Demented\OAS1_0367\OAS1_0367_slice_14_z073.png,Non_Demented/OAS1_0367/OAS1_0367_slice_14_z073.png,Non-Demented/OAS1_0367/OAS1_0367_slice_14_z073.png,OAS1_0367,Non-Demented,0,0,Non-Demented,1,6.861540604090815,-5.966478821452117,-4.9754617833899175,-1.2394274134853198
OASIS_1,LinearSVM,13,test,rotation__moderate,rotation,moderate,D:\OASIS_1\distortions_32\rotation\moderate\Non_Demented\OAS1_0367\OAS1_0367_slice_15_z076.png,Non_Demented/OAS1_0367/OAS1_0367_slice_15_z076.png,Non-Demented/OAS1_0367/OAS1_0367_slice_15_z076.png,OAS1_0367,Non-Demented,0,0,Non-Demented,1,2.2313106498443194,0.2529967900718373,-4.73885126873445,-1.173305823653699
OASIS_1,LinearSVM,13,test,rotation__moderate,rotation,moderate,D:\OASIS_1\distortions_32\rotation\moderate\Non_Demented\OAS1_0367\OAS1_0367_slice_16_z078.png,Non_Demented/OAS1_0367/OAS1_0367_slice_16_z078.png,Non-Demented/OAS1_0367/OAS1_0367_slice_16_z078.png,OAS1_0367,Non-Demented,0,0,Non-Demented,1,4.351675962181828,-0.9403844077220911,-5.835854265268557,-1.152279978739265
OASIS_1,LinearSVM,13,test,rotation__moderate,rotation,moderate,D:\OASIS_1\distortions_32\rotation\moderate\Non_Demented\OAS1_0367\OAS1_0367_slice_17_z081.png,Non_Demented/OAS1_0367/OAS1_0367_slice_17_z081.png,Non-Demented/OAS1_0367/OAS1_0367_slice_17_z081.png,OAS1_0367,Non-Demented,0,0,Non-Demented,1,2.4946057834089608,0.2932179376716477,-6.2715492914331445,-1.1159722188328614
OASIS_1,LinearSVM,13,test,rotation__moderate,rotation,moderate,D:\OASIS_1\distortions_32\rotation\moderate\Non_Demented\OAS1_0367\OAS1_0367_slice_18_z084.png,Non_Demented/OAS1_0367/OAS1_0367_slice_18_z084.png,Non-Demented/OAS1_0367/OAS1_0367_slice_18_z084.png,OAS1_0367,Non-Demented,0,0,Non-Demented,1,3.0955248448278634,1.4500006780453525,-5.954086950255647,-1.2476746547739754
OASIS_1,LinearSVM,13,test,rotation__moderate,rotation,moderate,D:\OASIS_1\distortions_32\rotation\moderate\Non_Demented\OAS1_0367\OAS1_0367_slice_19_z086.png,Non_Demented/OAS1_0367/OAS1_0367_slice_19_z086.png,Non-Demented/OAS1_0367/OAS1_0367_slice_19_z086.png,OAS1_0367,Non-Demented,0,1,Very Mild Dementia,0,1.7973983880016315,3.2050859530921394,-5.915292695977517,-1.2395733431758154
OASIS_1,LinearSVM,13,test,rotation__moderate,rotation,moderate,D:\OASIS_1\distortions_32\rotation\moderate\Non_Demented\OAS1_0367\OAS1_0367_slice_20_z089.png,Non_Demented/OAS1_0367/OAS1_0367_slice_20_z089.png,Non-Demented/OAS1_0367/OAS1_0367_slice_20_z089.png,OAS1_0367,Non-Demented,0,0,Non-Demented,1,2.0325961696659376,1.8131629146868087,-5.938331602117862,-1.1729107692409022
OASIS_1,LinearSVM,13,test,rotation__moderate,rotation,moderate,D:\OASIS_1\distortions_32\rotation\moderate\Non_Demented\OAS1_0371\OAS1_0371_slice_01_z038.png,Non_Demented/OAS1_0371/OAS1_0371_slice_01_z038.png,Non-Demented/OAS1_0371/OAS1_0371_slice_01_z038.png,OAS1_0371,Non-Demented,0,0,Non-Demented,1,3.838462628034595,-5.595411123781952,-2.787493032274051,-1.370406151905041
OASIS_1,LinearSVM,13,test,rotation__moderate,rotation,moderate,D:\OASIS_1\distortions_32\rotation\moderate\Non_Demented\OAS1_0371\OAS1_0371_slice_02_z041.png,Non_Demented/OAS1_0371/OAS1_0371_slice_02_z041.png,Non-Demented/OAS1_0371/OAS1_0371_slice_02_z041.png,OAS1_0371,Non-Demented,0,1,Very Mild Dementia,0,-1.0745348766881273,-0.6000691237308426,-1.5594686156438289,-1.1865083827420397
OASIS_1,LinearSVM,13,test,rotation__moderate,rotation,moderate,D:\OASIS_1\distortions_32\rotation\moderate\Non_Demented\OAS1_0371\OAS1_0371_slice_03_z043.png,Non_Demented/OAS1_0371/OAS1_0371_slice_03_z043.png,Non-Demented/OAS1_0371/OAS1_0371_slice_03_z043.png,OAS1_0371,Non-Demented,0,0,Non-Demented,1,2.655539565264842,-5.385469008055146,-2.4323192529220803,-1.2599879893622568
OASIS_1,LinearSVM,13,test,rotation__moderate,rotation,moderate,D:\OASIS_1\distortions_32\rotation\moderate\Non_Demented\OAS1_0371\OAS1_0371_slice_04_z046.png,Non_Demented/OAS1_0371/OAS1_0371_slice_04_z046.png,Non-Demented/OAS1_0371/OAS1_0371_slice_04_z046.png,OAS1_0371,Non-Demented,0,0,Non-Demented,1,1.0898898256259306,-4.633333019635598,-0.017427292110065107,-1.1051346690130501
OASIS_1,LinearSVM,13,test,rotation__moderate,rotation,moderate,D:\OASIS_1\distortions_32\rotation\moderate\Non_Demented\OAS1_0371\OAS1_0371_slice_05_z049.png,Non_Demented/OAS1_0371/OAS1_0371_slice_05_z049.png,Non-Demented/OAS1_0371/OAS1_0371_slice_05_z049.png,OAS1_0371,Non-Demented,0,0,Non-Demented,1,6.60248840501142,-6.143865784366815,-5.04612292932469,-1.2267394106416927
OASIS_1,LinearSVM,13,test,rotation__moderate,rotation,moderate,D:\OASIS_1\distortions_32\rotation\moderate\Non_Demented\OAS1_0371\OAS1_0371_slice_06_z051.png,Non_Demented/OAS1_0371/OAS1_0371_slice_06_z051.png,Non-Demented/OAS1_0371/OAS1_0371_slice_06_z051.png,OAS1_0371,Non-Demented,0,0,Non-Demented,1,4.552344005832936,-3.396825421641766,-4.763772760665002,-1.137776415451564
OASIS_1,LinearSVM,13,test,rotation__moderate,rotation,moderate,D:\OASIS_1\distortions_32\rotation\moderate\Non_Demented\OAS1_0371\OAS1_0371_slice_07_z054.png,Non_Demented/OAS1_0371/OAS1_0371_slice_07_z054.png,Non-Demented/OAS1_0371/OAS1_0371_slice_07_z054.png,OAS1_0371,Non-Demented,0,0,Non-Demented,1,3.271568417218674,-5.512217069063772,-0.8414399672071755,-1.1228138776584267
OASIS_1,LinearSVM,13,test,rotation__moderate,rotation,moderate,D:\OASIS_1\distortions_32\rotation\moderate\Non_Demented\OAS1_0371\OAS1_0371_slice_08_z057.png,Non_Demented/OAS1_0371/OAS1_0371_slice_08_z057.png,Non-Demented/OAS1_0371/OAS1_0371_slice_08_z057.png,OAS1_0371,Non-Demented,0,0,Non-Demented,1,2.3882054499750853,-2.1543459224987105,-6.312540503218582,-1.2274860130694132
OASIS_1,LinearSVM,13,test,rotation__moderate,rotation,moderate,D:\OASIS_1\distortions_32\rotation\moderate\Non_Demented\OAS1_0371\OAS1_0371_slice_09_z059.png,Non_Demented/OAS1_0371/OAS1_0371_slice_09_z059.png,Non-Demented/OAS1_0371/OAS1_0371_slice_09_z059.png,OAS1_0371,Non-Demented,0,0,Non-Demented,1,2.038641865177445,-2.937549345395209,-5.8384166208158454,-1.1895315535447415
OASIS_1,LinearSVM,13,test,rotation__moderate,rotation,moderate,D:\OASIS_1\distortions_32\rotation\moderate\Non_Demented\OAS1_0371\OAS1_0371_slice_10_z062.png,Non_Demented/OAS1_0371/OAS1_0371_slice_10_z062.png,Non-Demented/OAS1_0371/OAS1_0371_slice_10_z062.png,OAS1_0371,Non-Demented,0,0,Non-Demented,1,0.916067745615822,-1.3898377801614161,-5.298968175982115,-1.0466025782949542
OASIS_1,LinearSVM,13,test,rotation__moderate,rotation,moderate,D:\OASIS_1\distortions_32\rotation\moderate\Non_Demented\OAS1_0371\OAS1_0371_slice_11_z065.png,Non_Demented/OAS1_0371/OAS1_0371_slice_11_z065.png,Non-Demented/OAS1_0371/OAS1_0371_slice_11_z065.png,OAS1_0371,Non-Demented,0,2,Mild Dementia,0,-0.37522232907539854,-0.9816846152649141,0.2000699639758996,-1.1486120488650151
OASIS_1,LinearSVM,13,test,rotation__moderate,rotation,moderate,D:\OASIS_1\distortions_32\rotation\moderate\Non_Demented\OAS1_0371\OAS1_0371_slice_12_z068.png,Non_Demented/OAS1_0371/OAS1_0371_slice_12_z068.png,Non-Demented/OAS1_0371/OAS1_0371_slice_12_z068.png,OAS1_0371,Non-Demented,0,0,Non-Demented,1,0.14493343208152754,-1.6349947788663415,-5.606735174699709,-1.08436764943198
OASIS_1,LinearSVM,13,test,rotation__moderate,rotation,moderate,D:\OASIS_1\distortions_32\rotation\moderate\Non_Demented\OAS1_0371\OAS1_0371_slice_13_z070.png,Non_Demented/OAS1_0371/OAS1_0371_slice_13_z070.png,Non-Demented/OAS1_0371/OAS1_0371_slice_13_z070.png,OAS1_0371,Non-Demented,0,0,Non-Demented,1,-0.5235546327589277,-2.155914033681312,-4.876826886942163,-1.218057218772935
OASIS_1,LinearSVM,13,test,rotation__moderate,rotation,moderate,D:\OASIS_1\distortions_32\rotation\moderate\Non_Demented\OAS1_0371\OAS1_0371_slice_14_z073.png,Non_Demented/OAS1_0371/OAS1_0371_slice_14_z073.png,Non-Demented/OAS1_0371/OAS1_0371_slice_14_z073.png,OAS1_0371,Non-Demented,0,0,Non-Demented,1,1.0564154835205395,-3.1281090395188276,-4.013345997600011,-1.0509787282639436
OASIS_1,LinearSVM,13,test,rotation__moderate,rotation,moderate,D:\OASIS_1\distortions_32\rotation\moderate\Non_Demented\OAS1_0371\OAS1_0371_slice_15_z076.png,Non_Demented/OAS1_0371/OAS1_0371_slice_15_z076.png,Non-Demented/OAS1_0371/OAS1_0371_slice_15_z076.png,OAS1_0371,Non-Demented,0,0,Non-Demented,1,2.1655419018477073,-4.456536584365802,-0.1651823276657911,-1.1313378732204113
OASIS_1,LinearSVM,13,test,rotation__moderate,rotation,moderate,D:\OASIS_1\distortions_32\rotation\moderate\Non_Demented\OAS1_0371\OAS1_0371_slice_16_z078.png,Non_Demented/OAS1_0371/OAS1_0371_slice_16_z078.png,Non-Demented/OAS1_0371/OAS1_0371_slice_16_z078.png,OAS1_0371,Non-Demented,0,0,Non-Demented,1,5.176051803498874,-6.288093783702555,-4.185335227840941,-1.1020061212082937
OASIS_1,LinearSVM,13,test,rotation__moderate,rotation,moderate,D:\OASIS_1\distortions_32\rotation\moderate\Non_Demented\OAS1_0371\OAS1_0371_slice_17_z081.png,Non_Demented/OAS1_0371/OAS1_0371_slice_17_z081.png,Non-Demented/OAS1_0371/OAS1_0371_slice_17_z081.png,OAS1_0371,Non-Demented,0,0,Non-Demented,1,4.827095025837446,-6.385850504834899,-4.570809030403742,-1.1272343882140856
OASIS_1,LinearSVM,13,test,rotation__moderate,rotation,moderate,D:\OASIS_1\distortions_32\rotation\moderate\Non_Demented\OAS1_0371\OAS1_0371_slice_18_z084.png,Non_Demented/OAS1_0371/OAS1_0371_slice_18_z084.png,Non-Demented/OAS1_0371/OAS1_0371_slice_18_z084.png,OAS1_0371,Non-Demented,0,0,Non-Demented,1,-1.0775060107019265,-2.221278353293925,-1.27482905560325,-1.1969459761998664
OASIS_1,LinearSVM,13,test,rotation__moderate,rotation,moderate,D:\OASIS_1\distortions_32\rotation\moderate\Non_Demented\OAS1_0371\OAS1_0371_slice_19_z086.png,Non_Demented/OAS1_0371/OAS1_0371_slice_19_z086.png,Non-Demented/OAS1_0371/OAS1_0371_slice_19_z086.png,OAS1_0371,Non-Demented,0,1,Very Mild Dementia,0,-3.6328967565133476,0.03072876593907914,-2.248678137464325,-1.245864181977703
OASIS_1,LinearSVM,13,test,rotation__moderate,rotation,moderate,D:\OASIS_1\distortions_32\rotation\moderate\Non_Demented\OAS1_0371\OAS1_0371_slice_20_z089.png,Non_Demented/OAS1_0371/OAS1_0371_slice_20_z089.png,Non-Demented/OAS1_0371/OAS1_0371_slice_20_z089.png,OAS1_0371,Non-Demented,0,1,Very Mild Dementia,0,-6.744827468846085,2.382806632432844,-0.8593637204838904,-1.2755994480633488
OASIS_1,LinearSVM,13,test,rotation__moderate,rotation,moderate,D:\OASIS_1\distortions_32\rotation\moderate\Non_Demented\OAS1_0381\OAS1_0381_slice_01_z038.png,Non_Demented/OAS1_0381/OAS1_0381_slice_01_z038.png,Non-Demented/OAS1_0381/OAS1_0381_slice_01_z038.png,OAS1_0381,Non-Demented,0,1,Very Mild Dementia,0,-8.87856009008707,6.03209807126516,-6.002852508088246,-1.2644135320567416
OASIS_1,LinearSVM,13,test,rotation__moderate,rotation,moderate,D:\OASIS_1\distortions_32\rotation\moderate\Non_Demented\OAS1_0381\OAS1_0381_slice_02_z041.png,Non_Demented/OAS1_0381/OAS1_0381_slice_02_z041.png,Non-Demented/OAS1_0381/OAS1_0381_slice_02_z041.png,OAS1_0381,Non-Demented,0,1,Very Mild Dementia,0,-14.642610808214467,10.236291547243535,-4.0190983287346045,-1.6376346683872978
OASIS_1,LinearSVM,13,test,rotation__moderate,rotation,moderate,D:\OASIS_1\distortions_32\rotation\moderate\Non_Demented\OAS1_0381\OAS1_0381_slice_03_z043.png,Non_Demented/OAS1_0381/OAS1_0381_slice_03_z043.png,Non-Demented/OAS1_0381/OAS1_0381_slice_03_z043.png,OAS1_0381,Non-Demented,0,2,Mild Dementia,0,5.595932733387936,-21.755808886715347,6.842319109336287,-2.1307159968281932
OASIS_1,LinearSVM,13,test,rotation__moderate,rotation,moderate,D:\OASIS_1\distortions_32\rotation\moderate\Non_Demented\OAS1_0381\OAS1_0381_slice_04_z046.png,Non_Demented/OAS1_0381/OAS1_0381_slice_04_z046.png,Non-Demented/OAS1_0381/OAS1_0381_slice_04_z046.png,OAS1_0381,Non-Demented,0,0,Non-Demented,1,8.222021481699606,-13.728333524418055,7.555515851441156,-2.62902438813032
OASIS_1,LinearSVM,13,test,rotation__moderate,rotation,moderate,D:\OASIS_1\distortions_32\rotation\moderate\Non_Demented\OAS1_0381\OAS1_0381_slice_05_z049.png,Non_Demented/OAS1_0381/OAS1_0381_slice_05_z049.png,Non-Demented/OAS1_0381/OAS1_0381_slice_05_z049.png,OAS1_0381,Non-Demented,0,0,Non-Demented,1,9.604791097093454,-10.90368512713518,6.841140348532768,-2.772631263360893
OASIS_1,LinearSVM,13,test,rotation__moderate,rotation,moderate,D:\OASIS_1\distortions_32\rotation\moderate\Non_Demented\OAS1_0381\OAS1_0381_slice_06_z051.png,Non_Demented/OAS1_0381/OAS1_0381_slice_06_z051.png,Non-Demented/OAS1_0381/OAS1_0381_slice_06_z051.png,OAS1_0381,Non-Demented,0,2,Mild Dementia,0,5.098697153436732,-8.22936433536545,8.502635502811195,-2.7613263821800924
OASIS_1,LinearSVM,13,test,rotation__moderate,rotation,moderate,D:\OASIS_1\distortions_32\rotation\moderate\Non_Demented\OAS1_0381\OAS1_0381_slice_07_z054.png,Non_Demented/OAS1_0381/OAS1_0381_slice_07_z054.png,Non-Demented/OAS1_0381/OAS1_0381_slice_07_z054.png,OAS1_0381,Non-Demented,0,2,Mild Dementia,0,3.2439421727520967,-5.1045289333761374,8.448271248838878,-2.7080823816179516
OASIS_1,LinearSVM,13,test,rotation__moderate,rotation,moderate,D:\OASIS_1\distortions_32\rotation\moderate\Non_Demented\OAS1_0381\OAS1_0381_slice_08_z057.png,Non_Demented/OAS1_0381/OAS1_0381_slice_08_z057.png,Non-Demented/OAS1_0381/OAS1_0381_slice_08_z057.png,OAS1_0381,Non-Demented,0,0,Non-Demented,1,8.596707000755803,-10.092580921194806,0.9108287720257628,-3.3126608981065147
OASIS_1,LinearSVM,13,test,rotation__moderate,rotation,moderate,D:\OASIS_1\distortions_32\rotation\moderate\Non_Demented\OAS1_0381\OAS1_0381_slice_09_z059.png,Non_Demented/OAS1_0381/OAS1_0381_slice_09_z059.png,Non-Demented/OAS1_0381/OAS1_0381_slice_09_z059.png,OAS1_0381,Non-Demented,0,0,Non-Demented,1,12.35662332251308,-13.756308227167757,0.9388001891199238,-3.298703730481338
OASIS_1,LinearSVM,13,test,rotation__moderate,rotation,moderate,D:\OASIS_1\distortions_32\rotation\moderate\Non_Demented\OAS1_0381\OAS1_0381_slice_10_z062.png,Non_Demented/OAS1_0381/OAS1_0381_slice_10_z062.png,Non-Demented/OAS1_0381/OAS1_0381_slice_10_z062.png,OAS1_0381,Non-Demented,0,0,Non-Demented,1,14.518690561131567,-16.775316148614504,0.31038866305263824,-3.4231730631899926
OASIS_1,LinearSVM,13,test,rotation__moderate,rotation,moderate,D:\OASIS_1\distortions_32\rotation\moderate\Non_Demented\OAS1_0381\OAS1_0381_slice_11_z065.png,Non_Demented/OAS1_0381/OAS1_0381_slice_11_z065.png,Non-Demented/OAS1_0381/OAS1_0381_slice_11_z065.png,OAS1_0381,Non-Demented,0,0,Non-Demented,1,14.60040686488839,-12.053287656512289,-2.316276761430821,-3.395516520186999
OASIS_1,LinearSVM,13,test,rotation__moderate,rotation,moderate,D:\OASIS_1\distortions_32\rotation\moderate\Non_Demented\OAS1_0381\OAS1_0381_slice_12_z068.png,Non_Demented/OAS1_0381/OAS1_0381_slice_12_z068.png,Non-Demented/OAS1_0381/OAS1_0381_slice_12_z068.png,OAS1_0381,Non-Demented,0,0,Non-Demented,1,6.180835137379012,-7.327636120588528,-0.030658315596715724,-3.342738816702344
OASIS_1,LinearSVM,13,test,rotation__moderate,rotation,moderate,D:\OASIS_1\distortions_32\rotation\moderate\Non_Demented\OAS1_0381\OAS1_0381_slice_13_z070.png,Non_Demented/OAS1_0381/OAS1_0381_slice_13_z070.png,Non-Demented/OAS1_0381/OAS1_0381_slice_13_z070.png,OAS1_0381,Non-Demented,0,2,Mild Dementia,0,5.631079456608895,-5.794185364716828,8.027326214529706,-3.223380820324013
OASIS_1,LinearSVM,13,test,rotation__moderate,rotation,moderate,D:\OASIS_1\distortions_32\rotation\moderate\Non_Demented\OAS1_0381\OAS1_0381_slice_14_z073.png,Non_Demented/OAS1_0381/OAS1_0381_slice_14_z073.png,Non-Demented/OAS1_0381/OAS1_0381_slice_14_z073.png,OAS1_0381,Non-Demented,0,1,Very Mild Dementia,0,-6.517716641916571,5.882905495929968,0.22301575603080437,-3.165145610811523
OASIS_1,LinearSVM,13,test,rotation__moderate,rotation,moderate,D:\OASIS_1\distortions_32\rotation\moderate\Non_Demented\OAS1_0381\OAS1_0381_slice_15_z076.png,Non_Demented/OAS1_0381/OAS1_0381_slice_15_z076.png,Non-Demented/OAS1_0381/OAS1_0381_slice_15_z076.png,OAS1_0381,Non-Demented,0,2,Mild Dementia,0,5.511407976783743,-9.925676534642086,6.606026826591231,-2.5311923018402163
OASIS_1,LinearSVM,13,test,rotation__moderate,rotation,moderate,D:\OASIS_1\distortions_32\rotation\moderate\Non_Demented\OAS1_0381\OAS1_0381_slice_16_z078.png,Non_Demented/OAS1_0381/OAS1_0381_slice_16_z078.png,Non-Demented/OAS1_0381/OAS1_0381_slice_16_z078.png,OAS1_0381,Non-Demented,0,1,Very Mild Dementia,0,-12.045528800453077,14.681811096059917,-2.857342919796393,-2.6936647512654273
OASIS_1,LinearSVM,13,test,rotation__moderate,rotation,moderate,D:\OASIS_1\distortions_32\rotation\moderate\Non_Demented\OAS1_0381\OAS1_0381_slice_17_z081.png,Non_Demented/OAS1_0381/OAS1_0381_slice_17_z081.png,Non-Demented/OAS1_0381/OAS1_0381_slice_17_z081.png,OAS1_0381,Non-Demented,0,0,Non-Demented,1,4.276657083126357,-10.302706522318601,3.5371546887301717,-2.1914752924094554
OASIS_1,LinearSVM,13,test,rotation__moderate,rotation,moderate,D:\OASIS_1\distortions_32\rotation\moderate\Non_Demented\OAS1_0381\OAS1_0381_slice_18_z084.png,Non_Demented/OAS1_0381/OAS1_0381_slice_18_z084.png,Non-Demented/OAS1_0381/OAS1_0381_slice_18_z084.png,OAS1_0381,Non-Demented,0,2,Mild Dementia,0,1.2970064298764648,-14.219711327102909,5.0500924628275605,-1.9434856469128161
OASIS_1,LinearSVM,13,test,rotation__moderate,rotation,moderate,D:\OASIS_1\distortions_32\rotation\moderate\Non_Demented\OAS1_0381\OAS1_0381_slice_19_z086.png,Non_Demented/OAS1_0381/OAS1_0381_slice_19_z086.png,Non-Demented/OAS1_0381/OAS1_0381_slice_19_z086.png,OAS1_0381,Non-Demented,0,1,Very Mild Dementia,0,-11.658054465424655,10.97714586047005,-4.782647907628161,-1.5528210828538689
OASIS_1,LinearSVM,13,test,rotation__moderate,rotation,moderate,D:\OASIS_1\distortions_32\rotation\moderate\Non_Demented\OAS1_0381\OAS1_0381_slice_20_z089.png,Non_Demented/OAS1_0381/OAS1_0381_slice_20_z089.png,Non-Demented/OAS1_0381/OAS1_0381_slice_20_z089.png,OAS1_0381,Non-Demented,0,1,Very Mild Dementia,0,-5.493096199766473,5.842717534561858,-6.577793733193813,-1.146095117256334
OASIS_1,LinearSVM,13,test,rotation__moderate,rotation,moderate,D:\OASIS_1\distortions_32\rotation\moderate\Non_Demented\OAS1_0443\OAS1_0443_slice_01_z038.png,Non_Demented/OAS1_0443/OAS1_0443_slice_01_z038.png,Non-Demented/OAS1_0443/OAS1_0443_slice_01_z038.png,OAS1_0443,Non-Demented,0,0,Non-Demented,1,5.304703300139516,-2.9045153240171926,-4.552297221198897,-1.1051086975994053
OASIS_1,LinearSVM,13,test,rotation__moderate,rotation,moderate,D:\OASIS_1\distortions_32\rotation\moderate\Non_Demented\OAS1_0443\OAS1_0443_slice_02_z041.png,Non_Demented/OAS1_0443/OAS1_0443_slice_02_z041.png,Non-Demented/OAS1_0443/OAS1_0443_slice_02_z041.png,OAS1_0443,Non-Demented,0,0,Non-Demented,1,4.065556515649487,-0.7200490534359829,-5.173088279489267,-1.1418352881252611
OASIS_1,LinearSVM,13,test,rotation__moderate,rotation,moderate,D:\OASIS_1\distortions_32\rotation\moderate\Non_Demented\OAS1_0443\OAS1_0443_slice_03_z043.png,Non_Demented/OAS1_0443/OAS1_0443_slice_03_z043.png,Non-Demented/OAS1_0443/OAS1_0443_slice_03_z043.png,OAS1_0443,Non-Demented,0,0,Non-Demented,1,0.8242287186552052,0.2741194430562266,-3.070070050690599,-1.0182408406467554
OASIS_1,LinearSVM,13,test,rotation__moderate,rotation,moderate,D:\OASIS_1\distortions_32\rotation\moderate\Non_Demented\OAS1_0443\OAS1_0443_slice_04_z046.png,Non_Demented/OAS1_0443/OAS1_0443_slice_04_z046.png,Non-Demented/OAS1_0443/OAS1_0443_slice_04_z046.png,OAS1_0443,Non-Demented,0,1,Very Mild Dementia,0,-1.0787231767540955,2.152387865208117,-3.0230039884514963,-0.8844308160012156
OASIS_1,LinearSVM,13,test,rotation__moderate,rotation,moderate,D:\OASIS_1\distortions_32\rotation\moderate\Non_Demented\OAS1_0443\OAS1_0443_slice_05_z049.png,Non_Demented/OAS1_0443/OAS1_0443_slice_05_z049.png,Non-Demented/OAS1_0443/OAS1_0443_slice_05_z049.png,OAS1_0443,Non-Demented,0,1,Very Mild Dementia,0,-0.22613962654503295,2.081609977319111,-4.6447869843846625,-0.9186381435934642
OASIS_1,LinearSVM,13,test,rotation__moderate,rotation,moderate,D:\OASIS_1\distortions_32\rotation\moderate\Non_Demented\OAS1_0443\OAS1_0443_slice_06_z051.png,Non_Demented/OAS1_0443/OAS1_0443_slice_06_z051.png,Non-Demented/OAS1_0443/OAS1_0443_slice_06_z051.png,OAS1_0443,Non-Demented,0,1,Very Mild Dementia,0,-0.1247540768144787,3.681577495196247,-5.109322633178366,-1.0747092167900116
OASIS_1,LinearSVM,13,test,rotation__moderate,rotation,moderate,D:\OASIS_1\distortions_32\rotation\moderate\Non_Demented\OAS1_0443\OAS1_0443_slice_07_z054.png,Non_Demented/OAS1_0443/OAS1_0443_slice_07_z054.png,Non-Demented/OAS1_0443/OAS1_0443_slice_07_z054.png,OAS1_0443,Non-Demented,0,1,Very Mild Dementia,0,-2.1682277586102847,5.18986214177249,-3.045619187680601,-1.051712822599063
OASIS_1,LinearSVM,13,test,rotation__moderate,rotation,moderate,D:\OASIS_1\distortions_32\rotation\moderate\Non_Demented\OAS1_0443\OAS1_0443_slice_08_z057.png,Non_Demented/OAS1_0443/OAS1_0443_slice_08_z057.png,Non-Demented/OAS1_0443/OAS1_0443_slice_08_z057.png,OAS1_0443,Non-Demented,0,1,Very Mild Dementia,0,-1.370864848249969,4.256070425887412,-3.2110032256754484,-1.0856859331750381
OASIS_1,LinearSVM,13,test,rotation__moderate,rotation,moderate,D:\OASIS_1\distortions_32\rotation\moderate\Non_Demented\OAS1_0443\OAS1_0443_slice_09_z059.png,Non_Demented/OAS1_0443/OAS1_0443_slice_09_z059.png,Non-Demented/OAS1_0443/OAS1_0443_slice_09_z059.png,OAS1_0443,Non-Demented,0,0,Non-Demented,1,3.7481488720131457,-7.265594499211765,-4.698445684100944,-1.3197611279229096
OASIS_1,LinearSVM,13,test,rotation__moderate,rotation,moderate,D:\OASIS_1\distortions_32\rotation\moderate\Non_Demented\OAS1_0443\OAS1_0443_slice_10_z062.png,Non_Demented/OAS1_0443/OAS1_0443_slice_10_z062.png,Non-Demented/OAS1_0443/OAS1_0443_slice_10_z062.png,OAS1_0443,Non-Demented,0,0,Non-Demented,1,2.4807918433579643,0.3334599110238248,-2.347227216071097,-1.314322346155487
OASIS_1,LinearSVM,13,test,rotation__moderate,rotation,moderate,D:\OASIS_1\distortions_32\rotation\moderate\Non_Demented\OAS1_0443\OAS1_0443_slice_11_z065.png,Non_Demented/OAS1_0443/OAS1_0443_slice_11_z065.png,Non-Demented/OAS1_0443/OAS1_0443_slice_11_z065.png,OAS1_0443,Non-Demented,0,0,Non-Demented,1,2.1417165393628514,0.8347639970934555,-3.5074984217464733,-1.2710261501860722
OASIS_1,LinearSVM,13,test,rotation__moderate,rotation,moderate,D:\OASIS_1\distortions_32\rotation\moderate\Non_Demented\OAS1_0443\OAS1_0443_slice_12_z068.png,Non_Demented/OAS1_0443/OAS1_0443_slice_12_z068.png,Non-Demented/OAS1_0443/OAS1_0443_slice_12_z068.png,OAS1_0443,Non-Demented,0,0,Non-Demented,1,4.160059138400304,-4.714598222477992,-5.640915396580739,-1.3690474789588614
OASIS_1,LinearSVM,13,test,rotation__moderate,rotation,moderate,D:\OASIS_1\distortions_32\rotation\moderate\Non_Demented\OAS1_0443\OAS1_0443_slice_13_z070.png,Non_Demented/OAS1_0443/OAS1_0443_slice_13_z070.png,Non-Demented/OAS1_0443/OAS1_0443_slice_13_z070.png,OAS1_0443,Non-Demented,0,1,Very Mild Dementia,0,-0.6495703739091497,1.362869844463225,-3.9994758641105213,-1.0543344404802046
OASIS_1,LinearSVM,13,test,rotation__moderate,rotation,moderate,D:\OASIS_1\distortions_32\rotation\moderate\Non_Demented\OAS1_0443\OAS1_0443_slice_14_z073.png,Non_Demented/OAS1_0443/OAS1_0443_slice_14_z073.png,Non-Demented/OAS1_0443/OAS1_0443_slice_14_z073.png,OAS1_0443,Non-Demented,0,0,Non-Demented,1,4.632544806150807,-6.2349167753823185,-5.751284577524276,-1.1028552959148121
OASIS_1,LinearSVM,13,test,rotation__moderate,rotation,moderate,D:\OASIS_1\distortions_32\rotation\moderate\Non_Demented\OAS1_0443\OAS1_0443_slice_15_z076.png,Non_Demented/OAS1_0443/OAS1_0443_slice_15_z076.png,Non-Demented/OAS1_0443/OAS1_0443_slice_15_z076.png,OAS1_0443,Non-Demented,0,0,Non-Demented,1,3.3951682614916985,-4.535590730128623,-3.1454525990163202,-1.120850280156889
OASIS_1,LinearSVM,13,test,rotation__moderate,rotation,moderate,D:\OASIS_1\distortions_32\rotation\moderate\Non_Demented\OAS1_0443\OAS1_0443_slice_16_z078.png,Non_Demented/OAS1_0443/OAS1_0443_slice_16_z078.png,Non-Demented/OAS1_0443/OAS1_0443_slice_16_z078.png,OAS1_0443,Non-Demented,0,0,Non-Demented,1,0.6846223179546279,0.4203231026537786,-5.3476701887848,-1.0764565514313522
OASIS_1,LinearSVM,13,test,rotation__moderate,rotation,moderate,D:\OASIS_1\distortions_32\rotation\moderate\Non_Demented\OAS1_0443\OAS1_0443_slice_17_z081.png,Non_Demented/OAS1_0443/OAS1_0443_slice_17_z081.png,Non-Demented/OAS1_0443/OAS1_0443_slice_17_z081.png,OAS1_0443,Non-Demented,0,0,Non-Demented,1,2.353239746659916,-0.14410758514592104,-5.055681219179045,-1.1008257088713993
OASIS_1,LinearSVM,13,test,rotation__moderate,rotation,moderate,D:\OASIS_1\distortions_32\rotation\moderate\Non_Demented\OAS1_0443\OAS1_0443_slice_18_z084.png,Non_Demented/OAS1_0443/OAS1_0443_slice_18_z084.png,Non-Demented/OAS1_0443/OAS1_0443_slice_18_z084.png,OAS1_0443,Non-Demented,0,0,Non-Demented,1,4.506249831830481,-6.732114498512141,-3.7812207295510025,-1.0272814891356934
OASIS_1,LinearSVM,13,test,rotation__moderate,rotation,moderate,D:\OASIS_1\distortions_32\rotation\moderate\Non_Demented\OAS1_0443\OAS1_0443_slice_19_z086.png,Non_Demented/OAS1_0443/OAS1_0443_slice_19_z086.png,Non-Demented/OAS1_0443/OAS1_0443_slice_19_z086.png,OAS1_0443,Non-Demented,0,0,Non-Demented,1,3.9464304540981834,-0.9050302932806482,-5.607680974578926,-0.9276688176756771
OASIS_1,LinearSVM,13,test,rotation__moderate,rotation,moderate,D:\OASIS_1\distortions_32\rotation\moderate\Non_Demented\OAS1_0443\OAS1_0443_slice_20_z089.png,Non_Demented/OAS1_0443/OAS1_0443_slice_20_z089.png,Non-Demented/OAS1_0443/OAS1_0443_slice_20_z089.png,OAS1_0443,Non-Demented,0,0,Non-Demented,1,3.985146251250707,-2.2151269293909497,-4.674048497574616,-1.0181187914221392
OASIS_1,LinearSVM,13,test,rotation__moderate,rotation,moderate,D:\OASIS_1\distortions_32\rotation\moderate\Non_Demented\OAS1_0445\OAS1_0445_slice_01_z038.png,Non_Demented/OAS1_0445/OAS1_0445_slice_01_z038.png,Non-Demented/OAS1_0445/OAS1_0445_slice_01_z038.png,OAS1_0445,Non-Demented,0,2,Mild Dementia,0,-4.285916469030706,-11.256382938623434,4.549950252071779,-1.378043358414744
OASIS_1,LinearSVM,13,test,rotation__moderate,rotation,moderate,D:\OASIS_1\distortions_32\rotation\moderate\Non_Demented\OAS1_0445\OAS1_0445_slice_02_z041.png,Non_Demented/OAS1_0445/OAS1_0445_slice_02_z041.png,Non-Demented/OAS1_0445/OAS1_0445_slice_02_z041.png,OAS1_0445,Non-Demented,0,1,Very Mild Dementia,0,-5.622066560697457,10.329273417900094,-6.980799636706538,-1.3876454566426126
OASIS_1,LinearSVM,13,test,rotation__moderate,rotation,moderate,D:\OASIS_1\distortions_32\rotation\moderate\Non_Demented\OAS1_0445\OAS1_0445_slice_03_z043.png,Non_Demented/OAS1_0445/OAS1_0445_slice_03_z043.png,Non-Demented/OAS1_0445/OAS1_0445_slice_03_z043.png,OAS1_0445,Non-Demented,0,1,Very Mild Dementia,0,-7.250676053715492,14.095240941953417,-8.08143046062403,-1.3619865516339784
OASIS_1,LinearSVM,13,test,rotation__moderate,rotation,moderate,D:\OASIS_1\distortions_32\rotation\moderate\Non_Demented\OAS1_0445\OAS1_0445_slice_04_z046.png,Non_Demented/OAS1_0445/OAS1_0445_slice_04_z046.png,Non-Demented/OAS1_0445/OAS1_0445_slice_04_z046.png,OAS1_0445,Non-Demented,0,1,Very Mild Dementia,0,-6.334798497465911,13.12675736658398,-7.902861172501778,-1.4119762524294577
OASIS_1,LinearSVM,13,test,rotation__moderate,rotation,moderate,D:\OASIS_1\distortions_32\rotation\moderate\Non_Demented\OAS1_0445\OAS1_0445_slice_05_z049.png,Non_Demented/OAS1_0445/OAS1_0445_slice_05_z049.png,Non-Demented/OAS1_0445/OAS1_0445_slice_05_z049.png,OAS1_0445,Non-Demented,0,1,Very Mild Dementia,0,-6.981735469155143,15.31206356212735,-9.189345612566033,-1.1992723949651736
OASIS_1,LinearSVM,13,test,rotation__moderate,rotation,moderate,D:\OASIS_1\distortions_32\rotation\moderate\Non_Demented\OAS1_0445\OAS1_0445_slice_06_z051.png,Non_Demented/OAS1_0445/OAS1_0445_slice_06_z051.png,Non-Demented/OAS1_0445/OAS1_0445_slice_06_z051.png,OAS1_0445,Non-Demented,0,2,Mild Dementia,0,-9.23937336759365,-3.388452377690159,5.414790756330711,-1.3002786531421626
OASIS_1,LinearSVM,13,test,rotation__moderate,rotation,moderate,D:\OASIS_1\distortions_32\rotation\moderate\Non_Demented\OAS1_0445\OAS1_0445_slice_07_z054.png,Non_Demented/OAS1_0445/OAS1_0445_slice_07_z054.png,Non-Demented/OAS1_0445/OAS1_0445_slice_07_z054.png,OAS1_0445,Non-Demented,0,1,Very Mild Dementia,0,-5.77643210716586,14.711558359730876,-8.182780220407647,-1.0543996692833033
OASIS_1,LinearSVM,13,test,rotation__moderate,rotation,moderate,D:\OASIS_1\distortions_32\rotation\moderate\Non_Demented\OAS1_0445\OAS1_0445_slice_08_z057.png,Non_Demented/OAS1_0445/OAS1_0445_slice_08_z057.png,Non-Demented/OAS1_0445/OAS1_0445_slice_08_z057.png,OAS1_0445,Non-Demented,0,2,Mild Dementia,0,-0.2543716886441475,-5.106581342547155,2.2242572520744153,-1.0491503943431393
OASIS_1,LinearSVM,13,test,rotation__moderate,rotation,moderate,D:\OASIS_1\distortions_32\rotation\moderate\Non_Demented\OAS1_0445\OAS1_0445_slice_09_z059.png,Non_Demented/OAS1_0445/OAS1_0445_slice_09_z059.png,Non-Demented/OAS1_0445/OAS1_0445_slice_09_z059.png,OAS1_0445,Non-Demented,0,2,Mild Dementia,0,-2.964573164430196,-3.1121264007497067,0.6972781031128763,-1.1048539254426442
OASIS_1,LinearSVM,13,test,rotation__moderate,rotation,moderate,D:\OASIS_1\distortions_32\rotation\moderate\Non_Demented\OAS1_0445\OAS1_0445_slice_10_z062.png,Non_Demented/OAS1_0445/OAS1_0445_slice_10_z062.png,Non-Demented/OAS1_0445/OAS1_0445_slice_10_z062.png,OAS1_0445,Non-Demented,0,2,Mild Dementia,0,-9.128042828166503,-0.9247969936873255,3.8799238915323055,-1.2323849595566725
OASIS_1,LinearSVM,13,test,rotation__moderate,rotation,moderate,D:\OASIS_1\distortions_32\rotation\moderate\Non_Demented\OAS1_0445\OAS1_0445_slice_11_z065.png,Non_Demented/OAS1_0445/OAS1_0445_slice_11_z065.png,Non-Demented/OAS1_0445/OAS1_0445_slice_11_z065.png,OAS1_0445,Non-Demented,0,1,Very Mild Dementia,0,-8.314182168393407,16.557163634064576,-5.8680929753230995,-0.7432456463578575
OASIS_1,LinearSVM,13,test,rotation__moderate,rotation,moderate,D:\OASIS_1\distortions_32\rotation\moderate\Non_Demented\OAS1_0445\OAS1_0445_slice_12_z068.png,Non_Demented/OAS1_0445/OAS1_0445_slice_12_z068.png,Non-Demented/OAS1_0445/OAS1_0445_slice_12_z068.png,OAS1_0445,Non-Demented,0,1,Very Mild Dementia,0,-5.465319107494085,15.14093033534516,-7.916319333986289,-0.9757639156401141
OASIS_1,LinearSVM,13,test,rotation__moderate,rotation,moderate,D:\OASIS_1\distortions_32\rotation\moderate\Non_Demented\OAS1_0445\OAS1_0445_slice_13_z070.png,Non_Demented/OAS1_0445/OAS1_0445_slice_13_z070.png,Non-Demented/OAS1_0445/OAS1_0445_slice_13_z070.png,OAS1_0445,Non-Demented,0,1,Very Mild Dementia,0,-4.736251937898275,13.994863123001863,-8.697947896930241,-0.9566159738377766
OASIS_1,LinearSVM,13,test,rotation__moderate,rotation,moderate,D:\OASIS_1\distortions_32\rotation\moderate\Non_Demented\OAS1_0445\OAS1_0445_slice_14_z073.png,Non_Demented/OAS1_0445/OAS1_0445_slice_14_z073.png,Non-Demented/OAS1_0445/OAS1_0445_slice_14_z073.png,OAS1_0445,Non-Demented,0,1,Very Mild Dementia,0,-4.461642025922123,16.607322500099386,-10.473335664686061,-1.1803678360125567
OASIS_1,LinearSVM,13,test,rotation__moderate,rotation,moderate,D:\OASIS_1\distortions_32\rotation\moderate\Non_Demented\OAS1_0445\OAS1_0445_slice_15_z076.png,Non_Demented/OAS1_0445/OAS1_0445_slice_15_z076.png,Non-Demented/OAS1_0445/OAS1_0445_slice_15_z076.png,OAS1_0445,Non-Demented,0,2,Mild Dementia,0,-5.003570853418744,0.763247184777057,3.5012907060651024,-1.3599554415043116
OASIS_1,LinearSVM,13,test,rotation__moderate,rotation,moderate,D:\OASIS_1\distortions_32\rotation\moderate\Non_Demented\OAS1_0445\OAS1_0445_slice_16_z078.png,Non_Demented/OAS1_0445/OAS1_0445_slice_16_z078.png,Non-Demented/OAS1_0445/OAS1_0445_slice_16_z078.png,OAS1_0445,Non-Demented,0,2,Mild Dementia,0,-6.197071941960632,2.2083140083904635,2.456794246866937,-1.4983940935622901
OASIS_1,LinearSVM,13,test,rotation__moderate,rotation,moderate,D:\OASIS_1\distortions_32\rotation\moderate\Non_Demented\OAS1_0445\OAS1_0445_slice_17_z081.png,Non_Demented/OAS1_0445/OAS1_0445_slice_17_z081.png,Non-Demented/OAS1_0445/OAS1_0445_slice_17_z081.png,OAS1_0445,Non-Demented,0,1,Very Mild Dementia,0,-6.277527659699433,14.659155748430695,-11.136627355958176,-1.5204828757538191
OASIS_1,LinearSVM,13,test,rotation__moderate,rotation,moderate,D:\OASIS_1\distortions_32\rotation\moderate\Non_Demented\OAS1_0445\OAS1_0445_slice_18_z084.png,Non_Demented/OAS1_0445/OAS1_0445_slice_18_z084.png,Non-Demented/OAS1_0445/OAS1_0445_slice_18_z084.png,OAS1_0445,Non-Demented,0,1,Very Mild Dementia,0,-6.6043950610197655,13.844384547771028,-8.18636040100574,-1.5239041193097982
OASIS_1,LinearSVM,13,test,rotation__moderate,rotation,moderate,D:\OASIS_1\distortions_32\rotation\moderate\Non_Demented\OAS1_0445\OAS1_0445_slice_19_z086.png,Non_Demented/OAS1_0445/OAS1_0445_slice_19_z086.png,Non-Demented/OAS1_0445/OAS1_0445_slice_19_z086.png,OAS1_0445,Non-Demented,0,2,Mild Dementia,0,-1.8282111632586262,-7.277014730704712,3.3089375558582574,-1.168338765319099
OASIS_1,LinearSVM,13,test,rotation__moderate,rotation,moderate,D:\OASIS_1\distortions_32\rotation\moderate\Non_Demented\OAS1_0445\OAS1_0445_slice_20_z089.png,Non_Demented/OAS1_0445/OAS1_0445_slice_20_z089.png,Non-Demented/OAS1_0445/OAS1_0445_slice_20_z089.png,OAS1_0445,Non-Demented,0,2,Mild Dementia,0,-4.943141306646891,-6.680905099738972,3.303599241040045,-1.2127984294199616
OASIS_1,LinearSVM,13,test,rotation__moderate,rotation,moderate,D:\OASIS_1\distortions_32\rotation\moderate\Very_Mild_Dementia\OAS1_0015\OAS1_0015_slice_01_z038.png,Very_Mild_Dementia/OAS1_0015/OAS1_0015_slice_01_z038.png,Very Mild Dementia/OAS1_0015/OAS1_0015_slice_01_z038.png,OAS1_0015,Very Mild Dementia,1,0,Non-Demented,0,0.16814108130309935,-4.966398182076709,-2.2754427247658504,-0.7403479795270159
OASIS_1,LinearSVM,13,test,rotation__moderate,rotation,moderate,D:\OASIS_1\distortions_32\rotation\moderate\Very_Mild_Dementia\OAS1_0015\OAS1_0015_slice_02_z041.png,Very_Mild_Dementia/OAS1_0015/OAS1_0015_slice_02_z041.png,Very Mild Dementia/OAS1_0015/OAS1_0015_slice_02_z041.png,OAS1_0015,Very Mild Dementia,1,2,Mild Dementia,0,-2.4649357553160605,-6.881586906201315,-0.0793040075641942,-0.3173831783473655
OASIS_1,LinearSVM,13,test,rotation__moderate,rotation,moderate,D:\OASIS_1\distortions_32\rotation\moderate\Very_Mild_Dementia\OAS1_0015\OAS1_0015_slice_03_z043.png,Very_Mild_Dementia/OAS1_0015/OAS1_0015_slice_03_z043.png,Very Mild Dementia/OAS1_0015/OAS1_0015_slice_03_z043.png,OAS1_0015,Very Mild Dementia,1,2,Mild Dementia,0,-4.990562253102023,-5.391932454679928,0.589401047197537,-0.05992698542578667
OASIS_1,LinearSVM,13,test,rotation__moderate,rotation,moderate,D:\OASIS_1\distortions_32\rotation\moderate\Very_Mild_Dementia\OAS1_0015\OAS1_0015_slice_04_z046.png,Very_Mild_Dementia/OAS1_0015/OAS1_0015_slice_04_z046.png,Very Mild Dementia/OAS1_0015/OAS1_0015_slice_04_z046.png,OAS1_0015,Very Mild Dementia,1,0,Non-Demented,0,1.444831836985279,-2.3980693701478413,-2.8105700674035674,-1.4825069044981223
OASIS_1,LinearSVM,13,test,rotation__moderate,rotation,moderate,D:\OASIS_1\distortions_32\rotation\moderate\Very_Mild_Dementia\OAS1_0015\OAS1_0015_slice_05_z049.png,Very_Mild_Dementia/OAS1_0015/OAS1_0015_slice_05_z049.png,Very Mild Dementia/OAS1_0015/OAS1_0015_slice_05_z049.png,OAS1_0015,Very Mild Dementia,1,3,Moderate Dementia,0,-8.134766747932487,-3.259975611940542,-0.438147477260473,0.39046110535514567
OASIS_1,LinearSVM,13,test,rotation__moderate,rotation,moderate,D:\OASIS_1\distortions_32\rotation\moderate\Very_Mild_Dementia\OAS1_0015\OAS1_0015_slice_06_z051.png,Very_Mild_Dementia/OAS1_0015/OAS1_0015_slice_06_z051.png,Very Mild Dementia/OAS1_0015/OAS1_0015_slice_06_z051.png,OAS1_0015,Very Mild Dementia,1,3,Moderate Dementia,0,-8.650498210199336,-4.957393776948775,-0.6298308527982062,0.6970323017291005
OASIS_1,LinearSVM,13,test,rotation__moderate,rotation,moderate,D:\OASIS_1\distortions_32\rotation\moderate\Very_Mild_Dementia\OAS1_0015\OAS1_0015_slice_07_z054.png,Very_Mild_Dementia/OAS1_0015/OAS1_0015_slice_07_z054.png,Very Mild Dementia/OAS1_0015/OAS1_0015_slice_07_z054.png,OAS1_0015,Very Mild Dementia,1,0,Non-Demented,0,3.13784101242117,0.05551723082586868,1.8836729738054485,-1.9975026449849265
OASIS_1,LinearSVM,13,test,rotation__moderate,rotation,moderate,D:\OASIS_1\distortions_32\rotation\moderate\Very_Mild_Dementia\OAS1_0015\OAS1_0015_slice_08_z057.png,Very_Mild_Dementia/OAS1_0015/OAS1_0015_slice_08_z057.png,Very Mild Dementia/OAS1_0015/OAS1_0015_slice_08_z057.png,OAS1_0015,Very Mild Dementia,1,0,Non-Demented,0,7.7599480051575425,-1.5904974244233232,1.374251859354096,-2.075114527465687
OASIS_1,LinearSVM,13,test,rotation__moderate,rotation,moderate,D:\OASIS_1\distortions_32\rotation\moderate\Very_Mild_Dementia\OAS1_0015\OAS1_0015_slice_09_z059.png,Very_Mild_Dementia/OAS1_0015/OAS1_0015_slice_09_z059.png,Very Mild Dementia/OAS1_0015/OAS1_0015_slice_09_z059.png,OAS1_0015,Very Mild Dementia,1,0,Non-Demented,0,13.639821483644928,-4.677828991923338,-0.322038558495787,-2.122016391255636
OASIS_1,LinearSVM,13,test,rotation__moderate,rotation,moderate,D:\OASIS_1\distortions_32\rotation\moderate\Very_Mild_Dementia\OAS1_0015\OAS1_0015_slice_10_z062.png,Very_Mild_Dementia/OAS1_0015/OAS1_0015_slice_10_z062.png,Very Mild Dementia/OAS1_0015/OAS1_0015_slice_10_z062.png,OAS1_0015,Very Mild Dementia,1,1,Very Mild Dementia,1,-10.221063739156174,0.11761988321858796,-4.754818687321684,-0.056000607933166524
OASIS_1,LinearSVM,13,test,rotation__moderate,rotation,moderate,D:\OASIS_1\distortions_32\rotation\moderate\Very_Mild_Dementia\OAS1_0015\OAS1_0015_slice_11_z065.png,Very_Mild_Dementia/OAS1_0015/OAS1_0015_slice_11_z065.png,Very Mild Dementia/OAS1_0015/OAS1_0015_slice_11_z065.png,OAS1_0015,Very Mild Dementia,1,0,Non-Demented,0,15.25633359785826,-4.381010174028473,-1.2380751247273714,-2.5619097034348592
OASIS_1,LinearSVM,13,test,rotation__moderate,rotation,moderate,D:\OASIS_1\distortions_32\rotation\moderate\Very_Mild_Dementia\OAS1_0015\OAS1_0015_slice_12_z068.png,Very_Mild_Dementia/OAS1_0015/OAS1_0015_slice_12_z068.png,Very Mild Dementia/OAS1_0015/OAS1_0015_slice_12_z068.png,OAS1_0015,Very Mild Dementia,1,0,Non-Demented,0,16.12170947775457,-2.479550514787425,-2.3687180789450153,-2.49989461687402
OASIS_1,LinearSVM,13,test,rotation__moderate,rotation,moderate,D:\OASIS_1\distortions_32\rotation\moderate\Very_Mild_Dementia\OAS1_0015\OAS1_0015_slice_13_z070.png,Very_Mild_Dementia/OAS1_0015/OAS1_0015_slice_13_z070.png,Very Mild Dementia/OAS1_0015/OAS1_0015_slice_13_z070.png,OAS1_0015,Very Mild Dementia,1,1,Very Mild Dementia,1,-15.151899838747745,-0.010715896548835868,-1.782898961269769,-0.06163866008474295
OASIS_1,LinearSVM,13,test,rotation__moderate,rotation,moderate,D:\OASIS_1\distortions_32\rotation\moderate\Very_Mild_Dementia\OAS1_0015\OAS1_0015_slice_14_z073.png,Very_Mild_Dementia/OAS1_0015/OAS1_0015_slice_14_z073.png,Very Mild Dementia/OAS1_0015/OAS1_0015_slice_14_z073.png,OAS1_0015,Very Mild Dementia,1,0,Non-Demented,0,14.093797428596682,-0.3115713530049109,-2.382641347854517,-2.4815155310537396
OASIS_1,LinearSVM,13,test,rotation__moderate,rotation,moderate,D:\OASIS_1\distortions_32\rotation\moderate\Very_Mild_Dementia\OAS1_0015\OAS1_0015_slice_15_z076.png,Very_Mild_Dementia/OAS1_0015/OAS1_0015_slice_15_z076.png,Very Mild Dementia/OAS1_0015/OAS1_0015_slice_15_z076.png,OAS1_0015,Very Mild Dementia,1,3,Moderate Dementia,0,-9.251171803130433,-5.572969671794913,-2.9409082495867183,0.26415114427521647
OASIS_1,LinearSVM,13,test,rotation__moderate,rotation,moderate,D:\OASIS_1\distortions_32\rotation\moderate\Very_Mild_Dementia\OAS1_0015\OAS1_0015_slice_16_z078.png,Very_Mild_Dementia/OAS1_0015/OAS1_0015_slice_16_z078.png,Very Mild Dementia/OAS1_0015/OAS1_0015_slice_16_z078.png,OAS1_0015,Very Mild Dementia,1,3,Moderate Dementia,0,-9.130059294887197,-7.406440491889313,-2.495888282048184,0.6414748367715171
OASIS_1,LinearSVM,13,test,rotation__moderate,rotation,moderate,D:\OASIS_1\distortions_32\rotation\moderate\Very_Mild_Dementia\OAS1_0015\OAS1_0015_slice_17_z081.png,Very_Mild_Dementia/OAS1_0015/OAS1_0015_slice_17_z081.png,Very Mild Dementia/OAS1_0015/OAS1_0015_slice_17_z081.png,OAS1_0015,Very Mild Dementia,1,3,Moderate Dementia,0,-8.901736644993937,-8.214654963058278,-1.0026136205307434,0.7296482992390896
OASIS_1,LinearSVM,13,test,rotation__moderate,rotation,moderate,D:\OASIS_1\distortions_32\rotation\moderate\Very_Mild_Dementia\OAS1_0015\OAS1_0015_slice_18_z084.png,Very_Mild_Dementia/OAS1_0015/OAS1_0015_slice_18_z084.png,Very Mild Dementia/OAS1_0015/OAS1_0015_slice_18_z084.png,OAS1_0015,Very Mild Dementia,1,3,Moderate Dementia,0,-9.094354419094257,-9.659353223101151,0.8318221390904137,1.0110203395532347
OASIS_1,LinearSVM,13,test,rotation__moderate,rotation,moderate,D:\OASIS_1\distortions_32\rotation\moderate\Very_Mild_Dementia\OAS1_0015\OAS1_0015_slice_19_z086.png,Very_Mild_Dementia/OAS1_0015/OAS1_0015_slice_19_z086.png,Very Mild Dementia/OAS1_0015/OAS1_0015_slice_19_z086.png,OAS1_0015,Very Mild Dementia,1,2,Mild Dementia,0,1.104563833611092,0.1585291250095615,2.5931224492442313,-2.0184492871189206
OASIS_1,LinearSVM,13,test,rotation__moderate,rotation,moderate,D:\OASIS_1\distortions_32\rotation\moderate\Very_Mild_Dementia\OAS1_0015\OAS1_0015_slice_20_z089.png,Very_Mild_Dementia/OAS1_0015/OAS1_0015_slice_20_z089.png,Very Mild Dementia/OAS1_0015/OAS1_0015_slice_20_z089.png,OAS1_0015,Very Mild Dementia,1,3,Moderate Dementia,0,-5.796058707117987,-6.377959678646256,-3.1298526312623602,0.49406220064331174
OASIS_1,LinearSVM,13,test,rotation__moderate,rotation,moderate,D:\OASIS_1\distortions_32\rotation\moderate\Very_Mild_Dementia\OAS1_0022\OAS1_0022_slice_01_z038.png,Very_Mild_Dementia/OAS1_0022/OAS1_0022_slice_01_z038.png,Very Mild Dementia/OAS1_0022/OAS1_0022_slice_01_z038.png,OAS1_0022,Very Mild Dementia,1,0,Non-Demented,0,1.7366282080736881,-6.701883342105559,-0.4846992129405008,-1.2040269433231856
OASIS_1,LinearSVM,13,test,rotation__moderate,rotation,moderate,D:\OASIS_1\distortions_32\rotation\moderate\Very_Mild_Dementia\OAS1_0022\OAS1_0022_slice_02_z041.png,Very_Mild_Dementia/OAS1_0022/OAS1_0022_slice_02_z041.png,Very Mild Dementia/OAS1_0022/OAS1_0022_slice_02_z041.png,OAS1_0022,Very Mild Dementia,1,0,Non-Demented,0,7.143275137373373,-9.739581624824957,-2.47021364110358,-1.0500200378233
OASIS_1,LinearSVM,13,test,rotation__moderate,rotation,moderate,D:\OASIS_1\distortions_32\rotation\moderate\Very_Mild_Dementia\OAS1_0022\OAS1_0022_slice_03_z043.png,Very_Mild_Dementia/OAS1_0022/OAS1_0022_slice_03_z043.png,Very Mild Dementia/OAS1_0022/OAS1_0022_slice_03_z043.png,OAS1_0022,Very Mild Dementia,1,0,Non-Demented,0,6.3434487033758815,-15.291736058169935,-0.18525062908290257,-1.3310502475746147
OASIS_1,LinearSVM,13,test,rotation__moderate,rotation,moderate,D:\OASIS_1\distortions_32\rotation\moderate\Very_Mild_Dementia\OAS1_0022\OAS1_0022_slice_04_z046.png,Very_Mild_Dementia/OAS1_0022/OAS1_0022_slice_04_z046.png,Very Mild Dementia/OAS1_0022/OAS1_0022_slice_04_z046.png,OAS1_0022,Very Mild Dementia,1,0,Non-Demented,0,3.88831144758442,-7.059714362897115,-2.7136566024628044,-1.0037891864422088
OASIS_1,LinearSVM,13,test,rotation__moderate,rotation,moderate,D:\OASIS_1\distortions_32\rotation\moderate\Very_Mild_Dementia\OAS1_0022\OAS1_0022_slice_05_z049.png,Very_Mild_Dementia/OAS1_0022/OAS1_0022_slice_05_z049.png,Very Mild Dementia/OAS1_0022/OAS1_0022_slice_05_z049.png,OAS1_0022,Very Mild Dementia,1,0,Non-Demented,0,0.6295096531691826,-13.046160191752216,-0.30507536871509755,-1.3879539153038916
OASIS_1,LinearSVM,13,test,rotation__moderate,rotation,moderate,D:\OASIS_1\distortions_32\rotation\moderate\Very_Mild_Dementia\OAS1_0022\OAS1_0022_slice_06_z051.png,Very_Mild_Dementia/OAS1_0022/OAS1_0022_slice_06_z051.png,Very Mild Dementia/OAS1_0022/OAS1_0022_slice_06_z051.png,OAS1_0022,Very Mild Dementia,1,0,Non-Demented,0,2.3764264161425372,-10.961085043851456,-1.2724346717658488,-1.2088365855629781
OASIS_1,LinearSVM,13,test,rotation__moderate,rotation,moderate,D:\OASIS_1\distortions_32\rotation\moderate\Very_Mild_Dementia\OAS1_0022\OAS1_0022_slice_07_z054.png,Very_Mild_Dementia/OAS1_0022/OAS1_0022_slice_07_z054.png,Very Mild Dementia/OAS1_0022/OAS1_0022_slice_07_z054.png,OAS1_0022,Very Mild Dementia,1,0,Non-Demented,0,5.780695341695069,-4.781078856881846,-5.384852947161367,-0.9498916736107427
OASIS_1,LinearSVM,13,test,rotation__moderate,rotation,moderate,D:\OASIS_1\distortions_32\rotation\moderate\Very_Mild_Dementia\OAS1_0022\OAS1_0022_slice_08_z057.png,Very_Mild_Dementia/OAS1_0022/OAS1_0022_slice_08_z057.png,Very Mild Dementia/OAS1_0022/OAS1_0022_slice_08_z057.png,OAS1_0022,Very Mild Dementia,1,0,Non-Demented,0,4.211868110496306,-12.763414308458348,-0.4351966212134113,-1.3133171268816424
OASIS_1,LinearSVM,13,test,rotation__moderate,rotation,moderate,D:\OASIS_1\distortions_32\rotation\moderate\Very_Mild_Dementia\OAS1_0022\OAS1_0022_slice_09_z059.png,Very_Mild_Dementia/OAS1_0022/OAS1_0022_slice_09_z059.png,Very Mild Dementia/OAS1_0022/OAS1_0022_slice_09_z059.png,OAS1_0022,Very Mild Dementia,1,0,Non-Demented,0,3.118635226053112,-10.532129775344938,0.24760861593983563,-1.4391691541498581
OASIS_1,LinearSVM,13,test,rotation__moderate,rotation,moderate,D:\OASIS_1\distortions_32\rotation\moderate\Very_Mild_Dementia\OAS1_0022\OAS1_0022_slice_10_z062.png,Very_Mild_Dementia/OAS1_0022/OAS1_0022_slice_10_z062.png,Very Mild Dementia/OAS1_0022/OAS1_0022_slice_10_z062.png,OAS1_0022,Very Mild Dementia,1,2,Mild Dementia,0,0.9478410576954812,-11.773152995278076,1.6835927232167105,-1.3682889015565673
OASIS_1,LinearSVM,13,test,rotation__moderate,rotation,moderate,D:\OASIS_1\distortions_32\rotation\moderate\Very_Mild_Dementia\OAS1_0022\OAS1_0022_slice_11_z065.png,Very_Mild_Dementia/OAS1_0022/OAS1_0022_slice_11_z065.png,Very Mild Dementia/OAS1_0022/OAS1_0022_slice_11_z065.png,OAS1_0022,Very Mild Dementia,1,0,Non-Demented,0,0.8706489021202016,-4.540735065227668,-2.911050907111253,-0.9301788949041109
OASIS_1,LinearSVM,13,test,rotation__moderate,rotation,moderate,D:\OASIS_1\distortions_32\rotation\moderate\Very_Mild_Dementia\OAS1_0022\OAS1_0022_slice_12_z068.png,Very_Mild_Dementia/OAS1_0022/OAS1_0022_slice_12_z068.png,Very Mild Dementia/OAS1_0022/OAS1_0022_slice_12_z068.png,OAS1_0022,Very Mild Dementia,1,0,Non-Demented,0,7.1640260453810845,-13.808058937863233,-1.6229068497359131,-1.0425394100507026
OASIS_1,LinearSVM,13,test,rotation__moderate,rotation,moderate,D:\OASIS_1\distortions_32\rotation\moderate\Very_Mild_Dementia\OAS1_0022\OAS1_0022_slice_13_z070.png,Very_Mild_Dementia/OAS1_0022/OAS1_0022_slice_13_z070.png,Very Mild Dementia/OAS1_0022/OAS1_0022_slice_13_z070.png,OAS1_0022,Very Mild Dementia,1,0,Non-Demented,0,5.590278785491993,-13.241059561145299,-1.062675636113194,-1.0467111753411449
OASIS_1,LinearSVM,13,test,rotation__moderate,rotation,moderate,D:\OASIS_1\distortions_32\rotation\moderate\Very_Mild_Dementia\OAS1_0022\OAS1_0022_slice_14_z073.png,Very_Mild_Dementia/OAS1_0022/OAS1_0022_slice_14_z073.png,Very Mild Dementia/OAS1_0022/OAS1_0022_slice_14_z073.png,OAS1_0022,Very Mild Dementia,1,0,Non-Demented,0,5.80682897372245,-13.827307163312453,-2.0244062653332797,-1.281501186199102
OASIS_1,LinearSVM,13,test,rotation__moderate,rotation,moderate,D:\OASIS_1\distortions_32\rotation\moderate\Very_Mild_Dementia\OAS1_0022\OAS1_0022_slice_15_z076.png,Very_Mild_Dementia/OAS1_0022/OAS1_0022_slice_15_z076.png,Very Mild Dementia/OAS1_0022/OAS1_0022_slice_15_z076.png,OAS1_0022,Very Mild Dementia,1,0,Non-Demented,0,7.709352479418137,-14.646207597456238,-2.278659568984041,-1.4358645396283167
OASIS_1,LinearSVM,13,test,rotation__moderate,rotation,moderate,D:\OASIS_1\distortions_32\rotation\moderate\Very_Mild_Dementia\OAS1_0022\OAS1_0022_slice_16_z078.png,Very_Mild_Dementia/OAS1_0022/OAS1_0022_slice_16_z078.png,Very Mild Dementia/OAS1_0022/OAS1_0022_slice_16_z078.png,OAS1_0022,Very Mild Dementia,1,0,Non-Demented,0,10.366509532534085,-16.350948417411523,-3.1114449968815108,-1.3743574879968175
OASIS_1,LinearSVM,13,test,rotation__moderate,rotation,moderate,D:\OASIS_1\distortions_32\rotation\moderate\Very_Mild_Dementia\OAS1_0022\OAS1_0022_slice_17_z081.png,Very_Mild_Dementia/OAS1_0022/OAS1_0022_slice_17_z081.png,Very Mild Dementia/OAS1_0022/OAS1_0022_slice_17_z081.png,OAS1_0022,Very Mild Dementia,1,0,Non-Demented,0,1.056982854621531,-4.5023787315378385,-2.35501682205932,-1.0196514235060037
OASIS_1,LinearSVM,13,test,rotation__moderate,rotation,moderate,D:\OASIS_1\distortions_32\rotation\moderate\Very_Mild_Dementia\OAS1_0022\OAS1_0022_slice_18_z084.png,Very_Mild_Dementia/OAS1_0022/OAS1_0022_slice_18_z084.png,Very Mild Dementia/OAS1_0022/OAS1_0022_slice_18_z084.png,OAS1_0022,Very Mild Dementia,1,0,Non-Demented,0,9.7027858493794,-11.030937562559199,-2.3536786076729688,-1.2949172129407418
OASIS_1,LinearSVM,13,test,rotation__moderate,rotation,moderate,D:\OASIS_1\distortions_32\rotation\moderate\Very_Mild_Dementia\OAS1_0022\OAS1_0022_slice_19_z086.png,Very_Mild_Dementia/OAS1_0022/OAS1_0022_slice_19_z086.png,Very Mild Dementia/OAS1_0022/OAS1_0022_slice_19_z086.png,OAS1_0022,Very Mild Dementia,1,0,Non-Demented,0,2.712553651312156,-5.989396094675829,-2.730202915885167,-1.118683999015798
OASIS_1,LinearSVM,13,test,rotation__moderate,rotation,moderate,D:\OASIS_1\distortions_32\rotation\moderate\Very_Mild_Dementia\OAS1_0022\OAS1_0022_slice_20_z089.png,Very_Mild_Dementia/OAS1_0022/OAS1_0022_slice_20_z089.png,Very Mild Dementia/OAS1_0022/OAS1_0022_slice_20_z089.png,OAS1_0022,Very Mild Dementia,1,0,Non-Demented,0,4.499856180960285,-5.51188073293501,-1.5342086721969044,-1.3198294140521027
OASIS_1,LinearSVM,13,test,rotation__moderate,rotation,moderate,D:\OASIS_1\distortions_32\rotation\moderate\Very_Mild_Dementia\OAS1_0120\OAS1_0120_slice_01_z038.png,Very_Mild_Dementia/OAS1_0120/OAS1_0120_slice_01_z038.png,Very Mild Dementia/OAS1_0120/OAS1_0120_slice_01_z038.png,OAS1_0120,Very Mild Dementia,1,1,Very Mild Dementia,1,-4.792358638562316,3.1452646493709646,-4.217422139598185,-1.165112295541325
OASIS_1,LinearSVM,13,test,rotation__moderate,rotation,moderate,D:\OASIS_1\distortions_32\rotation\moderate\Very_Mild_Dementia\OAS1_0120\OAS1_0120_slice_02_z041.png,Very_Mild_Dementia/OAS1_0120/OAS1_0120_slice_02_z041.png,Very Mild Dementia/OAS1_0120/OAS1_0120_slice_02_z041.png,OAS1_0120,Very Mild Dementia,1,0,Non-Demented,0,-0.5770070178828538,-0.9007995301697185,-1.320336285664802,-1.2809739673451934
OASIS_1,LinearSVM,13,test,rotation__moderate,rotation,moderate,D:\OASIS_1\distortions_32\rotation\moderate\Very_Mild_Dementia\OAS1_0120\OAS1_0120_slice_03_z043.png,Very_Mild_Dementia/OAS1_0120/OAS1_0120_slice_03_z043.png,Very Mild Dementia/OAS1_0120/OAS1_0120_slice_03_z043.png,OAS1_0120,Very Mild Dementia,1,1,Very Mild Dementia,1,-1.3903304278945736,-0.8557098511208856,-0.9144343410193352,-1.2850576728713325
OASIS_1,LinearSVM,13,test,rotation__moderate,rotation,moderate,D:\OASIS_1\distortions_32\rotation\moderate\Very_Mild_Dementia\OAS1_0120\OAS1_0120_slice_04_z046.png,Very_Mild_Dementia/OAS1_0120/OAS1_0120_slice_04_z046.png,Very Mild Dementia/OAS1_0120/OAS1_0120_slice_04_z046.png,OAS1_0120,Very Mild Dementia,1,0,Non-Demented,0,0.8568468061223201,-0.5710375846286819,-2.0825243465975913,-1.203978099287868
OASIS_1,LinearSVM,13,test,rotation__moderate,rotation,moderate,D:\OASIS_1\distortions_32\rotation\moderate\Very_Mild_Dementia\OAS1_0120\OAS1_0120_slice_05_z049.png,Very_Mild_Dementia/OAS1_0120/OAS1_0120_slice_05_z049.png,Very Mild Dementia/OAS1_0120/OAS1_0120_slice_05_z049.png,OAS1_0120,Very Mild Dementia,1,1,Very Mild Dementia,1,-0.9937905766722447,1.3878818566680367,-4.267973723977535,-0.9307850453374599
OASIS_1,LinearSVM,13,test,rotation__moderate,rotation,moderate,D:\OASIS_1\distortions_32\rotation\moderate\Very_Mild_Dementia\OAS1_0120\OAS1_0120_slice_06_z051.png,Very_Mild_Dementia/OAS1_0120/OAS1_0120_slice_06_z051.png,Very Mild Dementia/OAS1_0120/OAS1_0120_slice_06_z051.png,OAS1_0120,Very Mild Dementia,1,2,Mild Dementia,0,-3.1245923066775045,-2.5028032254948265,1.7769572472068145,-1.002450170260713
OASIS_1,LinearSVM,13,test,rotation__moderate,rotation,moderate,D:\OASIS_1\distortions_32\rotation\moderate\Very_Mild_Dementia\OAS1_0120\OAS1_0120_slice_07_z054.png,Very_Mild_Dementia/OAS1_0120/OAS1_0120_slice_07_z054.png,Very Mild Dementia/OAS1_0120/OAS1_0120_slice_07_z054.png,OAS1_0120,Very Mild Dementia,1,0,Non-Demented,0,2.865486203126419,-5.382272963431065,-4.881116912867543,-0.8356303053173066
OASIS_1,LinearSVM,13,test,rotation__moderate,rotation,moderate,D:\OASIS_1\distortions_32\rotation\moderate\Very_Mild_Dementia\OAS1_0120\OAS1_0120_slice_08_z057.png,Very_Mild_Dementia/OAS1_0120/OAS1_0120_slice_08_z057.png,Very Mild Dementia/OAS1_0120/OAS1_0120_slice_08_z057.png,OAS1_0120,Very Mild Dementia,1,2,Mild Dementia,0,-2.0787155556609243,-5.745506140336625,1.769445692258235,-0.8057956008748757
OASIS_1,LinearSVM,13,test,rotation__moderate,rotation,moderate,D:\OASIS_1\distortions_32\rotation\moderate\Very_Mild_Dementia\OAS1_0120\OAS1_0120_slice_09_z059.png,Very_Mild_Dementia/OAS1_0120/OAS1_0120_slice_09_z059.png,Very Mild Dementia/OAS1_0120/OAS1_0120_slice_09_z059.png,OAS1_0120,Very Mild Dementia,1,0,Non-Demented,0,1.3919416406465324,-4.826400652709882,-4.722208392744187,-0.8892378124080231
OASIS_1,LinearSVM,13,test,rotation__moderate,rotation,moderate,D:\OASIS_1\distortions_32\rotation\moderate\Very_Mild_Dementia\OAS1_0120\OAS1_0120_slice_10_z062.png,Very_Mild_Dementia/OAS1_0120/OAS1_0120_slice_10_z062.png,Very Mild Dementia/OAS1_0120/OAS1_0120_slice_10_z062.png,OAS1_0120,Very Mild Dementia,1,2,Mild Dementia,0,-1.0931799168029919,-5.449336444099915,1.8039809934158635,-1.0540986547952516
OASIS_1,LinearSVM,13,test,rotation__moderate,rotation,moderate,D:\OASIS_1\distortions_32\rotation\moderate\Very_Mild_Dementia\OAS1_0120\OAS1_0120_slice_11_z065.png,Very_Mild_Dementia/OAS1_0120/OAS1_0120_slice_11_z065.png,Very Mild Dementia/OAS1_0120/OAS1_0120_slice_11_z065.png,OAS1_0120,Very Mild Dementia,1,0,Non-Demented,0,2.1041122421402036,-5.344598847287092,-5.792172881855502,-1.0047355730529084
OASIS_1,LinearSVM,13,test,rotation__moderate,rotation,moderate,D:\OASIS_1\distortions_32\rotation\moderate\Very_Mild_Dementia\OAS1_0120\OAS1_0120_slice_12_z068.png,Very_Mild_Dementia/OAS1_0120/OAS1_0120_slice_12_z068.png,Very Mild Dementia/OAS1_0120/OAS1_0120_slice_12_z068.png,OAS1_0120,Very Mild Dementia,1,2,Mild Dementia,0,-1.3690374353669417,-5.952525032493654,2.79686575064732,-1.045934425234107
OASIS_1,LinearSVM,13,test,rotation__moderate,rotation,moderate,D:\OASIS_1\distortions_32\rotation\moderate\Very_Mild_Dementia\OAS1_0120\OAS1_0120_slice_13_z070.png,Very_Mild_Dementia/OAS1_0120/OAS1_0120_slice_13_z070.png,Very Mild Dementia/OAS1_0120/OAS1_0120_slice_13_z070.png,OAS1_0120,Very Mild Dementia,1,2,Mild Dementia,0,-0.6074037836781107,-5.913585270429927,2.5064991840729487,-1.0414686532790782
OASIS_1,LinearSVM,13,test,rotation__moderate,rotation,moderate,D:\OASIS_1\distortions_32\rotation\moderate\Very_Mild_Dementia\OAS1_0120\OAS1_0120_slice_14_z073.png,Very_Mild_Dementia/OAS1_0120/OAS1_0120_slice_14_z073.png,Very Mild Dementia/OAS1_0120/OAS1_0120_slice_14_z073.png,OAS1_0120,Very Mild Dementia,1,2,Mild Dementia,0,0.8271817380739219,-6.355060806096025,1.559180849692337,-1.1158179396996841
OASIS_1,LinearSVM,13,test,rotation__moderate,rotation,moderate,D:\OASIS_1\distortions_32\rotation\moderate\Very_Mild_Dementia\OAS1_0120\OAS1_0120_slice_15_z076.png,Very_Mild_Dementia/OAS1_0120/OAS1_0120_slice_15_z076.png,Very Mild Dementia/OAS1_0120/OAS1_0120_slice_15_z076.png,OAS1_0120,Very Mild Dementia,1,2,Mild Dementia,0,0.03457974452188228,-3.634868124970459,0.3932289980209682,-1.2693133886889305
OASIS_1,LinearSVM,13,test,rotation__moderate,rotation,moderate,D:\OASIS_1\distortions_32\rotation\moderate\Very_Mild_Dementia\OAS1_0120\OAS1_0120_slice_16_z078.png,Very_Mild_Dementia/OAS1_0120/OAS1_0120_slice_16_z078.png,Very Mild Dementia/OAS1_0120/OAS1_0120_slice_16_z078.png,OAS1_0120,Very Mild Dementia,1,0,Non-Demented,0,6.157982507726864,-6.179682696427909,-5.564008942016551,-1.0981919516529886
OASIS_1,LinearSVM,13,test,rotation__moderate,rotation,moderate,D:\OASIS_1\distortions_32\rotation\moderate\Very_Mild_Dementia\OAS1_0120\OAS1_0120_slice_17_z081.png,Very_Mild_Dementia/OAS1_0120/OAS1_0120_slice_17_z081.png,Very Mild Dementia/OAS1_0120/OAS1_0120_slice_17_z081.png,OAS1_0120,Very Mild Dementia,1,0,Non-Demented,0,-0.015870136813027846,-1.0002748715445953,-1.2982269826371815,-1.3228502445566124
OASIS_1,LinearSVM,13,test,rotation__moderate,rotation,moderate,D:\OASIS_1\distortions_32\rotation\moderate\Very_Mild_Dementia\OAS1_0120\OAS1_0120_slice_18_z084.png,Very_Mild_Dementia/OAS1_0120/OAS1_0120_slice_18_z084.png,Very Mild Dementia/OAS1_0120/OAS1_0120_slice_18_z084.png,OAS1_0120,Very Mild Dementia,1,1,Very Mild Dementia,1,-6.49756510726972,1.394420194657561,-1.529843869234221,-1.2791906217060314
OASIS_1,LinearSVM,13,test,rotation__moderate,rotation,moderate,D:\OASIS_1\distortions_32\rotation\moderate\Very_Mild_Dementia\OAS1_0120\OAS1_0120_slice_19_z086.png,Very_Mild_Dementia/OAS1_0120/OAS1_0120_slice_19_z086.png,Very Mild Dementia/OAS1_0120/OAS1_0120_slice_19_z086.png,OAS1_0120,Very Mild Dementia,1,1,Very Mild Dementia,1,-2.3723140232011755,1.654600171933104,0.4439629841025594,-1.094116971480632
OASIS_1,LinearSVM,13,test,rotation__moderate,rotation,moderate,D:\OASIS_1\distortions_32\rotation\moderate\Very_Mild_Dementia\OAS1_0120\OAS1_0120_slice_20_z089.png,Very_Mild_Dementia/OAS1_0120/OAS1_0120_slice_20_z089.png,Very Mild Dementia/OAS1_0120/OAS1_0120_slice_20_z089.png,OAS1_0120,Very Mild Dementia,1,0,Non-Demented,0,-0.865659113624491,-0.9228194312444862,-1.3289861818779611,-1.2586574806541955
OASIS_1,LinearSVM,13,test,rotation__moderate,rotation,moderate,D:\OASIS_1\distortions_32\rotation\moderate\Very_Mild_Dementia\OAS1_0166\OAS1_0166_slice_01_z038.png,Very_Mild_Dementia/OAS1_0166/OAS1_0166_slice_01_z038.png,Very Mild Dementia/OAS1_0166/OAS1_0166_slice_01_z038.png,OAS1_0166,Very Mild Dementia,1,0,Non-Demented,0,3.2610420666316533,-4.7734997413930085,-1.6633662145412476,-1.32248912269768
OASIS_1,LinearSVM,13,test,rotation__moderate,rotation,moderate,D:\OASIS_1\distortions_32\rotation\moderate\Very_Mild_Dementia\OAS1_0166\OAS1_0166_slice_02_z041.png,Very_Mild_Dementia/OAS1_0166/OAS1_0166_slice_02_z041.png,Very Mild Dementia/OAS1_0166/OAS1_0166_slice_02_z041.png,OAS1_0166,Very Mild Dementia,1,0,Non-Demented,0,4.22365075721788,0.1328337711536891,-3.872904765956279,-1.1160533583621284
OASIS_1,LinearSVM,13,test,rotation__moderate,rotation,moderate,D:\OASIS_1\distortions_32\rotation\moderate\Very_Mild_Dementia\OAS1_0166\OAS1_0166_slice_03_z043.png,Very_Mild_Dementia/OAS1_0166/OAS1_0166_slice_03_z043.png,Very Mild Dementia/OAS1_0166/OAS1_0166_slice_03_z043.png,OAS1_0166,Very Mild Dementia,1,0,Non-Demented,0,5.3668594105496075,3.226820899021799,-6.193226386574709,-0.9354973557002337
OASIS_1,LinearSVM,13,test,rotation__moderate,rotation,moderate,D:\OASIS_1\distortions_32\rotation\moderate\Very_Mild_Dementia\OAS1_0166\OAS1_0166_slice_04_z046.png,Very_Mild_Dementia/OAS1_0166/OAS1_0166_slice_04_z046.png,Very Mild Dementia/OAS1_0166/OAS1_0166_slice_04_z046.png,OAS1_0166,Very Mild Dementia,1,0,Non-Demented,0,10.698510824642641,2.813674796717484,-11.152728002220414,-0.5479107657658889
OASIS_1,LinearSVM,13,test,rotation__moderate,rotation,moderate,D:\OASIS_1\distortions_32\rotation\moderate\Very_Mild_Dementia\OAS1_0166\OAS1_0166_slice_05_z049.png,Very_Mild_Dementia/OAS1_0166/OAS1_0166_slice_05_z049.png,Very Mild Dementia/OAS1_0166/OAS1_0166_slice_05_z049.png,OAS1_0166,Very Mild Dementia,1,1,Very Mild Dementia,1,-17.481711088479805,12.140624942994526,1.8762478317434432,-1.9178644292070608
OASIS_1,LinearSVM,13,test,rotation__moderate,rotation,moderate,D:\OASIS_1\distortions_32\rotation\moderate\Very_Mild_Dementia\OAS1_0166\OAS1_0166_slice_06_z051.png,Very_Mild_Dementia/OAS1_0166/OAS1_0166_slice_06_z051.png,Very Mild Dementia/OAS1_0166/OAS1_0166_slice_06_z051.png,OAS1_0166,Very Mild Dementia,1,1,Very Mild Dementia,1,-20.377256069419303,15.388221461548373,1.6529738932939053,-1.9197214841531078
OASIS_1,LinearSVM,13,test,rotation__moderate,rotation,moderate,D:\OASIS_1\distortions_32\rotation\moderate\Very_Mild_Dementia\OAS1_0166\OAS1_0166_slice_07_z054.png,Very_Mild_Dementia/OAS1_0166/OAS1_0166_slice_07_z054.png,Very Mild Dementia/OAS1_0166/OAS1_0166_slice_07_z054.png,OAS1_0166,Very Mild Dementia,1,0,Non-Demented,0,20.747289248398797,2.964146539285498,-23.50682513455655,0.2137499405272547
OASIS_1,LinearSVM,13,test,rotation__moderate,rotation,moderate,D:\OASIS_1\distortions_32\rotation\moderate\Very_Mild_Dementia\OAS1_0166\OAS1_0166_slice_08_z057.png,Very_Mild_Dementia/OAS1_0166/OAS1_0166_slice_08_z057.png,Very Mild Dementia/OAS1_0166/OAS1_0166_slice_08_z057.png,OAS1_0166,Very Mild Dementia,1,1,Very Mild Dementia,1,-22.260256930088072,16.89651937644245,1.1781720108437481,-1.6331539422277195
OASIS_1,LinearSVM,13,test,rotation__moderate,rotation,moderate,D:\OASIS_1\distortions_32\rotation\moderate\Very_Mild_Dementia\OAS1_0166\OAS1_0166_slice_09_z059.png,Very_Mild_Dementia/OAS1_0166/OAS1_0166_slice_09_z059.png,Very Mild Dementia/OAS1_0166/OAS1_0166_slice_09_z059.png,OAS1_0166,Very Mild Dementia,1,0,Non-Demented,0,20.65913308446771,6.261590370016643,-27.378602400836314,0.7310518251519205
OASIS_1,LinearSVM,13,test,rotation__moderate,rotation,moderate,D:\OASIS_1\distortions_32\rotation\moderate\Very_Mild_Dementia\OAS1_0166\OAS1_0166_slice_10_z062.png,Very_Mild_Dementia/OAS1_0166/OAS1_0166_slice_10_z062.png,Very Mild Dementia/OAS1_0166/OAS1_0166_slice_10_z062.png,OAS1_0166,Very Mild Dementia,1,1,Very Mild Dementia,1,-17.78398204930948,13.468153093057522,-0.09183025517494636,-1.4073282846619408
OASIS_1,LinearSVM,13,test,rotation__moderate,rotation,moderate,D:\OASIS_1\distortions_32\rotation\moderate\Very_Mild_Dementia\OAS1_0166\OAS1_0166_slice_11_z065.png,Very_Mild_Dementia/OAS1_0166/OAS1_0166_slice_11_z065.png,Very Mild Dementia/OAS1_0166/OAS1_0166_slice_11_z065.png,OAS1_0166,Very Mild Dementia,1,1,Very Mild Dementia,1,-17.46717902151035,11.8769774556973,0.3086490875510153,-1.5097166138286924
OASIS_1,LinearSVM,13,test,rotation__moderate,rotation,moderate,D:\OASIS_1\distortions_32\rotation\moderate\Very_Mild_Dementia\OAS1_0166\OAS1_0166_slice_12_z068.png,Very_Mild_Dementia/OAS1_0166/OAS1_0166_slice_12_z068.png,Very Mild Dementia/OAS1_0166/OAS1_0166_slice_12_z068.png,OAS1_0166,Very Mild Dementia,1,0,Non-Demented,0,11.182663809752144,9.696336684536401,-24.35204322290799,0.8721039317820223
OASIS_1,LinearSVM,13,test,rotation__moderate,rotation,moderate,D:\OASIS_1\distortions_32\rotation\moderate\Very_Mild_Dementia\OAS1_0166\OAS1_0166_slice_13_z070.png,Very_Mild_Dementia/OAS1_0166/OAS1_0166_slice_13_z070.png,Very Mild Dementia/OAS1_0166/OAS1_0166_slice_13_z070.png,OAS1_0166,Very Mild Dementia,1,1,Very Mild Dementia,1,-13.132363380741396,9.628735241352372,0.546045845741467,-1.4894910097186358
OASIS_1,LinearSVM,13,test,rotation__moderate,rotation,moderate,D:\OASIS_1\distortions_32\rotation\moderate\Very_Mild_Dementia\OAS1_0166\OAS1_0166_slice_14_z073.png,Very_Mild_Dementia/OAS1_0166/OAS1_0166_slice_14_z073.png,Very Mild Dementia/OAS1_0166/OAS1_0166_slice_14_z073.png,OAS1_0166,Very Mild Dementia,1,0,Non-Demented,0,12.606127819095187,7.257364732577702,-22.447491595359992,0.46209679992679886
OASIS_1,LinearSVM,13,test,rotation__moderate,rotation,moderate,D:\OASIS_1\distortions_32\rotation\moderate\Very_Mild_Dementia\OAS1_0166\OAS1_0166_slice_15_z076.png,Very_Mild_Dementia/OAS1_0166/OAS1_0166_slice_15_z076.png,Very Mild Dementia/OAS1_0166/OAS1_0166_slice_15_z076.png,OAS1_0166,Very Mild Dementia,1,1,Very Mild Dementia,1,-16.231421733948263,8.035306358001364,0.39026482421250375,-1.7065077567421465
OASIS_1,LinearSVM,13,test,rotation__moderate,rotation,moderate,D:\OASIS_1\distortions_32\rotation\moderate\Very_Mild_Dementia\OAS1_0166\OAS1_0166_slice_16_z078.png,Very_Mild_Dementia/OAS1_0166/OAS1_0166_slice_16_z078.png,Very Mild Dementia/OAS1_0166/OAS1_0166_slice_16_z078.png,OAS1_0166,Very Mild Dementia,1,1,Very Mild Dementia,1,-12.491910704226889,5.531116277632188,0.32205730698096824,-1.6872298037524642
OASIS_1,LinearSVM,13,test,rotation__moderate,rotation,moderate,D:\OASIS_1\distortions_32\rotation\moderate\Very_Mild_Dementia\OAS1_0166\OAS1_0166_slice_17_z081.png,Very_Mild_Dementia/OAS1_0166/OAS1_0166_slice_17_z081.png,Very Mild Dementia/OAS1_0166/OAS1_0166_slice_17_z081.png,OAS1_0166,Very Mild Dementia,1,1,Very Mild Dementia,1,-6.754531963202318,-0.061126356704637175,-0.45209398930402633,-1.651272448719522
OASIS_1,LinearSVM,13,test,rotation__moderate,rotation,moderate,D:\OASIS_1\distortions_32\rotation\moderate\Very_Mild_Dementia\OAS1_0166\OAS1_0166_slice_18_z084.png,Very_Mild_Dementia/OAS1_0166/OAS1_0166_slice_18_z084.png,Very Mild Dementia/OAS1_0166/OAS1_0166_slice_18_z084.png,OAS1_0166,Very Mild Dementia,1,1,Very Mild Dementia,1,-4.80664138027196,1.4424914897510028,-0.9827808839535905,-1.4587051977733634
OASIS_1,LinearSVM,13,test,rotation__moderate,rotation,moderate,D:\OASIS_1\distortions_32\rotation\moderate\Very_Mild_Dementia\OAS1_0166\OAS1_0166_slice_19_z086.png,Very_Mild_Dementia/OAS1_0166/OAS1_0166_slice_19_z086.png,Very Mild Dementia/OAS1_0166/OAS1_0166_slice_19_z086.png,OAS1_0166,Very Mild Dementia,1,1,Very Mild Dementia,1,-2.144551974542937,1.8226789609228522,-2.1903235576017375,-1.4387546966901246
OASIS_1,LinearSVM,13,test,rotation__moderate,rotation,moderate,D:\OASIS_1\distortions_32\rotation\moderate\Very_Mild_Dementia\OAS1_0166\OAS1_0166_slice_20_z089.png,Very_Mild_Dementia/OAS1_0166/OAS1_0166_slice_20_z089.png,Very Mild Dementia/OAS1_0166/OAS1_0166_slice_20_z089.png,OAS1_0166,Very Mild Dementia,1,0,Non-Demented,0,1.752256683123107,-3.3109530773064737,-1.0062891305787556,-0.8730023303808857
OASIS_1,LinearSVM,13,test,rotation__moderate,rotation,moderate,D:\OASIS_1\distortions_32\rotation\moderate\Very_Mild_Dementia\OAS1_0210\OAS1_0210_slice_01_z038.png,Very_Mild_Dementia/OAS1_0210/OAS1_0210_slice_01_z038.png,Very Mild Dementia/OAS1_0210/OAS1_0210_slice_01_z038.png,OAS1_0210,Very Mild Dementia,1,1,Very Mild Dementia,1,-6.737639502648528,0.6992403981718822,-0.5465309639487843,-0.9536331439099235
OASIS_1,LinearSVM,13,test,rotation__moderate,rotation,moderate,D:\OASIS_1\distortions_32\rotation\moderate\Very_Mild_Dementia\OAS1_0210\OAS1_0210_slice_02_z041.png,Very_Mild_Dementia/OAS1_0210/OAS1_0210_slice_02_z041.png,Very Mild Dementia/OAS1_0210/OAS1_0210_slice_02_z041.png,OAS1_0210,Very Mild Dementia,1,2,Mild Dementia,0,-7.00169343783706,-1.1590038549354467,1.5047101380704397,-0.9386713908851556
OASIS_1,LinearSVM,13,test,rotation__moderate,rotation,moderate,D:\OASIS_1\distortions_32\rotation\moderate\Very_Mild_Dementia\OAS1_0210\OAS1_0210_slice_03_z043.png,Very_Mild_Dementia/OAS1_0210/OAS1_0210_slice_03_z043.png,Very Mild Dementia/OAS1_0210/OAS1_0210_slice_03_z043.png,OAS1_0210,Very Mild Dementia,1,0,Non-Demented,0,4.80252926434766,-9.545307753310714,-4.15107753474427,-1.0955782586976042
OASIS_1,LinearSVM,13,test,rotation__moderate,rotation,moderate,D:\OASIS_1\distortions_32\rotation\moderate\Very_Mild_Dementia\OAS1_0210\OAS1_0210_slice_04_z046.png,Very_Mild_Dementia/OAS1_0210/OAS1_0210_slice_04_z046.png,Very Mild Dementia/OAS1_0210/OAS1_0210_slice_04_z046.png,OAS1_0210,Very Mild Dementia,1,0,Non-Demented,0,2.6466469617143256,-11.018352664996844,-3.5035873870658856,-0.952104452147347
OASIS_1,LinearSVM,13,test,rotation__moderate,rotation,moderate,D:\OASIS_1\distortions_32\rotation\moderate\Very_Mild_Dementia\OAS1_0210\OAS1_0210_slice_05_z049.png,Very_Mild_Dementia/OAS1_0210/OAS1_0210_slice_05_z049.png,Very Mild Dementia/OAS1_0210/OAS1_0210_slice_05_z049.png,OAS1_0210,Very Mild Dementia,1,2,Mild Dementia,0,-1.876901516882009,-3.0894776697379998,0.7498410672395099,-0.94157299401379
OASIS_1,LinearSVM,13,test,rotation__moderate,rotation,moderate,D:\OASIS_1\distortions_32\rotation\moderate\Very_Mild_Dementia\OAS1_0210\OAS1_0210_slice_06_z051.png,Very_Mild_Dementia/OAS1_0210/OAS1_0210_slice_06_z051.png,Very Mild Dementia/OAS1_0210/OAS1_0210_slice_06_z051.png,OAS1_0210,Very Mild Dementia,1,0,Non-Demented,0,1.078914971891805,-1.5641542110513236,-3.015173801737931,-1.1731391067050647
OASIS_1,LinearSVM,13,test,rotation__moderate,rotation,moderate,D:\OASIS_1\distortions_32\rotation\moderate\Very_Mild_Dementia\OAS1_0210\OAS1_0210_slice_07_z054.png,Very_Mild_Dementia/OAS1_0210/OAS1_0210_slice_07_z054.png,Very Mild Dementia/OAS1_0210/OAS1_0210_slice_07_z054.png,OAS1_0210,Very Mild Dementia,1,1,Very Mild Dementia,1,-0.9889787585774229,-0.6184496343650348,-1.8848059648480784,-1.4654411314040117
OASIS_1,LinearSVM,13,test,rotation__moderate,rotation,moderate,D:\OASIS_1\distortions_32\rotation\moderate\Very_Mild_Dementia\OAS1_0210\OAS1_0210_slice_08_z057.png,Very_Mild_Dementia/OAS1_0210/OAS1_0210_slice_08_z057.png,Very Mild Dementia/OAS1_0210/OAS1_0210_slice_08_z057.png,OAS1_0210,Very Mild Dementia,1,2,Mild Dementia,0,-6.505730957615331,-5.959980488381694,3.2500728429589865,-1.3202516495049246
OASIS_1,LinearSVM,13,test,rotation__moderate,rotation,moderate,D:\OASIS_1\distortions_32\rotation\moderate\Very_Mild_Dementia\OAS1_0210\OAS1_0210_slice_09_z059.png,Very_Mild_Dementia/OAS1_0210/OAS1_0210_slice_09_z059.png,Very Mild Dementia/OAS1_0210/OAS1_0210_slice_09_z059.png,OAS1_0210,Very Mild Dementia,1,0,Non-Demented,0,2.311729114304112,-3.066255206579851,-1.0230992208019885,-1.3197801651861127
OASIS_1,LinearSVM,13,test,rotation__moderate,rotation,moderate,D:\OASIS_1\distortions_32\rotation\moderate\Very_Mild_Dementia\OAS1_0210\OAS1_0210_slice_10_z062.png,Very_Mild_Dementia/OAS1_0210/OAS1_0210_slice_10_z062.png,Very Mild Dementia/OAS1_0210/OAS1_0210_slice_10_z062.png,OAS1_0210,Very Mild Dementia,1,0,Non-Demented,0,0.7523868692546597,-0.06671469932672247,-1.1509785124994751,-1.044464050538174
OASIS_1,LinearSVM,13,test,rotation__moderate,rotation,moderate,D:\OASIS_1\distortions_32\rotation\moderate\Very_Mild_Dementia\OAS1_0210\OAS1_0210_slice_11_z065.png,Very_Mild_Dementia/OAS1_0210/OAS1_0210_slice_11_z065.png,Very Mild Dementia/OAS1_0210/OAS1_0210_slice_11_z065.png,OAS1_0210,Very Mild Dementia,1,0,Non-Demented,0,5.158479858848713,-6.389496650586247,-1.0142232532808304,-1.1862049286707945
OASIS_1,LinearSVM,13,test,rotation__moderate,rotation,moderate,D:\OASIS_1\distortions_32\rotation\moderate\Very_Mild_Dementia\OAS1_0210\OAS1_0210_slice_12_z068.png,Very_Mild_Dementia/OAS1_0210/OAS1_0210_slice_12_z068.png,Very Mild Dementia/OAS1_0210/OAS1_0210_slice_12_z068.png,OAS1_0210,Very Mild Dementia,1,0,Non-Demented,0,4.047800110125995,-5.390519636561926,-1.1470568560044163,-1.3207092163944782
OASIS_1,LinearSVM,13,test,rotation__moderate,rotation,moderate,D:\OASIS_1\distortions_32\rotation\moderate\Very_Mild_Dementia\OAS1_0210\OAS1_0210_slice_13_z070.png,Very_Mild_Dementia/OAS1_0210/OAS1_0210_slice_13_z070.png,Very Mild Dementia/OAS1_0210/OAS1_0210_slice_13_z070.png,OAS1_0210,Very Mild Dementia,1,0,Non-Demented,0,1.3047091360110663,-10.719072560615086,0.1621599475292741,-1.1866021603203172
OASIS_1,LinearSVM,13,test,rotation__moderate,rotation,moderate,D:\OASIS_1\distortions_32\rotation\moderate\Very_Mild_Dementia\OAS1_0210\OAS1_0210_slice_14_z073.png,Very_Mild_Dementia/OAS1_0210/OAS1_0210_slice_14_z073.png,Very Mild Dementia/OAS1_0210/OAS1_0210_slice_14_z073.png,OAS1_0210,Very Mild Dementia,1,0,Non-Demented,0,2.4448683510437195,-12.766327894202277,-0.1574510957991304,-0.9494263137400978
OASIS_1,LinearSVM,13,test,rotation__moderate,rotation,moderate,D:\OASIS_1\distortions_32\rotation\moderate\Very_Mild_Dementia\OAS1_0210\OAS1_0210_slice_15_z076.png,Very_Mild_Dementia/OAS1_0210/OAS1_0210_slice_15_z076.png,Very Mild Dementia/OAS1_0210/OAS1_0210_slice_15_z076.png,OAS1_0210,Very Mild Dementia,1,0,Non-Demented,0,2.2422940428353773,-12.341304840716044,-1.0113486626445745,-1.0322568798833462
OASIS_1,LinearSVM,13,test,rotation__moderate,rotation,moderate,D:\OASIS_1\distortions_32\rotation\moderate\Very_Mild_Dementia\OAS1_0210\OAS1_0210_slice_16_z078.png,Very_Mild_Dementia/OAS1_0210/OAS1_0210_slice_16_z078.png,Very Mild Dementia/OAS1_0210/OAS1_0210_slice_16_z078.png,OAS1_0210,Very Mild Dementia,1,0,Non-Demented,0,5.986323173537519,-5.615916812126667,-0.6944118193505031,-1.1313423801534919
OASIS_1,LinearSVM,13,test,rotation__moderate,rotation,moderate,D:\OASIS_1\distortions_32\rotation\moderate\Very_Mild_Dementia\OAS1_0210\OAS1_0210_slice_17_z081.png,Very_Mild_Dementia/OAS1_0210/OAS1_0210_slice_17_z081.png,Very Mild Dementia/OAS1_0210/OAS1_0210_slice_17_z081.png,OAS1_0210,Very Mild Dementia,1,0,Non-Demented,0,0.37917650207778364,-2.983302322601811,-1.119772448596877,-1.0302124484499386
OASIS_1,LinearSVM,13,test,rotation__moderate,rotation,moderate,D:\OASIS_1\distortions_32\rotation\moderate\Very_Mild_Dementia\OAS1_0210\OAS1_0210_slice_18_z084.png,Very_Mild_Dementia/OAS1_0210/OAS1_0210_slice_18_z084.png,Very Mild Dementia/OAS1_0210/OAS1_0210_slice_18_z084.png,OAS1_0210,Very Mild Dementia,1,0,Non-Demented,0,6.973175468388396,-16.766226962177985,-3.2275166001152,-1.0008330205412144
OASIS_1,LinearSVM,13,test,rotation__moderate,rotation,moderate,D:\OASIS_1\distortions_32\rotation\moderate\Very_Mild_Dementia\OAS1_0210\OAS1_0210_slice_19_z086.png,Very_Mild_Dementia/OAS1_0210/OAS1_0210_slice_19_z086.png,Very Mild Dementia/OAS1_0210/OAS1_0210_slice_19_z086.png,OAS1_0210,Very Mild Dementia,1,2,Mild Dementia,0,-0.03743496322647044,-7.950972119876331,1.483112123819856,-0.900329587838382
OASIS_1,LinearSVM,13,test,rotation__moderate,rotation,moderate,D:\OASIS_1\distortions_32\rotation\moderate\Very_Mild_Dementia\OAS1_0210\OAS1_0210_slice_20_z089.png,Very_Mild_Dementia/OAS1_0210/OAS1_0210_slice_20_z089.png,Very Mild Dementia/OAS1_0210/OAS1_0210_slice_20_z089.png,OAS1_0210,Very Mild Dementia,1,0,Non-Demented,0,5.434216461270697,-12.450737688182572,-2.0392517059384305,-1.0329921662167227
OASIS_1,LinearSVM,13,test,rotation__moderate,rotation,moderate,D:\OASIS_1\distortions_32\rotation\moderate\Very_Mild_Dementia\OAS1_0287\OAS1_0287_slice_01_z038.png,Very_Mild_Dementia/OAS1_0287/OAS1_0287_slice_01_z038.png,Very Mild Dementia/OAS1_0287/OAS1_0287_slice_01_z038.png,OAS1_0287,Very Mild Dementia,1,0,Non-Demented,0,2.7818902355148536,-0.7504161873890427,-6.098812808447029,-1.0499019801287912
OASIS_1,LinearSVM,13,test,rotation__moderate,rotation,moderate,D:\OASIS_1\distortions_32\rotation\moderate\Very_Mild_Dementia\OAS1_0287\OAS1_0287_slice_02_z041.png,Very_Mild_Dementia/OAS1_0287/OAS1_0287_slice_02_z041.png,Very Mild Dementia/OAS1_0287/OAS1_0287_slice_02_z041.png,OAS1_0287,Very Mild Dementia,1,1,Very Mild Dementia,1,0.5927791805585377,2.8036441465195643,-6.74782758264187,-1.2072683316962316
OASIS_1,LinearSVM,13,test,rotation__moderate,rotation,moderate,D:\OASIS_1\distortions_32\rotation\moderate\Very_Mild_Dementia\OAS1_0287\OAS1_0287_slice_03_z043.png,Very_Mild_Dementia/OAS1_0287/OAS1_0287_slice_03_z043.png,Very Mild Dementia/OAS1_0287/OAS1_0287_slice_03_z043.png,OAS1_0287,Very Mild Dementia,1,1,Very Mild Dementia,1,-0.8329227125289252,4.406007724514231,-5.525789545007563,-1.2317186118214547
OASIS_1,LinearSVM,13,test,rotation__moderate,rotation,moderate,D:\OASIS_1\distortions_32\rotation\moderate\Very_Mild_Dementia\OAS1_0287\OAS1_0287_slice_04_z046.png,Very_Mild_Dementia/OAS1_0287/OAS1_0287_slice_04_z046.png,Very Mild Dementia/OAS1_0287/OAS1_0287_slice_04_z046.png,OAS1_0287,Very Mild Dementia,1,0,Non-Demented,0,1.0169331701777136,-2.9420616106194153,-2.099176928669564,-1.1217175290326404
OASIS_1,LinearSVM,13,test,rotation__moderate,rotation,moderate,D:\OASIS_1\distortions_32\rotation\moderate\Very_Mild_Dementia\OAS1_0287\OAS1_0287_slice_05_z049.png,Very_Mild_Dementia/OAS1_0287/OAS1_0287_slice_05_z049.png,Very Mild Dementia/OAS1_0287/OAS1_0287_slice_05_z049.png,OAS1_0287,Very Mild Dementia,1,0,Non-Demented,0,3.0368539023728847,-0.3908371664134971,-4.171806298213342,-1.1729761382985853
OASIS_1,LinearSVM,13,test,rotation__moderate,rotation,moderate,D:\OASIS_1\distortions_32\rotation\moderate\Very_Mild_Dementia\OAS1_0287\OAS1_0287_slice_06_z051.png,Very_Mild_Dementia/OAS1_0287/OAS1_0287_slice_06_z051.png,Very Mild Dementia/OAS1_0287/OAS1_0287_slice_06_z051.png,OAS1_0287,Very Mild Dementia,1,0,Non-Demented,0,2.359339024262476,-0.33160887796584904,-3.7122211161818095,-1.2274733494501793
OASIS_1,LinearSVM,13,test,rotation__moderate,rotation,moderate,D:\OASIS_1\distortions_32\rotation\moderate\Very_Mild_Dementia\OAS1_0287\OAS1_0287_slice_07_z054.png,Very_Mild_Dementia/OAS1_0287/OAS1_0287_slice_07_z054.png,Very Mild Dementia/OAS1_0287/OAS1_0287_slice_07_z054.png,OAS1_0287,Very Mild Dementia,1,0,Non-Demented,0,0.8399638840280136,-0.3323014196310321,-3.9742366910467286,-1.1091109395277057
OASIS_1,LinearSVM,13,test,rotation__moderate,rotation,moderate,D:\OASIS_1\distortions_32\rotation\moderate\Very_Mild_Dementia\OAS1_0287\OAS1_0287_slice_08_z057.png,Very_Mild_Dementia/OAS1_0287/OAS1_0287_slice_08_z057.png,Very Mild Dementia/OAS1_0287/OAS1_0287_slice_08_z057.png,OAS1_0287,Very Mild Dementia,1,1,Very Mild Dementia,1,-2.30577604755178,1.700047130407878,-2.8737437353764164,-1.0331473585015445
OASIS_1,LinearSVM,13,test,rotation__moderate,rotation,moderate,D:\OASIS_1\distortions_32\rotation\moderate\Very_Mild_Dementia\OAS1_0287\OAS1_0287_slice_09_z059.png,Very_Mild_Dementia/OAS1_0287/OAS1_0287_slice_09_z059.png,Very Mild Dementia/OAS1_0287/OAS1_0287_slice_09_z059.png,OAS1_0287,Very Mild Dementia,1,1,Very Mild Dementia,1,-1.4117809739639107,0.8191413954701803,-2.4809446780340365,-1.070017369081107
OASIS_1,LinearSVM,13,test,rotation__moderate,rotation,moderate,D:\OASIS_1\distortions_32\rotation\moderate\Very_Mild_Dementia\OAS1_0287\OAS1_0287_slice_10_z062.png,Very_Mild_Dementia/OAS1_0287/OAS1_0287_slice_10_z062.png,Very Mild Dementia/OAS1_0287/OAS1_0287_slice_10_z062.png,OAS1_0287,Very Mild Dementia,1,1,Very Mild Dementia,1,-2.984153231753214,4.409809829019039,-1.9866033837600503,-1.0929696392747572
OASIS_1,LinearSVM,13,test,rotation__moderate,rotation,moderate,D:\OASIS_1\distortions_32\rotation\moderate\Very_Mild_Dementia\OAS1_0287\OAS1_0287_slice_11_z065.png,Very_Mild_Dementia/OAS1_0287/OAS1_0287_slice_11_z065.png,Very Mild Dementia/OAS1_0287/OAS1_0287_slice_11_z065.png,OAS1_0287,Very Mild Dementia,1,1,Very Mild Dementia,1,-4.754619164375238,5.655950438799952,-1.487249499150531,-1.1423140820747997
OASIS_1,LinearSVM,13,test,rotation__moderate,rotation,moderate,D:\OASIS_1\distortions_32\rotation\moderate\Very_Mild_Dementia\OAS1_0287\OAS1_0287_slice_12_z068.png,Very_Mild_Dementia/OAS1_0287/OAS1_0287_slice_12_z068.png,Very Mild Dementia/OAS1_0287/OAS1_0287_slice_12_z068.png,OAS1_0287,Very Mild Dementia,1,1,Very Mild Dementia,1,-4.05159261011556,4.827018991229741,-2.1013309947524856,-1.0014979759040248
OASIS_1,LinearSVM,13,test,rotation__moderate,rotation,moderate,D:\OASIS_1\distortions_32\rotation\moderate\Very_Mild_Dementia\OAS1_0287\OAS1_0287_slice_13_z070.png,Very_Mild_Dementia/OAS1_0287/OAS1_0287_slice_13_z070.png,Very Mild Dementia/OAS1_0287/OAS1_0287_slice_13_z070.png,OAS1_0287,Very Mild Dementia,1,1,Very Mild Dementia,1,-2.5107370675947775,1.849053540161663,-1.792916436813091,-1.0822072661374613
OASIS_1,LinearSVM,13,test,rotation__moderate,rotation,moderate,D:\OASIS_1\distortions_32\rotation\moderate\Very_Mild_Dementia\OAS1_0287\OAS1_0287_slice_14_z073.png,Very_Mild_Dementia/OAS1_0287/OAS1_0287_slice_14_z073.png,Very Mild Dementia/OAS1_0287/OAS1_0287_slice_14_z073.png,OAS1_0287,Very Mild Dementia,1,1,Very Mild Dementia,1,-2.5178065047472415,3.424315468494543,-2.732615887086338,-1.036248842213217
OASIS_1,LinearSVM,13,test,rotation__moderate,rotation,moderate,D:\OASIS_1\distortions_32\rotation\moderate\Very_Mild_Dementia\OAS1_0287\OAS1_0287_slice_15_z076.png,Very_Mild_Dementia/OAS1_0287/OAS1_0287_slice_15_z076.png,Very Mild Dementia/OAS1_0287/OAS1_0287_slice_15_z076.png,OAS1_0287,Very Mild Dementia,1,0,Non-Demented,0,0.044801716229664,-0.35753750676738316,-2.549746229910655,-1.0966782644359643
OASIS_1,LinearSVM,13,test,rotation__moderate,rotation,moderate,D:\OASIS_1\distortions_32\rotation\moderate\Very_Mild_Dementia\OAS1_0287\OAS1_0287_slice_16_z078.png,Very_Mild_Dementia/OAS1_0287/OAS1_0287_slice_16_z078.png,Very Mild Dementia/OAS1_0287/OAS1_0287_slice_16_z078.png,OAS1_0287,Very Mild Dementia,1,1,Very Mild Dementia,1,-2.405498659069506,4.67230386201631,-1.801337610091792,-1.1214700041518666
OASIS_1,LinearSVM,13,test,rotation__moderate,rotation,moderate,D:\OASIS_1\distortions_32\rotation\moderate\Very_Mild_Dementia\OAS1_0287\OAS1_0287_slice_17_z081.png,Very_Mild_Dementia/OAS1_0287/OAS1_0287_slice_17_z081.png,Very Mild Dementia/OAS1_0287/OAS1_0287_slice_17_z081.png,OAS1_0287,Very Mild Dementia,1,1,Very Mild Dementia,1,-1.7563495688625435,4.722769336058239,-3.1916300105794893,-1.1106560864946202
OASIS_1,LinearSVM,13,test,rotation__moderate,rotation,moderate,D:\OASIS_1\distortions_32\rotation\moderate\Very_Mild_Dementia\OAS1_0287\OAS1_0287_slice_18_z084.png,Very_Mild_Dementia/OAS1_0287/OAS1_0287_slice_18_z084.png,Very Mild Dementia/OAS1_0287/OAS1_0287_slice_18_z084.png,OAS1_0287,Very Mild Dementia,1,1,Very Mild Dementia,1,1.519288714712435,4.018489770100436,-6.312288832995713,-1.083059059400581
OASIS_1,LinearSVM,13,test,rotation__moderate,rotation,moderate,D:\OASIS_1\distortions_32\rotation\moderate\Very_Mild_Dementia\OAS1_0287\OAS1_0287_slice_19_z086.png,Very_Mild_Dementia/OAS1_0287/OAS1_0287_slice_19_z086.png,Very Mild Dementia/OAS1_0287/OAS1_0287_slice_19_z086.png,OAS1_0287,Very Mild Dementia,1,1,Very Mild Dementia,1,2.9196752524702685,3.1551153926879,-7.010472631406942,-1.1528625003180855
OASIS_1,LinearSVM,13,test,rotation__moderate,rotation,moderate,D:\OASIS_1\distortions_32\rotation\moderate\Very_Mild_Dementia\OAS1_0287\OAS1_0287_slice_20_z089.png,Very_Mild_Dementia/OAS1_0287/OAS1_0287_slice_20_z089.png,Very Mild Dementia/OAS1_0287/OAS1_0287_slice_20_z089.png,OAS1_0287,Very Mild Dementia,1,1,Very Mild Dementia,1,1.974372706169298,2.559326219573855,-7.2342546130003935,-1.4351066694374042
OASIS_1,LinearSVM,13,test,rotation__moderate,rotation,moderate,D:\OASIS_1\distortions_32\rotation\moderate\Very_Mild_Dementia\OAS1_0312\OAS1_0312_slice_01_z038.png,Very_Mild_Dementia/OAS1_0312/OAS1_0312_slice_01_z038.png,Very Mild Dementia/OAS1_0312/OAS1_0312_slice_01_z038.png,OAS1_0312,Very Mild Dementia,1,0,Non-Demented,0,0.7884292550779632,-2.8284600171005403,-0.5016974470489797,-1.5442824330485774
OASIS_1,LinearSVM,13,test,rotation__moderate,rotation,moderate,D:\OASIS_1\distortions_32\rotation\moderate\Very_Mild_Dementia\OAS1_0312\OAS1_0312_slice_02_z041.png,Very_Mild_Dementia/OAS1_0312/OAS1_0312_slice_02_z041.png,Very Mild Dementia/OAS1_0312/OAS1_0312_slice_02_z041.png,OAS1_0312,Very Mild Dementia,1,0,Non-Demented,0,8.734290641143485,-11.520142111989315,-2.278023641762466,-1.0392184499876966
OASIS_1,LinearSVM,13,test,rotation__moderate,rotation,moderate,D:\OASIS_1\distortions_32\rotation\moderate\Very_Mild_Dementia\OAS1_0312\OAS1_0312_slice_03_z043.png,Very_Mild_Dementia/OAS1_0312/OAS1_0312_slice_03_z043.png,Very Mild Dementia/OAS1_0312/OAS1_0312_slice_03_z043.png,OAS1_0312,Very Mild Dementia,1,0,Non-Demented,0,7.236013448437118,-11.544027127858907,-1.1964231710500486,-1.0768479077045838
OASIS_1,LinearSVM,13,test,rotation__moderate,rotation,moderate,D:\OASIS_1\distortions_32\rotation\moderate\Very_Mild_Dementia\OAS1_0312\OAS1_0312_slice_04_z046.png,Very_Mild_Dementia/OAS1_0312/OAS1_0312_slice_04_z046.png,Very Mild Dementia/OAS1_0312/OAS1_0312_slice_04_z046.png,OAS1_0312,Very Mild Dementia,1,2,Mild Dementia,0,-4.887817620120776,-4.215469411484229,0.5172231766397024,-1.1423042975068538
OASIS_1,LinearSVM,13,test,rotation__moderate,rotation,moderate,D:\OASIS_1\distortions_32\rotation\moderate\Very_Mild_Dementia\OAS1_0312\OAS1_0312_slice_05_z049.png,Very_Mild_Dementia/OAS1_0312/OAS1_0312_slice_05_z049.png,Very Mild Dementia/OAS1_0312/OAS1_0312_slice_05_z049.png,OAS1_0312,Very Mild Dementia,1,2,Mild Dementia,0,-6.440079197778511,-5.0371998636427815,-0.02359132657626084,-0.8518059217863789
OASIS_1,LinearSVM,13,test,rotation__moderate,rotation,moderate,D:\OASIS_1\distortions_32\rotation\moderate\Very_Mild_Dementia\OAS1_0312\OAS1_0312_slice_06_z051.png,Very_Mild_Dementia/OAS1_0312/OAS1_0312_slice_06_z051.png,Very Mild Dementia/OAS1_0312/OAS1_0312_slice_06_z051.png,OAS1_0312,Very Mild Dementia,1,2,Mild Dementia,0,-6.636786456437394,-4.397065624876958,-0.7971688394017951,-0.8181457028554919
OASIS_1,LinearSVM,13,test,rotation__moderate,rotation,moderate,D:\OASIS_1\distortions_32\rotation\moderate\Very_Mild_Dementia\OAS1_0312\OAS1_0312_slice_07_z054.png,Very_Mild_Dementia/OAS1_0312/OAS1_0312_slice_07_z054.png,Very Mild Dementia/OAS1_0312/OAS1_0312_slice_07_z054.png,OAS1_0312,Very Mild Dementia,1,3,Moderate Dementia,0,-2.9588063178403523,-3.6135372265979937,-3.6552647630136184,-0.9459836530397613
OASIS_1,LinearSVM,13,test,rotation__moderate,rotation,moderate,D:\OASIS_1\distortions_32\rotation\moderate\Very_Mild_Dementia\OAS1_0312\OAS1_0312_slice_08_z057.png,Very_Mild_Dementia/OAS1_0312/OAS1_0312_slice_08_z057.png,Very Mild Dementia/OAS1_0312/OAS1_0312_slice_08_z057.png,OAS1_0312,Very Mild Dementia,1,1,Very Mild Dementia,1,-4.440060852434119,0.27085090521174804,-4.237118795765063,-0.9066114599520277
OASIS_1,LinearSVM,13,test,rotation__moderate,rotation,moderate,D:\OASIS_1\distortions_32\rotation\moderate\Very_Mild_Dementia\OAS1_0312\OAS1_0312_slice_09_z059.png,Very_Mild_Dementia/OAS1_0312/OAS1_0312_slice_09_z059.png,Very Mild Dementia/OAS1_0312/OAS1_0312_slice_09_z059.png,OAS1_0312,Very Mild Dementia,1,0,Non-Demented,0,12.89661674731693,-17.866841532117327,-2.0040112383176045,-1.3313889733839017
OASIS_1,LinearSVM,13,test,rotation__moderate,rotation,moderate,D:\OASIS_1\distortions_32\rotation\moderate\Very_Mild_Dementia\OAS1_0312\OAS1_0312_slice_10_z062.png,Very_Mild_Dementia/OAS1_0312/OAS1_0312_slice_10_z062.png,Very Mild Dementia/OAS1_0312/OAS1_0312_slice_10_z062.png,OAS1_0312,Very Mild Dementia,1,0,Non-Demented,0,12.038310156478705,-16.979789000221867,-1.2030523667485844,-1.2273970279212654
OASIS_1,LinearSVM,13,test,rotation__moderate,rotation,moderate,D:\OASIS_1\distortions_32\rotation\moderate\Very_Mild_Dementia\OAS1_0312\OAS1_0312_slice_11_z065.png,Very_Mild_Dementia/OAS1_0312/OAS1_0312_slice_11_z065.png,Very Mild Dementia/OAS1_0312/OAS1_0312_slice_11_z065.png,OAS1_0312,Very Mild Dementia,1,1,Very Mild Dementia,1,-6.3730339553720095,-0.2700573467187728,-1.776199271784694,-0.7973537871824087
OASIS_1,LinearSVM,13,test,rotation__moderate,rotation,moderate,D:\OASIS_1\distortions_32\rotation\moderate\Very_Mild_Dementia\OAS1_0312\OAS1_0312_slice_12_z068.png,Very_Mild_Dementia/OAS1_0312/OAS1_0312_slice_12_z068.png,Very Mild Dementia/OAS1_0312/OAS1_0312_slice_12_z068.png,OAS1_0312,Very Mild Dementia,1,2,Mild Dementia,0,-7.155271794846436,-2.8036101897429715,-0.3308490404574971,-0.8345927918406073
OASIS_1,LinearSVM,13,test,rotation__moderate,rotation,moderate,D:\OASIS_1\distortions_32\rotation\moderate\Very_Mild_Dementia\OAS1_0312\OAS1_0312_slice_13_z070.png,Very_Mild_Dementia/OAS1_0312/OAS1_0312_slice_13_z070.png,Very Mild Dementia/OAS1_0312/OAS1_0312_slice_13_z070.png,OAS1_0312,Very Mild Dementia,1,2,Mild Dementia,0,-8.123060904900404,-2.152593009302355,0.17016342815899188,-0.8939343978494174
OASIS_1,LinearSVM,13,test,rotation__moderate,rotation,moderate,D:\OASIS_1\distortions_32\rotation\moderate\Very_Mild_Dementia\OAS1_0312\OAS1_0312_slice_14_z073.png,Very_Mild_Dementia/OAS1_0312/OAS1_0312_slice_14_z073.png,Very Mild Dementia/OAS1_0312/OAS1_0312_slice_14_z073.png,OAS1_0312,Very Mild Dementia,1,0,Non-Demented,0,9.6401720093856,-16.119429386915826,0.5882490208627624,-1.5454091749646612
OASIS_1,LinearSVM,13,test,rotation__moderate,rotation,moderate,D:\OASIS_1\distortions_32\rotation\moderate\Very_Mild_Dementia\OAS1_0312\OAS1_0312_slice_15_z076.png,Very_Mild_Dementia/OAS1_0312/OAS1_0312_slice_15_z076.png,Very Mild Dementia/OAS1_0312/OAS1_0312_slice_15_z076.png,OAS1_0312,Very Mild Dementia,1,0,Non-Demented,0,10.01356951648915,-15.802351262382196,-1.3374919137707704,-1.3543569232107642
OASIS_1,LinearSVM,13,test,rotation__moderate,rotation,moderate,D:\OASIS_1\distortions_32\rotation\moderate\Very_Mild_Dementia\OAS1_0312\OAS1_0312_slice_16_z078.png,Very_Mild_Dementia/OAS1_0312/OAS1_0312_slice_16_z078.png,Very Mild Dementia/OAS1_0312/OAS1_0312_slice_16_z078.png,OAS1_0312,Very Mild Dementia,1,0,Non-Demented,0,8.560434368772297,-14.861386367540499,-1.0672305382766378,-1.1398041333191697
OASIS_1,LinearSVM,13,test,rotation__moderate,rotation,moderate,D:\OASIS_1\distortions_32\rotation\moderate\Very_Mild_Dementia\OAS1_0312\OAS1_0312_slice_17_z081.png,Very_Mild_Dementia/OAS1_0312/OAS1_0312_slice_17_z081.png,Very Mild Dementia/OAS1_0312/OAS1_0312_slice_17_z081.png,OAS1_0312,Very Mild Dementia,1,0,Non-Demented,0,5.694006901783118,-11.030211011638153,-0.7888751472930973,-1.0806584832935449
OASIS_1,LinearSVM,13,test,rotation__moderate,rotation,moderate,D:\OASIS_1\distortions_32\rotation\moderate\Very_Mild_Dementia\OAS1_0312\OAS1_0312_slice_18_z084.png,Very_Mild_Dementia/OAS1_0312/OAS1_0312_slice_18_z084.png,Very Mild Dementia/OAS1_0312/OAS1_0312_slice_18_z084.png,OAS1_0312,Very Mild Dementia,1,0,Non-Demented,0,6.267418219574805,-9.657325190998787,-3.3833632599087036,-1.1752307420282233
OASIS_1,LinearSVM,13,test,rotation__moderate,rotation,moderate,D:\OASIS_1\distortions_32\rotation\moderate\Very_Mild_Dementia\OAS1_0312\OAS1_0312_slice_19_z086.png,Very_Mild_Dementia/OAS1_0312/OAS1_0312_slice_19_z086.png,Very Mild Dementia/OAS1_0312/OAS1_0312_slice_19_z086.png,OAS1_0312,Very Mild Dementia,1,0,Non-Demented,0,7.491021055114032,-7.835206101602315,-4.877293199869268,-1.2086688262560803
OASIS_1,LinearSVM,13,test,rotation__moderate,rotation,moderate,D:\OASIS_1\distortions_32\rotation\moderate\Very_Mild_Dementia\OAS1_0312\OAS1_0312_slice_20_z089.png,Very_Mild_Dementia/OAS1_0312/OAS1_0312_slice_20_z089.png,Very Mild Dementia/OAS1_0312/OAS1_0312_slice_20_z089.png,OAS1_0312,Very Mild Dementia,1,0,Non-Demented,0,7.26521409865917,-5.42426369084791,-7.665158073835652,-1.201165846600043
OASIS_1,LinearSVM,13,test,rotation__moderate,rotation,moderate,D:\OASIS_1\distortions_32\rotation\moderate\Very_Mild_Dementia\OAS1_0380\OAS1_0380_slice_01_z038.png,Very_Mild_Dementia/OAS1_0380/OAS1_0380_slice_01_z038.png,Very Mild Dementia/OAS1_0380/OAS1_0380_slice_01_z038.png,OAS1_0380,Very Mild Dementia,1,2,Mild Dementia,0,-1.7318614207545888,-3.087872601703281,1.1317303355118478,-1.0799096650111153
OASIS_1,LinearSVM,13,test,rotation__moderate,rotation,moderate,D:\OASIS_1\distortions_32\rotation\moderate\Very_Mild_Dementia\OAS1_0380\OAS1_0380_slice_02_z041.png,Very_Mild_Dementia/OAS1_0380/OAS1_0380_slice_02_z041.png,Very Mild Dementia/OAS1_0380/OAS1_0380_slice_02_z041.png,OAS1_0380,Very Mild Dementia,1,2,Mild Dementia,0,-3.3350878807568964,-4.06545729641578,2.0530238892432386,-0.6813467793155397
OASIS_1,LinearSVM,13,test,rotation__moderate,rotation,moderate,D:\OASIS_1\distortions_32\rotation\moderate\Very_Mild_Dementia\OAS1_0380\OAS1_0380_slice_03_z043.png,Very_Mild_Dementia/OAS1_0380/OAS1_0380_slice_03_z043.png,Very Mild Dementia/OAS1_0380/OAS1_0380_slice_03_z043.png,OAS1_0380,Very Mild Dementia,1,3,Moderate Dementia,0,-1.597690315490735,-1.2800644775352343,-2.556145272599392,-0.9514772798379738
OASIS_1,LinearSVM,13,test,rotation__moderate,rotation,moderate,D:\OASIS_1\distortions_32\rotation\moderate\Very_Mild_Dementia\OAS1_0380\OAS1_0380_slice_04_z046.png,Very_Mild_Dementia/OAS1_0380/OAS1_0380_slice_04_z046.png,Very Mild Dementia/OAS1_0380/OAS1_0380_slice_04_z046.png,OAS1_0380,Very Mild Dementia,1,0,Non-Demented,0,-0.48517345518059796,-2.8250175032622984,-2.5049765864868716,-0.9917815853103124
OASIS_1,LinearSVM,13,test,rotation__moderate,rotation,moderate,D:\OASIS_1\distortions_32\rotation\moderate\Very_Mild_Dementia\OAS1_0380\OAS1_0380_slice_05_z049.png,Very_Mild_Dementia/OAS1_0380/OAS1_0380_slice_05_z049.png,Very Mild Dementia/OAS1_0380/OAS1_0380_slice_05_z049.png,OAS1_0380,Very Mild Dementia,1,0,Non-Demented,0,1.5536624854573025,-0.7440642880293125,-4.520870870582906,-1.210593799013769
OASIS_1,LinearSVM,13,test,rotation__moderate,rotation,moderate,D:\OASIS_1\distortions_32\rotation\moderate\Very_Mild_Dementia\OAS1_0380\OAS1_0380_slice_06_z051.png,Very_Mild_Dementia/OAS1_0380/OAS1_0380_slice_06_z051.png,Very Mild Dementia/OAS1_0380/OAS1_0380_slice_06_z051.png,OAS1_0380,Very Mild Dementia,1,1,Very Mild Dementia,1,-0.10098119315040888,1.0122143498019303,-3.450200661076981,-1.2835068782402839
OASIS_1,LinearSVM,13,test,rotation__moderate,rotation,moderate,D:\OASIS_1\distortions_32\rotation\moderate\Very_Mild_Dementia\OAS1_0380\OAS1_0380_slice_07_z054.png,Very_Mild_Dementia/OAS1_0380/OAS1_0380_slice_07_z054.png,Very Mild Dementia/OAS1_0380/OAS1_0380_slice_07_z054.png,OAS1_0380,Very Mild Dementia,1,1,Very Mild Dementia,1,0.7193181669435456,4.157177879486529,-2.944077056384045,-1.5875198713577259
OASIS_1,LinearSVM,13,test,rotation__moderate,rotation,moderate,D:\OASIS_1\distortions_32\rotation\moderate\Very_Mild_Dementia\OAS1_0380\OAS1_0380_slice_08_z057.png,Very_Mild_Dementia/OAS1_0380/OAS1_0380_slice_08_z057.png,Very Mild Dementia/OAS1_0380/OAS1_0380_slice_08_z057.png,OAS1_0380,Very Mild Dementia,1,0,Non-Demented,0,0.8378439012860979,-2.536223868773271,0.20474614556175652,-0.9419855560853504
OASIS_1,LinearSVM,13,test,rotation__moderate,rotation,moderate,D:\OASIS_1\distortions_32\rotation\moderate\Very_Mild_Dementia\OAS1_0380\OAS1_0380_slice_09_z059.png,Very_Mild_Dementia/OAS1_0380/OAS1_0380_slice_09_z059.png,Very Mild Dementia/OAS1_0380/OAS1_0380_slice_09_z059.png,OAS1_0380,Very Mild Dementia,1,1,Very Mild Dementia,1,-0.08587601721712956,5.489464962041527,-3.1595547838942553,-1.2243742147118817
OASIS_1,LinearSVM,13,test,rotation__moderate,rotation,moderate,D:\OASIS_1\distortions_32\rotation\moderate\Very_Mild_Dementia\OAS1_0380\OAS1_0380_slice_10_z062.png,Very_Mild_Dementia/OAS1_0380/OAS1_0380_slice_10_z062.png,Very Mild Dementia/OAS1_0380/OAS1_0380_slice_10_z062.png,OAS1_0380,Very Mild Dementia,1,1,Very Mild Dementia,1,0.6390209245189518,2.7993970389495266,-2.8644272137727507,-1.2543712971033691
OASIS_1,LinearSVM,13,test,rotation__moderate,rotation,moderate,D:\OASIS_1\distortions_32\rotation\moderate\Very_Mild_Dementia\OAS1_0380\OAS1_0380_slice_11_z065.png,Very_Mild_Dementia/OAS1_0380/OAS1_0380_slice_11_z065.png,Very Mild Dementia/OAS1_0380/OAS1_0380_slice_11_z065.png,OAS1_0380,Very Mild Dementia,1,2,Mild Dementia,0,-1.7528664593148626,-1.369275725208012,1.9028333359881975,-0.8456534231726635
OASIS_1,LinearSVM,13,test,rotation__moderate,rotation,moderate,D:\OASIS_1\distortions_32\rotation\moderate\Very_Mild_Dementia\OAS1_0380\OAS1_0380_slice_12_z068.png,Very_Mild_Dementia/OAS1_0380/OAS1_0380_slice_12_z068.png,Very Mild Dementia/OAS1_0380/OAS1_0380_slice_12_z068.png,OAS1_0380,Very Mild Dementia,1,1,Very Mild Dementia,1,0.2656635603083607,1.321560526546146,-0.5462809003764106,-1.4132501768784511
OASIS_1,LinearSVM,13,test,rotation__moderate,rotation,moderate,D:\OASIS_1\distortions_32\rotation\moderate\Very_Mild_Dementia\OAS1_0380\OAS1_0380_slice_13_z070.png,Very_Mild_Dementia/OAS1_0380/OAS1_0380_slice_13_z070.png,Very Mild Dementia/OAS1_0380/OAS1_0380_slice_13_z070.png,OAS1_0380,Very Mild Dementia,1,1,Very Mild Dementia,1,-0.23222647856992618,0.9417132233829002,0.28728999212292283,-1.5933770817469408
OASIS_1,LinearSVM,13,test,rotation__moderate,rotation,moderate,D:\OASIS_1\distortions_32\rotation\moderate\Very_Mild_Dementia\OAS1_0380\OAS1_0380_slice_14_z073.png,Very_Mild_Dementia/OAS1_0380/OAS1_0380_slice_14_z073.png,Very Mild Dementia/OAS1_0380/OAS1_0380_slice_14_z073.png,OAS1_0380,Very Mild Dementia,1,0,Non-Demented,0,1.7514944378939172,-0.7017135600219875,-1.0016708754351604,-1.2529675975222254
OASIS_1,LinearSVM,13,test,rotation__moderate,rotation,moderate,D:\OASIS_1\distortions_32\rotation\moderate\Very_Mild_Dementia\OAS1_0380\OAS1_0380_slice_15_z076.png,Very_Mild_Dementia/OAS1_0380/OAS1_0380_slice_15_z076.png,Very Mild Dementia/OAS1_0380/OAS1_0380_slice_15_z076.png,OAS1_0380,Very Mild Dementia,1,0,Non-Demented,0,0.9395116300222237,-0.35298423863561545,-0.473683485988843,-1.3230492873502937
OASIS_1,LinearSVM,13,test,rotation__moderate,rotation,moderate,D:\OASIS_1\distortions_32\rotation\moderate\Very_Mild_Dementia\OAS1_0380\OAS1_0380_slice_16_z078.png,Very_Mild_Dementia/OAS1_0380/OAS1_0380_slice_16_z078.png,Very Mild Dementia/OAS1_0380/OAS1_0380_slice_16_z078.png,OAS1_0380,Very Mild Dementia,1,0,Non-Demented,0,1.197113938324451,-3.0093608120662343,0.8100080245638708,-1.2688948502406046
OASIS_1,LinearSVM,13,test,rotation__moderate,rotation,moderate,D:\OASIS_1\distortions_32\rotation\moderate\Very_Mild_Dementia\OAS1_0380\OAS1_0380_slice_17_z081.png,Very_Mild_Dementia/OAS1_0380/OAS1_0380_slice_17_z081.png,Very Mild Dementia/OAS1_0380/OAS1_0380_slice_17_z081.png,OAS1_0380,Very Mild Dementia,1,0,Non-Demented,0,0.9028058172176741,-3.102752720301422,-0.7195640205357776,-1.2973459838262973
OASIS_1,LinearSVM,13,test,rotation__moderate,rotation,moderate,D:\OASIS_1\distortions_32\rotation\moderate\Very_Mild_Dementia\OAS1_0380\OAS1_0380_slice_18_z084.png,Very_Mild_Dementia/OAS1_0380/OAS1_0380_slice_18_z084.png,Very Mild Dementia/OAS1_0380/OAS1_0380_slice_18_z084.png,OAS1_0380,Very Mild Dementia,1,1,Very Mild Dementia,1,-1.748131090662536,0.8164509210997832,-0.5761089751890291,-1.2856477284704593
OASIS_1,LinearSVM,13,test,rotation__moderate,rotation,moderate,D:\OASIS_1\distortions_32\rotation\moderate\Very_Mild_Dementia\OAS1_0380\OAS1_0380_slice_19_z086.png,Very_Mild_Dementia/OAS1_0380/OAS1_0380_slice_19_z086.png,Very Mild Dementia/OAS1_0380/OAS1_0380_slice_19_z086.png,OAS1_0380,Very Mild Dementia,1,0,Non-Demented,0,1.4277323275246538,-1.6301041190193493,-0.5462088822403017,-1.1247019577002857
OASIS_1,LinearSVM,13,test,rotation__moderate,rotation,moderate,D:\OASIS_1\distortions_32\rotation\moderate\Very_Mild_Dementia\OAS1_0380\OAS1_0380_slice_20_z089.png,Very_Mild_Dementia/OAS1_0380/OAS1_0380_slice_20_z089.png,Very Mild Dementia/OAS1_0380/OAS1_0380_slice_20_z089.png,OAS1_0380,Very Mild Dementia,1,0,Non-Demented,0,1.148380296619294,-3.569103314349433,-0.3772129090270142,-1.114008604717758
OASIS_1,LinearSVM,13,test,rotation__moderate,rotation,moderate,D:\OASIS_1\distortions_32\rotation\moderate\Very_Mild_Dementia\OAS1_0400\OAS1_0400_slice_01_z038.png,Very_Mild_Dementia/OAS1_0400/OAS1_0400_slice_01_z038.png,Very Mild Dementia/OAS1_0400/OAS1_0400_slice_01_z038.png,OAS1_0400,Very Mild Dementia,1,1,Very Mild Dementia,1,-5.714576712620615,2.9831969467005135,-1.3622908738935866,-1.0332513373038341
OASIS_1,LinearSVM,13,test,rotation__moderate,rotation,moderate,D:\OASIS_1\distortions_32\rotation\moderate\Very_Mild_Dementia\OAS1_0400\OAS1_0400_slice_02_z041.png,Very_Mild_Dementia/OAS1_0400/OAS1_0400_slice_02_z041.png,Very Mild Dementia/OAS1_0400/OAS1_0400_slice_02_z041.png,OAS1_0400,Very Mild Dementia,1,0,Non-Demented,0,1.3520995746672817,-10.259669224108444,1.2246607302525612,-1.153789858663676
OASIS_1,LinearSVM,13,test,rotation__moderate,rotation,moderate,D:\OASIS_1\distortions_32\rotation\moderate\Very_Mild_Dementia\OAS1_0400\OAS1_0400_slice_03_z043.png,Very_Mild_Dementia/OAS1_0400/OAS1_0400_slice_03_z043.png,Very Mild Dementia/OAS1_0400/OAS1_0400_slice_03_z043.png,OAS1_0400,Very Mild Dementia,1,0,Non-Demented,0,4.420107366638509,-12.892685350246541,1.6687616271930898,-1.0575831915892664
OASIS_1,LinearSVM,13,test,rotation__moderate,rotation,moderate,D:\OASIS_1\distortions_32\rotation\moderate\Very_Mild_Dementia\OAS1_0400\OAS1_0400_slice_04_z046.png,Very_Mild_Dementia/OAS1_0400/OAS1_0400_slice_04_z046.png,Very Mild Dementia/OAS1_0400/OAS1_0400_slice_04_z046.png,OAS1_0400,Very Mild Dementia,1,0,Non-Demented,0,2.6033223046253195,-10.591735692294206,0.6638240189162614,-1.0103673039078411
OASIS_1,LinearSVM,13,test,rotation__moderate,rotation,moderate,D:\OASIS_1\distortions_32\rotation\moderate\Very_Mild_Dementia\OAS1_0400\OAS1_0400_slice_05_z049.png,Very_Mild_Dementia/OAS1_0400/OAS1_0400_slice_05_z049.png,Very Mild Dementia/OAS1_0400/OAS1_0400_slice_05_z049.png,OAS1_0400,Very Mild Dementia,1,1,Very Mild Dementia,1,-5.055245261527014,1.0233096159763284,-0.47376470205265564,-0.9202356272243736
OASIS_1,LinearSVM,13,test,rotation__moderate,rotation,moderate,D:\OASIS_1\distortions_32\rotation\moderate\Very_Mild_Dementia\OAS1_0400\OAS1_0400_slice_06_z051.png,Very_Mild_Dementia/OAS1_0400/OAS1_0400_slice_06_z051.png,Very Mild Dementia/OAS1_0400/OAS1_0400_slice_06_z051.png,OAS1_0400,Very Mild Dementia,1,0,Non-Demented,0,9.37370375261324,-11.905221172065353,-2.750356064611776,-1.0087684175274012
OASIS_1,LinearSVM,13,test,rotation__moderate,rotation,moderate,D:\OASIS_1\distortions_32\rotation\moderate\Very_Mild_Dementia\OAS1_0400\OAS1_0400_slice_07_z054.png,Very_Mild_Dementia/OAS1_0400/OAS1_0400_slice_07_z054.png,Very Mild Dementia/OAS1_0400/OAS1_0400_slice_07_z054.png,OAS1_0400,Very Mild Dementia,1,1,Very Mild Dementia,1,-6.260621911714446,3.201730692121567,-0.6932213628805624,-0.9422522240901741
OASIS_1,LinearSVM,13,test,rotation__moderate,rotation,moderate,D:\OASIS_1\distortions_32\rotation\moderate\Very_Mild_Dementia\OAS1_0400\OAS1_0400_slice_08_z057.png,Very_Mild_Dementia/OAS1_0400/OAS1_0400_slice_08_z057.png,Very Mild Dementia/OAS1_0400/OAS1_0400_slice_08_z057.png,OAS1_0400,Very Mild Dementia,1,1,Very Mild Dementia,1,-4.913202500174482,0.979549012190311,-0.023346134965678722,-0.9235257625271647
OASIS_1,LinearSVM,13,test,rotation__moderate,rotation,moderate,D:\OASIS_1\distortions_32\rotation\moderate\Very_Mild_Dementia\OAS1_0400\OAS1_0400_slice_09_z059.png,Very_Mild_Dementia/OAS1_0400/OAS1_0400_slice_09_z059.png,Very Mild Dementia/OAS1_0400/OAS1_0400_slice_09_z059.png,OAS1_0400,Very Mild Dementia,1,0,Non-Demented,0,15.611451530997265,-21.161988130776393,-0.8715272792191193,-0.9066904903664679
OASIS_1,LinearSVM,13,test,rotation__moderate,rotation,moderate,D:\OASIS_1\distortions_32\rotation\moderate\Very_Mild_Dementia\OAS1_0400\OAS1_0400_slice_10_z062.png,Very_Mild_Dementia/OAS1_0400/OAS1_0400_slice_10_z062.png,Very Mild Dementia/OAS1_0400/OAS1_0400_slice_10_z062.png,OAS1_0400,Very Mild Dementia,1,1,Very Mild Dementia,1,-7.597688003511776,2.2481275838542403,-0.8814011257458874,-0.8540798678026242
OASIS_1,LinearSVM,13,test,rotation__moderate,rotation,moderate,D:\OASIS_1\distortions_32\rotation\moderate\Very_Mild_Dementia\OAS1_0400\OAS1_0400_slice_11_z065.png,Very_Mild_Dementia/OAS1_0400/OAS1_0400_slice_11_z065.png,Very Mild Dementia/OAS1_0400/OAS1_0400_slice_11_z065.png,OAS1_0400,Very Mild Dementia,1,0,Non-Demented,0,13.98340996404935,-18.738045505740576,-2.4078497934935914,-1.055221958517654
OASIS_1,LinearSVM,13,test,rotation__moderate,rotation,moderate,D:\OASIS_1\distortions_32\rotation\moderate\Very_Mild_Dementia\OAS1_0400\OAS1_0400_slice_12_z068.png,Very_Mild_Dementia/OAS1_0400/OAS1_0400_slice_12_z068.png,Very Mild Dementia/OAS1_0400/OAS1_0400_slice_12_z068.png,OAS1_0400,Very Mild Dementia,1,1,Very Mild Dementia,1,-8.338216805993017,2.7335810196926187,0.08186521582962003,-0.8972325247897144
OASIS_1,LinearSVM,13,test,rotation__moderate,rotation,moderate,D:\OASIS_1\distortions_32\rotation\moderate\Very_Mild_Dementia\OAS1_0400\OAS1_0400_slice_13_z070.png,Very_Mild_Dementia/OAS1_0400/OAS1_0400_slice_13_z070.png,Very Mild Dementia/OAS1_0400/OAS1_0400_slice_13_z070.png,OAS1_0400,Very Mild Dementia,1,0,Non-Demented,0,7.08076526430924,-10.28962809079958,-3.2708519729250667,-0.9197204240797576
OASIS_1,LinearSVM,13,test,rotation__moderate,rotation,moderate,D:\OASIS_1\distortions_32\rotation\moderate\Very_Mild_Dementia\OAS1_0400\OAS1_0400_slice_14_z073.png,Very_Mild_Dementia/OAS1_0400/OAS1_0400_slice_14_z073.png,Very Mild Dementia/OAS1_0400/OAS1_0400_slice_14_z073.png,OAS1_0400,Very Mild Dementia,1,0,Non-Demented,0,2.3150831616722116,-11.00988036126476,-0.02317260991315706,-0.8516980848359184
OASIS_1,LinearSVM,13,test,rotation__moderate,rotation,moderate,D:\OASIS_1\distortions_32\rotation\moderate\Very_Mild_Dementia\OAS1_0400\OAS1_0400_slice_15_z076.png,Very_Mild_Dementia/OAS1_0400/OAS1_0400_slice_15_z076.png,Very Mild Dementia/OAS1_0400/OAS1_0400_slice_15_z076.png,OAS1_0400,Very Mild Dementia,1,0,Non-Demented,0,2.891427508346535,-13.349899367131952,0.943203492689221,-0.9593185693367405
OASIS_1,LinearSVM,13,test,rotation__moderate,rotation,moderate,D:\OASIS_1\distortions_32\rotation\moderate\Very_Mild_Dementia\OAS1_0400\OAS1_0400_slice_16_z078.png,Very_Mild_Dementia/OAS1_0400/OAS1_0400_slice_16_z078.png,Very Mild Dementia/OAS1_0400/OAS1_0400_slice_16_z078.png,OAS1_0400,Very Mild Dementia,1,0,Non-Demented,0,2.73315022341069,-12.704922342658529,0.4567990409063567,-0.9819784771035049
OASIS_1,LinearSVM,13,test,rotation__moderate,rotation,moderate,D:\OASIS_1\distortions_32\rotation\moderate\Very_Mild_Dementia\OAS1_0400\OAS1_0400_slice_17_z081.png,Very_Mild_Dementia/OAS1_0400/OAS1_0400_slice_17_z081.png,Very Mild Dementia/OAS1_0400/OAS1_0400_slice_17_z081.png,OAS1_0400,Very Mild Dementia,1,1,Very Mild Dementia,1,-4.060416375552425,3.2016740121557876,-2.0120184216738073,-0.9498853426972701
OASIS_1,LinearSVM,13,test,rotation__moderate,rotation,moderate,D:\OASIS_1\distortions_32\rotation\moderate\Very_Mild_Dementia\OAS1_0400\OAS1_0400_slice_18_z084.png,Very_Mild_Dementia/OAS1_0400/OAS1_0400_slice_18_z084.png,Very Mild Dementia/OAS1_0400/OAS1_0400_slice_18_z084.png,OAS1_0400,Very Mild Dementia,1,0,Non-Demented,0,0.17805152701226967,-4.895851739807613,-0.6657991302278337,-0.9449936014638303
OASIS_1,LinearSVM,13,test,rotation__moderate,rotation,moderate,D:\OASIS_1\distortions_32\rotation\moderate\Very_Mild_Dementia\OAS1_0400\OAS1_0400_slice_19_z086.png,Very_Mild_Dementia/OAS1_0400/OAS1_0400_slice_19_z086.png,Very Mild Dementia/OAS1_0400/OAS1_0400_slice_19_z086.png,OAS1_0400,Very Mild Dementia,1,0,Non-Demented,0,0.5531882980653284,-2.42430244541352,-1.212973714362368,-0.6451850260966479
OASIS_1,LinearSVM,13,test,rotation__moderate,rotation,moderate,D:\OASIS_1\distortions_32\rotation\moderate\Very_Mild_Dementia\OAS1_0400\OAS1_0400_slice_20_z089.png,Very_Mild_Dementia/OAS1_0400/OAS1_0400_slice_20_z089.png,Very Mild Dementia/OAS1_0400/OAS1_0400_slice_20_z089.png,OAS1_0400,Very Mild Dementia,1,1,Very Mild Dementia,1,-1.8937979794642947,3.1140332008390517,-2.7495426709811412,-1.1723720415112966
OASIS_1,LinearSVM,13,test,rotation__moderate,rotation,moderate,D:\OASIS_1\distortions_32\rotation\moderate\Very_Mild_Dementia\OAS1_0432\OAS1_0432_slice_01_z038.png,Very_Mild_Dementia/OAS1_0432/OAS1_0432_slice_01_z038.png,Very Mild Dementia/OAS1_0432/OAS1_0432_slice_01_z038.png,OAS1_0432,Very Mild Dementia,1,0,Non-Demented,0,4.503755417992623,-1.3025914981397446,-7.74127397273693,-1.0782910027748434
OASIS_1,LinearSVM,13,test,rotation__moderate,rotation,moderate,D:\OASIS_1\distortions_32\rotation\moderate\Very_Mild_Dementia\OAS1_0432\OAS1_0432_slice_02_z041.png,Very_Mild_Dementia/OAS1_0432/OAS1_0432_slice_02_z041.png,Very Mild Dementia/OAS1_0432/OAS1_0432_slice_02_z041.png,OAS1_0432,Very Mild Dementia,1,0,Non-Demented,0,3.6504492808980222,-5.445793351617999,-3.405678875608463,-1.455159695362094
OASIS_1,LinearSVM,13,test,rotation__moderate,rotation,moderate,D:\OASIS_1\distortions_32\rotation\moderate\Very_Mild_Dementia\OAS1_0432\OAS1_0432_slice_03_z043.png,Very_Mild_Dementia/OAS1_0432/OAS1_0432_slice_03_z043.png,Very Mild Dementia/OAS1_0432/OAS1_0432_slice_03_z043.png,OAS1_0432,Very Mild Dementia,1,0,Non-Demented,0,3.3906550948431535,-1.049732722065543,-5.994052357212203,-1.208513716967188
OASIS_1,LinearSVM,13,test,rotation__moderate,rotation,moderate,D:\OASIS_1\distortions_32\rotation\moderate\Very_Mild_Dementia\OAS1_0432\OAS1_0432_slice_04_z046.png,Very_Mild_Dementia/OAS1_0432/OAS1_0432_slice_04_z046.png,Very Mild Dementia/OAS1_0432/OAS1_0432_slice_04_z046.png,OAS1_0432,Very Mild Dementia,1,0,Non-Demented,0,6.697660297354765,-7.734692269719785,-2.2739608149755735,-1.228584420740554
OASIS_1,LinearSVM,13,test,rotation__moderate,rotation,moderate,D:\OASIS_1\distortions_32\rotation\moderate\Very_Mild_Dementia\OAS1_0432\OAS1_0432_slice_05_z049.png,Very_Mild_Dementia/OAS1_0432/OAS1_0432_slice_05_z049.png,Very Mild Dementia/OAS1_0432/OAS1_0432_slice_05_z049.png,OAS1_0432,Very Mild Dementia,1,0,Non-Demented,0,5.703445410458677,-7.081635230279966,-2.868172993264093,-1.260010033512894
OASIS_1,LinearSVM,13,test,rotation__moderate,rotation,moderate,D:\OASIS_1\distortions_32\rotation\moderate\Very_Mild_Dementia\OAS1_0432\OAS1_0432_slice_06_z051.png,Very_Mild_Dementia/OAS1_0432/OAS1_0432_slice_06_z051.png,Very Mild Dementia/OAS1_0432/OAS1_0432_slice_06_z051.png,OAS1_0432,Very Mild Dementia,1,0,Non-Demented,0,4.010805150763243,-6.441030184598215,-2.5452993391175305,-1.2570222774866866
OASIS_1,LinearSVM,13,test,rotation__moderate,rotation,moderate,D:\OASIS_1\distortions_32\rotation\moderate\Very_Mild_Dementia\OAS1_0432\OAS1_0432_slice_07_z054.png,Very_Mild_Dementia/OAS1_0432/OAS1_0432_slice_07_z054.png,Very Mild Dementia/OAS1_0432/OAS1_0432_slice_07_z054.png,OAS1_0432,Very Mild Dementia,1,0,Non-Demented,0,6.216631967731676,-7.077160665364255,-3.6389591638143015,-1.2448640329172356
OASIS_1,LinearSVM,13,test,rotation__moderate,rotation,moderate,D:\OASIS_1\distortions_32\rotation\moderate\Very_Mild_Dementia\OAS1_0432\OAS1_0432_slice_08_z057.png,Very_Mild_Dementia/OAS1_0432/OAS1_0432_slice_08_z057.png,Very Mild Dementia/OAS1_0432/OAS1_0432_slice_08_z057.png,OAS1_0432,Very Mild Dementia,1,0,Non-Demented,0,4.092472907244567,-6.209189896800902,-2.089534012023489,-1.1134627663607148
OASIS_1,LinearSVM,13,test,rotation__moderate,rotation,moderate,D:\OASIS_1\distortions_32\rotation\moderate\Very_Mild_Dementia\OAS1_0432\OAS1_0432_slice_09_z059.png,Very_Mild_Dementia/OAS1_0432/OAS1_0432_slice_09_z059.png,Very Mild Dementia/OAS1_0432/OAS1_0432_slice_09_z059.png,OAS1_0432,Very Mild Dementia,1,0,Non-Demented,0,3.5251784000800512,-5.316048452541871,-2.3390097766736835,-1.0191026805547745
OASIS_1,LinearSVM,13,test,rotation__moderate,rotation,moderate,D:\OASIS_1\distortions_32\rotation\moderate\Very_Mild_Dementia\OAS1_0432\OAS1_0432_slice_10_z062.png,Very_Mild_Dementia/OAS1_0432/OAS1_0432_slice_10_z062.png,Very Mild Dementia/OAS1_0432/OAS1_0432_slice_10_z062.png,OAS1_0432,Very Mild Dementia,1,0,Non-Demented,0,2.4657042167077448,-4.081354067160514,-2.501065754129552,-1.0482246577483136
OASIS_1,LinearSVM,13,test,rotation__moderate,rotation,moderate,D:\OASIS_1\distortions_32\rotation\moderate\Very_Mild_Dementia\OAS1_0432\OAS1_0432_slice_11_z065.png,Very_Mild_Dementia/OAS1_0432/OAS1_0432_slice_11_z065.png,Very Mild Dementia/OAS1_0432/OAS1_0432_slice_11_z065.png,OAS1_0432,Very Mild Dementia,1,0,Non-Demented,0,0.6667620351272631,-1.5402537403853973,-2.463056645263363,-1.1258544351319908
OASIS_1,LinearSVM,13,test,rotation__moderate,rotation,moderate,D:\OASIS_1\distortions_32\rotation\moderate\Very_Mild_Dementia\OAS1_0432\OAS1_0432_slice_12_z068.png,Very_Mild_Dementia/OAS1_0432/OAS1_0432_slice_12_z068.png,Very Mild Dementia/OAS1_0432/OAS1_0432_slice_12_z068.png,OAS1_0432,Very Mild Dementia,1,0,Non-Demented,0,5.139909084284198,-6.250130868536809,-2.1686739014565086,-1.2121314267001213
OASIS_1,LinearSVM,13,test,rotation__moderate,rotation,moderate,D:\OASIS_1\distortions_32\rotation\moderate\Very_Mild_Dementia\OAS1_0432\OAS1_0432_slice_13_z070.png,Very_Mild_Dementia/OAS1_0432/OAS1_0432_slice_13_z070.png,Very Mild Dementia/OAS1_0432/OAS1_0432_slice_13_z070.png,OAS1_0432,Very Mild Dementia,1,0,Non-Demented,0,5.746164356509379,-6.4580290040128325,-2.770242181845916,-1.200440721857447
OASIS_1,LinearSVM,13,test,rotation__moderate,rotation,moderate,D:\OASIS_1\distortions_32\rotation\moderate\Very_Mild_Dementia\OAS1_0432\OAS1_0432_slice_14_z073.png,Very_Mild_Dementia/OAS1_0432/OAS1_0432_slice_14_z073.png,Very Mild Dementia/OAS1_0432/OAS1_0432_slice_14_z073.png,OAS1_0432,Very Mild Dementia,1,0,Non-Demented,0,7.433707822215456,-7.059985563792363,-2.307240837111059,-1.225479451440159
OASIS_1,LinearSVM,13,test,rotation__moderate,rotation,moderate,D:\OASIS_1\distortions_32\rotation\moderate\Very_Mild_Dementia\OAS1_0432\OAS1_0432_slice_15_z076.png,Very_Mild_Dementia/OAS1_0432/OAS1_0432_slice_15_z076.png,Very Mild Dementia/OAS1_0432/OAS1_0432_slice_15_z076.png,OAS1_0432,Very Mild Dementia,1,0,Non-Demented,0,4.392339510587786,-4.871099991979161,-5.012650535966211,-0.806173203417174
OASIS_1,LinearSVM,13,test,rotation__moderate,rotation,moderate,D:\OASIS_1\distortions_32\rotation\moderate\Very_Mild_Dementia\OAS1_0432\OAS1_0432_slice_16_z078.png,Very_Mild_Dementia/OAS1_0432/OAS1_0432_slice_16_z078.png,Very Mild Dementia/OAS1_0432/OAS1_0432_slice_16_z078.png,OAS1_0432,Very Mild Dementia,1,0,Non-Demented,0,4.9304625608765615,-4.629214539704734,-6.241929600183278,-0.8806397698457819
OASIS_1,LinearSVM,13,test,rotation__moderate,rotation,moderate,D:\OASIS_1\distortions_32\rotation\moderate\Very_Mild_Dementia\OAS1_0432\OAS1_0432_slice_17_z081.png,Very_Mild_Dementia/OAS1_0432/OAS1_0432_slice_17_z081.png,Very Mild Dementia/OAS1_0432/OAS1_0432_slice_17_z081.png,OAS1_0432,Very Mild Dementia,1,0,Non-Demented,0,3.932965014549996,-6.0074389490568105,-2.2617529789579125,-1.2447056686265916
OASIS_1,LinearSVM,13,test,rotation__moderate,rotation,moderate,D:\OASIS_1\distortions_32\rotation\moderate\Very_Mild_Dementia\OAS1_0432\OAS1_0432_slice_18_z084.png,Very_Mild_Dementia/OAS1_0432/OAS1_0432_slice_18_z084.png,Very Mild Dementia/OAS1_0432/OAS1_0432_slice_18_z084.png,OAS1_0432,Very Mild Dementia,1,0,Non-Demented,0,3.0998545814559915,-6.371405511903237,-1.660024997343788,-1.2815683498525847
OASIS_1,LinearSVM,13,test,rotation__moderate,rotation,moderate,D:\OASIS_1\distortions_32\rotation\moderate\Very_Mild_Dementia\OAS1_0432\OAS1_0432_slice_19_z086.png,Very_Mild_Dementia/OAS1_0432/OAS1_0432_slice_19_z086.png,Very Mild Dementia/OAS1_0432/OAS1_0432_slice_19_z086.png,OAS1_0432,Very Mild Dementia,1,0,Non-Demented,0,0.753772288419306,-5.458613137620141,-0.33774465908268625,-1.3850421858662816
OASIS_1,LinearSVM,13,test,rotation__moderate,rotation,moderate,D:\OASIS_1\distortions_32\rotation\moderate\Very_Mild_Dementia\OAS1_0432\OAS1_0432_slice_20_z089.png,Very_Mild_Dementia/OAS1_0432/OAS1_0432_slice_20_z089.png,Very Mild Dementia/OAS1_0432/OAS1_0432_slice_20_z089.png,OAS1_0432,Very Mild Dementia,1,0,Non-Demented,0,2.1726481391519523,1.8850136146969132,-7.122371494301931,-1.2618631448478612
OASIS_1,LinearSVM,13,test,rotation__moderate,rotation,moderate,D:\OASIS_1\distortions_32\rotation\moderate\Very_Mild_Dementia\OAS1_0454\OAS1_0454_slice_01_z038.png,Very_Mild_Dementia/OAS1_0454/OAS1_0454_slice_01_z038.png,Very Mild Dementia/OAS1_0454/OAS1_0454_slice_01_z038.png,OAS1_0454,Very Mild Dementia,1,1,Very Mild Dementia,1,-19.2419946721685,10.349506116391112,1.7443848355786633,-1.1632232279579051
OASIS_1,LinearSVM,13,test,rotation__moderate,rotation,moderate,D:\OASIS_1\distortions_32\rotation\moderate\Very_Mild_Dementia\OAS1_0454\OAS1_0454_slice_02_z041.png,Very_Mild_Dementia/OAS1_0454/OAS1_0454_slice_02_z041.png,Very Mild Dementia/OAS1_0454/OAS1_0454_slice_02_z041.png,OAS1_0454,Very Mild Dementia,1,1,Very Mild Dementia,1,-14.684951711588774,6.6186732280675145,-0.03771662516188101,-1.2150422270983916
OASIS_1,LinearSVM,13,test,rotation__moderate,rotation,moderate,D:\OASIS_1\distortions_32\rotation\moderate\Very_Mild_Dementia\OAS1_0454\OAS1_0454_slice_03_z043.png,Very_Mild_Dementia/OAS1_0454/OAS1_0454_slice_03_z043.png,Very Mild Dementia/OAS1_0454/OAS1_0454_slice_03_z043.png,OAS1_0454,Very Mild Dementia,1,2,Mild Dementia,0,-3.5499346762771813,-6.03816611235127,-0.08286667654221525,-0.8153231407226125
OASIS_1,LinearSVM,13,test,rotation__moderate,rotation,moderate,D:\OASIS_1\distortions_32\rotation\moderate\Very_Mild_Dementia\OAS1_0454\OAS1_0454_slice_04_z046.png,Very_Mild_Dementia/OAS1_0454/OAS1_0454_slice_04_z046.png,Very Mild Dementia/OAS1_0454/OAS1_0454_slice_04_z046.png,OAS1_0454,Very Mild Dementia,1,1,Very Mild Dementia,1,-12.841331357314132,6.419363120758465,-0.38318989597667796,-1.4210389208800631
OASIS_1,LinearSVM,13,test,rotation__moderate,rotation,moderate,D:\OASIS_1\distortions_32\rotation\moderate\Very_Mild_Dementia\OAS1_0454\OAS1_0454_slice_05_z049.png,Very_Mild_Dementia/OAS1_0454/OAS1_0454_slice_05_z049.png,Very Mild Dementia/OAS1_0454/OAS1_0454_slice_05_z049.png,OAS1_0454,Very Mild Dementia,1,2,Mild Dementia,0,-0.03676185809747656,-10.552590425721878,0.8676693705474596,-0.7927910310848852
OASIS_1,LinearSVM,13,test,rotation__moderate,rotation,moderate,D:\OASIS_1\distortions_32\rotation\moderate\Very_Mild_Dementia\OAS1_0454\OAS1_0454_slice_06_z051.png,Very_Mild_Dementia/OAS1_0454/OAS1_0454_slice_06_z051.png,Very Mild Dementia/OAS1_0454/OAS1_0454_slice_06_z051.png,OAS1_0454,Very Mild Dementia,1,2,Mild Dementia,0,-1.1360799515952,-11.200713937506507,2.466491287368063,-0.9243436285935134
OASIS_1,LinearSVM,13,test,rotation__moderate,rotation,moderate,D:\OASIS_1\distortions_32\rotation\moderate\Very_Mild_Dementia\OAS1_0454\OAS1_0454_slice_07_z054.png,Very_Mild_Dementia/OAS1_0454/OAS1_0454_slice_07_z054.png,Very Mild Dementia/OAS1_0454/OAS1_0454_slice_07_z054.png,OAS1_0454,Very Mild Dementia,1,0,Non-Demented,0,2.570837589288283,-8.853051496184337,1.3625754136857458,-1.1459940377682363
OASIS_1,LinearSVM,13,test,rotation__moderate,rotation,moderate,D:\OASIS_1\distortions_32\rotation\moderate\Very_Mild_Dementia\OAS1_0454\OAS1_0454_slice_08_z057.png,Very_Mild_Dementia/OAS1_0454/OAS1_0454_slice_08_z057.png,Very Mild Dementia/OAS1_0454/OAS1_0454_slice_08_z057.png,OAS1_0454,Very Mild Dementia,1,2,Mild Dementia,0,0.422303944083975,-9.913488458704062,1.9002715292978607,-1.0738097857705988
OASIS_1,LinearSVM,13,test,rotation__moderate,rotation,moderate,D:\OASIS_1\distortions_32\rotation\moderate\Very_Mild_Dementia\OAS1_0454\OAS1_0454_slice_09_z059.png,Very_Mild_Dementia/OAS1_0454/OAS1_0454_slice_09_z059.png,Very Mild Dementia/OAS1_0454/OAS1_0454_slice_09_z059.png,OAS1_0454,Very Mild Dementia,1,1,Very Mild Dementia,1,-11.982026341099516,15.574970093943758,-6.346222805054174,-1.3649794482702864
OASIS_1,LinearSVM,13,test,rotation__moderate,rotation,moderate,D:\OASIS_1\distortions_32\rotation\moderate\Very_Mild_Dementia\OAS1_0454\OAS1_0454_slice_10_z062.png,Very_Mild_Dementia/OAS1_0454/OAS1_0454_slice_10_z062.png,Very Mild Dementia/OAS1_0454/OAS1_0454_slice_10_z062.png,OAS1_0454,Very Mild Dementia,1,1,Very Mild Dementia,1,-12.242730318310405,11.568532728707755,-5.911093922905007,-1.3689182891478768
OASIS_1,LinearSVM,13,test,rotation__moderate,rotation,moderate,D:\OASIS_1\distortions_32\rotation\moderate\Very_Mild_Dementia\OAS1_0454\OAS1_0454_slice_11_z065.png,Very_Mild_Dementia/OAS1_0454/OAS1_0454_slice_11_z065.png,Very Mild Dementia/OAS1_0454/OAS1_0454_slice_11_z065.png,OAS1_0454,Very Mild Dementia,1,1,Very Mild Dementia,1,-12.037058943451509,11.685424582493532,-6.040859085322708,-1.1946696768918377
OASIS_1,LinearSVM,13,test,rotation__moderate,rotation,moderate,D:\OASIS_1\distortions_32\rotation\moderate\Very_Mild_Dementia\OAS1_0454\OAS1_0454_slice_12_z068.png,Very_Mild_Dementia/OAS1_0454/OAS1_0454_slice_12_z068.png,Very Mild Dementia/OAS1_0454/OAS1_0454_slice_12_z068.png,OAS1_0454,Very Mild Dementia,1,1,Very Mild Dementia,1,-13.23868294633462,10.784924796852131,-4.7853162216626055,-1.2423160908788913
OASIS_1,LinearSVM,13,test,rotation__moderate,rotation,moderate,D:\OASIS_1\distortions_32\rotation\moderate\Very_Mild_Dementia\OAS1_0454\OAS1_0454_slice_13_z070.png,Very_Mild_Dementia/OAS1_0454/OAS1_0454_slice_13_z070.png,Very Mild Dementia/OAS1_0454/OAS1_0454_slice_13_z070.png,OAS1_0454,Very Mild Dementia,1,1,Very Mild Dementia,1,-14.207843193084443,11.59073952008184,-3.9507604636771294,-1.3167113979908769
OASIS_1,LinearSVM,13,test,rotation__moderate,rotation,moderate,D:\OASIS_1\distortions_32\rotation\moderate\Very_Mild_Dementia\OAS1_0454\OAS1_0454_slice_14_z073.png,Very_Mild_Dementia/OAS1_0454/OAS1_0454_slice_14_z073.png,Very Mild Dementia/OAS1_0454/OAS1_0454_slice_14_z073.png,OAS1_0454,Very Mild Dementia,1,1,Very Mild Dementia,1,-8.61968547903474,5.637120378784308,-2.4924217052234026,-1.441098317803562
OASIS_1,LinearSVM,13,test,rotation__moderate,rotation,moderate,D:\OASIS_1\distortions_32\rotation\moderate\Very_Mild_Dementia\OAS1_0454\OAS1_0454_slice_15_z076.png,Very_Mild_Dementia/OAS1_0454/OAS1_0454_slice_15_z076.png,Very Mild Dementia/OAS1_0454/OAS1_0454_slice_15_z076.png,OAS1_0454,Very Mild Dementia,1,1,Very Mild Dementia,1,-8.162585131885281,8.32164949204169,-2.788955222448492,-1.5070915292490392
OASIS_1,LinearSVM,13,test,rotation__moderate,rotation,moderate,D:\OASIS_1\distortions_32\rotation\moderate\Very_Mild_Dementia\OAS1_0454\OAS1_0454_slice_16_z078.png,Very_Mild_Dementia/OAS1_0454/OAS1_0454_slice_16_z078.png,Very Mild Dementia/OAS1_0454/OAS1_0454_slice_16_z078.png,OAS1_0454,Very Mild Dementia,1,1,Very Mild Dementia,1,-8.57704795061163,9.281836029907513,-2.9197957623663218,-1.596033126777531
OASIS_1,LinearSVM,13,test,rotation__moderate,rotation,moderate,D:\OASIS_1\distortions_32\rotation\moderate\Very_Mild_Dementia\OAS1_0454\OAS1_0454_slice_17_z081.png,Very_Mild_Dementia/OAS1_0454/OAS1_0454_slice_17_z081.png,Very Mild Dementia/OAS1_0454/OAS1_0454_slice_17_z081.png,OAS1_0454,Very Mild Dementia,1,2,Mild Dementia,0,-3.9467567587463597,-6.361224787904677,-0.6780914748339106,-1.0311831940943235
OASIS_1,LinearSVM,13,test,rotation__moderate,rotation,moderate,D:\OASIS_1\distortions_32\rotation\moderate\Very_Mild_Dementia\OAS1_0454\OAS1_0454_slice_18_z084.png,Very_Mild_Dementia/OAS1_0454/OAS1_0454_slice_18_z084.png,Very Mild Dementia/OAS1_0454/OAS1_0454_slice_18_z084.png,OAS1_0454,Very Mild Dementia,1,1,Very Mild Dementia,1,-13.786732015827534,10.204107882124232,-1.7854506651041144,-1.3191685026560238
OASIS_1,LinearSVM,13,test,rotation__moderate,rotation,moderate,D:\OASIS_1\distortions_32\rotation\moderate\Very_Mild_Dementia\OAS1_0454\OAS1_0454_slice_19_z086.png,Very_Mild_Dementia/OAS1_0454/OAS1_0454_slice_19_z086.png,Very Mild Dementia/OAS1_0454/OAS1_0454_slice_19_z086.png,OAS1_0454,Very Mild Dementia,1,3,Moderate Dementia,0,-6.694932554363795,-2.092353666133258,-2.270447970559495,-1.039125614651678
OASIS_1,LinearSVM,13,test,rotation__moderate,rotation,moderate,D:\OASIS_1\distortions_32\rotation\moderate\Very_Mild_Dementia\OAS1_0454\OAS1_0454_slice_20_z089.png,Very_Mild_Dementia/OAS1_0454/OAS1_0454_slice_20_z089.png,Very Mild Dementia/OAS1_0454/OAS1_0454_slice_20_z089.png,OAS1_0454,Very Mild Dementia,1,1,Very Mild Dementia,1,-14.97907805400911,10.659619160662013,-0.725930222977659,-1.4620290577109258
