dataset,model,seed,split,condition,distortion,severity,file_path,relative_path,sample_key,subject_id,class_name,y_true,y_pred,pred_class_name,correct,score_nondemented,score_verymilddementia,score_milddementia,score_moderatedementia
OASIS_2,LinearSVM,47,test,brightness_contrast__severe,brightness_contrast,severe,D:\OASIS_2\distortions_128\brightness_contrast\severe\Mild_Dementia\OAS2_0014\OAS2_0014_slice_01_z077.png,Mild_Dementia/OAS2_0014/OAS2_0014_slice_01_z077.png,Mild Dementia/OAS2_0014/OAS2_0014_slice_01_z077.png,OAS2_0014,Mild Dementia,2,0,Non-Demented,0,0.8310592550567573,-2.200155804722147,0.5450536261268405,0.18544863605706818
OASIS_2,LinearSVM,47,test,brightness_contrast__severe,brightness_contrast,severe,D:\OASIS_2\distortions_128\brightness_contrast\severe\Mild_Dementia\OAS2_0014\OAS2_0014_slice_02_z082.png,Mild_Dementia/OAS2_0014/OAS2_0014_slice_02_z082.png,Mild Dementia/OAS2_0014/OAS2_0014_slice_02_z082.png,OAS2_0014,Mild Dementia,2,0,Non-Demented,0,0.9098257685447348,-0.9897353466129722,-0.3646069540060906,-0.5328773329210645
OASIS_2,LinearSVM,47,test,brightness_contrast__severe,brightness_contrast,severe,D:\OASIS_2\distortions_128\brightness_contrast\severe\Mild_Dementia\OAS2_0014\OAS2_0014_slice_03_z088.png,Mild_Dementia/OAS2_0014/OAS2_0014_slice_03_z088.png,Mild Dementia/OAS2_0014/OAS2_0014_slice_03_z088.png,OAS2_0014,Mild Dementia,2,1,Very Mild Dementia,0,-0.544319972302421,0.068420678560944,-1.5917133354079587,-0.29755004847310407
OASIS_2,LinearSVM,47,test,brightness_contrast__severe,brightness_contrast,severe,D:\OASIS_2\distortions_128\brightness_contrast\severe\Mild_Dementia\OAS2_0014\OAS2_0014_slice_04_z093.png,Mild_Dementia/OAS2_0014/OAS2_0014_slice_04_z093.png,Mild Dementia/OAS2_0014/OAS2_0014_slice_04_z093.png,OAS2_0014,Mild Dementia,2,0,Non-Demented,0,0.2700047562855518,-0.05312659674663256,-0.9912946751866539,-0.9136828820506485
OASIS_2,LinearSVM,47,test,brightness_contrast__severe,brightness_contrast,severe,D:\OASIS_2\distortions_128\brightness_contrast\severe\Mild_Dementia\OAS2_0014\OAS2_0014_slice_05_z098.png,Mild_Dementia/OAS2_0014/OAS2_0014_slice_05_z098.png,Mild Dementia/OAS2_0014/OAS2_0014_slice_05_z098.png,OAS2_0014,Mild Dementia,2,0,Non-Demented,0,0.7446590414745788,-0.7485802262993503,-0.9876460142813785,-0.5240500063729896
OASIS_2,LinearSVM,47,test,brightness_contrast__severe,brightness_contrast,severe,D:\OASIS_2\distortions_128\brightness_contrast\severe\Mild_Dementia\OAS2_0014\OAS2_0014_slice_06_z104.png,Mild_Dementia/OAS2_0014/OAS2_0014_slice_06_z104.png,Mild Dementia/OAS2_0014/OAS2_0014_slice_06_z104.png,OAS2_0014,Mild Dementia,2,0,Non-Demented,0,1.2742112344062013,-0.4966570605713274,-0.8875448912485568,-1.7250561492320535
OASIS_2,LinearSVM,47,test,brightness_contrast__severe,brightness_contrast,severe,D:\OASIS_2\distortions_128\brightness_contrast\severe\Mild_Dementia\OAS2_0014\OAS2_0014_slice_07_z109.png,Mild_Dementia/OAS2_0014/OAS2_0014_slice_07_z109.png,Mild Dementia/OAS2_0014/OAS2_0014_slice_07_z109.png,OAS2_0014,Mild Dementia,2,0,Non-Demented,0,1.2582440307171607,-0.771233682334237,-1.1799339162347022,-1.415064823248286
OASIS_2,LinearSVM,47,test,brightness_contrast__severe,brightness_contrast,severe,D:\OASIS_2\distortions_128\brightness_contrast\severe\Mild_Dementia\OAS2_0014\OAS2_0014_slice_08_z114.png,Mild_Dementia/OAS2_0014/OAS2_0014_slice_08_z114.png,Mild Dementia/OAS2_0014/OAS2_0014_slice_08_z114.png,OAS2_0014,Mild Dementia,2,0,Non-Demented,0,0.5403544455290812,-0.17989216476117262,-1.309506276055302,-1.317033601136461
OASIS_2,LinearSVM,47,test,brightness_contrast__severe,brightness_contrast,severe,D:\OASIS_2\distortions_128\brightness_contrast\severe\Mild_Dementia\OAS2_0014\OAS2_0014_slice_09_z120.png,Mild_Dementia/OAS2_0014/OAS2_0014_slice_09_z120.png,Mild Dementia/OAS2_0014/OAS2_0014_slice_09_z120.png,OAS2_0014,Mild Dementia,2,1,Very Mild Dementia,0,-7.026013224372372,4.04935472300478,-0.7145188096895491,2.6150413653839193
OASIS_2,LinearSVM,47,test,brightness_contrast__severe,brightness_contrast,severe,D:\OASIS_2\distortions_128\brightness_contrast\severe\Mild_Dementia\OAS2_0014\OAS2_0014_slice_10_z125.png,Mild_Dementia/OAS2_0014/OAS2_0014_slice_10_z125.png,Mild Dementia/OAS2_0014/OAS2_0014_slice_10_z125.png,OAS2_0014,Mild Dementia,2,1,Very Mild Dementia,0,-0.23754678123375042,-0.05282627254186879,-0.8108345199152511,-0.29756595455649026
OASIS_2,LinearSVM,47,test,brightness_contrast__severe,brightness_contrast,severe,D:\OASIS_2\distortions_128\brightness_contrast\severe\Mild_Dementia\OAS2_0014\OAS2_0014_slice_11_z130.png,Mild_Dementia/OAS2_0014/OAS2_0014_slice_11_z130.png,Mild Dementia/OAS2_0014/OAS2_0014_slice_11_z130.png,OAS2_0014,Mild Dementia,2,3,Moderate Dementia,0,-6.126740253144677,2.759166502436461,-0.26703483934030314,2.9498502344965996
OASIS_2,LinearSVM,47,test,brightness_contrast__severe,brightness_contrast,severe,D:\OASIS_2\distortions_128\brightness_contrast\severe\Mild_Dementia\OAS2_0014\OAS2_0014_slice_12_z135.png,Mild_Dementia/OAS2_0014/OAS2_0014_slice_12_z135.png,Mild Dementia/OAS2_0014/OAS2_0014_slice_12_z135.png,OAS2_0014,Mild Dementia,2,1,Very Mild Dementia,0,-6.954441998176703,3.3021647924002546,0.017831965632378766,2.70131583840305
OASIS_2,LinearSVM,47,test,brightness_contrast__severe,brightness_contrast,severe,D:\OASIS_2\distortions_128\brightness_contrast\severe\Mild_Dementia\OAS2_0014\OAS2_0014_slice_13_z141.png,Mild_Dementia/OAS2_0014/OAS2_0014_slice_13_z141.png,Mild Dementia/OAS2_0014/OAS2_0014_slice_13_z141.png,OAS2_0014,Mild Dementia,2,3,Moderate Dementia,0,-5.962051346080605,2.4686110242618864,-0.6767271215955891,3.198844806745323
OASIS_2,LinearSVM,47,test,brightness_contrast__severe,brightness_contrast,severe,D:\OASIS_2\distortions_128\brightness_contrast\severe\Mild_Dementia\OAS2_0014\OAS2_0014_slice_14_z146.png,Mild_Dementia/OAS2_0014/OAS2_0014_slice_14_z146.png,Mild Dementia/OAS2_0014/OAS2_0014_slice_14_z146.png,OAS2_0014,Mild Dementia,2,0,Non-Demented,0,0.8150315585731851,0.35816736717930997,-1.8589021618155654,-1.8657159393819627
OASIS_2,LinearSVM,47,test,brightness_contrast__severe,brightness_contrast,severe,D:\OASIS_2\distortions_128\brightness_contrast\severe\Mild_Dementia\OAS2_0014\OAS2_0014_slice_15_z151.png,Mild_Dementia/OAS2_0014/OAS2_0014_slice_15_z151.png,Mild Dementia/OAS2_0014/OAS2_0014_slice_15_z151.png,OAS2_0014,Mild Dementia,2,0,Non-Demented,0,1.165119954711662,-1.2300743157308394,-0.8964582255400738,-1.1965694627686
OASIS_2,LinearSVM,47,test,brightness_contrast__severe,brightness_contrast,severe,D:\OASIS_2\distortions_128\brightness_contrast\severe\Mild_Dementia\OAS2_0014\OAS2_0014_slice_16_z157.png,Mild_Dementia/OAS2_0014/OAS2_0014_slice_16_z157.png,Mild Dementia/OAS2_0014/OAS2_0014_slice_16_z157.png,OAS2_0014,Mild Dementia,2,0,Non-Demented,0,1.792870242535808,-1.4123398934811373,-1.5325316749687001,-1.614060669789978
OASIS_2,LinearSVM,47,test,brightness_contrast__severe,brightness_contrast,severe,D:\OASIS_2\distortions_128\brightness_contrast\severe\Mild_Dementia\OAS2_0014\OAS2_0014_slice_17_z162.png,Mild_Dementia/OAS2_0014/OAS2_0014_slice_17_z162.png,Mild Dementia/OAS2_0014/OAS2_0014_slice_17_z162.png,OAS2_0014,Mild Dementia,2,3,Moderate Dementia,0,-5.8390329451052025,2.3005497445237957,-0.2498905737215099,3.0725354109994405
OASIS_2,LinearSVM,47,test,brightness_contrast__severe,brightness_contrast,severe,D:\OASIS_2\distortions_128\brightness_contrast\severe\Mild_Dementia\OAS2_0014\OAS2_0014_slice_18_z167.png,Mild_Dementia/OAS2_0014/OAS2_0014_slice_18_z167.png,Mild Dementia/OAS2_0014/OAS2_0014_slice_18_z167.png,OAS2_0014,Mild Dementia,2,3,Moderate Dementia,0,-6.955538016664075,3.0016774016884593,0.33636407075632235,3.179707519698231
OASIS_2,LinearSVM,47,test,brightness_contrast__severe,brightness_contrast,severe,D:\OASIS_2\distortions_128\brightness_contrast\severe\Mild_Dementia\OAS2_0014\OAS2_0014_slice_19_z173.png,Mild_Dementia/OAS2_0014/OAS2_0014_slice_19_z173.png,Mild Dementia/OAS2_0014/OAS2_0014_slice_19_z173.png,OAS2_0014,Mild Dementia,2,1,Very Mild Dementia,0,-0.2768477301256526,0.6281275778047501,-0.8885055434302965,-1.7347103130308694
OASIS_2,LinearSVM,47,test,brightness_contrast__severe,brightness_contrast,severe,D:\OASIS_2\distortions_128\brightness_contrast\severe\Mild_Dementia\OAS2_0014\OAS2_0014_slice_20_z178.png,Mild_Dementia/OAS2_0014/OAS2_0014_slice_20_z178.png,Mild Dementia/OAS2_0014/OAS2_0014_slice_20_z178.png,OAS2_0014,Mild Dementia,2,1,Very Mild Dementia,0,-7.120429199649187,3.599431412772435,-0.28872559492332683,3.018010110805581
OASIS_2,LinearSVM,47,test,brightness_contrast__severe,brightness_contrast,severe,D:\OASIS_2\distortions_128\brightness_contrast\severe\Mild_Dementia\OAS2_0050\OAS2_0050_slice_01_z077.png,Mild_Dementia/OAS2_0050/OAS2_0050_slice_01_z077.png,Mild Dementia/OAS2_0050/OAS2_0050_slice_01_z077.png,OAS2_0050,Mild Dementia,2,2,Mild Dementia,1,-0.5133831083024676,-0.2708904483495509,-0.2269291273298314,-1.129561056573773
OASIS_2,LinearSVM,47,test,brightness_contrast__severe,brightness_contrast,severe,D:\OASIS_2\distortions_128\brightness_contrast\severe\Mild_Dementia\OAS2_0050\OAS2_0050_slice_02_z082.png,Mild_Dementia/OAS2_0050/OAS2_0050_slice_02_z082.png,Mild Dementia/OAS2_0050/OAS2_0050_slice_02_z082.png,OAS2_0050,Mild Dementia,2,0,Non-Demented,0,-0.1314913436795711,-0.5487223431524638,-0.1903089772107467,-1.1630313612608132
OASIS_2,LinearSVM,47,test,brightness_contrast__severe,brightness_contrast,severe,D:\OASIS_2\distortions_128\brightness_contrast\severe\Mild_Dementia\OAS2_0050\OAS2_0050_slice_03_z088.png,Mild_Dementia/OAS2_0050/OAS2_0050_slice_03_z088.png,Mild Dementia/OAS2_0050/OAS2_0050_slice_03_z088.png,OAS2_0050,Mild Dementia,2,1,Very Mild Dementia,0,-1.7659797542502351,0.36296951683153234,0.31545669991231784,-1.4283874664957183
OASIS_2,LinearSVM,47,test,brightness_contrast__severe,brightness_contrast,severe,D:\OASIS_2\distortions_128\brightness_contrast\severe\Mild_Dementia\OAS2_0050\OAS2_0050_slice_04_z093.png,Mild_Dementia/OAS2_0050/OAS2_0050_slice_04_z093.png,Mild Dementia/OAS2_0050/OAS2_0050_slice_04_z093.png,OAS2_0050,Mild Dementia,2,1,Very Mild Dementia,0,-6.846001436784739,2.8915225760481187,0.5638254950977407,2.6157733650120663
OASIS_2,LinearSVM,47,test,brightness_contrast__severe,brightness_contrast,severe,D:\OASIS_2\distortions_128\brightness_contrast\severe\Mild_Dementia\OAS2_0050\OAS2_0050_slice_05_z098.png,Mild_Dementia/OAS2_0050/OAS2_0050_slice_05_z098.png,Mild Dementia/OAS2_0050/OAS2_0050_slice_05_z098.png,OAS2_0050,Mild Dementia,2,1,Very Mild Dementia,0,-6.825044478877337,3.2693525142867546,0.1916734075866341,2.6777555914361013
OASIS_2,LinearSVM,47,test,brightness_contrast__severe,brightness_contrast,severe,D:\OASIS_2\distortions_128\brightness_contrast\severe\Mild_Dementia\OAS2_0050\OAS2_0050_slice_06_z104.png,Mild_Dementia/OAS2_0050/OAS2_0050_slice_06_z104.png,Mild Dementia/OAS2_0050/OAS2_0050_slice_06_z104.png,OAS2_0050,Mild Dementia,2,1,Very Mild Dementia,0,-0.3724782352065737,0.04135408145881392,-0.2571590065247332,-1.597592153456878
OASIS_2,LinearSVM,47,test,brightness_contrast__severe,brightness_contrast,severe,D:\OASIS_2\distortions_128\brightness_contrast\severe\Mild_Dementia\OAS2_0050\OAS2_0050_slice_07_z109.png,Mild_Dementia/OAS2_0050/OAS2_0050_slice_07_z109.png,Mild Dementia/OAS2_0050/OAS2_0050_slice_07_z109.png,OAS2_0050,Mild Dementia,2,0,Non-Demented,0,0.33979374405088997,-0.7704380731778115,-0.4382598456785205,-1.327142491020291
OASIS_2,LinearSVM,47,test,brightness_contrast__severe,brightness_contrast,severe,D:\OASIS_2\distortions_128\brightness_contrast\severe\Mild_Dementia\OAS2_0050\OAS2_0050_slice_08_z114.png,Mild_Dementia/OAS2_0050/OAS2_0050_slice_08_z114.png,Mild Dementia/OAS2_0050/OAS2_0050_slice_08_z114.png,OAS2_0050,Mild Dementia,2,2,Mild Dementia,1,-0.48677978101129854,-0.4749762499137098,-0.2477213592927695,-0.8152399672605765
OASIS_2,LinearSVM,47,test,brightness_contrast__severe,brightness_contrast,severe,D:\OASIS_2\distortions_128\brightness_contrast\severe\Mild_Dementia\OAS2_0050\OAS2_0050_slice_09_z120.png,Mild_Dementia/OAS2_0050/OAS2_0050_slice_09_z120.png,Mild Dementia/OAS2_0050/OAS2_0050_slice_09_z120.png,OAS2_0050,Mild Dementia,2,1,Very Mild Dementia,0,-0.25274322523016174,-0.08009806068220918,-0.5283851508769767,-1.1476611904399885
OASIS_2,LinearSVM,47,test,brightness_contrast__severe,brightness_contrast,severe,D:\OASIS_2\distortions_128\brightness_contrast\severe\Mild_Dementia\OAS2_0050\OAS2_0050_slice_10_z125.png,Mild_Dementia/OAS2_0050/OAS2_0050_slice_10_z125.png,Mild Dementia/OAS2_0050/OAS2_0050_slice_10_z125.png,OAS2_0050,Mild Dementia,2,0,Non-Demented,0,-0.09314427436634613,-0.7484300536523543,-0.6550551897250694,-0.35119315738353907
OASIS_2,LinearSVM,47,test,brightness_contrast__severe,brightness_contrast,severe,D:\OASIS_2\distortions_128\brightness_contrast\severe\Mild_Dementia\OAS2_0050\OAS2_0050_slice_11_z130.png,Mild_Dementia/OAS2_0050/OAS2_0050_slice_11_z130.png,Mild Dementia/OAS2_0050/OAS2_0050_slice_11_z130.png,OAS2_0050,Mild Dementia,2,0,Non-Demented,0,0.914304647851072,-0.30159443470814,-1.505287773906384,0.11933034486884408
OASIS_2,LinearSVM,47,test,brightness_contrast__severe,brightness_contrast,severe,D:\OASIS_2\distortions_128\brightness_contrast\severe\Mild_Dementia\OAS2_0050\OAS2_0050_slice_12_z135.png,Mild_Dementia/OAS2_0050/OAS2_0050_slice_12_z135.png,Mild Dementia/OAS2_0050/OAS2_0050_slice_12_z135.png,OAS2_0050,Mild Dementia,2,1,Very Mild Dementia,0,-6.962104619524792,4.580488381574667,-1.2349517350925887,3.189895906163136
OASIS_2,LinearSVM,47,test,brightness_contrast__severe,brightness_contrast,severe,D:\OASIS_2\distortions_128\brightness_contrast\severe\Mild_Dementia\OAS2_0050\OAS2_0050_slice_13_z141.png,Mild_Dementia/OAS2_0050/OAS2_0050_slice_13_z141.png,Mild Dementia/OAS2_0050/OAS2_0050_slice_13_z141.png,OAS2_0050,Mild Dementia,2,1,Very Mild Dementia,0,-1.1839063368082476,1.389979152291803,-0.49297431844705686,-1.0933870259952725
OASIS_2,LinearSVM,47,test,brightness_contrast__severe,brightness_contrast,severe,D:\OASIS_2\distortions_128\brightness_contrast\severe\Mild_Dementia\OAS2_0050\OAS2_0050_slice_14_z146.png,Mild_Dementia/OAS2_0050/OAS2_0050_slice_14_z146.png,Mild Dementia/OAS2_0050/OAS2_0050_slice_14_z146.png,OAS2_0050,Mild Dementia,2,1,Very Mild Dementia,0,-7.976442119268353,4.5077383535242825,0.5221496414655126,2.8122372913168774
OASIS_2,LinearSVM,47,test,brightness_contrast__severe,brightness_contrast,severe,D:\OASIS_2\distortions_128\brightness_contrast\severe\Mild_Dementia\OAS2_0050\OAS2_0050_slice_15_z151.png,Mild_Dementia/OAS2_0050/OAS2_0050_slice_15_z151.png,Mild Dementia/OAS2_0050/OAS2_0050_slice_15_z151.png,OAS2_0050,Mild Dementia,2,1,Very Mild Dementia,0,-0.5188801399990631,0.9076582370764872,-0.5190844632048982,-1.9231626711722203
OASIS_2,LinearSVM,47,test,brightness_contrast__severe,brightness_contrast,severe,D:\OASIS_2\distortions_128\brightness_contrast\severe\Mild_Dementia\OAS2_0050\OAS2_0050_slice_16_z157.png,Mild_Dementia/OAS2_0050/OAS2_0050_slice_16_z157.png,Mild Dementia/OAS2_0050/OAS2_0050_slice_16_z157.png,OAS2_0050,Mild Dementia,2,1,Very Mild Dementia,0,-0.7833690539331585,1.9323542874984951,-0.4401475581208788,-1.2247009065749115
OASIS_2,LinearSVM,47,test,brightness_contrast__severe,brightness_contrast,severe,D:\OASIS_2\distortions_128\brightness_contrast\severe\Mild_Dementia\OAS2_0050\OAS2_0050_slice_17_z162.png,Mild_Dementia/OAS2_0050/OAS2_0050_slice_17_z162.png,Mild Dementia/OAS2_0050/OAS2_0050_slice_17_z162.png,OAS2_0050,Mild Dementia,2,1,Very Mild Dementia,0,-6.547217794233119,4.283711735514363,-0.6901124727100764,2.799667074782222
OASIS_2,LinearSVM,47,test,brightness_contrast__severe,brightness_contrast,severe,D:\OASIS_2\distortions_128\brightness_contrast\severe\Mild_Dementia\OAS2_0050\OAS2_0050_slice_18_z167.png,Mild_Dementia/OAS2_0050/OAS2_0050_slice_18_z167.png,Mild Dementia/OAS2_0050/OAS2_0050_slice_18_z167.png,OAS2_0050,Mild Dementia,2,1,Very Mild Dementia,0,-0.3287565632628089,1.1866274018495306,-0.8218680499725526,-0.9045235144987184
OASIS_2,LinearSVM,47,test,brightness_contrast__severe,brightness_contrast,severe,D:\OASIS_2\distortions_128\brightness_contrast\severe\Mild_Dementia\OAS2_0050\OAS2_0050_slice_19_z173.png,Mild_Dementia/OAS2_0050/OAS2_0050_slice_19_z173.png,Mild Dementia/OAS2_0050/OAS2_0050_slice_19_z173.png,OAS2_0050,Mild Dementia,2,1,Very Mild Dementia,0,-1.3880286480936357,2.5338877400510884,0.00811399596201079,-0.6287444014381358
OASIS_2,LinearSVM,47,test,brightness_contrast__severe,brightness_contrast,severe,D:\OASIS_2\distortions_128\brightness_contrast\severe\Mild_Dementia\OAS2_0050\OAS2_0050_slice_20_z178.png,Mild_Dementia/OAS2_0050/OAS2_0050_slice_20_z178.png,Mild Dementia/OAS2_0050/OAS2_0050_slice_20_z178.png,OAS2_0050,Mild Dementia,2,1,Very Mild Dementia,0,-1.253099476831323,1.260269033172867,0.12123994691701279,-0.9967260090280118
OASIS_2,LinearSVM,47,test,brightness_contrast__severe,brightness_contrast,severe,D:\OASIS_2\distortions_128\brightness_contrast\severe\Mild_Dementia\OAS2_0114\OAS2_0114_slice_01_z077.png,Mild_Dementia/OAS2_0114/OAS2_0114_slice_01_z077.png,Mild Dementia/OAS2_0114/OAS2_0114_slice_01_z077.png,OAS2_0114,Mild Dementia,2,0,Non-Demented,0,1.4660112023168674,-1.8303794295697633,-1.6360909384546263,0.06457245539390077
OASIS_2,LinearSVM,47,test,brightness_contrast__severe,brightness_contrast,severe,D:\OASIS_2\distortions_128\brightness_contrast\severe\Mild_Dementia\OAS2_0114\OAS2_0114_slice_02_z082.png,Mild_Dementia/OAS2_0114/OAS2_0114_slice_02_z082.png,Mild Dementia/OAS2_0114/OAS2_0114_slice_02_z082.png,OAS2_0114,Mild Dementia,2,0,Non-Demented,0,1.442689601428629,-3.19449556266244,0.41607590980349685,-0.12095873389240086
OASIS_2,LinearSVM,47,test,brightness_contrast__severe,brightness_contrast,severe,D:\OASIS_2\distortions_128\brightness_contrast\severe\Mild_Dementia\OAS2_0114\OAS2_0114_slice_03_z088.png,Mild_Dementia/OAS2_0114/OAS2_0114_slice_03_z088.png,Mild Dementia/OAS2_0114/OAS2_0114_slice_03_z088.png,OAS2_0114,Mild Dementia,2,2,Mild Dementia,1,-0.2199281591546396,-1.573890370075129,0.5534839379647384,-0.5478037861040219
OASIS_2,LinearSVM,47,test,brightness_contrast__severe,brightness_contrast,severe,D:\OASIS_2\distortions_128\brightness_contrast\severe\Mild_Dementia\OAS2_0114\OAS2_0114_slice_04_z093.png,Mild_Dementia/OAS2_0114/OAS2_0114_slice_04_z093.png,Mild Dementia/OAS2_0114/OAS2_0114_slice_04_z093.png,OAS2_0114,Mild Dementia,2,0,Non-Demented,0,1.71910080526279,-2.8456938498357824,-0.03470561663329397,-0.48928580560229024
OASIS_2,LinearSVM,47,test,brightness_contrast__severe,brightness_contrast,severe,D:\OASIS_2\distortions_128\brightness_contrast\severe\Mild_Dementia\OAS2_0114\OAS2_0114_slice_05_z098.png,Mild_Dementia/OAS2_0114/OAS2_0114_slice_05_z098.png,Mild Dementia/OAS2_0114/OAS2_0114_slice_05_z098.png,OAS2_0114,Mild Dementia,2,0,Non-Demented,0,1.161305670822653,-1.8423948680688411,-0.12629473320533557,-1.3168290142122354
OASIS_2,LinearSVM,47,test,brightness_contrast__severe,brightness_contrast,severe,D:\OASIS_2\distortions_128\brightness_contrast\severe\Mild_Dementia\OAS2_0114\OAS2_0114_slice_06_z104.png,Mild_Dementia/OAS2_0114/OAS2_0114_slice_06_z104.png,Mild Dementia/OAS2_0114/OAS2_0114_slice_06_z104.png,OAS2_0114,Mild Dementia,2,0,Non-Demented,0,1.5761136134627025,-2.762435412508336,0.3210052356764015,-0.9564787153507571
OASIS_2,LinearSVM,47,test,brightness_contrast__severe,brightness_contrast,severe,D:\OASIS_2\distortions_128\brightness_contrast\severe\Mild_Dementia\OAS2_0114\OAS2_0114_slice_07_z109.png,Mild_Dementia/OAS2_0114/OAS2_0114_slice_07_z109.png,Mild Dementia/OAS2_0114/OAS2_0114_slice_07_z109.png,OAS2_0114,Mild Dementia,2,0,Non-Demented,0,1.5908796540155838,-1.8572534729070447,-0.18400643759450552,-0.5209466904182372
OASIS_2,LinearSVM,47,test,brightness_contrast__severe,brightness_contrast,severe,D:\OASIS_2\distortions_128\brightness_contrast\severe\Mild_Dementia\OAS2_0114\OAS2_0114_slice_08_z114.png,Mild_Dementia/OAS2_0114/OAS2_0114_slice_08_z114.png,Mild Dementia/OAS2_0114/OAS2_0114_slice_08_z114.png,OAS2_0114,Mild Dementia,2,0,Non-Demented,0,1.6672089488450959,-0.9853214482696375,-1.2128438921090794,-1.427228298990824
OASIS_2,LinearSVM,47,test,brightness_contrast__severe,brightness_contrast,severe,D:\OASIS_2\distortions_128\brightness_contrast\severe\Mild_Dementia\OAS2_0114\OAS2_0114_slice_09_z120.png,Mild_Dementia/OAS2_0114/OAS2_0114_slice_09_z120.png,Mild Dementia/OAS2_0114/OAS2_0114_slice_09_z120.png,OAS2_0114,Mild Dementia,2,0,Non-Demented,0,2.0336193207065953,-1.9783262794994276,-0.6489890811468859,-1.001008280238673
OASIS_2,LinearSVM,47,test,brightness_contrast__severe,brightness_contrast,severe,D:\OASIS_2\distortions_128\brightness_contrast\severe\Mild_Dementia\OAS2_0114\OAS2_0114_slice_10_z125.png,Mild_Dementia/OAS2_0114/OAS2_0114_slice_10_z125.png,Mild Dementia/OAS2_0114/OAS2_0114_slice_10_z125.png,OAS2_0114,Mild Dementia,2,3,Moderate Dementia,0,-5.445399524455077,2.374783619825413,-0.6891624109111864,3.008257197641574
OASIS_2,LinearSVM,47,test,brightness_contrast__severe,brightness_contrast,severe,D:\OASIS_2\distortions_128\brightness_contrast\severe\Mild_Dementia\OAS2_0114\OAS2_0114_slice_11_z130.png,Mild_Dementia/OAS2_0114/OAS2_0114_slice_11_z130.png,Mild Dementia/OAS2_0114/OAS2_0114_slice_11_z130.png,OAS2_0114,Mild Dementia,2,3,Moderate Dementia,0,-5.97173394144196,2.5560833185859866,-0.4925236133909653,2.8798989471084098
OASIS_2,LinearSVM,47,test,brightness_contrast__severe,brightness_contrast,severe,D:\OASIS_2\distortions_128\brightness_contrast\severe\Mild_Dementia\OAS2_0114\OAS2_0114_slice_12_z135.png,Mild_Dementia/OAS2_0114/OAS2_0114_slice_12_z135.png,Mild Dementia/OAS2_0114/OAS2_0114_slice_12_z135.png,OAS2_0114,Mild Dementia,2,0,Non-Demented,0,1.0867429823874923,-1.206439750064784,-0.47934094444031194,-1.3769440526579362
OASIS_2,LinearSVM,47,test,brightness_contrast__severe,brightness_contrast,severe,D:\OASIS_2\distortions_128\brightness_contrast\severe\Mild_Dementia\OAS2_0114\OAS2_0114_slice_13_z141.png,Mild_Dementia/OAS2_0114/OAS2_0114_slice_13_z141.png,Mild Dementia/OAS2_0114/OAS2_0114_slice_13_z141.png,OAS2_0114,Mild Dementia,2,0,Non-Demented,0,2.1182958984256617,-1.0899238711925503,-1.368011182043213,-1.4261387307710676
OASIS_2,LinearSVM,47,test,brightness_contrast__severe,brightness_contrast,severe,D:\OASIS_2\distortions_128\brightness_contrast\severe\Mild_Dementia\OAS2_0114\OAS2_0114_slice_14_z146.png,Mild_Dementia/OAS2_0114/OAS2_0114_slice_14_z146.png,Mild Dementia/OAS2_0114/OAS2_0114_slice_14_z146.png,OAS2_0114,Mild Dementia,2,3,Moderate Dementia,0,-4.951241729729795,2.2600336703079797,-1.2066989090054254,2.791806021343859
OASIS_2,LinearSVM,47,test,brightness_contrast__severe,brightness_contrast,severe,D:\OASIS_2\distortions_128\brightness_contrast\severe\Mild_Dementia\OAS2_0114\OAS2_0114_slice_15_z151.png,Mild_Dementia/OAS2_0114/OAS2_0114_slice_15_z151.png,Mild Dementia/OAS2_0114/OAS2_0114_slice_15_z151.png,OAS2_0114,Mild Dementia,2,3,Moderate Dementia,0,-5.255992789819225,2.394231749966802,-0.8221714639805707,2.7895551718011635
OASIS_2,LinearSVM,47,test,brightness_contrast__severe,brightness_contrast,severe,D:\OASIS_2\distortions_128\brightness_contrast\severe\Mild_Dementia\OAS2_0114\OAS2_0114_slice_16_z157.png,Mild_Dementia/OAS2_0114/OAS2_0114_slice_16_z157.png,Mild Dementia/OAS2_0114/OAS2_0114_slice_16_z157.png,OAS2_0114,Mild Dementia,2,0,Non-Demented,0,1.1797919327105715,-0.3587334303951609,-1.8231105112026622,-1.1527441099113211
OASIS_2,LinearSVM,47,test,brightness_contrast__severe,brightness_contrast,severe,D:\OASIS_2\distortions_128\brightness_contrast\severe\Mild_Dementia\OAS2_0114\OAS2_0114_slice_17_z162.png,Mild_Dementia/OAS2_0114/OAS2_0114_slice_17_z162.png,Mild Dementia/OAS2_0114/OAS2_0114_slice_17_z162.png,OAS2_0114,Mild Dementia,2,0,Non-Demented,0,0.39300709352304763,-0.6919159655597096,-0.3325431043257132,-1.0831416130716573
OASIS_2,LinearSVM,47,test,brightness_contrast__severe,brightness_contrast,severe,D:\OASIS_2\distortions_128\brightness_contrast\severe\Mild_Dementia\OAS2_0114\OAS2_0114_slice_18_z167.png,Mild_Dementia/OAS2_0114/OAS2_0114_slice_18_z167.png,Mild Dementia/OAS2_0114/OAS2_0114_slice_18_z167.png,OAS2_0114,Mild Dementia,2,1,Very Mild Dementia,0,-6.413793448594276,3.3036843170919914,-0.3604299050535177,2.7020289725323967
OASIS_2,LinearSVM,47,test,brightness_contrast__severe,brightness_contrast,severe,D:\OASIS_2\distortions_128\brightness_contrast\severe\Mild_Dementia\OAS2_0114\OAS2_0114_slice_19_z173.png,Mild_Dementia/OAS2_0114/OAS2_0114_slice_19_z173.png,Mild Dementia/OAS2_0114/OAS2_0114_slice_19_z173.png,OAS2_0114,Mild Dementia,2,2,Mild Dementia,1,-0.6056422068050158,-0.3287875088656981,-0.20567989447243057,-0.7852855474556846
OASIS_2,LinearSVM,47,test,brightness_contrast__severe,brightness_contrast,severe,D:\OASIS_2\distortions_128\brightness_contrast\severe\Mild_Dementia\OAS2_0114\OAS2_0114_slice_20_z178.png,Mild_Dementia/OAS2_0114/OAS2_0114_slice_20_z178.png,Mild Dementia/OAS2_0114/OAS2_0114_slice_20_z178.png,OAS2_0114,Mild Dementia,2,1,Very Mild Dementia,0,-6.989183241291103,3.1894894926937374,-0.24402477784321908,2.7424906235502338
OASIS_2,LinearSVM,47,test,brightness_contrast__severe,brightness_contrast,severe,D:\OASIS_2\distortions_128\brightness_contrast\severe\Moderate_Dementia\OAS2_0120\OAS2_0120_slice_01_z077.png,Moderate_Dementia/OAS2_0120/OAS2_0120_slice_01_z077.png,Moderate Dementia/OAS2_0120/OAS2_0120_slice_01_z077.png,OAS2_0120,Moderate Dementia,3,1,Very Mild Dementia,0,-0.3787858079448561,-0.023441650841174305,-0.515393044943943,-1.060647432152847
OASIS_2,LinearSVM,47,test,brightness_contrast__severe,brightness_contrast,severe,D:\OASIS_2\distortions_128\brightness_contrast\severe\Moderate_Dementia\OAS2_0120\OAS2_0120_slice_02_z082.png,Moderate_Dementia/OAS2_0120/OAS2_0120_slice_02_z082.png,Moderate Dementia/OAS2_0120/OAS2_0120_slice_02_z082.png,OAS2_0120,Moderate Dementia,3,0,Non-Demented,0,0.6055617033569647,-0.7295882518336094,0.1830343760005465,-1.6775202015785409
OASIS_2,LinearSVM,47,test,brightness_contrast__severe,brightness_contrast,severe,D:\OASIS_2\distortions_128\brightness_contrast\severe\Moderate_Dementia\OAS2_0120\OAS2_0120_slice_03_z088.png,Moderate_Dementia/OAS2_0120/OAS2_0120_slice_03_z088.png,Moderate Dementia/OAS2_0120/OAS2_0120_slice_03_z088.png,OAS2_0120,Moderate Dementia,3,2,Mild Dementia,0,-0.23477676122225935,-0.4748144393373861,0.07377681698783223,-0.992594421034322
OASIS_2,LinearSVM,47,test,brightness_contrast__severe,brightness_contrast,severe,D:\OASIS_2\distortions_128\brightness_contrast\severe\Moderate_Dementia\OAS2_0120\OAS2_0120_slice_04_z093.png,Moderate_Dementia/OAS2_0120/OAS2_0120_slice_04_z093.png,Moderate Dementia/OAS2_0120/OAS2_0120_slice_04_z093.png,OAS2_0120,Moderate Dementia,3,0,Non-Demented,0,0.29743940545686537,-0.582974107387182,-0.6646079750723667,-1.1269096136552696
OASIS_2,LinearSVM,47,test,brightness_contrast__severe,brightness_contrast,severe,D:\OASIS_2\distortions_128\brightness_contrast\severe\Moderate_Dementia\OAS2_0120\OAS2_0120_slice_05_z098.png,Moderate_Dementia/OAS2_0120/OAS2_0120_slice_05_z098.png,Moderate Dementia/OAS2_0120/OAS2_0120_slice_05_z098.png,OAS2_0120,Moderate Dementia,3,0,Non-Demented,0,1.206816594838177,-1.0745209559215707,-1.0704823754564443,-1.2739933113730832
OASIS_2,LinearSVM,47,test,brightness_contrast__severe,brightness_contrast,severe,D:\OASIS_2\distortions_128\brightness_contrast\severe\Moderate_Dementia\OAS2_0120\OAS2_0120_slice_06_z104.png,Moderate_Dementia/OAS2_0120/OAS2_0120_slice_06_z104.png,Moderate Dementia/OAS2_0120/OAS2_0120_slice_06_z104.png,OAS2_0120,Moderate Dementia,3,0,Non-Demented,0,0.8945666290456202,-0.6264090803534302,-1.389164586075986,-0.845354318151154
OASIS_2,LinearSVM,47,test,brightness_contrast__severe,brightness_contrast,severe,D:\OASIS_2\distortions_128\brightness_contrast\severe\Moderate_Dementia\OAS2_0120\OAS2_0120_slice_07_z109.png,Moderate_Dementia/OAS2_0120/OAS2_0120_slice_07_z109.png,Moderate Dementia/OAS2_0120/OAS2_0120_slice_07_z109.png,OAS2_0120,Moderate Dementia,3,1,Very Mild Dementia,0,-0.7565382622421927,0.004544450576486364,-0.2994784957936246,-1.1282327099057836
OASIS_2,LinearSVM,47,test,brightness_contrast__severe,brightness_contrast,severe,D:\OASIS_2\distortions_128\brightness_contrast\severe\Moderate_Dementia\OAS2_0120\OAS2_0120_slice_08_z114.png,Moderate_Dementia/OAS2_0120/OAS2_0120_slice_08_z114.png,Moderate Dementia/OAS2_0120/OAS2_0120_slice_08_z114.png,OAS2_0120,Moderate Dementia,3,1,Very Mild Dementia,0,-0.28560191437114246,0.22072011702147185,-0.8406268230275389,-1.5130249866724084
OASIS_2,LinearSVM,47,test,brightness_contrast__severe,brightness_contrast,severe,D:\OASIS_2\distortions_128\brightness_contrast\severe\Moderate_Dementia\OAS2_0120\OAS2_0120_slice_09_z120.png,Moderate_Dementia/OAS2_0120/OAS2_0120_slice_09_z120.png,Moderate Dementia/OAS2_0120/OAS2_0120_slice_09_z120.png,OAS2_0120,Moderate Dementia,3,1,Very Mild Dementia,0,-0.7428555881200964,0.36203008046162066,-0.2890399657035424,-1.679342175320358
OASIS_2,LinearSVM,47,test,brightness_contrast__severe,brightness_contrast,severe,D:\OASIS_2\distortions_128\brightness_contrast\severe\Moderate_Dementia\OAS2_0120\OAS2_0120_slice_10_z125.png,Moderate_Dementia/OAS2_0120/OAS2_0120_slice_10_z125.png,Moderate Dementia/OAS2_0120/OAS2_0120_slice_10_z125.png,OAS2_0120,Moderate Dementia,3,0,Non-Demented,0,0.25648421776585917,0.21636999370598273,-1.3830264722041434,-1.5596670939189927
OASIS_2,LinearSVM,47,test,brightness_contrast__severe,brightness_contrast,severe,D:\OASIS_2\distortions_128\brightness_contrast\severe\Moderate_Dementia\OAS2_0120\OAS2_0120_slice_11_z130.png,Moderate_Dementia/OAS2_0120/OAS2_0120_slice_11_z130.png,Moderate Dementia/OAS2_0120/OAS2_0120_slice_11_z130.png,OAS2_0120,Moderate Dementia,3,0,Non-Demented,0,2.2397769232031854,-1.7895684799580758,-1.1276677038506575,-0.5048764042543517
OASIS_2,LinearSVM,47,test,brightness_contrast__severe,brightness_contrast,severe,D:\OASIS_2\distortions_128\brightness_contrast\severe\Moderate_Dementia\OAS2_0120\OAS2_0120_slice_12_z135.png,Moderate_Dementia/OAS2_0120/OAS2_0120_slice_12_z135.png,Moderate Dementia/OAS2_0120/OAS2_0120_slice_12_z135.png,OAS2_0120,Moderate Dementia,3,0,Non-Demented,0,1.5673827936872171,-1.679975369020325,-1.097671713391382,-0.5644990422510301
OASIS_2,LinearSVM,47,test,brightness_contrast__severe,brightness_contrast,severe,D:\OASIS_2\distortions_128\brightness_contrast\severe\Moderate_Dementia\OAS2_0120\OAS2_0120_slice_13_z141.png,Moderate_Dementia/OAS2_0120/OAS2_0120_slice_13_z141.png,Moderate Dementia/OAS2_0120/OAS2_0120_slice_13_z141.png,OAS2_0120,Moderate Dementia,3,1,Very Mild Dementia,0,-6.2314135829703865,2.94974285640342,-0.346791985482361,2.9329156726466086
OASIS_2,LinearSVM,47,test,brightness_contrast__severe,brightness_contrast,severe,D:\OASIS_2\distortions_128\brightness_contrast\severe\Moderate_Dementia\OAS2_0120\OAS2_0120_slice_14_z146.png,Moderate_Dementia/OAS2_0120/OAS2_0120_slice_14_z146.png,Moderate Dementia/OAS2_0120/OAS2_0120_slice_14_z146.png,OAS2_0120,Moderate Dementia,3,0,Non-Demented,0,2.415985442302823,-0.7239750994642009,-2.0362538429275525,-1.520121041114992
OASIS_2,LinearSVM,47,test,brightness_contrast__severe,brightness_contrast,severe,D:\OASIS_2\distortions_128\brightness_contrast\severe\Moderate_Dementia\OAS2_0120\OAS2_0120_slice_15_z151.png,Moderate_Dementia/OAS2_0120/OAS2_0120_slice_15_z151.png,Moderate Dementia/OAS2_0120/OAS2_0120_slice_15_z151.png,OAS2_0120,Moderate Dementia,3,3,Moderate Dementia,1,-5.955138324924743,2.780732094737708,-0.6649981973117035,2.975540083931633
OASIS_2,LinearSVM,47,test,brightness_contrast__severe,brightness_contrast,severe,D:\OASIS_2\distortions_128\brightness_contrast\severe\Moderate_Dementia\OAS2_0120\OAS2_0120_slice_16_z157.png,Moderate_Dementia/OAS2_0120/OAS2_0120_slice_16_z157.png,Moderate Dementia/OAS2_0120/OAS2_0120_slice_16_z157.png,OAS2_0120,Moderate Dementia,3,1,Very Mild Dementia,0,-6.357649684489284,3.4599020643380327,-0.6326849217908478,2.7003430679421063
OASIS_2,LinearSVM,47,test,brightness_contrast__severe,brightness_contrast,severe,D:\OASIS_2\distortions_128\brightness_contrast\severe\Moderate_Dementia\OAS2_0120\OAS2_0120_slice_17_z162.png,Moderate_Dementia/OAS2_0120/OAS2_0120_slice_17_z162.png,Moderate Dementia/OAS2_0120/OAS2_0120_slice_17_z162.png,OAS2_0120,Moderate Dementia,3,0,Non-Demented,0,0.7070478750333173,-0.6795034403092021,-0.38653698655833274,-1.3465338243021714
OASIS_2,LinearSVM,47,test,brightness_contrast__severe,brightness_contrast,severe,D:\OASIS_2\distortions_128\brightness_contrast\severe\Moderate_Dementia\OAS2_0120\OAS2_0120_slice_18_z167.png,Moderate_Dementia/OAS2_0120/OAS2_0120_slice_18_z167.png,Moderate Dementia/OAS2_0120/OAS2_0120_slice_18_z167.png,OAS2_0120,Moderate Dementia,3,1,Very Mild Dementia,0,-6.788926529392996,3.1271377872081905,-0.012698825975431371,2.8342751232898173
OASIS_2,LinearSVM,47,test,brightness_contrast__severe,brightness_contrast,severe,D:\OASIS_2\distortions_128\brightness_contrast\severe\Moderate_Dementia\OAS2_0120\OAS2_0120_slice_19_z173.png,Moderate_Dementia/OAS2_0120/OAS2_0120_slice_19_z173.png,Moderate Dementia/OAS2_0120/OAS2_0120_slice_19_z173.png,OAS2_0120,Moderate Dementia,3,0,Non-Demented,0,-0.09723811349037405,-0.558521678968224,-0.3784610978422893,-1.0537095781994288
OASIS_2,LinearSVM,47,test,brightness_contrast__severe,brightness_contrast,severe,D:\OASIS_2\distortions_128\brightness_contrast\severe\Moderate_Dementia\OAS2_0120\OAS2_0120_slice_20_z178.png,Moderate_Dementia/OAS2_0120/OAS2_0120_slice_20_z178.png,Moderate Dementia/OAS2_0120/OAS2_0120_slice_20_z178.png,OAS2_0120,Moderate Dementia,3,1,Very Mild Dementia,0,-0.3822793875181851,-0.12674005575850616,-0.6037556856438515,-1.2194984476687154
OASIS_2,LinearSVM,47,test,brightness_contrast__severe,brightness_contrast,severe,D:\OASIS_2\distortions_128\brightness_contrast\severe\Non_Demented\OAS2_0004\OAS2_0004_slice_01_z077.png,Non_Demented/OAS2_0004/OAS2_0004_slice_01_z077.png,Non-Demented/OAS2_0004/OAS2_0004_slice_01_z077.png,OAS2_0004,Non-Demented,0,3,Moderate Dementia,0,-5.841196292828338,2.4720236083143914,-0.1764204701603468,2.953334342516839
OASIS_2,LinearSVM,47,test,brightness_contrast__severe,brightness_contrast,severe,D:\OASIS_2\distortions_128\brightness_contrast\severe\Non_Demented\OAS2_0004\OAS2_0004_slice_02_z082.png,Non_Demented/OAS2_0004/OAS2_0004_slice_02_z082.png,Non-Demented/OAS2_0004/OAS2_0004_slice_02_z082.png,OAS2_0004,Non-Demented,0,3,Moderate Dementia,0,-5.643804794754577,2.762675911847536,-0.8243355135201295,2.9904475272571647
OASIS_2,LinearSVM,47,test,brightness_contrast__severe,brightness_contrast,severe,D:\OASIS_2\distortions_128\brightness_contrast\severe\Non_Demented\OAS2_0004\OAS2_0004_slice_03_z088.png,Non_Demented/OAS2_0004/OAS2_0004_slice_03_z088.png,Non-Demented/OAS2_0004/OAS2_0004_slice_03_z088.png,OAS2_0004,Non-Demented,0,0,Non-Demented,1,0.4992650408075931,-0.4446073875801323,-0.9190225869040145,-1.1347080977088415
OASIS_2,LinearSVM,47,test,brightness_contrast__severe,brightness_contrast,severe,D:\OASIS_2\distortions_128\brightness_contrast\severe\Non_Demented\OAS2_0004\OAS2_0004_slice_04_z093.png,Non_Demented/OAS2_0004/OAS2_0004_slice_04_z093.png,Non-Demented/OAS2_0004/OAS2_0004_slice_04_z093.png,OAS2_0004,Non-Demented,0,3,Moderate Dementia,0,-6.305158231312156,2.7361718852788677,-0.09876737016791004,3.127747149870118
OASIS_2,LinearSVM,47,test,brightness_contrast__severe,brightness_contrast,severe,D:\OASIS_2\distortions_128\brightness_contrast\severe\Non_Demented\OAS2_0004\OAS2_0004_slice_05_z098.png,Non_Demented/OAS2_0004/OAS2_0004_slice_05_z098.png,Non-Demented/OAS2_0004/OAS2_0004_slice_05_z098.png,OAS2_0004,Non-Demented,0,0,Non-Demented,1,0.5895329137870111,-1.0011192738219632,-0.20940077546141517,-1.1592170929593326
OASIS_2,LinearSVM,47,test,brightness_contrast__severe,brightness_contrast,severe,D:\OASIS_2\distortions_128\brightness_contrast\severe\Non_Demented\OAS2_0004\OAS2_0004_slice_06_z104.png,Non_Demented/OAS2_0004/OAS2_0004_slice_06_z104.png,Non-Demented/OAS2_0004/OAS2_0004_slice_06_z104.png,OAS2_0004,Non-Demented,0,0,Non-Demented,1,0.20675985335262576,-0.8239741120037238,-0.2706747135897849,-0.9861839373683714
OASIS_2,LinearSVM,47,test,brightness_contrast__severe,brightness_contrast,severe,D:\OASIS_2\distortions_128\brightness_contrast\severe\Non_Demented\OAS2_0004\OAS2_0004_slice_07_z109.png,Non_Demented/OAS2_0004/OAS2_0004_slice_07_z109.png,Non-Demented/OAS2_0004/OAS2_0004_slice_07_z109.png,OAS2_0004,Non-Demented,0,0,Non-Demented,1,0.2216912840277067,-0.6230427750624237,-0.3633834613123514,-1.3923049976118138
OASIS_2,LinearSVM,47,test,brightness_contrast__severe,brightness_contrast,severe,D:\OASIS_2\distortions_128\brightness_contrast\severe\Non_Demented\OAS2_0004\OAS2_0004_slice_08_z114.png,Non_Demented/OAS2_0004/OAS2_0004_slice_08_z114.png,Non-Demented/OAS2_0004/OAS2_0004_slice_08_z114.png,OAS2_0004,Non-Demented,0,0,Non-Demented,1,0.06681985437868106,-1.0247135473891484,-0.1484672586886026,-0.896375823243416
OASIS_2,LinearSVM,47,test,brightness_contrast__severe,brightness_contrast,severe,D:\OASIS_2\distortions_128\brightness_contrast\severe\Non_Demented\OAS2_0004\OAS2_0004_slice_09_z120.png,Non_Demented/OAS2_0004/OAS2_0004_slice_09_z120.png,Non-Demented/OAS2_0004/OAS2_0004_slice_09_z120.png,OAS2_0004,Non-Demented,0,2,Mild Dementia,0,-0.14149080355216437,-0.5008197644103064,-0.05255596511808425,-0.6234998884572547
OASIS_2,LinearSVM,47,test,brightness_contrast__severe,brightness_contrast,severe,D:\OASIS_2\distortions_128\brightness_contrast\severe\Non_Demented\OAS2_0004\OAS2_0004_slice_10_z125.png,Non_Demented/OAS2_0004/OAS2_0004_slice_10_z125.png,Non-Demented/OAS2_0004/OAS2_0004_slice_10_z125.png,OAS2_0004,Non-Demented,0,1,Very Mild Dementia,0,-6.667144200049336,3.0277788402239145,-0.220840277112074,2.7090490088306507
OASIS_2,LinearSVM,47,test,brightness_contrast__severe,brightness_contrast,severe,D:\OASIS_2\distortions_128\brightness_contrast\severe\Non_Demented\OAS2_0004\OAS2_0004_slice_11_z130.png,Non_Demented/OAS2_0004/OAS2_0004_slice_11_z130.png,Non-Demented/OAS2_0004/OAS2_0004_slice_11_z130.png,OAS2_0004,Non-Demented,0,3,Moderate Dementia,0,-6.277910076212789,2.8887738309231987,-0.47226288286970897,2.9862209702752627
OASIS_2,LinearSVM,47,test,brightness_contrast__severe,brightness_contrast,severe,D:\OASIS_2\distortions_128\brightness_contrast\severe\Non_Demented\OAS2_0004\OAS2_0004_slice_12_z135.png,Non_Demented/OAS2_0004/OAS2_0004_slice_12_z135.png,Non-Demented/OAS2_0004/OAS2_0004_slice_12_z135.png,OAS2_0004,Non-Demented,0,0,Non-Demented,1,1.2689965514556296,-1.1186102115468384,-0.5806253334262874,-1.3356355778685036
OASIS_2,LinearSVM,47,test,brightness_contrast__severe,brightness_contrast,severe,D:\OASIS_2\distortions_128\brightness_contrast\severe\Non_Demented\OAS2_0004\OAS2_0004_slice_13_z141.png,Non_Demented/OAS2_0004/OAS2_0004_slice_13_z141.png,Non-Demented/OAS2_0004/OAS2_0004_slice_13_z141.png,OAS2_0004,Non-Demented,0,3,Moderate Dementia,0,-5.700814168750951,2.3380830535591723,-0.5777909573577443,2.951750767031647
OASIS_2,LinearSVM,47,test,brightness_contrast__severe,brightness_contrast,severe,D:\OASIS_2\distortions_128\brightness_contrast\severe\Non_Demented\OAS2_0004\OAS2_0004_slice_14_z146.png,Non_Demented/OAS2_0004/OAS2_0004_slice_14_z146.png,Non-Demented/OAS2_0004/OAS2_0004_slice_14_z146.png,OAS2_0004,Non-Demented,0,0,Non-Demented,1,0.5788546448852744,-1.057307411008885,-0.33208722012102343,-1.2485539325873931
OASIS_2,LinearSVM,47,test,brightness_contrast__severe,brightness_contrast,severe,D:\OASIS_2\distortions_128\brightness_contrast\severe\Non_Demented\OAS2_0004\OAS2_0004_slice_15_z151.png,Non_Demented/OAS2_0004/OAS2_0004_slice_15_z151.png,Non-Demented/OAS2_0004/OAS2_0004_slice_15_z151.png,OAS2_0004,Non-Demented,0,0,Non-Demented,1,0.6416857373430224,-0.4936669459825338,-1.2086290954502674,-1.180716389760725
OASIS_2,LinearSVM,47,test,brightness_contrast__severe,brightness_contrast,severe,D:\OASIS_2\distortions_128\brightness_contrast\severe\Non_Demented\OAS2_0004\OAS2_0004_slice_16_z157.png,Non_Demented/OAS2_0004/OAS2_0004_slice_16_z157.png,Non-Demented/OAS2_0004/OAS2_0004_slice_16_z157.png,OAS2_0004,Non-Demented,0,3,Moderate Dementia,0,-5.670073611137389,2.2364275628289576,-0.45837297406546973,2.985970442359383
OASIS_2,LinearSVM,47,test,brightness_contrast__severe,brightness_contrast,severe,D:\OASIS_2\distortions_128\brightness_contrast\severe\Non_Demented\OAS2_0004\OAS2_0004_slice_17_z162.png,Non_Demented/OAS2_0004/OAS2_0004_slice_17_z162.png,Non-Demented/OAS2_0004/OAS2_0004_slice_17_z162.png,OAS2_0004,Non-Demented,0,0,Non-Demented,1,1.6427331720893938,-1.4144125841500776,-1.2706521797165027,-1.3148494875455747
OASIS_2,LinearSVM,47,test,brightness_contrast__severe,brightness_contrast,severe,D:\OASIS_2\distortions_128\brightness_contrast\severe\Non_Demented\OAS2_0004\OAS2_0004_slice_18_z167.png,Non_Demented/OAS2_0004/OAS2_0004_slice_18_z167.png,Non-Demented/OAS2_0004/OAS2_0004_slice_18_z167.png,OAS2_0004,Non-Demented,0,0,Non-Demented,1,1.885885683658677,-1.1176459565750838,-1.8366929294858316,-1.3404601837497243
OASIS_2,LinearSVM,47,test,brightness_contrast__severe,brightness_contrast,severe,D:\OASIS_2\distortions_128\brightness_contrast\severe\Non_Demented\OAS2_0004\OAS2_0004_slice_19_z173.png,Non_Demented/OAS2_0004/OAS2_0004_slice_19_z173.png,Non-Demented/OAS2_0004/OAS2_0004_slice_19_z173.png,OAS2_0004,Non-Demented,0,0,Non-Demented,1,-0.08819556100544453,-0.21507729117643742,-0.8120705688727521,-1.2453807192207544
OASIS_2,LinearSVM,47,test,brightness_contrast__severe,brightness_contrast,severe,D:\OASIS_2\distortions_128\brightness_contrast\severe\Non_Demented\OAS2_0004\OAS2_0004_slice_20_z178.png,Non_Demented/OAS2_0004/OAS2_0004_slice_20_z178.png,Non-Demented/OAS2_0004/OAS2_0004_slice_20_z178.png,OAS2_0004,Non-Demented,0,0,Non-Demented,1,0.9645953598809189,-1.0809840732818308,-0.9667406906044766,-0.8390869803863502
OASIS_2,LinearSVM,47,test,brightness_contrast__severe,brightness_contrast,severe,D:\OASIS_2\distortions_128\brightness_contrast\severe\Non_Demented\OAS2_0005\OAS2_0005_slice_01_z077.png,Non_Demented/OAS2_0005/OAS2_0005_slice_01_z077.png,Non-Demented/OAS2_0005/OAS2_0005_slice_01_z077.png,OAS2_0005,Non-Demented,0,0,Non-Demented,1,1.758980895121706,-2.2878419964461276,-0.7700526436227627,-0.9606191597891157
OASIS_2,LinearSVM,47,test,brightness_contrast__severe,brightness_contrast,severe,D:\OASIS_2\distortions_128\brightness_contrast\severe\Non_Demented\OAS2_0005\OAS2_0005_slice_02_z082.png,Non_Demented/OAS2_0005/OAS2_0005_slice_02_z082.png,Non-Demented/OAS2_0005/OAS2_0005_slice_02_z082.png,OAS2_0005,Non-Demented,0,1,Very Mild Dementia,0,-6.6375441189525795,3.132290935961562,-0.44682776359621046,2.672914619770584
OASIS_2,LinearSVM,47,test,brightness_contrast__severe,brightness_contrast,severe,D:\OASIS_2\distortions_128\brightness_contrast\severe\Non_Demented\OAS2_0005\OAS2_0005_slice_03_z088.png,Non_Demented/OAS2_0005/OAS2_0005_slice_03_z088.png,Non-Demented/OAS2_0005/OAS2_0005_slice_03_z088.png,OAS2_0005,Non-Demented,0,1,Very Mild Dementia,0,-0.5385316889514793,-0.08824918299671061,-0.09323432200490811,-1.6302067011299677
OASIS_2,LinearSVM,47,test,brightness_contrast__severe,brightness_contrast,severe,D:\OASIS_2\distortions_128\brightness_contrast\severe\Non_Demented\OAS2_0005\OAS2_0005_slice_04_z093.png,Non_Demented/OAS2_0005/OAS2_0005_slice_04_z093.png,Non-Demented/OAS2_0005/OAS2_0005_slice_04_z093.png,OAS2_0005,Non-Demented,0,1,Very Mild Dementia,0,-0.2140571399840936,0.40224837769346233,-0.959412316565664,-1.2769275171249677
OASIS_2,LinearSVM,47,test,brightness_contrast__severe,brightness_contrast,severe,D:\OASIS_2\distortions_128\brightness_contrast\severe\Non_Demented\OAS2_0005\OAS2_0005_slice_05_z098.png,Non_Demented/OAS2_0005/OAS2_0005_slice_05_z098.png,Non-Demented/OAS2_0005/OAS2_0005_slice_05_z098.png,OAS2_0005,Non-Demented,0,1,Very Mild Dementia,0,0.014216083666134357,0.581959028796678,-1.3241428582253416,-0.9505420266024636
OASIS_2,LinearSVM,47,test,brightness_contrast__severe,brightness_contrast,severe,D:\OASIS_2\distortions_128\brightness_contrast\severe\Non_Demented\OAS2_0005\OAS2_0005_slice_06_z104.png,Non_Demented/OAS2_0005/OAS2_0005_slice_06_z104.png,Non-Demented/OAS2_0005/OAS2_0005_slice_06_z104.png,OAS2_0005,Non-Demented,0,1,Very Mild Dementia,0,-6.490764800035184,3.7813536440593136,-1.2778682370335024,3.1196198460500875
OASIS_2,LinearSVM,47,test,brightness_contrast__severe,brightness_contrast,severe,D:\OASIS_2\distortions_128\brightness_contrast\severe\Non_Demented\OAS2_0005\OAS2_0005_slice_07_z109.png,Non_Demented/OAS2_0005/OAS2_0005_slice_07_z109.png,Non-Demented/OAS2_0005/OAS2_0005_slice_07_z109.png,OAS2_0005,Non-Demented,0,0,Non-Demented,1,1.1735656759685387,0.15264339509929173,-2.1082915343511566,-1.0997311171841402
OASIS_2,LinearSVM,47,test,brightness_contrast__severe,brightness_contrast,severe,D:\OASIS_2\distortions_128\brightness_contrast\severe\Non_Demented\OAS2_0005\OAS2_0005_slice_08_z114.png,Non_Demented/OAS2_0005/OAS2_0005_slice_08_z114.png,Non-Demented/OAS2_0005/OAS2_0005_slice_08_z114.png,OAS2_0005,Non-Demented,0,1,Very Mild Dementia,0,-6.2324008538802,3.2642811060547254,-0.6981208024252109,2.634673434230214
OASIS_2,LinearSVM,47,test,brightness_contrast__severe,brightness_contrast,severe,D:\OASIS_2\distortions_128\brightness_contrast\severe\Non_Demented\OAS2_0005\OAS2_0005_slice_09_z120.png,Non_Demented/OAS2_0005/OAS2_0005_slice_09_z120.png,Non-Demented/OAS2_0005/OAS2_0005_slice_09_z120.png,OAS2_0005,Non-Demented,0,1,Very Mild Dementia,0,-5.120498023921167,3.1034236872280787,-2.037344897183521,2.8549258244966436
OASIS_2,LinearSVM,47,test,brightness_contrast__severe,brightness_contrast,severe,D:\OASIS_2\distortions_128\brightness_contrast\severe\Non_Demented\OAS2_0005\OAS2_0005_slice_10_z125.png,Non_Demented/OAS2_0005/OAS2_0005_slice_10_z125.png,Non-Demented/OAS2_0005/OAS2_0005_slice_10_z125.png,OAS2_0005,Non-Demented,0,0,Non-Demented,1,1.0094329158570667,-0.5085184551794022,-1.4362776073164718,-1.2591131330339191
OASIS_2,LinearSVM,47,test,brightness_contrast__severe,brightness_contrast,severe,D:\OASIS_2\distortions_128\brightness_contrast\severe\Non_Demented\OAS2_0005\OAS2_0005_slice_11_z130.png,Non_Demented/OAS2_0005/OAS2_0005_slice_11_z130.png,Non-Demented/OAS2_0005/OAS2_0005_slice_11_z130.png,OAS2_0005,Non-Demented,0,1,Very Mild Dementia,0,-5.897134492376567,3.6724458868582035,-1.6405009745540649,2.8591658734929184
OASIS_2,LinearSVM,47,test,brightness_contrast__severe,brightness_contrast,severe,D:\OASIS_2\distortions_128\brightness_contrast\severe\Non_Demented\OAS2_0005\OAS2_0005_slice_12_z135.png,Non_Demented/OAS2_0005/OAS2_0005_slice_12_z135.png,Non-Demented/OAS2_0005/OAS2_0005_slice_12_z135.png,OAS2_0005,Non-Demented,0,3,Moderate Dementia,0,-5.29343020235089,2.3411268145970987,-1.2306324046245276,3.026212973902287
OASIS_2,LinearSVM,47,test,brightness_contrast__severe,brightness_contrast,severe,D:\OASIS_2\distortions_128\brightness_contrast\severe\Non_Demented\OAS2_0005\OAS2_0005_slice_13_z141.png,Non_Demented/OAS2_0005/OAS2_0005_slice_13_z141.png,Non-Demented/OAS2_0005/OAS2_0005_slice_13_z141.png,OAS2_0005,Non-Demented,0,1,Very Mild Dementia,0,-7.302261427177837,4.213430558991133,-0.7911783062856855,2.6358206364283143
OASIS_2,LinearSVM,47,test,brightness_contrast__severe,brightness_contrast,severe,D:\OASIS_2\distortions_128\brightness_contrast\severe\Non_Demented\OAS2_0005\OAS2_0005_slice_14_z146.png,Non_Demented/OAS2_0005/OAS2_0005_slice_14_z146.png,Non-Demented/OAS2_0005/OAS2_0005_slice_14_z146.png,OAS2_0005,Non-Demented,0,0,Non-Demented,1,1.4678695539923734,-0.7364342326036792,-1.2594525526649316,-1.5583863104688085
OASIS_2,LinearSVM,47,test,brightness_contrast__severe,brightness_contrast,severe,D:\OASIS_2\distortions_128\brightness_contrast\severe\Non_Demented\OAS2_0005\OAS2_0005_slice_15_z151.png,Non_Demented/OAS2_0005/OAS2_0005_slice_15_z151.png,Non-Demented/OAS2_0005/OAS2_0005_slice_15_z151.png,OAS2_0005,Non-Demented,0,1,Very Mild Dementia,0,0.26837773380169333,0.5471307896512168,-1.6009025156434573,-1.157580093170761
OASIS_2,LinearSVM,47,test,brightness_contrast__severe,brightness_contrast,severe,D:\OASIS_2\distortions_128\brightness_contrast\severe\Non_Demented\OAS2_0005\OAS2_0005_slice_16_z157.png,Non_Demented/OAS2_0005/OAS2_0005_slice_16_z157.png,Non-Demented/OAS2_0005/OAS2_0005_slice_16_z157.png,OAS2_0005,Non-Demented,0,0,Non-Demented,1,0.11589538360689376,-0.15243901999688797,-0.751438802994414,-1.0961457931497367
OASIS_2,LinearSVM,47,test,brightness_contrast__severe,brightness_contrast,severe,D:\OASIS_2\distortions_128\brightness_contrast\severe\Non_Demented\OAS2_0005\OAS2_0005_slice_17_z162.png,Non_Demented/OAS2_0005/OAS2_0005_slice_17_z162.png,Non-Demented/OAS2_0005/OAS2_0005_slice_17_z162.png,OAS2_0005,Non-Demented,0,0,Non-Demented,1,0.4512612512472554,-0.6581981032863053,-0.8186365587652208,-0.8627176630768736
OASIS_2,LinearSVM,47,test,brightness_contrast__severe,brightness_contrast,severe,D:\OASIS_2\distortions_128\brightness_contrast\severe\Non_Demented\OAS2_0005\OAS2_0005_slice_18_z167.png,Non_Demented/OAS2_0005/OAS2_0005_slice_18_z167.png,Non-Demented/OAS2_0005/OAS2_0005_slice_18_z167.png,OAS2_0005,Non-Demented,0,0,Non-Demented,1,0.8363148330365257,-0.3703778836044281,-1.09223329321246,-1.22348622674687
OASIS_2,LinearSVM,47,test,brightness_contrast__severe,brightness_contrast,severe,D:\OASIS_2\distortions_128\brightness_contrast\severe\Non_Demented\OAS2_0005\OAS2_0005_slice_19_z173.png,Non_Demented/OAS2_0005/OAS2_0005_slice_19_z173.png,Non-Demented/OAS2_0005/OAS2_0005_slice_19_z173.png,OAS2_0005,Non-Demented,0,1,Very Mild Dementia,0,-0.2163140500700125,1.4211087760716286,-2.0543002748426376,-0.8621432853296779
OASIS_2,LinearSVM,47,test,brightness_contrast__severe,brightness_contrast,severe,D:\OASIS_2\distortions_128\brightness_contrast\severe\Non_Demented\OAS2_0005\OAS2_0005_slice_20_z178.png,Non_Demented/OAS2_0005/OAS2_0005_slice_20_z178.png,Non-Demented/OAS2_0005/OAS2_0005_slice_20_z178.png,OAS2_0005,Non-Demented,0,0,Non-Demented,1,-0.2122458523846242,-0.35879682466096796,-0.611663121339111,-1.1319366251336338
OASIS_2,LinearSVM,47,test,brightness_contrast__severe,brightness_contrast,severe,D:\OASIS_2\distortions_128\brightness_contrast\severe\Non_Demented\OAS2_0017\OAS2_0017_slice_01_z077.png,Non_Demented/OAS2_0017/OAS2_0017_slice_01_z077.png,Non-Demented/OAS2_0017/OAS2_0017_slice_01_z077.png,OAS2_0017,Non-Demented,0,1,Very Mild Dementia,0,0.3269664550317787,0.368848275881541,-1.0964077008574393,-1.9792058405965582
OASIS_2,LinearSVM,47,test,brightness_contrast__severe,brightness_contrast,severe,D:\OASIS_2\distortions_128\brightness_contrast\severe\Non_Demented\OAS2_0017\OAS2_0017_slice_02_z082.png,Non_Demented/OAS2_0017/OAS2_0017_slice_02_z082.png,Non-Demented/OAS2_0017/OAS2_0017_slice_02_z082.png,OAS2_0017,Non-Demented,0,1,Very Mild Dementia,0,-8.077510878099355,3.9938083283475754,0.9030914636359523,2.552961978824933
OASIS_2,LinearSVM,47,test,brightness_contrast__severe,brightness_contrast,severe,D:\OASIS_2\distortions_128\brightness_contrast\severe\Non_Demented\OAS2_0017\OAS2_0017_slice_03_z088.png,Non_Demented/OAS2_0017/OAS2_0017_slice_03_z088.png,Non-Demented/OAS2_0017/OAS2_0017_slice_03_z088.png,OAS2_0017,Non-Demented,0,2,Mild Dementia,0,-0.29346347369533343,-1.1535470323410644,0.5933834093087577,-1.2579082074462293
OASIS_2,LinearSVM,47,test,brightness_contrast__severe,brightness_contrast,severe,D:\OASIS_2\distortions_128\brightness_contrast\severe\Non_Demented\OAS2_0017\OAS2_0017_slice_04_z093.png,Non_Demented/OAS2_0017/OAS2_0017_slice_04_z093.png,Non-Demented/OAS2_0017/OAS2_0017_slice_04_z093.png,OAS2_0017,Non-Demented,0,1,Very Mild Dementia,0,-1.0681803557651828,0.9404933806164437,-0.22221915012908033,-1.4607383978584387
OASIS_2,LinearSVM,47,test,brightness_contrast__severe,brightness_contrast,severe,D:\OASIS_2\distortions_128\brightness_contrast\severe\Non_Demented\OAS2_0017\OAS2_0017_slice_05_z098.png,Non_Demented/OAS2_0017/OAS2_0017_slice_05_z098.png,Non-Demented/OAS2_0017/OAS2_0017_slice_05_z098.png,OAS2_0017,Non-Demented,0,2,Mild Dementia,0,-1.2410017907609978,0.33718659150446284,0.5234401700784733,-1.0688628565014726
OASIS_2,LinearSVM,47,test,brightness_contrast__severe,brightness_contrast,severe,D:\OASIS_2\distortions_128\brightness_contrast\severe\Non_Demented\OAS2_0017\OAS2_0017_slice_06_z104.png,Non_Demented/OAS2_0017/OAS2_0017_slice_06_z104.png,Non-Demented/OAS2_0017/OAS2_0017_slice_06_z104.png,OAS2_0017,Non-Demented,0,2,Mild Dementia,0,-0.2345917939938887,-0.1679497145516919,-0.08622534524661352,-1.0525356510279007
OASIS_2,LinearSVM,47,test,brightness_contrast__severe,brightness_contrast,severe,D:\OASIS_2\distortions_128\brightness_contrast\severe\Non_Demented\OAS2_0017\OAS2_0017_slice_07_z109.png,Non_Demented/OAS2_0017/OAS2_0017_slice_07_z109.png,Non-Demented/OAS2_0017/OAS2_0017_slice_07_z109.png,OAS2_0017,Non-Demented,0,2,Mild Dementia,0,-1.1934908613938724,0.18443362866402982,0.5756058527531672,-1.1606564505934607
OASIS_2,LinearSVM,47,test,brightness_contrast__severe,brightness_contrast,severe,D:\OASIS_2\distortions_128\brightness_contrast\severe\Non_Demented\OAS2_0017\OAS2_0017_slice_08_z114.png,Non_Demented/OAS2_0017/OAS2_0017_slice_08_z114.png,Non-Demented/OAS2_0017/OAS2_0017_slice_08_z114.png,OAS2_0017,Non-Demented,0,2,Mild Dementia,0,0.08232496842953695,-0.5416311150555105,0.15106445088867737,-1.9802099280629912
OASIS_2,LinearSVM,47,test,brightness_contrast__severe,brightness_contrast,severe,D:\OASIS_2\distortions_128\brightness_contrast\severe\Non_Demented\OAS2_0017\OAS2_0017_slice_09_z120.png,Non_Demented/OAS2_0017/OAS2_0017_slice_09_z120.png,Non-Demented/OAS2_0017/OAS2_0017_slice_09_z120.png,OAS2_0017,Non-Demented,0,2,Mild Dementia,0,-0.29459498975881193,-0.13195568839684013,-0.039842881455530166,-1.2612648652231868
OASIS_2,LinearSVM,47,test,brightness_contrast__severe,brightness_contrast,severe,D:\OASIS_2\distortions_128\brightness_contrast\severe\Non_Demented\OAS2_0017\OAS2_0017_slice_10_z125.png,Non_Demented/OAS2_0017/OAS2_0017_slice_10_z125.png,Non-Demented/OAS2_0017/OAS2_0017_slice_10_z125.png,OAS2_0017,Non-Demented,0,1,Very Mild Dementia,0,-7.625514754721499,3.1355816535417547,0.6119368430296662,2.9707907092437686
OASIS_2,LinearSVM,47,test,brightness_contrast__severe,brightness_contrast,severe,D:\OASIS_2\distortions_128\brightness_contrast\severe\Non_Demented\OAS2_0017\OAS2_0017_slice_11_z130.png,Non_Demented/OAS2_0017/OAS2_0017_slice_11_z130.png,Non-Demented/OAS2_0017/OAS2_0017_slice_11_z130.png,OAS2_0017,Non-Demented,0,1,Very Mild Dementia,0,-0.7375311438784627,0.22894204387757675,-0.2631950140545071,-1.2240347760406687
OASIS_2,LinearSVM,47,test,brightness_contrast__severe,brightness_contrast,severe,D:\OASIS_2\distortions_128\brightness_contrast\severe\Non_Demented\OAS2_0017\OAS2_0017_slice_12_z135.png,Non_Demented/OAS2_0017/OAS2_0017_slice_12_z135.png,Non-Demented/OAS2_0017/OAS2_0017_slice_12_z135.png,OAS2_0017,Non-Demented,0,1,Very Mild Dementia,0,-0.035458063860331304,0.18486827607478104,-1.1511837537512106,-0.29013059115082074
OASIS_2,LinearSVM,47,test,brightness_contrast__severe,brightness_contrast,severe,D:\OASIS_2\distortions_128\brightness_contrast\severe\Non_Demented\OAS2_0017\OAS2_0017_slice_13_z141.png,Non_Demented/OAS2_0017/OAS2_0017_slice_13_z141.png,Non-Demented/OAS2_0017/OAS2_0017_slice_13_z141.png,OAS2_0017,Non-Demented,0,0,Non-Demented,1,0.06361302454702922,-0.24781996864499975,-0.4271408795394138,-1.7096762537702272
OASIS_2,LinearSVM,47,test,brightness_contrast__severe,brightness_contrast,severe,D:\OASIS_2\distortions_128\brightness_contrast\severe\Non_Demented\OAS2_0017\OAS2_0017_slice_14_z146.png,Non_Demented/OAS2_0017/OAS2_0017_slice_14_z146.png,Non-Demented/OAS2_0017/OAS2_0017_slice_14_z146.png,OAS2_0017,Non-Demented,0,1,Very Mild Dementia,0,-0.5661933825246102,-0.09322155152488691,-0.16642427975462143,-1.1754118663208748
OASIS_2,LinearSVM,47,test,brightness_contrast__severe,brightness_contrast,severe,D:\OASIS_2\distortions_128\brightness_contrast\severe\Non_Demented\OAS2_0017\OAS2_0017_slice_15_z151.png,Non_Demented/OAS2_0017/OAS2_0017_slice_15_z151.png,Non-Demented/OAS2_0017/OAS2_0017_slice_15_z151.png,OAS2_0017,Non-Demented,0,0,Non-Demented,1,0.2734952878944564,-0.7840559948506279,-0.21671861946522347,-1.0655300020434122
OASIS_2,LinearSVM,47,test,brightness_contrast__severe,brightness_contrast,severe,D:\OASIS_2\distortions_128\brightness_contrast\severe\Non_Demented\OAS2_0017\OAS2_0017_slice_16_z157.png,Non_Demented/OAS2_0017/OAS2_0017_slice_16_z157.png,Non-Demented/OAS2_0017/OAS2_0017_slice_16_z157.png,OAS2_0017,Non-Demented,0,2,Mild Dementia,0,0.06791647356482076,-0.7229101576891629,0.0863835182825553,-1.1592915540554964
OASIS_2,LinearSVM,47,test,brightness_contrast__severe,brightness_contrast,severe,D:\OASIS_2\distortions_128\brightness_contrast\severe\Non_Demented\OAS2_0017\OAS2_0017_slice_17_z162.png,Non_Demented/OAS2_0017/OAS2_0017_slice_17_z162.png,Non-Demented/OAS2_0017/OAS2_0017_slice_17_z162.png,OAS2_0017,Non-Demented,0,1,Very Mild Dementia,0,-0.060845666221718775,0.3468463118547752,-1.4332606722840069,-0.5272611863372647
OASIS_2,LinearSVM,47,test,brightness_contrast__severe,brightness_contrast,severe,D:\OASIS_2\distortions_128\brightness_contrast\severe\Non_Demented\OAS2_0017\OAS2_0017_slice_18_z167.png,Non_Demented/OAS2_0017/OAS2_0017_slice_18_z167.png,Non-Demented/OAS2_0017/OAS2_0017_slice_18_z167.png,OAS2_0017,Non-Demented,0,0,Non-Demented,1,0.6214655673377874,-1.1467910869484812,-0.14083391429720055,-1.8895513445040066
OASIS_2,LinearSVM,47,test,brightness_contrast__severe,brightness_contrast,severe,D:\OASIS_2\distortions_128\brightness_contrast\severe\Non_Demented\OAS2_0017\OAS2_0017_slice_19_z173.png,Non_Demented/OAS2_0017/OAS2_0017_slice_19_z173.png,Non-Demented/OAS2_0017/OAS2_0017_slice_19_z173.png,OAS2_0017,Non-Demented,0,0,Non-Demented,1,1.562094715150402,-1.8579595192794915,-0.21513530409669468,-0.7080765262943265
OASIS_2,LinearSVM,47,test,brightness_contrast__severe,brightness_contrast,severe,D:\OASIS_2\distortions_128\brightness_contrast\severe\Non_Demented\OAS2_0017\OAS2_0017_slice_20_z178.png,Non_Demented/OAS2_0017/OAS2_0017_slice_20_z178.png,Non-Demented/OAS2_0017/OAS2_0017_slice_20_z178.png,OAS2_0017,Non-Demented,0,3,Moderate Dementia,0,-6.379722255555696,2.9039269253391287,-0.5536211649274082,3.0187559351298328
OASIS_2,LinearSVM,47,test,brightness_contrast__severe,brightness_contrast,severe,D:\OASIS_2\distortions_128\brightness_contrast\severe\Non_Demented\OAS2_0036\OAS2_0036_slice_01_z077.png,Non_Demented/OAS2_0036/OAS2_0036_slice_01_z077.png,Non-Demented/OAS2_0036/OAS2_0036_slice_01_z077.png,OAS2_0036,Non-Demented,0,1,Very Mild Dementia,0,-1.144649061152152,0.5395836726539147,-0.8962237821999689,-0.9184866320300344
OASIS_2,LinearSVM,47,test,brightness_contrast__severe,brightness_contrast,severe,D:\OASIS_2\distortions_128\brightness_contrast\severe\Non_Demented\OAS2_0036\OAS2_0036_slice_02_z082.png,Non_Demented/OAS2_0036/OAS2_0036_slice_02_z082.png,Non-Demented/OAS2_0036/OAS2_0036_slice_02_z082.png,OAS2_0036,Non-Demented,0,1,Very Mild Dementia,0,-0.8881681641521626,-0.016494912923899874,-0.3264636323913936,-1.1271595834667854
OASIS_2,LinearSVM,47,test,brightness_contrast__severe,brightness_contrast,severe,D:\OASIS_2\distortions_128\brightness_contrast\severe\Non_Demented\OAS2_0036\OAS2_0036_slice_03_z088.png,Non_Demented/OAS2_0036/OAS2_0036_slice_03_z088.png,Non-Demented/OAS2_0036/OAS2_0036_slice_03_z088.png,OAS2_0036,Non-Demented,0,1,Very Mild Dementia,0,-0.6762510046615933,1.262334534149806,-2.3936306934139133,-0.7313132969402556
OASIS_2,LinearSVM,47,test,brightness_contrast__severe,brightness_contrast,severe,D:\OASIS_2\distortions_128\brightness_contrast\severe\Non_Demented\OAS2_0036\OAS2_0036_slice_04_z093.png,Non_Demented/OAS2_0036/OAS2_0036_slice_04_z093.png,Non-Demented/OAS2_0036/OAS2_0036_slice_04_z093.png,OAS2_0036,Non-Demented,0,0,Non-Demented,1,-0.12897309663315457,-0.2706870223349456,-0.7812438109152846,-1.1534810295328903
OASIS_2,LinearSVM,47,test,brightness_contrast__severe,brightness_contrast,severe,D:\OASIS_2\distortions_128\brightness_contrast\severe\Non_Demented\OAS2_0036\OAS2_0036_slice_05_z098.png,Non_Demented/OAS2_0036/OAS2_0036_slice_05_z098.png,Non-Demented/OAS2_0036/OAS2_0036_slice_05_z098.png,OAS2_0036,Non-Demented,0,1,Very Mild Dementia,0,-0.7896895664309707,0.07026480873281052,-0.37143068657260614,-0.32990718286820886
OASIS_2,LinearSVM,47,test,brightness_contrast__severe,brightness_contrast,severe,D:\OASIS_2\distortions_128\brightness_contrast\severe\Non_Demented\OAS2_0036\OAS2_0036_slice_06_z104.png,Non_Demented/OAS2_0036/OAS2_0036_slice_06_z104.png,Non-Demented/OAS2_0036/OAS2_0036_slice_06_z104.png,OAS2_0036,Non-Demented,0,0,Non-Demented,1,0.13315548575269257,-0.3564987872934168,-0.7947790405625837,-1.0481194826090288
OASIS_2,LinearSVM,47,test,brightness_contrast__severe,brightness_contrast,severe,D:\OASIS_2\distortions_128\brightness_contrast\severe\Non_Demented\OAS2_0036\OAS2_0036_slice_07_z109.png,Non_Demented/OAS2_0036/OAS2_0036_slice_07_z109.png,Non-Demented/OAS2_0036/OAS2_0036_slice_07_z109.png,OAS2_0036,Non-Demented,0,1,Very Mild Dementia,0,-1.025410783665949,0.2583651245986337,-0.19153611146035898,-0.9624485973233181
OASIS_2,LinearSVM,47,test,brightness_contrast__severe,brightness_contrast,severe,D:\OASIS_2\distortions_128\brightness_contrast\severe\Non_Demented\OAS2_0036\OAS2_0036_slice_08_z114.png,Non_Demented/OAS2_0036/OAS2_0036_slice_08_z114.png,Non-Demented/OAS2_0036/OAS2_0036_slice_08_z114.png,OAS2_0036,Non-Demented,0,1,Very Mild Dementia,0,-1.3886404111967618,0.2917130228596606,0.10512150456123426,-0.89308511925052
OASIS_2,LinearSVM,47,test,brightness_contrast__severe,brightness_contrast,severe,D:\OASIS_2\distortions_128\brightness_contrast\severe\Non_Demented\OAS2_0036\OAS2_0036_slice_09_z120.png,Non_Demented/OAS2_0036/OAS2_0036_slice_09_z120.png,Non-Demented/OAS2_0036/OAS2_0036_slice_09_z120.png,OAS2_0036,Non-Demented,0,1,Very Mild Dementia,0,-1.0104754744160516,0.5495959907367597,-0.5739929545561645,-1.3779872332206584
OASIS_2,LinearSVM,47,test,brightness_contrast__severe,brightness_contrast,severe,D:\OASIS_2\distortions_128\brightness_contrast\severe\Non_Demented\OAS2_0036\OAS2_0036_slice_10_z125.png,Non_Demented/OAS2_0036/OAS2_0036_slice_10_z125.png,Non-Demented/OAS2_0036/OAS2_0036_slice_10_z125.png,OAS2_0036,Non-Demented,0,1,Very Mild Dementia,0,-0.8697825402853661,0.7784926882773997,-0.18338919960456757,-2.2298905548715107
OASIS_2,LinearSVM,47,test,brightness_contrast__severe,brightness_contrast,severe,D:\OASIS_2\distortions_128\brightness_contrast\severe\Non_Demented\OAS2_0036\OAS2_0036_slice_11_z130.png,Non_Demented/OAS2_0036/OAS2_0036_slice_11_z130.png,Non-Demented/OAS2_0036/OAS2_0036_slice_11_z130.png,OAS2_0036,Non-Demented,0,1,Very Mild Dementia,0,-7.631740483217844,3.825672259588481,0.13212577582802443,2.7509588630199633
OASIS_2,LinearSVM,47,test,brightness_contrast__severe,brightness_contrast,severe,D:\OASIS_2\distortions_128\brightness_contrast\severe\Non_Demented\OAS2_0036\OAS2_0036_slice_12_z135.png,Non_Demented/OAS2_0036/OAS2_0036_slice_12_z135.png,Non-Demented/OAS2_0036/OAS2_0036_slice_12_z135.png,OAS2_0036,Non-Demented,0,0,Non-Demented,1,0.19380086191324913,-0.2232017124234517,-0.6678788639779374,-2.013279268956052
OASIS_2,LinearSVM,47,test,brightness_contrast__severe,brightness_contrast,severe,D:\OASIS_2\distortions_128\brightness_contrast\severe\Non_Demented\OAS2_0036\OAS2_0036_slice_13_z141.png,Non_Demented/OAS2_0036/OAS2_0036_slice_13_z141.png,Non-Demented/OAS2_0036/OAS2_0036_slice_13_z141.png,OAS2_0036,Non-Demented,0,1,Very Mild Dementia,0,-7.113332335495247,2.8134335326248103,0.0747551294964045,2.8120215754823663
OASIS_2,LinearSVM,47,test,brightness_contrast__severe,brightness_contrast,severe,D:\OASIS_2\distortions_128\brightness_contrast\severe\Non_Demented\OAS2_0036\OAS2_0036_slice_14_z146.png,Non_Demented/OAS2_0036/OAS2_0036_slice_14_z146.png,Non-Demented/OAS2_0036/OAS2_0036_slice_14_z146.png,OAS2_0036,Non-Demented,0,1,Very Mild Dementia,0,-0.8875810649307163,0.11904774429488271,-0.47445354963417996,-0.8662142213779669
OASIS_2,LinearSVM,47,test,brightness_contrast__severe,brightness_contrast,severe,D:\OASIS_2\distortions_128\brightness_contrast\severe\Non_Demented\OAS2_0036\OAS2_0036_slice_15_z151.png,Non_Demented/OAS2_0036/OAS2_0036_slice_15_z151.png,Non-Demented/OAS2_0036/OAS2_0036_slice_15_z151.png,OAS2_0036,Non-Demented,0,0,Non-Demented,1,0.2245382874552638,-0.6086241628157695,-0.03339038069145628,-1.6141640429396533
OASIS_2,LinearSVM,47,test,brightness_contrast__severe,brightness_contrast,severe,D:\OASIS_2\distortions_128\brightness_contrast\severe\Non_Demented\OAS2_0036\OAS2_0036_slice_16_z157.png,Non_Demented/OAS2_0036/OAS2_0036_slice_16_z157.png,Non-Demented/OAS2_0036/OAS2_0036_slice_16_z157.png,OAS2_0036,Non-Demented,0,0,Non-Demented,1,-0.1801948099037142,-0.6535512164591373,-0.549918246586584,-0.9159049980599798
OASIS_2,LinearSVM,47,test,brightness_contrast__severe,brightness_contrast,severe,D:\OASIS_2\distortions_128\brightness_contrast\severe\Non_Demented\OAS2_0036\OAS2_0036_slice_17_z162.png,Non_Demented/OAS2_0036/OAS2_0036_slice_17_z162.png,Non-Demented/OAS2_0036/OAS2_0036_slice_17_z162.png,OAS2_0036,Non-Demented,0,0,Non-Demented,1,1.0057273020273279,-1.5318240000714185,-0.5571767810854524,-0.6245210211200833
OASIS_2,LinearSVM,47,test,brightness_contrast__severe,brightness_contrast,severe,D:\OASIS_2\distortions_128\brightness_contrast\severe\Non_Demented\OAS2_0036\OAS2_0036_slice_18_z167.png,Non_Demented/OAS2_0036/OAS2_0036_slice_18_z167.png,Non-Demented/OAS2_0036/OAS2_0036_slice_18_z167.png,OAS2_0036,Non-Demented,0,2,Mild Dementia,0,-0.6460391380839113,-0.6615825023100728,-0.08715487581628711,-0.4165551900758069
OASIS_2,LinearSVM,47,test,brightness_contrast__severe,brightness_contrast,severe,D:\OASIS_2\distortions_128\brightness_contrast\severe\Non_Demented\OAS2_0036\OAS2_0036_slice_19_z173.png,Non_Demented/OAS2_0036/OAS2_0036_slice_19_z173.png,Non-Demented/OAS2_0036/OAS2_0036_slice_19_z173.png,OAS2_0036,Non-Demented,0,0,Non-Demented,1,0.017389872625606564,-0.48904493893033063,-0.8208946754213384,-0.8597706553872292
OASIS_2,LinearSVM,47,test,brightness_contrast__severe,brightness_contrast,severe,D:\OASIS_2\distortions_128\brightness_contrast\severe\Non_Demented\OAS2_0036\OAS2_0036_slice_20_z178.png,Non_Demented/OAS2_0036/OAS2_0036_slice_20_z178.png,Non-Demented/OAS2_0036/OAS2_0036_slice_20_z178.png,OAS2_0036,Non-Demented,0,1,Very Mild Dementia,0,0.08124345939341071,0.13173916852591447,-0.6843556564605405,-1.3993315433667157
OASIS_2,LinearSVM,47,test,brightness_contrast__severe,brightness_contrast,severe,D:\OASIS_2\distortions_128\brightness_contrast\severe\Non_Demented\OAS2_0067\OAS2_0067_slice_01_z077.png,Non_Demented/OAS2_0067/OAS2_0067_slice_01_z077.png,Non-Demented/OAS2_0067/OAS2_0067_slice_01_z077.png,OAS2_0067,Non-Demented,0,3,Moderate Dementia,0,-7.29617184694468,2.6399899616947646,1.1782015820488967,3.4863064936685118
OASIS_2,LinearSVM,47,test,brightness_contrast__severe,brightness_contrast,severe,D:\OASIS_2\distortions_128\brightness_contrast\severe\Non_Demented\OAS2_0067\OAS2_0067_slice_02_z082.png,Non_Demented/OAS2_0067/OAS2_0067_slice_02_z082.png,Non-Demented/OAS2_0067/OAS2_0067_slice_02_z082.png,OAS2_0067,Non-Demented,0,0,Non-Demented,1,1.0116020631149791,0.08330018838591666,-1.4771039064979727,-1.7231970149159426
OASIS_2,LinearSVM,47,test,brightness_contrast__severe,brightness_contrast,severe,D:\OASIS_2\distortions_128\brightness_contrast\severe\Non_Demented\OAS2_0067\OAS2_0067_slice_03_z088.png,Non_Demented/OAS2_0067/OAS2_0067_slice_03_z088.png,Non-Demented/OAS2_0067/OAS2_0067_slice_03_z088.png,OAS2_0067,Non-Demented,0,3,Moderate Dementia,0,-6.537543316842652,2.45167195274893,0.5093905153624779,2.8781298838094855
OASIS_2,LinearSVM,47,test,brightness_contrast__severe,brightness_contrast,severe,D:\OASIS_2\distortions_128\brightness_contrast\severe\Non_Demented\OAS2_0067\OAS2_0067_slice_04_z093.png,Non_Demented/OAS2_0067/OAS2_0067_slice_04_z093.png,Non-Demented/OAS2_0067/OAS2_0067_slice_04_z093.png,OAS2_0067,Non-Demented,0,2,Mild Dementia,0,-0.393722918702077,-1.4403976862424268,0.8420095778143605,-0.48831366637128787
OASIS_2,LinearSVM,47,test,brightness_contrast__severe,brightness_contrast,severe,D:\OASIS_2\distortions_128\brightness_contrast\severe\Non_Demented\OAS2_0067\OAS2_0067_slice_05_z098.png,Non_Demented/OAS2_0067/OAS2_0067_slice_05_z098.png,Non-Demented/OAS2_0067/OAS2_0067_slice_05_z098.png,OAS2_0067,Non-Demented,0,2,Mild Dementia,0,-0.7153407609712069,-0.07138719716618949,0.4999388456081971,-1.7266976974707577
OASIS_2,LinearSVM,47,test,brightness_contrast__severe,brightness_contrast,severe,D:\OASIS_2\distortions_128\brightness_contrast\severe\Non_Demented\OAS2_0067\OAS2_0067_slice_06_z104.png,Non_Demented/OAS2_0067/OAS2_0067_slice_06_z104.png,Non-Demented/OAS2_0067/OAS2_0067_slice_06_z104.png,OAS2_0067,Non-Demented,0,1,Very Mild Dementia,0,-6.908616241541304,3.4252577335160392,-0.08732225438193841,2.757056701091515
OASIS_2,LinearSVM,47,test,brightness_contrast__severe,brightness_contrast,severe,D:\OASIS_2\distortions_128\brightness_contrast\severe\Non_Demented\OAS2_0067\OAS2_0067_slice_07_z109.png,Non_Demented/OAS2_0067/OAS2_0067_slice_07_z109.png,Non-Demented/OAS2_0067/OAS2_0067_slice_07_z109.png,OAS2_0067,Non-Demented,0,1,Very Mild Dementia,0,-7.320625586205459,4.1892831881134525,-0.39756622902503735,2.7968213930903434
OASIS_2,LinearSVM,47,test,brightness_contrast__severe,brightness_contrast,severe,D:\OASIS_2\distortions_128\brightness_contrast\severe\Non_Demented\OAS2_0067\OAS2_0067_slice_08_z114.png,Non_Demented/OAS2_0067/OAS2_0067_slice_08_z114.png,Non-Demented/OAS2_0067/OAS2_0067_slice_08_z114.png,OAS2_0067,Non-Demented,0,0,Non-Demented,1,0.04683909210321796,-0.1764628949542227,-0.6366814340840892,-1.6800083885654757
OASIS_2,LinearSVM,47,test,brightness_contrast__severe,brightness_contrast,severe,D:\OASIS_2\distortions_128\brightness_contrast\severe\Non_Demented\OAS2_0067\OAS2_0067_slice_09_z120.png,Non_Demented/OAS2_0067/OAS2_0067_slice_09_z120.png,Non-Demented/OAS2_0067/OAS2_0067_slice_09_z120.png,OAS2_0067,Non-Demented,0,0,Non-Demented,1,0.9332266418178865,-0.2788132465504942,-1.5156858791344727,-1.3076250327814338
OASIS_2,LinearSVM,47,test,brightness_contrast__severe,brightness_contrast,severe,D:\OASIS_2\distortions_128\brightness_contrast\severe\Non_Demented\OAS2_0067\OAS2_0067_slice_10_z125.png,Non_Demented/OAS2_0067/OAS2_0067_slice_10_z125.png,Non-Demented/OAS2_0067/OAS2_0067_slice_10_z125.png,OAS2_0067,Non-Demented,0,0,Non-Demented,1,0.5754737911523607,-1.246565133268611,0.16826448130180582,-1.4959002358076943
OASIS_2,LinearSVM,47,test,brightness_contrast__severe,brightness_contrast,severe,D:\OASIS_2\distortions_128\brightness_contrast\severe\Non_Demented\OAS2_0067\OAS2_0067_slice_11_z130.png,Non_Demented/OAS2_0067/OAS2_0067_slice_11_z130.png,Non-Demented/OAS2_0067/OAS2_0067_slice_11_z130.png,OAS2_0067,Non-Demented,0,0,Non-Demented,1,0.9414327294517177,-2.0560491809970256,0.6717536180300815,-1.5885015627150323
OASIS_2,LinearSVM,47,test,brightness_contrast__severe,brightness_contrast,severe,D:\OASIS_2\distortions_128\brightness_contrast\severe\Non_Demented\OAS2_0067\OAS2_0067_slice_12_z135.png,Non_Demented/OAS2_0067/OAS2_0067_slice_12_z135.png,Non-Demented/OAS2_0067/OAS2_0067_slice_12_z135.png,OAS2_0067,Non-Demented,0,0,Non-Demented,1,1.6149916022333788,-1.7133272630865988,-0.6843417045232529,-1.5842464118767765
OASIS_2,LinearSVM,47,test,brightness_contrast__severe,brightness_contrast,severe,D:\OASIS_2\distortions_128\brightness_contrast\severe\Non_Demented\OAS2_0067\OAS2_0067_slice_13_z141.png,Non_Demented/OAS2_0067/OAS2_0067_slice_13_z141.png,Non-Demented/OAS2_0067/OAS2_0067_slice_13_z141.png,OAS2_0067,Non-Demented,0,0,Non-Demented,1,-0.23478967421494387,-0.2640074339139139,-0.6453043025590771,-1.0260499375466376
OASIS_2,LinearSVM,47,test,brightness_contrast__severe,brightness_contrast,severe,D:\OASIS_2\distortions_128\brightness_contrast\severe\Non_Demented\OAS2_0067\OAS2_0067_slice_14_z146.png,Non_Demented/OAS2_0067/OAS2_0067_slice_14_z146.png,Non-Demented/OAS2_0067/OAS2_0067_slice_14_z146.png,OAS2_0067,Non-Demented,0,0,Non-Demented,1,0.3606125241439851,0.012674695411045295,-1.2875648864254283,-1.9821080058691565
OASIS_2,LinearSVM,47,test,brightness_contrast__severe,brightness_contrast,severe,D:\OASIS_2\distortions_128\brightness_contrast\severe\Non_Demented\OAS2_0067\OAS2_0067_slice_15_z151.png,Non_Demented/OAS2_0067/OAS2_0067_slice_15_z151.png,Non-Demented/OAS2_0067/OAS2_0067_slice_15_z151.png,OAS2_0067,Non-Demented,0,1,Very Mild Dementia,0,-7.20411478768047,3.245066928612857,-0.08469647988331397,2.4713727966182275
OASIS_2,LinearSVM,47,test,brightness_contrast__severe,brightness_contrast,severe,D:\OASIS_2\distortions_128\brightness_contrast\severe\Non_Demented\OAS2_0067\OAS2_0067_slice_16_z157.png,Non_Demented/OAS2_0067/OAS2_0067_slice_16_z157.png,Non-Demented/OAS2_0067/OAS2_0067_slice_16_z157.png,OAS2_0067,Non-Demented,0,0,Non-Demented,1,1.5194579094693026,-1.918891409365453,-0.43861805228711126,-1.237769209193777
OASIS_2,LinearSVM,47,test,brightness_contrast__severe,brightness_contrast,severe,D:\OASIS_2\distortions_128\brightness_contrast\severe\Non_Demented\OAS2_0067\OAS2_0067_slice_17_z162.png,Non_Demented/OAS2_0067/OAS2_0067_slice_17_z162.png,Non-Demented/OAS2_0067/OAS2_0067_slice_17_z162.png,OAS2_0067,Non-Demented,0,0,Non-Demented,1,-0.05470003084577438,-0.5916696755810171,-0.32441000204910714,-1.2642177964585455
OASIS_2,LinearSVM,47,test,brightness_contrast__severe,brightness_contrast,severe,D:\OASIS_2\distortions_128\brightness_contrast\severe\Non_Demented\OAS2_0067\OAS2_0067_slice_18_z167.png,Non_Demented/OAS2_0067/OAS2_0067_slice_18_z167.png,Non-Demented/OAS2_0067/OAS2_0067_slice_18_z167.png,OAS2_0067,Non-Demented,0,0,Non-Demented,1,1.312050548466751,-1.5392158623485843,-0.4072256944595786,-1.9517095908091158
OASIS_2,LinearSVM,47,test,brightness_contrast__severe,brightness_contrast,severe,D:\OASIS_2\distortions_128\brightness_contrast\severe\Non_Demented\OAS2_0067\OAS2_0067_slice_19_z173.png,Non_Demented/OAS2_0067/OAS2_0067_slice_19_z173.png,Non-Demented/OAS2_0067/OAS2_0067_slice_19_z173.png,OAS2_0067,Non-Demented,0,0,Non-Demented,1,0.7020627498576755,-0.957741925796939,-0.3752487385397076,-2.065466643764812
OASIS_2,LinearSVM,47,test,brightness_contrast__severe,brightness_contrast,severe,D:\OASIS_2\distortions_128\brightness_contrast\severe\Non_Demented\OAS2_0067\OAS2_0067_slice_20_z178.png,Non_Demented/OAS2_0067/OAS2_0067_slice_20_z178.png,Non-Demented/OAS2_0067/OAS2_0067_slice_20_z178.png,OAS2_0067,Non-Demented,0,0,Non-Demented,1,0.7590111792020054,-0.7190977583458222,-0.5334770379689063,-1.7798095077458065
OASIS_2,LinearSVM,47,test,brightness_contrast__severe,brightness_contrast,severe,D:\OASIS_2\distortions_128\brightness_contrast\severe\Non_Demented\OAS2_0069\OAS2_0069_slice_01_z077.png,Non_Demented/OAS2_0069/OAS2_0069_slice_01_z077.png,Non-Demented/OAS2_0069/OAS2_0069_slice_01_z077.png,OAS2_0069,Non-Demented,0,0,Non-Demented,1,0.2017527131003968,-0.21171629379556214,-0.4511628237895392,-1.785595989129774
OASIS_2,LinearSVM,47,test,brightness_contrast__severe,brightness_contrast,severe,D:\OASIS_2\distortions_128\brightness_contrast\severe\Non_Demented\OAS2_0069\OAS2_0069_slice_02_z082.png,Non_Demented/OAS2_0069/OAS2_0069_slice_02_z082.png,Non-Demented/OAS2_0069/OAS2_0069_slice_02_z082.png,OAS2_0069,Non-Demented,0,1,Very Mild Dementia,0,-0.7007600074533026,0.08893608243100637,-0.14557367085886297,-1.208329908261664
OASIS_2,LinearSVM,47,test,brightness_contrast__severe,brightness_contrast,severe,D:\OASIS_2\distortions_128\brightness_contrast\severe\Non_Demented\OAS2_0069\OAS2_0069_slice_03_z088.png,Non_Demented/OAS2_0069/OAS2_0069_slice_03_z088.png,Non-Demented/OAS2_0069/OAS2_0069_slice_03_z088.png,OAS2_0069,Non-Demented,0,0,Non-Demented,1,0.6507905600974114,-1.4965600720265884,0.23514090092007434,-1.0480529397384781
OASIS_2,LinearSVM,47,test,brightness_contrast__severe,brightness_contrast,severe,D:\OASIS_2\distortions_128\brightness_contrast\severe\Non_Demented\OAS2_0069\OAS2_0069_slice_04_z093.png,Non_Demented/OAS2_0069/OAS2_0069_slice_04_z093.png,Non-Demented/OAS2_0069/OAS2_0069_slice_04_z093.png,OAS2_0069,Non-Demented,0,1,Very Mild Dementia,0,-6.73142958478192,3.2122614840172163,-0.3139853583680082,2.7438683565199518
OASIS_2,LinearSVM,47,test,brightness_contrast__severe,brightness_contrast,severe,D:\OASIS_2\distortions_128\brightness_contrast\severe\Non_Demented\OAS2_0069\OAS2_0069_slice_05_z098.png,Non_Demented/OAS2_0069/OAS2_0069_slice_05_z098.png,Non-Demented/OAS2_0069/OAS2_0069_slice_05_z098.png,OAS2_0069,Non-Demented,0,0,Non-Demented,1,0.8743445787391844,-0.9396154505069767,-0.11763363407657146,-1.7254132386175711
OASIS_2,LinearSVM,47,test,brightness_contrast__severe,brightness_contrast,severe,D:\OASIS_2\distortions_128\brightness_contrast\severe\Non_Demented\OAS2_0069\OAS2_0069_slice_06_z104.png,Non_Demented/OAS2_0069/OAS2_0069_slice_06_z104.png,Non-Demented/OAS2_0069/OAS2_0069_slice_06_z104.png,OAS2_0069,Non-Demented,0,1,Very Mild Dementia,0,-0.2822583612044323,-0.030064290791503162,-0.2384752085600073,-1.239563728479507
OASIS_2,LinearSVM,47,test,brightness_contrast__severe,brightness_contrast,severe,D:\OASIS_2\distortions_128\brightness_contrast\severe\Non_Demented\OAS2_0069\OAS2_0069_slice_07_z109.png,Non_Demented/OAS2_0069/OAS2_0069_slice_07_z109.png,Non-Demented/OAS2_0069/OAS2_0069_slice_07_z109.png,OAS2_0069,Non-Demented,0,0,Non-Demented,1,0.11595356147552537,-0.43976799289000834,-0.7604573479147498,-1.0347783187580437
OASIS_2,LinearSVM,47,test,brightness_contrast__severe,brightness_contrast,severe,D:\OASIS_2\distortions_128\brightness_contrast\severe\Non_Demented\OAS2_0069\OAS2_0069_slice_08_z114.png,Non_Demented/OAS2_0069/OAS2_0069_slice_08_z114.png,Non-Demented/OAS2_0069/OAS2_0069_slice_08_z114.png,OAS2_0069,Non-Demented,0,3,Moderate Dementia,0,-6.0734337765752455,1.9353376284950896,0.43215472090525575,2.842065798561765
OASIS_2,LinearSVM,47,test,brightness_contrast__severe,brightness_contrast,severe,D:\OASIS_2\distortions_128\brightness_contrast\severe\Non_Demented\OAS2_0069\OAS2_0069_slice_09_z120.png,Non_Demented/OAS2_0069/OAS2_0069_slice_09_z120.png,Non-Demented/OAS2_0069/OAS2_0069_slice_09_z120.png,OAS2_0069,Non-Demented,0,0,Non-Demented,1,2.3800709921078513,-2.5054525781071035,-0.4988903648627646,-0.8726449413954783
OASIS_2,LinearSVM,47,test,brightness_contrast__severe,brightness_contrast,severe,D:\OASIS_2\distortions_128\brightness_contrast\severe\Non_Demented\OAS2_0069\OAS2_0069_slice_10_z125.png,Non_Demented/OAS2_0069/OAS2_0069_slice_10_z125.png,Non-Demented/OAS2_0069/OAS2_0069_slice_10_z125.png,OAS2_0069,Non-Demented,0,0,Non-Demented,1,0.48689088346461246,-0.9837261688330294,-0.4140764711154206,-1.1827197825136766
OASIS_2,LinearSVM,47,test,brightness_contrast__severe,brightness_contrast,severe,D:\OASIS_2\distortions_128\brightness_contrast\severe\Non_Demented\OAS2_0069\OAS2_0069_slice_11_z130.png,Non_Demented/OAS2_0069/OAS2_0069_slice_11_z130.png,Non-Demented/OAS2_0069/OAS2_0069_slice_11_z130.png,OAS2_0069,Non-Demented,0,0,Non-Demented,1,1.0053157476011056,-0.31519166094527873,-1.3405389131676801,-1.8112737042091236
OASIS_2,LinearSVM,47,test,brightness_contrast__severe,brightness_contrast,severe,D:\OASIS_2\distortions_128\brightness_contrast\severe\Non_Demented\OAS2_0069\OAS2_0069_slice_12_z135.png,Non_Demented/OAS2_0069/OAS2_0069_slice_12_z135.png,Non-Demented/OAS2_0069/OAS2_0069_slice_12_z135.png,OAS2_0069,Non-Demented,0,0,Non-Demented,1,0.8137206594841931,-0.7607686073628754,-1.0573939807889796,-0.9191393782012767
OASIS_2,LinearSVM,47,test,brightness_contrast__severe,brightness_contrast,severe,D:\OASIS_2\distortions_128\brightness_contrast\severe\Non_Demented\OAS2_0069\OAS2_0069_slice_13_z141.png,Non_Demented/OAS2_0069/OAS2_0069_slice_13_z141.png,Non-Demented/OAS2_0069/OAS2_0069_slice_13_z141.png,OAS2_0069,Non-Demented,0,0,Non-Demented,1,0.9008332455879688,-1.1207429057694065,-0.5476962146316018,-1.2234142611993892
OASIS_2,LinearSVM,47,test,brightness_contrast__severe,brightness_contrast,severe,D:\OASIS_2\distortions_128\brightness_contrast\severe\Non_Demented\OAS2_0069\OAS2_0069_slice_14_z146.png,Non_Demented/OAS2_0069/OAS2_0069_slice_14_z146.png,Non-Demented/OAS2_0069/OAS2_0069_slice_14_z146.png,OAS2_0069,Non-Demented,0,0,Non-Demented,1,0.837715482684057,-1.9069807014671558,0.16347146112584354,-1.2344906958356765
OASIS_2,LinearSVM,47,test,brightness_contrast__severe,brightness_contrast,severe,D:\OASIS_2\distortions_128\brightness_contrast\severe\Non_Demented\OAS2_0069\OAS2_0069_slice_15_z151.png,Non_Demented/OAS2_0069/OAS2_0069_slice_15_z151.png,Non-Demented/OAS2_0069/OAS2_0069_slice_15_z151.png,OAS2_0069,Non-Demented,0,0,Non-Demented,1,0.25446379927333257,-0.1997773652667733,-1.0233615110098047,-1.3346347296855665
OASIS_2,LinearSVM,47,test,brightness_contrast__severe,brightness_contrast,severe,D:\OASIS_2\distortions_128\brightness_contrast\severe\Non_Demented\OAS2_0069\OAS2_0069_slice_16_z157.png,Non_Demented/OAS2_0069/OAS2_0069_slice_16_z157.png,Non-Demented/OAS2_0069/OAS2_0069_slice_16_z157.png,OAS2_0069,Non-Demented,0,3,Moderate Dementia,0,-5.622723576709578,2.1569338167750467,-0.5443241272342004,2.7285756213197914
OASIS_2,LinearSVM,47,test,brightness_contrast__severe,brightness_contrast,severe,D:\OASIS_2\distortions_128\brightness_contrast\severe\Non_Demented\OAS2_0069\OAS2_0069_slice_17_z162.png,Non_Demented/OAS2_0069/OAS2_0069_slice_17_z162.png,Non-Demented/OAS2_0069/OAS2_0069_slice_17_z162.png,OAS2_0069,Non-Demented,0,0,Non-Demented,1,1.524185498460392,-1.3023353721044035,-1.6069685903882265,-0.27966559315095274
OASIS_2,LinearSVM,47,test,brightness_contrast__severe,brightness_contrast,severe,D:\OASIS_2\distortions_128\brightness_contrast\severe\Non_Demented\OAS2_0069\OAS2_0069_slice_18_z167.png,Non_Demented/OAS2_0069/OAS2_0069_slice_18_z167.png,Non-Demented/OAS2_0069/OAS2_0069_slice_18_z167.png,OAS2_0069,Non-Demented,0,3,Moderate Dementia,0,-5.28301730504444,1.9531567791807098,-0.7117865884056161,2.867612917166151
OASIS_2,LinearSVM,47,test,brightness_contrast__severe,brightness_contrast,severe,D:\OASIS_2\distortions_128\brightness_contrast\severe\Non_Demented\OAS2_0069\OAS2_0069_slice_19_z173.png,Non_Demented/OAS2_0069/OAS2_0069_slice_19_z173.png,Non-Demented/OAS2_0069/OAS2_0069_slice_19_z173.png,OAS2_0069,Non-Demented,0,1,Very Mild Dementia,0,-0.3229682892775485,-0.2724280300405774,-0.3624437213042347,-1.1780452155178034
OASIS_2,LinearSVM,47,test,brightness_contrast__severe,brightness_contrast,severe,D:\OASIS_2\distortions_128\brightness_contrast\severe\Non_Demented\OAS2_0069\OAS2_0069_slice_20_z178.png,Non_Demented/OAS2_0069/OAS2_0069_slice_20_z178.png,Non-Demented/OAS2_0069/OAS2_0069_slice_20_z178.png,OAS2_0069,Non-Demented,0,0,Non-Demented,1,0.8154049851451098,-0.707892045408294,-0.2587091102872324,-1.688971907259694
OASIS_2,LinearSVM,47,test,brightness_contrast__severe,brightness_contrast,severe,D:\OASIS_2\distortions_128\brightness_contrast\severe\Non_Demented\OAS2_0070\OAS2_0070_slice_01_z077.png,Non_Demented/OAS2_0070/OAS2_0070_slice_01_z077.png,Non-Demented/OAS2_0070/OAS2_0070_slice_01_z077.png,OAS2_0070,Non-Demented,0,0,Non-Demented,1,1.931752753679089,-1.2119365582037245,-1.3803990538663977,-1.6314585969059119
OASIS_2,LinearSVM,47,test,brightness_contrast__severe,brightness_contrast,severe,D:\OASIS_2\distortions_128\brightness_contrast\severe\Non_Demented\OAS2_0070\OAS2_0070_slice_02_z082.png,Non_Demented/OAS2_0070/OAS2_0070_slice_02_z082.png,Non-Demented/OAS2_0070/OAS2_0070_slice_02_z082.png,OAS2_0070,Non-Demented,0,0,Non-Demented,1,0.4524130738249114,-0.7909861354189822,-0.7328925274353757,-0.531143001430801
OASIS_2,LinearSVM,47,test,brightness_contrast__severe,brightness_contrast,severe,D:\OASIS_2\distortions_128\brightness_contrast\severe\Non_Demented\OAS2_0070\OAS2_0070_slice_03_z088.png,Non_Demented/OAS2_0070/OAS2_0070_slice_03_z088.png,Non-Demented/OAS2_0070/OAS2_0070_slice_03_z088.png,OAS2_0070,Non-Demented,0,1,Very Mild Dementia,0,-0.9836089203237304,0.05144838045949299,-0.7245561435626584,-0.5709804535068015
OASIS_2,LinearSVM,47,test,brightness_contrast__severe,brightness_contrast,severe,D:\OASIS_2\distortions_128\brightness_contrast\severe\Non_Demented\OAS2_0070\OAS2_0070_slice_04_z093.png,Non_Demented/OAS2_0070/OAS2_0070_slice_04_z093.png,Non-Demented/OAS2_0070/OAS2_0070_slice_04_z093.png,OAS2_0070,Non-Demented,0,1,Very Mild Dementia,0,-1.7910066595879865,1.2445947564968443,-0.31839719495867197,-0.3854833632960787
OASIS_2,LinearSVM,47,test,brightness_contrast__severe,brightness_contrast,severe,D:\OASIS_2\distortions_128\brightness_contrast\severe\Non_Demented\OAS2_0070\OAS2_0070_slice_05_z098.png,Non_Demented/OAS2_0070/OAS2_0070_slice_05_z098.png,Non-Demented/OAS2_0070/OAS2_0070_slice_05_z098.png,OAS2_0070,Non-Demented,0,1,Very Mild Dementia,0,-0.31177887854448144,0.3314784785128998,-0.4454486736935128,-1.2071815837224356
OASIS_2,LinearSVM,47,test,brightness_contrast__severe,brightness_contrast,severe,D:\OASIS_2\distortions_128\brightness_contrast\severe\Non_Demented\OAS2_0070\OAS2_0070_slice_06_z104.png,Non_Demented/OAS2_0070/OAS2_0070_slice_06_z104.png,Non-Demented/OAS2_0070/OAS2_0070_slice_06_z104.png,OAS2_0070,Non-Demented,0,1,Very Mild Dementia,0,-0.20051107932783768,0.2831816672212709,-1.2736849318967445,-0.8934576838905843
OASIS_2,LinearSVM,47,test,brightness_contrast__severe,brightness_contrast,severe,D:\OASIS_2\distortions_128\brightness_contrast\severe\Non_Demented\OAS2_0070\OAS2_0070_slice_07_z109.png,Non_Demented/OAS2_0070/OAS2_0070_slice_07_z109.png,Non-Demented/OAS2_0070/OAS2_0070_slice_07_z109.png,OAS2_0070,Non-Demented,0,1,Very Mild Dementia,0,-1.297406123871351,0.6983396976369817,-0.4868032068807871,-0.8923599832264526
OASIS_2,LinearSVM,47,test,brightness_contrast__severe,brightness_contrast,severe,D:\OASIS_2\distortions_128\brightness_contrast\severe\Non_Demented\OAS2_0070\OAS2_0070_slice_08_z114.png,Non_Demented/OAS2_0070/OAS2_0070_slice_08_z114.png,Non-Demented/OAS2_0070/OAS2_0070_slice_08_z114.png,OAS2_0070,Non-Demented,0,1,Very Mild Dementia,0,-7.619151976068232,5.333075154102583,-0.4728770542529229,2.9613816397931028
OASIS_2,LinearSVM,47,test,brightness_contrast__severe,brightness_contrast,severe,D:\OASIS_2\distortions_128\brightness_contrast\severe\Non_Demented\OAS2_0070\OAS2_0070_slice_09_z120.png,Non_Demented/OAS2_0070/OAS2_0070_slice_09_z120.png,Non-Demented/OAS2_0070/OAS2_0070_slice_09_z120.png,OAS2_0070,Non-Demented,0,1,Very Mild Dementia,0,-7.93485314329994,7.6990620446008595,-0.7348453219375534,2.828184382401955
OASIS_2,LinearSVM,47,test,brightness_contrast__severe,brightness_contrast,severe,D:\OASIS_2\distortions_128\brightness_contrast\severe\Non_Demented\OAS2_0070\OAS2_0070_slice_10_z125.png,Non_Demented/OAS2_0070/OAS2_0070_slice_10_z125.png,Non-Demented/OAS2_0070/OAS2_0070_slice_10_z125.png,OAS2_0070,Non-Demented,0,1,Very Mild Dementia,0,-2.8133386280303796,12.006714873524178,-1.9656833903941688,-0.6964811332036769
OASIS_2,LinearSVM,47,test,brightness_contrast__severe,brightness_contrast,severe,D:\OASIS_2\distortions_128\brightness_contrast\severe\Non_Demented\OAS2_0070\OAS2_0070_slice_11_z130.png,Non_Demented/OAS2_0070/OAS2_0070_slice_11_z130.png,Non-Demented/OAS2_0070/OAS2_0070_slice_11_z130.png,OAS2_0070,Non-Demented,0,1,Very Mild Dementia,0,-2.2691343507318846,8.078593374888404,-1.141630229958913,-1.007035350219637
OASIS_2,LinearSVM,47,test,brightness_contrast__severe,brightness_contrast,severe,D:\OASIS_2\distortions_128\brightness_contrast\severe\Non_Demented\OAS2_0070\OAS2_0070_slice_12_z135.png,Non_Demented/OAS2_0070/OAS2_0070_slice_12_z135.png,Non-Demented/OAS2_0070/OAS2_0070_slice_12_z135.png,OAS2_0070,Non-Demented,0,1,Very Mild Dementia,0,-2.472779737158473,9.159828721409651,-0.9746582616565262,-1.1492478536656014
OASIS_2,LinearSVM,47,test,brightness_contrast__severe,brightness_contrast,severe,D:\OASIS_2\distortions_128\brightness_contrast\severe\Non_Demented\OAS2_0070\OAS2_0070_slice_13_z141.png,Non_Demented/OAS2_0070/OAS2_0070_slice_13_z141.png,Non-Demented/OAS2_0070/OAS2_0070_slice_13_z141.png,OAS2_0070,Non-Demented,0,1,Very Mild Dementia,0,-3.9889332373374455,15.497491964314808,-0.11012053441354264,-0.647487923633691
OASIS_2,LinearSVM,47,test,brightness_contrast__severe,brightness_contrast,severe,D:\OASIS_2\distortions_128\brightness_contrast\severe\Non_Demented\OAS2_0070\OAS2_0070_slice_14_z146.png,Non_Demented/OAS2_0070/OAS2_0070_slice_14_z146.png,Non-Demented/OAS2_0070/OAS2_0070_slice_14_z146.png,OAS2_0070,Non-Demented,0,1,Very Mild Dementia,0,-8.724262151943414,12.635417392189416,-0.4686156805427356,2.6941437074604266
OASIS_2,LinearSVM,47,test,brightness_contrast__severe,brightness_contrast,severe,D:\OASIS_2\distortions_128\brightness_contrast\severe\Non_Demented\OAS2_0070\OAS2_0070_slice_15_z151.png,Non_Demented/OAS2_0070/OAS2_0070_slice_15_z151.png,Non-Demented/OAS2_0070/OAS2_0070_slice_15_z151.png,OAS2_0070,Non-Demented,0,1,Very Mild Dementia,0,-4.548231876342364,14.221536331349254,0.9986250526983426,-1.2304783908826367
OASIS_2,LinearSVM,47,test,brightness_contrast__severe,brightness_contrast,severe,D:\OASIS_2\distortions_128\brightness_contrast\severe\Non_Demented\OAS2_0070\OAS2_0070_slice_16_z157.png,Non_Demented/OAS2_0070/OAS2_0070_slice_16_z157.png,Non-Demented/OAS2_0070/OAS2_0070_slice_16_z157.png,OAS2_0070,Non-Demented,0,1,Very Mild Dementia,0,-1.297901284692819,7.735513790266588,-0.6919590679233925,-1.7549979243649616
OASIS_2,LinearSVM,47,test,brightness_contrast__severe,brightness_contrast,severe,D:\OASIS_2\distortions_128\brightness_contrast\severe\Non_Demented\OAS2_0070\OAS2_0070_slice_17_z162.png,Non_Demented/OAS2_0070/OAS2_0070_slice_17_z162.png,Non-Demented/OAS2_0070/OAS2_0070_slice_17_z162.png,OAS2_0070,Non-Demented,0,1,Very Mild Dementia,0,-1.0146963373292668,6.091013504056658,-0.8304633811242847,-1.4557319733791463
OASIS_2,LinearSVM,47,test,brightness_contrast__severe,brightness_contrast,severe,D:\OASIS_2\distortions_128\brightness_contrast\severe\Non_Demented\OAS2_0070\OAS2_0070_slice_18_z167.png,Non_Demented/OAS2_0070/OAS2_0070_slice_18_z167.png,Non-Demented/OAS2_0070/OAS2_0070_slice_18_z167.png,OAS2_0070,Non-Demented,0,1,Very Mild Dementia,0,-1.2221492401904595,3.823727262270809,-0.7600257780361658,-1.0936563606744558
OASIS_2,LinearSVM,47,test,brightness_contrast__severe,brightness_contrast,severe,D:\OASIS_2\distortions_128\brightness_contrast\severe\Non_Demented\OAS2_0070\OAS2_0070_slice_19_z173.png,Non_Demented/OAS2_0070/OAS2_0070_slice_19_z173.png,Non-Demented/OAS2_0070/OAS2_0070_slice_19_z173.png,OAS2_0070,Non-Demented,0,1,Very Mild Dementia,0,-1.349686728504799,2.2709692124619494,-1.07466013287052,-1.0550758957485074
OASIS_2,LinearSVM,47,test,brightness_contrast__severe,brightness_contrast,severe,D:\OASIS_2\distortions_128\brightness_contrast\severe\Non_Demented\OAS2_0070\OAS2_0070_slice_20_z178.png,Non_Demented/OAS2_0070/OAS2_0070_slice_20_z178.png,Non-Demented/OAS2_0070/OAS2_0070_slice_20_z178.png,OAS2_0070,Non-Demented,0,1,Very Mild Dementia,0,-2.075013372219258,1.9843281449313885,-0.46953521508420776,-0.8337884032733909
OASIS_2,LinearSVM,47,test,brightness_contrast__severe,brightness_contrast,severe,D:\OASIS_2\distortions_128\brightness_contrast\severe\Non_Demented\OAS2_0128\OAS2_0128_slice_01_z077.png,Non_Demented/OAS2_0128/OAS2_0128_slice_01_z077.png,Non-Demented/OAS2_0128/OAS2_0128_slice_01_z077.png,OAS2_0128,Non-Demented,0,2,Mild Dementia,0,-0.4949972451745492,-0.4510607998289753,-0.198178199664929,-1.2995052767434818
OASIS_2,LinearSVM,47,test,brightness_contrast__severe,brightness_contrast,severe,D:\OASIS_2\distortions_128\brightness_contrast\severe\Non_Demented\OAS2_0128\OAS2_0128_slice_02_z082.png,Non_Demented/OAS2_0128/OAS2_0128_slice_02_z082.png,Non-Demented/OAS2_0128/OAS2_0128_slice_02_z082.png,OAS2_0128,Non-Demented,0,1,Very Mild Dementia,0,-7.371981838415044,3.5140562508975015,0.293687056732738,2.778904432024072
OASIS_2,LinearSVM,47,test,brightness_contrast__severe,brightness_contrast,severe,D:\OASIS_2\distortions_128\brightness_contrast\severe\Non_Demented\OAS2_0128\OAS2_0128_slice_03_z088.png,Non_Demented/OAS2_0128/OAS2_0128_slice_03_z088.png,Non-Demented/OAS2_0128/OAS2_0128_slice_03_z088.png,OAS2_0128,Non-Demented,0,1,Very Mild Dementia,0,-7.732083905224251,3.8373980833128227,-0.05874728426464537,2.8955256369189843
OASIS_2,LinearSVM,47,test,brightness_contrast__severe,brightness_contrast,severe,D:\OASIS_2\distortions_128\brightness_contrast\severe\Non_Demented\OAS2_0128\OAS2_0128_slice_04_z093.png,Non_Demented/OAS2_0128/OAS2_0128_slice_04_z093.png,Non-Demented/OAS2_0128/OAS2_0128_slice_04_z093.png,OAS2_0128,Non-Demented,0,1,Very Mild Dementia,0,-1.4526088729773876,0.37202453230795385,0.07361351622651247,-0.7795700632577849
OASIS_2,LinearSVM,47,test,brightness_contrast__severe,brightness_contrast,severe,D:\OASIS_2\distortions_128\brightness_contrast\severe\Non_Demented\OAS2_0128\OAS2_0128_slice_05_z098.png,Non_Demented/OAS2_0128/OAS2_0128_slice_05_z098.png,Non-Demented/OAS2_0128/OAS2_0128_slice_05_z098.png,OAS2_0128,Non-Demented,0,1,Very Mild Dementia,0,-6.886748227710006,2.812923216876485,-0.09350090127149346,2.5838484849951193
OASIS_2,LinearSVM,47,test,brightness_contrast__severe,brightness_contrast,severe,D:\OASIS_2\distortions_128\brightness_contrast\severe\Non_Demented\OAS2_0128\OAS2_0128_slice_06_z104.png,Non_Demented/OAS2_0128/OAS2_0128_slice_06_z104.png,Non-Demented/OAS2_0128/OAS2_0128_slice_06_z104.png,OAS2_0128,Non-Demented,0,1,Very Mild Dementia,0,-0.023766344746077157,0.16828639293917688,-1.3585876950757432,-1.8105859357076435
OASIS_2,LinearSVM,47,test,brightness_contrast__severe,brightness_contrast,severe,D:\OASIS_2\distortions_128\brightness_contrast\severe\Non_Demented\OAS2_0128\OAS2_0128_slice_07_z109.png,Non_Demented/OAS2_0128/OAS2_0128_slice_07_z109.png,Non-Demented/OAS2_0128/OAS2_0128_slice_07_z109.png,OAS2_0128,Non-Demented,0,0,Non-Demented,1,0.23434039905514567,-0.48196741005970445,-1.2161545356081382,-1.2003628017337629
OASIS_2,LinearSVM,47,test,brightness_contrast__severe,brightness_contrast,severe,D:\OASIS_2\distortions_128\brightness_contrast\severe\Non_Demented\OAS2_0128\OAS2_0128_slice_08_z114.png,Non_Demented/OAS2_0128/OAS2_0128_slice_08_z114.png,Non-Demented/OAS2_0128/OAS2_0128_slice_08_z114.png,OAS2_0128,Non-Demented,0,3,Moderate Dementia,0,-6.560869089772643,2.713667343670842,0.05951895321151357,2.842293950855896
OASIS_2,LinearSVM,47,test,brightness_contrast__severe,brightness_contrast,severe,D:\OASIS_2\distortions_128\brightness_contrast\severe\Non_Demented\OAS2_0128\OAS2_0128_slice_09_z120.png,Non_Demented/OAS2_0128/OAS2_0128_slice_09_z120.png,Non-Demented/OAS2_0128/OAS2_0128_slice_09_z120.png,OAS2_0128,Non-Demented,0,0,Non-Demented,1,1.0247331011271141,-0.8468457633699702,-0.8366963305107732,-1.5295965513597158
OASIS_2,LinearSVM,47,test,brightness_contrast__severe,brightness_contrast,severe,D:\OASIS_2\distortions_128\brightness_contrast\severe\Non_Demented\OAS2_0128\OAS2_0128_slice_10_z125.png,Non_Demented/OAS2_0128/OAS2_0128_slice_10_z125.png,Non-Demented/OAS2_0128/OAS2_0128_slice_10_z125.png,OAS2_0128,Non-Demented,0,0,Non-Demented,1,0.991985395309217,-1.8602867651597745,-0.006101722356955941,-0.8620805729166343
OASIS_2,LinearSVM,47,test,brightness_contrast__severe,brightness_contrast,severe,D:\OASIS_2\distortions_128\brightness_contrast\severe\Non_Demented\OAS2_0128\OAS2_0128_slice_11_z130.png,Non_Demented/OAS2_0128/OAS2_0128_slice_11_z130.png,Non-Demented/OAS2_0128/OAS2_0128_slice_11_z130.png,OAS2_0128,Non-Demented,0,1,Very Mild Dementia,0,-0.34779328920651065,-0.15130919535263523,-0.4386447174118384,-0.9639310803589956
OASIS_2,LinearSVM,47,test,brightness_contrast__severe,brightness_contrast,severe,D:\OASIS_2\distortions_128\brightness_contrast\severe\Non_Demented\OAS2_0128\OAS2_0128_slice_12_z135.png,Non_Demented/OAS2_0128/OAS2_0128_slice_12_z135.png,Non-Demented/OAS2_0128/OAS2_0128_slice_12_z135.png,OAS2_0128,Non-Demented,0,0,Non-Demented,1,0.23756925289964917,-0.05396932896258003,-0.7614377226345432,-1.6473947573638625
OASIS_2,LinearSVM,47,test,brightness_contrast__severe,brightness_contrast,severe,D:\OASIS_2\distortions_128\brightness_contrast\severe\Non_Demented\OAS2_0128\OAS2_0128_slice_13_z141.png,Non_Demented/OAS2_0128/OAS2_0128_slice_13_z141.png,Non-Demented/OAS2_0128/OAS2_0128_slice_13_z141.png,OAS2_0128,Non-Demented,0,0,Non-Demented,1,1.4823510028226539,-0.9514468959204762,-1.2388892786498897,-1.7487695649949624
OASIS_2,LinearSVM,47,test,brightness_contrast__severe,brightness_contrast,severe,D:\OASIS_2\distortions_128\brightness_contrast\severe\Non_Demented\OAS2_0128\OAS2_0128_slice_14_z146.png,Non_Demented/OAS2_0128/OAS2_0128_slice_14_z146.png,Non-Demented/OAS2_0128/OAS2_0128_slice_14_z146.png,OAS2_0128,Non-Demented,0,0,Non-Demented,1,0.4725680544598092,-0.15782793526004243,-0.9850993507999118,-1.4389389859175972
OASIS_2,LinearSVM,47,test,brightness_contrast__severe,brightness_contrast,severe,D:\OASIS_2\distortions_128\brightness_contrast\severe\Non_Demented\OAS2_0128\OAS2_0128_slice_15_z151.png,Non_Demented/OAS2_0128/OAS2_0128_slice_15_z151.png,Non-Demented/OAS2_0128/OAS2_0128_slice_15_z151.png,OAS2_0128,Non-Demented,0,1,Very Mild Dementia,0,-6.878031994457605,3.590858107172367,-0.666175192123254,2.8411466537142127
OASIS_2,LinearSVM,47,test,brightness_contrast__severe,brightness_contrast,severe,D:\OASIS_2\distortions_128\brightness_contrast\severe\Non_Demented\OAS2_0128\OAS2_0128_slice_16_z157.png,Non_Demented/OAS2_0128/OAS2_0128_slice_16_z157.png,Non-Demented/OAS2_0128/OAS2_0128_slice_16_z157.png,OAS2_0128,Non-Demented,0,0,Non-Demented,1,0.026389135084797486,-0.10859045408609319,-0.9293848838798269,-1.2391186312908815
OASIS_2,LinearSVM,47,test,brightness_contrast__severe,brightness_contrast,severe,D:\OASIS_2\distortions_128\brightness_contrast\severe\Non_Demented\OAS2_0128\OAS2_0128_slice_17_z162.png,Non_Demented/OAS2_0128/OAS2_0128_slice_17_z162.png,Non-Demented/OAS2_0128/OAS2_0128_slice_17_z162.png,OAS2_0128,Non-Demented,0,0,Non-Demented,1,0.31803735767556524,-0.5685954414496408,-0.09860972075245344,-1.5379991661455938
OASIS_2,LinearSVM,47,test,brightness_contrast__severe,brightness_contrast,severe,D:\OASIS_2\distortions_128\brightness_contrast\severe\Non_Demented\OAS2_0128\OAS2_0128_slice_18_z167.png,Non_Demented/OAS2_0128/OAS2_0128_slice_18_z167.png,Non-Demented/OAS2_0128/OAS2_0128_slice_18_z167.png,OAS2_0128,Non-Demented,0,3,Moderate Dementia,0,-6.651309600591685,2.9488410471505717,-0.4344429202986778,2.974811990799521
OASIS_2,LinearSVM,47,test,brightness_contrast__severe,brightness_contrast,severe,D:\OASIS_2\distortions_128\brightness_contrast\severe\Non_Demented\OAS2_0128\OAS2_0128_slice_19_z173.png,Non_Demented/OAS2_0128/OAS2_0128_slice_19_z173.png,Non-Demented/OAS2_0128/OAS2_0128_slice_19_z173.png,OAS2_0128,Non-Demented,0,0,Non-Demented,1,0.43692386173518083,-1.1985314127499327,-0.4514921570334845,-0.8329417363975562
OASIS_2,LinearSVM,47,test,brightness_contrast__severe,brightness_contrast,severe,D:\OASIS_2\distortions_128\brightness_contrast\severe\Non_Demented\OAS2_0128\OAS2_0128_slice_20_z178.png,Non_Demented/OAS2_0128/OAS2_0128_slice_20_z178.png,Non-Demented/OAS2_0128/OAS2_0128_slice_20_z178.png,OAS2_0128,Non-Demented,0,1,Very Mild Dementia,0,0.16376780500843977,0.4526429175720781,-0.9801832468371845,-1.596998620583129
OASIS_2,LinearSVM,47,test,brightness_contrast__severe,brightness_contrast,severe,D:\OASIS_2\distortions_128\brightness_contrast\severe\Non_Demented\OAS2_0135\OAS2_0135_slice_01_z077.png,Non_Demented/OAS2_0135/OAS2_0135_slice_01_z077.png,Non-Demented/OAS2_0135/OAS2_0135_slice_01_z077.png,OAS2_0135,Non-Demented,0,1,Very Mild Dementia,0,-1.405571191842292,1.117400152899782,0.3602466661371725,-0.3717373823151622
OASIS_2,LinearSVM,47,test,brightness_contrast__severe,brightness_contrast,severe,D:\OASIS_2\distortions_128\brightness_contrast\severe\Non_Demented\OAS2_0135\OAS2_0135_slice_02_z082.png,Non_Demented/OAS2_0135/OAS2_0135_slice_02_z082.png,Non-Demented/OAS2_0135/OAS2_0135_slice_02_z082.png,OAS2_0135,Non-Demented,0,1,Very Mild Dementia,0,-7.017433895425908,3.395417925482003,0.0024523708953184675,2.5097983297339965
OASIS_2,LinearSVM,47,test,brightness_contrast__severe,brightness_contrast,severe,D:\OASIS_2\distortions_128\brightness_contrast\severe\Non_Demented\OAS2_0135\OAS2_0135_slice_03_z088.png,Non_Demented/OAS2_0135/OAS2_0135_slice_03_z088.png,Non-Demented/OAS2_0135/OAS2_0135_slice_03_z088.png,OAS2_0135,Non-Demented,0,1,Very Mild Dementia,0,-0.6852959816967019,0.5417033754448153,-0.055812078670750664,-2.1064105483966884
OASIS_2,LinearSVM,47,test,brightness_contrast__severe,brightness_contrast,severe,D:\OASIS_2\distortions_128\brightness_contrast\severe\Non_Demented\OAS2_0135\OAS2_0135_slice_04_z093.png,Non_Demented/OAS2_0135/OAS2_0135_slice_04_z093.png,Non-Demented/OAS2_0135/OAS2_0135_slice_04_z093.png,OAS2_0135,Non-Demented,0,1,Very Mild Dementia,0,-5.602417392057677,3.4461313572351875,-1.32109252648827,2.5953672500675418
OASIS_2,LinearSVM,47,test,brightness_contrast__severe,brightness_contrast,severe,D:\OASIS_2\distortions_128\brightness_contrast\severe\Non_Demented\OAS2_0135\OAS2_0135_slice_05_z098.png,Non_Demented/OAS2_0135/OAS2_0135_slice_05_z098.png,Non-Demented/OAS2_0135/OAS2_0135_slice_05_z098.png,OAS2_0135,Non-Demented,0,0,Non-Demented,1,2.028776126739632,-1.7705796557560054,-0.9160699200240467,-0.8757581225246587
OASIS_2,LinearSVM,47,test,brightness_contrast__severe,brightness_contrast,severe,D:\OASIS_2\distortions_128\brightness_contrast\severe\Non_Demented\OAS2_0135\OAS2_0135_slice_06_z104.png,Non_Demented/OAS2_0135/OAS2_0135_slice_06_z104.png,Non-Demented/OAS2_0135/OAS2_0135_slice_06_z104.png,OAS2_0135,Non-Demented,0,0,Non-Demented,1,0.9779020167702677,-0.43011030445335774,-1.2792571502666554,-1.3463450167662891
OASIS_2,LinearSVM,47,test,brightness_contrast__severe,brightness_contrast,severe,D:\OASIS_2\distortions_128\brightness_contrast\severe\Non_Demented\OAS2_0135\OAS2_0135_slice_07_z109.png,Non_Demented/OAS2_0135/OAS2_0135_slice_07_z109.png,Non-Demented/OAS2_0135/OAS2_0135_slice_07_z109.png,OAS2_0135,Non-Demented,0,1,Very Mild Dementia,0,-0.1801230265797783,-0.15373884884301345,-0.3728077853755661,-1.4134628674075733
OASIS_2,LinearSVM,47,test,brightness_contrast__severe,brightness_contrast,severe,D:\OASIS_2\distortions_128\brightness_contrast\severe\Non_Demented\OAS2_0135\OAS2_0135_slice_08_z114.png,Non_Demented/OAS2_0135/OAS2_0135_slice_08_z114.png,Non-Demented/OAS2_0135/OAS2_0135_slice_08_z114.png,OAS2_0135,Non-Demented,0,1,Very Mild Dementia,0,-5.928122562986287,2.8450657898749236,-0.3940473277246953,2.5820694122034005
OASIS_2,LinearSVM,47,test,brightness_contrast__severe,brightness_contrast,severe,D:\OASIS_2\distortions_128\brightness_contrast\severe\Non_Demented\OAS2_0135\OAS2_0135_slice_09_z120.png,Non_Demented/OAS2_0135/OAS2_0135_slice_09_z120.png,Non-Demented/OAS2_0135/OAS2_0135_slice_09_z120.png,OAS2_0135,Non-Demented,0,0,Non-Demented,1,0.6245476740812592,-0.3853687783960914,-0.6846864485747347,-1.4560560162160407
OASIS_2,LinearSVM,47,test,brightness_contrast__severe,brightness_contrast,severe,D:\OASIS_2\distortions_128\brightness_contrast\severe\Non_Demented\OAS2_0135\OAS2_0135_slice_10_z125.png,Non_Demented/OAS2_0135/OAS2_0135_slice_10_z125.png,Non-Demented/OAS2_0135/OAS2_0135_slice_10_z125.png,OAS2_0135,Non-Demented,0,1,Very Mild Dementia,0,0.22727665459577942,0.44205679615013715,-1.0964352718968675,-1.7524489967303172
OASIS_2,LinearSVM,47,test,brightness_contrast__severe,brightness_contrast,severe,D:\OASIS_2\distortions_128\brightness_contrast\severe\Non_Demented\OAS2_0135\OAS2_0135_slice_11_z130.png,Non_Demented/OAS2_0135/OAS2_0135_slice_11_z130.png,Non-Demented/OAS2_0135/OAS2_0135_slice_11_z130.png,OAS2_0135,Non-Demented,0,1,Very Mild Dementia,0,-6.8956858691237235,3.6010793725983774,-0.6710426501272279,2.9041173898678685
OASIS_2,LinearSVM,47,test,brightness_contrast__severe,brightness_contrast,severe,D:\OASIS_2\distortions_128\brightness_contrast\severe\Non_Demented\OAS2_0135\OAS2_0135_slice_12_z135.png,Non_Demented/OAS2_0135/OAS2_0135_slice_12_z135.png,Non-Demented/OAS2_0135/OAS2_0135_slice_12_z135.png,OAS2_0135,Non-Demented,0,1,Very Mild Dementia,0,-0.3967545761757075,1.492280337841844,-1.2904200217717001,-1.7323813205745058
OASIS_2,LinearSVM,47,test,brightness_contrast__severe,brightness_contrast,severe,D:\OASIS_2\distortions_128\brightness_contrast\severe\Non_Demented\OAS2_0135\OAS2_0135_slice_13_z141.png,Non_Demented/OAS2_0135/OAS2_0135_slice_13_z141.png,Non-Demented/OAS2_0135/OAS2_0135_slice_13_z141.png,OAS2_0135,Non-Demented,0,1,Very Mild Dementia,0,-0.24336050928570463,0.20404631611458487,-0.8362617310512963,-1.2041870765873997
OASIS_2,LinearSVM,47,test,brightness_contrast__severe,brightness_contrast,severe,D:\OASIS_2\distortions_128\brightness_contrast\severe\Non_Demented\OAS2_0135\OAS2_0135_slice_14_z146.png,Non_Demented/OAS2_0135/OAS2_0135_slice_14_z146.png,Non-Demented/OAS2_0135/OAS2_0135_slice_14_z146.png,OAS2_0135,Non-Demented,0,1,Very Mild Dementia,0,-0.2750551300503971,1.1680321077285094,-0.9340095130953634,-1.5542052309241288
OASIS_2,LinearSVM,47,test,brightness_contrast__severe,brightness_contrast,severe,D:\OASIS_2\distortions_128\brightness_contrast\severe\Non_Demented\OAS2_0135\OAS2_0135_slice_15_z151.png,Non_Demented/OAS2_0135/OAS2_0135_slice_15_z151.png,Non-Demented/OAS2_0135/OAS2_0135_slice_15_z151.png,OAS2_0135,Non-Demented,0,1,Very Mild Dementia,0,-6.911845111218842,3.932516785572073,-0.6986295879954038,2.9414239417015207
OASIS_2,LinearSVM,47,test,brightness_contrast__severe,brightness_contrast,severe,D:\OASIS_2\distortions_128\brightness_contrast\severe\Non_Demented\OAS2_0135\OAS2_0135_slice_16_z157.png,Non_Demented/OAS2_0135/OAS2_0135_slice_16_z157.png,Non-Demented/OAS2_0135/OAS2_0135_slice_16_z157.png,OAS2_0135,Non-Demented,0,1,Very Mild Dementia,0,-1.0272631862826211,0.711617756198115,-0.33682202212911216,-1.4588805201878974
OASIS_2,LinearSVM,47,test,brightness_contrast__severe,brightness_contrast,severe,D:\OASIS_2\distortions_128\brightness_contrast\severe\Non_Demented\OAS2_0135\OAS2_0135_slice_17_z162.png,Non_Demented/OAS2_0135/OAS2_0135_slice_17_z162.png,Non-Demented/OAS2_0135/OAS2_0135_slice_17_z162.png,OAS2_0135,Non-Demented,0,1,Very Mild Dementia,0,-1.0835975205614938,1.604978513913156,-0.8776094818163768,-1.95167613718835
OASIS_2,LinearSVM,47,test,brightness_contrast__severe,brightness_contrast,severe,D:\OASIS_2\distortions_128\brightness_contrast\severe\Non_Demented\OAS2_0135\OAS2_0135_slice_18_z167.png,Non_Demented/OAS2_0135/OAS2_0135_slice_18_z167.png,Non-Demented/OAS2_0135/OAS2_0135_slice_18_z167.png,OAS2_0135,Non-Demented,0,1,Very Mild Dementia,0,-0.7435917158874628,0.6593004591061279,-0.6252370808879746,-1.3481127641079476
OASIS_2,LinearSVM,47,test,brightness_contrast__severe,brightness_contrast,severe,D:\OASIS_2\distortions_128\brightness_contrast\severe\Non_Demented\OAS2_0135\OAS2_0135_slice_19_z173.png,Non_Demented/OAS2_0135/OAS2_0135_slice_19_z173.png,Non-Demented/OAS2_0135/OAS2_0135_slice_19_z173.png,OAS2_0135,Non-Demented,0,1,Very Mild Dementia,0,-6.430976507938987,3.466389067417841,-0.6739033549606032,2.7420296983973307
OASIS_2,LinearSVM,47,test,brightness_contrast__severe,brightness_contrast,severe,D:\OASIS_2\distortions_128\brightness_contrast\severe\Non_Demented\OAS2_0135\OAS2_0135_slice_20_z178.png,Non_Demented/OAS2_0135/OAS2_0135_slice_20_z178.png,Non-Demented/OAS2_0135/OAS2_0135_slice_20_z178.png,OAS2_0135,Non-Demented,0,0,Non-Demented,1,0.15748838970212173,-0.552965293181794,-0.45918134766871005,-1.1465157852027315
OASIS_2,LinearSVM,47,test,brightness_contrast__severe,brightness_contrast,severe,D:\OASIS_2\distortions_128\brightness_contrast\severe\Non_Demented\OAS2_0141\OAS2_0141_slice_01_z077.png,Non_Demented/OAS2_0141/OAS2_0141_slice_01_z077.png,Non-Demented/OAS2_0141/OAS2_0141_slice_01_z077.png,OAS2_0141,Non-Demented,0,2,Mild Dementia,0,-0.41798944195017423,-0.019306477599211364,0.5219310263035689,-1.1564186755055617
OASIS_2,LinearSVM,47,test,brightness_contrast__severe,brightness_contrast,severe,D:\OASIS_2\distortions_128\brightness_contrast\severe\Non_Demented\OAS2_0141\OAS2_0141_slice_02_z082.png,Non_Demented/OAS2_0141/OAS2_0141_slice_02_z082.png,Non-Demented/OAS2_0141/OAS2_0141_slice_02_z082.png,OAS2_0141,Non-Demented,0,1,Very Mild Dementia,0,-0.953993119037776,0.7236480727294525,-0.3377496094187389,-1.1955378241601777
OASIS_2,LinearSVM,47,test,brightness_contrast__severe,brightness_contrast,severe,D:\OASIS_2\distortions_128\brightness_contrast\severe\Non_Demented\OAS2_0141\OAS2_0141_slice_03_z088.png,Non_Demented/OAS2_0141/OAS2_0141_slice_03_z088.png,Non-Demented/OAS2_0141/OAS2_0141_slice_03_z088.png,OAS2_0141,Non-Demented,0,1,Very Mild Dementia,0,-1.0376417159622602,0.7577967657766844,-0.35765223722901096,-1.3828405208870505
OASIS_2,LinearSVM,47,test,brightness_contrast__severe,brightness_contrast,severe,D:\OASIS_2\distortions_128\brightness_contrast\severe\Non_Demented\OAS2_0141\OAS2_0141_slice_04_z093.png,Non_Demented/OAS2_0141/OAS2_0141_slice_04_z093.png,Non-Demented/OAS2_0141/OAS2_0141_slice_04_z093.png,OAS2_0141,Non-Demented,0,0,Non-Demented,1,0.5841126570587295,-0.8392764265359042,-0.6064055506764086,-0.5938207969598713
OASIS_2,LinearSVM,47,test,brightness_contrast__severe,brightness_contrast,severe,D:\OASIS_2\distortions_128\brightness_contrast\severe\Non_Demented\OAS2_0141\OAS2_0141_slice_05_z098.png,Non_Demented/OAS2_0141/OAS2_0141_slice_05_z098.png,Non-Demented/OAS2_0141/OAS2_0141_slice_05_z098.png,OAS2_0141,Non-Demented,0,1,Very Mild Dementia,0,-0.3769649001394026,0.25303569471715226,-0.3322652837878562,-1.4659370369453075
OASIS_2,LinearSVM,47,test,brightness_contrast__severe,brightness_contrast,severe,D:\OASIS_2\distortions_128\brightness_contrast\severe\Non_Demented\OAS2_0141\OAS2_0141_slice_06_z104.png,Non_Demented/OAS2_0141/OAS2_0141_slice_06_z104.png,Non-Demented/OAS2_0141/OAS2_0141_slice_06_z104.png,OAS2_0141,Non-Demented,0,0,Non-Demented,1,0.988182515892742,-1.3191886119877134,-0.868359602982981,-1.4161402918850787
OASIS_2,LinearSVM,47,test,brightness_contrast__severe,brightness_contrast,severe,D:\OASIS_2\distortions_128\brightness_contrast\severe\Non_Demented\OAS2_0141\OAS2_0141_slice_07_z109.png,Non_Demented/OAS2_0141/OAS2_0141_slice_07_z109.png,Non-Demented/OAS2_0141/OAS2_0141_slice_07_z109.png,OAS2_0141,Non-Demented,0,0,Non-Demented,1,0.09236595781341399,-0.38833207449297014,-0.6392212749960146,-1.2003537999976055
OASIS_2,LinearSVM,47,test,brightness_contrast__severe,brightness_contrast,severe,D:\OASIS_2\distortions_128\brightness_contrast\severe\Non_Demented\OAS2_0141\OAS2_0141_slice_08_z114.png,Non_Demented/OAS2_0141/OAS2_0141_slice_08_z114.png,Non-Demented/OAS2_0141/OAS2_0141_slice_08_z114.png,OAS2_0141,Non-Demented,0,0,Non-Demented,1,-0.13224707633843935,-0.279216270992952,-0.5218509547858046,-1.3135216533167715
OASIS_2,LinearSVM,47,test,brightness_contrast__severe,brightness_contrast,severe,D:\OASIS_2\distortions_128\brightness_contrast\severe\Non_Demented\OAS2_0141\OAS2_0141_slice_09_z120.png,Non_Demented/OAS2_0141/OAS2_0141_slice_09_z120.png,Non-Demented/OAS2_0141/OAS2_0141_slice_09_z120.png,OAS2_0141,Non-Demented,0,0,Non-Demented,1,0.9387798843219926,-0.9927072841159839,-0.6564053447414556,-1.6295422586793453
OASIS_2,LinearSVM,47,test,brightness_contrast__severe,brightness_contrast,severe,D:\OASIS_2\distortions_128\brightness_contrast\severe\Non_Demented\OAS2_0141\OAS2_0141_slice_10_z125.png,Non_Demented/OAS2_0141/OAS2_0141_slice_10_z125.png,Non-Demented/OAS2_0141/OAS2_0141_slice_10_z125.png,OAS2_0141,Non-Demented,0,0,Non-Demented,1,2.1967308621867274,-1.2723268789815527,-1.2602342436487044,-1.6493155051871262
OASIS_2,LinearSVM,47,test,brightness_contrast__severe,brightness_contrast,severe,D:\OASIS_2\distortions_128\brightness_contrast\severe\Non_Demented\OAS2_0141\OAS2_0141_slice_11_z130.png,Non_Demented/OAS2_0141/OAS2_0141_slice_11_z130.png,Non-Demented/OAS2_0141/OAS2_0141_slice_11_z130.png,OAS2_0141,Non-Demented,0,3,Moderate Dementia,0,-5.211157372310901,2.6282497812422614,-1.1987738166685413,2.7318258767326316
OASIS_2,LinearSVM,47,test,brightness_contrast__severe,brightness_contrast,severe,D:\OASIS_2\distortions_128\brightness_contrast\severe\Non_Demented\OAS2_0141\OAS2_0141_slice_12_z135.png,Non_Demented/OAS2_0141/OAS2_0141_slice_12_z135.png,Non-Demented/OAS2_0141/OAS2_0141_slice_12_z135.png,OAS2_0141,Non-Demented,0,0,Non-Demented,1,1.042062479432897,-0.6220663436030249,-1.2447002926600654,-1.2428191242661866
OASIS_2,LinearSVM,47,test,brightness_contrast__severe,brightness_contrast,severe,D:\OASIS_2\distortions_128\brightness_contrast\severe\Non_Demented\OAS2_0141\OAS2_0141_slice_13_z141.png,Non_Demented/OAS2_0141/OAS2_0141_slice_13_z141.png,Non-Demented/OAS2_0141/OAS2_0141_slice_13_z141.png,OAS2_0141,Non-Demented,0,0,Non-Demented,1,1.1198394179774793,0.19991618812733533,-1.5501690022475199,-1.7401720221126484
OASIS_2,LinearSVM,47,test,brightness_contrast__severe,brightness_contrast,severe,D:\OASIS_2\distortions_128\brightness_contrast\severe\Non_Demented\OAS2_0141\OAS2_0141_slice_14_z146.png,Non_Demented/OAS2_0141/OAS2_0141_slice_14_z146.png,Non-Demented/OAS2_0141/OAS2_0141_slice_14_z146.png,OAS2_0141,Non-Demented,0,0,Non-Demented,1,0.551567101473711,-0.2942908757683103,-0.8212941889919183,-1.2738410085088248
OASIS_2,LinearSVM,47,test,brightness_contrast__severe,brightness_contrast,severe,D:\OASIS_2\distortions_128\brightness_contrast\severe\Non_Demented\OAS2_0141\OAS2_0141_slice_15_z151.png,Non_Demented/OAS2_0141/OAS2_0141_slice_15_z151.png,Non-Demented/OAS2_0141/OAS2_0141_slice_15_z151.png,OAS2_0141,Non-Demented,0,3,Moderate Dementia,0,-5.567267844168692,2.0597895539749183,0.017199317085435983,2.7337166661720023
OASIS_2,LinearSVM,47,test,brightness_contrast__severe,brightness_contrast,severe,D:\OASIS_2\distortions_128\brightness_contrast\severe\Non_Demented\OAS2_0141\OAS2_0141_slice_16_z157.png,Non_Demented/OAS2_0141/OAS2_0141_slice_16_z157.png,Non-Demented/OAS2_0141/OAS2_0141_slice_16_z157.png,OAS2_0141,Non-Demented,0,3,Moderate Dementia,0,-5.497089957059418,2.1048871079587474,-0.278716322097586,2.7623383094224976
OASIS_2,LinearSVM,47,test,brightness_contrast__severe,brightness_contrast,severe,D:\OASIS_2\distortions_128\brightness_contrast\severe\Non_Demented\OAS2_0141\OAS2_0141_slice_17_z162.png,Non_Demented/OAS2_0141/OAS2_0141_slice_17_z162.png,Non-Demented/OAS2_0141/OAS2_0141_slice_17_z162.png,OAS2_0141,Non-Demented,0,0,Non-Demented,1,1.066421715932148,-1.5999046626464153,-0.37136569334892394,-1.1434167176510674
OASIS_2,LinearSVM,47,test,brightness_contrast__severe,brightness_contrast,severe,D:\OASIS_2\distortions_128\brightness_contrast\severe\Non_Demented\OAS2_0141\OAS2_0141_slice_18_z167.png,Non_Demented/OAS2_0141/OAS2_0141_slice_18_z167.png,Non-Demented/OAS2_0141/OAS2_0141_slice_18_z167.png,OAS2_0141,Non-Demented,0,3,Moderate Dementia,0,-5.874775453654088,2.2351227624510823,-0.09112503177122766,2.8376024931878074
OASIS_2,LinearSVM,47,test,brightness_contrast__severe,brightness_contrast,severe,D:\OASIS_2\distortions_128\brightness_contrast\severe\Non_Demented\OAS2_0141\OAS2_0141_slice_19_z173.png,Non_Demented/OAS2_0141/OAS2_0141_slice_19_z173.png,Non-Demented/OAS2_0141/OAS2_0141_slice_19_z173.png,OAS2_0141,Non-Demented,0,3,Moderate Dementia,0,-6.538160891534409,2.6051291093725455,0.09947120337453452,2.9447229931312227
OASIS_2,LinearSVM,47,test,brightness_contrast__severe,brightness_contrast,severe,D:\OASIS_2\distortions_128\brightness_contrast\severe\Non_Demented\OAS2_0141\OAS2_0141_slice_20_z178.png,Non_Demented/OAS2_0141/OAS2_0141_slice_20_z178.png,Non-Demented/OAS2_0141/OAS2_0141_slice_20_z178.png,OAS2_0141,Non-Demented,0,0,Non-Demented,1,0.3946992294282115,-1.1398990530582314,-0.24340047372618534,-0.8054944489781534
OASIS_2,LinearSVM,47,test,brightness_contrast__severe,brightness_contrast,severe,D:\OASIS_2\distortions_128\brightness_contrast\severe\Non_Demented\OAS2_0171\OAS2_0171_slice_01_z077.png,Non_Demented/OAS2_0171/OAS2_0171_slice_01_z077.png,Non-Demented/OAS2_0171/OAS2_0171_slice_01_z077.png,OAS2_0171,Non-Demented,0,2,Mild Dementia,0,-1.2653667118804055,0.3078706656637691,0.46235049233238434,-1.177014075251563
OASIS_2,LinearSVM,47,test,brightness_contrast__severe,brightness_contrast,severe,D:\OASIS_2\distortions_128\brightness_contrast\severe\Non_Demented\OAS2_0171\OAS2_0171_slice_02_z082.png,Non_Demented/OAS2_0171/OAS2_0171_slice_02_z082.png,Non-Demented/OAS2_0171/OAS2_0171_slice_02_z082.png,OAS2_0171,Non-Demented,0,1,Very Mild Dementia,0,-7.741522238016201,4.299070541320136,-0.8976190701447918,2.8003787072813977
OASIS_2,LinearSVM,47,test,brightness_contrast__severe,brightness_contrast,severe,D:\OASIS_2\distortions_128\brightness_contrast\severe\Non_Demented\OAS2_0171\OAS2_0171_slice_03_z088.png,Non_Demented/OAS2_0171/OAS2_0171_slice_03_z088.png,Non-Demented/OAS2_0171/OAS2_0171_slice_03_z088.png,OAS2_0171,Non-Demented,0,0,Non-Demented,1,0.8481266991333047,-0.3726622787229965,-0.637021164598841,-1.9061437257910163
OASIS_2,LinearSVM,47,test,brightness_contrast__severe,brightness_contrast,severe,D:\OASIS_2\distortions_128\brightness_contrast\severe\Non_Demented\OAS2_0171\OAS2_0171_slice_04_z093.png,Non_Demented/OAS2_0171/OAS2_0171_slice_04_z093.png,Non-Demented/OAS2_0171/OAS2_0171_slice_04_z093.png,OAS2_0171,Non-Demented,0,1,Very Mild Dementia,0,-1.1130802496532224,1.6915111843105661,-0.8192997086776614,-1.1873562904161592
OASIS_2,LinearSVM,47,test,brightness_contrast__severe,brightness_contrast,severe,D:\OASIS_2\distortions_128\brightness_contrast\severe\Non_Demented\OAS2_0171\OAS2_0171_slice_05_z098.png,Non_Demented/OAS2_0171/OAS2_0171_slice_05_z098.png,Non-Demented/OAS2_0171/OAS2_0171_slice_05_z098.png,OAS2_0171,Non-Demented,0,1,Very Mild Dementia,0,-0.8208446588547297,3.0130700959277155,-1.0280246623124492,-0.6290764902425259
OASIS_2,LinearSVM,47,test,brightness_contrast__severe,brightness_contrast,severe,D:\OASIS_2\distortions_128\brightness_contrast\severe\Non_Demented\OAS2_0171\OAS2_0171_slice_06_z104.png,Non_Demented/OAS2_0171/OAS2_0171_slice_06_z104.png,Non-Demented/OAS2_0171/OAS2_0171_slice_06_z104.png,OAS2_0171,Non-Demented,0,1,Very Mild Dementia,0,-0.009632613628537363,1.9917301124876292,-0.7213808837202524,-1.1592599617351274
OASIS_2,LinearSVM,47,test,brightness_contrast__severe,brightness_contrast,severe,D:\OASIS_2\distortions_128\brightness_contrast\severe\Non_Demented\OAS2_0171\OAS2_0171_slice_07_z109.png,Non_Demented/OAS2_0171/OAS2_0171_slice_07_z109.png,Non-Demented/OAS2_0171/OAS2_0171_slice_07_z109.png,OAS2_0171,Non-Demented,0,1,Very Mild Dementia,0,1.3958343610410668,2.7477948808788812,-1.8291335841325327,-1.9861938081752002
OASIS_2,LinearSVM,47,test,brightness_contrast__severe,brightness_contrast,severe,D:\OASIS_2\distortions_128\brightness_contrast\severe\Non_Demented\OAS2_0171\OAS2_0171_slice_08_z114.png,Non_Demented/OAS2_0171/OAS2_0171_slice_08_z114.png,Non-Demented/OAS2_0171/OAS2_0171_slice_08_z114.png,OAS2_0171,Non-Demented,0,1,Very Mild Dementia,0,0.1527948373434612,3.6669420617390833,-1.9615709766827245,-1.3964959062521278
OASIS_2,LinearSVM,47,test,brightness_contrast__severe,brightness_contrast,severe,D:\OASIS_2\distortions_128\brightness_contrast\severe\Non_Demented\OAS2_0171\OAS2_0171_slice_09_z120.png,Non_Demented/OAS2_0171/OAS2_0171_slice_09_z120.png,Non-Demented/OAS2_0171/OAS2_0171_slice_09_z120.png,OAS2_0171,Non-Demented,0,1,Very Mild Dementia,0,-7.311475400029072,7.560802465983456,-0.8268401890492355,2.744785339893941
OASIS_2,LinearSVM,47,test,brightness_contrast__severe,brightness_contrast,severe,D:\OASIS_2\distortions_128\brightness_contrast\severe\Non_Demented\OAS2_0171\OAS2_0171_slice_10_z125.png,Non_Demented/OAS2_0171/OAS2_0171_slice_10_z125.png,Non-Demented/OAS2_0171/OAS2_0171_slice_10_z125.png,OAS2_0171,Non-Demented,0,1,Very Mild Dementia,0,-3.6969558171261503,8.75688948805368,-1.0291343822826102,-0.9915908199929404
OASIS_2,LinearSVM,47,test,brightness_contrast__severe,brightness_contrast,severe,D:\OASIS_2\distortions_128\brightness_contrast\severe\Non_Demented\OAS2_0171\OAS2_0171_slice_11_z130.png,Non_Demented/OAS2_0171/OAS2_0171_slice_11_z130.png,Non-Demented/OAS2_0171/OAS2_0171_slice_11_z130.png,OAS2_0171,Non-Demented,0,1,Very Mild Dementia,0,-1.517182885881853,4.048412902085419,-0.3977056084393574,-1.2854052998593044
OASIS_2,LinearSVM,47,test,brightness_contrast__severe,brightness_contrast,severe,D:\OASIS_2\distortions_128\brightness_contrast\severe\Non_Demented\OAS2_0171\OAS2_0171_slice_12_z135.png,Non_Demented/OAS2_0171/OAS2_0171_slice_12_z135.png,Non-Demented/OAS2_0171/OAS2_0171_slice_12_z135.png,OAS2_0171,Non-Demented,0,1,Very Mild Dementia,0,-8.950229790290408,8.426927936798377,-0.43627441074536344,2.9655000154623012
OASIS_2,LinearSVM,47,test,brightness_contrast__severe,brightness_contrast,severe,D:\OASIS_2\distortions_128\brightness_contrast\severe\Non_Demented\OAS2_0171\OAS2_0171_slice_13_z141.png,Non_Demented/OAS2_0171/OAS2_0171_slice_13_z141.png,Non-Demented/OAS2_0171/OAS2_0171_slice_13_z141.png,OAS2_0171,Non-Demented,0,1,Very Mild Dementia,0,-0.5747411878837849,3.737622835798424,-0.6163398440697165,-0.8643648543342489
OASIS_2,LinearSVM,47,test,brightness_contrast__severe,brightness_contrast,severe,D:\OASIS_2\distortions_128\brightness_contrast\severe\Non_Demented\OAS2_0171\OAS2_0171_slice_14_z146.png,Non_Demented/OAS2_0171/OAS2_0171_slice_14_z146.png,Non-Demented/OAS2_0171/OAS2_0171_slice_14_z146.png,OAS2_0171,Non-Demented,0,1,Very Mild Dementia,0,-1.880205803863661,3.2636384654486714,-0.19902789395151732,-0.539826138245252
OASIS_2,LinearSVM,47,test,brightness_contrast__severe,brightness_contrast,severe,D:\OASIS_2\distortions_128\brightness_contrast\severe\Non_Demented\OAS2_0171\OAS2_0171_slice_15_z151.png,Non_Demented/OAS2_0171/OAS2_0171_slice_15_z151.png,Non-Demented/OAS2_0171/OAS2_0171_slice_15_z151.png,OAS2_0171,Non-Demented,0,1,Very Mild Dementia,0,-1.6397808097703346,2.8448798812988647,-1.6583299766545028,-0.29763293057152096
OASIS_2,LinearSVM,47,test,brightness_contrast__severe,brightness_contrast,severe,D:\OASIS_2\distortions_128\brightness_contrast\severe\Non_Demented\OAS2_0171\OAS2_0171_slice_16_z157.png,Non_Demented/OAS2_0171/OAS2_0171_slice_16_z157.png,Non-Demented/OAS2_0171/OAS2_0171_slice_16_z157.png,OAS2_0171,Non-Demented,0,0,Non-Demented,1,0.06936913391072527,-0.09173215672971027,-0.7608612626345561,-1.5448384893605702
OASIS_2,LinearSVM,47,test,brightness_contrast__severe,brightness_contrast,severe,D:\OASIS_2\distortions_128\brightness_contrast\severe\Non_Demented\OAS2_0171\OAS2_0171_slice_17_z162.png,Non_Demented/OAS2_0171/OAS2_0171_slice_17_z162.png,Non-Demented/OAS2_0171/OAS2_0171_slice_17_z162.png,OAS2_0171,Non-Demented,0,0,Non-Demented,1,1.9678686649700572,-0.048079827991516305,-2.2115123289965073,-1.4248699703541312
OASIS_2,LinearSVM,47,test,brightness_contrast__severe,brightness_contrast,severe,D:\OASIS_2\distortions_128\brightness_contrast\severe\Non_Demented\OAS2_0171\OAS2_0171_slice_18_z167.png,Non_Demented/OAS2_0171/OAS2_0171_slice_18_z167.png,Non-Demented/OAS2_0171/OAS2_0171_slice_18_z167.png,OAS2_0171,Non-Demented,0,0,Non-Demented,1,0.8725050762234948,-0.1890234089744333,-1.4449260956383259,-1.6395769688939303
OASIS_2,LinearSVM,47,test,brightness_contrast__severe,brightness_contrast,severe,D:\OASIS_2\distortions_128\brightness_contrast\severe\Non_Demented\OAS2_0171\OAS2_0171_slice_19_z173.png,Non_Demented/OAS2_0171/OAS2_0171_slice_19_z173.png,Non-Demented/OAS2_0171/OAS2_0171_slice_19_z173.png,OAS2_0171,Non-Demented,0,0,Non-Demented,1,0.7538844655291416,-0.2365874363191807,-1.2513205830356036,-1.7487816532559106
OASIS_2,LinearSVM,47,test,brightness_contrast__severe,brightness_contrast,severe,D:\OASIS_2\distortions_128\brightness_contrast\severe\Non_Demented\OAS2_0171\OAS2_0171_slice_20_z178.png,Non_Demented/OAS2_0171/OAS2_0171_slice_20_z178.png,Non-Demented/OAS2_0171/OAS2_0171_slice_20_z178.png,OAS2_0171,Non-Demented,0,1,Very Mild Dementia,0,-0.3516341253217588,0.4424477759700981,-1.472967896754077,-0.8060701011534903
OASIS_2,LinearSVM,47,test,brightness_contrast__severe,brightness_contrast,severe,D:\OASIS_2\distortions_128\brightness_contrast\severe\Very_Mild_Dementia\OAS2_0009\OAS2_0009_slice_01_z077.png,Very_Mild_Dementia/OAS2_0009/OAS2_0009_slice_01_z077.png,Very Mild Dementia/OAS2_0009/OAS2_0009_slice_01_z077.png,OAS2_0009,Very Mild Dementia,1,1,Very Mild Dementia,1,-0.9029376440424959,0.36412109235585144,-0.17300683683671425,-2.0692394597542583
OASIS_2,LinearSVM,47,test,brightness_contrast__severe,brightness_contrast,severe,D:\OASIS_2\distortions_128\brightness_contrast\severe\Very_Mild_Dementia\OAS2_0009\OAS2_0009_slice_02_z082.png,Very_Mild_Dementia/OAS2_0009/OAS2_0009_slice_02_z082.png,Very Mild Dementia/OAS2_0009/OAS2_0009_slice_02_z082.png,OAS2_0009,Very Mild Dementia,1,0,Non-Demented,0,0.12961399689452555,-0.44478925959994986,-1.2975939735674575,-0.49153959340021713
OASIS_2,LinearSVM,47,test,brightness_contrast__severe,brightness_contrast,severe,D:\OASIS_2\distortions_128\brightness_contrast\severe\Very_Mild_Dementia\OAS2_0009\OAS2_0009_slice_03_z088.png,Very_Mild_Dementia/OAS2_0009/OAS2_0009_slice_03_z088.png,Very Mild Dementia/OAS2_0009/OAS2_0009_slice_03_z088.png,OAS2_0009,Very Mild Dementia,1,2,Mild Dementia,0,-1.499235701299514,-0.43483909281841304,0.6523819766944537,-0.2194972191624074
OASIS_2,LinearSVM,47,test,brightness_contrast__severe,brightness_contrast,severe,D:\OASIS_2\distortions_128\brightness_contrast\severe\Very_Mild_Dementia\OAS2_0009\OAS2_0009_slice_04_z093.png,Very_Mild_Dementia/OAS2_0009/OAS2_0009_slice_04_z093.png,Very Mild Dementia/OAS2_0009/OAS2_0009_slice_04_z093.png,OAS2_0009,Very Mild Dementia,1,0,Non-Demented,0,-0.01948563864614087,-0.38203668459815343,-0.6147010177553626,-0.7046798090640174
OASIS_2,LinearSVM,47,test,brightness_contrast__severe,brightness_contrast,severe,D:\OASIS_2\distortions_128\brightness_contrast\severe\Very_Mild_Dementia\OAS2_0009\OAS2_0009_slice_05_z098.png,Very_Mild_Dementia/OAS2_0009/OAS2_0009_slice_05_z098.png,Very Mild Dementia/OAS2_0009/OAS2_0009_slice_05_z098.png,OAS2_0009,Very Mild Dementia,1,1,Very Mild Dementia,1,-0.06076137041085829,0.4590340786873448,-1.5876993182425467,-0.45423767634654433
OASIS_2,LinearSVM,47,test,brightness_contrast__severe,brightness_contrast,severe,D:\OASIS_2\distortions_128\brightness_contrast\severe\Very_Mild_Dementia\OAS2_0009\OAS2_0009_slice_06_z104.png,Very_Mild_Dementia/OAS2_0009/OAS2_0009_slice_06_z104.png,Very Mild Dementia/OAS2_0009/OAS2_0009_slice_06_z104.png,OAS2_0009,Very Mild Dementia,1,1,Very Mild Dementia,1,-1.0580587658569303,0.432251905265122,-0.36287209346403654,-0.7700555415165857
OASIS_2,LinearSVM,47,test,brightness_contrast__severe,brightness_contrast,severe,D:\OASIS_2\distortions_128\brightness_contrast\severe\Very_Mild_Dementia\OAS2_0009\OAS2_0009_slice_07_z109.png,Very_Mild_Dementia/OAS2_0009/OAS2_0009_slice_07_z109.png,Very Mild Dementia/OAS2_0009/OAS2_0009_slice_07_z109.png,OAS2_0009,Very Mild Dementia,1,1,Very Mild Dementia,1,-1.3484896931706802,1.064093246949783,-0.47660179453893003,-1.1083777572122828
OASIS_2,LinearSVM,47,test,brightness_contrast__severe,brightness_contrast,severe,D:\OASIS_2\distortions_128\brightness_contrast\severe\Very_Mild_Dementia\OAS2_0009\OAS2_0009_slice_08_z114.png,Very_Mild_Dementia/OAS2_0009/OAS2_0009_slice_08_z114.png,Very Mild Dementia/OAS2_0009/OAS2_0009_slice_08_z114.png,OAS2_0009,Very Mild Dementia,1,1,Very Mild Dementia,1,-0.0015520487466279195,0.07924864490048364,-0.9616049734214305,-0.8395152967785071
OASIS_2,LinearSVM,47,test,brightness_contrast__severe,brightness_contrast,severe,D:\OASIS_2\distortions_128\brightness_contrast\severe\Very_Mild_Dementia\OAS2_0009\OAS2_0009_slice_09_z120.png,Very_Mild_Dementia/OAS2_0009/OAS2_0009_slice_09_z120.png,Very Mild Dementia/OAS2_0009/OAS2_0009_slice_09_z120.png,OAS2_0009,Very Mild Dementia,1,0,Non-Demented,0,0.6705419447722496,0.4296527171228752,-0.9907292310072955,-1.945004422910785
OASIS_2,LinearSVM,47,test,brightness_contrast__severe,brightness_contrast,severe,D:\OASIS_2\distortions_128\brightness_contrast\severe\Very_Mild_Dementia\OAS2_0009\OAS2_0009_slice_10_z125.png,Very_Mild_Dementia/OAS2_0009/OAS2_0009_slice_10_z125.png,Very Mild Dementia/OAS2_0009/OAS2_0009_slice_10_z125.png,OAS2_0009,Very Mild Dementia,1,1,Very Mild Dementia,1,-0.0037587737575803977,0.35227760489554694,-0.6784522812612029,-1.2352234120156123
OASIS_2,LinearSVM,47,test,brightness_contrast__severe,brightness_contrast,severe,D:\OASIS_2\distortions_128\brightness_contrast\severe\Very_Mild_Dementia\OAS2_0009\OAS2_0009_slice_11_z130.png,Very_Mild_Dementia/OAS2_0009/OAS2_0009_slice_11_z130.png,Very Mild Dementia/OAS2_0009/OAS2_0009_slice_11_z130.png,OAS2_0009,Very Mild Dementia,1,0,Non-Demented,0,0.9073017833359015,0.377385664995026,-1.079264066771954,-1.8480865455970963
OASIS_2,LinearSVM,47,test,brightness_contrast__severe,brightness_contrast,severe,D:\OASIS_2\distortions_128\brightness_contrast\severe\Very_Mild_Dementia\OAS2_0009\OAS2_0009_slice_12_z135.png,Very_Mild_Dementia/OAS2_0009/OAS2_0009_slice_12_z135.png,Very Mild Dementia/OAS2_0009/OAS2_0009_slice_12_z135.png,OAS2_0009,Very Mild Dementia,1,3,Moderate Dementia,0,-6.281243460578293,2.7404616169937963,-0.7082260336912632,3.2993049027003436
OASIS_2,LinearSVM,47,test,brightness_contrast__severe,brightness_contrast,severe,D:\OASIS_2\distortions_128\brightness_contrast\severe\Very_Mild_Dementia\OAS2_0009\OAS2_0009_slice_13_z141.png,Very_Mild_Dementia/OAS2_0009/OAS2_0009_slice_13_z141.png,Very Mild Dementia/OAS2_0009/OAS2_0009_slice_13_z141.png,OAS2_0009,Very Mild Dementia,1,1,Very Mild Dementia,1,-6.711309881004466,3.5424303883480115,-1.1542921284128953,3.2318675014679417
OASIS_2,LinearSVM,47,test,brightness_contrast__severe,brightness_contrast,severe,D:\OASIS_2\distortions_128\brightness_contrast\severe\Very_Mild_Dementia\OAS2_0009\OAS2_0009_slice_14_z146.png,Very_Mild_Dementia/OAS2_0009/OAS2_0009_slice_14_z146.png,Very Mild Dementia/OAS2_0009/OAS2_0009_slice_14_z146.png,OAS2_0009,Very Mild Dementia,1,1,Very Mild Dementia,1,0.1907361197468089,0.9416713664200387,-1.663603551576474,-1.5963993763972484
OASIS_2,LinearSVM,47,test,brightness_contrast__severe,brightness_contrast,severe,D:\OASIS_2\distortions_128\brightness_contrast\severe\Very_Mild_Dementia\OAS2_0009\OAS2_0009_slice_15_z151.png,Very_Mild_Dementia/OAS2_0009/OAS2_0009_slice_15_z151.png,Very Mild Dementia/OAS2_0009/OAS2_0009_slice_15_z151.png,OAS2_0009,Very Mild Dementia,1,0,Non-Demented,0,1.1510693088700061,0.4493698040463945,-1.959693364253945,-1.5973159724875592
OASIS_2,LinearSVM,47,test,brightness_contrast__severe,brightness_contrast,severe,D:\OASIS_2\distortions_128\brightness_contrast\severe\Very_Mild_Dementia\OAS2_0009\OAS2_0009_slice_16_z157.png,Very_Mild_Dementia/OAS2_0009/OAS2_0009_slice_16_z157.png,Very Mild Dementia/OAS2_0009/OAS2_0009_slice_16_z157.png,OAS2_0009,Very Mild Dementia,1,0,Non-Demented,0,0.9182084803842729,0.9031905843900807,-2.0683020192943733,-1.6775252916640482
OASIS_2,LinearSVM,47,test,brightness_contrast__severe,brightness_contrast,severe,D:\OASIS_2\distortions_128\brightness_contrast\severe\Very_Mild_Dementia\OAS2_0009\OAS2_0009_slice_17_z162.png,Very_Mild_Dementia/OAS2_0009/OAS2_0009_slice_17_z162.png,Very Mild Dementia/OAS2_0009/OAS2_0009_slice_17_z162.png,OAS2_0009,Very Mild Dementia,1,1,Very Mild Dementia,1,-6.998281919609717,3.897934286702637,-1.0045639369828208,2.8864716621285993
OASIS_2,LinearSVM,47,test,brightness_contrast__severe,brightness_contrast,severe,D:\OASIS_2\distortions_128\brightness_contrast\severe\Very_Mild_Dementia\OAS2_0009\OAS2_0009_slice_18_z167.png,Very_Mild_Dementia/OAS2_0009/OAS2_0009_slice_18_z167.png,Very Mild Dementia/OAS2_0009/OAS2_0009_slice_18_z167.png,OAS2_0009,Very Mild Dementia,1,0,Non-Demented,0,0.7046679641474041,-1.0950228181326638,-0.0423290036413273,-1.688262385951925
OASIS_2,LinearSVM,47,test,brightness_contrast__severe,brightness_contrast,severe,D:\OASIS_2\distortions_128\brightness_contrast\severe\Very_Mild_Dementia\OAS2_0009\OAS2_0009_slice_19_z173.png,Very_Mild_Dementia/OAS2_0009/OAS2_0009_slice_19_z173.png,Very Mild Dementia/OAS2_0009/OAS2_0009_slice_19_z173.png,OAS2_0009,Very Mild Dementia,1,3,Moderate Dementia,0,-7.029833178303848,2.8085638965726423,-0.04611211528762682,2.945593212093054
OASIS_2,LinearSVM,47,test,brightness_contrast__severe,brightness_contrast,severe,D:\OASIS_2\distortions_128\brightness_contrast\severe\Very_Mild_Dementia\OAS2_0009\OAS2_0009_slice_20_z178.png,Very_Mild_Dementia/OAS2_0009/OAS2_0009_slice_20_z178.png,Very Mild Dementia/OAS2_0009/OAS2_0009_slice_20_z178.png,OAS2_0009,Very Mild Dementia,1,1,Very Mild Dementia,1,-1.8797095594698392,0.5568347523622155,0.3257052352755827,-0.7062406797813499
OASIS_2,LinearSVM,47,test,brightness_contrast__severe,brightness_contrast,severe,D:\OASIS_2\distortions_128\brightness_contrast\severe\Very_Mild_Dementia\OAS2_0020\OAS2_0020_slice_01_z077.png,Very_Mild_Dementia/OAS2_0020/OAS2_0020_slice_01_z077.png,Very Mild Dementia/OAS2_0020/OAS2_0020_slice_01_z077.png,OAS2_0020,Very Mild Dementia,1,1,Very Mild Dementia,1,-0.31395870476668,0.3523990359206467,-0.9417003290010062,-0.8957296292979295
OASIS_2,LinearSVM,47,test,brightness_contrast__severe,brightness_contrast,severe,D:\OASIS_2\distortions_128\brightness_contrast\severe\Very_Mild_Dementia\OAS2_0020\OAS2_0020_slice_02_z082.png,Very_Mild_Dementia/OAS2_0020/OAS2_0020_slice_02_z082.png,Very Mild Dementia/OAS2_0020/OAS2_0020_slice_02_z082.png,OAS2_0020,Very Mild Dementia,1,0,Non-Demented,0,1.2268239712387028,-0.9827531984123511,-1.1195095805550543,-1.1890477343435983
OASIS_2,LinearSVM,47,test,brightness_contrast__severe,brightness_contrast,severe,D:\OASIS_2\distortions_128\brightness_contrast\severe\Very_Mild_Dementia\OAS2_0020\OAS2_0020_slice_03_z088.png,Very_Mild_Dementia/OAS2_0020/OAS2_0020_slice_03_z088.png,Very Mild Dementia/OAS2_0020/OAS2_0020_slice_03_z088.png,OAS2_0020,Very Mild Dementia,1,0,Non-Demented,0,0.5717466130306887,-0.6556613687670618,-0.8615897170879063,-0.2124193177900312
OASIS_2,LinearSVM,47,test,brightness_contrast__severe,brightness_contrast,severe,D:\OASIS_2\distortions_128\brightness_contrast\severe\Very_Mild_Dementia\OAS2_0020\OAS2_0020_slice_04_z093.png,Very_Mild_Dementia/OAS2_0020/OAS2_0020_slice_04_z093.png,Very Mild Dementia/OAS2_0020/OAS2_0020_slice_04_z093.png,OAS2_0020,Very Mild Dementia,1,0,Non-Demented,0,0.7187139959837572,-0.4670452233293362,-0.648602956500637,-1.2134178719564777
OASIS_2,LinearSVM,47,test,brightness_contrast__severe,brightness_contrast,severe,D:\OASIS_2\distortions_128\brightness_contrast\severe\Very_Mild_Dementia\OAS2_0020\OAS2_0020_slice_05_z098.png,Very_Mild_Dementia/OAS2_0020/OAS2_0020_slice_05_z098.png,Very Mild Dementia/OAS2_0020/OAS2_0020_slice_05_z098.png,OAS2_0020,Very Mild Dementia,1,1,Very Mild Dementia,1,-0.6225445261708074,0.2975199434043314,-0.25111678517135017,-0.95306264968517
OASIS_2,LinearSVM,47,test,brightness_contrast__severe,brightness_contrast,severe,D:\OASIS_2\distortions_128\brightness_contrast\severe\Very_Mild_Dementia\OAS2_0020\OAS2_0020_slice_06_z104.png,Very_Mild_Dementia/OAS2_0020/OAS2_0020_slice_06_z104.png,Very Mild Dementia/OAS2_0020/OAS2_0020_slice_06_z104.png,OAS2_0020,Very Mild Dementia,1,1,Very Mild Dementia,1,-7.564132235260143,3.8476409285652764,0.21539747953619026,2.7117095647385345
OASIS_2,LinearSVM,47,test,brightness_contrast__severe,brightness_contrast,severe,D:\OASIS_2\distortions_128\brightness_contrast\severe\Very_Mild_Dementia\OAS2_0020\OAS2_0020_slice_07_z109.png,Very_Mild_Dementia/OAS2_0020/OAS2_0020_slice_07_z109.png,Very Mild Dementia/OAS2_0020/OAS2_0020_slice_07_z109.png,OAS2_0020,Very Mild Dementia,1,1,Very Mild Dementia,1,-0.22912016864213516,0.40624740585318797,-1.4714820464857212,-0.9034548989097893
OASIS_2,LinearSVM,47,test,brightness_contrast__severe,brightness_contrast,severe,D:\OASIS_2\distortions_128\brightness_contrast\severe\Very_Mild_Dementia\OAS2_0020\OAS2_0020_slice_08_z114.png,Very_Mild_Dementia/OAS2_0020/OAS2_0020_slice_08_z114.png,Very Mild Dementia/OAS2_0020/OAS2_0020_slice_08_z114.png,OAS2_0020,Very Mild Dementia,1,1,Very Mild Dementia,1,0.19170300671023752,0.2994361046051056,-1.404998158284982,-1.1811764819419175
OASIS_2,LinearSVM,47,test,brightness_contrast__severe,brightness_contrast,severe,D:\OASIS_2\distortions_128\brightness_contrast\severe\Very_Mild_Dementia\OAS2_0020\OAS2_0020_slice_09_z120.png,Very_Mild_Dementia/OAS2_0020/OAS2_0020_slice_09_z120.png,Very Mild Dementia/OAS2_0020/OAS2_0020_slice_09_z120.png,OAS2_0020,Very Mild Dementia,1,0,Non-Demented,0,1.5992155900784513,-1.368686344763161,-1.2989153643913078,-1.130818706932456
OASIS_2,LinearSVM,47,test,brightness_contrast__severe,brightness_contrast,severe,D:\OASIS_2\distortions_128\brightness_contrast\severe\Very_Mild_Dementia\OAS2_0020\OAS2_0020_slice_10_z125.png,Very_Mild_Dementia/OAS2_0020/OAS2_0020_slice_10_z125.png,Very Mild Dementia/OAS2_0020/OAS2_0020_slice_10_z125.png,OAS2_0020,Very Mild Dementia,1,1,Very Mild Dementia,1,-0.09525985237434721,0.05884652095305412,-0.7821271742189544,-1.317269381169508
OASIS_2,LinearSVM,47,test,brightness_contrast__severe,brightness_contrast,severe,D:\OASIS_2\distortions_128\brightness_contrast\severe\Very_Mild_Dementia\OAS2_0020\OAS2_0020_slice_11_z130.png,Very_Mild_Dementia/OAS2_0020/OAS2_0020_slice_11_z130.png,Very Mild Dementia/OAS2_0020/OAS2_0020_slice_11_z130.png,OAS2_0020,Very Mild Dementia,1,3,Moderate Dementia,0,-5.969674685977661,2.668587749287207,-0.4728593463477856,2.7143194370511874
OASIS_2,LinearSVM,47,test,brightness_contrast__severe,brightness_contrast,severe,D:\OASIS_2\distortions_128\brightness_contrast\severe\Very_Mild_Dementia\OAS2_0020\OAS2_0020_slice_12_z135.png,Very_Mild_Dementia/OAS2_0020/OAS2_0020_slice_12_z135.png,Very Mild Dementia/OAS2_0020/OAS2_0020_slice_12_z135.png,OAS2_0020,Very Mild Dementia,1,0,Non-Demented,0,0.8553861673528059,-0.6216191631015935,-0.7309659889915183,-1.2719981428141982
OASIS_2,LinearSVM,47,test,brightness_contrast__severe,brightness_contrast,severe,D:\OASIS_2\distortions_128\brightness_contrast\severe\Very_Mild_Dementia\OAS2_0020\OAS2_0020_slice_13_z141.png,Very_Mild_Dementia/OAS2_0020/OAS2_0020_slice_13_z141.png,Very Mild Dementia/OAS2_0020/OAS2_0020_slice_13_z141.png,OAS2_0020,Very Mild Dementia,1,1,Very Mild Dementia,1,-0.5860700402664296,0.4438764489395217,-0.6011865472717135,-0.8512129874090406
OASIS_2,LinearSVM,47,test,brightness_contrast__severe,brightness_contrast,severe,D:\OASIS_2\distortions_128\brightness_contrast\severe\Very_Mild_Dementia\OAS2_0020\OAS2_0020_slice_14_z146.png,Very_Mild_Dementia/OAS2_0020/OAS2_0020_slice_14_z146.png,Very Mild Dementia/OAS2_0020/OAS2_0020_slice_14_z146.png,OAS2_0020,Very Mild Dementia,1,2,Mild Dementia,0,-0.22190353350444333,-0.37337958007763516,-0.08617035768699943,-1.447427794499562
OASIS_2,LinearSVM,47,test,brightness_contrast__severe,brightness_contrast,severe,D:\OASIS_2\distortions_128\brightness_contrast\severe\Very_Mild_Dementia\OAS2_0020\OAS2_0020_slice_15_z151.png,Very_Mild_Dementia/OAS2_0020/OAS2_0020_slice_15_z151.png,Very Mild Dementia/OAS2_0020/OAS2_0020_slice_15_z151.png,OAS2_0020,Very Mild Dementia,1,1,Very Mild Dementia,1,-6.282353803762757,3.0587021931854346,-0.6473841492717839,2.8572750433808816
OASIS_2,LinearSVM,47,test,brightness_contrast__severe,brightness_contrast,severe,D:\OASIS_2\distortions_128\brightness_contrast\severe\Very_Mild_Dementia\OAS2_0020\OAS2_0020_slice_16_z157.png,Very_Mild_Dementia/OAS2_0020/OAS2_0020_slice_16_z157.png,Very Mild Dementia/OAS2_0020/OAS2_0020_slice_16_z157.png,OAS2_0020,Very Mild Dementia,1,1,Very Mild Dementia,1,-0.34780804100136636,0.4919423759261461,-0.9037665911607754,-1.2123247379122497
OASIS_2,LinearSVM,47,test,brightness_contrast__severe,brightness_contrast,severe,D:\OASIS_2\distortions_128\brightness_contrast\severe\Very_Mild_Dementia\OAS2_0020\OAS2_0020_slice_17_z162.png,Very_Mild_Dementia/OAS2_0020/OAS2_0020_slice_17_z162.png,Very Mild Dementia/OAS2_0020/OAS2_0020_slice_17_z162.png,OAS2_0020,Very Mild Dementia,1,0,Non-Demented,0,0.40462794628363485,0.31032871046015653,-1.6956075912299955,-1.0166483234016643
OASIS_2,LinearSVM,47,test,brightness_contrast__severe,brightness_contrast,severe,D:\OASIS_2\distortions_128\brightness_contrast\severe\Very_Mild_Dementia\OAS2_0020\OAS2_0020_slice_18_z167.png,Very_Mild_Dementia/OAS2_0020/OAS2_0020_slice_18_z167.png,Very Mild Dementia/OAS2_0020/OAS2_0020_slice_18_z167.png,OAS2_0020,Very Mild Dementia,1,0,Non-Demented,0,0.09099855860144875,0.053737520270572686,-1.1010982032152632,-0.879924815137474
OASIS_2,LinearSVM,47,test,brightness_contrast__severe,brightness_contrast,severe,D:\OASIS_2\distortions_128\brightness_contrast\severe\Very_Mild_Dementia\OAS2_0020\OAS2_0020_slice_19_z173.png,Very_Mild_Dementia/OAS2_0020/OAS2_0020_slice_19_z173.png,Very Mild Dementia/OAS2_0020/OAS2_0020_slice_19_z173.png,OAS2_0020,Very Mild Dementia,1,1,Very Mild Dementia,1,-6.327659064503896,3.1487409040051526,-0.7877818514061689,2.753262240785629
OASIS_2,LinearSVM,47,test,brightness_contrast__severe,brightness_contrast,severe,D:\OASIS_2\distortions_128\brightness_contrast\severe\Very_Mild_Dementia\OAS2_0020\OAS2_0020_slice_20_z178.png,Very_Mild_Dementia/OAS2_0020/OAS2_0020_slice_20_z178.png,Very Mild Dementia/OAS2_0020/OAS2_0020_slice_20_z178.png,OAS2_0020,Very Mild Dementia,1,1,Very Mild Dementia,1,-7.336635879708023,3.8081870304237784,0.02274602070114018,2.705772703295068
OASIS_2,LinearSVM,47,test,brightness_contrast__severe,brightness_contrast,severe,D:\OASIS_2\distortions_128\brightness_contrast\severe\Very_Mild_Dementia\OAS2_0021\OAS2_0021_slice_01_z077.png,Very_Mild_Dementia/OAS2_0021/OAS2_0021_slice_01_z077.png,Very Mild Dementia/OAS2_0021/OAS2_0021_slice_01_z077.png,OAS2_0021,Very Mild Dementia,1,0,Non-Demented,0,0.9944441768064225,-1.0062211421799456,-0.18044713640301652,-1.8606043056628163
OASIS_2,LinearSVM,47,test,brightness_contrast__severe,brightness_contrast,severe,D:\OASIS_2\distortions_128\brightness_contrast\severe\Very_Mild_Dementia\OAS2_0021\OAS2_0021_slice_02_z082.png,Very_Mild_Dementia/OAS2_0021/OAS2_0021_slice_02_z082.png,Very Mild Dementia/OAS2_0021/OAS2_0021_slice_02_z082.png,OAS2_0021,Very Mild Dementia,1,1,Very Mild Dementia,1,-6.03197263899119,3.2557940498918754,-0.8835852990476466,2.9526139029206226
OASIS_2,LinearSVM,47,test,brightness_contrast__severe,brightness_contrast,severe,D:\OASIS_2\distortions_128\brightness_contrast\severe\Very_Mild_Dementia\OAS2_0021\OAS2_0021_slice_03_z088.png,Very_Mild_Dementia/OAS2_0021/OAS2_0021_slice_03_z088.png,Very Mild Dementia/OAS2_0021/OAS2_0021_slice_03_z088.png,OAS2_0021,Very Mild Dementia,1,1,Very Mild Dementia,1,-6.631644963240264,3.445171785836168,-0.7115804185672346,3.232877750995032
OASIS_2,LinearSVM,47,test,brightness_contrast__severe,brightness_contrast,severe,D:\OASIS_2\distortions_128\brightness_contrast\severe\Very_Mild_Dementia\OAS2_0021\OAS2_0021_slice_04_z093.png,Very_Mild_Dementia/OAS2_0021/OAS2_0021_slice_04_z093.png,Very Mild Dementia/OAS2_0021/OAS2_0021_slice_04_z093.png,OAS2_0021,Very Mild Dementia,1,1,Very Mild Dementia,1,-0.40843242222008264,1.5580282566414245,-2.275764707667581,-1.1043331980807523
OASIS_2,LinearSVM,47,test,brightness_contrast__severe,brightness_contrast,severe,D:\OASIS_2\distortions_128\brightness_contrast\severe\Very_Mild_Dementia\OAS2_0021\OAS2_0021_slice_05_z098.png,Very_Mild_Dementia/OAS2_0021/OAS2_0021_slice_05_z098.png,Very Mild Dementia/OAS2_0021/OAS2_0021_slice_05_z098.png,OAS2_0021,Very Mild Dementia,1,1,Very Mild Dementia,1,0.6965898753388178,1.0184964412323834,-2.1347032525364997,-1.5292515343055904
OASIS_2,LinearSVM,47,test,brightness_contrast__severe,brightness_contrast,severe,D:\OASIS_2\distortions_128\brightness_contrast\severe\Very_Mild_Dementia\OAS2_0021\OAS2_0021_slice_06_z104.png,Very_Mild_Dementia/OAS2_0021/OAS2_0021_slice_06_z104.png,Very Mild Dementia/OAS2_0021/OAS2_0021_slice_06_z104.png,OAS2_0021,Very Mild Dementia,1,0,Non-Demented,0,0.04144995145325085,-0.2526072885643315,-0.10570734266804493,-1.6241857599125655
OASIS_2,LinearSVM,47,test,brightness_contrast__severe,brightness_contrast,severe,D:\OASIS_2\distortions_128\brightness_contrast\severe\Very_Mild_Dementia\OAS2_0021\OAS2_0021_slice_07_z109.png,Very_Mild_Dementia/OAS2_0021/OAS2_0021_slice_07_z109.png,Very Mild Dementia/OAS2_0021/OAS2_0021_slice_07_z109.png,OAS2_0021,Very Mild Dementia,1,1,Very Mild Dementia,1,0.2551228274750923,0.9894846843320244,-1.2689192923345352,-0.5641945039091236
OASIS_2,LinearSVM,47,test,brightness_contrast__severe,brightness_contrast,severe,D:\OASIS_2\distortions_128\brightness_contrast\severe\Very_Mild_Dementia\OAS2_0021\OAS2_0021_slice_08_z114.png,Very_Mild_Dementia/OAS2_0021/OAS2_0021_slice_08_z114.png,Very Mild Dementia/OAS2_0021/OAS2_0021_slice_08_z114.png,OAS2_0021,Very Mild Dementia,1,1,Very Mild Dementia,1,-0.739440865422758,1.4912785985621426,-0.8557904655130346,-1.5015843965177509
OASIS_2,LinearSVM,47,test,brightness_contrast__severe,brightness_contrast,severe,D:\OASIS_2\distortions_128\brightness_contrast\severe\Very_Mild_Dementia\OAS2_0021\OAS2_0021_slice_09_z120.png,Very_Mild_Dementia/OAS2_0021/OAS2_0021_slice_09_z120.png,Very Mild Dementia/OAS2_0021/OAS2_0021_slice_09_z120.png,OAS2_0021,Very Mild Dementia,1,1,Very Mild Dementia,1,-0.8355993652517695,1.3573783333731868,-0.5954238340895193,-0.8813791899692427
OASIS_2,LinearSVM,47,test,brightness_contrast__severe,brightness_contrast,severe,D:\OASIS_2\distortions_128\brightness_contrast\severe\Very_Mild_Dementia\OAS2_0021\OAS2_0021_slice_10_z125.png,Very_Mild_Dementia/OAS2_0021/OAS2_0021_slice_10_z125.png,Very Mild Dementia/OAS2_0021/OAS2_0021_slice_10_z125.png,OAS2_0021,Very Mild Dementia,1,1,Very Mild Dementia,1,-6.939998501421544,5.044107726952598,-0.8564976029421548,2.8614080303251197
OASIS_2,LinearSVM,47,test,brightness_contrast__severe,brightness_contrast,severe,D:\OASIS_2\distortions_128\brightness_contrast\severe\Very_Mild_Dementia\OAS2_0021\OAS2_0021_slice_11_z130.png,Very_Mild_Dementia/OAS2_0021/OAS2_0021_slice_11_z130.png,Very Mild Dementia/OAS2_0021/OAS2_0021_slice_11_z130.png,OAS2_0021,Very Mild Dementia,1,1,Very Mild Dementia,1,-1.0443936580934985,3.1126177589480477,0.23193728059236363,-1.4719456989954152
OASIS_2,LinearSVM,47,test,brightness_contrast__severe,brightness_contrast,severe,D:\OASIS_2\distortions_128\brightness_contrast\severe\Very_Mild_Dementia\OAS2_0021\OAS2_0021_slice_12_z135.png,Very_Mild_Dementia/OAS2_0021/OAS2_0021_slice_12_z135.png,Very Mild Dementia/OAS2_0021/OAS2_0021_slice_12_z135.png,OAS2_0021,Very Mild Dementia,1,1,Very Mild Dementia,1,-7.477439938037607,6.092300708377959,-0.8593300435581369,2.849900487848423
OASIS_2,LinearSVM,47,test,brightness_contrast__severe,brightness_contrast,severe,D:\OASIS_2\distortions_128\brightness_contrast\severe\Very_Mild_Dementia\OAS2_0021\OAS2_0021_slice_13_z141.png,Very_Mild_Dementia/OAS2_0021/OAS2_0021_slice_13_z141.png,Very Mild Dementia/OAS2_0021/OAS2_0021_slice_13_z141.png,OAS2_0021,Very Mild Dementia,1,1,Very Mild Dementia,1,-0.8395820875422231,3.281587550874034,-0.7963908094050849,-1.014045413759022
OASIS_2,LinearSVM,47,test,brightness_contrast__severe,brightness_contrast,severe,D:\OASIS_2\distortions_128\brightness_contrast\severe\Very_Mild_Dementia\OAS2_0021\OAS2_0021_slice_14_z146.png,Very_Mild_Dementia/OAS2_0021/OAS2_0021_slice_14_z146.png,Very Mild Dementia/OAS2_0021/OAS2_0021_slice_14_z146.png,OAS2_0021,Very Mild Dementia,1,1,Very Mild Dementia,1,0.30805221324132426,1.3475342139923536,-0.35929290447934853,-1.412031334733129
OASIS_2,LinearSVM,47,test,brightness_contrast__severe,brightness_contrast,severe,D:\OASIS_2\distortions_128\brightness_contrast\severe\Very_Mild_Dementia\OAS2_0021\OAS2_0021_slice_15_z151.png,Very_Mild_Dementia/OAS2_0021/OAS2_0021_slice_15_z151.png,Very Mild Dementia/OAS2_0021/OAS2_0021_slice_15_z151.png,OAS2_0021,Very Mild Dementia,1,1,Very Mild Dementia,1,-1.4499274375293416,4.461755038502618,-1.3898089572590122,-0.9232617965279896
OASIS_2,LinearSVM,47,test,brightness_contrast__severe,brightness_contrast,severe,D:\OASIS_2\distortions_128\brightness_contrast\severe\Very_Mild_Dementia\OAS2_0021\OAS2_0021_slice_16_z157.png,Very_Mild_Dementia/OAS2_0021/OAS2_0021_slice_16_z157.png,Very Mild Dementia/OAS2_0021/OAS2_0021_slice_16_z157.png,OAS2_0021,Very Mild Dementia,1,1,Very Mild Dementia,1,-0.2896701719650787,1.6673391213853588,-0.9204811158159318,-1.5234044392245598
OASIS_2,LinearSVM,47,test,brightness_contrast__severe,brightness_contrast,severe,D:\OASIS_2\distortions_128\brightness_contrast\severe\Very_Mild_Dementia\OAS2_0021\OAS2_0021_slice_17_z162.png,Very_Mild_Dementia/OAS2_0021/OAS2_0021_slice_17_z162.png,Very Mild Dementia/OAS2_0021/OAS2_0021_slice_17_z162.png,OAS2_0021,Very Mild Dementia,1,1,Very Mild Dementia,1,-2.2016257997189466,3.3467579685820725,-0.8980592167004839,-0.862252801864017
OASIS_2,LinearSVM,47,test,brightness_contrast__severe,brightness_contrast,severe,D:\OASIS_2\distortions_128\brightness_contrast\severe\Very_Mild_Dementia\OAS2_0021\OAS2_0021_slice_18_z167.png,Very_Mild_Dementia/OAS2_0021/OAS2_0021_slice_18_z167.png,Very Mild Dementia/OAS2_0021/OAS2_0021_slice_18_z167.png,OAS2_0021,Very Mild Dementia,1,2,Mild Dementia,0,-0.21837368842173285,-0.5029359168882994,-0.013947326488564005,-1.5177760213375224
OASIS_2,LinearSVM,47,test,brightness_contrast__severe,brightness_contrast,severe,D:\OASIS_2\distortions_128\brightness_contrast\severe\Very_Mild_Dementia\OAS2_0021\OAS2_0021_slice_19_z173.png,Very_Mild_Dementia/OAS2_0021/OAS2_0021_slice_19_z173.png,Very Mild Dementia/OAS2_0021/OAS2_0021_slice_19_z173.png,OAS2_0021,Very Mild Dementia,1,0,Non-Demented,0,0.14004064883315978,-0.8420231838199139,-0.14213464560969458,-1.7043484270058618
OASIS_2,LinearSVM,47,test,brightness_contrast__severe,brightness_contrast,severe,D:\OASIS_2\distortions_128\brightness_contrast\severe\Very_Mild_Dementia\OAS2_0021\OAS2_0021_slice_20_z178.png,Very_Mild_Dementia/OAS2_0021/OAS2_0021_slice_20_z178.png,Very Mild Dementia/OAS2_0021/OAS2_0021_slice_20_z178.png,OAS2_0021,Very Mild Dementia,1,0,Non-Demented,0,0.2618038526818409,-0.6002292333902083,-0.6840035243661197,-0.9905372438333805
OASIS_2,LinearSVM,47,test,brightness_contrast__severe,brightness_contrast,severe,D:\OASIS_2\distortions_128\brightness_contrast\severe\Very_Mild_Dementia\OAS2_0040\OAS2_0040_slice_01_z077.png,Very_Mild_Dementia/OAS2_0040/OAS2_0040_slice_01_z077.png,Very Mild Dementia/OAS2_0040/OAS2_0040_slice_01_z077.png,OAS2_0040,Very Mild Dementia,1,2,Mild Dementia,0,-1.146472775708998,-0.6272563248971215,1.3856817285888945,-1.5262982671538388
OASIS_2,LinearSVM,47,test,brightness_contrast__severe,brightness_contrast,severe,D:\OASIS_2\distortions_128\brightness_contrast\severe\Very_Mild_Dementia\OAS2_0040\OAS2_0040_slice_02_z082.png,Very_Mild_Dementia/OAS2_0040/OAS2_0040_slice_02_z082.png,Very Mild Dementia/OAS2_0040/OAS2_0040_slice_02_z082.png,OAS2_0040,Very Mild Dementia,1,1,Very Mild Dementia,1,-2.61009111598318,1.6472128766104481,0.2457797889969927,-2.2208553194467404
OASIS_2,LinearSVM,47,test,brightness_contrast__severe,brightness_contrast,severe,D:\OASIS_2\distortions_128\brightness_contrast\severe\Very_Mild_Dementia\OAS2_0040\OAS2_0040_slice_03_z088.png,Very_Mild_Dementia/OAS2_0040/OAS2_0040_slice_03_z088.png,Very Mild Dementia/OAS2_0040/OAS2_0040_slice_03_z088.png,OAS2_0040,Very Mild Dementia,1,1,Very Mild Dementia,1,-0.5990425745603473,0.055039682861902,-0.21435713112236765,-1.533958230492059
OASIS_2,LinearSVM,47,test,brightness_contrast__severe,brightness_contrast,severe,D:\OASIS_2\distortions_128\brightness_contrast\severe\Very_Mild_Dementia\OAS2_0040\OAS2_0040_slice_04_z093.png,Very_Mild_Dementia/OAS2_0040/OAS2_0040_slice_04_z093.png,Very Mild Dementia/OAS2_0040/OAS2_0040_slice_04_z093.png,OAS2_0040,Very Mild Dementia,1,1,Very Mild Dementia,1,-0.21305273541467395,1.0993821050372452,-1.7985256232497848,-1.6197340967307408
OASIS_2,LinearSVM,47,test,brightness_contrast__severe,brightness_contrast,severe,D:\OASIS_2\distortions_128\brightness_contrast\severe\Very_Mild_Dementia\OAS2_0040\OAS2_0040_slice_05_z098.png,Very_Mild_Dementia/OAS2_0040/OAS2_0040_slice_05_z098.png,Very Mild Dementia/OAS2_0040/OAS2_0040_slice_05_z098.png,OAS2_0040,Very Mild Dementia,1,0,Non-Demented,0,1.5580130155632066,-0.6417762637560491,-1.9845081432943874,-1.0458483491032529
OASIS_2,LinearSVM,47,test,brightness_contrast__severe,brightness_contrast,severe,D:\OASIS_2\distortions_128\brightness_contrast\severe\Very_Mild_Dementia\OAS2_0040\OAS2_0040_slice_06_z104.png,Very_Mild_Dementia/OAS2_0040/OAS2_0040_slice_06_z104.png,Very Mild Dementia/OAS2_0040/OAS2_0040_slice_06_z104.png,OAS2_0040,Very Mild Dementia,1,0,Non-Demented,0,1.8440989170704813,-1.8282228225301937,-1.2093373536486927,-0.6689192491156621
OASIS_2,LinearSVM,47,test,brightness_contrast__severe,brightness_contrast,severe,D:\OASIS_2\distortions_128\brightness_contrast\severe\Very_Mild_Dementia\OAS2_0040\OAS2_0040_slice_07_z109.png,Very_Mild_Dementia/OAS2_0040/OAS2_0040_slice_07_z109.png,Very Mild Dementia/OAS2_0040/OAS2_0040_slice_07_z109.png,OAS2_0040,Very Mild Dementia,1,0,Non-Demented,0,2.025196476510579,-1.864443566633623,-1.4810699015336768,-0.7744659626725823
OASIS_2,LinearSVM,47,test,brightness_contrast__severe,brightness_contrast,severe,D:\OASIS_2\distortions_128\brightness_contrast\severe\Very_Mild_Dementia\OAS2_0040\OAS2_0040_slice_08_z114.png,Very_Mild_Dementia/OAS2_0040/OAS2_0040_slice_08_z114.png,Very Mild Dementia/OAS2_0040/OAS2_0040_slice_08_z114.png,OAS2_0040,Very Mild Dementia,1,1,Very Mild Dementia,1,-5.416663511969916,3.0771067912125756,-1.3740534301280158,2.656980085531337
OASIS_2,LinearSVM,47,test,brightness_contrast__severe,brightness_contrast,severe,D:\OASIS_2\distortions_128\brightness_contrast\severe\Very_Mild_Dementia\OAS2_0040\OAS2_0040_slice_09_z120.png,Very_Mild_Dementia/OAS2_0040/OAS2_0040_slice_09_z120.png,Very Mild Dementia/OAS2_0040/OAS2_0040_slice_09_z120.png,OAS2_0040,Very Mild Dementia,1,0,Non-Demented,0,1.663098536642706,-1.3938934454661145,-0.9503667311309385,-1.4933901578070707
OASIS_2,LinearSVM,47,test,brightness_contrast__severe,brightness_contrast,severe,D:\OASIS_2\distortions_128\brightness_contrast\severe\Very_Mild_Dementia\OAS2_0040\OAS2_0040_slice_10_z125.png,Very_Mild_Dementia/OAS2_0040/OAS2_0040_slice_10_z125.png,Very Mild Dementia/OAS2_0040/OAS2_0040_slice_10_z125.png,OAS2_0040,Very Mild Dementia,1,0,Non-Demented,0,0.5432468138691111,-0.37831622956680067,-0.7677548365155117,-1.6328843024771138
OASIS_2,LinearSVM,47,test,brightness_contrast__severe,brightness_contrast,severe,D:\OASIS_2\distortions_128\brightness_contrast\severe\Very_Mild_Dementia\OAS2_0040\OAS2_0040_slice_11_z130.png,Very_Mild_Dementia/OAS2_0040/OAS2_0040_slice_11_z130.png,Very Mild Dementia/OAS2_0040/OAS2_0040_slice_11_z130.png,OAS2_0040,Very Mild Dementia,1,0,Non-Demented,0,1.6759130913315399,-0.43421959334805504,-1.830783429755598,-1.9283934627591681
OASIS_2,LinearSVM,47,test,brightness_contrast__severe,brightness_contrast,severe,D:\OASIS_2\distortions_128\brightness_contrast\severe\Very_Mild_Dementia\OAS2_0040\OAS2_0040_slice_12_z135.png,Very_Mild_Dementia/OAS2_0040/OAS2_0040_slice_12_z135.png,Very Mild Dementia/OAS2_0040/OAS2_0040_slice_12_z135.png,OAS2_0040,Very Mild Dementia,1,0,Non-Demented,0,1.8414534470319548,-1.5601359792385276,-1.1666050012509732,-1.5264967088924513
OASIS_2,LinearSVM,47,test,brightness_contrast__severe,brightness_contrast,severe,D:\OASIS_2\distortions_128\brightness_contrast\severe\Very_Mild_Dementia\OAS2_0040\OAS2_0040_slice_13_z141.png,Very_Mild_Dementia/OAS2_0040/OAS2_0040_slice_13_z141.png,Very Mild Dementia/OAS2_0040/OAS2_0040_slice_13_z141.png,OAS2_0040,Very Mild Dementia,1,1,Very Mild Dementia,1,-6.6790314826771375,3.445710810895776,-0.8312964122186414,2.979874686028654
OASIS_2,LinearSVM,47,test,brightness_contrast__severe,brightness_contrast,severe,D:\OASIS_2\distortions_128\brightness_contrast\severe\Very_Mild_Dementia\OAS2_0040\OAS2_0040_slice_14_z146.png,Very_Mild_Dementia/OAS2_0040/OAS2_0040_slice_14_z146.png,Very Mild Dementia/OAS2_0040/OAS2_0040_slice_14_z146.png,OAS2_0040,Very Mild Dementia,1,2,Mild Dementia,0,-0.5037387845808873,-0.041729814277491534,0.07921973515613312,-1.2704843061276652
OASIS_2,LinearSVM,47,test,brightness_contrast__severe,brightness_contrast,severe,D:\OASIS_2\distortions_128\brightness_contrast\severe\Very_Mild_Dementia\OAS2_0040\OAS2_0040_slice_15_z151.png,Very_Mild_Dementia/OAS2_0040/OAS2_0040_slice_15_z151.png,Very Mild Dementia/OAS2_0040/OAS2_0040_slice_15_z151.png,OAS2_0040,Very Mild Dementia,1,1,Very Mild Dementia,1,-7.434891800159484,4.464934111103117,-0.6480186307364483,2.8651440491423457
OASIS_2,LinearSVM,47,test,brightness_contrast__severe,brightness_contrast,severe,D:\OASIS_2\distortions_128\brightness_contrast\severe\Very_Mild_Dementia\OAS2_0040\OAS2_0040_slice_16_z157.png,Very_Mild_Dementia/OAS2_0040/OAS2_0040_slice_16_z157.png,Very Mild Dementia/OAS2_0040/OAS2_0040_slice_16_z157.png,OAS2_0040,Very Mild Dementia,1,1,Very Mild Dementia,1,-6.606571724044013,3.335797964863757,-0.32851341711406856,2.856095574778728
OASIS_2,LinearSVM,47,test,brightness_contrast__severe,brightness_contrast,severe,D:\OASIS_2\distortions_128\brightness_contrast\severe\Very_Mild_Dementia\OAS2_0040\OAS2_0040_slice_17_z162.png,Very_Mild_Dementia/OAS2_0040/OAS2_0040_slice_17_z162.png,Very Mild Dementia/OAS2_0040/OAS2_0040_slice_17_z162.png,OAS2_0040,Very Mild Dementia,1,1,Very Mild Dementia,1,-0.4201691944465963,-0.16744135538733554,-0.22998583555511365,-0.6470790435068557
OASIS_2,LinearSVM,47,test,brightness_contrast__severe,brightness_contrast,severe,D:\OASIS_2\distortions_128\brightness_contrast\severe\Very_Mild_Dementia\OAS2_0040\OAS2_0040_slice_18_z167.png,Very_Mild_Dementia/OAS2_0040/OAS2_0040_slice_18_z167.png,Very Mild Dementia/OAS2_0040/OAS2_0040_slice_18_z167.png,OAS2_0040,Very Mild Dementia,1,0,Non-Demented,0,0.7518666523489966,-0.33330593680298115,-1.1875089142715511,-1.450032935130386
OASIS_2,LinearSVM,47,test,brightness_contrast__severe,brightness_contrast,severe,D:\OASIS_2\distortions_128\brightness_contrast\severe\Very_Mild_Dementia\OAS2_0040\OAS2_0040_slice_19_z173.png,Very_Mild_Dementia/OAS2_0040/OAS2_0040_slice_19_z173.png,Very Mild Dementia/OAS2_0040/OAS2_0040_slice_19_z173.png,OAS2_0040,Very Mild Dementia,1,1,Very Mild Dementia,1,-0.9042241484202005,0.7532644209046911,-0.9610874648171205,-1.0986810237769362
OASIS_2,LinearSVM,47,test,brightness_contrast__severe,brightness_contrast,severe,D:\OASIS_2\distortions_128\brightness_contrast\severe\Very_Mild_Dementia\OAS2_0040\OAS2_0040_slice_20_z178.png,Very_Mild_Dementia/OAS2_0040/OAS2_0040_slice_20_z178.png,Very Mild Dementia/OAS2_0040/OAS2_0040_slice_20_z178.png,OAS2_0040,Very Mild Dementia,1,1,Very Mild Dementia,1,-0.2580343697079762,0.2684191141836657,-0.77817641240448,-1.5576564587771564
OASIS_2,LinearSVM,47,test,brightness_contrast__severe,brightness_contrast,severe,D:\OASIS_2\distortions_128\brightness_contrast\severe\Very_Mild_Dementia\OAS2_0098\OAS2_0098_slice_01_z077.png,Very_Mild_Dementia/OAS2_0098/OAS2_0098_slice_01_z077.png,Very Mild Dementia/OAS2_0098/OAS2_0098_slice_01_z077.png,OAS2_0098,Very Mild Dementia,1,0,Non-Demented,0,0.30167334228000264,-1.2618448484713634,-0.1923550724190205,-1.2601249670933434
OASIS_2,LinearSVM,47,test,brightness_contrast__severe,brightness_contrast,severe,D:\OASIS_2\distortions_128\brightness_contrast\severe\Very_Mild_Dementia\OAS2_0098\OAS2_0098_slice_02_z082.png,Very_Mild_Dementia/OAS2_0098/OAS2_0098_slice_02_z082.png,Very Mild Dementia/OAS2_0098/OAS2_0098_slice_02_z082.png,OAS2_0098,Very Mild Dementia,1,2,Mild Dementia,0,0.3714203211914545,-2.272788231904459,0.4985860306453552,-0.48057870213948206
OASIS_2,LinearSVM,47,test,brightness_contrast__severe,brightness_contrast,severe,D:\OASIS_2\distortions_128\brightness_contrast\severe\Very_Mild_Dementia\OAS2_0098\OAS2_0098_slice_03_z088.png,Very_Mild_Dementia/OAS2_0098/OAS2_0098_slice_03_z088.png,Very Mild Dementia/OAS2_0098/OAS2_0098_slice_03_z088.png,OAS2_0098,Very Mild Dementia,1,0,Non-Demented,0,0.2213655375971424,-0.3364281352586201,-0.6178332418488557,-1.967199298631126
OASIS_2,LinearSVM,47,test,brightness_contrast__severe,brightness_contrast,severe,D:\OASIS_2\distortions_128\brightness_contrast\severe\Very_Mild_Dementia\OAS2_0098\OAS2_0098_slice_04_z093.png,Very_Mild_Dementia/OAS2_0098/OAS2_0098_slice_04_z093.png,Very Mild Dementia/OAS2_0098/OAS2_0098_slice_04_z093.png,OAS2_0098,Very Mild Dementia,1,1,Very Mild Dementia,1,-0.6354055506415319,-0.16724370137901923,-0.39201870057741106,-1.1635901426843929
OASIS_2,LinearSVM,47,test,brightness_contrast__severe,brightness_contrast,severe,D:\OASIS_2\distortions_128\brightness_contrast\severe\Very_Mild_Dementia\OAS2_0098\OAS2_0098_slice_05_z098.png,Very_Mild_Dementia/OAS2_0098/OAS2_0098_slice_05_z098.png,Very Mild Dementia/OAS2_0098/OAS2_0098_slice_05_z098.png,OAS2_0098,Very Mild Dementia,1,0,Non-Demented,0,-0.17841717796352852,-0.2856814060888897,-0.36055361594139446,-1.589201002819842
OASIS_2,LinearSVM,47,test,brightness_contrast__severe,brightness_contrast,severe,D:\OASIS_2\distortions_128\brightness_contrast\severe\Very_Mild_Dementia\OAS2_0098\OAS2_0098_slice_06_z104.png,Very_Mild_Dementia/OAS2_0098/OAS2_0098_slice_06_z104.png,Very Mild Dementia/OAS2_0098/OAS2_0098_slice_06_z104.png,OAS2_0098,Very Mild Dementia,1,1,Very Mild Dementia,1,-0.6106462570634754,0.7545184407487008,-1.1000097759108218,-1.244288282355901
OASIS_2,LinearSVM,47,test,brightness_contrast__severe,brightness_contrast,severe,D:\OASIS_2\distortions_128\brightness_contrast\severe\Very_Mild_Dementia\OAS2_0098\OAS2_0098_slice_07_z109.png,Very_Mild_Dementia/OAS2_0098/OAS2_0098_slice_07_z109.png,Very Mild Dementia/OAS2_0098/OAS2_0098_slice_07_z109.png,OAS2_0098,Very Mild Dementia,1,1,Very Mild Dementia,1,-1.310189597990029,1.501311501062438,-1.3859384931073095,-1.07231330100989
OASIS_2,LinearSVM,47,test,brightness_contrast__severe,brightness_contrast,severe,D:\OASIS_2\distortions_128\brightness_contrast\severe\Very_Mild_Dementia\OAS2_0098\OAS2_0098_slice_08_z114.png,Very_Mild_Dementia/OAS2_0098/OAS2_0098_slice_08_z114.png,Very Mild Dementia/OAS2_0098/OAS2_0098_slice_08_z114.png,OAS2_0098,Very Mild Dementia,1,1,Very Mild Dementia,1,-6.301750136783873,3.77044658878918,-1.2173397166340827,3.108431308761865
OASIS_2,LinearSVM,47,test,brightness_contrast__severe,brightness_contrast,severe,D:\OASIS_2\distortions_128\brightness_contrast\severe\Very_Mild_Dementia\OAS2_0098\OAS2_0098_slice_09_z120.png,Very_Mild_Dementia/OAS2_0098/OAS2_0098_slice_09_z120.png,Very Mild Dementia/OAS2_0098/OAS2_0098_slice_09_z120.png,OAS2_0098,Very Mild Dementia,1,1,Very Mild Dementia,1,-0.2901337821256611,0.22539727642838772,-0.9104307692469822,-0.2432391278316437
OASIS_2,LinearSVM,47,test,brightness_contrast__severe,brightness_contrast,severe,D:\OASIS_2\distortions_128\brightness_contrast\severe\Very_Mild_Dementia\OAS2_0098\OAS2_0098_slice_10_z125.png,Very_Mild_Dementia/OAS2_0098/OAS2_0098_slice_10_z125.png,Very Mild Dementia/OAS2_0098/OAS2_0098_slice_10_z125.png,OAS2_0098,Very Mild Dementia,1,0,Non-Demented,0,-0.05087178815744246,-0.1957462350880856,-0.12256128903581998,-0.5339606640643995
OASIS_2,LinearSVM,47,test,brightness_contrast__severe,brightness_contrast,severe,D:\OASIS_2\distortions_128\brightness_contrast\severe\Very_Mild_Dementia\OAS2_0098\OAS2_0098_slice_11_z130.png,Very_Mild_Dementia/OAS2_0098/OAS2_0098_slice_11_z130.png,Very Mild Dementia/OAS2_0098/OAS2_0098_slice_11_z130.png,OAS2_0098,Very Mild Dementia,1,3,Moderate Dementia,0,-6.415307314665355,3.020774521832936,-0.5496302449117886,3.1814437700630873
OASIS_2,LinearSVM,47,test,brightness_contrast__severe,brightness_contrast,severe,D:\OASIS_2\distortions_128\brightness_contrast\severe\Very_Mild_Dementia\OAS2_0098\OAS2_0098_slice_12_z135.png,Very_Mild_Dementia/OAS2_0098/OAS2_0098_slice_12_z135.png,Very Mild Dementia/OAS2_0098/OAS2_0098_slice_12_z135.png,OAS2_0098,Very Mild Dementia,1,1,Very Mild Dementia,1,-0.2171266720512128,0.003735434406784005,-0.5068321821057793,-0.33952558776527186
OASIS_2,LinearSVM,47,test,brightness_contrast__severe,brightness_contrast,severe,D:\OASIS_2\distortions_128\brightness_contrast\severe\Very_Mild_Dementia\OAS2_0098\OAS2_0098_slice_13_z141.png,Very_Mild_Dementia/OAS2_0098/OAS2_0098_slice_13_z141.png,Very Mild Dementia/OAS2_0098/OAS2_0098_slice_13_z141.png,OAS2_0098,Very Mild Dementia,1,0,Non-Demented,0,1.6326092751552368,-0.6795061199472743,-1.4837176408879345,0.17932628811766893
OASIS_2,LinearSVM,47,test,brightness_contrast__severe,brightness_contrast,severe,D:\OASIS_2\distortions_128\brightness_contrast\severe\Very_Mild_Dementia\OAS2_0098\OAS2_0098_slice_14_z146.png,Very_Mild_Dementia/OAS2_0098/OAS2_0098_slice_14_z146.png,Very Mild Dementia/OAS2_0098/OAS2_0098_slice_14_z146.png,OAS2_0098,Very Mild Dementia,1,1,Very Mild Dementia,1,-7.038292302387283,4.089606918389094,-0.29395920972489875,3.1822439963668754
OASIS_2,LinearSVM,47,test,brightness_contrast__severe,brightness_contrast,severe,D:\OASIS_2\distortions_128\brightness_contrast\severe\Very_Mild_Dementia\OAS2_0098\OAS2_0098_slice_15_z151.png,Very_Mild_Dementia/OAS2_0098/OAS2_0098_slice_15_z151.png,Very Mild Dementia/OAS2_0098/OAS2_0098_slice_15_z151.png,OAS2_0098,Very Mild Dementia,1,1,Very Mild Dementia,1,0.1331364107584389,0.8688348399245823,-2.171413505693612,-1.0153448353475172
OASIS_2,LinearSVM,47,test,brightness_contrast__severe,brightness_contrast,severe,D:\OASIS_2\distortions_128\brightness_contrast\severe\Very_Mild_Dementia\OAS2_0098\OAS2_0098_slice_16_z157.png,Very_Mild_Dementia/OAS2_0098/OAS2_0098_slice_16_z157.png,Very Mild Dementia/OAS2_0098/OAS2_0098_slice_16_z157.png,OAS2_0098,Very Mild Dementia,1,1,Very Mild Dementia,1,-7.144322860024942,4.411216651684766,-1.1264831982453622,3.0976650023991463
OASIS_2,LinearSVM,47,test,brightness_contrast__severe,brightness_contrast,severe,D:\OASIS_2\distortions_128\brightness_contrast\severe\Very_Mild_Dementia\OAS2_0098\OAS2_0098_slice_17_z162.png,Very_Mild_Dementia/OAS2_0098/OAS2_0098_slice_17_z162.png,Very Mild Dementia/OAS2_0098/OAS2_0098_slice_17_z162.png,OAS2_0098,Very Mild Dementia,1,1,Very Mild Dementia,1,0.023009766516416116,0.35289134039949144,-1.1079779761771191,-1.6600337617243497
OASIS_2,LinearSVM,47,test,brightness_contrast__severe,brightness_contrast,severe,D:\OASIS_2\distortions_128\brightness_contrast\severe\Very_Mild_Dementia\OAS2_0098\OAS2_0098_slice_18_z167.png,Very_Mild_Dementia/OAS2_0098/OAS2_0098_slice_18_z167.png,Very Mild Dementia/OAS2_0098/OAS2_0098_slice_18_z167.png,OAS2_0098,Very Mild Dementia,1,3,Moderate Dementia,0,-6.5936223795276545,2.7268900957725593,-0.16875388872883723,2.852360025657264
OASIS_2,LinearSVM,47,test,brightness_contrast__severe,brightness_contrast,severe,D:\OASIS_2\distortions_128\brightness_contrast\severe\Very_Mild_Dementia\OAS2_0098\OAS2_0098_slice_19_z173.png,Very_Mild_Dementia/OAS2_0098/OAS2_0098_slice_19_z173.png,Very Mild Dementia/OAS2_0098/OAS2_0098_slice_19_z173.png,OAS2_0098,Very Mild Dementia,1,0,Non-Demented,0,1.7258185709377487,-0.9039774910314061,-1.330141786933552,-2.0703656171977016
OASIS_2,LinearSVM,47,test,brightness_contrast__severe,brightness_contrast,severe,D:\OASIS_2\distortions_128\brightness_contrast\severe\Very_Mild_Dementia\OAS2_0098\OAS2_0098_slice_20_z178.png,Very_Mild_Dementia/OAS2_0098/OAS2_0098_slice_20_z178.png,Very Mild Dementia/OAS2_0098/OAS2_0098_slice_20_z178.png,OAS2_0098,Very Mild Dementia,1,1,Very Mild Dementia,1,0.33628217972539554,0.5162771833443136,-1.9319434997859806,-0.9777515651779815
OASIS_2,LinearSVM,47,test,brightness_contrast__severe,brightness_contrast,severe,D:\OASIS_2\distortions_128\brightness_contrast\severe\Very_Mild_Dementia\OAS2_0102\OAS2_0102_slice_01_z077.png,Very_Mild_Dementia/OAS2_0102/OAS2_0102_slice_01_z077.png,Very Mild Dementia/OAS2_0102/OAS2_0102_slice_01_z077.png,OAS2_0102,Very Mild Dementia,1,1,Very Mild Dementia,1,-7.933204186289291,4.079735208679604,0.055015304051594716,2.581095453759897
OASIS_2,LinearSVM,47,test,brightness_contrast__severe,brightness_contrast,severe,D:\OASIS_2\distortions_128\brightness_contrast\severe\Very_Mild_Dementia\OAS2_0102\OAS2_0102_slice_02_z082.png,Very_Mild_Dementia/OAS2_0102/OAS2_0102_slice_02_z082.png,Very Mild Dementia/OAS2_0102/OAS2_0102_slice_02_z082.png,OAS2_0102,Very Mild Dementia,1,1,Very Mild Dementia,1,-1.85130694208514,0.919110283580971,0.26504681757218995,-1.5215100694336543
OASIS_2,LinearSVM,47,test,brightness_contrast__severe,brightness_contrast,severe,D:\OASIS_2\distortions_128\brightness_contrast\severe\Very_Mild_Dementia\OAS2_0102\OAS2_0102_slice_03_z088.png,Very_Mild_Dementia/OAS2_0102/OAS2_0102_slice_03_z088.png,Very Mild Dementia/OAS2_0102/OAS2_0102_slice_03_z088.png,OAS2_0102,Very Mild Dementia,1,2,Mild Dementia,0,-1.0993786866771031,0.13050233682678405,0.28335801650038106,-1.538504743753872
OASIS_2,LinearSVM,47,test,brightness_contrast__severe,brightness_contrast,severe,D:\OASIS_2\distortions_128\brightness_contrast\severe\Very_Mild_Dementia\OAS2_0102\OAS2_0102_slice_04_z093.png,Very_Mild_Dementia/OAS2_0102/OAS2_0102_slice_04_z093.png,Very Mild Dementia/OAS2_0102/OAS2_0102_slice_04_z093.png,OAS2_0102,Very Mild Dementia,1,1,Very Mild Dementia,1,-7.204130679716365,3.6953783230169766,-0.04875850707103557,2.6070323849304846
OASIS_2,LinearSVM,47,test,brightness_contrast__severe,brightness_contrast,severe,D:\OASIS_2\distortions_128\brightness_contrast\severe\Very_Mild_Dementia\OAS2_0102\OAS2_0102_slice_05_z098.png,Very_Mild_Dementia/OAS2_0102/OAS2_0102_slice_05_z098.png,Very Mild Dementia/OAS2_0102/OAS2_0102_slice_05_z098.png,OAS2_0102,Very Mild Dementia,1,1,Very Mild Dementia,1,-0.15873433999841172,-0.08953234592926046,-0.41873851495617703,-1.2827383329087878
OASIS_2,LinearSVM,47,test,brightness_contrast__severe,brightness_contrast,severe,D:\OASIS_2\distortions_128\brightness_contrast\severe\Very_Mild_Dementia\OAS2_0102\OAS2_0102_slice_06_z104.png,Very_Mild_Dementia/OAS2_0102/OAS2_0102_slice_06_z104.png,Very Mild Dementia/OAS2_0102/OAS2_0102_slice_06_z104.png,OAS2_0102,Very Mild Dementia,1,2,Mild Dementia,0,-1.0716332676018312,0.05902762724376184,0.15912703333670275,-1.6738479767434513
OASIS_2,LinearSVM,47,test,brightness_contrast__severe,brightness_contrast,severe,D:\OASIS_2\distortions_128\brightness_contrast\severe\Very_Mild_Dementia\OAS2_0102\OAS2_0102_slice_07_z109.png,Very_Mild_Dementia/OAS2_0102/OAS2_0102_slice_07_z109.png,Very Mild Dementia/OAS2_0102/OAS2_0102_slice_07_z109.png,OAS2_0102,Very Mild Dementia,1,2,Mild Dementia,0,-1.5487852244592895,0.05212162292391151,0.4419702036540959,-1.7220784480622326
OASIS_2,LinearSVM,47,test,brightness_contrast__severe,brightness_contrast,severe,D:\OASIS_2\distortions_128\brightness_contrast\severe\Very_Mild_Dementia\OAS2_0102\OAS2_0102_slice_08_z114.png,Very_Mild_Dementia/OAS2_0102/OAS2_0102_slice_08_z114.png,Very Mild Dementia/OAS2_0102/OAS2_0102_slice_08_z114.png,OAS2_0102,Very Mild Dementia,1,1,Very Mild Dementia,1,-8.040419228278413,4.130125824992341,0.14496035573698995,2.7038995711979026
OASIS_2,LinearSVM,47,test,brightness_contrast__severe,brightness_contrast,severe,D:\OASIS_2\distortions_128\brightness_contrast\severe\Very_Mild_Dementia\OAS2_0102\OAS2_0102_slice_09_z120.png,Very_Mild_Dementia/OAS2_0102/OAS2_0102_slice_09_z120.png,Very Mild Dementia/OAS2_0102/OAS2_0102_slice_09_z120.png,OAS2_0102,Very Mild Dementia,1,2,Mild Dementia,0,-0.8453042073532693,-0.911866879832188,0.7534447235755345,-1.5415938188796572
OASIS_2,LinearSVM,47,test,brightness_contrast__severe,brightness_contrast,severe,D:\OASIS_2\distortions_128\brightness_contrast\severe\Very_Mild_Dementia\OAS2_0102\OAS2_0102_slice_10_z125.png,Very_Mild_Dementia/OAS2_0102/OAS2_0102_slice_10_z125.png,Very Mild Dementia/OAS2_0102/OAS2_0102_slice_10_z125.png,OAS2_0102,Very Mild Dementia,1,0,Non-Demented,0,0.07709609910192317,-0.33706573772000736,-0.6632446023422993,-1.4778618253922033
OASIS_2,LinearSVM,47,test,brightness_contrast__severe,brightness_contrast,severe,D:\OASIS_2\distortions_128\brightness_contrast\severe\Very_Mild_Dementia\OAS2_0102\OAS2_0102_slice_11_z130.png,Very_Mild_Dementia/OAS2_0102/OAS2_0102_slice_11_z130.png,Very Mild Dementia/OAS2_0102/OAS2_0102_slice_11_z130.png,OAS2_0102,Very Mild Dementia,1,1,Very Mild Dementia,1,-1.2434216491331433,0.4010733525778669,-0.22384467538499586,-1.0661556946444954
OASIS_2,LinearSVM,47,test,brightness_contrast__severe,brightness_contrast,severe,D:\OASIS_2\distortions_128\brightness_contrast\severe\Very_Mild_Dementia\OAS2_0102\OAS2_0102_slice_12_z135.png,Very_Mild_Dementia/OAS2_0102/OAS2_0102_slice_12_z135.png,Very Mild Dementia/OAS2_0102/OAS2_0102_slice_12_z135.png,OAS2_0102,Very Mild Dementia,1,1,Very Mild Dementia,1,-1.5041645228871232,0.49568830361909333,-0.32562753433699876,-0.969722683796928
OASIS_2,LinearSVM,47,test,brightness_contrast__severe,brightness_contrast,severe,D:\OASIS_2\distortions_128\brightness_contrast\severe\Very_Mild_Dementia\OAS2_0102\OAS2_0102_slice_13_z141.png,Very_Mild_Dementia/OAS2_0102/OAS2_0102_slice_13_z141.png,Very Mild Dementia/OAS2_0102/OAS2_0102_slice_13_z141.png,OAS2_0102,Very Mild Dementia,1,1,Very Mild Dementia,1,-7.4012748676215825,3.998702147847937,-0.7417414890825559,2.9388288190699807
OASIS_2,LinearSVM,47,test,brightness_contrast__severe,brightness_contrast,severe,D:\OASIS_2\distortions_128\brightness_contrast\severe\Very_Mild_Dementia\OAS2_0102\OAS2_0102_slice_14_z146.png,Very_Mild_Dementia/OAS2_0102/OAS2_0102_slice_14_z146.png,Very Mild Dementia/OAS2_0102/OAS2_0102_slice_14_z146.png,OAS2_0102,Very Mild Dementia,1,1,Very Mild Dementia,1,-6.087270662292689,2.952691735176786,-0.6849627126176995,2.7617534681769844
OASIS_2,LinearSVM,47,test,brightness_contrast__severe,brightness_contrast,severe,D:\OASIS_2\distortions_128\brightness_contrast\severe\Very_Mild_Dementia\OAS2_0102\OAS2_0102_slice_15_z151.png,Very_Mild_Dementia/OAS2_0102/OAS2_0102_slice_15_z151.png,Very Mild Dementia/OAS2_0102/OAS2_0102_slice_15_z151.png,OAS2_0102,Very Mild Dementia,1,0,Non-Demented,0,0.4096825670896301,-0.017217739570074414,-1.1440908679709425,-1.1881198482296003
OASIS_2,LinearSVM,47,test,brightness_contrast__severe,brightness_contrast,severe,D:\OASIS_2\distortions_128\brightness_contrast\severe\Very_Mild_Dementia\OAS2_0102\OAS2_0102_slice_16_z157.png,Very_Mild_Dementia/OAS2_0102/OAS2_0102_slice_16_z157.png,Very Mild Dementia/OAS2_0102/OAS2_0102_slice_16_z157.png,OAS2_0102,Very Mild Dementia,1,1,Very Mild Dementia,1,-1.0033447335302201,0.37277264133907184,-0.3482513512811904,-1.7238536764583055
OASIS_2,LinearSVM,47,test,brightness_contrast__severe,brightness_contrast,severe,D:\OASIS_2\distortions_128\brightness_contrast\severe\Very_Mild_Dementia\OAS2_0102\OAS2_0102_slice_17_z162.png,Very_Mild_Dementia/OAS2_0102/OAS2_0102_slice_17_z162.png,Very Mild Dementia/OAS2_0102/OAS2_0102_slice_17_z162.png,OAS2_0102,Very Mild Dementia,1,0,Non-Demented,0,0.7824929492150967,-0.8817235827545982,-0.6406822783544321,-1.5256071802763065
OASIS_2,LinearSVM,47,test,brightness_contrast__severe,brightness_contrast,severe,D:\OASIS_2\distortions_128\brightness_contrast\severe\Very_Mild_Dementia\OAS2_0102\OAS2_0102_slice_18_z167.png,Very_Mild_Dementia/OAS2_0102/OAS2_0102_slice_18_z167.png,Very Mild Dementia/OAS2_0102/OAS2_0102_slice_18_z167.png,OAS2_0102,Very Mild Dementia,1,1,Very Mild Dementia,1,-0.4714420309463671,-0.08882880880560606,-0.3307652035477186,-1.0776540706126991
OASIS_2,LinearSVM,47,test,brightness_contrast__severe,brightness_contrast,severe,D:\OASIS_2\distortions_128\brightness_contrast\severe\Very_Mild_Dementia\OAS2_0102\OAS2_0102_slice_19_z173.png,Very_Mild_Dementia/OAS2_0102/OAS2_0102_slice_19_z173.png,Very Mild Dementia/OAS2_0102/OAS2_0102_slice_19_z173.png,OAS2_0102,Very Mild Dementia,1,0,Non-Demented,0,0.5830664590193865,-0.31958789957859557,-1.2001270428359878,-1.385719286785333
OASIS_2,LinearSVM,47,test,brightness_contrast__severe,brightness_contrast,severe,D:\OASIS_2\distortions_128\brightness_contrast\severe\Very_Mild_Dementia\OAS2_0102\OAS2_0102_slice_20_z178.png,Very_Mild_Dementia/OAS2_0102/OAS2_0102_slice_20_z178.png,Very Mild Dementia/OAS2_0102/OAS2_0102_slice_20_z178.png,OAS2_0102,Very Mild Dementia,1,1,Very Mild Dementia,1,-7.169463515127625,3.8291986319808347,-0.7055868231507451,2.804762411194937
OASIS_2,LinearSVM,47,test,brightness_contrast__severe,brightness_contrast,severe,D:\OASIS_2\distortions_128\brightness_contrast\severe\Very_Mild_Dementia\OAS2_0103\OAS2_0103_slice_01_z077.png,Very_Mild_Dementia/OAS2_0103/OAS2_0103_slice_01_z077.png,Very Mild Dementia/OAS2_0103/OAS2_0103_slice_01_z077.png,OAS2_0103,Very Mild Dementia,1,3,Moderate Dementia,0,-5.795008819935642,2.599526003926232,-0.5100891539525988,2.8259334249280186
OASIS_2,LinearSVM,47,test,brightness_contrast__severe,brightness_contrast,severe,D:\OASIS_2\distortions_128\brightness_contrast\severe\Very_Mild_Dementia\OAS2_0103\OAS2_0103_slice_02_z082.png,Very_Mild_Dementia/OAS2_0103/OAS2_0103_slice_02_z082.png,Very Mild Dementia/OAS2_0103/OAS2_0103_slice_02_z082.png,OAS2_0103,Very Mild Dementia,1,0,Non-Demented,0,0.1291922833404658,-0.3919207332730418,-0.49656608086744214,-0.6409719993419072
OASIS_2,LinearSVM,47,test,brightness_contrast__severe,brightness_contrast,severe,D:\OASIS_2\distortions_128\brightness_contrast\severe\Very_Mild_Dementia\OAS2_0103\OAS2_0103_slice_03_z088.png,Very_Mild_Dementia/OAS2_0103/OAS2_0103_slice_03_z088.png,Very Mild Dementia/OAS2_0103/OAS2_0103_slice_03_z088.png,OAS2_0103,Very Mild Dementia,1,3,Moderate Dementia,0,-5.992293837862702,2.830552358413754,-0.7150023311268007,2.8906984624847674
OASIS_2,LinearSVM,47,test,brightness_contrast__severe,brightness_contrast,severe,D:\OASIS_2\distortions_128\brightness_contrast\severe\Very_Mild_Dementia\OAS2_0103\OAS2_0103_slice_04_z093.png,Very_Mild_Dementia/OAS2_0103/OAS2_0103_slice_04_z093.png,Very Mild Dementia/OAS2_0103/OAS2_0103_slice_04_z093.png,OAS2_0103,Very Mild Dementia,1,2,Mild Dementia,0,-0.9427526888873665,-0.8197155808571254,1.1332214839700603,-1.2292468521677602
OASIS_2,LinearSVM,47,test,brightness_contrast__severe,brightness_contrast,severe,D:\OASIS_2\distortions_128\brightness_contrast\severe\Very_Mild_Dementia\OAS2_0103\OAS2_0103_slice_05_z098.png,Very_Mild_Dementia/OAS2_0103/OAS2_0103_slice_05_z098.png,Very Mild Dementia/OAS2_0103/OAS2_0103_slice_05_z098.png,OAS2_0103,Very Mild Dementia,1,0,Non-Demented,0,1.5023297528413768,-1.3700896172264094,-0.6673754644648153,-1.7373007989451703
OASIS_2,LinearSVM,47,test,brightness_contrast__severe,brightness_contrast,severe,D:\OASIS_2\distortions_128\brightness_contrast\severe\Very_Mild_Dementia\OAS2_0103\OAS2_0103_slice_06_z104.png,Very_Mild_Dementia/OAS2_0103/OAS2_0103_slice_06_z104.png,Very Mild Dementia/OAS2_0103/OAS2_0103_slice_06_z104.png,OAS2_0103,Very Mild Dementia,1,1,Very Mild Dementia,1,-0.22551941884480745,-0.04865491831763083,-0.6523694394401492,-1.0974436387803586
OASIS_2,LinearSVM,47,test,brightness_contrast__severe,brightness_contrast,severe,D:\OASIS_2\distortions_128\brightness_contrast\severe\Very_Mild_Dementia\OAS2_0103\OAS2_0103_slice_07_z109.png,Very_Mild_Dementia/OAS2_0103/OAS2_0103_slice_07_z109.png,Very Mild Dementia/OAS2_0103/OAS2_0103_slice_07_z109.png,OAS2_0103,Very Mild Dementia,1,2,Mild Dementia,0,-0.6535069035063962,-0.20936382000438053,-0.16663717303097558,-1.1691180335376432
OASIS_2,LinearSVM,47,test,brightness_contrast__severe,brightness_contrast,severe,D:\OASIS_2\distortions_128\brightness_contrast\severe\Very_Mild_Dementia\OAS2_0103\OAS2_0103_slice_08_z114.png,Very_Mild_Dementia/OAS2_0103/OAS2_0103_slice_08_z114.png,Very Mild Dementia/OAS2_0103/OAS2_0103_slice_08_z114.png,OAS2_0103,Very Mild Dementia,1,0,Non-Demented,0,0.5622530652769542,-0.9401576881403713,-0.862539693797661,-0.9448079766373232
OASIS_2,LinearSVM,47,test,brightness_contrast__severe,brightness_contrast,severe,D:\OASIS_2\distortions_128\brightness_contrast\severe\Very_Mild_Dementia\OAS2_0103\OAS2_0103_slice_09_z120.png,Very_Mild_Dementia/OAS2_0103/OAS2_0103_slice_09_z120.png,Very Mild Dementia/OAS2_0103/OAS2_0103_slice_09_z120.png,OAS2_0103,Very Mild Dementia,1,0,Non-Demented,0,0.3892463314002303,0.3844226220914846,-1.7661305753144636,-1.676116615039228
OASIS_2,LinearSVM,47,test,brightness_contrast__severe,brightness_contrast,severe,D:\OASIS_2\distortions_128\brightness_contrast\severe\Very_Mild_Dementia\OAS2_0103\OAS2_0103_slice_10_z125.png,Very_Mild_Dementia/OAS2_0103/OAS2_0103_slice_10_z125.png,Very Mild Dementia/OAS2_0103/OAS2_0103_slice_10_z125.png,OAS2_0103,Very Mild Dementia,1,0,Non-Demented,0,0.21060120417986603,-0.09854145900184477,-1.154425782805984,-1.1076976174741235
OASIS_2,LinearSVM,47,test,brightness_contrast__severe,brightness_contrast,severe,D:\OASIS_2\distortions_128\brightness_contrast\severe\Very_Mild_Dementia\OAS2_0103\OAS2_0103_slice_11_z130.png,Very_Mild_Dementia/OAS2_0103/OAS2_0103_slice_11_z130.png,Very Mild Dementia/OAS2_0103/OAS2_0103_slice_11_z130.png,OAS2_0103,Very Mild Dementia,1,0,Non-Demented,0,0.27643751281222584,0.08691949116003492,-1.2903789194060509,-1.4312931012774999
OASIS_2,LinearSVM,47,test,brightness_contrast__severe,brightness_contrast,severe,D:\OASIS_2\distortions_128\brightness_contrast\severe\Very_Mild_Dementia\OAS2_0103\OAS2_0103_slice_12_z135.png,Very_Mild_Dementia/OAS2_0103/OAS2_0103_slice_12_z135.png,Very Mild Dementia/OAS2_0103/OAS2_0103_slice_12_z135.png,OAS2_0103,Very Mild Dementia,1,0,Non-Demented,0,0.04719488371598703,-0.6863011216982831,-0.03552807527365187,-1.3559356649994956
OASIS_2,LinearSVM,47,test,brightness_contrast__severe,brightness_contrast,severe,D:\OASIS_2\distortions_128\brightness_contrast\severe\Very_Mild_Dementia\OAS2_0103\OAS2_0103_slice_13_z141.png,Very_Mild_Dementia/OAS2_0103/OAS2_0103_slice_13_z141.png,Very Mild Dementia/OAS2_0103/OAS2_0103_slice_13_z141.png,OAS2_0103,Very Mild Dementia,1,0,Non-Demented,0,0.5139351088637532,-0.8391532414952362,-0.7059594284558613,-1.2484987648978494
OASIS_2,LinearSVM,47,test,brightness_contrast__severe,brightness_contrast,severe,D:\OASIS_2\distortions_128\brightness_contrast\severe\Very_Mild_Dementia\OAS2_0103\OAS2_0103_slice_14_z146.png,Very_Mild_Dementia/OAS2_0103/OAS2_0103_slice_14_z146.png,Very Mild Dementia/OAS2_0103/OAS2_0103_slice_14_z146.png,OAS2_0103,Very Mild Dementia,1,0,Non-Demented,0,0.7061587204484573,-0.7117573189588543,-0.6151144104986975,-0.862406629625458
OASIS_2,LinearSVM,47,test,brightness_contrast__severe,brightness_contrast,severe,D:\OASIS_2\distortions_128\brightness_contrast\severe\Very_Mild_Dementia\OAS2_0103\OAS2_0103_slice_15_z151.png,Very_Mild_Dementia/OAS2_0103/OAS2_0103_slice_15_z151.png,Very Mild Dementia/OAS2_0103/OAS2_0103_slice_15_z151.png,OAS2_0103,Very Mild Dementia,1,1,Very Mild Dementia,1,-6.4732520680975245,3.268427473208211,-0.6902951754458732,2.87352870956815
OASIS_2,LinearSVM,47,test,brightness_contrast__severe,brightness_contrast,severe,D:\OASIS_2\distortions_128\brightness_contrast\severe\Very_Mild_Dementia\OAS2_0103\OAS2_0103_slice_16_z157.png,Very_Mild_Dementia/OAS2_0103/OAS2_0103_slice_16_z157.png,Very Mild Dementia/OAS2_0103/OAS2_0103_slice_16_z157.png,OAS2_0103,Very Mild Dementia,1,1,Very Mild Dementia,1,-0.2607594079878207,0.13105530080048308,-0.7359267461859267,-1.2081774701218877
OASIS_2,LinearSVM,47,test,brightness_contrast__severe,brightness_contrast,severe,D:\OASIS_2\distortions_128\brightness_contrast\severe\Very_Mild_Dementia\OAS2_0103\OAS2_0103_slice_17_z162.png,Very_Mild_Dementia/OAS2_0103/OAS2_0103_slice_17_z162.png,Very Mild Dementia/OAS2_0103/OAS2_0103_slice_17_z162.png,OAS2_0103,Very Mild Dementia,1,0,Non-Demented,0,0.34224413416262106,0.18601798111424125,-1.1019184992531388,-1.0724423825881384
OASIS_2,LinearSVM,47,test,brightness_contrast__severe,brightness_contrast,severe,D:\OASIS_2\distortions_128\brightness_contrast\severe\Very_Mild_Dementia\OAS2_0103\OAS2_0103_slice_18_z167.png,Very_Mild_Dementia/OAS2_0103/OAS2_0103_slice_18_z167.png,Very Mild Dementia/OAS2_0103/OAS2_0103_slice_18_z167.png,OAS2_0103,Very Mild Dementia,1,1,Very Mild Dementia,1,-6.674286083004856,3.6255849010525796,-0.45172737054730294,2.5170362288771013
OASIS_2,LinearSVM,47,test,brightness_contrast__severe,brightness_contrast,severe,D:\OASIS_2\distortions_128\brightness_contrast\severe\Very_Mild_Dementia\OAS2_0103\OAS2_0103_slice_19_z173.png,Very_Mild_Dementia/OAS2_0103/OAS2_0103_slice_19_z173.png,Very Mild Dementia/OAS2_0103/OAS2_0103_slice_19_z173.png,OAS2_0103,Very Mild Dementia,1,1,Very Mild Dementia,1,-0.4376592150189615,0.5108043232445882,-0.6339017860362726,-1.8081877552084293
OASIS_2,LinearSVM,47,test,brightness_contrast__severe,brightness_contrast,severe,D:\OASIS_2\distortions_128\brightness_contrast\severe\Very_Mild_Dementia\OAS2_0103\OAS2_0103_slice_20_z178.png,Very_Mild_Dementia/OAS2_0103/OAS2_0103_slice_20_z178.png,Very Mild Dementia/OAS2_0103/OAS2_0103_slice_20_z178.png,OAS2_0103,Very Mild Dementia,1,2,Mild Dementia,0,-0.792977434142354,-0.4044465861188451,-0.3797321114103161,-0.5922523823394316
OASIS_2,LinearSVM,47,test,brightness_contrast__severe,brightness_contrast,severe,D:\OASIS_2\distortions_128\brightness_contrast\severe\Very_Mild_Dementia\OAS2_0176\OAS2_0176_slice_01_z077.png,Very_Mild_Dementia/OAS2_0176/OAS2_0176_slice_01_z077.png,Very Mild Dementia/OAS2_0176/OAS2_0176_slice_01_z077.png,OAS2_0176,Very Mild Dementia,1,1,Very Mild Dementia,1,-8.876798735986085,3.692833060952955,1.0511918877061923,3.34388321340353
OASIS_2,LinearSVM,47,test,brightness_contrast__severe,brightness_contrast,severe,D:\OASIS_2\distortions_128\brightness_contrast\severe\Very_Mild_Dementia\OAS2_0176\OAS2_0176_slice_02_z082.png,Very_Mild_Dementia/OAS2_0176/OAS2_0176_slice_02_z082.png,Very Mild Dementia/OAS2_0176/OAS2_0176_slice_02_z082.png,OAS2_0176,Very Mild Dementia,1,1,Very Mild Dementia,1,-8.383661667239654,3.743097839558088,0.26975057683513326,3.5162640720775182
OASIS_2,LinearSVM,47,test,brightness_contrast__severe,brightness_contrast,severe,D:\OASIS_2\distortions_128\brightness_contrast\severe\Very_Mild_Dementia\OAS2_0176\OAS2_0176_slice_03_z088.png,Very_Mild_Dementia/OAS2_0176/OAS2_0176_slice_03_z088.png,Very Mild Dementia/OAS2_0176/OAS2_0176_slice_03_z088.png,OAS2_0176,Very Mild Dementia,1,1,Very Mild Dementia,1,-7.350103212395543,3.148040040026617,0.2788095651132948,3.1083338807533996
OASIS_2,LinearSVM,47,test,brightness_contrast__severe,brightness_contrast,severe,D:\OASIS_2\distortions_128\brightness_contrast\severe\Very_Mild_Dementia\OAS2_0176\OAS2_0176_slice_04_z093.png,Very_Mild_Dementia/OAS2_0176/OAS2_0176_slice_04_z093.png,Very Mild Dementia/OAS2_0176/OAS2_0176_slice_04_z093.png,OAS2_0176,Very Mild Dementia,1,2,Mild Dementia,0,-2.1960269441384277,-1.3017169262065733,2.170115402243544,0.056417433909533354
OASIS_2,LinearSVM,47,test,brightness_contrast__severe,brightness_contrast,severe,D:\OASIS_2\distortions_128\brightness_contrast\severe\Very_Mild_Dementia\OAS2_0176\OAS2_0176_slice_05_z098.png,Very_Mild_Dementia/OAS2_0176/OAS2_0176_slice_05_z098.png,Very Mild Dementia/OAS2_0176/OAS2_0176_slice_05_z098.png,OAS2_0176,Very Mild Dementia,1,2,Mild Dementia,0,-1.5100105995756883,-0.06566827658646132,1.0662939251883325,-1.9590605935932723
OASIS_2,LinearSVM,47,test,brightness_contrast__severe,brightness_contrast,severe,D:\OASIS_2\distortions_128\brightness_contrast\severe\Very_Mild_Dementia\OAS2_0176\OAS2_0176_slice_06_z104.png,Very_Mild_Dementia/OAS2_0176/OAS2_0176_slice_06_z104.png,Very Mild Dementia/OAS2_0176/OAS2_0176_slice_06_z104.png,OAS2_0176,Very Mild Dementia,1,1,Very Mild Dementia,1,-6.877867241812329,3.662228767439888,-0.8256430268408578,3.53717902086171
OASIS_2,LinearSVM,47,test,brightness_contrast__severe,brightness_contrast,severe,D:\OASIS_2\distortions_128\brightness_contrast\severe\Very_Mild_Dementia\OAS2_0176\OAS2_0176_slice_07_z109.png,Very_Mild_Dementia/OAS2_0176/OAS2_0176_slice_07_z109.png,Very Mild Dementia/OAS2_0176/OAS2_0176_slice_07_z109.png,OAS2_0176,Very Mild Dementia,1,2,Mild Dementia,0,-1.4323468105804986,-0.20613846590381193,1.5363847625053157,-0.5121378825931406
OASIS_2,LinearSVM,47,test,brightness_contrast__severe,brightness_contrast,severe,D:\OASIS_2\distortions_128\brightness_contrast\severe\Very_Mild_Dementia\OAS2_0176\OAS2_0176_slice_08_z114.png,Very_Mild_Dementia/OAS2_0176/OAS2_0176_slice_08_z114.png,Very Mild Dementia/OAS2_0176/OAS2_0176_slice_08_z114.png,OAS2_0176,Very Mild Dementia,1,0,Non-Demented,0,0.9133837323742725,0.6806559092757187,-1.6859417399902918,-1.6113014273390514
OASIS_2,LinearSVM,47,test,brightness_contrast__severe,brightness_contrast,severe,D:\OASIS_2\distortions_128\brightness_contrast\severe\Very_Mild_Dementia\OAS2_0176\OAS2_0176_slice_09_z120.png,Very_Mild_Dementia/OAS2_0176/OAS2_0176_slice_09_z120.png,Very Mild Dementia/OAS2_0176/OAS2_0176_slice_09_z120.png,OAS2_0176,Very Mild Dementia,1,3,Moderate Dementia,0,-5.538053006223595,2.4907614524303243,-0.513738183452141,2.9769941627424545
OASIS_2,LinearSVM,47,test,brightness_contrast__severe,brightness_contrast,severe,D:\OASIS_2\distortions_128\brightness_contrast\severe\Very_Mild_Dementia\OAS2_0176\OAS2_0176_slice_10_z125.png,Very_Mild_Dementia/OAS2_0176/OAS2_0176_slice_10_z125.png,Very Mild Dementia/OAS2_0176/OAS2_0176_slice_10_z125.png,OAS2_0176,Very Mild Dementia,1,2,Mild Dementia,0,-0.3825907438635496,-2.3171054882183686,1.843844484938486,-0.5659548325134705
OASIS_2,LinearSVM,47,test,brightness_contrast__severe,brightness_contrast,severe,D:\OASIS_2\distortions_128\brightness_contrast\severe\Very_Mild_Dementia\OAS2_0176\OAS2_0176_slice_11_z130.png,Very_Mild_Dementia/OAS2_0176/OAS2_0176_slice_11_z130.png,Very Mild Dementia/OAS2_0176/OAS2_0176_slice_11_z130.png,OAS2_0176,Very Mild Dementia,1,2,Mild Dementia,0,-0.9743557719392604,-0.17714443855038303,0.07463160000540703,-0.4963203801288737
OASIS_2,LinearSVM,47,test,brightness_contrast__severe,brightness_contrast,severe,D:\OASIS_2\distortions_128\brightness_contrast\severe\Very_Mild_Dementia\OAS2_0176\OAS2_0176_slice_12_z135.png,Very_Mild_Dementia/OAS2_0176/OAS2_0176_slice_12_z135.png,Very Mild Dementia/OAS2_0176/OAS2_0176_slice_12_z135.png,OAS2_0176,Very Mild Dementia,1,3,Moderate Dementia,0,-0.24279666289890095,-0.8351299540517222,-0.4098870885588307,0.02830361645482493
OASIS_2,LinearSVM,47,test,brightness_contrast__severe,brightness_contrast,severe,D:\OASIS_2\distortions_128\brightness_contrast\severe\Very_Mild_Dementia\OAS2_0176\OAS2_0176_slice_13_z141.png,Very_Mild_Dementia/OAS2_0176/OAS2_0176_slice_13_z141.png,Very Mild Dementia/OAS2_0176/OAS2_0176_slice_13_z141.png,OAS2_0176,Very Mild Dementia,1,0,Non-Demented,0,2.6242189828009566,-1.4546425194074322,-1.3227396221588847,-1.3942782432679026
OASIS_2,LinearSVM,47,test,brightness_contrast__severe,brightness_contrast,severe,D:\OASIS_2\distortions_128\brightness_contrast\severe\Very_Mild_Dementia\OAS2_0176\OAS2_0176_slice_14_z146.png,Very_Mild_Dementia/OAS2_0176/OAS2_0176_slice_14_z146.png,Very Mild Dementia/OAS2_0176/OAS2_0176_slice_14_z146.png,OAS2_0176,Very Mild Dementia,1,0,Non-Demented,0,2.164832707678225,-1.3965373793922988,-1.1738979477068998,-1.4020678978856955
OASIS_2,LinearSVM,47,test,brightness_contrast__severe,brightness_contrast,severe,D:\OASIS_2\distortions_128\brightness_contrast\severe\Very_Mild_Dementia\OAS2_0176\OAS2_0176_slice_15_z151.png,Very_Mild_Dementia/OAS2_0176/OAS2_0176_slice_15_z151.png,Very Mild Dementia/OAS2_0176/OAS2_0176_slice_15_z151.png,OAS2_0176,Very Mild Dementia,1,0,Non-Demented,0,0.25949428824798476,-0.6862642207824823,-0.9344279103793838,-0.5914860342028232
OASIS_2,LinearSVM,47,test,brightness_contrast__severe,brightness_contrast,severe,D:\OASIS_2\distortions_128\brightness_contrast\severe\Very_Mild_Dementia\OAS2_0176\OAS2_0176_slice_16_z157.png,Very_Mild_Dementia/OAS2_0176/OAS2_0176_slice_16_z157.png,Very Mild Dementia/OAS2_0176/OAS2_0176_slice_16_z157.png,OAS2_0176,Very Mild Dementia,1,0,Non-Demented,0,0.5367787716498543,-1.754333560052106,0.27482511784384567,-0.3880922780488869
OASIS_2,LinearSVM,47,test,brightness_contrast__severe,brightness_contrast,severe,D:\OASIS_2\distortions_128\brightness_contrast\severe\Very_Mild_Dementia\OAS2_0176\OAS2_0176_slice_17_z162.png,Very_Mild_Dementia/OAS2_0176/OAS2_0176_slice_17_z162.png,Very Mild Dementia/OAS2_0176/OAS2_0176_slice_17_z162.png,OAS2_0176,Very Mild Dementia,1,3,Moderate Dementia,0,-5.719027502125417,2.4548947302682436,-0.3287192825499935,2.764049347021231
OASIS_2,LinearSVM,47,test,brightness_contrast__severe,brightness_contrast,severe,D:\OASIS_2\distortions_128\brightness_contrast\severe\Very_Mild_Dementia\OAS2_0176\OAS2_0176_slice_18_z167.png,Very_Mild_Dementia/OAS2_0176/OAS2_0176_slice_18_z167.png,Very Mild Dementia/OAS2_0176/OAS2_0176_slice_18_z167.png,OAS2_0176,Very Mild Dementia,1,0,Non-Demented,0,0.19219810370431623,-0.20346375888755014,-0.7412622258793327,-1.2146710561301453
OASIS_2,LinearSVM,47,test,brightness_contrast__severe,brightness_contrast,severe,D:\OASIS_2\distortions_128\brightness_contrast\severe\Very_Mild_Dementia\OAS2_0176\OAS2_0176_slice_19_z173.png,Very_Mild_Dementia/OAS2_0176/OAS2_0176_slice_19_z173.png,Very Mild Dementia/OAS2_0176/OAS2_0176_slice_19_z173.png,OAS2_0176,Very Mild Dementia,1,1,Very Mild Dementia,1,-1.7043628301617424,0.9973237716365209,0.2994501612317878,-1.2533744516521814
OASIS_2,LinearSVM,47,test,brightness_contrast__severe,brightness_contrast,severe,D:\OASIS_2\distortions_128\brightness_contrast\severe\Very_Mild_Dementia\OAS2_0176\OAS2_0176_slice_20_z178.png,Very_Mild_Dementia/OAS2_0176/OAS2_0176_slice_20_z178.png,Very Mild Dementia/OAS2_0176/OAS2_0176_slice_20_z178.png,OAS2_0176,Very Mild Dementia,1,2,Mild Dementia,0,-1.0913231701250643,-0.5686871771386212,0.2833807019154956,-0.5772627841608489
