dataset,model,seed,split,condition,distortion,severity,file_path,relative_path,sample_key,subject_id,class_name,y_true,y_pred,pred_class_name,correct,score_nondemented,score_verymilddementia,score_milddementia,score_moderatedementia
OASIS_2,LinearSVM,47,test,motion__severe,motion,severe,D:\OASIS_2\distortions_128\motion\severe\Mild_Dementia\OAS2_0014\OAS2_0014_slice_01_z077.png,Mild_Dementia/OAS2_0014/OAS2_0014_slice_01_z077.png,Mild Dementia/OAS2_0014/OAS2_0014_slice_01_z077.png,OAS2_0014,Mild Dementia,2,1,Very Mild Dementia,0,-4.998456822799927,3.2994945985732302,1.3495398438611876,2.154411142596566
OASIS_2,LinearSVM,47,test,motion__severe,motion,severe,D:\OASIS_2\distortions_128\motion\severe\Mild_Dementia\OAS2_0014\OAS2_0014_slice_02_z082.png,Mild_Dementia/OAS2_0014/OAS2_0014_slice_02_z082.png,Mild Dementia/OAS2_0014/OAS2_0014_slice_02_z082.png,OAS2_0014,Mild Dementia,2,3,Moderate Dementia,0,-2.481788801008973,0.8518128815235373,-0.13529623274316738,1.350153102099962
OASIS_2,LinearSVM,47,test,motion__severe,motion,severe,D:\OASIS_2\distortions_128\motion\severe\Mild_Dementia\OAS2_0014\OAS2_0014_slice_03_z088.png,Mild_Dementia/OAS2_0014/OAS2_0014_slice_03_z088.png,Mild Dementia/OAS2_0014/OAS2_0014_slice_03_z088.png,OAS2_0014,Mild Dementia,2,1,Very Mild Dementia,0,-3.816651923170606,5.2014316986677285,-5.182326599441294,2.576937901624728
OASIS_2,LinearSVM,47,test,motion__severe,motion,severe,D:\OASIS_2\distortions_128\motion\severe\Mild_Dementia\OAS2_0014\OAS2_0014_slice_04_z093.png,Mild_Dementia/OAS2_0014/OAS2_0014_slice_04_z093.png,Mild Dementia/OAS2_0014/OAS2_0014_slice_04_z093.png,OAS2_0014,Mild Dementia,2,1,Very Mild Dementia,0,-6.970963243695521,5.340935238613672,0.10913317565894509,1.562132314387494
OASIS_2,LinearSVM,47,test,motion__severe,motion,severe,D:\OASIS_2\distortions_128\motion\severe\Mild_Dementia\OAS2_0014\OAS2_0014_slice_05_z098.png,Mild_Dementia/OAS2_0014/OAS2_0014_slice_05_z098.png,Mild Dementia/OAS2_0014/OAS2_0014_slice_05_z098.png,OAS2_0014,Mild Dementia,2,1,Very Mild Dementia,0,-6.3789925801684975,6.0433568318725355,-1.4272320308824553,1.9083975889881715
OASIS_2,LinearSVM,47,test,motion__severe,motion,severe,D:\OASIS_2\distortions_128\motion\severe\Mild_Dementia\OAS2_0014\OAS2_0014_slice_06_z104.png,Mild_Dementia/OAS2_0014/OAS2_0014_slice_06_z104.png,Mild Dementia/OAS2_0014/OAS2_0014_slice_06_z104.png,OAS2_0014,Mild Dementia,2,1,Very Mild Dementia,0,-4.5272048422469435,6.144885122979185,-1.5643117329133753,1.0273939551852393
OASIS_2,LinearSVM,47,test,motion__severe,motion,severe,D:\OASIS_2\distortions_128\motion\severe\Mild_Dementia\OAS2_0014\OAS2_0014_slice_07_z109.png,Mild_Dementia/OAS2_0014/OAS2_0014_slice_07_z109.png,Mild Dementia/OAS2_0014/OAS2_0014_slice_07_z109.png,OAS2_0014,Mild Dementia,2,1,Very Mild Dementia,0,-5.5349226394142566,5.573496131553467,-2.3629247731352807,1.774126466115686
OASIS_2,LinearSVM,47,test,motion__severe,motion,severe,D:\OASIS_2\distortions_128\motion\severe\Mild_Dementia\OAS2_0014\OAS2_0014_slice_08_z114.png,Mild_Dementia/OAS2_0014/OAS2_0014_slice_08_z114.png,Mild Dementia/OAS2_0014/OAS2_0014_slice_08_z114.png,OAS2_0014,Mild Dementia,2,1,Very Mild Dementia,0,-2.404199343541081,1.7994468188382293,-0.5671438640496206,0.629957403600039
OASIS_2,LinearSVM,47,test,motion__severe,motion,severe,D:\OASIS_2\distortions_128\motion\severe\Mild_Dementia\OAS2_0014\OAS2_0014_slice_09_z120.png,Mild_Dementia/OAS2_0014/OAS2_0014_slice_09_z120.png,Mild Dementia/OAS2_0014/OAS2_0014_slice_09_z120.png,OAS2_0014,Mild Dementia,2,1,Very Mild Dementia,0,-3.228077999286191,4.096604393630892,-2.4293378584632204,-0.22493350461744377
OASIS_2,LinearSVM,47,test,motion__severe,motion,severe,D:\OASIS_2\distortions_128\motion\severe\Mild_Dementia\OAS2_0014\OAS2_0014_slice_10_z125.png,Mild_Dementia/OAS2_0014/OAS2_0014_slice_10_z125.png,Mild Dementia/OAS2_0014/OAS2_0014_slice_10_z125.png,OAS2_0014,Mild Dementia,2,1,Very Mild Dementia,0,-3.5156735783522923,5.028892922685546,-3.3746100064775084,0.899951891588038
OASIS_2,LinearSVM,47,test,motion__severe,motion,severe,D:\OASIS_2\distortions_128\motion\severe\Mild_Dementia\OAS2_0014\OAS2_0014_slice_11_z130.png,Mild_Dementia/OAS2_0014/OAS2_0014_slice_11_z130.png,Mild Dementia/OAS2_0014/OAS2_0014_slice_11_z130.png,OAS2_0014,Mild Dementia,2,1,Very Mild Dementia,0,-1.3953225550249169,2.8876892011159425,-2.391371497190552,-0.04135165659556539
OASIS_2,LinearSVM,47,test,motion__severe,motion,severe,D:\OASIS_2\distortions_128\motion\severe\Mild_Dementia\OAS2_0014\OAS2_0014_slice_12_z135.png,Mild_Dementia/OAS2_0014/OAS2_0014_slice_12_z135.png,Mild Dementia/OAS2_0014/OAS2_0014_slice_12_z135.png,OAS2_0014,Mild Dementia,2,1,Very Mild Dementia,0,-3.2073754933432523,3.478808174841031,0.5189974843648749,0.5282591283335303
OASIS_2,LinearSVM,47,test,motion__severe,motion,severe,D:\OASIS_2\distortions_128\motion\severe\Mild_Dementia\OAS2_0014\OAS2_0014_slice_13_z141.png,Mild_Dementia/OAS2_0014/OAS2_0014_slice_13_z141.png,Mild Dementia/OAS2_0014/OAS2_0014_slice_13_z141.png,OAS2_0014,Mild Dementia,2,1,Very Mild Dementia,0,-2.5472593338728466,4.264737549308683,-3.244160366416078,0.3788609847299549
OASIS_2,LinearSVM,47,test,motion__severe,motion,severe,D:\OASIS_2\distortions_128\motion\severe\Mild_Dementia\OAS2_0014\OAS2_0014_slice_14_z146.png,Mild_Dementia/OAS2_0014/OAS2_0014_slice_14_z146.png,Mild Dementia/OAS2_0014/OAS2_0014_slice_14_z146.png,OAS2_0014,Mild Dementia,2,1,Very Mild Dementia,0,-0.994329787133716,2.5388207170534374,-1.946652492728901,-0.002784742998216294
OASIS_2,LinearSVM,47,test,motion__severe,motion,severe,D:\OASIS_2\distortions_128\motion\severe\Mild_Dementia\OAS2_0014\OAS2_0014_slice_15_z151.png,Mild_Dementia/OAS2_0014/OAS2_0014_slice_15_z151.png,Mild Dementia/OAS2_0014/OAS2_0014_slice_15_z151.png,OAS2_0014,Mild Dementia,2,1,Very Mild Dementia,0,-2.653856645387374,2.6594823411623474,-1.5466446315064162,1.6189348998113426
OASIS_2,LinearSVM,47,test,motion__severe,motion,severe,D:\OASIS_2\distortions_128\motion\severe\Mild_Dementia\OAS2_0014\OAS2_0014_slice_16_z157.png,Mild_Dementia/OAS2_0014/OAS2_0014_slice_16_z157.png,Mild Dementia/OAS2_0014/OAS2_0014_slice_16_z157.png,OAS2_0014,Mild Dementia,2,1,Very Mild Dementia,0,-1.6638332142193257,2.085850299732518,-1.0719488498483412,0.320582498911554
OASIS_2,LinearSVM,47,test,motion__severe,motion,severe,D:\OASIS_2\distortions_128\motion\severe\Mild_Dementia\OAS2_0014\OAS2_0014_slice_17_z162.png,Mild_Dementia/OAS2_0014/OAS2_0014_slice_17_z162.png,Mild Dementia/OAS2_0014/OAS2_0014_slice_17_z162.png,OAS2_0014,Mild Dementia,2,1,Very Mild Dementia,0,-2.9434449928674864,4.123229708552864,-1.3234888515777223,-0.04968307813548245
OASIS_2,LinearSVM,47,test,motion__severe,motion,severe,D:\OASIS_2\distortions_128\motion\severe\Mild_Dementia\OAS2_0014\OAS2_0014_slice_18_z167.png,Mild_Dementia/OAS2_0014/OAS2_0014_slice_18_z167.png,Mild Dementia/OAS2_0014/OAS2_0014_slice_18_z167.png,OAS2_0014,Mild Dementia,2,1,Very Mild Dementia,0,-3.8759404748430435,4.011658693926736,-1.3125684384650966,0.6965147706577679
OASIS_2,LinearSVM,47,test,motion__severe,motion,severe,D:\OASIS_2\distortions_128\motion\severe\Mild_Dementia\OAS2_0014\OAS2_0014_slice_19_z173.png,Mild_Dementia/OAS2_0014/OAS2_0014_slice_19_z173.png,Mild Dementia/OAS2_0014/OAS2_0014_slice_19_z173.png,OAS2_0014,Mild Dementia,2,1,Very Mild Dementia,0,-4.174725794517268,3.936323084042817,-0.16126816619935536,0.49262850247118406
OASIS_2,LinearSVM,47,test,motion__severe,motion,severe,D:\OASIS_2\distortions_128\motion\severe\Mild_Dementia\OAS2_0014\OAS2_0014_slice_20_z178.png,Mild_Dementia/OAS2_0014/OAS2_0014_slice_20_z178.png,Mild Dementia/OAS2_0014/OAS2_0014_slice_20_z178.png,OAS2_0014,Mild Dementia,2,1,Very Mild Dementia,0,-2.7870548916796465,2.973057225703467,-1.0489344910971976,0.5116900894443102
OASIS_2,LinearSVM,47,test,motion__severe,motion,severe,D:\OASIS_2\distortions_128\motion\severe\Mild_Dementia\OAS2_0050\OAS2_0050_slice_01_z077.png,Mild_Dementia/OAS2_0050/OAS2_0050_slice_01_z077.png,Mild Dementia/OAS2_0050/OAS2_0050_slice_01_z077.png,OAS2_0050,Mild Dementia,2,3,Moderate Dementia,0,-0.5480002443349672,0.27902892380354927,-0.63069370067939,0.34510872563353145
OASIS_2,LinearSVM,47,test,motion__severe,motion,severe,D:\OASIS_2\distortions_128\motion\severe\Mild_Dementia\OAS2_0050\OAS2_0050_slice_02_z082.png,Mild_Dementia/OAS2_0050/OAS2_0050_slice_02_z082.png,Mild Dementia/OAS2_0050/OAS2_0050_slice_02_z082.png,OAS2_0050,Mild Dementia,2,2,Mild Dementia,1,-0.8415969720975606,-0.3923870519430166,0.6760766004183,-0.27387122363815775
OASIS_2,LinearSVM,47,test,motion__severe,motion,severe,D:\OASIS_2\distortions_128\motion\severe\Mild_Dementia\OAS2_0050\OAS2_0050_slice_03_z088.png,Mild_Dementia/OAS2_0050/OAS2_0050_slice_03_z088.png,Mild Dementia/OAS2_0050/OAS2_0050_slice_03_z088.png,OAS2_0050,Mild Dementia,2,1,Very Mild Dementia,0,-5.373495779625748,5.261352058395814,0.42036488615542555,-0.17300175335372958
OASIS_2,LinearSVM,47,test,motion__severe,motion,severe,D:\OASIS_2\distortions_128\motion\severe\Mild_Dementia\OAS2_0050\OAS2_0050_slice_04_z093.png,Mild_Dementia/OAS2_0050/OAS2_0050_slice_04_z093.png,Mild Dementia/OAS2_0050/OAS2_0050_slice_04_z093.png,OAS2_0050,Mild Dementia,2,1,Very Mild Dementia,0,-8.416750988468486,6.711261508625646,-0.5939522888019305,1.6759035029267184
OASIS_2,LinearSVM,47,test,motion__severe,motion,severe,D:\OASIS_2\distortions_128\motion\severe\Mild_Dementia\OAS2_0050\OAS2_0050_slice_05_z098.png,Mild_Dementia/OAS2_0050/OAS2_0050_slice_05_z098.png,Mild Dementia/OAS2_0050/OAS2_0050_slice_05_z098.png,OAS2_0050,Mild Dementia,2,1,Very Mild Dementia,0,-7.793336951807028,5.54363196496548,-1.0187651614852333,2.898106759743521
OASIS_2,LinearSVM,47,test,motion__severe,motion,severe,D:\OASIS_2\distortions_128\motion\severe\Mild_Dementia\OAS2_0050\OAS2_0050_slice_06_z104.png,Mild_Dementia/OAS2_0050/OAS2_0050_slice_06_z104.png,Mild Dementia/OAS2_0050/OAS2_0050_slice_06_z104.png,OAS2_0050,Mild Dementia,2,1,Very Mild Dementia,0,-7.019700774488864,7.179888105981668,-1.5062956073460185,1.8724414099790758
OASIS_2,LinearSVM,47,test,motion__severe,motion,severe,D:\OASIS_2\distortions_128\motion\severe\Mild_Dementia\OAS2_0050\OAS2_0050_slice_07_z109.png,Mild_Dementia/OAS2_0050/OAS2_0050_slice_07_z109.png,Mild Dementia/OAS2_0050/OAS2_0050_slice_07_z109.png,OAS2_0050,Mild Dementia,2,1,Very Mild Dementia,0,-4.691908969674856,4.365247079678322,-0.4221355415682362,0.6408188416560137
OASIS_2,LinearSVM,47,test,motion__severe,motion,severe,D:\OASIS_2\distortions_128\motion\severe\Mild_Dementia\OAS2_0050\OAS2_0050_slice_08_z114.png,Mild_Dementia/OAS2_0050/OAS2_0050_slice_08_z114.png,Mild Dementia/OAS2_0050/OAS2_0050_slice_08_z114.png,OAS2_0050,Mild Dementia,2,1,Very Mild Dementia,0,-6.444157121654093,5.956961696815724,-0.021387037450867008,1.2083443512999432
OASIS_2,LinearSVM,47,test,motion__severe,motion,severe,D:\OASIS_2\distortions_128\motion\severe\Mild_Dementia\OAS2_0050\OAS2_0050_slice_09_z120.png,Mild_Dementia/OAS2_0050/OAS2_0050_slice_09_z120.png,Mild Dementia/OAS2_0050/OAS2_0050_slice_09_z120.png,OAS2_0050,Mild Dementia,2,1,Very Mild Dementia,0,-3.800221015474846,3.021427755598902,0.6679994386960509,0.42790744733607156
OASIS_2,LinearSVM,47,test,motion__severe,motion,severe,D:\OASIS_2\distortions_128\motion\severe\Mild_Dementia\OAS2_0050\OAS2_0050_slice_10_z125.png,Mild_Dementia/OAS2_0050/OAS2_0050_slice_10_z125.png,Mild Dementia/OAS2_0050/OAS2_0050_slice_10_z125.png,OAS2_0050,Mild Dementia,2,1,Very Mild Dementia,0,-5.112415885559363,5.836366403556848,-2.513980892145147,1.189152231202398
OASIS_2,LinearSVM,47,test,motion__severe,motion,severe,D:\OASIS_2\distortions_128\motion\severe\Mild_Dementia\OAS2_0050\OAS2_0050_slice_11_z130.png,Mild_Dementia/OAS2_0050/OAS2_0050_slice_11_z130.png,Mild Dementia/OAS2_0050/OAS2_0050_slice_11_z130.png,OAS2_0050,Mild Dementia,2,1,Very Mild Dementia,0,-5.961275344862458,6.275827820003214,-1.4559342525228853,2.086733451998068
OASIS_2,LinearSVM,47,test,motion__severe,motion,severe,D:\OASIS_2\distortions_128\motion\severe\Mild_Dementia\OAS2_0050\OAS2_0050_slice_12_z135.png,Mild_Dementia/OAS2_0050/OAS2_0050_slice_12_z135.png,Mild Dementia/OAS2_0050/OAS2_0050_slice_12_z135.png,OAS2_0050,Mild Dementia,2,1,Very Mild Dementia,0,-4.0096846891955655,4.787428764360203,-1.6453184364550526,1.695419239607606
OASIS_2,LinearSVM,47,test,motion__severe,motion,severe,D:\OASIS_2\distortions_128\motion\severe\Mild_Dementia\OAS2_0050\OAS2_0050_slice_13_z141.png,Mild_Dementia/OAS2_0050/OAS2_0050_slice_13_z141.png,Mild Dementia/OAS2_0050/OAS2_0050_slice_13_z141.png,OAS2_0050,Mild Dementia,2,1,Very Mild Dementia,0,-2.8052981490021804,3.5543284508021253,-1.0147886689342467,0.07800311952917971
OASIS_2,LinearSVM,47,test,motion__severe,motion,severe,D:\OASIS_2\distortions_128\motion\severe\Mild_Dementia\OAS2_0050\OAS2_0050_slice_14_z146.png,Mild_Dementia/OAS2_0050/OAS2_0050_slice_14_z146.png,Mild Dementia/OAS2_0050/OAS2_0050_slice_14_z146.png,OAS2_0050,Mild Dementia,2,1,Very Mild Dementia,0,-2.1476924461434055,3.423226385020685,-1.2576978228357878,-0.4598987901343766
OASIS_2,LinearSVM,47,test,motion__severe,motion,severe,D:\OASIS_2\distortions_128\motion\severe\Mild_Dementia\OAS2_0050\OAS2_0050_slice_15_z151.png,Mild_Dementia/OAS2_0050/OAS2_0050_slice_15_z151.png,Mild Dementia/OAS2_0050/OAS2_0050_slice_15_z151.png,OAS2_0050,Mild Dementia,2,1,Very Mild Dementia,0,-4.349400740841023,5.526446450999309,0.11035686477648132,1.7683332397159717
OASIS_2,LinearSVM,47,test,motion__severe,motion,severe,D:\OASIS_2\distortions_128\motion\severe\Mild_Dementia\OAS2_0050\OAS2_0050_slice_16_z157.png,Mild_Dementia/OAS2_0050/OAS2_0050_slice_16_z157.png,Mild Dementia/OAS2_0050/OAS2_0050_slice_16_z157.png,OAS2_0050,Mild Dementia,2,1,Very Mild Dementia,0,-4.106550125396264,8.301644948329253,-2.241517936141896,-0.38924258487380814
OASIS_2,LinearSVM,47,test,motion__severe,motion,severe,D:\OASIS_2\distortions_128\motion\severe\Mild_Dementia\OAS2_0050\OAS2_0050_slice_17_z162.png,Mild_Dementia/OAS2_0050/OAS2_0050_slice_17_z162.png,Mild Dementia/OAS2_0050/OAS2_0050_slice_17_z162.png,OAS2_0050,Mild Dementia,2,1,Very Mild Dementia,0,-0.09552507254673855,5.621981268410408,-4.634321988363284,0.20968107566345173
OASIS_2,LinearSVM,47,test,motion__severe,motion,severe,D:\OASIS_2\distortions_128\motion\severe\Mild_Dementia\OAS2_0050\OAS2_0050_slice_18_z167.png,Mild_Dementia/OAS2_0050/OAS2_0050_slice_18_z167.png,Mild Dementia/OAS2_0050/OAS2_0050_slice_18_z167.png,OAS2_0050,Mild Dementia,2,1,Very Mild Dementia,0,-1.735178959476341,4.303672951681148,-1.6803633912690419,0.046679948147100525
OASIS_2,LinearSVM,47,test,motion__severe,motion,severe,D:\OASIS_2\distortions_128\motion\severe\Mild_Dementia\OAS2_0050\OAS2_0050_slice_19_z173.png,Mild_Dementia/OAS2_0050/OAS2_0050_slice_19_z173.png,Mild Dementia/OAS2_0050/OAS2_0050_slice_19_z173.png,OAS2_0050,Mild Dementia,2,1,Very Mild Dementia,0,-2.7681199514021477,5.831753107110898,-2.4352314326984117,1.386967290719284
OASIS_2,LinearSVM,47,test,motion__severe,motion,severe,D:\OASIS_2\distortions_128\motion\severe\Mild_Dementia\OAS2_0050\OAS2_0050_slice_20_z178.png,Mild_Dementia/OAS2_0050/OAS2_0050_slice_20_z178.png,Mild Dementia/OAS2_0050/OAS2_0050_slice_20_z178.png,OAS2_0050,Mild Dementia,2,1,Very Mild Dementia,0,-4.793571682455983,6.834956762235849,-1.118425106862854,1.0196100080062311
OASIS_2,LinearSVM,47,test,motion__severe,motion,severe,D:\OASIS_2\distortions_128\motion\severe\Mild_Dementia\OAS2_0114\OAS2_0114_slice_01_z077.png,Mild_Dementia/OAS2_0114/OAS2_0114_slice_01_z077.png,Mild Dementia/OAS2_0114/OAS2_0114_slice_01_z077.png,OAS2_0114,Mild Dementia,2,1,Very Mild Dementia,0,-3.1557830713714505,1.420397137273114,-0.18614856642552152,0.6488297031100476
OASIS_2,LinearSVM,47,test,motion__severe,motion,severe,D:\OASIS_2\distortions_128\motion\severe\Mild_Dementia\OAS2_0114\OAS2_0114_slice_02_z082.png,Mild_Dementia/OAS2_0114/OAS2_0114_slice_02_z082.png,Mild Dementia/OAS2_0114/OAS2_0114_slice_02_z082.png,OAS2_0114,Mild Dementia,2,1,Very Mild Dementia,0,-2.1462289047718346,3.231080367119123,-2.685662591562204,1.7753961883680849
OASIS_2,LinearSVM,47,test,motion__severe,motion,severe,D:\OASIS_2\distortions_128\motion\severe\Mild_Dementia\OAS2_0114\OAS2_0114_slice_03_z088.png,Mild_Dementia/OAS2_0114/OAS2_0114_slice_03_z088.png,Mild Dementia/OAS2_0114/OAS2_0114_slice_03_z088.png,OAS2_0114,Mild Dementia,2,1,Very Mild Dementia,0,-5.009579479225881,1.8971237380432575,1.2451822402336177,1.3434466307683088
OASIS_2,LinearSVM,47,test,motion__severe,motion,severe,D:\OASIS_2\distortions_128\motion\severe\Mild_Dementia\OAS2_0114\OAS2_0114_slice_04_z093.png,Mild_Dementia/OAS2_0114/OAS2_0114_slice_04_z093.png,Mild Dementia/OAS2_0114/OAS2_0114_slice_04_z093.png,OAS2_0114,Mild Dementia,2,1,Very Mild Dementia,0,-2.889554161231532,3.539138818971093,-2.4202265991578504,0.2169429169670698
OASIS_2,LinearSVM,47,test,motion__severe,motion,severe,D:\OASIS_2\distortions_128\motion\severe\Mild_Dementia\OAS2_0114\OAS2_0114_slice_05_z098.png,Mild_Dementia/OAS2_0114/OAS2_0114_slice_05_z098.png,Mild Dementia/OAS2_0114/OAS2_0114_slice_05_z098.png,OAS2_0114,Mild Dementia,2,1,Very Mild Dementia,0,-3.947223477017055,3.3757684251233173,-0.23995398159033754,0.677994865275213
OASIS_2,LinearSVM,47,test,motion__severe,motion,severe,D:\OASIS_2\distortions_128\motion\severe\Mild_Dementia\OAS2_0114\OAS2_0114_slice_06_z104.png,Mild_Dementia/OAS2_0114/OAS2_0114_slice_06_z104.png,Mild Dementia/OAS2_0114/OAS2_0114_slice_06_z104.png,OAS2_0114,Mild Dementia,2,1,Very Mild Dementia,0,-4.059952004861429,3.5850100288010114,-1.716169387529333,-0.11321128638626732
OASIS_2,LinearSVM,47,test,motion__severe,motion,severe,D:\OASIS_2\distortions_128\motion\severe\Mild_Dementia\OAS2_0114\OAS2_0114_slice_07_z109.png,Mild_Dementia/OAS2_0114/OAS2_0114_slice_07_z109.png,Mild Dementia/OAS2_0114/OAS2_0114_slice_07_z109.png,OAS2_0114,Mild Dementia,2,1,Very Mild Dementia,0,-2.951167896325913,3.463093558884105,-1.0638103015666056,0.39205679074068955
OASIS_2,LinearSVM,47,test,motion__severe,motion,severe,D:\OASIS_2\distortions_128\motion\severe\Mild_Dementia\OAS2_0114\OAS2_0114_slice_08_z114.png,Mild_Dementia/OAS2_0114/OAS2_0114_slice_08_z114.png,Mild Dementia/OAS2_0114/OAS2_0114_slice_08_z114.png,OAS2_0114,Mild Dementia,2,1,Very Mild Dementia,0,0.023285443951715983,1.4366363102844648,-1.5950970463184064,-0.0075554357438333275
OASIS_2,LinearSVM,47,test,motion__severe,motion,severe,D:\OASIS_2\distortions_128\motion\severe\Mild_Dementia\OAS2_0114\OAS2_0114_slice_09_z120.png,Mild_Dementia/OAS2_0114/OAS2_0114_slice_09_z120.png,Mild Dementia/OAS2_0114/OAS2_0114_slice_09_z120.png,OAS2_0114,Mild Dementia,2,1,Very Mild Dementia,0,-3.205101472240503,2.8345823448159386,-0.8500486438157678,1.076213177712026
OASIS_2,LinearSVM,47,test,motion__severe,motion,severe,D:\OASIS_2\distortions_128\motion\severe\Mild_Dementia\OAS2_0114\OAS2_0114_slice_10_z125.png,Mild_Dementia/OAS2_0114/OAS2_0114_slice_10_z125.png,Mild Dementia/OAS2_0114/OAS2_0114_slice_10_z125.png,OAS2_0114,Mild Dementia,2,1,Very Mild Dementia,0,-2.3838586581733328,1.9613571354681725,-0.08554178150743208,0.7767058816829238
OASIS_2,LinearSVM,47,test,motion__severe,motion,severe,D:\OASIS_2\distortions_128\motion\severe\Mild_Dementia\OAS2_0114\OAS2_0114_slice_11_z130.png,Mild_Dementia/OAS2_0114/OAS2_0114_slice_11_z130.png,Mild Dementia/OAS2_0114/OAS2_0114_slice_11_z130.png,OAS2_0114,Mild Dementia,2,1,Very Mild Dementia,0,-3.1463580280527816,3.3068166344820296,-1.3218417640408267,0.12431660765303398
OASIS_2,LinearSVM,47,test,motion__severe,motion,severe,D:\OASIS_2\distortions_128\motion\severe\Mild_Dementia\OAS2_0114\OAS2_0114_slice_12_z135.png,Mild_Dementia/OAS2_0114/OAS2_0114_slice_12_z135.png,Mild Dementia/OAS2_0114/OAS2_0114_slice_12_z135.png,OAS2_0114,Mild Dementia,2,1,Very Mild Dementia,0,-3.300990162386432,2.9394582379480263,0.10938312553461549,1.0332807362827934
OASIS_2,LinearSVM,47,test,motion__severe,motion,severe,D:\OASIS_2\distortions_128\motion\severe\Mild_Dementia\OAS2_0114\OAS2_0114_slice_13_z141.png,Mild_Dementia/OAS2_0114/OAS2_0114_slice_13_z141.png,Mild Dementia/OAS2_0114/OAS2_0114_slice_13_z141.png,OAS2_0114,Mild Dementia,2,1,Very Mild Dementia,0,-0.43660945827090786,1.492618786945245,-2.2431819584267116,1.031066993163638
OASIS_2,LinearSVM,47,test,motion__severe,motion,severe,D:\OASIS_2\distortions_128\motion\severe\Mild_Dementia\OAS2_0114\OAS2_0114_slice_14_z146.png,Mild_Dementia/OAS2_0114/OAS2_0114_slice_14_z146.png,Mild Dementia/OAS2_0114/OAS2_0114_slice_14_z146.png,OAS2_0114,Mild Dementia,2,1,Very Mild Dementia,0,-2.718273023797598,4.480438382043467,-1.6887768917406167,0.293826033733239
OASIS_2,LinearSVM,47,test,motion__severe,motion,severe,D:\OASIS_2\distortions_128\motion\severe\Mild_Dementia\OAS2_0114\OAS2_0114_slice_15_z151.png,Mild_Dementia/OAS2_0114/OAS2_0114_slice_15_z151.png,Mild Dementia/OAS2_0114/OAS2_0114_slice_15_z151.png,OAS2_0114,Mild Dementia,2,1,Very Mild Dementia,0,-2.78131031969425,3.3884630819053307,-0.6831555406103476,0.4530856207616041
OASIS_2,LinearSVM,47,test,motion__severe,motion,severe,D:\OASIS_2\distortions_128\motion\severe\Mild_Dementia\OAS2_0114\OAS2_0114_slice_16_z157.png,Mild_Dementia/OAS2_0114/OAS2_0114_slice_16_z157.png,Mild Dementia/OAS2_0114/OAS2_0114_slice_16_z157.png,OAS2_0114,Mild Dementia,2,1,Very Mild Dementia,0,-3.474795694697039,4.267264042379745,-0.8970332766197892,0.5565600106133706
OASIS_2,LinearSVM,47,test,motion__severe,motion,severe,D:\OASIS_2\distortions_128\motion\severe\Mild_Dementia\OAS2_0114\OAS2_0114_slice_17_z162.png,Mild_Dementia/OAS2_0114/OAS2_0114_slice_17_z162.png,Mild Dementia/OAS2_0114/OAS2_0114_slice_17_z162.png,OAS2_0114,Mild Dementia,2,1,Very Mild Dementia,0,-9.8300027417219,10.107253979455896,-1.3017057989405005,2.2984082718238383
OASIS_2,LinearSVM,47,test,motion__severe,motion,severe,D:\OASIS_2\distortions_128\motion\severe\Mild_Dementia\OAS2_0114\OAS2_0114_slice_18_z167.png,Mild_Dementia/OAS2_0114/OAS2_0114_slice_18_z167.png,Mild Dementia/OAS2_0114/OAS2_0114_slice_18_z167.png,OAS2_0114,Mild Dementia,2,1,Very Mild Dementia,0,-3.5672190696427903,3.211162137354075,0.25294418931798557,-0.24716244338681415
OASIS_2,LinearSVM,47,test,motion__severe,motion,severe,D:\OASIS_2\distortions_128\motion\severe\Mild_Dementia\OAS2_0114\OAS2_0114_slice_19_z173.png,Mild_Dementia/OAS2_0114/OAS2_0114_slice_19_z173.png,Mild Dementia/OAS2_0114/OAS2_0114_slice_19_z173.png,OAS2_0114,Mild Dementia,2,1,Very Mild Dementia,0,-2.3097857865438303,1.9053596532349213,-0.40768686011721744,-0.9188116904168551
OASIS_2,LinearSVM,47,test,motion__severe,motion,severe,D:\OASIS_2\distortions_128\motion\severe\Mild_Dementia\OAS2_0114\OAS2_0114_slice_20_z178.png,Mild_Dementia/OAS2_0114/OAS2_0114_slice_20_z178.png,Mild Dementia/OAS2_0114/OAS2_0114_slice_20_z178.png,OAS2_0114,Mild Dementia,2,1,Very Mild Dementia,0,-1.0522664177881174,0.2868823327699639,-0.32873452171779616,-0.8906471423663034
OASIS_2,LinearSVM,47,test,motion__severe,motion,severe,D:\OASIS_2\distortions_128\motion\severe\Moderate_Dementia\OAS2_0120\OAS2_0120_slice_01_z077.png,Moderate_Dementia/OAS2_0120/OAS2_0120_slice_01_z077.png,Moderate Dementia/OAS2_0120/OAS2_0120_slice_01_z077.png,OAS2_0120,Moderate Dementia,3,1,Very Mild Dementia,0,-4.224458671821166,5.0864663960322405,-0.8991812857383117,0.23620536753824917
OASIS_2,LinearSVM,47,test,motion__severe,motion,severe,D:\OASIS_2\distortions_128\motion\severe\Moderate_Dementia\OAS2_0120\OAS2_0120_slice_02_z082.png,Moderate_Dementia/OAS2_0120/OAS2_0120_slice_02_z082.png,Moderate Dementia/OAS2_0120/OAS2_0120_slice_02_z082.png,OAS2_0120,Moderate Dementia,3,1,Very Mild Dementia,0,-3.449123062230005,3.2489935721665004,-0.9232948918923882,2.049557357816088
OASIS_2,LinearSVM,47,test,motion__severe,motion,severe,D:\OASIS_2\distortions_128\motion\severe\Moderate_Dementia\OAS2_0120\OAS2_0120_slice_03_z088.png,Moderate_Dementia/OAS2_0120/OAS2_0120_slice_03_z088.png,Moderate Dementia/OAS2_0120/OAS2_0120_slice_03_z088.png,OAS2_0120,Moderate Dementia,3,1,Very Mild Dementia,0,-2.9918113252048677,3.780688739348449,0.6224503972671794,0.2383404069301387
OASIS_2,LinearSVM,47,test,motion__severe,motion,severe,D:\OASIS_2\distortions_128\motion\severe\Moderate_Dementia\OAS2_0120\OAS2_0120_slice_04_z093.png,Moderate_Dementia/OAS2_0120/OAS2_0120_slice_04_z093.png,Moderate Dementia/OAS2_0120/OAS2_0120_slice_04_z093.png,OAS2_0120,Moderate Dementia,3,1,Very Mild Dementia,0,-3.0369822154334467,2.991327389836701,-1.0924916752062437,1.0655601420149279
OASIS_2,LinearSVM,47,test,motion__severe,motion,severe,D:\OASIS_2\distortions_128\motion\severe\Moderate_Dementia\OAS2_0120\OAS2_0120_slice_05_z098.png,Moderate_Dementia/OAS2_0120/OAS2_0120_slice_05_z098.png,Moderate Dementia/OAS2_0120/OAS2_0120_slice_05_z098.png,OAS2_0120,Moderate Dementia,3,1,Very Mild Dementia,0,-1.6980282829385824,2.774089291275772,-2.211261630227379,0.9764291222998949
OASIS_2,LinearSVM,47,test,motion__severe,motion,severe,D:\OASIS_2\distortions_128\motion\severe\Moderate_Dementia\OAS2_0120\OAS2_0120_slice_06_z104.png,Moderate_Dementia/OAS2_0120/OAS2_0120_slice_06_z104.png,Moderate Dementia/OAS2_0120/OAS2_0120_slice_06_z104.png,OAS2_0120,Moderate Dementia,3,1,Very Mild Dementia,0,-5.965965174784258,3.681965339974587,1.2453989796756582,1.7550513413539077
OASIS_2,LinearSVM,47,test,motion__severe,motion,severe,D:\OASIS_2\distortions_128\motion\severe\Moderate_Dementia\OAS2_0120\OAS2_0120_slice_07_z109.png,Moderate_Dementia/OAS2_0120/OAS2_0120_slice_07_z109.png,Moderate Dementia/OAS2_0120/OAS2_0120_slice_07_z109.png,OAS2_0120,Moderate Dementia,3,1,Very Mild Dementia,0,-2.606202965519207,3.087832737470856,-0.8542086264420482,-0.20069329560598814
OASIS_2,LinearSVM,47,test,motion__severe,motion,severe,D:\OASIS_2\distortions_128\motion\severe\Moderate_Dementia\OAS2_0120\OAS2_0120_slice_08_z114.png,Moderate_Dementia/OAS2_0120/OAS2_0120_slice_08_z114.png,Moderate Dementia/OAS2_0120/OAS2_0120_slice_08_z114.png,OAS2_0120,Moderate Dementia,3,1,Very Mild Dementia,0,-6.212325151256789,4.98576686388632,0.3204263947711744,1.1689279624565576
OASIS_2,LinearSVM,47,test,motion__severe,motion,severe,D:\OASIS_2\distortions_128\motion\severe\Moderate_Dementia\OAS2_0120\OAS2_0120_slice_09_z120.png,Moderate_Dementia/OAS2_0120/OAS2_0120_slice_09_z120.png,Moderate Dementia/OAS2_0120/OAS2_0120_slice_09_z120.png,OAS2_0120,Moderate Dementia,3,1,Very Mild Dementia,0,-5.268431196324458,4.765343075500002,-0.019691913422005936,0.1296901638004555
OASIS_2,LinearSVM,47,test,motion__severe,motion,severe,D:\OASIS_2\distortions_128\motion\severe\Moderate_Dementia\OAS2_0120\OAS2_0120_slice_10_z125.png,Moderate_Dementia/OAS2_0120/OAS2_0120_slice_10_z125.png,Moderate Dementia/OAS2_0120/OAS2_0120_slice_10_z125.png,OAS2_0120,Moderate Dementia,3,1,Very Mild Dementia,0,-2.337957171472937,4.581659640857432,-1.7798936859616048,-0.4225959999945975
OASIS_2,LinearSVM,47,test,motion__severe,motion,severe,D:\OASIS_2\distortions_128\motion\severe\Moderate_Dementia\OAS2_0120\OAS2_0120_slice_11_z130.png,Moderate_Dementia/OAS2_0120/OAS2_0120_slice_11_z130.png,Moderate Dementia/OAS2_0120/OAS2_0120_slice_11_z130.png,OAS2_0120,Moderate Dementia,3,1,Very Mild Dementia,0,-1.643601040049248,3.087105750266702,-0.602564589130238,0.3095612879996359
OASIS_2,LinearSVM,47,test,motion__severe,motion,severe,D:\OASIS_2\distortions_128\motion\severe\Moderate_Dementia\OAS2_0120\OAS2_0120_slice_12_z135.png,Moderate_Dementia/OAS2_0120/OAS2_0120_slice_12_z135.png,Moderate Dementia/OAS2_0120/OAS2_0120_slice_12_z135.png,OAS2_0120,Moderate Dementia,3,1,Very Mild Dementia,0,-1.393778413040929,1.741227400680004,-1.4004158853713158,-0.2888965252248855
OASIS_2,LinearSVM,47,test,motion__severe,motion,severe,D:\OASIS_2\distortions_128\motion\severe\Moderate_Dementia\OAS2_0120\OAS2_0120_slice_13_z141.png,Moderate_Dementia/OAS2_0120/OAS2_0120_slice_13_z141.png,Moderate Dementia/OAS2_0120/OAS2_0120_slice_13_z141.png,OAS2_0120,Moderate Dementia,3,1,Very Mild Dementia,0,-3.0340774208697323,3.646873773788664,-1.2156617975063475,0.2526454998636596
OASIS_2,LinearSVM,47,test,motion__severe,motion,severe,D:\OASIS_2\distortions_128\motion\severe\Moderate_Dementia\OAS2_0120\OAS2_0120_slice_14_z146.png,Moderate_Dementia/OAS2_0120/OAS2_0120_slice_14_z146.png,Moderate Dementia/OAS2_0120/OAS2_0120_slice_14_z146.png,OAS2_0120,Moderate Dementia,3,2,Mild Dementia,0,-0.9554838405707045,-1.1197005257397863,1.384826868905209,0.7556490852092113
OASIS_2,LinearSVM,47,test,motion__severe,motion,severe,D:\OASIS_2\distortions_128\motion\severe\Moderate_Dementia\OAS2_0120\OAS2_0120_slice_15_z151.png,Moderate_Dementia/OAS2_0120/OAS2_0120_slice_15_z151.png,Moderate Dementia/OAS2_0120/OAS2_0120_slice_15_z151.png,OAS2_0120,Moderate Dementia,3,1,Very Mild Dementia,0,-2.643022750182655,3.8624956393334653,-1.958483243936541,0.5668199733624562
OASIS_2,LinearSVM,47,test,motion__severe,motion,severe,D:\OASIS_2\distortions_128\motion\severe\Moderate_Dementia\OAS2_0120\OAS2_0120_slice_16_z157.png,Moderate_Dementia/OAS2_0120/OAS2_0120_slice_16_z157.png,Moderate Dementia/OAS2_0120/OAS2_0120_slice_16_z157.png,OAS2_0120,Moderate Dementia,3,1,Very Mild Dementia,0,-2.3707462276844615,4.943649373710841,-1.8750283708834967,0.06493646410290621
OASIS_2,LinearSVM,47,test,motion__severe,motion,severe,D:\OASIS_2\distortions_128\motion\severe\Moderate_Dementia\OAS2_0120\OAS2_0120_slice_17_z162.png,Moderate_Dementia/OAS2_0120/OAS2_0120_slice_17_z162.png,Moderate Dementia/OAS2_0120/OAS2_0120_slice_17_z162.png,OAS2_0120,Moderate Dementia,3,1,Very Mild Dementia,0,-2.818895750142331,3.942207067839102,-1.1781274299229887,0.2171868822505043
OASIS_2,LinearSVM,47,test,motion__severe,motion,severe,D:\OASIS_2\distortions_128\motion\severe\Moderate_Dementia\OAS2_0120\OAS2_0120_slice_18_z167.png,Moderate_Dementia/OAS2_0120/OAS2_0120_slice_18_z167.png,Moderate Dementia/OAS2_0120/OAS2_0120_slice_18_z167.png,OAS2_0120,Moderate Dementia,3,1,Very Mild Dementia,0,-1.8608063773204944,2.258986120441959,-0.5339809224368699,0.07620164595966106
OASIS_2,LinearSVM,47,test,motion__severe,motion,severe,D:\OASIS_2\distortions_128\motion\severe\Moderate_Dementia\OAS2_0120\OAS2_0120_slice_19_z173.png,Moderate_Dementia/OAS2_0120/OAS2_0120_slice_19_z173.png,Moderate Dementia/OAS2_0120/OAS2_0120_slice_19_z173.png,OAS2_0120,Moderate Dementia,3,1,Very Mild Dementia,0,-3.767390356255765,3.55739397897818,-1.103560460688677,0.2320526766162505
OASIS_2,LinearSVM,47,test,motion__severe,motion,severe,D:\OASIS_2\distortions_128\motion\severe\Moderate_Dementia\OAS2_0120\OAS2_0120_slice_20_z178.png,Moderate_Dementia/OAS2_0120/OAS2_0120_slice_20_z178.png,Moderate Dementia/OAS2_0120/OAS2_0120_slice_20_z178.png,OAS2_0120,Moderate Dementia,3,1,Very Mild Dementia,0,-2.3440779044255957,1.5787953917061939,-0.49690669286620803,0.4549763104141704
OASIS_2,LinearSVM,47,test,motion__severe,motion,severe,D:\OASIS_2\distortions_128\motion\severe\Non_Demented\OAS2_0004\OAS2_0004_slice_01_z077.png,Non_Demented/OAS2_0004/OAS2_0004_slice_01_z077.png,Non-Demented/OAS2_0004/OAS2_0004_slice_01_z077.png,OAS2_0004,Non-Demented,0,1,Very Mild Dementia,0,-1.2958781636264463,2.1090475712407106,-1.5734168499980636,-0.4748507417088762
OASIS_2,LinearSVM,47,test,motion__severe,motion,severe,D:\OASIS_2\distortions_128\motion\severe\Non_Demented\OAS2_0004\OAS2_0004_slice_02_z082.png,Non_Demented/OAS2_0004/OAS2_0004_slice_02_z082.png,Non-Demented/OAS2_0004/OAS2_0004_slice_02_z082.png,OAS2_0004,Non-Demented,0,1,Very Mild Dementia,0,-1.4002457132407935,1.4712315949186696,-0.6475889501927589,-0.4191752452141255
OASIS_2,LinearSVM,47,test,motion__severe,motion,severe,D:\OASIS_2\distortions_128\motion\severe\Non_Demented\OAS2_0004\OAS2_0004_slice_03_z088.png,Non_Demented/OAS2_0004/OAS2_0004_slice_03_z088.png,Non-Demented/OAS2_0004/OAS2_0004_slice_03_z088.png,OAS2_0004,Non-Demented,0,0,Non-Demented,1,0.10204492390753554,0.0566277395631572,-0.5706418689847949,-0.7265081321887955
OASIS_2,LinearSVM,47,test,motion__severe,motion,severe,D:\OASIS_2\distortions_128\motion\severe\Non_Demented\OAS2_0004\OAS2_0004_slice_04_z093.png,Non_Demented/OAS2_0004/OAS2_0004_slice_04_z093.png,Non-Demented/OAS2_0004/OAS2_0004_slice_04_z093.png,OAS2_0004,Non-Demented,0,1,Very Mild Dementia,0,0.08126716741439138,0.2102895737615588,-0.43039605104039125,-0.9418550991588678
OASIS_2,LinearSVM,47,test,motion__severe,motion,severe,D:\OASIS_2\distortions_128\motion\severe\Non_Demented\OAS2_0004\OAS2_0004_slice_05_z098.png,Non_Demented/OAS2_0004/OAS2_0004_slice_05_z098.png,Non-Demented/OAS2_0004/OAS2_0004_slice_05_z098.png,OAS2_0004,Non-Demented,0,1,Very Mild Dementia,0,-1.23717456910063,1.675028433588876,-0.34096044172815915,-0.10672410340650584
OASIS_2,LinearSVM,47,test,motion__severe,motion,severe,D:\OASIS_2\distortions_128\motion\severe\Non_Demented\OAS2_0004\OAS2_0004_slice_06_z104.png,Non_Demented/OAS2_0004/OAS2_0004_slice_06_z104.png,Non-Demented/OAS2_0004/OAS2_0004_slice_06_z104.png,OAS2_0004,Non-Demented,0,2,Mild Dementia,0,-0.9804766893883445,-0.03087529408418213,0.3598102847443094,-0.10812331590467328
OASIS_2,LinearSVM,47,test,motion__severe,motion,severe,D:\OASIS_2\distortions_128\motion\severe\Non_Demented\OAS2_0004\OAS2_0004_slice_07_z109.png,Non_Demented/OAS2_0004/OAS2_0004_slice_07_z109.png,Non-Demented/OAS2_0004/OAS2_0004_slice_07_z109.png,OAS2_0004,Non-Demented,0,1,Very Mild Dementia,0,-0.63924288082718,0.5177203452301894,0.47681433146319463,-0.7843163277781466
OASIS_2,LinearSVM,47,test,motion__severe,motion,severe,D:\OASIS_2\distortions_128\motion\severe\Non_Demented\OAS2_0004\OAS2_0004_slice_08_z114.png,Non_Demented/OAS2_0004/OAS2_0004_slice_08_z114.png,Non-Demented/OAS2_0004/OAS2_0004_slice_08_z114.png,OAS2_0004,Non-Demented,0,1,Very Mild Dementia,0,-2.566792258537952,3.06215666669139,-0.10911840536519124,0.138106282812412
OASIS_2,LinearSVM,47,test,motion__severe,motion,severe,D:\OASIS_2\distortions_128\motion\severe\Non_Demented\OAS2_0004\OAS2_0004_slice_09_z120.png,Non_Demented/OAS2_0004/OAS2_0004_slice_09_z120.png,Non-Demented/OAS2_0004/OAS2_0004_slice_09_z120.png,OAS2_0004,Non-Demented,0,1,Very Mild Dementia,0,-5.882564623168743,6.143272143147562,-0.4932449127743024,0.891245086399896
OASIS_2,LinearSVM,47,test,motion__severe,motion,severe,D:\OASIS_2\distortions_128\motion\severe\Non_Demented\OAS2_0004\OAS2_0004_slice_10_z125.png,Non_Demented/OAS2_0004/OAS2_0004_slice_10_z125.png,Non-Demented/OAS2_0004/OAS2_0004_slice_10_z125.png,OAS2_0004,Non-Demented,0,1,Very Mild Dementia,0,-5.612716159523038,5.078542354407688,0.028781982316902766,0.315132382697094
OASIS_2,LinearSVM,47,test,motion__severe,motion,severe,D:\OASIS_2\distortions_128\motion\severe\Non_Demented\OAS2_0004\OAS2_0004_slice_11_z130.png,Non_Demented/OAS2_0004/OAS2_0004_slice_11_z130.png,Non-Demented/OAS2_0004/OAS2_0004_slice_11_z130.png,OAS2_0004,Non-Demented,0,1,Very Mild Dementia,0,-2.120502397690563,1.847567213544821,-0.5621551998889585,0.26636454951367794
OASIS_2,LinearSVM,47,test,motion__severe,motion,severe,D:\OASIS_2\distortions_128\motion\severe\Non_Demented\OAS2_0004\OAS2_0004_slice_12_z135.png,Non_Demented/OAS2_0004/OAS2_0004_slice_12_z135.png,Non-Demented/OAS2_0004/OAS2_0004_slice_12_z135.png,OAS2_0004,Non-Demented,0,1,Very Mild Dementia,0,-5.770176976125802,5.887600994565096,-1.6855278104474714,1.5303055351110504
OASIS_2,LinearSVM,47,test,motion__severe,motion,severe,D:\OASIS_2\distortions_128\motion\severe\Non_Demented\OAS2_0004\OAS2_0004_slice_13_z141.png,Non_Demented/OAS2_0004/OAS2_0004_slice_13_z141.png,Non-Demented/OAS2_0004/OAS2_0004_slice_13_z141.png,OAS2_0004,Non-Demented,0,1,Very Mild Dementia,0,-5.667907618671152,5.3891721847559335,-1.6309410751388662,1.1460810023010852
OASIS_2,LinearSVM,47,test,motion__severe,motion,severe,D:\OASIS_2\distortions_128\motion\severe\Non_Demented\OAS2_0004\OAS2_0004_slice_14_z146.png,Non_Demented/OAS2_0004/OAS2_0004_slice_14_z146.png,Non-Demented/OAS2_0004/OAS2_0004_slice_14_z146.png,OAS2_0004,Non-Demented,0,1,Very Mild Dementia,0,-2.4227318310873818,4.18772674758627,-2.7840407209260087,1.2545160056483686
OASIS_2,LinearSVM,47,test,motion__severe,motion,severe,D:\OASIS_2\distortions_128\motion\severe\Non_Demented\OAS2_0004\OAS2_0004_slice_15_z151.png,Non_Demented/OAS2_0004/OAS2_0004_slice_15_z151.png,Non-Demented/OAS2_0004/OAS2_0004_slice_15_z151.png,OAS2_0004,Non-Demented,0,1,Very Mild Dementia,0,-3.1725681974514743,4.462017643481107,-2.789966766403656,0.4524045000193062
OASIS_2,LinearSVM,47,test,motion__severe,motion,severe,D:\OASIS_2\distortions_128\motion\severe\Non_Demented\OAS2_0004\OAS2_0004_slice_16_z157.png,Non_Demented/OAS2_0004/OAS2_0004_slice_16_z157.png,Non-Demented/OAS2_0004/OAS2_0004_slice_16_z157.png,OAS2_0004,Non-Demented,0,1,Very Mild Dementia,0,-5.151674064659548,5.905357477612106,-1.2941968930203218,0.854598837388727
OASIS_2,LinearSVM,47,test,motion__severe,motion,severe,D:\OASIS_2\distortions_128\motion\severe\Non_Demented\OAS2_0004\OAS2_0004_slice_17_z162.png,Non_Demented/OAS2_0004/OAS2_0004_slice_17_z162.png,Non-Demented/OAS2_0004/OAS2_0004_slice_17_z162.png,OAS2_0004,Non-Demented,0,1,Very Mild Dementia,0,-3.8771877274738666,6.095329893698657,-4.0392306006868,1.1999998107440089
OASIS_2,LinearSVM,47,test,motion__severe,motion,severe,D:\OASIS_2\distortions_128\motion\severe\Non_Demented\OAS2_0004\OAS2_0004_slice_18_z167.png,Non_Demented/OAS2_0004/OAS2_0004_slice_18_z167.png,Non-Demented/OAS2_0004/OAS2_0004_slice_18_z167.png,OAS2_0004,Non-Demented,0,1,Very Mild Dementia,0,-5.524269692267066,11.150858187581052,-7.981154250800405,2.670399821466947
OASIS_2,LinearSVM,47,test,motion__severe,motion,severe,D:\OASIS_2\distortions_128\motion\severe\Non_Demented\OAS2_0004\OAS2_0004_slice_19_z173.png,Non_Demented/OAS2_0004/OAS2_0004_slice_19_z173.png,Non-Demented/OAS2_0004/OAS2_0004_slice_19_z173.png,OAS2_0004,Non-Demented,0,1,Very Mild Dementia,0,-3.292454191117308,3.316284469546566,0.1677787735093772,0.28326779097028987
OASIS_2,LinearSVM,47,test,motion__severe,motion,severe,D:\OASIS_2\distortions_128\motion\severe\Non_Demented\OAS2_0004\OAS2_0004_slice_20_z178.png,Non_Demented/OAS2_0004/OAS2_0004_slice_20_z178.png,Non-Demented/OAS2_0004/OAS2_0004_slice_20_z178.png,OAS2_0004,Non-Demented,0,1,Very Mild Dementia,0,-4.486680185065779,3.70841876173784,0.4237233200450138,1.3720983124971249
OASIS_2,LinearSVM,47,test,motion__severe,motion,severe,D:\OASIS_2\distortions_128\motion\severe\Non_Demented\OAS2_0005\OAS2_0005_slice_01_z077.png,Non_Demented/OAS2_0005/OAS2_0005_slice_01_z077.png,Non-Demented/OAS2_0005/OAS2_0005_slice_01_z077.png,OAS2_0005,Non-Demented,0,3,Moderate Dementia,0,0.10353243160377744,-0.25726883003889445,-0.42353208862319547,0.2521113042110683
OASIS_2,LinearSVM,47,test,motion__severe,motion,severe,D:\OASIS_2\distortions_128\motion\severe\Non_Demented\OAS2_0005\OAS2_0005_slice_02_z082.png,Non_Demented/OAS2_0005/OAS2_0005_slice_02_z082.png,Non-Demented/OAS2_0005/OAS2_0005_slice_02_z082.png,OAS2_0005,Non-Demented,0,1,Very Mild Dementia,0,-2.282921149185438,1.9071304421277195,-0.9478263403740086,-0.2719394559374305
OASIS_2,LinearSVM,47,test,motion__severe,motion,severe,D:\OASIS_2\distortions_128\motion\severe\Non_Demented\OAS2_0005\OAS2_0005_slice_03_z088.png,Non_Demented/OAS2_0005/OAS2_0005_slice_03_z088.png,Non-Demented/OAS2_0005/OAS2_0005_slice_03_z088.png,OAS2_0005,Non-Demented,0,1,Very Mild Dementia,0,-3.6154150471202264,2.7901555366738027,-0.7017658261181342,0.4738436327201594
OASIS_2,LinearSVM,47,test,motion__severe,motion,severe,D:\OASIS_2\distortions_128\motion\severe\Non_Demented\OAS2_0005\OAS2_0005_slice_04_z093.png,Non_Demented/OAS2_0005/OAS2_0005_slice_04_z093.png,Non-Demented/OAS2_0005/OAS2_0005_slice_04_z093.png,OAS2_0005,Non-Demented,0,1,Very Mild Dementia,0,-2.182591898058872,1.7057056079520923,-0.8294204077224278,0.6774934688156051
OASIS_2,LinearSVM,47,test,motion__severe,motion,severe,D:\OASIS_2\distortions_128\motion\severe\Non_Demented\OAS2_0005\OAS2_0005_slice_05_z098.png,Non_Demented/OAS2_0005/OAS2_0005_slice_05_z098.png,Non-Demented/OAS2_0005/OAS2_0005_slice_05_z098.png,OAS2_0005,Non-Demented,0,1,Very Mild Dementia,0,-1.9745872520195082,3.1092564084996717,-1.2822508836250182,-0.47260686474619185
OASIS_2,LinearSVM,47,test,motion__severe,motion,severe,D:\OASIS_2\distortions_128\motion\severe\Non_Demented\OAS2_0005\OAS2_0005_slice_06_z104.png,Non_Demented/OAS2_0005/OAS2_0005_slice_06_z104.png,Non-Demented/OAS2_0005/OAS2_0005_slice_06_z104.png,OAS2_0005,Non-Demented,0,1,Very Mild Dementia,0,-2.0908016910887928,4.001692632621236,-1.4786767588424587,0.2357927515785605
OASIS_2,LinearSVM,47,test,motion__severe,motion,severe,D:\OASIS_2\distortions_128\motion\severe\Non_Demented\OAS2_0005\OAS2_0005_slice_07_z109.png,Non_Demented/OAS2_0005/OAS2_0005_slice_07_z109.png,Non-Demented/OAS2_0005/OAS2_0005_slice_07_z109.png,OAS2_0005,Non-Demented,0,1,Very Mild Dementia,0,-5.49545529100694,9.930584786773698,-4.226893295899344,0.561148023035424
OASIS_2,LinearSVM,47,test,motion__severe,motion,severe,D:\OASIS_2\distortions_128\motion\severe\Non_Demented\OAS2_0005\OAS2_0005_slice_08_z114.png,Non_Demented/OAS2_0005/OAS2_0005_slice_08_z114.png,Non-Demented/OAS2_0005/OAS2_0005_slice_08_z114.png,OAS2_0005,Non-Demented,0,1,Very Mild Dementia,0,-2.182739819964177,6.575436560035595,-4.906119495098657,0.2833687177957738
OASIS_2,LinearSVM,47,test,motion__severe,motion,severe,D:\OASIS_2\distortions_128\motion\severe\Non_Demented\OAS2_0005\OAS2_0005_slice_09_z120.png,Non_Demented/OAS2_0005/OAS2_0005_slice_09_z120.png,Non-Demented/OAS2_0005/OAS2_0005_slice_09_z120.png,OAS2_0005,Non-Demented,0,1,Very Mild Dementia,0,-3.7289700625625053,4.959420202882278,-1.96327049895593,1.6198860934027985
OASIS_2,LinearSVM,47,test,motion__severe,motion,severe,D:\OASIS_2\distortions_128\motion\severe\Non_Demented\OAS2_0005\OAS2_0005_slice_10_z125.png,Non_Demented/OAS2_0005/OAS2_0005_slice_10_z125.png,Non-Demented/OAS2_0005/OAS2_0005_slice_10_z125.png,OAS2_0005,Non-Demented,0,1,Very Mild Dementia,0,-2.6786321398759143,3.9804637543506365,-1.8593385609257709,0.5393742603433158
OASIS_2,LinearSVM,47,test,motion__severe,motion,severe,D:\OASIS_2\distortions_128\motion\severe\Non_Demented\OAS2_0005\OAS2_0005_slice_11_z130.png,Non_Demented/OAS2_0005/OAS2_0005_slice_11_z130.png,Non-Demented/OAS2_0005/OAS2_0005_slice_11_z130.png,OAS2_0005,Non-Demented,0,1,Very Mild Dementia,0,-4.295157989176158,5.0715460068509195,-2.2359949326479507,0.8705282020801439
OASIS_2,LinearSVM,47,test,motion__severe,motion,severe,D:\OASIS_2\distortions_128\motion\severe\Non_Demented\OAS2_0005\OAS2_0005_slice_12_z135.png,Non_Demented/OAS2_0005/OAS2_0005_slice_12_z135.png,Non-Demented/OAS2_0005/OAS2_0005_slice_12_z135.png,OAS2_0005,Non-Demented,0,1,Very Mild Dementia,0,-1.642880173290631,3.066582237049972,-2.1928743001832616,-0.23689035523014956
OASIS_2,LinearSVM,47,test,motion__severe,motion,severe,D:\OASIS_2\distortions_128\motion\severe\Non_Demented\OAS2_0005\OAS2_0005_slice_13_z141.png,Non_Demented/OAS2_0005/OAS2_0005_slice_13_z141.png,Non-Demented/OAS2_0005/OAS2_0005_slice_13_z141.png,OAS2_0005,Non-Demented,0,1,Very Mild Dementia,0,-3.794273233506862,4.775344010925468,-2.1839126270531017,0.2641334841260179
OASIS_2,LinearSVM,47,test,motion__severe,motion,severe,D:\OASIS_2\distortions_128\motion\severe\Non_Demented\OAS2_0005\OAS2_0005_slice_14_z146.png,Non_Demented/OAS2_0005/OAS2_0005_slice_14_z146.png,Non-Demented/OAS2_0005/OAS2_0005_slice_14_z146.png,OAS2_0005,Non-Demented,0,1,Very Mild Dementia,0,-1.9030307254596188,2.3673350224630774,-2.964255498365554,0.8481991338886536
OASIS_2,LinearSVM,47,test,motion__severe,motion,severe,D:\OASIS_2\distortions_128\motion\severe\Non_Demented\OAS2_0005\OAS2_0005_slice_15_z151.png,Non_Demented/OAS2_0005/OAS2_0005_slice_15_z151.png,Non-Demented/OAS2_0005/OAS2_0005_slice_15_z151.png,OAS2_0005,Non-Demented,0,1,Very Mild Dementia,0,-5.183663306037111,6.277694995192979,-1.7493636470949512,0.5913289151598076
OASIS_2,LinearSVM,47,test,motion__severe,motion,severe,D:\OASIS_2\distortions_128\motion\severe\Non_Demented\OAS2_0005\OAS2_0005_slice_16_z157.png,Non_Demented/OAS2_0005/OAS2_0005_slice_16_z157.png,Non-Demented/OAS2_0005/OAS2_0005_slice_16_z157.png,OAS2_0005,Non-Demented,0,1,Very Mild Dementia,0,-5.943195712708244,6.183456360787641,-0.9997151971215086,0.615434931976518
OASIS_2,LinearSVM,47,test,motion__severe,motion,severe,D:\OASIS_2\distortions_128\motion\severe\Non_Demented\OAS2_0005\OAS2_0005_slice_17_z162.png,Non_Demented/OAS2_0005/OAS2_0005_slice_17_z162.png,Non-Demented/OAS2_0005/OAS2_0005_slice_17_z162.png,OAS2_0005,Non-Demented,0,1,Very Mild Dementia,0,-2.0742779601012735,2.767858461789544,-0.45060694185438716,0.18561612297616614
OASIS_2,LinearSVM,47,test,motion__severe,motion,severe,D:\OASIS_2\distortions_128\motion\severe\Non_Demented\OAS2_0005\OAS2_0005_slice_18_z167.png,Non_Demented/OAS2_0005/OAS2_0005_slice_18_z167.png,Non-Demented/OAS2_0005/OAS2_0005_slice_18_z167.png,OAS2_0005,Non-Demented,0,1,Very Mild Dementia,0,-1.1980729906452712,2.76436832931459,-1.6135034532559698,-0.4113175252666079
OASIS_2,LinearSVM,47,test,motion__severe,motion,severe,D:\OASIS_2\distortions_128\motion\severe\Non_Demented\OAS2_0005\OAS2_0005_slice_19_z173.png,Non_Demented/OAS2_0005/OAS2_0005_slice_19_z173.png,Non-Demented/OAS2_0005/OAS2_0005_slice_19_z173.png,OAS2_0005,Non-Demented,0,1,Very Mild Dementia,0,-3.02893867859,3.6995212664154002,-1.4553427349574246,-0.3005558429064823
OASIS_2,LinearSVM,47,test,motion__severe,motion,severe,D:\OASIS_2\distortions_128\motion\severe\Non_Demented\OAS2_0005\OAS2_0005_slice_20_z178.png,Non_Demented/OAS2_0005/OAS2_0005_slice_20_z178.png,Non-Demented/OAS2_0005/OAS2_0005_slice_20_z178.png,OAS2_0005,Non-Demented,0,1,Very Mild Dementia,0,-1.4619527085918114,1.6734366501270344,-0.7115807237962917,-1.0213102925954982
OASIS_2,LinearSVM,47,test,motion__severe,motion,severe,D:\OASIS_2\distortions_128\motion\severe\Non_Demented\OAS2_0017\OAS2_0017_slice_01_z077.png,Non_Demented/OAS2_0017/OAS2_0017_slice_01_z077.png,Non-Demented/OAS2_0017/OAS2_0017_slice_01_z077.png,OAS2_0017,Non-Demented,0,1,Very Mild Dementia,0,-2.6154159563797412,1.3503248523869555,0.03881998152306643,0.838752328810108
OASIS_2,LinearSVM,47,test,motion__severe,motion,severe,D:\OASIS_2\distortions_128\motion\severe\Non_Demented\OAS2_0017\OAS2_0017_slice_02_z082.png,Non_Demented/OAS2_0017/OAS2_0017_slice_02_z082.png,Non-Demented/OAS2_0017/OAS2_0017_slice_02_z082.png,OAS2_0017,Non-Demented,0,1,Very Mild Dementia,0,-2.516394318862029,1.7300721800906436,0.5767629446709502,0.99738185075923
OASIS_2,LinearSVM,47,test,motion__severe,motion,severe,D:\OASIS_2\distortions_128\motion\severe\Non_Demented\OAS2_0017\OAS2_0017_slice_03_z088.png,Non_Demented/OAS2_0017/OAS2_0017_slice_03_z088.png,Non-Demented/OAS2_0017/OAS2_0017_slice_03_z088.png,OAS2_0017,Non-Demented,0,1,Very Mild Dementia,0,-2.758495807871731,3.684135541167653,-0.8576581860675688,-0.09694634008111969
OASIS_2,LinearSVM,47,test,motion__severe,motion,severe,D:\OASIS_2\distortions_128\motion\severe\Non_Demented\OAS2_0017\OAS2_0017_slice_04_z093.png,Non_Demented/OAS2_0017/OAS2_0017_slice_04_z093.png,Non-Demented/OAS2_0017/OAS2_0017_slice_04_z093.png,OAS2_0017,Non-Demented,0,1,Very Mild Dementia,0,-2.204139855507688,2.9845384028139454,-1.5033933950409373,0.16301051090104401
OASIS_2,LinearSVM,47,test,motion__severe,motion,severe,D:\OASIS_2\distortions_128\motion\severe\Non_Demented\OAS2_0017\OAS2_0017_slice_05_z098.png,Non_Demented/OAS2_0017/OAS2_0017_slice_05_z098.png,Non-Demented/OAS2_0017/OAS2_0017_slice_05_z098.png,OAS2_0017,Non-Demented,0,1,Very Mild Dementia,0,-3.4703037849036984,4.652113425682396,0.4483570134107332,-0.5148057440089361
OASIS_2,LinearSVM,47,test,motion__severe,motion,severe,D:\OASIS_2\distortions_128\motion\severe\Non_Demented\OAS2_0017\OAS2_0017_slice_06_z104.png,Non_Demented/OAS2_0017/OAS2_0017_slice_06_z104.png,Non-Demented/OAS2_0017/OAS2_0017_slice_06_z104.png,OAS2_0017,Non-Demented,0,1,Very Mild Dementia,0,-2.090341148761687,4.926139473822071,-2.585912165558768,-0.640791221640439
OASIS_2,LinearSVM,47,test,motion__severe,motion,severe,D:\OASIS_2\distortions_128\motion\severe\Non_Demented\OAS2_0017\OAS2_0017_slice_07_z109.png,Non_Demented/OAS2_0017/OAS2_0017_slice_07_z109.png,Non-Demented/OAS2_0017/OAS2_0017_slice_07_z109.png,OAS2_0017,Non-Demented,0,1,Very Mild Dementia,0,-6.000741031169273,6.277148302168847,-0.4217804184299475,-0.17629370966401514
OASIS_2,LinearSVM,47,test,motion__severe,motion,severe,D:\OASIS_2\distortions_128\motion\severe\Non_Demented\OAS2_0017\OAS2_0017_slice_08_z114.png,Non_Demented/OAS2_0017/OAS2_0017_slice_08_z114.png,Non-Demented/OAS2_0017/OAS2_0017_slice_08_z114.png,OAS2_0017,Non-Demented,0,1,Very Mild Dementia,0,-2.3548540793454484,4.138549351833589,-1.8013794299820138,-0.7379455213440271
OASIS_2,LinearSVM,47,test,motion__severe,motion,severe,D:\OASIS_2\distortions_128\motion\severe\Non_Demented\OAS2_0017\OAS2_0017_slice_09_z120.png,Non_Demented/OAS2_0017/OAS2_0017_slice_09_z120.png,Non-Demented/OAS2_0017/OAS2_0017_slice_09_z120.png,OAS2_0017,Non-Demented,0,1,Very Mild Dementia,0,-2.2337245514439426,3.43643535417418,-0.9391005222457286,-0.21655294312791118
OASIS_2,LinearSVM,47,test,motion__severe,motion,severe,D:\OASIS_2\distortions_128\motion\severe\Non_Demented\OAS2_0017\OAS2_0017_slice_10_z125.png,Non_Demented/OAS2_0017/OAS2_0017_slice_10_z125.png,Non-Demented/OAS2_0017/OAS2_0017_slice_10_z125.png,OAS2_0017,Non-Demented,0,1,Very Mild Dementia,0,-5.457081439860187,8.093925102822507,-2.9519521910978237,0.9675420563961958
OASIS_2,LinearSVM,47,test,motion__severe,motion,severe,D:\OASIS_2\distortions_128\motion\severe\Non_Demented\OAS2_0017\OAS2_0017_slice_11_z130.png,Non_Demented/OAS2_0017/OAS2_0017_slice_11_z130.png,Non-Demented/OAS2_0017/OAS2_0017_slice_11_z130.png,OAS2_0017,Non-Demented,0,1,Very Mild Dementia,0,-3.5300543458922924,5.0953302005507695,-0.5928120344229716,0.0948949382621842
OASIS_2,LinearSVM,47,test,motion__severe,motion,severe,D:\OASIS_2\distortions_128\motion\severe\Non_Demented\OAS2_0017\OAS2_0017_slice_12_z135.png,Non_Demented/OAS2_0017/OAS2_0017_slice_12_z135.png,Non-Demented/OAS2_0017/OAS2_0017_slice_12_z135.png,OAS2_0017,Non-Demented,0,1,Very Mild Dementia,0,-2.1126278609567293,4.7770924806516915,-3.271073350865963,1.6123009135772701
OASIS_2,LinearSVM,47,test,motion__severe,motion,severe,D:\OASIS_2\distortions_128\motion\severe\Non_Demented\OAS2_0017\OAS2_0017_slice_13_z141.png,Non_Demented/OAS2_0017/OAS2_0017_slice_13_z141.png,Non-Demented/OAS2_0017/OAS2_0017_slice_13_z141.png,OAS2_0017,Non-Demented,0,1,Very Mild Dementia,0,-3.4069861761522398,3.961006115907849,-0.8779335154532787,0.002941956928126599
OASIS_2,LinearSVM,47,test,motion__severe,motion,severe,D:\OASIS_2\distortions_128\motion\severe\Non_Demented\OAS2_0017\OAS2_0017_slice_14_z146.png,Non_Demented/OAS2_0017/OAS2_0017_slice_14_z146.png,Non-Demented/OAS2_0017/OAS2_0017_slice_14_z146.png,OAS2_0017,Non-Demented,0,1,Very Mild Dementia,0,-1.6172455657436413,6.144493887956601,-4.3636213474479275,-1.106682982718198
OASIS_2,LinearSVM,47,test,motion__severe,motion,severe,D:\OASIS_2\distortions_128\motion\severe\Non_Demented\OAS2_0017\OAS2_0017_slice_15_z151.png,Non_Demented/OAS2_0017/OAS2_0017_slice_15_z151.png,Non-Demented/OAS2_0017/OAS2_0017_slice_15_z151.png,OAS2_0017,Non-Demented,0,1,Very Mild Dementia,0,-3.5794072236000387,3.4277500404638768,-0.17184801414967477,0.7190219891634455
OASIS_2,LinearSVM,47,test,motion__severe,motion,severe,D:\OASIS_2\distortions_128\motion\severe\Non_Demented\OAS2_0017\OAS2_0017_slice_16_z157.png,Non_Demented/OAS2_0017/OAS2_0017_slice_16_z157.png,Non-Demented/OAS2_0017/OAS2_0017_slice_16_z157.png,OAS2_0017,Non-Demented,0,1,Very Mild Dementia,0,-1.988659124736367,3.7255614130741423,-0.9618592558246304,0.3796426349873425
OASIS_2,LinearSVM,47,test,motion__severe,motion,severe,D:\OASIS_2\distortions_128\motion\severe\Non_Demented\OAS2_0017\OAS2_0017_slice_17_z162.png,Non_Demented/OAS2_0017/OAS2_0017_slice_17_z162.png,Non-Demented/OAS2_0017/OAS2_0017_slice_17_z162.png,OAS2_0017,Non-Demented,0,1,Very Mild Dementia,0,-3.791830841825199,6.58735511161288,-3.9523571353781874,0.83783570576594
OASIS_2,LinearSVM,47,test,motion__severe,motion,severe,D:\OASIS_2\distortions_128\motion\severe\Non_Demented\OAS2_0017\OAS2_0017_slice_18_z167.png,Non_Demented/OAS2_0017/OAS2_0017_slice_18_z167.png,Non-Demented/OAS2_0017/OAS2_0017_slice_18_z167.png,OAS2_0017,Non-Demented,0,1,Very Mild Dementia,0,-3.778271644108347,4.60018378925669,-1.175307384251264,-0.6947257207060533
OASIS_2,LinearSVM,47,test,motion__severe,motion,severe,D:\OASIS_2\distortions_128\motion\severe\Non_Demented\OAS2_0017\OAS2_0017_slice_19_z173.png,Non_Demented/OAS2_0017/OAS2_0017_slice_19_z173.png,Non-Demented/OAS2_0017/OAS2_0017_slice_19_z173.png,OAS2_0017,Non-Demented,0,1,Very Mild Dementia,0,-3.79297086573634,3.284612785408926,-0.6681901448062162,0.9502797719601417
OASIS_2,LinearSVM,47,test,motion__severe,motion,severe,D:\OASIS_2\distortions_128\motion\severe\Non_Demented\OAS2_0017\OAS2_0017_slice_20_z178.png,Non_Demented/OAS2_0017/OAS2_0017_slice_20_z178.png,Non-Demented/OAS2_0017/OAS2_0017_slice_20_z178.png,OAS2_0017,Non-Demented,0,1,Very Mild Dementia,0,-4.215893169070701,4.222945204997174,-1.9629465398569228,0.8768386443018248
OASIS_2,LinearSVM,47,test,motion__severe,motion,severe,D:\OASIS_2\distortions_128\motion\severe\Non_Demented\OAS2_0036\OAS2_0036_slice_01_z077.png,Non_Demented/OAS2_0036/OAS2_0036_slice_01_z077.png,Non-Demented/OAS2_0036/OAS2_0036_slice_01_z077.png,OAS2_0036,Non-Demented,0,1,Very Mild Dementia,0,-4.750163723757948,3.502553555890291,1.1101004733043784,1.456928530390003
OASIS_2,LinearSVM,47,test,motion__severe,motion,severe,D:\OASIS_2\distortions_128\motion\severe\Non_Demented\OAS2_0036\OAS2_0036_slice_02_z082.png,Non_Demented/OAS2_0036/OAS2_0036_slice_02_z082.png,Non-Demented/OAS2_0036/OAS2_0036_slice_02_z082.png,OAS2_0036,Non-Demented,0,1,Very Mild Dementia,0,-4.55352138909771,3.5597459037989054,1.6209838929792566,0.19783958828124826
OASIS_2,LinearSVM,47,test,motion__severe,motion,severe,D:\OASIS_2\distortions_128\motion\severe\Non_Demented\OAS2_0036\OAS2_0036_slice_03_z088.png,Non_Demented/OAS2_0036/OAS2_0036_slice_03_z088.png,Non-Demented/OAS2_0036/OAS2_0036_slice_03_z088.png,OAS2_0036,Non-Demented,0,1,Very Mild Dementia,0,-4.988777453656323,5.83992973681856,-2.710381539026492,2.2966205644999604
OASIS_2,LinearSVM,47,test,motion__severe,motion,severe,D:\OASIS_2\distortions_128\motion\severe\Non_Demented\OAS2_0036\OAS2_0036_slice_04_z093.png,Non_Demented/OAS2_0036/OAS2_0036_slice_04_z093.png,Non-Demented/OAS2_0036/OAS2_0036_slice_04_z093.png,OAS2_0036,Non-Demented,0,1,Very Mild Dementia,0,-3.698200906569269,3.116434669359941,-0.47597559528632505,1.536963046798415
OASIS_2,LinearSVM,47,test,motion__severe,motion,severe,D:\OASIS_2\distortions_128\motion\severe\Non_Demented\OAS2_0036\OAS2_0036_slice_05_z098.png,Non_Demented/OAS2_0036/OAS2_0036_slice_05_z098.png,Non-Demented/OAS2_0036/OAS2_0036_slice_05_z098.png,OAS2_0036,Non-Demented,0,1,Very Mild Dementia,0,-4.660680681426231,2.906852755820024,0.0901656647711605,1.4250014350318838
OASIS_2,LinearSVM,47,test,motion__severe,motion,severe,D:\OASIS_2\distortions_128\motion\severe\Non_Demented\OAS2_0036\OAS2_0036_slice_06_z104.png,Non_Demented/OAS2_0036/OAS2_0036_slice_06_z104.png,Non-Demented/OAS2_0036/OAS2_0036_slice_06_z104.png,OAS2_0036,Non-Demented,0,1,Very Mild Dementia,0,-4.8840167149314135,4.176373504742911,-1.4270340237323225,1.1776337731157112
OASIS_2,LinearSVM,47,test,motion__severe,motion,severe,D:\OASIS_2\distortions_128\motion\severe\Non_Demented\OAS2_0036\OAS2_0036_slice_07_z109.png,Non_Demented/OAS2_0036/OAS2_0036_slice_07_z109.png,Non-Demented/OAS2_0036/OAS2_0036_slice_07_z109.png,OAS2_0036,Non-Demented,0,1,Very Mild Dementia,0,-4.824470160533443,4.102987281812257,-0.9802831766964927,0.7987502454344164
OASIS_2,LinearSVM,47,test,motion__severe,motion,severe,D:\OASIS_2\distortions_128\motion\severe\Non_Demented\OAS2_0036\OAS2_0036_slice_08_z114.png,Non_Demented/OAS2_0036/OAS2_0036_slice_08_z114.png,Non-Demented/OAS2_0036/OAS2_0036_slice_08_z114.png,OAS2_0036,Non-Demented,0,1,Very Mild Dementia,0,-3.48943963674378,4.797298476263372,-2.6081858844291217,0.8701179422988945
OASIS_2,LinearSVM,47,test,motion__severe,motion,severe,D:\OASIS_2\distortions_128\motion\severe\Non_Demented\OAS2_0036\OAS2_0036_slice_09_z120.png,Non_Demented/OAS2_0036/OAS2_0036_slice_09_z120.png,Non-Demented/OAS2_0036/OAS2_0036_slice_09_z120.png,OAS2_0036,Non-Demented,0,1,Very Mild Dementia,0,-6.847392865176631,3.2821821896593777,1.4012383432552182,1.5353643683682328
OASIS_2,LinearSVM,47,test,motion__severe,motion,severe,D:\OASIS_2\distortions_128\motion\severe\Non_Demented\OAS2_0036\OAS2_0036_slice_10_z125.png,Non_Demented/OAS2_0036/OAS2_0036_slice_10_z125.png,Non-Demented/OAS2_0036/OAS2_0036_slice_10_z125.png,OAS2_0036,Non-Demented,0,1,Very Mild Dementia,0,-5.694022022383528,7.418902338013329,-1.6286037253219061,0.6737303089942868
OASIS_2,LinearSVM,47,test,motion__severe,motion,severe,D:\OASIS_2\distortions_128\motion\severe\Non_Demented\OAS2_0036\OAS2_0036_slice_11_z130.png,Non_Demented/OAS2_0036/OAS2_0036_slice_11_z130.png,Non-Demented/OAS2_0036/OAS2_0036_slice_11_z130.png,OAS2_0036,Non-Demented,0,1,Very Mild Dementia,0,-3.778182595486028,2.0745950427148063,1.0311391077196617,0.9108894432832595
OASIS_2,LinearSVM,47,test,motion__severe,motion,severe,D:\OASIS_2\distortions_128\motion\severe\Non_Demented\OAS2_0036\OAS2_0036_slice_12_z135.png,Non_Demented/OAS2_0036/OAS2_0036_slice_12_z135.png,Non-Demented/OAS2_0036/OAS2_0036_slice_12_z135.png,OAS2_0036,Non-Demented,0,1,Very Mild Dementia,0,-5.476803898028137,6.19908393903644,-0.2365153333254762,1.1964587855378137
OASIS_2,LinearSVM,47,test,motion__severe,motion,severe,D:\OASIS_2\distortions_128\motion\severe\Non_Demented\OAS2_0036\OAS2_0036_slice_13_z141.png,Non_Demented/OAS2_0036/OAS2_0036_slice_13_z141.png,Non-Demented/OAS2_0036/OAS2_0036_slice_13_z141.png,OAS2_0036,Non-Demented,0,1,Very Mild Dementia,0,-3.8387929782952943,3.723618789662685,-0.2197569367835357,-0.016288100741134737
OASIS_2,LinearSVM,47,test,motion__severe,motion,severe,D:\OASIS_2\distortions_128\motion\severe\Non_Demented\OAS2_0036\OAS2_0036_slice_14_z146.png,Non_Demented/OAS2_0036/OAS2_0036_slice_14_z146.png,Non-Demented/OAS2_0036/OAS2_0036_slice_14_z146.png,OAS2_0036,Non-Demented,0,1,Very Mild Dementia,0,-5.314895786151974,6.090715951542484,-1.1628034310108866,1.6481640958900252
OASIS_2,LinearSVM,47,test,motion__severe,motion,severe,D:\OASIS_2\distortions_128\motion\severe\Non_Demented\OAS2_0036\OAS2_0036_slice_15_z151.png,Non_Demented/OAS2_0036/OAS2_0036_slice_15_z151.png,Non-Demented/OAS2_0036/OAS2_0036_slice_15_z151.png,OAS2_0036,Non-Demented,0,1,Very Mild Dementia,0,-1.6098053677304056,3.1461509477623246,-1.868066226270272,0.8374869406214589
OASIS_2,LinearSVM,47,test,motion__severe,motion,severe,D:\OASIS_2\distortions_128\motion\severe\Non_Demented\OAS2_0036\OAS2_0036_slice_16_z157.png,Non_Demented/OAS2_0036/OAS2_0036_slice_16_z157.png,Non-Demented/OAS2_0036/OAS2_0036_slice_16_z157.png,OAS2_0036,Non-Demented,0,1,Very Mild Dementia,0,-7.423472035336336,7.241603181701367,-0.9802427793950887,0.9956060567448763
OASIS_2,LinearSVM,47,test,motion__severe,motion,severe,D:\OASIS_2\distortions_128\motion\severe\Non_Demented\OAS2_0036\OAS2_0036_slice_17_z162.png,Non_Demented/OAS2_0036/OAS2_0036_slice_17_z162.png,Non-Demented/OAS2_0036/OAS2_0036_slice_17_z162.png,OAS2_0036,Non-Demented,0,1,Very Mild Dementia,0,-6.214147540777363,5.176100523144697,-0.9116550799107197,1.8129568948291754
OASIS_2,LinearSVM,47,test,motion__severe,motion,severe,D:\OASIS_2\distortions_128\motion\severe\Non_Demented\OAS2_0036\OAS2_0036_slice_18_z167.png,Non_Demented/OAS2_0036/OAS2_0036_slice_18_z167.png,Non-Demented/OAS2_0036/OAS2_0036_slice_18_z167.png,OAS2_0036,Non-Demented,0,1,Very Mild Dementia,0,-5.319523340188151,3.7433201047056306,0.8860668953952796,1.0272528003781538
OASIS_2,LinearSVM,47,test,motion__severe,motion,severe,D:\OASIS_2\distortions_128\motion\severe\Non_Demented\OAS2_0036\OAS2_0036_slice_19_z173.png,Non_Demented/OAS2_0036/OAS2_0036_slice_19_z173.png,Non-Demented/OAS2_0036/OAS2_0036_slice_19_z173.png,OAS2_0036,Non-Demented,0,1,Very Mild Dementia,0,-2.0868882047621997,2.7760039068755313,-2.3075508861534315,0.6170814991378266
OASIS_2,LinearSVM,47,test,motion__severe,motion,severe,D:\OASIS_2\distortions_128\motion\severe\Non_Demented\OAS2_0036\OAS2_0036_slice_20_z178.png,Non_Demented/OAS2_0036/OAS2_0036_slice_20_z178.png,Non-Demented/OAS2_0036/OAS2_0036_slice_20_z178.png,OAS2_0036,Non-Demented,0,1,Very Mild Dementia,0,-5.232968457602697,5.744092094002497,-1.076776756050039,1.2270992661840463
OASIS_2,LinearSVM,47,test,motion__severe,motion,severe,D:\OASIS_2\distortions_128\motion\severe\Non_Demented\OAS2_0067\OAS2_0067_slice_01_z077.png,Non_Demented/OAS2_0067/OAS2_0067_slice_01_z077.png,Non-Demented/OAS2_0067/OAS2_0067_slice_01_z077.png,OAS2_0067,Non-Demented,0,1,Very Mild Dementia,0,-2.948959711411461,1.7250892196279477,1.1730611259856003,-0.06537378661564541
OASIS_2,LinearSVM,47,test,motion__severe,motion,severe,D:\OASIS_2\distortions_128\motion\severe\Non_Demented\OAS2_0067\OAS2_0067_slice_02_z082.png,Non_Demented/OAS2_0067/OAS2_0067_slice_02_z082.png,Non-Demented/OAS2_0067/OAS2_0067_slice_02_z082.png,OAS2_0067,Non-Demented,0,1,Very Mild Dementia,0,-3.190772277665756,2.1984624262415067,-0.061189782568859874,0.07313151847699073
OASIS_2,LinearSVM,47,test,motion__severe,motion,severe,D:\OASIS_2\distortions_128\motion\severe\Non_Demented\OAS2_0067\OAS2_0067_slice_03_z088.png,Non_Demented/OAS2_0067/OAS2_0067_slice_03_z088.png,Non-Demented/OAS2_0067/OAS2_0067_slice_03_z088.png,OAS2_0067,Non-Demented,0,1,Very Mild Dementia,0,-2.809825437698318,3.389168223411593,0.39493984182284725,0.3821654763489015
OASIS_2,LinearSVM,47,test,motion__severe,motion,severe,D:\OASIS_2\distortions_128\motion\severe\Non_Demented\OAS2_0067\OAS2_0067_slice_04_z093.png,Non_Demented/OAS2_0067/OAS2_0067_slice_04_z093.png,Non-Demented/OAS2_0067/OAS2_0067_slice_04_z093.png,OAS2_0067,Non-Demented,0,1,Very Mild Dementia,0,-2.93405536186894,1.6902155745385616,1.1474666153317483,1.3014133889907202
OASIS_2,LinearSVM,47,test,motion__severe,motion,severe,D:\OASIS_2\distortions_128\motion\severe\Non_Demented\OAS2_0067\OAS2_0067_slice_05_z098.png,Non_Demented/OAS2_0067/OAS2_0067_slice_05_z098.png,Non-Demented/OAS2_0067/OAS2_0067_slice_05_z098.png,OAS2_0067,Non-Demented,0,2,Mild Dementia,0,-0.9164972881527746,-0.5858911080261842,0.43807583200625066,-0.22257481652025868
OASIS_2,LinearSVM,47,test,motion__severe,motion,severe,D:\OASIS_2\distortions_128\motion\severe\Non_Demented\OAS2_0067\OAS2_0067_slice_06_z104.png,Non_Demented/OAS2_0067/OAS2_0067_slice_06_z104.png,Non-Demented/OAS2_0067/OAS2_0067_slice_06_z104.png,OAS2_0067,Non-Demented,0,1,Very Mild Dementia,0,-5.242731179078723,7.420442215681479,-3.1699701011309664,0.9358907864090957
OASIS_2,LinearSVM,47,test,motion__severe,motion,severe,D:\OASIS_2\distortions_128\motion\severe\Non_Demented\OAS2_0067\OAS2_0067_slice_07_z109.png,Non_Demented/OAS2_0067/OAS2_0067_slice_07_z109.png,Non-Demented/OAS2_0067/OAS2_0067_slice_07_z109.png,OAS2_0067,Non-Demented,0,1,Very Mild Dementia,0,-3.6987320842586997,4.4629615487082654,-1.2652982921221496,0.4385653159054601
OASIS_2,LinearSVM,47,test,motion__severe,motion,severe,D:\OASIS_2\distortions_128\motion\severe\Non_Demented\OAS2_0067\OAS2_0067_slice_08_z114.png,Non_Demented/OAS2_0067/OAS2_0067_slice_08_z114.png,Non-Demented/OAS2_0067/OAS2_0067_slice_08_z114.png,OAS2_0067,Non-Demented,0,3,Moderate Dementia,0,-4.605996127937846,1.9724794710703433,0.8723885317167058,2.0008194444488967
OASIS_2,LinearSVM,47,test,motion__severe,motion,severe,D:\OASIS_2\distortions_128\motion\severe\Non_Demented\OAS2_0067\OAS2_0067_slice_09_z120.png,Non_Demented/OAS2_0067/OAS2_0067_slice_09_z120.png,Non-Demented/OAS2_0067/OAS2_0067_slice_09_z120.png,OAS2_0067,Non-Demented,0,1,Very Mild Dementia,0,-2.1065830981960176,3.213491594534484,-2.2993327720685217,1.3802390478057003
OASIS_2,LinearSVM,47,test,motion__severe,motion,severe,D:\OASIS_2\distortions_128\motion\severe\Non_Demented\OAS2_0067\OAS2_0067_slice_10_z125.png,Non_Demented/OAS2_0067/OAS2_0067_slice_10_z125.png,Non-Demented/OAS2_0067/OAS2_0067_slice_10_z125.png,OAS2_0067,Non-Demented,0,1,Very Mild Dementia,0,-3.1995479517320966,4.653837301797305,0.39148476181337977,-1.2428566361915665
OASIS_2,LinearSVM,47,test,motion__severe,motion,severe,D:\OASIS_2\distortions_128\motion\severe\Non_Demented\OAS2_0067\OAS2_0067_slice_11_z130.png,Non_Demented/OAS2_0067/OAS2_0067_slice_11_z130.png,Non-Demented/OAS2_0067/OAS2_0067_slice_11_z130.png,OAS2_0067,Non-Demented,0,1,Very Mild Dementia,0,-3.273524754235248,4.6522731990516615,-2.435898686641128,0.16270962614612405
OASIS_2,LinearSVM,47,test,motion__severe,motion,severe,D:\OASIS_2\distortions_128\motion\severe\Non_Demented\OAS2_0067\OAS2_0067_slice_12_z135.png,Non_Demented/OAS2_0067/OAS2_0067_slice_12_z135.png,Non-Demented/OAS2_0067/OAS2_0067_slice_12_z135.png,OAS2_0067,Non-Demented,0,1,Very Mild Dementia,0,-5.611537221996106,4.765400898381052,-0.7593468882166242,1.165894969379523
OASIS_2,LinearSVM,47,test,motion__severe,motion,severe,D:\OASIS_2\distortions_128\motion\severe\Non_Demented\OAS2_0067\OAS2_0067_slice_13_z141.png,Non_Demented/OAS2_0067/OAS2_0067_slice_13_z141.png,Non-Demented/OAS2_0067/OAS2_0067_slice_13_z141.png,OAS2_0067,Non-Demented,0,1,Very Mild Dementia,0,-6.474953989954872,9.732604468318657,-3.2133094644853135,0.8958276468099384
OASIS_2,LinearSVM,47,test,motion__severe,motion,severe,D:\OASIS_2\distortions_128\motion\severe\Non_Demented\OAS2_0067\OAS2_0067_slice_14_z146.png,Non_Demented/OAS2_0067/OAS2_0067_slice_14_z146.png,Non-Demented/OAS2_0067/OAS2_0067_slice_14_z146.png,OAS2_0067,Non-Demented,0,1,Very Mild Dementia,0,-0.6034184925843107,3.2628147547003077,-2.9723911877678892,-0.46289789345328364
OASIS_2,LinearSVM,47,test,motion__severe,motion,severe,D:\OASIS_2\distortions_128\motion\severe\Non_Demented\OAS2_0067\OAS2_0067_slice_15_z151.png,Non_Demented/OAS2_0067/OAS2_0067_slice_15_z151.png,Non-Demented/OAS2_0067/OAS2_0067_slice_15_z151.png,OAS2_0067,Non-Demented,0,3,Moderate Dementia,0,-2.186473116692663,0.19145590150879413,0.8776636071476472,2.453577232959229
OASIS_2,LinearSVM,47,test,motion__severe,motion,severe,D:\OASIS_2\distortions_128\motion\severe\Non_Demented\OAS2_0067\OAS2_0067_slice_16_z157.png,Non_Demented/OAS2_0067/OAS2_0067_slice_16_z157.png,Non-Demented/OAS2_0067/OAS2_0067_slice_16_z157.png,OAS2_0067,Non-Demented,0,1,Very Mild Dementia,0,-3.3825533331935405,4.527573198001813,-1.2379325937116445,-0.32185274813857057
OASIS_2,LinearSVM,47,test,motion__severe,motion,severe,D:\OASIS_2\distortions_128\motion\severe\Non_Demented\OAS2_0067\OAS2_0067_slice_17_z162.png,Non_Demented/OAS2_0067/OAS2_0067_slice_17_z162.png,Non-Demented/OAS2_0067/OAS2_0067_slice_17_z162.png,OAS2_0067,Non-Demented,0,1,Very Mild Dementia,0,-2.0956695230900584,2.531224900599437,-2.7577632514886488,1.9109688177669364
OASIS_2,LinearSVM,47,test,motion__severe,motion,severe,D:\OASIS_2\distortions_128\motion\severe\Non_Demented\OAS2_0067\OAS2_0067_slice_18_z167.png,Non_Demented/OAS2_0067/OAS2_0067_slice_18_z167.png,Non-Demented/OAS2_0067/OAS2_0067_slice_18_z167.png,OAS2_0067,Non-Demented,0,1,Very Mild Dementia,0,-1.3166905871843009,4.045454579447968,-4.061307387598181,0.052457406196229406
OASIS_2,LinearSVM,47,test,motion__severe,motion,severe,D:\OASIS_2\distortions_128\motion\severe\Non_Demented\OAS2_0067\OAS2_0067_slice_19_z173.png,Non_Demented/OAS2_0067/OAS2_0067_slice_19_z173.png,Non-Demented/OAS2_0067/OAS2_0067_slice_19_z173.png,OAS2_0067,Non-Demented,0,1,Very Mild Dementia,0,-1.9527451032031704,3.6549721066858334,-2.548870967310829,-0.1588784876806526
OASIS_2,LinearSVM,47,test,motion__severe,motion,severe,D:\OASIS_2\distortions_128\motion\severe\Non_Demented\OAS2_0067\OAS2_0067_slice_20_z178.png,Non_Demented/OAS2_0067/OAS2_0067_slice_20_z178.png,Non-Demented/OAS2_0067/OAS2_0067_slice_20_z178.png,OAS2_0067,Non-Demented,0,1,Very Mild Dementia,0,-1.42372679790503,2.7730863783309996,-1.5639170685888257,-0.40954693624857363
OASIS_2,LinearSVM,47,test,motion__severe,motion,severe,D:\OASIS_2\distortions_128\motion\severe\Non_Demented\OAS2_0069\OAS2_0069_slice_01_z077.png,Non_Demented/OAS2_0069/OAS2_0069_slice_01_z077.png,Non-Demented/OAS2_0069/OAS2_0069_slice_01_z077.png,OAS2_0069,Non-Demented,0,1,Very Mild Dementia,0,-5.401708275074327,6.510722560167162,-0.14730182411922416,1.5183150297847559
OASIS_2,LinearSVM,47,test,motion__severe,motion,severe,D:\OASIS_2\distortions_128\motion\severe\Non_Demented\OAS2_0069\OAS2_0069_slice_02_z082.png,Non_Demented/OAS2_0069/OAS2_0069_slice_02_z082.png,Non-Demented/OAS2_0069/OAS2_0069_slice_02_z082.png,OAS2_0069,Non-Demented,0,1,Very Mild Dementia,0,-6.679984231535032,6.652552801832126,-0.735625777523065,1.7003536620933422
OASIS_2,LinearSVM,47,test,motion__severe,motion,severe,D:\OASIS_2\distortions_128\motion\severe\Non_Demented\OAS2_0069\OAS2_0069_slice_03_z088.png,Non_Demented/OAS2_0069/OAS2_0069_slice_03_z088.png,Non-Demented/OAS2_0069/OAS2_0069_slice_03_z088.png,OAS2_0069,Non-Demented,0,1,Very Mild Dementia,0,-2.748166922377101,4.462319108833732,-2.8868566182868327,0.5384932466234009
OASIS_2,LinearSVM,47,test,motion__severe,motion,severe,D:\OASIS_2\distortions_128\motion\severe\Non_Demented\OAS2_0069\OAS2_0069_slice_04_z093.png,Non_Demented/OAS2_0069/OAS2_0069_slice_04_z093.png,Non-Demented/OAS2_0069/OAS2_0069_slice_04_z093.png,OAS2_0069,Non-Demented,0,1,Very Mild Dementia,0,-3.145756352146789,6.773500855026955,-4.721385363493388,1.0274336540943163
OASIS_2,LinearSVM,47,test,motion__severe,motion,severe,D:\OASIS_2\distortions_128\motion\severe\Non_Demented\OAS2_0069\OAS2_0069_slice_05_z098.png,Non_Demented/OAS2_0069/OAS2_0069_slice_05_z098.png,Non-Demented/OAS2_0069/OAS2_0069_slice_05_z098.png,OAS2_0069,Non-Demented,0,1,Very Mild Dementia,0,-2.261094900740527,1.3976294563630527,0.06913846088250908,0.17997497828066522
OASIS_2,LinearSVM,47,test,motion__severe,motion,severe,D:\OASIS_2\distortions_128\motion\severe\Non_Demented\OAS2_0069\OAS2_0069_slice_06_z104.png,Non_Demented/OAS2_0069/OAS2_0069_slice_06_z104.png,Non-Demented/OAS2_0069/OAS2_0069_slice_06_z104.png,OAS2_0069,Non-Demented,0,1,Very Mild Dementia,0,-4.593013451316731,4.613626123358855,-0.6179268395998342,0.2042990123502728
OASIS_2,LinearSVM,47,test,motion__severe,motion,severe,D:\OASIS_2\distortions_128\motion\severe\Non_Demented\OAS2_0069\OAS2_0069_slice_07_z109.png,Non_Demented/OAS2_0069/OAS2_0069_slice_07_z109.png,Non-Demented/OAS2_0069/OAS2_0069_slice_07_z109.png,OAS2_0069,Non-Demented,0,1,Very Mild Dementia,0,-2.841252444124661,7.035947651487215,-5.851496175206298,0.7440700862601011
OASIS_2,LinearSVM,47,test,motion__severe,motion,severe,D:\OASIS_2\distortions_128\motion\severe\Non_Demented\OAS2_0069\OAS2_0069_slice_08_z114.png,Non_Demented/OAS2_0069/OAS2_0069_slice_08_z114.png,Non-Demented/OAS2_0069/OAS2_0069_slice_08_z114.png,OAS2_0069,Non-Demented,0,1,Very Mild Dementia,0,-1.3509515419200528,2.3319380177980995,-1.3583358156682115,-0.14026703796002793
OASIS_2,LinearSVM,47,test,motion__severe,motion,severe,D:\OASIS_2\distortions_128\motion\severe\Non_Demented\OAS2_0069\OAS2_0069_slice_09_z120.png,Non_Demented/OAS2_0069/OAS2_0069_slice_09_z120.png,Non-Demented/OAS2_0069/OAS2_0069_slice_09_z120.png,OAS2_0069,Non-Demented,0,1,Very Mild Dementia,0,-1.7116089937970969,2.8040622670222586,-1.9600389041438047,0.4081793066378818
OASIS_2,LinearSVM,47,test,motion__severe,motion,severe,D:\OASIS_2\distortions_128\motion\severe\Non_Demented\OAS2_0069\OAS2_0069_slice_10_z125.png,Non_Demented/OAS2_0069/OAS2_0069_slice_10_z125.png,Non-Demented/OAS2_0069/OAS2_0069_slice_10_z125.png,OAS2_0069,Non-Demented,0,1,Very Mild Dementia,0,-4.379022740745611,4.360863494840068,-1.182029006854928,0.07663975765497355
OASIS_2,LinearSVM,47,test,motion__severe,motion,severe,D:\OASIS_2\distortions_128\motion\severe\Non_Demented\OAS2_0069\OAS2_0069_slice_11_z130.png,Non_Demented/OAS2_0069/OAS2_0069_slice_11_z130.png,Non-Demented/OAS2_0069/OAS2_0069_slice_11_z130.png,OAS2_0069,Non-Demented,0,1,Very Mild Dementia,0,-4.016464760934857,5.922602509832981,-1.8117621481348118,0.7914266087768309
OASIS_2,LinearSVM,47,test,motion__severe,motion,severe,D:\OASIS_2\distortions_128\motion\severe\Non_Demented\OAS2_0069\OAS2_0069_slice_12_z135.png,Non_Demented/OAS2_0069/OAS2_0069_slice_12_z135.png,Non-Demented/OAS2_0069/OAS2_0069_slice_12_z135.png,OAS2_0069,Non-Demented,0,1,Very Mild Dementia,0,-3.027038506633065,4.120479627398031,-0.802504554176183,0.5590068483663309
OASIS_2,LinearSVM,47,test,motion__severe,motion,severe,D:\OASIS_2\distortions_128\motion\severe\Non_Demented\OAS2_0069\OAS2_0069_slice_13_z141.png,Non_Demented/OAS2_0069/OAS2_0069_slice_13_z141.png,Non-Demented/OAS2_0069/OAS2_0069_slice_13_z141.png,OAS2_0069,Non-Demented,0,1,Very Mild Dementia,0,-2.776304527054485,2.695805426045781,-0.5453269893989325,0.9533373140207817
OASIS_2,LinearSVM,47,test,motion__severe,motion,severe,D:\OASIS_2\distortions_128\motion\severe\Non_Demented\OAS2_0069\OAS2_0069_slice_14_z146.png,Non_Demented/OAS2_0069/OAS2_0069_slice_14_z146.png,Non-Demented/OAS2_0069/OAS2_0069_slice_14_z146.png,OAS2_0069,Non-Demented,0,1,Very Mild Dementia,0,-5.257804951688781,4.113094450735005,-1.1388171555310995,1.5233215639624036
OASIS_2,LinearSVM,47,test,motion__severe,motion,severe,D:\OASIS_2\distortions_128\motion\severe\Non_Demented\OAS2_0069\OAS2_0069_slice_15_z151.png,Non_Demented/OAS2_0069/OAS2_0069_slice_15_z151.png,Non-Demented/OAS2_0069/OAS2_0069_slice_15_z151.png,OAS2_0069,Non-Demented,0,1,Very Mild Dementia,0,-3.089517838210376,2.961687393134123,-0.5285120225684437,0.2612746875952474
OASIS_2,LinearSVM,47,test,motion__severe,motion,severe,D:\OASIS_2\distortions_128\motion\severe\Non_Demented\OAS2_0069\OAS2_0069_slice_16_z157.png,Non_Demented/OAS2_0069/OAS2_0069_slice_16_z157.png,Non-Demented/OAS2_0069/OAS2_0069_slice_16_z157.png,OAS2_0069,Non-Demented,0,1,Very Mild Dementia,0,-4.133352312258795,3.100513396575587,0.1382806580631749,0.4427275808786675
OASIS_2,LinearSVM,47,test,motion__severe,motion,severe,D:\OASIS_2\distortions_128\motion\severe\Non_Demented\OAS2_0069\OAS2_0069_slice_17_z162.png,Non_Demented/OAS2_0069/OAS2_0069_slice_17_z162.png,Non-Demented/OAS2_0069/OAS2_0069_slice_17_z162.png,OAS2_0069,Non-Demented,0,1,Very Mild Dementia,0,-2.9680063272173745,3.8608875669323632,-2.7381071801625914,1.4546464146123612
OASIS_2,LinearSVM,47,test,motion__severe,motion,severe,D:\OASIS_2\distortions_128\motion\severe\Non_Demented\OAS2_0069\OAS2_0069_slice_18_z167.png,Non_Demented/OAS2_0069/OAS2_0069_slice_18_z167.png,Non-Demented/OAS2_0069/OAS2_0069_slice_18_z167.png,OAS2_0069,Non-Demented,0,1,Very Mild Dementia,0,-4.080886965067113,3.694279163467618,-0.7291260662751962,1.0141586463983125
OASIS_2,LinearSVM,47,test,motion__severe,motion,severe,D:\OASIS_2\distortions_128\motion\severe\Non_Demented\OAS2_0069\OAS2_0069_slice_19_z173.png,Non_Demented/OAS2_0069/OAS2_0069_slice_19_z173.png,Non-Demented/OAS2_0069/OAS2_0069_slice_19_z173.png,OAS2_0069,Non-Demented,0,1,Very Mild Dementia,0,-5.040703247002303,4.400239532076902,0.21702623949035016,0.8076744376897775
OASIS_2,LinearSVM,47,test,motion__severe,motion,severe,D:\OASIS_2\distortions_128\motion\severe\Non_Demented\OAS2_0069\OAS2_0069_slice_20_z178.png,Non_Demented/OAS2_0069/OAS2_0069_slice_20_z178.png,Non-Demented/OAS2_0069/OAS2_0069_slice_20_z178.png,OAS2_0069,Non-Demented,0,1,Very Mild Dementia,0,-6.480335984790396,5.872187903673124,0.49959376975803116,1.1151592156739416
OASIS_2,LinearSVM,47,test,motion__severe,motion,severe,D:\OASIS_2\distortions_128\motion\severe\Non_Demented\OAS2_0070\OAS2_0070_slice_01_z077.png,Non_Demented/OAS2_0070/OAS2_0070_slice_01_z077.png,Non-Demented/OAS2_0070/OAS2_0070_slice_01_z077.png,OAS2_0070,Non-Demented,0,1,Very Mild Dementia,0,-4.707791769796281,9.149165689445121,-5.083976369481032,0.8530920721850448
OASIS_2,LinearSVM,47,test,motion__severe,motion,severe,D:\OASIS_2\distortions_128\motion\severe\Non_Demented\OAS2_0070\OAS2_0070_slice_02_z082.png,Non_Demented/OAS2_0070/OAS2_0070_slice_02_z082.png,Non-Demented/OAS2_0070/OAS2_0070_slice_02_z082.png,OAS2_0070,Non-Demented,0,1,Very Mild Dementia,0,-3.4157678452695577,3.482173567274036,-2.8466651580839395,2.061946582439945
OASIS_2,LinearSVM,47,test,motion__severe,motion,severe,D:\OASIS_2\distortions_128\motion\severe\Non_Demented\OAS2_0070\OAS2_0070_slice_03_z088.png,Non_Demented/OAS2_0070/OAS2_0070_slice_03_z088.png,Non-Demented/OAS2_0070/OAS2_0070_slice_03_z088.png,OAS2_0070,Non-Demented,0,1,Very Mild Dementia,0,-5.171177902155412,7.324820636631966,-1.232451040122728,0.9759762530355245
OASIS_2,LinearSVM,47,test,motion__severe,motion,severe,D:\OASIS_2\distortions_128\motion\severe\Non_Demented\OAS2_0070\OAS2_0070_slice_04_z093.png,Non_Demented/OAS2_0070/OAS2_0070_slice_04_z093.png,Non-Demented/OAS2_0070/OAS2_0070_slice_04_z093.png,OAS2_0070,Non-Demented,0,1,Very Mild Dementia,0,-5.056579367725109,3.6921847558491576,-1.9899677501008002,3.0905118259501045
OASIS_2,LinearSVM,47,test,motion__severe,motion,severe,D:\OASIS_2\distortions_128\motion\severe\Non_Demented\OAS2_0070\OAS2_0070_slice_05_z098.png,Non_Demented/OAS2_0070/OAS2_0070_slice_05_z098.png,Non-Demented/OAS2_0070/OAS2_0070_slice_05_z098.png,OAS2_0070,Non-Demented,0,1,Very Mild Dementia,0,-5.246177966827572,6.0843649542694,-0.9854499198415027,0.6220828484881724
OASIS_2,LinearSVM,47,test,motion__severe,motion,severe,D:\OASIS_2\distortions_128\motion\severe\Non_Demented\OAS2_0070\OAS2_0070_slice_06_z104.png,Non_Demented/OAS2_0070/OAS2_0070_slice_06_z104.png,Non-Demented/OAS2_0070/OAS2_0070_slice_06_z104.png,OAS2_0070,Non-Demented,0,1,Very Mild Dementia,0,-4.397982737333216,4.813163844644507,-1.9275988236170614,0.854133766040696
OASIS_2,LinearSVM,47,test,motion__severe,motion,severe,D:\OASIS_2\distortions_128\motion\severe\Non_Demented\OAS2_0070\OAS2_0070_slice_07_z109.png,Non_Demented/OAS2_0070/OAS2_0070_slice_07_z109.png,Non-Demented/OAS2_0070/OAS2_0070_slice_07_z109.png,OAS2_0070,Non-Demented,0,1,Very Mild Dementia,0,-3.5024309913313054,5.95429567773028,-4.041759944823713,-0.260977569988329
OASIS_2,LinearSVM,47,test,motion__severe,motion,severe,D:\OASIS_2\distortions_128\motion\severe\Non_Demented\OAS2_0070\OAS2_0070_slice_08_z114.png,Non_Demented/OAS2_0070/OAS2_0070_slice_08_z114.png,Non-Demented/OAS2_0070/OAS2_0070_slice_08_z114.png,OAS2_0070,Non-Demented,0,1,Very Mild Dementia,0,-6.259032665467106,10.507394706343527,-5.037759063542775,1.7335615125547426
OASIS_2,LinearSVM,47,test,motion__severe,motion,severe,D:\OASIS_2\distortions_128\motion\severe\Non_Demented\OAS2_0070\OAS2_0070_slice_09_z120.png,Non_Demented/OAS2_0070/OAS2_0070_slice_09_z120.png,Non-Demented/OAS2_0070/OAS2_0070_slice_09_z120.png,OAS2_0070,Non-Demented,0,1,Very Mild Dementia,0,-5.030568610879744,8.73892091987103,-1.4146352263826114,0.18224967279309823
OASIS_2,LinearSVM,47,test,motion__severe,motion,severe,D:\OASIS_2\distortions_128\motion\severe\Non_Demented\OAS2_0070\OAS2_0070_slice_10_z125.png,Non_Demented/OAS2_0070/OAS2_0070_slice_10_z125.png,Non-Demented/OAS2_0070/OAS2_0070_slice_10_z125.png,OAS2_0070,Non-Demented,0,1,Very Mild Dementia,0,-4.1468009926251055,10.522736726426965,-2.4738035953804567,0.006722551979486235
OASIS_2,LinearSVM,47,test,motion__severe,motion,severe,D:\OASIS_2\distortions_128\motion\severe\Non_Demented\OAS2_0070\OAS2_0070_slice_11_z130.png,Non_Demented/OAS2_0070/OAS2_0070_slice_11_z130.png,Non-Demented/OAS2_0070/OAS2_0070_slice_11_z130.png,OAS2_0070,Non-Demented,0,1,Very Mild Dementia,0,-5.231452218961695,11.529854089597546,-1.401864999439294,0.7270770593303904
OASIS_2,LinearSVM,47,test,motion__severe,motion,severe,D:\OASIS_2\distortions_128\motion\severe\Non_Demented\OAS2_0070\OAS2_0070_slice_12_z135.png,Non_Demented/OAS2_0070/OAS2_0070_slice_12_z135.png,Non-Demented/OAS2_0070/OAS2_0070_slice_12_z135.png,OAS2_0070,Non-Demented,0,1,Very Mild Dementia,0,-6.089698320363167,13.73813776409598,-1.974191589111836,1.1871313728366437
OASIS_2,LinearSVM,47,test,motion__severe,motion,severe,D:\OASIS_2\distortions_128\motion\severe\Non_Demented\OAS2_0070\OAS2_0070_slice_13_z141.png,Non_Demented/OAS2_0070/OAS2_0070_slice_13_z141.png,Non-Demented/OAS2_0070/OAS2_0070_slice_13_z141.png,OAS2_0070,Non-Demented,0,1,Very Mild Dementia,0,-7.597770037095099,14.781038665179972,-0.44390512178886454,1.005381820857399
OASIS_2,LinearSVM,47,test,motion__severe,motion,severe,D:\OASIS_2\distortions_128\motion\severe\Non_Demented\OAS2_0070\OAS2_0070_slice_14_z146.png,Non_Demented/OAS2_0070/OAS2_0070_slice_14_z146.png,Non-Demented/OAS2_0070/OAS2_0070_slice_14_z146.png,OAS2_0070,Non-Demented,0,1,Very Mild Dementia,0,-5.350213434619267,12.712374087529291,-2.7950596402954355,0.44771179980055
OASIS_2,LinearSVM,47,test,motion__severe,motion,severe,D:\OASIS_2\distortions_128\motion\severe\Non_Demented\OAS2_0070\OAS2_0070_slice_15_z151.png,Non_Demented/OAS2_0070/OAS2_0070_slice_15_z151.png,Non-Demented/OAS2_0070/OAS2_0070_slice_15_z151.png,OAS2_0070,Non-Demented,0,1,Very Mild Dementia,0,-4.424111501732997,12.454953623251496,-2.773289928372513,0.2509070117404648
OASIS_2,LinearSVM,47,test,motion__severe,motion,severe,D:\OASIS_2\distortions_128\motion\severe\Non_Demented\OAS2_0070\OAS2_0070_slice_16_z157.png,Non_Demented/OAS2_0070/OAS2_0070_slice_16_z157.png,Non-Demented/OAS2_0070/OAS2_0070_slice_16_z157.png,OAS2_0070,Non-Demented,0,1,Very Mild Dementia,0,-5.580696182797936,10.946100948147459,-1.3447142150202098,0.7196351340895679
OASIS_2,LinearSVM,47,test,motion__severe,motion,severe,D:\OASIS_2\distortions_128\motion\severe\Non_Demented\OAS2_0070\OAS2_0070_slice_17_z162.png,Non_Demented/OAS2_0070/OAS2_0070_slice_17_z162.png,Non-Demented/OAS2_0070/OAS2_0070_slice_17_z162.png,OAS2_0070,Non-Demented,0,1,Very Mild Dementia,0,-4.695281855043726,10.014389438778766,-2.912328087462828,0.8280799685617839
OASIS_2,LinearSVM,47,test,motion__severe,motion,severe,D:\OASIS_2\distortions_128\motion\severe\Non_Demented\OAS2_0070\OAS2_0070_slice_18_z167.png,Non_Demented/OAS2_0070/OAS2_0070_slice_18_z167.png,Non-Demented/OAS2_0070/OAS2_0070_slice_18_z167.png,OAS2_0070,Non-Demented,0,1,Very Mild Dementia,0,-5.333514564187114,11.21801550682211,-3.253077214318198,0.24330147726013474
OASIS_2,LinearSVM,47,test,motion__severe,motion,severe,D:\OASIS_2\distortions_128\motion\severe\Non_Demented\OAS2_0070\OAS2_0070_slice_19_z173.png,Non_Demented/OAS2_0070/OAS2_0070_slice_19_z173.png,Non-Demented/OAS2_0070/OAS2_0070_slice_19_z173.png,OAS2_0070,Non-Demented,0,1,Very Mild Dementia,0,-6.580890702386031,9.593367398628455,-2.2504799372444864,0.4916895696517458
OASIS_2,LinearSVM,47,test,motion__severe,motion,severe,D:\OASIS_2\distortions_128\motion\severe\Non_Demented\OAS2_0070\OAS2_0070_slice_20_z178.png,Non_Demented/OAS2_0070/OAS2_0070_slice_20_z178.png,Non-Demented/OAS2_0070/OAS2_0070_slice_20_z178.png,OAS2_0070,Non-Demented,0,1,Very Mild Dementia,0,-3.0539436358626237,2.3021678326565174,-0.655153063243504,-0.18202136305139782
OASIS_2,LinearSVM,47,test,motion__severe,motion,severe,D:\OASIS_2\distortions_128\motion\severe\Non_Demented\OAS2_0128\OAS2_0128_slice_01_z077.png,Non_Demented/OAS2_0128/OAS2_0128_slice_01_z077.png,Non-Demented/OAS2_0128/OAS2_0128_slice_01_z077.png,OAS2_0128,Non-Demented,0,1,Very Mild Dementia,0,-8.234853577335135,6.951122557468399,-3.308196036999131,3.817320424186962
OASIS_2,LinearSVM,47,test,motion__severe,motion,severe,D:\OASIS_2\distortions_128\motion\severe\Non_Demented\OAS2_0128\OAS2_0128_slice_02_z082.png,Non_Demented/OAS2_0128/OAS2_0128_slice_02_z082.png,Non-Demented/OAS2_0128/OAS2_0128_slice_02_z082.png,OAS2_0128,Non-Demented,0,1,Very Mild Dementia,0,-6.066354695336281,5.6565109313109065,-2.2564712745554565,0.9356705995600016
OASIS_2,LinearSVM,47,test,motion__severe,motion,severe,D:\OASIS_2\distortions_128\motion\severe\Non_Demented\OAS2_0128\OAS2_0128_slice_03_z088.png,Non_Demented/OAS2_0128/OAS2_0128_slice_03_z088.png,Non-Demented/OAS2_0128/OAS2_0128_slice_03_z088.png,OAS2_0128,Non-Demented,0,1,Very Mild Dementia,0,-4.658117799586273,6.840748251774398,-3.423264626323099,0.0783628673325314
OASIS_2,LinearSVM,47,test,motion__severe,motion,severe,D:\OASIS_2\distortions_128\motion\severe\Non_Demented\OAS2_0128\OAS2_0128_slice_04_z093.png,Non_Demented/OAS2_0128/OAS2_0128_slice_04_z093.png,Non-Demented/OAS2_0128/OAS2_0128_slice_04_z093.png,OAS2_0128,Non-Demented,0,1,Very Mild Dementia,0,-5.076819158012238,7.65967510227633,-1.7332049425218687,0.06840379868626867
OASIS_2,LinearSVM,47,test,motion__severe,motion,severe,D:\OASIS_2\distortions_128\motion\severe\Non_Demented\OAS2_0128\OAS2_0128_slice_05_z098.png,Non_Demented/OAS2_0128/OAS2_0128_slice_05_z098.png,Non-Demented/OAS2_0128/OAS2_0128_slice_05_z098.png,OAS2_0128,Non-Demented,0,1,Very Mild Dementia,0,-2.229703677445306,4.598053024580754,-2.158240429433342,-0.1879661525298132
OASIS_2,LinearSVM,47,test,motion__severe,motion,severe,D:\OASIS_2\distortions_128\motion\severe\Non_Demented\OAS2_0128\OAS2_0128_slice_06_z104.png,Non_Demented/OAS2_0128/OAS2_0128_slice_06_z104.png,Non-Demented/OAS2_0128/OAS2_0128_slice_06_z104.png,OAS2_0128,Non-Demented,0,1,Very Mild Dementia,0,-6.9577155455880275,10.386620113434935,-5.085217762479423,1.2889470872580424
OASIS_2,LinearSVM,47,test,motion__severe,motion,severe,D:\OASIS_2\distortions_128\motion\severe\Non_Demented\OAS2_0128\OAS2_0128_slice_07_z109.png,Non_Demented/OAS2_0128/OAS2_0128_slice_07_z109.png,Non-Demented/OAS2_0128/OAS2_0128_slice_07_z109.png,OAS2_0128,Non-Demented,0,1,Very Mild Dementia,0,-3.3694656055983176,4.351688159856332,-1.177535135972542,0.565938930083149
OASIS_2,LinearSVM,47,test,motion__severe,motion,severe,D:\OASIS_2\distortions_128\motion\severe\Non_Demented\OAS2_0128\OAS2_0128_slice_08_z114.png,Non_Demented/OAS2_0128/OAS2_0128_slice_08_z114.png,Non-Demented/OAS2_0128/OAS2_0128_slice_08_z114.png,OAS2_0128,Non-Demented,0,1,Very Mild Dementia,0,-3.0647422782435583,3.5984533652956103,-1.9763608265458021,0.5199987095365597
OASIS_2,LinearSVM,47,test,motion__severe,motion,severe,D:\OASIS_2\distortions_128\motion\severe\Non_Demented\OAS2_0128\OAS2_0128_slice_09_z120.png,Non_Demented/OAS2_0128/OAS2_0128_slice_09_z120.png,Non-Demented/OAS2_0128/OAS2_0128_slice_09_z120.png,OAS2_0128,Non-Demented,0,1,Very Mild Dementia,0,-3.8285625862323003,4.898851954442546,-1.933526678220972,1.4119067947338588
OASIS_2,LinearSVM,47,test,motion__severe,motion,severe,D:\OASIS_2\distortions_128\motion\severe\Non_Demented\OAS2_0128\OAS2_0128_slice_10_z125.png,Non_Demented/OAS2_0128/OAS2_0128_slice_10_z125.png,Non-Demented/OAS2_0128/OAS2_0128_slice_10_z125.png,OAS2_0128,Non-Demented,0,1,Very Mild Dementia,0,-3.6689936863344843,3.4547447636187343,-0.5531409813912662,0.07642569728063076
OASIS_2,LinearSVM,47,test,motion__severe,motion,severe,D:\OASIS_2\distortions_128\motion\severe\Non_Demented\OAS2_0128\OAS2_0128_slice_11_z130.png,Non_Demented/OAS2_0128/OAS2_0128_slice_11_z130.png,Non-Demented/OAS2_0128/OAS2_0128_slice_11_z130.png,OAS2_0128,Non-Demented,0,1,Very Mild Dementia,0,-3.231920043996137,3.403614798691307,-0.04112378554158602,0.06539593019467294
OASIS_2,LinearSVM,47,test,motion__severe,motion,severe,D:\OASIS_2\distortions_128\motion\severe\Non_Demented\OAS2_0128\OAS2_0128_slice_12_z135.png,Non_Demented/OAS2_0128/OAS2_0128_slice_12_z135.png,Non-Demented/OAS2_0128/OAS2_0128_slice_12_z135.png,OAS2_0128,Non-Demented,0,1,Very Mild Dementia,0,-2.338510361020944,6.189830544833535,-2.7601515161212133,0.7545636405552629
OASIS_2,LinearSVM,47,test,motion__severe,motion,severe,D:\OASIS_2\distortions_128\motion\severe\Non_Demented\OAS2_0128\OAS2_0128_slice_13_z141.png,Non_Demented/OAS2_0128/OAS2_0128_slice_13_z141.png,Non-Demented/OAS2_0128/OAS2_0128_slice_13_z141.png,OAS2_0128,Non-Demented,0,1,Very Mild Dementia,0,-1.5465125107064732,4.680720255939693,-3.801927889462594,0.3049874874454055
OASIS_2,LinearSVM,47,test,motion__severe,motion,severe,D:\OASIS_2\distortions_128\motion\severe\Non_Demented\OAS2_0128\OAS2_0128_slice_14_z146.png,Non_Demented/OAS2_0128/OAS2_0128_slice_14_z146.png,Non-Demented/OAS2_0128/OAS2_0128_slice_14_z146.png,OAS2_0128,Non-Demented,0,1,Very Mild Dementia,0,-4.4213089922515465,3.603240253024714,0.002352332426806991,0.9828523027576348
OASIS_2,LinearSVM,47,test,motion__severe,motion,severe,D:\OASIS_2\distortions_128\motion\severe\Non_Demented\OAS2_0128\OAS2_0128_slice_15_z151.png,Non_Demented/OAS2_0128/OAS2_0128_slice_15_z151.png,Non-Demented/OAS2_0128/OAS2_0128_slice_15_z151.png,OAS2_0128,Non-Demented,0,1,Very Mild Dementia,0,-2.3251196857732586,2.968588418072831,-2.4646013692658455,0.4863722558499508
OASIS_2,LinearSVM,47,test,motion__severe,motion,severe,D:\OASIS_2\distortions_128\motion\severe\Non_Demented\OAS2_0128\OAS2_0128_slice_16_z157.png,Non_Demented/OAS2_0128/OAS2_0128_slice_16_z157.png,Non-Demented/OAS2_0128/OAS2_0128_slice_16_z157.png,OAS2_0128,Non-Demented,0,1,Very Mild Dementia,0,-5.710836404956424,5.8879316896042955,-2.8042321309690945,2.321138072804283
OASIS_2,LinearSVM,47,test,motion__severe,motion,severe,D:\OASIS_2\distortions_128\motion\severe\Non_Demented\OAS2_0128\OAS2_0128_slice_17_z162.png,Non_Demented/OAS2_0128/OAS2_0128_slice_17_z162.png,Non-Demented/OAS2_0128/OAS2_0128_slice_17_z162.png,OAS2_0128,Non-Demented,0,1,Very Mild Dementia,0,-6.44501987397913,4.64790711116817,0.3173776161692251,1.1135422012685452
OASIS_2,LinearSVM,47,test,motion__severe,motion,severe,D:\OASIS_2\distortions_128\motion\severe\Non_Demented\OAS2_0128\OAS2_0128_slice_18_z167.png,Non_Demented/OAS2_0128/OAS2_0128_slice_18_z167.png,Non-Demented/OAS2_0128/OAS2_0128_slice_18_z167.png,OAS2_0128,Non-Demented,0,1,Very Mild Dementia,0,-3.570708607353351,3.389166016421131,0.0864302103010327,-0.13779058498348595
OASIS_2,LinearSVM,47,test,motion__severe,motion,severe,D:\OASIS_2\distortions_128\motion\severe\Non_Demented\OAS2_0128\OAS2_0128_slice_19_z173.png,Non_Demented/OAS2_0128/OAS2_0128_slice_19_z173.png,Non-Demented/OAS2_0128/OAS2_0128_slice_19_z173.png,OAS2_0128,Non-Demented,0,1,Very Mild Dementia,0,-4.203196558194467,3.8200995148010697,0.04109428224525258,0.3142944126088032
OASIS_2,LinearSVM,47,test,motion__severe,motion,severe,D:\OASIS_2\distortions_128\motion\severe\Non_Demented\OAS2_0128\OAS2_0128_slice_20_z178.png,Non_Demented/OAS2_0128/OAS2_0128_slice_20_z178.png,Non-Demented/OAS2_0128/OAS2_0128_slice_20_z178.png,OAS2_0128,Non-Demented,0,1,Very Mild Dementia,0,-1.8718134434228033,1.9180227884380037,-0.8929228209986085,-0.7817054498357843
OASIS_2,LinearSVM,47,test,motion__severe,motion,severe,D:\OASIS_2\distortions_128\motion\severe\Non_Demented\OAS2_0135\OAS2_0135_slice_01_z077.png,Non_Demented/OAS2_0135/OAS2_0135_slice_01_z077.png,Non-Demented/OAS2_0135/OAS2_0135_slice_01_z077.png,OAS2_0135,Non-Demented,0,1,Very Mild Dementia,0,-1.9100373429062618,4.450602694854826,-2.3794513915520823,0.8389756931314358
OASIS_2,LinearSVM,47,test,motion__severe,motion,severe,D:\OASIS_2\distortions_128\motion\severe\Non_Demented\OAS2_0135\OAS2_0135_slice_02_z082.png,Non_Demented/OAS2_0135/OAS2_0135_slice_02_z082.png,Non-Demented/OAS2_0135/OAS2_0135_slice_02_z082.png,OAS2_0135,Non-Demented,0,1,Very Mild Dementia,0,-6.189229542727995,2.8457265810956365,1.0934406168164799,0.8153118057717526
OASIS_2,LinearSVM,47,test,motion__severe,motion,severe,D:\OASIS_2\distortions_128\motion\severe\Non_Demented\OAS2_0135\OAS2_0135_slice_03_z088.png,Non_Demented/OAS2_0135/OAS2_0135_slice_03_z088.png,Non-Demented/OAS2_0135/OAS2_0135_slice_03_z088.png,OAS2_0135,Non-Demented,0,1,Very Mild Dementia,0,-7.228841806249008,8.914417421859566,-1.3486003943775622,0.07160816839014439
OASIS_2,LinearSVM,47,test,motion__severe,motion,severe,D:\OASIS_2\distortions_128\motion\severe\Non_Demented\OAS2_0135\OAS2_0135_slice_04_z093.png,Non_Demented/OAS2_0135/OAS2_0135_slice_04_z093.png,Non-Demented/OAS2_0135/OAS2_0135_slice_04_z093.png,OAS2_0135,Non-Demented,0,1,Very Mild Dementia,0,-2.8724680324315326,1.6813823030073045,-0.5676476288097668,1.4663659463219556
OASIS_2,LinearSVM,47,test,motion__severe,motion,severe,D:\OASIS_2\distortions_128\motion\severe\Non_Demented\OAS2_0135\OAS2_0135_slice_05_z098.png,Non_Demented/OAS2_0135/OAS2_0135_slice_05_z098.png,Non-Demented/OAS2_0135/OAS2_0135_slice_05_z098.png,OAS2_0135,Non-Demented,0,1,Very Mild Dementia,0,-2.9371543138392946,3.5288321806487124,-3.432745073729324,1.439722918370562
OASIS_2,LinearSVM,47,test,motion__severe,motion,severe,D:\OASIS_2\distortions_128\motion\severe\Non_Demented\OAS2_0135\OAS2_0135_slice_06_z104.png,Non_Demented/OAS2_0135/OAS2_0135_slice_06_z104.png,Non-Demented/OAS2_0135/OAS2_0135_slice_06_z104.png,OAS2_0135,Non-Demented,0,1,Very Mild Dementia,0,-1.054554674388689,2.980110131222201,-2.5376460220838752,0.09640369022326034
OASIS_2,LinearSVM,47,test,motion__severe,motion,severe,D:\OASIS_2\distortions_128\motion\severe\Non_Demented\OAS2_0135\OAS2_0135_slice_07_z109.png,Non_Demented/OAS2_0135/OAS2_0135_slice_07_z109.png,Non-Demented/OAS2_0135/OAS2_0135_slice_07_z109.png,OAS2_0135,Non-Demented,0,1,Very Mild Dementia,0,0.1471002423429413,3.2331984534944676,-3.259704446630772,-1.1146639866500463
OASIS_2,LinearSVM,47,test,motion__severe,motion,severe,D:\OASIS_2\distortions_128\motion\severe\Non_Demented\OAS2_0135\OAS2_0135_slice_08_z114.png,Non_Demented/OAS2_0135/OAS2_0135_slice_08_z114.png,Non-Demented/OAS2_0135/OAS2_0135_slice_08_z114.png,OAS2_0135,Non-Demented,0,1,Very Mild Dementia,0,-2.140443393179012,3.9153860313360758,-1.8627841418774005,-0.37407862233501943
OASIS_2,LinearSVM,47,test,motion__severe,motion,severe,D:\OASIS_2\distortions_128\motion\severe\Non_Demented\OAS2_0135\OAS2_0135_slice_09_z120.png,Non_Demented/OAS2_0135/OAS2_0135_slice_09_z120.png,Non-Demented/OAS2_0135/OAS2_0135_slice_09_z120.png,OAS2_0135,Non-Demented,0,1,Very Mild Dementia,0,-3.6387772501289044,7.164712221022368,-3.8654007894735085,-0.33798970635491554
OASIS_2,LinearSVM,47,test,motion__severe,motion,severe,D:\OASIS_2\distortions_128\motion\severe\Non_Demented\OAS2_0135\OAS2_0135_slice_10_z125.png,Non_Demented/OAS2_0135/OAS2_0135_slice_10_z125.png,Non-Demented/OAS2_0135/OAS2_0135_slice_10_z125.png,OAS2_0135,Non-Demented,0,1,Very Mild Dementia,0,-1.1045540459677137,3.4022087515688857,-1.1887284308890618,0.7318426006125018
OASIS_2,LinearSVM,47,test,motion__severe,motion,severe,D:\OASIS_2\distortions_128\motion\severe\Non_Demented\OAS2_0135\OAS2_0135_slice_11_z130.png,Non_Demented/OAS2_0135/OAS2_0135_slice_11_z130.png,Non-Demented/OAS2_0135/OAS2_0135_slice_11_z130.png,OAS2_0135,Non-Demented,0,1,Very Mild Dementia,0,-3.943508302750334,5.269613408680601,-2.578131861599016,1.4878828307387706
OASIS_2,LinearSVM,47,test,motion__severe,motion,severe,D:\OASIS_2\distortions_128\motion\severe\Non_Demented\OAS2_0135\OAS2_0135_slice_12_z135.png,Non_Demented/OAS2_0135/OAS2_0135_slice_12_z135.png,Non-Demented/OAS2_0135/OAS2_0135_slice_12_z135.png,OAS2_0135,Non-Demented,0,1,Very Mild Dementia,0,-4.081945108872734,6.981747967478894,-2.544603510540758,-0.08157527815905485
OASIS_2,LinearSVM,47,test,motion__severe,motion,severe,D:\OASIS_2\distortions_128\motion\severe\Non_Demented\OAS2_0135\OAS2_0135_slice_13_z141.png,Non_Demented/OAS2_0135/OAS2_0135_slice_13_z141.png,Non-Demented/OAS2_0135/OAS2_0135_slice_13_z141.png,OAS2_0135,Non-Demented,0,1,Very Mild Dementia,0,-0.4431161220966743,2.3997945130482914,-2.7203378434199585,1.29372845272892
OASIS_2,LinearSVM,47,test,motion__severe,motion,severe,D:\OASIS_2\distortions_128\motion\severe\Non_Demented\OAS2_0135\OAS2_0135_slice_14_z146.png,Non_Demented/OAS2_0135/OAS2_0135_slice_14_z146.png,Non-Demented/OAS2_0135/OAS2_0135_slice_14_z146.png,OAS2_0135,Non-Demented,0,1,Very Mild Dementia,0,-2.526336305591294,6.011848510130169,-2.1259766444392376,1.1544043823954664
OASIS_2,LinearSVM,47,test,motion__severe,motion,severe,D:\OASIS_2\distortions_128\motion\severe\Non_Demented\OAS2_0135\OAS2_0135_slice_15_z151.png,Non_Demented/OAS2_0135/OAS2_0135_slice_15_z151.png,Non-Demented/OAS2_0135/OAS2_0135_slice_15_z151.png,OAS2_0135,Non-Demented,0,1,Very Mild Dementia,0,-2.2676093322874693,6.440283416058387,-4.25110693258979,0.4202261015189035
OASIS_2,LinearSVM,47,test,motion__severe,motion,severe,D:\OASIS_2\distortions_128\motion\severe\Non_Demented\OAS2_0135\OAS2_0135_slice_16_z157.png,Non_Demented/OAS2_0135/OAS2_0135_slice_16_z157.png,Non-Demented/OAS2_0135/OAS2_0135_slice_16_z157.png,OAS2_0135,Non-Demented,0,1,Very Mild Dementia,0,-4.2304616957271435,6.973291936087113,-0.0383019787655432,-0.930139702331215
OASIS_2,LinearSVM,47,test,motion__severe,motion,severe,D:\OASIS_2\distortions_128\motion\severe\Non_Demented\OAS2_0135\OAS2_0135_slice_17_z162.png,Non_Demented/OAS2_0135/OAS2_0135_slice_17_z162.png,Non-Demented/OAS2_0135/OAS2_0135_slice_17_z162.png,OAS2_0135,Non-Demented,0,1,Very Mild Dementia,0,-0.3337768157345656,3.3927907523235348,-3.8126143592915236,1.2311231329946533
OASIS_2,LinearSVM,47,test,motion__severe,motion,severe,D:\OASIS_2\distortions_128\motion\severe\Non_Demented\OAS2_0135\OAS2_0135_slice_18_z167.png,Non_Demented/OAS2_0135/OAS2_0135_slice_18_z167.png,Non-Demented/OAS2_0135/OAS2_0135_slice_18_z167.png,OAS2_0135,Non-Demented,0,1,Very Mild Dementia,0,-2.258029216936078,5.959718266346505,-3.377845464127992,-0.18446345975766332
OASIS_2,LinearSVM,47,test,motion__severe,motion,severe,D:\OASIS_2\distortions_128\motion\severe\Non_Demented\OAS2_0135\OAS2_0135_slice_19_z173.png,Non_Demented/OAS2_0135/OAS2_0135_slice_19_z173.png,Non-Demented/OAS2_0135/OAS2_0135_slice_19_z173.png,OAS2_0135,Non-Demented,0,1,Very Mild Dementia,0,-3.0287007661252203,4.501443652006284,-2.5844221536351233,-0.16520722068840143
OASIS_2,LinearSVM,47,test,motion__severe,motion,severe,D:\OASIS_2\distortions_128\motion\severe\Non_Demented\OAS2_0135\OAS2_0135_slice_20_z178.png,Non_Demented/OAS2_0135/OAS2_0135_slice_20_z178.png,Non-Demented/OAS2_0135/OAS2_0135_slice_20_z178.png,OAS2_0135,Non-Demented,0,1,Very Mild Dementia,0,-2.8374997394724732,5.085596116527021,-2.945321171409451,0.10261894725562715
OASIS_2,LinearSVM,47,test,motion__severe,motion,severe,D:\OASIS_2\distortions_128\motion\severe\Non_Demented\OAS2_0141\OAS2_0141_slice_01_z077.png,Non_Demented/OAS2_0141/OAS2_0141_slice_01_z077.png,Non-Demented/OAS2_0141/OAS2_0141_slice_01_z077.png,OAS2_0141,Non-Demented,0,1,Very Mild Dementia,0,-3.388251235378094,2.951175684689965,0.5016180786287346,-0.26118376514934416
OASIS_2,LinearSVM,47,test,motion__severe,motion,severe,D:\OASIS_2\distortions_128\motion\severe\Non_Demented\OAS2_0141\OAS2_0141_slice_02_z082.png,Non_Demented/OAS2_0141/OAS2_0141_slice_02_z082.png,Non-Demented/OAS2_0141/OAS2_0141_slice_02_z082.png,OAS2_0141,Non-Demented,0,1,Very Mild Dementia,0,-2.153344692009147,1.5052988402745318,0.40802723231532123,0.271065699411734
OASIS_2,LinearSVM,47,test,motion__severe,motion,severe,D:\OASIS_2\distortions_128\motion\severe\Non_Demented\OAS2_0141\OAS2_0141_slice_03_z088.png,Non_Demented/OAS2_0141/OAS2_0141_slice_03_z088.png,Non-Demented/OAS2_0141/OAS2_0141_slice_03_z088.png,OAS2_0141,Non-Demented,0,1,Very Mild Dementia,0,-5.329928473365024,6.094420023883355,0.3647100030373994,0.8256606695803699
OASIS_2,LinearSVM,47,test,motion__severe,motion,severe,D:\OASIS_2\distortions_128\motion\severe\Non_Demented\OAS2_0141\OAS2_0141_slice_04_z093.png,Non_Demented/OAS2_0141/OAS2_0141_slice_04_z093.png,Non-Demented/OAS2_0141/OAS2_0141_slice_04_z093.png,OAS2_0141,Non-Demented,0,1,Very Mild Dementia,0,-6.213966915234545,5.49672760783548,-0.19337640580394866,1.6364212667628228
OASIS_2,LinearSVM,47,test,motion__severe,motion,severe,D:\OASIS_2\distortions_128\motion\severe\Non_Demented\OAS2_0141\OAS2_0141_slice_05_z098.png,Non_Demented/OAS2_0141/OAS2_0141_slice_05_z098.png,Non-Demented/OAS2_0141/OAS2_0141_slice_05_z098.png,OAS2_0141,Non-Demented,0,1,Very Mild Dementia,0,-7.347241115238385,4.873437542532167,1.1721735384285497,2.1772948412555038
OASIS_2,LinearSVM,47,test,motion__severe,motion,severe,D:\OASIS_2\distortions_128\motion\severe\Non_Demented\OAS2_0141\OAS2_0141_slice_06_z104.png,Non_Demented/OAS2_0141/OAS2_0141_slice_06_z104.png,Non-Demented/OAS2_0141/OAS2_0141_slice_06_z104.png,OAS2_0141,Non-Demented,0,1,Very Mild Dementia,0,-5.439719804989982,4.1238416843166075,-0.060092706282215635,0.7358616845151031
OASIS_2,LinearSVM,47,test,motion__severe,motion,severe,D:\OASIS_2\distortions_128\motion\severe\Non_Demented\OAS2_0141\OAS2_0141_slice_07_z109.png,Non_Demented/OAS2_0141/OAS2_0141_slice_07_z109.png,Non-Demented/OAS2_0141/OAS2_0141_slice_07_z109.png,OAS2_0141,Non-Demented,0,1,Very Mild Dementia,0,-6.749489385695368,7.518762274623007,-0.366305317055981,0.9896712827618799
OASIS_2,LinearSVM,47,test,motion__severe,motion,severe,D:\OASIS_2\distortions_128\motion\severe\Non_Demented\OAS2_0141\OAS2_0141_slice_08_z114.png,Non_Demented/OAS2_0141/OAS2_0141_slice_08_z114.png,Non-Demented/OAS2_0141/OAS2_0141_slice_08_z114.png,OAS2_0141,Non-Demented,0,1,Very Mild Dementia,0,-2.808820577857686,3.9476397087166317,-2.1624071257663506,0.29747473763690424
OASIS_2,LinearSVM,47,test,motion__severe,motion,severe,D:\OASIS_2\distortions_128\motion\severe\Non_Demented\OAS2_0141\OAS2_0141_slice_09_z120.png,Non_Demented/OAS2_0141/OAS2_0141_slice_09_z120.png,Non-Demented/OAS2_0141/OAS2_0141_slice_09_z120.png,OAS2_0141,Non-Demented,0,1,Very Mild Dementia,0,-3.0334765661394147,3.923569232168858,-1.9621761775635047,0.5687033773132548
OASIS_2,LinearSVM,47,test,motion__severe,motion,severe,D:\OASIS_2\distortions_128\motion\severe\Non_Demented\OAS2_0141\OAS2_0141_slice_10_z125.png,Non_Demented/OAS2_0141/OAS2_0141_slice_10_z125.png,Non-Demented/OAS2_0141/OAS2_0141_slice_10_z125.png,OAS2_0141,Non-Demented,0,1,Very Mild Dementia,0,-2.1511548371005245,3.5994550309021363,-1.4593302129798484,0.2212811021983394
OASIS_2,LinearSVM,47,test,motion__severe,motion,severe,D:\OASIS_2\distortions_128\motion\severe\Non_Demented\OAS2_0141\OAS2_0141_slice_11_z130.png,Non_Demented/OAS2_0141/OAS2_0141_slice_11_z130.png,Non-Demented/OAS2_0141/OAS2_0141_slice_11_z130.png,OAS2_0141,Non-Demented,0,1,Very Mild Dementia,0,-3.00114802332401,3.6193842063990744,-1.6457115171561711,0.4289091818546893
OASIS_2,LinearSVM,47,test,motion__severe,motion,severe,D:\OASIS_2\distortions_128\motion\severe\Non_Demented\OAS2_0141\OAS2_0141_slice_12_z135.png,Non_Demented/OAS2_0141/OAS2_0141_slice_12_z135.png,Non-Demented/OAS2_0141/OAS2_0141_slice_12_z135.png,OAS2_0141,Non-Demented,0,1,Very Mild Dementia,0,-2.3147732911442116,3.5488567066985457,-1.8207602432759757,-0.1867898079031327
OASIS_2,LinearSVM,47,test,motion__severe,motion,severe,D:\OASIS_2\distortions_128\motion\severe\Non_Demented\OAS2_0141\OAS2_0141_slice_13_z141.png,Non_Demented/OAS2_0141/OAS2_0141_slice_13_z141.png,Non-Demented/OAS2_0141/OAS2_0141_slice_13_z141.png,OAS2_0141,Non-Demented,0,1,Very Mild Dementia,0,-1.5626322012435616,4.018837062631535,-3.1026591707410973,0.2512959032100084
OASIS_2,LinearSVM,47,test,motion__severe,motion,severe,D:\OASIS_2\distortions_128\motion\severe\Non_Demented\OAS2_0141\OAS2_0141_slice_14_z146.png,Non_Demented/OAS2_0141/OAS2_0141_slice_14_z146.png,Non-Demented/OAS2_0141/OAS2_0141_slice_14_z146.png,OAS2_0141,Non-Demented,0,1,Very Mild Dementia,0,-2.028588584318315,2.9798346695333913,-0.6911986612596785,0.25402103589684977
OASIS_2,LinearSVM,47,test,motion__severe,motion,severe,D:\OASIS_2\distortions_128\motion\severe\Non_Demented\OAS2_0141\OAS2_0141_slice_15_z151.png,Non_Demented/OAS2_0141/OAS2_0141_slice_15_z151.png,Non-Demented/OAS2_0141/OAS2_0141_slice_15_z151.png,OAS2_0141,Non-Demented,0,1,Very Mild Dementia,0,-3.170987205761638,4.088528670915704,-1.6028917747915719,0.6139030639414615
OASIS_2,LinearSVM,47,test,motion__severe,motion,severe,D:\OASIS_2\distortions_128\motion\severe\Non_Demented\OAS2_0141\OAS2_0141_slice_16_z157.png,Non_Demented/OAS2_0141/OAS2_0141_slice_16_z157.png,Non-Demented/OAS2_0141/OAS2_0141_slice_16_z157.png,OAS2_0141,Non-Demented,0,1,Very Mild Dementia,0,-2.9210668409458633,3.418423686490451,-2.3950498842922525,1.5698378729843427
OASIS_2,LinearSVM,47,test,motion__severe,motion,severe,D:\OASIS_2\distortions_128\motion\severe\Non_Demented\OAS2_0141\OAS2_0141_slice_17_z162.png,Non_Demented/OAS2_0141/OAS2_0141_slice_17_z162.png,Non-Demented/OAS2_0141/OAS2_0141_slice_17_z162.png,OAS2_0141,Non-Demented,0,1,Very Mild Dementia,0,-5.816284627504015,6.6058184907386925,-2.0933261484014976,1.101641749159168
OASIS_2,LinearSVM,47,test,motion__severe,motion,severe,D:\OASIS_2\distortions_128\motion\severe\Non_Demented\OAS2_0141\OAS2_0141_slice_18_z167.png,Non_Demented/OAS2_0141/OAS2_0141_slice_18_z167.png,Non-Demented/OAS2_0141/OAS2_0141_slice_18_z167.png,OAS2_0141,Non-Demented,0,1,Very Mild Dementia,0,-2.7963867405980634,3.430915996884205,-1.7363768059570117,0.3515514829016937
OASIS_2,LinearSVM,47,test,motion__severe,motion,severe,D:\OASIS_2\distortions_128\motion\severe\Non_Demented\OAS2_0141\OAS2_0141_slice_19_z173.png,Non_Demented/OAS2_0141/OAS2_0141_slice_19_z173.png,Non-Demented/OAS2_0141/OAS2_0141_slice_19_z173.png,OAS2_0141,Non-Demented,0,1,Very Mild Dementia,0,-3.6967738222548996,3.99245815635276,-1.1467122814543478,0.4346343906479213
OASIS_2,LinearSVM,47,test,motion__severe,motion,severe,D:\OASIS_2\distortions_128\motion\severe\Non_Demented\OAS2_0141\OAS2_0141_slice_20_z178.png,Non_Demented/OAS2_0141/OAS2_0141_slice_20_z178.png,Non-Demented/OAS2_0141/OAS2_0141_slice_20_z178.png,OAS2_0141,Non-Demented,0,1,Very Mild Dementia,0,-3.8947353462351693,4.926268414848109,-2.027077571554589,-0.21235355984869841
OASIS_2,LinearSVM,47,test,motion__severe,motion,severe,D:\OASIS_2\distortions_128\motion\severe\Non_Demented\OAS2_0171\OAS2_0171_slice_01_z077.png,Non_Demented/OAS2_0171/OAS2_0171_slice_01_z077.png,Non-Demented/OAS2_0171/OAS2_0171_slice_01_z077.png,OAS2_0171,Non-Demented,0,1,Very Mild Dementia,0,-10.143960495162867,11.021571760111518,-1.1942668125317792,2.4880717754668633
OASIS_2,LinearSVM,47,test,motion__severe,motion,severe,D:\OASIS_2\distortions_128\motion\severe\Non_Demented\OAS2_0171\OAS2_0171_slice_02_z082.png,Non_Demented/OAS2_0171/OAS2_0171_slice_02_z082.png,Non-Demented/OAS2_0171/OAS2_0171_slice_02_z082.png,OAS2_0171,Non-Demented,0,1,Very Mild Dementia,0,-4.834309096373244,5.805156286041186,-1.8633619373547594,0.5237151626875747
OASIS_2,LinearSVM,47,test,motion__severe,motion,severe,D:\OASIS_2\distortions_128\motion\severe\Non_Demented\OAS2_0171\OAS2_0171_slice_03_z088.png,Non_Demented/OAS2_0171/OAS2_0171_slice_03_z088.png,Non-Demented/OAS2_0171/OAS2_0171_slice_03_z088.png,OAS2_0171,Non-Demented,0,1,Very Mild Dementia,0,-2.9282272619736154,3.306811702866878,-0.8823659428218011,1.3384383751482591
OASIS_2,LinearSVM,47,test,motion__severe,motion,severe,D:\OASIS_2\distortions_128\motion\severe\Non_Demented\OAS2_0171\OAS2_0171_slice_04_z093.png,Non_Demented/OAS2_0171/OAS2_0171_slice_04_z093.png,Non-Demented/OAS2_0171/OAS2_0171_slice_04_z093.png,OAS2_0171,Non-Demented,0,1,Very Mild Dementia,0,-5.969262097719801,8.5169035570146,-2.2578638724420617,0.7588771652180182
OASIS_2,LinearSVM,47,test,motion__severe,motion,severe,D:\OASIS_2\distortions_128\motion\severe\Non_Demented\OAS2_0171\OAS2_0171_slice_05_z098.png,Non_Demented/OAS2_0171/OAS2_0171_slice_05_z098.png,Non-Demented/OAS2_0171/OAS2_0171_slice_05_z098.png,OAS2_0171,Non-Demented,0,1,Very Mild Dementia,0,-2.8035497121676074,6.827735455532148,-1.3224787723516283,0.1464738186126162
OASIS_2,LinearSVM,47,test,motion__severe,motion,severe,D:\OASIS_2\distortions_128\motion\severe\Non_Demented\OAS2_0171\OAS2_0171_slice_06_z104.png,Non_Demented/OAS2_0171/OAS2_0171_slice_06_z104.png,Non-Demented/OAS2_0171/OAS2_0171_slice_06_z104.png,OAS2_0171,Non-Demented,0,1,Very Mild Dementia,0,-5.356715712238739,7.763305540672786,0.049371810274915995,-0.38345006341846377
OASIS_2,LinearSVM,47,test,motion__severe,motion,severe,D:\OASIS_2\distortions_128\motion\severe\Non_Demented\OAS2_0171\OAS2_0171_slice_07_z109.png,Non_Demented/OAS2_0171/OAS2_0171_slice_07_z109.png,Non-Demented/OAS2_0171/OAS2_0171_slice_07_z109.png,OAS2_0171,Non-Demented,0,1,Very Mild Dementia,0,-3.7015640623639614,9.72019391334892,-4.541574487997565,-0.44150979601787316
OASIS_2,LinearSVM,47,test,motion__severe,motion,severe,D:\OASIS_2\distortions_128\motion\severe\Non_Demented\OAS2_0171\OAS2_0171_slice_08_z114.png,Non_Demented/OAS2_0171/OAS2_0171_slice_08_z114.png,Non-Demented/OAS2_0171/OAS2_0171_slice_08_z114.png,OAS2_0171,Non-Demented,0,1,Very Mild Dementia,0,-4.252206712538922,9.452797927195487,-1.126092236316144,-0.4939701833099107
OASIS_2,LinearSVM,47,test,motion__severe,motion,severe,D:\OASIS_2\distortions_128\motion\severe\Non_Demented\OAS2_0171\OAS2_0171_slice_09_z120.png,Non_Demented/OAS2_0171/OAS2_0171_slice_09_z120.png,Non-Demented/OAS2_0171/OAS2_0171_slice_09_z120.png,OAS2_0171,Non-Demented,0,1,Very Mild Dementia,0,-2.031795197239011,9.492585366643176,-4.487005133832298,0.5145618381873955
OASIS_2,LinearSVM,47,test,motion__severe,motion,severe,D:\OASIS_2\distortions_128\motion\severe\Non_Demented\OAS2_0171\OAS2_0171_slice_10_z125.png,Non_Demented/OAS2_0171/OAS2_0171_slice_10_z125.png,Non-Demented/OAS2_0171/OAS2_0171_slice_10_z125.png,OAS2_0171,Non-Demented,0,1,Very Mild Dementia,0,-8.83313332476904,11.76416986681399,-0.4369990521020348,1.0037151678443246
OASIS_2,LinearSVM,47,test,motion__severe,motion,severe,D:\OASIS_2\distortions_128\motion\severe\Non_Demented\OAS2_0171\OAS2_0171_slice_11_z130.png,Non_Demented/OAS2_0171/OAS2_0171_slice_11_z130.png,Non-Demented/OAS2_0171/OAS2_0171_slice_11_z130.png,OAS2_0171,Non-Demented,0,1,Very Mild Dementia,0,-5.232012968415859,11.326677904966651,-3.6435327608024513,0.34641218520636397
OASIS_2,LinearSVM,47,test,motion__severe,motion,severe,D:\OASIS_2\distortions_128\motion\severe\Non_Demented\OAS2_0171\OAS2_0171_slice_12_z135.png,Non_Demented/OAS2_0171/OAS2_0171_slice_12_z135.png,Non-Demented/OAS2_0171/OAS2_0171_slice_12_z135.png,OAS2_0171,Non-Demented,0,1,Very Mild Dementia,0,-5.4246606138585545,9.942485823356787,-2.566004773784742,0.958579703732312
OASIS_2,LinearSVM,47,test,motion__severe,motion,severe,D:\OASIS_2\distortions_128\motion\severe\Non_Demented\OAS2_0171\OAS2_0171_slice_13_z141.png,Non_Demented/OAS2_0171/OAS2_0171_slice_13_z141.png,Non-Demented/OAS2_0171/OAS2_0171_slice_13_z141.png,OAS2_0171,Non-Demented,0,1,Very Mild Dementia,0,-3.4485369990214925,7.6400120240023845,-4.155429539462452,0.5014217582607561
OASIS_2,LinearSVM,47,test,motion__severe,motion,severe,D:\OASIS_2\distortions_128\motion\severe\Non_Demented\OAS2_0171\OAS2_0171_slice_14_z146.png,Non_Demented/OAS2_0171/OAS2_0171_slice_14_z146.png,Non-Demented/OAS2_0171/OAS2_0171_slice_14_z146.png,OAS2_0171,Non-Demented,0,1,Very Mild Dementia,0,-5.9038771734539255,8.248944262137282,-3.055037137775733,1.9406344643089883
OASIS_2,LinearSVM,47,test,motion__severe,motion,severe,D:\OASIS_2\distortions_128\motion\severe\Non_Demented\OAS2_0171\OAS2_0171_slice_15_z151.png,Non_Demented/OAS2_0171/OAS2_0171_slice_15_z151.png,Non-Demented/OAS2_0171/OAS2_0171_slice_15_z151.png,OAS2_0171,Non-Demented,0,1,Very Mild Dementia,0,-5.008971191979168,6.475635227917723,-2.7449799318701307,0.7937085440228469
OASIS_2,LinearSVM,47,test,motion__severe,motion,severe,D:\OASIS_2\distortions_128\motion\severe\Non_Demented\OAS2_0171\OAS2_0171_slice_16_z157.png,Non_Demented/OAS2_0171/OAS2_0171_slice_16_z157.png,Non-Demented/OAS2_0171/OAS2_0171_slice_16_z157.png,OAS2_0171,Non-Demented,0,1,Very Mild Dementia,0,-4.597471263479268,5.409367407103932,-1.0965918013979765,0.7144869051363247
OASIS_2,LinearSVM,47,test,motion__severe,motion,severe,D:\OASIS_2\distortions_128\motion\severe\Non_Demented\OAS2_0171\OAS2_0171_slice_17_z162.png,Non_Demented/OAS2_0171/OAS2_0171_slice_17_z162.png,Non-Demented/OAS2_0171/OAS2_0171_slice_17_z162.png,OAS2_0171,Non-Demented,0,1,Very Mild Dementia,0,-0.47378732968367404,3.064889588423962,-4.2243952463736045,0.9367164875767264
OASIS_2,LinearSVM,47,test,motion__severe,motion,severe,D:\OASIS_2\distortions_128\motion\severe\Non_Demented\OAS2_0171\OAS2_0171_slice_18_z167.png,Non_Demented/OAS2_0171/OAS2_0171_slice_18_z167.png,Non-Demented/OAS2_0171/OAS2_0171_slice_18_z167.png,OAS2_0171,Non-Demented,0,1,Very Mild Dementia,0,-4.03079093245753,4.301519735828924,-1.9203346542043533,0.7216865830580161
OASIS_2,LinearSVM,47,test,motion__severe,motion,severe,D:\OASIS_2\distortions_128\motion\severe\Non_Demented\OAS2_0171\OAS2_0171_slice_19_z173.png,Non_Demented/OAS2_0171/OAS2_0171_slice_19_z173.png,Non-Demented/OAS2_0171/OAS2_0171_slice_19_z173.png,OAS2_0171,Non-Demented,0,1,Very Mild Dementia,0,-2.0846991505309154,2.695499482612359,-1.7205945884420668,-0.467171445742047
OASIS_2,LinearSVM,47,test,motion__severe,motion,severe,D:\OASIS_2\distortions_128\motion\severe\Non_Demented\OAS2_0171\OAS2_0171_slice_20_z178.png,Non_Demented/OAS2_0171/OAS2_0171_slice_20_z178.png,Non-Demented/OAS2_0171/OAS2_0171_slice_20_z178.png,OAS2_0171,Non-Demented,0,1,Very Mild Dementia,0,-2.125281616222348,2.557189250159033,-1.0440771747931556,-0.8767066378865704
OASIS_2,LinearSVM,47,test,motion__severe,motion,severe,D:\OASIS_2\distortions_128\motion\severe\Very_Mild_Dementia\OAS2_0009\OAS2_0009_slice_01_z077.png,Very_Mild_Dementia/OAS2_0009/OAS2_0009_slice_01_z077.png,Very Mild Dementia/OAS2_0009/OAS2_0009_slice_01_z077.png,OAS2_0009,Very Mild Dementia,1,1,Very Mild Dementia,1,-3.6578503653733887,3.245920173855775,-2.3957930134342615,2.0745469205001363
OASIS_2,LinearSVM,47,test,motion__severe,motion,severe,D:\OASIS_2\distortions_128\motion\severe\Very_Mild_Dementia\OAS2_0009\OAS2_0009_slice_02_z082.png,Very_Mild_Dementia/OAS2_0009/OAS2_0009_slice_02_z082.png,Very Mild Dementia/OAS2_0009/OAS2_0009_slice_02_z082.png,OAS2_0009,Very Mild Dementia,1,1,Very Mild Dementia,1,-6.494730018471069,3.186503315165302,1.5157777015656042,1.642898641581124
OASIS_2,LinearSVM,47,test,motion__severe,motion,severe,D:\OASIS_2\distortions_128\motion\severe\Very_Mild_Dementia\OAS2_0009\OAS2_0009_slice_03_z088.png,Very_Mild_Dementia/OAS2_0009/OAS2_0009_slice_03_z088.png,Very Mild Dementia/OAS2_0009/OAS2_0009_slice_03_z088.png,OAS2_0009,Very Mild Dementia,1,1,Very Mild Dementia,1,-4.0134957482911515,2.424820210860338,-0.15085719760867644,1.1803693503465462
OASIS_2,LinearSVM,47,test,motion__severe,motion,severe,D:\OASIS_2\distortions_128\motion\severe\Very_Mild_Dementia\OAS2_0009\OAS2_0009_slice_04_z093.png,Very_Mild_Dementia/OAS2_0009/OAS2_0009_slice_04_z093.png,Very Mild Dementia/OAS2_0009/OAS2_0009_slice_04_z093.png,OAS2_0009,Very Mild Dementia,1,1,Very Mild Dementia,1,-3.131556109945588,3.9499769706748618,-1.3166726156343578,0.02487306142848733
OASIS_2,LinearSVM,47,test,motion__severe,motion,severe,D:\OASIS_2\distortions_128\motion\severe\Very_Mild_Dementia\OAS2_0009\OAS2_0009_slice_05_z098.png,Very_Mild_Dementia/OAS2_0009/OAS2_0009_slice_05_z098.png,Very Mild Dementia/OAS2_0009/OAS2_0009_slice_05_z098.png,OAS2_0009,Very Mild Dementia,1,1,Very Mild Dementia,1,-3.5593546104362583,3.4275864712488198,-1.4406265404346508,0.6861662295610296
OASIS_2,LinearSVM,47,test,motion__severe,motion,severe,D:\OASIS_2\distortions_128\motion\severe\Very_Mild_Dementia\OAS2_0009\OAS2_0009_slice_06_z104.png,Very_Mild_Dementia/OAS2_0009/OAS2_0009_slice_06_z104.png,Very Mild Dementia/OAS2_0009/OAS2_0009_slice_06_z104.png,OAS2_0009,Very Mild Dementia,1,1,Very Mild Dementia,1,-4.504676264910602,4.552451604098958,-0.8717075974153289,0.2736040082956046
OASIS_2,LinearSVM,47,test,motion__severe,motion,severe,D:\OASIS_2\distortions_128\motion\severe\Very_Mild_Dementia\OAS2_0009\OAS2_0009_slice_07_z109.png,Very_Mild_Dementia/OAS2_0009/OAS2_0009_slice_07_z109.png,Very Mild Dementia/OAS2_0009/OAS2_0009_slice_07_z109.png,OAS2_0009,Very Mild Dementia,1,1,Very Mild Dementia,1,-3.1869893705357963,6.673043211074858,-3.6854402672600877,0.22427304990622488
OASIS_2,LinearSVM,47,test,motion__severe,motion,severe,D:\OASIS_2\distortions_128\motion\severe\Very_Mild_Dementia\OAS2_0009\OAS2_0009_slice_08_z114.png,Very_Mild_Dementia/OAS2_0009/OAS2_0009_slice_08_z114.png,Very Mild Dementia/OAS2_0009/OAS2_0009_slice_08_z114.png,OAS2_0009,Very Mild Dementia,1,1,Very Mild Dementia,1,-2.680369760436776,4.826870845399605,-3.41968610827455,0.7172999231240065
OASIS_2,LinearSVM,47,test,motion__severe,motion,severe,D:\OASIS_2\distortions_128\motion\severe\Very_Mild_Dementia\OAS2_0009\OAS2_0009_slice_09_z120.png,Very_Mild_Dementia/OAS2_0009/OAS2_0009_slice_09_z120.png,Very Mild Dementia/OAS2_0009/OAS2_0009_slice_09_z120.png,OAS2_0009,Very Mild Dementia,1,1,Very Mild Dementia,1,-3.2461298257480156,5.073569911760899,-1.7298095211196025,1.5760747496447864
OASIS_2,LinearSVM,47,test,motion__severe,motion,severe,D:\OASIS_2\distortions_128\motion\severe\Very_Mild_Dementia\OAS2_0009\OAS2_0009_slice_10_z125.png,Very_Mild_Dementia/OAS2_0009/OAS2_0009_slice_10_z125.png,Very Mild Dementia/OAS2_0009/OAS2_0009_slice_10_z125.png,OAS2_0009,Very Mild Dementia,1,1,Very Mild Dementia,1,-4.74936034827317,8.461881723133347,-4.062933342899446,-0.07302746359067736
OASIS_2,LinearSVM,47,test,motion__severe,motion,severe,D:\OASIS_2\distortions_128\motion\severe\Very_Mild_Dementia\OAS2_0009\OAS2_0009_slice_11_z130.png,Very_Mild_Dementia/OAS2_0009/OAS2_0009_slice_11_z130.png,Very Mild Dementia/OAS2_0009/OAS2_0009_slice_11_z130.png,OAS2_0009,Very Mild Dementia,1,1,Very Mild Dementia,1,-2.5373423427922455,3.4464840281217692,-3.022420636359421,1.8199830731980113
OASIS_2,LinearSVM,47,test,motion__severe,motion,severe,D:\OASIS_2\distortions_128\motion\severe\Very_Mild_Dementia\OAS2_0009\OAS2_0009_slice_12_z135.png,Very_Mild_Dementia/OAS2_0009/OAS2_0009_slice_12_z135.png,Very Mild Dementia/OAS2_0009/OAS2_0009_slice_12_z135.png,OAS2_0009,Very Mild Dementia,1,1,Very Mild Dementia,1,-1.5685508714482732,2.4174803747011597,-2.1838156845072803,0.8139001093096989
OASIS_2,LinearSVM,47,test,motion__severe,motion,severe,D:\OASIS_2\distortions_128\motion\severe\Very_Mild_Dementia\OAS2_0009\OAS2_0009_slice_13_z141.png,Very_Mild_Dementia/OAS2_0009/OAS2_0009_slice_13_z141.png,Very Mild Dementia/OAS2_0009/OAS2_0009_slice_13_z141.png,OAS2_0009,Very Mild Dementia,1,1,Very Mild Dementia,1,-2.454456967065821,5.824621927942862,-4.7560489162844934,0.7410572762591778
OASIS_2,LinearSVM,47,test,motion__severe,motion,severe,D:\OASIS_2\distortions_128\motion\severe\Very_Mild_Dementia\OAS2_0009\OAS2_0009_slice_14_z146.png,Very_Mild_Dementia/OAS2_0009/OAS2_0009_slice_14_z146.png,Very Mild Dementia/OAS2_0009/OAS2_0009_slice_14_z146.png,OAS2_0009,Very Mild Dementia,1,1,Very Mild Dementia,1,-5.783513032392015,7.353738786511805,-2.641642893314692,2.2079589396704833
OASIS_2,LinearSVM,47,test,motion__severe,motion,severe,D:\OASIS_2\distortions_128\motion\severe\Very_Mild_Dementia\OAS2_0009\OAS2_0009_slice_15_z151.png,Very_Mild_Dementia/OAS2_0009/OAS2_0009_slice_15_z151.png,Very Mild Dementia/OAS2_0009/OAS2_0009_slice_15_z151.png,OAS2_0009,Very Mild Dementia,1,1,Very Mild Dementia,1,-4.341401836052682,4.246680897314857,-2.498520856762833,1.8415323579483744
OASIS_2,LinearSVM,47,test,motion__severe,motion,severe,D:\OASIS_2\distortions_128\motion\severe\Very_Mild_Dementia\OAS2_0009\OAS2_0009_slice_16_z157.png,Very_Mild_Dementia/OAS2_0009/OAS2_0009_slice_16_z157.png,Very Mild Dementia/OAS2_0009/OAS2_0009_slice_16_z157.png,OAS2_0009,Very Mild Dementia,1,1,Very Mild Dementia,1,-0.7290402044269425,6.3469329727604995,-5.199988156940092,0.27325371990343905
OASIS_2,LinearSVM,47,test,motion__severe,motion,severe,D:\OASIS_2\distortions_128\motion\severe\Very_Mild_Dementia\OAS2_0009\OAS2_0009_slice_17_z162.png,Very_Mild_Dementia/OAS2_0009/OAS2_0009_slice_17_z162.png,Very Mild Dementia/OAS2_0009/OAS2_0009_slice_17_z162.png,OAS2_0009,Very Mild Dementia,1,1,Very Mild Dementia,1,-2.467729767422651,1.7254501394491875,-1.4833651852221874,1.033099021391052
OASIS_2,LinearSVM,47,test,motion__severe,motion,severe,D:\OASIS_2\distortions_128\motion\severe\Very_Mild_Dementia\OAS2_0009\OAS2_0009_slice_18_z167.png,Very_Mild_Dementia/OAS2_0009/OAS2_0009_slice_18_z167.png,Very Mild Dementia/OAS2_0009/OAS2_0009_slice_18_z167.png,OAS2_0009,Very Mild Dementia,1,1,Very Mild Dementia,1,-3.327671055222076,1.69733694278806,0.5409494545718644,1.0079806668504443
OASIS_2,LinearSVM,47,test,motion__severe,motion,severe,D:\OASIS_2\distortions_128\motion\severe\Very_Mild_Dementia\OAS2_0009\OAS2_0009_slice_19_z173.png,Very_Mild_Dementia/OAS2_0009/OAS2_0009_slice_19_z173.png,Very Mild Dementia/OAS2_0009/OAS2_0009_slice_19_z173.png,OAS2_0009,Very Mild Dementia,1,1,Very Mild Dementia,1,-6.101259853185615,4.962448257636377,-0.8495260974273118,1.6179361138780242
OASIS_2,LinearSVM,47,test,motion__severe,motion,severe,D:\OASIS_2\distortions_128\motion\severe\Very_Mild_Dementia\OAS2_0009\OAS2_0009_slice_20_z178.png,Very_Mild_Dementia/OAS2_0009/OAS2_0009_slice_20_z178.png,Very Mild Dementia/OAS2_0009/OAS2_0009_slice_20_z178.png,OAS2_0009,Very Mild Dementia,1,1,Very Mild Dementia,1,-3.610192953581932,2.033245315906427,0.6826601403542784,0.28670097490784974
OASIS_2,LinearSVM,47,test,motion__severe,motion,severe,D:\OASIS_2\distortions_128\motion\severe\Very_Mild_Dementia\OAS2_0020\OAS2_0020_slice_01_z077.png,Very_Mild_Dementia/OAS2_0020/OAS2_0020_slice_01_z077.png,Very Mild Dementia/OAS2_0020/OAS2_0020_slice_01_z077.png,OAS2_0020,Very Mild Dementia,1,1,Very Mild Dementia,1,-1.3723768567408272,2.9775827344578008,-2.57104285287863,-0.2159479174337735
OASIS_2,LinearSVM,47,test,motion__severe,motion,severe,D:\OASIS_2\distortions_128\motion\severe\Very_Mild_Dementia\OAS2_0020\OAS2_0020_slice_02_z082.png,Very_Mild_Dementia/OAS2_0020/OAS2_0020_slice_02_z082.png,Very Mild Dementia/OAS2_0020/OAS2_0020_slice_02_z082.png,OAS2_0020,Very Mild Dementia,1,1,Very Mild Dementia,1,-1.7868853236981348,4.577478413544349,-3.722349166351138,1.5098792026704566
OASIS_2,LinearSVM,47,test,motion__severe,motion,severe,D:\OASIS_2\distortions_128\motion\severe\Very_Mild_Dementia\OAS2_0020\OAS2_0020_slice_03_z088.png,Very_Mild_Dementia/OAS2_0020/OAS2_0020_slice_03_z088.png,Very Mild Dementia/OAS2_0020/OAS2_0020_slice_03_z088.png,OAS2_0020,Very Mild Dementia,1,3,Moderate Dementia,0,-2.1030091936553377,2.46371934089841,-2.2202219646865315,2.489796267099958
OASIS_2,LinearSVM,47,test,motion__severe,motion,severe,D:\OASIS_2\distortions_128\motion\severe\Very_Mild_Dementia\OAS2_0020\OAS2_0020_slice_04_z093.png,Very_Mild_Dementia/OAS2_0020/OAS2_0020_slice_04_z093.png,Very Mild Dementia/OAS2_0020/OAS2_0020_slice_04_z093.png,OAS2_0020,Very Mild Dementia,1,1,Very Mild Dementia,1,-0.5554974318321789,2.4350157568229536,-2.080081503272901,0.5810241695088845
OASIS_2,LinearSVM,47,test,motion__severe,motion,severe,D:\OASIS_2\distortions_128\motion\severe\Very_Mild_Dementia\OAS2_0020\OAS2_0020_slice_05_z098.png,Very_Mild_Dementia/OAS2_0020/OAS2_0020_slice_05_z098.png,Very Mild Dementia/OAS2_0020/OAS2_0020_slice_05_z098.png,OAS2_0020,Very Mild Dementia,1,1,Very Mild Dementia,1,-4.596797786344393,6.075266967053077,-2.1469130080164183,0.6893512284548637
OASIS_2,LinearSVM,47,test,motion__severe,motion,severe,D:\OASIS_2\distortions_128\motion\severe\Very_Mild_Dementia\OAS2_0020\OAS2_0020_slice_06_z104.png,Very_Mild_Dementia/OAS2_0020/OAS2_0020_slice_06_z104.png,Very Mild Dementia/OAS2_0020/OAS2_0020_slice_06_z104.png,OAS2_0020,Very Mild Dementia,1,1,Very Mild Dementia,1,-2.6704831933557807,3.919827511642147,-2.052459557011531,-0.6487138640856546
OASIS_2,LinearSVM,47,test,motion__severe,motion,severe,D:\OASIS_2\distortions_128\motion\severe\Very_Mild_Dementia\OAS2_0020\OAS2_0020_slice_07_z109.png,Very_Mild_Dementia/OAS2_0020/OAS2_0020_slice_07_z109.png,Very Mild Dementia/OAS2_0020/OAS2_0020_slice_07_z109.png,OAS2_0020,Very Mild Dementia,1,1,Very Mild Dementia,1,-2.8507396804342737,3.720714336996552,-1.463703863484372,0.3417673624031634
OASIS_2,LinearSVM,47,test,motion__severe,motion,severe,D:\OASIS_2\distortions_128\motion\severe\Very_Mild_Dementia\OAS2_0020\OAS2_0020_slice_08_z114.png,Very_Mild_Dementia/OAS2_0020/OAS2_0020_slice_08_z114.png,Very Mild Dementia/OAS2_0020/OAS2_0020_slice_08_z114.png,OAS2_0020,Very Mild Dementia,1,1,Very Mild Dementia,1,-4.995882449949973,5.306853286219896,-0.7316396891521258,0.001102985777980292
OASIS_2,LinearSVM,47,test,motion__severe,motion,severe,D:\OASIS_2\distortions_128\motion\severe\Very_Mild_Dementia\OAS2_0020\OAS2_0020_slice_09_z120.png,Very_Mild_Dementia/OAS2_0020/OAS2_0020_slice_09_z120.png,Very Mild Dementia/OAS2_0020/OAS2_0020_slice_09_z120.png,OAS2_0020,Very Mild Dementia,1,1,Very Mild Dementia,1,-0.4654644311334149,3.492590062599543,-3.9219218536286764,-0.09057777194258809
OASIS_2,LinearSVM,47,test,motion__severe,motion,severe,D:\OASIS_2\distortions_128\motion\severe\Very_Mild_Dementia\OAS2_0020\OAS2_0020_slice_10_z125.png,Very_Mild_Dementia/OAS2_0020/OAS2_0020_slice_10_z125.png,Very Mild Dementia/OAS2_0020/OAS2_0020_slice_10_z125.png,OAS2_0020,Very Mild Dementia,1,1,Very Mild Dementia,1,-3.401617669047157,4.188353912291839,-2.3256720172414056,0.729203683005931
OASIS_2,LinearSVM,47,test,motion__severe,motion,severe,D:\OASIS_2\distortions_128\motion\severe\Very_Mild_Dementia\OAS2_0020\OAS2_0020_slice_11_z130.png,Very_Mild_Dementia/OAS2_0020/OAS2_0020_slice_11_z130.png,Very Mild Dementia/OAS2_0020/OAS2_0020_slice_11_z130.png,OAS2_0020,Very Mild Dementia,1,1,Very Mild Dementia,1,-1.8582289649425558,6.249300245902971,-3.069891989064885,-0.40923782542189446
OASIS_2,LinearSVM,47,test,motion__severe,motion,severe,D:\OASIS_2\distortions_128\motion\severe\Very_Mild_Dementia\OAS2_0020\OAS2_0020_slice_12_z135.png,Very_Mild_Dementia/OAS2_0020/OAS2_0020_slice_12_z135.png,Very Mild Dementia/OAS2_0020/OAS2_0020_slice_12_z135.png,OAS2_0020,Very Mild Dementia,1,1,Very Mild Dementia,1,-3.2408379242283267,3.962754630559349,-2.437484236237911,0.6207419677711967
OASIS_2,LinearSVM,47,test,motion__severe,motion,severe,D:\OASIS_2\distortions_128\motion\severe\Very_Mild_Dementia\OAS2_0020\OAS2_0020_slice_13_z141.png,Very_Mild_Dementia/OAS2_0020/OAS2_0020_slice_13_z141.png,Very Mild Dementia/OAS2_0020/OAS2_0020_slice_13_z141.png,OAS2_0020,Very Mild Dementia,1,1,Very Mild Dementia,1,-5.038635973029963,6.1238936785799005,-1.8245434067102346,0.6656478509701882
OASIS_2,LinearSVM,47,test,motion__severe,motion,severe,D:\OASIS_2\distortions_128\motion\severe\Very_Mild_Dementia\OAS2_0020\OAS2_0020_slice_14_z146.png,Very_Mild_Dementia/OAS2_0020/OAS2_0020_slice_14_z146.png,Very Mild Dementia/OAS2_0020/OAS2_0020_slice_14_z146.png,OAS2_0020,Very Mild Dementia,1,1,Very Mild Dementia,1,-4.010622087700937,4.596566710083304,-2.0172039912007484,1.353815458126855
OASIS_2,LinearSVM,47,test,motion__severe,motion,severe,D:\OASIS_2\distortions_128\motion\severe\Very_Mild_Dementia\OAS2_0020\OAS2_0020_slice_15_z151.png,Very_Mild_Dementia/OAS2_0020/OAS2_0020_slice_15_z151.png,Very Mild Dementia/OAS2_0020/OAS2_0020_slice_15_z151.png,OAS2_0020,Very Mild Dementia,1,1,Very Mild Dementia,1,-5.213824091951456,5.9980652808712644,-2.6998981931826647,0.4505101561720619
OASIS_2,LinearSVM,47,test,motion__severe,motion,severe,D:\OASIS_2\distortions_128\motion\severe\Very_Mild_Dementia\OAS2_0020\OAS2_0020_slice_16_z157.png,Very_Mild_Dementia/OAS2_0020/OAS2_0020_slice_16_z157.png,Very Mild Dementia/OAS2_0020/OAS2_0020_slice_16_z157.png,OAS2_0020,Very Mild Dementia,1,1,Very Mild Dementia,1,-8.894447285159574,8.814022300187306,-2.49823682160605,2.587282133574888
OASIS_2,LinearSVM,47,test,motion__severe,motion,severe,D:\OASIS_2\distortions_128\motion\severe\Very_Mild_Dementia\OAS2_0020\OAS2_0020_slice_17_z162.png,Very_Mild_Dementia/OAS2_0020/OAS2_0020_slice_17_z162.png,Very Mild Dementia/OAS2_0020/OAS2_0020_slice_17_z162.png,OAS2_0020,Very Mild Dementia,1,1,Very Mild Dementia,1,-5.202772516193255,5.689748348041111,-2.5069037782304706,1.3891686185567038
OASIS_2,LinearSVM,47,test,motion__severe,motion,severe,D:\OASIS_2\distortions_128\motion\severe\Very_Mild_Dementia\OAS2_0020\OAS2_0020_slice_18_z167.png,Very_Mild_Dementia/OAS2_0020/OAS2_0020_slice_18_z167.png,Very Mild Dementia/OAS2_0020/OAS2_0020_slice_18_z167.png,OAS2_0020,Very Mild Dementia,1,1,Very Mild Dementia,1,-5.947681837181271,7.194258377638864,-0.9505325609870554,0.5037988799645385
OASIS_2,LinearSVM,47,test,motion__severe,motion,severe,D:\OASIS_2\distortions_128\motion\severe\Very_Mild_Dementia\OAS2_0020\OAS2_0020_slice_19_z173.png,Very_Mild_Dementia/OAS2_0020/OAS2_0020_slice_19_z173.png,Very Mild Dementia/OAS2_0020/OAS2_0020_slice_19_z173.png,OAS2_0020,Very Mild Dementia,1,1,Very Mild Dementia,1,-3.936565804846602,3.9617267416020274,-1.6509976641825537,0.5291315824320264
OASIS_2,LinearSVM,47,test,motion__severe,motion,severe,D:\OASIS_2\distortions_128\motion\severe\Very_Mild_Dementia\OAS2_0020\OAS2_0020_slice_20_z178.png,Very_Mild_Dementia/OAS2_0020/OAS2_0020_slice_20_z178.png,Very Mild Dementia/OAS2_0020/OAS2_0020_slice_20_z178.png,OAS2_0020,Very Mild Dementia,1,1,Very Mild Dementia,1,-2.8177873090232453,3.138100841468152,0.639481210559706,-1.315918068032914
OASIS_2,LinearSVM,47,test,motion__severe,motion,severe,D:\OASIS_2\distortions_128\motion\severe\Very_Mild_Dementia\OAS2_0021\OAS2_0021_slice_01_z077.png,Very_Mild_Dementia/OAS2_0021/OAS2_0021_slice_01_z077.png,Very Mild Dementia/OAS2_0021/OAS2_0021_slice_01_z077.png,OAS2_0021,Very Mild Dementia,1,1,Very Mild Dementia,1,-3.0923206559684533,7.0671584884353855,-5.844214626675627,1.237761346291919
OASIS_2,LinearSVM,47,test,motion__severe,motion,severe,D:\OASIS_2\distortions_128\motion\severe\Very_Mild_Dementia\OAS2_0021\OAS2_0021_slice_02_z082.png,Very_Mild_Dementia/OAS2_0021/OAS2_0021_slice_02_z082.png,Very Mild Dementia/OAS2_0021/OAS2_0021_slice_02_z082.png,OAS2_0021,Very Mild Dementia,1,1,Very Mild Dementia,1,-1.2162700701427342,4.320426688627321,-5.493827563343887,1.3436256005502951
OASIS_2,LinearSVM,47,test,motion__severe,motion,severe,D:\OASIS_2\distortions_128\motion\severe\Very_Mild_Dementia\OAS2_0021\OAS2_0021_slice_03_z088.png,Very_Mild_Dementia/OAS2_0021/OAS2_0021_slice_03_z088.png,Very Mild Dementia/OAS2_0021/OAS2_0021_slice_03_z088.png,OAS2_0021,Very Mild Dementia,1,1,Very Mild Dementia,1,-0.1587032849270684,0.6878166966117466,0.19772523737076453,0.2156274548854722
OASIS_2,LinearSVM,47,test,motion__severe,motion,severe,D:\OASIS_2\distortions_128\motion\severe\Very_Mild_Dementia\OAS2_0021\OAS2_0021_slice_04_z093.png,Very_Mild_Dementia/OAS2_0021/OAS2_0021_slice_04_z093.png,Very Mild Dementia/OAS2_0021/OAS2_0021_slice_04_z093.png,OAS2_0021,Very Mild Dementia,1,1,Very Mild Dementia,1,-5.1101326522559125,6.85881133335901,-2.258632299413375,0.6999474941017101
OASIS_2,LinearSVM,47,test,motion__severe,motion,severe,D:\OASIS_2\distortions_128\motion\severe\Very_Mild_Dementia\OAS2_0021\OAS2_0021_slice_05_z098.png,Very_Mild_Dementia/OAS2_0021/OAS2_0021_slice_05_z098.png,Very Mild Dementia/OAS2_0021/OAS2_0021_slice_05_z098.png,OAS2_0021,Very Mild Dementia,1,1,Very Mild Dementia,1,-2.4200836071652883,4.1244597463553605,-1.3958439100168243,1.1101195261509802
OASIS_2,LinearSVM,47,test,motion__severe,motion,severe,D:\OASIS_2\distortions_128\motion\severe\Very_Mild_Dementia\OAS2_0021\OAS2_0021_slice_06_z104.png,Very_Mild_Dementia/OAS2_0021/OAS2_0021_slice_06_z104.png,Very Mild Dementia/OAS2_0021/OAS2_0021_slice_06_z104.png,OAS2_0021,Very Mild Dementia,1,1,Very Mild Dementia,1,-2.3139375409563354,6.187137322822384,-3.8321951715650973,0.9860885893381646
OASIS_2,LinearSVM,47,test,motion__severe,motion,severe,D:\OASIS_2\distortions_128\motion\severe\Very_Mild_Dementia\OAS2_0021\OAS2_0021_slice_07_z109.png,Very_Mild_Dementia/OAS2_0021/OAS2_0021_slice_07_z109.png,Very Mild Dementia/OAS2_0021/OAS2_0021_slice_07_z109.png,OAS2_0021,Very Mild Dementia,1,2,Mild Dementia,0,-0.7393326037680024,0.34449894738121634,0.4905649967111184,0.31345275772562986
OASIS_2,LinearSVM,47,test,motion__severe,motion,severe,D:\OASIS_2\distortions_128\motion\severe\Very_Mild_Dementia\OAS2_0021\OAS2_0021_slice_08_z114.png,Very_Mild_Dementia/OAS2_0021/OAS2_0021_slice_08_z114.png,Very Mild Dementia/OAS2_0021/OAS2_0021_slice_08_z114.png,OAS2_0021,Very Mild Dementia,1,1,Very Mild Dementia,1,-6.303548214085352,6.315991416852534,0.6776320822341507,0.8004175068251826
OASIS_2,LinearSVM,47,test,motion__severe,motion,severe,D:\OASIS_2\distortions_128\motion\severe\Very_Mild_Dementia\OAS2_0021\OAS2_0021_slice_09_z120.png,Very_Mild_Dementia/OAS2_0021/OAS2_0021_slice_09_z120.png,Very Mild Dementia/OAS2_0021/OAS2_0021_slice_09_z120.png,OAS2_0021,Very Mild Dementia,1,1,Very Mild Dementia,1,-2.4495532118121908,7.769117991463174,-6.601794813782887,1.085317003497491
OASIS_2,LinearSVM,47,test,motion__severe,motion,severe,D:\OASIS_2\distortions_128\motion\severe\Very_Mild_Dementia\OAS2_0021\OAS2_0021_slice_10_z125.png,Very_Mild_Dementia/OAS2_0021/OAS2_0021_slice_10_z125.png,Very Mild Dementia/OAS2_0021/OAS2_0021_slice_10_z125.png,OAS2_0021,Very Mild Dementia,1,1,Very Mild Dementia,1,-3.0921127897510368,6.796675563544238,-3.32446792703947,0.0019026814773317469
OASIS_2,LinearSVM,47,test,motion__severe,motion,severe,D:\OASIS_2\distortions_128\motion\severe\Very_Mild_Dementia\OAS2_0021\OAS2_0021_slice_11_z130.png,Very_Mild_Dementia/OAS2_0021/OAS2_0021_slice_11_z130.png,Very Mild Dementia/OAS2_0021/OAS2_0021_slice_11_z130.png,OAS2_0021,Very Mild Dementia,1,1,Very Mild Dementia,1,-5.743303604845614,7.0622446021220915,-0.18531421671034676,-0.17486944441133345
OASIS_2,LinearSVM,47,test,motion__severe,motion,severe,D:\OASIS_2\distortions_128\motion\severe\Very_Mild_Dementia\OAS2_0021\OAS2_0021_slice_12_z135.png,Very_Mild_Dementia/OAS2_0021/OAS2_0021_slice_12_z135.png,Very Mild Dementia/OAS2_0021/OAS2_0021_slice_12_z135.png,OAS2_0021,Very Mild Dementia,1,1,Very Mild Dementia,1,-6.289833029501557,11.444285718515916,-4.140669524400927,0.41735981021183477
OASIS_2,LinearSVM,47,test,motion__severe,motion,severe,D:\OASIS_2\distortions_128\motion\severe\Very_Mild_Dementia\OAS2_0021\OAS2_0021_slice_13_z141.png,Very_Mild_Dementia/OAS2_0021/OAS2_0021_slice_13_z141.png,Very Mild Dementia/OAS2_0021/OAS2_0021_slice_13_z141.png,OAS2_0021,Very Mild Dementia,1,1,Very Mild Dementia,1,-5.031785973234023,7.805018746095002,-0.9767383917145128,-0.05573585302438966
OASIS_2,LinearSVM,47,test,motion__severe,motion,severe,D:\OASIS_2\distortions_128\motion\severe\Very_Mild_Dementia\OAS2_0021\OAS2_0021_slice_14_z146.png,Very_Mild_Dementia/OAS2_0021/OAS2_0021_slice_14_z146.png,Very Mild Dementia/OAS2_0021/OAS2_0021_slice_14_z146.png,OAS2_0021,Very Mild Dementia,1,1,Very Mild Dementia,1,-3.111500623401924,9.267105316101768,-3.2815676642469103,0.16838179645769724
OASIS_2,LinearSVM,47,test,motion__severe,motion,severe,D:\OASIS_2\distortions_128\motion\severe\Very_Mild_Dementia\OAS2_0021\OAS2_0021_slice_15_z151.png,Very_Mild_Dementia/OAS2_0021/OAS2_0021_slice_15_z151.png,Very Mild Dementia/OAS2_0021/OAS2_0021_slice_15_z151.png,OAS2_0021,Very Mild Dementia,1,1,Very Mild Dementia,1,-3.470468711876915,5.526356484208412,-2.529542083104655,0.47933922550507146
OASIS_2,LinearSVM,47,test,motion__severe,motion,severe,D:\OASIS_2\distortions_128\motion\severe\Very_Mild_Dementia\OAS2_0021\OAS2_0021_slice_16_z157.png,Very_Mild_Dementia/OAS2_0021/OAS2_0021_slice_16_z157.png,Very Mild Dementia/OAS2_0021/OAS2_0021_slice_16_z157.png,OAS2_0021,Very Mild Dementia,1,1,Very Mild Dementia,1,-5.932227610298468,7.5806412848124145,-2.6471159048223494,1.6272045702770965
OASIS_2,LinearSVM,47,test,motion__severe,motion,severe,D:\OASIS_2\distortions_128\motion\severe\Very_Mild_Dementia\OAS2_0021\OAS2_0021_slice_17_z162.png,Very_Mild_Dementia/OAS2_0021/OAS2_0021_slice_17_z162.png,Very Mild Dementia/OAS2_0021/OAS2_0021_slice_17_z162.png,OAS2_0021,Very Mild Dementia,1,1,Very Mild Dementia,1,-4.2499426250480195,6.0146751127672,-2.161611165411346,0.37014817435182423
OASIS_2,LinearSVM,47,test,motion__severe,motion,severe,D:\OASIS_2\distortions_128\motion\severe\Very_Mild_Dementia\OAS2_0021\OAS2_0021_slice_18_z167.png,Very_Mild_Dementia/OAS2_0021/OAS2_0021_slice_18_z167.png,Very Mild Dementia/OAS2_0021/OAS2_0021_slice_18_z167.png,OAS2_0021,Very Mild Dementia,1,1,Very Mild Dementia,1,-6.586953844422054,5.46548936683552,-1.8408935476827617,2.179379197929951
OASIS_2,LinearSVM,47,test,motion__severe,motion,severe,D:\OASIS_2\distortions_128\motion\severe\Very_Mild_Dementia\OAS2_0021\OAS2_0021_slice_19_z173.png,Very_Mild_Dementia/OAS2_0021/OAS2_0021_slice_19_z173.png,Very Mild Dementia/OAS2_0021/OAS2_0021_slice_19_z173.png,OAS2_0021,Very Mild Dementia,1,1,Very Mild Dementia,1,-5.525584544595388,4.729602570616538,0.3466347786178673,1.1710735416910105
OASIS_2,LinearSVM,47,test,motion__severe,motion,severe,D:\OASIS_2\distortions_128\motion\severe\Very_Mild_Dementia\OAS2_0021\OAS2_0021_slice_20_z178.png,Very_Mild_Dementia/OAS2_0021/OAS2_0021_slice_20_z178.png,Very Mild Dementia/OAS2_0021/OAS2_0021_slice_20_z178.png,OAS2_0021,Very Mild Dementia,1,1,Very Mild Dementia,1,-1.6752039841059903,4.495098519099796,-3.7916863703530037,-0.008634097426554632
OASIS_2,LinearSVM,47,test,motion__severe,motion,severe,D:\OASIS_2\distortions_128\motion\severe\Very_Mild_Dementia\OAS2_0040\OAS2_0040_slice_01_z077.png,Very_Mild_Dementia/OAS2_0040/OAS2_0040_slice_01_z077.png,Very Mild Dementia/OAS2_0040/OAS2_0040_slice_01_z077.png,OAS2_0040,Very Mild Dementia,1,1,Very Mild Dementia,1,-3.9022888226770953,2.6336095589922373,1.1160547142627695,-0.24783822695091584
OASIS_2,LinearSVM,47,test,motion__severe,motion,severe,D:\OASIS_2\distortions_128\motion\severe\Very_Mild_Dementia\OAS2_0040\OAS2_0040_slice_02_z082.png,Very_Mild_Dementia/OAS2_0040/OAS2_0040_slice_02_z082.png,Very Mild Dementia/OAS2_0040/OAS2_0040_slice_02_z082.png,OAS2_0040,Very Mild Dementia,1,1,Very Mild Dementia,1,-3.221535122693833,5.772621837511312,-3.6615005821424496,-0.7479282125574284
OASIS_2,LinearSVM,47,test,motion__severe,motion,severe,D:\OASIS_2\distortions_128\motion\severe\Very_Mild_Dementia\OAS2_0040\OAS2_0040_slice_03_z088.png,Very_Mild_Dementia/OAS2_0040/OAS2_0040_slice_03_z088.png,Very Mild Dementia/OAS2_0040/OAS2_0040_slice_03_z088.png,OAS2_0040,Very Mild Dementia,1,1,Very Mild Dementia,1,-1.9027389758010032,3.980109361360004,-2.517802934585557,-0.31603149662919816
OASIS_2,LinearSVM,47,test,motion__severe,motion,severe,D:\OASIS_2\distortions_128\motion\severe\Very_Mild_Dementia\OAS2_0040\OAS2_0040_slice_04_z093.png,Very_Mild_Dementia/OAS2_0040/OAS2_0040_slice_04_z093.png,Very Mild Dementia/OAS2_0040/OAS2_0040_slice_04_z093.png,OAS2_0040,Very Mild Dementia,1,1,Very Mild Dementia,1,-0.979269271390124,5.211886499050139,-4.868207557168675,-0.5100752869063696
OASIS_2,LinearSVM,47,test,motion__severe,motion,severe,D:\OASIS_2\distortions_128\motion\severe\Very_Mild_Dementia\OAS2_0040\OAS2_0040_slice_05_z098.png,Very_Mild_Dementia/OAS2_0040/OAS2_0040_slice_05_z098.png,Very Mild Dementia/OAS2_0040/OAS2_0040_slice_05_z098.png,OAS2_0040,Very Mild Dementia,1,1,Very Mild Dementia,1,-1.888923407669729,4.138382891687915,-3.083259722501856,-0.09469088646415824
OASIS_2,LinearSVM,47,test,motion__severe,motion,severe,D:\OASIS_2\distortions_128\motion\severe\Very_Mild_Dementia\OAS2_0040\OAS2_0040_slice_06_z104.png,Very_Mild_Dementia/OAS2_0040/OAS2_0040_slice_06_z104.png,Very Mild Dementia/OAS2_0040/OAS2_0040_slice_06_z104.png,OAS2_0040,Very Mild Dementia,1,1,Very Mild Dementia,1,-1.2575932771856817,4.665630422516376,-3.6308646745983677,0.5474219296320675
OASIS_2,LinearSVM,47,test,motion__severe,motion,severe,D:\OASIS_2\distortions_128\motion\severe\Very_Mild_Dementia\OAS2_0040\OAS2_0040_slice_07_z109.png,Very_Mild_Dementia/OAS2_0040/OAS2_0040_slice_07_z109.png,Very Mild Dementia/OAS2_0040/OAS2_0040_slice_07_z109.png,OAS2_0040,Very Mild Dementia,1,1,Very Mild Dementia,1,-5.004128903486465,6.432661866033841,-2.4908959514628544,1.352813481957634
OASIS_2,LinearSVM,47,test,motion__severe,motion,severe,D:\OASIS_2\distortions_128\motion\severe\Very_Mild_Dementia\OAS2_0040\OAS2_0040_slice_08_z114.png,Very_Mild_Dementia/OAS2_0040/OAS2_0040_slice_08_z114.png,Very Mild Dementia/OAS2_0040/OAS2_0040_slice_08_z114.png,OAS2_0040,Very Mild Dementia,1,1,Very Mild Dementia,1,-1.9796793415735918,6.0764486671177025,-4.274109234962396,-0.13553807607544677
OASIS_2,LinearSVM,47,test,motion__severe,motion,severe,D:\OASIS_2\distortions_128\motion\severe\Very_Mild_Dementia\OAS2_0040\OAS2_0040_slice_09_z120.png,Very_Mild_Dementia/OAS2_0040/OAS2_0040_slice_09_z120.png,Very Mild Dementia/OAS2_0040/OAS2_0040_slice_09_z120.png,OAS2_0040,Very Mild Dementia,1,1,Very Mild Dementia,1,-3.871984730135098,6.2002177518677035,-3.4188344767850958,0.010849246925866751
OASIS_2,LinearSVM,47,test,motion__severe,motion,severe,D:\OASIS_2\distortions_128\motion\severe\Very_Mild_Dementia\OAS2_0040\OAS2_0040_slice_10_z125.png,Very_Mild_Dementia/OAS2_0040/OAS2_0040_slice_10_z125.png,Very Mild Dementia/OAS2_0040/OAS2_0040_slice_10_z125.png,OAS2_0040,Very Mild Dementia,1,1,Very Mild Dementia,1,-0.986164533004636,3.1001295108916267,-3.730422314063936,0.051134737350147064
OASIS_2,LinearSVM,47,test,motion__severe,motion,severe,D:\OASIS_2\distortions_128\motion\severe\Very_Mild_Dementia\OAS2_0040\OAS2_0040_slice_11_z130.png,Very_Mild_Dementia/OAS2_0040/OAS2_0040_slice_11_z130.png,Very Mild Dementia/OAS2_0040/OAS2_0040_slice_11_z130.png,OAS2_0040,Very Mild Dementia,1,1,Very Mild Dementia,1,-2.4685859404440116,3.4285449817705573,-1.567593901023748,-0.027821428870493325
OASIS_2,LinearSVM,47,test,motion__severe,motion,severe,D:\OASIS_2\distortions_128\motion\severe\Very_Mild_Dementia\OAS2_0040\OAS2_0040_slice_12_z135.png,Very_Mild_Dementia/OAS2_0040/OAS2_0040_slice_12_z135.png,Very Mild Dementia/OAS2_0040/OAS2_0040_slice_12_z135.png,OAS2_0040,Very Mild Dementia,1,3,Moderate Dementia,0,-1.1965331852599375,1.0882191541499007,-2.46192707184445,1.2524107952577666
OASIS_2,LinearSVM,47,test,motion__severe,motion,severe,D:\OASIS_2\distortions_128\motion\severe\Very_Mild_Dementia\OAS2_0040\OAS2_0040_slice_13_z141.png,Very_Mild_Dementia/OAS2_0040/OAS2_0040_slice_13_z141.png,Very Mild Dementia/OAS2_0040/OAS2_0040_slice_13_z141.png,OAS2_0040,Very Mild Dementia,1,1,Very Mild Dementia,1,-1.459019600468451,1.7149408976212748,-1.7091286911895747,-0.38231148401922654
OASIS_2,LinearSVM,47,test,motion__severe,motion,severe,D:\OASIS_2\distortions_128\motion\severe\Very_Mild_Dementia\OAS2_0040\OAS2_0040_slice_14_z146.png,Very_Mild_Dementia/OAS2_0040/OAS2_0040_slice_14_z146.png,Very Mild Dementia/OAS2_0040/OAS2_0040_slice_14_z146.png,OAS2_0040,Very Mild Dementia,1,1,Very Mild Dementia,1,-2.8330607716488587,3.1543283777472384,-1.2784434673526865,-0.03805682311892178
OASIS_2,LinearSVM,47,test,motion__severe,motion,severe,D:\OASIS_2\distortions_128\motion\severe\Very_Mild_Dementia\OAS2_0040\OAS2_0040_slice_15_z151.png,Very_Mild_Dementia/OAS2_0040/OAS2_0040_slice_15_z151.png,Very Mild Dementia/OAS2_0040/OAS2_0040_slice_15_z151.png,OAS2_0040,Very Mild Dementia,1,1,Very Mild Dementia,1,-3.818514076139615,3.3526253103109442,-0.7841338688175987,0.24987266736437186
OASIS_2,LinearSVM,47,test,motion__severe,motion,severe,D:\OASIS_2\distortions_128\motion\severe\Very_Mild_Dementia\OAS2_0040\OAS2_0040_slice_16_z157.png,Very_Mild_Dementia/OAS2_0040/OAS2_0040_slice_16_z157.png,Very Mild Dementia/OAS2_0040/OAS2_0040_slice_16_z157.png,OAS2_0040,Very Mild Dementia,1,1,Very Mild Dementia,1,-1.873570329285565,1.9762529168496032,-0.5107898005900091,-0.5267581811181635
OASIS_2,LinearSVM,47,test,motion__severe,motion,severe,D:\OASIS_2\distortions_128\motion\severe\Very_Mild_Dementia\OAS2_0040\OAS2_0040_slice_17_z162.png,Very_Mild_Dementia/OAS2_0040/OAS2_0040_slice_17_z162.png,Very Mild Dementia/OAS2_0040/OAS2_0040_slice_17_z162.png,OAS2_0040,Very Mild Dementia,1,0,Non-Demented,0,0.026561030073444982,-0.29028231523242376,-0.5168723410660918,-0.7798178087423809
OASIS_2,LinearSVM,47,test,motion__severe,motion,severe,D:\OASIS_2\distortions_128\motion\severe\Very_Mild_Dementia\OAS2_0040\OAS2_0040_slice_18_z167.png,Very_Mild_Dementia/OAS2_0040/OAS2_0040_slice_18_z167.png,Very Mild Dementia/OAS2_0040/OAS2_0040_slice_18_z167.png,OAS2_0040,Very Mild Dementia,1,1,Very Mild Dementia,1,-0.3603993883444586,0.1832565991069023,-1.1157338484985524,-0.7696895078677706
OASIS_2,LinearSVM,47,test,motion__severe,motion,severe,D:\OASIS_2\distortions_128\motion\severe\Very_Mild_Dementia\OAS2_0040\OAS2_0040_slice_19_z173.png,Very_Mild_Dementia/OAS2_0040/OAS2_0040_slice_19_z173.png,Very Mild Dementia/OAS2_0040/OAS2_0040_slice_19_z173.png,OAS2_0040,Very Mild Dementia,1,1,Very Mild Dementia,1,-1.3681433177959037,0.877458870930052,-0.694018452268208,-0.7997843471125177
OASIS_2,LinearSVM,47,test,motion__severe,motion,severe,D:\OASIS_2\distortions_128\motion\severe\Very_Mild_Dementia\OAS2_0040\OAS2_0040_slice_20_z178.png,Very_Mild_Dementia/OAS2_0040/OAS2_0040_slice_20_z178.png,Very Mild Dementia/OAS2_0040/OAS2_0040_slice_20_z178.png,OAS2_0040,Very Mild Dementia,1,1,Very Mild Dementia,1,-1.3507185791278657,1.143431774919091,-1.1984437056054211,-1.020129484960183
OASIS_2,LinearSVM,47,test,motion__severe,motion,severe,D:\OASIS_2\distortions_128\motion\severe\Very_Mild_Dementia\OAS2_0098\OAS2_0098_slice_01_z077.png,Very_Mild_Dementia/OAS2_0098/OAS2_0098_slice_01_z077.png,Very Mild Dementia/OAS2_0098/OAS2_0098_slice_01_z077.png,OAS2_0098,Very Mild Dementia,1,1,Very Mild Dementia,1,-3.724429116834379,2.897620702936414,0.7199055949467347,-0.015338224093093933
OASIS_2,LinearSVM,47,test,motion__severe,motion,severe,D:\OASIS_2\distortions_128\motion\severe\Very_Mild_Dementia\OAS2_0098\OAS2_0098_slice_02_z082.png,Very_Mild_Dementia/OAS2_0098/OAS2_0098_slice_02_z082.png,Very Mild Dementia/OAS2_0098/OAS2_0098_slice_02_z082.png,OAS2_0098,Very Mild Dementia,1,1,Very Mild Dementia,1,-4.339555196968289,3.8613847063130144,-1.1077606217791245,1.3828350850057576
OASIS_2,LinearSVM,47,test,motion__severe,motion,severe,D:\OASIS_2\distortions_128\motion\severe\Very_Mild_Dementia\OAS2_0098\OAS2_0098_slice_03_z088.png,Very_Mild_Dementia/OAS2_0098/OAS2_0098_slice_03_z088.png,Very Mild Dementia/OAS2_0098/OAS2_0098_slice_03_z088.png,OAS2_0098,Very Mild Dementia,1,1,Very Mild Dementia,1,-3.5104961951357714,2.7006162885166405,-0.9680354549303897,1.0846157325043646
OASIS_2,LinearSVM,47,test,motion__severe,motion,severe,D:\OASIS_2\distortions_128\motion\severe\Very_Mild_Dementia\OAS2_0098\OAS2_0098_slice_04_z093.png,Very_Mild_Dementia/OAS2_0098/OAS2_0098_slice_04_z093.png,Very Mild Dementia/OAS2_0098/OAS2_0098_slice_04_z093.png,OAS2_0098,Very Mild Dementia,1,1,Very Mild Dementia,1,-7.222664454222802,11.249751979301525,-5.332260143530599,1.5601464023453828
OASIS_2,LinearSVM,47,test,motion__severe,motion,severe,D:\OASIS_2\distortions_128\motion\severe\Very_Mild_Dementia\OAS2_0098\OAS2_0098_slice_05_z098.png,Very_Mild_Dementia/OAS2_0098/OAS2_0098_slice_05_z098.png,Very Mild Dementia/OAS2_0098/OAS2_0098_slice_05_z098.png,OAS2_0098,Very Mild Dementia,1,1,Very Mild Dementia,1,-5.858625780741265,4.465902804566788,-0.5082617274236485,2.2949086987303375
OASIS_2,LinearSVM,47,test,motion__severe,motion,severe,D:\OASIS_2\distortions_128\motion\severe\Very_Mild_Dementia\OAS2_0098\OAS2_0098_slice_06_z104.png,Very_Mild_Dementia/OAS2_0098/OAS2_0098_slice_06_z104.png,Very Mild Dementia/OAS2_0098/OAS2_0098_slice_06_z104.png,OAS2_0098,Very Mild Dementia,1,1,Very Mild Dementia,1,-4.774126211696235,6.881587708427817,-2.231097864447001,0.738180622417731
OASIS_2,LinearSVM,47,test,motion__severe,motion,severe,D:\OASIS_2\distortions_128\motion\severe\Very_Mild_Dementia\OAS2_0098\OAS2_0098_slice_07_z109.png,Very_Mild_Dementia/OAS2_0098/OAS2_0098_slice_07_z109.png,Very Mild Dementia/OAS2_0098/OAS2_0098_slice_07_z109.png,OAS2_0098,Very Mild Dementia,1,1,Very Mild Dementia,1,-5.553211917865966,6.770930739857876,-2.467136476632209,1.4459753255580687
OASIS_2,LinearSVM,47,test,motion__severe,motion,severe,D:\OASIS_2\distortions_128\motion\severe\Very_Mild_Dementia\OAS2_0098\OAS2_0098_slice_08_z114.png,Very_Mild_Dementia/OAS2_0098/OAS2_0098_slice_08_z114.png,Very Mild Dementia/OAS2_0098/OAS2_0098_slice_08_z114.png,OAS2_0098,Very Mild Dementia,1,1,Very Mild Dementia,1,-3.997012142937259,9.257735088007122,-4.854135869080608,0.5341284866679945
OASIS_2,LinearSVM,47,test,motion__severe,motion,severe,D:\OASIS_2\distortions_128\motion\severe\Very_Mild_Dementia\OAS2_0098\OAS2_0098_slice_09_z120.png,Very_Mild_Dementia/OAS2_0098/OAS2_0098_slice_09_z120.png,Very Mild Dementia/OAS2_0098/OAS2_0098_slice_09_z120.png,OAS2_0098,Very Mild Dementia,1,1,Very Mild Dementia,1,-2.585835229731125,2.597455380002831,-0.9370576979207456,0.0925337305097993
OASIS_2,LinearSVM,47,test,motion__severe,motion,severe,D:\OASIS_2\distortions_128\motion\severe\Very_Mild_Dementia\OAS2_0098\OAS2_0098_slice_10_z125.png,Very_Mild_Dementia/OAS2_0098/OAS2_0098_slice_10_z125.png,Very Mild Dementia/OAS2_0098/OAS2_0098_slice_10_z125.png,OAS2_0098,Very Mild Dementia,1,1,Very Mild Dementia,1,-6.1100311898347455,12.265424086378987,-7.581160352660396,1.569340093854629
OASIS_2,LinearSVM,47,test,motion__severe,motion,severe,D:\OASIS_2\distortions_128\motion\severe\Very_Mild_Dementia\OAS2_0098\OAS2_0098_slice_11_z130.png,Very_Mild_Dementia/OAS2_0098/OAS2_0098_slice_11_z130.png,Very Mild Dementia/OAS2_0098/OAS2_0098_slice_11_z130.png,OAS2_0098,Very Mild Dementia,1,1,Very Mild Dementia,1,-3.9952412171245717,4.383887254016925,0.8177648526296047,1.4002886299717856
OASIS_2,LinearSVM,47,test,motion__severe,motion,severe,D:\OASIS_2\distortions_128\motion\severe\Very_Mild_Dementia\OAS2_0098\OAS2_0098_slice_12_z135.png,Very_Mild_Dementia/OAS2_0098/OAS2_0098_slice_12_z135.png,Very Mild Dementia/OAS2_0098/OAS2_0098_slice_12_z135.png,OAS2_0098,Very Mild Dementia,1,1,Very Mild Dementia,1,-6.902965175403096,8.825272696853865,-1.686582408890097,1.4009569022442583
OASIS_2,LinearSVM,47,test,motion__severe,motion,severe,D:\OASIS_2\distortions_128\motion\severe\Very_Mild_Dementia\OAS2_0098\OAS2_0098_slice_13_z141.png,Very_Mild_Dementia/OAS2_0098/OAS2_0098_slice_13_z141.png,Very Mild Dementia/OAS2_0098/OAS2_0098_slice_13_z141.png,OAS2_0098,Very Mild Dementia,1,1,Very Mild Dementia,1,-4.192031768425502,5.4613227869064085,-0.8987470446760091,1.4279988385759266
OASIS_2,LinearSVM,47,test,motion__severe,motion,severe,D:\OASIS_2\distortions_128\motion\severe\Very_Mild_Dementia\OAS2_0098\OAS2_0098_slice_14_z146.png,Very_Mild_Dementia/OAS2_0098/OAS2_0098_slice_14_z146.png,Very Mild Dementia/OAS2_0098/OAS2_0098_slice_14_z146.png,OAS2_0098,Very Mild Dementia,1,1,Very Mild Dementia,1,-5.76917956411605,6.704601144955927,-1.4104067704081633,1.0985609120268993
OASIS_2,LinearSVM,47,test,motion__severe,motion,severe,D:\OASIS_2\distortions_128\motion\severe\Very_Mild_Dementia\OAS2_0098\OAS2_0098_slice_15_z151.png,Very_Mild_Dementia/OAS2_0098/OAS2_0098_slice_15_z151.png,Very Mild Dementia/OAS2_0098/OAS2_0098_slice_15_z151.png,OAS2_0098,Very Mild Dementia,1,1,Very Mild Dementia,1,-0.9518694778253176,2.6049515236617387,-2.6293593129988815,0.5402394606627874
OASIS_2,LinearSVM,47,test,motion__severe,motion,severe,D:\OASIS_2\distortions_128\motion\severe\Very_Mild_Dementia\OAS2_0098\OAS2_0098_slice_16_z157.png,Very_Mild_Dementia/OAS2_0098/OAS2_0098_slice_16_z157.png,Very Mild Dementia/OAS2_0098/OAS2_0098_slice_16_z157.png,OAS2_0098,Very Mild Dementia,1,1,Very Mild Dementia,1,-4.53930830872785,5.0470922325868735,-2.248376352676002,1.0024716634452016
OASIS_2,LinearSVM,47,test,motion__severe,motion,severe,D:\OASIS_2\distortions_128\motion\severe\Very_Mild_Dementia\OAS2_0098\OAS2_0098_slice_17_z162.png,Very_Mild_Dementia/OAS2_0098/OAS2_0098_slice_17_z162.png,Very Mild Dementia/OAS2_0098/OAS2_0098_slice_17_z162.png,OAS2_0098,Very Mild Dementia,1,1,Very Mild Dementia,1,-3.906684059974099,4.074194344323169,-1.8075182742204148,1.1516865241652634
OASIS_2,LinearSVM,47,test,motion__severe,motion,severe,D:\OASIS_2\distortions_128\motion\severe\Very_Mild_Dementia\OAS2_0098\OAS2_0098_slice_18_z167.png,Very_Mild_Dementia/OAS2_0098/OAS2_0098_slice_18_z167.png,Very Mild Dementia/OAS2_0098/OAS2_0098_slice_18_z167.png,OAS2_0098,Very Mild Dementia,1,1,Very Mild Dementia,1,-1.8729217000671274,2.1290856200271993,-0.5848816993105179,-0.22269261868033352
OASIS_2,LinearSVM,47,test,motion__severe,motion,severe,D:\OASIS_2\distortions_128\motion\severe\Very_Mild_Dementia\OAS2_0098\OAS2_0098_slice_19_z173.png,Very_Mild_Dementia/OAS2_0098/OAS2_0098_slice_19_z173.png,Very Mild Dementia/OAS2_0098/OAS2_0098_slice_19_z173.png,OAS2_0098,Very Mild Dementia,1,1,Very Mild Dementia,1,-5.149331803127075,6.102984206939549,-0.7991591912874358,0.1131364795707901
OASIS_2,LinearSVM,47,test,motion__severe,motion,severe,D:\OASIS_2\distortions_128\motion\severe\Very_Mild_Dementia\OAS2_0098\OAS2_0098_slice_20_z178.png,Very_Mild_Dementia/OAS2_0098/OAS2_0098_slice_20_z178.png,Very Mild Dementia/OAS2_0098/OAS2_0098_slice_20_z178.png,OAS2_0098,Very Mild Dementia,1,1,Very Mild Dementia,1,-7.144439627282244,6.9755481465918425,-1.2286784983324819,1.207437209574203
OASIS_2,LinearSVM,47,test,motion__severe,motion,severe,D:\OASIS_2\distortions_128\motion\severe\Very_Mild_Dementia\OAS2_0102\OAS2_0102_slice_01_z077.png,Very_Mild_Dementia/OAS2_0102/OAS2_0102_slice_01_z077.png,Very Mild Dementia/OAS2_0102/OAS2_0102_slice_01_z077.png,OAS2_0102,Very Mild Dementia,1,1,Very Mild Dementia,1,-4.691815703672526,5.545809334299084,-1.3838137572589086,-0.492749989335432
OASIS_2,LinearSVM,47,test,motion__severe,motion,severe,D:\OASIS_2\distortions_128\motion\severe\Very_Mild_Dementia\OAS2_0102\OAS2_0102_slice_02_z082.png,Very_Mild_Dementia/OAS2_0102/OAS2_0102_slice_02_z082.png,Very Mild Dementia/OAS2_0102/OAS2_0102_slice_02_z082.png,OAS2_0102,Very Mild Dementia,1,1,Very Mild Dementia,1,-5.400827346577063,6.24161716044748,-1.1273205896645173,1.3197443982858426
OASIS_2,LinearSVM,47,test,motion__severe,motion,severe,D:\OASIS_2\distortions_128\motion\severe\Very_Mild_Dementia\OAS2_0102\OAS2_0102_slice_03_z088.png,Very_Mild_Dementia/OAS2_0102/OAS2_0102_slice_03_z088.png,Very Mild Dementia/OAS2_0102/OAS2_0102_slice_03_z088.png,OAS2_0102,Very Mild Dementia,1,1,Very Mild Dementia,1,-1.5852111657745975,3.316183448010325,-2.2308547632998046,-0.15371382737966
OASIS_2,LinearSVM,47,test,motion__severe,motion,severe,D:\OASIS_2\distortions_128\motion\severe\Very_Mild_Dementia\OAS2_0102\OAS2_0102_slice_04_z093.png,Very_Mild_Dementia/OAS2_0102/OAS2_0102_slice_04_z093.png,Very Mild Dementia/OAS2_0102/OAS2_0102_slice_04_z093.png,OAS2_0102,Very Mild Dementia,1,1,Very Mild Dementia,1,-3.803954774065288,6.2961259483068925,-2.938039942179201,0.4857368569709781
OASIS_2,LinearSVM,47,test,motion__severe,motion,severe,D:\OASIS_2\distortions_128\motion\severe\Very_Mild_Dementia\OAS2_0102\OAS2_0102_slice_05_z098.png,Very_Mild_Dementia/OAS2_0102/OAS2_0102_slice_05_z098.png,Very Mild Dementia/OAS2_0102/OAS2_0102_slice_05_z098.png,OAS2_0102,Very Mild Dementia,1,1,Very Mild Dementia,1,-2.0828152524411396,4.746477208750288,-3.192606027513508,-0.5138776170223227
OASIS_2,LinearSVM,47,test,motion__severe,motion,severe,D:\OASIS_2\distortions_128\motion\severe\Very_Mild_Dementia\OAS2_0102\OAS2_0102_slice_06_z104.png,Very_Mild_Dementia/OAS2_0102/OAS2_0102_slice_06_z104.png,Very Mild Dementia/OAS2_0102/OAS2_0102_slice_06_z104.png,OAS2_0102,Very Mild Dementia,1,1,Very Mild Dementia,1,-6.243357910092421,11.870863673946042,-5.222453154087367,0.8703127827269135
OASIS_2,LinearSVM,47,test,motion__severe,motion,severe,D:\OASIS_2\distortions_128\motion\severe\Very_Mild_Dementia\OAS2_0102\OAS2_0102_slice_07_z109.png,Very_Mild_Dementia/OAS2_0102/OAS2_0102_slice_07_z109.png,Very Mild Dementia/OAS2_0102/OAS2_0102_slice_07_z109.png,OAS2_0102,Very Mild Dementia,1,1,Very Mild Dementia,1,-5.5669053408803455,9.299616967424825,-3.7986788492388937,0.6503420406931795
OASIS_2,LinearSVM,47,test,motion__severe,motion,severe,D:\OASIS_2\distortions_128\motion\severe\Very_Mild_Dementia\OAS2_0102\OAS2_0102_slice_08_z114.png,Very_Mild_Dementia/OAS2_0102/OAS2_0102_slice_08_z114.png,Very Mild Dementia/OAS2_0102/OAS2_0102_slice_08_z114.png,OAS2_0102,Very Mild Dementia,1,1,Very Mild Dementia,1,-7.202201515067869,7.4704529396005,-2.7729735327521725,2.2345511874553616
OASIS_2,LinearSVM,47,test,motion__severe,motion,severe,D:\OASIS_2\distortions_128\motion\severe\Very_Mild_Dementia\OAS2_0102\OAS2_0102_slice_09_z120.png,Very_Mild_Dementia/OAS2_0102/OAS2_0102_slice_09_z120.png,Very Mild Dementia/OAS2_0102/OAS2_0102_slice_09_z120.png,OAS2_0102,Very Mild Dementia,1,1,Very Mild Dementia,1,-4.168097340029744,4.895800271956778,-1.004627674022022,0.683784392880888
OASIS_2,LinearSVM,47,test,motion__severe,motion,severe,D:\OASIS_2\distortions_128\motion\severe\Very_Mild_Dementia\OAS2_0102\OAS2_0102_slice_10_z125.png,Very_Mild_Dementia/OAS2_0102/OAS2_0102_slice_10_z125.png,Very Mild Dementia/OAS2_0102/OAS2_0102_slice_10_z125.png,OAS2_0102,Very Mild Dementia,1,1,Very Mild Dementia,1,-5.810569564153132,8.415024341002516,-3.2005654235720797,0.5367089248835764
OASIS_2,LinearSVM,47,test,motion__severe,motion,severe,D:\OASIS_2\distortions_128\motion\severe\Very_Mild_Dementia\OAS2_0102\OAS2_0102_slice_11_z130.png,Very_Mild_Dementia/OAS2_0102/OAS2_0102_slice_11_z130.png,Very Mild Dementia/OAS2_0102/OAS2_0102_slice_11_z130.png,OAS2_0102,Very Mild Dementia,1,1,Very Mild Dementia,1,-5.172367871075023,5.765603546454561,-1.8737649031532113,0.4673897151863433
OASIS_2,LinearSVM,47,test,motion__severe,motion,severe,D:\OASIS_2\distortions_128\motion\severe\Very_Mild_Dementia\OAS2_0102\OAS2_0102_slice_12_z135.png,Very_Mild_Dementia/OAS2_0102/OAS2_0102_slice_12_z135.png,Very Mild Dementia/OAS2_0102/OAS2_0102_slice_12_z135.png,OAS2_0102,Very Mild Dementia,1,1,Very Mild Dementia,1,-3.137917113272117,5.820473704169652,-3.2974409236227307,-0.4822789948326133
OASIS_2,LinearSVM,47,test,motion__severe,motion,severe,D:\OASIS_2\distortions_128\motion\severe\Very_Mild_Dementia\OAS2_0102\OAS2_0102_slice_13_z141.png,Very_Mild_Dementia/OAS2_0102/OAS2_0102_slice_13_z141.png,Very Mild Dementia/OAS2_0102/OAS2_0102_slice_13_z141.png,OAS2_0102,Very Mild Dementia,1,1,Very Mild Dementia,1,-4.324040673794541,3.946782092234753,-1.1235074443512714,-0.03603369697234671
OASIS_2,LinearSVM,47,test,motion__severe,motion,severe,D:\OASIS_2\distortions_128\motion\severe\Very_Mild_Dementia\OAS2_0102\OAS2_0102_slice_14_z146.png,Very_Mild_Dementia/OAS2_0102/OAS2_0102_slice_14_z146.png,Very Mild Dementia/OAS2_0102/OAS2_0102_slice_14_z146.png,OAS2_0102,Very Mild Dementia,1,1,Very Mild Dementia,1,-3.193581237350348,4.656838691179599,-1.3911552819238246,-0.1418347849108681
OASIS_2,LinearSVM,47,test,motion__severe,motion,severe,D:\OASIS_2\distortions_128\motion\severe\Very_Mild_Dementia\OAS2_0102\OAS2_0102_slice_15_z151.png,Very_Mild_Dementia/OAS2_0102/OAS2_0102_slice_15_z151.png,Very Mild Dementia/OAS2_0102/OAS2_0102_slice_15_z151.png,OAS2_0102,Very Mild Dementia,1,1,Very Mild Dementia,1,-4.53345736496477,5.629101530064929,-0.5195562983591755,-0.041861512768048614
OASIS_2,LinearSVM,47,test,motion__severe,motion,severe,D:\OASIS_2\distortions_128\motion\severe\Very_Mild_Dementia\OAS2_0102\OAS2_0102_slice_16_z157.png,Very_Mild_Dementia/OAS2_0102/OAS2_0102_slice_16_z157.png,Very Mild Dementia/OAS2_0102/OAS2_0102_slice_16_z157.png,OAS2_0102,Very Mild Dementia,1,1,Very Mild Dementia,1,-4.517432486415129,3.44355954485866,0.09960088524740052,-0.6870637277797607
OASIS_2,LinearSVM,47,test,motion__severe,motion,severe,D:\OASIS_2\distortions_128\motion\severe\Very_Mild_Dementia\OAS2_0102\OAS2_0102_slice_17_z162.png,Very_Mild_Dementia/OAS2_0102/OAS2_0102_slice_17_z162.png,Very Mild Dementia/OAS2_0102/OAS2_0102_slice_17_z162.png,OAS2_0102,Very Mild Dementia,1,1,Very Mild Dementia,1,-0.7166558322133807,1.8680891401009403,-1.02312344670748,-1.1851331163578682
OASIS_2,LinearSVM,47,test,motion__severe,motion,severe,D:\OASIS_2\distortions_128\motion\severe\Very_Mild_Dementia\OAS2_0102\OAS2_0102_slice_18_z167.png,Very_Mild_Dementia/OAS2_0102/OAS2_0102_slice_18_z167.png,Very Mild Dementia/OAS2_0102/OAS2_0102_slice_18_z167.png,OAS2_0102,Very Mild Dementia,1,1,Very Mild Dementia,1,-0.4279738732652027,0.24257997407063672,-0.2928311680055777,-1.0710082738991673
OASIS_2,LinearSVM,47,test,motion__severe,motion,severe,D:\OASIS_2\distortions_128\motion\severe\Very_Mild_Dementia\OAS2_0102\OAS2_0102_slice_19_z173.png,Very_Mild_Dementia/OAS2_0102/OAS2_0102_slice_19_z173.png,Very Mild Dementia/OAS2_0102/OAS2_0102_slice_19_z173.png,OAS2_0102,Very Mild Dementia,1,0,Non-Demented,0,0.4479818450115837,-0.11849514637574846,-0.9977512169550359,-1.3020545781606656
OASIS_2,LinearSVM,47,test,motion__severe,motion,severe,D:\OASIS_2\distortions_128\motion\severe\Very_Mild_Dementia\OAS2_0102\OAS2_0102_slice_20_z178.png,Very_Mild_Dementia/OAS2_0102/OAS2_0102_slice_20_z178.png,Very Mild Dementia/OAS2_0102/OAS2_0102_slice_20_z178.png,OAS2_0102,Very Mild Dementia,1,1,Very Mild Dementia,1,-1.132425927747283,0.7031433658529496,-0.6373601334500977,-1.0585003710083642
OASIS_2,LinearSVM,47,test,motion__severe,motion,severe,D:\OASIS_2\distortions_128\motion\severe\Very_Mild_Dementia\OAS2_0103\OAS2_0103_slice_01_z077.png,Very_Mild_Dementia/OAS2_0103/OAS2_0103_slice_01_z077.png,Very Mild Dementia/OAS2_0103/OAS2_0103_slice_01_z077.png,OAS2_0103,Very Mild Dementia,1,1,Very Mild Dementia,1,-2.3078579748615926,2.8866884370569945,-1.063105439718968,0.20256908489607284
OASIS_2,LinearSVM,47,test,motion__severe,motion,severe,D:\OASIS_2\distortions_128\motion\severe\Very_Mild_Dementia\OAS2_0103\OAS2_0103_slice_02_z082.png,Very_Mild_Dementia/OAS2_0103/OAS2_0103_slice_02_z082.png,Very Mild Dementia/OAS2_0103/OAS2_0103_slice_02_z082.png,OAS2_0103,Very Mild Dementia,1,1,Very Mild Dementia,1,-2.677095926947296,3.028971017992118,-0.11355659950987962,1.17549535073623
OASIS_2,LinearSVM,47,test,motion__severe,motion,severe,D:\OASIS_2\distortions_128\motion\severe\Very_Mild_Dementia\OAS2_0103\OAS2_0103_slice_03_z088.png,Very_Mild_Dementia/OAS2_0103/OAS2_0103_slice_03_z088.png,Very Mild Dementia/OAS2_0103/OAS2_0103_slice_03_z088.png,OAS2_0103,Very Mild Dementia,1,1,Very Mild Dementia,1,-1.5291095034319988,3.3723134781974053,-1.2227533774168808,0.1018956694876505
OASIS_2,LinearSVM,47,test,motion__severe,motion,severe,D:\OASIS_2\distortions_128\motion\severe\Very_Mild_Dementia\OAS2_0103\OAS2_0103_slice_04_z093.png,Very_Mild_Dementia/OAS2_0103/OAS2_0103_slice_04_z093.png,Very Mild Dementia/OAS2_0103/OAS2_0103_slice_04_z093.png,OAS2_0103,Very Mild Dementia,1,1,Very Mild Dementia,1,-3.205562634352145,3.6494769675622933,0.7030314168477477,0.12628754134405007
OASIS_2,LinearSVM,47,test,motion__severe,motion,severe,D:\OASIS_2\distortions_128\motion\severe\Very_Mild_Dementia\OAS2_0103\OAS2_0103_slice_05_z098.png,Very_Mild_Dementia/OAS2_0103/OAS2_0103_slice_05_z098.png,Very Mild Dementia/OAS2_0103/OAS2_0103_slice_05_z098.png,OAS2_0103,Very Mild Dementia,1,1,Very Mild Dementia,1,-3.8454794364378357,3.673176295950806,-0.8311609031613422,-0.19996323762397084
OASIS_2,LinearSVM,47,test,motion__severe,motion,severe,D:\OASIS_2\distortions_128\motion\severe\Very_Mild_Dementia\OAS2_0103\OAS2_0103_slice_06_z104.png,Very_Mild_Dementia/OAS2_0103/OAS2_0103_slice_06_z104.png,Very Mild Dementia/OAS2_0103/OAS2_0103_slice_06_z104.png,OAS2_0103,Very Mild Dementia,1,1,Very Mild Dementia,1,-0.6160003096634268,0.8502525364873673,-0.8723767233487858,-0.2643180442399019
OASIS_2,LinearSVM,47,test,motion__severe,motion,severe,D:\OASIS_2\distortions_128\motion\severe\Very_Mild_Dementia\OAS2_0103\OAS2_0103_slice_07_z109.png,Very_Mild_Dementia/OAS2_0103/OAS2_0103_slice_07_z109.png,Very Mild Dementia/OAS2_0103/OAS2_0103_slice_07_z109.png,OAS2_0103,Very Mild Dementia,1,1,Very Mild Dementia,1,-5.573603711523697,5.799511500638926,0.2584789230524065,0.8040092840520847
OASIS_2,LinearSVM,47,test,motion__severe,motion,severe,D:\OASIS_2\distortions_128\motion\severe\Very_Mild_Dementia\OAS2_0103\OAS2_0103_slice_08_z114.png,Very_Mild_Dementia/OAS2_0103/OAS2_0103_slice_08_z114.png,Very Mild Dementia/OAS2_0103/OAS2_0103_slice_08_z114.png,OAS2_0103,Very Mild Dementia,1,1,Very Mild Dementia,1,-3.8342698763182894,5.8240811032771544,-1.6301924312333456,-0.6239056582727304
OASIS_2,LinearSVM,47,test,motion__severe,motion,severe,D:\OASIS_2\distortions_128\motion\severe\Very_Mild_Dementia\OAS2_0103\OAS2_0103_slice_09_z120.png,Very_Mild_Dementia/OAS2_0103/OAS2_0103_slice_09_z120.png,Very Mild Dementia/OAS2_0103/OAS2_0103_slice_09_z120.png,OAS2_0103,Very Mild Dementia,1,1,Very Mild Dementia,1,-5.026440518774809,5.338362496852205,-1.9013830693779092,0.7576557791971996
OASIS_2,LinearSVM,47,test,motion__severe,motion,severe,D:\OASIS_2\distortions_128\motion\severe\Very_Mild_Dementia\OAS2_0103\OAS2_0103_slice_10_z125.png,Very_Mild_Dementia/OAS2_0103/OAS2_0103_slice_10_z125.png,Very Mild Dementia/OAS2_0103/OAS2_0103_slice_10_z125.png,OAS2_0103,Very Mild Dementia,1,1,Very Mild Dementia,1,-2.651943560108649,3.0612226912920404,-1.065922482731845,0.4651104455940136
OASIS_2,LinearSVM,47,test,motion__severe,motion,severe,D:\OASIS_2\distortions_128\motion\severe\Very_Mild_Dementia\OAS2_0103\OAS2_0103_slice_11_z130.png,Very_Mild_Dementia/OAS2_0103/OAS2_0103_slice_11_z130.png,Very Mild Dementia/OAS2_0103/OAS2_0103_slice_11_z130.png,OAS2_0103,Very Mild Dementia,1,1,Very Mild Dementia,1,-3.5061883998179266,7.302305067589372,-4.027574469504687,-0.132653490538027
OASIS_2,LinearSVM,47,test,motion__severe,motion,severe,D:\OASIS_2\distortions_128\motion\severe\Very_Mild_Dementia\OAS2_0103\OAS2_0103_slice_12_z135.png,Very_Mild_Dementia/OAS2_0103/OAS2_0103_slice_12_z135.png,Very Mild Dementia/OAS2_0103/OAS2_0103_slice_12_z135.png,OAS2_0103,Very Mild Dementia,1,1,Very Mild Dementia,1,-2.511042705800311,3.893535594669024,-2.268499501985077,1.3120145832547747
OASIS_2,LinearSVM,47,test,motion__severe,motion,severe,D:\OASIS_2\distortions_128\motion\severe\Very_Mild_Dementia\OAS2_0103\OAS2_0103_slice_13_z141.png,Very_Mild_Dementia/OAS2_0103/OAS2_0103_slice_13_z141.png,Very Mild Dementia/OAS2_0103/OAS2_0103_slice_13_z141.png,OAS2_0103,Very Mild Dementia,1,1,Very Mild Dementia,1,-1.859451964213045,1.2751182269404413,0.2996029875469792,0.8528790546779503
OASIS_2,LinearSVM,47,test,motion__severe,motion,severe,D:\OASIS_2\distortions_128\motion\severe\Very_Mild_Dementia\OAS2_0103\OAS2_0103_slice_14_z146.png,Very_Mild_Dementia/OAS2_0103/OAS2_0103_slice_14_z146.png,Very Mild Dementia/OAS2_0103/OAS2_0103_slice_14_z146.png,OAS2_0103,Very Mild Dementia,1,1,Very Mild Dementia,1,-2.8916295639327716,4.0342243546831416,-2.9516498329674827,1.9790422698126355
OASIS_2,LinearSVM,47,test,motion__severe,motion,severe,D:\OASIS_2\distortions_128\motion\severe\Very_Mild_Dementia\OAS2_0103\OAS2_0103_slice_15_z151.png,Very_Mild_Dementia/OAS2_0103/OAS2_0103_slice_15_z151.png,Very Mild Dementia/OAS2_0103/OAS2_0103_slice_15_z151.png,OAS2_0103,Very Mild Dementia,1,1,Very Mild Dementia,1,-2.9599902385437433,2.803789678392892,-0.9364589879284155,1.0489090091648312
OASIS_2,LinearSVM,47,test,motion__severe,motion,severe,D:\OASIS_2\distortions_128\motion\severe\Very_Mild_Dementia\OAS2_0103\OAS2_0103_slice_16_z157.png,Very_Mild_Dementia/OAS2_0103/OAS2_0103_slice_16_z157.png,Very Mild Dementia/OAS2_0103/OAS2_0103_slice_16_z157.png,OAS2_0103,Very Mild Dementia,1,1,Very Mild Dementia,1,-1.9891459853468278,3.6480120052980363,-1.6972036135363688,0.8714990138525658
OASIS_2,LinearSVM,47,test,motion__severe,motion,severe,D:\OASIS_2\distortions_128\motion\severe\Very_Mild_Dementia\OAS2_0103\OAS2_0103_slice_17_z162.png,Very_Mild_Dementia/OAS2_0103/OAS2_0103_slice_17_z162.png,Very Mild Dementia/OAS2_0103/OAS2_0103_slice_17_z162.png,OAS2_0103,Very Mild Dementia,1,3,Moderate Dementia,0,-1.9170145874617253,0.4785933086137013,-0.5926891218651926,1.3388596371092811
OASIS_2,LinearSVM,47,test,motion__severe,motion,severe,D:\OASIS_2\distortions_128\motion\severe\Very_Mild_Dementia\OAS2_0103\OAS2_0103_slice_18_z167.png,Very_Mild_Dementia/OAS2_0103/OAS2_0103_slice_18_z167.png,Very Mild Dementia/OAS2_0103/OAS2_0103_slice_18_z167.png,OAS2_0103,Very Mild Dementia,1,1,Very Mild Dementia,1,-1.9180111838059943,3.6656959110405243,-2.2093769232432803,0.09277432058225354
OASIS_2,LinearSVM,47,test,motion__severe,motion,severe,D:\OASIS_2\distortions_128\motion\severe\Very_Mild_Dementia\OAS2_0103\OAS2_0103_slice_19_z173.png,Very_Mild_Dementia/OAS2_0103/OAS2_0103_slice_19_z173.png,Very Mild Dementia/OAS2_0103/OAS2_0103_slice_19_z173.png,OAS2_0103,Very Mild Dementia,1,1,Very Mild Dementia,1,-4.254562773933956,4.792785851398362,-0.07251513413666533,0.38935942461022255
OASIS_2,LinearSVM,47,test,motion__severe,motion,severe,D:\OASIS_2\distortions_128\motion\severe\Very_Mild_Dementia\OAS2_0103\OAS2_0103_slice_20_z178.png,Very_Mild_Dementia/OAS2_0103/OAS2_0103_slice_20_z178.png,Very Mild Dementia/OAS2_0103/OAS2_0103_slice_20_z178.png,OAS2_0103,Very Mild Dementia,1,1,Very Mild Dementia,1,-3.300857356473665,3.3696089998228813,-2.700108109935493,1.1707976985862456
OASIS_2,LinearSVM,47,test,motion__severe,motion,severe,D:\OASIS_2\distortions_128\motion\severe\Very_Mild_Dementia\OAS2_0176\OAS2_0176_slice_01_z077.png,Very_Mild_Dementia/OAS2_0176/OAS2_0176_slice_01_z077.png,Very Mild Dementia/OAS2_0176/OAS2_0176_slice_01_z077.png,OAS2_0176,Very Mild Dementia,1,1,Very Mild Dementia,1,-4.448475160924979,2.771146903275365,0.29098247100722163,1.0794058270040958
OASIS_2,LinearSVM,47,test,motion__severe,motion,severe,D:\OASIS_2\distortions_128\motion\severe\Very_Mild_Dementia\OAS2_0176\OAS2_0176_slice_02_z082.png,Very_Mild_Dementia/OAS2_0176/OAS2_0176_slice_02_z082.png,Very Mild Dementia/OAS2_0176/OAS2_0176_slice_02_z082.png,OAS2_0176,Very Mild Dementia,1,1,Very Mild Dementia,1,-5.087164366514593,4.170870576758053,-1.2169653129128795,1.0369927557100087
OASIS_2,LinearSVM,47,test,motion__severe,motion,severe,D:\OASIS_2\distortions_128\motion\severe\Very_Mild_Dementia\OAS2_0176\OAS2_0176_slice_03_z088.png,Very_Mild_Dementia/OAS2_0176/OAS2_0176_slice_03_z088.png,Very Mild Dementia/OAS2_0176/OAS2_0176_slice_03_z088.png,OAS2_0176,Very Mild Dementia,1,2,Mild Dementia,0,-1.932978254935634,0.09759997580164359,0.39121996659192393,-0.07966564880852556
OASIS_2,LinearSVM,47,test,motion__severe,motion,severe,D:\OASIS_2\distortions_128\motion\severe\Very_Mild_Dementia\OAS2_0176\OAS2_0176_slice_04_z093.png,Very_Mild_Dementia/OAS2_0176/OAS2_0176_slice_04_z093.png,Very Mild Dementia/OAS2_0176/OAS2_0176_slice_04_z093.png,OAS2_0176,Very Mild Dementia,1,1,Very Mild Dementia,1,-4.103770949935705,1.3770221754108307,1.015836038325662,0.9820859907323249
OASIS_2,LinearSVM,47,test,motion__severe,motion,severe,D:\OASIS_2\distortions_128\motion\severe\Very_Mild_Dementia\OAS2_0176\OAS2_0176_slice_05_z098.png,Very_Mild_Dementia/OAS2_0176/OAS2_0176_slice_05_z098.png,Very Mild Dementia/OAS2_0176/OAS2_0176_slice_05_z098.png,OAS2_0176,Very Mild Dementia,1,1,Very Mild Dementia,1,-3.475201616797856,1.510795830899151,0.32778137646011085,0.4668824890790353
OASIS_2,LinearSVM,47,test,motion__severe,motion,severe,D:\OASIS_2\distortions_128\motion\severe\Very_Mild_Dementia\OAS2_0176\OAS2_0176_slice_06_z104.png,Very_Mild_Dementia/OAS2_0176/OAS2_0176_slice_06_z104.png,Very Mild Dementia/OAS2_0176/OAS2_0176_slice_06_z104.png,OAS2_0176,Very Mild Dementia,1,1,Very Mild Dementia,1,-4.68465620825694,5.130762218058685,-1.715112511444961,1.5366520881978998
OASIS_2,LinearSVM,47,test,motion__severe,motion,severe,D:\OASIS_2\distortions_128\motion\severe\Very_Mild_Dementia\OAS2_0176\OAS2_0176_slice_07_z109.png,Very_Mild_Dementia/OAS2_0176/OAS2_0176_slice_07_z109.png,Very Mild Dementia/OAS2_0176/OAS2_0176_slice_07_z109.png,OAS2_0176,Very Mild Dementia,1,1,Very Mild Dementia,1,-3.1520626171777413,2.160748641618931,0.16222247744802698,1.5318962153376314
OASIS_2,LinearSVM,47,test,motion__severe,motion,severe,D:\OASIS_2\distortions_128\motion\severe\Very_Mild_Dementia\OAS2_0176\OAS2_0176_slice_08_z114.png,Very_Mild_Dementia/OAS2_0176/OAS2_0176_slice_08_z114.png,Very Mild Dementia/OAS2_0176/OAS2_0176_slice_08_z114.png,OAS2_0176,Very Mild Dementia,1,1,Very Mild Dementia,1,-2.526680464533599,3.667211654334894,-0.9978014124185962,0.880044010071293
OASIS_2,LinearSVM,47,test,motion__severe,motion,severe,D:\OASIS_2\distortions_128\motion\severe\Very_Mild_Dementia\OAS2_0176\OAS2_0176_slice_09_z120.png,Very_Mild_Dementia/OAS2_0176/OAS2_0176_slice_09_z120.png,Very Mild Dementia/OAS2_0176/OAS2_0176_slice_09_z120.png,OAS2_0176,Very Mild Dementia,1,1,Very Mild Dementia,1,-2.642270152967199,3.035346088481522,-0.853333028435067,1.2504151395238097
OASIS_2,LinearSVM,47,test,motion__severe,motion,severe,D:\OASIS_2\distortions_128\motion\severe\Very_Mild_Dementia\OAS2_0176\OAS2_0176_slice_10_z125.png,Very_Mild_Dementia/OAS2_0176/OAS2_0176_slice_10_z125.png,Very Mild Dementia/OAS2_0176/OAS2_0176_slice_10_z125.png,OAS2_0176,Very Mild Dementia,1,1,Very Mild Dementia,1,-1.8899429576087192,1.6915634613878734,-0.9143610051589621,0.513447872509418
OASIS_2,LinearSVM,47,test,motion__severe,motion,severe,D:\OASIS_2\distortions_128\motion\severe\Very_Mild_Dementia\OAS2_0176\OAS2_0176_slice_11_z130.png,Very_Mild_Dementia/OAS2_0176/OAS2_0176_slice_11_z130.png,Very Mild Dementia/OAS2_0176/OAS2_0176_slice_11_z130.png,OAS2_0176,Very Mild Dementia,1,1,Very Mild Dementia,1,-4.31723534863208,4.9100754846346994,-1.0431629738850456,0.28214512996979146
OASIS_2,LinearSVM,47,test,motion__severe,motion,severe,D:\OASIS_2\distortions_128\motion\severe\Very_Mild_Dementia\OAS2_0176\OAS2_0176_slice_12_z135.png,Very_Mild_Dementia/OAS2_0176/OAS2_0176_slice_12_z135.png,Very Mild Dementia/OAS2_0176/OAS2_0176_slice_12_z135.png,OAS2_0176,Very Mild Dementia,1,1,Very Mild Dementia,1,-7.4145105854387285,6.223539909279931,-1.3963147695716192,1.9941583071691724
OASIS_2,LinearSVM,47,test,motion__severe,motion,severe,D:\OASIS_2\distortions_128\motion\severe\Very_Mild_Dementia\OAS2_0176\OAS2_0176_slice_13_z141.png,Very_Mild_Dementia/OAS2_0176/OAS2_0176_slice_13_z141.png,Very Mild Dementia/OAS2_0176/OAS2_0176_slice_13_z141.png,OAS2_0176,Very Mild Dementia,1,1,Very Mild Dementia,1,-3.5673002337160944,3.151290159777293,-0.6985534845671707,1.2708976362062883
OASIS_2,LinearSVM,47,test,motion__severe,motion,severe,D:\OASIS_2\distortions_128\motion\severe\Very_Mild_Dementia\OAS2_0176\OAS2_0176_slice_14_z146.png,Very_Mild_Dementia/OAS2_0176/OAS2_0176_slice_14_z146.png,Very Mild Dementia/OAS2_0176/OAS2_0176_slice_14_z146.png,OAS2_0176,Very Mild Dementia,1,1,Very Mild Dementia,1,-4.222504560936065,3.4484601377355686,-0.07169609291810508,0.5607417450323842
OASIS_2,LinearSVM,47,test,motion__severe,motion,severe,D:\OASIS_2\distortions_128\motion\severe\Very_Mild_Dementia\OAS2_0176\OAS2_0176_slice_15_z151.png,Very_Mild_Dementia/OAS2_0176/OAS2_0176_slice_15_z151.png,Very Mild Dementia/OAS2_0176/OAS2_0176_slice_15_z151.png,OAS2_0176,Very Mild Dementia,1,1,Very Mild Dementia,1,-1.606933409320931,1.1275870284858718,-1.051574257267227,0.7155168372947722
OASIS_2,LinearSVM,47,test,motion__severe,motion,severe,D:\OASIS_2\distortions_128\motion\severe\Very_Mild_Dementia\OAS2_0176\OAS2_0176_slice_16_z157.png,Very_Mild_Dementia/OAS2_0176/OAS2_0176_slice_16_z157.png,Very Mild Dementia/OAS2_0176/OAS2_0176_slice_16_z157.png,OAS2_0176,Very Mild Dementia,1,1,Very Mild Dementia,1,-2.0474000833166297,1.4507063462333256,0.25658764016882474,0.20363949645679602
OASIS_2,LinearSVM,47,test,motion__severe,motion,severe,D:\OASIS_2\distortions_128\motion\severe\Very_Mild_Dementia\OAS2_0176\OAS2_0176_slice_17_z162.png,Very_Mild_Dementia/OAS2_0176/OAS2_0176_slice_17_z162.png,Very Mild Dementia/OAS2_0176/OAS2_0176_slice_17_z162.png,OAS2_0176,Very Mild Dementia,1,1,Very Mild Dementia,1,-2.6603166077284857,3.689714712370928,-1.2482138228389634,-0.06657793643437215
OASIS_2,LinearSVM,47,test,motion__severe,motion,severe,D:\OASIS_2\distortions_128\motion\severe\Very_Mild_Dementia\OAS2_0176\OAS2_0176_slice_18_z167.png,Very_Mild_Dementia/OAS2_0176/OAS2_0176_slice_18_z167.png,Very Mild Dementia/OAS2_0176/OAS2_0176_slice_18_z167.png,OAS2_0176,Very Mild Dementia,1,1,Very Mild Dementia,1,-3.3724908606592754,2.9326247810929806,-0.09337686469090922,-0.43196660115604213
OASIS_2,LinearSVM,47,test,motion__severe,motion,severe,D:\OASIS_2\distortions_128\motion\severe\Very_Mild_Dementia\OAS2_0176\OAS2_0176_slice_19_z173.png,Very_Mild_Dementia/OAS2_0176/OAS2_0176_slice_19_z173.png,Very Mild Dementia/OAS2_0176/OAS2_0176_slice_19_z173.png,OAS2_0176,Very Mild Dementia,1,1,Very Mild Dementia,1,-3.8273641609169777,2.731284367405254,0.7442076673411108,-0.4754712529480379
OASIS_2,LinearSVM,47,test,motion__severe,motion,severe,D:\OASIS_2\distortions_128\motion\severe\Very_Mild_Dementia\OAS2_0176\OAS2_0176_slice_20_z178.png,Very_Mild_Dementia/OAS2_0176/OAS2_0176_slice_20_z178.png,Very Mild Dementia/OAS2_0176/OAS2_0176_slice_20_z178.png,OAS2_0176,Very Mild Dementia,1,1,Very Mild Dementia,1,-2.523938157958364,1.5028630514410457,0.5017997806858717,-1.1258308991382033
