dataset,model,seed,split,condition,distortion,severity,file_path,relative_path,sample_key,subject_id,class_name,y_true,y_pred,pred_class_name,correct,score_nondemented,score_verymilddementia,score_milddementia,score_moderatedementia
OASIS_1,RandomForest,13,test,brightness_contrast__moderate,brightness_contrast,moderate,D:\OASIS_1\distortions_32\brightness_contrast\moderate\Mild_Dementia\OAS1_0028\OAS1_0028_slice_01_z038.png,Mild_Dementia/OAS1_0028/OAS1_0028_slice_01_z038.png,Mild Dementia/OAS1_0028/OAS1_0028_slice_01_z038.png,OAS1_0028,Mild Dementia,2,1,Very Mild Dementia,0,0.3246016271356261,0.4586797102365522,0.21671866262782147,0.0
OASIS_1,RandomForest,13,test,brightness_contrast__moderate,brightness_contrast,moderate,D:\OASIS_1\distortions_32\brightness_contrast\moderate\Mild_Dementia\OAS1_0028\OAS1_0028_slice_02_z041.png,Mild_Dementia/OAS1_0028/OAS1_0028_slice_02_z041.png,Mild Dementia/OAS1_0028/OAS1_0028_slice_02_z041.png,OAS1_0028,Mild Dementia,2,0,Non-Demented,0,0.38088683537951246,0.28720092986755646,0.3319122347529311,0.0
OASIS_1,RandomForest,13,test,brightness_contrast__moderate,brightness_contrast,moderate,D:\OASIS_1\distortions_32\brightness_contrast\moderate\Mild_Dementia\OAS1_0028\OAS1_0028_slice_03_z043.png,Mild_Dementia/OAS1_0028/OAS1_0028_slice_03_z043.png,Mild Dementia/OAS1_0028/OAS1_0028_slice_03_z043.png,OAS1_0028,Mild Dementia,2,1,Very Mild Dementia,0,0.3405651442889507,0.3751692406700369,0.2842656150410124,0.0
OASIS_1,RandomForest,13,test,brightness_contrast__moderate,brightness_contrast,moderate,D:\OASIS_1\distortions_32\brightness_contrast\moderate\Mild_Dementia\OAS1_0028\OAS1_0028_slice_04_z046.png,Mild_Dementia/OAS1_0028/OAS1_0028_slice_04_z046.png,Mild Dementia/OAS1_0028/OAS1_0028_slice_04_z046.png,OAS1_0028,Mild Dementia,2,1,Very Mild Dementia,0,0.3268310388548028,0.3693253050750256,0.30384365607017133,0.0
OASIS_1,RandomForest,13,test,brightness_contrast__moderate,brightness_contrast,moderate,D:\OASIS_1\distortions_32\brightness_contrast\moderate\Mild_Dementia\OAS1_0028\OAS1_0028_slice_05_z049.png,Mild_Dementia/OAS1_0028/OAS1_0028_slice_05_z049.png,Mild Dementia/OAS1_0028/OAS1_0028_slice_05_z049.png,OAS1_0028,Mild Dementia,2,1,Very Mild Dementia,0,0.3272928519122697,0.4003001748152503,0.2724069732724801,0.0
OASIS_1,RandomForest,13,test,brightness_contrast__moderate,brightness_contrast,moderate,D:\OASIS_1\distortions_32\brightness_contrast\moderate\Mild_Dementia\OAS1_0028\OAS1_0028_slice_06_z051.png,Mild_Dementia/OAS1_0028/OAS1_0028_slice_06_z051.png,Mild Dementia/OAS1_0028/OAS1_0028_slice_06_z051.png,OAS1_0028,Mild Dementia,2,0,Non-Demented,0,0.41987713836794327,0.2460480763599918,0.16074145193873154,0.17333333333333334
OASIS_1,RandomForest,13,test,brightness_contrast__moderate,brightness_contrast,moderate,D:\OASIS_1\distortions_32\brightness_contrast\moderate\Mild_Dementia\OAS1_0028\OAS1_0028_slice_07_z054.png,Mild_Dementia/OAS1_0028/OAS1_0028_slice_07_z054.png,Mild Dementia/OAS1_0028/OAS1_0028_slice_07_z054.png,OAS1_0028,Mild Dementia,2,0,Non-Demented,0,0.3765448778876935,0.3275447551612815,0.29591036695102496,0.0
OASIS_1,RandomForest,13,test,brightness_contrast__moderate,brightness_contrast,moderate,D:\OASIS_1\distortions_32\brightness_contrast\moderate\Mild_Dementia\OAS1_0028\OAS1_0028_slice_08_z057.png,Mild_Dementia/OAS1_0028/OAS1_0028_slice_08_z057.png,Mild Dementia/OAS1_0028/OAS1_0028_slice_08_z057.png,OAS1_0028,Mild Dementia,2,0,Non-Demented,0,0.39493563516227714,0.2440352751217813,0.14769575638260818,0.21333333333333335
OASIS_1,RandomForest,13,test,brightness_contrast__moderate,brightness_contrast,moderate,D:\OASIS_1\distortions_32\brightness_contrast\moderate\Mild_Dementia\OAS1_0028\OAS1_0028_slice_09_z059.png,Mild_Dementia/OAS1_0028/OAS1_0028_slice_09_z059.png,Mild Dementia/OAS1_0028/OAS1_0028_slice_09_z059.png,OAS1_0028,Mild Dementia,2,0,Non-Demented,0,0.4051596782774955,0.3668505732741914,0.22798974844831302,0.0
OASIS_1,RandomForest,13,test,brightness_contrast__moderate,brightness_contrast,moderate,D:\OASIS_1\distortions_32\brightness_contrast\moderate\Mild_Dementia\OAS1_0028\OAS1_0028_slice_10_z062.png,Mild_Dementia/OAS1_0028/OAS1_0028_slice_10_z062.png,Mild Dementia/OAS1_0028/OAS1_0028_slice_10_z062.png,OAS1_0028,Mild Dementia,2,0,Non-Demented,0,0.3921187749885793,0.2362115564179577,0.15166966859346293,0.22
OASIS_1,RandomForest,13,test,brightness_contrast__moderate,brightness_contrast,moderate,D:\OASIS_1\distortions_32\brightness_contrast\moderate\Mild_Dementia\OAS1_0028\OAS1_0028_slice_11_z065.png,Mild_Dementia/OAS1_0028/OAS1_0028_slice_11_z065.png,Mild Dementia/OAS1_0028/OAS1_0028_slice_11_z065.png,OAS1_0028,Mild Dementia,2,0,Non-Demented,0,0.39027016697888733,0.3368122324023799,0.27291760061873244,0.0
OASIS_1,RandomForest,13,test,brightness_contrast__moderate,brightness_contrast,moderate,D:\OASIS_1\distortions_32\brightness_contrast\moderate\Mild_Dementia\OAS1_0028\OAS1_0028_slice_12_z068.png,Mild_Dementia/OAS1_0028/OAS1_0028_slice_12_z068.png,Mild Dementia/OAS1_0028/OAS1_0028_slice_12_z068.png,OAS1_0028,Mild Dementia,2,0,Non-Demented,0,0.4503581026806654,0.35416093430860607,0.19548096301072843,0.0
OASIS_1,RandomForest,13,test,brightness_contrast__moderate,brightness_contrast,moderate,D:\OASIS_1\distortions_32\brightness_contrast\moderate\Mild_Dementia\OAS1_0028\OAS1_0028_slice_13_z070.png,Mild_Dementia/OAS1_0028/OAS1_0028_slice_13_z070.png,Mild Dementia/OAS1_0028/OAS1_0028_slice_13_z070.png,OAS1_0028,Mild Dementia,2,1,Very Mild Dementia,0,0.3683626838031968,0.3685686658005309,0.26306865039627236,0.0
OASIS_1,RandomForest,13,test,brightness_contrast__moderate,brightness_contrast,moderate,D:\OASIS_1\distortions_32\brightness_contrast\moderate\Mild_Dementia\OAS1_0028\OAS1_0028_slice_14_z073.png,Mild_Dementia/OAS1_0028/OAS1_0028_slice_14_z073.png,Mild Dementia/OAS1_0028/OAS1_0028_slice_14_z073.png,OAS1_0028,Mild Dementia,2,0,Non-Demented,0,0.42701274454650767,0.2389124701814274,0.1540747852720649,0.18
OASIS_1,RandomForest,13,test,brightness_contrast__moderate,brightness_contrast,moderate,D:\OASIS_1\distortions_32\brightness_contrast\moderate\Mild_Dementia\OAS1_0028\OAS1_0028_slice_15_z076.png,Mild_Dementia/OAS1_0028/OAS1_0028_slice_15_z076.png,Mild Dementia/OAS1_0028/OAS1_0028_slice_15_z076.png,OAS1_0028,Mild Dementia,2,1,Very Mild Dementia,0,0.36027863788330255,0.3800283975748667,0.2596929645418305,0.0
OASIS_1,RandomForest,13,test,brightness_contrast__moderate,brightness_contrast,moderate,D:\OASIS_1\distortions_32\brightness_contrast\moderate\Mild_Dementia\OAS1_0028\OAS1_0028_slice_16_z078.png,Mild_Dementia/OAS1_0028/OAS1_0028_slice_16_z078.png,Mild Dementia/OAS1_0028/OAS1_0028_slice_16_z078.png,OAS1_0028,Mild Dementia,2,0,Non-Demented,0,0.37986137549885773,0.3483327339797729,0.2718058905213695,0.0
OASIS_1,RandomForest,13,test,brightness_contrast__moderate,brightness_contrast,moderate,D:\OASIS_1\distortions_32\brightness_contrast\moderate\Mild_Dementia\OAS1_0028\OAS1_0028_slice_17_z081.png,Mild_Dementia/OAS1_0028/OAS1_0028_slice_17_z081.png,Mild Dementia/OAS1_0028/OAS1_0028_slice_17_z081.png,OAS1_0028,Mild Dementia,2,0,Non-Demented,0,0.3874705711003039,0.3340124525178227,0.2785169763818734,0.0
OASIS_1,RandomForest,13,test,brightness_contrast__moderate,brightness_contrast,moderate,D:\OASIS_1\distortions_32\brightness_contrast\moderate\Mild_Dementia\OAS1_0028\OAS1_0028_slice_18_z084.png,Mild_Dementia/OAS1_0028/OAS1_0028_slice_18_z084.png,Mild Dementia/OAS1_0028/OAS1_0028_slice_18_z084.png,OAS1_0028,Mild Dementia,2,0,Non-Demented,0,0.43566683858851474,0.23812038670776753,0.15621277470371783,0.17
OASIS_1,RandomForest,13,test,brightness_contrast__moderate,brightness_contrast,moderate,D:\OASIS_1\distortions_32\brightness_contrast\moderate\Mild_Dementia\OAS1_0028\OAS1_0028_slice_19_z086.png,Mild_Dementia/OAS1_0028/OAS1_0028_slice_19_z086.png,Mild Dementia/OAS1_0028/OAS1_0028_slice_19_z086.png,OAS1_0028,Mild Dementia,2,0,Non-Demented,0,0.5867212298941218,0.2811554523255909,0.1321233177802877,0.0
OASIS_1,RandomForest,13,test,brightness_contrast__moderate,brightness_contrast,moderate,D:\OASIS_1\distortions_32\brightness_contrast\moderate\Mild_Dementia\OAS1_0028\OAS1_0028_slice_20_z089.png,Mild_Dementia/OAS1_0028/OAS1_0028_slice_20_z089.png,Mild Dementia/OAS1_0028/OAS1_0028_slice_20_z089.png,OAS1_0028,Mild Dementia,2,0,Non-Demented,0,0.3584119006859649,0.3318021480075475,0.3097859513064871,0.0
OASIS_1,RandomForest,13,test,brightness_contrast__moderate,brightness_contrast,moderate,D:\OASIS_1\distortions_32\brightness_contrast\moderate\Mild_Dementia\OAS1_0137\OAS1_0137_slice_01_z038.png,Mild_Dementia/OAS1_0137/OAS1_0137_slice_01_z038.png,Mild Dementia/OAS1_0137/OAS1_0137_slice_01_z038.png,OAS1_0137,Mild Dementia,2,0,Non-Demented,0,0.42534265066283483,0.21480798255291644,0.163182700117582,0.19666666666666666
OASIS_1,RandomForest,13,test,brightness_contrast__moderate,brightness_contrast,moderate,D:\OASIS_1\distortions_32\brightness_contrast\moderate\Mild_Dementia\OAS1_0137\OAS1_0137_slice_02_z041.png,Mild_Dementia/OAS1_0137/OAS1_0137_slice_02_z041.png,Mild Dementia/OAS1_0137/OAS1_0137_slice_02_z041.png,OAS1_0137,Mild Dementia,2,1,Very Mild Dementia,0,0.27608534963001136,0.6386939937784702,0.08522065659151824,0.0
OASIS_1,RandomForest,13,test,brightness_contrast__moderate,brightness_contrast,moderate,D:\OASIS_1\distortions_32\brightness_contrast\moderate\Mild_Dementia\OAS1_0137\OAS1_0137_slice_03_z043.png,Mild_Dementia/OAS1_0137/OAS1_0137_slice_03_z043.png,Mild Dementia/OAS1_0137/OAS1_0137_slice_03_z043.png,OAS1_0137,Mild Dementia,2,0,Non-Demented,0,0.6067448925345602,0.3258608763227353,0.06739423114270461,0.0
OASIS_1,RandomForest,13,test,brightness_contrast__moderate,brightness_contrast,moderate,D:\OASIS_1\distortions_32\brightness_contrast\moderate\Mild_Dementia\OAS1_0137\OAS1_0137_slice_04_z046.png,Mild_Dementia/OAS1_0137/OAS1_0137_slice_04_z046.png,Mild Dementia/OAS1_0137/OAS1_0137_slice_04_z046.png,OAS1_0137,Mild Dementia,2,0,Non-Demented,0,0.4346735059143225,0.211465989944421,0.15719383747458987,0.19666666666666666
OASIS_1,RandomForest,13,test,brightness_contrast__moderate,brightness_contrast,moderate,D:\OASIS_1\distortions_32\brightness_contrast\moderate\Mild_Dementia\OAS1_0137\OAS1_0137_slice_05_z049.png,Mild_Dementia/OAS1_0137/OAS1_0137_slice_05_z049.png,Mild Dementia/OAS1_0137/OAS1_0137_slice_05_z049.png,OAS1_0137,Mild Dementia,2,1,Very Mild Dementia,0,0.2806230224878601,0.5837146736770187,0.13566230383512173,0.0
OASIS_1,RandomForest,13,test,brightness_contrast__moderate,brightness_contrast,moderate,D:\OASIS_1\distortions_32\brightness_contrast\moderate\Mild_Dementia\OAS1_0137\OAS1_0137_slice_06_z051.png,Mild_Dementia/OAS1_0137/OAS1_0137_slice_06_z051.png,Mild Dementia/OAS1_0137/OAS1_0137_slice_06_z051.png,OAS1_0137,Mild Dementia,2,0,Non-Demented,0,0.4833097358303214,0.36802191344658314,0.14866835072309528,0.0
OASIS_1,RandomForest,13,test,brightness_contrast__moderate,brightness_contrast,moderate,D:\OASIS_1\distortions_32\brightness_contrast\moderate\Mild_Dementia\OAS1_0137\OAS1_0137_slice_07_z054.png,Mild_Dementia/OAS1_0137/OAS1_0137_slice_07_z054.png,Mild Dementia/OAS1_0137/OAS1_0137_slice_07_z054.png,OAS1_0137,Mild Dementia,2,1,Very Mild Dementia,0,0.2836327221780261,0.5816052436363551,0.13476203418561936,0.0
OASIS_1,RandomForest,13,test,brightness_contrast__moderate,brightness_contrast,moderate,D:\OASIS_1\distortions_32\brightness_contrast\moderate\Mild_Dementia\OAS1_0137\OAS1_0137_slice_08_z057.png,Mild_Dementia/OAS1_0137/OAS1_0137_slice_08_z057.png,Mild Dementia/OAS1_0137/OAS1_0137_slice_08_z057.png,OAS1_0137,Mild Dementia,2,0,Non-Demented,0,0.5498553601273692,0.3035618281189371,0.14658281175369364,0.0
OASIS_1,RandomForest,13,test,brightness_contrast__moderate,brightness_contrast,moderate,D:\OASIS_1\distortions_32\brightness_contrast\moderate\Mild_Dementia\OAS1_0137\OAS1_0137_slice_09_z059.png,Mild_Dementia/OAS1_0137/OAS1_0137_slice_09_z059.png,Mild Dementia/OAS1_0137/OAS1_0137_slice_09_z059.png,OAS1_0137,Mild Dementia,2,1,Very Mild Dementia,0,0.3136215798764581,0.5654934080017604,0.12088501212178179,0.0
OASIS_1,RandomForest,13,test,brightness_contrast__moderate,brightness_contrast,moderate,D:\OASIS_1\distortions_32\brightness_contrast\moderate\Mild_Dementia\OAS1_0137\OAS1_0137_slice_10_z062.png,Mild_Dementia/OAS1_0137/OAS1_0137_slice_10_z062.png,Mild Dementia/OAS1_0137/OAS1_0137_slice_10_z062.png,OAS1_0137,Mild Dementia,2,1,Very Mild Dementia,0,0.2643855378290854,0.6156908671849283,0.11992359498598691,0.0
OASIS_1,RandomForest,13,test,brightness_contrast__moderate,brightness_contrast,moderate,D:\OASIS_1\distortions_32\brightness_contrast\moderate\Mild_Dementia\OAS1_0137\OAS1_0137_slice_11_z065.png,Mild_Dementia/OAS1_0137/OAS1_0137_slice_11_z065.png,Mild Dementia/OAS1_0137/OAS1_0137_slice_11_z065.png,OAS1_0137,Mild Dementia,2,0,Non-Demented,0,0.4136614769317796,0.24767706280118745,0.1653281269336996,0.17333333333333334
OASIS_1,RandomForest,13,test,brightness_contrast__moderate,brightness_contrast,moderate,D:\OASIS_1\distortions_32\brightness_contrast\moderate\Mild_Dementia\OAS1_0137\OAS1_0137_slice_12_z068.png,Mild_Dementia/OAS1_0137/OAS1_0137_slice_12_z068.png,Mild Dementia/OAS1_0137/OAS1_0137_slice_12_z068.png,OAS1_0137,Mild Dementia,2,0,Non-Demented,0,0.41398092238406037,0.2277501803592554,0.1349355639233509,0.22333333333333333
OASIS_1,RandomForest,13,test,brightness_contrast__moderate,brightness_contrast,moderate,D:\OASIS_1\distortions_32\brightness_contrast\moderate\Mild_Dementia\OAS1_0137\OAS1_0137_slice_13_z070.png,Mild_Dementia/OAS1_0137/OAS1_0137_slice_13_z070.png,Mild Dementia/OAS1_0137/OAS1_0137_slice_13_z070.png,OAS1_0137,Mild Dementia,2,1,Very Mild Dementia,0,0.3639562981860011,0.42329478026728695,0.2127489215467121,0.0
OASIS_1,RandomForest,13,test,brightness_contrast__moderate,brightness_contrast,moderate,D:\OASIS_1\distortions_32\brightness_contrast\moderate\Mild_Dementia\OAS1_0137\OAS1_0137_slice_14_z073.png,Mild_Dementia/OAS1_0137/OAS1_0137_slice_14_z073.png,Mild Dementia/OAS1_0137/OAS1_0137_slice_14_z073.png,OAS1_0137,Mild Dementia,2,1,Very Mild Dementia,0,0.3008772209606197,0.5595279721435783,0.13959480689580264,0.0
OASIS_1,RandomForest,13,test,brightness_contrast__moderate,brightness_contrast,moderate,D:\OASIS_1\distortions_32\brightness_contrast\moderate\Mild_Dementia\OAS1_0137\OAS1_0137_slice_15_z076.png,Mild_Dementia/OAS1_0137/OAS1_0137_slice_15_z076.png,Mild Dementia/OAS1_0137/OAS1_0137_slice_15_z076.png,OAS1_0137,Mild Dementia,2,0,Non-Demented,0,0.5097646119220534,0.3697842017615863,0.12045118631635998,0.0
OASIS_1,RandomForest,13,test,brightness_contrast__moderate,brightness_contrast,moderate,D:\OASIS_1\distortions_32\brightness_contrast\moderate\Mild_Dementia\OAS1_0137\OAS1_0137_slice_16_z078.png,Mild_Dementia/OAS1_0137/OAS1_0137_slice_16_z078.png,Mild Dementia/OAS1_0137/OAS1_0137_slice_16_z078.png,OAS1_0137,Mild Dementia,2,1,Very Mild Dementia,0,0.3603757346607238,0.48142910771716696,0.15819515762210937,0.0
OASIS_1,RandomForest,13,test,brightness_contrast__moderate,brightness_contrast,moderate,D:\OASIS_1\distortions_32\brightness_contrast\moderate\Mild_Dementia\OAS1_0137\OAS1_0137_slice_17_z081.png,Mild_Dementia/OAS1_0137/OAS1_0137_slice_17_z081.png,Mild Dementia/OAS1_0137/OAS1_0137_slice_17_z081.png,OAS1_0137,Mild Dementia,2,0,Non-Demented,0,0.4471609508666836,0.21543093052791823,0.13407478527206487,0.20333333333333334
OASIS_1,RandomForest,13,test,brightness_contrast__moderate,brightness_contrast,moderate,D:\OASIS_1\distortions_32\brightness_contrast\moderate\Mild_Dementia\OAS1_0137\OAS1_0137_slice_18_z084.png,Mild_Dementia/OAS1_0137/OAS1_0137_slice_18_z084.png,Mild Dementia/OAS1_0137/OAS1_0137_slice_18_z084.png,OAS1_0137,Mild Dementia,2,1,Very Mild Dementia,0,0.2923936303787672,0.6025431957676688,0.10506317385356427,0.0
OASIS_1,RandomForest,13,test,brightness_contrast__moderate,brightness_contrast,moderate,D:\OASIS_1\distortions_32\brightness_contrast\moderate\Mild_Dementia\OAS1_0137\OAS1_0137_slice_19_z086.png,Mild_Dementia/OAS1_0137/OAS1_0137_slice_19_z086.png,Mild Dementia/OAS1_0137/OAS1_0137_slice_19_z086.png,OAS1_0137,Mild Dementia,2,0,Non-Demented,0,0.47295771941254616,0.20651510977953064,0.1505271708079232,0.17
OASIS_1,RandomForest,13,test,brightness_contrast__moderate,brightness_contrast,moderate,D:\OASIS_1\distortions_32\brightness_contrast\moderate\Mild_Dementia\OAS1_0137\OAS1_0137_slice_20_z089.png,Mild_Dementia/OAS1_0137/OAS1_0137_slice_20_z089.png,Mild Dementia/OAS1_0137/OAS1_0137_slice_20_z089.png,OAS1_0137,Mild Dementia,2,0,Non-Demented,0,0.6343970237792592,0.2888214430559761,0.07678153316476477,0.0
OASIS_1,RandomForest,13,test,brightness_contrast__moderate,brightness_contrast,moderate,D:\OASIS_1\distortions_32\brightness_contrast\moderate\Mild_Dementia\OAS1_0184\OAS1_0184_slice_01_z038.png,Mild_Dementia/OAS1_0184/OAS1_0184_slice_01_z038.png,Mild Dementia/OAS1_0184/OAS1_0184_slice_01_z038.png,OAS1_0184,Mild Dementia,2,0,Non-Demented,0,0.4436992621805388,0.22577356701153797,0.1505271708079232,0.18
OASIS_1,RandomForest,13,test,brightness_contrast__moderate,brightness_contrast,moderate,D:\OASIS_1\distortions_32\brightness_contrast\moderate\Mild_Dementia\OAS1_0184\OAS1_0184_slice_02_z041.png,Mild_Dementia/OAS1_0184/OAS1_0184_slice_02_z041.png,Mild Dementia/OAS1_0184/OAS1_0184_slice_02_z041.png,OAS1_0184,Mild Dementia,2,0,Non-Demented,0,0.5560415647091188,0.37866124635136145,0.061963855606186585,0.0033333333333333335
OASIS_1,RandomForest,13,test,brightness_contrast__moderate,brightness_contrast,moderate,D:\OASIS_1\distortions_32\brightness_contrast\moderate\Mild_Dementia\OAS1_0184\OAS1_0184_slice_03_z043.png,Mild_Dementia/OAS1_0184/OAS1_0184_slice_03_z043.png,Mild Dementia/OAS1_0184/OAS1_0184_slice_03_z043.png,OAS1_0184,Mild Dementia,2,0,Non-Demented,0,0.5663191503099486,0.3649313310520202,0.06541618530469809,0.0033333333333333335
OASIS_1,RandomForest,13,test,brightness_contrast__moderate,brightness_contrast,moderate,D:\OASIS_1\distortions_32\brightness_contrast\moderate\Mild_Dementia\OAS1_0184\OAS1_0184_slice_04_z046.png,Mild_Dementia/OAS1_0184/OAS1_0184_slice_04_z046.png,Mild Dementia/OAS1_0184/OAS1_0184_slice_04_z046.png,OAS1_0184,Mild Dementia,2,0,Non-Demented,0,0.49745947305325133,0.41010071290134964,0.09243981404539874,0.0
OASIS_1,RandomForest,13,test,brightness_contrast__moderate,brightness_contrast,moderate,D:\OASIS_1\distortions_32\brightness_contrast\moderate\Mild_Dementia\OAS1_0184\OAS1_0184_slice_05_z049.png,Mild_Dementia/OAS1_0184/OAS1_0184_slice_05_z049.png,Mild Dementia/OAS1_0184/OAS1_0184_slice_05_z049.png,OAS1_0184,Mild Dementia,2,0,Non-Demented,0,0.49181504185674024,0.41394266321910406,0.09424229492415538,0.0
OASIS_1,RandomForest,13,test,brightness_contrast__moderate,brightness_contrast,moderate,D:\OASIS_1\distortions_32\brightness_contrast\moderate\Mild_Dementia\OAS1_0184\OAS1_0184_slice_06_z051.png,Mild_Dementia/OAS1_0184/OAS1_0184_slice_06_z051.png,Mild Dementia/OAS1_0184/OAS1_0184_slice_06_z051.png,OAS1_0184,Mild Dementia,2,0,Non-Demented,0,0.47176620392720453,0.3709686580915536,0.15726513798124214,0.0
OASIS_1,RandomForest,13,test,brightness_contrast__moderate,brightness_contrast,moderate,D:\OASIS_1\distortions_32\brightness_contrast\moderate\Mild_Dementia\OAS1_0184\OAS1_0184_slice_07_z054.png,Mild_Dementia/OAS1_0184/OAS1_0184_slice_07_z054.png,Mild Dementia/OAS1_0184/OAS1_0184_slice_07_z054.png,OAS1_0184,Mild Dementia,2,0,Non-Demented,0,0.4831968896705059,0.3485349905824184,0.1682681197470755,0.0
OASIS_1,RandomForest,13,test,brightness_contrast__moderate,brightness_contrast,moderate,D:\OASIS_1\distortions_32\brightness_contrast\moderate\Mild_Dementia\OAS1_0184\OAS1_0184_slice_08_z057.png,Mild_Dementia/OAS1_0184/OAS1_0184_slice_08_z057.png,Mild Dementia/OAS1_0184/OAS1_0184_slice_08_z057.png,OAS1_0184,Mild Dementia,2,0,Non-Demented,0,0.4887202578367525,0.3612065591901668,0.1500731829730805,0.0
OASIS_1,RandomForest,13,test,brightness_contrast__moderate,brightness_contrast,moderate,D:\OASIS_1\distortions_32\brightness_contrast\moderate\Mild_Dementia\OAS1_0184\OAS1_0184_slice_09_z059.png,Mild_Dementia/OAS1_0184/OAS1_0184_slice_09_z059.png,Mild Dementia/OAS1_0184/OAS1_0184_slice_09_z059.png,OAS1_0184,Mild Dementia,2,0,Non-Demented,0,0.4717228169922413,0.3552857580016597,0.1729914250060989,0.0
OASIS_1,RandomForest,13,test,brightness_contrast__moderate,brightness_contrast,moderate,D:\OASIS_1\distortions_32\brightness_contrast\moderate\Mild_Dementia\OAS1_0184\OAS1_0184_slice_10_z062.png,Mild_Dementia/OAS1_0184/OAS1_0184_slice_10_z062.png,Mild Dementia/OAS1_0184/OAS1_0184_slice_10_z062.png,OAS1_0184,Mild Dementia,2,0,Non-Demented,0,0.42717738147099,0.22948928519567668,0.18,0.16333333333333333
OASIS_1,RandomForest,13,test,brightness_contrast__moderate,brightness_contrast,moderate,D:\OASIS_1\distortions_32\brightness_contrast\moderate\Mild_Dementia\OAS1_0184\OAS1_0184_slice_11_z065.png,Mild_Dementia/OAS1_0184/OAS1_0184_slice_11_z065.png,Mild Dementia/OAS1_0184/OAS1_0184_slice_11_z065.png,OAS1_0184,Mild Dementia,2,0,Non-Demented,0,0.4173394751535455,0.2359938581797878,0.17,0.17666666666666667
OASIS_1,RandomForest,13,test,brightness_contrast__moderate,brightness_contrast,moderate,D:\OASIS_1\distortions_32\brightness_contrast\moderate\Mild_Dementia\OAS1_0184\OAS1_0184_slice_12_z068.png,Mild_Dementia/OAS1_0184/OAS1_0184_slice_12_z068.png,Mild Dementia/OAS1_0184/OAS1_0184_slice_12_z068.png,OAS1_0184,Mild Dementia,2,0,Non-Demented,0,0.40078985420050955,0.2528409554759381,0.18636919032355234,0.16
OASIS_1,RandomForest,13,test,brightness_contrast__moderate,brightness_contrast,moderate,D:\OASIS_1\distortions_32\brightness_contrast\moderate\Mild_Dementia\OAS1_0184\OAS1_0184_slice_13_z070.png,Mild_Dementia/OAS1_0184/OAS1_0184_slice_13_z070.png,Mild Dementia/OAS1_0184/OAS1_0184_slice_13_z070.png,OAS1_0184,Mild Dementia,2,0,Non-Demented,0,0.45840931985412803,0.37124115472673497,0.17034952541913656,0.0
OASIS_1,RandomForest,13,test,brightness_contrast__moderate,brightness_contrast,moderate,D:\OASIS_1\distortions_32\brightness_contrast\moderate\Mild_Dementia\OAS1_0184\OAS1_0184_slice_14_z073.png,Mild_Dementia/OAS1_0184/OAS1_0184_slice_14_z073.png,Mild Dementia/OAS1_0184/OAS1_0184_slice_14_z073.png,OAS1_0184,Mild Dementia,2,0,Non-Demented,0,0.45461200456122036,0.3669262491346043,0.17846174630417505,0.0
OASIS_1,RandomForest,13,test,brightness_contrast__moderate,brightness_contrast,moderate,D:\OASIS_1\distortions_32\brightness_contrast\moderate\Mild_Dementia\OAS1_0184\OAS1_0184_slice_15_z076.png,Mild_Dementia/OAS1_0184/OAS1_0184_slice_15_z076.png,Mild Dementia/OAS1_0184/OAS1_0184_slice_15_z076.png,OAS1_0184,Mild Dementia,2,0,Non-Demented,0,0.5207406945976335,0.3443271333180246,0.13493217208434174,0.0
OASIS_1,RandomForest,13,test,brightness_contrast__moderate,brightness_contrast,moderate,D:\OASIS_1\distortions_32\brightness_contrast\moderate\Mild_Dementia\OAS1_0184\OAS1_0184_slice_16_z078.png,Mild_Dementia/OAS1_0184/OAS1_0184_slice_16_z078.png,Mild Dementia/OAS1_0184/OAS1_0184_slice_16_z078.png,OAS1_0184,Mild Dementia,2,0,Non-Demented,0,0.4516436777031983,0.37486912181180315,0.17348720048499827,0.0
OASIS_1,RandomForest,13,test,brightness_contrast__moderate,brightness_contrast,moderate,D:\OASIS_1\distortions_32\brightness_contrast\moderate\Mild_Dementia\OAS1_0184\OAS1_0184_slice_17_z081.png,Mild_Dementia/OAS1_0184/OAS1_0184_slice_17_z081.png,Mild Dementia/OAS1_0184/OAS1_0184_slice_17_z081.png,OAS1_0184,Mild Dementia,2,0,Non-Demented,0,0.49992197774824426,0.41498536978301137,0.08509265246874397,0.0
OASIS_1,RandomForest,13,test,brightness_contrast__moderate,brightness_contrast,moderate,D:\OASIS_1\distortions_32\brightness_contrast\moderate\Mild_Dementia\OAS1_0184\OAS1_0184_slice_18_z084.png,Mild_Dementia/OAS1_0184/OAS1_0184_slice_18_z084.png,Mild Dementia/OAS1_0184/OAS1_0184_slice_18_z084.png,OAS1_0184,Mild Dementia,2,0,Non-Demented,0,0.47524736276076357,0.3507915540590966,0.17396108318013961,0.0
OASIS_1,RandomForest,13,test,brightness_contrast__moderate,brightness_contrast,moderate,D:\OASIS_1\distortions_32\brightness_contrast\moderate\Mild_Dementia\OAS1_0184\OAS1_0184_slice_19_z086.png,Mild_Dementia/OAS1_0184/OAS1_0184_slice_19_z086.png,Mild Dementia/OAS1_0184/OAS1_0184_slice_19_z086.png,OAS1_0184,Mild Dementia,2,0,Non-Demented,0,0.41949847931627243,0.24050152068372757,0.19,0.15
OASIS_1,RandomForest,13,test,brightness_contrast__moderate,brightness_contrast,moderate,D:\OASIS_1\distortions_32\brightness_contrast\moderate\Mild_Dementia\OAS1_0184\OAS1_0184_slice_20_z089.png,Mild_Dementia/OAS1_0184/OAS1_0184_slice_20_z089.png,Mild Dementia/OAS1_0184/OAS1_0184_slice_20_z089.png,OAS1_0184,Mild Dementia,2,0,Non-Demented,0,0.4241264975614519,0.38988433904572267,0.1859891633928254,0.0
OASIS_1,RandomForest,13,test,brightness_contrast__moderate,brightness_contrast,moderate,D:\OASIS_1\distortions_32\brightness_contrast\moderate\Mild_Dementia\OAS1_0278\OAS1_0278_slice_01_z038.png,Mild_Dementia/OAS1_0278/OAS1_0278_slice_01_z038.png,Mild Dementia/OAS1_0278/OAS1_0278_slice_01_z038.png,OAS1_0278,Mild Dementia,2,0,Non-Demented,0,0.4380289856329874,0.38041752142838464,0.181553492938628,0.0
OASIS_1,RandomForest,13,test,brightness_contrast__moderate,brightness_contrast,moderate,D:\OASIS_1\distortions_32\brightness_contrast\moderate\Mild_Dementia\OAS1_0278\OAS1_0278_slice_02_z041.png,Mild_Dementia/OAS1_0278/OAS1_0278_slice_02_z041.png,Mild Dementia/OAS1_0278/OAS1_0278_slice_02_z041.png,OAS1_0278,Mild Dementia,2,1,Very Mild Dementia,0,0.3121619270259176,0.39317407989669706,0.2946639930773855,0.0
OASIS_1,RandomForest,13,test,brightness_contrast__moderate,brightness_contrast,moderate,D:\OASIS_1\distortions_32\brightness_contrast\moderate\Mild_Dementia\OAS1_0278\OAS1_0278_slice_03_z043.png,Mild_Dementia/OAS1_0278/OAS1_0278_slice_03_z043.png,Mild Dementia/OAS1_0278/OAS1_0278_slice_03_z043.png,OAS1_0278,Mild Dementia,2,0,Non-Demented,0,0.43892212109566114,0.23819843753395437,0.14954610803705115,0.17333333333333334
OASIS_1,RandomForest,13,test,brightness_contrast__moderate,brightness_contrast,moderate,D:\OASIS_1\distortions_32\brightness_contrast\moderate\Mild_Dementia\OAS1_0278\OAS1_0278_slice_04_z046.png,Mild_Dementia/OAS1_0278/OAS1_0278_slice_04_z046.png,Mild Dementia/OAS1_0278/OAS1_0278_slice_04_z046.png,OAS1_0278,Mild Dementia,2,1,Very Mild Dementia,0,0.35677040891386547,0.3578508218738579,0.28537876921227634,0.0
OASIS_1,RandomForest,13,test,brightness_contrast__moderate,brightness_contrast,moderate,D:\OASIS_1\distortions_32\brightness_contrast\moderate\Mild_Dementia\OAS1_0278\OAS1_0278_slice_05_z049.png,Mild_Dementia/OAS1_0278/OAS1_0278_slice_05_z049.png,Mild Dementia/OAS1_0278/OAS1_0278_slice_05_z049.png,OAS1_0278,Mild Dementia,2,0,Non-Demented,0,0.40170442698475256,0.3455725862820596,0.25272298673318794,0.0
OASIS_1,RandomForest,13,test,brightness_contrast__moderate,brightness_contrast,moderate,D:\OASIS_1\distortions_32\brightness_contrast\moderate\Mild_Dementia\OAS1_0278\OAS1_0278_slice_06_z051.png,Mild_Dementia/OAS1_0278/OAS1_0278_slice_06_z051.png,Mild Dementia/OAS1_0278/OAS1_0278_slice_06_z051.png,OAS1_0278,Mild Dementia,2,0,Non-Demented,0,0.4770777028009648,0.4108701579000514,0.11205213929898371,0.0
OASIS_1,RandomForest,13,test,brightness_contrast__moderate,brightness_contrast,moderate,D:\OASIS_1\distortions_32\brightness_contrast\moderate\Mild_Dementia\OAS1_0278\OAS1_0278_slice_07_z054.png,Mild_Dementia/OAS1_0278/OAS1_0278_slice_07_z054.png,Mild Dementia/OAS1_0278/OAS1_0278_slice_07_z054.png,OAS1_0278,Mild Dementia,2,1,Very Mild Dementia,0,0.3529189558161988,0.40749492355573314,0.2395861206280681,0.0
OASIS_1,RandomForest,13,test,brightness_contrast__moderate,brightness_contrast,moderate,D:\OASIS_1\distortions_32\brightness_contrast\moderate\Mild_Dementia\OAS1_0278\OAS1_0278_slice_08_z057.png,Mild_Dementia/OAS1_0278/OAS1_0278_slice_08_z057.png,Mild Dementia/OAS1_0278/OAS1_0278_slice_08_z057.png,OAS1_0278,Mild Dementia,2,0,Non-Demented,0,0.4090343441015765,0.23043848509050027,0.16719383747458985,0.19333333333333333
OASIS_1,RandomForest,13,test,brightness_contrast__moderate,brightness_contrast,moderate,D:\OASIS_1\distortions_32\brightness_contrast\moderate\Mild_Dementia\OAS1_0278\OAS1_0278_slice_09_z059.png,Mild_Dementia/OAS1_0278/OAS1_0278_slice_09_z059.png,Mild Dementia/OAS1_0278/OAS1_0278_slice_09_z059.png,OAS1_0278,Mild Dementia,2,0,Non-Demented,0,0.3809122242859084,0.24522727157283508,0.16386050414125652,0.21
OASIS_1,RandomForest,13,test,brightness_contrast__moderate,brightness_contrast,moderate,D:\OASIS_1\distortions_32\brightness_contrast\moderate\Mild_Dementia\OAS1_0278\OAS1_0278_slice_10_z062.png,Mild_Dementia/OAS1_0278/OAS1_0278_slice_10_z062.png,Mild Dementia/OAS1_0278/OAS1_0278_slice_10_z062.png,OAS1_0278,Mild Dementia,2,0,Non-Demented,0,0.381444028287833,0.3735009576822456,0.24505501402992153,0.0
OASIS_1,RandomForest,13,test,brightness_contrast__moderate,brightness_contrast,moderate,D:\OASIS_1\distortions_32\brightness_contrast\moderate\Mild_Dementia\OAS1_0278\OAS1_0278_slice_11_z065.png,Mild_Dementia/OAS1_0278/OAS1_0278_slice_11_z065.png,Mild Dementia/OAS1_0278/OAS1_0278_slice_11_z065.png,OAS1_0278,Mild Dementia,2,0,Non-Demented,0,0.4555597647345927,0.4133307619348367,0.1311094733305708,0.0
OASIS_1,RandomForest,13,test,brightness_contrast__moderate,brightness_contrast,moderate,D:\OASIS_1\distortions_32\brightness_contrast\moderate\Mild_Dementia\OAS1_0278\OAS1_0278_slice_12_z068.png,Mild_Dementia/OAS1_0278/OAS1_0278_slice_12_z068.png,Mild Dementia/OAS1_0278/OAS1_0278_slice_12_z068.png,OAS1_0278,Mild Dementia,2,0,Non-Demented,0,0.3818059541246733,0.37954318520043356,0.23865086067489316,0.0
OASIS_1,RandomForest,13,test,brightness_contrast__moderate,brightness_contrast,moderate,D:\OASIS_1\distortions_32\brightness_contrast\moderate\Mild_Dementia\OAS1_0278\OAS1_0278_slice_13_z070.png,Mild_Dementia/OAS1_0278/OAS1_0278_slice_13_z070.png,Mild Dementia/OAS1_0278/OAS1_0278_slice_13_z070.png,OAS1_0278,Mild Dementia,2,1,Very Mild Dementia,0,0.36700207965548426,0.3848447924731429,0.24815312787137297,0.0
OASIS_1,RandomForest,13,test,brightness_contrast__moderate,brightness_contrast,moderate,D:\OASIS_1\distortions_32\brightness_contrast\moderate\Mild_Dementia\OAS1_0278\OAS1_0278_slice_14_z073.png,Mild_Dementia/OAS1_0278/OAS1_0278_slice_14_z073.png,Mild Dementia/OAS1_0278/OAS1_0278_slice_14_z073.png,OAS1_0278,Mild Dementia,2,0,Non-Demented,0,0.3750880128086351,0.25657270606055654,0.16167261446414172,0.20666666666666667
OASIS_1,RandomForest,13,test,brightness_contrast__moderate,brightness_contrast,moderate,D:\OASIS_1\distortions_32\brightness_contrast\moderate\Mild_Dementia\OAS1_0278\OAS1_0278_slice_15_z076.png,Mild_Dementia/OAS1_0278/OAS1_0278_slice_15_z076.png,Mild Dementia/OAS1_0278/OAS1_0278_slice_15_z076.png,OAS1_0278,Mild Dementia,2,0,Non-Demented,0,0.528578859497819,0.3296415822072606,0.14177955829492075,0.0
OASIS_1,RandomForest,13,test,brightness_contrast__moderate,brightness_contrast,moderate,D:\OASIS_1\distortions_32\brightness_contrast\moderate\Mild_Dementia\OAS1_0278\OAS1_0278_slice_16_z078.png,Mild_Dementia/OAS1_0278/OAS1_0278_slice_16_z078.png,Mild Dementia/OAS1_0278/OAS1_0278_slice_16_z078.png,OAS1_0278,Mild Dementia,2,0,Non-Demented,0,0.38576887785237124,0.2908604916162007,0.32337063053142806,0.0
OASIS_1,RandomForest,13,test,brightness_contrast__moderate,brightness_contrast,moderate,D:\OASIS_1\distortions_32\brightness_contrast\moderate\Mild_Dementia\OAS1_0278\OAS1_0278_slice_17_z081.png,Mild_Dementia/OAS1_0278/OAS1_0278_slice_17_z081.png,Mild Dementia/OAS1_0278/OAS1_0278_slice_17_z081.png,OAS1_0278,Mild Dementia,2,0,Non-Demented,0,0.504739964629775,0.3530184583188959,0.14224157705132898,0.0
OASIS_1,RandomForest,13,test,brightness_contrast__moderate,brightness_contrast,moderate,D:\OASIS_1\distortions_32\brightness_contrast\moderate\Mild_Dementia\OAS1_0278\OAS1_0278_slice_18_z084.png,Mild_Dementia/OAS1_0278/OAS1_0278_slice_18_z084.png,Mild Dementia/OAS1_0278/OAS1_0278_slice_18_z084.png,OAS1_0278,Mild Dementia,2,1,Very Mild Dementia,0,0.3166683719342562,0.4035388284001979,0.27979279966554593,0.0
OASIS_1,RandomForest,13,test,brightness_contrast__moderate,brightness_contrast,moderate,D:\OASIS_1\distortions_32\brightness_contrast\moderate\Mild_Dementia\OAS1_0278\OAS1_0278_slice_19_z086.png,Mild_Dementia/OAS1_0278/OAS1_0278_slice_19_z086.png,Mild Dementia/OAS1_0278/OAS1_0278_slice_19_z086.png,OAS1_0278,Mild Dementia,2,0,Non-Demented,0,0.3507737794531478,0.300712897904664,0.3485133226421881,0.0
OASIS_1,RandomForest,13,test,brightness_contrast__moderate,brightness_contrast,moderate,D:\OASIS_1\distortions_32\brightness_contrast\moderate\Mild_Dementia\OAS1_0278\OAS1_0278_slice_20_z089.png,Mild_Dementia/OAS1_0278/OAS1_0278_slice_20_z089.png,Mild Dementia/OAS1_0278/OAS1_0278_slice_20_z089.png,OAS1_0278,Mild Dementia,2,0,Non-Demented,0,0.36727658131952085,0.3302854644618325,0.30243795421864667,0.0
OASIS_1,RandomForest,13,test,brightness_contrast__moderate,brightness_contrast,moderate,D:\OASIS_1\distortions_32\brightness_contrast\moderate\Moderate_Dementia\OAS1_0308\OAS1_0308_slice_01_z038.png,Moderate_Dementia/OAS1_0308/OAS1_0308_slice_01_z038.png,Moderate Dementia/OAS1_0308/OAS1_0308_slice_01_z038.png,OAS1_0308,Moderate Dementia,3,0,Non-Demented,0,0.39614086836002194,0.38684186151286976,0.2170172701271084,0.0
OASIS_1,RandomForest,13,test,brightness_contrast__moderate,brightness_contrast,moderate,D:\OASIS_1\distortions_32\brightness_contrast\moderate\Moderate_Dementia\OAS1_0308\OAS1_0308_slice_02_z041.png,Moderate_Dementia/OAS1_0308/OAS1_0308_slice_02_z041.png,Moderate Dementia/OAS1_0308/OAS1_0308_slice_02_z041.png,OAS1_0308,Moderate Dementia,3,0,Non-Demented,0,0.4720906025394993,0.404929855923912,0.12297954153658835,0.0
OASIS_1,RandomForest,13,test,brightness_contrast__moderate,brightness_contrast,moderate,D:\OASIS_1\distortions_32\brightness_contrast\moderate\Moderate_Dementia\OAS1_0308\OAS1_0308_slice_03_z043.png,Moderate_Dementia/OAS1_0308/OAS1_0308_slice_03_z043.png,Moderate Dementia/OAS1_0308/OAS1_0308_slice_03_z043.png,OAS1_0308,Moderate Dementia,3,0,Non-Demented,0,0.4710661833360684,0.4310076362969432,0.09792618036698797,0.0
OASIS_1,RandomForest,13,test,brightness_contrast__moderate,brightness_contrast,moderate,D:\OASIS_1\distortions_32\brightness_contrast\moderate\Moderate_Dementia\OAS1_0308\OAS1_0308_slice_04_z046.png,Moderate_Dementia/OAS1_0308/OAS1_0308_slice_04_z046.png,Moderate Dementia/OAS1_0308/OAS1_0308_slice_04_z046.png,OAS1_0308,Moderate Dementia,3,0,Non-Demented,0,0.4248452786626834,0.22211886434709754,0.19303585699021902,0.16
OASIS_1,RandomForest,13,test,brightness_contrast__moderate,brightness_contrast,moderate,D:\OASIS_1\distortions_32\brightness_contrast\moderate\Moderate_Dementia\OAS1_0308\OAS1_0308_slice_05_z049.png,Moderate_Dementia/OAS1_0308/OAS1_0308_slice_05_z049.png,Moderate Dementia/OAS1_0308/OAS1_0308_slice_05_z049.png,OAS1_0308,Moderate Dementia,3,0,Non-Demented,0,0.47060406843628594,0.3229225870019055,0.20314001122847514,0.0033333333333333335
OASIS_1,RandomForest,13,test,brightness_contrast__moderate,brightness_contrast,moderate,D:\OASIS_1\distortions_32\brightness_contrast\moderate\Moderate_Dementia\OAS1_0308\OAS1_0308_slice_06_z051.png,Moderate_Dementia/OAS1_0308/OAS1_0308_slice_06_z051.png,Moderate Dementia/OAS1_0308/OAS1_0308_slice_06_z051.png,OAS1_0308,Moderate Dementia,3,0,Non-Demented,0,0.4653612184382058,0.3393265195957826,0.19531226196601137,0.0
OASIS_1,RandomForest,13,test,brightness_contrast__moderate,brightness_contrast,moderate,D:\OASIS_1\distortions_32\brightness_contrast\moderate\Moderate_Dementia\OAS1_0308\OAS1_0308_slice_07_z054.png,Moderate_Dementia/OAS1_0308/OAS1_0308_slice_07_z054.png,Moderate Dementia/OAS1_0308/OAS1_0308_slice_07_z054.png,OAS1_0308,Moderate Dementia,3,0,Non-Demented,0,0.4756684882607642,0.3149921961173852,0.2093393156218503,0.0
OASIS_1,RandomForest,13,test,brightness_contrast__moderate,brightness_contrast,moderate,D:\OASIS_1\distortions_32\brightness_contrast\moderate\Moderate_Dementia\OAS1_0308\OAS1_0308_slice_08_z057.png,Moderate_Dementia/OAS1_0308/OAS1_0308_slice_08_z057.png,Moderate Dementia/OAS1_0308/OAS1_0308_slice_08_z057.png,OAS1_0308,Moderate Dementia,3,0,Non-Demented,0,0.5060062124249948,0.3929463211299885,0.10104746644501676,0.0
OASIS_1,RandomForest,13,test,brightness_contrast__moderate,brightness_contrast,moderate,D:\OASIS_1\distortions_32\brightness_contrast\moderate\Moderate_Dementia\OAS1_0308\OAS1_0308_slice_09_z059.png,Moderate_Dementia/OAS1_0308/OAS1_0308_slice_09_z059.png,Moderate Dementia/OAS1_0308/OAS1_0308_slice_09_z059.png,OAS1_0308,Moderate Dementia,3,0,Non-Demented,0,0.5054251279660906,0.39143840909218464,0.10313646294172492,0.0
OASIS_1,RandomForest,13,test,brightness_contrast__moderate,brightness_contrast,moderate,D:\OASIS_1\distortions_32\brightness_contrast\moderate\Moderate_Dementia\OAS1_0308\OAS1_0308_slice_10_z062.png,Moderate_Dementia/OAS1_0308/OAS1_0308_slice_10_z062.png,Moderate Dementia/OAS1_0308/OAS1_0308_slice_10_z062.png,OAS1_0308,Moderate Dementia,3,0,Non-Demented,0,0.4006333913317561,0.19966408501135824,0.18303585699021901,0.21666666666666667
OASIS_1,RandomForest,13,test,brightness_contrast__moderate,brightness_contrast,moderate,D:\OASIS_1\distortions_32\brightness_contrast\moderate\Moderate_Dementia\OAS1_0308\OAS1_0308_slice_11_z065.png,Moderate_Dementia/OAS1_0308/OAS1_0308_slice_11_z065.png,Moderate Dementia/OAS1_0308/OAS1_0308_slice_11_z065.png,OAS1_0308,Moderate Dementia,3,0,Non-Demented,0,0.5408285437504957,0.279151831218445,0.18001962503105914,0.0
OASIS_1,RandomForest,13,test,brightness_contrast__moderate,brightness_contrast,moderate,D:\OASIS_1\distortions_32\brightness_contrast\moderate\Moderate_Dementia\OAS1_0308\OAS1_0308_slice_12_z068.png,Moderate_Dementia/OAS1_0308/OAS1_0308_slice_12_z068.png,Moderate Dementia/OAS1_0308/OAS1_0308_slice_12_z068.png,OAS1_0308,Moderate Dementia,3,0,Non-Demented,0,0.5129359697734078,0.364991520256529,0.12207250997006332,0.0
OASIS_1,RandomForest,13,test,brightness_contrast__moderate,brightness_contrast,moderate,D:\OASIS_1\distortions_32\brightness_contrast\moderate\Moderate_Dementia\OAS1_0308\OAS1_0308_slice_13_z070.png,Moderate_Dementia/OAS1_0308/OAS1_0308_slice_13_z070.png,Moderate Dementia/OAS1_0308/OAS1_0308_slice_13_z070.png,OAS1_0308,Moderate Dementia,3,0,Non-Demented,0,0.499290604555718,0.3752311140313769,0.12547828141290523,0.0
OASIS_1,RandomForest,13,test,brightness_contrast__moderate,brightness_contrast,moderate,D:\OASIS_1\distortions_32\brightness_contrast\moderate\Moderate_Dementia\OAS1_0308\OAS1_0308_slice_14_z073.png,Moderate_Dementia/OAS1_0308/OAS1_0308_slice_14_z073.png,Moderate Dementia/OAS1_0308/OAS1_0308_slice_14_z073.png,OAS1_0308,Moderate Dementia,3,0,Non-Demented,0,0.4962578776750745,0.35859877653630434,0.145143345788621,0.0
OASIS_1,RandomForest,13,test,brightness_contrast__moderate,brightness_contrast,moderate,D:\OASIS_1\distortions_32\brightness_contrast\moderate\Moderate_Dementia\OAS1_0308\OAS1_0308_slice_15_z076.png,Moderate_Dementia/OAS1_0308/OAS1_0308_slice_15_z076.png,Moderate Dementia/OAS1_0308/OAS1_0308_slice_15_z076.png,OAS1_0308,Moderate Dementia,3,0,Non-Demented,0,0.5213902103977517,0.34543311244053504,0.13317667716171344,0.0
OASIS_1,RandomForest,13,test,brightness_contrast__moderate,brightness_contrast,moderate,D:\OASIS_1\distortions_32\brightness_contrast\moderate\Moderate_Dementia\OAS1_0308\OAS1_0308_slice_16_z078.png,Moderate_Dementia/OAS1_0308/OAS1_0308_slice_16_z078.png,Moderate Dementia/OAS1_0308/OAS1_0308_slice_16_z078.png,OAS1_0308,Moderate Dementia,3,0,Non-Demented,0,0.46558320588968966,0.3221133844889027,0.21230340962140745,0.0
OASIS_1,RandomForest,13,test,brightness_contrast__moderate,brightness_contrast,moderate,D:\OASIS_1\distortions_32\brightness_contrast\moderate\Moderate_Dementia\OAS1_0308\OAS1_0308_slice_17_z081.png,Moderate_Dementia/OAS1_0308/OAS1_0308_slice_17_z081.png,Moderate Dementia/OAS1_0308/OAS1_0308_slice_17_z081.png,OAS1_0308,Moderate Dementia,3,0,Non-Demented,0,0.498872393907958,0.31138321160880217,0.1897443944832401,0.0
OASIS_1,RandomForest,13,test,brightness_contrast__moderate,brightness_contrast,moderate,D:\OASIS_1\distortions_32\brightness_contrast\moderate\Moderate_Dementia\OAS1_0308\OAS1_0308_slice_18_z084.png,Moderate_Dementia/OAS1_0308/OAS1_0308_slice_18_z084.png,Moderate Dementia/OAS1_0308/OAS1_0308_slice_18_z084.png,OAS1_0308,Moderate Dementia,3,0,Non-Demented,0,0.533967089452558,0.3709407171603834,0.09509219338705818,0.0
OASIS_1,RandomForest,13,test,brightness_contrast__moderate,brightness_contrast,moderate,D:\OASIS_1\distortions_32\brightness_contrast\moderate\Moderate_Dementia\OAS1_0308\OAS1_0308_slice_19_z086.png,Moderate_Dementia/OAS1_0308/OAS1_0308_slice_19_z086.png,Moderate Dementia/OAS1_0308/OAS1_0308_slice_19_z086.png,OAS1_0308,Moderate Dementia,3,0,Non-Demented,0,0.44292385103574505,0.20654897815633183,0.17719383747458986,0.17333333333333334
OASIS_1,RandomForest,13,test,brightness_contrast__moderate,brightness_contrast,moderate,D:\OASIS_1\distortions_32\brightness_contrast\moderate\Moderate_Dementia\OAS1_0308\OAS1_0308_slice_20_z089.png,Moderate_Dementia/OAS1_0308/OAS1_0308_slice_20_z089.png,Moderate Dementia/OAS1_0308/OAS1_0308_slice_20_z089.png,OAS1_0308,Moderate Dementia,3,0,Non-Demented,0,0.4335921036828166,0.3896917501305894,0.1767161461865938,0.0
OASIS_1,RandomForest,13,test,brightness_contrast__moderate,brightness_contrast,moderate,D:\OASIS_1\distortions_32\brightness_contrast\moderate\Non_Demented\OAS1_0013\OAS1_0013_slice_01_z038.png,Non_Demented/OAS1_0013/OAS1_0013_slice_01_z038.png,Non-Demented/OAS1_0013/OAS1_0013_slice_01_z038.png,OAS1_0013,Non-Demented,0,1,Very Mild Dementia,0,0.3596720601815024,0.5073380821107957,0.13298985770770233,0.0
OASIS_1,RandomForest,13,test,brightness_contrast__moderate,brightness_contrast,moderate,D:\OASIS_1\distortions_32\brightness_contrast\moderate\Non_Demented\OAS1_0013\OAS1_0013_slice_02_z041.png,Non_Demented/OAS1_0013/OAS1_0013_slice_02_z041.png,Non-Demented/OAS1_0013/OAS1_0013_slice_02_z041.png,OAS1_0013,Non-Demented,0,0,Non-Demented,1,0.4337668420921531,0.4309633770982044,0.13526978080964205,0.0
OASIS_1,RandomForest,13,test,brightness_contrast__moderate,brightness_contrast,moderate,D:\OASIS_1\distortions_32\brightness_contrast\moderate\Non_Demented\OAS1_0013\OAS1_0013_slice_03_z043.png,Non_Demented/OAS1_0013/OAS1_0013_slice_03_z043.png,Non-Demented/OAS1_0013/OAS1_0013_slice_03_z043.png,OAS1_0013,Non-Demented,0,0,Non-Demented,1,0.4190776046406047,0.34396916494736535,0.23695323041203012,0.0
OASIS_1,RandomForest,13,test,brightness_contrast__moderate,brightness_contrast,moderate,D:\OASIS_1\distortions_32\brightness_contrast\moderate\Non_Demented\OAS1_0013\OAS1_0013_slice_04_z046.png,Non_Demented/OAS1_0013/OAS1_0013_slice_04_z046.png,Non-Demented/OAS1_0013/OAS1_0013_slice_04_z046.png,OAS1_0013,Non-Demented,0,0,Non-Demented,1,0.5732798975962309,0.33153639983369243,0.09518370257007684,0.0
OASIS_1,RandomForest,13,test,brightness_contrast__moderate,brightness_contrast,moderate,D:\OASIS_1\distortions_32\brightness_contrast\moderate\Non_Demented\OAS1_0013\OAS1_0013_slice_05_z049.png,Non_Demented/OAS1_0013/OAS1_0013_slice_05_z049.png,Non-Demented/OAS1_0013/OAS1_0013_slice_05_z049.png,OAS1_0013,Non-Demented,0,0,Non-Demented,1,0.44133465212544026,0.22459056260249488,0.1474081186053982,0.18666666666666668
OASIS_1,RandomForest,13,test,brightness_contrast__moderate,brightness_contrast,moderate,D:\OASIS_1\distortions_32\brightness_contrast\moderate\Non_Demented\OAS1_0013\OAS1_0013_slice_06_z051.png,Non_Demented/OAS1_0013/OAS1_0013_slice_06_z051.png,Non-Demented/OAS1_0013/OAS1_0013_slice_06_z051.png,OAS1_0013,Non-Demented,0,0,Non-Demented,1,0.5395178328589191,0.3125590947893486,0.14125640568506537,0.006666666666666667
OASIS_1,RandomForest,13,test,brightness_contrast__moderate,brightness_contrast,moderate,D:\OASIS_1\distortions_32\brightness_contrast\moderate\Non_Demented\OAS1_0013\OAS1_0013_slice_07_z054.png,Non_Demented/OAS1_0013/OAS1_0013_slice_07_z054.png,Non-Demented/OAS1_0013/OAS1_0013_slice_07_z054.png,OAS1_0013,Non-Demented,0,0,Non-Demented,1,0.5161652711684848,0.3167982800048407,0.16703644882667448,0.0
OASIS_1,RandomForest,13,test,brightness_contrast__moderate,brightness_contrast,moderate,D:\OASIS_1\distortions_32\brightness_contrast\moderate\Non_Demented\OAS1_0013\OAS1_0013_slice_08_z057.png,Non_Demented/OAS1_0013/OAS1_0013_slice_08_z057.png,Non-Demented/OAS1_0013/OAS1_0013_slice_08_z057.png,OAS1_0013,Non-Demented,0,0,Non-Demented,1,0.45435526507642265,0.1973426790890512,0.16163538916785952,0.18666666666666668
OASIS_1,RandomForest,13,test,brightness_contrast__moderate,brightness_contrast,moderate,D:\OASIS_1\distortions_32\brightness_contrast\moderate\Non_Demented\OAS1_0013\OAS1_0013_slice_09_z059.png,Non_Demented/OAS1_0013/OAS1_0013_slice_09_z059.png,Non-Demented/OAS1_0013/OAS1_0013_slice_09_z059.png,OAS1_0013,Non-Demented,0,0,Non-Demented,1,0.39885594611154396,0.39230158068759774,0.20884247320085825,0.0
OASIS_1,RandomForest,13,test,brightness_contrast__moderate,brightness_contrast,moderate,D:\OASIS_1\distortions_32\brightness_contrast\moderate\Non_Demented\OAS1_0013\OAS1_0013_slice_10_z062.png,Non_Demented/OAS1_0013/OAS1_0013_slice_10_z062.png,Non-Demented/OAS1_0013/OAS1_0013_slice_10_z062.png,OAS1_0013,Non-Demented,0,0,Non-Demented,1,0.4096439739217015,0.2723421693409743,0.3180138567373242,0.0
OASIS_1,RandomForest,13,test,brightness_contrast__moderate,brightness_contrast,moderate,D:\OASIS_1\distortions_32\brightness_contrast\moderate\Non_Demented\OAS1_0013\OAS1_0013_slice_11_z065.png,Non_Demented/OAS1_0013/OAS1_0013_slice_11_z065.png,Non-Demented/OAS1_0013/OAS1_0013_slice_11_z065.png,OAS1_0013,Non-Demented,0,0,Non-Demented,1,0.38353222624585365,0.25434721709813846,0.3587872233226745,0.0033333333333333335
OASIS_1,RandomForest,13,test,brightness_contrast__moderate,brightness_contrast,moderate,D:\OASIS_1\distortions_32\brightness_contrast\moderate\Non_Demented\OAS1_0013\OAS1_0013_slice_12_z068.png,Non_Demented/OAS1_0013/OAS1_0013_slice_12_z068.png,Non-Demented/OAS1_0013/OAS1_0013_slice_12_z068.png,OAS1_0013,Non-Demented,0,0,Non-Demented,1,0.42265323645423064,0.36679028484946036,0.2105564786963086,0.0
OASIS_1,RandomForest,13,test,brightness_contrast__moderate,brightness_contrast,moderate,D:\OASIS_1\distortions_32\brightness_contrast\moderate\Non_Demented\OAS1_0013\OAS1_0013_slice_13_z070.png,Non_Demented/OAS1_0013/OAS1_0013_slice_13_z070.png,Non-Demented/OAS1_0013/OAS1_0013_slice_13_z070.png,OAS1_0013,Non-Demented,0,0,Non-Demented,1,0.4497817227285778,0.3392357799802597,0.21098249729116203,0.0
OASIS_1,RandomForest,13,test,brightness_contrast__moderate,brightness_contrast,moderate,D:\OASIS_1\distortions_32\brightness_contrast\moderate\Non_Demented\OAS1_0013\OAS1_0013_slice_14_z073.png,Non_Demented/OAS1_0013/OAS1_0013_slice_14_z073.png,Non-Demented/OAS1_0013/OAS1_0013_slice_14_z073.png,OAS1_0013,Non-Demented,0,0,Non-Demented,1,0.5302487873781025,0.26287927816569917,0.2068719344561981,0.0
OASIS_1,RandomForest,13,test,brightness_contrast__moderate,brightness_contrast,moderate,D:\OASIS_1\distortions_32\brightness_contrast\moderate\Non_Demented\OAS1_0013\OAS1_0013_slice_15_z076.png,Non_Demented/OAS1_0013/OAS1_0013_slice_15_z076.png,Non-Demented/OAS1_0013/OAS1_0013_slice_15_z076.png,OAS1_0013,Non-Demented,0,0,Non-Demented,1,0.42204269175473635,0.21388252297319876,0.16740811860539823,0.19666666666666666
OASIS_1,RandomForest,13,test,brightness_contrast__moderate,brightness_contrast,moderate,D:\OASIS_1\distortions_32\brightness_contrast\moderate\Non_Demented\OAS1_0013\OAS1_0013_slice_16_z078.png,Non_Demented/OAS1_0013/OAS1_0013_slice_16_z078.png,Non-Demented/OAS1_0013/OAS1_0013_slice_16_z078.png,OAS1_0013,Non-Demented,0,0,Non-Demented,1,0.47906214441424566,0.26567877392158074,0.2519257483308403,0.0033333333333333335
OASIS_1,RandomForest,13,test,brightness_contrast__moderate,brightness_contrast,moderate,D:\OASIS_1\distortions_32\brightness_contrast\moderate\Non_Demented\OAS1_0013\OAS1_0013_slice_17_z081.png,Non_Demented/OAS1_0013/OAS1_0013_slice_17_z081.png,Non-Demented/OAS1_0013/OAS1_0013_slice_17_z081.png,OAS1_0013,Non-Demented,0,0,Non-Demented,1,0.4733249121955122,0.25933273508682264,0.2673423527176652,0.0
OASIS_1,RandomForest,13,test,brightness_contrast__moderate,brightness_contrast,moderate,D:\OASIS_1\distortions_32\brightness_contrast\moderate\Non_Demented\OAS1_0013\OAS1_0013_slice_18_z084.png,Non_Demented/OAS1_0013/OAS1_0013_slice_18_z084.png,Non-Demented/OAS1_0013/OAS1_0013_slice_18_z084.png,OAS1_0013,Non-Demented,0,0,Non-Demented,1,0.6114667827055632,0.2799955263041821,0.10520435765692146,0.0033333333333333335
OASIS_1,RandomForest,13,test,brightness_contrast__moderate,brightness_contrast,moderate,D:\OASIS_1\distortions_32\brightness_contrast\moderate\Non_Demented\OAS1_0013\OAS1_0013_slice_19_z086.png,Non_Demented/OAS1_0013/OAS1_0013_slice_19_z086.png,Non-Demented/OAS1_0013/OAS1_0013_slice_19_z086.png,OAS1_0013,Non-Demented,0,0,Non-Demented,1,0.4659528392332522,0.41889028831764463,0.11515687244910289,0.0
OASIS_1,RandomForest,13,test,brightness_contrast__moderate,brightness_contrast,moderate,D:\OASIS_1\distortions_32\brightness_contrast\moderate\Non_Demented\OAS1_0013\OAS1_0013_slice_20_z089.png,Non_Demented/OAS1_0013/OAS1_0013_slice_20_z089.png,Non-Demented/OAS1_0013/OAS1_0013_slice_20_z089.png,OAS1_0013,Non-Demented,0,0,Non-Demented,1,0.46489527947101067,0.36935457576924907,0.16575014475974068,0.0
OASIS_1,RandomForest,13,test,brightness_contrast__moderate,brightness_contrast,moderate,D:\OASIS_1\distortions_32\brightness_contrast\moderate\Non_Demented\OAS1_0044\OAS1_0044_slice_01_z038.png,Non_Demented/OAS1_0044/OAS1_0044_slice_01_z038.png,Non-Demented/OAS1_0044/OAS1_0044_slice_01_z038.png,OAS1_0044,Non-Demented,0,0,Non-Demented,1,0.4690474507892681,0.34821293602150655,0.18273961318922508,0.0
OASIS_1,RandomForest,13,test,brightness_contrast__moderate,brightness_contrast,moderate,D:\OASIS_1\distortions_32\brightness_contrast\moderate\Non_Demented\OAS1_0044\OAS1_0044_slice_02_z041.png,Non_Demented/OAS1_0044/OAS1_0044_slice_02_z041.png,Non-Demented/OAS1_0044/OAS1_0044_slice_02_z041.png,OAS1_0044,Non-Demented,0,0,Non-Demented,1,0.7043836402693909,0.2584830071934494,0.03713335253715983,0.0
OASIS_1,RandomForest,13,test,brightness_contrast__moderate,brightness_contrast,moderate,D:\OASIS_1\distortions_32\brightness_contrast\moderate\Non_Demented\OAS1_0044\OAS1_0044_slice_03_z043.png,Non_Demented/OAS1_0044/OAS1_0044_slice_03_z043.png,Non-Demented/OAS1_0044/OAS1_0044_slice_03_z043.png,OAS1_0044,Non-Demented,0,0,Non-Demented,1,0.5511712313460785,0.28974674485334206,0.15908202380057948,0.0
OASIS_1,RandomForest,13,test,brightness_contrast__moderate,brightness_contrast,moderate,D:\OASIS_1\distortions_32\brightness_contrast\moderate\Non_Demented\OAS1_0044\OAS1_0044_slice_04_z046.png,Non_Demented/OAS1_0044/OAS1_0044_slice_04_z046.png,Non-Demented/OAS1_0044/OAS1_0044_slice_04_z046.png,OAS1_0044,Non-Demented,0,0,Non-Demented,1,0.6335694025583797,0.3246866317094134,0.04174396573220699,0.0
OASIS_1,RandomForest,13,test,brightness_contrast__moderate,brightness_contrast,moderate,D:\OASIS_1\distortions_32\brightness_contrast\moderate\Non_Demented\OAS1_0044\OAS1_0044_slice_05_z049.png,Non_Demented/OAS1_0044/OAS1_0044_slice_05_z049.png,Non-Demented/OAS1_0044/OAS1_0044_slice_05_z049.png,OAS1_0044,Non-Demented,0,0,Non-Demented,1,0.512066177195645,0.3393491574442133,0.14858466536014145,0.0
OASIS_1,RandomForest,13,test,brightness_contrast__moderate,brightness_contrast,moderate,D:\OASIS_1\distortions_32\brightness_contrast\moderate\Non_Demented\OAS1_0044\OAS1_0044_slice_06_z051.png,Non_Demented/OAS1_0044/OAS1_0044_slice_06_z051.png,Non-Demented/OAS1_0044/OAS1_0044_slice_06_z051.png,OAS1_0044,Non-Demented,0,0,Non-Demented,1,0.596289602536148,0.2709043493988872,0.13280604806496446,0.0
OASIS_1,RandomForest,13,test,brightness_contrast__moderate,brightness_contrast,moderate,D:\OASIS_1\distortions_32\brightness_contrast\moderate\Non_Demented\OAS1_0044\OAS1_0044_slice_07_z054.png,Non_Demented/OAS1_0044/OAS1_0044_slice_07_z054.png,Non-Demented/OAS1_0044/OAS1_0044_slice_07_z054.png,OAS1_0044,Non-Demented,0,0,Non-Demented,1,0.508476873714806,0.3446470362057552,0.14687609007943878,0.0
OASIS_1,RandomForest,13,test,brightness_contrast__moderate,brightness_contrast,moderate,D:\OASIS_1\distortions_32\brightness_contrast\moderate\Non_Demented\OAS1_0044\OAS1_0044_slice_08_z057.png,Non_Demented/OAS1_0044/OAS1_0044_slice_08_z057.png,Non-Demented/OAS1_0044/OAS1_0044_slice_08_z057.png,OAS1_0044,Non-Demented,0,0,Non-Demented,1,0.556105899540862,0.3145181352369456,0.12937596522219194,0.0
OASIS_1,RandomForest,13,test,brightness_contrast__moderate,brightness_contrast,moderate,D:\OASIS_1\distortions_32\brightness_contrast\moderate\Non_Demented\OAS1_0044\OAS1_0044_slice_09_z059.png,Non_Demented/OAS1_0044/OAS1_0044_slice_09_z059.png,Non-Demented/OAS1_0044/OAS1_0044_slice_09_z059.png,OAS1_0044,Non-Demented,0,0,Non-Demented,1,0.4275213072950258,0.22195152189705103,0.1805271708079232,0.17
OASIS_1,RandomForest,13,test,brightness_contrast__moderate,brightness_contrast,moderate,D:\OASIS_1\distortions_32\brightness_contrast\moderate\Non_Demented\OAS1_0044\OAS1_0044_slice_10_z062.png,Non_Demented/OAS1_0044/OAS1_0044_slice_10_z062.png,Non-Demented/OAS1_0044/OAS1_0044_slice_10_z062.png,OAS1_0044,Non-Demented,0,0,Non-Demented,1,0.41122935338649147,0.40388605130362076,0.18488459530988763,0.0
OASIS_1,RandomForest,13,test,brightness_contrast__moderate,brightness_contrast,moderate,D:\OASIS_1\distortions_32\brightness_contrast\moderate\Non_Demented\OAS1_0044\OAS1_0044_slice_11_z065.png,Non_Demented/OAS1_0044/OAS1_0044_slice_11_z065.png,Non-Demented/OAS1_0044/OAS1_0044_slice_11_z065.png,OAS1_0044,Non-Demented,0,0,Non-Demented,1,0.5393500221372656,0.33344025526311155,0.12720972259962304,0.0
OASIS_1,RandomForest,13,test,brightness_contrast__moderate,brightness_contrast,moderate,D:\OASIS_1\distortions_32\brightness_contrast\moderate\Non_Demented\OAS1_0044\OAS1_0044_slice_12_z068.png,Non_Demented/OAS1_0044/OAS1_0044_slice_12_z068.png,Non-Demented/OAS1_0044/OAS1_0044_slice_12_z068.png,OAS1_0044,Non-Demented,0,0,Non-Demented,1,0.5984105913828976,0.31713629449364567,0.08445311412345703,0.0
OASIS_1,RandomForest,13,test,brightness_contrast__moderate,brightness_contrast,moderate,D:\OASIS_1\distortions_32\brightness_contrast\moderate\Non_Demented\OAS1_0044\OAS1_0044_slice_13_z070.png,Non_Demented/OAS1_0044/OAS1_0044_slice_13_z070.png,Non-Demented/OAS1_0044/OAS1_0044_slice_13_z070.png,OAS1_0044,Non-Demented,0,0,Non-Demented,1,0.5103320324015881,0.36239210541399475,0.12727586218441697,0.0
OASIS_1,RandomForest,13,test,brightness_contrast__moderate,brightness_contrast,moderate,D:\OASIS_1\distortions_32\brightness_contrast\moderate\Non_Demented\OAS1_0044\OAS1_0044_slice_14_z073.png,Non_Demented/OAS1_0044/OAS1_0044_slice_14_z073.png,Non-Demented/OAS1_0044/OAS1_0044_slice_14_z073.png,OAS1_0044,Non-Demented,0,0,Non-Demented,1,0.5734173508788779,0.297564351863561,0.12901829725756064,0.0
OASIS_1,RandomForest,13,test,brightness_contrast__moderate,brightness_contrast,moderate,D:\OASIS_1\distortions_32\brightness_contrast\moderate\Non_Demented\OAS1_0044\OAS1_0044_slice_15_z076.png,Non_Demented/OAS1_0044/OAS1_0044_slice_15_z076.png,Non-Demented/OAS1_0044/OAS1_0044_slice_15_z076.png,OAS1_0044,Non-Demented,0,0,Non-Demented,1,0.6109167607520924,0.32597700882047853,0.06310623042742894,0.0
OASIS_1,RandomForest,13,test,brightness_contrast__moderate,brightness_contrast,moderate,D:\OASIS_1\distortions_32\brightness_contrast\moderate\Non_Demented\OAS1_0044\OAS1_0044_slice_16_z078.png,Non_Demented/OAS1_0044/OAS1_0044_slice_16_z078.png,Non-Demented/OAS1_0044/OAS1_0044_slice_16_z078.png,OAS1_0044,Non-Demented,0,0,Non-Demented,1,0.545176406499932,0.27766811167104016,0.17715548182902754,0.0
OASIS_1,RandomForest,13,test,brightness_contrast__moderate,brightness_contrast,moderate,D:\OASIS_1\distortions_32\brightness_contrast\moderate\Non_Demented\OAS1_0044\OAS1_0044_slice_17_z081.png,Non_Demented/OAS1_0044/OAS1_0044_slice_17_z081.png,Non-Demented/OAS1_0044/OAS1_0044_slice_17_z081.png,OAS1_0044,Non-Demented,0,0,Non-Demented,1,0.4695905177024117,0.22654897815633177,0.16719383747458985,0.13666666666666666
OASIS_1,RandomForest,13,test,brightness_contrast__moderate,brightness_contrast,moderate,D:\OASIS_1\distortions_32\brightness_contrast\moderate\Non_Demented\OAS1_0044\OAS1_0044_slice_18_z084.png,Non_Demented/OAS1_0044/OAS1_0044_slice_18_z084.png,Non-Demented/OAS1_0044/OAS1_0044_slice_18_z084.png,OAS1_0044,Non-Demented,0,0,Non-Demented,1,0.4840541928110998,0.3335348660573838,0.1824109411315166,0.0
OASIS_1,RandomForest,13,test,brightness_contrast__moderate,brightness_contrast,moderate,D:\OASIS_1\distortions_32\brightness_contrast\moderate\Non_Demented\OAS1_0044\OAS1_0044_slice_19_z086.png,Non_Demented/OAS1_0044/OAS1_0044_slice_19_z086.png,Non-Demented/OAS1_0044/OAS1_0044_slice_19_z086.png,OAS1_0044,Non-Demented,0,0,Non-Demented,1,0.4690093008556347,0.21046352833644216,0.16719383747458985,0.15333333333333332
OASIS_1,RandomForest,13,test,brightness_contrast__moderate,brightness_contrast,moderate,D:\OASIS_1\distortions_32\brightness_contrast\moderate\Non_Demented\OAS1_0044\OAS1_0044_slice_20_z089.png,Non_Demented/OAS1_0044/OAS1_0044_slice_20_z089.png,Non-Demented/OAS1_0044/OAS1_0044_slice_20_z089.png,OAS1_0044,Non-Demented,0,1,Very Mild Dementia,0,0.4033028286083529,0.43267303062959667,0.16402414076205069,0.0
OASIS_1,RandomForest,13,test,brightness_contrast__moderate,brightness_contrast,moderate,D:\OASIS_1\distortions_32\brightness_contrast\moderate\Non_Demented\OAS1_0074\OAS1_0074_slice_01_z038.png,Non_Demented/OAS1_0074/OAS1_0074_slice_01_z038.png,Non-Demented/OAS1_0074/OAS1_0074_slice_01_z038.png,OAS1_0074,Non-Demented,0,0,Non-Demented,1,0.44625718436907835,0.21321564482299848,0.16719383747458985,0.17333333333333334
OASIS_1,RandomForest,13,test,brightness_contrast__moderate,brightness_contrast,moderate,D:\OASIS_1\distortions_32\brightness_contrast\moderate\Non_Demented\OAS1_0074\OAS1_0074_slice_02_z041.png,Non_Demented/OAS1_0074/OAS1_0074_slice_02_z041.png,Non-Demented/OAS1_0074/OAS1_0074_slice_02_z041.png,OAS1_0074,Non-Demented,0,0,Non-Demented,1,0.6203400703739984,0.2922499042411322,0.08074335871820267,0.006666666666666667
OASIS_1,RandomForest,13,test,brightness_contrast__moderate,brightness_contrast,moderate,D:\OASIS_1\distortions_32\brightness_contrast\moderate\Non_Demented\OAS1_0074\OAS1_0074_slice_03_z043.png,Non_Demented/OAS1_0074/OAS1_0074_slice_03_z043.png,Non-Demented/OAS1_0074/OAS1_0074_slice_03_z043.png,OAS1_0074,Non-Demented,0,0,Non-Demented,1,0.6191989471507306,0.3038802786329414,0.07025410754966134,0.006666666666666667
OASIS_1,RandomForest,13,test,brightness_contrast__moderate,brightness_contrast,moderate,D:\OASIS_1\distortions_32\brightness_contrast\moderate\Non_Demented\OAS1_0074\OAS1_0074_slice_04_z046.png,Non_Demented/OAS1_0074/OAS1_0074_slice_04_z046.png,Non-Demented/OAS1_0074/OAS1_0074_slice_04_z046.png,OAS1_0074,Non-Demented,0,0,Non-Demented,1,0.5864202062781734,0.34216552727126376,0.07141426645056269,0.0
OASIS_1,RandomForest,13,test,brightness_contrast__moderate,brightness_contrast,moderate,D:\OASIS_1\distortions_32\brightness_contrast\moderate\Non_Demented\OAS1_0074\OAS1_0074_slice_05_z049.png,Non_Demented/OAS1_0074/OAS1_0074_slice_05_z049.png,Non-Demented/OAS1_0074/OAS1_0074_slice_05_z049.png,OAS1_0074,Non-Demented,0,0,Non-Demented,1,0.49337803659433005,0.3551220526233254,0.1514999107823444,0.0
OASIS_1,RandomForest,13,test,brightness_contrast__moderate,brightness_contrast,moderate,D:\OASIS_1\distortions_32\brightness_contrast\moderate\Non_Demented\OAS1_0074\OAS1_0074_slice_06_z051.png,Non_Demented/OAS1_0074/OAS1_0074_slice_06_z051.png,Non-Demented/OAS1_0074/OAS1_0074_slice_06_z051.png,OAS1_0074,Non-Demented,0,0,Non-Demented,1,0.5152351724422146,0.32886179444313546,0.15590303311464987,0.0
OASIS_1,RandomForest,13,test,brightness_contrast__moderate,brightness_contrast,moderate,D:\OASIS_1\distortions_32\brightness_contrast\moderate\Non_Demented\OAS1_0074\OAS1_0074_slice_07_z054.png,Non_Demented/OAS1_0074/OAS1_0074_slice_07_z054.png,Non-Demented/OAS1_0074/OAS1_0074_slice_07_z054.png,OAS1_0074,Non-Demented,0,0,Non-Demented,1,0.4485532990983853,0.2373719156295497,0.15740811860539822,0.15666666666666668
OASIS_1,RandomForest,13,test,brightness_contrast__moderate,brightness_contrast,moderate,D:\OASIS_1\distortions_32\brightness_contrast\moderate\Non_Demented\OAS1_0074\OAS1_0074_slice_08_z057.png,Non_Demented/OAS1_0074/OAS1_0074_slice_08_z057.png,Non-Demented/OAS1_0074/OAS1_0074_slice_08_z057.png,OAS1_0074,Non-Demented,0,0,Non-Demented,1,0.5591681740455717,0.38672116553897196,0.0541106604154561,0.0
OASIS_1,RandomForest,13,test,brightness_contrast__moderate,brightness_contrast,moderate,D:\OASIS_1\distortions_32\brightness_contrast\moderate\Non_Demented\OAS1_0074\OAS1_0074_slice_09_z059.png,Non_Demented/OAS1_0074/OAS1_0074_slice_09_z059.png,Non-Demented/OAS1_0074/OAS1_0074_slice_09_z059.png,OAS1_0074,Non-Demented,0,0,Non-Demented,1,0.5417033750961111,0.3580692221342075,0.10022740276968126,0.0
OASIS_1,RandomForest,13,test,brightness_contrast__moderate,brightness_contrast,moderate,D:\OASIS_1\distortions_32\brightness_contrast\moderate\Non_Demented\OAS1_0074\OAS1_0074_slice_10_z062.png,Non_Demented/OAS1_0074/OAS1_0074_slice_10_z062.png,Non-Demented/OAS1_0074/OAS1_0074_slice_10_z062.png,OAS1_0074,Non-Demented,0,0,Non-Demented,1,0.5014113210672729,0.41314233168006825,0.08544634725265839,0.0
OASIS_1,RandomForest,13,test,brightness_contrast__moderate,brightness_contrast,moderate,D:\OASIS_1\distortions_32\brightness_contrast\moderate\Non_Demented\OAS1_0074\OAS1_0074_slice_11_z065.png,Non_Demented/OAS1_0074/OAS1_0074_slice_11_z065.png,Non-Demented/OAS1_0074/OAS1_0074_slice_11_z065.png,OAS1_0074,Non-Demented,0,0,Non-Demented,1,0.48950732806403335,0.4182562916464294,0.09223638028953719,0.0
OASIS_1,RandomForest,13,test,brightness_contrast__moderate,brightness_contrast,moderate,D:\OASIS_1\distortions_32\brightness_contrast\moderate\Non_Demented\OAS1_0074\OAS1_0074_slice_12_z068.png,Non_Demented/OAS1_0074/OAS1_0074_slice_12_z068.png,Non-Demented/OAS1_0074/OAS1_0074_slice_12_z068.png,OAS1_0074,Non-Demented,0,0,Non-Demented,1,0.5544129030455642,0.3847141887869148,0.05753957483418709,0.0033333333333333335
OASIS_1,RandomForest,13,test,brightness_contrast__moderate,brightness_contrast,moderate,D:\OASIS_1\distortions_32\brightness_contrast\moderate\Non_Demented\OAS1_0074\OAS1_0074_slice_13_z070.png,Non_Demented/OAS1_0074/OAS1_0074_slice_13_z070.png,Non-Demented/OAS1_0074/OAS1_0074_slice_13_z070.png,OAS1_0074,Non-Demented,0,0,Non-Demented,1,0.44194006438950434,0.221393268943829,0.15333333333333332,0.18333333333333332
OASIS_1,RandomForest,13,test,brightness_contrast__moderate,brightness_contrast,moderate,D:\OASIS_1\distortions_32\brightness_contrast\moderate\Non_Demented\OAS1_0074\OAS1_0074_slice_14_z073.png,Non_Demented/OAS1_0074/OAS1_0074_slice_14_z073.png,Non-Demented/OAS1_0074/OAS1_0074_slice_14_z073.png,OAS1_0074,Non-Demented,0,0,Non-Demented,1,0.557895477656962,0.38261643868696804,0.056154750322736646,0.0033333333333333335
OASIS_1,RandomForest,13,test,brightness_contrast__moderate,brightness_contrast,moderate,D:\OASIS_1\distortions_32\brightness_contrast\moderate\Non_Demented\OAS1_0074\OAS1_0074_slice_15_z076.png,Non_Demented/OAS1_0074/OAS1_0074_slice_15_z076.png,Non-Demented/OAS1_0074/OAS1_0074_slice_15_z076.png,OAS1_0074,Non-Demented,0,0,Non-Demented,1,0.5530796062723831,0.3810818586335803,0.06583853509403641,0.0
OASIS_1,RandomForest,13,test,brightness_contrast__moderate,brightness_contrast,moderate,D:\OASIS_1\distortions_32\brightness_contrast\moderate\Non_Demented\OAS1_0074\OAS1_0074_slice_16_z078.png,Non_Demented/OAS1_0074/OAS1_0074_slice_16_z078.png,Non-Demented/OAS1_0074/OAS1_0074_slice_16_z078.png,OAS1_0074,Non-Demented,0,0,Non-Demented,1,0.45625718436907836,0.20988231148966513,0.16386050414125652,0.17
OASIS_1,RandomForest,13,test,brightness_contrast__moderate,brightness_contrast,moderate,D:\OASIS_1\distortions_32\brightness_contrast\moderate\Non_Demented\OAS1_0074\OAS1_0074_slice_17_z081.png,Non_Demented/OAS1_0074/OAS1_0074_slice_17_z081.png,Non-Demented/OAS1_0074/OAS1_0074_slice_17_z081.png,OAS1_0074,Non-Demented,0,0,Non-Demented,1,0.4593261245692087,0.20681337128953478,0.16719383747458985,0.16666666666666666
OASIS_1,RandomForest,13,test,brightness_contrast__moderate,brightness_contrast,moderate,D:\OASIS_1\distortions_32\brightness_contrast\moderate\Non_Demented\OAS1_0074\OAS1_0074_slice_18_z084.png,Non_Demented/OAS1_0074/OAS1_0074_slice_18_z084.png,Non-Demented/OAS1_0074/OAS1_0074_slice_18_z084.png,OAS1_0074,Non-Demented,0,0,Non-Demented,1,0.5792153431028823,0.25607104280225823,0.16471361409485935,0.0
OASIS_1,RandomForest,13,test,brightness_contrast__moderate,brightness_contrast,moderate,D:\OASIS_1\distortions_32\brightness_contrast\moderate\Non_Demented\OAS1_0074\OAS1_0074_slice_19_z086.png,Non_Demented/OAS1_0074/OAS1_0074_slice_19_z086.png,Non-Demented/OAS1_0074/OAS1_0074_slice_19_z086.png,OAS1_0074,Non-Demented,0,0,Non-Demented,1,0.6586959425566937,0.2745338702604985,0.06677018718280772,0.0
OASIS_1,RandomForest,13,test,brightness_contrast__moderate,brightness_contrast,moderate,D:\OASIS_1\distortions_32\brightness_contrast\moderate\Non_Demented\OAS1_0074\OAS1_0074_slice_20_z089.png,Non_Demented/OAS1_0074/OAS1_0074_slice_20_z089.png,Non-Demented/OAS1_0074/OAS1_0074_slice_20_z089.png,OAS1_0074,Non-Demented,0,0,Non-Demented,1,0.5120374904277708,0.3217929147329568,0.16616959483927238,0.0
OASIS_1,RandomForest,13,test,brightness_contrast__moderate,brightness_contrast,moderate,D:\OASIS_1\distortions_32\brightness_contrast\moderate\Non_Demented\OAS1_0075\OAS1_0075_slice_01_z038.png,Non_Demented/OAS1_0075/OAS1_0075_slice_01_z038.png,Non-Demented/OAS1_0075/OAS1_0075_slice_01_z038.png,OAS1_0075,Non-Demented,0,1,Very Mild Dementia,0,0.3508551948174166,0.5347091922168697,0.11443561296571393,0.0
OASIS_1,RandomForest,13,test,brightness_contrast__moderate,brightness_contrast,moderate,D:\OASIS_1\distortions_32\brightness_contrast\moderate\Non_Demented\OAS1_0075\OAS1_0075_slice_02_z041.png,Non_Demented/OAS1_0075/OAS1_0075_slice_02_z041.png,Non-Demented/OAS1_0075/OAS1_0075_slice_02_z041.png,OAS1_0075,Non-Demented,0,1,Very Mild Dementia,0,0.3187703270541138,0.5729493755264259,0.1082802974194603,0.0
OASIS_1,RandomForest,13,test,brightness_contrast__moderate,brightness_contrast,moderate,D:\OASIS_1\distortions_32\brightness_contrast\moderate\Non_Demented\OAS1_0075\OAS1_0075_slice_03_z043.png,Non_Demented/OAS1_0075/OAS1_0075_slice_03_z043.png,Non-Demented/OAS1_0075/OAS1_0075_slice_03_z043.png,OAS1_0075,Non-Demented,0,1,Very Mild Dementia,0,0.33163800870569443,0.5814992250984107,0.08686276619589473,0.0
OASIS_1,RandomForest,13,test,brightness_contrast__moderate,brightness_contrast,moderate,D:\OASIS_1\distortions_32\brightness_contrast\moderate\Non_Demented\OAS1_0075\OAS1_0075_slice_04_z046.png,Non_Demented/OAS1_0075/OAS1_0075_slice_04_z046.png,Non-Demented/OAS1_0075/OAS1_0075_slice_04_z046.png,OAS1_0075,Non-Demented,0,0,Non-Demented,1,0.4630638749933862,0.43446325843414835,0.10247286657246539,0.0
OASIS_1,RandomForest,13,test,brightness_contrast__moderate,brightness_contrast,moderate,D:\OASIS_1\distortions_32\brightness_contrast\moderate\Non_Demented\OAS1_0075\OAS1_0075_slice_05_z049.png,Non_Demented/OAS1_0075/OAS1_0075_slice_05_z049.png,Non-Demented/OAS1_0075/OAS1_0075_slice_05_z049.png,OAS1_0075,Non-Demented,0,1,Very Mild Dementia,0,0.340992070333534,0.5385542987108529,0.12045363095561314,0.0
OASIS_1,RandomForest,13,test,brightness_contrast__moderate,brightness_contrast,moderate,D:\OASIS_1\distortions_32\brightness_contrast\moderate\Non_Demented\OAS1_0075\OAS1_0075_slice_06_z051.png,Non_Demented/OAS1_0075/OAS1_0075_slice_06_z051.png,Non-Demented/OAS1_0075/OAS1_0075_slice_06_z051.png,OAS1_0075,Non-Demented,0,1,Very Mild Dementia,0,0.3096931611399316,0.5681340490551808,0.12217278980488766,0.0
OASIS_1,RandomForest,13,test,brightness_contrast__moderate,brightness_contrast,moderate,D:\OASIS_1\distortions_32\brightness_contrast\moderate\Non_Demented\OAS1_0075\OAS1_0075_slice_07_z054.png,Non_Demented/OAS1_0075/OAS1_0075_slice_07_z054.png,Non-Demented/OAS1_0075/OAS1_0075_slice_07_z054.png,OAS1_0075,Non-Demented,0,1,Very Mild Dementia,0,0.3383189360223076,0.5350840978346653,0.126596966143027,0.0
OASIS_1,RandomForest,13,test,brightness_contrast__moderate,brightness_contrast,moderate,D:\OASIS_1\distortions_32\brightness_contrast\moderate\Non_Demented\OAS1_0075\OAS1_0075_slice_08_z057.png,Non_Demented/OAS1_0075/OAS1_0075_slice_08_z057.png,Non-Demented/OAS1_0075/OAS1_0075_slice_08_z057.png,OAS1_0075,Non-Demented,0,0,Non-Demented,1,0.46401493771691976,0.41602212486611534,0.11996293741696472,0.0
OASIS_1,RandomForest,13,test,brightness_contrast__moderate,brightness_contrast,moderate,D:\OASIS_1\distortions_32\brightness_contrast\moderate\Non_Demented\OAS1_0075\OAS1_0075_slice_09_z059.png,Non_Demented/OAS1_0075/OAS1_0075_slice_09_z059.png,Non-Demented/OAS1_0075/OAS1_0075_slice_09_z059.png,OAS1_0075,Non-Demented,0,0,Non-Demented,1,0.4379994104731005,0.40740166326488786,0.15459892626201163,0.0
OASIS_1,RandomForest,13,test,brightness_contrast__moderate,brightness_contrast,moderate,D:\OASIS_1\distortions_32\brightness_contrast\moderate\Non_Demented\OAS1_0075\OAS1_0075_slice_10_z062.png,Non_Demented/OAS1_0075/OAS1_0075_slice_10_z062.png,Non-Demented/OAS1_0075/OAS1_0075_slice_10_z062.png,OAS1_0075,Non-Demented,0,1,Very Mild Dementia,0,0.309358202705211,0.48684589543739026,0.20379590185739901,0.0
OASIS_1,RandomForest,13,test,brightness_contrast__moderate,brightness_contrast,moderate,D:\OASIS_1\distortions_32\brightness_contrast\moderate\Non_Demented\OAS1_0075\OAS1_0075_slice_11_z065.png,Non_Demented/OAS1_0075/OAS1_0075_slice_11_z065.png,Non-Demented/OAS1_0075/OAS1_0075_slice_11_z065.png,OAS1_0075,Non-Demented,0,1,Very Mild Dementia,0,0.36225002977227133,0.4583098378138539,0.17944013241387477,0.0
OASIS_1,RandomForest,13,test,brightness_contrast__moderate,brightness_contrast,moderate,D:\OASIS_1\distortions_32\brightness_contrast\moderate\Non_Demented\OAS1_0075\OAS1_0075_slice_12_z068.png,Non_Demented/OAS1_0075/OAS1_0075_slice_12_z068.png,Non-Demented/OAS1_0075/OAS1_0075_slice_12_z068.png,OAS1_0075,Non-Demented,0,1,Very Mild Dementia,0,0.3865959131504384,0.46180536367754804,0.15159872317201373,0.0
OASIS_1,RandomForest,13,test,brightness_contrast__moderate,brightness_contrast,moderate,D:\OASIS_1\distortions_32\brightness_contrast\moderate\Non_Demented\OAS1_0075\OAS1_0075_slice_13_z070.png,Non_Demented/OAS1_0075/OAS1_0075_slice_13_z070.png,Non-Demented/OAS1_0075/OAS1_0075_slice_13_z070.png,OAS1_0075,Non-Demented,0,1,Very Mild Dementia,0,0.37759342839431265,0.48589341034445094,0.13651316126123667,0.0
OASIS_1,RandomForest,13,test,brightness_contrast__moderate,brightness_contrast,moderate,D:\OASIS_1\distortions_32\brightness_contrast\moderate\Non_Demented\OAS1_0075\OAS1_0075_slice_14_z073.png,Non_Demented/OAS1_0075/OAS1_0075_slice_14_z073.png,Non-Demented/OAS1_0075/OAS1_0075_slice_14_z073.png,OAS1_0075,Non-Demented,0,1,Very Mild Dementia,0,0.321354987206245,0.5666414058211635,0.11200360697259146,0.0
OASIS_1,RandomForest,13,test,brightness_contrast__moderate,brightness_contrast,moderate,D:\OASIS_1\distortions_32\brightness_contrast\moderate\Non_Demented\OAS1_0075\OAS1_0075_slice_15_z076.png,Non_Demented/OAS1_0075/OAS1_0075_slice_15_z076.png,Non-Demented/OAS1_0075/OAS1_0075_slice_15_z076.png,OAS1_0075,Non-Demented,0,1,Very Mild Dementia,0,0.398742427202878,0.4837183937131967,0.11753917908392558,0.0
OASIS_1,RandomForest,13,test,brightness_contrast__moderate,brightness_contrast,moderate,D:\OASIS_1\distortions_32\brightness_contrast\moderate\Non_Demented\OAS1_0075\OAS1_0075_slice_16_z078.png,Non_Demented/OAS1_0075/OAS1_0075_slice_16_z078.png,Non-Demented/OAS1_0075/OAS1_0075_slice_16_z078.png,OAS1_0075,Non-Demented,0,1,Very Mild Dementia,0,0.3665609156915966,0.5505781247594451,0.0828609595489582,0.0
OASIS_1,RandomForest,13,test,brightness_contrast__moderate,brightness_contrast,moderate,D:\OASIS_1\distortions_32\brightness_contrast\moderate\Non_Demented\OAS1_0075\OAS1_0075_slice_17_z081.png,Non_Demented/OAS1_0075/OAS1_0075_slice_17_z081.png,Non-Demented/OAS1_0075/OAS1_0075_slice_17_z081.png,OAS1_0075,Non-Demented,0,0,Non-Demented,1,0.42197614800042343,0.2314794969350929,0.13987768839781697,0.20666666666666667
OASIS_1,RandomForest,13,test,brightness_contrast__moderate,brightness_contrast,moderate,D:\OASIS_1\distortions_32\brightness_contrast\moderate\Non_Demented\OAS1_0075\OAS1_0075_slice_18_z084.png,Non_Demented/OAS1_0075/OAS1_0075_slice_18_z084.png,Non-Demented/OAS1_0075/OAS1_0075_slice_18_z084.png,OAS1_0075,Non-Demented,0,0,Non-Demented,1,0.42315420718165225,0.21363477108719744,0.14654435506448366,0.21666666666666667
OASIS_1,RandomForest,13,test,brightness_contrast__moderate,brightness_contrast,moderate,D:\OASIS_1\distortions_32\brightness_contrast\moderate\Non_Demented\OAS1_0075\OAS1_0075_slice_19_z086.png,Non_Demented/OAS1_0075/OAS1_0075_slice_19_z086.png,Non-Demented/OAS1_0075/OAS1_0075_slice_19_z086.png,OAS1_0075,Non-Demented,0,0,Non-Demented,1,0.5780259573015234,0.3669423256734433,0.05503171702503361,0.0
OASIS_1,RandomForest,13,test,brightness_contrast__moderate,brightness_contrast,moderate,D:\OASIS_1\distortions_32\brightness_contrast\moderate\Non_Demented\OAS1_0075\OAS1_0075_slice_20_z089.png,Non_Demented/OAS1_0075/OAS1_0075_slice_20_z089.png,Non-Demented/OAS1_0075/OAS1_0075_slice_20_z089.png,OAS1_0075,Non-Demented,0,1,Very Mild Dementia,0,0.31182905970562136,0.577010289799079,0.11116065049529981,0.0
OASIS_1,RandomForest,13,test,brightness_contrast__moderate,brightness_contrast,moderate,D:\OASIS_1\distortions_32\brightness_contrast\moderate\Non_Demented\OAS1_0083\OAS1_0083_slice_01_z038.png,Non_Demented/OAS1_0083/OAS1_0083_slice_01_z038.png,Non-Demented/OAS1_0083/OAS1_0083_slice_01_z038.png,OAS1_0083,Non-Demented,0,0,Non-Demented,1,0.4347585114929254,0.2150272073762662,0.16021428113080838,0.19
OASIS_1,RandomForest,13,test,brightness_contrast__moderate,brightness_contrast,moderate,D:\OASIS_1\distortions_32\brightness_contrast\moderate\Non_Demented\OAS1_0083\OAS1_0083_slice_02_z041.png,Non_Demented/OAS1_0083/OAS1_0083_slice_02_z041.png,Non-Demented/OAS1_0083/OAS1_0083_slice_02_z041.png,OAS1_0083,Non-Demented,0,1,Very Mild Dementia,0,0.36046587721379597,0.48407395694406424,0.15546016584213976,0.0
OASIS_1,RandomForest,13,test,brightness_contrast__moderate,brightness_contrast,moderate,D:\OASIS_1\distortions_32\brightness_contrast\moderate\Non_Demented\OAS1_0083\OAS1_0083_slice_03_z043.png,Non_Demented/OAS1_0083/OAS1_0083_slice_03_z043.png,Non-Demented/OAS1_0083/OAS1_0083_slice_03_z043.png,OAS1_0083,Non-Demented,0,1,Very Mild Dementia,0,0.42109107956804825,0.47677526743719767,0.09880031966142058,0.0033333333333333335
OASIS_1,RandomForest,13,test,brightness_contrast__moderate,brightness_contrast,moderate,D:\OASIS_1\distortions_32\brightness_contrast\moderate\Non_Demented\OAS1_0083\OAS1_0083_slice_04_z046.png,Non_Demented/OAS1_0083/OAS1_0083_slice_04_z046.png,Non-Demented/OAS1_0083/OAS1_0083_slice_04_z046.png,OAS1_0083,Non-Demented,0,0,Non-Demented,1,0.44591507613388104,0.4119331245670509,0.13881846596573463,0.0033333333333333335
OASIS_1,RandomForest,13,test,brightness_contrast__moderate,brightness_contrast,moderate,D:\OASIS_1\distortions_32\brightness_contrast\moderate\Non_Demented\OAS1_0083\OAS1_0083_slice_05_z049.png,Non_Demented/OAS1_0083/OAS1_0083_slice_05_z049.png,Non-Demented/OAS1_0083/OAS1_0083_slice_05_z049.png,OAS1_0083,Non-Demented,0,0,Non-Demented,1,0.49601341465049414,0.3848416511590092,0.11581160085716337,0.0033333333333333335
OASIS_1,RandomForest,13,test,brightness_contrast__moderate,brightness_contrast,moderate,D:\OASIS_1\distortions_32\brightness_contrast\moderate\Non_Demented\OAS1_0083\OAS1_0083_slice_06_z051.png,Non_Demented/OAS1_0083/OAS1_0083_slice_06_z051.png,Non-Demented/OAS1_0083/OAS1_0083_slice_06_z051.png,OAS1_0083,Non-Demented,0,0,Non-Demented,1,0.5455861357954945,0.3693434217820443,0.0817371090891278,0.0033333333333333335
OASIS_1,RandomForest,13,test,brightness_contrast__moderate,brightness_contrast,moderate,D:\OASIS_1\distortions_32\brightness_contrast\moderate\Non_Demented\OAS1_0083\OAS1_0083_slice_07_z054.png,Non_Demented/OAS1_0083/OAS1_0083_slice_07_z054.png,Non-Demented/OAS1_0083/OAS1_0083_slice_07_z054.png,OAS1_0083,Non-Demented,0,0,Non-Demented,1,0.49710442211841704,0.33975546894451736,0.1564734422703991,0.006666666666666667
OASIS_1,RandomForest,13,test,brightness_contrast__moderate,brightness_contrast,moderate,D:\OASIS_1\distortions_32\brightness_contrast\moderate\Non_Demented\OAS1_0083\OAS1_0083_slice_08_z057.png,Non_Demented/OAS1_0083/OAS1_0083_slice_08_z057.png,Non-Demented/OAS1_0083/OAS1_0083_slice_08_z057.png,OAS1_0083,Non-Demented,0,0,Non-Demented,1,0.45736689394612,0.3731175668960845,0.16284887249112903,0.006666666666666667
OASIS_1,RandomForest,13,test,brightness_contrast__moderate,brightness_contrast,moderate,D:\OASIS_1\distortions_32\brightness_contrast\moderate\Non_Demented\OAS1_0083\OAS1_0083_slice_09_z059.png,Non_Demented/OAS1_0083/OAS1_0083_slice_09_z059.png,Non-Demented/OAS1_0083/OAS1_0083_slice_09_z059.png,OAS1_0083,Non-Demented,0,0,Non-Demented,1,0.4266666666666667,0.18333333333333332,0.16666666666666666,0.22333333333333333
OASIS_1,RandomForest,13,test,brightness_contrast__moderate,brightness_contrast,moderate,D:\OASIS_1\distortions_32\brightness_contrast\moderate\Non_Demented\OAS1_0083\OAS1_0083_slice_10_z062.png,Non_Demented/OAS1_0083/OAS1_0083_slice_10_z062.png,Non-Demented/OAS1_0083/OAS1_0083_slice_10_z062.png,OAS1_0083,Non-Demented,0,0,Non-Demented,1,0.5298869091314519,0.40880566845078264,0.06130742241776554,0.0
OASIS_1,RandomForest,13,test,brightness_contrast__moderate,brightness_contrast,moderate,D:\OASIS_1\distortions_32\brightness_contrast\moderate\Non_Demented\OAS1_0083\OAS1_0083_slice_11_z065.png,Non_Demented/OAS1_0083/OAS1_0083_slice_11_z065.png,Non-Demented/OAS1_0083/OAS1_0083_slice_11_z065.png,OAS1_0083,Non-Demented,0,0,Non-Demented,1,0.49605505910667425,0.34714672205273656,0.153464885507256,0.0033333333333333335
OASIS_1,RandomForest,13,test,brightness_contrast__moderate,brightness_contrast,moderate,D:\OASIS_1\distortions_32\brightness_contrast\moderate\Non_Demented\OAS1_0083\OAS1_0083_slice_12_z068.png,Non_Demented/OAS1_0083/OAS1_0083_slice_12_z068.png,Non-Demented/OAS1_0083/OAS1_0083_slice_12_z068.png,OAS1_0083,Non-Demented,0,0,Non-Demented,1,0.48997065031399784,0.3577306404034201,0.15229870928258224,0.0
OASIS_1,RandomForest,13,test,brightness_contrast__moderate,brightness_contrast,moderate,D:\OASIS_1\distortions_32\brightness_contrast\moderate\Non_Demented\OAS1_0083\OAS1_0083_slice_13_z070.png,Non_Demented/OAS1_0083/OAS1_0083_slice_13_z070.png,Non-Demented/OAS1_0083/OAS1_0083_slice_13_z070.png,OAS1_0083,Non-Demented,0,0,Non-Demented,1,0.47006092373335784,0.399602649596982,0.13033642666966017,0.0
OASIS_1,RandomForest,13,test,brightness_contrast__moderate,brightness_contrast,moderate,D:\OASIS_1\distortions_32\brightness_contrast\moderate\Non_Demented\OAS1_0083\OAS1_0083_slice_14_z073.png,Non_Demented/OAS1_0083/OAS1_0083_slice_14_z073.png,Non-Demented/OAS1_0083/OAS1_0083_slice_14_z073.png,OAS1_0083,Non-Demented,0,0,Non-Demented,1,0.4514942120724634,0.37021610187773585,0.1749563527164675,0.0033333333333333335
OASIS_1,RandomForest,13,test,brightness_contrast__moderate,brightness_contrast,moderate,D:\OASIS_1\distortions_32\brightness_contrast\moderate\Non_Demented\OAS1_0083\OAS1_0083_slice_15_z076.png,Non_Demented/OAS1_0083/OAS1_0083_slice_15_z076.png,Non-Demented/OAS1_0083/OAS1_0083_slice_15_z076.png,OAS1_0083,Non-Demented,0,0,Non-Demented,1,0.4431712396507778,0.1534954270158889,0.16666666666666666,0.23666666666666666
OASIS_1,RandomForest,13,test,brightness_contrast__moderate,brightness_contrast,moderate,D:\OASIS_1\distortions_32\brightness_contrast\moderate\Non_Demented\OAS1_0083\OAS1_0083_slice_16_z078.png,Non_Demented/OAS1_0083/OAS1_0083_slice_16_z078.png,Non-Demented/OAS1_0083/OAS1_0083_slice_16_z078.png,OAS1_0083,Non-Demented,0,0,Non-Demented,1,0.527013323420958,0.32168225067838946,0.1479710925673194,0.0033333333333333335
OASIS_1,RandomForest,13,test,brightness_contrast__moderate,brightness_contrast,moderate,D:\OASIS_1\distortions_32\brightness_contrast\moderate\Non_Demented\OAS1_0083\OAS1_0083_slice_17_z081.png,Non_Demented/OAS1_0083/OAS1_0083_slice_17_z081.png,Non-Demented/OAS1_0083/OAS1_0083_slice_17_z081.png,OAS1_0083,Non-Demented,0,0,Non-Demented,1,0.4264439315157054,0.3846706117558887,0.1822187900617392,0.006666666666666667
OASIS_1,RandomForest,13,test,brightness_contrast__moderate,brightness_contrast,moderate,D:\OASIS_1\distortions_32\brightness_contrast\moderate\Non_Demented\OAS1_0083\OAS1_0083_slice_18_z084.png,Non_Demented/OAS1_0083/OAS1_0083_slice_18_z084.png,Non-Demented/OAS1_0083/OAS1_0083_slice_18_z084.png,OAS1_0083,Non-Demented,0,0,Non-Demented,1,0.46650457298411113,0.1768287603492222,0.16,0.19666666666666666
OASIS_1,RandomForest,13,test,brightness_contrast__moderate,brightness_contrast,moderate,D:\OASIS_1\distortions_32\brightness_contrast\moderate\Non_Demented\OAS1_0083\OAS1_0083_slice_19_z086.png,Non_Demented/OAS1_0083/OAS1_0083_slice_19_z086.png,Non-Demented/OAS1_0083/OAS1_0083_slice_19_z086.png,OAS1_0083,Non-Demented,0,1,Very Mild Dementia,0,0.3678074206648115,0.46322634728673656,0.1656328987151187,0.0033333333333333335
OASIS_1,RandomForest,13,test,brightness_contrast__moderate,brightness_contrast,moderate,D:\OASIS_1\distortions_32\brightness_contrast\moderate\Non_Demented\OAS1_0083\OAS1_0083_slice_20_z089.png,Non_Demented/OAS1_0083/OAS1_0083_slice_20_z089.png,Non-Demented/OAS1_0083/OAS1_0083_slice_20_z089.png,OAS1_0083,Non-Demented,0,0,Non-Demented,1,0.4466110951392632,0.38851805650947413,0.16487084835126248,0.0
OASIS_1,RandomForest,13,test,brightness_contrast__moderate,brightness_contrast,moderate,D:\OASIS_1\distortions_32\brightness_contrast\moderate\Non_Demented\OAS1_0113\OAS1_0113_slice_01_z038.png,Non_Demented/OAS1_0113/OAS1_0113_slice_01_z038.png,Non-Demented/OAS1_0113/OAS1_0113_slice_01_z038.png,OAS1_0113,Non-Demented,0,0,Non-Demented,1,0.6265588861142681,0.2391200741599451,0.13432103972578616,0.0
OASIS_1,RandomForest,13,test,brightness_contrast__moderate,brightness_contrast,moderate,D:\OASIS_1\distortions_32\brightness_contrast\moderate\Non_Demented\OAS1_0113\OAS1_0113_slice_02_z041.png,Non_Demented/OAS1_0113/OAS1_0113_slice_02_z041.png,Non-Demented/OAS1_0113/OAS1_0113_slice_02_z041.png,OAS1_0113,Non-Demented,0,1,Very Mild Dementia,0,0.360608292254747,0.4034857673851786,0.23590594036007426,0.0
OASIS_1,RandomForest,13,test,brightness_contrast__moderate,brightness_contrast,moderate,D:\OASIS_1\distortions_32\brightness_contrast\moderate\Non_Demented\OAS1_0113\OAS1_0113_slice_03_z043.png,Non_Demented/OAS1_0113/OAS1_0113_slice_03_z043.png,Non-Demented/OAS1_0113/OAS1_0113_slice_03_z043.png,OAS1_0113,Non-Demented,0,1,Very Mild Dementia,0,0.34771895141385895,0.41330283326703904,0.23897821531910182,0.0
OASIS_1,RandomForest,13,test,brightness_contrast__moderate,brightness_contrast,moderate,D:\OASIS_1\distortions_32\brightness_contrast\moderate\Non_Demented\OAS1_0113\OAS1_0113_slice_04_z046.png,Non_Demented/OAS1_0113/OAS1_0113_slice_04_z046.png,Non-Demented/OAS1_0113/OAS1_0113_slice_04_z046.png,OAS1_0113,Non-Demented,0,0,Non-Demented,1,0.5977993521481976,0.26509679745377907,0.13710385039802314,0.0
OASIS_1,RandomForest,13,test,brightness_contrast__moderate,brightness_contrast,moderate,D:\OASIS_1\distortions_32\brightness_contrast\moderate\Non_Demented\OAS1_0113\OAS1_0113_slice_05_z049.png,Non_Demented/OAS1_0113/OAS1_0113_slice_05_z049.png,Non-Demented/OAS1_0113/OAS1_0113_slice_05_z049.png,OAS1_0113,Non-Demented,0,0,Non-Demented,1,0.4481350645534101,0.20937061970208945,0.1791609824111671,0.16333333333333333
OASIS_1,RandomForest,13,test,brightness_contrast__moderate,brightness_contrast,moderate,D:\OASIS_1\distortions_32\brightness_contrast\moderate\Non_Demented\OAS1_0113\OAS1_0113_slice_06_z051.png,Non_Demented/OAS1_0113/OAS1_0113_slice_06_z051.png,Non-Demented/OAS1_0113/OAS1_0113_slice_06_z051.png,OAS1_0113,Non-Demented,0,0,Non-Demented,1,0.5250583647921278,0.26133969278957786,0.2136019424182944,0.0
OASIS_1,RandomForest,13,test,brightness_contrast__moderate,brightness_contrast,moderate,D:\OASIS_1\distortions_32\brightness_contrast\moderate\Non_Demented\OAS1_0113\OAS1_0113_slice_07_z054.png,Non_Demented/OAS1_0113/OAS1_0113_slice_07_z054.png,Non-Demented/OAS1_0113/OAS1_0113_slice_07_z054.png,OAS1_0113,Non-Demented,0,0,Non-Demented,1,0.4381536596566169,0.20804070980086428,0.1838056305425189,0.17
OASIS_1,RandomForest,13,test,brightness_contrast__moderate,brightness_contrast,moderate,D:\OASIS_1\distortions_32\brightness_contrast\moderate\Non_Demented\OAS1_0113\OAS1_0113_slice_08_z057.png,Non_Demented/OAS1_0113/OAS1_0113_slice_08_z057.png,Non-Demented/OAS1_0113/OAS1_0113_slice_08_z057.png,OAS1_0113,Non-Demented,0,0,Non-Demented,1,0.38601273038396633,0.35524548967557457,0.258741779940459,0.0
OASIS_1,RandomForest,13,test,brightness_contrast__moderate,brightness_contrast,moderate,D:\OASIS_1\distortions_32\brightness_contrast\moderate\Non_Demented\OAS1_0113\OAS1_0113_slice_09_z059.png,Non_Demented/OAS1_0113/OAS1_0113_slice_09_z059.png,Non-Demented/OAS1_0113/OAS1_0113_slice_09_z059.png,OAS1_0113,Non-Demented,0,0,Non-Demented,1,0.4137141486003057,0.29195052445893194,0.2943353269407622,0.0
OASIS_1,RandomForest,13,test,brightness_contrast__moderate,brightness_contrast,moderate,D:\OASIS_1\distortions_32\brightness_contrast\moderate\Non_Demented\OAS1_0113\OAS1_0113_slice_10_z062.png,Non_Demented/OAS1_0113/OAS1_0113_slice_10_z062.png,Non-Demented/OAS1_0113/OAS1_0113_slice_10_z062.png,OAS1_0113,Non-Demented,0,0,Non-Demented,1,0.4583036341870331,0.3028566088272305,0.23883975698573603,0.0
OASIS_1,RandomForest,13,test,brightness_contrast__moderate,brightness_contrast,moderate,D:\OASIS_1\distortions_32\brightness_contrast\moderate\Non_Demented\OAS1_0113\OAS1_0113_slice_11_z065.png,Non_Demented/OAS1_0113/OAS1_0113_slice_11_z065.png,Non-Demented/OAS1_0113/OAS1_0113_slice_11_z065.png,OAS1_0113,Non-Demented,0,0,Non-Demented,1,0.405888163544413,0.2543378664613238,0.15644063666092992,0.18333333333333332
OASIS_1,RandomForest,13,test,brightness_contrast__moderate,brightness_contrast,moderate,D:\OASIS_1\distortions_32\brightness_contrast\moderate\Non_Demented\OAS1_0113\OAS1_0113_slice_12_z068.png,Non_Demented/OAS1_0113/OAS1_0113_slice_12_z068.png,Non-Demented/OAS1_0113/OAS1_0113_slice_12_z068.png,OAS1_0113,Non-Demented,0,0,Non-Demented,1,0.44993753359963856,0.27922154261351,0.2708409237868511,0.0
OASIS_1,RandomForest,13,test,brightness_contrast__moderate,brightness_contrast,moderate,D:\OASIS_1\distortions_32\brightness_contrast\moderate\Non_Demented\OAS1_0113\OAS1_0113_slice_13_z070.png,Non_Demented/OAS1_0113/OAS1_0113_slice_13_z070.png,Non-Demented/OAS1_0113/OAS1_0113_slice_13_z070.png,OAS1_0113,Non-Demented,0,0,Non-Demented,1,0.46206596850611115,0.28186209413294544,0.25607193736094314,0.0
OASIS_1,RandomForest,13,test,brightness_contrast__moderate,brightness_contrast,moderate,D:\OASIS_1\distortions_32\brightness_contrast\moderate\Non_Demented\OAS1_0113\OAS1_0113_slice_14_z073.png,Non_Demented/OAS1_0113/OAS1_0113_slice_14_z073.png,Non-Demented/OAS1_0113/OAS1_0113_slice_14_z073.png,OAS1_0113,Non-Demented,0,0,Non-Demented,1,0.3811806373605582,0.3597494417170209,0.2590699209224206,0.0
OASIS_1,RandomForest,13,test,brightness_contrast__moderate,brightness_contrast,moderate,D:\OASIS_1\distortions_32\brightness_contrast\moderate\Non_Demented\OAS1_0113\OAS1_0113_slice_15_z076.png,Non_Demented/OAS1_0113/OAS1_0113_slice_15_z076.png,Non-Demented/OAS1_0113/OAS1_0113_slice_15_z076.png,OAS1_0113,Non-Demented,0,0,Non-Demented,1,0.4298713017738518,0.21982755742396184,0.1669678074688531,0.18333333333333332
OASIS_1,RandomForest,13,test,brightness_contrast__moderate,brightness_contrast,moderate,D:\OASIS_1\distortions_32\brightness_contrast\moderate\Non_Demented\OAS1_0113\OAS1_0113_slice_16_z078.png,Non_Demented/OAS1_0113/OAS1_0113_slice_16_z078.png,Non-Demented/OAS1_0113/OAS1_0113_slice_16_z078.png,OAS1_0113,Non-Demented,0,0,Non-Demented,1,0.461106540134671,0.3312905288130424,0.2076029310522866,0.0
OASIS_1,RandomForest,13,test,brightness_contrast__moderate,brightness_contrast,moderate,D:\OASIS_1\distortions_32\brightness_contrast\moderate\Non_Demented\OAS1_0113\OAS1_0113_slice_17_z081.png,Non_Demented/OAS1_0113/OAS1_0113_slice_17_z081.png,Non-Demented/OAS1_0113/OAS1_0113_slice_17_z081.png,OAS1_0113,Non-Demented,0,0,Non-Demented,1,0.4433135225630079,0.22949263996240224,0.16386050414125652,0.16333333333333333
OASIS_1,RandomForest,13,test,brightness_contrast__moderate,brightness_contrast,moderate,D:\OASIS_1\distortions_32\brightness_contrast\moderate\Non_Demented\OAS1_0113\OAS1_0113_slice_18_z084.png,Non_Demented/OAS1_0113/OAS1_0113_slice_18_z084.png,Non-Demented/OAS1_0113/OAS1_0113_slice_18_z084.png,OAS1_0113,Non-Demented,0,0,Non-Demented,1,0.4598044842696844,0.20966834492239245,0.1705271708079232,0.16
OASIS_1,RandomForest,13,test,brightness_contrast__moderate,brightness_contrast,moderate,D:\OASIS_1\distortions_32\brightness_contrast\moderate\Non_Demented\OAS1_0113\OAS1_0113_slice_19_z086.png,Non_Demented/OAS1_0113/OAS1_0113_slice_19_z086.png,Non-Demented/OAS1_0113/OAS1_0113_slice_19_z086.png,OAS1_0113,Non-Demented,0,1,Very Mild Dementia,0,0.31986622747782933,0.4835112656874595,0.1966225068347114,0.0
OASIS_1,RandomForest,13,test,brightness_contrast__moderate,brightness_contrast,moderate,D:\OASIS_1\distortions_32\brightness_contrast\moderate\Non_Demented\OAS1_0113\OAS1_0113_slice_20_z089.png,Non_Demented/OAS1_0113/OAS1_0113_slice_20_z089.png,Non-Demented/OAS1_0113/OAS1_0113_slice_20_z089.png,OAS1_0113,Non-Demented,0,1,Very Mild Dementia,0,0.3599703271998387,0.38178959571332605,0.2582400770868352,0.0
OASIS_1,RandomForest,13,test,brightness_contrast__moderate,brightness_contrast,moderate,D:\OASIS_1\distortions_32\brightness_contrast\moderate\Non_Demented\OAS1_0138\OAS1_0138_slice_01_z038.png,Non_Demented/OAS1_0138/OAS1_0138_slice_01_z038.png,Non-Demented/OAS1_0138/OAS1_0138_slice_01_z038.png,OAS1_0138,Non-Demented,0,1,Very Mild Dementia,0,0.3697494494602827,0.5199935296799242,0.11025702085979316,0.0
OASIS_1,RandomForest,13,test,brightness_contrast__moderate,brightness_contrast,moderate,D:\OASIS_1\distortions_32\brightness_contrast\moderate\Non_Demented\OAS1_0138\OAS1_0138_slice_02_z041.png,Non_Demented/OAS1_0138/OAS1_0138_slice_02_z041.png,Non-Demented/OAS1_0138/OAS1_0138_slice_02_z041.png,OAS1_0138,Non-Demented,0,0,Non-Demented,1,0.6296122733182998,0.29420260793705916,0.07618511874464085,0.0
OASIS_1,RandomForest,13,test,brightness_contrast__moderate,brightness_contrast,moderate,D:\OASIS_1\distortions_32\brightness_contrast\moderate\Non_Demented\OAS1_0138\OAS1_0138_slice_03_z043.png,Non_Demented/OAS1_0138/OAS1_0138_slice_03_z043.png,Non-Demented/OAS1_0138/OAS1_0138_slice_03_z043.png,OAS1_0138,Non-Demented,0,0,Non-Demented,1,0.4373102061865611,0.3196836566613183,0.2430061371521206,0.0
OASIS_1,RandomForest,13,test,brightness_contrast__moderate,brightness_contrast,moderate,D:\OASIS_1\distortions_32\brightness_contrast\moderate\Non_Demented\OAS1_0138\OAS1_0138_slice_04_z046.png,Non_Demented/OAS1_0138/OAS1_0138_slice_04_z046.png,Non-Demented/OAS1_0138/OAS1_0138_slice_04_z046.png,OAS1_0138,Non-Demented,0,0,Non-Demented,1,0.4200035440932576,0.23779560817142412,0.16220084773531832,0.18
OASIS_1,RandomForest,13,test,brightness_contrast__moderate,brightness_contrast,moderate,D:\OASIS_1\distortions_32\brightness_contrast\moderate\Non_Demented\OAS1_0138\OAS1_0138_slice_05_z049.png,Non_Demented/OAS1_0138/OAS1_0138_slice_05_z049.png,Non-Demented/OAS1_0138/OAS1_0138_slice_05_z049.png,OAS1_0138,Non-Demented,0,0,Non-Demented,1,0.5348652060665524,0.3186886050284565,0.1397795222383242,0.006666666666666667
OASIS_1,RandomForest,13,test,brightness_contrast__moderate,brightness_contrast,moderate,D:\OASIS_1\distortions_32\brightness_contrast\moderate\Non_Demented\OAS1_0138\OAS1_0138_slice_06_z051.png,Non_Demented/OAS1_0138/OAS1_0138_slice_06_z051.png,Non-Demented/OAS1_0138/OAS1_0138_slice_06_z051.png,OAS1_0138,Non-Demented,0,1,Very Mild Dementia,0,0.36230032129735285,0.4986928258018844,0.1390068529007629,0.0
OASIS_1,RandomForest,13,test,brightness_contrast__moderate,brightness_contrast,moderate,D:\OASIS_1\distortions_32\brightness_contrast\moderate\Non_Demented\OAS1_0138\OAS1_0138_slice_07_z054.png,Non_Demented/OAS1_0138/OAS1_0138_slice_07_z054.png,Non-Demented/OAS1_0138/OAS1_0138_slice_07_z054.png,OAS1_0138,Non-Demented,0,1,Very Mild Dementia,0,0.334621747554248,0.4864008843741715,0.17897736807158052,0.0
OASIS_1,RandomForest,13,test,brightness_contrast__moderate,brightness_contrast,moderate,D:\OASIS_1\distortions_32\brightness_contrast\moderate\Non_Demented\OAS1_0138\OAS1_0138_slice_08_z057.png,Non_Demented/OAS1_0138/OAS1_0138_slice_08_z057.png,Non-Demented/OAS1_0138/OAS1_0138_slice_08_z057.png,OAS1_0138,Non-Demented,0,0,Non-Demented,1,0.44505787208249653,0.2108673426454386,0.14074145193873155,0.20333333333333334
OASIS_1,RandomForest,13,test,brightness_contrast__moderate,brightness_contrast,moderate,D:\OASIS_1\distortions_32\brightness_contrast\moderate\Non_Demented\OAS1_0138\OAS1_0138_slice_09_z059.png,Non_Demented/OAS1_0138/OAS1_0138_slice_09_z059.png,Non-Demented/OAS1_0138/OAS1_0138_slice_09_z059.png,OAS1_0138,Non-Demented,0,0,Non-Demented,1,0.4384098005190365,0.22090362114096954,0.14068657833999393,0.2
OASIS_1,RandomForest,13,test,brightness_contrast__moderate,brightness_contrast,moderate,D:\OASIS_1\distortions_32\brightness_contrast\moderate\Non_Demented\OAS1_0138\OAS1_0138_slice_10_z062.png,Non_Demented/OAS1_0138/OAS1_0138_slice_10_z062.png,Non-Demented/OAS1_0138/OAS1_0138_slice_10_z062.png,OAS1_0138,Non-Demented,0,0,Non-Demented,1,0.45305735779846545,0.21073666490811066,0.14287264396009053,0.19333333333333333
OASIS_1,RandomForest,13,test,brightness_contrast__moderate,brightness_contrast,moderate,D:\OASIS_1\distortions_32\brightness_contrast\moderate\Non_Demented\OAS1_0138\OAS1_0138_slice_11_z065.png,Non_Demented/OAS1_0138/OAS1_0138_slice_11_z065.png,Non-Demented/OAS1_0138/OAS1_0138_slice_11_z065.png,OAS1_0138,Non-Demented,0,0,Non-Demented,1,0.41613149905214175,0.24613568985440223,0.14773281109345598,0.19
OASIS_1,RandomForest,13,test,brightness_contrast__moderate,brightness_contrast,moderate,D:\OASIS_1\distortions_32\brightness_contrast\moderate\Non_Demented\OAS1_0138\OAS1_0138_slice_12_z068.png,Non_Demented/OAS1_0138/OAS1_0138_slice_12_z068.png,Non-Demented/OAS1_0138/OAS1_0138_slice_12_z068.png,OAS1_0138,Non-Demented,0,0,Non-Demented,1,0.461651726172643,0.20244432223244294,0.15590395159491413,0.18
OASIS_1,RandomForest,13,test,brightness_contrast__moderate,brightness_contrast,moderate,D:\OASIS_1\distortions_32\brightness_contrast\moderate\Non_Demented\OAS1_0138\OAS1_0138_slice_13_z070.png,Non_Demented/OAS1_0138/OAS1_0138_slice_13_z070.png,Non-Demented/OAS1_0138/OAS1_0138_slice_13_z070.png,OAS1_0138,Non-Demented,0,0,Non-Demented,1,0.4502690039149913,0.20253715861041882,0.1605271708079232,0.18666666666666668
OASIS_1,RandomForest,13,test,brightness_contrast__moderate,brightness_contrast,moderate,D:\OASIS_1\distortions_32\brightness_contrast\moderate\Non_Demented\OAS1_0138\OAS1_0138_slice_14_z073.png,Non_Demented/OAS1_0138/OAS1_0138_slice_14_z073.png,Non-Demented/OAS1_0138/OAS1_0138_slice_14_z073.png,OAS1_0138,Non-Demented,0,0,Non-Demented,1,0.5565156334916224,0.28117122311229625,0.16231314339608127,0.0
OASIS_1,RandomForest,13,test,brightness_contrast__moderate,brightness_contrast,moderate,D:\OASIS_1\distortions_32\brightness_contrast\moderate\Non_Demented\OAS1_0138\OAS1_0138_slice_15_z076.png,Non_Demented/OAS1_0138/OAS1_0138_slice_15_z076.png,Non-Demented/OAS1_0138/OAS1_0138_slice_15_z076.png,OAS1_0138,Non-Demented,0,0,Non-Demented,1,0.42211911458280865,0.2830679228823768,0.29481296253481387,0.0
OASIS_1,RandomForest,13,test,brightness_contrast__moderate,brightness_contrast,moderate,D:\OASIS_1\distortions_32\brightness_contrast\moderate\Non_Demented\OAS1_0138\OAS1_0138_slice_16_z078.png,Non_Demented/OAS1_0138/OAS1_0138_slice_16_z078.png,Non-Demented/OAS1_0138/OAS1_0138_slice_16_z078.png,OAS1_0138,Non-Demented,0,0,Non-Demented,1,0.583289515728953,0.28927199425296873,0.12410515668474503,0.0033333333333333335
OASIS_1,RandomForest,13,test,brightness_contrast__moderate,brightness_contrast,moderate,D:\OASIS_1\distortions_32\brightness_contrast\moderate\Non_Demented\OAS1_0138\OAS1_0138_slice_17_z081.png,Non_Demented/OAS1_0138/OAS1_0138_slice_17_z081.png,Non-Demented/OAS1_0138/OAS1_0138_slice_17_z081.png,OAS1_0138,Non-Demented,0,0,Non-Demented,1,0.4004284811984974,0.3072407924264564,0.29233072637504615,0.0
OASIS_1,RandomForest,13,test,brightness_contrast__moderate,brightness_contrast,moderate,D:\OASIS_1\distortions_32\brightness_contrast\moderate\Non_Demented\OAS1_0138\OAS1_0138_slice_18_z084.png,Non_Demented/OAS1_0138/OAS1_0138_slice_18_z084.png,Non-Demented/OAS1_0138/OAS1_0138_slice_18_z084.png,OAS1_0138,Non-Demented,0,0,Non-Demented,1,0.3880025657660857,0.38293392743601495,0.22906350679789947,0.0
OASIS_1,RandomForest,13,test,brightness_contrast__moderate,brightness_contrast,moderate,D:\OASIS_1\distortions_32\brightness_contrast\moderate\Non_Demented\OAS1_0138\OAS1_0138_slice_19_z086.png,Non_Demented/OAS1_0138/OAS1_0138_slice_19_z086.png,Non-Demented/OAS1_0138/OAS1_0138_slice_19_z086.png,OAS1_0138,Non-Demented,0,1,Very Mild Dementia,0,0.3263170838597673,0.5331907269761067,0.14049218916412656,0.0
OASIS_1,RandomForest,13,test,brightness_contrast__moderate,brightness_contrast,moderate,D:\OASIS_1\distortions_32\brightness_contrast\moderate\Non_Demented\OAS1_0138\OAS1_0138_slice_20_z089.png,Non_Demented/OAS1_0138/OAS1_0138_slice_20_z089.png,Non-Demented/OAS1_0138/OAS1_0138_slice_20_z089.png,OAS1_0138,Non-Demented,0,1,Very Mild Dementia,0,0.35934411737968397,0.48715038844593506,0.15350549417438147,0.0
OASIS_1,RandomForest,13,test,brightness_contrast__moderate,brightness_contrast,moderate,D:\OASIS_1\distortions_32\brightness_contrast\moderate\Non_Demented\OAS1_0180\OAS1_0180_slice_01_z038.png,Non_Demented/OAS1_0180/OAS1_0180_slice_01_z038.png,Non-Demented/OAS1_0180/OAS1_0180_slice_01_z038.png,OAS1_0180,Non-Demented,0,0,Non-Demented,1,0.41149928311124523,0.2021275182312702,0.15970653199081788,0.22666666666666666
OASIS_1,RandomForest,13,test,brightness_contrast__moderate,brightness_contrast,moderate,D:\OASIS_1\distortions_32\brightness_contrast\moderate\Non_Demented\OAS1_0180\OAS1_0180_slice_02_z041.png,Non_Demented/OAS1_0180/OAS1_0180_slice_02_z041.png,Non-Demented/OAS1_0180/OAS1_0180_slice_02_z041.png,OAS1_0180,Non-Demented,0,0,Non-Demented,1,0.49632796067520274,0.4619997459785315,0.0416722933462658,0.0
OASIS_1,RandomForest,13,test,brightness_contrast__moderate,brightness_contrast,moderate,D:\OASIS_1\distortions_32\brightness_contrast\moderate\Non_Demented\OAS1_0180\OAS1_0180_slice_03_z043.png,Non_Demented/OAS1_0180/OAS1_0180_slice_03_z043.png,Non-Demented/OAS1_0180/OAS1_0180_slice_03_z043.png,OAS1_0180,Non-Demented,0,0,Non-Demented,1,0.3987971259393182,0.20179381841297817,0.16607572231437023,0.23333333333333334
OASIS_1,RandomForest,13,test,brightness_contrast__moderate,brightness_contrast,moderate,D:\OASIS_1\distortions_32\brightness_contrast\moderate\Non_Demented\OAS1_0180\OAS1_0180_slice_04_z046.png,Non_Demented/OAS1_0180/OAS1_0180_slice_04_z046.png,Non-Demented/OAS1_0180/OAS1_0180_slice_04_z046.png,OAS1_0180,Non-Demented,0,1,Very Mild Dementia,0,0.3765382399081238,0.5689033500090732,0.054558410082803224,0.0
OASIS_1,RandomForest,13,test,brightness_contrast__moderate,brightness_contrast,moderate,D:\OASIS_1\distortions_32\brightness_contrast\moderate\Non_Demented\OAS1_0180\OAS1_0180_slice_05_z049.png,Non_Demented/OAS1_0180/OAS1_0180_slice_05_z049.png,Non-Demented/OAS1_0180/OAS1_0180_slice_05_z049.png,OAS1_0180,Non-Demented,0,0,Non-Demented,1,0.44593400877574824,0.19443090557081144,0.14630175232010698,0.21333333333333335
OASIS_1,RandomForest,13,test,brightness_contrast__moderate,brightness_contrast,moderate,D:\OASIS_1\distortions_32\brightness_contrast\moderate\Non_Demented\OAS1_0180\OAS1_0180_slice_06_z051.png,Non_Demented/OAS1_0180/OAS1_0180_slice_06_z051.png,Non-Demented/OAS1_0180/OAS1_0180_slice_06_z051.png,OAS1_0180,Non-Demented,0,1,Very Mild Dementia,0,0.3980476205942947,0.5490928644717645,0.052859514933940706,0.0
OASIS_1,RandomForest,13,test,brightness_contrast__moderate,brightness_contrast,moderate,D:\OASIS_1\distortions_32\brightness_contrast\moderate\Non_Demented\OAS1_0180\OAS1_0180_slice_07_z054.png,Non_Demented/OAS1_0180/OAS1_0180_slice_07_z054.png,Non-Demented/OAS1_0180/OAS1_0180_slice_07_z054.png,OAS1_0180,Non-Demented,0,1,Very Mild Dementia,0,0.3727238867436429,0.5700685735990748,0.05720753965728241,0.0
OASIS_1,RandomForest,13,test,brightness_contrast__moderate,brightness_contrast,moderate,D:\OASIS_1\distortions_32\brightness_contrast\moderate\Non_Demented\OAS1_0180\OAS1_0180_slice_08_z057.png,Non_Demented/OAS1_0180/OAS1_0180_slice_08_z057.png,Non-Demented/OAS1_0180/OAS1_0180_slice_08_z057.png,OAS1_0180,Non-Demented,0,0,Non-Demented,1,0.44714694645718245,0.19619405987643165,0.1499923269997192,0.20666666666666667
OASIS_1,RandomForest,13,test,brightness_contrast__moderate,brightness_contrast,moderate,D:\OASIS_1\distortions_32\brightness_contrast\moderate\Non_Demented\OAS1_0180\OAS1_0180_slice_09_z059.png,Non_Demented/OAS1_0180/OAS1_0180_slice_09_z059.png,Non-Demented/OAS1_0180/OAS1_0180_slice_09_z059.png,OAS1_0180,Non-Demented,0,0,Non-Demented,1,0.5390037307265862,0.40486462678130775,0.05613164249210604,0.0
OASIS_1,RandomForest,13,test,brightness_contrast__moderate,brightness_contrast,moderate,D:\OASIS_1\distortions_32\brightness_contrast\moderate\Non_Demented\OAS1_0180\OAS1_0180_slice_10_z062.png,Non_Demented/OAS1_0180/OAS1_0180_slice_10_z062.png,Non-Demented/OAS1_0180/OAS1_0180_slice_10_z062.png,OAS1_0180,Non-Demented,0,0,Non-Demented,1,0.3979330821058451,0.222082811860233,0.14998410603392198,0.23
OASIS_1,RandomForest,13,test,brightness_contrast__moderate,brightness_contrast,moderate,D:\OASIS_1\distortions_32\brightness_contrast\moderate\Non_Demented\OAS1_0180\OAS1_0180_slice_11_z065.png,Non_Demented/OAS1_0180/OAS1_0180_slice_11_z065.png,Non-Demented/OAS1_0180/OAS1_0180_slice_11_z065.png,OAS1_0180,Non-Demented,0,0,Non-Demented,1,0.42877074876080123,0.21093508904778538,0.13362749552474681,0.22666666666666666
OASIS_1,RandomForest,13,test,brightness_contrast__moderate,brightness_contrast,moderate,D:\OASIS_1\distortions_32\brightness_contrast\moderate\Non_Demented\OAS1_0180\OAS1_0180_slice_12_z068.png,Non_Demented/OAS1_0180/OAS1_0180_slice_12_z068.png,Non-Demented/OAS1_0180/OAS1_0180_slice_12_z068.png,OAS1_0180,Non-Demented,0,0,Non-Demented,1,0.413891804300526,0.23565590506623504,0.130452290633239,0.22
OASIS_1,RandomForest,13,test,brightness_contrast__moderate,brightness_contrast,moderate,D:\OASIS_1\distortions_32\brightness_contrast\moderate\Non_Demented\OAS1_0180\OAS1_0180_slice_13_z070.png,Non_Demented/OAS1_0180/OAS1_0180_slice_13_z070.png,Non-Demented/OAS1_0180/OAS1_0180_slice_13_z070.png,OAS1_0180,Non-Demented,0,0,Non-Demented,1,0.41328951369940103,0.21111094182185,0.1489328778120823,0.22666666666666666
OASIS_1,RandomForest,13,test,brightness_contrast__moderate,brightness_contrast,moderate,D:\OASIS_1\distortions_32\brightness_contrast\moderate\Non_Demented\OAS1_0180\OAS1_0180_slice_14_z073.png,Non_Demented/OAS1_0180/OAS1_0180_slice_14_z073.png,Non-Demented/OAS1_0180/OAS1_0180_slice_14_z073.png,OAS1_0180,Non-Demented,0,0,Non-Demented,1,0.4206525934230379,0.2100303181724271,0.16598375507120164,0.20333333333333334
OASIS_1,RandomForest,13,test,brightness_contrast__moderate,brightness_contrast,moderate,D:\OASIS_1\distortions_32\brightness_contrast\moderate\Non_Demented\OAS1_0180\OAS1_0180_slice_15_z076.png,Non_Demented/OAS1_0180/OAS1_0180_slice_15_z076.png,Non-Demented/OAS1_0180/OAS1_0180_slice_15_z076.png,OAS1_0180,Non-Demented,0,0,Non-Demented,1,0.6089451440503573,0.35923745286624076,0.03181740308340207,0.0
OASIS_1,RandomForest,13,test,brightness_contrast__moderate,brightness_contrast,moderate,D:\OASIS_1\distortions_32\brightness_contrast\moderate\Non_Demented\OAS1_0180\OAS1_0180_slice_16_z078.png,Non_Demented/OAS1_0180/OAS1_0180_slice_16_z078.png,Non-Demented/OAS1_0180/OAS1_0180_slice_16_z078.png,OAS1_0180,Non-Demented,0,1,Very Mild Dementia,0,0.3877332660710041,0.5564765558317869,0.055790178097208924,0.0
OASIS_1,RandomForest,13,test,brightness_contrast__moderate,brightness_contrast,moderate,D:\OASIS_1\distortions_32\brightness_contrast\moderate\Non_Demented\OAS1_0180\OAS1_0180_slice_17_z081.png,Non_Demented/OAS1_0180/OAS1_0180_slice_17_z081.png,Non-Demented/OAS1_0180/OAS1_0180_slice_17_z081.png,OAS1_0180,Non-Demented,0,0,Non-Demented,1,0.42968021933494527,0.19740623527701875,0.152913545388036,0.22
OASIS_1,RandomForest,13,test,brightness_contrast__moderate,brightness_contrast,moderate,D:\OASIS_1\distortions_32\brightness_contrast\moderate\Non_Demented\OAS1_0180\OAS1_0180_slice_18_z084.png,Non_Demented/OAS1_0180/OAS1_0180_slice_18_z084.png,Non-Demented/OAS1_0180/OAS1_0180_slice_18_z084.png,OAS1_0180,Non-Demented,0,1,Very Mild Dementia,0,0.3744101784122273,0.5554561171551405,0.06680037109929886,0.0033333333333333335
OASIS_1,RandomForest,13,test,brightness_contrast__moderate,brightness_contrast,moderate,D:\OASIS_1\distortions_32\brightness_contrast\moderate\Non_Demented\OAS1_0180\OAS1_0180_slice_19_z086.png,Non_Demented/OAS1_0180/OAS1_0180_slice_19_z086.png,Non-Demented/OAS1_0180/OAS1_0180_slice_19_z086.png,OAS1_0180,Non-Demented,0,0,Non-Demented,1,0.41587835641208754,0.20342056699203115,0.1540344099292147,0.22666666666666666
OASIS_1,RandomForest,13,test,brightness_contrast__moderate,brightness_contrast,moderate,D:\OASIS_1\distortions_32\brightness_contrast\moderate\Non_Demented\OAS1_0180\OAS1_0180_slice_20_z089.png,Non_Demented/OAS1_0180/OAS1_0180_slice_20_z089.png,Non-Demented/OAS1_0180/OAS1_0180_slice_20_z089.png,OAS1_0180,Non-Demented,0,0,Non-Demented,1,0.5566823716194907,0.40662422541916626,0.03669340296134272,0.0
OASIS_1,RandomForest,13,test,brightness_contrast__moderate,brightness_contrast,moderate,D:\OASIS_1\distortions_32\brightness_contrast\moderate\Non_Demented\OAS1_0181\OAS1_0181_slice_01_z038.png,Non_Demented/OAS1_0181/OAS1_0181_slice_01_z038.png,Non-Demented/OAS1_0181/OAS1_0181_slice_01_z038.png,OAS1_0181,Non-Demented,0,0,Non-Demented,1,0.6389784778745481,0.2995344005722355,0.06148712155321642,0.0
OASIS_1,RandomForest,13,test,brightness_contrast__moderate,brightness_contrast,moderate,D:\OASIS_1\distortions_32\brightness_contrast\moderate\Non_Demented\OAS1_0181\OAS1_0181_slice_02_z041.png,Non_Demented/OAS1_0181/OAS1_0181_slice_02_z041.png,Non-Demented/OAS1_0181/OAS1_0181_slice_02_z041.png,OAS1_0181,Non-Demented,0,0,Non-Demented,1,0.4784718978895799,0.3674687953982612,0.1540593067121586,0.0
OASIS_1,RandomForest,13,test,brightness_contrast__moderate,brightness_contrast,moderate,D:\OASIS_1\distortions_32\brightness_contrast\moderate\Non_Demented\OAS1_0181\OAS1_0181_slice_03_z043.png,Non_Demented/OAS1_0181/OAS1_0181_slice_03_z043.png,Non-Demented/OAS1_0181/OAS1_0181_slice_03_z043.png,OAS1_0181,Non-Demented,0,0,Non-Demented,1,0.4497622729248768,0.1930438896005333,0.1905271708079232,0.16666666666666666
OASIS_1,RandomForest,13,test,brightness_contrast__moderate,brightness_contrast,moderate,D:\OASIS_1\distortions_32\brightness_contrast\moderate\Non_Demented\OAS1_0181\OAS1_0181_slice_04_z046.png,Non_Demented/OAS1_0181/OAS1_0181_slice_04_z046.png,Non-Demented/OAS1_0181/OAS1_0181_slice_04_z046.png,OAS1_0181,Non-Demented,0,0,Non-Demented,1,0.6481838065117559,0.315721543974232,0.03609464951401222,0.0
OASIS_1,RandomForest,13,test,brightness_contrast__moderate,brightness_contrast,moderate,D:\OASIS_1\distortions_32\brightness_contrast\moderate\Non_Demented\OAS1_0181\OAS1_0181_slice_05_z049.png,Non_Demented/OAS1_0181/OAS1_0181_slice_05_z049.png,Non-Demented/OAS1_0181/OAS1_0181_slice_05_z049.png,OAS1_0181,Non-Demented,0,0,Non-Demented,1,0.5644406648737431,0.33686722688177534,0.09869210824448148,0.0
OASIS_1,RandomForest,13,test,brightness_contrast__moderate,brightness_contrast,moderate,D:\OASIS_1\distortions_32\brightness_contrast\moderate\Non_Demented\OAS1_0181\OAS1_0181_slice_06_z051.png,Non_Demented/OAS1_0181/OAS1_0181_slice_06_z051.png,Non-Demented/OAS1_0181/OAS1_0181_slice_06_z051.png,OAS1_0181,Non-Demented,0,0,Non-Demented,1,0.496669813939783,0.359814334229107,0.1435158518311096,0.0
OASIS_1,RandomForest,13,test,brightness_contrast__moderate,brightness_contrast,moderate,D:\OASIS_1\distortions_32\brightness_contrast\moderate\Non_Demented\OAS1_0181\OAS1_0181_slice_07_z054.png,Non_Demented/OAS1_0181/OAS1_0181_slice_07_z054.png,Non-Demented/OAS1_0181/OAS1_0181_slice_07_z054.png,OAS1_0181,Non-Demented,0,0,Non-Demented,1,0.5948360122131223,0.3439814645270689,0.06118252325980822,0.0
OASIS_1,RandomForest,13,test,brightness_contrast__moderate,brightness_contrast,moderate,D:\OASIS_1\distortions_32\brightness_contrast\moderate\Non_Demented\OAS1_0181\OAS1_0181_slice_08_z057.png,Non_Demented/OAS1_0181/OAS1_0181_slice_08_z057.png,Non-Demented/OAS1_0181/OAS1_0181_slice_08_z057.png,OAS1_0181,Non-Demented,0,0,Non-Demented,1,0.5189943456727626,0.3326701233930654,0.14833553093417182,0.0
OASIS_1,RandomForest,13,test,brightness_contrast__moderate,brightness_contrast,moderate,D:\OASIS_1\distortions_32\brightness_contrast\moderate\Non_Demented\OAS1_0181\OAS1_0181_slice_09_z059.png,Non_Demented/OAS1_0181/OAS1_0181_slice_09_z059.png,Non-Demented/OAS1_0181/OAS1_0181_slice_09_z059.png,OAS1_0181,Non-Demented,0,0,Non-Demented,1,0.6196497035255452,0.2975446203375264,0.08280567613692835,0.0
OASIS_1,RandomForest,13,test,brightness_contrast__moderate,brightness_contrast,moderate,D:\OASIS_1\distortions_32\brightness_contrast\moderate\Non_Demented\OAS1_0181\OAS1_0181_slice_10_z062.png,Non_Demented/OAS1_0181/OAS1_0181_slice_10_z062.png,Non-Demented/OAS1_0181/OAS1_0181_slice_10_z062.png,OAS1_0181,Non-Demented,0,0,Non-Demented,1,0.6600456705626881,0.2772037192342444,0.0627506102030675,0.0
OASIS_1,RandomForest,13,test,brightness_contrast__moderate,brightness_contrast,moderate,D:\OASIS_1\distortions_32\brightness_contrast\moderate\Non_Demented\OAS1_0181\OAS1_0181_slice_11_z065.png,Non_Demented/OAS1_0181/OAS1_0181_slice_11_z065.png,Non-Demented/OAS1_0181/OAS1_0181_slice_11_z065.png,OAS1_0181,Non-Demented,0,0,Non-Demented,1,0.5698362933299421,0.3158470544140213,0.11431665225603621,0.0
OASIS_1,RandomForest,13,test,brightness_contrast__moderate,brightness_contrast,moderate,D:\OASIS_1\distortions_32\brightness_contrast\moderate\Non_Demented\OAS1_0181\OAS1_0181_slice_12_z068.png,Non_Demented/OAS1_0181/OAS1_0181_slice_12_z068.png,Non-Demented/OAS1_0181/OAS1_0181_slice_12_z068.png,OAS1_0181,Non-Demented,0,0,Non-Demented,1,0.41569988453859624,0.20763344879473708,0.15,0.22666666666666666
OASIS_1,RandomForest,13,test,brightness_contrast__moderate,brightness_contrast,moderate,D:\OASIS_1\distortions_32\brightness_contrast\moderate\Non_Demented\OAS1_0181\OAS1_0181_slice_13_z070.png,Non_Demented/OAS1_0181/OAS1_0181_slice_13_z070.png,Non-Demented/OAS1_0181/OAS1_0181_slice_13_z070.png,OAS1_0181,Non-Demented,0,0,Non-Demented,1,0.5066276844289164,0.3510796594722393,0.1422926560988442,0.0
OASIS_1,RandomForest,13,test,brightness_contrast__moderate,brightness_contrast,moderate,D:\OASIS_1\distortions_32\brightness_contrast\moderate\Non_Demented\OAS1_0181\OAS1_0181_slice_14_z073.png,Non_Demented/OAS1_0181/OAS1_0181_slice_14_z073.png,Non-Demented/OAS1_0181/OAS1_0181_slice_14_z073.png,OAS1_0181,Non-Demented,0,0,Non-Demented,1,0.5187928130776892,0.34771246702667863,0.13349471989563186,0.0
OASIS_1,RandomForest,13,test,brightness_contrast__moderate,brightness_contrast,moderate,D:\OASIS_1\distortions_32\brightness_contrast\moderate\Non_Demented\OAS1_0181\OAS1_0181_slice_15_z076.png,Non_Demented/OAS1_0181/OAS1_0181_slice_15_z076.png,Non-Demented/OAS1_0181/OAS1_0181_slice_15_z076.png,OAS1_0181,Non-Demented,0,0,Non-Demented,1,0.44117809642432937,0.2257860465854516,0.1897025236568857,0.14333333333333334
OASIS_1,RandomForest,13,test,brightness_contrast__moderate,brightness_contrast,moderate,D:\OASIS_1\distortions_32\brightness_contrast\moderate\Non_Demented\OAS1_0181\OAS1_0181_slice_16_z078.png,Non_Demented/OAS1_0181/OAS1_0181_slice_16_z078.png,Non-Demented/OAS1_0181/OAS1_0181_slice_16_z078.png,OAS1_0181,Non-Demented,0,0,Non-Demented,1,0.44117809642432937,0.2357860465854516,0.18636919032355234,0.13666666666666666
OASIS_1,RandomForest,13,test,brightness_contrast__moderate,brightness_contrast,moderate,D:\OASIS_1\distortions_32\brightness_contrast\moderate\Non_Demented\OAS1_0181\OAS1_0181_slice_17_z081.png,Non_Demented/OAS1_0181/OAS1_0181_slice_17_z081.png,Non-Demented/OAS1_0181/OAS1_0181_slice_17_z081.png,OAS1_0181,Non-Demented,0,0,Non-Demented,1,0.543684268697054,0.33678762317936056,0.11952810812358489,0.0
OASIS_1,RandomForest,13,test,brightness_contrast__moderate,brightness_contrast,moderate,D:\OASIS_1\distortions_32\brightness_contrast\moderate\Non_Demented\OAS1_0181\OAS1_0181_slice_18_z084.png,Non_Demented/OAS1_0181/OAS1_0181_slice_18_z084.png,Non-Demented/OAS1_0181/OAS1_0181_slice_18_z084.png,OAS1_0181,Non-Demented,0,0,Non-Demented,1,0.5222505056481387,0.33927414302031994,0.13847535133154154,0.0
OASIS_1,RandomForest,13,test,brightness_contrast__moderate,brightness_contrast,moderate,D:\OASIS_1\distortions_32\brightness_contrast\moderate\Non_Demented\OAS1_0181\OAS1_0181_slice_19_z086.png,Non_Demented/OAS1_0181/OAS1_0181_slice_19_z086.png,Non-Demented/OAS1_0181/OAS1_0181_slice_19_z086.png,OAS1_0181,Non-Demented,0,0,Non-Demented,1,0.5159027032190109,0.3474703784479561,0.13662691833303292,0.0
OASIS_1,RandomForest,13,test,brightness_contrast__moderate,brightness_contrast,moderate,D:\OASIS_1\distortions_32\brightness_contrast\moderate\Non_Demented\OAS1_0181\OAS1_0181_slice_20_z089.png,Non_Demented/OAS1_0181/OAS1_0181_slice_20_z089.png,Non-Demented/OAS1_0181/OAS1_0181_slice_20_z089.png,OAS1_0181,Non-Demented,0,0,Non-Demented,1,0.6375650957552679,0.31855944487607607,0.043875459368656194,0.0
OASIS_1,RandomForest,13,test,brightness_contrast__moderate,brightness_contrast,moderate,D:\OASIS_1\distortions_32\brightness_contrast\moderate\Non_Demented\OAS1_0262\OAS1_0262_slice_01_z038.png,Non_Demented/OAS1_0262/OAS1_0262_slice_01_z038.png,Non-Demented/OAS1_0262/OAS1_0262_slice_01_z038.png,OAS1_0262,Non-Demented,0,0,Non-Demented,1,0.6508320962734252,0.2682516745225364,0.08091622920403856,0.0
OASIS_1,RandomForest,13,test,brightness_contrast__moderate,brightness_contrast,moderate,D:\OASIS_1\distortions_32\brightness_contrast\moderate\Non_Demented\OAS1_0262\OAS1_0262_slice_02_z041.png,Non_Demented/OAS1_0262/OAS1_0262_slice_02_z041.png,Non-Demented/OAS1_0262/OAS1_0262_slice_02_z041.png,OAS1_0262,Non-Demented,0,1,Very Mild Dementia,0,0.4356931141751683,0.4637200785639782,0.1005868072608533,0.0
OASIS_1,RandomForest,13,test,brightness_contrast__moderate,brightness_contrast,moderate,D:\OASIS_1\distortions_32\brightness_contrast\moderate\Non_Demented\OAS1_0262\OAS1_0262_slice_03_z043.png,Non_Demented/OAS1_0262/OAS1_0262_slice_03_z043.png,Non-Demented/OAS1_0262/OAS1_0262_slice_03_z043.png,OAS1_0262,Non-Demented,0,0,Non-Demented,1,0.6514935040331321,0.2939264788704087,0.054580017096459085,0.0
OASIS_1,RandomForest,13,test,brightness_contrast__moderate,brightness_contrast,moderate,D:\OASIS_1\distortions_32\brightness_contrast\moderate\Non_Demented\OAS1_0262\OAS1_0262_slice_04_z046.png,Non_Demented/OAS1_0262/OAS1_0262_slice_04_z046.png,Non-Demented/OAS1_0262/OAS1_0262_slice_04_z046.png,OAS1_0262,Non-Demented,0,0,Non-Demented,1,0.6615013481583998,0.25495370983631727,0.08354494200528303,0.0
OASIS_1,RandomForest,13,test,brightness_contrast__moderate,brightness_contrast,moderate,D:\OASIS_1\distortions_32\brightness_contrast\moderate\Non_Demented\OAS1_0262\OAS1_0262_slice_05_z049.png,Non_Demented/OAS1_0262/OAS1_0262_slice_05_z049.png,Non-Demented/OAS1_0262/OAS1_0262_slice_05_z049.png,OAS1_0262,Non-Demented,0,0,Non-Demented,1,0.6844637914316739,0.22282845812974983,0.09270775043857594,0.0
OASIS_1,RandomForest,13,test,brightness_contrast__moderate,brightness_contrast,moderate,D:\OASIS_1\distortions_32\brightness_contrast\moderate\Non_Demented\OAS1_0262\OAS1_0262_slice_06_z051.png,Non_Demented/OAS1_0262/OAS1_0262_slice_06_z051.png,Non-Demented/OAS1_0262/OAS1_0262_slice_06_z051.png,OAS1_0262,Non-Demented,0,0,Non-Demented,1,0.4690093008556347,0.21046352833644216,0.15386050414125654,0.16666666666666666
OASIS_1,RandomForest,13,test,brightness_contrast__moderate,brightness_contrast,moderate,D:\OASIS_1\distortions_32\brightness_contrast\moderate\Non_Demented\OAS1_0262\OAS1_0262_slice_07_z054.png,Non_Demented/OAS1_0262/OAS1_0262_slice_07_z054.png,Non-Demented/OAS1_0262/OAS1_0262_slice_07_z054.png,OAS1_0262,Non-Demented,0,0,Non-Demented,1,0.6491306354675549,0.21849908124174192,0.13237028329070324,0.0
OASIS_1,RandomForest,13,test,brightness_contrast__moderate,brightness_contrast,moderate,D:\OASIS_1\distortions_32\brightness_contrast\moderate\Non_Demented\OAS1_0262\OAS1_0262_slice_08_z057.png,Non_Demented/OAS1_0262/OAS1_0262_slice_08_z057.png,Non-Demented/OAS1_0262/OAS1_0262_slice_08_z057.png,OAS1_0262,Non-Demented,0,1,Very Mild Dementia,0,0.40014592387768183,0.44930003915866307,0.15055403696365463,0.0
OASIS_1,RandomForest,13,test,brightness_contrast__moderate,brightness_contrast,moderate,D:\OASIS_1\distortions_32\brightness_contrast\moderate\Non_Demented\OAS1_0262\OAS1_0262_slice_09_z059.png,Non_Demented/OAS1_0262/OAS1_0262_slice_09_z059.png,Non-Demented/OAS1_0262/OAS1_0262_slice_09_z059.png,OAS1_0262,Non-Demented,0,1,Very Mild Dementia,0,0.37399447580237927,0.44277304581867827,0.183232478378942,0.0
OASIS_1,RandomForest,13,test,brightness_contrast__moderate,brightness_contrast,moderate,D:\OASIS_1\distortions_32\brightness_contrast\moderate\Non_Demented\OAS1_0262\OAS1_0262_slice_10_z062.png,Non_Demented/OAS1_0262/OAS1_0262_slice_10_z062.png,Non-Demented/OAS1_0262/OAS1_0262_slice_10_z062.png,OAS1_0262,Non-Demented,0,0,Non-Demented,1,0.515284406023387,0.20267921464869107,0.2820363793279217,0.0
OASIS_1,RandomForest,13,test,brightness_contrast__moderate,brightness_contrast,moderate,D:\OASIS_1\distortions_32\brightness_contrast\moderate\Non_Demented\OAS1_0262\OAS1_0262_slice_11_z065.png,Non_Demented/OAS1_0262/OAS1_0262_slice_11_z065.png,Non-Demented/OAS1_0262/OAS1_0262_slice_11_z065.png,OAS1_0262,Non-Demented,0,1,Very Mild Dementia,0,0.37006150047442643,0.4816427607860733,0.1482957387395002,0.0
OASIS_1,RandomForest,13,test,brightness_contrast__moderate,brightness_contrast,moderate,D:\OASIS_1\distortions_32\brightness_contrast\moderate\Non_Demented\OAS1_0262\OAS1_0262_slice_12_z068.png,Non_Demented/OAS1_0262/OAS1_0262_slice_12_z068.png,Non-Demented/OAS1_0262/OAS1_0262_slice_12_z068.png,OAS1_0262,Non-Demented,0,0,Non-Demented,1,0.5027223060098919,0.3010276382594224,0.19625005573068524,0.0
OASIS_1,RandomForest,13,test,brightness_contrast__moderate,brightness_contrast,moderate,D:\OASIS_1\distortions_32\brightness_contrast\moderate\Non_Demented\OAS1_0262\OAS1_0262_slice_13_z070.png,Non_Demented/OAS1_0262/OAS1_0262_slice_13_z070.png,Non-Demented/OAS1_0262/OAS1_0262_slice_13_z070.png,OAS1_0262,Non-Demented,0,1,Very Mild Dementia,0,0.394067390868265,0.4870254198466576,0.1189071892850775,0.0
OASIS_1,RandomForest,13,test,brightness_contrast__moderate,brightness_contrast,moderate,D:\OASIS_1\distortions_32\brightness_contrast\moderate\Non_Demented\OAS1_0262\OAS1_0262_slice_14_z073.png,Non_Demented/OAS1_0262/OAS1_0262_slice_14_z073.png,Non-Demented/OAS1_0262/OAS1_0262_slice_14_z073.png,OAS1_0262,Non-Demented,0,0,Non-Demented,1,0.44958725138871425,0.216778274475766,0.15696780746885308,0.17666666666666667
OASIS_1,RandomForest,13,test,brightness_contrast__moderate,brightness_contrast,moderate,D:\OASIS_1\distortions_32\brightness_contrast\moderate\Non_Demented\OAS1_0262\OAS1_0262_slice_15_z076.png,Non_Demented/OAS1_0262/OAS1_0262_slice_15_z076.png,Non-Demented/OAS1_0262/OAS1_0262_slice_15_z076.png,OAS1_0262,Non-Demented,0,1,Very Mild Dementia,0,0.4265519219120487,0.4729435142655703,0.10050456382238146,0.0
OASIS_1,RandomForest,13,test,brightness_contrast__moderate,brightness_contrast,moderate,D:\OASIS_1\distortions_32\brightness_contrast\moderate\Non_Demented\OAS1_0262\OAS1_0262_slice_16_z078.png,Non_Demented/OAS1_0262/OAS1_0262_slice_16_z078.png,Non-Demented/OAS1_0262/OAS1_0262_slice_16_z078.png,OAS1_0262,Non-Demented,0,0,Non-Demented,1,0.4490093008556347,0.22046352833644217,0.14719383747458986,0.18333333333333332
OASIS_1,RandomForest,13,test,brightness_contrast__moderate,brightness_contrast,moderate,D:\OASIS_1\distortions_32\brightness_contrast\moderate\Non_Demented\OAS1_0262\OAS1_0262_slice_17_z081.png,Non_Demented/OAS1_0262/OAS1_0262_slice_17_z081.png,Non-Demented/OAS1_0262/OAS1_0262_slice_17_z081.png,OAS1_0262,Non-Demented,0,0,Non-Demented,1,0.4456945626255081,0.22049980683197304,0.14713896387585224,0.18666666666666668
OASIS_1,RandomForest,13,test,brightness_contrast__moderate,brightness_contrast,moderate,D:\OASIS_1\distortions_32\brightness_contrast\moderate\Non_Demented\OAS1_0262\OAS1_0262_slice_18_z084.png,Non_Demented/OAS1_0262/OAS1_0262_slice_18_z084.png,Non-Demented/OAS1_0262/OAS1_0262_slice_18_z084.png,OAS1_0262,Non-Demented,0,1,Very Mild Dementia,0,0.4456370248876732,0.4644262566806304,0.0899367184316963,0.0
OASIS_1,RandomForest,13,test,brightness_contrast__moderate,brightness_contrast,moderate,D:\OASIS_1\distortions_32\brightness_contrast\moderate\Non_Demented\OAS1_0262\OAS1_0262_slice_19_z086.png,Non_Demented/OAS1_0262/OAS1_0262_slice_19_z086.png,Non-Demented/OAS1_0262/OAS1_0262_slice_19_z086.png,OAS1_0262,Non-Demented,0,0,Non-Demented,1,0.4993073180205209,0.4289614883001509,0.07173119367932805,0.0
OASIS_1,RandomForest,13,test,brightness_contrast__moderate,brightness_contrast,moderate,D:\OASIS_1\distortions_32\brightness_contrast\moderate\Non_Demented\OAS1_0262\OAS1_0262_slice_20_z089.png,Non_Demented/OAS1_0262/OAS1_0262_slice_20_z089.png,Non-Demented/OAS1_0262/OAS1_0262_slice_20_z089.png,OAS1_0262,Non-Demented,0,1,Very Mild Dementia,0,0.43676659644165616,0.5081958308604684,0.055037572697875334,0.0
OASIS_1,RandomForest,13,test,brightness_contrast__moderate,brightness_contrast,moderate,D:\OASIS_1\distortions_32\brightness_contrast\moderate\Non_Demented\OAS1_0266\OAS1_0266_slice_01_z038.png,Non_Demented/OAS1_0266/OAS1_0266_slice_01_z038.png,Non-Demented/OAS1_0266/OAS1_0266_slice_01_z038.png,OAS1_0266,Non-Demented,0,0,Non-Demented,1,0.45561407999520404,0.4209518463916968,0.12343407361309908,0.0
OASIS_1,RandomForest,13,test,brightness_contrast__moderate,brightness_contrast,moderate,D:\OASIS_1\distortions_32\brightness_contrast\moderate\Non_Demented\OAS1_0266\OAS1_0266_slice_02_z041.png,Non_Demented/OAS1_0266/OAS1_0266_slice_02_z041.png,Non-Demented/OAS1_0266/OAS1_0266_slice_02_z041.png,OAS1_0266,Non-Demented,0,0,Non-Demented,1,0.5092978424295522,0.3541394050631887,0.13656275250725883,0.0
OASIS_1,RandomForest,13,test,brightness_contrast__moderate,brightness_contrast,moderate,D:\OASIS_1\distortions_32\brightness_contrast\moderate\Non_Demented\OAS1_0266\OAS1_0266_slice_03_z043.png,Non_Demented/OAS1_0266/OAS1_0266_slice_03_z043.png,Non-Demented/OAS1_0266/OAS1_0266_slice_03_z043.png,OAS1_0266,Non-Demented,0,0,Non-Demented,1,0.6419300980252386,0.2557233790207709,0.10234652295399059,0.0
OASIS_1,RandomForest,13,test,brightness_contrast__moderate,brightness_contrast,moderate,D:\OASIS_1\distortions_32\brightness_contrast\moderate\Non_Demented\OAS1_0266\OAS1_0266_slice_04_z046.png,Non_Demented/OAS1_0266/OAS1_0266_slice_04_z046.png,Non-Demented/OAS1_0266/OAS1_0266_slice_04_z046.png,OAS1_0266,Non-Demented,0,0,Non-Demented,1,0.6570967959065387,0.23688515924438738,0.1026847115157407,0.0033333333333333335
OASIS_1,RandomForest,13,test,brightness_contrast__moderate,brightness_contrast,moderate,D:\OASIS_1\distortions_32\brightness_contrast\moderate\Non_Demented\OAS1_0266\OAS1_0266_slice_05_z049.png,Non_Demented/OAS1_0266/OAS1_0266_slice_05_z049.png,Non-Demented/OAS1_0266/OAS1_0266_slice_05_z049.png,OAS1_0266,Non-Demented,0,0,Non-Demented,1,0.42292385103574504,0.20988231148966513,0.19386050414125652,0.17333333333333334
OASIS_1,RandomForest,13,test,brightness_contrast__moderate,brightness_contrast,moderate,D:\OASIS_1\distortions_32\brightness_contrast\moderate\Non_Demented\OAS1_0266\OAS1_0266_slice_06_z051.png,Non_Demented/OAS1_0266/OAS1_0266_slice_06_z051.png,Non-Demented/OAS1_0266/OAS1_0266_slice_06_z051.png,OAS1_0266,Non-Demented,0,0,Non-Demented,1,0.41365991067170893,0.1996734226616244,0.19333333333333333,0.19333333333333333
OASIS_1,RandomForest,13,test,brightness_contrast__moderate,brightness_contrast,moderate,D:\OASIS_1\distortions_32\brightness_contrast\moderate\Non_Demented\OAS1_0266\OAS1_0266_slice_07_z054.png,Non_Demented/OAS1_0266/OAS1_0266_slice_07_z054.png,Non-Demented/OAS1_0266/OAS1_0266_slice_07_z054.png,OAS1_0266,Non-Demented,0,0,Non-Demented,1,0.5824619546676207,0.23142989873800351,0.18610814659437563,0.0
OASIS_1,RandomForest,13,test,brightness_contrast__moderate,brightness_contrast,moderate,D:\OASIS_1\distortions_32\brightness_contrast\moderate\Non_Demented\OAS1_0266\OAS1_0266_slice_08_z057.png,Non_Demented/OAS1_0266/OAS1_0266_slice_08_z057.png,Non-Demented/OAS1_0266/OAS1_0266_slice_08_z057.png,OAS1_0266,Non-Demented,0,0,Non-Demented,1,0.6534211422311526,0.24509033333423916,0.10148852443460885,0.0
OASIS_1,RandomForest,13,test,brightness_contrast__moderate,brightness_contrast,moderate,D:\OASIS_1\distortions_32\brightness_contrast\moderate\Non_Demented\OAS1_0266\OAS1_0266_slice_09_z059.png,Non_Demented/OAS1_0266/OAS1_0266_slice_09_z059.png,Non-Demented/OAS1_0266/OAS1_0266_slice_09_z059.png,OAS1_0266,Non-Demented,0,0,Non-Demented,1,0.40032657733837557,0.22634008932829108,0.2,0.17333333333333334
OASIS_1,RandomForest,13,test,brightness_contrast__moderate,brightness_contrast,moderate,D:\OASIS_1\distortions_32\brightness_contrast\moderate\Non_Demented\OAS1_0266\OAS1_0266_slice_10_z062.png,Non_Demented/OAS1_0266/OAS1_0266_slice_10_z062.png,Non-Demented/OAS1_0266/OAS1_0266_slice_10_z062.png,OAS1_0266,Non-Demented,0,0,Non-Demented,1,0.5072074741802415,0.2704928802630638,0.2189663122233613,0.0033333333333333335
OASIS_1,RandomForest,13,test,brightness_contrast__moderate,brightness_contrast,moderate,D:\OASIS_1\distortions_32\brightness_contrast\moderate\Non_Demented\OAS1_0266\OAS1_0266_slice_11_z065.png,Non_Demented/OAS1_0266/OAS1_0266_slice_11_z065.png,Non-Demented/OAS1_0266/OAS1_0266_slice_11_z065.png,OAS1_0266,Non-Demented,0,0,Non-Demented,1,0.5257956846127405,0.3081638527806644,0.16270712927326214,0.0033333333333333335
OASIS_1,RandomForest,13,test,brightness_contrast__moderate,brightness_contrast,moderate,D:\OASIS_1\distortions_32\brightness_contrast\moderate\Non_Demented\OAS1_0266\OAS1_0266_slice_12_z068.png,Non_Demented/OAS1_0266/OAS1_0266_slice_12_z068.png,Non-Demented/OAS1_0266/OAS1_0266_slice_12_z068.png,OAS1_0266,Non-Demented,0,0,Non-Demented,1,0.5479586283805338,0.2833660138568187,0.16867535776264736,0.0
OASIS_1,RandomForest,13,test,brightness_contrast__moderate,brightness_contrast,moderate,D:\OASIS_1\distortions_32\brightness_contrast\moderate\Non_Demented\OAS1_0266\OAS1_0266_slice_13_z070.png,Non_Demented/OAS1_0266/OAS1_0266_slice_13_z070.png,Non-Demented/OAS1_0266/OAS1_0266_slice_13_z070.png,OAS1_0266,Non-Demented,0,0,Non-Demented,1,0.5756947924414851,0.25093863868994587,0.17336656886856905,0.0
OASIS_1,RandomForest,13,test,brightness_contrast__moderate,brightness_contrast,moderate,D:\OASIS_1\distortions_32\brightness_contrast\moderate\Non_Demented\OAS1_0266\OAS1_0266_slice_14_z073.png,Non_Demented/OAS1_0266/OAS1_0266_slice_14_z073.png,Non-Demented/OAS1_0266/OAS1_0266_slice_14_z073.png,OAS1_0266,Non-Demented,0,0,Non-Demented,1,0.40032657733837557,0.1996734226616244,0.19666666666666666,0.20333333333333334
OASIS_1,RandomForest,13,test,brightness_contrast__moderate,brightness_contrast,moderate,D:\OASIS_1\distortions_32\brightness_contrast\moderate\Non_Demented\OAS1_0266\OAS1_0266_slice_15_z076.png,Non_Demented/OAS1_0266/OAS1_0266_slice_15_z076.png,Non-Demented/OAS1_0266/OAS1_0266_slice_15_z076.png,OAS1_0266,Non-Demented,0,0,Non-Demented,1,0.62296083826978,0.2636580181912361,0.1133811435389839,0.0
OASIS_1,RandomForest,13,test,brightness_contrast__moderate,brightness_contrast,moderate,D:\OASIS_1\distortions_32\brightness_contrast\moderate\Non_Demented\OAS1_0266\OAS1_0266_slice_16_z078.png,Non_Demented/OAS1_0266/OAS1_0266_slice_16_z078.png,Non-Demented/OAS1_0266/OAS1_0266_slice_16_z078.png,OAS1_0266,Non-Demented,0,0,Non-Demented,1,0.6102767151257434,0.23578509590957036,0.15060485563135267,0.0033333333333333335
OASIS_1,RandomForest,13,test,brightness_contrast__moderate,brightness_contrast,moderate,D:\OASIS_1\distortions_32\brightness_contrast\moderate\Non_Demented\OAS1_0266\OAS1_0266_slice_17_z081.png,Non_Demented/OAS1_0266/OAS1_0266_slice_17_z081.png,Non-Demented/OAS1_0266/OAS1_0266_slice_17_z081.png,OAS1_0266,Non-Demented,0,0,Non-Demented,1,0.6019355326045399,0.2766637271756187,0.11473407355317472,0.006666666666666667
OASIS_1,RandomForest,13,test,brightness_contrast__moderate,brightness_contrast,moderate,D:\OASIS_1\distortions_32\brightness_contrast\moderate\Non_Demented\OAS1_0266\OAS1_0266_slice_18_z084.png,Non_Demented/OAS1_0266/OAS1_0266_slice_18_z084.png,Non-Demented/OAS1_0266/OAS1_0266_slice_18_z084.png,OAS1_0266,Non-Demented,0,0,Non-Demented,1,0.6852285081443147,0.2160605338028599,0.09871095805282498,0.0
OASIS_1,RandomForest,13,test,brightness_contrast__moderate,brightness_contrast,moderate,D:\OASIS_1\distortions_32\brightness_contrast\moderate\Non_Demented\OAS1_0266\OAS1_0266_slice_19_z086.png,Non_Demented/OAS1_0266/OAS1_0266_slice_19_z086.png,Non-Demented/OAS1_0266/OAS1_0266_slice_19_z086.png,OAS1_0266,Non-Demented,0,0,Non-Demented,1,0.7160362884600724,0.1825784089781631,0.10138530256176417,0.0
OASIS_1,RandomForest,13,test,brightness_contrast__moderate,brightness_contrast,moderate,D:\OASIS_1\distortions_32\brightness_contrast\moderate\Non_Demented\OAS1_0266\OAS1_0266_slice_20_z089.png,Non_Demented/OAS1_0266/OAS1_0266_slice_20_z089.png,Non-Demented/OAS1_0266/OAS1_0266_slice_20_z089.png,OAS1_0266,Non-Demented,0,0,Non-Demented,1,0.7103938355867991,0.22860007615231165,0.06100608826088911,0.0
OASIS_1,RandomForest,13,test,brightness_contrast__moderate,brightness_contrast,moderate,D:\OASIS_1\distortions_32\brightness_contrast\moderate\Non_Demented\OAS1_0280\OAS1_0280_slice_01_z038.png,Non_Demented/OAS1_0280/OAS1_0280_slice_01_z038.png,Non-Demented/OAS1_0280/OAS1_0280_slice_01_z038.png,OAS1_0280,Non-Demented,0,0,Non-Demented,1,0.4111863672817557,0.29475308951884616,0.29406054319939845,0.0
OASIS_1,RandomForest,13,test,brightness_contrast__moderate,brightness_contrast,moderate,D:\OASIS_1\distortions_32\brightness_contrast\moderate\Non_Demented\OAS1_0280\OAS1_0280_slice_02_z041.png,Non_Demented/OAS1_0280/OAS1_0280_slice_02_z041.png,Non-Demented/OAS1_0280/OAS1_0280_slice_02_z041.png,OAS1_0280,Non-Demented,0,0,Non-Demented,1,0.5300478665284624,0.32145550256547223,0.1451632975727321,0.0033333333333333335
OASIS_1,RandomForest,13,test,brightness_contrast__moderate,brightness_contrast,moderate,D:\OASIS_1\distortions_32\brightness_contrast\moderate\Non_Demented\OAS1_0280\OAS1_0280_slice_03_z043.png,Non_Demented/OAS1_0280/OAS1_0280_slice_03_z043.png,Non-Demented/OAS1_0280/OAS1_0280_slice_03_z043.png,OAS1_0280,Non-Demented,0,0,Non-Demented,1,0.4408546406283591,0.251951521897051,0.14719383747458986,0.16
OASIS_1,RandomForest,13,test,brightness_contrast__moderate,brightness_contrast,moderate,D:\OASIS_1\distortions_32\brightness_contrast\moderate\Non_Demented\OAS1_0280\OAS1_0280_slice_04_z046.png,Non_Demented/OAS1_0280/OAS1_0280_slice_04_z046.png,Non-Demented/OAS1_0280/OAS1_0280_slice_04_z046.png,OAS1_0280,Non-Demented,0,0,Non-Demented,1,0.3909652665069888,0.2905556438110873,0.3184790896819239,0.0
OASIS_1,RandomForest,13,test,brightness_contrast__moderate,brightness_contrast,moderate,D:\OASIS_1\distortions_32\brightness_contrast\moderate\Non_Demented\OAS1_0280\OAS1_0280_slice_05_z049.png,Non_Demented/OAS1_0280/OAS1_0280_slice_05_z049.png,Non-Demented/OAS1_0280/OAS1_0280_slice_05_z049.png,OAS1_0280,Non-Demented,0,0,Non-Demented,1,0.4323033000561779,0.24716952913589893,0.1605271708079232,0.16
OASIS_1,RandomForest,13,test,brightness_contrast__moderate,brightness_contrast,moderate,D:\OASIS_1\distortions_32\brightness_contrast\moderate\Non_Demented\OAS1_0280\OAS1_0280_slice_06_z051.png,Non_Demented/OAS1_0280/OAS1_0280_slice_06_z051.png,Non-Demented/OAS1_0280/OAS1_0280_slice_06_z051.png,OAS1_0280,Non-Demented,0,0,Non-Demented,1,0.42638930994199453,0.23724149973445313,0.16303585699021902,0.17333333333333334
OASIS_1,RandomForest,13,test,brightness_contrast__moderate,brightness_contrast,moderate,D:\OASIS_1\distortions_32\brightness_contrast\moderate\Non_Demented\OAS1_0280\OAS1_0280_slice_07_z054.png,Non_Demented/OAS1_0280/OAS1_0280_slice_07_z054.png,Non-Demented/OAS1_0280/OAS1_0280_slice_07_z054.png,OAS1_0280,Non-Demented,0,0,Non-Demented,1,0.4213983763431528,0.2386016236568472,0.15666666666666668,0.18333333333333332
OASIS_1,RandomForest,13,test,brightness_contrast__moderate,brightness_contrast,moderate,D:\OASIS_1\distortions_32\brightness_contrast\moderate\Non_Demented\OAS1_0280\OAS1_0280_slice_08_z057.png,Non_Demented/OAS1_0280/OAS1_0280_slice_08_z057.png,Non-Demented/OAS1_0280/OAS1_0280_slice_08_z057.png,OAS1_0280,Non-Demented,0,0,Non-Demented,1,0.4370231780290708,0.41587160127214706,0.14710522069878237,0.0
OASIS_1,RandomForest,13,test,brightness_contrast__moderate,brightness_contrast,moderate,D:\OASIS_1\distortions_32\brightness_contrast\moderate\Non_Demented\OAS1_0280\OAS1_0280_slice_09_z059.png,Non_Demented/OAS1_0280/OAS1_0280_slice_09_z059.png,Non-Demented/OAS1_0280/OAS1_0280_slice_09_z059.png,OAS1_0280,Non-Demented,0,0,Non-Demented,1,0.3958127053223203,0.37848181739822906,0.2257054772794506,0.0
OASIS_1,RandomForest,13,test,brightness_contrast__moderate,brightness_contrast,moderate,D:\OASIS_1\distortions_32\brightness_contrast\moderate\Non_Demented\OAS1_0280\OAS1_0280_slice_10_z062.png,Non_Demented/OAS1_0280/OAS1_0280_slice_10_z062.png,Non-Demented/OAS1_0280/OAS1_0280_slice_10_z062.png,OAS1_0280,Non-Demented,0,0,Non-Demented,1,0.48295767051462996,0.37635837174130793,0.1406839577440619,0.0
OASIS_1,RandomForest,13,test,brightness_contrast__moderate,brightness_contrast,moderate,D:\OASIS_1\distortions_32\brightness_contrast\moderate\Non_Demented\OAS1_0280\OAS1_0280_slice_11_z065.png,Non_Demented/OAS1_0280/OAS1_0280_slice_11_z065.png,Non-Demented/OAS1_0280/OAS1_0280_slice_11_z065.png,OAS1_0280,Non-Demented,0,1,Very Mild Dementia,0,0.35289348443347984,0.4258028486039069,0.22130366696261328,0.0
OASIS_1,RandomForest,13,test,brightness_contrast__moderate,brightness_contrast,moderate,D:\OASIS_1\distortions_32\brightness_contrast\moderate\Non_Demented\OAS1_0280\OAS1_0280_slice_12_z068.png,Non_Demented/OAS1_0280/OAS1_0280_slice_12_z068.png,Non-Demented/OAS1_0280/OAS1_0280_slice_12_z068.png,OAS1_0280,Non-Demented,0,1,Very Mild Dementia,0,0.37858568324005787,0.4292280843899807,0.1921862323699613,0.0
OASIS_1,RandomForest,13,test,brightness_contrast__moderate,brightness_contrast,moderate,D:\OASIS_1\distortions_32\brightness_contrast\moderate\Non_Demented\OAS1_0280\OAS1_0280_slice_13_z070.png,Non_Demented/OAS1_0280/OAS1_0280_slice_13_z070.png,Non-Demented/OAS1_0280/OAS1_0280_slice_13_z070.png,OAS1_0280,Non-Demented,0,1,Very Mild Dementia,0,0.37777181544223837,0.4216062166249752,0.20062196793278636,0.0
OASIS_1,RandomForest,13,test,brightness_contrast__moderate,brightness_contrast,moderate,D:\OASIS_1\distortions_32\brightness_contrast\moderate\Non_Demented\OAS1_0280\OAS1_0280_slice_14_z073.png,Non_Demented/OAS1_0280/OAS1_0280_slice_14_z073.png,Non-Demented/OAS1_0280/OAS1_0280_slice_14_z073.png,OAS1_0280,Non-Demented,0,0,Non-Demented,1,0.40518439519728106,0.3855686013892642,0.2092470034134546,0.0
OASIS_1,RandomForest,13,test,brightness_contrast__moderate,brightness_contrast,moderate,D:\OASIS_1\distortions_32\brightness_contrast\moderate\Non_Demented\OAS1_0280\OAS1_0280_slice_15_z076.png,Non_Demented/OAS1_0280/OAS1_0280_slice_15_z076.png,Non-Demented/OAS1_0280/OAS1_0280_slice_15_z076.png,OAS1_0280,Non-Demented,0,0,Non-Demented,1,0.3941577437230778,0.24864841880233238,0.16719383747458985,0.19
OASIS_1,RandomForest,13,test,brightness_contrast__moderate,brightness_contrast,moderate,D:\OASIS_1\distortions_32\brightness_contrast\moderate\Non_Demented\OAS1_0280\OAS1_0280_slice_16_z078.png,Non_Demented/OAS1_0280/OAS1_0280_slice_16_z078.png,Non-Demented/OAS1_0280/OAS1_0280_slice_16_z078.png,OAS1_0280,Non-Demented,0,0,Non-Demented,1,0.43276964457399913,0.3449851369693824,0.22224521845661846,0.0
OASIS_1,RandomForest,13,test,brightness_contrast__moderate,brightness_contrast,moderate,D:\OASIS_1\distortions_32\brightness_contrast\moderate\Non_Demented\OAS1_0280\OAS1_0280_slice_17_z081.png,Non_Demented/OAS1_0280/OAS1_0280_slice_17_z081.png,Non-Demented/OAS1_0280/OAS1_0280_slice_17_z081.png,OAS1_0280,Non-Demented,0,0,Non-Demented,1,0.42641927805163393,0.25305355114044287,0.14386050414125653,0.17666666666666667
OASIS_1,RandomForest,13,test,brightness_contrast__moderate,brightness_contrast,moderate,D:\OASIS_1\distortions_32\brightness_contrast\moderate\Non_Demented\OAS1_0280\OAS1_0280_slice_18_z084.png,Non_Demented/OAS1_0280/OAS1_0280_slice_18_z084.png,Non-Demented/OAS1_0280/OAS1_0280_slice_18_z084.png,OAS1_0280,Non-Demented,0,1,Very Mild Dementia,0,0.3590366612482899,0.409593298564364,0.2313700401873461,0.0
OASIS_1,RandomForest,13,test,brightness_contrast__moderate,brightness_contrast,moderate,D:\OASIS_1\distortions_32\brightness_contrast\moderate\Non_Demented\OAS1_0280\OAS1_0280_slice_19_z086.png,Non_Demented/OAS1_0280/OAS1_0280_slice_19_z086.png,Non-Demented/OAS1_0280/OAS1_0280_slice_19_z086.png,OAS1_0280,Non-Demented,0,1,Very Mild Dementia,0,0.35301307103740415,0.4276219117462294,0.21936501721636673,0.0
OASIS_1,RandomForest,13,test,brightness_contrast__moderate,brightness_contrast,moderate,D:\OASIS_1\distortions_32\brightness_contrast\moderate\Non_Demented\OAS1_0280\OAS1_0280_slice_20_z089.png,Non_Demented/OAS1_0280/OAS1_0280_slice_20_z089.png,Non-Demented/OAS1_0280/OAS1_0280_slice_20_z089.png,OAS1_0280,Non-Demented,0,0,Non-Demented,1,0.4832725905671881,0.3576429600241892,0.1590844494086229,0.0
OASIS_1,RandomForest,13,test,brightness_contrast__moderate,brightness_contrast,moderate,D:\OASIS_1\distortions_32\brightness_contrast\moderate\Non_Demented\OAS1_0309\OAS1_0309_slice_01_z038.png,Non_Demented/OAS1_0309/OAS1_0309_slice_01_z038.png,Non-Demented/OAS1_0309/OAS1_0309_slice_01_z038.png,OAS1_0309,Non-Demented,0,0,Non-Demented,1,0.5054731839794567,0.47404633707335403,0.020480478947189403,0.0
OASIS_1,RandomForest,13,test,brightness_contrast__moderate,brightness_contrast,moderate,D:\OASIS_1\distortions_32\brightness_contrast\moderate\Non_Demented\OAS1_0309\OAS1_0309_slice_02_z041.png,Non_Demented/OAS1_0309/OAS1_0309_slice_02_z041.png,Non-Demented/OAS1_0309/OAS1_0309_slice_02_z041.png,OAS1_0309,Non-Demented,0,1,Very Mild Dementia,0,0.3737382270004441,0.5988968708189311,0.027364902180624994,0.0
OASIS_1,RandomForest,13,test,brightness_contrast__moderate,brightness_contrast,moderate,D:\OASIS_1\distortions_32\brightness_contrast\moderate\Non_Demented\OAS1_0309\OAS1_0309_slice_03_z043.png,Non_Demented/OAS1_0309/OAS1_0309_slice_03_z043.png,Non-Demented/OAS1_0309/OAS1_0309_slice_03_z043.png,OAS1_0309,Non-Demented,0,0,Non-Demented,1,0.8074790378129244,0.16093115314734296,0.03158980903973279,0.0
OASIS_1,RandomForest,13,test,brightness_contrast__moderate,brightness_contrast,moderate,D:\OASIS_1\distortions_32\brightness_contrast\moderate\Non_Demented\OAS1_0309\OAS1_0309_slice_04_z046.png,Non_Demented/OAS1_0309/OAS1_0309_slice_04_z046.png,Non-Demented/OAS1_0309/OAS1_0309_slice_04_z046.png,OAS1_0309,Non-Demented,0,1,Very Mild Dementia,0,0.4716471343872851,0.5069853052858726,0.021367560326842516,0.0
OASIS_1,RandomForest,13,test,brightness_contrast__moderate,brightness_contrast,moderate,D:\OASIS_1\distortions_32\brightness_contrast\moderate\Non_Demented\OAS1_0309\OAS1_0309_slice_05_z049.png,Non_Demented/OAS1_0309/OAS1_0309_slice_05_z049.png,Non-Demented/OAS1_0309/OAS1_0309_slice_05_z049.png,OAS1_0309,Non-Demented,0,0,Non-Demented,1,0.6949265393595799,0.29111309666451557,0.013960363975904638,0.0
OASIS_1,RandomForest,13,test,brightness_contrast__moderate,brightness_contrast,moderate,D:\OASIS_1\distortions_32\brightness_contrast\moderate\Non_Demented\OAS1_0309\OAS1_0309_slice_06_z051.png,Non_Demented/OAS1_0309/OAS1_0309_slice_06_z051.png,Non-Demented/OAS1_0309/OAS1_0309_slice_06_z051.png,OAS1_0309,Non-Demented,0,0,Non-Demented,1,0.7887063181253116,0.18623871206268414,0.025054969812004422,0.0
OASIS_1,RandomForest,13,test,brightness_contrast__moderate,brightness_contrast,moderate,D:\OASIS_1\distortions_32\brightness_contrast\moderate\Non_Demented\OAS1_0309\OAS1_0309_slice_07_z054.png,Non_Demented/OAS1_0309/OAS1_0309_slice_07_z054.png,Non-Demented/OAS1_0309/OAS1_0309_slice_07_z054.png,OAS1_0309,Non-Demented,0,1,Very Mild Dementia,0,0.45726193310410757,0.5122322256099667,0.030505841285925726,0.0
OASIS_1,RandomForest,13,test,brightness_contrast__moderate,brightness_contrast,moderate,D:\OASIS_1\distortions_32\brightness_contrast\moderate\Non_Demented\OAS1_0309\OAS1_0309_slice_08_z057.png,Non_Demented/OAS1_0309/OAS1_0309_slice_08_z057.png,Non-Demented/OAS1_0309/OAS1_0309_slice_08_z057.png,OAS1_0309,Non-Demented,0,1,Very Mild Dementia,0,0.43191193041217113,0.5258683036027771,0.04221976598505181,0.0
OASIS_1,RandomForest,13,test,brightness_contrast__moderate,brightness_contrast,moderate,D:\OASIS_1\distortions_32\brightness_contrast\moderate\Non_Demented\OAS1_0309\OAS1_0309_slice_09_z059.png,Non_Demented/OAS1_0309/OAS1_0309_slice_09_z059.png,Non-Demented/OAS1_0309/OAS1_0309_slice_09_z059.png,OAS1_0309,Non-Demented,0,0,Non-Demented,1,0.4474108296261473,0.21597737730592362,0.1332784597345957,0.20333333333333334
OASIS_1,RandomForest,13,test,brightness_contrast__moderate,brightness_contrast,moderate,D:\OASIS_1\distortions_32\brightness_contrast\moderate\Non_Demented\OAS1_0309\OAS1_0309_slice_10_z062.png,Non_Demented/OAS1_0309/OAS1_0309_slice_10_z062.png,Non-Demented/OAS1_0309/OAS1_0309_slice_10_z062.png,OAS1_0309,Non-Demented,0,0,Non-Demented,1,0.604840413698011,0.3782999062542014,0.016859680047787613,0.0
OASIS_1,RandomForest,13,test,brightness_contrast__moderate,brightness_contrast,moderate,D:\OASIS_1\distortions_32\brightness_contrast\moderate\Non_Demented\OAS1_0309\OAS1_0309_slice_11_z065.png,Non_Demented/OAS1_0309/OAS1_0309_slice_11_z065.png,Non-Demented/OAS1_0309/OAS1_0309_slice_11_z065.png,OAS1_0309,Non-Demented,0,0,Non-Demented,1,0.5338501989656586,0.44458365699282665,0.02156614404151483,0.0
OASIS_1,RandomForest,13,test,brightness_contrast__moderate,brightness_contrast,moderate,D:\OASIS_1\distortions_32\brightness_contrast\moderate\Non_Demented\OAS1_0309\OAS1_0309_slice_12_z068.png,Non_Demented/OAS1_0309/OAS1_0309_slice_12_z068.png,Non-Demented/OAS1_0309/OAS1_0309_slice_12_z068.png,OAS1_0309,Non-Demented,0,1,Very Mild Dementia,0,0.3963072270981503,0.555956951045209,0.04773582185664055,0.0
OASIS_1,RandomForest,13,test,brightness_contrast__moderate,brightness_contrast,moderate,D:\OASIS_1\distortions_32\brightness_contrast\moderate\Non_Demented\OAS1_0309\OAS1_0309_slice_13_z070.png,Non_Demented/OAS1_0309/OAS1_0309_slice_13_z070.png,Non-Demented/OAS1_0309/OAS1_0309_slice_13_z070.png,OAS1_0309,Non-Demented,0,0,Non-Demented,1,0.5542382302222838,0.4354375046197279,0.010324265157988385,0.0
OASIS_1,RandomForest,13,test,brightness_contrast__moderate,brightness_contrast,moderate,D:\OASIS_1\distortions_32\brightness_contrast\moderate\Non_Demented\OAS1_0309\OAS1_0309_slice_14_z073.png,Non_Demented/OAS1_0309/OAS1_0309_slice_14_z073.png,Non-Demented/OAS1_0309/OAS1_0309_slice_14_z073.png,OAS1_0309,Non-Demented,0,0,Non-Demented,1,0.4346631768574316,0.2018440822771643,0.15682607419873743,0.20666666666666667
OASIS_1,RandomForest,13,test,brightness_contrast__moderate,brightness_contrast,moderate,D:\OASIS_1\distortions_32\brightness_contrast\moderate\Non_Demented\OAS1_0309\OAS1_0309_slice_15_z076.png,Non_Demented/OAS1_0309/OAS1_0309_slice_15_z076.png,Non-Demented/OAS1_0309/OAS1_0309_slice_15_z076.png,OAS1_0309,Non-Demented,0,0,Non-Demented,1,0.7126848964261262,0.2625953974671788,0.02138637277336162,0.0033333333333333335
OASIS_1,RandomForest,13,test,brightness_contrast__moderate,brightness_contrast,moderate,D:\OASIS_1\distortions_32\brightness_contrast\moderate\Non_Demented\OAS1_0309\OAS1_0309_slice_16_z078.png,Non_Demented/OAS1_0309/OAS1_0309_slice_16_z078.png,Non-Demented/OAS1_0309/OAS1_0309_slice_16_z078.png,OAS1_0309,Non-Demented,0,0,Non-Demented,1,0.5576735711131606,0.43535733965513707,0.006969089231702164,0.0
OASIS_1,RandomForest,13,test,brightness_contrast__moderate,brightness_contrast,moderate,D:\OASIS_1\distortions_32\brightness_contrast\moderate\Non_Demented\OAS1_0309\OAS1_0309_slice_17_z081.png,Non_Demented/OAS1_0309/OAS1_0309_slice_17_z081.png,Non-Demented/OAS1_0309/OAS1_0309_slice_17_z081.png,OAS1_0309,Non-Demented,0,0,Non-Demented,1,0.4262189568556092,0.17966343800287018,0.16411760514152063,0.23
OASIS_1,RandomForest,13,test,brightness_contrast__moderate,brightness_contrast,moderate,D:\OASIS_1\distortions_32\brightness_contrast\moderate\Non_Demented\OAS1_0309\OAS1_0309_slice_18_z084.png,Non_Demented/OAS1_0309/OAS1_0309_slice_18_z084.png,Non-Demented/OAS1_0309/OAS1_0309_slice_18_z084.png,OAS1_0309,Non-Demented,0,1,Very Mild Dementia,0,0.453317146963594,0.5394917089505213,0.007191144085884393,0.0
OASIS_1,RandomForest,13,test,brightness_contrast__moderate,brightness_contrast,moderate,D:\OASIS_1\distortions_32\brightness_contrast\moderate\Non_Demented\OAS1_0309\OAS1_0309_slice_19_z086.png,Non_Demented/OAS1_0309/OAS1_0309_slice_19_z086.png,Non-Demented/OAS1_0309/OAS1_0309_slice_19_z086.png,OAS1_0309,Non-Demented,0,1,Very Mild Dementia,0,0.3870942750269017,0.5793300216514903,0.03024236998827475,0.0033333333333333335
OASIS_1,RandomForest,13,test,brightness_contrast__moderate,brightness_contrast,moderate,D:\OASIS_1\distortions_32\brightness_contrast\moderate\Non_Demented\OAS1_0309\OAS1_0309_slice_20_z089.png,Non_Demented/OAS1_0309/OAS1_0309_slice_20_z089.png,Non-Demented/OAS1_0309/OAS1_0309_slice_20_z089.png,OAS1_0309,Non-Demented,0,0,Non-Demented,1,0.41108441595962947,0.20892169626056503,0.1466605544464722,0.23333333333333334
OASIS_1,RandomForest,13,test,brightness_contrast__moderate,brightness_contrast,moderate,D:\OASIS_1\distortions_32\brightness_contrast\moderate\Non_Demented\OAS1_0323\OAS1_0323_slice_01_z038.png,Non_Demented/OAS1_0323/OAS1_0323_slice_01_z038.png,Non-Demented/OAS1_0323/OAS1_0323_slice_01_z038.png,OAS1_0323,Non-Demented,0,0,Non-Demented,1,0.5219977461338406,0.3580339144148752,0.11996833945128392,0.0
OASIS_1,RandomForest,13,test,brightness_contrast__moderate,brightness_contrast,moderate,D:\OASIS_1\distortions_32\brightness_contrast\moderate\Non_Demented\OAS1_0323\OAS1_0323_slice_02_z041.png,Non_Demented/OAS1_0323/OAS1_0323_slice_02_z041.png,Non-Demented/OAS1_0323/OAS1_0323_slice_02_z041.png,OAS1_0323,Non-Demented,0,0,Non-Demented,1,0.4922407562058639,0.3121575418244324,0.19560170196970372,0.0
OASIS_1,RandomForest,13,test,brightness_contrast__moderate,brightness_contrast,moderate,D:\OASIS_1\distortions_32\brightness_contrast\moderate\Non_Demented\OAS1_0323\OAS1_0323_slice_03_z043.png,Non_Demented/OAS1_0323/OAS1_0323_slice_03_z043.png,Non-Demented/OAS1_0323/OAS1_0323_slice_03_z043.png,OAS1_0323,Non-Demented,0,0,Non-Demented,1,0.6450037862784177,0.27405171713730475,0.08094449658427788,0.0
OASIS_1,RandomForest,13,test,brightness_contrast__moderate,brightness_contrast,moderate,D:\OASIS_1\distortions_32\brightness_contrast\moderate\Non_Demented\OAS1_0323\OAS1_0323_slice_04_z046.png,Non_Demented/OAS1_0323/OAS1_0323_slice_04_z046.png,Non-Demented/OAS1_0323/OAS1_0323_slice_04_z046.png,OAS1_0323,Non-Demented,0,0,Non-Demented,1,0.5137585873541549,0.3202664154851466,0.1659749971606984,0.0
OASIS_1,RandomForest,13,test,brightness_contrast__moderate,brightness_contrast,moderate,D:\OASIS_1\distortions_32\brightness_contrast\moderate\Non_Demented\OAS1_0323\OAS1_0323_slice_05_z049.png,Non_Demented/OAS1_0323/OAS1_0323_slice_05_z049.png,Non-Demented/OAS1_0323/OAS1_0323_slice_05_z049.png,OAS1_0323,Non-Demented,0,0,Non-Demented,1,0.4941454419043008,0.3483482742867381,0.15750628380896067,0.0
OASIS_1,RandomForest,13,test,brightness_contrast__moderate,brightness_contrast,moderate,D:\OASIS_1\distortions_32\brightness_contrast\moderate\Non_Demented\OAS1_0323\OAS1_0323_slice_06_z051.png,Non_Demented/OAS1_0323/OAS1_0323_slice_06_z051.png,Non-Demented/OAS1_0323/OAS1_0323_slice_06_z051.png,OAS1_0323,Non-Demented,0,0,Non-Demented,1,0.46,0.19,0.16666666666666666,0.18333333333333332
OASIS_1,RandomForest,13,test,brightness_contrast__moderate,brightness_contrast,moderate,D:\OASIS_1\distortions_32\brightness_contrast\moderate\Non_Demented\OAS1_0323\OAS1_0323_slice_07_z054.png,Non_Demented/OAS1_0323/OAS1_0323_slice_07_z054.png,Non-Demented/OAS1_0323/OAS1_0323_slice_07_z054.png,OAS1_0323,Non-Demented,0,0,Non-Demented,1,0.5031795311295298,0.33019217727494343,0.1666282915955266,0.0
OASIS_1,RandomForest,13,test,brightness_contrast__moderate,brightness_contrast,moderate,D:\OASIS_1\distortions_32\brightness_contrast\moderate\Non_Demented\OAS1_0323\OAS1_0323_slice_08_z057.png,Non_Demented/OAS1_0323/OAS1_0323_slice_08_z057.png,Non-Demented/OAS1_0323/OAS1_0323_slice_08_z057.png,OAS1_0323,Non-Demented,0,0,Non-Demented,1,0.40650457298411113,0.19016209368255554,0.18,0.22333333333333333
OASIS_1,RandomForest,13,test,brightness_contrast__moderate,brightness_contrast,moderate,D:\OASIS_1\distortions_32\brightness_contrast\moderate\Non_Demented\OAS1_0323\OAS1_0323_slice_09_z059.png,Non_Demented/OAS1_0323/OAS1_0323_slice_09_z059.png,Non-Demented/OAS1_0323/OAS1_0323_slice_09_z059.png,OAS1_0323,Non-Demented,0,0,Non-Demented,1,0.47992849236535307,0.3145982139717018,0.2054732936629448,0.0
OASIS_1,RandomForest,13,test,brightness_contrast__moderate,brightness_contrast,moderate,D:\OASIS_1\distortions_32\brightness_contrast\moderate\Non_Demented\OAS1_0323\OAS1_0323_slice_10_z062.png,Non_Demented/OAS1_0323/OAS1_0323_slice_10_z062.png,Non-Demented/OAS1_0323/OAS1_0323_slice_10_z062.png,OAS1_0323,Non-Demented,0,0,Non-Demented,1,0.5621166371262092,0.2894921304928272,0.14505789904763017,0.0033333333333333335
OASIS_1,RandomForest,13,test,brightness_contrast__moderate,brightness_contrast,moderate,D:\OASIS_1\distortions_32\brightness_contrast\moderate\Non_Demented\OAS1_0323\OAS1_0323_slice_11_z065.png,Non_Demented/OAS1_0323/OAS1_0323_slice_11_z065.png,Non-Demented/OAS1_0323/OAS1_0323_slice_11_z065.png,OAS1_0323,Non-Demented,0,0,Non-Demented,1,0.44016669626646915,0.324004755339784,0.2358285483937467,0.0
OASIS_1,RandomForest,13,test,brightness_contrast__moderate,brightness_contrast,moderate,D:\OASIS_1\distortions_32\brightness_contrast\moderate\Non_Demented\OAS1_0323\OAS1_0323_slice_12_z068.png,Non_Demented/OAS1_0323/OAS1_0323_slice_12_z068.png,Non-Demented/OAS1_0323/OAS1_0323_slice_12_z068.png,OAS1_0323,Non-Demented,0,0,Non-Demented,1,0.4331712396507778,0.1834954270158889,0.15666666666666668,0.22666666666666666
OASIS_1,RandomForest,13,test,brightness_contrast__moderate,brightness_contrast,moderate,D:\OASIS_1\distortions_32\brightness_contrast\moderate\Non_Demented\OAS1_0323\OAS1_0323_slice_13_z070.png,Non_Demented/OAS1_0323/OAS1_0323_slice_13_z070.png,Non-Demented/OAS1_0323/OAS1_0323_slice_13_z070.png,OAS1_0323,Non-Demented,0,0,Non-Demented,1,0.42983790631744445,0.20349542701588888,0.16,0.20666666666666667
OASIS_1,RandomForest,13,test,brightness_contrast__moderate,brightness_contrast,moderate,D:\OASIS_1\distortions_32\brightness_contrast\moderate\Non_Demented\OAS1_0323\OAS1_0323_slice_14_z073.png,Non_Demented/OAS1_0323/OAS1_0323_slice_14_z073.png,Non-Demented/OAS1_0323/OAS1_0323_slice_14_z073.png,OAS1_0323,Non-Demented,0,0,Non-Demented,1,0.4644451745499094,0.38161786629880606,0.15393695915128408,0.0
OASIS_1,RandomForest,13,test,brightness_contrast__moderate,brightness_contrast,moderate,D:\OASIS_1\distortions_32\brightness_contrast\moderate\Non_Demented\OAS1_0323\OAS1_0323_slice_15_z076.png,Non_Demented/OAS1_0323/OAS1_0323_slice_15_z076.png,Non-Demented/OAS1_0323/OAS1_0323_slice_15_z076.png,OAS1_0323,Non-Demented,0,0,Non-Demented,1,0.4669272228995071,0.3771594505103559,0.15591332659013662,0.0
OASIS_1,RandomForest,13,test,brightness_contrast__moderate,brightness_contrast,moderate,D:\OASIS_1\distortions_32\brightness_contrast\moderate\Non_Demented\OAS1_0323\OAS1_0323_slice_16_z078.png,Non_Demented/OAS1_0323/OAS1_0323_slice_16_z078.png,Non-Demented/OAS1_0323/OAS1_0323_slice_16_z078.png,OAS1_0323,Non-Demented,0,0,Non-Demented,1,0.4983509849691087,0.35829091137961444,0.1433581036512769,0.0
OASIS_1,RandomForest,13,test,brightness_contrast__moderate,brightness_contrast,moderate,D:\OASIS_1\distortions_32\brightness_contrast\moderate\Non_Demented\OAS1_0323\OAS1_0323_slice_17_z081.png,Non_Demented/OAS1_0323/OAS1_0323_slice_17_z081.png,Non-Demented/OAS1_0323/OAS1_0323_slice_17_z081.png,OAS1_0323,Non-Demented,0,0,Non-Demented,1,0.5232312244051838,0.3451750247597944,0.13159375083502176,0.0
OASIS_1,RandomForest,13,test,brightness_contrast__moderate,brightness_contrast,moderate,D:\OASIS_1\distortions_32\brightness_contrast\moderate\Non_Demented\OAS1_0323\OAS1_0323_slice_18_z084.png,Non_Demented/OAS1_0323/OAS1_0323_slice_18_z084.png,Non-Demented/OAS1_0323/OAS1_0323_slice_18_z084.png,OAS1_0323,Non-Demented,0,0,Non-Demented,1,0.48195090133556145,0.35637033188091377,0.1616787667835246,0.0
OASIS_1,RandomForest,13,test,brightness_contrast__moderate,brightness_contrast,moderate,D:\OASIS_1\distortions_32\brightness_contrast\moderate\Non_Demented\OAS1_0323\OAS1_0323_slice_19_z086.png,Non_Demented/OAS1_0323/OAS1_0323_slice_19_z086.png,Non-Demented/OAS1_0323/OAS1_0323_slice_19_z086.png,OAS1_0323,Non-Demented,0,0,Non-Demented,1,0.4597622729248768,0.18971055626719996,0.18386050414125654,0.16666666666666666
OASIS_1,RandomForest,13,test,brightness_contrast__moderate,brightness_contrast,moderate,D:\OASIS_1\distortions_32\brightness_contrast\moderate\Non_Demented\OAS1_0323\OAS1_0323_slice_20_z089.png,Non_Demented/OAS1_0323/OAS1_0323_slice_20_z089.png,Non-Demented/OAS1_0323/OAS1_0323_slice_20_z089.png,OAS1_0323,Non-Demented,0,0,Non-Demented,1,0.49469727608194236,0.39379156827326367,0.11151115564479383,0.0
OASIS_1,RandomForest,13,test,brightness_contrast__moderate,brightness_contrast,moderate,D:\OASIS_1\distortions_32\brightness_contrast\moderate\Non_Demented\OAS1_0343\OAS1_0343_slice_01_z038.png,Non_Demented/OAS1_0343/OAS1_0343_slice_01_z038.png,Non-Demented/OAS1_0343/OAS1_0343_slice_01_z038.png,OAS1_0343,Non-Demented,0,0,Non-Demented,1,0.6024366882170504,0.36872035661471436,0.028842955168234687,0.0
OASIS_1,RandomForest,13,test,brightness_contrast__moderate,brightness_contrast,moderate,D:\OASIS_1\distortions_32\brightness_contrast\moderate\Non_Demented\OAS1_0343\OAS1_0343_slice_02_z041.png,Non_Demented/OAS1_0343/OAS1_0343_slice_02_z041.png,Non-Demented/OAS1_0343/OAS1_0343_slice_02_z041.png,OAS1_0343,Non-Demented,0,1,Very Mild Dementia,0,0.38326314651268467,0.5739274805131859,0.04280937297412936,0.0
OASIS_1,RandomForest,13,test,brightness_contrast__moderate,brightness_contrast,moderate,D:\OASIS_1\distortions_32\brightness_contrast\moderate\Non_Demented\OAS1_0343\OAS1_0343_slice_03_z043.png,Non_Demented/OAS1_0343/OAS1_0343_slice_03_z043.png,Non-Demented/OAS1_0343/OAS1_0343_slice_03_z043.png,OAS1_0343,Non-Demented,0,0,Non-Demented,1,0.41895432675351774,0.19026140143829498,0.16411760514152063,0.22666666666666666
OASIS_1,RandomForest,13,test,brightness_contrast__moderate,brightness_contrast,moderate,D:\OASIS_1\distortions_32\brightness_contrast\moderate\Non_Demented\OAS1_0343\OAS1_0343_slice_04_z046.png,Non_Demented/OAS1_0343/OAS1_0343_slice_04_z046.png,Non-Demented/OAS1_0343/OAS1_0343_slice_04_z046.png,OAS1_0343,Non-Demented,0,0,Non-Demented,1,0.41552230606398544,0.20702675546116067,0.1741176051415206,0.20333333333333334
OASIS_1,RandomForest,13,test,brightness_contrast__moderate,brightness_contrast,moderate,D:\OASIS_1\distortions_32\brightness_contrast\moderate\Non_Demented\OAS1_0343\OAS1_0343_slice_05_z049.png,Non_Demented/OAS1_0343/OAS1_0343_slice_05_z049.png,Non-Demented/OAS1_0343/OAS1_0343_slice_05_z049.png,OAS1_0343,Non-Demented,0,0,Non-Demented,1,0.42798137028221106,0.20070718710167856,0.16131144261611047,0.21
OASIS_1,RandomForest,13,test,brightness_contrast__moderate,brightness_contrast,moderate,D:\OASIS_1\distortions_32\brightness_contrast\moderate\Non_Demented\OAS1_0343\OAS1_0343_slice_06_z051.png,Non_Demented/OAS1_0343/OAS1_0343_slice_06_z051.png,Non-Demented/OAS1_0343/OAS1_0343_slice_06_z051.png,OAS1_0343,Non-Demented,0,0,Non-Demented,1,0.6263660783105001,0.3379499320166174,0.035683989672883006,0.0
OASIS_1,RandomForest,13,test,brightness_contrast__moderate,brightness_contrast,moderate,D:\OASIS_1\distortions_32\brightness_contrast\moderate\Non_Demented\OAS1_0343\OAS1_0343_slice_07_z054.png,Non_Demented/OAS1_0343/OAS1_0343_slice_07_z054.png,Non-Demented/OAS1_0343/OAS1_0343_slice_07_z054.png,OAS1_0343,Non-Demented,0,0,Non-Demented,1,0.6108113287347291,0.34213010828270113,0.04705856298256995,0.0
OASIS_1,RandomForest,13,test,brightness_contrast__moderate,brightness_contrast,moderate,D:\OASIS_1\distortions_32\brightness_contrast\moderate\Non_Demented\OAS1_0343\OAS1_0343_slice_08_z057.png,Non_Demented/OAS1_0343/OAS1_0343_slice_08_z057.png,Non-Demented/OAS1_0343/OAS1_0343_slice_08_z057.png,OAS1_0343,Non-Demented,0,0,Non-Demented,1,0.5509978688140481,0.43210665565232337,0.016895475533628797,0.0
OASIS_1,RandomForest,13,test,brightness_contrast__moderate,brightness_contrast,moderate,D:\OASIS_1\distortions_32\brightness_contrast\moderate\Non_Demented\OAS1_0343\OAS1_0343_slice_09_z059.png,Non_Demented/OAS1_0343/OAS1_0343_slice_09_z059.png,Non-Demented/OAS1_0343/OAS1_0343_slice_09_z059.png,OAS1_0343,Non-Demented,0,0,Non-Demented,1,0.5483291239913579,0.42487073202311443,0.026800143985527783,0.0
OASIS_1,RandomForest,13,test,brightness_contrast__moderate,brightness_contrast,moderate,D:\OASIS_1\distortions_32\brightness_contrast\moderate\Non_Demented\OAS1_0343\OAS1_0343_slice_10_z062.png,Non_Demented/OAS1_0343/OAS1_0343_slice_10_z062.png,Non-Demented/OAS1_0343/OAS1_0343_slice_10_z062.png,OAS1_0343,Non-Demented,0,0,Non-Demented,1,0.5171005432784025,0.4464349350837265,0.036464521637871145,0.0
OASIS_1,RandomForest,13,test,brightness_contrast__moderate,brightness_contrast,moderate,D:\OASIS_1\distortions_32\brightness_contrast\moderate\Non_Demented\OAS1_0343\OAS1_0343_slice_11_z065.png,Non_Demented/OAS1_0343/OAS1_0343_slice_11_z065.png,Non-Demented/OAS1_0343/OAS1_0343_slice_11_z065.png,OAS1_0343,Non-Demented,0,0,Non-Demented,1,0.5294418797198446,0.44121297565071993,0.02934514462943559,0.0
OASIS_1,RandomForest,13,test,brightness_contrast__moderate,brightness_contrast,moderate,D:\OASIS_1\distortions_32\brightness_contrast\moderate\Non_Demented\OAS1_0343\OAS1_0343_slice_12_z068.png,Non_Demented/OAS1_0343/OAS1_0343_slice_12_z068.png,Non-Demented/OAS1_0343/OAS1_0343_slice_12_z068.png,OAS1_0343,Non-Demented,0,0,Non-Demented,1,0.5385939092586037,0.440268680310213,0.021137410431183255,0.0
OASIS_1,RandomForest,13,test,brightness_contrast__moderate,brightness_contrast,moderate,D:\OASIS_1\distortions_32\brightness_contrast\moderate\Non_Demented\OAS1_0343\OAS1_0343_slice_13_z070.png,Non_Demented/OAS1_0343/OAS1_0343_slice_13_z070.png,Non-Demented/OAS1_0343/OAS1_0343_slice_13_z070.png,OAS1_0343,Non-Demented,0,0,Non-Demented,1,0.40640478986601836,0.22728883450058077,0.18297304230006753,0.18333333333333332
OASIS_1,RandomForest,13,test,brightness_contrast__moderate,brightness_contrast,moderate,D:\OASIS_1\distortions_32\brightness_contrast\moderate\Non_Demented\OAS1_0343\OAS1_0343_slice_14_z073.png,Non_Demented/OAS1_0343/OAS1_0343_slice_14_z073.png,Non-Demented/OAS1_0343/OAS1_0343_slice_14_z073.png,OAS1_0343,Non-Demented,0,0,Non-Demented,1,0.4138572163739906,0.1998284669011947,0.19298098339148137,0.19333333333333333
OASIS_1,RandomForest,13,test,brightness_contrast__moderate,brightness_contrast,moderate,D:\OASIS_1\distortions_32\brightness_contrast\moderate\Non_Demented\OAS1_0343\OAS1_0343_slice_15_z076.png,Non_Demented/OAS1_0343/OAS1_0343_slice_15_z076.png,Non-Demented/OAS1_0343/OAS1_0343_slice_15_z076.png,OAS1_0343,Non-Demented,0,0,Non-Demented,1,0.4228293346867224,0.19700759332213477,0.18016307199114287,0.2
OASIS_1,RandomForest,13,test,brightness_contrast__moderate,brightness_contrast,moderate,D:\OASIS_1\distortions_32\brightness_contrast\moderate\Non_Demented\OAS1_0343\OAS1_0343_slice_16_z078.png,Non_Demented/OAS1_0343/OAS1_0343_slice_16_z078.png,Non-Demented/OAS1_0343/OAS1_0343_slice_16_z078.png,OAS1_0343,Non-Demented,0,1,Very Mild Dementia,0,0.3220080319417635,0.6222942004593712,0.05569776759886532,0.0
OASIS_1,RandomForest,13,test,brightness_contrast__moderate,brightness_contrast,moderate,D:\OASIS_1\distortions_32\brightness_contrast\moderate\Non_Demented\OAS1_0343\OAS1_0343_slice_17_z081.png,Non_Demented/OAS1_0343/OAS1_0343_slice_17_z081.png,Non-Demented/OAS1_0343/OAS1_0343_slice_17_z081.png,OAS1_0343,Non-Demented,0,0,Non-Demented,1,0.44202904639729296,0.18802582720144456,0.14994512640126237,0.22
OASIS_1,RandomForest,13,test,brightness_contrast__moderate,brightness_contrast,moderate,D:\OASIS_1\distortions_32\brightness_contrast\moderate\Non_Demented\OAS1_0343\OAS1_0343_slice_18_z084.png,Non_Demented/OAS1_0343/OAS1_0343_slice_18_z084.png,Non-Demented/OAS1_0343/OAS1_0343_slice_18_z084.png,OAS1_0343,Non-Demented,0,0,Non-Demented,1,0.4405501567308596,0.18617138353454465,0.14994512640126237,0.22333333333333333
OASIS_1,RandomForest,13,test,brightness_contrast__moderate,brightness_contrast,moderate,D:\OASIS_1\distortions_32\brightness_contrast\moderate\Non_Demented\OAS1_0343\OAS1_0343_slice_19_z086.png,Non_Demented/OAS1_0343/OAS1_0343_slice_19_z086.png,Non-Demented/OAS1_0343/OAS1_0343_slice_19_z086.png,OAS1_0343,Non-Demented,0,0,Non-Demented,1,0.525117457912707,0.4476837683176044,0.027198773769688257,0.0
OASIS_1,RandomForest,13,test,brightness_contrast__moderate,brightness_contrast,moderate,D:\OASIS_1\distortions_32\brightness_contrast\moderate\Non_Demented\OAS1_0343\OAS1_0343_slice_20_z089.png,Non_Demented/OAS1_0343/OAS1_0343_slice_20_z089.png,Non-Demented/OAS1_0343/OAS1_0343_slice_20_z089.png,OAS1_0343,Non-Demented,0,0,Non-Demented,1,0.8157529707324105,0.1611745143755539,0.023072514892035847,0.0
OASIS_1,RandomForest,13,test,brightness_contrast__moderate,brightness_contrast,moderate,D:\OASIS_1\distortions_32\brightness_contrast\moderate\Non_Demented\OAS1_0367\OAS1_0367_slice_01_z038.png,Non_Demented/OAS1_0367/OAS1_0367_slice_01_z038.png,Non-Demented/OAS1_0367/OAS1_0367_slice_01_z038.png,OAS1_0367,Non-Demented,0,0,Non-Demented,1,0.45023378129772934,0.20263981923112614,0.15712639947114448,0.19
OASIS_1,RandomForest,13,test,brightness_contrast__moderate,brightness_contrast,moderate,D:\OASIS_1\distortions_32\brightness_contrast\moderate\Non_Demented\OAS1_0367\OAS1_0367_slice_02_z041.png,Non_Demented/OAS1_0367/OAS1_0367_slice_02_z041.png,Non-Demented/OAS1_0367/OAS1_0367_slice_02_z041.png,OAS1_0367,Non-Demented,0,0,Non-Demented,1,0.6735428391829351,0.2987074182340069,0.02774974258305829,0.0
OASIS_1,RandomForest,13,test,brightness_contrast__moderate,brightness_contrast,moderate,D:\OASIS_1\distortions_32\brightness_contrast\moderate\Non_Demented\OAS1_0367\OAS1_0367_slice_03_z043.png,Non_Demented/OAS1_0367/OAS1_0367_slice_03_z043.png,Non-Demented/OAS1_0367/OAS1_0367_slice_03_z043.png,OAS1_0367,Non-Demented,0,0,Non-Demented,1,0.6797380213692135,0.2917216897277554,0.028540288903031178,0.0
OASIS_1,RandomForest,13,test,brightness_contrast__moderate,brightness_contrast,moderate,D:\OASIS_1\distortions_32\brightness_contrast\moderate\Non_Demented\OAS1_0367\OAS1_0367_slice_04_z046.png,Non_Demented/OAS1_0367/OAS1_0367_slice_04_z046.png,Non-Demented/OAS1_0367/OAS1_0367_slice_04_z046.png,OAS1_0367,Non-Demented,0,0,Non-Demented,1,0.4291599711071982,0.21043516968706155,0.17707152587240685,0.18333333333333332
OASIS_1,RandomForest,13,test,brightness_contrast__moderate,brightness_contrast,moderate,D:\OASIS_1\distortions_32\brightness_contrast\moderate\Non_Demented\OAS1_0367\OAS1_0367_slice_05_z049.png,Non_Demented/OAS1_0367/OAS1_0367_slice_05_z049.png,Non-Demented/OAS1_0367/OAS1_0367_slice_05_z049.png,OAS1_0367,Non-Demented,0,1,Very Mild Dementia,0,0.3323175727451748,0.6271537559843069,0.04052867127051833,0.0
OASIS_1,RandomForest,13,test,brightness_contrast__moderate,brightness_contrast,moderate,D:\OASIS_1\distortions_32\brightness_contrast\moderate\Non_Demented\OAS1_0367\OAS1_0367_slice_06_z051.png,Non_Demented/OAS1_0367/OAS1_0367_slice_06_z051.png,Non-Demented/OAS1_0367/OAS1_0367_slice_06_z051.png,OAS1_0367,Non-Demented,0,1,Very Mild Dementia,0,0.2846025791601204,0.6346088338964853,0.08078858694339407,0.0
OASIS_1,RandomForest,13,test,brightness_contrast__moderate,brightness_contrast,moderate,D:\OASIS_1\distortions_32\brightness_contrast\moderate\Non_Demented\OAS1_0367\OAS1_0367_slice_07_z054.png,Non_Demented/OAS1_0367/OAS1_0367_slice_07_z054.png,Non-Demented/OAS1_0367/OAS1_0367_slice_07_z054.png,OAS1_0367,Non-Demented,0,0,Non-Demented,1,0.6528007713817863,0.31736113961366724,0.02983808900454636,0.0
OASIS_1,RandomForest,13,test,brightness_contrast__moderate,brightness_contrast,moderate,D:\OASIS_1\distortions_32\brightness_contrast\moderate\Non_Demented\OAS1_0367\OAS1_0367_slice_08_z057.png,Non_Demented/OAS1_0367/OAS1_0367_slice_08_z057.png,Non-Demented/OAS1_0367/OAS1_0367_slice_08_z057.png,OAS1_0367,Non-Demented,0,0,Non-Demented,1,0.6174092004808228,0.3521611433413571,0.030429656177819737,0.0
OASIS_1,RandomForest,13,test,brightness_contrast__moderate,brightness_contrast,moderate,D:\OASIS_1\distortions_32\brightness_contrast\moderate\Non_Demented\OAS1_0367\OAS1_0367_slice_09_z059.png,Non_Demented/OAS1_0367/OAS1_0367_slice_09_z059.png,Non-Demented/OAS1_0367/OAS1_0367_slice_09_z059.png,OAS1_0367,Non-Demented,0,1,Very Mild Dementia,0,0.24792051594028636,0.6529286314960691,0.09915085256364463,0.0
OASIS_1,RandomForest,13,test,brightness_contrast__moderate,brightness_contrast,moderate,D:\OASIS_1\distortions_32\brightness_contrast\moderate\Non_Demented\OAS1_0367\OAS1_0367_slice_10_z062.png,Non_Demented/OAS1_0367/OAS1_0367_slice_10_z062.png,Non-Demented/OAS1_0367/OAS1_0367_slice_10_z062.png,OAS1_0367,Non-Demented,0,0,Non-Demented,1,0.4165631144419686,0.22784066048182916,0.1422628917428689,0.21333333333333335
OASIS_1,RandomForest,13,test,brightness_contrast__moderate,brightness_contrast,moderate,D:\OASIS_1\distortions_32\brightness_contrast\moderate\Non_Demented\OAS1_0367\OAS1_0367_slice_11_z065.png,Non_Demented/OAS1_0367/OAS1_0367_slice_11_z065.png,Non-Demented/OAS1_0367/OAS1_0367_slice_11_z065.png,OAS1_0367,Non-Demented,0,0,Non-Demented,1,0.4246929906742043,0.24759549573432688,0.13437818025813542,0.19333333333333333
OASIS_1,RandomForest,13,test,brightness_contrast__moderate,brightness_contrast,moderate,D:\OASIS_1\distortions_32\brightness_contrast\moderate\Non_Demented\OAS1_0367\OAS1_0367_slice_12_z068.png,Non_Demented/OAS1_0367/OAS1_0367_slice_12_z068.png,Non-Demented/OAS1_0367/OAS1_0367_slice_12_z068.png,OAS1_0367,Non-Demented,0,0,Non-Demented,1,0.5806867070576517,0.3757429776358262,0.043570315306521536,0.0
OASIS_1,RandomForest,13,test,brightness_contrast__moderate,brightness_contrast,moderate,D:\OASIS_1\distortions_32\brightness_contrast\moderate\Non_Demented\OAS1_0367\OAS1_0367_slice_13_z070.png,Non_Demented/OAS1_0367/OAS1_0367_slice_13_z070.png,Non-Demented/OAS1_0367/OAS1_0367_slice_13_z070.png,OAS1_0367,Non-Demented,0,1,Very Mild Dementia,0,0.2757195280830437,0.6694519385846771,0.05482853333227916,0.0
OASIS_1,RandomForest,13,test,brightness_contrast__moderate,brightness_contrast,moderate,D:\OASIS_1\distortions_32\brightness_contrast\moderate\Non_Demented\OAS1_0367\OAS1_0367_slice_14_z073.png,Non_Demented/OAS1_0367/OAS1_0367_slice_14_z073.png,Non-Demented/OAS1_0367/OAS1_0367_slice_14_z073.png,OAS1_0367,Non-Demented,0,1,Very Mild Dementia,0,0.2898259460368964,0.6572362683526306,0.05293778561047308,0.0
OASIS_1,RandomForest,13,test,brightness_contrast__moderate,brightness_contrast,moderate,D:\OASIS_1\distortions_32\brightness_contrast\moderate\Non_Demented\OAS1_0367\OAS1_0367_slice_15_z076.png,Non_Demented/OAS1_0367/OAS1_0367_slice_15_z076.png,Non-Demented/OAS1_0367/OAS1_0367_slice_15_z076.png,OAS1_0367,Non-Demented,0,1,Very Mild Dementia,0,0.30660682404366196,0.6224349439450039,0.07095823201133432,0.0
OASIS_1,RandomForest,13,test,brightness_contrast__moderate,brightness_contrast,moderate,D:\OASIS_1\distortions_32\brightness_contrast\moderate\Non_Demented\OAS1_0367\OAS1_0367_slice_16_z078.png,Non_Demented/OAS1_0367/OAS1_0367_slice_16_z078.png,Non-Demented/OAS1_0367/OAS1_0367_slice_16_z078.png,OAS1_0367,Non-Demented,0,0,Non-Demented,1,0.6537393082543524,0.31873185345184674,0.027528838293800525,0.0
OASIS_1,RandomForest,13,test,brightness_contrast__moderate,brightness_contrast,moderate,D:\OASIS_1\distortions_32\brightness_contrast\moderate\Non_Demented\OAS1_0367\OAS1_0367_slice_17_z081.png,Non_Demented/OAS1_0367/OAS1_0367_slice_17_z081.png,Non-Demented/OAS1_0367/OAS1_0367_slice_17_z081.png,OAS1_0367,Non-Demented,0,1,Very Mild Dementia,0,0.2842265799076525,0.6722927543385052,0.04348066575384216,0.0
OASIS_1,RandomForest,13,test,brightness_contrast__moderate,brightness_contrast,moderate,D:\OASIS_1\distortions_32\brightness_contrast\moderate\Non_Demented\OAS1_0367\OAS1_0367_slice_18_z084.png,Non_Demented/OAS1_0367/OAS1_0367_slice_18_z084.png,Non-Demented/OAS1_0367/OAS1_0367_slice_18_z084.png,OAS1_0367,Non-Demented,0,0,Non-Demented,1,0.6604770527792778,0.31580061699304146,0.023722330227680746,0.0
OASIS_1,RandomForest,13,test,brightness_contrast__moderate,brightness_contrast,moderate,D:\OASIS_1\distortions_32\brightness_contrast\moderate\Non_Demented\OAS1_0367\OAS1_0367_slice_19_z086.png,Non_Demented/OAS1_0367/OAS1_0367_slice_19_z086.png,Non-Demented/OAS1_0367/OAS1_0367_slice_19_z086.png,OAS1_0367,Non-Demented,0,1,Very Mild Dementia,0,0.3184256637232828,0.6264606483988567,0.055113687877860223,0.0
OASIS_1,RandomForest,13,test,brightness_contrast__moderate,brightness_contrast,moderate,D:\OASIS_1\distortions_32\brightness_contrast\moderate\Non_Demented\OAS1_0367\OAS1_0367_slice_20_z089.png,Non_Demented/OAS1_0367/OAS1_0367_slice_20_z089.png,Non-Demented/OAS1_0367/OAS1_0367_slice_20_z089.png,OAS1_0367,Non-Demented,0,1,Very Mild Dementia,0,0.366062906409291,0.5730906752895729,0.060846418301136206,0.0
OASIS_1,RandomForest,13,test,brightness_contrast__moderate,brightness_contrast,moderate,D:\OASIS_1\distortions_32\brightness_contrast\moderate\Non_Demented\OAS1_0371\OAS1_0371_slice_01_z038.png,Non_Demented/OAS1_0371/OAS1_0371_slice_01_z038.png,Non-Demented/OAS1_0371/OAS1_0371_slice_01_z038.png,OAS1_0371,Non-Demented,0,1,Very Mild Dementia,0,0.3666522906448133,0.5829163017831694,0.05043140757201748,0.0
OASIS_1,RandomForest,13,test,brightness_contrast__moderate,brightness_contrast,moderate,D:\OASIS_1\distortions_32\brightness_contrast\moderate\Non_Demented\OAS1_0371\OAS1_0371_slice_02_z041.png,Non_Demented/OAS1_0371/OAS1_0371_slice_02_z041.png,Non-Demented/OAS1_0371/OAS1_0371_slice_02_z041.png,OAS1_0371,Non-Demented,0,0,Non-Demented,1,0.7553216129095494,0.20154031771169012,0.04313806937876039,0.0
OASIS_1,RandomForest,13,test,brightness_contrast__moderate,brightness_contrast,moderate,D:\OASIS_1\distortions_32\brightness_contrast\moderate\Non_Demented\OAS1_0371\OAS1_0371_slice_03_z043.png,Non_Demented/OAS1_0371/OAS1_0371_slice_03_z043.png,Non-Demented/OAS1_0371/OAS1_0371_slice_03_z043.png,OAS1_0371,Non-Demented,0,0,Non-Demented,1,0.6619570698683607,0.3086245562380756,0.02941837389356368,0.0
OASIS_1,RandomForest,13,test,brightness_contrast__moderate,brightness_contrast,moderate,D:\OASIS_1\distortions_32\brightness_contrast\moderate\Non_Demented\OAS1_0371\OAS1_0371_slice_04_z046.png,Non_Demented/OAS1_0371/OAS1_0371_slice_04_z046.png,Non-Demented/OAS1_0371/OAS1_0371_slice_04_z046.png,OAS1_0371,Non-Demented,0,0,Non-Demented,1,0.43542052325971164,0.20138020388406638,0.15653260618955528,0.20666666666666667
OASIS_1,RandomForest,13,test,brightness_contrast__moderate,brightness_contrast,moderate,D:\OASIS_1\distortions_32\brightness_contrast\moderate\Non_Demented\OAS1_0371\OAS1_0371_slice_05_z049.png,Non_Demented/OAS1_0371/OAS1_0371_slice_05_z049.png,Non-Demented/OAS1_0371/OAS1_0371_slice_05_z049.png,OAS1_0371,Non-Demented,0,0,Non-Demented,1,0.6631110361957798,0.2894285639030748,0.04746039990114552,0.0
OASIS_1,RandomForest,13,test,brightness_contrast__moderate,brightness_contrast,moderate,D:\OASIS_1\distortions_32\brightness_contrast\moderate\Non_Demented\OAS1_0371\OAS1_0371_slice_06_z051.png,Non_Demented/OAS1_0371/OAS1_0371_slice_06_z051.png,Non-Demented/OAS1_0371/OAS1_0371_slice_06_z051.png,OAS1_0371,Non-Demented,0,0,Non-Demented,1,0.6003455507812215,0.36125461638890594,0.03839983282987255,0.0
OASIS_1,RandomForest,13,test,brightness_contrast__moderate,brightness_contrast,moderate,D:\OASIS_1\distortions_32\brightness_contrast\moderate\Non_Demented\OAS1_0371\OAS1_0371_slice_07_z054.png,Non_Demented/OAS1_0371/OAS1_0371_slice_07_z054.png,Non-Demented/OAS1_0371/OAS1_0371_slice_07_z054.png,OAS1_0371,Non-Demented,0,0,Non-Demented,1,0.4377284021616084,0.20853340529931808,0.16707152587240684,0.18666666666666668
OASIS_1,RandomForest,13,test,brightness_contrast__moderate,brightness_contrast,moderate,D:\OASIS_1\distortions_32\brightness_contrast\moderate\Non_Demented\OAS1_0371\OAS1_0371_slice_08_z057.png,Non_Demented/OAS1_0371/OAS1_0371_slice_08_z057.png,Non-Demented/OAS1_0371/OAS1_0371_slice_08_z057.png,OAS1_0371,Non-Demented,0,0,Non-Demented,1,0.5539107179448396,0.4178339287127682,0.028255353342392032,0.0
OASIS_1,RandomForest,13,test,brightness_contrast__moderate,brightness_contrast,moderate,D:\OASIS_1\distortions_32\brightness_contrast\moderate\Non_Demented\OAS1_0371\OAS1_0371_slice_09_z059.png,Non_Demented/OAS1_0371/OAS1_0371_slice_09_z059.png,Non-Demented/OAS1_0371/OAS1_0371_slice_09_z059.png,OAS1_0371,Non-Demented,0,0,Non-Demented,1,0.5222665340929485,0.4481058676400257,0.02962759826702586,0.0
OASIS_1,RandomForest,13,test,brightness_contrast__moderate,brightness_contrast,moderate,D:\OASIS_1\distortions_32\brightness_contrast\moderate\Non_Demented\OAS1_0371\OAS1_0371_slice_10_z062.png,Non_Demented/OAS1_0371/OAS1_0371_slice_10_z062.png,Non-Demented/OAS1_0371/OAS1_0371_slice_10_z062.png,OAS1_0371,Non-Demented,0,0,Non-Demented,1,0.4521707126321136,0.2230123024774363,0.13481698489045008,0.19
OASIS_1,RandomForest,13,test,brightness_contrast__moderate,brightness_contrast,moderate,D:\OASIS_1\distortions_32\brightness_contrast\moderate\Non_Demented\OAS1_0371\OAS1_0371_slice_11_z065.png,Non_Demented/OAS1_0371/OAS1_0371_slice_11_z065.png,Non-Demented/OAS1_0371/OAS1_0371_slice_11_z065.png,OAS1_0371,Non-Demented,0,1,Very Mild Dementia,0,0.34417132451514215,0.5704346442886843,0.08539403119617357,0.0
OASIS_1,RandomForest,13,test,brightness_contrast__moderate,brightness_contrast,moderate,D:\OASIS_1\distortions_32\brightness_contrast\moderate\Non_Demented\OAS1_0371\OAS1_0371_slice_12_z068.png,Non_Demented/OAS1_0371/OAS1_0371_slice_12_z068.png,Non-Demented/OAS1_0371/OAS1_0371_slice_12_z068.png,OAS1_0371,Non-Demented,0,0,Non-Demented,1,0.6004002107153132,0.33173852151953087,0.06786126776515576,0.0
OASIS_1,RandomForest,13,test,brightness_contrast__moderate,brightness_contrast,moderate,D:\OASIS_1\distortions_32\brightness_contrast\moderate\Non_Demented\OAS1_0371\OAS1_0371_slice_13_z070.png,Non_Demented/OAS1_0371/OAS1_0371_slice_13_z070.png,Non-Demented/OAS1_0371/OAS1_0371_slice_13_z070.png,OAS1_0371,Non-Demented,0,0,Non-Demented,1,0.541916337641407,0.4367191931834459,0.021364469175147015,0.0
OASIS_1,RandomForest,13,test,brightness_contrast__moderate,brightness_contrast,moderate,D:\OASIS_1\distortions_32\brightness_contrast\moderate\Non_Demented\OAS1_0371\OAS1_0371_slice_14_z073.png,Non_Demented/OAS1_0371/OAS1_0371_slice_14_z073.png,Non-Demented/OAS1_0371/OAS1_0371_slice_14_z073.png,OAS1_0371,Non-Demented,0,1,Very Mild Dementia,0,0.3191118391954318,0.5959892660541362,0.0848988947504317,0.0
OASIS_1,RandomForest,13,test,brightness_contrast__moderate,brightness_contrast,moderate,D:\OASIS_1\distortions_32\brightness_contrast\moderate\Non_Demented\OAS1_0371\OAS1_0371_slice_15_z076.png,Non_Demented/OAS1_0371/OAS1_0371_slice_15_z076.png,Non-Demented/OAS1_0371/OAS1_0371_slice_15_z076.png,OAS1_0371,Non-Demented,0,0,Non-Demented,1,0.4614489461130977,0.18147952801449543,0.1637381925390735,0.19333333333333333
OASIS_1,RandomForest,13,test,brightness_contrast__moderate,brightness_contrast,moderate,D:\OASIS_1\distortions_32\brightness_contrast\moderate\Non_Demented\OAS1_0371\OAS1_0371_slice_16_z078.png,Non_Demented/OAS1_0371/OAS1_0371_slice_16_z078.png,Non-Demented/OAS1_0371/OAS1_0371_slice_16_z078.png,OAS1_0371,Non-Demented,0,0,Non-Demented,1,0.615096947491753,0.3636009190453292,0.021302133462917903,0.0
OASIS_1,RandomForest,13,test,brightness_contrast__moderate,brightness_contrast,moderate,D:\OASIS_1\distortions_32\brightness_contrast\moderate\Non_Demented\OAS1_0371\OAS1_0371_slice_17_z081.png,Non_Demented/OAS1_0371/OAS1_0371_slice_17_z081.png,Non-Demented/OAS1_0371/OAS1_0371_slice_17_z081.png,OAS1_0371,Non-Demented,0,1,Very Mild Dementia,0,0.36069399939336677,0.57946249939049,0.05984350121614294,0.0
OASIS_1,RandomForest,13,test,brightness_contrast__moderate,brightness_contrast,moderate,D:\OASIS_1\distortions_32\brightness_contrast\moderate\Non_Demented\OAS1_0371\OAS1_0371_slice_18_z084.png,Non_Demented/OAS1_0371/OAS1_0371_slice_18_z084.png,Non-Demented/OAS1_0371/OAS1_0371_slice_18_z084.png,OAS1_0371,Non-Demented,0,0,Non-Demented,1,0.7467928353844464,0.21361617896049603,0.03959098565505767,0.0
OASIS_1,RandomForest,13,test,brightness_contrast__moderate,brightness_contrast,moderate,D:\OASIS_1\distortions_32\brightness_contrast\moderate\Non_Demented\OAS1_0371\OAS1_0371_slice_19_z086.png,Non_Demented/OAS1_0371/OAS1_0371_slice_19_z086.png,Non-Demented/OAS1_0371/OAS1_0371_slice_19_z086.png,OAS1_0371,Non-Demented,0,1,Very Mild Dementia,0,0.3974931215892982,0.5714808568495309,0.031026021561171156,0.0
OASIS_1,RandomForest,13,test,brightness_contrast__moderate,brightness_contrast,moderate,D:\OASIS_1\distortions_32\brightness_contrast\moderate\Non_Demented\OAS1_0371\OAS1_0371_slice_20_z089.png,Non_Demented/OAS1_0371/OAS1_0371_slice_20_z089.png,Non-Demented/OAS1_0371/OAS1_0371_slice_20_z089.png,OAS1_0371,Non-Demented,0,0,Non-Demented,1,0.8277746489305016,0.15095615058432293,0.021269200485175343,0.0
OASIS_1,RandomForest,13,test,brightness_contrast__moderate,brightness_contrast,moderate,D:\OASIS_1\distortions_32\brightness_contrast\moderate\Non_Demented\OAS1_0381\OAS1_0381_slice_01_z038.png,Non_Demented/OAS1_0381/OAS1_0381_slice_01_z038.png,Non-Demented/OAS1_0381/OAS1_0381_slice_01_z038.png,OAS1_0381,Non-Demented,0,0,Non-Demented,1,0.40878492787201914,0.3043393090790527,0.28687576304892815,0.0
OASIS_1,RandomForest,13,test,brightness_contrast__moderate,brightness_contrast,moderate,D:\OASIS_1\distortions_32\brightness_contrast\moderate\Non_Demented\OAS1_0381\OAS1_0381_slice_02_z041.png,Non_Demented/OAS1_0381/OAS1_0381_slice_02_z041.png,Non-Demented/OAS1_0381/OAS1_0381_slice_02_z041.png,OAS1_0381,Non-Demented,0,0,Non-Demented,1,0.4003910686630675,0.2744655870244465,0.3251433443124859,0.0
OASIS_1,RandomForest,13,test,brightness_contrast__moderate,brightness_contrast,moderate,D:\OASIS_1\distortions_32\brightness_contrast\moderate\Non_Demented\OAS1_0381\OAS1_0381_slice_03_z043.png,Non_Demented/OAS1_0381/OAS1_0381_slice_03_z043.png,Non-Demented/OAS1_0381/OAS1_0381_slice_03_z043.png,OAS1_0381,Non-Demented,0,0,Non-Demented,1,0.4679466484795472,0.25400003710970265,0.27805331441074993,0.0
OASIS_1,RandomForest,13,test,brightness_contrast__moderate,brightness_contrast,moderate,D:\OASIS_1\distortions_32\brightness_contrast\moderate\Non_Demented\OAS1_0381\OAS1_0381_slice_04_z046.png,Non_Demented/OAS1_0381/OAS1_0381_slice_04_z046.png,Non-Demented/OAS1_0381/OAS1_0381_slice_04_z046.png,OAS1_0381,Non-Demented,0,0,Non-Demented,1,0.4402186597531379,0.31324181090424813,0.2465395293426135,0.0
OASIS_1,RandomForest,13,test,brightness_contrast__moderate,brightness_contrast,moderate,D:\OASIS_1\distortions_32\brightness_contrast\moderate\Non_Demented\OAS1_0381\OAS1_0381_slice_05_z049.png,Non_Demented/OAS1_0381/OAS1_0381_slice_05_z049.png,Non-Demented/OAS1_0381/OAS1_0381_slice_05_z049.png,OAS1_0381,Non-Demented,0,0,Non-Demented,1,0.46,0.2,0.18666666666666668,0.15333333333333332
OASIS_1,RandomForest,13,test,brightness_contrast__moderate,brightness_contrast,moderate,D:\OASIS_1\distortions_32\brightness_contrast\moderate\Non_Demented\OAS1_0381\OAS1_0381_slice_06_z051.png,Non_Demented/OAS1_0381/OAS1_0381_slice_06_z051.png,Non-Demented/OAS1_0381/OAS1_0381_slice_06_z051.png,OAS1_0381,Non-Demented,0,0,Non-Demented,1,0.6053995032304563,0.24790829879218512,0.14669219797735863,0.0
OASIS_1,RandomForest,13,test,brightness_contrast__moderate,brightness_contrast,moderate,D:\OASIS_1\distortions_32\brightness_contrast\moderate\Non_Demented\OAS1_0381\OAS1_0381_slice_07_z054.png,Non_Demented/OAS1_0381/OAS1_0381_slice_07_z054.png,Non-Demented/OAS1_0381/OAS1_0381_slice_07_z054.png,OAS1_0381,Non-Demented,0,0,Non-Demented,1,0.4599931133127395,0.3268140075205343,0.21319287916672583,0.0
OASIS_1,RandomForest,13,test,brightness_contrast__moderate,brightness_contrast,moderate,D:\OASIS_1\distortions_32\brightness_contrast\moderate\Non_Demented\OAS1_0381\OAS1_0381_slice_08_z057.png,Non_Demented/OAS1_0381/OAS1_0381_slice_08_z057.png,Non-Demented/OAS1_0381/OAS1_0381_slice_08_z057.png,OAS1_0381,Non-Demented,0,0,Non-Demented,1,0.5615447116847855,0.2660594248369188,0.1690625301449624,0.0033333333333333335
OASIS_1,RandomForest,13,test,brightness_contrast__moderate,brightness_contrast,moderate,D:\OASIS_1\distortions_32\brightness_contrast\moderate\Non_Demented\OAS1_0381\OAS1_0381_slice_09_z059.png,Non_Demented/OAS1_0381/OAS1_0381_slice_09_z059.png,Non-Demented/OAS1_0381/OAS1_0381_slice_09_z059.png,OAS1_0381,Non-Demented,0,0,Non-Demented,1,0.7315831721600116,0.1699592082162302,0.09845761962375828,0.0
OASIS_1,RandomForest,13,test,brightness_contrast__moderate,brightness_contrast,moderate,D:\OASIS_1\distortions_32\brightness_contrast\moderate\Non_Demented\OAS1_0381\OAS1_0381_slice_10_z062.png,Non_Demented/OAS1_0381/OAS1_0381_slice_10_z062.png,Non-Demented/OAS1_0381/OAS1_0381_slice_10_z062.png,OAS1_0381,Non-Demented,0,0,Non-Demented,1,0.5834273864988768,0.25848468380619954,0.15808792969492372,0.0
OASIS_1,RandomForest,13,test,brightness_contrast__moderate,brightness_contrast,moderate,D:\OASIS_1\distortions_32\brightness_contrast\moderate\Non_Demented\OAS1_0381\OAS1_0381_slice_11_z065.png,Non_Demented/OAS1_0381/OAS1_0381_slice_11_z065.png,Non-Demented/OAS1_0381/OAS1_0381_slice_11_z065.png,OAS1_0381,Non-Demented,0,0,Non-Demented,1,0.4057977742089823,0.20753555912435104,0.18,0.20666666666666667
OASIS_1,RandomForest,13,test,brightness_contrast__moderate,brightness_contrast,moderate,D:\OASIS_1\distortions_32\brightness_contrast\moderate\Non_Demented\OAS1_0381\OAS1_0381_slice_12_z068.png,Non_Demented/OAS1_0381/OAS1_0381_slice_12_z068.png,Non-Demented/OAS1_0381/OAS1_0381_slice_12_z068.png,OAS1_0381,Non-Demented,0,0,Non-Demented,1,0.4550346707697732,0.30521126382918445,0.2397540654010423,0.0
OASIS_1,RandomForest,13,test,brightness_contrast__moderate,brightness_contrast,moderate,D:\OASIS_1\distortions_32\brightness_contrast\moderate\Non_Demented\OAS1_0381\OAS1_0381_slice_13_z070.png,Non_Demented/OAS1_0381/OAS1_0381_slice_13_z070.png,Non-Demented/OAS1_0381/OAS1_0381_slice_13_z070.png,OAS1_0381,Non-Demented,0,0,Non-Demented,1,0.5243169674046532,0.2807847944675075,0.19156490479450616,0.0033333333333333335
OASIS_1,RandomForest,13,test,brightness_contrast__moderate,brightness_contrast,moderate,D:\OASIS_1\distortions_32\brightness_contrast\moderate\Non_Demented\OAS1_0381\OAS1_0381_slice_14_z073.png,Non_Demented/OAS1_0381/OAS1_0381_slice_14_z073.png,Non-Demented/OAS1_0381/OAS1_0381_slice_14_z073.png,OAS1_0381,Non-Demented,0,0,Non-Demented,1,0.49994576593692935,0.30502232790345357,0.19503190615961682,0.0
OASIS_1,RandomForest,13,test,brightness_contrast__moderate,brightness_contrast,moderate,D:\OASIS_1\distortions_32\brightness_contrast\moderate\Non_Demented\OAS1_0381\OAS1_0381_slice_15_z076.png,Non_Demented/OAS1_0381/OAS1_0381_slice_15_z076.png,Non-Demented/OAS1_0381/OAS1_0381_slice_15_z076.png,OAS1_0381,Non-Demented,0,0,Non-Demented,1,0.42,0.2,0.21333333333333335,0.16666666666666666
OASIS_1,RandomForest,13,test,brightness_contrast__moderate,brightness_contrast,moderate,D:\OASIS_1\distortions_32\brightness_contrast\moderate\Non_Demented\OAS1_0381\OAS1_0381_slice_16_z078.png,Non_Demented/OAS1_0381/OAS1_0381_slice_16_z078.png,Non-Demented/OAS1_0381/OAS1_0381_slice_16_z078.png,OAS1_0381,Non-Demented,0,0,Non-Demented,1,0.4918980209795375,0.26108094326098,0.24702103575948253,0.0
OASIS_1,RandomForest,13,test,brightness_contrast__moderate,brightness_contrast,moderate,D:\OASIS_1\distortions_32\brightness_contrast\moderate\Non_Demented\OAS1_0381\OAS1_0381_slice_17_z081.png,Non_Demented/OAS1_0381/OAS1_0381_slice_17_z081.png,Non-Demented/OAS1_0381/OAS1_0381_slice_17_z081.png,OAS1_0381,Non-Demented,0,0,Non-Demented,1,0.4419754124808916,0.29911618794937145,0.25890839956973655,0.0
OASIS_1,RandomForest,13,test,brightness_contrast__moderate,brightness_contrast,moderate,D:\OASIS_1\distortions_32\brightness_contrast\moderate\Non_Demented\OAS1_0381\OAS1_0381_slice_18_z084.png,Non_Demented/OAS1_0381/OAS1_0381_slice_18_z084.png,Non-Demented/OAS1_0381/OAS1_0381_slice_18_z084.png,OAS1_0381,Non-Demented,0,0,Non-Demented,1,0.4773088917772359,0.23159548215445752,0.2910956260683066,0.0
OASIS_1,RandomForest,13,test,brightness_contrast__moderate,brightness_contrast,moderate,D:\OASIS_1\distortions_32\brightness_contrast\moderate\Non_Demented\OAS1_0381\OAS1_0381_slice_19_z086.png,Non_Demented/OAS1_0381/OAS1_0381_slice_19_z086.png,Non-Demented/OAS1_0381/OAS1_0381_slice_19_z086.png,OAS1_0381,Non-Demented,0,0,Non-Demented,1,0.42333333333333334,0.2,0.23,0.14666666666666667
OASIS_1,RandomForest,13,test,brightness_contrast__moderate,brightness_contrast,moderate,D:\OASIS_1\distortions_32\brightness_contrast\moderate\Non_Demented\OAS1_0381\OAS1_0381_slice_20_z089.png,Non_Demented/OAS1_0381/OAS1_0381_slice_20_z089.png,Non-Demented/OAS1_0381/OAS1_0381_slice_20_z089.png,OAS1_0381,Non-Demented,0,0,Non-Demented,1,0.43105681039068,0.23578157782551193,0.33316161178380804,0.0
OASIS_1,RandomForest,13,test,brightness_contrast__moderate,brightness_contrast,moderate,D:\OASIS_1\distortions_32\brightness_contrast\moderate\Non_Demented\OAS1_0443\OAS1_0443_slice_01_z038.png,Non_Demented/OAS1_0443/OAS1_0443_slice_01_z038.png,Non-Demented/OAS1_0443/OAS1_0443_slice_01_z038.png,OAS1_0443,Non-Demented,0,0,Non-Demented,1,0.8100099188246755,0.16247718302368444,0.027512898151640038,0.0
OASIS_1,RandomForest,13,test,brightness_contrast__moderate,brightness_contrast,moderate,D:\OASIS_1\distortions_32\brightness_contrast\moderate\Non_Demented\OAS1_0443\OAS1_0443_slice_02_z041.png,Non_Demented/OAS1_0443/OAS1_0443_slice_02_z041.png,Non-Demented/OAS1_0443/OAS1_0443_slice_02_z041.png,OAS1_0443,Non-Demented,0,0,Non-Demented,1,0.6011039128278791,0.36041095206161294,0.03848513511050739,0.0
OASIS_1,RandomForest,13,test,brightness_contrast__moderate,brightness_contrast,moderate,D:\OASIS_1\distortions_32\brightness_contrast\moderate\Non_Demented\OAS1_0443\OAS1_0443_slice_03_z043.png,Non_Demented/OAS1_0443/OAS1_0443_slice_03_z043.png,Non-Demented/OAS1_0443/OAS1_0443_slice_03_z043.png,OAS1_0443,Non-Demented,0,0,Non-Demented,1,0.731855019612349,0.23203280072096438,0.036112179666687234,0.0
OASIS_1,RandomForest,13,test,brightness_contrast__moderate,brightness_contrast,moderate,D:\OASIS_1\distortions_32\brightness_contrast\moderate\Non_Demented\OAS1_0443\OAS1_0443_slice_04_z046.png,Non_Demented/OAS1_0443/OAS1_0443_slice_04_z046.png,Non-Demented/OAS1_0443/OAS1_0443_slice_04_z046.png,OAS1_0443,Non-Demented,0,0,Non-Demented,1,0.5873158891455531,0.3580734705597854,0.05461064029466128,0.0
OASIS_1,RandomForest,13,test,brightness_contrast__moderate,brightness_contrast,moderate,D:\OASIS_1\distortions_32\brightness_contrast\moderate\Non_Demented\OAS1_0443\OAS1_0443_slice_05_z049.png,Non_Demented/OAS1_0443/OAS1_0443_slice_05_z049.png,Non-Demented/OAS1_0443/OAS1_0443_slice_05_z049.png,OAS1_0443,Non-Demented,0,0,Non-Demented,1,0.4804974988774632,0.46934970764699113,0.05015279347554553,0.0
OASIS_1,RandomForest,13,test,brightness_contrast__moderate,brightness_contrast,moderate,D:\OASIS_1\distortions_32\brightness_contrast\moderate\Non_Demented\OAS1_0443\OAS1_0443_slice_06_z051.png,Non_Demented/OAS1_0443/OAS1_0443_slice_06_z051.png,Non-Demented/OAS1_0443/OAS1_0443_slice_06_z051.png,OAS1_0443,Non-Demented,0,0,Non-Demented,1,0.46234263418896804,0.2071301950031088,0.14719383747458986,0.18333333333333332
OASIS_1,RandomForest,13,test,brightness_contrast__moderate,brightness_contrast,moderate,D:\OASIS_1\distortions_32\brightness_contrast\moderate\Non_Demented\OAS1_0443\OAS1_0443_slice_07_z054.png,Non_Demented/OAS1_0443/OAS1_0443_slice_07_z054.png,Non-Demented/OAS1_0443/OAS1_0443_slice_07_z054.png,OAS1_0443,Non-Demented,0,0,Non-Demented,1,0.45709051337084483,0.20957615329582177,0.15666666666666668,0.17666666666666667
OASIS_1,RandomForest,13,test,brightness_contrast__moderate,brightness_contrast,moderate,D:\OASIS_1\distortions_32\brightness_contrast\moderate\Non_Demented\OAS1_0443\OAS1_0443_slice_08_z057.png,Non_Demented/OAS1_0443/OAS1_0443_slice_08_z057.png,Non-Demented/OAS1_0443/OAS1_0443_slice_08_z057.png,OAS1_0443,Non-Demented,0,1,Very Mild Dementia,0,0.4038113782755276,0.4936294752369568,0.10255914648751588,0.0
OASIS_1,RandomForest,13,test,brightness_contrast__moderate,brightness_contrast,moderate,D:\OASIS_1\distortions_32\brightness_contrast\moderate\Non_Demented\OAS1_0443\OAS1_0443_slice_09_z059.png,Non_Demented/OAS1_0443/OAS1_0443_slice_09_z059.png,Non-Demented/OAS1_0443/OAS1_0443_slice_09_z059.png,OAS1_0443,Non-Demented,0,0,Non-Demented,1,0.44867868814262324,0.2038155815603198,0.16417239696372368,0.18333333333333332
OASIS_1,RandomForest,13,test,brightness_contrast__moderate,brightness_contrast,moderate,D:\OASIS_1\distortions_32\brightness_contrast\moderate\Non_Demented\OAS1_0443\OAS1_0443_slice_10_z062.png,Non_Demented/OAS1_0443/OAS1_0443_slice_10_z062.png,Non-Demented/OAS1_0443/OAS1_0443_slice_10_z062.png,OAS1_0443,Non-Demented,0,0,Non-Demented,1,0.4184501193553908,0.2383546161223194,0.15319526452228976,0.19
OASIS_1,RandomForest,13,test,brightness_contrast__moderate,brightness_contrast,moderate,D:\OASIS_1\distortions_32\brightness_contrast\moderate\Non_Demented\OAS1_0443\OAS1_0443_slice_11_z065.png,Non_Demented/OAS1_0443/OAS1_0443_slice_11_z065.png,Non-Demented/OAS1_0443/OAS1_0443_slice_11_z065.png,OAS1_0443,Non-Demented,0,0,Non-Demented,1,0.5085277149307418,0.27583258801640775,0.21563969705285022,0.0
OASIS_1,RandomForest,13,test,brightness_contrast__moderate,brightness_contrast,moderate,D:\OASIS_1\distortions_32\brightness_contrast\moderate\Non_Demented\OAS1_0443\OAS1_0443_slice_12_z068.png,Non_Demented/OAS1_0443/OAS1_0443_slice_12_z068.png,Non-Demented/OAS1_0443/OAS1_0443_slice_12_z068.png,OAS1_0443,Non-Demented,0,1,Very Mild Dementia,0,0.33635245320214996,0.5532998726312757,0.11034767416657454,0.0
OASIS_1,RandomForest,13,test,brightness_contrast__moderate,brightness_contrast,moderate,D:\OASIS_1\distortions_32\brightness_contrast\moderate\Non_Demented\OAS1_0443\OAS1_0443_slice_13_z070.png,Non_Demented/OAS1_0443/OAS1_0443_slice_13_z070.png,Non-Demented/OAS1_0443/OAS1_0443_slice_13_z070.png,OAS1_0443,Non-Demented,0,0,Non-Demented,1,0.4261660720086621,0.23125745885966684,0.1559098024650044,0.18666666666666668
OASIS_1,RandomForest,13,test,brightness_contrast__moderate,brightness_contrast,moderate,D:\OASIS_1\distortions_32\brightness_contrast\moderate\Non_Demented\OAS1_0443\OAS1_0443_slice_14_z073.png,Non_Demented/OAS1_0443/OAS1_0443_slice_14_z073.png,Non-Demented/OAS1_0443/OAS1_0443_slice_14_z073.png,OAS1_0443,Non-Demented,0,0,Non-Demented,1,0.5536664103500638,0.3494260736168681,0.09690751603306819,0.0
OASIS_1,RandomForest,13,test,brightness_contrast__moderate,brightness_contrast,moderate,D:\OASIS_1\distortions_32\brightness_contrast\moderate\Non_Demented\OAS1_0443\OAS1_0443_slice_15_z076.png,Non_Demented/OAS1_0443/OAS1_0443_slice_15_z076.png,Non-Demented/OAS1_0443/OAS1_0443_slice_15_z076.png,OAS1_0443,Non-Demented,0,0,Non-Demented,1,0.7553537138129436,0.1999334919936253,0.04471279419343137,0.0
OASIS_1,RandomForest,13,test,brightness_contrast__moderate,brightness_contrast,moderate,D:\OASIS_1\distortions_32\brightness_contrast\moderate\Non_Demented\OAS1_0443\OAS1_0443_slice_16_z078.png,Non_Demented/OAS1_0443/OAS1_0443_slice_16_z078.png,Non-Demented/OAS1_0443/OAS1_0443_slice_16_z078.png,OAS1_0443,Non-Demented,0,0,Non-Demented,1,0.503581724022375,0.43534745726077373,0.06107081871685145,0.0
OASIS_1,RandomForest,13,test,brightness_contrast__moderate,brightness_contrast,moderate,D:\OASIS_1\distortions_32\brightness_contrast\moderate\Non_Demented\OAS1_0443\OAS1_0443_slice_17_z081.png,Non_Demented/OAS1_0443/OAS1_0443_slice_17_z081.png,Non-Demented/OAS1_0443/OAS1_0443_slice_17_z081.png,OAS1_0443,Non-Demented,0,0,Non-Demented,1,0.7296739766093935,0.23786942910080328,0.032456594289803666,0.0
OASIS_1,RandomForest,13,test,brightness_contrast__moderate,brightness_contrast,moderate,D:\OASIS_1\distortions_32\brightness_contrast\moderate\Non_Demented\OAS1_0443\OAS1_0443_slice_18_z084.png,Non_Demented/OAS1_0443/OAS1_0443_slice_18_z084.png,Non-Demented/OAS1_0443/OAS1_0443_slice_18_z084.png,OAS1_0443,Non-Demented,0,0,Non-Demented,1,0.6189182236641741,0.3411569246274825,0.03992485170834338,0.0
OASIS_1,RandomForest,13,test,brightness_contrast__moderate,brightness_contrast,moderate,D:\OASIS_1\distortions_32\brightness_contrast\moderate\Non_Demented\OAS1_0443\OAS1_0443_slice_19_z086.png,Non_Demented/OAS1_0443/OAS1_0443_slice_19_z086.png,Non-Demented/OAS1_0443/OAS1_0443_slice_19_z086.png,OAS1_0443,Non-Demented,0,0,Non-Demented,1,0.5029228560539464,0.43405310869162633,0.06302403525442693,0.0
OASIS_1,RandomForest,13,test,brightness_contrast__moderate,brightness_contrast,moderate,D:\OASIS_1\distortions_32\brightness_contrast\moderate\Non_Demented\OAS1_0443\OAS1_0443_slice_20_z089.png,Non_Demented/OAS1_0443/OAS1_0443_slice_20_z089.png,Non-Demented/OAS1_0443/OAS1_0443_slice_20_z089.png,OAS1_0443,Non-Demented,0,0,Non-Demented,1,0.4753848617316704,0.4463991190105212,0.07821601925780836,0.0
OASIS_1,RandomForest,13,test,brightness_contrast__moderate,brightness_contrast,moderate,D:\OASIS_1\distortions_32\brightness_contrast\moderate\Non_Demented\OAS1_0445\OAS1_0445_slice_01_z038.png,Non_Demented/OAS1_0445/OAS1_0445_slice_01_z038.png,Non-Demented/OAS1_0445/OAS1_0445_slice_01_z038.png,OAS1_0445,Non-Demented,0,1,Very Mild Dementia,0,0.3405478245004678,0.45021797758684556,0.20923419791268655,0.0
OASIS_1,RandomForest,13,test,brightness_contrast__moderate,brightness_contrast,moderate,D:\OASIS_1\distortions_32\brightness_contrast\moderate\Non_Demented\OAS1_0445\OAS1_0445_slice_02_z041.png,Non_Demented/OAS1_0445/OAS1_0445_slice_02_z041.png,Non-Demented/OAS1_0445/OAS1_0445_slice_02_z041.png,OAS1_0445,Non-Demented,0,1,Very Mild Dementia,0,0.3540428351023243,0.43490692751908216,0.21105023737859332,0.0
OASIS_1,RandomForest,13,test,brightness_contrast__moderate,brightness_contrast,moderate,D:\OASIS_1\distortions_32\brightness_contrast\moderate\Non_Demented\OAS1_0445\OAS1_0445_slice_03_z043.png,Non_Demented/OAS1_0445/OAS1_0445_slice_03_z043.png,Non-Demented/OAS1_0445/OAS1_0445_slice_03_z043.png,OAS1_0445,Non-Demented,0,0,Non-Demented,1,0.5752733493240009,0.19855047221788885,0.22617617845810997,0.0
OASIS_1,RandomForest,13,test,brightness_contrast__moderate,brightness_contrast,moderate,D:\OASIS_1\distortions_32\brightness_contrast\moderate\Non_Demented\OAS1_0445\OAS1_0445_slice_04_z046.png,Non_Demented/OAS1_0445/OAS1_0445_slice_04_z046.png,Non-Demented/OAS1_0445/OAS1_0445_slice_04_z046.png,OAS1_0445,Non-Demented,0,0,Non-Demented,1,0.4217111639388726,0.2345146783003041,0.34044082442749013,0.0033333333333333335
OASIS_1,RandomForest,13,test,brightness_contrast__moderate,brightness_contrast,moderate,D:\OASIS_1\distortions_32\brightness_contrast\moderate\Non_Demented\OAS1_0445\OAS1_0445_slice_05_z049.png,Non_Demented/OAS1_0445/OAS1_0445_slice_05_z049.png,Non-Demented/OAS1_0445/OAS1_0445_slice_05_z049.png,OAS1_0445,Non-Demented,0,0,Non-Demented,1,0.4292086419274716,0.23227095453888272,0.16518707020031234,0.17333333333333334
OASIS_1,RandomForest,13,test,brightness_contrast__moderate,brightness_contrast,moderate,D:\OASIS_1\distortions_32\brightness_contrast\moderate\Non_Demented\OAS1_0445\OAS1_0445_slice_06_z051.png,Non_Demented/OAS1_0445/OAS1_0445_slice_06_z051.png,Non-Demented/OAS1_0445/OAS1_0445_slice_06_z051.png,OAS1_0445,Non-Demented,0,0,Non-Demented,1,0.4275329088596466,0.23424416394982198,0.16488959385719804,0.17333333333333334
OASIS_1,RandomForest,13,test,brightness_contrast__moderate,brightness_contrast,moderate,D:\OASIS_1\distortions_32\brightness_contrast\moderate\Non_Demented\OAS1_0445\OAS1_0445_slice_07_z054.png,Non_Demented/OAS1_0445/OAS1_0445_slice_07_z054.png,Non-Demented/OAS1_0445/OAS1_0445_slice_07_z054.png,OAS1_0445,Non-Demented,0,0,Non-Demented,1,0.4039973277143016,0.36683517115479597,0.2291675011309025,0.0
OASIS_1,RandomForest,13,test,brightness_contrast__moderate,brightness_contrast,moderate,D:\OASIS_1\distortions_32\brightness_contrast\moderate\Non_Demented\OAS1_0445\OAS1_0445_slice_08_z057.png,Non_Demented/OAS1_0445/OAS1_0445_slice_08_z057.png,Non-Demented/OAS1_0445/OAS1_0445_slice_08_z057.png,OAS1_0445,Non-Demented,0,0,Non-Demented,1,0.48976419180177905,0.27086528746590977,0.2360371873989782,0.0033333333333333335
OASIS_1,RandomForest,13,test,brightness_contrast__moderate,brightness_contrast,moderate,D:\OASIS_1\distortions_32\brightness_contrast\moderate\Non_Demented\OAS1_0445\OAS1_0445_slice_09_z059.png,Non_Demented/OAS1_0445/OAS1_0445_slice_09_z059.png,Non-Demented/OAS1_0445/OAS1_0445_slice_09_z059.png,OAS1_0445,Non-Demented,0,0,Non-Demented,1,0.4333780553168473,0.21243641930702845,0.15418552537612418,0.2
OASIS_1,RandomForest,13,test,brightness_contrast__moderate,brightness_contrast,moderate,D:\OASIS_1\distortions_32\brightness_contrast\moderate\Non_Demented\OAS1_0445\OAS1_0445_slice_10_z062.png,Non_Demented/OAS1_0445/OAS1_0445_slice_10_z062.png,Non-Demented/OAS1_0445/OAS1_0445_slice_10_z062.png,OAS1_0445,Non-Demented,0,0,Non-Demented,1,0.4240425526390616,0.36021389423515415,0.21574355312578425,0.0
OASIS_1,RandomForest,13,test,brightness_contrast__moderate,brightness_contrast,moderate,D:\OASIS_1\distortions_32\brightness_contrast\moderate\Non_Demented\OAS1_0445\OAS1_0445_slice_11_z065.png,Non_Demented/OAS1_0445/OAS1_0445_slice_11_z065.png,Non-Demented/OAS1_0445/OAS1_0445_slice_11_z065.png,OAS1_0445,Non-Demented,0,0,Non-Demented,1,0.4345492103498763,0.2585720296799,0.30687875997022385,0.0
OASIS_1,RandomForest,13,test,brightness_contrast__moderate,brightness_contrast,moderate,D:\OASIS_1\distortions_32\brightness_contrast\moderate\Non_Demented\OAS1_0445\OAS1_0445_slice_12_z068.png,Non_Demented/OAS1_0445/OAS1_0445_slice_12_z068.png,Non-Demented/OAS1_0445/OAS1_0445_slice_12_z068.png,OAS1_0445,Non-Demented,0,0,Non-Demented,1,0.4350190386658363,0.23412876929137283,0.17418552537612417,0.15666666666666668
OASIS_1,RandomForest,13,test,brightness_contrast__moderate,brightness_contrast,moderate,D:\OASIS_1\distortions_32\brightness_contrast\moderate\Non_Demented\OAS1_0445\OAS1_0445_slice_13_z070.png,Non_Demented/OAS1_0445/OAS1_0445_slice_13_z070.png,Non-Demented/OAS1_0445/OAS1_0445_slice_13_z070.png,OAS1_0445,Non-Demented,0,0,Non-Demented,1,0.4645917074275237,0.24231658948132126,0.2930917030911551,0.0
OASIS_1,RandomForest,13,test,brightness_contrast__moderate,brightness_contrast,moderate,D:\OASIS_1\distortions_32\brightness_contrast\moderate\Non_Demented\OAS1_0445\OAS1_0445_slice_14_z073.png,Non_Demented/OAS1_0445/OAS1_0445_slice_14_z073.png,Non-Demented/OAS1_0445/OAS1_0445_slice_14_z073.png,OAS1_0445,Non-Demented,0,0,Non-Demented,1,0.49504753392000383,0.23595809600288406,0.2689943700771123,0.0
OASIS_1,RandomForest,13,test,brightness_contrast__moderate,brightness_contrast,moderate,D:\OASIS_1\distortions_32\brightness_contrast\moderate\Non_Demented\OAS1_0445\OAS1_0445_slice_15_z076.png,Non_Demented/OAS1_0445/OAS1_0445_slice_15_z076.png,Non-Demented/OAS1_0445/OAS1_0445_slice_15_z076.png,OAS1_0445,Non-Demented,0,0,Non-Demented,1,0.48603729634682624,0.23536613541751256,0.27859656823566115,0.0
OASIS_1,RandomForest,13,test,brightness_contrast__moderate,brightness_contrast,moderate,D:\OASIS_1\distortions_32\brightness_contrast\moderate\Non_Demented\OAS1_0445\OAS1_0445_slice_16_z078.png,Non_Demented/OAS1_0445/OAS1_0445_slice_16_z078.png,Non-Demented/OAS1_0445/OAS1_0445_slice_16_z078.png,OAS1_0445,Non-Demented,0,0,Non-Demented,1,0.495778824423285,0.2293418441055103,0.2748793314712047,0.0
OASIS_1,RandomForest,13,test,brightness_contrast__moderate,brightness_contrast,moderate,D:\OASIS_1\distortions_32\brightness_contrast\moderate\Non_Demented\OAS1_0445\OAS1_0445_slice_17_z081.png,Non_Demented/OAS1_0445/OAS1_0445_slice_17_z081.png,Non-Demented/OAS1_0445/OAS1_0445_slice_17_z081.png,OAS1_0445,Non-Demented,0,0,Non-Demented,1,0.41951086213065863,0.39601234265013135,0.18447679521920984,0.0
OASIS_1,RandomForest,13,test,brightness_contrast__moderate,brightness_contrast,moderate,D:\OASIS_1\distortions_32\brightness_contrast\moderate\Non_Demented\OAS1_0445\OAS1_0445_slice_18_z084.png,Non_Demented/OAS1_0445/OAS1_0445_slice_18_z084.png,Non-Demented/OAS1_0445/OAS1_0445_slice_18_z084.png,OAS1_0445,Non-Demented,0,0,Non-Demented,1,0.45025370636667067,0.2406116862023014,0.30913460743102783,0.0
OASIS_1,RandomForest,13,test,brightness_contrast__moderate,brightness_contrast,moderate,D:\OASIS_1\distortions_32\brightness_contrast\moderate\Non_Demented\OAS1_0445\OAS1_0445_slice_19_z086.png,Non_Demented/OAS1_0445/OAS1_0445_slice_19_z086.png,Non-Demented/OAS1_0445/OAS1_0445_slice_19_z086.png,OAS1_0445,Non-Demented,0,0,Non-Demented,1,0.5900480019524663,0.1470987406609728,0.26285325738656096,0.0
OASIS_1,RandomForest,13,test,brightness_contrast__moderate,brightness_contrast,moderate,D:\OASIS_1\distortions_32\brightness_contrast\moderate\Non_Demented\OAS1_0445\OAS1_0445_slice_20_z089.png,Non_Demented/OAS1_0445/OAS1_0445_slice_20_z089.png,Non-Demented/OAS1_0445/OAS1_0445_slice_20_z089.png,OAS1_0445,Non-Demented,0,0,Non-Demented,1,0.5236581571156053,0.19278168018414762,0.28356016270024703,0.0
OASIS_1,RandomForest,13,test,brightness_contrast__moderate,brightness_contrast,moderate,D:\OASIS_1\distortions_32\brightness_contrast\moderate\Very_Mild_Dementia\OAS1_0015\OAS1_0015_slice_01_z038.png,Very_Mild_Dementia/OAS1_0015/OAS1_0015_slice_01_z038.png,Very Mild Dementia/OAS1_0015/OAS1_0015_slice_01_z038.png,OAS1_0015,Very Mild Dementia,1,0,Non-Demented,0,0.4365045729841111,0.19682876034922223,0.18333333333333332,0.18333333333333332
OASIS_1,RandomForest,13,test,brightness_contrast__moderate,brightness_contrast,moderate,D:\OASIS_1\distortions_32\brightness_contrast\moderate\Very_Mild_Dementia\OAS1_0015\OAS1_0015_slice_02_z041.png,Very_Mild_Dementia/OAS1_0015/OAS1_0015_slice_02_z041.png,Very Mild Dementia/OAS1_0015/OAS1_0015_slice_02_z041.png,OAS1_0015,Very Mild Dementia,1,0,Non-Demented,0,0.6194836709465493,0.22587870068020674,0.15463762837324405,0.0
OASIS_1,RandomForest,13,test,brightness_contrast__moderate,brightness_contrast,moderate,D:\OASIS_1\distortions_32\brightness_contrast\moderate\Very_Mild_Dementia\OAS1_0015\OAS1_0015_slice_03_z043.png,Very_Mild_Dementia/OAS1_0015/OAS1_0015_slice_03_z043.png,Very Mild Dementia/OAS1_0015/OAS1_0015_slice_03_z043.png,OAS1_0015,Very Mild Dementia,1,0,Non-Demented,0,0.45,0.21333333333333335,0.17333333333333334,0.16333333333333333
OASIS_1,RandomForest,13,test,brightness_contrast__moderate,brightness_contrast,moderate,D:\OASIS_1\distortions_32\brightness_contrast\moderate\Very_Mild_Dementia\OAS1_0015\OAS1_0015_slice_04_z046.png,Very_Mild_Dementia/OAS1_0015/OAS1_0015_slice_04_z046.png,Very Mild Dementia/OAS1_0015/OAS1_0015_slice_04_z046.png,OAS1_0015,Very Mild Dementia,1,0,Non-Demented,0,0.44666666666666666,0.20333333333333334,0.17,0.18
OASIS_1,RandomForest,13,test,brightness_contrast__moderate,brightness_contrast,moderate,D:\OASIS_1\distortions_32\brightness_contrast\moderate\Very_Mild_Dementia\OAS1_0015\OAS1_0015_slice_05_z049.png,Very_Mild_Dementia/OAS1_0015/OAS1_0015_slice_05_z049.png,Very Mild Dementia/OAS1_0015/OAS1_0015_slice_05_z049.png,OAS1_0015,Very Mild Dementia,1,0,Non-Demented,0,0.5744607917696447,0.27372696163252,0.14847891326450208,0.0033333333333333335
OASIS_1,RandomForest,13,test,brightness_contrast__moderate,brightness_contrast,moderate,D:\OASIS_1\distortions_32\brightness_contrast\moderate\Very_Mild_Dementia\OAS1_0015\OAS1_0015_slice_06_z051.png,Very_Mild_Dementia/OAS1_0015/OAS1_0015_slice_06_z051.png,Very Mild Dementia/OAS1_0015/OAS1_0015_slice_06_z051.png,OAS1_0015,Very Mild Dementia,1,0,Non-Demented,0,0.4465045729841111,0.2134954270158889,0.16,0.18
OASIS_1,RandomForest,13,test,brightness_contrast__moderate,brightness_contrast,moderate,D:\OASIS_1\distortions_32\brightness_contrast\moderate\Very_Mild_Dementia\OAS1_0015\OAS1_0015_slice_07_z054.png,Very_Mild_Dementia/OAS1_0015/OAS1_0015_slice_07_z054.png,Very Mild Dementia/OAS1_0015/OAS1_0015_slice_07_z054.png,OAS1_0015,Very Mild Dementia,1,0,Non-Demented,0,0.4731712396507778,0.21016209368255553,0.14,0.17666666666666667
OASIS_1,RandomForest,13,test,brightness_contrast__moderate,brightness_contrast,moderate,D:\OASIS_1\distortions_32\brightness_contrast\moderate\Very_Mild_Dementia\OAS1_0015\OAS1_0015_slice_08_z057.png,Very_Mild_Dementia/OAS1_0015/OAS1_0015_slice_08_z057.png,Very Mild Dementia/OAS1_0015/OAS1_0015_slice_08_z057.png,OAS1_0015,Very Mild Dementia,1,0,Non-Demented,0,0.6107983356212536,0.2350513983198016,0.14748359939227804,0.006666666666666667
OASIS_1,RandomForest,13,test,brightness_contrast__moderate,brightness_contrast,moderate,D:\OASIS_1\distortions_32\brightness_contrast\moderate\Very_Mild_Dementia\OAS1_0015\OAS1_0015_slice_09_z059.png,Very_Mild_Dementia/OAS1_0015/OAS1_0015_slice_09_z059.png,Very Mild Dementia/OAS1_0015/OAS1_0015_slice_09_z059.png,OAS1_0015,Very Mild Dementia,1,0,Non-Demented,0,0.43333333333333335,0.21,0.16,0.19666666666666666
OASIS_1,RandomForest,13,test,brightness_contrast__moderate,brightness_contrast,moderate,D:\OASIS_1\distortions_32\brightness_contrast\moderate\Very_Mild_Dementia\OAS1_0015\OAS1_0015_slice_10_z062.png,Very_Mild_Dementia/OAS1_0015/OAS1_0015_slice_10_z062.png,Very Mild Dementia/OAS1_0015/OAS1_0015_slice_10_z062.png,OAS1_0015,Very Mild Dementia,1,0,Non-Demented,0,0.7759853729557479,0.14281665671379906,0.07453130366378623,0.006666666666666667
OASIS_1,RandomForest,13,test,brightness_contrast__moderate,brightness_contrast,moderate,D:\OASIS_1\distortions_32\brightness_contrast\moderate\Very_Mild_Dementia\OAS1_0015\OAS1_0015_slice_11_z065.png,Very_Mild_Dementia/OAS1_0015/OAS1_0015_slice_11_z065.png,Very Mild Dementia/OAS1_0015/OAS1_0015_slice_11_z065.png,OAS1_0015,Very Mild Dementia,1,0,Non-Demented,0,0.8710122411639556,0.11209639016014175,0.016891368675902636,0.0
OASIS_1,RandomForest,13,test,brightness_contrast__moderate,brightness_contrast,moderate,D:\OASIS_1\distortions_32\brightness_contrast\moderate\Very_Mild_Dementia\OAS1_0015\OAS1_0015_slice_12_z068.png,Very_Mild_Dementia/OAS1_0015/OAS1_0015_slice_12_z068.png,Very Mild Dementia/OAS1_0015/OAS1_0015_slice_12_z068.png,OAS1_0015,Very Mild Dementia,1,0,Non-Demented,0,0.5730865153342418,0.26044855323459387,0.1497982647644975,0.016666666666666666
OASIS_1,RandomForest,13,test,brightness_contrast__moderate,brightness_contrast,moderate,D:\OASIS_1\distortions_32\brightness_contrast\moderate\Very_Mild_Dementia\OAS1_0015\OAS1_0015_slice_13_z070.png,Very_Mild_Dementia/OAS1_0015/OAS1_0015_slice_13_z070.png,Very Mild Dementia/OAS1_0015/OAS1_0015_slice_13_z070.png,OAS1_0015,Very Mild Dementia,1,0,Non-Demented,0,0.4245210717639711,0.19881226156936227,0.19666666666666666,0.18
OASIS_1,RandomForest,13,test,brightness_contrast__moderate,brightness_contrast,moderate,D:\OASIS_1\distortions_32\brightness_contrast\moderate\Very_Mild_Dementia\OAS1_0015\OAS1_0015_slice_14_z073.png,Very_Mild_Dementia/OAS1_0015/OAS1_0015_slice_14_z073.png,Very Mild Dementia/OAS1_0015/OAS1_0015_slice_14_z073.png,OAS1_0015,Very Mild Dementia,1,0,Non-Demented,0,0.8269908783685122,0.14767843089879154,0.02533069073269614,0.0
OASIS_1,RandomForest,13,test,brightness_contrast__moderate,brightness_contrast,moderate,D:\OASIS_1\distortions_32\brightness_contrast\moderate\Very_Mild_Dementia\OAS1_0015\OAS1_0015_slice_15_z076.png,Very_Mild_Dementia/OAS1_0015/OAS1_0015_slice_15_z076.png,Very Mild Dementia/OAS1_0015/OAS1_0015_slice_15_z076.png,OAS1_0015,Very Mild Dementia,1,0,Non-Demented,0,0.7682480912106142,0.1609472789015091,0.06413796322120992,0.006666666666666667
OASIS_1,RandomForest,13,test,brightness_contrast__moderate,brightness_contrast,moderate,D:\OASIS_1\distortions_32\brightness_contrast\moderate\Very_Mild_Dementia\OAS1_0015\OAS1_0015_slice_16_z078.png,Very_Mild_Dementia/OAS1_0015/OAS1_0015_slice_16_z078.png,Very Mild Dementia/OAS1_0015/OAS1_0015_slice_16_z078.png,OAS1_0015,Very Mild Dementia,1,0,Non-Demented,0,0.6023189367672748,0.24267679373127105,0.15167093616812094,0.0033333333333333335
OASIS_1,RandomForest,13,test,brightness_contrast__moderate,brightness_contrast,moderate,D:\OASIS_1\distortions_32\brightness_contrast\moderate\Very_Mild_Dementia\OAS1_0015\OAS1_0015_slice_17_z081.png,Very_Mild_Dementia/OAS1_0015/OAS1_0015_slice_17_z081.png,Very Mild Dementia/OAS1_0015/OAS1_0015_slice_17_z081.png,OAS1_0015,Very Mild Dementia,1,0,Non-Demented,0,0.8066970755303557,0.15868563405445105,0.02795062374852653,0.006666666666666667
OASIS_1,RandomForest,13,test,brightness_contrast__moderate,brightness_contrast,moderate,D:\OASIS_1\distortions_32\brightness_contrast\moderate\Very_Mild_Dementia\OAS1_0015\OAS1_0015_slice_18_z084.png,Very_Mild_Dementia/OAS1_0015/OAS1_0015_slice_18_z084.png,Very Mild Dementia/OAS1_0015/OAS1_0015_slice_18_z084.png,OAS1_0015,Very Mild Dementia,1,0,Non-Demented,0,0.47650457298411114,0.2068287603492222,0.15333333333333332,0.16333333333333333
OASIS_1,RandomForest,13,test,brightness_contrast__moderate,brightness_contrast,moderate,D:\OASIS_1\distortions_32\brightness_contrast\moderate\Very_Mild_Dementia\OAS1_0015\OAS1_0015_slice_19_z086.png,Very_Mild_Dementia/OAS1_0015/OAS1_0015_slice_19_z086.png,Very Mild Dementia/OAS1_0015/OAS1_0015_slice_19_z086.png,OAS1_0015,Very Mild Dementia,1,0,Non-Demented,0,0.7315156441327976,0.20995425489264832,0.05853010097455409,0.0
OASIS_1,RandomForest,13,test,brightness_contrast__moderate,brightness_contrast,moderate,D:\OASIS_1\distortions_32\brightness_contrast\moderate\Very_Mild_Dementia\OAS1_0015\OAS1_0015_slice_20_z089.png,Very_Mild_Dementia/OAS1_0015/OAS1_0015_slice_20_z089.png,Very Mild Dementia/OAS1_0015/OAS1_0015_slice_20_z089.png,OAS1_0015,Very Mild Dementia,1,0,Non-Demented,0,0.6481154647852545,0.26633349449242016,0.0855510407223255,0.0
OASIS_1,RandomForest,13,test,brightness_contrast__moderate,brightness_contrast,moderate,D:\OASIS_1\distortions_32\brightness_contrast\moderate\Very_Mild_Dementia\OAS1_0022\OAS1_0022_slice_01_z038.png,Very_Mild_Dementia/OAS1_0022/OAS1_0022_slice_01_z038.png,Very Mild Dementia/OAS1_0022/OAS1_0022_slice_01_z038.png,OAS1_0022,Very Mild Dementia,1,0,Non-Demented,0,0.7234913982471495,0.214405427895525,0.05876984052399241,0.0033333333333333335
OASIS_1,RandomForest,13,test,brightness_contrast__moderate,brightness_contrast,moderate,D:\OASIS_1\distortions_32\brightness_contrast\moderate\Very_Mild_Dementia\OAS1_0022\OAS1_0022_slice_02_z041.png,Very_Mild_Dementia/OAS1_0022/OAS1_0022_slice_02_z041.png,Very Mild Dementia/OAS1_0022/OAS1_0022_slice_02_z041.png,OAS1_0022,Very Mild Dementia,1,0,Non-Demented,0,0.5342663852231541,0.3437649447746322,0.12196867000221362,0.0
OASIS_1,RandomForest,13,test,brightness_contrast__moderate,brightness_contrast,moderate,D:\OASIS_1\distortions_32\brightness_contrast\moderate\Very_Mild_Dementia\OAS1_0022\OAS1_0022_slice_03_z043.png,Very_Mild_Dementia/OAS1_0022/OAS1_0022_slice_03_z043.png,Very Mild Dementia/OAS1_0022/OAS1_0022_slice_03_z043.png,OAS1_0022,Very Mild Dementia,1,0,Non-Demented,0,0.7439704538263328,0.17481432643284778,0.08121521974081947,0.0
OASIS_1,RandomForest,13,test,brightness_contrast__moderate,brightness_contrast,moderate,D:\OASIS_1\distortions_32\brightness_contrast\moderate\Very_Mild_Dementia\OAS1_0022\OAS1_0022_slice_04_z046.png,Very_Mild_Dementia/OAS1_0022/OAS1_0022_slice_04_z046.png,Very Mild Dementia/OAS1_0022/OAS1_0022_slice_04_z046.png,OAS1_0022,Very Mild Dementia,1,0,Non-Demented,0,0.54606833795543,0.23752767554217585,0.21640398650239448,0.0
OASIS_1,RandomForest,13,test,brightness_contrast__moderate,brightness_contrast,moderate,D:\OASIS_1\distortions_32\brightness_contrast\moderate\Very_Mild_Dementia\OAS1_0022\OAS1_0022_slice_05_z049.png,Very_Mild_Dementia/OAS1_0022/OAS1_0022_slice_05_z049.png,Very Mild Dementia/OAS1_0022/OAS1_0022_slice_05_z049.png,OAS1_0022,Very Mild Dementia,1,0,Non-Demented,0,0.5518689216102789,0.21080636872181632,0.2373247096679046,0.0
OASIS_1,RandomForest,13,test,brightness_contrast__moderate,brightness_contrast,moderate,D:\OASIS_1\distortions_32\brightness_contrast\moderate\Very_Mild_Dementia\OAS1_0022\OAS1_0022_slice_06_z051.png,Very_Mild_Dementia/OAS1_0022/OAS1_0022_slice_06_z051.png,Very Mild Dementia/OAS1_0022/OAS1_0022_slice_06_z051.png,OAS1_0022,Very Mild Dementia,1,0,Non-Demented,0,0.5459868499033728,0.2247695887715687,0.2292435613250581,0.0
OASIS_1,RandomForest,13,test,brightness_contrast__moderate,brightness_contrast,moderate,D:\OASIS_1\distortions_32\brightness_contrast\moderate\Very_Mild_Dementia\OAS1_0022\OAS1_0022_slice_07_z054.png,Very_Mild_Dementia/OAS1_0022/OAS1_0022_slice_07_z054.png,Very Mild Dementia/OAS1_0022/OAS1_0022_slice_07_z054.png,OAS1_0022,Very Mild Dementia,1,0,Non-Demented,0,0.4704989914718857,0.3407804240052012,0.18872058452291327,0.0
OASIS_1,RandomForest,13,test,brightness_contrast__moderate,brightness_contrast,moderate,D:\OASIS_1\distortions_32\brightness_contrast\moderate\Very_Mild_Dementia\OAS1_0022\OAS1_0022_slice_08_z057.png,Very_Mild_Dementia/OAS1_0022/OAS1_0022_slice_08_z057.png,Very Mild Dementia/OAS1_0022/OAS1_0022_slice_08_z057.png,OAS1_0022,Very Mild Dementia,1,0,Non-Demented,0,0.43811162803597825,0.22469453448943189,0.15386050414125654,0.18333333333333332
OASIS_1,RandomForest,13,test,brightness_contrast__moderate,brightness_contrast,moderate,D:\OASIS_1\distortions_32\brightness_contrast\moderate\Very_Mild_Dementia\OAS1_0022\OAS1_0022_slice_09_z059.png,Very_Mild_Dementia/OAS1_0022/OAS1_0022_slice_09_z059.png,Very Mild Dementia/OAS1_0022/OAS1_0022_slice_09_z059.png,OAS1_0022,Very Mild Dementia,1,0,Non-Demented,0,0.49513413033862264,0.2469545405016882,0.257911329159689,0.0
OASIS_1,RandomForest,13,test,brightness_contrast__moderate,brightness_contrast,moderate,D:\OASIS_1\distortions_32\brightness_contrast\moderate\Very_Mild_Dementia\OAS1_0022\OAS1_0022_slice_10_z062.png,Very_Mild_Dementia/OAS1_0022/OAS1_0022_slice_10_z062.png,Very Mild Dementia/OAS1_0022/OAS1_0022_slice_10_z062.png,OAS1_0022,Very Mild Dementia,1,0,Non-Demented,0,0.4133474181163946,0.23526087102393817,0.15472504419300065,0.19666666666666666
OASIS_1,RandomForest,13,test,brightness_contrast__moderate,brightness_contrast,moderate,D:\OASIS_1\distortions_32\brightness_contrast\moderate\Very_Mild_Dementia\OAS1_0022\OAS1_0022_slice_11_z065.png,Very_Mild_Dementia/OAS1_0022/OAS1_0022_slice_11_z065.png,Very Mild Dementia/OAS1_0022/OAS1_0022_slice_11_z065.png,OAS1_0022,Very Mild Dementia,1,0,Non-Demented,0,0.4305068623887171,0.266074648595433,0.30341848901584995,0.0
OASIS_1,RandomForest,13,test,brightness_contrast__moderate,brightness_contrast,moderate,D:\OASIS_1\distortions_32\brightness_contrast\moderate\Very_Mild_Dementia\OAS1_0022\OAS1_0022_slice_12_z068.png,Very_Mild_Dementia/OAS1_0022/OAS1_0022_slice_12_z068.png,Very Mild Dementia/OAS1_0022/OAS1_0022_slice_12_z068.png,OAS1_0022,Very Mild Dementia,1,0,Non-Demented,0,0.39401337816610627,0.38639075496615805,0.21959586686773577,0.0
OASIS_1,RandomForest,13,test,brightness_contrast__moderate,brightness_contrast,moderate,D:\OASIS_1\distortions_32\brightness_contrast\moderate\Very_Mild_Dementia\OAS1_0022\OAS1_0022_slice_13_z070.png,Very_Mild_Dementia/OAS1_0022/OAS1_0022_slice_13_z070.png,Very Mild Dementia/OAS1_0022/OAS1_0022_slice_13_z070.png,OAS1_0022,Very Mild Dementia,1,0,Non-Demented,0,0.45144496136931156,0.22136120115609856,0.14719383747458986,0.18
OASIS_1,RandomForest,13,test,brightness_contrast__moderate,brightness_contrast,moderate,D:\OASIS_1\distortions_32\brightness_contrast\moderate\Very_Mild_Dementia\OAS1_0022\OAS1_0022_slice_14_z073.png,Very_Mild_Dementia/OAS1_0022/OAS1_0022_slice_14_z073.png,Very Mild Dementia/OAS1_0022/OAS1_0022_slice_14_z073.png,OAS1_0022,Very Mild Dementia,1,0,Non-Demented,0,0.43625718436907834,0.23321564482299845,0.1605271708079232,0.17
OASIS_1,RandomForest,13,test,brightness_contrast__moderate,brightness_contrast,moderate,D:\OASIS_1\distortions_32\brightness_contrast\moderate\Very_Mild_Dementia\OAS1_0022\OAS1_0022_slice_15_z076.png,Very_Mild_Dementia/OAS1_0022/OAS1_0022_slice_15_z076.png,Very Mild Dementia/OAS1_0022/OAS1_0022_slice_15_z076.png,OAS1_0022,Very Mild Dementia,1,0,Non-Demented,0,0.5208508193285921,0.23721137659295213,0.2419378040784556,0.0
OASIS_1,RandomForest,13,test,brightness_contrast__moderate,brightness_contrast,moderate,D:\OASIS_1\distortions_32\brightness_contrast\moderate\Very_Mild_Dementia\OAS1_0022\OAS1_0022_slice_16_z078.png,Very_Mild_Dementia/OAS1_0022/OAS1_0022_slice_16_z078.png,Very Mild Dementia/OAS1_0022/OAS1_0022_slice_16_z078.png,OAS1_0022,Very Mild Dementia,1,0,Non-Demented,0,0.6559332861325806,0.252616282563491,0.0914504313039281,0.0
OASIS_1,RandomForest,13,test,brightness_contrast__moderate,brightness_contrast,moderate,D:\OASIS_1\distortions_32\brightness_contrast\moderate\Very_Mild_Dementia\OAS1_0022\OAS1_0022_slice_17_z081.png,Very_Mild_Dementia/OAS1_0022/OAS1_0022_slice_17_z081.png,Very Mild Dementia/OAS1_0022/OAS1_0022_slice_17_z081.png,OAS1_0022,Very Mild Dementia,1,0,Non-Demented,0,0.5936399422178944,0.24505040688234472,0.16130965089976082,0.0
OASIS_1,RandomForest,13,test,brightness_contrast__moderate,brightness_contrast,moderate,D:\OASIS_1\distortions_32\brightness_contrast\moderate\Very_Mild_Dementia\OAS1_0022\OAS1_0022_slice_18_z084.png,Very_Mild_Dementia/OAS1_0022/OAS1_0022_slice_18_z084.png,Very Mild Dementia/OAS1_0022/OAS1_0022_slice_18_z084.png,OAS1_0022,Very Mild Dementia,1,0,Non-Demented,0,0.43900930085563467,0.22046352833644212,0.1505271708079232,0.19
OASIS_1,RandomForest,13,test,brightness_contrast__moderate,brightness_contrast,moderate,D:\OASIS_1\distortions_32\brightness_contrast\moderate\Very_Mild_Dementia\OAS1_0022\OAS1_0022_slice_19_z086.png,Very_Mild_Dementia/OAS1_0022/OAS1_0022_slice_19_z086.png,Very Mild Dementia/OAS1_0022/OAS1_0022_slice_19_z086.png,OAS1_0022,Very Mild Dementia,1,0,Non-Demented,0,0.4740522106439097,0.3594987828930984,0.16644900646299216,0.0
OASIS_1,RandomForest,13,test,brightness_contrast__moderate,brightness_contrast,moderate,D:\OASIS_1\distortions_32\brightness_contrast\moderate\Very_Mild_Dementia\OAS1_0022\OAS1_0022_slice_20_z089.png,Very_Mild_Dementia/OAS1_0022/OAS1_0022_slice_20_z089.png,Very Mild Dementia/OAS1_0022/OAS1_0022_slice_20_z089.png,OAS1_0022,Very Mild Dementia,1,0,Non-Demented,0,0.43974536049159857,0.21358797284173478,0.15,0.19666666666666666
OASIS_1,RandomForest,13,test,brightness_contrast__moderate,brightness_contrast,moderate,D:\OASIS_1\distortions_32\brightness_contrast\moderate\Very_Mild_Dementia\OAS1_0120\OAS1_0120_slice_01_z038.png,Very_Mild_Dementia/OAS1_0120/OAS1_0120_slice_01_z038.png,Very Mild Dementia/OAS1_0120/OAS1_0120_slice_01_z038.png,OAS1_0120,Very Mild Dementia,1,1,Very Mild Dementia,1,0.3322713159407478,0.3939065495162402,0.26715546787634525,0.006666666666666667
OASIS_1,RandomForest,13,test,brightness_contrast__moderate,brightness_contrast,moderate,D:\OASIS_1\distortions_32\brightness_contrast\moderate\Very_Mild_Dementia\OAS1_0120\OAS1_0120_slice_02_z041.png,Very_Mild_Dementia/OAS1_0120/OAS1_0120_slice_02_z041.png,Very Mild Dementia/OAS1_0120/OAS1_0120_slice_02_z041.png,OAS1_0120,Very Mild Dementia,1,0,Non-Demented,0,0.44248126856671804,0.292115085445747,0.2587369793208681,0.006666666666666667
OASIS_1,RandomForest,13,test,brightness_contrast__moderate,brightness_contrast,moderate,D:\OASIS_1\distortions_32\brightness_contrast\moderate\Very_Mild_Dementia\OAS1_0120\OAS1_0120_slice_03_z043.png,Very_Mild_Dementia/OAS1_0120/OAS1_0120_slice_03_z043.png,Very Mild Dementia/OAS1_0120/OAS1_0120_slice_03_z043.png,OAS1_0120,Very Mild Dementia,1,0,Non-Demented,0,0.43333333333333335,0.19333333333333333,0.16333333333333333,0.21
OASIS_1,RandomForest,13,test,brightness_contrast__moderate,brightness_contrast,moderate,D:\OASIS_1\distortions_32\brightness_contrast\moderate\Very_Mild_Dementia\OAS1_0120\OAS1_0120_slice_04_z046.png,Very_Mild_Dementia/OAS1_0120/OAS1_0120_slice_04_z046.png,Very Mild Dementia/OAS1_0120/OAS1_0120_slice_04_z046.png,OAS1_0120,Very Mild Dementia,1,0,Non-Demented,0,0.43347631627359345,0.29221810595442493,0.2643055777719815,0.01
OASIS_1,RandomForest,13,test,brightness_contrast__moderate,brightness_contrast,moderate,D:\OASIS_1\distortions_32\brightness_contrast\moderate\Very_Mild_Dementia\OAS1_0120\OAS1_0120_slice_05_z049.png,Very_Mild_Dementia/OAS1_0120/OAS1_0120_slice_05_z049.png,Very Mild Dementia/OAS1_0120/OAS1_0120_slice_05_z049.png,OAS1_0120,Very Mild Dementia,1,0,Non-Demented,0,0.6033158056917212,0.16996816810268814,0.1067160262055907,0.12
OASIS_1,RandomForest,13,test,brightness_contrast__moderate,brightness_contrast,moderate,D:\OASIS_1\distortions_32\brightness_contrast\moderate\Very_Mild_Dementia\OAS1_0120\OAS1_0120_slice_06_z051.png,Very_Mild_Dementia/OAS1_0120/OAS1_0120_slice_06_z051.png,Very Mild Dementia/OAS1_0120/OAS1_0120_slice_06_z051.png,OAS1_0120,Very Mild Dementia,1,0,Non-Demented,0,0.4850661714090195,0.30199386977193216,0.19627329215238173,0.016666666666666666
OASIS_1,RandomForest,13,test,brightness_contrast__moderate,brightness_contrast,moderate,D:\OASIS_1\distortions_32\brightness_contrast\moderate\Very_Mild_Dementia\OAS1_0120\OAS1_0120_slice_07_z054.png,Very_Mild_Dementia/OAS1_0120/OAS1_0120_slice_07_z054.png,Very Mild Dementia/OAS1_0120/OAS1_0120_slice_07_z054.png,OAS1_0120,Very Mild Dementia,1,0,Non-Demented,0,0.6298554817106111,0.19906624882851057,0.127744936127545,0.043333333333333335
OASIS_1,RandomForest,13,test,brightness_contrast__moderate,brightness_contrast,moderate,D:\OASIS_1\distortions_32\brightness_contrast\moderate\Very_Mild_Dementia\OAS1_0120\OAS1_0120_slice_08_z057.png,Very_Mild_Dementia/OAS1_0120/OAS1_0120_slice_08_z057.png,Very Mild Dementia/OAS1_0120/OAS1_0120_slice_08_z057.png,OAS1_0120,Very Mild Dementia,1,0,Non-Demented,0,0.662043694110946,0.1853472087105823,0.1392757638451384,0.013333333333333334
OASIS_1,RandomForest,13,test,brightness_contrast__moderate,brightness_contrast,moderate,D:\OASIS_1\distortions_32\brightness_contrast\moderate\Very_Mild_Dementia\OAS1_0120\OAS1_0120_slice_09_z059.png,Very_Mild_Dementia/OAS1_0120/OAS1_0120_slice_09_z059.png,Very Mild Dementia/OAS1_0120/OAS1_0120_slice_09_z059.png,OAS1_0120,Very Mild Dementia,1,0,Non-Demented,0,0.5361189850723007,0.24605148326250093,0.20782953166519844,0.01
OASIS_1,RandomForest,13,test,brightness_contrast__moderate,brightness_contrast,moderate,D:\OASIS_1\distortions_32\brightness_contrast\moderate\Very_Mild_Dementia\OAS1_0120\OAS1_0120_slice_10_z062.png,Very_Mild_Dementia/OAS1_0120/OAS1_0120_slice_10_z062.png,Very Mild Dementia/OAS1_0120/OAS1_0120_slice_10_z062.png,OAS1_0120,Very Mild Dementia,1,0,Non-Demented,0,0.5630809478718211,0.20355239371031944,0.18003332508452624,0.05333333333333334
OASIS_1,RandomForest,13,test,brightness_contrast__moderate,brightness_contrast,moderate,D:\OASIS_1\distortions_32\brightness_contrast\moderate\Very_Mild_Dementia\OAS1_0120\OAS1_0120_slice_11_z065.png,Very_Mild_Dementia/OAS1_0120/OAS1_0120_slice_11_z065.png,Very Mild Dementia/OAS1_0120/OAS1_0120_slice_11_z065.png,OAS1_0120,Very Mild Dementia,1,0,Non-Demented,0,0.44124056314029125,0.2921295780022352,0.2599631921908069,0.006666666666666667
OASIS_1,RandomForest,13,test,brightness_contrast__moderate,brightness_contrast,moderate,D:\OASIS_1\distortions_32\brightness_contrast\moderate\Very_Mild_Dementia\OAS1_0120\OAS1_0120_slice_12_z068.png,Very_Mild_Dementia/OAS1_0120/OAS1_0120_slice_12_z068.png,Very Mild Dementia/OAS1_0120/OAS1_0120_slice_12_z068.png,OAS1_0120,Very Mild Dementia,1,0,Non-Demented,0,0.39689378243735596,0.1619939326343966,0.18777895159491412,0.25333333333333335
OASIS_1,RandomForest,13,test,brightness_contrast__moderate,brightness_contrast,moderate,D:\OASIS_1\distortions_32\brightness_contrast\moderate\Very_Mild_Dementia\OAS1_0120\OAS1_0120_slice_13_z070.png,Very_Mild_Dementia/OAS1_0120/OAS1_0120_slice_13_z070.png,Very Mild Dementia/OAS1_0120/OAS1_0120_slice_13_z070.png,OAS1_0120,Very Mild Dementia,1,0,Non-Demented,0,0.7161069185837033,0.17135869073863602,0.1058677240109939,0.006666666666666667
OASIS_1,RandomForest,13,test,brightness_contrast__moderate,brightness_contrast,moderate,D:\OASIS_1\distortions_32\brightness_contrast\moderate\Very_Mild_Dementia\OAS1_0120\OAS1_0120_slice_14_z073.png,Very_Mild_Dementia/OAS1_0120/OAS1_0120_slice_14_z073.png,Very Mild Dementia/OAS1_0120/OAS1_0120_slice_14_z073.png,OAS1_0120,Very Mild Dementia,1,0,Non-Demented,0,0.4,0.18666666666666668,0.17666666666666667,0.23666666666666666
OASIS_1,RandomForest,13,test,brightness_contrast__moderate,brightness_contrast,moderate,D:\OASIS_1\distortions_32\brightness_contrast\moderate\Very_Mild_Dementia\OAS1_0120\OAS1_0120_slice_15_z076.png,Very_Mild_Dementia/OAS1_0120/OAS1_0120_slice_15_z076.png,Very Mild Dementia/OAS1_0120/OAS1_0120_slice_15_z076.png,OAS1_0120,Very Mild Dementia,1,0,Non-Demented,0,0.6963823268086347,0.19869696751098742,0.08825403901371129,0.016666666666666666
OASIS_1,RandomForest,13,test,brightness_contrast__moderate,brightness_contrast,moderate,D:\OASIS_1\distortions_32\brightness_contrast\moderate\Very_Mild_Dementia\OAS1_0120\OAS1_0120_slice_16_z078.png,Very_Mild_Dementia/OAS1_0120/OAS1_0120_slice_16_z078.png,Very Mild Dementia/OAS1_0120/OAS1_0120_slice_16_z078.png,OAS1_0120,Very Mild Dementia,1,0,Non-Demented,0,0.6316736539988541,0.22856645267866915,0.10309322665580997,0.03666666666666667
OASIS_1,RandomForest,13,test,brightness_contrast__moderate,brightness_contrast,moderate,D:\OASIS_1\distortions_32\brightness_contrast\moderate\Very_Mild_Dementia\OAS1_0120\OAS1_0120_slice_17_z081.png,Very_Mild_Dementia/OAS1_0120/OAS1_0120_slice_17_z081.png,Very Mild Dementia/OAS1_0120/OAS1_0120_slice_17_z081.png,OAS1_0120,Very Mild Dementia,1,0,Non-Demented,0,0.4013225427855585,0.35290736509233916,0.2457700921221023,0.0
OASIS_1,RandomForest,13,test,brightness_contrast__moderate,brightness_contrast,moderate,D:\OASIS_1\distortions_32\brightness_contrast\moderate\Very_Mild_Dementia\OAS1_0120\OAS1_0120_slice_18_z084.png,Very_Mild_Dementia/OAS1_0120/OAS1_0120_slice_18_z084.png,Very Mild Dementia/OAS1_0120/OAS1_0120_slice_18_z084.png,OAS1_0120,Very Mild Dementia,1,0,Non-Demented,0,0.4266666666666667,0.2,0.15333333333333332,0.22
OASIS_1,RandomForest,13,test,brightness_contrast__moderate,brightness_contrast,moderate,D:\OASIS_1\distortions_32\brightness_contrast\moderate\Very_Mild_Dementia\OAS1_0120\OAS1_0120_slice_19_z086.png,Very_Mild_Dementia/OAS1_0120/OAS1_0120_slice_19_z086.png,Very Mild Dementia/OAS1_0120/OAS1_0120_slice_19_z086.png,OAS1_0120,Very Mild Dementia,1,0,Non-Demented,0,0.38996519882588127,0.35101143535056284,0.2590233658235558,0.0
OASIS_1,RandomForest,13,test,brightness_contrast__moderate,brightness_contrast,moderate,D:\OASIS_1\distortions_32\brightness_contrast\moderate\Very_Mild_Dementia\OAS1_0120\OAS1_0120_slice_20_z089.png,Very_Mild_Dementia/OAS1_0120/OAS1_0120_slice_20_z089.png,Very Mild Dementia/OAS1_0120/OAS1_0120_slice_20_z089.png,OAS1_0120,Very Mild Dementia,1,0,Non-Demented,0,0.473577139648238,0.3048350417658179,0.2215878185859441,0.0
OASIS_1,RandomForest,13,test,brightness_contrast__moderate,brightness_contrast,moderate,D:\OASIS_1\distortions_32\brightness_contrast\moderate\Very_Mild_Dementia\OAS1_0166\OAS1_0166_slice_01_z038.png,Very_Mild_Dementia/OAS1_0166/OAS1_0166_slice_01_z038.png,Very Mild Dementia/OAS1_0166/OAS1_0166_slice_01_z038.png,OAS1_0166,Very Mild Dementia,1,0,Non-Demented,0,0.5551598931264554,0.3336414438574294,0.1111986630161154,0.0
OASIS_1,RandomForest,13,test,brightness_contrast__moderate,brightness_contrast,moderate,D:\OASIS_1\distortions_32\brightness_contrast\moderate\Very_Mild_Dementia\OAS1_0166\OAS1_0166_slice_02_z041.png,Very_Mild_Dementia/OAS1_0166/OAS1_0166_slice_02_z041.png,Very Mild Dementia/OAS1_0166/OAS1_0166_slice_02_z041.png,OAS1_0166,Very Mild Dementia,1,0,Non-Demented,0,0.6830395912041657,0.24599747729735724,0.06762959816514386,0.0033333333333333335
OASIS_1,RandomForest,13,test,brightness_contrast__moderate,brightness_contrast,moderate,D:\OASIS_1\distortions_32\brightness_contrast\moderate\Very_Mild_Dementia\OAS1_0166\OAS1_0166_slice_03_z043.png,Very_Mild_Dementia/OAS1_0166/OAS1_0166_slice_03_z043.png,Very Mild Dementia/OAS1_0166/OAS1_0166_slice_03_z043.png,OAS1_0166,Very Mild Dementia,1,0,Non-Demented,0,0.710191456396703,0.23442230595832428,0.05205290431163923,0.0033333333333333335
OASIS_1,RandomForest,13,test,brightness_contrast__moderate,brightness_contrast,moderate,D:\OASIS_1\distortions_32\brightness_contrast\moderate\Very_Mild_Dementia\OAS1_0166\OAS1_0166_slice_04_z046.png,Very_Mild_Dementia/OAS1_0166/OAS1_0166_slice_04_z046.png,Very Mild Dementia/OAS1_0166/OAS1_0166_slice_04_z046.png,OAS1_0166,Very Mild Dementia,1,0,Non-Demented,0,0.5987574903246602,0.2785463713802248,0.11936280496178196,0.0033333333333333335
OASIS_1,RandomForest,13,test,brightness_contrast__moderate,brightness_contrast,moderate,D:\OASIS_1\distortions_32\brightness_contrast\moderate\Very_Mild_Dementia\OAS1_0166\OAS1_0166_slice_05_z049.png,Very_Mild_Dementia/OAS1_0166/OAS1_0166_slice_05_z049.png,Very Mild Dementia/OAS1_0166/OAS1_0166_slice_05_z049.png,OAS1_0166,Very Mild Dementia,1,0,Non-Demented,0,0.7544231843069746,0.19271781229295745,0.05285900340006793,0.0
OASIS_1,RandomForest,13,test,brightness_contrast__moderate,brightness_contrast,moderate,D:\OASIS_1\distortions_32\brightness_contrast\moderate\Very_Mild_Dementia\OAS1_0166\OAS1_0166_slice_06_z051.png,Very_Mild_Dementia/OAS1_0166/OAS1_0166_slice_06_z051.png,Very Mild Dementia/OAS1_0166/OAS1_0166_slice_06_z051.png,OAS1_0166,Very Mild Dementia,1,0,Non-Demented,0,0.4707098381070983,0.2059568285595683,0.15,0.17333333333333334
OASIS_1,RandomForest,13,test,brightness_contrast__moderate,brightness_contrast,moderate,D:\OASIS_1\distortions_32\brightness_contrast\moderate\Very_Mild_Dementia\OAS1_0166\OAS1_0166_slice_07_z054.png,Very_Mild_Dementia/OAS1_0166/OAS1_0166_slice_07_z054.png,Very Mild Dementia/OAS1_0166/OAS1_0166_slice_07_z054.png,OAS1_0166,Very Mild Dementia,1,0,Non-Demented,0,0.7322363978818668,0.20161878517662038,0.06614481694151289,0.0
OASIS_1,RandomForest,13,test,brightness_contrast__moderate,brightness_contrast,moderate,D:\OASIS_1\distortions_32\brightness_contrast\moderate\Very_Mild_Dementia\OAS1_0166\OAS1_0166_slice_08_z057.png,Very_Mild_Dementia/OAS1_0166/OAS1_0166_slice_08_z057.png,Very Mild Dementia/OAS1_0166/OAS1_0166_slice_08_z057.png,OAS1_0166,Very Mild Dementia,1,0,Non-Demented,0,0.5771206237403013,0.28853463016559,0.12434474609410877,0.01
OASIS_1,RandomForest,13,test,brightness_contrast__moderate,brightness_contrast,moderate,D:\OASIS_1\distortions_32\brightness_contrast\moderate\Very_Mild_Dementia\OAS1_0166\OAS1_0166_slice_09_z059.png,Very_Mild_Dementia/OAS1_0166/OAS1_0166_slice_09_z059.png,Very Mild Dementia/OAS1_0166/OAS1_0166_slice_09_z059.png,OAS1_0166,Very Mild Dementia,1,0,Non-Demented,0,0.7303067187078373,0.1951596649827591,0.07453361630940385,0.0
OASIS_1,RandomForest,13,test,brightness_contrast__moderate,brightness_contrast,moderate,D:\OASIS_1\distortions_32\brightness_contrast\moderate\Very_Mild_Dementia\OAS1_0166\OAS1_0166_slice_10_z062.png,Very_Mild_Dementia/OAS1_0166/OAS1_0166_slice_10_z062.png,Very Mild Dementia/OAS1_0166/OAS1_0166_slice_10_z062.png,OAS1_0166,Very Mild Dementia,1,0,Non-Demented,0,0.45666666666666667,0.2,0.15333333333333332,0.19
OASIS_1,RandomForest,13,test,brightness_contrast__moderate,brightness_contrast,moderate,D:\OASIS_1\distortions_32\brightness_contrast\moderate\Very_Mild_Dementia\OAS1_0166\OAS1_0166_slice_11_z065.png,Very_Mild_Dementia/OAS1_0166/OAS1_0166_slice_11_z065.png,Very Mild Dementia/OAS1_0166/OAS1_0166_slice_11_z065.png,OAS1_0166,Very Mild Dementia,1,0,Non-Demented,0,0.776095661205695,0.165034973435928,0.05553603202504384,0.0033333333333333335
OASIS_1,RandomForest,13,test,brightness_contrast__moderate,brightness_contrast,moderate,D:\OASIS_1\distortions_32\brightness_contrast\moderate\Very_Mild_Dementia\OAS1_0166\OAS1_0166_slice_12_z068.png,Very_Mild_Dementia/OAS1_0166/OAS1_0166_slice_12_z068.png,Very Mild Dementia/OAS1_0166/OAS1_0166_slice_12_z068.png,OAS1_0166,Very Mild Dementia,1,0,Non-Demented,0,0.5540840345990834,0.25665885684138734,0.17259044189286282,0.016666666666666666
OASIS_1,RandomForest,13,test,brightness_contrast__moderate,brightness_contrast,moderate,D:\OASIS_1\distortions_32\brightness_contrast\moderate\Very_Mild_Dementia\OAS1_0166\OAS1_0166_slice_13_z070.png,Very_Mild_Dementia/OAS1_0166/OAS1_0166_slice_13_z070.png,Very Mild Dementia/OAS1_0166/OAS1_0166_slice_13_z070.png,OAS1_0166,Very Mild Dementia,1,0,Non-Demented,0,0.7100154619710496,0.2125288621870201,0.06745567584193032,0.01
OASIS_1,RandomForest,13,test,brightness_contrast__moderate,brightness_contrast,moderate,D:\OASIS_1\distortions_32\brightness_contrast\moderate\Very_Mild_Dementia\OAS1_0166\OAS1_0166_slice_14_z073.png,Very_Mild_Dementia/OAS1_0166/OAS1_0166_slice_14_z073.png,Very Mild Dementia/OAS1_0166/OAS1_0166_slice_14_z073.png,OAS1_0166,Very Mild Dementia,1,0,Non-Demented,0,0.7363390680205139,0.19727978723640857,0.05638114474307766,0.01
OASIS_1,RandomForest,13,test,brightness_contrast__moderate,brightness_contrast,moderate,D:\OASIS_1\distortions_32\brightness_contrast\moderate\Very_Mild_Dementia\OAS1_0166\OAS1_0166_slice_15_z076.png,Very_Mild_Dementia/OAS1_0166/OAS1_0166_slice_15_z076.png,Very Mild Dementia/OAS1_0166/OAS1_0166_slice_15_z076.png,OAS1_0166,Very Mild Dementia,1,0,Non-Demented,0,0.45404317144043166,0.2159568285595683,0.14666666666666667,0.18333333333333332
OASIS_1,RandomForest,13,test,brightness_contrast__moderate,brightness_contrast,moderate,D:\OASIS_1\distortions_32\brightness_contrast\moderate\Very_Mild_Dementia\OAS1_0166\OAS1_0166_slice_16_z078.png,Very_Mild_Dementia/OAS1_0166/OAS1_0166_slice_16_z078.png,Very Mild Dementia/OAS1_0166/OAS1_0166_slice_16_z078.png,OAS1_0166,Very Mild Dementia,1,0,Non-Demented,0,0.7695419033579083,0.17345413868755277,0.057003957954538935,0.0
OASIS_1,RandomForest,13,test,brightness_contrast__moderate,brightness_contrast,moderate,D:\OASIS_1\distortions_32\brightness_contrast\moderate\Very_Mild_Dementia\OAS1_0166\OAS1_0166_slice_17_z081.png,Very_Mild_Dementia/OAS1_0166/OAS1_0166_slice_17_z081.png,Very Mild Dementia/OAS1_0166/OAS1_0166_slice_17_z081.png,OAS1_0166,Very Mild Dementia,1,0,Non-Demented,0,0.7091727252778663,0.22972433299373454,0.05776960839506615,0.0033333333333333335
OASIS_1,RandomForest,13,test,brightness_contrast__moderate,brightness_contrast,moderate,D:\OASIS_1\distortions_32\brightness_contrast\moderate\Very_Mild_Dementia\OAS1_0166\OAS1_0166_slice_18_z084.png,Very_Mild_Dementia/OAS1_0166/OAS1_0166_slice_18_z084.png,Very Mild Dementia/OAS1_0166/OAS1_0166_slice_18_z084.png,OAS1_0166,Very Mild Dementia,1,0,Non-Demented,0,0.6938245636464083,0.25218349862218475,0.05399193773140709,0.0
OASIS_1,RandomForest,13,test,brightness_contrast__moderate,brightness_contrast,moderate,D:\OASIS_1\distortions_32\brightness_contrast\moderate\Very_Mild_Dementia\OAS1_0166\OAS1_0166_slice_19_z086.png,Very_Mild_Dementia/OAS1_0166/OAS1_0166_slice_19_z086.png,Very Mild Dementia/OAS1_0166/OAS1_0166_slice_19_z086.png,OAS1_0166,Very Mild Dementia,1,0,Non-Demented,0,0.6711199575273951,0.26446982285369086,0.06107688628558068,0.0033333333333333335
OASIS_1,RandomForest,13,test,brightness_contrast__moderate,brightness_contrast,moderate,D:\OASIS_1\distortions_32\brightness_contrast\moderate\Very_Mild_Dementia\OAS1_0166\OAS1_0166_slice_20_z089.png,Very_Mild_Dementia/OAS1_0166/OAS1_0166_slice_20_z089.png,Very Mild Dementia/OAS1_0166/OAS1_0166_slice_20_z089.png,OAS1_0166,Very Mild Dementia,1,0,Non-Demented,0,0.5900771011316306,0.33742266803646404,0.06583356416523878,0.006666666666666667
OASIS_1,RandomForest,13,test,brightness_contrast__moderate,brightness_contrast,moderate,D:\OASIS_1\distortions_32\brightness_contrast\moderate\Very_Mild_Dementia\OAS1_0210\OAS1_0210_slice_01_z038.png,Very_Mild_Dementia/OAS1_0210/OAS1_0210_slice_01_z038.png,Very Mild Dementia/OAS1_0210/OAS1_0210_slice_01_z038.png,OAS1_0210,Very Mild Dementia,1,0,Non-Demented,0,0.3897405090482555,0.2716559701076078,0.3386035208441367,0.0
OASIS_1,RandomForest,13,test,brightness_contrast__moderate,brightness_contrast,moderate,D:\OASIS_1\distortions_32\brightness_contrast\moderate\Very_Mild_Dementia\OAS1_0210\OAS1_0210_slice_02_z041.png,Very_Mild_Dementia/OAS1_0210/OAS1_0210_slice_02_z041.png,Very Mild Dementia/OAS1_0210/OAS1_0210_slice_02_z041.png,OAS1_0210,Very Mild Dementia,1,0,Non-Demented,0,0.5746479407398074,0.20810054768162095,0.21391817824523818,0.0033333333333333335
OASIS_1,RandomForest,13,test,brightness_contrast__moderate,brightness_contrast,moderate,D:\OASIS_1\distortions_32\brightness_contrast\moderate\Very_Mild_Dementia\OAS1_0210\OAS1_0210_slice_03_z043.png,Very_Mild_Dementia/OAS1_0210/OAS1_0210_slice_03_z043.png,Very Mild Dementia/OAS1_0210/OAS1_0210_slice_03_z043.png,OAS1_0210,Very Mild Dementia,1,0,Non-Demented,0,0.40609556264591656,0.2027765745062724,0.3911278628478111,0.0
OASIS_1,RandomForest,13,test,brightness_contrast__moderate,brightness_contrast,moderate,D:\OASIS_1\distortions_32\brightness_contrast\moderate\Very_Mild_Dementia\OAS1_0210\OAS1_0210_slice_04_z046.png,Very_Mild_Dementia/OAS1_0210/OAS1_0210_slice_04_z046.png,Very Mild Dementia/OAS1_0210/OAS1_0210_slice_04_z046.png,OAS1_0210,Very Mild Dementia,1,0,Non-Demented,0,0.4159458239456449,0.21019367191309865,0.16719383747458985,0.20666666666666667
OASIS_1,RandomForest,13,test,brightness_contrast__moderate,brightness_contrast,moderate,D:\OASIS_1\distortions_32\brightness_contrast\moderate\Very_Mild_Dementia\OAS1_0210\OAS1_0210_slice_05_z049.png,Very_Mild_Dementia/OAS1_0210/OAS1_0210_slice_05_z049.png,Very Mild Dementia/OAS1_0210/OAS1_0210_slice_05_z049.png,OAS1_0210,Very Mild Dementia,1,0,Non-Demented,0,0.42972132728037554,0.1829343080660003,0.3873443646536242,0.0
OASIS_1,RandomForest,13,test,brightness_contrast__moderate,brightness_contrast,moderate,D:\OASIS_1\distortions_32\brightness_contrast\moderate\Very_Mild_Dementia\OAS1_0210\OAS1_0210_slice_06_z051.png,Very_Mild_Dementia/OAS1_0210/OAS1_0210_slice_06_z051.png,Very Mild Dementia/OAS1_0210/OAS1_0210_slice_06_z051.png,OAS1_0210,Very Mild Dementia,1,0,Non-Demented,0,0.42886188951394405,0.20932048697692723,0.36181762350912866,0.0
OASIS_1,RandomForest,13,test,brightness_contrast__moderate,brightness_contrast,moderate,D:\OASIS_1\distortions_32\brightness_contrast\moderate\Very_Mild_Dementia\OAS1_0210\OAS1_0210_slice_07_z054.png,Very_Mild_Dementia/OAS1_0210/OAS1_0210_slice_07_z054.png,Very Mild Dementia/OAS1_0210/OAS1_0210_slice_07_z054.png,OAS1_0210,Very Mild Dementia,1,0,Non-Demented,0,0.4764852888531082,0.20972117596859483,0.31379353517829695,0.0
OASIS_1,RandomForest,13,test,brightness_contrast__moderate,brightness_contrast,moderate,D:\OASIS_1\distortions_32\brightness_contrast\moderate\Very_Mild_Dementia\OAS1_0210\OAS1_0210_slice_08_z057.png,Very_Mild_Dementia/OAS1_0210/OAS1_0210_slice_08_z057.png,Very Mild Dementia/OAS1_0210/OAS1_0210_slice_08_z057.png,OAS1_0210,Very Mild Dementia,1,0,Non-Demented,0,0.4118425872553857,0.1951562419386243,0.39300117080599006,0.0
OASIS_1,RandomForest,13,test,brightness_contrast__moderate,brightness_contrast,moderate,D:\OASIS_1\distortions_32\brightness_contrast\moderate\Very_Mild_Dementia\OAS1_0210\OAS1_0210_slice_09_z059.png,Very_Mild_Dementia/OAS1_0210/OAS1_0210_slice_09_z059.png,Very Mild Dementia/OAS1_0210/OAS1_0210_slice_09_z059.png,OAS1_0210,Very Mild Dementia,1,0,Non-Demented,0,0.4967619413576524,0.18277915703077782,0.32045890161156987,0.0
OASIS_1,RandomForest,13,test,brightness_contrast__moderate,brightness_contrast,moderate,D:\OASIS_1\distortions_32\brightness_contrast\moderate\Very_Mild_Dementia\OAS1_0210\OAS1_0210_slice_10_z062.png,Very_Mild_Dementia/OAS1_0210/OAS1_0210_slice_10_z062.png,Very Mild Dementia/OAS1_0210/OAS1_0210_slice_10_z062.png,OAS1_0210,Very Mild Dementia,1,0,Non-Demented,0,0.3979994851824608,0.24989063233934336,0.35210988247819586,0.0
OASIS_1,RandomForest,13,test,brightness_contrast__moderate,brightness_contrast,moderate,D:\OASIS_1\distortions_32\brightness_contrast\moderate\Very_Mild_Dementia\OAS1_0210\OAS1_0210_slice_11_z065.png,Very_Mild_Dementia/OAS1_0210/OAS1_0210_slice_11_z065.png,Very Mild Dementia/OAS1_0210/OAS1_0210_slice_11_z065.png,OAS1_0210,Very Mild Dementia,1,0,Non-Demented,0,0.3978435257256861,0.2359807497017882,0.15950905790585906,0.20666666666666667
OASIS_1,RandomForest,13,test,brightness_contrast__moderate,brightness_contrast,moderate,D:\OASIS_1\distortions_32\brightness_contrast\moderate\Very_Mild_Dementia\OAS1_0210\OAS1_0210_slice_12_z068.png,Very_Mild_Dementia/OAS1_0210/OAS1_0210_slice_12_z068.png,Very Mild Dementia/OAS1_0210/OAS1_0210_slice_12_z068.png,OAS1_0210,Very Mild Dementia,1,1,Very Mild Dementia,1,0.3615911492299703,0.38433632682408525,0.2540725239459445,0.0
OASIS_1,RandomForest,13,test,brightness_contrast__moderate,brightness_contrast,moderate,D:\OASIS_1\distortions_32\brightness_contrast\moderate\Very_Mild_Dementia\OAS1_0210\OAS1_0210_slice_13_z070.png,Very_Mild_Dementia/OAS1_0210/OAS1_0210_slice_13_z070.png,Very Mild Dementia/OAS1_0210/OAS1_0210_slice_13_z070.png,OAS1_0210,Very Mild Dementia,1,0,Non-Demented,0,0.41697474947062463,0.35870904965520833,0.22431620087416704,0.0
OASIS_1,RandomForest,13,test,brightness_contrast__moderate,brightness_contrast,moderate,D:\OASIS_1\distortions_32\brightness_contrast\moderate\Very_Mild_Dementia\OAS1_0210\OAS1_0210_slice_14_z073.png,Very_Mild_Dementia/OAS1_0210/OAS1_0210_slice_14_z073.png,Very Mild Dementia/OAS1_0210/OAS1_0210_slice_14_z073.png,OAS1_0210,Very Mild Dementia,1,0,Non-Demented,0,0.45892610643889725,0.20521347521734634,0.33586041834375663,0.0
OASIS_1,RandomForest,13,test,brightness_contrast__moderate,brightness_contrast,moderate,D:\OASIS_1\distortions_32\brightness_contrast\moderate\Very_Mild_Dementia\OAS1_0210\OAS1_0210_slice_15_z076.png,Very_Mild_Dementia/OAS1_0210/OAS1_0210_slice_15_z076.png,Very Mild Dementia/OAS1_0210/OAS1_0210_slice_15_z076.png,OAS1_0210,Very Mild Dementia,1,0,Non-Demented,0,0.404778294702645,0.21802786782276523,0.1605271708079232,0.21666666666666667
OASIS_1,RandomForest,13,test,brightness_contrast__moderate,brightness_contrast,moderate,D:\OASIS_1\distortions_32\brightness_contrast\moderate\Very_Mild_Dementia\OAS1_0210\OAS1_0210_slice_16_z078.png,Very_Mild_Dementia/OAS1_0210/OAS1_0210_slice_16_z078.png,Very Mild Dementia/OAS1_0210/OAS1_0210_slice_16_z078.png,OAS1_0210,Very Mild Dementia,1,0,Non-Demented,0,0.4342835323256057,0.21047009285848986,0.35524637481590465,0.0
OASIS_1,RandomForest,13,test,brightness_contrast__moderate,brightness_contrast,moderate,D:\OASIS_1\distortions_32\brightness_contrast\moderate\Very_Mild_Dementia\OAS1_0210\OAS1_0210_slice_17_z081.png,Very_Mild_Dementia/OAS1_0210/OAS1_0210_slice_17_z081.png,Very Mild Dementia/OAS1_0210/OAS1_0210_slice_17_z081.png,OAS1_0210,Very Mild Dementia,1,1,Very Mild Dementia,1,0.4108992141393515,0.43496591875849494,0.1541348671021536,0.0
OASIS_1,RandomForest,13,test,brightness_contrast__moderate,brightness_contrast,moderate,D:\OASIS_1\distortions_32\brightness_contrast\moderate\Very_Mild_Dementia\OAS1_0210\OAS1_0210_slice_18_z084.png,Very_Mild_Dementia/OAS1_0210/OAS1_0210_slice_18_z084.png,Very Mild Dementia/OAS1_0210/OAS1_0210_slice_18_z084.png,OAS1_0210,Very Mild Dementia,1,0,Non-Demented,0,0.5069438421716491,0.2309831968158105,0.2620729610125399,0.0
OASIS_1,RandomForest,13,test,brightness_contrast__moderate,brightness_contrast,moderate,D:\OASIS_1\distortions_32\brightness_contrast\moderate\Very_Mild_Dementia\OAS1_0210\OAS1_0210_slice_19_z086.png,Very_Mild_Dementia/OAS1_0210/OAS1_0210_slice_19_z086.png,Very Mild Dementia/OAS1_0210/OAS1_0210_slice_19_z086.png,OAS1_0210,Very Mild Dementia,1,0,Non-Demented,0,0.40439234588739975,0.2254482465805295,0.1534927408654041,0.21666666666666667
OASIS_1,RandomForest,13,test,brightness_contrast__moderate,brightness_contrast,moderate,D:\OASIS_1\distortions_32\brightness_contrast\moderate\Very_Mild_Dementia\OAS1_0210\OAS1_0210_slice_20_z089.png,Very_Mild_Dementia/OAS1_0210/OAS1_0210_slice_20_z089.png,Very Mild Dementia/OAS1_0210/OAS1_0210_slice_20_z089.png,OAS1_0210,Very Mild Dementia,1,1,Very Mild Dementia,1,0.3755414427065756,0.5370194973583583,0.08743905993506607,0.0
OASIS_1,RandomForest,13,test,brightness_contrast__moderate,brightness_contrast,moderate,D:\OASIS_1\distortions_32\brightness_contrast\moderate\Very_Mild_Dementia\OAS1_0287\OAS1_0287_slice_01_z038.png,Very_Mild_Dementia/OAS1_0287/OAS1_0287_slice_01_z038.png,Very Mild Dementia/OAS1_0287/OAS1_0287_slice_01_z038.png,OAS1_0287,Very Mild Dementia,1,1,Very Mild Dementia,1,0.34127443604793883,0.553998196938344,0.10472736701371764,0.0
OASIS_1,RandomForest,13,test,brightness_contrast__moderate,brightness_contrast,moderate,D:\OASIS_1\distortions_32\brightness_contrast\moderate\Very_Mild_Dementia\OAS1_0287\OAS1_0287_slice_02_z041.png,Very_Mild_Dementia/OAS1_0287/OAS1_0287_slice_02_z041.png,Very Mild Dementia/OAS1_0287/OAS1_0287_slice_02_z041.png,OAS1_0287,Very Mild Dementia,1,0,Non-Demented,0,0.41683795403879287,0.2069151672398378,0.15958021205470266,0.21666666666666667
OASIS_1,RandomForest,13,test,brightness_contrast__moderate,brightness_contrast,moderate,D:\OASIS_1\distortions_32\brightness_contrast\moderate\Very_Mild_Dementia\OAS1_0287\OAS1_0287_slice_03_z043.png,Very_Mild_Dementia/OAS1_0287/OAS1_0287_slice_03_z043.png,Very Mild Dementia/OAS1_0287/OAS1_0287_slice_03_z043.png,OAS1_0287,Very Mild Dementia,1,1,Very Mild Dementia,1,0.2934186449396465,0.6453903381827077,0.06119101687764569,0.0
OASIS_1,RandomForest,13,test,brightness_contrast__moderate,brightness_contrast,moderate,D:\OASIS_1\distortions_32\brightness_contrast\moderate\Very_Mild_Dementia\OAS1_0287\OAS1_0287_slice_04_z046.png,Very_Mild_Dementia/OAS1_0287/OAS1_0287_slice_04_z046.png,Very Mild Dementia/OAS1_0287/OAS1_0287_slice_04_z046.png,OAS1_0287,Very Mild Dementia,1,0,Non-Demented,0,0.43781132281745555,0.22260846512784183,0.142913545388036,0.19666666666666666
OASIS_1,RandomForest,13,test,brightness_contrast__moderate,brightness_contrast,moderate,D:\OASIS_1\distortions_32\brightness_contrast\moderate\Very_Mild_Dementia\OAS1_0287\OAS1_0287_slice_05_z049.png,Very_Mild_Dementia/OAS1_0287/OAS1_0287_slice_05_z049.png,Very Mild Dementia/OAS1_0287/OAS1_0287_slice_05_z049.png,OAS1_0287,Very Mild Dementia,1,0,Non-Demented,0,0.440536371368025,0.21572543609290146,0.15040485920574018,0.19333333333333333
OASIS_1,RandomForest,13,test,brightness_contrast__moderate,brightness_contrast,moderate,D:\OASIS_1\distortions_32\brightness_contrast\moderate\Very_Mild_Dementia\OAS1_0287\OAS1_0287_slice_06_z051.png,Very_Mild_Dementia/OAS1_0287/OAS1_0287_slice_06_z051.png,Very Mild Dementia/OAS1_0287/OAS1_0287_slice_06_z051.png,OAS1_0287,Very Mild Dementia,1,0,Non-Demented,0,0.5293685836605084,0.4156065324984821,0.0516915505076757,0.0033333333333333335
OASIS_1,RandomForest,13,test,brightness_contrast__moderate,brightness_contrast,moderate,D:\OASIS_1\distortions_32\brightness_contrast\moderate\Very_Mild_Dementia\OAS1_0287\OAS1_0287_slice_07_z054.png,Very_Mild_Dementia/OAS1_0287/OAS1_0287_slice_07_z054.png,Very Mild Dementia/OAS1_0287/OAS1_0287_slice_07_z054.png,OAS1_0287,Very Mild Dementia,1,1,Very Mild Dementia,1,0.3357348704820473,0.600836200120222,0.06342892939773061,0.0
OASIS_1,RandomForest,13,test,brightness_contrast__moderate,brightness_contrast,moderate,D:\OASIS_1\distortions_32\brightness_contrast\moderate\Very_Mild_Dementia\OAS1_0287\OAS1_0287_slice_08_z057.png,Very_Mild_Dementia/OAS1_0287/OAS1_0287_slice_08_z057.png,Very Mild Dementia/OAS1_0287/OAS1_0287_slice_08_z057.png,OAS1_0287,Very Mild Dementia,1,1,Very Mild Dementia,1,0.3524450387866513,0.5624892031782135,0.08506575803513515,0.0
OASIS_1,RandomForest,13,test,brightness_contrast__moderate,brightness_contrast,moderate,D:\OASIS_1\distortions_32\brightness_contrast\moderate\Very_Mild_Dementia\OAS1_0287\OAS1_0287_slice_09_z059.png,Very_Mild_Dementia/OAS1_0287/OAS1_0287_slice_09_z059.png,Very Mild Dementia/OAS1_0287/OAS1_0287_slice_09_z059.png,OAS1_0287,Very Mild Dementia,1,1,Very Mild Dementia,1,0.28939088337675123,0.5985637264284288,0.11204539019481989,0.0
OASIS_1,RandomForest,13,test,brightness_contrast__moderate,brightness_contrast,moderate,D:\OASIS_1\distortions_32\brightness_contrast\moderate\Very_Mild_Dementia\OAS1_0287\OAS1_0287_slice_10_z062.png,Very_Mild_Dementia/OAS1_0287/OAS1_0287_slice_10_z062.png,Very Mild Dementia/OAS1_0287/OAS1_0287_slice_10_z062.png,OAS1_0287,Very Mild Dementia,1,0,Non-Demented,0,0.47629808717511896,0.4239457957720429,0.09975611705283788,0.0
OASIS_1,RandomForest,13,test,brightness_contrast__moderate,brightness_contrast,moderate,D:\OASIS_1\distortions_32\brightness_contrast\moderate\Very_Mild_Dementia\OAS1_0287\OAS1_0287_slice_11_z065.png,Very_Mild_Dementia/OAS1_0287/OAS1_0287_slice_11_z065.png,Very Mild Dementia/OAS1_0287/OAS1_0287_slice_11_z065.png,OAS1_0287,Very Mild Dementia,1,1,Very Mild Dementia,1,0.38259283131082483,0.5248361997139199,0.09257096897525495,0.0
OASIS_1,RandomForest,13,test,brightness_contrast__moderate,brightness_contrast,moderate,D:\OASIS_1\distortions_32\brightness_contrast\moderate\Very_Mild_Dementia\OAS1_0287\OAS1_0287_slice_12_z068.png,Very_Mild_Dementia/OAS1_0287/OAS1_0287_slice_12_z068.png,Very Mild Dementia/OAS1_0287/OAS1_0287_slice_12_z068.png,OAS1_0287,Very Mild Dementia,1,1,Very Mild Dementia,1,0.28081808899550026,0.6331412665313704,0.08604064447312934,0.0
OASIS_1,RandomForest,13,test,brightness_contrast__moderate,brightness_contrast,moderate,D:\OASIS_1\distortions_32\brightness_contrast\moderate\Very_Mild_Dementia\OAS1_0287\OAS1_0287_slice_13_z070.png,Very_Mild_Dementia/OAS1_0287/OAS1_0287_slice_13_z070.png,Very Mild Dementia/OAS1_0287/OAS1_0287_slice_13_z070.png,OAS1_0287,Very Mild Dementia,1,1,Very Mild Dementia,1,0.42809962778351734,0.48918226869953324,0.0827181035169492,0.0
OASIS_1,RandomForest,13,test,brightness_contrast__moderate,brightness_contrast,moderate,D:\OASIS_1\distortions_32\brightness_contrast\moderate\Very_Mild_Dementia\OAS1_0287\OAS1_0287_slice_14_z073.png,Very_Mild_Dementia/OAS1_0287/OAS1_0287_slice_14_z073.png,Very Mild Dementia/OAS1_0287/OAS1_0287_slice_14_z073.png,OAS1_0287,Very Mild Dementia,1,1,Very Mild Dementia,1,0.25612398170510403,0.6187339406845197,0.12514207761037618,0.0
OASIS_1,RandomForest,13,test,brightness_contrast__moderate,brightness_contrast,moderate,D:\OASIS_1\distortions_32\brightness_contrast\moderate\Very_Mild_Dementia\OAS1_0287\OAS1_0287_slice_15_z076.png,Very_Mild_Dementia/OAS1_0287/OAS1_0287_slice_15_z076.png,Very Mild Dementia/OAS1_0287/OAS1_0287_slice_15_z076.png,OAS1_0287,Very Mild Dementia,1,1,Very Mild Dementia,1,0.2810318084426412,0.6541397936625678,0.06482839789479088,0.0
OASIS_1,RandomForest,13,test,brightness_contrast__moderate,brightness_contrast,moderate,D:\OASIS_1\distortions_32\brightness_contrast\moderate\Very_Mild_Dementia\OAS1_0287\OAS1_0287_slice_16_z078.png,Very_Mild_Dementia/OAS1_0287/OAS1_0287_slice_16_z078.png,Very Mild Dementia/OAS1_0287/OAS1_0287_slice_16_z078.png,OAS1_0287,Very Mild Dementia,1,0,Non-Demented,0,0.4699568269224141,0.4694669471952334,0.06057622588235237,0.0
OASIS_1,RandomForest,13,test,brightness_contrast__moderate,brightness_contrast,moderate,D:\OASIS_1\distortions_32\brightness_contrast\moderate\Very_Mild_Dementia\OAS1_0287\OAS1_0287_slice_17_z081.png,Very_Mild_Dementia/OAS1_0287/OAS1_0287_slice_17_z081.png,Very Mild Dementia/OAS1_0287/OAS1_0287_slice_17_z081.png,OAS1_0287,Very Mild Dementia,1,0,Non-Demented,0,0.4304951306723452,0.24221906232443965,0.1439524736698819,0.18333333333333332
OASIS_1,RandomForest,13,test,brightness_contrast__moderate,brightness_contrast,moderate,D:\OASIS_1\distortions_32\brightness_contrast\moderate\Very_Mild_Dementia\OAS1_0287\OAS1_0287_slice_18_z084.png,Very_Mild_Dementia/OAS1_0287/OAS1_0287_slice_18_z084.png,Very Mild Dementia/OAS1_0287/OAS1_0287_slice_18_z084.png,OAS1_0287,Very Mild Dementia,1,1,Very Mild Dementia,1,0.24271171772420394,0.7081335332373743,0.04915474903842169,0.0
OASIS_1,RandomForest,13,test,brightness_contrast__moderate,brightness_contrast,moderate,D:\OASIS_1\distortions_32\brightness_contrast\moderate\Very_Mild_Dementia\OAS1_0287\OAS1_0287_slice_19_z086.png,Very_Mild_Dementia/OAS1_0287/OAS1_0287_slice_19_z086.png,Very Mild Dementia/OAS1_0287/OAS1_0287_slice_19_z086.png,OAS1_0287,Very Mild Dementia,1,1,Very Mild Dementia,1,0.24136903648765676,0.6850325708075821,0.07359839270476136,0.0
OASIS_1,RandomForest,13,test,brightness_contrast__moderate,brightness_contrast,moderate,D:\OASIS_1\distortions_32\brightness_contrast\moderate\Very_Mild_Dementia\OAS1_0287\OAS1_0287_slice_20_z089.png,Very_Mild_Dementia/OAS1_0287/OAS1_0287_slice_20_z089.png,Very Mild Dementia/OAS1_0287/OAS1_0287_slice_20_z089.png,OAS1_0287,Very Mild Dementia,1,0,Non-Demented,0,0.4282758913350495,0.20806911133818293,0.15365499732676757,0.21
OASIS_1,RandomForest,13,test,brightness_contrast__moderate,brightness_contrast,moderate,D:\OASIS_1\distortions_32\brightness_contrast\moderate\Very_Mild_Dementia\OAS1_0312\OAS1_0312_slice_01_z038.png,Very_Mild_Dementia/OAS1_0312/OAS1_0312_slice_01_z038.png,Very Mild Dementia/OAS1_0312/OAS1_0312_slice_01_z038.png,OAS1_0312,Very Mild Dementia,1,0,Non-Demented,0,0.5613999305084385,0.2898257136794065,0.14544102247882176,0.0033333333333333335
OASIS_1,RandomForest,13,test,brightness_contrast__moderate,brightness_contrast,moderate,D:\OASIS_1\distortions_32\brightness_contrast\moderate\Very_Mild_Dementia\OAS1_0312\OAS1_0312_slice_02_z041.png,Very_Mild_Dementia/OAS1_0312/OAS1_0312_slice_02_z041.png,Very Mild Dementia/OAS1_0312/OAS1_0312_slice_02_z041.png,OAS1_0312,Very Mild Dementia,1,0,Non-Demented,0,0.44006502208813375,0.1888226929836188,0.17777895159491414,0.19333333333333333
OASIS_1,RandomForest,13,test,brightness_contrast__moderate,brightness_contrast,moderate,D:\OASIS_1\distortions_32\brightness_contrast\moderate\Very_Mild_Dementia\OAS1_0312\OAS1_0312_slice_03_z043.png,Very_Mild_Dementia/OAS1_0312/OAS1_0312_slice_03_z043.png,Very Mild Dementia/OAS1_0312/OAS1_0312_slice_03_z043.png,OAS1_0312,Very Mild Dementia,1,0,Non-Demented,0,0.5558725795230828,0.31148141900853593,0.13264600146838149,0.0
OASIS_1,RandomForest,13,test,brightness_contrast__moderate,brightness_contrast,moderate,D:\OASIS_1\distortions_32\brightness_contrast\moderate\Very_Mild_Dementia\OAS1_0312\OAS1_0312_slice_04_z046.png,Very_Mild_Dementia/OAS1_0312/OAS1_0312_slice_04_z046.png,Very Mild Dementia/OAS1_0312/OAS1_0312_slice_04_z046.png,OAS1_0312,Very Mild Dementia,1,0,Non-Demented,0,0.5162176524216461,0.3372585810325423,0.1431904332124783,0.0033333333333333335
OASIS_1,RandomForest,13,test,brightness_contrast__moderate,brightness_contrast,moderate,D:\OASIS_1\distortions_32\brightness_contrast\moderate\Very_Mild_Dementia\OAS1_0312\OAS1_0312_slice_05_z049.png,Very_Mild_Dementia/OAS1_0312/OAS1_0312_slice_05_z049.png,Very Mild Dementia/OAS1_0312/OAS1_0312_slice_05_z049.png,OAS1_0312,Very Mild Dementia,1,0,Non-Demented,0,0.7256800671132123,0.08979019215566178,0.174529740731126,0.01
OASIS_1,RandomForest,13,test,brightness_contrast__moderate,brightness_contrast,moderate,D:\OASIS_1\distortions_32\brightness_contrast\moderate\Very_Mild_Dementia\OAS1_0312\OAS1_0312_slice_06_z051.png,Very_Mild_Dementia/OAS1_0312/OAS1_0312_slice_06_z051.png,Very Mild Dementia/OAS1_0312/OAS1_0312_slice_06_z051.png,OAS1_0312,Very Mild Dementia,1,0,Non-Demented,0,0.6735168106410456,0.203168011121129,0.11998184490449239,0.0033333333333333335
OASIS_1,RandomForest,13,test,brightness_contrast__moderate,brightness_contrast,moderate,D:\OASIS_1\distortions_32\brightness_contrast\moderate\Very_Mild_Dementia\OAS1_0312\OAS1_0312_slice_07_z054.png,Very_Mild_Dementia/OAS1_0312/OAS1_0312_slice_07_z054.png,Very Mild Dementia/OAS1_0312/OAS1_0312_slice_07_z054.png,OAS1_0312,Very Mild Dementia,1,0,Non-Demented,0,0.7552689142246685,0.08827855517996747,0.14978586392869744,0.006666666666666667
OASIS_1,RandomForest,13,test,brightness_contrast__moderate,brightness_contrast,moderate,D:\OASIS_1\distortions_32\brightness_contrast\moderate\Very_Mild_Dementia\OAS1_0312\OAS1_0312_slice_08_z057.png,Very_Mild_Dementia/OAS1_0312/OAS1_0312_slice_08_z057.png,Very Mild Dementia/OAS1_0312/OAS1_0312_slice_08_z057.png,OAS1_0312,Very Mild Dementia,1,0,Non-Demented,0,0.6724978155100629,0.21105174583277064,0.11645043865716662,0.0
OASIS_1,RandomForest,13,test,brightness_contrast__moderate,brightness_contrast,moderate,D:\OASIS_1\distortions_32\brightness_contrast\moderate\Very_Mild_Dementia\OAS1_0312\OAS1_0312_slice_09_z059.png,Very_Mild_Dementia/OAS1_0312/OAS1_0312_slice_09_z059.png,Very Mild Dementia/OAS1_0312/OAS1_0312_slice_09_z059.png,OAS1_0312,Very Mild Dementia,1,0,Non-Demented,0,0.5886675981028702,0.2802927546311766,0.12770631393261997,0.0033333333333333335
OASIS_1,RandomForest,13,test,brightness_contrast__moderate,brightness_contrast,moderate,D:\OASIS_1\distortions_32\brightness_contrast\moderate\Very_Mild_Dementia\OAS1_0312\OAS1_0312_slice_10_z062.png,Very_Mild_Dementia/OAS1_0312/OAS1_0312_slice_10_z062.png,Very Mild Dementia/OAS1_0312/OAS1_0312_slice_10_z062.png,OAS1_0312,Very Mild Dementia,1,0,Non-Demented,0,0.6164766231750748,0.22230531642885276,0.15455139372940588,0.006666666666666667
OASIS_1,RandomForest,13,test,brightness_contrast__moderate,brightness_contrast,moderate,D:\OASIS_1\distortions_32\brightness_contrast\moderate\Very_Mild_Dementia\OAS1_0312\OAS1_0312_slice_11_z065.png,Very_Mild_Dementia/OAS1_0312/OAS1_0312_slice_11_z065.png,Very Mild Dementia/OAS1_0312/OAS1_0312_slice_11_z065.png,OAS1_0312,Very Mild Dementia,1,0,Non-Demented,0,0.6547018332141437,0.18725521883524576,0.1547096146172773,0.0033333333333333335
OASIS_1,RandomForest,13,test,brightness_contrast__moderate,brightness_contrast,moderate,D:\OASIS_1\distortions_32\brightness_contrast\moderate\Very_Mild_Dementia\OAS1_0312\OAS1_0312_slice_12_z068.png,Very_Mild_Dementia/OAS1_0312/OAS1_0312_slice_12_z068.png,Very Mild Dementia/OAS1_0312/OAS1_0312_slice_12_z068.png,OAS1_0312,Very Mild Dementia,1,0,Non-Demented,0,0.5477020388499956,0.30130573681092604,0.14765889100574522,0.0033333333333333335
OASIS_1,RandomForest,13,test,brightness_contrast__moderate,brightness_contrast,moderate,D:\OASIS_1\distortions_32\brightness_contrast\moderate\Very_Mild_Dementia\OAS1_0312\OAS1_0312_slice_13_z070.png,Very_Mild_Dementia/OAS1_0312/OAS1_0312_slice_13_z070.png,Very Mild Dementia/OAS1_0312/OAS1_0312_slice_13_z070.png,OAS1_0312,Very Mild Dementia,1,0,Non-Demented,0,0.534284636244151,0.3034995670571309,0.15888246336538503,0.0033333333333333335
OASIS_1,RandomForest,13,test,brightness_contrast__moderate,brightness_contrast,moderate,D:\OASIS_1\distortions_32\brightness_contrast\moderate\Very_Mild_Dementia\OAS1_0312\OAS1_0312_slice_14_z073.png,Very_Mild_Dementia/OAS1_0312/OAS1_0312_slice_14_z073.png,Very Mild Dementia/OAS1_0312/OAS1_0312_slice_14_z073.png,OAS1_0312,Very Mild Dementia,1,0,Non-Demented,0,0.4467316887548004,0.20215602631695215,0.17444561826158078,0.17666666666666667
OASIS_1,RandomForest,13,test,brightness_contrast__moderate,brightness_contrast,moderate,D:\OASIS_1\distortions_32\brightness_contrast\moderate\Very_Mild_Dementia\OAS1_0312\OAS1_0312_slice_15_z076.png,Very_Mild_Dementia/OAS1_0312/OAS1_0312_slice_15_z076.png,Very Mild Dementia/OAS1_0312/OAS1_0312_slice_15_z076.png,OAS1_0312,Very Mild Dementia,1,0,Non-Demented,0,0.6305205969953821,0.2008978346302711,0.16858156837434699,0.0
OASIS_1,RandomForest,13,test,brightness_contrast__moderate,brightness_contrast,moderate,D:\OASIS_1\distortions_32\brightness_contrast\moderate\Very_Mild_Dementia\OAS1_0312\OAS1_0312_slice_16_z078.png,Very_Mild_Dementia/OAS1_0312/OAS1_0312_slice_16_z078.png,Very Mild Dementia/OAS1_0312/OAS1_0312_slice_16_z078.png,OAS1_0312,Very Mild Dementia,1,0,Non-Demented,0,0.6391215726011936,0.11707939476764162,0.2337990326311647,0.01
OASIS_1,RandomForest,13,test,brightness_contrast__moderate,brightness_contrast,moderate,D:\OASIS_1\distortions_32\brightness_contrast\moderate\Very_Mild_Dementia\OAS1_0312\OAS1_0312_slice_17_z081.png,Very_Mild_Dementia/OAS1_0312/OAS1_0312_slice_17_z081.png,Very Mild Dementia/OAS1_0312/OAS1_0312_slice_17_z081.png,OAS1_0312,Very Mild Dementia,1,0,Non-Demented,0,0.4819667015634053,0.3088304532845355,0.20253617848539254,0.006666666666666667
OASIS_1,RandomForest,13,test,brightness_contrast__moderate,brightness_contrast,moderate,D:\OASIS_1\distortions_32\brightness_contrast\moderate\Very_Mild_Dementia\OAS1_0312\OAS1_0312_slice_18_z084.png,Very_Mild_Dementia/OAS1_0312/OAS1_0312_slice_18_z084.png,Very Mild Dementia/OAS1_0312/OAS1_0312_slice_18_z084.png,OAS1_0312,Very Mild Dementia,1,0,Non-Demented,0,0.4131712396507778,0.18682876034922222,0.17666666666666667,0.22333333333333333
OASIS_1,RandomForest,13,test,brightness_contrast__moderate,brightness_contrast,moderate,D:\OASIS_1\distortions_32\brightness_contrast\moderate\Very_Mild_Dementia\OAS1_0312\OAS1_0312_slice_19_z086.png,Very_Mild_Dementia/OAS1_0312/OAS1_0312_slice_19_z086.png,Very Mild Dementia/OAS1_0312/OAS1_0312_slice_19_z086.png,OAS1_0312,Very Mild Dementia,1,0,Non-Demented,0,0.4484058191155058,0.2980861620544904,0.24684135216333714,0.006666666666666667
OASIS_1,RandomForest,13,test,brightness_contrast__moderate,brightness_contrast,moderate,D:\OASIS_1\distortions_32\brightness_contrast\moderate\Very_Mild_Dementia\OAS1_0312\OAS1_0312_slice_20_z089.png,Very_Mild_Dementia/OAS1_0312/OAS1_0312_slice_20_z089.png,Very Mild Dementia/OAS1_0312/OAS1_0312_slice_20_z089.png,OAS1_0312,Very Mild Dementia,1,0,Non-Demented,0,0.5238136851203917,0.26237068620742793,0.19381562867218052,0.02
OASIS_1,RandomForest,13,test,brightness_contrast__moderate,brightness_contrast,moderate,D:\OASIS_1\distortions_32\brightness_contrast\moderate\Very_Mild_Dementia\OAS1_0380\OAS1_0380_slice_01_z038.png,Very_Mild_Dementia/OAS1_0380/OAS1_0380_slice_01_z038.png,Very Mild Dementia/OAS1_0380/OAS1_0380_slice_01_z038.png,OAS1_0380,Very Mild Dementia,1,0,Non-Demented,0,0.5147337284123908,0.35403385279380845,0.13123241879380054,0.0
OASIS_1,RandomForest,13,test,brightness_contrast__moderate,brightness_contrast,moderate,D:\OASIS_1\distortions_32\brightness_contrast\moderate\Very_Mild_Dementia\OAS1_0380\OAS1_0380_slice_02_z041.png,Very_Mild_Dementia/OAS1_0380/OAS1_0380_slice_02_z041.png,Very Mild Dementia/OAS1_0380/OAS1_0380_slice_02_z041.png,OAS1_0380,Very Mild Dementia,1,0,Non-Demented,0,0.373646211064597,0.31160720598659214,0.3147465829488107,0.0
OASIS_1,RandomForest,13,test,brightness_contrast__moderate,brightness_contrast,moderate,D:\OASIS_1\distortions_32\brightness_contrast\moderate\Very_Mild_Dementia\OAS1_0380\OAS1_0380_slice_03_z043.png,Very_Mild_Dementia/OAS1_0380/OAS1_0380_slice_03_z043.png,Very Mild Dementia/OAS1_0380/OAS1_0380_slice_03_z043.png,OAS1_0380,Very Mild Dementia,1,0,Non-Demented,0,0.43461418122839535,0.25205248543827136,0.15333333333333332,0.16
OASIS_1,RandomForest,13,test,brightness_contrast__moderate,brightness_contrast,moderate,D:\OASIS_1\distortions_32\brightness_contrast\moderate\Very_Mild_Dementia\OAS1_0380\OAS1_0380_slice_04_z046.png,Very_Mild_Dementia/OAS1_0380/OAS1_0380_slice_04_z046.png,Very Mild Dementia/OAS1_0380/OAS1_0380_slice_04_z046.png,OAS1_0380,Very Mild Dementia,1,0,Non-Demented,0,0.3788335111890567,0.3188435311597923,0.30232295765115097,0.0
OASIS_1,RandomForest,13,test,brightness_contrast__moderate,brightness_contrast,moderate,D:\OASIS_1\distortions_32\brightness_contrast\moderate\Very_Mild_Dementia\OAS1_0380\OAS1_0380_slice_05_z049.png,Very_Mild_Dementia/OAS1_0380/OAS1_0380_slice_05_z049.png,Very Mild Dementia/OAS1_0380/OAS1_0380_slice_05_z049.png,OAS1_0380,Very Mild Dementia,1,0,Non-Demented,0,0.4288360077857394,0.2176712513488565,0.17682607419873742,0.17666666666666667
OASIS_1,RandomForest,13,test,brightness_contrast__moderate,brightness_contrast,moderate,D:\OASIS_1\distortions_32\brightness_contrast\moderate\Very_Mild_Dementia\OAS1_0380\OAS1_0380_slice_06_z051.png,Very_Mild_Dementia/OAS1_0380/OAS1_0380_slice_06_z051.png,Very Mild Dementia/OAS1_0380/OAS1_0380_slice_06_z051.png,OAS1_0380,Very Mild Dementia,1,0,Non-Demented,0,0.40900012125998897,0.2336466337333504,0.1773532450066606,0.18
OASIS_1,RandomForest,13,test,brightness_contrast__moderate,brightness_contrast,moderate,D:\OASIS_1\distortions_32\brightness_contrast\moderate\Very_Mild_Dementia\OAS1_0380\OAS1_0380_slice_07_z054.png,Very_Mild_Dementia/OAS1_0380/OAS1_0380_slice_07_z054.png,Very Mild Dementia/OAS1_0380/OAS1_0380_slice_07_z054.png,OAS1_0380,Very Mild Dementia,1,0,Non-Demented,0,0.37552338824390047,0.33570649363532007,0.28877011812077913,0.0
OASIS_1,RandomForest,13,test,brightness_contrast__moderate,brightness_contrast,moderate,D:\OASIS_1\distortions_32\brightness_contrast\moderate\Very_Mild_Dementia\OAS1_0380\OAS1_0380_slice_08_z057.png,Very_Mild_Dementia/OAS1_0380/OAS1_0380_slice_08_z057.png,Very Mild Dementia/OAS1_0380/OAS1_0380_slice_08_z057.png,OAS1_0380,Very Mild Dementia,1,1,Very Mild Dementia,1,0.37191294031559463,0.40945258564750203,0.21530114070357015,0.0033333333333333335
OASIS_1,RandomForest,13,test,brightness_contrast__moderate,brightness_contrast,moderate,D:\OASIS_1\distortions_32\brightness_contrast\moderate\Very_Mild_Dementia\OAS1_0380\OAS1_0380_slice_09_z059.png,Very_Mild_Dementia/OAS1_0380/OAS1_0380_slice_09_z059.png,Very Mild Dementia/OAS1_0380/OAS1_0380_slice_09_z059.png,OAS1_0380,Very Mild Dementia,1,0,Non-Demented,0,0.3795057217254872,0.32154738566433705,0.29894689261017576,0.0
OASIS_1,RandomForest,13,test,brightness_contrast__moderate,brightness_contrast,moderate,D:\OASIS_1\distortions_32\brightness_contrast\moderate\Very_Mild_Dementia\OAS1_0380\OAS1_0380_slice_10_z062.png,Very_Mild_Dementia/OAS1_0380/OAS1_0380_slice_10_z062.png,Very Mild Dementia/OAS1_0380/OAS1_0380_slice_10_z062.png,OAS1_0380,Very Mild Dementia,1,0,Non-Demented,0,0.40215074601586603,0.23430163951999228,0.16688094779747503,0.19666666666666666
OASIS_1,RandomForest,13,test,brightness_contrast__moderate,brightness_contrast,moderate,D:\OASIS_1\distortions_32\brightness_contrast\moderate\Very_Mild_Dementia\OAS1_0380\OAS1_0380_slice_11_z065.png,Very_Mild_Dementia/OAS1_0380/OAS1_0380_slice_11_z065.png,Very Mild Dementia/OAS1_0380/OAS1_0380_slice_11_z065.png,OAS1_0380,Very Mild Dementia,1,2,Mild Dementia,0,0.2792322304687299,0.35408705254760525,0.3666807169836653,0.0
OASIS_1,RandomForest,13,test,brightness_contrast__moderate,brightness_contrast,moderate,D:\OASIS_1\distortions_32\brightness_contrast\moderate\Very_Mild_Dementia\OAS1_0380\OAS1_0380_slice_12_z068.png,Very_Mild_Dementia/OAS1_0380/OAS1_0380_slice_12_z068.png,Very Mild Dementia/OAS1_0380/OAS1_0380_slice_12_z068.png,OAS1_0380,Very Mild Dementia,1,1,Very Mild Dementia,1,0.3552664649000064,0.36943313952172313,0.27530039557827063,0.0
OASIS_1,RandomForest,13,test,brightness_contrast__moderate,brightness_contrast,moderate,D:\OASIS_1\distortions_32\brightness_contrast\moderate\Very_Mild_Dementia\OAS1_0380\OAS1_0380_slice_13_z070.png,Very_Mild_Dementia/OAS1_0380/OAS1_0380_slice_13_z070.png,Very Mild Dementia/OAS1_0380/OAS1_0380_slice_13_z070.png,OAS1_0380,Very Mild Dementia,1,0,Non-Demented,0,0.41299273288981164,0.22375712898916097,0.17991680478769406,0.18333333333333332
OASIS_1,RandomForest,13,test,brightness_contrast__moderate,brightness_contrast,moderate,D:\OASIS_1\distortions_32\brightness_contrast\moderate\Very_Mild_Dementia\OAS1_0380\OAS1_0380_slice_14_z073.png,Very_Mild_Dementia/OAS1_0380/OAS1_0380_slice_14_z073.png,Very Mild Dementia/OAS1_0380/OAS1_0380_slice_14_z073.png,OAS1_0380,Very Mild Dementia,1,1,Very Mild Dementia,1,0.346894609741247,0.39490737201693504,0.25819801824181826,0.0
OASIS_1,RandomForest,13,test,brightness_contrast__moderate,brightness_contrast,moderate,D:\OASIS_1\distortions_32\brightness_contrast\moderate\Very_Mild_Dementia\OAS1_0380\OAS1_0380_slice_15_z076.png,Very_Mild_Dementia/OAS1_0380/OAS1_0380_slice_15_z076.png,Very Mild Dementia/OAS1_0380/OAS1_0380_slice_15_z076.png,OAS1_0380,Very Mild Dementia,1,0,Non-Demented,0,0.4479475145617287,0.218719152104938,0.17333333333333334,0.16
OASIS_1,RandomForest,13,test,brightness_contrast__moderate,brightness_contrast,moderate,D:\OASIS_1\distortions_32\brightness_contrast\moderate\Very_Mild_Dementia\OAS1_0380\OAS1_0380_slice_16_z078.png,Very_Mild_Dementia/OAS1_0380/OAS1_0380_slice_16_z078.png,Very Mild Dementia/OAS1_0380/OAS1_0380_slice_16_z078.png,OAS1_0380,Very Mild Dementia,1,1,Very Mild Dementia,1,0.3601280961672875,0.41793753844073306,0.2219343653919798,0.0
OASIS_1,RandomForest,13,test,brightness_contrast__moderate,brightness_contrast,moderate,D:\OASIS_1\distortions_32\brightness_contrast\moderate\Very_Mild_Dementia\OAS1_0380\OAS1_0380_slice_17_z081.png,Very_Mild_Dementia/OAS1_0380/OAS1_0380_slice_17_z081.png,Very Mild Dementia/OAS1_0380/OAS1_0380_slice_17_z081.png,OAS1_0380,Very Mild Dementia,1,0,Non-Demented,0,0.408528183911142,0.38042404574624034,0.2077144370092847,0.0033333333333333335
OASIS_1,RandomForest,13,test,brightness_contrast__moderate,brightness_contrast,moderate,D:\OASIS_1\distortions_32\brightness_contrast\moderate\Very_Mild_Dementia\OAS1_0380\OAS1_0380_slice_18_z084.png,Very_Mild_Dementia/OAS1_0380/OAS1_0380_slice_18_z084.png,Very Mild Dementia/OAS1_0380/OAS1_0380_slice_18_z084.png,OAS1_0380,Very Mild Dementia,1,0,Non-Demented,0,0.4437233812866632,0.22627661871333685,0.15333333333333332,0.17666666666666667
OASIS_1,RandomForest,13,test,brightness_contrast__moderate,brightness_contrast,moderate,D:\OASIS_1\distortions_32\brightness_contrast\moderate\Very_Mild_Dementia\OAS1_0380\OAS1_0380_slice_19_z086.png,Very_Mild_Dementia/OAS1_0380/OAS1_0380_slice_19_z086.png,Very Mild Dementia/OAS1_0380/OAS1_0380_slice_19_z086.png,OAS1_0380,Very Mild Dementia,1,0,Non-Demented,0,0.430246549373981,0.24314165755809,0.1532784597345957,0.17333333333333334
OASIS_1,RandomForest,13,test,brightness_contrast__moderate,brightness_contrast,moderate,D:\OASIS_1\distortions_32\brightness_contrast\moderate\Very_Mild_Dementia\OAS1_0380\OAS1_0380_slice_20_z089.png,Very_Mild_Dementia/OAS1_0380/OAS1_0380_slice_20_z089.png,Very Mild Dementia/OAS1_0380/OAS1_0380_slice_20_z089.png,OAS1_0380,Very Mild Dementia,1,0,Non-Demented,0,0.38842274479743005,0.34778721561485637,0.2637900395877136,0.0
OASIS_1,RandomForest,13,test,brightness_contrast__moderate,brightness_contrast,moderate,D:\OASIS_1\distortions_32\brightness_contrast\moderate\Very_Mild_Dementia\OAS1_0400\OAS1_0400_slice_01_z038.png,Very_Mild_Dementia/OAS1_0400/OAS1_0400_slice_01_z038.png,Very Mild Dementia/OAS1_0400/OAS1_0400_slice_01_z038.png,OAS1_0400,Very Mild Dementia,1,0,Non-Demented,0,0.5476459624390724,0.3471844180615769,0.10516961949935054,0.0
OASIS_1,RandomForest,13,test,brightness_contrast__moderate,brightness_contrast,moderate,D:\OASIS_1\distortions_32\brightness_contrast\moderate\Very_Mild_Dementia\OAS1_0400\OAS1_0400_slice_02_z041.png,Very_Mild_Dementia/OAS1_0400/OAS1_0400_slice_02_z041.png,Very Mild Dementia/OAS1_0400/OAS1_0400_slice_02_z041.png,OAS1_0400,Very Mild Dementia,1,0,Non-Demented,0,0.4585552841542569,0.3578812973493542,0.18356341849638877,0.0
OASIS_1,RandomForest,13,test,brightness_contrast__moderate,brightness_contrast,moderate,D:\OASIS_1\distortions_32\brightness_contrast\moderate\Very_Mild_Dementia\OAS1_0400\OAS1_0400_slice_03_z043.png,Very_Mild_Dementia/OAS1_0400/OAS1_0400_slice_03_z043.png,Very Mild Dementia/OAS1_0400/OAS1_0400_slice_03_z043.png,OAS1_0400,Very Mild Dementia,1,0,Non-Demented,0,0.4421908863630254,0.362344551094356,0.19546456254261854,0.0
OASIS_1,RandomForest,13,test,brightness_contrast__moderate,brightness_contrast,moderate,D:\OASIS_1\distortions_32\brightness_contrast\moderate\Very_Mild_Dementia\OAS1_0400\OAS1_0400_slice_04_z046.png,Very_Mild_Dementia/OAS1_0400/OAS1_0400_slice_04_z046.png,Very Mild Dementia/OAS1_0400/OAS1_0400_slice_04_z046.png,OAS1_0400,Very Mild Dementia,1,0,Non-Demented,0,0.4762255398820404,0.3605505408456704,0.16322391927228908,0.0
OASIS_1,RandomForest,13,test,brightness_contrast__moderate,brightness_contrast,moderate,D:\OASIS_1\distortions_32\brightness_contrast\moderate\Very_Mild_Dementia\OAS1_0400\OAS1_0400_slice_05_z049.png,Very_Mild_Dementia/OAS1_0400/OAS1_0400_slice_05_z049.png,Very Mild Dementia/OAS1_0400/OAS1_0400_slice_05_z049.png,OAS1_0400,Very Mild Dementia,1,0,Non-Demented,0,0.4971290860480064,0.365911301662381,0.1369596122896125,0.0
OASIS_1,RandomForest,13,test,brightness_contrast__moderate,brightness_contrast,moderate,D:\OASIS_1\distortions_32\brightness_contrast\moderate\Very_Mild_Dementia\OAS1_0400\OAS1_0400_slice_06_z051.png,Very_Mild_Dementia/OAS1_0400/OAS1_0400_slice_06_z051.png,Very Mild Dementia/OAS1_0400/OAS1_0400_slice_06_z051.png,OAS1_0400,Very Mild Dementia,1,0,Non-Demented,0,0.4851741389606476,0.32519538306173285,0.1896304779776194,0.0
OASIS_1,RandomForest,13,test,brightness_contrast__moderate,brightness_contrast,moderate,D:\OASIS_1\distortions_32\brightness_contrast\moderate\Very_Mild_Dementia\OAS1_0400\OAS1_0400_slice_07_z054.png,Very_Mild_Dementia/OAS1_0400/OAS1_0400_slice_07_z054.png,Very Mild Dementia/OAS1_0400/OAS1_0400_slice_07_z054.png,OAS1_0400,Very Mild Dementia,1,0,Non-Demented,0,0.4322159894787774,0.22081827709806,0.18029906675649596,0.16666666666666666
OASIS_1,RandomForest,13,test,brightness_contrast__moderate,brightness_contrast,moderate,D:\OASIS_1\distortions_32\brightness_contrast\moderate\Very_Mild_Dementia\OAS1_0400\OAS1_0400_slice_08_z057.png,Very_Mild_Dementia/OAS1_0400/OAS1_0400_slice_08_z057.png,Very Mild Dementia/OAS1_0400/OAS1_0400_slice_08_z057.png,OAS1_0400,Very Mild Dementia,1,0,Non-Demented,0,0.5034950194944641,0.3130833522734499,0.18342162823208571,0.0
OASIS_1,RandomForest,13,test,brightness_contrast__moderate,brightness_contrast,moderate,D:\OASIS_1\distortions_32\brightness_contrast\moderate\Very_Mild_Dementia\OAS1_0400\OAS1_0400_slice_09_z059.png,Very_Mild_Dementia/OAS1_0400/OAS1_0400_slice_09_z059.png,Very Mild Dementia/OAS1_0400/OAS1_0400_slice_09_z059.png,OAS1_0400,Very Mild Dementia,1,0,Non-Demented,0,0.46354002799718985,0.3554509134913788,0.18100905851143137,0.0
OASIS_1,RandomForest,13,test,brightness_contrast__moderate,brightness_contrast,moderate,D:\OASIS_1\distortions_32\brightness_contrast\moderate\Very_Mild_Dementia\OAS1_0400\OAS1_0400_slice_10_z062.png,Very_Mild_Dementia/OAS1_0400/OAS1_0400_slice_10_z062.png,Very Mild Dementia/OAS1_0400/OAS1_0400_slice_10_z062.png,OAS1_0400,Very Mild Dementia,1,0,Non-Demented,0,0.5044283689000802,0.3228186612550719,0.17275296984484792,0.0
OASIS_1,RandomForest,13,test,brightness_contrast__moderate,brightness_contrast,moderate,D:\OASIS_1\distortions_32\brightness_contrast\moderate\Very_Mild_Dementia\OAS1_0400\OAS1_0400_slice_11_z065.png,Very_Mild_Dementia/OAS1_0400/OAS1_0400_slice_11_z065.png,Very Mild Dementia/OAS1_0400/OAS1_0400_slice_11_z065.png,OAS1_0400,Very Mild Dementia,1,0,Non-Demented,0,0.5311878751120502,0.3082351289415579,0.16057699594639233,0.0
OASIS_1,RandomForest,13,test,brightness_contrast__moderate,brightness_contrast,moderate,D:\OASIS_1\distortions_32\brightness_contrast\moderate\Very_Mild_Dementia\OAS1_0400\OAS1_0400_slice_12_z068.png,Very_Mild_Dementia/OAS1_0400/OAS1_0400_slice_12_z068.png,Very Mild Dementia/OAS1_0400/OAS1_0400_slice_12_z068.png,OAS1_0400,Very Mild Dementia,1,0,Non-Demented,0,0.494605101721761,0.3445669430966465,0.16082795518159243,0.0
OASIS_1,RandomForest,13,test,brightness_contrast__moderate,brightness_contrast,moderate,D:\OASIS_1\distortions_32\brightness_contrast\moderate\Very_Mild_Dementia\OAS1_0400\OAS1_0400_slice_13_z070.png,Very_Mild_Dementia/OAS1_0400/OAS1_0400_slice_13_z070.png,Very Mild Dementia/OAS1_0400/OAS1_0400_slice_13_z070.png,OAS1_0400,Very Mild Dementia,1,0,Non-Demented,0,0.4467702892313013,0.34577977425208634,0.20744993651661214,0.0
OASIS_1,RandomForest,13,test,brightness_contrast__moderate,brightness_contrast,moderate,D:\OASIS_1\distortions_32\brightness_contrast\moderate\Very_Mild_Dementia\OAS1_0400\OAS1_0400_slice_14_z073.png,Very_Mild_Dementia/OAS1_0400/OAS1_0400_slice_14_z073.png,Very Mild Dementia/OAS1_0400/OAS1_0400_slice_14_z073.png,OAS1_0400,Very Mild Dementia,1,0,Non-Demented,0,0.48506885995324517,0.3182170293012168,0.19671411074553766,0.0
OASIS_1,RandomForest,13,test,brightness_contrast__moderate,brightness_contrast,moderate,D:\OASIS_1\distortions_32\brightness_contrast\moderate\Very_Mild_Dementia\OAS1_0400\OAS1_0400_slice_15_z076.png,Very_Mild_Dementia/OAS1_0400/OAS1_0400_slice_15_z076.png,Very Mild Dementia/OAS1_0400/OAS1_0400_slice_15_z076.png,OAS1_0400,Very Mild Dementia,1,0,Non-Demented,0,0.3932180702912167,0.2504127393852309,0.16970252365688568,0.18666666666666668
OASIS_1,RandomForest,13,test,brightness_contrast__moderate,brightness_contrast,moderate,D:\OASIS_1\distortions_32\brightness_contrast\moderate\Very_Mild_Dementia\OAS1_0400\OAS1_0400_slice_16_z078.png,Very_Mild_Dementia/OAS1_0400/OAS1_0400_slice_16_z078.png,Very Mild Dementia/OAS1_0400/OAS1_0400_slice_16_z078.png,OAS1_0400,Very Mild Dementia,1,0,Non-Demented,0,0.5724702752122661,0.30332097188794815,0.12420875289978542,0.0
OASIS_1,RandomForest,13,test,brightness_contrast__moderate,brightness_contrast,moderate,D:\OASIS_1\distortions_32\brightness_contrast\moderate\Very_Mild_Dementia\OAS1_0400\OAS1_0400_slice_17_z081.png,Very_Mild_Dementia/OAS1_0400/OAS1_0400_slice_17_z081.png,Very Mild Dementia/OAS1_0400/OAS1_0400_slice_17_z081.png,OAS1_0400,Very Mild Dementia,1,1,Very Mild Dementia,1,0.3652004543126645,0.4134315725069328,0.22136797318040272,0.0
OASIS_1,RandomForest,13,test,brightness_contrast__moderate,brightness_contrast,moderate,D:\OASIS_1\distortions_32\brightness_contrast\moderate\Very_Mild_Dementia\OAS1_0400\OAS1_0400_slice_18_z084.png,Very_Mild_Dementia/OAS1_0400/OAS1_0400_slice_18_z084.png,Very Mild Dementia/OAS1_0400/OAS1_0400_slice_18_z084.png,OAS1_0400,Very Mild Dementia,1,0,Non-Demented,0,0.5544749666832878,0.32106170039787923,0.11446333291883311,0.01
OASIS_1,RandomForest,13,test,brightness_contrast__moderate,brightness_contrast,moderate,D:\OASIS_1\distortions_32\brightness_contrast\moderate\Very_Mild_Dementia\OAS1_0400\OAS1_0400_slice_19_z086.png,Very_Mild_Dementia/OAS1_0400/OAS1_0400_slice_19_z086.png,Very Mild Dementia/OAS1_0400/OAS1_0400_slice_19_z086.png,OAS1_0400,Very Mild Dementia,1,1,Very Mild Dementia,1,0.33830748976391356,0.4586219360712229,0.2030705741648636,0.0
OASIS_1,RandomForest,13,test,brightness_contrast__moderate,brightness_contrast,moderate,D:\OASIS_1\distortions_32\brightness_contrast\moderate\Very_Mild_Dementia\OAS1_0400\OAS1_0400_slice_20_z089.png,Very_Mild_Dementia/OAS1_0400/OAS1_0400_slice_20_z089.png,Very Mild Dementia/OAS1_0400/OAS1_0400_slice_20_z089.png,OAS1_0400,Very Mild Dementia,1,1,Very Mild Dementia,1,0.3031785751579885,0.49220267278223084,0.20461875205978075,0.0
OASIS_1,RandomForest,13,test,brightness_contrast__moderate,brightness_contrast,moderate,D:\OASIS_1\distortions_32\brightness_contrast\moderate\Very_Mild_Dementia\OAS1_0432\OAS1_0432_slice_01_z038.png,Very_Mild_Dementia/OAS1_0432/OAS1_0432_slice_01_z038.png,Very Mild Dementia/OAS1_0432/OAS1_0432_slice_01_z038.png,OAS1_0432,Very Mild Dementia,1,1,Very Mild Dementia,1,0.381093472568123,0.48908109535459876,0.1298254320772786,0.0
OASIS_1,RandomForest,13,test,brightness_contrast__moderate,brightness_contrast,moderate,D:\OASIS_1\distortions_32\brightness_contrast\moderate\Very_Mild_Dementia\OAS1_0432\OAS1_0432_slice_02_z041.png,Very_Mild_Dementia/OAS1_0432/OAS1_0432_slice_02_z041.png,Very Mild Dementia/OAS1_0432/OAS1_0432_slice_02_z041.png,OAS1_0432,Very Mild Dementia,1,0,Non-Demented,0,0.6979896373738335,0.2446606572743328,0.05734970535183417,0.0
OASIS_1,RandomForest,13,test,brightness_contrast__moderate,brightness_contrast,moderate,D:\OASIS_1\distortions_32\brightness_contrast\moderate\Very_Mild_Dementia\OAS1_0432\OAS1_0432_slice_03_z043.png,Very_Mild_Dementia/OAS1_0432/OAS1_0432_slice_03_z043.png,Very Mild Dementia/OAS1_0432/OAS1_0432_slice_03_z043.png,OAS1_0432,Very Mild Dementia,1,1,Very Mild Dementia,1,0.399814318994046,0.4915819034949424,0.10860377751101187,0.0
OASIS_1,RandomForest,13,test,brightness_contrast__moderate,brightness_contrast,moderate,D:\OASIS_1\distortions_32\brightness_contrast\moderate\Very_Mild_Dementia\OAS1_0432\OAS1_0432_slice_04_z046.png,Very_Mild_Dementia/OAS1_0432/OAS1_0432_slice_04_z046.png,Very Mild Dementia/OAS1_0432/OAS1_0432_slice_04_z046.png,OAS1_0432,Very Mild Dementia,1,0,Non-Demented,0,0.5283784198468437,0.2800088793612252,0.19161270079193046,0.0
OASIS_1,RandomForest,13,test,brightness_contrast__moderate,brightness_contrast,moderate,D:\OASIS_1\distortions_32\brightness_contrast\moderate\Very_Mild_Dementia\OAS1_0432\OAS1_0432_slice_05_z049.png,Very_Mild_Dementia/OAS1_0432/OAS1_0432_slice_05_z049.png,Very Mild Dementia/OAS1_0432/OAS1_0432_slice_05_z049.png,OAS1_0432,Very Mild Dementia,1,1,Very Mild Dementia,1,0.42595101474497665,0.4906081196136174,0.08344086564140599,0.0
OASIS_1,RandomForest,13,test,brightness_contrast__moderate,brightness_contrast,moderate,D:\OASIS_1\distortions_32\brightness_contrast\moderate\Very_Mild_Dementia\OAS1_0432\OAS1_0432_slice_06_z051.png,Very_Mild_Dementia/OAS1_0432/OAS1_0432_slice_06_z051.png,Very Mild Dementia/OAS1_0432/OAS1_0432_slice_06_z051.png,OAS1_0432,Very Mild Dementia,1,1,Very Mild Dementia,1,0.3827127813869352,0.5189569052215123,0.09833031339155276,0.0
OASIS_1,RandomForest,13,test,brightness_contrast__moderate,brightness_contrast,moderate,D:\OASIS_1\distortions_32\brightness_contrast\moderate\Very_Mild_Dementia\OAS1_0432\OAS1_0432_slice_07_z054.png,Very_Mild_Dementia/OAS1_0432/OAS1_0432_slice_07_z054.png,Very Mild Dementia/OAS1_0432/OAS1_0432_slice_07_z054.png,OAS1_0432,Very Mild Dementia,1,0,Non-Demented,0,0.6152858118290487,0.29392699404858574,0.09078719412236559,0.0
OASIS_1,RandomForest,13,test,brightness_contrast__moderate,brightness_contrast,moderate,D:\OASIS_1\distortions_32\brightness_contrast\moderate\Very_Mild_Dementia\OAS1_0432\OAS1_0432_slice_08_z057.png,Very_Mild_Dementia/OAS1_0432/OAS1_0432_slice_08_z057.png,Very Mild Dementia/OAS1_0432/OAS1_0432_slice_08_z057.png,OAS1_0432,Very Mild Dementia,1,1,Very Mild Dementia,1,0.3551854609115758,0.5152570346763942,0.12955750441203015,0.0
OASIS_1,RandomForest,13,test,brightness_contrast__moderate,brightness_contrast,moderate,D:\OASIS_1\distortions_32\brightness_contrast\moderate\Very_Mild_Dementia\OAS1_0432\OAS1_0432_slice_09_z059.png,Very_Mild_Dementia/OAS1_0432/OAS1_0432_slice_09_z059.png,Very Mild Dementia/OAS1_0432/OAS1_0432_slice_09_z059.png,OAS1_0432,Very Mild Dementia,1,0,Non-Demented,0,0.4546409768783106,0.35140395135376723,0.19395507176792268,0.0
OASIS_1,RandomForest,13,test,brightness_contrast__moderate,brightness_contrast,moderate,D:\OASIS_1\distortions_32\brightness_contrast\moderate\Very_Mild_Dementia\OAS1_0432\OAS1_0432_slice_10_z062.png,Very_Mild_Dementia/OAS1_0432/OAS1_0432_slice_10_z062.png,Very Mild Dementia/OAS1_0432/OAS1_0432_slice_10_z062.png,OAS1_0432,Very Mild Dementia,1,1,Very Mild Dementia,1,0.2903139460572164,0.5270374512386291,0.18264860270415506,0.0
OASIS_1,RandomForest,13,test,brightness_contrast__moderate,brightness_contrast,moderate,D:\OASIS_1\distortions_32\brightness_contrast\moderate\Very_Mild_Dementia\OAS1_0432\OAS1_0432_slice_11_z065.png,Very_Mild_Dementia/OAS1_0432/OAS1_0432_slice_11_z065.png,Very Mild Dementia/OAS1_0432/OAS1_0432_slice_11_z065.png,OAS1_0432,Very Mild Dementia,1,0,Non-Demented,0,0.4349709107076694,0.2341351520632026,0.14756060389579465,0.18333333333333332
OASIS_1,RandomForest,13,test,brightness_contrast__moderate,brightness_contrast,moderate,D:\OASIS_1\distortions_32\brightness_contrast\moderate\Very_Mild_Dementia\OAS1_0432\OAS1_0432_slice_12_z068.png,Very_Mild_Dementia/OAS1_0432/OAS1_0432_slice_12_z068.png,Very Mild Dementia/OAS1_0432/OAS1_0432_slice_12_z068.png,OAS1_0432,Very Mild Dementia,1,0,Non-Demented,0,0.46306374881451245,0.30973488496576784,0.22720136621971992,0.0
OASIS_1,RandomForest,13,test,brightness_contrast__moderate,brightness_contrast,moderate,D:\OASIS_1\distortions_32\brightness_contrast\moderate\Very_Mild_Dementia\OAS1_0432\OAS1_0432_slice_13_z070.png,Very_Mild_Dementia/OAS1_0432/OAS1_0432_slice_13_z070.png,Very Mild Dementia/OAS1_0432/OAS1_0432_slice_13_z070.png,OAS1_0432,Very Mild Dementia,1,0,Non-Demented,0,0.4473634297018617,0.21840929973567696,0.15089393722912797,0.18333333333333332
OASIS_1,RandomForest,13,test,brightness_contrast__moderate,brightness_contrast,moderate,D:\OASIS_1\distortions_32\brightness_contrast\moderate\Very_Mild_Dementia\OAS1_0432\OAS1_0432_slice_14_z073.png,Very_Mild_Dementia/OAS1_0432/OAS1_0432_slice_14_z073.png,Very Mild Dementia/OAS1_0432/OAS1_0432_slice_14_z073.png,OAS1_0432,Very Mild Dementia,1,1,Very Mild Dementia,1,0.40962374658599704,0.4605521614378866,0.12982409197611658,0.0
OASIS_1,RandomForest,13,test,brightness_contrast__moderate,brightness_contrast,moderate,D:\OASIS_1\distortions_32\brightness_contrast\moderate\Very_Mild_Dementia\OAS1_0432\OAS1_0432_slice_15_z076.png,Very_Mild_Dementia/OAS1_0432/OAS1_0432_slice_15_z076.png,Very Mild Dementia/OAS1_0432/OAS1_0432_slice_15_z076.png,OAS1_0432,Very Mild Dementia,1,0,Non-Demented,0,0.6388048298786558,0.30337138625441795,0.057823783866926444,0.0
OASIS_1,RandomForest,13,test,brightness_contrast__moderate,brightness_contrast,moderate,D:\OASIS_1\distortions_32\brightness_contrast\moderate\Very_Mild_Dementia\OAS1_0432\OAS1_0432_slice_16_z078.png,Very_Mild_Dementia/OAS1_0432/OAS1_0432_slice_16_z078.png,Very Mild Dementia/OAS1_0432/OAS1_0432_slice_16_z078.png,OAS1_0432,Very Mild Dementia,1,0,Non-Demented,0,0.47521530317794286,0.37298342664173917,0.15180127018031772,0.0
OASIS_1,RandomForest,13,test,brightness_contrast__moderate,brightness_contrast,moderate,D:\OASIS_1\distortions_32\brightness_contrast\moderate\Very_Mild_Dementia\OAS1_0432\OAS1_0432_slice_17_z081.png,Very_Mild_Dementia/OAS1_0432/OAS1_0432_slice_17_z081.png,Very Mild Dementia/OAS1_0432/OAS1_0432_slice_17_z081.png,OAS1_0432,Very Mild Dementia,1,0,Non-Demented,0,0.6659578252494668,0.28952786566437666,0.04451430908615647,0.0
OASIS_1,RandomForest,13,test,brightness_contrast__moderate,brightness_contrast,moderate,D:\OASIS_1\distortions_32\brightness_contrast\moderate\Very_Mild_Dementia\OAS1_0432\OAS1_0432_slice_18_z084.png,Very_Mild_Dementia/OAS1_0432/OAS1_0432_slice_18_z084.png,Very Mild Dementia/OAS1_0432/OAS1_0432_slice_18_z084.png,OAS1_0432,Very Mild Dementia,1,0,Non-Demented,0,0.660728669288126,0.2982771491752172,0.040994181536656626,0.0
OASIS_1,RandomForest,13,test,brightness_contrast__moderate,brightness_contrast,moderate,D:\OASIS_1\distortions_32\brightness_contrast\moderate\Very_Mild_Dementia\OAS1_0432\OAS1_0432_slice_19_z086.png,Very_Mild_Dementia/OAS1_0432/OAS1_0432_slice_19_z086.png,Very Mild Dementia/OAS1_0432/OAS1_0432_slice_19_z086.png,OAS1_0432,Very Mild Dementia,1,1,Very Mild Dementia,1,0.28192353328675107,0.6253520289768666,0.0927244377363821,0.0
OASIS_1,RandomForest,13,test,brightness_contrast__moderate,brightness_contrast,moderate,D:\OASIS_1\distortions_32\brightness_contrast\moderate\Very_Mild_Dementia\OAS1_0432\OAS1_0432_slice_20_z089.png,Very_Mild_Dementia/OAS1_0432/OAS1_0432_slice_20_z089.png,Very Mild Dementia/OAS1_0432/OAS1_0432_slice_20_z089.png,OAS1_0432,Very Mild Dementia,1,1,Very Mild Dementia,1,0.3303519233436661,0.5702817734123701,0.09936630324396405,0.0
OASIS_1,RandomForest,13,test,brightness_contrast__moderate,brightness_contrast,moderate,D:\OASIS_1\distortions_32\brightness_contrast\moderate\Very_Mild_Dementia\OAS1_0454\OAS1_0454_slice_01_z038.png,Very_Mild_Dementia/OAS1_0454/OAS1_0454_slice_01_z038.png,Very Mild Dementia/OAS1_0454/OAS1_0454_slice_01_z038.png,OAS1_0454,Very Mild Dementia,1,0,Non-Demented,0,0.4871257585439983,0.21977834070922672,0.28309590074677526,0.01
OASIS_1,RandomForest,13,test,brightness_contrast__moderate,brightness_contrast,moderate,D:\OASIS_1\distortions_32\brightness_contrast\moderate\Very_Mild_Dementia\OAS1_0454\OAS1_0454_slice_02_z041.png,Very_Mild_Dementia/OAS1_0454/OAS1_0454_slice_02_z041.png,Very Mild Dementia/OAS1_0454/OAS1_0454_slice_02_z041.png,OAS1_0454,Very Mild Dementia,1,0,Non-Demented,0,0.594334350135205,0.24728874957815572,0.1317102336199727,0.02666666666666667
OASIS_1,RandomForest,13,test,brightness_contrast__moderate,brightness_contrast,moderate,D:\OASIS_1\distortions_32\brightness_contrast\moderate\Very_Mild_Dementia\OAS1_0454\OAS1_0454_slice_03_z043.png,Very_Mild_Dementia/OAS1_0454/OAS1_0454_slice_03_z043.png,Very Mild Dementia/OAS1_0454/OAS1_0454_slice_03_z043.png,OAS1_0454,Very Mild Dementia,1,1,Very Mild Dementia,1,0.35587404054702143,0.5156086615495411,0.12851729790343744,0.0
OASIS_1,RandomForest,13,test,brightness_contrast__moderate,brightness_contrast,moderate,D:\OASIS_1\distortions_32\brightness_contrast\moderate\Very_Mild_Dementia\OAS1_0454\OAS1_0454_slice_04_z046.png,Very_Mild_Dementia/OAS1_0454/OAS1_0454_slice_04_z046.png,Very Mild Dementia/OAS1_0454/OAS1_0454_slice_04_z046.png,OAS1_0454,Very Mild Dementia,1,0,Non-Demented,0,0.4464192780516339,0.2097202178071096,0.1505271708079232,0.19333333333333333
OASIS_1,RandomForest,13,test,brightness_contrast__moderate,brightness_contrast,moderate,D:\OASIS_1\distortions_32\brightness_contrast\moderate\Very_Mild_Dementia\OAS1_0454\OAS1_0454_slice_05_z049.png,Very_Mild_Dementia/OAS1_0454/OAS1_0454_slice_05_z049.png,Very Mild Dementia/OAS1_0454/OAS1_0454_slice_05_z049.png,OAS1_0454,Very Mild Dementia,1,0,Non-Demented,0,0.4913818891277439,0.25261793732359855,0.23933350688199065,0.016666666666666666
OASIS_1,RandomForest,13,test,brightness_contrast__moderate,brightness_contrast,moderate,D:\OASIS_1\distortions_32\brightness_contrast\moderate\Very_Mild_Dementia\OAS1_0454\OAS1_0454_slice_06_z051.png,Very_Mild_Dementia/OAS1_0454/OAS1_0454_slice_06_z051.png,Very Mild Dementia/OAS1_0454/OAS1_0454_slice_06_z051.png,OAS1_0454,Very Mild Dementia,1,0,Non-Demented,0,0.4695905177024117,0.18321564482299849,0.14386050414125653,0.20333333333333334
OASIS_1,RandomForest,13,test,brightness_contrast__moderate,brightness_contrast,moderate,D:\OASIS_1\distortions_32\brightness_contrast\moderate\Very_Mild_Dementia\OAS1_0454\OAS1_0454_slice_07_z054.png,Very_Mild_Dementia/OAS1_0454/OAS1_0454_slice_07_z054.png,Very Mild Dementia/OAS1_0454/OAS1_0454_slice_07_z054.png,OAS1_0454,Very Mild Dementia,1,1,Very Mild Dementia,1,0.41107011311809,0.46178823164092353,0.12714165524098645,0.0
OASIS_1,RandomForest,13,test,brightness_contrast__moderate,brightness_contrast,moderate,D:\OASIS_1\distortions_32\brightness_contrast\moderate\Very_Mild_Dementia\OAS1_0454\OAS1_0454_slice_08_z057.png,Very_Mild_Dementia/OAS1_0454/OAS1_0454_slice_08_z057.png,Very Mild Dementia/OAS1_0454/OAS1_0454_slice_08_z057.png,OAS1_0454,Very Mild Dementia,1,0,Non-Demented,0,0.476027355944726,0.2494595791045939,0.27451306495068006,0.0
OASIS_1,RandomForest,13,test,brightness_contrast__moderate,brightness_contrast,moderate,D:\OASIS_1\distortions_32\brightness_contrast\moderate\Very_Mild_Dementia\OAS1_0454\OAS1_0454_slice_09_z059.png,Very_Mild_Dementia/OAS1_0454/OAS1_0454_slice_09_z059.png,Very Mild Dementia/OAS1_0454/OAS1_0454_slice_09_z059.png,OAS1_0454,Very Mild Dementia,1,0,Non-Demented,0,0.5631156058753181,0.27293951680690187,0.1572782106511132,0.006666666666666667
OASIS_1,RandomForest,13,test,brightness_contrast__moderate,brightness_contrast,moderate,D:\OASIS_1\distortions_32\brightness_contrast\moderate\Very_Mild_Dementia\OAS1_0454\OAS1_0454_slice_10_z062.png,Very_Mild_Dementia/OAS1_0454/OAS1_0454_slice_10_z062.png,Very Mild Dementia/OAS1_0454/OAS1_0454_slice_10_z062.png,OAS1_0454,Very Mild Dementia,1,0,Non-Demented,0,0.4502645589090493,0.2077525704072877,0.1486495373503297,0.19333333333333333
OASIS_1,RandomForest,13,test,brightness_contrast__moderate,brightness_contrast,moderate,D:\OASIS_1\distortions_32\brightness_contrast\moderate\Very_Mild_Dementia\OAS1_0454\OAS1_0454_slice_11_z065.png,Very_Mild_Dementia/OAS1_0454/OAS1_0454_slice_11_z065.png,Very Mild Dementia/OAS1_0454/OAS1_0454_slice_11_z065.png,OAS1_0454,Very Mild Dementia,1,0,Non-Demented,0,0.537433109055057,0.26266921372876395,0.19656434388284544,0.0033333333333333335
OASIS_1,RandomForest,13,test,brightness_contrast__moderate,brightness_contrast,moderate,D:\OASIS_1\distortions_32\brightness_contrast\moderate\Very_Mild_Dementia\OAS1_0454\OAS1_0454_slice_12_z068.png,Very_Mild_Dementia/OAS1_0454/OAS1_0454_slice_12_z068.png,Very Mild Dementia/OAS1_0454/OAS1_0454_slice_12_z068.png,OAS1_0454,Very Mild Dementia,1,0,Non-Demented,0,0.5652963261522956,0.270326697862899,0.15771030931813854,0.006666666666666667
OASIS_1,RandomForest,13,test,brightness_contrast__moderate,brightness_contrast,moderate,D:\OASIS_1\distortions_32\brightness_contrast\moderate\Very_Mild_Dementia\OAS1_0454\OAS1_0454_slice_13_z070.png,Very_Mild_Dementia/OAS1_0454/OAS1_0454_slice_13_z070.png,Very Mild Dementia/OAS1_0454/OAS1_0454_slice_13_z070.png,OAS1_0454,Very Mild Dementia,1,0,Non-Demented,0,0.4669932440050422,0.2063400893282911,0.15666666666666668,0.17
OASIS_1,RandomForest,13,test,brightness_contrast__moderate,brightness_contrast,moderate,D:\OASIS_1\distortions_32\brightness_contrast\moderate\Very_Mild_Dementia\OAS1_0454\OAS1_0454_slice_14_z073.png,Very_Mild_Dementia/OAS1_0454/OAS1_0454_slice_14_z073.png,Very Mild Dementia/OAS1_0454/OAS1_0454_slice_14_z073.png,OAS1_0454,Very Mild Dementia,1,0,Non-Demented,0,0.5462429699191359,0.28507659189672857,0.1620137715174688,0.006666666666666667
OASIS_1,RandomForest,13,test,brightness_contrast__moderate,brightness_contrast,moderate,D:\OASIS_1\distortions_32\brightness_contrast\moderate\Very_Mild_Dementia\OAS1_0454\OAS1_0454_slice_15_z076.png,Very_Mild_Dementia/OAS1_0454/OAS1_0454_slice_15_z076.png,Very Mild Dementia/OAS1_0454/OAS1_0454_slice_15_z076.png,OAS1_0454,Very Mild Dementia,1,0,Non-Demented,0,0.472923851035745,0.1865489781563318,0.15719383747458987,0.18333333333333332
OASIS_1,RandomForest,13,test,brightness_contrast__moderate,brightness_contrast,moderate,D:\OASIS_1\distortions_32\brightness_contrast\moderate\Very_Mild_Dementia\OAS1_0454\OAS1_0454_slice_16_z078.png,Very_Mild_Dementia/OAS1_0454/OAS1_0454_slice_16_z078.png,Very Mild Dementia/OAS1_0454/OAS1_0454_slice_16_z078.png,OAS1_0454,Very Mild Dementia,1,0,Non-Demented,0,0.48138878816316993,0.2635479739744339,0.25506323786239593,0.0
OASIS_1,RandomForest,13,test,brightness_contrast__moderate,brightness_contrast,moderate,D:\OASIS_1\distortions_32\brightness_contrast\moderate\Very_Mild_Dementia\OAS1_0454\OAS1_0454_slice_17_z081.png,Very_Mild_Dementia/OAS1_0454/OAS1_0454_slice_17_z081.png,Very Mild Dementia/OAS1_0454/OAS1_0454_slice_17_z081.png,OAS1_0454,Very Mild Dementia,1,0,Non-Demented,0,0.5525237194881754,0.28623562728261365,0.16124065322921086,0.0
OASIS_1,RandomForest,13,test,brightness_contrast__moderate,brightness_contrast,moderate,D:\OASIS_1\distortions_32\brightness_contrast\moderate\Very_Mild_Dementia\OAS1_0454\OAS1_0454_slice_18_z084.png,Very_Mild_Dementia/OAS1_0454/OAS1_0454_slice_18_z084.png,Very Mild Dementia/OAS1_0454/OAS1_0454_slice_18_z084.png,OAS1_0454,Very Mild Dementia,1,0,Non-Demented,0,0.4498057572288617,0.29818571168590574,0.2520085310852327,0.0
OASIS_1,RandomForest,13,test,brightness_contrast__moderate,brightness_contrast,moderate,D:\OASIS_1\distortions_32\brightness_contrast\moderate\Very_Mild_Dementia\OAS1_0454\OAS1_0454_slice_19_z086.png,Very_Mild_Dementia/OAS1_0454/OAS1_0454_slice_19_z086.png,Very Mild Dementia/OAS1_0454/OAS1_0454_slice_19_z086.png,OAS1_0454,Very Mild Dementia,1,0,Non-Demented,0,0.6151130992175444,0.24770927031225137,0.1371776304702042,0.0
OASIS_1,RandomForest,13,test,brightness_contrast__moderate,brightness_contrast,moderate,D:\OASIS_1\distortions_32\brightness_contrast\moderate\Very_Mild_Dementia\OAS1_0454\OAS1_0454_slice_20_z089.png,Very_Mild_Dementia/OAS1_0454/OAS1_0454_slice_20_z089.png,Very Mild Dementia/OAS1_0454/OAS1_0454_slice_20_z089.png,OAS1_0454,Very Mild Dementia,1,0,Non-Demented,0,0.48695558108328424,0.2410386865659171,0.26867239901746554,0.0033333333333333335
