dataset,model,seed,split,condition,distortion,severity,file_path,relative_path,sample_key,subject_id,class_name,y_true,y_pred,pred_class_name,correct,score_nondemented,score_verymilddementia,score_milddementia,score_moderatedementia
OASIS_1,RandomForest,13,test,motion__mild,motion,mild,D:\OASIS_1\distortions_32\motion\mild\Mild_Dementia\OAS1_0028\OAS1_0028_slice_01_z038.png,Mild_Dementia/OAS1_0028/OAS1_0028_slice_01_z038.png,Mild Dementia/OAS1_0028/OAS1_0028_slice_01_z038.png,OAS1_0028,Mild Dementia,2,0,Non-Demented,0,0.5124457915251871,0.22039645273347389,0.2671577557413388,0.0
OASIS_1,RandomForest,13,test,motion__mild,motion,mild,D:\OASIS_1\distortions_32\motion\mild\Mild_Dementia\OAS1_0028\OAS1_0028_slice_02_z041.png,Mild_Dementia/OAS1_0028/OAS1_0028_slice_02_z041.png,Mild Dementia/OAS1_0028/OAS1_0028_slice_02_z041.png,OAS1_0028,Mild Dementia,2,0,Non-Demented,0,0.46043701812841276,0.229452117000428,0.310110864871159,0.0
OASIS_1,RandomForest,13,test,motion__mild,motion,mild,D:\OASIS_1\distortions_32\motion\mild\Mild_Dementia\OAS1_0028\OAS1_0028_slice_03_z043.png,Mild_Dementia/OAS1_0028/OAS1_0028_slice_03_z043.png,Mild Dementia/OAS1_0028/OAS1_0028_slice_03_z043.png,OAS1_0028,Mild Dementia,2,0,Non-Demented,0,0.48620380197118757,0.22584628657206088,0.28794991145675164,0.0
OASIS_1,RandomForest,13,test,motion__mild,motion,mild,D:\OASIS_1\distortions_32\motion\mild\Mild_Dementia\OAS1_0028\OAS1_0028_slice_04_z046.png,Mild_Dementia/OAS1_0028/OAS1_0028_slice_04_z046.png,Mild Dementia/OAS1_0028/OAS1_0028_slice_04_z046.png,OAS1_0028,Mild Dementia,2,0,Non-Demented,0,0.4546333129640029,0.2367744577005847,0.3085922293354124,0.0
OASIS_1,RandomForest,13,test,motion__mild,motion,mild,D:\OASIS_1\distortions_32\motion\mild\Mild_Dementia\OAS1_0028\OAS1_0028_slice_05_z049.png,Mild_Dementia/OAS1_0028/OAS1_0028_slice_05_z049.png,Mild Dementia/OAS1_0028/OAS1_0028_slice_05_z049.png,OAS1_0028,Mild Dementia,2,0,Non-Demented,0,0.4048095436327415,0.28965832133486213,0.3055321350323964,0.0
OASIS_1,RandomForest,13,test,motion__mild,motion,mild,D:\OASIS_1\distortions_32\motion\mild\Mild_Dementia\OAS1_0028\OAS1_0028_slice_06_z051.png,Mild_Dementia/OAS1_0028/OAS1_0028_slice_06_z051.png,Mild Dementia/OAS1_0028/OAS1_0028_slice_06_z051.png,OAS1_0028,Mild Dementia,2,0,Non-Demented,0,0.3978618342769317,0.31043877823871585,0.2916993874843521,0.0
OASIS_1,RandomForest,13,test,motion__mild,motion,mild,D:\OASIS_1\distortions_32\motion\mild\Mild_Dementia\OAS1_0028\OAS1_0028_slice_07_z054.png,Mild_Dementia/OAS1_0028/OAS1_0028_slice_07_z054.png,Mild Dementia/OAS1_0028/OAS1_0028_slice_07_z054.png,OAS1_0028,Mild Dementia,2,0,Non-Demented,0,0.41021962933538436,0.2957204762683443,0.2940598943962712,0.0
OASIS_1,RandomForest,13,test,motion__mild,motion,mild,D:\OASIS_1\distortions_32\motion\mild\Mild_Dementia\OAS1_0028\OAS1_0028_slice_08_z057.png,Mild_Dementia/OAS1_0028/OAS1_0028_slice_08_z057.png,Mild Dementia/OAS1_0028/OAS1_0028_slice_08_z057.png,OAS1_0028,Mild Dementia,2,0,Non-Demented,0,0.4492988594851602,0.30006826239782325,0.25063287811701646,0.0
OASIS_1,RandomForest,13,test,motion__mild,motion,mild,D:\OASIS_1\distortions_32\motion\mild\Mild_Dementia\OAS1_0028\OAS1_0028_slice_09_z059.png,Mild_Dementia/OAS1_0028/OAS1_0028_slice_09_z059.png,Mild Dementia/OAS1_0028/OAS1_0028_slice_09_z059.png,OAS1_0028,Mild Dementia,2,0,Non-Demented,0,0.44037263761446516,0.3101748193314948,0.2494525430540399,0.0
OASIS_1,RandomForest,13,test,motion__mild,motion,mild,D:\OASIS_1\distortions_32\motion\mild\Mild_Dementia\OAS1_0028\OAS1_0028_slice_10_z062.png,Mild_Dementia/OAS1_0028/OAS1_0028_slice_10_z062.png,Mild Dementia/OAS1_0028/OAS1_0028_slice_10_z062.png,OAS1_0028,Mild Dementia,2,0,Non-Demented,0,0.41100028783332704,0.2975055344092475,0.29149417775742553,0.0
OASIS_1,RandomForest,13,test,motion__mild,motion,mild,D:\OASIS_1\distortions_32\motion\mild\Mild_Dementia\OAS1_0028\OAS1_0028_slice_11_z065.png,Mild_Dementia/OAS1_0028/OAS1_0028_slice_11_z065.png,Mild Dementia/OAS1_0028/OAS1_0028_slice_11_z065.png,OAS1_0028,Mild Dementia,2,0,Non-Demented,0,0.384648545377709,0.3080196399773337,0.3073318146449574,0.0
OASIS_1,RandomForest,13,test,motion__mild,motion,mild,D:\OASIS_1\distortions_32\motion\mild\Mild_Dementia\OAS1_0028\OAS1_0028_slice_12_z068.png,Mild_Dementia/OAS1_0028/OAS1_0028_slice_12_z068.png,Mild Dementia/OAS1_0028/OAS1_0028_slice_12_z068.png,OAS1_0028,Mild Dementia,2,0,Non-Demented,0,0.39977795028892005,0.2883226190646424,0.31189943064643755,0.0
OASIS_1,RandomForest,13,test,motion__mild,motion,mild,D:\OASIS_1\distortions_32\motion\mild\Mild_Dementia\OAS1_0028\OAS1_0028_slice_13_z070.png,Mild_Dementia/OAS1_0028/OAS1_0028_slice_13_z070.png,Mild Dementia/OAS1_0028/OAS1_0028_slice_13_z070.png,OAS1_0028,Mild Dementia,2,0,Non-Demented,0,0.38815737958612456,0.32028895616473607,0.2915536642491394,0.0
OASIS_1,RandomForest,13,test,motion__mild,motion,mild,D:\OASIS_1\distortions_32\motion\mild\Mild_Dementia\OAS1_0028\OAS1_0028_slice_14_z073.png,Mild_Dementia/OAS1_0028/OAS1_0028_slice_14_z073.png,Mild Dementia/OAS1_0028/OAS1_0028_slice_14_z073.png,OAS1_0028,Mild Dementia,2,0,Non-Demented,0,0.4327872282475627,0.3084348765493406,0.2587778952030967,0.0
OASIS_1,RandomForest,13,test,motion__mild,motion,mild,D:\OASIS_1\distortions_32\motion\mild\Mild_Dementia\OAS1_0028\OAS1_0028_slice_15_z076.png,Mild_Dementia/OAS1_0028/OAS1_0028_slice_15_z076.png,Mild Dementia/OAS1_0028/OAS1_0028_slice_15_z076.png,OAS1_0028,Mild Dementia,2,0,Non-Demented,0,0.3936117739445805,0.31832811384121357,0.2880601122142057,0.0
OASIS_1,RandomForest,13,test,motion__mild,motion,mild,D:\OASIS_1\distortions_32\motion\mild\Mild_Dementia\OAS1_0028\OAS1_0028_slice_16_z078.png,Mild_Dementia/OAS1_0028/OAS1_0028_slice_16_z078.png,Mild Dementia/OAS1_0028/OAS1_0028_slice_16_z078.png,OAS1_0028,Mild Dementia,2,0,Non-Demented,0,0.3940700033223069,0.2979324924739462,0.3079975042037467,0.0
OASIS_1,RandomForest,13,test,motion__mild,motion,mild,D:\OASIS_1\distortions_32\motion\mild\Mild_Dementia\OAS1_0028\OAS1_0028_slice_17_z081.png,Mild_Dementia/OAS1_0028/OAS1_0028_slice_17_z081.png,Mild Dementia/OAS1_0028/OAS1_0028_slice_17_z081.png,OAS1_0028,Mild Dementia,2,0,Non-Demented,0,0.4092479764374007,0.2841292034962007,0.30662282006639857,0.0
OASIS_1,RandomForest,13,test,motion__mild,motion,mild,D:\OASIS_1\distortions_32\motion\mild\Mild_Dementia\OAS1_0028\OAS1_0028_slice_18_z084.png,Mild_Dementia/OAS1_0028/OAS1_0028_slice_18_z084.png,Mild Dementia/OAS1_0028/OAS1_0028_slice_18_z084.png,OAS1_0028,Mild Dementia,2,0,Non-Demented,0,0.4727955559196949,0.26818608232603136,0.259018361754274,0.0
OASIS_1,RandomForest,13,test,motion__mild,motion,mild,D:\OASIS_1\distortions_32\motion\mild\Mild_Dementia\OAS1_0028\OAS1_0028_slice_19_z086.png,Mild_Dementia/OAS1_0028/OAS1_0028_slice_19_z086.png,Mild Dementia/OAS1_0028/OAS1_0028_slice_19_z086.png,OAS1_0028,Mild Dementia,2,0,Non-Demented,0,0.46513779598517385,0.24192891137696884,0.29293329263785756,0.0
OASIS_1,RandomForest,13,test,motion__mild,motion,mild,D:\OASIS_1\distortions_32\motion\mild\Mild_Dementia\OAS1_0028\OAS1_0028_slice_20_z089.png,Mild_Dementia/OAS1_0028/OAS1_0028_slice_20_z089.png,Mild Dementia/OAS1_0028/OAS1_0028_slice_20_z089.png,OAS1_0028,Mild Dementia,2,0,Non-Demented,0,0.48808776285326144,0.2807878427258488,0.2311243944208899,0.0
OASIS_1,RandomForest,13,test,motion__mild,motion,mild,D:\OASIS_1\distortions_32\motion\mild\Mild_Dementia\OAS1_0137\OAS1_0137_slice_01_z038.png,Mild_Dementia/OAS1_0137/OAS1_0137_slice_01_z038.png,Mild Dementia/OAS1_0137/OAS1_0137_slice_01_z038.png,OAS1_0137,Mild Dementia,2,0,Non-Demented,0,0.5007309276149424,0.28893465813713315,0.21033441424792426,0.0
OASIS_1,RandomForest,13,test,motion__mild,motion,mild,D:\OASIS_1\distortions_32\motion\mild\Mild_Dementia\OAS1_0137\OAS1_0137_slice_02_z041.png,Mild_Dementia/OAS1_0137/OAS1_0137_slice_02_z041.png,Mild Dementia/OAS1_0137/OAS1_0137_slice_02_z041.png,OAS1_0137,Mild Dementia,2,0,Non-Demented,0,0.5024993701211113,0.29656130943005393,0.2009393204488347,0.0
OASIS_1,RandomForest,13,test,motion__mild,motion,mild,D:\OASIS_1\distortions_32\motion\mild\Mild_Dementia\OAS1_0137\OAS1_0137_slice_03_z043.png,Mild_Dementia/OAS1_0137/OAS1_0137_slice_03_z043.png,Mild Dementia/OAS1_0137/OAS1_0137_slice_03_z043.png,OAS1_0137,Mild Dementia,2,0,Non-Demented,0,0.5451853516512916,0.27537387653461975,0.17944077181408902,0.0
OASIS_1,RandomForest,13,test,motion__mild,motion,mild,D:\OASIS_1\distortions_32\motion\mild\Mild_Dementia\OAS1_0137\OAS1_0137_slice_04_z046.png,Mild_Dementia/OAS1_0137/OAS1_0137_slice_04_z046.png,Mild Dementia/OAS1_0137/OAS1_0137_slice_04_z046.png,OAS1_0137,Mild Dementia,2,0,Non-Demented,0,0.4954342623580417,0.2988673148715292,0.20569842277042916,0.0
OASIS_1,RandomForest,13,test,motion__mild,motion,mild,D:\OASIS_1\distortions_32\motion\mild\Mild_Dementia\OAS1_0137\OAS1_0137_slice_05_z049.png,Mild_Dementia/OAS1_0137/OAS1_0137_slice_05_z049.png,Mild Dementia/OAS1_0137/OAS1_0137_slice_05_z049.png,OAS1_0137,Mild Dementia,2,0,Non-Demented,0,0.49265913240483067,0.2879422426770976,0.2193986249180719,0.0
OASIS_1,RandomForest,13,test,motion__mild,motion,mild,D:\OASIS_1\distortions_32\motion\mild\Mild_Dementia\OAS1_0137\OAS1_0137_slice_06_z051.png,Mild_Dementia/OAS1_0137/OAS1_0137_slice_06_z051.png,Mild Dementia/OAS1_0137/OAS1_0137_slice_06_z051.png,OAS1_0137,Mild Dementia,2,0,Non-Demented,0,0.5198672903482585,0.2592767485386256,0.22085596111311603,0.0
OASIS_1,RandomForest,13,test,motion__mild,motion,mild,D:\OASIS_1\distortions_32\motion\mild\Mild_Dementia\OAS1_0137\OAS1_0137_slice_07_z054.png,Mild_Dementia/OAS1_0137/OAS1_0137_slice_07_z054.png,Mild Dementia/OAS1_0137/OAS1_0137_slice_07_z054.png,OAS1_0137,Mild Dementia,2,0,Non-Demented,0,0.5028585841518637,0.2634558245613105,0.2336855912868258,0.0
OASIS_1,RandomForest,13,test,motion__mild,motion,mild,D:\OASIS_1\distortions_32\motion\mild\Mild_Dementia\OAS1_0137\OAS1_0137_slice_08_z057.png,Mild_Dementia/OAS1_0137/OAS1_0137_slice_08_z057.png,Mild Dementia/OAS1_0137/OAS1_0137_slice_08_z057.png,OAS1_0137,Mild Dementia,2,0,Non-Demented,0,0.49151846735463645,0.25211871807225966,0.2563628145731043,0.0
OASIS_1,RandomForest,13,test,motion__mild,motion,mild,D:\OASIS_1\distortions_32\motion\mild\Mild_Dementia\OAS1_0137\OAS1_0137_slice_09_z059.png,Mild_Dementia/OAS1_0137/OAS1_0137_slice_09_z059.png,Mild Dementia/OAS1_0137/OAS1_0137_slice_09_z059.png,OAS1_0137,Mild Dementia,2,0,Non-Demented,0,0.48832998146896245,0.2786575238203691,0.22967916137733535,0.0033333333333333335
OASIS_1,RandomForest,13,test,motion__mild,motion,mild,D:\OASIS_1\distortions_32\motion\mild\Mild_Dementia\OAS1_0137\OAS1_0137_slice_10_z062.png,Mild_Dementia/OAS1_0137/OAS1_0137_slice_10_z062.png,Mild Dementia/OAS1_0137/OAS1_0137_slice_10_z062.png,OAS1_0137,Mild Dementia,2,0,Non-Demented,0,0.4888082251585978,0.2862627694355068,0.22159567207256212,0.0033333333333333335
OASIS_1,RandomForest,13,test,motion__mild,motion,mild,D:\OASIS_1\distortions_32\motion\mild\Mild_Dementia\OAS1_0137\OAS1_0137_slice_11_z065.png,Mild_Dementia/OAS1_0137/OAS1_0137_slice_11_z065.png,Mild Dementia/OAS1_0137/OAS1_0137_slice_11_z065.png,OAS1_0137,Mild Dementia,2,0,Non-Demented,0,0.45954348809218926,0.2545564292397744,0.28256674933470294,0.0033333333333333335
OASIS_1,RandomForest,13,test,motion__mild,motion,mild,D:\OASIS_1\distortions_32\motion\mild\Mild_Dementia\OAS1_0137\OAS1_0137_slice_12_z068.png,Mild_Dementia/OAS1_0137/OAS1_0137_slice_12_z068.png,Mild Dementia/OAS1_0137/OAS1_0137_slice_12_z068.png,OAS1_0137,Mild Dementia,2,0,Non-Demented,0,0.5014063955727969,0.2890650927469679,0.20952851168023517,0.0
OASIS_1,RandomForest,13,test,motion__mild,motion,mild,D:\OASIS_1\distortions_32\motion\mild\Mild_Dementia\OAS1_0137\OAS1_0137_slice_13_z070.png,Mild_Dementia/OAS1_0137/OAS1_0137_slice_13_z070.png,Mild Dementia/OAS1_0137/OAS1_0137_slice_13_z070.png,OAS1_0137,Mild Dementia,2,0,Non-Demented,0,0.4852440301787565,0.2760311242102962,0.23539151227761404,0.0033333333333333335
OASIS_1,RandomForest,13,test,motion__mild,motion,mild,D:\OASIS_1\distortions_32\motion\mild\Mild_Dementia\OAS1_0137\OAS1_0137_slice_14_z073.png,Mild_Dementia/OAS1_0137/OAS1_0137_slice_14_z073.png,Mild Dementia/OAS1_0137/OAS1_0137_slice_14_z073.png,OAS1_0137,Mild Dementia,2,0,Non-Demented,0,0.5204134045615357,0.23753338703892798,0.24205320839953606,0.0
OASIS_1,RandomForest,13,test,motion__mild,motion,mild,D:\OASIS_1\distortions_32\motion\mild\Mild_Dementia\OAS1_0137\OAS1_0137_slice_15_z076.png,Mild_Dementia/OAS1_0137/OAS1_0137_slice_15_z076.png,Mild Dementia/OAS1_0137/OAS1_0137_slice_15_z076.png,OAS1_0137,Mild Dementia,2,0,Non-Demented,0,0.515887653094856,0.2515048329731673,0.23260751393197646,0.0
OASIS_1,RandomForest,13,test,motion__mild,motion,mild,D:\OASIS_1\distortions_32\motion\mild\Mild_Dementia\OAS1_0137\OAS1_0137_slice_16_z078.png,Mild_Dementia/OAS1_0137/OAS1_0137_slice_16_z078.png,Mild Dementia/OAS1_0137/OAS1_0137_slice_16_z078.png,OAS1_0137,Mild Dementia,2,0,Non-Demented,0,0.5096805676054281,0.2857905015323267,0.20452893086224516,0.0
OASIS_1,RandomForest,13,test,motion__mild,motion,mild,D:\OASIS_1\distortions_32\motion\mild\Mild_Dementia\OAS1_0137\OAS1_0137_slice_17_z081.png,Mild_Dementia/OAS1_0137/OAS1_0137_slice_17_z081.png,Mild Dementia/OAS1_0137/OAS1_0137_slice_17_z081.png,OAS1_0137,Mild Dementia,2,0,Non-Demented,0,0.5416223045940627,0.28448417909931084,0.17389351630662636,0.0
OASIS_1,RandomForest,13,test,motion__mild,motion,mild,D:\OASIS_1\distortions_32\motion\mild\Mild_Dementia\OAS1_0137\OAS1_0137_slice_18_z084.png,Mild_Dementia/OAS1_0137/OAS1_0137_slice_18_z084.png,Mild Dementia/OAS1_0137/OAS1_0137_slice_18_z084.png,OAS1_0137,Mild Dementia,2,0,Non-Demented,0,0.5990353770656622,0.22284460710509635,0.1781200158292416,0.0
OASIS_1,RandomForest,13,test,motion__mild,motion,mild,D:\OASIS_1\distortions_32\motion\mild\Mild_Dementia\OAS1_0137\OAS1_0137_slice_19_z086.png,Mild_Dementia/OAS1_0137/OAS1_0137_slice_19_z086.png,Mild Dementia/OAS1_0137/OAS1_0137_slice_19_z086.png,OAS1_0137,Mild Dementia,2,0,Non-Demented,0,0.5833451533217873,0.2417239500491774,0.17493089662903533,0.0
OASIS_1,RandomForest,13,test,motion__mild,motion,mild,D:\OASIS_1\distortions_32\motion\mild\Mild_Dementia\OAS1_0137\OAS1_0137_slice_20_z089.png,Mild_Dementia/OAS1_0137/OAS1_0137_slice_20_z089.png,Mild Dementia/OAS1_0137/OAS1_0137_slice_20_z089.png,OAS1_0137,Mild Dementia,2,0,Non-Demented,0,0.5312990153829074,0.2680913388448098,0.20060964577228263,0.0
OASIS_1,RandomForest,13,test,motion__mild,motion,mild,D:\OASIS_1\distortions_32\motion\mild\Mild_Dementia\OAS1_0184\OAS1_0184_slice_01_z038.png,Mild_Dementia/OAS1_0184/OAS1_0184_slice_01_z038.png,Mild Dementia/OAS1_0184/OAS1_0184_slice_01_z038.png,OAS1_0184,Mild Dementia,2,0,Non-Demented,0,0.5238145214994039,0.31987719403184806,0.15630828446874795,0.0
OASIS_1,RandomForest,13,test,motion__mild,motion,mild,D:\OASIS_1\distortions_32\motion\mild\Mild_Dementia\OAS1_0184\OAS1_0184_slice_02_z041.png,Mild_Dementia/OAS1_0184/OAS1_0184_slice_02_z041.png,Mild Dementia/OAS1_0184/OAS1_0184_slice_02_z041.png,OAS1_0184,Mild Dementia,2,0,Non-Demented,0,0.5481288693659533,0.3049282986288798,0.14694283200516745,0.0
OASIS_1,RandomForest,13,test,motion__mild,motion,mild,D:\OASIS_1\distortions_32\motion\mild\Mild_Dementia\OAS1_0184\OAS1_0184_slice_03_z043.png,Mild_Dementia/OAS1_0184/OAS1_0184_slice_03_z043.png,Mild Dementia/OAS1_0184/OAS1_0184_slice_03_z043.png,OAS1_0184,Mild Dementia,2,0,Non-Demented,0,0.5128423557607966,0.30360506959194306,0.18355257464726069,0.0
OASIS_1,RandomForest,13,test,motion__mild,motion,mild,D:\OASIS_1\distortions_32\motion\mild\Mild_Dementia\OAS1_0184\OAS1_0184_slice_04_z046.png,Mild_Dementia/OAS1_0184/OAS1_0184_slice_04_z046.png,Mild Dementia/OAS1_0184/OAS1_0184_slice_04_z046.png,OAS1_0184,Mild Dementia,2,0,Non-Demented,0,0.5096560558782262,0.3125653141150314,0.17444529667340908,0.0033333333333333335
OASIS_1,RandomForest,13,test,motion__mild,motion,mild,D:\OASIS_1\distortions_32\motion\mild\Mild_Dementia\OAS1_0184\OAS1_0184_slice_05_z049.png,Mild_Dementia/OAS1_0184/OAS1_0184_slice_05_z049.png,Mild Dementia/OAS1_0184/OAS1_0184_slice_05_z049.png,OAS1_0184,Mild Dementia,2,0,Non-Demented,0,0.5222802485941704,0.30090432795374034,0.17348209011875546,0.0033333333333333335
OASIS_1,RandomForest,13,test,motion__mild,motion,mild,D:\OASIS_1\distortions_32\motion\mild\Mild_Dementia\OAS1_0184\OAS1_0184_slice_06_z051.png,Mild_Dementia/OAS1_0184/OAS1_0184_slice_06_z051.png,Mild Dementia/OAS1_0184/OAS1_0184_slice_06_z051.png,OAS1_0184,Mild Dementia,2,0,Non-Demented,0,0.5548707025411675,0.26724033282979115,0.17455563129570745,0.0033333333333333335
OASIS_1,RandomForest,13,test,motion__mild,motion,mild,D:\OASIS_1\distortions_32\motion\mild\Mild_Dementia\OAS1_0184\OAS1_0184_slice_07_z054.png,Mild_Dementia/OAS1_0184/OAS1_0184_slice_07_z054.png,Mild Dementia/OAS1_0184/OAS1_0184_slice_07_z054.png,OAS1_0184,Mild Dementia,2,0,Non-Demented,0,0.5148070573318342,0.2722260586593989,0.20963355067543332,0.0033333333333333335
OASIS_1,RandomForest,13,test,motion__mild,motion,mild,D:\OASIS_1\distortions_32\motion\mild\Mild_Dementia\OAS1_0184\OAS1_0184_slice_08_z057.png,Mild_Dementia/OAS1_0184/OAS1_0184_slice_08_z057.png,Mild Dementia/OAS1_0184/OAS1_0184_slice_08_z057.png,OAS1_0184,Mild Dementia,2,0,Non-Demented,0,0.5309611230943257,0.2636970074193909,0.20200853615294986,0.0033333333333333335
OASIS_1,RandomForest,13,test,motion__mild,motion,mild,D:\OASIS_1\distortions_32\motion\mild\Mild_Dementia\OAS1_0184\OAS1_0184_slice_09_z059.png,Mild_Dementia/OAS1_0184/OAS1_0184_slice_09_z059.png,Mild Dementia/OAS1_0184/OAS1_0184_slice_09_z059.png,OAS1_0184,Mild Dementia,2,0,Non-Demented,0,0.5025755338598984,0.2776406863817053,0.21311711309172932,0.006666666666666667
OASIS_1,RandomForest,13,test,motion__mild,motion,mild,D:\OASIS_1\distortions_32\motion\mild\Mild_Dementia\OAS1_0184\OAS1_0184_slice_10_z062.png,Mild_Dementia/OAS1_0184/OAS1_0184_slice_10_z062.png,Mild Dementia/OAS1_0184/OAS1_0184_slice_10_z062.png,OAS1_0184,Mild Dementia,2,0,Non-Demented,0,0.4813318460110299,0.27090188729870734,0.24109960002359596,0.006666666666666667
OASIS_1,RandomForest,13,test,motion__mild,motion,mild,D:\OASIS_1\distortions_32\motion\mild\Mild_Dementia\OAS1_0184\OAS1_0184_slice_11_z065.png,Mild_Dementia/OAS1_0184/OAS1_0184_slice_11_z065.png,Mild Dementia/OAS1_0184/OAS1_0184_slice_11_z065.png,OAS1_0184,Mild Dementia,2,0,Non-Demented,0,0.46220711646698504,0.2862318964246642,0.2448943204416842,0.006666666666666667
OASIS_1,RandomForest,13,test,motion__mild,motion,mild,D:\OASIS_1\distortions_32\motion\mild\Mild_Dementia\OAS1_0184\OAS1_0184_slice_12_z068.png,Mild_Dementia/OAS1_0184/OAS1_0184_slice_12_z068.png,Mild Dementia/OAS1_0184/OAS1_0184_slice_12_z068.png,OAS1_0184,Mild Dementia,2,0,Non-Demented,0,0.4514031248240786,0.3077042386884671,0.23755930315412102,0.0033333333333333335
OASIS_1,RandomForest,13,test,motion__mild,motion,mild,D:\OASIS_1\distortions_32\motion\mild\Mild_Dementia\OAS1_0184\OAS1_0184_slice_13_z070.png,Mild_Dementia/OAS1_0184/OAS1_0184_slice_13_z070.png,Mild Dementia/OAS1_0184/OAS1_0184_slice_13_z070.png,OAS1_0184,Mild Dementia,2,0,Non-Demented,0,0.4606593816254241,0.2948639251174942,0.24114335992374838,0.0033333333333333335
OASIS_1,RandomForest,13,test,motion__mild,motion,mild,D:\OASIS_1\distortions_32\motion\mild\Mild_Dementia\OAS1_0184\OAS1_0184_slice_14_z073.png,Mild_Dementia/OAS1_0184/OAS1_0184_slice_14_z073.png,Mild Dementia/OAS1_0184/OAS1_0184_slice_14_z073.png,OAS1_0184,Mild Dementia,2,0,Non-Demented,0,0.4804257493574681,0.2857131242222252,0.2305277930869732,0.0033333333333333335
OASIS_1,RandomForest,13,test,motion__mild,motion,mild,D:\OASIS_1\distortions_32\motion\mild\Mild_Dementia\OAS1_0184\OAS1_0184_slice_15_z076.png,Mild_Dementia/OAS1_0184/OAS1_0184_slice_15_z076.png,Mild Dementia/OAS1_0184/OAS1_0184_slice_15_z076.png,OAS1_0184,Mild Dementia,2,0,Non-Demented,0,0.5074462953251515,0.2970336902646,0.1921866810769152,0.0033333333333333335
OASIS_1,RandomForest,13,test,motion__mild,motion,mild,D:\OASIS_1\distortions_32\motion\mild\Mild_Dementia\OAS1_0184\OAS1_0184_slice_16_z078.png,Mild_Dementia/OAS1_0184/OAS1_0184_slice_16_z078.png,Mild Dementia/OAS1_0184/OAS1_0184_slice_16_z078.png,OAS1_0184,Mild Dementia,2,0,Non-Demented,0,0.5106579457913855,0.3140963924000715,0.17191232847520982,0.0033333333333333335
OASIS_1,RandomForest,13,test,motion__mild,motion,mild,D:\OASIS_1\distortions_32\motion\mild\Mild_Dementia\OAS1_0184\OAS1_0184_slice_17_z081.png,Mild_Dementia/OAS1_0184/OAS1_0184_slice_17_z081.png,Mild Dementia/OAS1_0184/OAS1_0184_slice_17_z081.png,OAS1_0184,Mild Dementia,2,0,Non-Demented,0,0.5279629502213445,0.3064170519034938,0.16228666454182836,0.0033333333333333335
OASIS_1,RandomForest,13,test,motion__mild,motion,mild,D:\OASIS_1\distortions_32\motion\mild\Mild_Dementia\OAS1_0184\OAS1_0184_slice_18_z084.png,Mild_Dementia/OAS1_0184/OAS1_0184_slice_18_z084.png,Mild Dementia/OAS1_0184/OAS1_0184_slice_18_z084.png,OAS1_0184,Mild Dementia,2,0,Non-Demented,0,0.56614707443489,0.2817918422403624,0.1520610833247474,0.0
OASIS_1,RandomForest,13,test,motion__mild,motion,mild,D:\OASIS_1\distortions_32\motion\mild\Mild_Dementia\OAS1_0184\OAS1_0184_slice_19_z086.png,Mild_Dementia/OAS1_0184/OAS1_0184_slice_19_z086.png,Mild Dementia/OAS1_0184/OAS1_0184_slice_19_z086.png,OAS1_0184,Mild Dementia,2,0,Non-Demented,0,0.5405238118469675,0.2941238408511978,0.16535234730183457,0.0
OASIS_1,RandomForest,13,test,motion__mild,motion,mild,D:\OASIS_1\distortions_32\motion\mild\Mild_Dementia\OAS1_0184\OAS1_0184_slice_20_z089.png,Mild_Dementia/OAS1_0184/OAS1_0184_slice_20_z089.png,Mild Dementia/OAS1_0184/OAS1_0184_slice_20_z089.png,OAS1_0184,Mild Dementia,2,0,Non-Demented,0,0.5167046064217867,0.3445618126787155,0.13873358089949758,0.0
OASIS_1,RandomForest,13,test,motion__mild,motion,mild,D:\OASIS_1\distortions_32\motion\mild\Mild_Dementia\OAS1_0278\OAS1_0278_slice_01_z038.png,Mild_Dementia/OAS1_0278/OAS1_0278_slice_01_z038.png,Mild Dementia/OAS1_0278/OAS1_0278_slice_01_z038.png,OAS1_0278,Mild Dementia,2,0,Non-Demented,0,0.4068148721162282,0.299716202765028,0.29346892511874395,0.0
OASIS_1,RandomForest,13,test,motion__mild,motion,mild,D:\OASIS_1\distortions_32\motion\mild\Mild_Dementia\OAS1_0278\OAS1_0278_slice_02_z041.png,Mild_Dementia/OAS1_0278/OAS1_0278_slice_02_z041.png,Mild Dementia/OAS1_0278/OAS1_0278_slice_02_z041.png,OAS1_0278,Mild Dementia,2,0,Non-Demented,0,0.44847779386961556,0.28661999925228776,0.2649022068780966,0.0
OASIS_1,RandomForest,13,test,motion__mild,motion,mild,D:\OASIS_1\distortions_32\motion\mild\Mild_Dementia\OAS1_0278\OAS1_0278_slice_03_z043.png,Mild_Dementia/OAS1_0278/OAS1_0278_slice_03_z043.png,Mild Dementia/OAS1_0278/OAS1_0278_slice_03_z043.png,OAS1_0278,Mild Dementia,2,0,Non-Demented,0,0.46377885148225934,0.28923068769405336,0.24699046082368714,0.0
OASIS_1,RandomForest,13,test,motion__mild,motion,mild,D:\OASIS_1\distortions_32\motion\mild\Mild_Dementia\OAS1_0278\OAS1_0278_slice_04_z046.png,Mild_Dementia/OAS1_0278/OAS1_0278_slice_04_z046.png,Mild Dementia/OAS1_0278/OAS1_0278_slice_04_z046.png,OAS1_0278,Mild Dementia,2,0,Non-Demented,0,0.42526930468940977,0.31468975626985485,0.26004093904073544,0.0
OASIS_1,RandomForest,13,test,motion__mild,motion,mild,D:\OASIS_1\distortions_32\motion\mild\Mild_Dementia\OAS1_0278\OAS1_0278_slice_05_z049.png,Mild_Dementia/OAS1_0278/OAS1_0278_slice_05_z049.png,Mild Dementia/OAS1_0278/OAS1_0278_slice_05_z049.png,OAS1_0278,Mild Dementia,2,0,Non-Demented,0,0.4179991998523217,0.322082595680117,0.2599182044675612,0.0
OASIS_1,RandomForest,13,test,motion__mild,motion,mild,D:\OASIS_1\distortions_32\motion\mild\Mild_Dementia\OAS1_0278\OAS1_0278_slice_06_z051.png,Mild_Dementia/OAS1_0278/OAS1_0278_slice_06_z051.png,Mild Dementia/OAS1_0278/OAS1_0278_slice_06_z051.png,OAS1_0278,Mild Dementia,2,0,Non-Demented,0,0.44614509541210123,0.31519696293011057,0.238657941657788,0.0
OASIS_1,RandomForest,13,test,motion__mild,motion,mild,D:\OASIS_1\distortions_32\motion\mild\Mild_Dementia\OAS1_0278\OAS1_0278_slice_07_z054.png,Mild_Dementia/OAS1_0278/OAS1_0278_slice_07_z054.png,Mild Dementia/OAS1_0278/OAS1_0278_slice_07_z054.png,OAS1_0278,Mild Dementia,2,0,Non-Demented,0,0.4683905073063575,0.2916033292943143,0.2366728300659948,0.0033333333333333335
OASIS_1,RandomForest,13,test,motion__mild,motion,mild,D:\OASIS_1\distortions_32\motion\mild\Mild_Dementia\OAS1_0278\OAS1_0278_slice_08_z057.png,Mild_Dementia/OAS1_0278/OAS1_0278_slice_08_z057.png,Mild Dementia/OAS1_0278/OAS1_0278_slice_08_z057.png,OAS1_0278,Mild Dementia,2,0,Non-Demented,0,0.4562581710833726,0.327846695886419,0.21589513303020838,0.0
OASIS_1,RandomForest,13,test,motion__mild,motion,mild,D:\OASIS_1\distortions_32\motion\mild\Mild_Dementia\OAS1_0278\OAS1_0278_slice_09_z059.png,Mild_Dementia/OAS1_0278/OAS1_0278_slice_09_z059.png,Mild Dementia/OAS1_0278/OAS1_0278_slice_09_z059.png,OAS1_0278,Mild Dementia,2,0,Non-Demented,0,0.43558315216340854,0.33273038928516113,0.23168645855143055,0.0
OASIS_1,RandomForest,13,test,motion__mild,motion,mild,D:\OASIS_1\distortions_32\motion\mild\Mild_Dementia\OAS1_0278\OAS1_0278_slice_10_z062.png,Mild_Dementia/OAS1_0278/OAS1_0278_slice_10_z062.png,Mild Dementia/OAS1_0278/OAS1_0278_slice_10_z062.png,OAS1_0278,Mild Dementia,2,0,Non-Demented,0,0.4506539400715143,0.31961486049608284,0.22639786609906926,0.0033333333333333335
OASIS_1,RandomForest,13,test,motion__mild,motion,mild,D:\OASIS_1\distortions_32\motion\mild\Mild_Dementia\OAS1_0278\OAS1_0278_slice_11_z065.png,Mild_Dementia/OAS1_0278/OAS1_0278_slice_11_z065.png,Mild Dementia/OAS1_0278/OAS1_0278_slice_11_z065.png,OAS1_0278,Mild Dementia,2,0,Non-Demented,0,0.45825371251546493,0.31278863043889277,0.22895765704564217,0.0
OASIS_1,RandomForest,13,test,motion__mild,motion,mild,D:\OASIS_1\distortions_32\motion\mild\Mild_Dementia\OAS1_0278\OAS1_0278_slice_12_z068.png,Mild_Dementia/OAS1_0278/OAS1_0278_slice_12_z068.png,Mild Dementia/OAS1_0278/OAS1_0278_slice_12_z068.png,OAS1_0278,Mild Dementia,2,0,Non-Demented,0,0.45732563933862574,0.3196835903521962,0.222990770309178,0.0
OASIS_1,RandomForest,13,test,motion__mild,motion,mild,D:\OASIS_1\distortions_32\motion\mild\Mild_Dementia\OAS1_0278\OAS1_0278_slice_13_z070.png,Mild_Dementia/OAS1_0278/OAS1_0278_slice_13_z070.png,Mild Dementia/OAS1_0278/OAS1_0278_slice_13_z070.png,OAS1_0278,Mild Dementia,2,0,Non-Demented,0,0.40345080100967856,0.31422077687070976,0.2823284221196118,0.0
OASIS_1,RandomForest,13,test,motion__mild,motion,mild,D:\OASIS_1\distortions_32\motion\mild\Mild_Dementia\OAS1_0278\OAS1_0278_slice_14_z073.png,Mild_Dementia/OAS1_0278/OAS1_0278_slice_14_z073.png,Mild Dementia/OAS1_0278/OAS1_0278_slice_14_z073.png,OAS1_0278,Mild Dementia,2,0,Non-Demented,0,0.4603150533984919,0.28371702584990716,0.2559679207516011,0.0
OASIS_1,RandomForest,13,test,motion__mild,motion,mild,D:\OASIS_1\distortions_32\motion\mild\Mild_Dementia\OAS1_0278\OAS1_0278_slice_15_z076.png,Mild_Dementia/OAS1_0278/OAS1_0278_slice_15_z076.png,Mild Dementia/OAS1_0278/OAS1_0278_slice_15_z076.png,OAS1_0278,Mild Dementia,2,0,Non-Demented,0,0.4418764600135677,0.2669827634651673,0.287807443187932,0.0033333333333333335
OASIS_1,RandomForest,13,test,motion__mild,motion,mild,D:\OASIS_1\distortions_32\motion\mild\Mild_Dementia\OAS1_0278\OAS1_0278_slice_16_z078.png,Mild_Dementia/OAS1_0278/OAS1_0278_slice_16_z078.png,Mild Dementia/OAS1_0278/OAS1_0278_slice_16_z078.png,OAS1_0278,Mild Dementia,2,0,Non-Demented,0,0.40347506497175034,0.269101386686855,0.3207568816747281,0.006666666666666667
OASIS_1,RandomForest,13,test,motion__mild,motion,mild,D:\OASIS_1\distortions_32\motion\mild\Mild_Dementia\OAS1_0278\OAS1_0278_slice_17_z081.png,Mild_Dementia/OAS1_0278/OAS1_0278_slice_17_z081.png,Mild Dementia/OAS1_0278/OAS1_0278_slice_17_z081.png,OAS1_0278,Mild Dementia,2,0,Non-Demented,0,0.4275261715439844,0.25327573085317034,0.3191980976028451,0.0
OASIS_1,RandomForest,13,test,motion__mild,motion,mild,D:\OASIS_1\distortions_32\motion\mild\Mild_Dementia\OAS1_0278\OAS1_0278_slice_18_z084.png,Mild_Dementia/OAS1_0278/OAS1_0278_slice_18_z084.png,Mild Dementia/OAS1_0278/OAS1_0278_slice_18_z084.png,OAS1_0278,Mild Dementia,2,0,Non-Demented,0,0.4483226636215408,0.25554005024443005,0.2961372861340293,0.0
OASIS_1,RandomForest,13,test,motion__mild,motion,mild,D:\OASIS_1\distortions_32\motion\mild\Mild_Dementia\OAS1_0278\OAS1_0278_slice_19_z086.png,Mild_Dementia/OAS1_0278/OAS1_0278_slice_19_z086.png,Mild Dementia/OAS1_0278/OAS1_0278_slice_19_z086.png,OAS1_0278,Mild Dementia,2,0,Non-Demented,0,0.44997402005892495,0.2765388464707546,0.27348713347032055,0.0
OASIS_1,RandomForest,13,test,motion__mild,motion,mild,D:\OASIS_1\distortions_32\motion\mild\Mild_Dementia\OAS1_0278\OAS1_0278_slice_20_z089.png,Mild_Dementia/OAS1_0278/OAS1_0278_slice_20_z089.png,Mild Dementia/OAS1_0278/OAS1_0278_slice_20_z089.png,OAS1_0278,Mild Dementia,2,0,Non-Demented,0,0.42726686596214575,0.2672016669045803,0.30553146713327406,0.0
OASIS_1,RandomForest,13,test,motion__mild,motion,mild,D:\OASIS_1\distortions_32\motion\mild\Moderate_Dementia\OAS1_0308\OAS1_0308_slice_01_z038.png,Moderate_Dementia/OAS1_0308/OAS1_0308_slice_01_z038.png,Moderate Dementia/OAS1_0308/OAS1_0308_slice_01_z038.png,OAS1_0308,Moderate Dementia,3,0,Non-Demented,0,0.45271648512956253,0.32675214100700356,0.22053137386343422,0.0
OASIS_1,RandomForest,13,test,motion__mild,motion,mild,D:\OASIS_1\distortions_32\motion\mild\Moderate_Dementia\OAS1_0308\OAS1_0308_slice_02_z041.png,Moderate_Dementia/OAS1_0308/OAS1_0308_slice_02_z041.png,Moderate Dementia/OAS1_0308/OAS1_0308_slice_02_z041.png,OAS1_0308,Moderate Dementia,3,0,Non-Demented,0,0.4488331637386065,0.32228708497813663,0.22887975128325677,0.0
OASIS_1,RandomForest,13,test,motion__mild,motion,mild,D:\OASIS_1\distortions_32\motion\mild\Moderate_Dementia\OAS1_0308\OAS1_0308_slice_03_z043.png,Moderate_Dementia/OAS1_0308/OAS1_0308_slice_03_z043.png,Moderate Dementia/OAS1_0308/OAS1_0308_slice_03_z043.png,OAS1_0308,Moderate Dementia,3,0,Non-Demented,0,0.44701373830816643,0.36486412903951804,0.1881221326523156,0.0
OASIS_1,RandomForest,13,test,motion__mild,motion,mild,D:\OASIS_1\distortions_32\motion\mild\Moderate_Dementia\OAS1_0308\OAS1_0308_slice_04_z046.png,Moderate_Dementia/OAS1_0308/OAS1_0308_slice_04_z046.png,Moderate Dementia/OAS1_0308/OAS1_0308_slice_04_z046.png,OAS1_0308,Moderate Dementia,3,0,Non-Demented,0,0.47884327547754796,0.3323204757610013,0.18883624876145072,0.0
OASIS_1,RandomForest,13,test,motion__mild,motion,mild,D:\OASIS_1\distortions_32\motion\mild\Moderate_Dementia\OAS1_0308\OAS1_0308_slice_05_z049.png,Moderate_Dementia/OAS1_0308/OAS1_0308_slice_05_z049.png,Moderate Dementia/OAS1_0308/OAS1_0308_slice_05_z049.png,OAS1_0308,Moderate Dementia,3,0,Non-Demented,0,0.4545964599992977,0.37190429727363783,0.1734992427270645,0.0
OASIS_1,RandomForest,13,test,motion__mild,motion,mild,D:\OASIS_1\distortions_32\motion\mild\Moderate_Dementia\OAS1_0308\OAS1_0308_slice_06_z051.png,Moderate_Dementia/OAS1_0308/OAS1_0308_slice_06_z051.png,Moderate Dementia/OAS1_0308/OAS1_0308_slice_06_z051.png,OAS1_0308,Moderate Dementia,3,0,Non-Demented,0,0.4722911193533621,0.3634152230262106,0.1642936576204271,0.0
OASIS_1,RandomForest,13,test,motion__mild,motion,mild,D:\OASIS_1\distortions_32\motion\mild\Moderate_Dementia\OAS1_0308\OAS1_0308_slice_07_z054.png,Moderate_Dementia/OAS1_0308/OAS1_0308_slice_07_z054.png,Moderate Dementia/OAS1_0308/OAS1_0308_slice_07_z054.png,OAS1_0308,Moderate Dementia,3,0,Non-Demented,0,0.4662466581568441,0.36814220492591815,0.16561113691723744,0.0
OASIS_1,RandomForest,13,test,motion__mild,motion,mild,D:\OASIS_1\distortions_32\motion\mild\Moderate_Dementia\OAS1_0308\OAS1_0308_slice_08_z057.png,Moderate_Dementia/OAS1_0308/OAS1_0308_slice_08_z057.png,Moderate Dementia/OAS1_0308/OAS1_0308_slice_08_z057.png,OAS1_0308,Moderate Dementia,3,0,Non-Demented,0,0.501920825969701,0.36315337014884785,0.13492580388145106,0.0
OASIS_1,RandomForest,13,test,motion__mild,motion,mild,D:\OASIS_1\distortions_32\motion\mild\Moderate_Dementia\OAS1_0308\OAS1_0308_slice_09_z059.png,Moderate_Dementia/OAS1_0308/OAS1_0308_slice_09_z059.png,Moderate Dementia/OAS1_0308/OAS1_0308_slice_09_z059.png,OAS1_0308,Moderate Dementia,3,0,Non-Demented,0,0.46303918396353216,0.35946775598754843,0.1774930600489194,0.0
OASIS_1,RandomForest,13,test,motion__mild,motion,mild,D:\OASIS_1\distortions_32\motion\mild\Moderate_Dementia\OAS1_0308\OAS1_0308_slice_10_z062.png,Moderate_Dementia/OAS1_0308/OAS1_0308_slice_10_z062.png,Moderate Dementia/OAS1_0308/OAS1_0308_slice_10_z062.png,OAS1_0308,Moderate Dementia,3,0,Non-Demented,0,0.4758886776583402,0.3428376560728254,0.1812736662688344,0.0
OASIS_1,RandomForest,13,test,motion__mild,motion,mild,D:\OASIS_1\distortions_32\motion\mild\Moderate_Dementia\OAS1_0308\OAS1_0308_slice_11_z065.png,Moderate_Dementia/OAS1_0308/OAS1_0308_slice_11_z065.png,Moderate Dementia/OAS1_0308/OAS1_0308_slice_11_z065.png,OAS1_0308,Moderate Dementia,3,0,Non-Demented,0,0.4864229044219624,0.33296327487217636,0.18061382070586138,0.0
OASIS_1,RandomForest,13,test,motion__mild,motion,mild,D:\OASIS_1\distortions_32\motion\mild\Moderate_Dementia\OAS1_0308\OAS1_0308_slice_12_z068.png,Moderate_Dementia/OAS1_0308/OAS1_0308_slice_12_z068.png,Moderate Dementia/OAS1_0308/OAS1_0308_slice_12_z068.png,OAS1_0308,Moderate Dementia,3,0,Non-Demented,0,0.4893281968008113,0.3056644223061309,0.20500738089305776,0.0
OASIS_1,RandomForest,13,test,motion__mild,motion,mild,D:\OASIS_1\distortions_32\motion\mild\Moderate_Dementia\OAS1_0308\OAS1_0308_slice_13_z070.png,Moderate_Dementia/OAS1_0308/OAS1_0308_slice_13_z070.png,Moderate Dementia/OAS1_0308/OAS1_0308_slice_13_z070.png,OAS1_0308,Moderate Dementia,3,0,Non-Demented,0,0.507778399947999,0.3000192244226994,0.19220237562930145,0.0
OASIS_1,RandomForest,13,test,motion__mild,motion,mild,D:\OASIS_1\distortions_32\motion\mild\Moderate_Dementia\OAS1_0308\OAS1_0308_slice_14_z073.png,Moderate_Dementia/OAS1_0308/OAS1_0308_slice_14_z073.png,Moderate Dementia/OAS1_0308/OAS1_0308_slice_14_z073.png,OAS1_0308,Moderate Dementia,3,0,Non-Demented,0,0.489743716235771,0.33172535311740636,0.17853093064682246,0.0
OASIS_1,RandomForest,13,test,motion__mild,motion,mild,D:\OASIS_1\distortions_32\motion\mild\Moderate_Dementia\OAS1_0308\OAS1_0308_slice_15_z076.png,Moderate_Dementia/OAS1_0308/OAS1_0308_slice_15_z076.png,Moderate Dementia/OAS1_0308/OAS1_0308_slice_15_z076.png,OAS1_0308,Moderate Dementia,3,0,Non-Demented,0,0.4502314500815913,0.3573116425490939,0.19245690736931476,0.0
OASIS_1,RandomForest,13,test,motion__mild,motion,mild,D:\OASIS_1\distortions_32\motion\mild\Moderate_Dementia\OAS1_0308\OAS1_0308_slice_16_z078.png,Moderate_Dementia/OAS1_0308/OAS1_0308_slice_16_z078.png,Moderate Dementia/OAS1_0308/OAS1_0308_slice_16_z078.png,OAS1_0308,Moderate Dementia,3,0,Non-Demented,0,0.5194673518827618,0.3429820179212733,0.1375506301959648,0.0
OASIS_1,RandomForest,13,test,motion__mild,motion,mild,D:\OASIS_1\distortions_32\motion\mild\Moderate_Dementia\OAS1_0308\OAS1_0308_slice_17_z081.png,Moderate_Dementia/OAS1_0308/OAS1_0308_slice_17_z081.png,Moderate Dementia/OAS1_0308/OAS1_0308_slice_17_z081.png,OAS1_0308,Moderate Dementia,3,0,Non-Demented,0,0.49425466254028094,0.33574530040961453,0.1700000370501047,0.0
OASIS_1,RandomForest,13,test,motion__mild,motion,mild,D:\OASIS_1\distortions_32\motion\mild\Moderate_Dementia\OAS1_0308\OAS1_0308_slice_18_z084.png,Moderate_Dementia/OAS1_0308/OAS1_0308_slice_18_z084.png,Moderate Dementia/OAS1_0308/OAS1_0308_slice_18_z084.png,OAS1_0308,Moderate Dementia,3,0,Non-Demented,0,0.49057129456399345,0.3125604417818308,0.19686826365417578,0.0
OASIS_1,RandomForest,13,test,motion__mild,motion,mild,D:\OASIS_1\distortions_32\motion\mild\Moderate_Dementia\OAS1_0308\OAS1_0308_slice_19_z086.png,Moderate_Dementia/OAS1_0308/OAS1_0308_slice_19_z086.png,Moderate Dementia/OAS1_0308/OAS1_0308_slice_19_z086.png,OAS1_0308,Moderate Dementia,3,0,Non-Demented,0,0.48372800170775615,0.318171997171738,0.19810000112050596,0.0
OASIS_1,RandomForest,13,test,motion__mild,motion,mild,D:\OASIS_1\distortions_32\motion\mild\Moderate_Dementia\OAS1_0308\OAS1_0308_slice_20_z089.png,Moderate_Dementia/OAS1_0308/OAS1_0308_slice_20_z089.png,Moderate Dementia/OAS1_0308/OAS1_0308_slice_20_z089.png,OAS1_0308,Moderate Dementia,3,0,Non-Demented,0,0.494250829145246,0.3030825867644637,0.2026665840902906,0.0
OASIS_1,RandomForest,13,test,motion__mild,motion,mild,D:\OASIS_1\distortions_32\motion\mild\Non_Demented\OAS1_0013\OAS1_0013_slice_01_z038.png,Non_Demented/OAS1_0013/OAS1_0013_slice_01_z038.png,Non-Demented/OAS1_0013/OAS1_0013_slice_01_z038.png,OAS1_0013,Non-Demented,0,0,Non-Demented,1,0.528897638586477,0.2903028988872783,0.1807994625262445,0.0
OASIS_1,RandomForest,13,test,motion__mild,motion,mild,D:\OASIS_1\distortions_32\motion\mild\Non_Demented\OAS1_0013\OAS1_0013_slice_02_z041.png,Non_Demented/OAS1_0013/OAS1_0013_slice_02_z041.png,Non-Demented/OAS1_0013/OAS1_0013_slice_02_z041.png,OAS1_0013,Non-Demented,0,0,Non-Demented,1,0.5459955833642198,0.2901367366193597,0.16386768001642052,0.0
OASIS_1,RandomForest,13,test,motion__mild,motion,mild,D:\OASIS_1\distortions_32\motion\mild\Non_Demented\OAS1_0013\OAS1_0013_slice_03_z043.png,Non_Demented/OAS1_0013/OAS1_0013_slice_03_z043.png,Non-Demented/OAS1_0013/OAS1_0013_slice_03_z043.png,OAS1_0013,Non-Demented,0,0,Non-Demented,1,0.5500581031261562,0.29075176560665206,0.15919013126719198,0.0
OASIS_1,RandomForest,13,test,motion__mild,motion,mild,D:\OASIS_1\distortions_32\motion\mild\Non_Demented\OAS1_0013\OAS1_0013_slice_04_z046.png,Non_Demented/OAS1_0013/OAS1_0013_slice_04_z046.png,Non-Demented/OAS1_0013/OAS1_0013_slice_04_z046.png,OAS1_0013,Non-Demented,0,0,Non-Demented,1,0.5715567429825936,0.279588241464805,0.14885501555260147,0.0
OASIS_1,RandomForest,13,test,motion__mild,motion,mild,D:\OASIS_1\distortions_32\motion\mild\Non_Demented\OAS1_0013\OAS1_0013_slice_05_z049.png,Non_Demented/OAS1_0013/OAS1_0013_slice_05_z049.png,Non-Demented/OAS1_0013/OAS1_0013_slice_05_z049.png,OAS1_0013,Non-Demented,0,0,Non-Demented,1,0.5346104241996876,0.31063623216116387,0.15475334363914867,0.0
OASIS_1,RandomForest,13,test,motion__mild,motion,mild,D:\OASIS_1\distortions_32\motion\mild\Non_Demented\OAS1_0013\OAS1_0013_slice_06_z051.png,Non_Demented/OAS1_0013/OAS1_0013_slice_06_z051.png,Non-Demented/OAS1_0013/OAS1_0013_slice_06_z051.png,OAS1_0013,Non-Demented,0,0,Non-Demented,1,0.47856273907184904,0.31812301630807077,0.20331424462008021,0.0
OASIS_1,RandomForest,13,test,motion__mild,motion,mild,D:\OASIS_1\distortions_32\motion\mild\Non_Demented\OAS1_0013\OAS1_0013_slice_07_z054.png,Non_Demented/OAS1_0013/OAS1_0013_slice_07_z054.png,Non-Demented/OAS1_0013/OAS1_0013_slice_07_z054.png,OAS1_0013,Non-Demented,0,0,Non-Demented,1,0.47240229786851434,0.3137641836614821,0.2138335184700037,0.0
OASIS_1,RandomForest,13,test,motion__mild,motion,mild,D:\OASIS_1\distortions_32\motion\mild\Non_Demented\OAS1_0013\OAS1_0013_slice_08_z057.png,Non_Demented/OAS1_0013/OAS1_0013_slice_08_z057.png,Non-Demented/OAS1_0013/OAS1_0013_slice_08_z057.png,OAS1_0013,Non-Demented,0,0,Non-Demented,1,0.434345566227703,0.2913900700918182,0.2742643636804789,0.0
OASIS_1,RandomForest,13,test,motion__mild,motion,mild,D:\OASIS_1\distortions_32\motion\mild\Non_Demented\OAS1_0013\OAS1_0013_slice_09_z059.png,Non_Demented/OAS1_0013/OAS1_0013_slice_09_z059.png,Non-Demented/OAS1_0013/OAS1_0013_slice_09_z059.png,OAS1_0013,Non-Demented,0,0,Non-Demented,1,0.4394303100037583,0.28062286199887504,0.27994682799736653,0.0
OASIS_1,RandomForest,13,test,motion__mild,motion,mild,D:\OASIS_1\distortions_32\motion\mild\Non_Demented\OAS1_0013\OAS1_0013_slice_10_z062.png,Non_Demented/OAS1_0013/OAS1_0013_slice_10_z062.png,Non-Demented/OAS1_0013/OAS1_0013_slice_10_z062.png,OAS1_0013,Non-Demented,0,0,Non-Demented,1,0.3831497170931401,0.27863776255458705,0.3382125203522727,0.0
OASIS_1,RandomForest,13,test,motion__mild,motion,mild,D:\OASIS_1\distortions_32\motion\mild\Non_Demented\OAS1_0013\OAS1_0013_slice_11_z065.png,Non_Demented/OAS1_0013/OAS1_0013_slice_11_z065.png,Non-Demented/OAS1_0013/OAS1_0013_slice_11_z065.png,OAS1_0013,Non-Demented,0,2,Mild Dementia,0,0.3563655240747747,0.27391274207119226,0.36972173385403295,0.0
OASIS_1,RandomForest,13,test,motion__mild,motion,mild,D:\OASIS_1\distortions_32\motion\mild\Non_Demented\OAS1_0013\OAS1_0013_slice_12_z068.png,Non_Demented/OAS1_0013/OAS1_0013_slice_12_z068.png,Non-Demented/OAS1_0013/OAS1_0013_slice_12_z068.png,OAS1_0013,Non-Demented,0,0,Non-Demented,1,0.446723959291987,0.26082285779996456,0.29245318290804856,0.0
OASIS_1,RandomForest,13,test,motion__mild,motion,mild,D:\OASIS_1\distortions_32\motion\mild\Non_Demented\OAS1_0013\OAS1_0013_slice_13_z070.png,Non_Demented/OAS1_0013/OAS1_0013_slice_13_z070.png,Non-Demented/OAS1_0013/OAS1_0013_slice_13_z070.png,OAS1_0013,Non-Demented,0,0,Non-Demented,1,0.46418713640532855,0.2840231595015355,0.2517897040931358,0.0
OASIS_1,RandomForest,13,test,motion__mild,motion,mild,D:\OASIS_1\distortions_32\motion\mild\Non_Demented\OAS1_0013\OAS1_0013_slice_14_z073.png,Non_Demented/OAS1_0013/OAS1_0013_slice_14_z073.png,Non-Demented/OAS1_0013/OAS1_0013_slice_14_z073.png,OAS1_0013,Non-Demented,0,0,Non-Demented,1,0.45718029814214795,0.2875522430372703,0.25526745882058166,0.0
OASIS_1,RandomForest,13,test,motion__mild,motion,mild,D:\OASIS_1\distortions_32\motion\mild\Non_Demented\OAS1_0013\OAS1_0013_slice_15_z076.png,Non_Demented/OAS1_0013/OAS1_0013_slice_15_z076.png,Non-Demented/OAS1_0013/OAS1_0013_slice_15_z076.png,OAS1_0013,Non-Demented,0,0,Non-Demented,1,0.48548998038011715,0.30032686887449794,0.21418315074538494,0.0
OASIS_1,RandomForest,13,test,motion__mild,motion,mild,D:\OASIS_1\distortions_32\motion\mild\Non_Demented\OAS1_0013\OAS1_0013_slice_16_z078.png,Non_Demented/OAS1_0013/OAS1_0013_slice_16_z078.png,Non-Demented/OAS1_0013/OAS1_0013_slice_16_z078.png,OAS1_0013,Non-Demented,0,0,Non-Demented,1,0.47422757685907724,0.3206814460416111,0.20509097709931182,0.0
OASIS_1,RandomForest,13,test,motion__mild,motion,mild,D:\OASIS_1\distortions_32\motion\mild\Non_Demented\OAS1_0013\OAS1_0013_slice_17_z081.png,Non_Demented/OAS1_0013/OAS1_0013_slice_17_z081.png,Non-Demented/OAS1_0013/OAS1_0013_slice_17_z081.png,OAS1_0013,Non-Demented,0,0,Non-Demented,1,0.5741165534821789,0.26982256181992087,0.15606088469790036,0.0
OASIS_1,RandomForest,13,test,motion__mild,motion,mild,D:\OASIS_1\distortions_32\motion\mild\Non_Demented\OAS1_0013\OAS1_0013_slice_18_z084.png,Non_Demented/OAS1_0013/OAS1_0013_slice_18_z084.png,Non-Demented/OAS1_0013/OAS1_0013_slice_18_z084.png,OAS1_0013,Non-Demented,0,0,Non-Demented,1,0.53862437810591,0.2970619363591616,0.1643136855349287,0.0
OASIS_1,RandomForest,13,test,motion__mild,motion,mild,D:\OASIS_1\distortions_32\motion\mild\Non_Demented\OAS1_0013\OAS1_0013_slice_19_z086.png,Non_Demented/OAS1_0013/OAS1_0013_slice_19_z086.png,Non-Demented/OAS1_0013/OAS1_0013_slice_19_z086.png,OAS1_0013,Non-Demented,0,0,Non-Demented,1,0.5619619667945782,0.26199761846019426,0.1760404147452277,0.0
OASIS_1,RandomForest,13,test,motion__mild,motion,mild,D:\OASIS_1\distortions_32\motion\mild\Non_Demented\OAS1_0013\OAS1_0013_slice_20_z089.png,Non_Demented/OAS1_0013/OAS1_0013_slice_20_z089.png,Non-Demented/OAS1_0013/OAS1_0013_slice_20_z089.png,OAS1_0013,Non-Demented,0,0,Non-Demented,1,0.5234207166253702,0.3117590655112061,0.1614868845300904,0.0033333333333333335
OASIS_1,RandomForest,13,test,motion__mild,motion,mild,D:\OASIS_1\distortions_32\motion\mild\Non_Demented\OAS1_0044\OAS1_0044_slice_01_z038.png,Non_Demented/OAS1_0044/OAS1_0044_slice_01_z038.png,Non-Demented/OAS1_0044/OAS1_0044_slice_01_z038.png,OAS1_0044,Non-Demented,0,0,Non-Demented,1,0.6725051605910626,0.2269288970037371,0.10056594240520045,0.0
OASIS_1,RandomForest,13,test,motion__mild,motion,mild,D:\OASIS_1\distortions_32\motion\mild\Non_Demented\OAS1_0044\OAS1_0044_slice_02_z041.png,Non_Demented/OAS1_0044/OAS1_0044_slice_02_z041.png,Non-Demented/OAS1_0044/OAS1_0044_slice_02_z041.png,OAS1_0044,Non-Demented,0,0,Non-Demented,1,0.6556856457049608,0.205536449444692,0.13877790485034722,0.0
OASIS_1,RandomForest,13,test,motion__mild,motion,mild,D:\OASIS_1\distortions_32\motion\mild\Non_Demented\OAS1_0044\OAS1_0044_slice_03_z043.png,Non_Demented/OAS1_0044/OAS1_0044_slice_03_z043.png,Non-Demented/OAS1_0044/OAS1_0044_slice_03_z043.png,OAS1_0044,Non-Demented,0,0,Non-Demented,1,0.6625133384976218,0.20206959781411318,0.13541706368826512,0.0
OASIS_1,RandomForest,13,test,motion__mild,motion,mild,D:\OASIS_1\distortions_32\motion\mild\Non_Demented\OAS1_0044\OAS1_0044_slice_04_z046.png,Non_Demented/OAS1_0044/OAS1_0044_slice_04_z046.png,Non-Demented/OAS1_0044/OAS1_0044_slice_04_z046.png,OAS1_0044,Non-Demented,0,0,Non-Demented,1,0.648521094685337,0.2281017096383304,0.1233771956763326,0.0
OASIS_1,RandomForest,13,test,motion__mild,motion,mild,D:\OASIS_1\distortions_32\motion\mild\Non_Demented\OAS1_0044\OAS1_0044_slice_05_z049.png,Non_Demented/OAS1_0044/OAS1_0044_slice_05_z049.png,Non-Demented/OAS1_0044/OAS1_0044_slice_05_z049.png,OAS1_0044,Non-Demented,0,0,Non-Demented,1,0.6588363472554094,0.22325293760187823,0.11791071514271255,0.0
OASIS_1,RandomForest,13,test,motion__mild,motion,mild,D:\OASIS_1\distortions_32\motion\mild\Non_Demented\OAS1_0044\OAS1_0044_slice_06_z051.png,Non_Demented/OAS1_0044/OAS1_0044_slice_06_z051.png,Non-Demented/OAS1_0044/OAS1_0044_slice_06_z051.png,OAS1_0044,Non-Demented,0,0,Non-Demented,1,0.6639175375316981,0.21909605701791268,0.11698640545038917,0.0
OASIS_1,RandomForest,13,test,motion__mild,motion,mild,D:\OASIS_1\distortions_32\motion\mild\Non_Demented\OAS1_0044\OAS1_0044_slice_07_z054.png,Non_Demented/OAS1_0044/OAS1_0044_slice_07_z054.png,Non-Demented/OAS1_0044/OAS1_0044_slice_07_z054.png,OAS1_0044,Non-Demented,0,0,Non-Demented,1,0.6580265682971189,0.213482616592553,0.12849081511032828,0.0
OASIS_1,RandomForest,13,test,motion__mild,motion,mild,D:\OASIS_1\distortions_32\motion\mild\Non_Demented\OAS1_0044\OAS1_0044_slice_08_z057.png,Non_Demented/OAS1_0044/OAS1_0044_slice_08_z057.png,Non-Demented/OAS1_0044/OAS1_0044_slice_08_z057.png,OAS1_0044,Non-Demented,0,0,Non-Demented,1,0.6564049180678757,0.21651146897751417,0.12708361295461018,0.0
OASIS_1,RandomForest,13,test,motion__mild,motion,mild,D:\OASIS_1\distortions_32\motion\mild\Non_Demented\OAS1_0044\OAS1_0044_slice_09_z059.png,Non_Demented/OAS1_0044/OAS1_0044_slice_09_z059.png,Non-Demented/OAS1_0044/OAS1_0044_slice_09_z059.png,OAS1_0044,Non-Demented,0,0,Non-Demented,1,0.5797770843353962,0.2646573340521988,0.1555655816124051,0.0
OASIS_1,RandomForest,13,test,motion__mild,motion,mild,D:\OASIS_1\distortions_32\motion\mild\Non_Demented\OAS1_0044\OAS1_0044_slice_10_z062.png,Non_Demented/OAS1_0044/OAS1_0044_slice_10_z062.png,Non-Demented/OAS1_0044/OAS1_0044_slice_10_z062.png,OAS1_0044,Non-Demented,0,0,Non-Demented,1,0.5350583770932189,0.2983738318447438,0.16656779106203767,0.0
OASIS_1,RandomForest,13,test,motion__mild,motion,mild,D:\OASIS_1\distortions_32\motion\mild\Non_Demented\OAS1_0044\OAS1_0044_slice_11_z065.png,Non_Demented/OAS1_0044/OAS1_0044_slice_11_z065.png,Non-Demented/OAS1_0044/OAS1_0044_slice_11_z065.png,OAS1_0044,Non-Demented,0,0,Non-Demented,1,0.520657115772151,0.2895422539584901,0.1898006302693593,0.0
OASIS_1,RandomForest,13,test,motion__mild,motion,mild,D:\OASIS_1\distortions_32\motion\mild\Non_Demented\OAS1_0044\OAS1_0044_slice_12_z068.png,Non_Demented/OAS1_0044/OAS1_0044_slice_12_z068.png,Non-Demented/OAS1_0044/OAS1_0044_slice_12_z068.png,OAS1_0044,Non-Demented,0,0,Non-Demented,1,0.5615695194359286,0.26989639635700396,0.1685340842070676,0.0
OASIS_1,RandomForest,13,test,motion__mild,motion,mild,D:\OASIS_1\distortions_32\motion\mild\Non_Demented\OAS1_0044\OAS1_0044_slice_13_z070.png,Non_Demented/OAS1_0044/OAS1_0044_slice_13_z070.png,Non-Demented/OAS1_0044/OAS1_0044_slice_13_z070.png,OAS1_0044,Non-Demented,0,0,Non-Demented,1,0.6030940775877999,0.24176525287959644,0.15514066953260355,0.0
OASIS_1,RandomForest,13,test,motion__mild,motion,mild,D:\OASIS_1\distortions_32\motion\mild\Non_Demented\OAS1_0044\OAS1_0044_slice_14_z073.png,Non_Demented/OAS1_0044/OAS1_0044_slice_14_z073.png,Non-Demented/OAS1_0044/OAS1_0044_slice_14_z073.png,OAS1_0044,Non-Demented,0,0,Non-Demented,1,0.6299146188316807,0.24973382800908278,0.12035155315923651,0.0
OASIS_1,RandomForest,13,test,motion__mild,motion,mild,D:\OASIS_1\distortions_32\motion\mild\Non_Demented\OAS1_0044\OAS1_0044_slice_15_z076.png,Non_Demented/OAS1_0044/OAS1_0044_slice_15_z076.png,Non-Demented/OAS1_0044/OAS1_0044_slice_15_z076.png,OAS1_0044,Non-Demented,0,0,Non-Demented,1,0.6411832349255436,0.2595048532774796,0.09931191179697695,0.0
OASIS_1,RandomForest,13,test,motion__mild,motion,mild,D:\OASIS_1\distortions_32\motion\mild\Non_Demented\OAS1_0044\OAS1_0044_slice_16_z078.png,Non_Demented/OAS1_0044/OAS1_0044_slice_16_z078.png,Non-Demented/OAS1_0044/OAS1_0044_slice_16_z078.png,OAS1_0044,Non-Demented,0,0,Non-Demented,1,0.6527815742308256,0.20699083256412926,0.14022759320504508,0.0
OASIS_1,RandomForest,13,test,motion__mild,motion,mild,D:\OASIS_1\distortions_32\motion\mild\Non_Demented\OAS1_0044\OAS1_0044_slice_17_z081.png,Non_Demented/OAS1_0044/OAS1_0044_slice_17_z081.png,Non-Demented/OAS1_0044/OAS1_0044_slice_17_z081.png,OAS1_0044,Non-Demented,0,0,Non-Demented,1,0.642032134183396,0.22753375761124872,0.13043410820535517,0.0
OASIS_1,RandomForest,13,test,motion__mild,motion,mild,D:\OASIS_1\distortions_32\motion\mild\Non_Demented\OAS1_0044\OAS1_0044_slice_18_z084.png,Non_Demented/OAS1_0044/OAS1_0044_slice_18_z084.png,Non-Demented/OAS1_0044/OAS1_0044_slice_18_z084.png,OAS1_0044,Non-Demented,0,0,Non-Demented,1,0.6485208714132398,0.2314489224199221,0.1200302061668385,0.0
OASIS_1,RandomForest,13,test,motion__mild,motion,mild,D:\OASIS_1\distortions_32\motion\mild\Non_Demented\OAS1_0044\OAS1_0044_slice_19_z086.png,Non_Demented/OAS1_0044/OAS1_0044_slice_19_z086.png,Non-Demented/OAS1_0044/OAS1_0044_slice_19_z086.png,OAS1_0044,Non-Demented,0,0,Non-Demented,1,0.6675401931011762,0.21049621083799508,0.12196359606082906,0.0
OASIS_1,RandomForest,13,test,motion__mild,motion,mild,D:\OASIS_1\distortions_32\motion\mild\Non_Demented\OAS1_0044\OAS1_0044_slice_20_z089.png,Non_Demented/OAS1_0044/OAS1_0044_slice_20_z089.png,Non-Demented/OAS1_0044/OAS1_0044_slice_20_z089.png,OAS1_0044,Non-Demented,0,0,Non-Demented,1,0.6911670330678824,0.21504439877275813,0.09378856815935957,0.0
OASIS_1,RandomForest,13,test,motion__mild,motion,mild,D:\OASIS_1\distortions_32\motion\mild\Non_Demented\OAS1_0074\OAS1_0074_slice_01_z038.png,Non_Demented/OAS1_0074/OAS1_0074_slice_01_z038.png,Non-Demented/OAS1_0074/OAS1_0074_slice_01_z038.png,OAS1_0074,Non-Demented,0,0,Non-Demented,1,0.5922334986853534,0.23837399873228027,0.16939250258236666,0.0
OASIS_1,RandomForest,13,test,motion__mild,motion,mild,D:\OASIS_1\distortions_32\motion\mild\Non_Demented\OAS1_0074\OAS1_0074_slice_02_z041.png,Non_Demented/OAS1_0074/OAS1_0074_slice_02_z041.png,Non-Demented/OAS1_0074/OAS1_0074_slice_02_z041.png,OAS1_0074,Non-Demented,0,0,Non-Demented,1,0.5834650388171129,0.24706057882090454,0.16947438236198306,0.0
OASIS_1,RandomForest,13,test,motion__mild,motion,mild,D:\OASIS_1\distortions_32\motion\mild\Non_Demented\OAS1_0074\OAS1_0074_slice_03_z043.png,Non_Demented/OAS1_0074/OAS1_0074_slice_03_z043.png,Non-Demented/OAS1_0074/OAS1_0074_slice_03_z043.png,OAS1_0074,Non-Demented,0,0,Non-Demented,1,0.5948945236431304,0.27414667335876963,0.1309588029981001,0.0
OASIS_1,RandomForest,13,test,motion__mild,motion,mild,D:\OASIS_1\distortions_32\motion\mild\Non_Demented\OAS1_0074\OAS1_0074_slice_04_z046.png,Non_Demented/OAS1_0074/OAS1_0074_slice_04_z046.png,Non-Demented/OAS1_0074/OAS1_0074_slice_04_z046.png,OAS1_0074,Non-Demented,0,0,Non-Demented,1,0.6041083358728422,0.28947865363873715,0.10641301048842075,0.0
OASIS_1,RandomForest,13,test,motion__mild,motion,mild,D:\OASIS_1\distortions_32\motion\mild\Non_Demented\OAS1_0074\OAS1_0074_slice_05_z049.png,Non_Demented/OAS1_0074/OAS1_0074_slice_05_z049.png,Non-Demented/OAS1_0074/OAS1_0074_slice_05_z049.png,OAS1_0074,Non-Demented,0,0,Non-Demented,1,0.5712811438507439,0.3056931943562233,0.12302566179303272,0.0
OASIS_1,RandomForest,13,test,motion__mild,motion,mild,D:\OASIS_1\distortions_32\motion\mild\Non_Demented\OAS1_0074\OAS1_0074_slice_06_z051.png,Non_Demented/OAS1_0074/OAS1_0074_slice_06_z051.png,Non-Demented/OAS1_0074/OAS1_0074_slice_06_z051.png,OAS1_0074,Non-Demented,0,0,Non-Demented,1,0.5363256723558776,0.3324412586105059,0.1312330690336167,0.0
OASIS_1,RandomForest,13,test,motion__mild,motion,mild,D:\OASIS_1\distortions_32\motion\mild\Non_Demented\OAS1_0074\OAS1_0074_slice_07_z054.png,Non_Demented/OAS1_0074/OAS1_0074_slice_07_z054.png,Non-Demented/OAS1_0074/OAS1_0074_slice_07_z054.png,OAS1_0074,Non-Demented,0,0,Non-Demented,1,0.5405273402647361,0.3102890448059612,0.14918361492930227,0.0
OASIS_1,RandomForest,13,test,motion__mild,motion,mild,D:\OASIS_1\distortions_32\motion\mild\Non_Demented\OAS1_0074\OAS1_0074_slice_08_z057.png,Non_Demented/OAS1_0074/OAS1_0074_slice_08_z057.png,Non-Demented/OAS1_0074/OAS1_0074_slice_08_z057.png,OAS1_0074,Non-Demented,0,0,Non-Demented,1,0.5541040924360794,0.3304749730399495,0.11542093452397087,0.0
OASIS_1,RandomForest,13,test,motion__mild,motion,mild,D:\OASIS_1\distortions_32\motion\mild\Non_Demented\OAS1_0074\OAS1_0074_slice_09_z059.png,Non_Demented/OAS1_0074/OAS1_0074_slice_09_z059.png,Non-Demented/OAS1_0074/OAS1_0074_slice_09_z059.png,OAS1_0074,Non-Demented,0,0,Non-Demented,1,0.4873733348787292,0.3831968327926569,0.12942983232861402,0.0
OASIS_1,RandomForest,13,test,motion__mild,motion,mild,D:\OASIS_1\distortions_32\motion\mild\Non_Demented\OAS1_0074\OAS1_0074_slice_10_z062.png,Non_Demented/OAS1_0074/OAS1_0074_slice_10_z062.png,Non-Demented/OAS1_0074/OAS1_0074_slice_10_z062.png,OAS1_0074,Non-Demented,0,0,Non-Demented,1,0.4639007616377133,0.3784991955904503,0.15760004277183656,0.0
OASIS_1,RandomForest,13,test,motion__mild,motion,mild,D:\OASIS_1\distortions_32\motion\mild\Non_Demented\OAS1_0074\OAS1_0074_slice_11_z065.png,Non_Demented/OAS1_0074/OAS1_0074_slice_11_z065.png,Non-Demented/OAS1_0074/OAS1_0074_slice_11_z065.png,OAS1_0074,Non-Demented,0,1,Very Mild Dementia,0,0.39661657642481063,0.44403816674692254,0.1593452568282669,0.0
OASIS_1,RandomForest,13,test,motion__mild,motion,mild,D:\OASIS_1\distortions_32\motion\mild\Non_Demented\OAS1_0074\OAS1_0074_slice_12_z068.png,Non_Demented/OAS1_0074/OAS1_0074_slice_12_z068.png,Non-Demented/OAS1_0074/OAS1_0074_slice_12_z068.png,OAS1_0074,Non-Demented,0,0,Non-Demented,1,0.4819093247806643,0.40739685940535375,0.11069381581398197,0.0
OASIS_1,RandomForest,13,test,motion__mild,motion,mild,D:\OASIS_1\distortions_32\motion\mild\Non_Demented\OAS1_0074\OAS1_0074_slice_13_z070.png,Non_Demented/OAS1_0074/OAS1_0074_slice_13_z070.png,Non-Demented/OAS1_0074/OAS1_0074_slice_13_z070.png,OAS1_0074,Non-Demented,0,0,Non-Demented,1,0.5090573564921245,0.3601116789329015,0.13083096457497403,0.0
OASIS_1,RandomForest,13,test,motion__mild,motion,mild,D:\OASIS_1\distortions_32\motion\mild\Non_Demented\OAS1_0074\OAS1_0074_slice_14_z073.png,Non_Demented/OAS1_0074/OAS1_0074_slice_14_z073.png,Non-Demented/OAS1_0074/OAS1_0074_slice_14_z073.png,OAS1_0074,Non-Demented,0,0,Non-Demented,1,0.5227182085856277,0.3560279004992355,0.12125389091513675,0.0
OASIS_1,RandomForest,13,test,motion__mild,motion,mild,D:\OASIS_1\distortions_32\motion\mild\Non_Demented\OAS1_0074\OAS1_0074_slice_15_z076.png,Non_Demented/OAS1_0074/OAS1_0074_slice_15_z076.png,Non-Demented/OAS1_0074/OAS1_0074_slice_15_z076.png,OAS1_0074,Non-Demented,0,0,Non-Demented,1,0.49515234630858684,0.3820144125399333,0.12283324115148044,0.0
OASIS_1,RandomForest,13,test,motion__mild,motion,mild,D:\OASIS_1\distortions_32\motion\mild\Non_Demented\OAS1_0074\OAS1_0074_slice_16_z078.png,Non_Demented/OAS1_0074/OAS1_0074_slice_16_z078.png,Non-Demented/OAS1_0074/OAS1_0074_slice_16_z078.png,OAS1_0074,Non-Demented,0,0,Non-Demented,1,0.5407880402508006,0.3357517084427736,0.12346025130642542,0.0
OASIS_1,RandomForest,13,test,motion__mild,motion,mild,D:\OASIS_1\distortions_32\motion\mild\Non_Demented\OAS1_0074\OAS1_0074_slice_17_z081.png,Non_Demented/OAS1_0074/OAS1_0074_slice_17_z081.png,Non-Demented/OAS1_0074/OAS1_0074_slice_17_z081.png,OAS1_0074,Non-Demented,0,0,Non-Demented,1,0.6426306160764033,0.25046280751251826,0.10690657641107858,0.0
OASIS_1,RandomForest,13,test,motion__mild,motion,mild,D:\OASIS_1\distortions_32\motion\mild\Non_Demented\OAS1_0074\OAS1_0074_slice_18_z084.png,Non_Demented/OAS1_0074/OAS1_0074_slice_18_z084.png,Non-Demented/OAS1_0074/OAS1_0074_slice_18_z084.png,OAS1_0074,Non-Demented,0,0,Non-Demented,1,0.6830654163937826,0.2213702528443181,0.0955643307618996,0.0
OASIS_1,RandomForest,13,test,motion__mild,motion,mild,D:\OASIS_1\distortions_32\motion\mild\Non_Demented\OAS1_0074\OAS1_0074_slice_19_z086.png,Non_Demented/OAS1_0074/OAS1_0074_slice_19_z086.png,Non-Demented/OAS1_0074/OAS1_0074_slice_19_z086.png,OAS1_0074,Non-Demented,0,0,Non-Demented,1,0.5968388336753683,0.2365389710609621,0.16662219526367028,0.0
OASIS_1,RandomForest,13,test,motion__mild,motion,mild,D:\OASIS_1\distortions_32\motion\mild\Non_Demented\OAS1_0074\OAS1_0074_slice_20_z089.png,Non_Demented/OAS1_0074/OAS1_0074_slice_20_z089.png,Non-Demented/OAS1_0074/OAS1_0074_slice_20_z089.png,OAS1_0074,Non-Demented,0,0,Non-Demented,1,0.6093699925460438,0.24282336569262442,0.1478066417613322,0.0
OASIS_1,RandomForest,13,test,motion__mild,motion,mild,D:\OASIS_1\distortions_32\motion\mild\Non_Demented\OAS1_0075\OAS1_0075_slice_01_z038.png,Non_Demented/OAS1_0075/OAS1_0075_slice_01_z038.png,Non-Demented/OAS1_0075/OAS1_0075_slice_01_z038.png,OAS1_0075,Non-Demented,0,0,Non-Demented,1,0.44870321639023275,0.354604059626134,0.1966927239836332,0.0
OASIS_1,RandomForest,13,test,motion__mild,motion,mild,D:\OASIS_1\distortions_32\motion\mild\Non_Demented\OAS1_0075\OAS1_0075_slice_02_z041.png,Non_Demented/OAS1_0075/OAS1_0075_slice_02_z041.png,Non-Demented/OAS1_0075/OAS1_0075_slice_02_z041.png,OAS1_0075,Non-Demented,0,0,Non-Demented,1,0.4637289164145456,0.3343180017927172,0.2019530817927373,0.0
OASIS_1,RandomForest,13,test,motion__mild,motion,mild,D:\OASIS_1\distortions_32\motion\mild\Non_Demented\OAS1_0075\OAS1_0075_slice_03_z043.png,Non_Demented/OAS1_0075/OAS1_0075_slice_03_z043.png,Non-Demented/OAS1_0075/OAS1_0075_slice_03_z043.png,OAS1_0075,Non-Demented,0,0,Non-Demented,1,0.4652353729123199,0.3542971609591195,0.1804674661285605,0.0
OASIS_1,RandomForest,13,test,motion__mild,motion,mild,D:\OASIS_1\distortions_32\motion\mild\Non_Demented\OAS1_0075\OAS1_0075_slice_04_z046.png,Non_Demented/OAS1_0075/OAS1_0075_slice_04_z046.png,Non-Demented/OAS1_0075/OAS1_0075_slice_04_z046.png,OAS1_0075,Non-Demented,0,0,Non-Demented,1,0.4860953164331096,0.30889741260530507,0.2050072709615855,0.0
OASIS_1,RandomForest,13,test,motion__mild,motion,mild,D:\OASIS_1\distortions_32\motion\mild\Non_Demented\OAS1_0075\OAS1_0075_slice_05_z049.png,Non_Demented/OAS1_0075/OAS1_0075_slice_05_z049.png,Non-Demented/OAS1_0075/OAS1_0075_slice_05_z049.png,OAS1_0075,Non-Demented,0,0,Non-Demented,1,0.46646880826513343,0.3215907283016284,0.21194046343323814,0.0
OASIS_1,RandomForest,13,test,motion__mild,motion,mild,D:\OASIS_1\distortions_32\motion\mild\Non_Demented\OAS1_0075\OAS1_0075_slice_06_z051.png,Non_Demented/OAS1_0075/OAS1_0075_slice_06_z051.png,Non-Demented/OAS1_0075/OAS1_0075_slice_06_z051.png,OAS1_0075,Non-Demented,0,0,Non-Demented,1,0.4560970217387081,0.28262124551619405,0.2612817327450979,0.0
OASIS_1,RandomForest,13,test,motion__mild,motion,mild,D:\OASIS_1\distortions_32\motion\mild\Non_Demented\OAS1_0075\OAS1_0075_slice_07_z054.png,Non_Demented/OAS1_0075/OAS1_0075_slice_07_z054.png,Non-Demented/OAS1_0075/OAS1_0075_slice_07_z054.png,OAS1_0075,Non-Demented,0,0,Non-Demented,1,0.46479922509275884,0.30588318650197766,0.2293175884052637,0.0
OASIS_1,RandomForest,13,test,motion__mild,motion,mild,D:\OASIS_1\distortions_32\motion\mild\Non_Demented\OAS1_0075\OAS1_0075_slice_08_z057.png,Non_Demented/OAS1_0075/OAS1_0075_slice_08_z057.png,Non-Demented/OAS1_0075/OAS1_0075_slice_08_z057.png,OAS1_0075,Non-Demented,0,0,Non-Demented,1,0.4530821391342702,0.33046403998125196,0.21645382088447804,0.0
OASIS_1,RandomForest,13,test,motion__mild,motion,mild,D:\OASIS_1\distortions_32\motion\mild\Non_Demented\OAS1_0075\OAS1_0075_slice_09_z059.png,Non_Demented/OAS1_0075/OAS1_0075_slice_09_z059.png,Non-Demented/OAS1_0075/OAS1_0075_slice_09_z059.png,OAS1_0075,Non-Demented,0,0,Non-Demented,1,0.4414550649581985,0.3229811189286613,0.23556381611314042,0.0
OASIS_1,RandomForest,13,test,motion__mild,motion,mild,D:\OASIS_1\distortions_32\motion\mild\Non_Demented\OAS1_0075\OAS1_0075_slice_10_z062.png,Non_Demented/OAS1_0075/OAS1_0075_slice_10_z062.png,Non-Demented/OAS1_0075/OAS1_0075_slice_10_z062.png,OAS1_0075,Non-Demented,0,0,Non-Demented,1,0.40272390793732254,0.3526569503818482,0.24128580834749622,0.0033333333333333335
OASIS_1,RandomForest,13,test,motion__mild,motion,mild,D:\OASIS_1\distortions_32\motion\mild\Non_Demented\OAS1_0075\OAS1_0075_slice_11_z065.png,Non_Demented/OAS1_0075/OAS1_0075_slice_11_z065.png,Non-Demented/OAS1_0075/OAS1_0075_slice_11_z065.png,OAS1_0075,Non-Demented,0,0,Non-Demented,1,0.4596929123408055,0.30427397038064213,0.2360331172785526,0.0
OASIS_1,RandomForest,13,test,motion__mild,motion,mild,D:\OASIS_1\distortions_32\motion\mild\Non_Demented\OAS1_0075\OAS1_0075_slice_12_z068.png,Non_Demented/OAS1_0075/OAS1_0075_slice_12_z068.png,Non-Demented/OAS1_0075/OAS1_0075_slice_12_z068.png,OAS1_0075,Non-Demented,0,0,Non-Demented,1,0.4578585120137996,0.29843693627455586,0.2437045517116448,0.0
OASIS_1,RandomForest,13,test,motion__mild,motion,mild,D:\OASIS_1\distortions_32\motion\mild\Non_Demented\OAS1_0075\OAS1_0075_slice_13_z070.png,Non_Demented/OAS1_0075/OAS1_0075_slice_13_z070.png,Non-Demented/OAS1_0075/OAS1_0075_slice_13_z070.png,OAS1_0075,Non-Demented,0,0,Non-Demented,1,0.5023389581397062,0.28154865056880335,0.21611239129149037,0.0
OASIS_1,RandomForest,13,test,motion__mild,motion,mild,D:\OASIS_1\distortions_32\motion\mild\Non_Demented\OAS1_0075\OAS1_0075_slice_14_z073.png,Non_Demented/OAS1_0075/OAS1_0075_slice_14_z073.png,Non-Demented/OAS1_0075/OAS1_0075_slice_14_z073.png,OAS1_0075,Non-Demented,0,0,Non-Demented,1,0.4614113882881687,0.3115546649727964,0.22703394673903485,0.0
OASIS_1,RandomForest,13,test,motion__mild,motion,mild,D:\OASIS_1\distortions_32\motion\mild\Non_Demented\OAS1_0075\OAS1_0075_slice_15_z076.png,Non_Demented/OAS1_0075/OAS1_0075_slice_15_z076.png,Non-Demented/OAS1_0075/OAS1_0075_slice_15_z076.png,OAS1_0075,Non-Demented,0,0,Non-Demented,1,0.49359677549417985,0.2648082110080236,0.23826168016446297,0.0033333333333333335
OASIS_1,RandomForest,13,test,motion__mild,motion,mild,D:\OASIS_1\distortions_32\motion\mild\Non_Demented\OAS1_0075\OAS1_0075_slice_16_z078.png,Non_Demented/OAS1_0075/OAS1_0075_slice_16_z078.png,Non-Demented/OAS1_0075/OAS1_0075_slice_16_z078.png,OAS1_0075,Non-Demented,0,0,Non-Demented,1,0.5056792721176055,0.3034477553820408,0.19087297250035373,0.0
OASIS_1,RandomForest,13,test,motion__mild,motion,mild,D:\OASIS_1\distortions_32\motion\mild\Non_Demented\OAS1_0075\OAS1_0075_slice_17_z081.png,Non_Demented/OAS1_0075/OAS1_0075_slice_17_z081.png,Non-Demented/OAS1_0075/OAS1_0075_slice_17_z081.png,OAS1_0075,Non-Demented,0,0,Non-Demented,1,0.42752956119024454,0.33445909530762424,0.23801134350213152,0.0
OASIS_1,RandomForest,13,test,motion__mild,motion,mild,D:\OASIS_1\distortions_32\motion\mild\Non_Demented\OAS1_0075\OAS1_0075_slice_18_z084.png,Non_Demented/OAS1_0075/OAS1_0075_slice_18_z084.png,Non-Demented/OAS1_0075/OAS1_0075_slice_18_z084.png,OAS1_0075,Non-Demented,0,0,Non-Demented,1,0.4381121273154982,0.33136465476528604,0.2271898845858827,0.0033333333333333335
OASIS_1,RandomForest,13,test,motion__mild,motion,mild,D:\OASIS_1\distortions_32\motion\mild\Non_Demented\OAS1_0075\OAS1_0075_slice_19_z086.png,Non_Demented/OAS1_0075/OAS1_0075_slice_19_z086.png,Non-Demented/OAS1_0075/OAS1_0075_slice_19_z086.png,OAS1_0075,Non-Demented,0,0,Non-Demented,1,0.45191532745788576,0.3163295837914184,0.2317550887506962,0.0
OASIS_1,RandomForest,13,test,motion__mild,motion,mild,D:\OASIS_1\distortions_32\motion\mild\Non_Demented\OAS1_0075\OAS1_0075_slice_20_z089.png,Non_Demented/OAS1_0075/OAS1_0075_slice_20_z089.png,Non-Demented/OAS1_0075/OAS1_0075_slice_20_z089.png,OAS1_0075,Non-Demented,0,0,Non-Demented,1,0.49485235946371564,0.3300945566011839,0.17505308393510033,0.0
OASIS_1,RandomForest,13,test,motion__mild,motion,mild,D:\OASIS_1\distortions_32\motion\mild\Non_Demented\OAS1_0083\OAS1_0083_slice_01_z038.png,Non_Demented/OAS1_0083/OAS1_0083_slice_01_z038.png,Non-Demented/OAS1_0083/OAS1_0083_slice_01_z038.png,OAS1_0083,Non-Demented,0,0,Non-Demented,1,0.4875019352476608,0.34890333188535655,0.1635947328669829,0.0
OASIS_1,RandomForest,13,test,motion__mild,motion,mild,D:\OASIS_1\distortions_32\motion\mild\Non_Demented\OAS1_0083\OAS1_0083_slice_02_z041.png,Non_Demented/OAS1_0083/OAS1_0083_slice_02_z041.png,Non-Demented/OAS1_0083/OAS1_0083_slice_02_z041.png,OAS1_0083,Non-Demented,0,0,Non-Demented,1,0.46857429351117036,0.34412054276850007,0.1873051637203296,0.0
OASIS_1,RandomForest,13,test,motion__mild,motion,mild,D:\OASIS_1\distortions_32\motion\mild\Non_Demented\OAS1_0083\OAS1_0083_slice_03_z043.png,Non_Demented/OAS1_0083/OAS1_0083_slice_03_z043.png,Non-Demented/OAS1_0083/OAS1_0083_slice_03_z043.png,OAS1_0083,Non-Demented,0,0,Non-Demented,1,0.4859750076718805,0.366397351380146,0.14762764094797357,0.0
OASIS_1,RandomForest,13,test,motion__mild,motion,mild,D:\OASIS_1\distortions_32\motion\mild\Non_Demented\OAS1_0083\OAS1_0083_slice_04_z046.png,Non_Demented/OAS1_0083/OAS1_0083_slice_04_z046.png,Non-Demented/OAS1_0083/OAS1_0083_slice_04_z046.png,OAS1_0083,Non-Demented,0,0,Non-Demented,1,0.502128080416437,0.32588640708250827,0.16865217916772146,0.0033333333333333335
OASIS_1,RandomForest,13,test,motion__mild,motion,mild,D:\OASIS_1\distortions_32\motion\mild\Non_Demented\OAS1_0083\OAS1_0083_slice_05_z049.png,Non_Demented/OAS1_0083/OAS1_0083_slice_05_z049.png,Non-Demented/OAS1_0083/OAS1_0083_slice_05_z049.png,OAS1_0083,Non-Demented,0,0,Non-Demented,1,0.6200894704147996,0.2656736096907987,0.10090358656106835,0.013333333333333334
OASIS_1,RandomForest,13,test,motion__mild,motion,mild,D:\OASIS_1\distortions_32\motion\mild\Non_Demented\OAS1_0083\OAS1_0083_slice_06_z051.png,Non_Demented/OAS1_0083/OAS1_0083_slice_06_z051.png,Non-Demented/OAS1_0083/OAS1_0083_slice_06_z051.png,OAS1_0083,Non-Demented,0,0,Non-Demented,1,0.5989239587509351,0.2833866070460415,0.09435610086969004,0.023333333333333334
OASIS_1,RandomForest,13,test,motion__mild,motion,mild,D:\OASIS_1\distortions_32\motion\mild\Non_Demented\OAS1_0083\OAS1_0083_slice_07_z054.png,Non_Demented/OAS1_0083/OAS1_0083_slice_07_z054.png,Non-Demented/OAS1_0083/OAS1_0083_slice_07_z054.png,OAS1_0083,Non-Demented,0,0,Non-Demented,1,0.6229355276462227,0.2308762607030466,0.1261882116507307,0.02
OASIS_1,RandomForest,13,test,motion__mild,motion,mild,D:\OASIS_1\distortions_32\motion\mild\Non_Demented\OAS1_0083\OAS1_0083_slice_08_z057.png,Non_Demented/OAS1_0083/OAS1_0083_slice_08_z057.png,Non-Demented/OAS1_0083/OAS1_0083_slice_08_z057.png,OAS1_0083,Non-Demented,0,0,Non-Demented,1,0.6929040411524904,0.22117581885959622,0.05925347332124668,0.02666666666666667
OASIS_1,RandomForest,13,test,motion__mild,motion,mild,D:\OASIS_1\distortions_32\motion\mild\Non_Demented\OAS1_0083\OAS1_0083_slice_09_z059.png,Non_Demented/OAS1_0083/OAS1_0083_slice_09_z059.png,Non-Demented/OAS1_0083/OAS1_0083_slice_09_z059.png,OAS1_0083,Non-Demented,0,0,Non-Demented,1,0.640137707539581,0.2718385151140247,0.0680237773463944,0.02
OASIS_1,RandomForest,13,test,motion__mild,motion,mild,D:\OASIS_1\distortions_32\motion\mild\Non_Demented\OAS1_0083\OAS1_0083_slice_10_z062.png,Non_Demented/OAS1_0083/OAS1_0083_slice_10_z062.png,Non-Demented/OAS1_0083/OAS1_0083_slice_10_z062.png,OAS1_0083,Non-Demented,0,0,Non-Demented,1,0.658563192941527,0.26884367858153324,0.05259312847693977,0.02
OASIS_1,RandomForest,13,test,motion__mild,motion,mild,D:\OASIS_1\distortions_32\motion\mild\Non_Demented\OAS1_0083\OAS1_0083_slice_11_z065.png,Non_Demented/OAS1_0083/OAS1_0083_slice_11_z065.png,Non-Demented/OAS1_0083/OAS1_0083_slice_11_z065.png,OAS1_0083,Non-Demented,0,0,Non-Demented,1,0.6637486301417316,0.24420496883631737,0.07871306768861779,0.013333333333333334
OASIS_1,RandomForest,13,test,motion__mild,motion,mild,D:\OASIS_1\distortions_32\motion\mild\Non_Demented\OAS1_0083\OAS1_0083_slice_12_z068.png,Non_Demented/OAS1_0083/OAS1_0083_slice_12_z068.png,Non-Demented/OAS1_0083/OAS1_0083_slice_12_z068.png,OAS1_0083,Non-Demented,0,0,Non-Demented,1,0.6456008341579633,0.2435197169154092,0.09087944892662737,0.02
OASIS_1,RandomForest,13,test,motion__mild,motion,mild,D:\OASIS_1\distortions_32\motion\mild\Non_Demented\OAS1_0083\OAS1_0083_slice_13_z070.png,Non_Demented/OAS1_0083/OAS1_0083_slice_13_z070.png,Non-Demented/OAS1_0083/OAS1_0083_slice_13_z070.png,OAS1_0083,Non-Demented,0,0,Non-Demented,1,0.6451891833331569,0.22964822589395495,0.10182925743955473,0.023333333333333334
OASIS_1,RandomForest,13,test,motion__mild,motion,mild,D:\OASIS_1\distortions_32\motion\mild\Non_Demented\OAS1_0083\OAS1_0083_slice_14_z073.png,Non_Demented/OAS1_0083/OAS1_0083_slice_14_z073.png,Non-Demented/OAS1_0083/OAS1_0083_slice_14_z073.png,OAS1_0083,Non-Demented,0,0,Non-Demented,1,0.6512003911413768,0.23035915957965103,0.11177378261230549,0.006666666666666667
OASIS_1,RandomForest,13,test,motion__mild,motion,mild,D:\OASIS_1\distortions_32\motion\mild\Non_Demented\OAS1_0083\OAS1_0083_slice_15_z076.png,Non_Demented/OAS1_0083/OAS1_0083_slice_15_z076.png,Non-Demented/OAS1_0083/OAS1_0083_slice_15_z076.png,OAS1_0083,Non-Demented,0,0,Non-Demented,1,0.5836228915549506,0.25946151651934957,0.1369155919256999,0.02
OASIS_1,RandomForest,13,test,motion__mild,motion,mild,D:\OASIS_1\distortions_32\motion\mild\Non_Demented\OAS1_0083\OAS1_0083_slice_16_z078.png,Non_Demented/OAS1_0083/OAS1_0083_slice_16_z078.png,Non-Demented/OAS1_0083/OAS1_0083_slice_16_z078.png,OAS1_0083,Non-Demented,0,0,Non-Demented,1,0.5844622076413307,0.27837572602802,0.11716206633064931,0.02
OASIS_1,RandomForest,13,test,motion__mild,motion,mild,D:\OASIS_1\distortions_32\motion\mild\Non_Demented\OAS1_0083\OAS1_0083_slice_17_z081.png,Non_Demented/OAS1_0083/OAS1_0083_slice_17_z081.png,Non-Demented/OAS1_0083/OAS1_0083_slice_17_z081.png,OAS1_0083,Non-Demented,0,0,Non-Demented,1,0.5014731962779964,0.30053560424052267,0.1746578661481477,0.023333333333333334
OASIS_1,RandomForest,13,test,motion__mild,motion,mild,D:\OASIS_1\distortions_32\motion\mild\Non_Demented\OAS1_0083\OAS1_0083_slice_18_z084.png,Non_Demented/OAS1_0083/OAS1_0083_slice_18_z084.png,Non-Demented/OAS1_0083/OAS1_0083_slice_18_z084.png,OAS1_0083,Non-Demented,0,0,Non-Demented,1,0.4749056946556384,0.3440135583775408,0.1777474136334875,0.0033333333333333335
OASIS_1,RandomForest,13,test,motion__mild,motion,mild,D:\OASIS_1\distortions_32\motion\mild\Non_Demented\OAS1_0083\OAS1_0083_slice_19_z086.png,Non_Demented/OAS1_0083/OAS1_0083_slice_19_z086.png,Non-Demented/OAS1_0083/OAS1_0083_slice_19_z086.png,OAS1_0083,Non-Demented,0,0,Non-Demented,1,0.44852227161513125,0.35500854171089646,0.19646918667397203,0.0
OASIS_1,RandomForest,13,test,motion__mild,motion,mild,D:\OASIS_1\distortions_32\motion\mild\Non_Demented\OAS1_0083\OAS1_0083_slice_20_z089.png,Non_Demented/OAS1_0083/OAS1_0083_slice_20_z089.png,Non-Demented/OAS1_0083/OAS1_0083_slice_20_z089.png,OAS1_0083,Non-Demented,0,0,Non-Demented,1,0.453120389444369,0.34090045123516466,0.20597915932046634,0.0
OASIS_1,RandomForest,13,test,motion__mild,motion,mild,D:\OASIS_1\distortions_32\motion\mild\Non_Demented\OAS1_0113\OAS1_0113_slice_01_z038.png,Non_Demented/OAS1_0113/OAS1_0113_slice_01_z038.png,Non-Demented/OAS1_0113/OAS1_0113_slice_01_z038.png,OAS1_0113,Non-Demented,0,0,Non-Demented,1,0.4982113429639762,0.22022330052196545,0.28156535651405845,0.0
OASIS_1,RandomForest,13,test,motion__mild,motion,mild,D:\OASIS_1\distortions_32\motion\mild\Non_Demented\OAS1_0113\OAS1_0113_slice_02_z041.png,Non_Demented/OAS1_0113/OAS1_0113_slice_02_z041.png,Non-Demented/OAS1_0113/OAS1_0113_slice_02_z041.png,OAS1_0113,Non-Demented,0,0,Non-Demented,1,0.4827358772250471,0.24197628512175767,0.2752878376531952,0.0
OASIS_1,RandomForest,13,test,motion__mild,motion,mild,D:\OASIS_1\distortions_32\motion\mild\Non_Demented\OAS1_0113\OAS1_0113_slice_03_z043.png,Non_Demented/OAS1_0113/OAS1_0113_slice_03_z043.png,Non-Demented/OAS1_0113/OAS1_0113_slice_03_z043.png,OAS1_0113,Non-Demented,0,0,Non-Demented,1,0.4980645099298069,0.21551627108879884,0.2864192189813942,0.0
OASIS_1,RandomForest,13,test,motion__mild,motion,mild,D:\OASIS_1\distortions_32\motion\mild\Non_Demented\OAS1_0113\OAS1_0113_slice_04_z046.png,Non_Demented/OAS1_0113/OAS1_0113_slice_04_z046.png,Non-Demented/OAS1_0113/OAS1_0113_slice_04_z046.png,OAS1_0113,Non-Demented,0,0,Non-Demented,1,0.4934893774356121,0.2172560048184195,0.28925461774596833,0.0
OASIS_1,RandomForest,13,test,motion__mild,motion,mild,D:\OASIS_1\distortions_32\motion\mild\Non_Demented\OAS1_0113\OAS1_0113_slice_05_z049.png,Non_Demented/OAS1_0113/OAS1_0113_slice_05_z049.png,Non-Demented/OAS1_0113/OAS1_0113_slice_05_z049.png,OAS1_0113,Non-Demented,0,0,Non-Demented,1,0.45089995813104733,0.26744455132847694,0.2816554905404757,0.0
OASIS_1,RandomForest,13,test,motion__mild,motion,mild,D:\OASIS_1\distortions_32\motion\mild\Non_Demented\OAS1_0113\OAS1_0113_slice_06_z051.png,Non_Demented/OAS1_0113/OAS1_0113_slice_06_z051.png,Non-Demented/OAS1_0113/OAS1_0113_slice_06_z051.png,OAS1_0113,Non-Demented,0,0,Non-Demented,1,0.441791122705138,0.23641097735927147,0.3217978999355904,0.0
OASIS_1,RandomForest,13,test,motion__mild,motion,mild,D:\OASIS_1\distortions_32\motion\mild\Non_Demented\OAS1_0113\OAS1_0113_slice_07_z054.png,Non_Demented/OAS1_0113/OAS1_0113_slice_07_z054.png,Non-Demented/OAS1_0113/OAS1_0113_slice_07_z054.png,OAS1_0113,Non-Demented,0,0,Non-Demented,1,0.40019068935817115,0.2480155013081244,0.3484604760003709,0.0033333333333333335
OASIS_1,RandomForest,13,test,motion__mild,motion,mild,D:\OASIS_1\distortions_32\motion\mild\Non_Demented\OAS1_0113\OAS1_0113_slice_08_z057.png,Non_Demented/OAS1_0113/OAS1_0113_slice_08_z057.png,Non-Demented/OAS1_0113/OAS1_0113_slice_08_z057.png,OAS1_0113,Non-Demented,0,2,Mild Dementia,0,0.35990940334112836,0.25077113526146827,0.3859861280640699,0.0033333333333333335
OASIS_1,RandomForest,13,test,motion__mild,motion,mild,D:\OASIS_1\distortions_32\motion\mild\Non_Demented\OAS1_0113\OAS1_0113_slice_09_z059.png,Non_Demented/OAS1_0113/OAS1_0113_slice_09_z059.png,Non-Demented/OAS1_0113/OAS1_0113_slice_09_z059.png,OAS1_0113,Non-Demented,0,0,Non-Demented,1,0.41280381743369415,0.23210631188775085,0.3550898706785546,0.0
OASIS_1,RandomForest,13,test,motion__mild,motion,mild,D:\OASIS_1\distortions_32\motion\mild\Non_Demented\OAS1_0113\OAS1_0113_slice_10_z062.png,Non_Demented/OAS1_0113/OAS1_0113_slice_10_z062.png,Non-Demented/OAS1_0113/OAS1_0113_slice_10_z062.png,OAS1_0113,Non-Demented,0,0,Non-Demented,1,0.4118126633195871,0.2568948235461025,0.3312925131343102,0.0
OASIS_1,RandomForest,13,test,motion__mild,motion,mild,D:\OASIS_1\distortions_32\motion\mild\Non_Demented\OAS1_0113\OAS1_0113_slice_11_z065.png,Non_Demented/OAS1_0113/OAS1_0113_slice_11_z065.png,Non-Demented/OAS1_0113/OAS1_0113_slice_11_z065.png,OAS1_0113,Non-Demented,0,0,Non-Demented,1,0.38989719750928475,0.2855636297076546,0.3245391727830601,0.0
OASIS_1,RandomForest,13,test,motion__mild,motion,mild,D:\OASIS_1\distortions_32\motion\mild\Non_Demented\OAS1_0113\OAS1_0113_slice_12_z068.png,Non_Demented/OAS1_0113/OAS1_0113_slice_12_z068.png,Non-Demented/OAS1_0113/OAS1_0113_slice_12_z068.png,OAS1_0113,Non-Demented,0,2,Mild Dementia,0,0.35147266287987944,0.2627774516437576,0.3857498854763627,0.0
OASIS_1,RandomForest,13,test,motion__mild,motion,mild,D:\OASIS_1\distortions_32\motion\mild\Non_Demented\OAS1_0113\OAS1_0113_slice_13_z070.png,Non_Demented/OAS1_0113/OAS1_0113_slice_13_z070.png,Non-Demented/OAS1_0113/OAS1_0113_slice_13_z070.png,OAS1_0113,Non-Demented,0,0,Non-Demented,1,0.39639496701203775,0.26769842841280694,0.3359066045751551,0.0
OASIS_1,RandomForest,13,test,motion__mild,motion,mild,D:\OASIS_1\distortions_32\motion\mild\Non_Demented\OAS1_0113\OAS1_0113_slice_14_z073.png,Non_Demented/OAS1_0113/OAS1_0113_slice_14_z073.png,Non-Demented/OAS1_0113/OAS1_0113_slice_14_z073.png,OAS1_0113,Non-Demented,0,2,Mild Dementia,0,0.3694573861777234,0.24220938390399444,0.3883332299182819,0.0
OASIS_1,RandomForest,13,test,motion__mild,motion,mild,D:\OASIS_1\distortions_32\motion\mild\Non_Demented\OAS1_0113\OAS1_0113_slice_15_z076.png,Non_Demented/OAS1_0113/OAS1_0113_slice_15_z076.png,Non-Demented/OAS1_0113/OAS1_0113_slice_15_z076.png,OAS1_0113,Non-Demented,0,0,Non-Demented,1,0.40666518928633455,0.23432614932986898,0.3590086613837965,0.0
OASIS_1,RandomForest,13,test,motion__mild,motion,mild,D:\OASIS_1\distortions_32\motion\mild\Non_Demented\OAS1_0113\OAS1_0113_slice_16_z078.png,Non_Demented/OAS1_0113/OAS1_0113_slice_16_z078.png,Non-Demented/OAS1_0113/OAS1_0113_slice_16_z078.png,OAS1_0113,Non-Demented,0,0,Non-Demented,1,0.3757214303102651,0.25493795241346506,0.3693406172762698,0.0
OASIS_1,RandomForest,13,test,motion__mild,motion,mild,D:\OASIS_1\distortions_32\motion\mild\Non_Demented\OAS1_0113\OAS1_0113_slice_17_z081.png,Non_Demented/OAS1_0113/OAS1_0113_slice_17_z081.png,Non-Demented/OAS1_0113/OAS1_0113_slice_17_z081.png,OAS1_0113,Non-Demented,0,0,Non-Demented,1,0.4207925891665637,0.2588241734581059,0.3170499040419971,0.0033333333333333335
OASIS_1,RandomForest,13,test,motion__mild,motion,mild,D:\OASIS_1\distortions_32\motion\mild\Non_Demented\OAS1_0113\OAS1_0113_slice_18_z084.png,Non_Demented/OAS1_0113/OAS1_0113_slice_18_z084.png,Non-Demented/OAS1_0113/OAS1_0113_slice_18_z084.png,OAS1_0113,Non-Demented,0,0,Non-Demented,1,0.45172907013847446,0.2777898969105074,0.2704810329510184,0.0
OASIS_1,RandomForest,13,test,motion__mild,motion,mild,D:\OASIS_1\distortions_32\motion\mild\Non_Demented\OAS1_0113\OAS1_0113_slice_19_z086.png,Non_Demented/OAS1_0113/OAS1_0113_slice_19_z086.png,Non-Demented/OAS1_0113/OAS1_0113_slice_19_z086.png,OAS1_0113,Non-Demented,0,0,Non-Demented,1,0.5399624491499231,0.24433988846418306,0.21569766238589386,0.0
OASIS_1,RandomForest,13,test,motion__mild,motion,mild,D:\OASIS_1\distortions_32\motion\mild\Non_Demented\OAS1_0113\OAS1_0113_slice_20_z089.png,Non_Demented/OAS1_0113/OAS1_0113_slice_20_z089.png,Non-Demented/OAS1_0113/OAS1_0113_slice_20_z089.png,OAS1_0113,Non-Demented,0,0,Non-Demented,1,0.4818018355423172,0.2781022129227839,0.24009595153489888,0.0
OASIS_1,RandomForest,13,test,motion__mild,motion,mild,D:\OASIS_1\distortions_32\motion\mild\Non_Demented\OAS1_0138\OAS1_0138_slice_01_z038.png,Non_Demented/OAS1_0138/OAS1_0138_slice_01_z038.png,Non-Demented/OAS1_0138/OAS1_0138_slice_01_z038.png,OAS1_0138,Non-Demented,0,0,Non-Demented,1,0.5772013533790473,0.25005421706656933,0.16941109622105044,0.0033333333333333335
OASIS_1,RandomForest,13,test,motion__mild,motion,mild,D:\OASIS_1\distortions_32\motion\mild\Non_Demented\OAS1_0138\OAS1_0138_slice_02_z041.png,Non_Demented/OAS1_0138/OAS1_0138_slice_02_z041.png,Non-Demented/OAS1_0138/OAS1_0138_slice_02_z041.png,OAS1_0138,Non-Demented,0,0,Non-Demented,1,0.5056562881012865,0.2810571565435907,0.20995322202178965,0.0033333333333333335
OASIS_1,RandomForest,13,test,motion__mild,motion,mild,D:\OASIS_1\distortions_32\motion\mild\Non_Demented\OAS1_0138\OAS1_0138_slice_03_z043.png,Non_Demented/OAS1_0138/OAS1_0138_slice_03_z043.png,Non-Demented/OAS1_0138/OAS1_0138_slice_03_z043.png,OAS1_0138,Non-Demented,0,0,Non-Demented,1,0.513163991749368,0.25694329450809195,0.22655938040920692,0.0033333333333333335
OASIS_1,RandomForest,13,test,motion__mild,motion,mild,D:\OASIS_1\distortions_32\motion\mild\Non_Demented\OAS1_0138\OAS1_0138_slice_04_z046.png,Non_Demented/OAS1_0138/OAS1_0138_slice_04_z046.png,Non-Demented/OAS1_0138/OAS1_0138_slice_04_z046.png,OAS1_0138,Non-Demented,0,0,Non-Demented,1,0.5246946660483878,0.2504256730315546,0.2215463275867242,0.0033333333333333335
OASIS_1,RandomForest,13,test,motion__mild,motion,mild,D:\OASIS_1\distortions_32\motion\mild\Non_Demented\OAS1_0138\OAS1_0138_slice_05_z049.png,Non_Demented/OAS1_0138/OAS1_0138_slice_05_z049.png,Non-Demented/OAS1_0138/OAS1_0138_slice_05_z049.png,OAS1_0138,Non-Demented,0,0,Non-Demented,1,0.5046944500841112,0.2705615260001955,0.22141069058235957,0.0033333333333333335
OASIS_1,RandomForest,13,test,motion__mild,motion,mild,D:\OASIS_1\distortions_32\motion\mild\Non_Demented\OAS1_0138\OAS1_0138_slice_06_z051.png,Non_Demented/OAS1_0138/OAS1_0138_slice_06_z051.png,Non-Demented/OAS1_0138/OAS1_0138_slice_06_z051.png,OAS1_0138,Non-Demented,0,0,Non-Demented,1,0.4878842357579828,0.27559511345797016,0.23318731745071303,0.0033333333333333335
OASIS_1,RandomForest,13,test,motion__mild,motion,mild,D:\OASIS_1\distortions_32\motion\mild\Non_Demented\OAS1_0138\OAS1_0138_slice_07_z054.png,Non_Demented/OAS1_0138/OAS1_0138_slice_07_z054.png,Non-Demented/OAS1_0138/OAS1_0138_slice_07_z054.png,OAS1_0138,Non-Demented,0,0,Non-Demented,1,0.4603225910999937,0.27345792413685727,0.2662194847631489,0.0
OASIS_1,RandomForest,13,test,motion__mild,motion,mild,D:\OASIS_1\distortions_32\motion\mild\Non_Demented\OAS1_0138\OAS1_0138_slice_08_z057.png,Non_Demented/OAS1_0138/OAS1_0138_slice_08_z057.png,Non-Demented/OAS1_0138/OAS1_0138_slice_08_z057.png,OAS1_0138,Non-Demented,0,0,Non-Demented,1,0.5266001492607832,0.24471708766699152,0.22868276307222515,0.0
OASIS_1,RandomForest,13,test,motion__mild,motion,mild,D:\OASIS_1\distortions_32\motion\mild\Non_Demented\OAS1_0138\OAS1_0138_slice_09_z059.png,Non_Demented/OAS1_0138/OAS1_0138_slice_09_z059.png,Non-Demented/OAS1_0138/OAS1_0138_slice_09_z059.png,OAS1_0138,Non-Demented,0,0,Non-Demented,1,0.4532240590739182,0.2670964988811432,0.27967944204493883,0.0
OASIS_1,RandomForest,13,test,motion__mild,motion,mild,D:\OASIS_1\distortions_32\motion\mild\Non_Demented\OAS1_0138\OAS1_0138_slice_10_z062.png,Non_Demented/OAS1_0138/OAS1_0138_slice_10_z062.png,Non-Demented/OAS1_0138/OAS1_0138_slice_10_z062.png,OAS1_0138,Non-Demented,0,0,Non-Demented,1,0.44382753095239946,0.2736227391811227,0.282549729866478,0.0
OASIS_1,RandomForest,13,test,motion__mild,motion,mild,D:\OASIS_1\distortions_32\motion\mild\Non_Demented\OAS1_0138\OAS1_0138_slice_11_z065.png,Non_Demented/OAS1_0138/OAS1_0138_slice_11_z065.png,Non-Demented/OAS1_0138/OAS1_0138_slice_11_z065.png,OAS1_0138,Non-Demented,0,0,Non-Demented,1,0.443790919297582,0.2517192720667357,0.30115647530234907,0.0033333333333333335
OASIS_1,RandomForest,13,test,motion__mild,motion,mild,D:\OASIS_1\distortions_32\motion\mild\Non_Demented\OAS1_0138\OAS1_0138_slice_12_z068.png,Non_Demented/OAS1_0138/OAS1_0138_slice_12_z068.png,Non-Demented/OAS1_0138/OAS1_0138_slice_12_z068.png,OAS1_0138,Non-Demented,0,0,Non-Demented,1,0.4767975379178548,0.2726894105924312,0.250513051489714,0.0
OASIS_1,RandomForest,13,test,motion__mild,motion,mild,D:\OASIS_1\distortions_32\motion\mild\Non_Demented\OAS1_0138\OAS1_0138_slice_13_z070.png,Non_Demented/OAS1_0138/OAS1_0138_slice_13_z070.png,Non-Demented/OAS1_0138/OAS1_0138_slice_13_z070.png,OAS1_0138,Non-Demented,0,0,Non-Demented,1,0.509210106596574,0.26019450306549624,0.23059539033792958,0.0
OASIS_1,RandomForest,13,test,motion__mild,motion,mild,D:\OASIS_1\distortions_32\motion\mild\Non_Demented\OAS1_0138\OAS1_0138_slice_14_z073.png,Non_Demented/OAS1_0138/OAS1_0138_slice_14_z073.png,Non-Demented/OAS1_0138/OAS1_0138_slice_14_z073.png,OAS1_0138,Non-Demented,0,0,Non-Demented,1,0.526795460554497,0.22600351401055452,0.2472010254349481,0.0
OASIS_1,RandomForest,13,test,motion__mild,motion,mild,D:\OASIS_1\distortions_32\motion\mild\Non_Demented\OAS1_0138\OAS1_0138_slice_15_z076.png,Non_Demented/OAS1_0138/OAS1_0138_slice_15_z076.png,Non-Demented/OAS1_0138/OAS1_0138_slice_15_z076.png,OAS1_0138,Non-Demented,0,0,Non-Demented,1,0.5344583967832974,0.25623030530733765,0.20931129790936456,0.0
OASIS_1,RandomForest,13,test,motion__mild,motion,mild,D:\OASIS_1\distortions_32\motion\mild\Non_Demented\OAS1_0138\OAS1_0138_slice_16_z078.png,Non_Demented/OAS1_0138/OAS1_0138_slice_16_z078.png,Non-Demented/OAS1_0138/OAS1_0138_slice_16_z078.png,OAS1_0138,Non-Demented,0,0,Non-Demented,1,0.5458136288098254,0.2603408054964514,0.1938455656937228,0.0
OASIS_1,RandomForest,13,test,motion__mild,motion,mild,D:\OASIS_1\distortions_32\motion\mild\Non_Demented\OAS1_0138\OAS1_0138_slice_17_z081.png,Non_Demented/OAS1_0138/OAS1_0138_slice_17_z081.png,Non-Demented/OAS1_0138/OAS1_0138_slice_17_z081.png,OAS1_0138,Non-Demented,0,0,Non-Demented,1,0.5602347878033223,0.24479361052228144,0.1949716016743961,0.0
OASIS_1,RandomForest,13,test,motion__mild,motion,mild,D:\OASIS_1\distortions_32\motion\mild\Non_Demented\OAS1_0138\OAS1_0138_slice_18_z084.png,Non_Demented/OAS1_0138/OAS1_0138_slice_18_z084.png,Non-Demented/OAS1_0138/OAS1_0138_slice_18_z084.png,OAS1_0138,Non-Demented,0,0,Non-Demented,1,0.5435199373556432,0.25517272908574373,0.19797400022527942,0.0033333333333333335
OASIS_1,RandomForest,13,test,motion__mild,motion,mild,D:\OASIS_1\distortions_32\motion\mild\Non_Demented\OAS1_0138\OAS1_0138_slice_19_z086.png,Non_Demented/OAS1_0138/OAS1_0138_slice_19_z086.png,Non-Demented/OAS1_0138/OAS1_0138_slice_19_z086.png,OAS1_0138,Non-Demented,0,0,Non-Demented,1,0.5355229836772062,0.30207849529445235,0.15906518769500796,0.0033333333333333335
OASIS_1,RandomForest,13,test,motion__mild,motion,mild,D:\OASIS_1\distortions_32\motion\mild\Non_Demented\OAS1_0138\OAS1_0138_slice_20_z089.png,Non_Demented/OAS1_0138/OAS1_0138_slice_20_z089.png,Non-Demented/OAS1_0138/OAS1_0138_slice_20_z089.png,OAS1_0138,Non-Demented,0,0,Non-Demented,1,0.577132230059609,0.26324776714354875,0.1596200027968422,0.0
OASIS_1,RandomForest,13,test,motion__mild,motion,mild,D:\OASIS_1\distortions_32\motion\mild\Non_Demented\OAS1_0180\OAS1_0180_slice_01_z038.png,Non_Demented/OAS1_0180/OAS1_0180_slice_01_z038.png,Non-Demented/OAS1_0180/OAS1_0180_slice_01_z038.png,OAS1_0180,Non-Demented,0,0,Non-Demented,1,0.5373678119583553,0.3425288159080722,0.12010337213357249,0.0
OASIS_1,RandomForest,13,test,motion__mild,motion,mild,D:\OASIS_1\distortions_32\motion\mild\Non_Demented\OAS1_0180\OAS1_0180_slice_02_z041.png,Non_Demented/OAS1_0180/OAS1_0180_slice_02_z041.png,Non-Demented/OAS1_0180/OAS1_0180_slice_02_z041.png,OAS1_0180,Non-Demented,0,0,Non-Demented,1,0.5735335581158645,0.21351718504075246,0.21294925684338306,0.0
OASIS_1,RandomForest,13,test,motion__mild,motion,mild,D:\OASIS_1\distortions_32\motion\mild\Non_Demented\OAS1_0180\OAS1_0180_slice_03_z043.png,Non_Demented/OAS1_0180/OAS1_0180_slice_03_z043.png,Non-Demented/OAS1_0180/OAS1_0180_slice_03_z043.png,OAS1_0180,Non-Demented,0,0,Non-Demented,1,0.580165326755397,0.23634029544783877,0.18349437779676447,0.0
OASIS_1,RandomForest,13,test,motion__mild,motion,mild,D:\OASIS_1\distortions_32\motion\mild\Non_Demented\OAS1_0180\OAS1_0180_slice_04_z046.png,Non_Demented/OAS1_0180/OAS1_0180_slice_04_z046.png,Non-Demented/OAS1_0180/OAS1_0180_slice_04_z046.png,OAS1_0180,Non-Demented,0,0,Non-Demented,1,0.6005718989708491,0.24264401310442343,0.1567840879247274,0.0
OASIS_1,RandomForest,13,test,motion__mild,motion,mild,D:\OASIS_1\distortions_32\motion\mild\Non_Demented\OAS1_0180\OAS1_0180_slice_05_z049.png,Non_Demented/OAS1_0180/OAS1_0180_slice_05_z049.png,Non-Demented/OAS1_0180/OAS1_0180_slice_05_z049.png,OAS1_0180,Non-Demented,0,0,Non-Demented,1,0.5709660300564015,0.2489823217666976,0.18005164817690078,0.0
OASIS_1,RandomForest,13,test,motion__mild,motion,mild,D:\OASIS_1\distortions_32\motion\mild\Non_Demented\OAS1_0180\OAS1_0180_slice_06_z051.png,Non_Demented/OAS1_0180/OAS1_0180_slice_06_z051.png,Non-Demented/OAS1_0180/OAS1_0180_slice_06_z051.png,OAS1_0180,Non-Demented,0,0,Non-Demented,1,0.5390486848154575,0.28647514243466654,0.17447617274987548,0.0
OASIS_1,RandomForest,13,test,motion__mild,motion,mild,D:\OASIS_1\distortions_32\motion\mild\Non_Demented\OAS1_0180\OAS1_0180_slice_07_z054.png,Non_Demented/OAS1_0180/OAS1_0180_slice_07_z054.png,Non-Demented/OAS1_0180/OAS1_0180_slice_07_z054.png,OAS1_0180,Non-Demented,0,0,Non-Demented,1,0.5211023174374803,0.3327634921677682,0.14613419039475134,0.0
OASIS_1,RandomForest,13,test,motion__mild,motion,mild,D:\OASIS_1\distortions_32\motion\mild\Non_Demented\OAS1_0180\OAS1_0180_slice_08_z057.png,Non_Demented/OAS1_0180/OAS1_0180_slice_08_z057.png,Non-Demented/OAS1_0180/OAS1_0180_slice_08_z057.png,OAS1_0180,Non-Demented,0,0,Non-Demented,1,0.4991407398176414,0.3211233718293804,0.17973588835297832,0.0
OASIS_1,RandomForest,13,test,motion__mild,motion,mild,D:\OASIS_1\distortions_32\motion\mild\Non_Demented\OAS1_0180\OAS1_0180_slice_09_z059.png,Non_Demented/OAS1_0180/OAS1_0180_slice_09_z059.png,Non-Demented/OAS1_0180/OAS1_0180_slice_09_z059.png,OAS1_0180,Non-Demented,0,0,Non-Demented,1,0.48388500970784304,0.3360320761615971,0.1800829141305602,0.0
OASIS_1,RandomForest,13,test,motion__mild,motion,mild,D:\OASIS_1\distortions_32\motion\mild\Non_Demented\OAS1_0180\OAS1_0180_slice_10_z062.png,Non_Demented/OAS1_0180/OAS1_0180_slice_10_z062.png,Non-Demented/OAS1_0180/OAS1_0180_slice_10_z062.png,OAS1_0180,Non-Demented,0,0,Non-Demented,1,0.424894307171538,0.40096915892541496,0.17413653390304723,0.0
OASIS_1,RandomForest,13,test,motion__mild,motion,mild,D:\OASIS_1\distortions_32\motion\mild\Non_Demented\OAS1_0180\OAS1_0180_slice_11_z065.png,Non_Demented/OAS1_0180/OAS1_0180_slice_11_z065.png,Non-Demented/OAS1_0180/OAS1_0180_slice_11_z065.png,OAS1_0180,Non-Demented,0,0,Non-Demented,1,0.4215007917627954,0.3333701713721083,0.2451290368650965,0.0
OASIS_1,RandomForest,13,test,motion__mild,motion,mild,D:\OASIS_1\distortions_32\motion\mild\Non_Demented\OAS1_0180\OAS1_0180_slice_12_z068.png,Non_Demented/OAS1_0180/OAS1_0180_slice_12_z068.png,Non-Demented/OAS1_0180/OAS1_0180_slice_12_z068.png,OAS1_0180,Non-Demented,0,0,Non-Demented,1,0.4721863284625427,0.36005887542241655,0.1677547961150408,0.0
OASIS_1,RandomForest,13,test,motion__mild,motion,mild,D:\OASIS_1\distortions_32\motion\mild\Non_Demented\OAS1_0180\OAS1_0180_slice_13_z070.png,Non_Demented/OAS1_0180/OAS1_0180_slice_13_z070.png,Non-Demented/OAS1_0180/OAS1_0180_slice_13_z070.png,OAS1_0180,Non-Demented,0,0,Non-Demented,1,0.49040415247169383,0.3964250986402115,0.11317074888809459,0.0
OASIS_1,RandomForest,13,test,motion__mild,motion,mild,D:\OASIS_1\distortions_32\motion\mild\Non_Demented\OAS1_0180\OAS1_0180_slice_14_z073.png,Non_Demented/OAS1_0180/OAS1_0180_slice_14_z073.png,Non-Demented/OAS1_0180/OAS1_0180_slice_14_z073.png,OAS1_0180,Non-Demented,0,0,Non-Demented,1,0.5304051604949432,0.28171994056591987,0.1845415656058036,0.0033333333333333335
OASIS_1,RandomForest,13,test,motion__mild,motion,mild,D:\OASIS_1\distortions_32\motion\mild\Non_Demented\OAS1_0180\OAS1_0180_slice_15_z076.png,Non_Demented/OAS1_0180/OAS1_0180_slice_15_z076.png,Non-Demented/OAS1_0180/OAS1_0180_slice_15_z076.png,OAS1_0180,Non-Demented,0,0,Non-Demented,1,0.49493000217088495,0.3553107071458617,0.14975929068325328,0.0
OASIS_1,RandomForest,13,test,motion__mild,motion,mild,D:\OASIS_1\distortions_32\motion\mild\Non_Demented\OAS1_0180\OAS1_0180_slice_16_z078.png,Non_Demented/OAS1_0180/OAS1_0180_slice_16_z078.png,Non-Demented/OAS1_0180/OAS1_0180_slice_16_z078.png,OAS1_0180,Non-Demented,0,0,Non-Demented,1,0.5165328086987301,0.3720196221094241,0.11144756919184576,0.0
OASIS_1,RandomForest,13,test,motion__mild,motion,mild,D:\OASIS_1\distortions_32\motion\mild\Non_Demented\OAS1_0180\OAS1_0180_slice_17_z081.png,Non_Demented/OAS1_0180/OAS1_0180_slice_17_z081.png,Non-Demented/OAS1_0180/OAS1_0180_slice_17_z081.png,OAS1_0180,Non-Demented,0,0,Non-Demented,1,0.49940617408825233,0.3355071231005697,0.1650867028111776,0.0
OASIS_1,RandomForest,13,test,motion__mild,motion,mild,D:\OASIS_1\distortions_32\motion\mild\Non_Demented\OAS1_0180\OAS1_0180_slice_18_z084.png,Non_Demented/OAS1_0180/OAS1_0180_slice_18_z084.png,Non-Demented/OAS1_0180/OAS1_0180_slice_18_z084.png,OAS1_0180,Non-Demented,0,0,Non-Demented,1,0.5826979846951369,0.2551675066268584,0.16213450867800452,0.0
OASIS_1,RandomForest,13,test,motion__mild,motion,mild,D:\OASIS_1\distortions_32\motion\mild\Non_Demented\OAS1_0180\OAS1_0180_slice_19_z086.png,Non_Demented/OAS1_0180/OAS1_0180_slice_19_z086.png,Non-Demented/OAS1_0180/OAS1_0180_slice_19_z086.png,OAS1_0180,Non-Demented,0,0,Non-Demented,1,0.5259798313022415,0.29209274418754766,0.18192742451021068,0.0
OASIS_1,RandomForest,13,test,motion__mild,motion,mild,D:\OASIS_1\distortions_32\motion\mild\Non_Demented\OAS1_0180\OAS1_0180_slice_20_z089.png,Non_Demented/OAS1_0180/OAS1_0180_slice_20_z089.png,Non-Demented/OAS1_0180/OAS1_0180_slice_20_z089.png,OAS1_0180,Non-Demented,0,0,Non-Demented,1,0.5125962508104566,0.29744624673627884,0.18662416911993104,0.0033333333333333335
OASIS_1,RandomForest,13,test,motion__mild,motion,mild,D:\OASIS_1\distortions_32\motion\mild\Non_Demented\OAS1_0181\OAS1_0181_slice_01_z038.png,Non_Demented/OAS1_0181/OAS1_0181_slice_01_z038.png,Non-Demented/OAS1_0181/OAS1_0181_slice_01_z038.png,OAS1_0181,Non-Demented,0,0,Non-Demented,1,0.5828545216626437,0.24586929106212319,0.17127618727523305,0.0
OASIS_1,RandomForest,13,test,motion__mild,motion,mild,D:\OASIS_1\distortions_32\motion\mild\Non_Demented\OAS1_0181\OAS1_0181_slice_02_z041.png,Non_Demented/OAS1_0181/OAS1_0181_slice_02_z041.png,Non-Demented/OAS1_0181/OAS1_0181_slice_02_z041.png,OAS1_0181,Non-Demented,0,0,Non-Demented,1,0.6411294817466034,0.22108096357526577,0.13778955467813106,0.0
OASIS_1,RandomForest,13,test,motion__mild,motion,mild,D:\OASIS_1\distortions_32\motion\mild\Non_Demented\OAS1_0181\OAS1_0181_slice_03_z043.png,Non_Demented/OAS1_0181/OAS1_0181_slice_03_z043.png,Non-Demented/OAS1_0181/OAS1_0181_slice_03_z043.png,OAS1_0181,Non-Demented,0,0,Non-Demented,1,0.6592727628536307,0.22889212993243105,0.1118351072139383,0.0
OASIS_1,RandomForest,13,test,motion__mild,motion,mild,D:\OASIS_1\distortions_32\motion\mild\Non_Demented\OAS1_0181\OAS1_0181_slice_04_z046.png,Non_Demented/OAS1_0181/OAS1_0181_slice_04_z046.png,Non-Demented/OAS1_0181/OAS1_0181_slice_04_z046.png,OAS1_0181,Non-Demented,0,0,Non-Demented,1,0.6590391349050664,0.23700536836649827,0.10395549672843589,0.0
OASIS_1,RandomForest,13,test,motion__mild,motion,mild,D:\OASIS_1\distortions_32\motion\mild\Non_Demented\OAS1_0181\OAS1_0181_slice_05_z049.png,Non_Demented/OAS1_0181/OAS1_0181_slice_05_z049.png,Non-Demented/OAS1_0181/OAS1_0181_slice_05_z049.png,OAS1_0181,Non-Demented,0,0,Non-Demented,1,0.6517710141438889,0.22629704142625134,0.12193194442985944,0.0
OASIS_1,RandomForest,13,test,motion__mild,motion,mild,D:\OASIS_1\distortions_32\motion\mild\Non_Demented\OAS1_0181\OAS1_0181_slice_06_z051.png,Non_Demented/OAS1_0181/OAS1_0181_slice_06_z051.png,Non-Demented/OAS1_0181/OAS1_0181_slice_06_z051.png,OAS1_0181,Non-Demented,0,0,Non-Demented,1,0.5925501878643049,0.2922637020104327,0.11518611012526227,0.0
OASIS_1,RandomForest,13,test,motion__mild,motion,mild,D:\OASIS_1\distortions_32\motion\mild\Non_Demented\OAS1_0181\OAS1_0181_slice_07_z054.png,Non_Demented/OAS1_0181/OAS1_0181_slice_07_z054.png,Non-Demented/OAS1_0181/OAS1_0181_slice_07_z054.png,OAS1_0181,Non-Demented,0,0,Non-Demented,1,0.5971812600180915,0.2615095976295715,0.14130914235233671,0.0
OASIS_1,RandomForest,13,test,motion__mild,motion,mild,D:\OASIS_1\distortions_32\motion\mild\Non_Demented\OAS1_0181\OAS1_0181_slice_08_z057.png,Non_Demented/OAS1_0181/OAS1_0181_slice_08_z057.png,Non-Demented/OAS1_0181/OAS1_0181_slice_08_z057.png,OAS1_0181,Non-Demented,0,0,Non-Demented,1,0.590019197774607,0.2902524997933296,0.11972830243206355,0.0
OASIS_1,RandomForest,13,test,motion__mild,motion,mild,D:\OASIS_1\distortions_32\motion\mild\Non_Demented\OAS1_0181\OAS1_0181_slice_09_z059.png,Non_Demented/OAS1_0181/OAS1_0181_slice_09_z059.png,Non-Demented/OAS1_0181/OAS1_0181_slice_09_z059.png,OAS1_0181,Non-Demented,0,0,Non-Demented,1,0.6512924859719689,0.2562546041923622,0.0924529098356691,0.0
OASIS_1,RandomForest,13,test,motion__mild,motion,mild,D:\OASIS_1\distortions_32\motion\mild\Non_Demented\OAS1_0181\OAS1_0181_slice_10_z062.png,Non_Demented/OAS1_0181/OAS1_0181_slice_10_z062.png,Non-Demented/OAS1_0181/OAS1_0181_slice_10_z062.png,OAS1_0181,Non-Demented,0,0,Non-Demented,1,0.6024499441041246,0.2815171316251839,0.11603292427069156,0.0
OASIS_1,RandomForest,13,test,motion__mild,motion,mild,D:\OASIS_1\distortions_32\motion\mild\Non_Demented\OAS1_0181\OAS1_0181_slice_11_z065.png,Non_Demented/OAS1_0181/OAS1_0181_slice_11_z065.png,Non-Demented/OAS1_0181/OAS1_0181_slice_11_z065.png,OAS1_0181,Non-Demented,0,0,Non-Demented,1,0.5437377500527171,0.296862132988884,0.15940011695839912,0.0
OASIS_1,RandomForest,13,test,motion__mild,motion,mild,D:\OASIS_1\distortions_32\motion\mild\Non_Demented\OAS1_0181\OAS1_0181_slice_12_z068.png,Non_Demented/OAS1_0181/OAS1_0181_slice_12_z068.png,Non-Demented/OAS1_0181/OAS1_0181_slice_12_z068.png,OAS1_0181,Non-Demented,0,0,Non-Demented,1,0.5994972799661624,0.2488294769557753,0.15167324307806254,0.0
OASIS_1,RandomForest,13,test,motion__mild,motion,mild,D:\OASIS_1\distortions_32\motion\mild\Non_Demented\OAS1_0181\OAS1_0181_slice_13_z070.png,Non_Demented/OAS1_0181/OAS1_0181_slice_13_z070.png,Non-Demented/OAS1_0181/OAS1_0181_slice_13_z070.png,OAS1_0181,Non-Demented,0,0,Non-Demented,1,0.6041191535488363,0.25908459325804484,0.13679625319311928,0.0
OASIS_1,RandomForest,13,test,motion__mild,motion,mild,D:\OASIS_1\distortions_32\motion\mild\Non_Demented\OAS1_0181\OAS1_0181_slice_14_z073.png,Non_Demented/OAS1_0181/OAS1_0181_slice_14_z073.png,Non-Demented/OAS1_0181/OAS1_0181_slice_14_z073.png,OAS1_0181,Non-Demented,0,0,Non-Demented,1,0.6105429524675502,0.2680619663445879,0.12139508118786217,0.0
OASIS_1,RandomForest,13,test,motion__mild,motion,mild,D:\OASIS_1\distortions_32\motion\mild\Non_Demented\OAS1_0181\OAS1_0181_slice_15_z076.png,Non_Demented/OAS1_0181/OAS1_0181_slice_15_z076.png,Non-Demented/OAS1_0181/OAS1_0181_slice_15_z076.png,OAS1_0181,Non-Demented,0,0,Non-Demented,1,0.6147298680777241,0.26600698792047905,0.11926314400179684,0.0
OASIS_1,RandomForest,13,test,motion__mild,motion,mild,D:\OASIS_1\distortions_32\motion\mild\Non_Demented\OAS1_0181\OAS1_0181_slice_16_z078.png,Non_Demented/OAS1_0181/OAS1_0181_slice_16_z078.png,Non-Demented/OAS1_0181/OAS1_0181_slice_16_z078.png,OAS1_0181,Non-Demented,0,0,Non-Demented,1,0.6382034683833194,0.25671674884315143,0.10507978277352889,0.0
OASIS_1,RandomForest,13,test,motion__mild,motion,mild,D:\OASIS_1\distortions_32\motion\mild\Non_Demented\OAS1_0181\OAS1_0181_slice_17_z081.png,Non_Demented/OAS1_0181/OAS1_0181_slice_17_z081.png,Non-Demented/OAS1_0181/OAS1_0181_slice_17_z081.png,OAS1_0181,Non-Demented,0,0,Non-Demented,1,0.6165432564129458,0.27320544740540187,0.11025129618165247,0.0
OASIS_1,RandomForest,13,test,motion__mild,motion,mild,D:\OASIS_1\distortions_32\motion\mild\Non_Demented\OAS1_0181\OAS1_0181_slice_18_z084.png,Non_Demented/OAS1_0181/OAS1_0181_slice_18_z084.png,Non-Demented/OAS1_0181/OAS1_0181_slice_18_z084.png,OAS1_0181,Non-Demented,0,0,Non-Demented,1,0.6460334260742929,0.23250736046086487,0.12145921346484248,0.0
OASIS_1,RandomForest,13,test,motion__mild,motion,mild,D:\OASIS_1\distortions_32\motion\mild\Non_Demented\OAS1_0181\OAS1_0181_slice_19_z086.png,Non_Demented/OAS1_0181/OAS1_0181_slice_19_z086.png,Non-Demented/OAS1_0181/OAS1_0181_slice_19_z086.png,OAS1_0181,Non-Demented,0,0,Non-Demented,1,0.5884577953829092,0.26417895870751956,0.14736324590957123,0.0
OASIS_1,RandomForest,13,test,motion__mild,motion,mild,D:\OASIS_1\distortions_32\motion\mild\Non_Demented\OAS1_0181\OAS1_0181_slice_20_z089.png,Non_Demented/OAS1_0181/OAS1_0181_slice_20_z089.png,Non-Demented/OAS1_0181/OAS1_0181_slice_20_z089.png,OAS1_0181,Non-Demented,0,0,Non-Demented,1,0.5915632850803948,0.27794074737209645,0.13049596754750847,0.0
OASIS_1,RandomForest,13,test,motion__mild,motion,mild,D:\OASIS_1\distortions_32\motion\mild\Non_Demented\OAS1_0262\OAS1_0262_slice_01_z038.png,Non_Demented/OAS1_0262/OAS1_0262_slice_01_z038.png,Non-Demented/OAS1_0262/OAS1_0262_slice_01_z038.png,OAS1_0262,Non-Demented,0,0,Non-Demented,1,0.5735160688122828,0.27028208687482463,0.15620184431289258,0.0
OASIS_1,RandomForest,13,test,motion__mild,motion,mild,D:\OASIS_1\distortions_32\motion\mild\Non_Demented\OAS1_0262\OAS1_0262_slice_02_z041.png,Non_Demented/OAS1_0262/OAS1_0262_slice_02_z041.png,Non-Demented/OAS1_0262/OAS1_0262_slice_02_z041.png,OAS1_0262,Non-Demented,0,0,Non-Demented,1,0.5914307837911513,0.3038114087184285,0.10475780749042013,0.0
OASIS_1,RandomForest,13,test,motion__mild,motion,mild,D:\OASIS_1\distortions_32\motion\mild\Non_Demented\OAS1_0262\OAS1_0262_slice_03_z043.png,Non_Demented/OAS1_0262/OAS1_0262_slice_03_z043.png,Non-Demented/OAS1_0262/OAS1_0262_slice_03_z043.png,OAS1_0262,Non-Demented,0,0,Non-Demented,1,0.6381191128217949,0.2549783829643095,0.10690250421389569,0.0
OASIS_1,RandomForest,13,test,motion__mild,motion,mild,D:\OASIS_1\distortions_32\motion\mild\Non_Demented\OAS1_0262\OAS1_0262_slice_04_z046.png,Non_Demented/OAS1_0262/OAS1_0262_slice_04_z046.png,Non-Demented/OAS1_0262/OAS1_0262_slice_04_z046.png,OAS1_0262,Non-Demented,0,0,Non-Demented,1,0.6583332945112672,0.2699583032436829,0.07170840224504975,0.0
OASIS_1,RandomForest,13,test,motion__mild,motion,mild,D:\OASIS_1\distortions_32\motion\mild\Non_Demented\OAS1_0262\OAS1_0262_slice_05_z049.png,Non_Demented/OAS1_0262/OAS1_0262_slice_05_z049.png,Non-Demented/OAS1_0262/OAS1_0262_slice_05_z049.png,OAS1_0262,Non-Demented,0,0,Non-Demented,1,0.6933670544593948,0.22156108048654818,0.08507186505405664,0.0
OASIS_1,RandomForest,13,test,motion__mild,motion,mild,D:\OASIS_1\distortions_32\motion\mild\Non_Demented\OAS1_0262\OAS1_0262_slice_06_z051.png,Non_Demented/OAS1_0262/OAS1_0262_slice_06_z051.png,Non-Demented/OAS1_0262/OAS1_0262_slice_06_z051.png,OAS1_0262,Non-Demented,0,0,Non-Demented,1,0.6568987206662884,0.2177675052419015,0.12533377409181015,0.0
OASIS_1,RandomForest,13,test,motion__mild,motion,mild,D:\OASIS_1\distortions_32\motion\mild\Non_Demented\OAS1_0262\OAS1_0262_slice_07_z054.png,Non_Demented/OAS1_0262/OAS1_0262_slice_07_z054.png,Non-Demented/OAS1_0262/OAS1_0262_slice_07_z054.png,OAS1_0262,Non-Demented,0,0,Non-Demented,1,0.6207977738131799,0.2053485850932521,0.17385364109356774,0.0
OASIS_1,RandomForest,13,test,motion__mild,motion,mild,D:\OASIS_1\distortions_32\motion\mild\Non_Demented\OAS1_0262\OAS1_0262_slice_08_z057.png,Non_Demented/OAS1_0262/OAS1_0262_slice_08_z057.png,Non-Demented/OAS1_0262/OAS1_0262_slice_08_z057.png,OAS1_0262,Non-Demented,0,0,Non-Demented,1,0.5754406780884324,0.22161469252343358,0.2029446293881337,0.0
OASIS_1,RandomForest,13,test,motion__mild,motion,mild,D:\OASIS_1\distortions_32\motion\mild\Non_Demented\OAS1_0262\OAS1_0262_slice_09_z059.png,Non_Demented/OAS1_0262/OAS1_0262_slice_09_z059.png,Non-Demented/OAS1_0262/OAS1_0262_slice_09_z059.png,OAS1_0262,Non-Demented,0,0,Non-Demented,1,0.5177040937988545,0.24116546639005818,0.24113043981108712,0.0
OASIS_1,RandomForest,13,test,motion__mild,motion,mild,D:\OASIS_1\distortions_32\motion\mild\Non_Demented\OAS1_0262\OAS1_0262_slice_10_z062.png,Non_Demented/OAS1_0262/OAS1_0262_slice_10_z062.png,Non-Demented/OAS1_0262/OAS1_0262_slice_10_z062.png,OAS1_0262,Non-Demented,0,0,Non-Demented,1,0.46389586139110456,0.2425307809217226,0.2902400243538396,0.0033333333333333335
OASIS_1,RandomForest,13,test,motion__mild,motion,mild,D:\OASIS_1\distortions_32\motion\mild\Non_Demented\OAS1_0262\OAS1_0262_slice_11_z065.png,Non_Demented/OAS1_0262/OAS1_0262_slice_11_z065.png,Non-Demented/OAS1_0262/OAS1_0262_slice_11_z065.png,OAS1_0262,Non-Demented,0,0,Non-Demented,1,0.5170296951637071,0.27143173608395915,0.2082052354190001,0.0033333333333333335
OASIS_1,RandomForest,13,test,motion__mild,motion,mild,D:\OASIS_1\distortions_32\motion\mild\Non_Demented\OAS1_0262\OAS1_0262_slice_12_z068.png,Non_Demented/OAS1_0262/OAS1_0262_slice_12_z068.png,Non-Demented/OAS1_0262/OAS1_0262_slice_12_z068.png,OAS1_0262,Non-Demented,0,0,Non-Demented,1,0.538026563581834,0.23268285745416412,0.2292905789640017,0.0
OASIS_1,RandomForest,13,test,motion__mild,motion,mild,D:\OASIS_1\distortions_32\motion\mild\Non_Demented\OAS1_0262\OAS1_0262_slice_13_z070.png,Non_Demented/OAS1_0262/OAS1_0262_slice_13_z070.png,Non-Demented/OAS1_0262/OAS1_0262_slice_13_z070.png,OAS1_0262,Non-Demented,0,0,Non-Demented,1,0.57483741024718,0.2179212852825274,0.20724130447029232,0.0
OASIS_1,RandomForest,13,test,motion__mild,motion,mild,D:\OASIS_1\distortions_32\motion\mild\Non_Demented\OAS1_0262\OAS1_0262_slice_14_z073.png,Non_Demented/OAS1_0262/OAS1_0262_slice_14_z073.png,Non-Demented/OAS1_0262/OAS1_0262_slice_14_z073.png,OAS1_0262,Non-Demented,0,0,Non-Demented,1,0.587361062050779,0.23885816097210763,0.17378077697711328,0.0
OASIS_1,RandomForest,13,test,motion__mild,motion,mild,D:\OASIS_1\distortions_32\motion\mild\Non_Demented\OAS1_0262\OAS1_0262_slice_15_z076.png,Non_Demented/OAS1_0262/OAS1_0262_slice_15_z076.png,Non-Demented/OAS1_0262/OAS1_0262_slice_15_z076.png,OAS1_0262,Non-Demented,0,0,Non-Demented,1,0.6956191892620347,0.2197836988488553,0.08459711188910983,0.0
OASIS_1,RandomForest,13,test,motion__mild,motion,mild,D:\OASIS_1\distortions_32\motion\mild\Non_Demented\OAS1_0262\OAS1_0262_slice_16_z078.png,Non_Demented/OAS1_0262/OAS1_0262_slice_16_z078.png,Non-Demented/OAS1_0262/OAS1_0262_slice_16_z078.png,OAS1_0262,Non-Demented,0,0,Non-Demented,1,0.7026463599665319,0.20993903595189978,0.08741460408156823,0.0
OASIS_1,RandomForest,13,test,motion__mild,motion,mild,D:\OASIS_1\distortions_32\motion\mild\Non_Demented\OAS1_0262\OAS1_0262_slice_17_z081.png,Non_Demented/OAS1_0262/OAS1_0262_slice_17_z081.png,Non-Demented/OAS1_0262/OAS1_0262_slice_17_z081.png,OAS1_0262,Non-Demented,0,0,Non-Demented,1,0.6500526591865434,0.22716443346661866,0.12278290734683783,0.0
OASIS_1,RandomForest,13,test,motion__mild,motion,mild,D:\OASIS_1\distortions_32\motion\mild\Non_Demented\OAS1_0262\OAS1_0262_slice_18_z084.png,Non_Demented/OAS1_0262/OAS1_0262_slice_18_z084.png,Non-Demented/OAS1_0262/OAS1_0262_slice_18_z084.png,OAS1_0262,Non-Demented,0,0,Non-Demented,1,0.5863957475818481,0.32209672512270104,0.09150752729545085,0.0
OASIS_1,RandomForest,13,test,motion__mild,motion,mild,D:\OASIS_1\distortions_32\motion\mild\Non_Demented\OAS1_0262\OAS1_0262_slice_19_z086.png,Non_Demented/OAS1_0262/OAS1_0262_slice_19_z086.png,Non-Demented/OAS1_0262/OAS1_0262_slice_19_z086.png,OAS1_0262,Non-Demented,0,0,Non-Demented,1,0.6067609237244609,0.2824527097369679,0.11078636653857134,0.0
OASIS_1,RandomForest,13,test,motion__mild,motion,mild,D:\OASIS_1\distortions_32\motion\mild\Non_Demented\OAS1_0262\OAS1_0262_slice_20_z089.png,Non_Demented/OAS1_0262/OAS1_0262_slice_20_z089.png,Non-Demented/OAS1_0262/OAS1_0262_slice_20_z089.png,OAS1_0262,Non-Demented,0,0,Non-Demented,1,0.5846685090553092,0.29204071856277786,0.12329077238191279,0.0
OASIS_1,RandomForest,13,test,motion__mild,motion,mild,D:\OASIS_1\distortions_32\motion\mild\Non_Demented\OAS1_0266\OAS1_0266_slice_01_z038.png,Non_Demented/OAS1_0266/OAS1_0266_slice_01_z038.png,Non-Demented/OAS1_0266/OAS1_0266_slice_01_z038.png,OAS1_0266,Non-Demented,0,0,Non-Demented,1,0.6501051144684883,0.21230596951128328,0.13758891602022869,0.0
OASIS_1,RandomForest,13,test,motion__mild,motion,mild,D:\OASIS_1\distortions_32\motion\mild\Non_Demented\OAS1_0266\OAS1_0266_slice_02_z041.png,Non_Demented/OAS1_0266/OAS1_0266_slice_02_z041.png,Non-Demented/OAS1_0266/OAS1_0266_slice_02_z041.png,OAS1_0266,Non-Demented,0,0,Non-Demented,1,0.6681223468860537,0.21090289889283204,0.12097475422111457,0.0
OASIS_1,RandomForest,13,test,motion__mild,motion,mild,D:\OASIS_1\distortions_32\motion\mild\Non_Demented\OAS1_0266\OAS1_0266_slice_03_z043.png,Non_Demented/OAS1_0266/OAS1_0266_slice_03_z043.png,Non-Demented/OAS1_0266/OAS1_0266_slice_03_z043.png,OAS1_0266,Non-Demented,0,0,Non-Demented,1,0.6777644397252263,0.18932463893996498,0.13291092133480864,0.0
OASIS_1,RandomForest,13,test,motion__mild,motion,mild,D:\OASIS_1\distortions_32\motion\mild\Non_Demented\OAS1_0266\OAS1_0266_slice_04_z046.png,Non_Demented/OAS1_0266/OAS1_0266_slice_04_z046.png,Non-Demented/OAS1_0266/OAS1_0266_slice_04_z046.png,OAS1_0266,Non-Demented,0,0,Non-Demented,1,0.6649965672342504,0.18817390423641622,0.14349619519600018,0.0033333333333333335
OASIS_1,RandomForest,13,test,motion__mild,motion,mild,D:\OASIS_1\distortions_32\motion\mild\Non_Demented\OAS1_0266\OAS1_0266_slice_05_z049.png,Non_Demented/OAS1_0266/OAS1_0266_slice_05_z049.png,Non-Demented/OAS1_0266/OAS1_0266_slice_05_z049.png,OAS1_0266,Non-Demented,0,0,Non-Demented,1,0.6592497688400949,0.23400300680150607,0.10341389102506543,0.0033333333333333335
OASIS_1,RandomForest,13,test,motion__mild,motion,mild,D:\OASIS_1\distortions_32\motion\mild\Non_Demented\OAS1_0266\OAS1_0266_slice_06_z051.png,Non_Demented/OAS1_0266/OAS1_0266_slice_06_z051.png,Non-Demented/OAS1_0266/OAS1_0266_slice_06_z051.png,OAS1_0266,Non-Demented,0,0,Non-Demented,1,0.6091814601147608,0.2491188020511116,0.1383664045007942,0.0033333333333333335
OASIS_1,RandomForest,13,test,motion__mild,motion,mild,D:\OASIS_1\distortions_32\motion\mild\Non_Demented\OAS1_0266\OAS1_0266_slice_07_z054.png,Non_Demented/OAS1_0266/OAS1_0266_slice_07_z054.png,Non-Demented/OAS1_0266/OAS1_0266_slice_07_z054.png,OAS1_0266,Non-Demented,0,0,Non-Demented,1,0.6286609430654975,0.23804139533803118,0.13329766159647144,0.0
OASIS_1,RandomForest,13,test,motion__mild,motion,mild,D:\OASIS_1\distortions_32\motion\mild\Non_Demented\OAS1_0266\OAS1_0266_slice_08_z057.png,Non_Demented/OAS1_0266/OAS1_0266_slice_08_z057.png,Non-Demented/OAS1_0266/OAS1_0266_slice_08_z057.png,OAS1_0266,Non-Demented,0,0,Non-Demented,1,0.5601691427413613,0.24352208247471785,0.19630877478392098,0.0
OASIS_1,RandomForest,13,test,motion__mild,motion,mild,D:\OASIS_1\distortions_32\motion\mild\Non_Demented\OAS1_0266\OAS1_0266_slice_09_z059.png,Non_Demented/OAS1_0266/OAS1_0266_slice_09_z059.png,Non-Demented/OAS1_0266/OAS1_0266_slice_09_z059.png,OAS1_0266,Non-Demented,0,0,Non-Demented,1,0.5657681581612534,0.24343418915835457,0.1874643193470589,0.0033333333333333335
OASIS_1,RandomForest,13,test,motion__mild,motion,mild,D:\OASIS_1\distortions_32\motion\mild\Non_Demented\OAS1_0266\OAS1_0266_slice_10_z062.png,Non_Demented/OAS1_0266/OAS1_0266_slice_10_z062.png,Non-Demented/OAS1_0266/OAS1_0266_slice_10_z062.png,OAS1_0266,Non-Demented,0,0,Non-Demented,1,0.538568647078963,0.26692599713546666,0.19450535578557032,0.0
OASIS_1,RandomForest,13,test,motion__mild,motion,mild,D:\OASIS_1\distortions_32\motion\mild\Non_Demented\OAS1_0266\OAS1_0266_slice_11_z065.png,Non_Demented/OAS1_0266/OAS1_0266_slice_11_z065.png,Non-Demented/OAS1_0266/OAS1_0266_slice_11_z065.png,OAS1_0266,Non-Demented,0,0,Non-Demented,1,0.5195768701385742,0.2743511657454573,0.20607196411596854,0.0
OASIS_1,RandomForest,13,test,motion__mild,motion,mild,D:\OASIS_1\distortions_32\motion\mild\Non_Demented\OAS1_0266\OAS1_0266_slice_12_z068.png,Non_Demented/OAS1_0266/OAS1_0266_slice_12_z068.png,Non-Demented/OAS1_0266/OAS1_0266_slice_12_z068.png,OAS1_0266,Non-Demented,0,0,Non-Demented,1,0.5265749542014148,0.28373761968257183,0.18968742611601347,0.0
OASIS_1,RandomForest,13,test,motion__mild,motion,mild,D:\OASIS_1\distortions_32\motion\mild\Non_Demented\OAS1_0266\OAS1_0266_slice_13_z070.png,Non_Demented/OAS1_0266/OAS1_0266_slice_13_z070.png,Non-Demented/OAS1_0266/OAS1_0266_slice_13_z070.png,OAS1_0266,Non-Demented,0,0,Non-Demented,1,0.547266135980675,0.2850558957821234,0.16434463490386814,0.0033333333333333335
OASIS_1,RandomForest,13,test,motion__mild,motion,mild,D:\OASIS_1\distortions_32\motion\mild\Non_Demented\OAS1_0266\OAS1_0266_slice_14_z073.png,Non_Demented/OAS1_0266/OAS1_0266_slice_14_z073.png,Non-Demented/OAS1_0266/OAS1_0266_slice_14_z073.png,OAS1_0266,Non-Demented,0,0,Non-Demented,1,0.5174754298115705,0.3023872567318509,0.1734706467899119,0.006666666666666667
OASIS_1,RandomForest,13,test,motion__mild,motion,mild,D:\OASIS_1\distortions_32\motion\mild\Non_Demented\OAS1_0266\OAS1_0266_slice_15_z076.png,Non_Demented/OAS1_0266/OAS1_0266_slice_15_z076.png,Non-Demented/OAS1_0266/OAS1_0266_slice_15_z076.png,OAS1_0266,Non-Demented,0,0,Non-Demented,1,0.5684150978257935,0.26998476058185866,0.15826680825901437,0.0033333333333333335
OASIS_1,RandomForest,13,test,motion__mild,motion,mild,D:\OASIS_1\distortions_32\motion\mild\Non_Demented\OAS1_0266\OAS1_0266_slice_16_z078.png,Non_Demented/OAS1_0266/OAS1_0266_slice_16_z078.png,Non-Demented/OAS1_0266/OAS1_0266_slice_16_z078.png,OAS1_0266,Non-Demented,0,0,Non-Demented,1,0.5663288160113354,0.2828925224573264,0.14744532819800452,0.0033333333333333335
OASIS_1,RandomForest,13,test,motion__mild,motion,mild,D:\OASIS_1\distortions_32\motion\mild\Non_Demented\OAS1_0266\OAS1_0266_slice_17_z081.png,Non_Demented/OAS1_0266/OAS1_0266_slice_17_z081.png,Non-Demented/OAS1_0266/OAS1_0266_slice_17_z081.png,OAS1_0266,Non-Demented,0,0,Non-Demented,1,0.5629400191347536,0.26826851947180974,0.16545812806010313,0.0033333333333333335
OASIS_1,RandomForest,13,test,motion__mild,motion,mild,D:\OASIS_1\distortions_32\motion\mild\Non_Demented\OAS1_0266\OAS1_0266_slice_18_z084.png,Non_Demented/OAS1_0266/OAS1_0266_slice_18_z084.png,Non-Demented/OAS1_0266/OAS1_0266_slice_18_z084.png,OAS1_0266,Non-Demented,0,0,Non-Demented,1,0.717432417570961,0.20090937046486756,0.08165821196417151,0.0
OASIS_1,RandomForest,13,test,motion__mild,motion,mild,D:\OASIS_1\distortions_32\motion\mild\Non_Demented\OAS1_0266\OAS1_0266_slice_19_z086.png,Non_Demented/OAS1_0266/OAS1_0266_slice_19_z086.png,Non-Demented/OAS1_0266/OAS1_0266_slice_19_z086.png,OAS1_0266,Non-Demented,0,0,Non-Demented,1,0.6918573126396959,0.19875096894947777,0.10939171841082626,0.0
OASIS_1,RandomForest,13,test,motion__mild,motion,mild,D:\OASIS_1\distortions_32\motion\mild\Non_Demented\OAS1_0266\OAS1_0266_slice_20_z089.png,Non_Demented/OAS1_0266/OAS1_0266_slice_20_z089.png,Non-Demented/OAS1_0266/OAS1_0266_slice_20_z089.png,OAS1_0266,Non-Demented,0,0,Non-Demented,1,0.6833088718729629,0.19521876101674984,0.12147236711028715,0.0
OASIS_1,RandomForest,13,test,motion__mild,motion,mild,D:\OASIS_1\distortions_32\motion\mild\Non_Demented\OAS1_0280\OAS1_0280_slice_01_z038.png,Non_Demented/OAS1_0280/OAS1_0280_slice_01_z038.png,Non-Demented/OAS1_0280/OAS1_0280_slice_01_z038.png,OAS1_0280,Non-Demented,0,0,Non-Demented,1,0.5047350470573749,0.24992887439530614,0.24200274521398546,0.0033333333333333335
OASIS_1,RandomForest,13,test,motion__mild,motion,mild,D:\OASIS_1\distortions_32\motion\mild\Non_Demented\OAS1_0280\OAS1_0280_slice_02_z041.png,Non_Demented/OAS1_0280/OAS1_0280_slice_02_z041.png,Non-Demented/OAS1_0280/OAS1_0280_slice_02_z041.png,OAS1_0280,Non-Demented,0,0,Non-Demented,1,0.4944675408378938,0.2799196396524461,0.22561281950965997,0.0
OASIS_1,RandomForest,13,test,motion__mild,motion,mild,D:\OASIS_1\distortions_32\motion\mild\Non_Demented\OAS1_0280\OAS1_0280_slice_03_z043.png,Non_Demented/OAS1_0280/OAS1_0280_slice_03_z043.png,Non-Demented/OAS1_0280/OAS1_0280_slice_03_z043.png,OAS1_0280,Non-Demented,0,0,Non-Demented,1,0.48141283434613075,0.2969577675190237,0.22162939813484564,0.0
OASIS_1,RandomForest,13,test,motion__mild,motion,mild,D:\OASIS_1\distortions_32\motion\mild\Non_Demented\OAS1_0280\OAS1_0280_slice_04_z046.png,Non_Demented/OAS1_0280/OAS1_0280_slice_04_z046.png,Non-Demented/OAS1_0280/OAS1_0280_slice_04_z046.png,OAS1_0280,Non-Demented,0,0,Non-Demented,1,0.47278271321062665,0.2574980126515502,0.2697192741378236,0.0
OASIS_1,RandomForest,13,test,motion__mild,motion,mild,D:\OASIS_1\distortions_32\motion\mild\Non_Demented\OAS1_0280\OAS1_0280_slice_05_z049.png,Non_Demented/OAS1_0280/OAS1_0280_slice_05_z049.png,Non-Demented/OAS1_0280/OAS1_0280_slice_05_z049.png,OAS1_0280,Non-Demented,0,0,Non-Demented,1,0.46554143217878363,0.2755423277644523,0.2555829067234309,0.0033333333333333335
OASIS_1,RandomForest,13,test,motion__mild,motion,mild,D:\OASIS_1\distortions_32\motion\mild\Non_Demented\OAS1_0280\OAS1_0280_slice_06_z051.png,Non_Demented/OAS1_0280/OAS1_0280_slice_06_z051.png,Non-Demented/OAS1_0280/OAS1_0280_slice_06_z051.png,OAS1_0280,Non-Demented,0,0,Non-Demented,1,0.47343083977259814,0.2986582855563211,0.22791087467108112,0.0
OASIS_1,RandomForest,13,test,motion__mild,motion,mild,D:\OASIS_1\distortions_32\motion\mild\Non_Demented\OAS1_0280\OAS1_0280_slice_07_z054.png,Non_Demented/OAS1_0280/OAS1_0280_slice_07_z054.png,Non-Demented/OAS1_0280/OAS1_0280_slice_07_z054.png,OAS1_0280,Non-Demented,0,0,Non-Demented,1,0.42904335083251954,0.3504871441380044,0.22046950502947632,0.0
OASIS_1,RandomForest,13,test,motion__mild,motion,mild,D:\OASIS_1\distortions_32\motion\mild\Non_Demented\OAS1_0280\OAS1_0280_slice_08_z057.png,Non_Demented/OAS1_0280/OAS1_0280_slice_08_z057.png,Non-Demented/OAS1_0280/OAS1_0280_slice_08_z057.png,OAS1_0280,Non-Demented,0,0,Non-Demented,1,0.4606858873280502,0.31013962732251327,0.22584115201610297,0.0033333333333333335
OASIS_1,RandomForest,13,test,motion__mild,motion,mild,D:\OASIS_1\distortions_32\motion\mild\Non_Demented\OAS1_0280\OAS1_0280_slice_09_z059.png,Non_Demented/OAS1_0280/OAS1_0280_slice_09_z059.png,Non-Demented/OAS1_0280/OAS1_0280_slice_09_z059.png,OAS1_0280,Non-Demented,0,0,Non-Demented,1,0.39221885473061635,0.33470576746300573,0.26974204447304456,0.0033333333333333335
OASIS_1,RandomForest,13,test,motion__mild,motion,mild,D:\OASIS_1\distortions_32\motion\mild\Non_Demented\OAS1_0280\OAS1_0280_slice_10_z062.png,Non_Demented/OAS1_0280/OAS1_0280_slice_10_z062.png,Non-Demented/OAS1_0280/OAS1_0280_slice_10_z062.png,OAS1_0280,Non-Demented,0,0,Non-Demented,1,0.40602828634299887,0.3234988390616238,0.27047287459537733,0.0
OASIS_1,RandomForest,13,test,motion__mild,motion,mild,D:\OASIS_1\distortions_32\motion\mild\Non_Demented\OAS1_0280\OAS1_0280_slice_11_z065.png,Non_Demented/OAS1_0280/OAS1_0280_slice_11_z065.png,Non-Demented/OAS1_0280/OAS1_0280_slice_11_z065.png,OAS1_0280,Non-Demented,0,0,Non-Demented,1,0.4440386221045248,0.2948499911037339,0.2611113867917415,0.0
OASIS_1,RandomForest,13,test,motion__mild,motion,mild,D:\OASIS_1\distortions_32\motion\mild\Non_Demented\OAS1_0280\OAS1_0280_slice_12_z068.png,Non_Demented/OAS1_0280/OAS1_0280_slice_12_z068.png,Non-Demented/OAS1_0280/OAS1_0280_slice_12_z068.png,OAS1_0280,Non-Demented,0,0,Non-Demented,1,0.4674641775645758,0.30615652565129436,0.22304596345079655,0.0033333333333333335
OASIS_1,RandomForest,13,test,motion__mild,motion,mild,D:\OASIS_1\distortions_32\motion\mild\Non_Demented\OAS1_0280\OAS1_0280_slice_13_z070.png,Non_Demented/OAS1_0280/OAS1_0280_slice_13_z070.png,Non-Demented/OAS1_0280/OAS1_0280_slice_13_z070.png,OAS1_0280,Non-Demented,0,0,Non-Demented,1,0.43732227899942233,0.3153194469449801,0.2440249407222644,0.0033333333333333335
OASIS_1,RandomForest,13,test,motion__mild,motion,mild,D:\OASIS_1\distortions_32\motion\mild\Non_Demented\OAS1_0280\OAS1_0280_slice_14_z073.png,Non_Demented/OAS1_0280/OAS1_0280_slice_14_z073.png,Non-Demented/OAS1_0280/OAS1_0280_slice_14_z073.png,OAS1_0280,Non-Demented,0,0,Non-Demented,1,0.4312808901623808,0.32627419823917286,0.24244491159844653,0.0
OASIS_1,RandomForest,13,test,motion__mild,motion,mild,D:\OASIS_1\distortions_32\motion\mild\Non_Demented\OAS1_0280\OAS1_0280_slice_15_z076.png,Non_Demented/OAS1_0280/OAS1_0280_slice_15_z076.png,Non-Demented/OAS1_0280/OAS1_0280_slice_15_z076.png,OAS1_0280,Non-Demented,0,0,Non-Demented,1,0.41199708087956366,0.3488240726929821,0.2391788464274545,0.0
OASIS_1,RandomForest,13,test,motion__mild,motion,mild,D:\OASIS_1\distortions_32\motion\mild\Non_Demented\OAS1_0280\OAS1_0280_slice_16_z078.png,Non_Demented/OAS1_0280/OAS1_0280_slice_16_z078.png,Non-Demented/OAS1_0280/OAS1_0280_slice_16_z078.png,OAS1_0280,Non-Demented,0,0,Non-Demented,1,0.4450610687754704,0.3215953068929064,0.2333436243316236,0.0
OASIS_1,RandomForest,13,test,motion__mild,motion,mild,D:\OASIS_1\distortions_32\motion\mild\Non_Demented\OAS1_0280\OAS1_0280_slice_17_z081.png,Non_Demented/OAS1_0280/OAS1_0280_slice_17_z081.png,Non-Demented/OAS1_0280/OAS1_0280_slice_17_z081.png,OAS1_0280,Non-Demented,0,0,Non-Demented,1,0.48495714665093687,0.31541311927318927,0.1962964007425406,0.0033333333333333335
OASIS_1,RandomForest,13,test,motion__mild,motion,mild,D:\OASIS_1\distortions_32\motion\mild\Non_Demented\OAS1_0280\OAS1_0280_slice_18_z084.png,Non_Demented/OAS1_0280/OAS1_0280_slice_18_z084.png,Non-Demented/OAS1_0280/OAS1_0280_slice_18_z084.png,OAS1_0280,Non-Demented,0,0,Non-Demented,1,0.4627183698667298,0.290701872817614,0.24324642398232293,0.0033333333333333335
OASIS_1,RandomForest,13,test,motion__mild,motion,mild,D:\OASIS_1\distortions_32\motion\mild\Non_Demented\OAS1_0280\OAS1_0280_slice_19_z086.png,Non_Demented/OAS1_0280/OAS1_0280_slice_19_z086.png,Non-Demented/OAS1_0280/OAS1_0280_slice_19_z086.png,OAS1_0280,Non-Demented,0,0,Non-Demented,1,0.46474812542433397,0.2812698548387617,0.2539820197369045,0.0
OASIS_1,RandomForest,13,test,motion__mild,motion,mild,D:\OASIS_1\distortions_32\motion\mild\Non_Demented\OAS1_0280\OAS1_0280_slice_20_z089.png,Non_Demented/OAS1_0280/OAS1_0280_slice_20_z089.png,Non-Demented/OAS1_0280/OAS1_0280_slice_20_z089.png,OAS1_0280,Non-Demented,0,0,Non-Demented,1,0.4985816256447556,0.311082584461451,0.1903357898937934,0.0
OASIS_1,RandomForest,13,test,motion__mild,motion,mild,D:\OASIS_1\distortions_32\motion\mild\Non_Demented\OAS1_0309\OAS1_0309_slice_01_z038.png,Non_Demented/OAS1_0309/OAS1_0309_slice_01_z038.png,Non-Demented/OAS1_0309/OAS1_0309_slice_01_z038.png,OAS1_0309,Non-Demented,0,0,Non-Demented,1,0.6006347676817558,0.2871724864310003,0.11219274588724398,0.0
OASIS_1,RandomForest,13,test,motion__mild,motion,mild,D:\OASIS_1\distortions_32\motion\mild\Non_Demented\OAS1_0309\OAS1_0309_slice_02_z041.png,Non_Demented/OAS1_0309/OAS1_0309_slice_02_z041.png,Non-Demented/OAS1_0309/OAS1_0309_slice_02_z041.png,OAS1_0309,Non-Demented,0,0,Non-Demented,1,0.5842796696549332,0.28823107218317734,0.12748925816188938,0.0
OASIS_1,RandomForest,13,test,motion__mild,motion,mild,D:\OASIS_1\distortions_32\motion\mild\Non_Demented\OAS1_0309\OAS1_0309_slice_03_z043.png,Non_Demented/OAS1_0309/OAS1_0309_slice_03_z043.png,Non-Demented/OAS1_0309/OAS1_0309_slice_03_z043.png,OAS1_0309,Non-Demented,0,0,Non-Demented,1,0.6333908452535392,0.24627813390906847,0.12033102083739228,0.0
OASIS_1,RandomForest,13,test,motion__mild,motion,mild,D:\OASIS_1\distortions_32\motion\mild\Non_Demented\OAS1_0309\OAS1_0309_slice_04_z046.png,Non_Demented/OAS1_0309/OAS1_0309_slice_04_z046.png,Non-Demented/OAS1_0309/OAS1_0309_slice_04_z046.png,OAS1_0309,Non-Demented,0,0,Non-Demented,1,0.6337519925230821,0.23864809563771403,0.1275999118392037,0.0
OASIS_1,RandomForest,13,test,motion__mild,motion,mild,D:\OASIS_1\distortions_32\motion\mild\Non_Demented\OAS1_0309\OAS1_0309_slice_05_z049.png,Non_Demented/OAS1_0309/OAS1_0309_slice_05_z049.png,Non-Demented/OAS1_0309/OAS1_0309_slice_05_z049.png,OAS1_0309,Non-Demented,0,0,Non-Demented,1,0.6229264389290088,0.26048368513752834,0.1165898759334627,0.0
OASIS_1,RandomForest,13,test,motion__mild,motion,mild,D:\OASIS_1\distortions_32\motion\mild\Non_Demented\OAS1_0309\OAS1_0309_slice_06_z051.png,Non_Demented/OAS1_0309/OAS1_0309_slice_06_z051.png,Non-Demented/OAS1_0309/OAS1_0309_slice_06_z051.png,OAS1_0309,Non-Demented,0,0,Non-Demented,1,0.6301541458791543,0.25608527391589525,0.1137605802049503,0.0
OASIS_1,RandomForest,13,test,motion__mild,motion,mild,D:\OASIS_1\distortions_32\motion\mild\Non_Demented\OAS1_0309\OAS1_0309_slice_07_z054.png,Non_Demented/OAS1_0309/OAS1_0309_slice_07_z054.png,Non-Demented/OAS1_0309/OAS1_0309_slice_07_z054.png,OAS1_0309,Non-Demented,0,0,Non-Demented,1,0.5502711397348594,0.2931613535833272,0.15656750668181332,0.0
OASIS_1,RandomForest,13,test,motion__mild,motion,mild,D:\OASIS_1\distortions_32\motion\mild\Non_Demented\OAS1_0309\OAS1_0309_slice_08_z057.png,Non_Demented/OAS1_0309/OAS1_0309_slice_08_z057.png,Non-Demented/OAS1_0309/OAS1_0309_slice_08_z057.png,OAS1_0309,Non-Demented,0,0,Non-Demented,1,0.5446092043304117,0.34558289788924623,0.10980789778034174,0.0
OASIS_1,RandomForest,13,test,motion__mild,motion,mild,D:\OASIS_1\distortions_32\motion\mild\Non_Demented\OAS1_0309\OAS1_0309_slice_09_z059.png,Non_Demented/OAS1_0309/OAS1_0309_slice_09_z059.png,Non-Demented/OAS1_0309/OAS1_0309_slice_09_z059.png,OAS1_0309,Non-Demented,0,0,Non-Demented,1,0.4974738353394171,0.3501654796395891,0.15236068502099387,0.0
OASIS_1,RandomForest,13,test,motion__mild,motion,mild,D:\OASIS_1\distortions_32\motion\mild\Non_Demented\OAS1_0309\OAS1_0309_slice_10_z062.png,Non_Demented/OAS1_0309/OAS1_0309_slice_10_z062.png,Non-Demented/OAS1_0309/OAS1_0309_slice_10_z062.png,OAS1_0309,Non-Demented,0,0,Non-Demented,1,0.5082588508714533,0.3526631359719277,0.13907801315661908,0.0
OASIS_1,RandomForest,13,test,motion__mild,motion,mild,D:\OASIS_1\distortions_32\motion\mild\Non_Demented\OAS1_0309\OAS1_0309_slice_11_z065.png,Non_Demented/OAS1_0309/OAS1_0309_slice_11_z065.png,Non-Demented/OAS1_0309/OAS1_0309_slice_11_z065.png,OAS1_0309,Non-Demented,0,0,Non-Demented,1,0.5050046463943545,0.3637723447363491,0.13122300886929647,0.0
OASIS_1,RandomForest,13,test,motion__mild,motion,mild,D:\OASIS_1\distortions_32\motion\mild\Non_Demented\OAS1_0309\OAS1_0309_slice_12_z068.png,Non_Demented/OAS1_0309/OAS1_0309_slice_12_z068.png,Non-Demented/OAS1_0309/OAS1_0309_slice_12_z068.png,OAS1_0309,Non-Demented,0,0,Non-Demented,1,0.500272081758592,0.35545296590925296,0.14427495233215487,0.0
OASIS_1,RandomForest,13,test,motion__mild,motion,mild,D:\OASIS_1\distortions_32\motion\mild\Non_Demented\OAS1_0309\OAS1_0309_slice_13_z070.png,Non_Demented/OAS1_0309/OAS1_0309_slice_13_z070.png,Non-Demented/OAS1_0309/OAS1_0309_slice_13_z070.png,OAS1_0309,Non-Demented,0,0,Non-Demented,1,0.5457717595995863,0.30949621083408296,0.14473202956633066,0.0
OASIS_1,RandomForest,13,test,motion__mild,motion,mild,D:\OASIS_1\distortions_32\motion\mild\Non_Demented\OAS1_0309\OAS1_0309_slice_14_z073.png,Non_Demented/OAS1_0309/OAS1_0309_slice_14_z073.png,Non-Demented/OAS1_0309/OAS1_0309_slice_14_z073.png,OAS1_0309,Non-Demented,0,0,Non-Demented,1,0.5235730210438614,0.3130661838331528,0.1633607951229857,0.0
OASIS_1,RandomForest,13,test,motion__mild,motion,mild,D:\OASIS_1\distortions_32\motion\mild\Non_Demented\OAS1_0309\OAS1_0309_slice_15_z076.png,Non_Demented/OAS1_0309/OAS1_0309_slice_15_z076.png,Non-Demented/OAS1_0309/OAS1_0309_slice_15_z076.png,OAS1_0309,Non-Demented,0,0,Non-Demented,1,0.6026979662247073,0.26720248824829607,0.1300995455269966,0.0
OASIS_1,RandomForest,13,test,motion__mild,motion,mild,D:\OASIS_1\distortions_32\motion\mild\Non_Demented\OAS1_0309\OAS1_0309_slice_16_z078.png,Non_Demented/OAS1_0309/OAS1_0309_slice_16_z078.png,Non-Demented/OAS1_0309/OAS1_0309_slice_16_z078.png,OAS1_0309,Non-Demented,0,0,Non-Demented,1,0.5899218002905215,0.3121864650433572,0.09789173466612121,0.0
OASIS_1,RandomForest,13,test,motion__mild,motion,mild,D:\OASIS_1\distortions_32\motion\mild\Non_Demented\OAS1_0309\OAS1_0309_slice_17_z081.png,Non_Demented/OAS1_0309/OAS1_0309_slice_17_z081.png,Non-Demented/OAS1_0309/OAS1_0309_slice_17_z081.png,OAS1_0309,Non-Demented,0,0,Non-Demented,1,0.5657126137256361,0.3212620627926808,0.11302532348168318,0.0
OASIS_1,RandomForest,13,test,motion__mild,motion,mild,D:\OASIS_1\distortions_32\motion\mild\Non_Demented\OAS1_0309\OAS1_0309_slice_18_z084.png,Non_Demented/OAS1_0309/OAS1_0309_slice_18_z084.png,Non-Demented/OAS1_0309/OAS1_0309_slice_18_z084.png,OAS1_0309,Non-Demented,0,0,Non-Demented,1,0.5652789247370036,0.3678209852870603,0.06690008997593605,0.0
OASIS_1,RandomForest,13,test,motion__mild,motion,mild,D:\OASIS_1\distortions_32\motion\mild\Non_Demented\OAS1_0309\OAS1_0309_slice_19_z086.png,Non_Demented/OAS1_0309/OAS1_0309_slice_19_z086.png,Non-Demented/OAS1_0309/OAS1_0309_slice_19_z086.png,OAS1_0309,Non-Demented,0,0,Non-Demented,1,0.5495899081193828,0.3176932038391454,0.12938355470813834,0.0033333333333333335
OASIS_1,RandomForest,13,test,motion__mild,motion,mild,D:\OASIS_1\distortions_32\motion\mild\Non_Demented\OAS1_0309\OAS1_0309_slice_20_z089.png,Non_Demented/OAS1_0309/OAS1_0309_slice_20_z089.png,Non-Demented/OAS1_0309/OAS1_0309_slice_20_z089.png,OAS1_0309,Non-Demented,0,0,Non-Demented,1,0.5014648525511105,0.39532052979146526,0.10321461765742417,0.0
OASIS_1,RandomForest,13,test,motion__mild,motion,mild,D:\OASIS_1\distortions_32\motion\mild\Non_Demented\OAS1_0323\OAS1_0323_slice_01_z038.png,Non_Demented/OAS1_0323/OAS1_0323_slice_01_z038.png,Non-Demented/OAS1_0323/OAS1_0323_slice_01_z038.png,OAS1_0323,Non-Demented,0,0,Non-Demented,1,0.5463913117556883,0.32900297621472,0.12460571202959166,0.0
OASIS_1,RandomForest,13,test,motion__mild,motion,mild,D:\OASIS_1\distortions_32\motion\mild\Non_Demented\OAS1_0323\OAS1_0323_slice_02_z041.png,Non_Demented/OAS1_0323/OAS1_0323_slice_02_z041.png,Non-Demented/OAS1_0323/OAS1_0323_slice_02_z041.png,OAS1_0323,Non-Demented,0,0,Non-Demented,1,0.5748019664917913,0.2983415196085192,0.1268565138996897,0.0
OASIS_1,RandomForest,13,test,motion__mild,motion,mild,D:\OASIS_1\distortions_32\motion\mild\Non_Demented\OAS1_0323\OAS1_0323_slice_03_z043.png,Non_Demented/OAS1_0323/OAS1_0323_slice_03_z043.png,Non-Demented/OAS1_0323/OAS1_0323_slice_03_z043.png,OAS1_0323,Non-Demented,0,0,Non-Demented,1,0.5624310868687562,0.3053195057229557,0.1322494074082879,0.0
OASIS_1,RandomForest,13,test,motion__mild,motion,mild,D:\OASIS_1\distortions_32\motion\mild\Non_Demented\OAS1_0323\OAS1_0323_slice_04_z046.png,Non_Demented/OAS1_0323/OAS1_0323_slice_04_z046.png,Non-Demented/OAS1_0323/OAS1_0323_slice_04_z046.png,OAS1_0323,Non-Demented,0,0,Non-Demented,1,0.5741033341460771,0.32264521873091423,0.10325144712300818,0.0
OASIS_1,RandomForest,13,test,motion__mild,motion,mild,D:\OASIS_1\distortions_32\motion\mild\Non_Demented\OAS1_0323\OAS1_0323_slice_05_z049.png,Non_Demented/OAS1_0323/OAS1_0323_slice_05_z049.png,Non-Demented/OAS1_0323/OAS1_0323_slice_05_z049.png,OAS1_0323,Non-Demented,0,0,Non-Demented,1,0.5465784951950965,0.3208976086072344,0.13252389619766908,0.0
OASIS_1,RandomForest,13,test,motion__mild,motion,mild,D:\OASIS_1\distortions_32\motion\mild\Non_Demented\OAS1_0323\OAS1_0323_slice_06_z051.png,Non_Demented/OAS1_0323/OAS1_0323_slice_06_z051.png,Non-Demented/OAS1_0323/OAS1_0323_slice_06_z051.png,OAS1_0323,Non-Demented,0,0,Non-Demented,1,0.5473317639515098,0.3055185905406655,0.1471496455078249,0.0
OASIS_1,RandomForest,13,test,motion__mild,motion,mild,D:\OASIS_1\distortions_32\motion\mild\Non_Demented\OAS1_0323\OAS1_0323_slice_07_z054.png,Non_Demented/OAS1_0323/OAS1_0323_slice_07_z054.png,Non-Demented/OAS1_0323/OAS1_0323_slice_07_z054.png,OAS1_0323,Non-Demented,0,0,Non-Demented,1,0.5515624852010707,0.3095214540963867,0.13891606070254292,0.0
OASIS_1,RandomForest,13,test,motion__mild,motion,mild,D:\OASIS_1\distortions_32\motion\mild\Non_Demented\OAS1_0323\OAS1_0323_slice_08_z057.png,Non_Demented/OAS1_0323/OAS1_0323_slice_08_z057.png,Non-Demented/OAS1_0323/OAS1_0323_slice_08_z057.png,OAS1_0323,Non-Demented,0,0,Non-Demented,1,0.5949207250806949,0.2745564213217174,0.13052285359758767,0.0
OASIS_1,RandomForest,13,test,motion__mild,motion,mild,D:\OASIS_1\distortions_32\motion\mild\Non_Demented\OAS1_0323\OAS1_0323_slice_09_z059.png,Non_Demented/OAS1_0323/OAS1_0323_slice_09_z059.png,Non-Demented/OAS1_0323/OAS1_0323_slice_09_z059.png,OAS1_0323,Non-Demented,0,0,Non-Demented,1,0.5429749499355987,0.2581257732216794,0.1922326101760555,0.006666666666666667
OASIS_1,RandomForest,13,test,motion__mild,motion,mild,D:\OASIS_1\distortions_32\motion\mild\Non_Demented\OAS1_0323\OAS1_0323_slice_10_z062.png,Non_Demented/OAS1_0323/OAS1_0323_slice_10_z062.png,Non-Demented/OAS1_0323/OAS1_0323_slice_10_z062.png,OAS1_0323,Non-Demented,0,0,Non-Demented,1,0.5246472636811805,0.26882673752871206,0.2065259987901073,0.0
OASIS_1,RandomForest,13,test,motion__mild,motion,mild,D:\OASIS_1\distortions_32\motion\mild\Non_Demented\OAS1_0323\OAS1_0323_slice_11_z065.png,Non_Demented/OAS1_0323/OAS1_0323_slice_11_z065.png,Non-Demented/OAS1_0323/OAS1_0323_slice_11_z065.png,OAS1_0323,Non-Demented,0,0,Non-Demented,1,0.5159009105260491,0.28558818075991793,0.19851090871403282,0.0
OASIS_1,RandomForest,13,test,motion__mild,motion,mild,D:\OASIS_1\distortions_32\motion\mild\Non_Demented\OAS1_0323\OAS1_0323_slice_12_z068.png,Non_Demented/OAS1_0323/OAS1_0323_slice_12_z068.png,Non-Demented/OAS1_0323/OAS1_0323_slice_12_z068.png,OAS1_0323,Non-Demented,0,0,Non-Demented,1,0.5529844712458188,0.29782063776295564,0.1491948909912256,0.0
OASIS_1,RandomForest,13,test,motion__mild,motion,mild,D:\OASIS_1\distortions_32\motion\mild\Non_Demented\OAS1_0323\OAS1_0323_slice_13_z070.png,Non_Demented/OAS1_0323/OAS1_0323_slice_13_z070.png,Non-Demented/OAS1_0323/OAS1_0323_slice_13_z070.png,OAS1_0323,Non-Demented,0,0,Non-Demented,1,0.5298974020999309,0.32984527767247956,0.1402573202275894,0.0
OASIS_1,RandomForest,13,test,motion__mild,motion,mild,D:\OASIS_1\distortions_32\motion\mild\Non_Demented\OAS1_0323\OAS1_0323_slice_14_z073.png,Non_Demented/OAS1_0323/OAS1_0323_slice_14_z073.png,Non-Demented/OAS1_0323/OAS1_0323_slice_14_z073.png,OAS1_0323,Non-Demented,0,0,Non-Demented,1,0.5390315285629667,0.33636923095063187,0.12459924048640142,0.0
OASIS_1,RandomForest,13,test,motion__mild,motion,mild,D:\OASIS_1\distortions_32\motion\mild\Non_Demented\OAS1_0323\OAS1_0323_slice_15_z076.png,Non_Demented/OAS1_0323/OAS1_0323_slice_15_z076.png,Non-Demented/OAS1_0323/OAS1_0323_slice_15_z076.png,OAS1_0323,Non-Demented,0,0,Non-Demented,1,0.5113398840398543,0.3529763223242247,0.135683793635921,0.0
OASIS_1,RandomForest,13,test,motion__mild,motion,mild,D:\OASIS_1\distortions_32\motion\mild\Non_Demented\OAS1_0323\OAS1_0323_slice_16_z078.png,Non_Demented/OAS1_0323/OAS1_0323_slice_16_z078.png,Non-Demented/OAS1_0323/OAS1_0323_slice_16_z078.png,OAS1_0323,Non-Demented,0,0,Non-Demented,1,0.5441134278856782,0.31940907590995254,0.1364774962043693,0.0
OASIS_1,RandomForest,13,test,motion__mild,motion,mild,D:\OASIS_1\distortions_32\motion\mild\Non_Demented\OAS1_0323\OAS1_0323_slice_17_z081.png,Non_Demented/OAS1_0323/OAS1_0323_slice_17_z081.png,Non-Demented/OAS1_0323/OAS1_0323_slice_17_z081.png,OAS1_0323,Non-Demented,0,0,Non-Demented,1,0.5736707326790296,0.29765209008035937,0.12867717724061128,0.0
OASIS_1,RandomForest,13,test,motion__mild,motion,mild,D:\OASIS_1\distortions_32\motion\mild\Non_Demented\OAS1_0323\OAS1_0323_slice_18_z084.png,Non_Demented/OAS1_0323/OAS1_0323_slice_18_z084.png,Non-Demented/OAS1_0323/OAS1_0323_slice_18_z084.png,OAS1_0323,Non-Demented,0,0,Non-Demented,1,0.5454660450205954,0.3560079983876963,0.09852595659170847,0.0
OASIS_1,RandomForest,13,test,motion__mild,motion,mild,D:\OASIS_1\distortions_32\motion\mild\Non_Demented\OAS1_0323\OAS1_0323_slice_19_z086.png,Non_Demented/OAS1_0323/OAS1_0323_slice_19_z086.png,Non-Demented/OAS1_0323/OAS1_0323_slice_19_z086.png,OAS1_0323,Non-Demented,0,0,Non-Demented,1,0.5330299161283143,0.3429243644906915,0.12404571938099399,0.0
OASIS_1,RandomForest,13,test,motion__mild,motion,mild,D:\OASIS_1\distortions_32\motion\mild\Non_Demented\OAS1_0323\OAS1_0323_slice_20_z089.png,Non_Demented/OAS1_0323/OAS1_0323_slice_20_z089.png,Non-Demented/OAS1_0323/OAS1_0323_slice_20_z089.png,OAS1_0323,Non-Demented,0,0,Non-Demented,1,0.5454654198888786,0.3249662580349235,0.1295683220761981,0.0
OASIS_1,RandomForest,13,test,motion__mild,motion,mild,D:\OASIS_1\distortions_32\motion\mild\Non_Demented\OAS1_0343\OAS1_0343_slice_01_z038.png,Non_Demented/OAS1_0343/OAS1_0343_slice_01_z038.png,Non-Demented/OAS1_0343/OAS1_0343_slice_01_z038.png,OAS1_0343,Non-Demented,0,0,Non-Demented,1,0.5626021435108097,0.2595720379951744,0.1778258184940161,0.0
OASIS_1,RandomForest,13,test,motion__mild,motion,mild,D:\OASIS_1\distortions_32\motion\mild\Non_Demented\OAS1_0343\OAS1_0343_slice_02_z041.png,Non_Demented/OAS1_0343/OAS1_0343_slice_02_z041.png,Non-Demented/OAS1_0343/OAS1_0343_slice_02_z041.png,OAS1_0343,Non-Demented,0,0,Non-Demented,1,0.6107753694679766,0.23529047645402582,0.15393415407799724,0.0
OASIS_1,RandomForest,13,test,motion__mild,motion,mild,D:\OASIS_1\distortions_32\motion\mild\Non_Demented\OAS1_0343\OAS1_0343_slice_03_z043.png,Non_Demented/OAS1_0343/OAS1_0343_slice_03_z043.png,Non-Demented/OAS1_0343/OAS1_0343_slice_03_z043.png,OAS1_0343,Non-Demented,0,0,Non-Demented,1,0.5801352892170016,0.23564922602219313,0.18421548476080526,0.0
OASIS_1,RandomForest,13,test,motion__mild,motion,mild,D:\OASIS_1\distortions_32\motion\mild\Non_Demented\OAS1_0343\OAS1_0343_slice_04_z046.png,Non_Demented/OAS1_0343/OAS1_0343_slice_04_z046.png,Non-Demented/OAS1_0343/OAS1_0343_slice_04_z046.png,OAS1_0343,Non-Demented,0,0,Non-Demented,1,0.5695470310774654,0.2590398621392794,0.1714131067832553,0.0
OASIS_1,RandomForest,13,test,motion__mild,motion,mild,D:\OASIS_1\distortions_32\motion\mild\Non_Demented\OAS1_0343\OAS1_0343_slice_05_z049.png,Non_Demented/OAS1_0343/OAS1_0343_slice_05_z049.png,Non-Demented/OAS1_0343/OAS1_0343_slice_05_z049.png,OAS1_0343,Non-Demented,0,0,Non-Demented,1,0.5598309910105739,0.25796008499144224,0.18220892399798405,0.0
OASIS_1,RandomForest,13,test,motion__mild,motion,mild,D:\OASIS_1\distortions_32\motion\mild\Non_Demented\OAS1_0343\OAS1_0343_slice_06_z051.png,Non_Demented/OAS1_0343/OAS1_0343_slice_06_z051.png,Non-Demented/OAS1_0343/OAS1_0343_slice_06_z051.png,OAS1_0343,Non-Demented,0,0,Non-Demented,1,0.550354288926834,0.3098857411552376,0.1397599699179282,0.0
OASIS_1,RandomForest,13,test,motion__mild,motion,mild,D:\OASIS_1\distortions_32\motion\mild\Non_Demented\OAS1_0343\OAS1_0343_slice_07_z054.png,Non_Demented/OAS1_0343/OAS1_0343_slice_07_z054.png,Non-Demented/OAS1_0343/OAS1_0343_slice_07_z054.png,OAS1_0343,Non-Demented,0,0,Non-Demented,1,0.5178940348551248,0.3045309945064279,0.17757497063844713,0.0
OASIS_1,RandomForest,13,test,motion__mild,motion,mild,D:\OASIS_1\distortions_32\motion\mild\Non_Demented\OAS1_0343\OAS1_0343_slice_08_z057.png,Non_Demented/OAS1_0343/OAS1_0343_slice_08_z057.png,Non-Demented/OAS1_0343/OAS1_0343_slice_08_z057.png,OAS1_0343,Non-Demented,0,0,Non-Demented,1,0.528758150810656,0.3415651654491642,0.12967668374017943,0.0
OASIS_1,RandomForest,13,test,motion__mild,motion,mild,D:\OASIS_1\distortions_32\motion\mild\Non_Demented\OAS1_0343\OAS1_0343_slice_09_z059.png,Non_Demented/OAS1_0343/OAS1_0343_slice_09_z059.png,Non-Demented/OAS1_0343/OAS1_0343_slice_09_z059.png,OAS1_0343,Non-Demented,0,0,Non-Demented,1,0.4825888282909704,0.34830817886191706,0.1691029928471124,0.0
OASIS_1,RandomForest,13,test,motion__mild,motion,mild,D:\OASIS_1\distortions_32\motion\mild\Non_Demented\OAS1_0343\OAS1_0343_slice_10_z062.png,Non_Demented/OAS1_0343/OAS1_0343_slice_10_z062.png,Non-Demented/OAS1_0343/OAS1_0343_slice_10_z062.png,OAS1_0343,Non-Demented,0,0,Non-Demented,1,0.49998195321399513,0.3420321829649929,0.15798586382101212,0.0
OASIS_1,RandomForest,13,test,motion__mild,motion,mild,D:\OASIS_1\distortions_32\motion\mild\Non_Demented\OAS1_0343\OAS1_0343_slice_11_z065.png,Non_Demented/OAS1_0343/OAS1_0343_slice_11_z065.png,Non-Demented/OAS1_0343/OAS1_0343_slice_11_z065.png,OAS1_0343,Non-Demented,0,0,Non-Demented,1,0.52708453784214,0.35598335769686085,0.11693210446099886,0.0
OASIS_1,RandomForest,13,test,motion__mild,motion,mild,D:\OASIS_1\distortions_32\motion\mild\Non_Demented\OAS1_0343\OAS1_0343_slice_12_z068.png,Non_Demented/OAS1_0343/OAS1_0343_slice_12_z068.png,Non-Demented/OAS1_0343/OAS1_0343_slice_12_z068.png,OAS1_0343,Non-Demented,0,0,Non-Demented,1,0.5278637464781024,0.3422882466976575,0.12984800682424,0.0
OASIS_1,RandomForest,13,test,motion__mild,motion,mild,D:\OASIS_1\distortions_32\motion\mild\Non_Demented\OAS1_0343\OAS1_0343_slice_13_z070.png,Non_Demented/OAS1_0343/OAS1_0343_slice_13_z070.png,Non-Demented/OAS1_0343/OAS1_0343_slice_13_z070.png,OAS1_0343,Non-Demented,0,0,Non-Demented,1,0.5202331055369257,0.32799456529503235,0.1517723291680418,0.0
OASIS_1,RandomForest,13,test,motion__mild,motion,mild,D:\OASIS_1\distortions_32\motion\mild\Non_Demented\OAS1_0343\OAS1_0343_slice_14_z073.png,Non_Demented/OAS1_0343/OAS1_0343_slice_14_z073.png,Non-Demented/OAS1_0343/OAS1_0343_slice_14_z073.png,OAS1_0343,Non-Demented,0,0,Non-Demented,1,0.5064465337674697,0.3308777998382084,0.16267566639432157,0.0
OASIS_1,RandomForest,13,test,motion__mild,motion,mild,D:\OASIS_1\distortions_32\motion\mild\Non_Demented\OAS1_0343\OAS1_0343_slice_15_z076.png,Non_Demented/OAS1_0343/OAS1_0343_slice_15_z076.png,Non-Demented/OAS1_0343/OAS1_0343_slice_15_z076.png,OAS1_0343,Non-Demented,0,0,Non-Demented,1,0.5312465868215157,0.3134876834538128,0.15526572972467145,0.0
OASIS_1,RandomForest,13,test,motion__mild,motion,mild,D:\OASIS_1\distortions_32\motion\mild\Non_Demented\OAS1_0343\OAS1_0343_slice_16_z078.png,Non_Demented/OAS1_0343/OAS1_0343_slice_16_z078.png,Non-Demented/OAS1_0343/OAS1_0343_slice_16_z078.png,OAS1_0343,Non-Demented,0,0,Non-Demented,1,0.5454293006000399,0.2998763793351249,0.15469432006483502,0.0
OASIS_1,RandomForest,13,test,motion__mild,motion,mild,D:\OASIS_1\distortions_32\motion\mild\Non_Demented\OAS1_0343\OAS1_0343_slice_17_z081.png,Non_Demented/OAS1_0343/OAS1_0343_slice_17_z081.png,Non-Demented/OAS1_0343/OAS1_0343_slice_17_z081.png,OAS1_0343,Non-Demented,0,0,Non-Demented,1,0.5965598798094938,0.2588043914274195,0.144635728763087,0.0
OASIS_1,RandomForest,13,test,motion__mild,motion,mild,D:\OASIS_1\distortions_32\motion\mild\Non_Demented\OAS1_0343\OAS1_0343_slice_18_z084.png,Non_Demented/OAS1_0343/OAS1_0343_slice_18_z084.png,Non-Demented/OAS1_0343/OAS1_0343_slice_18_z084.png,OAS1_0343,Non-Demented,0,0,Non-Demented,1,0.59128276059559,0.26105988901279403,0.14765735039161604,0.0
OASIS_1,RandomForest,13,test,motion__mild,motion,mild,D:\OASIS_1\distortions_32\motion\mild\Non_Demented\OAS1_0343\OAS1_0343_slice_19_z086.png,Non_Demented/OAS1_0343/OAS1_0343_slice_19_z086.png,Non-Demented/OAS1_0343/OAS1_0343_slice_19_z086.png,OAS1_0343,Non-Demented,0,0,Non-Demented,1,0.571946280338613,0.2841216961121304,0.14393202354925644,0.0
OASIS_1,RandomForest,13,test,motion__mild,motion,mild,D:\OASIS_1\distortions_32\motion\mild\Non_Demented\OAS1_0343\OAS1_0343_slice_20_z089.png,Non_Demented/OAS1_0343/OAS1_0343_slice_20_z089.png,Non-Demented/OAS1_0343/OAS1_0343_slice_20_z089.png,OAS1_0343,Non-Demented,0,0,Non-Demented,1,0.5870809843310661,0.2655870081252167,0.14733200754371714,0.0
OASIS_1,RandomForest,13,test,motion__mild,motion,mild,D:\OASIS_1\distortions_32\motion\mild\Non_Demented\OAS1_0367\OAS1_0367_slice_01_z038.png,Non_Demented/OAS1_0367/OAS1_0367_slice_01_z038.png,Non-Demented/OAS1_0367/OAS1_0367_slice_01_z038.png,OAS1_0367,Non-Demented,0,0,Non-Demented,1,0.569208614425612,0.24637674728806086,0.1844146382863267,0.0
OASIS_1,RandomForest,13,test,motion__mild,motion,mild,D:\OASIS_1\distortions_32\motion\mild\Non_Demented\OAS1_0367\OAS1_0367_slice_02_z041.png,Non_Demented/OAS1_0367/OAS1_0367_slice_02_z041.png,Non-Demented/OAS1_0367/OAS1_0367_slice_02_z041.png,OAS1_0367,Non-Demented,0,0,Non-Demented,1,0.5862130665157723,0.26222450087256327,0.1515624326116642,0.0
OASIS_1,RandomForest,13,test,motion__mild,motion,mild,D:\OASIS_1\distortions_32\motion\mild\Non_Demented\OAS1_0367\OAS1_0367_slice_03_z043.png,Non_Demented/OAS1_0367/OAS1_0367_slice_03_z043.png,Non-Demented/OAS1_0367/OAS1_0367_slice_03_z043.png,OAS1_0367,Non-Demented,0,0,Non-Demented,1,0.6017463066079308,0.2547429435945022,0.1435107497975671,0.0
OASIS_1,RandomForest,13,test,motion__mild,motion,mild,D:\OASIS_1\distortions_32\motion\mild\Non_Demented\OAS1_0367\OAS1_0367_slice_04_z046.png,Non_Demented/OAS1_0367/OAS1_0367_slice_04_z046.png,Non-Demented/OAS1_0367/OAS1_0367_slice_04_z046.png,OAS1_0367,Non-Demented,0,0,Non-Demented,1,0.6078656543171538,0.2667814590245422,0.12535288665830435,0.0
OASIS_1,RandomForest,13,test,motion__mild,motion,mild,D:\OASIS_1\distortions_32\motion\mild\Non_Demented\OAS1_0367\OAS1_0367_slice_05_z049.png,Non_Demented/OAS1_0367/OAS1_0367_slice_05_z049.png,Non-Demented/OAS1_0367/OAS1_0367_slice_05_z049.png,OAS1_0367,Non-Demented,0,0,Non-Demented,1,0.6322771706548513,0.27224531496823623,0.09547751437691285,0.0
OASIS_1,RandomForest,13,test,motion__mild,motion,mild,D:\OASIS_1\distortions_32\motion\mild\Non_Demented\OAS1_0367\OAS1_0367_slice_06_z051.png,Non_Demented/OAS1_0367/OAS1_0367_slice_06_z051.png,Non-Demented/OAS1_0367/OAS1_0367_slice_06_z051.png,OAS1_0367,Non-Demented,0,0,Non-Demented,1,0.6320620142268296,0.2433410686279557,0.12459691714521466,0.0
OASIS_1,RandomForest,13,test,motion__mild,motion,mild,D:\OASIS_1\distortions_32\motion\mild\Non_Demented\OAS1_0367\OAS1_0367_slice_07_z054.png,Non_Demented/OAS1_0367/OAS1_0367_slice_07_z054.png,Non-Demented/OAS1_0367/OAS1_0367_slice_07_z054.png,OAS1_0367,Non-Demented,0,0,Non-Demented,1,0.594445772017098,0.254582427423143,0.15097180055975892,0.0
OASIS_1,RandomForest,13,test,motion__mild,motion,mild,D:\OASIS_1\distortions_32\motion\mild\Non_Demented\OAS1_0367\OAS1_0367_slice_08_z057.png,Non_Demented/OAS1_0367/OAS1_0367_slice_08_z057.png,Non-Demented/OAS1_0367/OAS1_0367_slice_08_z057.png,OAS1_0367,Non-Demented,0,0,Non-Demented,1,0.5725933641562196,0.27797094767715275,0.14943568816662736,0.0
OASIS_1,RandomForest,13,test,motion__mild,motion,mild,D:\OASIS_1\distortions_32\motion\mild\Non_Demented\OAS1_0367\OAS1_0367_slice_09_z059.png,Non_Demented/OAS1_0367/OAS1_0367_slice_09_z059.png,Non-Demented/OAS1_0367/OAS1_0367_slice_09_z059.png,OAS1_0367,Non-Demented,0,0,Non-Demented,1,0.5232720049921663,0.31423257250053177,0.1624954225073018,0.0
OASIS_1,RandomForest,13,test,motion__mild,motion,mild,D:\OASIS_1\distortions_32\motion\mild\Non_Demented\OAS1_0367\OAS1_0367_slice_10_z062.png,Non_Demented/OAS1_0367/OAS1_0367_slice_10_z062.png,Non-Demented/OAS1_0367/OAS1_0367_slice_10_z062.png,OAS1_0367,Non-Demented,0,0,Non-Demented,1,0.5157640645197681,0.31099171899298766,0.1732442164872442,0.0
OASIS_1,RandomForest,13,test,motion__mild,motion,mild,D:\OASIS_1\distortions_32\motion\mild\Non_Demented\OAS1_0367\OAS1_0367_slice_11_z065.png,Non_Demented/OAS1_0367/OAS1_0367_slice_11_z065.png,Non-Demented/OAS1_0367/OAS1_0367_slice_11_z065.png,OAS1_0367,Non-Demented,0,0,Non-Demented,1,0.5173400029913761,0.2910018892973648,0.1883247743779256,0.0033333333333333335
OASIS_1,RandomForest,13,test,motion__mild,motion,mild,D:\OASIS_1\distortions_32\motion\mild\Non_Demented\OAS1_0367\OAS1_0367_slice_12_z068.png,Non_Demented/OAS1_0367/OAS1_0367_slice_12_z068.png,Non-Demented/OAS1_0367/OAS1_0367_slice_12_z068.png,OAS1_0367,Non-Demented,0,0,Non-Demented,1,0.5491019688505696,0.2906547573052828,0.1602432738441473,0.0
OASIS_1,RandomForest,13,test,motion__mild,motion,mild,D:\OASIS_1\distortions_32\motion\mild\Non_Demented\OAS1_0367\OAS1_0367_slice_13_z070.png,Non_Demented/OAS1_0367/OAS1_0367_slice_13_z070.png,Non-Demented/OAS1_0367/OAS1_0367_slice_13_z070.png,OAS1_0367,Non-Demented,0,0,Non-Demented,1,0.5305058938511483,0.3050878458604841,0.1644062602883673,0.0
OASIS_1,RandomForest,13,test,motion__mild,motion,mild,D:\OASIS_1\distortions_32\motion\mild\Non_Demented\OAS1_0367\OAS1_0367_slice_14_z073.png,Non_Demented/OAS1_0367/OAS1_0367_slice_14_z073.png,Non-Demented/OAS1_0367/OAS1_0367_slice_14_z073.png,OAS1_0367,Non-Demented,0,0,Non-Demented,1,0.5645150976904787,0.31843089580575407,0.11705400650376731,0.0
OASIS_1,RandomForest,13,test,motion__mild,motion,mild,D:\OASIS_1\distortions_32\motion\mild\Non_Demented\OAS1_0367\OAS1_0367_slice_15_z076.png,Non_Demented/OAS1_0367/OAS1_0367_slice_15_z076.png,Non-Demented/OAS1_0367/OAS1_0367_slice_15_z076.png,OAS1_0367,Non-Demented,0,0,Non-Demented,1,0.6132497060873895,0.2753425017269506,0.11140779218565977,0.0
OASIS_1,RandomForest,13,test,motion__mild,motion,mild,D:\OASIS_1\distortions_32\motion\mild\Non_Demented\OAS1_0367\OAS1_0367_slice_16_z078.png,Non_Demented/OAS1_0367/OAS1_0367_slice_16_z078.png,Non-Demented/OAS1_0367/OAS1_0367_slice_16_z078.png,OAS1_0367,Non-Demented,0,0,Non-Demented,1,0.6163254185881688,0.27364091473115365,0.1100336666806776,0.0
OASIS_1,RandomForest,13,test,motion__mild,motion,mild,D:\OASIS_1\distortions_32\motion\mild\Non_Demented\OAS1_0367\OAS1_0367_slice_17_z081.png,Non_Demented/OAS1_0367/OAS1_0367_slice_17_z081.png,Non-Demented/OAS1_0367/OAS1_0367_slice_17_z081.png,OAS1_0367,Non-Demented,0,0,Non-Demented,1,0.5642665350440617,0.2787677014705725,0.15696576348536592,0.0
OASIS_1,RandomForest,13,test,motion__mild,motion,mild,D:\OASIS_1\distortions_32\motion\mild\Non_Demented\OAS1_0367\OAS1_0367_slice_18_z084.png,Non_Demented/OAS1_0367/OAS1_0367_slice_18_z084.png,Non-Demented/OAS1_0367/OAS1_0367_slice_18_z084.png,OAS1_0367,Non-Demented,0,0,Non-Demented,1,0.5773853731761694,0.2665064031058389,0.1561082237179919,0.0
OASIS_1,RandomForest,13,test,motion__mild,motion,mild,D:\OASIS_1\distortions_32\motion\mild\Non_Demented\OAS1_0367\OAS1_0367_slice_19_z086.png,Non_Demented/OAS1_0367/OAS1_0367_slice_19_z086.png,Non-Demented/OAS1_0367/OAS1_0367_slice_19_z086.png,OAS1_0367,Non-Demented,0,0,Non-Demented,1,0.5539739604380353,0.2704515794445674,0.17557446011739752,0.0
OASIS_1,RandomForest,13,test,motion__mild,motion,mild,D:\OASIS_1\distortions_32\motion\mild\Non_Demented\OAS1_0367\OAS1_0367_slice_20_z089.png,Non_Demented/OAS1_0367/OAS1_0367_slice_20_z089.png,Non-Demented/OAS1_0367/OAS1_0367_slice_20_z089.png,OAS1_0367,Non-Demented,0,0,Non-Demented,1,0.5497221230808339,0.26927505684774156,0.18100282007142443,0.0
OASIS_1,RandomForest,13,test,motion__mild,motion,mild,D:\OASIS_1\distortions_32\motion\mild\Non_Demented\OAS1_0371\OAS1_0371_slice_01_z038.png,Non_Demented/OAS1_0371/OAS1_0371_slice_01_z038.png,Non-Demented/OAS1_0371/OAS1_0371_slice_01_z038.png,OAS1_0371,Non-Demented,0,0,Non-Demented,1,0.6086547672365692,0.23188452155232808,0.15946071121110275,0.0
OASIS_1,RandomForest,13,test,motion__mild,motion,mild,D:\OASIS_1\distortions_32\motion\mild\Non_Demented\OAS1_0371\OAS1_0371_slice_02_z041.png,Non_Demented/OAS1_0371/OAS1_0371_slice_02_z041.png,Non-Demented/OAS1_0371/OAS1_0371_slice_02_z041.png,OAS1_0371,Non-Demented,0,0,Non-Demented,1,0.6320535577446017,0.20441019230155888,0.16353624995383917,0.0
OASIS_1,RandomForest,13,test,motion__mild,motion,mild,D:\OASIS_1\distortions_32\motion\mild\Non_Demented\OAS1_0371\OAS1_0371_slice_03_z043.png,Non_Demented/OAS1_0371/OAS1_0371_slice_03_z043.png,Non-Demented/OAS1_0371/OAS1_0371_slice_03_z043.png,OAS1_0371,Non-Demented,0,0,Non-Demented,1,0.5932221342198362,0.24006993729813583,0.16670792848202767,0.0
OASIS_1,RandomForest,13,test,motion__mild,motion,mild,D:\OASIS_1\distortions_32\motion\mild\Non_Demented\OAS1_0371\OAS1_0371_slice_04_z046.png,Non_Demented/OAS1_0371/OAS1_0371_slice_04_z046.png,Non-Demented/OAS1_0371/OAS1_0371_slice_04_z046.png,OAS1_0371,Non-Demented,0,0,Non-Demented,1,0.5204051606433776,0.28242927889577385,0.19716556046084843,0.0
OASIS_1,RandomForest,13,test,motion__mild,motion,mild,D:\OASIS_1\distortions_32\motion\mild\Non_Demented\OAS1_0371\OAS1_0371_slice_05_z049.png,Non_Demented/OAS1_0371/OAS1_0371_slice_05_z049.png,Non-Demented/OAS1_0371/OAS1_0371_slice_05_z049.png,OAS1_0371,Non-Demented,0,0,Non-Demented,1,0.5014564296927223,0.29901588390929473,0.19952768639798268,0.0
OASIS_1,RandomForest,13,test,motion__mild,motion,mild,D:\OASIS_1\distortions_32\motion\mild\Non_Demented\OAS1_0371\OAS1_0371_slice_06_z051.png,Non_Demented/OAS1_0371/OAS1_0371_slice_06_z051.png,Non-Demented/OAS1_0371/OAS1_0371_slice_06_z051.png,OAS1_0371,Non-Demented,0,0,Non-Demented,1,0.5389070634736569,0.30584232908882175,0.15525060743752117,0.0
OASIS_1,RandomForest,13,test,motion__mild,motion,mild,D:\OASIS_1\distortions_32\motion\mild\Non_Demented\OAS1_0371\OAS1_0371_slice_07_z054.png,Non_Demented/OAS1_0371/OAS1_0371_slice_07_z054.png,Non-Demented/OAS1_0371/OAS1_0371_slice_07_z054.png,OAS1_0371,Non-Demented,0,0,Non-Demented,1,0.5296704345140444,0.2886853404648396,0.18164422502111569,0.0
OASIS_1,RandomForest,13,test,motion__mild,motion,mild,D:\OASIS_1\distortions_32\motion\mild\Non_Demented\OAS1_0371\OAS1_0371_slice_08_z057.png,Non_Demented/OAS1_0371/OAS1_0371_slice_08_z057.png,Non-Demented/OAS1_0371/OAS1_0371_slice_08_z057.png,OAS1_0371,Non-Demented,0,0,Non-Demented,1,0.5196178641245534,0.3007615716841439,0.17962056419130246,0.0
OASIS_1,RandomForest,13,test,motion__mild,motion,mild,D:\OASIS_1\distortions_32\motion\mild\Non_Demented\OAS1_0371\OAS1_0371_slice_09_z059.png,Non_Demented/OAS1_0371/OAS1_0371_slice_09_z059.png,Non-Demented/OAS1_0371/OAS1_0371_slice_09_z059.png,OAS1_0371,Non-Demented,0,0,Non-Demented,1,0.5191224760842404,0.3095655220664565,0.17131200184930273,0.0
OASIS_1,RandomForest,13,test,motion__mild,motion,mild,D:\OASIS_1\distortions_32\motion\mild\Non_Demented\OAS1_0371\OAS1_0371_slice_10_z062.png,Non_Demented/OAS1_0371/OAS1_0371_slice_10_z062.png,Non-Demented/OAS1_0371/OAS1_0371_slice_10_z062.png,OAS1_0371,Non-Demented,0,0,Non-Demented,1,0.4626924874939045,0.3380106202533447,0.19929689225275074,0.0
OASIS_1,RandomForest,13,test,motion__mild,motion,mild,D:\OASIS_1\distortions_32\motion\mild\Non_Demented\OAS1_0371\OAS1_0371_slice_11_z065.png,Non_Demented/OAS1_0371/OAS1_0371_slice_11_z065.png,Non-Demented/OAS1_0371/OAS1_0371_slice_11_z065.png,OAS1_0371,Non-Demented,0,0,Non-Demented,1,0.42882330938396707,0.32193420960288177,0.24924248101315105,0.0
OASIS_1,RandomForest,13,test,motion__mild,motion,mild,D:\OASIS_1\distortions_32\motion\mild\Non_Demented\OAS1_0371\OAS1_0371_slice_12_z068.png,Non_Demented/OAS1_0371/OAS1_0371_slice_12_z068.png,Non-Demented/OAS1_0371/OAS1_0371_slice_12_z068.png,OAS1_0371,Non-Demented,0,0,Non-Demented,1,0.4928294955235539,0.3352757311491018,0.1718947733273442,0.0
OASIS_1,RandomForest,13,test,motion__mild,motion,mild,D:\OASIS_1\distortions_32\motion\mild\Non_Demented\OAS1_0371\OAS1_0371_slice_13_z070.png,Non_Demented/OAS1_0371/OAS1_0371_slice_13_z070.png,Non-Demented/OAS1_0371/OAS1_0371_slice_13_z070.png,OAS1_0371,Non-Demented,0,0,Non-Demented,1,0.4916787466770674,0.3261411652614478,0.18218008806148436,0.0
OASIS_1,RandomForest,13,test,motion__mild,motion,mild,D:\OASIS_1\distortions_32\motion\mild\Non_Demented\OAS1_0371\OAS1_0371_slice_14_z073.png,Non_Demented/OAS1_0371/OAS1_0371_slice_14_z073.png,Non-Demented/OAS1_0371/OAS1_0371_slice_14_z073.png,OAS1_0371,Non-Demented,0,0,Non-Demented,1,0.5089647411690014,0.3084928667935368,0.1825423920374615,0.0
OASIS_1,RandomForest,13,test,motion__mild,motion,mild,D:\OASIS_1\distortions_32\motion\mild\Non_Demented\OAS1_0371\OAS1_0371_slice_15_z076.png,Non_Demented/OAS1_0371/OAS1_0371_slice_15_z076.png,Non-Demented/OAS1_0371/OAS1_0371_slice_15_z076.png,OAS1_0371,Non-Demented,0,0,Non-Demented,1,0.5636927687027546,0.2652769781305891,0.17103025316665618,0.0
OASIS_1,RandomForest,13,test,motion__mild,motion,mild,D:\OASIS_1\distortions_32\motion\mild\Non_Demented\OAS1_0371\OAS1_0371_slice_16_z078.png,Non_Demented/OAS1_0371/OAS1_0371_slice_16_z078.png,Non-Demented/OAS1_0371/OAS1_0371_slice_16_z078.png,OAS1_0371,Non-Demented,0,0,Non-Demented,1,0.5778883649472879,0.28386671223297394,0.13824492281973821,0.0
OASIS_1,RandomForest,13,test,motion__mild,motion,mild,D:\OASIS_1\distortions_32\motion\mild\Non_Demented\OAS1_0371\OAS1_0371_slice_17_z081.png,Non_Demented/OAS1_0371/OAS1_0371_slice_17_z081.png,Non-Demented/OAS1_0371/OAS1_0371_slice_17_z081.png,OAS1_0371,Non-Demented,0,0,Non-Demented,1,0.5554621838323436,0.26356088302827485,0.1809769331393813,0.0
OASIS_1,RandomForest,13,test,motion__mild,motion,mild,D:\OASIS_1\distortions_32\motion\mild\Non_Demented\OAS1_0371\OAS1_0371_slice_18_z084.png,Non_Demented/OAS1_0371/OAS1_0371_slice_18_z084.png,Non-Demented/OAS1_0371/OAS1_0371_slice_18_z084.png,OAS1_0371,Non-Demented,0,0,Non-Demented,1,0.6012248317490978,0.22343678553936588,0.17533838271153623,0.0
OASIS_1,RandomForest,13,test,motion__mild,motion,mild,D:\OASIS_1\distortions_32\motion\mild\Non_Demented\OAS1_0371\OAS1_0371_slice_19_z086.png,Non_Demented/OAS1_0371/OAS1_0371_slice_19_z086.png,Non-Demented/OAS1_0371/OAS1_0371_slice_19_z086.png,OAS1_0371,Non-Demented,0,0,Non-Demented,1,0.6178607578502034,0.20662393769847978,0.1755153044513164,0.0
OASIS_1,RandomForest,13,test,motion__mild,motion,mild,D:\OASIS_1\distortions_32\motion\mild\Non_Demented\OAS1_0371\OAS1_0371_slice_20_z089.png,Non_Demented/OAS1_0371/OAS1_0371_slice_20_z089.png,Non-Demented/OAS1_0371/OAS1_0371_slice_20_z089.png,OAS1_0371,Non-Demented,0,0,Non-Demented,1,0.620310980607632,0.21247137957950596,0.16721763981286156,0.0
OASIS_1,RandomForest,13,test,motion__mild,motion,mild,D:\OASIS_1\distortions_32\motion\mild\Non_Demented\OAS1_0381\OAS1_0381_slice_01_z038.png,Non_Demented/OAS1_0381/OAS1_0381_slice_01_z038.png,Non-Demented/OAS1_0381/OAS1_0381_slice_01_z038.png,OAS1_0381,Non-Demented,0,0,Non-Demented,1,0.44960263060930705,0.24432358539848834,0.3027404506588714,0.0033333333333333335
OASIS_1,RandomForest,13,test,motion__mild,motion,mild,D:\OASIS_1\distortions_32\motion\mild\Non_Demented\OAS1_0381\OAS1_0381_slice_02_z041.png,Non_Demented/OAS1_0381/OAS1_0381_slice_02_z041.png,Non-Demented/OAS1_0381/OAS1_0381_slice_02_z041.png,OAS1_0381,Non-Demented,0,0,Non-Demented,1,0.46882426401039234,0.1988870852221006,0.322288650767507,0.01
OASIS_1,RandomForest,13,test,motion__mild,motion,mild,D:\OASIS_1\distortions_32\motion\mild\Non_Demented\OAS1_0381\OAS1_0381_slice_03_z043.png,Non_Demented/OAS1_0381/OAS1_0381_slice_03_z043.png,Non-Demented/OAS1_0381/OAS1_0381_slice_03_z043.png,OAS1_0381,Non-Demented,0,0,Non-Demented,1,0.4684615491775543,0.23001224671671233,0.2948595374390665,0.006666666666666667
OASIS_1,RandomForest,13,test,motion__mild,motion,mild,D:\OASIS_1\distortions_32\motion\mild\Non_Demented\OAS1_0381\OAS1_0381_slice_04_z046.png,Non_Demented/OAS1_0381/OAS1_0381_slice_04_z046.png,Non-Demented/OAS1_0381/OAS1_0381_slice_04_z046.png,OAS1_0381,Non-Demented,0,0,Non-Demented,1,0.5339518526082231,0.2359738632526972,0.22007428413907973,0.01
OASIS_1,RandomForest,13,test,motion__mild,motion,mild,D:\OASIS_1\distortions_32\motion\mild\Non_Demented\OAS1_0381\OAS1_0381_slice_05_z049.png,Non_Demented/OAS1_0381/OAS1_0381_slice_05_z049.png,Non-Demented/OAS1_0381/OAS1_0381_slice_05_z049.png,OAS1_0381,Non-Demented,0,0,Non-Demented,1,0.5643971771920885,0.22032207187208844,0.20528075093582285,0.01
OASIS_1,RandomForest,13,test,motion__mild,motion,mild,D:\OASIS_1\distortions_32\motion\mild\Non_Demented\OAS1_0381\OAS1_0381_slice_06_z051.png,Non_Demented/OAS1_0381/OAS1_0381_slice_06_z051.png,Non-Demented/OAS1_0381/OAS1_0381_slice_06_z051.png,OAS1_0381,Non-Demented,0,0,Non-Demented,1,0.6780624418813805,0.1926732741829056,0.11926428393571387,0.01
OASIS_1,RandomForest,13,test,motion__mild,motion,mild,D:\OASIS_1\distortions_32\motion\mild\Non_Demented\OAS1_0381\OAS1_0381_slice_07_z054.png,Non_Demented/OAS1_0381/OAS1_0381_slice_07_z054.png,Non-Demented/OAS1_0381/OAS1_0381_slice_07_z054.png,OAS1_0381,Non-Demented,0,0,Non-Demented,1,0.7102112674136862,0.16964367174207823,0.10681172751090207,0.013333333333333334
OASIS_1,RandomForest,13,test,motion__mild,motion,mild,D:\OASIS_1\distortions_32\motion\mild\Non_Demented\OAS1_0381\OAS1_0381_slice_08_z057.png,Non_Demented/OAS1_0381/OAS1_0381_slice_08_z057.png,Non-Demented/OAS1_0381/OAS1_0381_slice_08_z057.png,OAS1_0381,Non-Demented,0,0,Non-Demented,1,0.7153096401912736,0.16234372693844984,0.10567996620360995,0.016666666666666666
OASIS_1,RandomForest,13,test,motion__mild,motion,mild,D:\OASIS_1\distortions_32\motion\mild\Non_Demented\OAS1_0381\OAS1_0381_slice_09_z059.png,Non_Demented/OAS1_0381/OAS1_0381_slice_09_z059.png,Non-Demented/OAS1_0381/OAS1_0381_slice_09_z059.png,OAS1_0381,Non-Demented,0,0,Non-Demented,1,0.6883456875829482,0.17277954380880645,0.12220810194157875,0.016666666666666666
OASIS_1,RandomForest,13,test,motion__mild,motion,mild,D:\OASIS_1\distortions_32\motion\mild\Non_Demented\OAS1_0381\OAS1_0381_slice_10_z062.png,Non_Demented/OAS1_0381/OAS1_0381_slice_10_z062.png,Non-Demented/OAS1_0381/OAS1_0381_slice_10_z062.png,OAS1_0381,Non-Demented,0,0,Non-Demented,1,0.6802025932618206,0.1846507659868799,0.11181330741796609,0.023333333333333334
OASIS_1,RandomForest,13,test,motion__mild,motion,mild,D:\OASIS_1\distortions_32\motion\mild\Non_Demented\OAS1_0381\OAS1_0381_slice_11_z065.png,Non_Demented/OAS1_0381/OAS1_0381_slice_11_z065.png,Non-Demented/OAS1_0381/OAS1_0381_slice_11_z065.png,OAS1_0381,Non-Demented,0,0,Non-Demented,1,0.6810779395518236,0.19282065997312897,0.10610140047504754,0.02
OASIS_1,RandomForest,13,test,motion__mild,motion,mild,D:\OASIS_1\distortions_32\motion\mild\Non_Demented\OAS1_0381\OAS1_0381_slice_12_z068.png,Non_Demented/OAS1_0381/OAS1_0381_slice_12_z068.png,Non-Demented/OAS1_0381/OAS1_0381_slice_12_z068.png,OAS1_0381,Non-Demented,0,0,Non-Demented,1,0.7050792348460224,0.1683051439023268,0.10994895458498427,0.016666666666666666
OASIS_1,RandomForest,13,test,motion__mild,motion,mild,D:\OASIS_1\distortions_32\motion\mild\Non_Demented\OAS1_0381\OAS1_0381_slice_13_z070.png,Non_Demented/OAS1_0381/OAS1_0381_slice_13_z070.png,Non-Demented/OAS1_0381/OAS1_0381_slice_13_z070.png,OAS1_0381,Non-Demented,0,0,Non-Demented,1,0.6120179117412893,0.22091812564310723,0.15373062928227024,0.013333333333333334
OASIS_1,RandomForest,13,test,motion__mild,motion,mild,D:\OASIS_1\distortions_32\motion\mild\Non_Demented\OAS1_0381\OAS1_0381_slice_14_z073.png,Non_Demented/OAS1_0381/OAS1_0381_slice_14_z073.png,Non-Demented/OAS1_0381/OAS1_0381_slice_14_z073.png,OAS1_0381,Non-Demented,0,0,Non-Demented,1,0.6287481972795415,0.19378780526781517,0.16413066411931015,0.013333333333333334
OASIS_1,RandomForest,13,test,motion__mild,motion,mild,D:\OASIS_1\distortions_32\motion\mild\Non_Demented\OAS1_0381\OAS1_0381_slice_15_z076.png,Non_Demented/OAS1_0381/OAS1_0381_slice_15_z076.png,Non-Demented/OAS1_0381/OAS1_0381_slice_15_z076.png,OAS1_0381,Non-Demented,0,0,Non-Demented,1,0.5846142995258347,0.2024298900179435,0.20628914378955507,0.006666666666666667
OASIS_1,RandomForest,13,test,motion__mild,motion,mild,D:\OASIS_1\distortions_32\motion\mild\Non_Demented\OAS1_0381\OAS1_0381_slice_16_z078.png,Non_Demented/OAS1_0381/OAS1_0381_slice_16_z078.png,Non-Demented/OAS1_0381/OAS1_0381_slice_16_z078.png,OAS1_0381,Non-Demented,0,0,Non-Demented,1,0.5659209304393156,0.21614962421246717,0.20459611201488404,0.013333333333333334
OASIS_1,RandomForest,13,test,motion__mild,motion,mild,D:\OASIS_1\distortions_32\motion\mild\Non_Demented\OAS1_0381\OAS1_0381_slice_17_z081.png,Non_Demented/OAS1_0381/OAS1_0381_slice_17_z081.png,Non-Demented/OAS1_0381/OAS1_0381_slice_17_z081.png,OAS1_0381,Non-Demented,0,0,Non-Demented,1,0.4557659820559286,0.29292954006458455,0.24130447787948672,0.01
OASIS_1,RandomForest,13,test,motion__mild,motion,mild,D:\OASIS_1\distortions_32\motion\mild\Non_Demented\OAS1_0381\OAS1_0381_slice_18_z084.png,Non_Demented/OAS1_0381/OAS1_0381_slice_18_z084.png,Non-Demented/OAS1_0381/OAS1_0381_slice_18_z084.png,OAS1_0381,Non-Demented,0,0,Non-Demented,1,0.4555969845863217,0.23542965219484907,0.2989733632188288,0.01
OASIS_1,RandomForest,13,test,motion__mild,motion,mild,D:\OASIS_1\distortions_32\motion\mild\Non_Demented\OAS1_0381\OAS1_0381_slice_19_z086.png,Non_Demented/OAS1_0381/OAS1_0381_slice_19_z086.png,Non-Demented/OAS1_0381/OAS1_0381_slice_19_z086.png,OAS1_0381,Non-Demented,0,0,Non-Demented,1,0.45222720415931217,0.22359055723718702,0.3175155719368341,0.006666666666666667
OASIS_1,RandomForest,13,test,motion__mild,motion,mild,D:\OASIS_1\distortions_32\motion\mild\Non_Demented\OAS1_0381\OAS1_0381_slice_20_z089.png,Non_Demented/OAS1_0381/OAS1_0381_slice_20_z089.png,Non-Demented/OAS1_0381/OAS1_0381_slice_20_z089.png,OAS1_0381,Non-Demented,0,0,Non-Demented,1,0.4398916283973696,0.22204277930188823,0.3347322589674089,0.0033333333333333335
OASIS_1,RandomForest,13,test,motion__mild,motion,mild,D:\OASIS_1\distortions_32\motion\mild\Non_Demented\OAS1_0443\OAS1_0443_slice_01_z038.png,Non_Demented/OAS1_0443/OAS1_0443_slice_01_z038.png,Non-Demented/OAS1_0443/OAS1_0443_slice_01_z038.png,OAS1_0443,Non-Demented,0,0,Non-Demented,1,0.6225393459289166,0.23857759961196157,0.13888305445912139,0.0
OASIS_1,RandomForest,13,test,motion__mild,motion,mild,D:\OASIS_1\distortions_32\motion\mild\Non_Demented\OAS1_0443\OAS1_0443_slice_02_z041.png,Non_Demented/OAS1_0443/OAS1_0443_slice_02_z041.png,Non-Demented/OAS1_0443/OAS1_0443_slice_02_z041.png,OAS1_0443,Non-Demented,0,0,Non-Demented,1,0.6160430165735027,0.22736795794396117,0.15658902548253592,0.0
OASIS_1,RandomForest,13,test,motion__mild,motion,mild,D:\OASIS_1\distortions_32\motion\mild\Non_Demented\OAS1_0443\OAS1_0443_slice_03_z043.png,Non_Demented/OAS1_0443/OAS1_0443_slice_03_z043.png,Non-Demented/OAS1_0443/OAS1_0443_slice_03_z043.png,OAS1_0443,Non-Demented,0,0,Non-Demented,1,0.5976395020419577,0.2648580451565832,0.1375024528014593,0.0
OASIS_1,RandomForest,13,test,motion__mild,motion,mild,D:\OASIS_1\distortions_32\motion\mild\Non_Demented\OAS1_0443\OAS1_0443_slice_04_z046.png,Non_Demented/OAS1_0443/OAS1_0443_slice_04_z046.png,Non-Demented/OAS1_0443/OAS1_0443_slice_04_z046.png,OAS1_0443,Non-Demented,0,0,Non-Demented,1,0.6019198909196213,0.2621465411125374,0.13593356796784153,0.0
OASIS_1,RandomForest,13,test,motion__mild,motion,mild,D:\OASIS_1\distortions_32\motion\mild\Non_Demented\OAS1_0443\OAS1_0443_slice_05_z049.png,Non_Demented/OAS1_0443/OAS1_0443_slice_05_z049.png,Non-Demented/OAS1_0443/OAS1_0443_slice_05_z049.png,OAS1_0443,Non-Demented,0,0,Non-Demented,1,0.6572149412721116,0.23713687397607747,0.10564818475181083,0.0
OASIS_1,RandomForest,13,test,motion__mild,motion,mild,D:\OASIS_1\distortions_32\motion\mild\Non_Demented\OAS1_0443\OAS1_0443_slice_06_z051.png,Non_Demented/OAS1_0443/OAS1_0443_slice_06_z051.png,Non-Demented/OAS1_0443/OAS1_0443_slice_06_z051.png,OAS1_0443,Non-Demented,0,0,Non-Demented,1,0.6582574894612107,0.2560515986280461,0.08569091191074292,0.0
OASIS_1,RandomForest,13,test,motion__mild,motion,mild,D:\OASIS_1\distortions_32\motion\mild\Non_Demented\OAS1_0443\OAS1_0443_slice_07_z054.png,Non_Demented/OAS1_0443/OAS1_0443_slice_07_z054.png,Non-Demented/OAS1_0443/OAS1_0443_slice_07_z054.png,OAS1_0443,Non-Demented,0,0,Non-Demented,1,0.603487446315433,0.25127465303718566,0.14523790064738132,0.0
OASIS_1,RandomForest,13,test,motion__mild,motion,mild,D:\OASIS_1\distortions_32\motion\mild\Non_Demented\OAS1_0443\OAS1_0443_slice_08_z057.png,Non_Demented/OAS1_0443/OAS1_0443_slice_08_z057.png,Non-Demented/OAS1_0443/OAS1_0443_slice_08_z057.png,OAS1_0443,Non-Demented,0,0,Non-Demented,1,0.557108788760449,0.26055230980534727,0.18233890143420317,0.0
OASIS_1,RandomForest,13,test,motion__mild,motion,mild,D:\OASIS_1\distortions_32\motion\mild\Non_Demented\OAS1_0443\OAS1_0443_slice_09_z059.png,Non_Demented/OAS1_0443/OAS1_0443_slice_09_z059.png,Non-Demented/OAS1_0443/OAS1_0443_slice_09_z059.png,OAS1_0443,Non-Demented,0,0,Non-Demented,1,0.543786942052791,0.2772990204604294,0.17891403748677884,0.0
OASIS_1,RandomForest,13,test,motion__mild,motion,mild,D:\OASIS_1\distortions_32\motion\mild\Non_Demented\OAS1_0443\OAS1_0443_slice_10_z062.png,Non_Demented/OAS1_0443/OAS1_0443_slice_10_z062.png,Non-Demented/OAS1_0443/OAS1_0443_slice_10_z062.png,OAS1_0443,Non-Demented,0,0,Non-Demented,1,0.5067832781799287,0.29376925985553815,0.19944746196453303,0.0
OASIS_1,RandomForest,13,test,motion__mild,motion,mild,D:\OASIS_1\distortions_32\motion\mild\Non_Demented\OAS1_0443\OAS1_0443_slice_11_z065.png,Non_Demented/OAS1_0443/OAS1_0443_slice_11_z065.png,Non-Demented/OAS1_0443/OAS1_0443_slice_11_z065.png,OAS1_0443,Non-Demented,0,0,Non-Demented,1,0.46480908278937855,0.2837554401927829,0.2514354770178382,0.0
OASIS_1,RandomForest,13,test,motion__mild,motion,mild,D:\OASIS_1\distortions_32\motion\mild\Non_Demented\OAS1_0443\OAS1_0443_slice_12_z068.png,Non_Demented/OAS1_0443/OAS1_0443_slice_12_z068.png,Non-Demented/OAS1_0443/OAS1_0443_slice_12_z068.png,OAS1_0443,Non-Demented,0,0,Non-Demented,1,0.5145049371296508,0.2864556735226905,0.19903938934765814,0.0
OASIS_1,RandomForest,13,test,motion__mild,motion,mild,D:\OASIS_1\distortions_32\motion\mild\Non_Demented\OAS1_0443\OAS1_0443_slice_13_z070.png,Non_Demented/OAS1_0443/OAS1_0443_slice_13_z070.png,Non-Demented/OAS1_0443/OAS1_0443_slice_13_z070.png,OAS1_0443,Non-Demented,0,0,Non-Demented,1,0.5317885993465353,0.268280354933535,0.19993104571992915,0.0
OASIS_1,RandomForest,13,test,motion__mild,motion,mild,D:\OASIS_1\distortions_32\motion\mild\Non_Demented\OAS1_0443\OAS1_0443_slice_14_z073.png,Non_Demented/OAS1_0443/OAS1_0443_slice_14_z073.png,Non-Demented/OAS1_0443/OAS1_0443_slice_14_z073.png,OAS1_0443,Non-Demented,0,0,Non-Demented,1,0.4914118051439749,0.29259988899412726,0.21598830586189757,0.0
OASIS_1,RandomForest,13,test,motion__mild,motion,mild,D:\OASIS_1\distortions_32\motion\mild\Non_Demented\OAS1_0443\OAS1_0443_slice_15_z076.png,Non_Demented/OAS1_0443/OAS1_0443_slice_15_z076.png,Non-Demented/OAS1_0443/OAS1_0443_slice_15_z076.png,OAS1_0443,Non-Demented,0,0,Non-Demented,1,0.5906902631648511,0.2823943571112745,0.12691537972387462,0.0
OASIS_1,RandomForest,13,test,motion__mild,motion,mild,D:\OASIS_1\distortions_32\motion\mild\Non_Demented\OAS1_0443\OAS1_0443_slice_16_z078.png,Non_Demented/OAS1_0443/OAS1_0443_slice_16_z078.png,Non-Demented/OAS1_0443/OAS1_0443_slice_16_z078.png,OAS1_0443,Non-Demented,0,0,Non-Demented,1,0.63150067803634,0.26823829849367514,0.10026102346998465,0.0
OASIS_1,RandomForest,13,test,motion__mild,motion,mild,D:\OASIS_1\distortions_32\motion\mild\Non_Demented\OAS1_0443\OAS1_0443_slice_17_z081.png,Non_Demented/OAS1_0443/OAS1_0443_slice_17_z081.png,Non-Demented/OAS1_0443/OAS1_0443_slice_17_z081.png,OAS1_0443,Non-Demented,0,0,Non-Demented,1,0.6705286077571946,0.21557208283669388,0.11389930940611144,0.0
OASIS_1,RandomForest,13,test,motion__mild,motion,mild,D:\OASIS_1\distortions_32\motion\mild\Non_Demented\OAS1_0443\OAS1_0443_slice_18_z084.png,Non_Demented/OAS1_0443/OAS1_0443_slice_18_z084.png,Non-Demented/OAS1_0443/OAS1_0443_slice_18_z084.png,OAS1_0443,Non-Demented,0,0,Non-Demented,1,0.6205768771573984,0.23377847010784697,0.1456446527347547,0.0
OASIS_1,RandomForest,13,test,motion__mild,motion,mild,D:\OASIS_1\distortions_32\motion\mild\Non_Demented\OAS1_0443\OAS1_0443_slice_19_z086.png,Non_Demented/OAS1_0443/OAS1_0443_slice_19_z086.png,Non-Demented/OAS1_0443/OAS1_0443_slice_19_z086.png,OAS1_0443,Non-Demented,0,0,Non-Demented,1,0.6001033412325192,0.23717415519018337,0.1627225035772974,0.0
OASIS_1,RandomForest,13,test,motion__mild,motion,mild,D:\OASIS_1\distortions_32\motion\mild\Non_Demented\OAS1_0443\OAS1_0443_slice_20_z089.png,Non_Demented/OAS1_0443/OAS1_0443_slice_20_z089.png,Non-Demented/OAS1_0443/OAS1_0443_slice_20_z089.png,OAS1_0443,Non-Demented,0,0,Non-Demented,1,0.5311861371596,0.28435334380011584,0.18446051904028438,0.0
OASIS_1,RandomForest,13,test,motion__mild,motion,mild,D:\OASIS_1\distortions_32\motion\mild\Non_Demented\OAS1_0445\OAS1_0445_slice_01_z038.png,Non_Demented/OAS1_0445/OAS1_0445_slice_01_z038.png,Non-Demented/OAS1_0445/OAS1_0445_slice_01_z038.png,OAS1_0445,Non-Demented,0,0,Non-Demented,1,0.546991890338805,0.25433181422319007,0.19200962877133795,0.006666666666666667
OASIS_1,RandomForest,13,test,motion__mild,motion,mild,D:\OASIS_1\distortions_32\motion\mild\Non_Demented\OAS1_0445\OAS1_0445_slice_02_z041.png,Non_Demented/OAS1_0445/OAS1_0445_slice_02_z041.png,Non-Demented/OAS1_0445/OAS1_0445_slice_02_z041.png,OAS1_0445,Non-Demented,0,0,Non-Demented,1,0.5549618088590316,0.195307361116491,0.24973083002447719,0.0
OASIS_1,RandomForest,13,test,motion__mild,motion,mild,D:\OASIS_1\distortions_32\motion\mild\Non_Demented\OAS1_0445\OAS1_0445_slice_03_z043.png,Non_Demented/OAS1_0445/OAS1_0445_slice_03_z043.png,Non-Demented/OAS1_0445/OAS1_0445_slice_03_z043.png,OAS1_0445,Non-Demented,0,0,Non-Demented,1,0.5239597293921339,0.22649940970843147,0.2462075275661014,0.0033333333333333335
OASIS_1,RandomForest,13,test,motion__mild,motion,mild,D:\OASIS_1\distortions_32\motion\mild\Non_Demented\OAS1_0445\OAS1_0445_slice_04_z046.png,Non_Demented/OAS1_0445/OAS1_0445_slice_04_z046.png,Non-Demented/OAS1_0445/OAS1_0445_slice_04_z046.png,OAS1_0445,Non-Demented,0,0,Non-Demented,1,0.5015879438064149,0.260854465885962,0.2342242569742901,0.0033333333333333335
OASIS_1,RandomForest,13,test,motion__mild,motion,mild,D:\OASIS_1\distortions_32\motion\mild\Non_Demented\OAS1_0445\OAS1_0445_slice_05_z049.png,Non_Demented/OAS1_0445/OAS1_0445_slice_05_z049.png,Non-Demented/OAS1_0445/OAS1_0445_slice_05_z049.png,OAS1_0445,Non-Demented,0,0,Non-Demented,1,0.47986015746397487,0.26985451847266784,0.24695199073002405,0.0033333333333333335
OASIS_1,RandomForest,13,test,motion__mild,motion,mild,D:\OASIS_1\distortions_32\motion\mild\Non_Demented\OAS1_0445\OAS1_0445_slice_06_z051.png,Non_Demented/OAS1_0445/OAS1_0445_slice_06_z051.png,Non-Demented/OAS1_0445/OAS1_0445_slice_06_z051.png,OAS1_0445,Non-Demented,0,0,Non-Demented,1,0.47112688677081604,0.2656734943517493,0.2565329522107681,0.006666666666666667
OASIS_1,RandomForest,13,test,motion__mild,motion,mild,D:\OASIS_1\distortions_32\motion\mild\Non_Demented\OAS1_0445\OAS1_0445_slice_07_z054.png,Non_Demented/OAS1_0445/OAS1_0445_slice_07_z054.png,Non-Demented/OAS1_0445/OAS1_0445_slice_07_z054.png,OAS1_0445,Non-Demented,0,0,Non-Demented,1,0.4965737467661805,0.2541113148732583,0.24264827169389477,0.006666666666666667
OASIS_1,RandomForest,13,test,motion__mild,motion,mild,D:\OASIS_1\distortions_32\motion\mild\Non_Demented\OAS1_0445\OAS1_0445_slice_08_z057.png,Non_Demented/OAS1_0445/OAS1_0445_slice_08_z057.png,Non-Demented/OAS1_0445/OAS1_0445_slice_08_z057.png,OAS1_0445,Non-Demented,0,0,Non-Demented,1,0.4805144075643269,0.29011289491018016,0.21937269752549293,0.01
OASIS_1,RandomForest,13,test,motion__mild,motion,mild,D:\OASIS_1\distortions_32\motion\mild\Non_Demented\OAS1_0445\OAS1_0445_slice_09_z059.png,Non_Demented/OAS1_0445/OAS1_0445_slice_09_z059.png,Non-Demented/OAS1_0445/OAS1_0445_slice_09_z059.png,OAS1_0445,Non-Demented,0,0,Non-Demented,1,0.47468153792197154,0.26797170995866265,0.25068008545269926,0.006666666666666667
OASIS_1,RandomForest,13,test,motion__mild,motion,mild,D:\OASIS_1\distortions_32\motion\mild\Non_Demented\OAS1_0445\OAS1_0445_slice_10_z062.png,Non_Demented/OAS1_0445/OAS1_0445_slice_10_z062.png,Non-Demented/OAS1_0445/OAS1_0445_slice_10_z062.png,OAS1_0445,Non-Demented,0,0,Non-Demented,1,0.4268485325317956,0.2746600463976644,0.2918247544038734,0.006666666666666667
OASIS_1,RandomForest,13,test,motion__mild,motion,mild,D:\OASIS_1\distortions_32\motion\mild\Non_Demented\OAS1_0445\OAS1_0445_slice_11_z065.png,Non_Demented/OAS1_0445/OAS1_0445_slice_11_z065.png,Non-Demented/OAS1_0445/OAS1_0445_slice_11_z065.png,OAS1_0445,Non-Demented,0,0,Non-Demented,1,0.4098543878508796,0.27881377218741643,0.3079985066283706,0.0033333333333333335
OASIS_1,RandomForest,13,test,motion__mild,motion,mild,D:\OASIS_1\distortions_32\motion\mild\Non_Demented\OAS1_0445\OAS1_0445_slice_12_z068.png,Non_Demented/OAS1_0445/OAS1_0445_slice_12_z068.png,Non-Demented/OAS1_0445/OAS1_0445_slice_12_z068.png,OAS1_0445,Non-Demented,0,0,Non-Demented,1,0.4550226048202005,0.2828058940270856,0.2588381678193806,0.0033333333333333335
OASIS_1,RandomForest,13,test,motion__mild,motion,mild,D:\OASIS_1\distortions_32\motion\mild\Non_Demented\OAS1_0445\OAS1_0445_slice_13_z070.png,Non_Demented/OAS1_0445/OAS1_0445_slice_13_z070.png,Non-Demented/OAS1_0445/OAS1_0445_slice_13_z070.png,OAS1_0445,Non-Demented,0,0,Non-Demented,1,0.43631341960987563,0.27083385179868524,0.29285272859143935,0.0
OASIS_1,RandomForest,13,test,motion__mild,motion,mild,D:\OASIS_1\distortions_32\motion\mild\Non_Demented\OAS1_0445\OAS1_0445_slice_14_z073.png,Non_Demented/OAS1_0445/OAS1_0445_slice_14_z073.png,Non-Demented/OAS1_0445/OAS1_0445_slice_14_z073.png,OAS1_0445,Non-Demented,0,0,Non-Demented,1,0.4537855752860979,0.32028974451067305,0.2225913468698958,0.0033333333333333335
OASIS_1,RandomForest,13,test,motion__mild,motion,mild,D:\OASIS_1\distortions_32\motion\mild\Non_Demented\OAS1_0445\OAS1_0445_slice_15_z076.png,Non_Demented/OAS1_0445/OAS1_0445_slice_15_z076.png,Non-Demented/OAS1_0445/OAS1_0445_slice_15_z076.png,OAS1_0445,Non-Demented,0,0,Non-Demented,1,0.49598421548757793,0.25982516398313377,0.24085728719595528,0.0033333333333333335
OASIS_1,RandomForest,13,test,motion__mild,motion,mild,D:\OASIS_1\distortions_32\motion\mild\Non_Demented\OAS1_0445\OAS1_0445_slice_16_z078.png,Non_Demented/OAS1_0445/OAS1_0445_slice_16_z078.png,Non-Demented/OAS1_0445/OAS1_0445_slice_16_z078.png,OAS1_0445,Non-Demented,0,0,Non-Demented,1,0.5017334238186525,0.2447909098690389,0.25014233297897537,0.0033333333333333335
OASIS_1,RandomForest,13,test,motion__mild,motion,mild,D:\OASIS_1\distortions_32\motion\mild\Non_Demented\OAS1_0445\OAS1_0445_slice_17_z081.png,Non_Demented/OAS1_0445/OAS1_0445_slice_17_z081.png,Non-Demented/OAS1_0445/OAS1_0445_slice_17_z081.png,OAS1_0445,Non-Demented,0,0,Non-Demented,1,0.5489311775137034,0.23179737989502655,0.21927144259127,0.0
OASIS_1,RandomForest,13,test,motion__mild,motion,mild,D:\OASIS_1\distortions_32\motion\mild\Non_Demented\OAS1_0445\OAS1_0445_slice_18_z084.png,Non_Demented/OAS1_0445/OAS1_0445_slice_18_z084.png,Non-Demented/OAS1_0445/OAS1_0445_slice_18_z084.png,OAS1_0445,Non-Demented,0,0,Non-Demented,1,0.5271003585721418,0.1907997991685634,0.2754331755926282,0.006666666666666667
OASIS_1,RandomForest,13,test,motion__mild,motion,mild,D:\OASIS_1\distortions_32\motion\mild\Non_Demented\OAS1_0445\OAS1_0445_slice_19_z086.png,Non_Demented/OAS1_0445/OAS1_0445_slice_19_z086.png,Non-Demented/OAS1_0445/OAS1_0445_slice_19_z086.png,OAS1_0445,Non-Demented,0,0,Non-Demented,1,0.5578938251193956,0.23369789307210267,0.2050749484751684,0.0033333333333333335
OASIS_1,RandomForest,13,test,motion__mild,motion,mild,D:\OASIS_1\distortions_32\motion\mild\Non_Demented\OAS1_0445\OAS1_0445_slice_20_z089.png,Non_Demented/OAS1_0445/OAS1_0445_slice_20_z089.png,Non-Demented/OAS1_0445/OAS1_0445_slice_20_z089.png,OAS1_0445,Non-Demented,0,0,Non-Demented,1,0.5810797681351068,0.185903740290495,0.22968315824106506,0.0033333333333333335
OASIS_1,RandomForest,13,test,motion__mild,motion,mild,D:\OASIS_1\distortions_32\motion\mild\Very_Mild_Dementia\OAS1_0015\OAS1_0015_slice_01_z038.png,Very_Mild_Dementia/OAS1_0015/OAS1_0015_slice_01_z038.png,Very Mild Dementia/OAS1_0015/OAS1_0015_slice_01_z038.png,OAS1_0015,Very Mild Dementia,1,0,Non-Demented,0,0.617541310284713,0.18574136159719926,0.1767173281180877,0.02
OASIS_1,RandomForest,13,test,motion__mild,motion,mild,D:\OASIS_1\distortions_32\motion\mild\Very_Mild_Dementia\OAS1_0015\OAS1_0015_slice_02_z041.png,Very_Mild_Dementia/OAS1_0015/OAS1_0015_slice_02_z041.png,Very Mild Dementia/OAS1_0015/OAS1_0015_slice_02_z041.png,OAS1_0015,Very Mild Dementia,1,0,Non-Demented,0,0.7462068353640804,0.12408256258316541,0.1030439353860876,0.02666666666666667
OASIS_1,RandomForest,13,test,motion__mild,motion,mild,D:\OASIS_1\distortions_32\motion\mild\Very_Mild_Dementia\OAS1_0015\OAS1_0015_slice_03_z043.png,Very_Mild_Dementia/OAS1_0015/OAS1_0015_slice_03_z043.png,Very Mild Dementia/OAS1_0015/OAS1_0015_slice_03_z043.png,OAS1_0015,Very Mild Dementia,1,0,Non-Demented,0,0.7688125165089399,0.14179047085841046,0.06273034596598306,0.02666666666666667
OASIS_1,RandomForest,13,test,motion__mild,motion,mild,D:\OASIS_1\distortions_32\motion\mild\Very_Mild_Dementia\OAS1_0015\OAS1_0015_slice_04_z046.png,Very_Mild_Dementia/OAS1_0015/OAS1_0015_slice_04_z046.png,Very Mild Dementia/OAS1_0015/OAS1_0015_slice_04_z046.png,OAS1_0015,Very Mild Dementia,1,0,Non-Demented,0,0.7789777771777562,0.14146655824956894,0.056222331239341714,0.023333333333333334
OASIS_1,RandomForest,13,test,motion__mild,motion,mild,D:\OASIS_1\distortions_32\motion\mild\Very_Mild_Dementia\OAS1_0015\OAS1_0015_slice_05_z049.png,Very_Mild_Dementia/OAS1_0015/OAS1_0015_slice_05_z049.png,Very Mild Dementia/OAS1_0015/OAS1_0015_slice_05_z049.png,OAS1_0015,Very Mild Dementia,1,0,Non-Demented,0,0.8120286570424267,0.1306533229993672,0.04065135329153944,0.016666666666666666
OASIS_1,RandomForest,13,test,motion__mild,motion,mild,D:\OASIS_1\distortions_32\motion\mild\Very_Mild_Dementia\OAS1_0015\OAS1_0015_slice_06_z051.png,Very_Mild_Dementia/OAS1_0015/OAS1_0015_slice_06_z051.png,Very Mild Dementia/OAS1_0015/OAS1_0015_slice_06_z051.png,OAS1_0015,Very Mild Dementia,1,0,Non-Demented,0,0.7861449873695251,0.1491630642278712,0.04802528173593701,0.016666666666666666
OASIS_1,RandomForest,13,test,motion__mild,motion,mild,D:\OASIS_1\distortions_32\motion\mild\Very_Mild_Dementia\OAS1_0015\OAS1_0015_slice_07_z054.png,Very_Mild_Dementia/OAS1_0015/OAS1_0015_slice_07_z054.png,Very Mild Dementia/OAS1_0015/OAS1_0015_slice_07_z054.png,OAS1_0015,Very Mild Dementia,1,0,Non-Demented,0,0.8191916684870248,0.12798461802617792,0.032823713486797225,0.02
OASIS_1,RandomForest,13,test,motion__mild,motion,mild,D:\OASIS_1\distortions_32\motion\mild\Very_Mild_Dementia\OAS1_0015\OAS1_0015_slice_08_z057.png,Very_Mild_Dementia/OAS1_0015/OAS1_0015_slice_08_z057.png,Very Mild Dementia/OAS1_0015/OAS1_0015_slice_08_z057.png,OAS1_0015,Very Mild Dementia,1,0,Non-Demented,0,0.7855828636722171,0.1454672355309492,0.04894990079683358,0.02
OASIS_1,RandomForest,13,test,motion__mild,motion,mild,D:\OASIS_1\distortions_32\motion\mild\Very_Mild_Dementia\OAS1_0015\OAS1_0015_slice_09_z059.png,Very_Mild_Dementia/OAS1_0015/OAS1_0015_slice_09_z059.png,Very Mild Dementia/OAS1_0015/OAS1_0015_slice_09_z059.png,OAS1_0015,Very Mild Dementia,1,0,Non-Demented,0,0.7969042390082567,0.15153102527286222,0.03489806905221443,0.016666666666666666
OASIS_1,RandomForest,13,test,motion__mild,motion,mild,D:\OASIS_1\distortions_32\motion\mild\Very_Mild_Dementia\OAS1_0015\OAS1_0015_slice_10_z062.png,Very_Mild_Dementia/OAS1_0015/OAS1_0015_slice_10_z062.png,Very Mild Dementia/OAS1_0015/OAS1_0015_slice_10_z062.png,OAS1_0015,Very Mild Dementia,1,0,Non-Demented,0,0.8074992146489551,0.13168986116675285,0.040810924184292136,0.02
OASIS_1,RandomForest,13,test,motion__mild,motion,mild,D:\OASIS_1\distortions_32\motion\mild\Very_Mild_Dementia\OAS1_0015\OAS1_0015_slice_11_z065.png,Very_Mild_Dementia/OAS1_0015/OAS1_0015_slice_11_z065.png,Very Mild Dementia/OAS1_0015/OAS1_0015_slice_11_z065.png,OAS1_0015,Very Mild Dementia,1,0,Non-Demented,0,0.8243049008746146,0.11958045169232756,0.03611464743305775,0.02
OASIS_1,RandomForest,13,test,motion__mild,motion,mild,D:\OASIS_1\distortions_32\motion\mild\Very_Mild_Dementia\OAS1_0015\OAS1_0015_slice_12_z068.png,Very_Mild_Dementia/OAS1_0015/OAS1_0015_slice_12_z068.png,Very Mild Dementia/OAS1_0015/OAS1_0015_slice_12_z068.png,OAS1_0015,Very Mild Dementia,1,0,Non-Demented,0,0.8632232567541571,0.09144609397139998,0.025330649274442816,0.02
OASIS_1,RandomForest,13,test,motion__mild,motion,mild,D:\OASIS_1\distortions_32\motion\mild\Very_Mild_Dementia\OAS1_0015\OAS1_0015_slice_13_z070.png,Very_Mild_Dementia/OAS1_0015/OAS1_0015_slice_13_z070.png,Very Mild Dementia/OAS1_0015/OAS1_0015_slice_13_z070.png,OAS1_0015,Very Mild Dementia,1,0,Non-Demented,0,0.8179606852123862,0.12339945226643136,0.03863986252118241,0.02
OASIS_1,RandomForest,13,test,motion__mild,motion,mild,D:\OASIS_1\distortions_32\motion\mild\Very_Mild_Dementia\OAS1_0015\OAS1_0015_slice_14_z073.png,Very_Mild_Dementia/OAS1_0015/OAS1_0015_slice_14_z073.png,Very Mild Dementia/OAS1_0015/OAS1_0015_slice_14_z073.png,OAS1_0015,Very Mild Dementia,1,0,Non-Demented,0,0.8107785605019819,0.13329977686189598,0.03592166263612208,0.02
OASIS_1,RandomForest,13,test,motion__mild,motion,mild,D:\OASIS_1\distortions_32\motion\mild\Very_Mild_Dementia\OAS1_0015\OAS1_0015_slice_15_z076.png,Very_Mild_Dementia/OAS1_0015/OAS1_0015_slice_15_z076.png,Very Mild Dementia/OAS1_0015/OAS1_0015_slice_15_z076.png,OAS1_0015,Very Mild Dementia,1,0,Non-Demented,0,0.7950439237818204,0.14233511998311385,0.04262095623506575,0.02
OASIS_1,RandomForest,13,test,motion__mild,motion,mild,D:\OASIS_1\distortions_32\motion\mild\Very_Mild_Dementia\OAS1_0015\OAS1_0015_slice_16_z078.png,Very_Mild_Dementia/OAS1_0015/OAS1_0015_slice_16_z078.png,Very Mild Dementia/OAS1_0015/OAS1_0015_slice_16_z078.png,OAS1_0015,Very Mild Dementia,1,0,Non-Demented,0,0.7976939955406753,0.14314457099349348,0.03916143346583108,0.02
OASIS_1,RandomForest,13,test,motion__mild,motion,mild,D:\OASIS_1\distortions_32\motion\mild\Very_Mild_Dementia\OAS1_0015\OAS1_0015_slice_17_z081.png,Very_Mild_Dementia/OAS1_0015/OAS1_0015_slice_17_z081.png,Very Mild Dementia/OAS1_0015/OAS1_0015_slice_17_z081.png,OAS1_0015,Very Mild Dementia,1,0,Non-Demented,0,0.8141471334839651,0.1280167775579051,0.03783608895812977,0.02
OASIS_1,RandomForest,13,test,motion__mild,motion,mild,D:\OASIS_1\distortions_32\motion\mild\Very_Mild_Dementia\OAS1_0015\OAS1_0015_slice_18_z084.png,Very_Mild_Dementia/OAS1_0015/OAS1_0015_slice_18_z084.png,Very Mild Dementia/OAS1_0015/OAS1_0015_slice_18_z084.png,OAS1_0015,Very Mild Dementia,1,0,Non-Demented,0,0.7881282737967599,0.15747540252760558,0.04772965700896781,0.006666666666666667
OASIS_1,RandomForest,13,test,motion__mild,motion,mild,D:\OASIS_1\distortions_32\motion\mild\Very_Mild_Dementia\OAS1_0015\OAS1_0015_slice_19_z086.png,Very_Mild_Dementia/OAS1_0015/OAS1_0015_slice_19_z086.png,Very Mild Dementia/OAS1_0015/OAS1_0015_slice_19_z086.png,OAS1_0015,Very Mild Dementia,1,0,Non-Demented,0,0.7542676569536227,0.16910768033386084,0.059957996045849594,0.016666666666666666
OASIS_1,RandomForest,13,test,motion__mild,motion,mild,D:\OASIS_1\distortions_32\motion\mild\Very_Mild_Dementia\OAS1_0015\OAS1_0015_slice_20_z089.png,Very_Mild_Dementia/OAS1_0015/OAS1_0015_slice_20_z089.png,Very Mild Dementia/OAS1_0015/OAS1_0015_slice_20_z089.png,OAS1_0015,Very Mild Dementia,1,0,Non-Demented,0,0.7098778049585509,0.19150382187686568,0.07528503983125007,0.023333333333333334
OASIS_1,RandomForest,13,test,motion__mild,motion,mild,D:\OASIS_1\distortions_32\motion\mild\Very_Mild_Dementia\OAS1_0022\OAS1_0022_slice_01_z038.png,Very_Mild_Dementia/OAS1_0022/OAS1_0022_slice_01_z038.png,Very Mild Dementia/OAS1_0022/OAS1_0022_slice_01_z038.png,OAS1_0022,Very Mild Dementia,1,0,Non-Demented,0,0.6207577908768959,0.22507856525415462,0.15416364386894946,0.0
OASIS_1,RandomForest,13,test,motion__mild,motion,mild,D:\OASIS_1\distortions_32\motion\mild\Very_Mild_Dementia\OAS1_0022\OAS1_0022_slice_02_z041.png,Very_Mild_Dementia/OAS1_0022/OAS1_0022_slice_02_z041.png,Very Mild Dementia/OAS1_0022/OAS1_0022_slice_02_z041.png,OAS1_0022,Very Mild Dementia,1,0,Non-Demented,0,0.6828351437641582,0.2062943882108356,0.11087046802500623,0.0
OASIS_1,RandomForest,13,test,motion__mild,motion,mild,D:\OASIS_1\distortions_32\motion\mild\Very_Mild_Dementia\OAS1_0022\OAS1_0022_slice_03_z043.png,Very_Mild_Dementia/OAS1_0022/OAS1_0022_slice_03_z043.png,Very Mild Dementia/OAS1_0022/OAS1_0022_slice_03_z043.png,OAS1_0022,Very Mild Dementia,1,0,Non-Demented,0,0.657350487002979,0.20689415383304516,0.135755359163976,0.0
OASIS_1,RandomForest,13,test,motion__mild,motion,mild,D:\OASIS_1\distortions_32\motion\mild\Very_Mild_Dementia\OAS1_0022\OAS1_0022_slice_04_z046.png,Very_Mild_Dementia/OAS1_0022/OAS1_0022_slice_04_z046.png,Very Mild Dementia/OAS1_0022/OAS1_0022_slice_04_z046.png,OAS1_0022,Very Mild Dementia,1,0,Non-Demented,0,0.6547913063510661,0.18790489821842715,0.15730379543050677,0.0
OASIS_1,RandomForest,13,test,motion__mild,motion,mild,D:\OASIS_1\distortions_32\motion\mild\Very_Mild_Dementia\OAS1_0022\OAS1_0022_slice_05_z049.png,Very_Mild_Dementia/OAS1_0022/OAS1_0022_slice_05_z049.png,Very Mild Dementia/OAS1_0022/OAS1_0022_slice_05_z049.png,OAS1_0022,Very Mild Dementia,1,0,Non-Demented,0,0.59353214347872,0.23669547205487967,0.16977238446640028,0.0
OASIS_1,RandomForest,13,test,motion__mild,motion,mild,D:\OASIS_1\distortions_32\motion\mild\Very_Mild_Dementia\OAS1_0022\OAS1_0022_slice_06_z051.png,Very_Mild_Dementia/OAS1_0022/OAS1_0022_slice_06_z051.png,Very Mild Dementia/OAS1_0022/OAS1_0022_slice_06_z051.png,OAS1_0022,Very Mild Dementia,1,0,Non-Demented,0,0.6057755297113036,0.23416849660548156,0.16005597368321506,0.0
OASIS_1,RandomForest,13,test,motion__mild,motion,mild,D:\OASIS_1\distortions_32\motion\mild\Very_Mild_Dementia\OAS1_0022\OAS1_0022_slice_07_z054.png,Very_Mild_Dementia/OAS1_0022/OAS1_0022_slice_07_z054.png,Very Mild Dementia/OAS1_0022/OAS1_0022_slice_07_z054.png,OAS1_0022,Very Mild Dementia,1,0,Non-Demented,0,0.622954080365563,0.24416723789512262,0.1328786817393142,0.0
OASIS_1,RandomForest,13,test,motion__mild,motion,mild,D:\OASIS_1\distortions_32\motion\mild\Very_Mild_Dementia\OAS1_0022\OAS1_0022_slice_08_z057.png,Very_Mild_Dementia/OAS1_0022/OAS1_0022_slice_08_z057.png,Very Mild Dementia/OAS1_0022/OAS1_0022_slice_08_z057.png,OAS1_0022,Very Mild Dementia,1,0,Non-Demented,0,0.5835097098784493,0.2620231873039205,0.15446710281763007,0.0
OASIS_1,RandomForest,13,test,motion__mild,motion,mild,D:\OASIS_1\distortions_32\motion\mild\Very_Mild_Dementia\OAS1_0022\OAS1_0022_slice_09_z059.png,Very_Mild_Dementia/OAS1_0022/OAS1_0022_slice_09_z059.png,Very Mild Dementia/OAS1_0022/OAS1_0022_slice_09_z059.png,OAS1_0022,Very Mild Dementia,1,0,Non-Demented,0,0.5414047451726899,0.27554410471782004,0.18305115010949002,0.0
OASIS_1,RandomForest,13,test,motion__mild,motion,mild,D:\OASIS_1\distortions_32\motion\mild\Very_Mild_Dementia\OAS1_0022\OAS1_0022_slice_10_z062.png,Very_Mild_Dementia/OAS1_0022/OAS1_0022_slice_10_z062.png,Very Mild Dementia/OAS1_0022/OAS1_0022_slice_10_z062.png,OAS1_0022,Very Mild Dementia,1,0,Non-Demented,0,0.5013690812927023,0.2704859982111502,0.22814492049614699,0.0
OASIS_1,RandomForest,13,test,motion__mild,motion,mild,D:\OASIS_1\distortions_32\motion\mild\Very_Mild_Dementia\OAS1_0022\OAS1_0022_slice_11_z065.png,Very_Mild_Dementia/OAS1_0022/OAS1_0022_slice_11_z065.png,Very Mild Dementia/OAS1_0022/OAS1_0022_slice_11_z065.png,OAS1_0022,Very Mild Dementia,1,0,Non-Demented,0,0.4441950827670137,0.25743438892541454,0.2983705283075718,0.0
OASIS_1,RandomForest,13,test,motion__mild,motion,mild,D:\OASIS_1\distortions_32\motion\mild\Very_Mild_Dementia\OAS1_0022\OAS1_0022_slice_12_z068.png,Very_Mild_Dementia/OAS1_0022/OAS1_0022_slice_12_z068.png,Very Mild Dementia/OAS1_0022/OAS1_0022_slice_12_z068.png,OAS1_0022,Very Mild Dementia,1,0,Non-Demented,0,0.5559771865998181,0.27927391504894,0.1647488983512415,0.0
OASIS_1,RandomForest,13,test,motion__mild,motion,mild,D:\OASIS_1\distortions_32\motion\mild\Very_Mild_Dementia\OAS1_0022\OAS1_0022_slice_13_z070.png,Very_Mild_Dementia/OAS1_0022/OAS1_0022_slice_13_z070.png,Very Mild Dementia/OAS1_0022/OAS1_0022_slice_13_z070.png,OAS1_0022,Very Mild Dementia,1,0,Non-Demented,0,0.5244579657030831,0.2727650913876388,0.20277694290927784,0.0
OASIS_1,RandomForest,13,test,motion__mild,motion,mild,D:\OASIS_1\distortions_32\motion\mild\Very_Mild_Dementia\OAS1_0022\OAS1_0022_slice_14_z073.png,Very_Mild_Dementia/OAS1_0022/OAS1_0022_slice_14_z073.png,Very Mild Dementia/OAS1_0022/OAS1_0022_slice_14_z073.png,OAS1_0022,Very Mild Dementia,1,0,Non-Demented,0,0.5701182896070187,0.26906586985349423,0.1608158405394869,0.0
OASIS_1,RandomForest,13,test,motion__mild,motion,mild,D:\OASIS_1\distortions_32\motion\mild\Very_Mild_Dementia\OAS1_0022\OAS1_0022_slice_15_z076.png,Very_Mild_Dementia/OAS1_0022/OAS1_0022_slice_15_z076.png,Very Mild Dementia/OAS1_0022/OAS1_0022_slice_15_z076.png,OAS1_0022,Very Mild Dementia,1,0,Non-Demented,0,0.5869909123501329,0.28311460369706576,0.12989448395280118,0.0
OASIS_1,RandomForest,13,test,motion__mild,motion,mild,D:\OASIS_1\distortions_32\motion\mild\Very_Mild_Dementia\OAS1_0022\OAS1_0022_slice_16_z078.png,Very_Mild_Dementia/OAS1_0022/OAS1_0022_slice_16_z078.png,Very Mild Dementia/OAS1_0022/OAS1_0022_slice_16_z078.png,OAS1_0022,Very Mild Dementia,1,0,Non-Demented,0,0.5822902562898694,0.2986076847438346,0.11910205896629582,0.0
OASIS_1,RandomForest,13,test,motion__mild,motion,mild,D:\OASIS_1\distortions_32\motion\mild\Very_Mild_Dementia\OAS1_0022\OAS1_0022_slice_17_z081.png,Very_Mild_Dementia/OAS1_0022/OAS1_0022_slice_17_z081.png,Very Mild Dementia/OAS1_0022/OAS1_0022_slice_17_z081.png,OAS1_0022,Very Mild Dementia,1,0,Non-Demented,0,0.6150584202459027,0.26876704416508657,0.11617453558901045,0.0
OASIS_1,RandomForest,13,test,motion__mild,motion,mild,D:\OASIS_1\distortions_32\motion\mild\Very_Mild_Dementia\OAS1_0022\OAS1_0022_slice_18_z084.png,Very_Mild_Dementia/OAS1_0022/OAS1_0022_slice_18_z084.png,Very Mild Dementia/OAS1_0022/OAS1_0022_slice_18_z084.png,OAS1_0022,Very Mild Dementia,1,0,Non-Demented,0,0.6527031199296861,0.23720805877914586,0.1100888212911682,0.0
OASIS_1,RandomForest,13,test,motion__mild,motion,mild,D:\OASIS_1\distortions_32\motion\mild\Very_Mild_Dementia\OAS1_0022\OAS1_0022_slice_19_z086.png,Very_Mild_Dementia/OAS1_0022/OAS1_0022_slice_19_z086.png,Very Mild Dementia/OAS1_0022/OAS1_0022_slice_19_z086.png,OAS1_0022,Very Mild Dementia,1,0,Non-Demented,0,0.6613902205320901,0.21324684903101396,0.12536293043689614,0.0
OASIS_1,RandomForest,13,test,motion__mild,motion,mild,D:\OASIS_1\distortions_32\motion\mild\Very_Mild_Dementia\OAS1_0022\OAS1_0022_slice_20_z089.png,Very_Mild_Dementia/OAS1_0022/OAS1_0022_slice_20_z089.png,Very Mild Dementia/OAS1_0022/OAS1_0022_slice_20_z089.png,OAS1_0022,Very Mild Dementia,1,0,Non-Demented,0,0.6325904271333493,0.25313935998720866,0.11427021287944197,0.0
OASIS_1,RandomForest,13,test,motion__mild,motion,mild,D:\OASIS_1\distortions_32\motion\mild\Very_Mild_Dementia\OAS1_0120\OAS1_0120_slice_01_z038.png,Very_Mild_Dementia/OAS1_0120/OAS1_0120_slice_01_z038.png,Very Mild Dementia/OAS1_0120/OAS1_0120_slice_01_z038.png,OAS1_0120,Very Mild Dementia,1,0,Non-Demented,0,0.47598361770229614,0.34606576561570135,0.15461728334866906,0.023333333333333334
OASIS_1,RandomForest,13,test,motion__mild,motion,mild,D:\OASIS_1\distortions_32\motion\mild\Very_Mild_Dementia\OAS1_0120\OAS1_0120_slice_02_z041.png,Very_Mild_Dementia/OAS1_0120/OAS1_0120_slice_02_z041.png,Very Mild Dementia/OAS1_0120/OAS1_0120_slice_02_z041.png,OAS1_0120,Very Mild Dementia,1,0,Non-Demented,0,0.48336825908181824,0.36288526258422765,0.13707981166728767,0.016666666666666666
OASIS_1,RandomForest,13,test,motion__mild,motion,mild,D:\OASIS_1\distortions_32\motion\mild\Very_Mild_Dementia\OAS1_0120\OAS1_0120_slice_03_z043.png,Very_Mild_Dementia/OAS1_0120/OAS1_0120_slice_03_z043.png,Very Mild Dementia/OAS1_0120/OAS1_0120_slice_03_z043.png,OAS1_0120,Very Mild Dementia,1,0,Non-Demented,0,0.49850013396314147,0.3376758672803499,0.15049066542317546,0.013333333333333334
OASIS_1,RandomForest,13,test,motion__mild,motion,mild,D:\OASIS_1\distortions_32\motion\mild\Very_Mild_Dementia\OAS1_0120\OAS1_0120_slice_04_z046.png,Very_Mild_Dementia/OAS1_0120/OAS1_0120_slice_04_z046.png,Very Mild Dementia/OAS1_0120/OAS1_0120_slice_04_z046.png,OAS1_0120,Very Mild Dementia,1,0,Non-Demented,0,0.5485061332055132,0.24826144432731595,0.1432324224671708,0.06
OASIS_1,RandomForest,13,test,motion__mild,motion,mild,D:\OASIS_1\distortions_32\motion\mild\Very_Mild_Dementia\OAS1_0120\OAS1_0120_slice_05_z049.png,Very_Mild_Dementia/OAS1_0120/OAS1_0120_slice_05_z049.png,Very Mild Dementia/OAS1_0120/OAS1_0120_slice_05_z049.png,OAS1_0120,Very Mild Dementia,1,0,Non-Demented,0,0.5688014023127721,0.18896859905776905,0.122229998629459,0.12
OASIS_1,RandomForest,13,test,motion__mild,motion,mild,D:\OASIS_1\distortions_32\motion\mild\Very_Mild_Dementia\OAS1_0120\OAS1_0120_slice_06_z051.png,Very_Mild_Dementia/OAS1_0120/OAS1_0120_slice_06_z051.png,Very Mild Dementia/OAS1_0120/OAS1_0120_slice_06_z051.png,OAS1_0120,Very Mild Dementia,1,0,Non-Demented,0,0.5952751728475763,0.1743928969897659,0.11699859682932451,0.11333333333333333
OASIS_1,RandomForest,13,test,motion__mild,motion,mild,D:\OASIS_1\distortions_32\motion\mild\Very_Mild_Dementia\OAS1_0120\OAS1_0120_slice_07_z054.png,Very_Mild_Dementia/OAS1_0120/OAS1_0120_slice_07_z054.png,Very Mild Dementia/OAS1_0120/OAS1_0120_slice_07_z054.png,OAS1_0120,Very Mild Dementia,1,0,Non-Demented,0,0.6752300521329547,0.17440618362529947,0.10703043090841258,0.043333333333333335
OASIS_1,RandomForest,13,test,motion__mild,motion,mild,D:\OASIS_1\distortions_32\motion\mild\Very_Mild_Dementia\OAS1_0120\OAS1_0120_slice_08_z057.png,Very_Mild_Dementia/OAS1_0120/OAS1_0120_slice_08_z057.png,Very Mild Dementia/OAS1_0120/OAS1_0120_slice_08_z057.png,OAS1_0120,Very Mild Dementia,1,0,Non-Demented,0,0.6551362969975785,0.1700114247177818,0.13151894495130645,0.043333333333333335
OASIS_1,RandomForest,13,test,motion__mild,motion,mild,D:\OASIS_1\distortions_32\motion\mild\Very_Mild_Dementia\OAS1_0120\OAS1_0120_slice_09_z059.png,Very_Mild_Dementia/OAS1_0120/OAS1_0120_slice_09_z059.png,Very Mild Dementia/OAS1_0120/OAS1_0120_slice_09_z059.png,OAS1_0120,Very Mild Dementia,1,0,Non-Demented,0,0.6144868417265164,0.19225080861273744,0.13326234966074638,0.06
OASIS_1,RandomForest,13,test,motion__mild,motion,mild,D:\OASIS_1\distortions_32\motion\mild\Very_Mild_Dementia\OAS1_0120\OAS1_0120_slice_10_z062.png,Very_Mild_Dementia/OAS1_0120/OAS1_0120_slice_10_z062.png,Very Mild Dementia/OAS1_0120/OAS1_0120_slice_10_z062.png,OAS1_0120,Very Mild Dementia,1,0,Non-Demented,0,0.6278683494711138,0.1992641790805135,0.12286747144837279,0.05
OASIS_1,RandomForest,13,test,motion__mild,motion,mild,D:\OASIS_1\distortions_32\motion\mild\Very_Mild_Dementia\OAS1_0120\OAS1_0120_slice_11_z065.png,Very_Mild_Dementia/OAS1_0120/OAS1_0120_slice_11_z065.png,Very Mild Dementia/OAS1_0120/OAS1_0120_slice_11_z065.png,OAS1_0120,Very Mild Dementia,1,0,Non-Demented,0,0.6194106419799071,0.18304883010684023,0.1408738612465863,0.056666666666666664
OASIS_1,RandomForest,13,test,motion__mild,motion,mild,D:\OASIS_1\distortions_32\motion\mild\Very_Mild_Dementia\OAS1_0120\OAS1_0120_slice_12_z068.png,Very_Mild_Dementia/OAS1_0120/OAS1_0120_slice_12_z068.png,Very Mild Dementia/OAS1_0120/OAS1_0120_slice_12_z068.png,OAS1_0120,Very Mild Dementia,1,0,Non-Demented,0,0.6871461746808538,0.17801469203546194,0.11817246661701769,0.016666666666666666
OASIS_1,RandomForest,13,test,motion__mild,motion,mild,D:\OASIS_1\distortions_32\motion\mild\Very_Mild_Dementia\OAS1_0120\OAS1_0120_slice_13_z070.png,Very_Mild_Dementia/OAS1_0120/OAS1_0120_slice_13_z070.png,Very Mild Dementia/OAS1_0120/OAS1_0120_slice_13_z070.png,OAS1_0120,Very Mild Dementia,1,0,Non-Demented,0,0.6667092813941776,0.19635596965848884,0.11693474894733363,0.02
OASIS_1,RandomForest,13,test,motion__mild,motion,mild,D:\OASIS_1\distortions_32\motion\mild\Very_Mild_Dementia\OAS1_0120\OAS1_0120_slice_14_z073.png,Very_Mild_Dementia/OAS1_0120/OAS1_0120_slice_14_z073.png,Very Mild Dementia/OAS1_0120/OAS1_0120_slice_14_z073.png,OAS1_0120,Very Mild Dementia,1,0,Non-Demented,0,0.6504461256025139,0.18094263946001626,0.11861123493746985,0.05
OASIS_1,RandomForest,13,test,motion__mild,motion,mild,D:\OASIS_1\distortions_32\motion\mild\Very_Mild_Dementia\OAS1_0120\OAS1_0120_slice_15_z076.png,Very_Mild_Dementia/OAS1_0120/OAS1_0120_slice_15_z076.png,Very Mild Dementia/OAS1_0120/OAS1_0120_slice_15_z076.png,OAS1_0120,Very Mild Dementia,1,0,Non-Demented,0,0.6261217169025235,0.243909667624945,0.1133019488058645,0.016666666666666666
OASIS_1,RandomForest,13,test,motion__mild,motion,mild,D:\OASIS_1\distortions_32\motion\mild\Very_Mild_Dementia\OAS1_0120\OAS1_0120_slice_16_z078.png,Very_Mild_Dementia/OAS1_0120/OAS1_0120_slice_16_z078.png,Very Mild Dementia/OAS1_0120/OAS1_0120_slice_16_z078.png,OAS1_0120,Very Mild Dementia,1,0,Non-Demented,0,0.5623142597835517,0.2864818025424629,0.12120393767398528,0.03
OASIS_1,RandomForest,13,test,motion__mild,motion,mild,D:\OASIS_1\distortions_32\motion\mild\Very_Mild_Dementia\OAS1_0120\OAS1_0120_slice_17_z081.png,Very_Mild_Dementia/OAS1_0120/OAS1_0120_slice_17_z081.png,Very Mild Dementia/OAS1_0120/OAS1_0120_slice_17_z081.png,OAS1_0120,Very Mild Dementia,1,0,Non-Demented,0,0.5537221547461982,0.3178808654711416,0.11506364644932682,0.013333333333333334
OASIS_1,RandomForest,13,test,motion__mild,motion,mild,D:\OASIS_1\distortions_32\motion\mild\Very_Mild_Dementia\OAS1_0120\OAS1_0120_slice_18_z084.png,Very_Mild_Dementia/OAS1_0120/OAS1_0120_slice_18_z084.png,Very Mild Dementia/OAS1_0120/OAS1_0120_slice_18_z084.png,OAS1_0120,Very Mild Dementia,1,0,Non-Demented,0,0.5042814792737447,0.3546742601103818,0.14104426061587375,0.0
OASIS_1,RandomForest,13,test,motion__mild,motion,mild,D:\OASIS_1\distortions_32\motion\mild\Very_Mild_Dementia\OAS1_0120\OAS1_0120_slice_19_z086.png,Very_Mild_Dementia/OAS1_0120/OAS1_0120_slice_19_z086.png,Very Mild Dementia/OAS1_0120/OAS1_0120_slice_19_z086.png,OAS1_0120,Very Mild Dementia,1,0,Non-Demented,0,0.46190355837584607,0.3746645106965785,0.16009859759424208,0.0033333333333333335
OASIS_1,RandomForest,13,test,motion__mild,motion,mild,D:\OASIS_1\distortions_32\motion\mild\Very_Mild_Dementia\OAS1_0120\OAS1_0120_slice_20_z089.png,Very_Mild_Dementia/OAS1_0120/OAS1_0120_slice_20_z089.png,Very Mild Dementia/OAS1_0120/OAS1_0120_slice_20_z089.png,OAS1_0120,Very Mild Dementia,1,1,Very Mild Dementia,1,0.40692396754921006,0.41020899974513,0.18286703270565982,0.0
OASIS_1,RandomForest,13,test,motion__mild,motion,mild,D:\OASIS_1\distortions_32\motion\mild\Very_Mild_Dementia\OAS1_0166\OAS1_0166_slice_01_z038.png,Very_Mild_Dementia/OAS1_0166/OAS1_0166_slice_01_z038.png,Very Mild Dementia/OAS1_0166/OAS1_0166_slice_01_z038.png,OAS1_0166,Very Mild Dementia,1,0,Non-Demented,0,0.7039426669772989,0.21820372707921099,0.07785360594349029,0.0
OASIS_1,RandomForest,13,test,motion__mild,motion,mild,D:\OASIS_1\distortions_32\motion\mild\Very_Mild_Dementia\OAS1_0166\OAS1_0166_slice_02_z041.png,Very_Mild_Dementia/OAS1_0166/OAS1_0166_slice_02_z041.png,Very Mild Dementia/OAS1_0166/OAS1_0166_slice_02_z041.png,OAS1_0166,Very Mild Dementia,1,0,Non-Demented,0,0.7205761388852646,0.19803009141523925,0.07806043636616294,0.0033333333333333335
OASIS_1,RandomForest,13,test,motion__mild,motion,mild,D:\OASIS_1\distortions_32\motion\mild\Very_Mild_Dementia\OAS1_0166\OAS1_0166_slice_03_z043.png,Very_Mild_Dementia/OAS1_0166/OAS1_0166_slice_03_z043.png,Very Mild Dementia/OAS1_0166/OAS1_0166_slice_03_z043.png,OAS1_0166,Very Mild Dementia,1,0,Non-Demented,0,0.7437091099179483,0.17765622542471549,0.07530133132400298,0.0033333333333333335
OASIS_1,RandomForest,13,test,motion__mild,motion,mild,D:\OASIS_1\distortions_32\motion\mild\Very_Mild_Dementia\OAS1_0166\OAS1_0166_slice_04_z046.png,Very_Mild_Dementia/OAS1_0166/OAS1_0166_slice_04_z046.png,Very Mild Dementia/OAS1_0166/OAS1_0166_slice_04_z046.png,OAS1_0166,Very Mild Dementia,1,0,Non-Demented,0,0.7595903015436902,0.19291491611119005,0.04749478234511986,0.0
OASIS_1,RandomForest,13,test,motion__mild,motion,mild,D:\OASIS_1\distortions_32\motion\mild\Very_Mild_Dementia\OAS1_0166\OAS1_0166_slice_05_z049.png,Very_Mild_Dementia/OAS1_0166/OAS1_0166_slice_05_z049.png,Very Mild Dementia/OAS1_0166/OAS1_0166_slice_05_z049.png,OAS1_0166,Very Mild Dementia,1,0,Non-Demented,0,0.783965601601296,0.16748499590992796,0.04854940248877602,0.0
OASIS_1,RandomForest,13,test,motion__mild,motion,mild,D:\OASIS_1\distortions_32\motion\mild\Very_Mild_Dementia\OAS1_0166\OAS1_0166_slice_06_z051.png,Very_Mild_Dementia/OAS1_0166/OAS1_0166_slice_06_z051.png,Very Mild Dementia/OAS1_0166/OAS1_0166_slice_06_z051.png,OAS1_0166,Very Mild Dementia,1,0,Non-Demented,0,0.7857726976053515,0.16361043429513514,0.050616868099513275,0.0
OASIS_1,RandomForest,13,test,motion__mild,motion,mild,D:\OASIS_1\distortions_32\motion\mild\Very_Mild_Dementia\OAS1_0166\OAS1_0166_slice_07_z054.png,Very_Mild_Dementia/OAS1_0166/OAS1_0166_slice_07_z054.png,Very Mild Dementia/OAS1_0166/OAS1_0166_slice_07_z054.png,OAS1_0166,Very Mild Dementia,1,0,Non-Demented,0,0.7582507363049281,0.17344713001541653,0.044968800346321974,0.023333333333333334
OASIS_1,RandomForest,13,test,motion__mild,motion,mild,D:\OASIS_1\distortions_32\motion\mild\Very_Mild_Dementia\OAS1_0166\OAS1_0166_slice_08_z057.png,Very_Mild_Dementia/OAS1_0166/OAS1_0166_slice_08_z057.png,Very Mild Dementia/OAS1_0166/OAS1_0166_slice_08_z057.png,OAS1_0166,Very Mild Dementia,1,0,Non-Demented,0,0.7635368750256454,0.18611505500666736,0.050348069967687266,0.0
OASIS_1,RandomForest,13,test,motion__mild,motion,mild,D:\OASIS_1\distortions_32\motion\mild\Very_Mild_Dementia\OAS1_0166\OAS1_0166_slice_09_z059.png,Very_Mild_Dementia/OAS1_0166/OAS1_0166_slice_09_z059.png,Very Mild Dementia/OAS1_0166/OAS1_0166_slice_09_z059.png,OAS1_0166,Very Mild Dementia,1,0,Non-Demented,0,0.7880489131619972,0.16974571318138432,0.042205373656618375,0.0
OASIS_1,RandomForest,13,test,motion__mild,motion,mild,D:\OASIS_1\distortions_32\motion\mild\Very_Mild_Dementia\OAS1_0166\OAS1_0166_slice_10_z062.png,Very_Mild_Dementia/OAS1_0166/OAS1_0166_slice_10_z062.png,Very Mild Dementia/OAS1_0166/OAS1_0166_slice_10_z062.png,OAS1_0166,Very Mild Dementia,1,0,Non-Demented,0,0.7641976071817762,0.17187744767198354,0.060591611812906905,0.0033333333333333335
OASIS_1,RandomForest,13,test,motion__mild,motion,mild,D:\OASIS_1\distortions_32\motion\mild\Very_Mild_Dementia\OAS1_0166\OAS1_0166_slice_11_z065.png,Very_Mild_Dementia/OAS1_0166/OAS1_0166_slice_11_z065.png,Very Mild Dementia/OAS1_0166/OAS1_0166_slice_11_z065.png,OAS1_0166,Very Mild Dementia,1,0,Non-Demented,0,0.7662214645762833,0.1649986655384547,0.06877986988526215,0.0
OASIS_1,RandomForest,13,test,motion__mild,motion,mild,D:\OASIS_1\distortions_32\motion\mild\Very_Mild_Dementia\OAS1_0166\OAS1_0166_slice_12_z068.png,Very_Mild_Dementia/OAS1_0166/OAS1_0166_slice_12_z068.png,Very Mild Dementia/OAS1_0166/OAS1_0166_slice_12_z068.png,OAS1_0166,Very Mild Dementia,1,0,Non-Demented,0,0.7807328877024138,0.1739160781299708,0.045351034167615246,0.0
OASIS_1,RandomForest,13,test,motion__mild,motion,mild,D:\OASIS_1\distortions_32\motion\mild\Very_Mild_Dementia\OAS1_0166\OAS1_0166_slice_13_z070.png,Very_Mild_Dementia/OAS1_0166/OAS1_0166_slice_13_z070.png,Very Mild Dementia/OAS1_0166/OAS1_0166_slice_13_z070.png,OAS1_0166,Very Mild Dementia,1,0,Non-Demented,0,0.7655249600250921,0.18806018879871947,0.046414851176188446,0.0
OASIS_1,RandomForest,13,test,motion__mild,motion,mild,D:\OASIS_1\distortions_32\motion\mild\Very_Mild_Dementia\OAS1_0166\OAS1_0166_slice_14_z073.png,Very_Mild_Dementia/OAS1_0166/OAS1_0166_slice_14_z073.png,Very Mild Dementia/OAS1_0166/OAS1_0166_slice_14_z073.png,OAS1_0166,Very Mild Dementia,1,0,Non-Demented,0,0.7937446100916112,0.16609833951769473,0.04015705039069405,0.0
OASIS_1,RandomForest,13,test,motion__mild,motion,mild,D:\OASIS_1\distortions_32\motion\mild\Very_Mild_Dementia\OAS1_0166\OAS1_0166_slice_15_z076.png,Very_Mild_Dementia/OAS1_0166/OAS1_0166_slice_15_z076.png,Very Mild Dementia/OAS1_0166/OAS1_0166_slice_15_z076.png,OAS1_0166,Very Mild Dementia,1,0,Non-Demented,0,0.773885034096836,0.175723720675757,0.05039124522740706,0.0
OASIS_1,RandomForest,13,test,motion__mild,motion,mild,D:\OASIS_1\distortions_32\motion\mild\Very_Mild_Dementia\OAS1_0166\OAS1_0166_slice_16_z078.png,Very_Mild_Dementia/OAS1_0166/OAS1_0166_slice_16_z078.png,Very Mild Dementia/OAS1_0166/OAS1_0166_slice_16_z078.png,OAS1_0166,Very Mild Dementia,1,0,Non-Demented,0,0.8105590761849593,0.16149463583452142,0.027946287980519367,0.0
OASIS_1,RandomForest,13,test,motion__mild,motion,mild,D:\OASIS_1\distortions_32\motion\mild\Very_Mild_Dementia\OAS1_0166\OAS1_0166_slice_17_z081.png,Very_Mild_Dementia/OAS1_0166/OAS1_0166_slice_17_z081.png,Very Mild Dementia/OAS1_0166/OAS1_0166_slice_17_z081.png,OAS1_0166,Very Mild Dementia,1,0,Non-Demented,0,0.7763836320440235,0.16998210764856247,0.05363426030741409,0.0
OASIS_1,RandomForest,13,test,motion__mild,motion,mild,D:\OASIS_1\distortions_32\motion\mild\Very_Mild_Dementia\OAS1_0166\OAS1_0166_slice_18_z084.png,Very_Mild_Dementia/OAS1_0166/OAS1_0166_slice_18_z084.png,Very Mild Dementia/OAS1_0166/OAS1_0166_slice_18_z084.png,OAS1_0166,Very Mild Dementia,1,0,Non-Demented,0,0.7689887950569103,0.16395982906808915,0.06705137587500067,0.0
OASIS_1,RandomForest,13,test,motion__mild,motion,mild,D:\OASIS_1\distortions_32\motion\mild\Very_Mild_Dementia\OAS1_0166\OAS1_0166_slice_19_z086.png,Very_Mild_Dementia/OAS1_0166/OAS1_0166_slice_19_z086.png,Very Mild Dementia/OAS1_0166/OAS1_0166_slice_19_z086.png,OAS1_0166,Very Mild Dementia,1,0,Non-Demented,0,0.764534247244813,0.16140093915951026,0.07073148026234344,0.0033333333333333335
OASIS_1,RandomForest,13,test,motion__mild,motion,mild,D:\OASIS_1\distortions_32\motion\mild\Very_Mild_Dementia\OAS1_0166\OAS1_0166_slice_20_z089.png,Very_Mild_Dementia/OAS1_0166/OAS1_0166_slice_20_z089.png,Very Mild Dementia/OAS1_0166/OAS1_0166_slice_20_z089.png,OAS1_0166,Very Mild Dementia,1,0,Non-Demented,0,0.6962796064670939,0.2197409095955658,0.0806461506040069,0.0033333333333333335
OASIS_1,RandomForest,13,test,motion__mild,motion,mild,D:\OASIS_1\distortions_32\motion\mild\Very_Mild_Dementia\OAS1_0210\OAS1_0210_slice_01_z038.png,Very_Mild_Dementia/OAS1_0210/OAS1_0210_slice_01_z038.png,Very Mild Dementia/OAS1_0210/OAS1_0210_slice_01_z038.png,OAS1_0210,Very Mild Dementia,1,0,Non-Demented,0,0.4027538427141746,0.24163413343295806,0.35561202385286755,0.0
OASIS_1,RandomForest,13,test,motion__mild,motion,mild,D:\OASIS_1\distortions_32\motion\mild\Very_Mild_Dementia\OAS1_0210\OAS1_0210_slice_02_z041.png,Very_Mild_Dementia/OAS1_0210/OAS1_0210_slice_02_z041.png,Very Mild Dementia/OAS1_0210/OAS1_0210_slice_02_z041.png,OAS1_0210,Very Mild Dementia,1,0,Non-Demented,0,0.46330815202232417,0.20188626213976613,0.3348055858379101,0.0
OASIS_1,RandomForest,13,test,motion__mild,motion,mild,D:\OASIS_1\distortions_32\motion\mild\Very_Mild_Dementia\OAS1_0210\OAS1_0210_slice_03_z043.png,Very_Mild_Dementia/OAS1_0210/OAS1_0210_slice_03_z043.png,Very Mild Dementia/OAS1_0210/OAS1_0210_slice_03_z043.png,OAS1_0210,Very Mild Dementia,1,0,Non-Demented,0,0.46482908929281963,0.21780830100159287,0.3173626097055878,0.0
OASIS_1,RandomForest,13,test,motion__mild,motion,mild,D:\OASIS_1\distortions_32\motion\mild\Very_Mild_Dementia\OAS1_0210\OAS1_0210_slice_04_z046.png,Very_Mild_Dementia/OAS1_0210/OAS1_0210_slice_04_z046.png,Very Mild Dementia/OAS1_0210/OAS1_0210_slice_04_z046.png,OAS1_0210,Very Mild Dementia,1,0,Non-Demented,0,0.44601424458794964,0.21633989766222683,0.3376458577498238,0.0
OASIS_1,RandomForest,13,test,motion__mild,motion,mild,D:\OASIS_1\distortions_32\motion\mild\Very_Mild_Dementia\OAS1_0210\OAS1_0210_slice_05_z049.png,Very_Mild_Dementia/OAS1_0210/OAS1_0210_slice_05_z049.png,Very Mild Dementia/OAS1_0210/OAS1_0210_slice_05_z049.png,OAS1_0210,Very Mild Dementia,1,0,Non-Demented,0,0.49312800601879797,0.20084980718678797,0.30602218679441423,0.0
OASIS_1,RandomForest,13,test,motion__mild,motion,mild,D:\OASIS_1\distortions_32\motion\mild\Very_Mild_Dementia\OAS1_0210\OAS1_0210_slice_06_z051.png,Very_Mild_Dementia/OAS1_0210/OAS1_0210_slice_06_z051.png,Very Mild Dementia/OAS1_0210/OAS1_0210_slice_06_z051.png,OAS1_0210,Very Mild Dementia,1,0,Non-Demented,0,0.4864183286452798,0.2176014033838078,0.2959802679709128,0.0
OASIS_1,RandomForest,13,test,motion__mild,motion,mild,D:\OASIS_1\distortions_32\motion\mild\Very_Mild_Dementia\OAS1_0210\OAS1_0210_slice_07_z054.png,Very_Mild_Dementia/OAS1_0210/OAS1_0210_slice_07_z054.png,Very Mild Dementia/OAS1_0210/OAS1_0210_slice_07_z054.png,OAS1_0210,Very Mild Dementia,1,0,Non-Demented,0,0.4453555687193019,0.22359809726719498,0.33104633401350336,0.0
OASIS_1,RandomForest,13,test,motion__mild,motion,mild,D:\OASIS_1\distortions_32\motion\mild\Very_Mild_Dementia\OAS1_0210\OAS1_0210_slice_08_z057.png,Very_Mild_Dementia/OAS1_0210/OAS1_0210_slice_08_z057.png,Very Mild Dementia/OAS1_0210/OAS1_0210_slice_08_z057.png,OAS1_0210,Very Mild Dementia,1,0,Non-Demented,0,0.4303263630995442,0.24915159635580728,0.32052204054464867,0.0
OASIS_1,RandomForest,13,test,motion__mild,motion,mild,D:\OASIS_1\distortions_32\motion\mild\Very_Mild_Dementia\OAS1_0210\OAS1_0210_slice_09_z059.png,Very_Mild_Dementia/OAS1_0210/OAS1_0210_slice_09_z059.png,Very Mild Dementia/OAS1_0210/OAS1_0210_slice_09_z059.png,OAS1_0210,Very Mild Dementia,1,0,Non-Demented,0,0.41086751981981073,0.2537888224985067,0.3353436576816826,0.0
OASIS_1,RandomForest,13,test,motion__mild,motion,mild,D:\OASIS_1\distortions_32\motion\mild\Very_Mild_Dementia\OAS1_0210\OAS1_0210_slice_10_z062.png,Very_Mild_Dementia/OAS1_0210/OAS1_0210_slice_10_z062.png,Very Mild Dementia/OAS1_0210/OAS1_0210_slice_10_z062.png,OAS1_0210,Very Mild Dementia,1,0,Non-Demented,0,0.4156060354405012,0.276371595857852,0.30802236870164657,0.0
OASIS_1,RandomForest,13,test,motion__mild,motion,mild,D:\OASIS_1\distortions_32\motion\mild\Very_Mild_Dementia\OAS1_0210\OAS1_0210_slice_11_z065.png,Very_Mild_Dementia/OAS1_0210/OAS1_0210_slice_11_z065.png,Very Mild Dementia/OAS1_0210/OAS1_0210_slice_11_z065.png,OAS1_0210,Very Mild Dementia,1,0,Non-Demented,0,0.39989287258125517,0.2527608834743711,0.3473462439443738,0.0
OASIS_1,RandomForest,13,test,motion__mild,motion,mild,D:\OASIS_1\distortions_32\motion\mild\Very_Mild_Dementia\OAS1_0210\OAS1_0210_slice_12_z068.png,Very_Mild_Dementia/OAS1_0210/OAS1_0210_slice_12_z068.png,Very Mild Dementia/OAS1_0210/OAS1_0210_slice_12_z068.png,OAS1_0210,Very Mild Dementia,1,0,Non-Demented,0,0.45188360352599233,0.23889871094102322,0.3092176855329844,0.0
OASIS_1,RandomForest,13,test,motion__mild,motion,mild,D:\OASIS_1\distortions_32\motion\mild\Very_Mild_Dementia\OAS1_0210\OAS1_0210_slice_13_z070.png,Very_Mild_Dementia/OAS1_0210/OAS1_0210_slice_13_z070.png,Very Mild Dementia/OAS1_0210/OAS1_0210_slice_13_z070.png,OAS1_0210,Very Mild Dementia,1,0,Non-Demented,0,0.47547034970847335,0.22196704346083915,0.3025626068306874,0.0
OASIS_1,RandomForest,13,test,motion__mild,motion,mild,D:\OASIS_1\distortions_32\motion\mild\Very_Mild_Dementia\OAS1_0210\OAS1_0210_slice_14_z073.png,Very_Mild_Dementia/OAS1_0210/OAS1_0210_slice_14_z073.png,Very Mild Dementia/OAS1_0210/OAS1_0210_slice_14_z073.png,OAS1_0210,Very Mild Dementia,1,0,Non-Demented,0,0.4460711186769022,0.2218904416263957,0.3320384396967024,0.0
OASIS_1,RandomForest,13,test,motion__mild,motion,mild,D:\OASIS_1\distortions_32\motion\mild\Very_Mild_Dementia\OAS1_0210\OAS1_0210_slice_15_z076.png,Very_Mild_Dementia/OAS1_0210/OAS1_0210_slice_15_z076.png,Very Mild Dementia/OAS1_0210/OAS1_0210_slice_15_z076.png,OAS1_0210,Very Mild Dementia,1,0,Non-Demented,0,0.4774346794414164,0.22552989796692743,0.29703542259165655,0.0
OASIS_1,RandomForest,13,test,motion__mild,motion,mild,D:\OASIS_1\distortions_32\motion\mild\Very_Mild_Dementia\OAS1_0210\OAS1_0210_slice_16_z078.png,Very_Mild_Dementia/OAS1_0210/OAS1_0210_slice_16_z078.png,Very Mild Dementia/OAS1_0210/OAS1_0210_slice_16_z078.png,OAS1_0210,Very Mild Dementia,1,0,Non-Demented,0,0.48820126221084,0.21100642909976186,0.3007923086893983,0.0
OASIS_1,RandomForest,13,test,motion__mild,motion,mild,D:\OASIS_1\distortions_32\motion\mild\Very_Mild_Dementia\OAS1_0210\OAS1_0210_slice_17_z081.png,Very_Mild_Dementia/OAS1_0210/OAS1_0210_slice_17_z081.png,Very Mild Dementia/OAS1_0210/OAS1_0210_slice_17_z081.png,OAS1_0210,Very Mild Dementia,1,0,Non-Demented,0,0.4695977241048764,0.24555601588435816,0.2848462600107654,0.0
OASIS_1,RandomForest,13,test,motion__mild,motion,mild,D:\OASIS_1\distortions_32\motion\mild\Very_Mild_Dementia\OAS1_0210\OAS1_0210_slice_18_z084.png,Very_Mild_Dementia/OAS1_0210/OAS1_0210_slice_18_z084.png,Very Mild Dementia/OAS1_0210/OAS1_0210_slice_18_z084.png,OAS1_0210,Very Mild Dementia,1,0,Non-Demented,0,0.423246781007776,0.2502260588939466,0.32652716009827754,0.0
OASIS_1,RandomForest,13,test,motion__mild,motion,mild,D:\OASIS_1\distortions_32\motion\mild\Very_Mild_Dementia\OAS1_0210\OAS1_0210_slice_19_z086.png,Very_Mild_Dementia/OAS1_0210/OAS1_0210_slice_19_z086.png,Very Mild Dementia/OAS1_0210/OAS1_0210_slice_19_z086.png,OAS1_0210,Very Mild Dementia,1,0,Non-Demented,0,0.40010339461614675,0.27153142231232047,0.32836518307153295,0.0
OASIS_1,RandomForest,13,test,motion__mild,motion,mild,D:\OASIS_1\distortions_32\motion\mild\Very_Mild_Dementia\OAS1_0210\OAS1_0210_slice_20_z089.png,Very_Mild_Dementia/OAS1_0210/OAS1_0210_slice_20_z089.png,Very Mild Dementia/OAS1_0210/OAS1_0210_slice_20_z089.png,OAS1_0210,Very Mild Dementia,1,0,Non-Demented,0,0.4358877891070639,0.24087605375152696,0.32323615714140935,0.0
OASIS_1,RandomForest,13,test,motion__mild,motion,mild,D:\OASIS_1\distortions_32\motion\mild\Very_Mild_Dementia\OAS1_0287\OAS1_0287_slice_01_z038.png,Very_Mild_Dementia/OAS1_0287/OAS1_0287_slice_01_z038.png,Very Mild Dementia/OAS1_0287/OAS1_0287_slice_01_z038.png,OAS1_0287,Very Mild Dementia,1,0,Non-Demented,0,0.4890627705462997,0.31498876760138295,0.19594846185231732,0.0
OASIS_1,RandomForest,13,test,motion__mild,motion,mild,D:\OASIS_1\distortions_32\motion\mild\Very_Mild_Dementia\OAS1_0287\OAS1_0287_slice_02_z041.png,Very_Mild_Dementia/OAS1_0287/OAS1_0287_slice_02_z041.png,Very Mild Dementia/OAS1_0287/OAS1_0287_slice_02_z041.png,OAS1_0287,Very Mild Dementia,1,0,Non-Demented,0,0.4753022369296895,0.32272565089861177,0.20197211217169853,0.0
OASIS_1,RandomForest,13,test,motion__mild,motion,mild,D:\OASIS_1\distortions_32\motion\mild\Very_Mild_Dementia\OAS1_0287\OAS1_0287_slice_03_z043.png,Very_Mild_Dementia/OAS1_0287/OAS1_0287_slice_03_z043.png,Very Mild Dementia/OAS1_0287/OAS1_0287_slice_03_z043.png,OAS1_0287,Very Mild Dementia,1,0,Non-Demented,0,0.4677762056386807,0.3069001930800236,0.22532360128129597,0.0
OASIS_1,RandomForest,13,test,motion__mild,motion,mild,D:\OASIS_1\distortions_32\motion\mild\Very_Mild_Dementia\OAS1_0287\OAS1_0287_slice_04_z046.png,Very_Mild_Dementia/OAS1_0287/OAS1_0287_slice_04_z046.png,Very Mild Dementia/OAS1_0287/OAS1_0287_slice_04_z046.png,OAS1_0287,Very Mild Dementia,1,0,Non-Demented,0,0.49440459059584624,0.3383463741050153,0.16724903529913832,0.0
OASIS_1,RandomForest,13,test,motion__mild,motion,mild,D:\OASIS_1\distortions_32\motion\mild\Very_Mild_Dementia\OAS1_0287\OAS1_0287_slice_05_z049.png,Very_Mild_Dementia/OAS1_0287/OAS1_0287_slice_05_z049.png,Very Mild Dementia/OAS1_0287/OAS1_0287_slice_05_z049.png,OAS1_0287,Very Mild Dementia,1,0,Non-Demented,0,0.4980828706893586,0.3324203333702202,0.1694967959404209,0.0
OASIS_1,RandomForest,13,test,motion__mild,motion,mild,D:\OASIS_1\distortions_32\motion\mild\Very_Mild_Dementia\OAS1_0287\OAS1_0287_slice_06_z051.png,Very_Mild_Dementia/OAS1_0287/OAS1_0287_slice_06_z051.png,Very Mild Dementia/OAS1_0287/OAS1_0287_slice_06_z051.png,OAS1_0287,Very Mild Dementia,1,0,Non-Demented,0,0.5163718238874699,0.35421498883318553,0.12941318727934406,0.0
OASIS_1,RandomForest,13,test,motion__mild,motion,mild,D:\OASIS_1\distortions_32\motion\mild\Very_Mild_Dementia\OAS1_0287\OAS1_0287_slice_07_z054.png,Very_Mild_Dementia/OAS1_0287/OAS1_0287_slice_07_z054.png,Very Mild Dementia/OAS1_0287/OAS1_0287_slice_07_z054.png,OAS1_0287,Very Mild Dementia,1,0,Non-Demented,0,0.47389481268173494,0.3477196026607263,0.17838558465753862,0.0
OASIS_1,RandomForest,13,test,motion__mild,motion,mild,D:\OASIS_1\distortions_32\motion\mild\Very_Mild_Dementia\OAS1_0287\OAS1_0287_slice_08_z057.png,Very_Mild_Dementia/OAS1_0287/OAS1_0287_slice_08_z057.png,Very Mild Dementia/OAS1_0287/OAS1_0287_slice_08_z057.png,OAS1_0287,Very Mild Dementia,1,0,Non-Demented,0,0.5020351029039488,0.32744724087320864,0.1705176562228425,0.0
OASIS_1,RandomForest,13,test,motion__mild,motion,mild,D:\OASIS_1\distortions_32\motion\mild\Very_Mild_Dementia\OAS1_0287\OAS1_0287_slice_09_z059.png,Very_Mild_Dementia/OAS1_0287/OAS1_0287_slice_09_z059.png,Very Mild Dementia/OAS1_0287/OAS1_0287_slice_09_z059.png,OAS1_0287,Very Mild Dementia,1,0,Non-Demented,0,0.4842286385713843,0.3512814864080494,0.1644898750205663,0.0
OASIS_1,RandomForest,13,test,motion__mild,motion,mild,D:\OASIS_1\distortions_32\motion\mild\Very_Mild_Dementia\OAS1_0287\OAS1_0287_slice_10_z062.png,Very_Mild_Dementia/OAS1_0287/OAS1_0287_slice_10_z062.png,Very Mild Dementia/OAS1_0287/OAS1_0287_slice_10_z062.png,OAS1_0287,Very Mild Dementia,1,0,Non-Demented,0,0.50789213717069,0.3148037776292005,0.17730408520010907,0.0
OASIS_1,RandomForest,13,test,motion__mild,motion,mild,D:\OASIS_1\distortions_32\motion\mild\Very_Mild_Dementia\OAS1_0287\OAS1_0287_slice_11_z065.png,Very_Mild_Dementia/OAS1_0287/OAS1_0287_slice_11_z065.png,Very Mild Dementia/OAS1_0287/OAS1_0287_slice_11_z065.png,OAS1_0287,Very Mild Dementia,1,0,Non-Demented,0,0.442170911385671,0.3213204311652237,0.2365086574491053,0.0
OASIS_1,RandomForest,13,test,motion__mild,motion,mild,D:\OASIS_1\distortions_32\motion\mild\Very_Mild_Dementia\OAS1_0287\OAS1_0287_slice_12_z068.png,Very_Mild_Dementia/OAS1_0287/OAS1_0287_slice_12_z068.png,Very Mild Dementia/OAS1_0287/OAS1_0287_slice_12_z068.png,OAS1_0287,Very Mild Dementia,1,0,Non-Demented,0,0.4458702992799234,0.37459006348184165,0.17953963723823518,0.0
OASIS_1,RandomForest,13,test,motion__mild,motion,mild,D:\OASIS_1\distortions_32\motion\mild\Very_Mild_Dementia\OAS1_0287\OAS1_0287_slice_13_z070.png,Very_Mild_Dementia/OAS1_0287/OAS1_0287_slice_13_z070.png,Very Mild Dementia/OAS1_0287/OAS1_0287_slice_13_z070.png,OAS1_0287,Very Mild Dementia,1,0,Non-Demented,0,0.49214661440937013,0.3182004246304426,0.18965296096018738,0.0
OASIS_1,RandomForest,13,test,motion__mild,motion,mild,D:\OASIS_1\distortions_32\motion\mild\Very_Mild_Dementia\OAS1_0287\OAS1_0287_slice_14_z073.png,Very_Mild_Dementia/OAS1_0287/OAS1_0287_slice_14_z073.png,Very Mild Dementia/OAS1_0287/OAS1_0287_slice_14_z073.png,OAS1_0287,Very Mild Dementia,1,0,Non-Demented,0,0.4528465422388088,0.3749630921241251,0.17219036563706622,0.0
OASIS_1,RandomForest,13,test,motion__mild,motion,mild,D:\OASIS_1\distortions_32\motion\mild\Very_Mild_Dementia\OAS1_0287\OAS1_0287_slice_15_z076.png,Very_Mild_Dementia/OAS1_0287/OAS1_0287_slice_15_z076.png,Very Mild Dementia/OAS1_0287/OAS1_0287_slice_15_z076.png,OAS1_0287,Very Mild Dementia,1,0,Non-Demented,0,0.49347495952060216,0.31708292141195654,0.18944211906744138,0.0
OASIS_1,RandomForest,13,test,motion__mild,motion,mild,D:\OASIS_1\distortions_32\motion\mild\Very_Mild_Dementia\OAS1_0287\OAS1_0287_slice_16_z078.png,Very_Mild_Dementia/OAS1_0287/OAS1_0287_slice_16_z078.png,Very Mild Dementia/OAS1_0287/OAS1_0287_slice_16_z078.png,OAS1_0287,Very Mild Dementia,1,0,Non-Demented,0,0.4986910422749116,0.32933777439578016,0.1719711833293081,0.0
OASIS_1,RandomForest,13,test,motion__mild,motion,mild,D:\OASIS_1\distortions_32\motion\mild\Very_Mild_Dementia\OAS1_0287\OAS1_0287_slice_17_z081.png,Very_Mild_Dementia/OAS1_0287/OAS1_0287_slice_17_z081.png,Very Mild Dementia/OAS1_0287/OAS1_0287_slice_17_z081.png,OAS1_0287,Very Mild Dementia,1,0,Non-Demented,0,0.45752639106072157,0.35262741326633495,0.1898461956729434,0.0
OASIS_1,RandomForest,13,test,motion__mild,motion,mild,D:\OASIS_1\distortions_32\motion\mild\Very_Mild_Dementia\OAS1_0287\OAS1_0287_slice_18_z084.png,Very_Mild_Dementia/OAS1_0287/OAS1_0287_slice_18_z084.png,Very Mild Dementia/OAS1_0287/OAS1_0287_slice_18_z084.png,OAS1_0287,Very Mild Dementia,1,0,Non-Demented,0,0.46995758756899675,0.3552761956660058,0.17143288343166424,0.0033333333333333335
OASIS_1,RandomForest,13,test,motion__mild,motion,mild,D:\OASIS_1\distortions_32\motion\mild\Very_Mild_Dementia\OAS1_0287\OAS1_0287_slice_19_z086.png,Very_Mild_Dementia/OAS1_0287/OAS1_0287_slice_19_z086.png,Very Mild Dementia/OAS1_0287/OAS1_0287_slice_19_z086.png,OAS1_0287,Very Mild Dementia,1,0,Non-Demented,0,0.4519140694254652,0.36366339510241175,0.18442253547212287,0.0
OASIS_1,RandomForest,13,test,motion__mild,motion,mild,D:\OASIS_1\distortions_32\motion\mild\Very_Mild_Dementia\OAS1_0287\OAS1_0287_slice_20_z089.png,Very_Mild_Dementia/OAS1_0287/OAS1_0287_slice_20_z089.png,Very Mild Dementia/OAS1_0287/OAS1_0287_slice_20_z089.png,OAS1_0287,Very Mild Dementia,1,0,Non-Demented,0,0.46373051319436515,0.3443096222017508,0.19195986460388384,0.0
OASIS_1,RandomForest,13,test,motion__mild,motion,mild,D:\OASIS_1\distortions_32\motion\mild\Very_Mild_Dementia\OAS1_0312\OAS1_0312_slice_01_z038.png,Very_Mild_Dementia/OAS1_0312/OAS1_0312_slice_01_z038.png,Very Mild Dementia/OAS1_0312/OAS1_0312_slice_01_z038.png,OAS1_0312,Very Mild Dementia,1,0,Non-Demented,0,0.5280168562989684,0.29868161489858136,0.15996819546911656,0.013333333333333334
OASIS_1,RandomForest,13,test,motion__mild,motion,mild,D:\OASIS_1\distortions_32\motion\mild\Very_Mild_Dementia\OAS1_0312\OAS1_0312_slice_02_z041.png,Very_Mild_Dementia/OAS1_0312/OAS1_0312_slice_02_z041.png,Very Mild Dementia/OAS1_0312/OAS1_0312_slice_02_z041.png,OAS1_0312,Very Mild Dementia,1,0,Non-Demented,0,0.6107984206010051,0.21305213425356856,0.1461494451454264,0.03
OASIS_1,RandomForest,13,test,motion__mild,motion,mild,D:\OASIS_1\distortions_32\motion\mild\Very_Mild_Dementia\OAS1_0312\OAS1_0312_slice_03_z043.png,Very_Mild_Dementia/OAS1_0312/OAS1_0312_slice_03_z043.png,Very Mild Dementia/OAS1_0312/OAS1_0312_slice_03_z043.png,OAS1_0312,Very Mild Dementia,1,0,Non-Demented,0,0.6350966268841145,0.19241271543137897,0.1424906576845064,0.03
OASIS_1,RandomForest,13,test,motion__mild,motion,mild,D:\OASIS_1\distortions_32\motion\mild\Very_Mild_Dementia\OAS1_0312\OAS1_0312_slice_04_z046.png,Very_Mild_Dementia/OAS1_0312/OAS1_0312_slice_04_z046.png,Very Mild Dementia/OAS1_0312/OAS1_0312_slice_04_z046.png,OAS1_0312,Very Mild Dementia,1,0,Non-Demented,0,0.67309464589242,0.1445946316337481,0.14564405580716522,0.03666666666666667
OASIS_1,RandomForest,13,test,motion__mild,motion,mild,D:\OASIS_1\distortions_32\motion\mild\Very_Mild_Dementia\OAS1_0312\OAS1_0312_slice_05_z049.png,Very_Mild_Dementia/OAS1_0312/OAS1_0312_slice_05_z049.png,Very Mild Dementia/OAS1_0312/OAS1_0312_slice_05_z049.png,OAS1_0312,Very Mild Dementia,1,0,Non-Demented,0,0.6989402186331143,0.1250002357886666,0.1427262122448858,0.03333333333333333
OASIS_1,RandomForest,13,test,motion__mild,motion,mild,D:\OASIS_1\distortions_32\motion\mild\Very_Mild_Dementia\OAS1_0312\OAS1_0312_slice_06_z051.png,Very_Mild_Dementia/OAS1_0312/OAS1_0312_slice_06_z051.png,Very Mild Dementia/OAS1_0312/OAS1_0312_slice_06_z051.png,OAS1_0312,Very Mild Dementia,1,0,Non-Demented,0,0.7332994140376926,0.10670903099713222,0.1399915549651751,0.02
OASIS_1,RandomForest,13,test,motion__mild,motion,mild,D:\OASIS_1\distortions_32\motion\mild\Very_Mild_Dementia\OAS1_0312\OAS1_0312_slice_07_z054.png,Very_Mild_Dementia/OAS1_0312/OAS1_0312_slice_07_z054.png,Very Mild Dementia/OAS1_0312/OAS1_0312_slice_07_z054.png,OAS1_0312,Very Mild Dementia,1,0,Non-Demented,0,0.7260157386136594,0.10559027471532803,0.14506065333767915,0.023333333333333334
OASIS_1,RandomForest,13,test,motion__mild,motion,mild,D:\OASIS_1\distortions_32\motion\mild\Very_Mild_Dementia\OAS1_0312\OAS1_0312_slice_08_z057.png,Very_Mild_Dementia/OAS1_0312/OAS1_0312_slice_08_z057.png,Very Mild Dementia/OAS1_0312/OAS1_0312_slice_08_z057.png,OAS1_0312,Very Mild Dementia,1,0,Non-Demented,0,0.7336835487150779,0.12596965763635465,0.11701346031523417,0.023333333333333334
OASIS_1,RandomForest,13,test,motion__mild,motion,mild,D:\OASIS_1\distortions_32\motion\mild\Very_Mild_Dementia\OAS1_0312\OAS1_0312_slice_09_z059.png,Very_Mild_Dementia/OAS1_0312/OAS1_0312_slice_09_z059.png,Very Mild Dementia/OAS1_0312/OAS1_0312_slice_09_z059.png,OAS1_0312,Very Mild Dementia,1,0,Non-Demented,0,0.7158082987573223,0.11425125068997559,0.1399404505527021,0.03
OASIS_1,RandomForest,13,test,motion__mild,motion,mild,D:\OASIS_1\distortions_32\motion\mild\Very_Mild_Dementia\OAS1_0312\OAS1_0312_slice_10_z062.png,Very_Mild_Dementia/OAS1_0312/OAS1_0312_slice_10_z062.png,Very Mild Dementia/OAS1_0312/OAS1_0312_slice_10_z062.png,OAS1_0312,Very Mild Dementia,1,0,Non-Demented,0,0.7063151878917451,0.14393183460112036,0.11641964417380132,0.03333333333333333
OASIS_1,RandomForest,13,test,motion__mild,motion,mild,D:\OASIS_1\distortions_32\motion\mild\Very_Mild_Dementia\OAS1_0312\OAS1_0312_slice_11_z065.png,Very_Mild_Dementia/OAS1_0312/OAS1_0312_slice_11_z065.png,Very Mild Dementia/OAS1_0312/OAS1_0312_slice_11_z065.png,OAS1_0312,Very Mild Dementia,1,0,Non-Demented,0,0.7271203953890115,0.13569136412410415,0.11052157382021785,0.02666666666666667
OASIS_1,RandomForest,13,test,motion__mild,motion,mild,D:\OASIS_1\distortions_32\motion\mild\Very_Mild_Dementia\OAS1_0312\OAS1_0312_slice_12_z068.png,Very_Mild_Dementia/OAS1_0312/OAS1_0312_slice_12_z068.png,Very Mild Dementia/OAS1_0312/OAS1_0312_slice_12_z068.png,OAS1_0312,Very Mild Dementia,1,0,Non-Demented,0,0.7130865342762502,0.13194771269463332,0.13496575302911662,0.02
OASIS_1,RandomForest,13,test,motion__mild,motion,mild,D:\OASIS_1\distortions_32\motion\mild\Very_Mild_Dementia\OAS1_0312\OAS1_0312_slice_13_z070.png,Very_Mild_Dementia/OAS1_0312/OAS1_0312_slice_13_z070.png,Very Mild Dementia/OAS1_0312/OAS1_0312_slice_13_z070.png,OAS1_0312,Very Mild Dementia,1,0,Non-Demented,0,0.6776314089143068,0.10911455589388853,0.17658736852513812,0.03666666666666667
OASIS_1,RandomForest,13,test,motion__mild,motion,mild,D:\OASIS_1\distortions_32\motion\mild\Very_Mild_Dementia\OAS1_0312\OAS1_0312_slice_14_z073.png,Very_Mild_Dementia/OAS1_0312/OAS1_0312_slice_14_z073.png,Very Mild Dementia/OAS1_0312/OAS1_0312_slice_14_z073.png,OAS1_0312,Very Mild Dementia,1,0,Non-Demented,0,0.6839461413946812,0.11696339549641858,0.165757129775567,0.03333333333333333
OASIS_1,RandomForest,13,test,motion__mild,motion,mild,D:\OASIS_1\distortions_32\motion\mild\Very_Mild_Dementia\OAS1_0312\OAS1_0312_slice_15_z076.png,Very_Mild_Dementia/OAS1_0312/OAS1_0312_slice_15_z076.png,Very Mild Dementia/OAS1_0312/OAS1_0312_slice_15_z076.png,OAS1_0312,Very Mild Dementia,1,0,Non-Demented,0,0.6790608612382747,0.11859409161690697,0.1856783804781517,0.016666666666666666
OASIS_1,RandomForest,13,test,motion__mild,motion,mild,D:\OASIS_1\distortions_32\motion\mild\Very_Mild_Dementia\OAS1_0312\OAS1_0312_slice_16_z078.png,Very_Mild_Dementia/OAS1_0312/OAS1_0312_slice_16_z078.png,Very Mild Dementia/OAS1_0312/OAS1_0312_slice_16_z078.png,OAS1_0312,Very Mild Dementia,1,0,Non-Demented,0,0.6593563880336039,0.12622687227975204,0.18775007301997731,0.02666666666666667
OASIS_1,RandomForest,13,test,motion__mild,motion,mild,D:\OASIS_1\distortions_32\motion\mild\Very_Mild_Dementia\OAS1_0312\OAS1_0312_slice_17_z081.png,Very_Mild_Dementia/OAS1_0312/OAS1_0312_slice_17_z081.png,Very Mild Dementia/OAS1_0312/OAS1_0312_slice_17_z081.png,OAS1_0312,Very Mild Dementia,1,0,Non-Demented,0,0.6415912836350445,0.14322163691791323,0.1685204127803757,0.04666666666666667
OASIS_1,RandomForest,13,test,motion__mild,motion,mild,D:\OASIS_1\distortions_32\motion\mild\Very_Mild_Dementia\OAS1_0312\OAS1_0312_slice_18_z084.png,Very_Mild_Dementia/OAS1_0312/OAS1_0312_slice_18_z084.png,Very Mild Dementia/OAS1_0312/OAS1_0312_slice_18_z084.png,OAS1_0312,Very Mild Dementia,1,0,Non-Demented,0,0.6080910610863367,0.21464052754635404,0.15060174470064253,0.02666666666666667
OASIS_1,RandomForest,13,test,motion__mild,motion,mild,D:\OASIS_1\distortions_32\motion\mild\Very_Mild_Dementia\OAS1_0312\OAS1_0312_slice_19_z086.png,Very_Mild_Dementia/OAS1_0312/OAS1_0312_slice_19_z086.png,Very Mild Dementia/OAS1_0312/OAS1_0312_slice_19_z086.png,OAS1_0312,Very Mild Dementia,1,0,Non-Demented,0,0.623682736974937,0.1840405505976325,0.17561004576076372,0.016666666666666666
OASIS_1,RandomForest,13,test,motion__mild,motion,mild,D:\OASIS_1\distortions_32\motion\mild\Very_Mild_Dementia\OAS1_0312\OAS1_0312_slice_20_z089.png,Very_Mild_Dementia/OAS1_0312/OAS1_0312_slice_20_z089.png,Very Mild Dementia/OAS1_0312/OAS1_0312_slice_20_z089.png,OAS1_0312,Very Mild Dementia,1,0,Non-Demented,0,0.5205667514225361,0.24049092582900272,0.20894232274846128,0.03
OASIS_1,RandomForest,13,test,motion__mild,motion,mild,D:\OASIS_1\distortions_32\motion\mild\Very_Mild_Dementia\OAS1_0380\OAS1_0380_slice_01_z038.png,Very_Mild_Dementia/OAS1_0380/OAS1_0380_slice_01_z038.png,Very Mild Dementia/OAS1_0380/OAS1_0380_slice_01_z038.png,OAS1_0380,Very Mild Dementia,1,0,Non-Demented,0,0.4339655946488975,0.3208337056246235,0.2452006997264789,0.0
OASIS_1,RandomForest,13,test,motion__mild,motion,mild,D:\OASIS_1\distortions_32\motion\mild\Very_Mild_Dementia\OAS1_0380\OAS1_0380_slice_02_z041.png,Very_Mild_Dementia/OAS1_0380/OAS1_0380_slice_02_z041.png,Very Mild Dementia/OAS1_0380/OAS1_0380_slice_02_z041.png,OAS1_0380,Very Mild Dementia,1,0,Non-Demented,0,0.37236207243543556,0.31425065926812507,0.3133872682964394,0.0
OASIS_1,RandomForest,13,test,motion__mild,motion,mild,D:\OASIS_1\distortions_32\motion\mild\Very_Mild_Dementia\OAS1_0380\OAS1_0380_slice_03_z043.png,Very_Mild_Dementia/OAS1_0380/OAS1_0380_slice_03_z043.png,Very Mild Dementia/OAS1_0380/OAS1_0380_slice_03_z043.png,OAS1_0380,Very Mild Dementia,1,0,Non-Demented,0,0.4040841113663003,0.3543822808644939,0.23153360776920578,0.01
OASIS_1,RandomForest,13,test,motion__mild,motion,mild,D:\OASIS_1\distortions_32\motion\mild\Very_Mild_Dementia\OAS1_0380\OAS1_0380_slice_04_z046.png,Very_Mild_Dementia/OAS1_0380/OAS1_0380_slice_04_z046.png,Very Mild Dementia/OAS1_0380/OAS1_0380_slice_04_z046.png,OAS1_0380,Very Mild Dementia,1,0,Non-Demented,0,0.4175871702575798,0.36485687234979625,0.21755595739262396,0.0
OASIS_1,RandomForest,13,test,motion__mild,motion,mild,D:\OASIS_1\distortions_32\motion\mild\Very_Mild_Dementia\OAS1_0380\OAS1_0380_slice_05_z049.png,Very_Mild_Dementia/OAS1_0380/OAS1_0380_slice_05_z049.png,Very Mild Dementia/OAS1_0380/OAS1_0380_slice_05_z049.png,OAS1_0380,Very Mild Dementia,1,1,Very Mild Dementia,1,0.3538854536505137,0.39430895117874565,0.2518055951707407,0.0
OASIS_1,RandomForest,13,test,motion__mild,motion,mild,D:\OASIS_1\distortions_32\motion\mild\Very_Mild_Dementia\OAS1_0380\OAS1_0380_slice_06_z051.png,Very_Mild_Dementia/OAS1_0380/OAS1_0380_slice_06_z051.png,Very Mild Dementia/OAS1_0380/OAS1_0380_slice_06_z051.png,OAS1_0380,Very Mild Dementia,1,1,Very Mild Dementia,1,0.3769753860867251,0.39207473870685516,0.22761654187308641,0.0033333333333333335
OASIS_1,RandomForest,13,test,motion__mild,motion,mild,D:\OASIS_1\distortions_32\motion\mild\Very_Mild_Dementia\OAS1_0380\OAS1_0380_slice_07_z054.png,Very_Mild_Dementia/OAS1_0380/OAS1_0380_slice_07_z054.png,Very Mild Dementia/OAS1_0380/OAS1_0380_slice_07_z054.png,OAS1_0380,Very Mild Dementia,1,1,Very Mild Dementia,1,0.36474809943183195,0.3827907422853777,0.2524611582827903,0.0
OASIS_1,RandomForest,13,test,motion__mild,motion,mild,D:\OASIS_1\distortions_32\motion\mild\Very_Mild_Dementia\OAS1_0380\OAS1_0380_slice_08_z057.png,Very_Mild_Dementia/OAS1_0380/OAS1_0380_slice_08_z057.png,Very Mild Dementia/OAS1_0380/OAS1_0380_slice_08_z057.png,OAS1_0380,Very Mild Dementia,1,1,Very Mild Dementia,1,0.33357942751329783,0.37856321425619033,0.28785735823051195,0.0
OASIS_1,RandomForest,13,test,motion__mild,motion,mild,D:\OASIS_1\distortions_32\motion\mild\Very_Mild_Dementia\OAS1_0380\OAS1_0380_slice_09_z059.png,Very_Mild_Dementia/OAS1_0380/OAS1_0380_slice_09_z059.png,Very Mild Dementia/OAS1_0380/OAS1_0380_slice_09_z059.png,OAS1_0380,Very Mild Dementia,1,1,Very Mild Dementia,1,0.3175736499760663,0.3794808003729677,0.29627888298429955,0.006666666666666667
OASIS_1,RandomForest,13,test,motion__mild,motion,mild,D:\OASIS_1\distortions_32\motion\mild\Very_Mild_Dementia\OAS1_0380\OAS1_0380_slice_10_z062.png,Very_Mild_Dementia/OAS1_0380/OAS1_0380_slice_10_z062.png,Very Mild Dementia/OAS1_0380/OAS1_0380_slice_10_z062.png,OAS1_0380,Very Mild Dementia,1,1,Very Mild Dementia,1,0.28716072640087,0.3557462721841515,0.3504263347483118,0.006666666666666667
OASIS_1,RandomForest,13,test,motion__mild,motion,mild,D:\OASIS_1\distortions_32\motion\mild\Very_Mild_Dementia\OAS1_0380\OAS1_0380_slice_11_z065.png,Very_Mild_Dementia/OAS1_0380/OAS1_0380_slice_11_z065.png,Very Mild Dementia/OAS1_0380/OAS1_0380_slice_11_z065.png,OAS1_0380,Very Mild Dementia,1,1,Very Mild Dementia,1,0.3198195187762124,0.3793721565046395,0.29747499138581474,0.0033333333333333335
OASIS_1,RandomForest,13,test,motion__mild,motion,mild,D:\OASIS_1\distortions_32\motion\mild\Very_Mild_Dementia\OAS1_0380\OAS1_0380_slice_12_z068.png,Very_Mild_Dementia/OAS1_0380/OAS1_0380_slice_12_z068.png,Very Mild Dementia/OAS1_0380/OAS1_0380_slice_12_z068.png,OAS1_0380,Very Mild Dementia,1,1,Very Mild Dementia,1,0.32853745495416425,0.39397877208067333,0.2774837729651625,0.0
OASIS_1,RandomForest,13,test,motion__mild,motion,mild,D:\OASIS_1\distortions_32\motion\mild\Very_Mild_Dementia\OAS1_0380\OAS1_0380_slice_13_z070.png,Very_Mild_Dementia/OAS1_0380/OAS1_0380_slice_13_z070.png,Very Mild Dementia/OAS1_0380/OAS1_0380_slice_13_z070.png,OAS1_0380,Very Mild Dementia,1,1,Very Mild Dementia,1,0.34547558977342957,0.41826122213715283,0.2362631880894176,0.0
OASIS_1,RandomForest,13,test,motion__mild,motion,mild,D:\OASIS_1\distortions_32\motion\mild\Very_Mild_Dementia\OAS1_0380\OAS1_0380_slice_14_z073.png,Very_Mild_Dementia/OAS1_0380/OAS1_0380_slice_14_z073.png,Very Mild Dementia/OAS1_0380/OAS1_0380_slice_14_z073.png,OAS1_0380,Very Mild Dementia,1,0,Non-Demented,0,0.39125016617418024,0.3788872944258758,0.22986253939994417,0.0
OASIS_1,RandomForest,13,test,motion__mild,motion,mild,D:\OASIS_1\distortions_32\motion\mild\Very_Mild_Dementia\OAS1_0380\OAS1_0380_slice_15_z076.png,Very_Mild_Dementia/OAS1_0380/OAS1_0380_slice_15_z076.png,Very Mild Dementia/OAS1_0380/OAS1_0380_slice_15_z076.png,OAS1_0380,Very Mild Dementia,1,0,Non-Demented,0,0.39406715324904146,0.34792325387776263,0.2546762595398628,0.0033333333333333335
OASIS_1,RandomForest,13,test,motion__mild,motion,mild,D:\OASIS_1\distortions_32\motion\mild\Very_Mild_Dementia\OAS1_0380\OAS1_0380_slice_16_z078.png,Very_Mild_Dementia/OAS1_0380/OAS1_0380_slice_16_z078.png,Very Mild Dementia/OAS1_0380/OAS1_0380_slice_16_z078.png,OAS1_0380,Very Mild Dementia,1,0,Non-Demented,0,0.3909775763210993,0.3444903374477025,0.2611987528978649,0.0033333333333333335
OASIS_1,RandomForest,13,test,motion__mild,motion,mild,D:\OASIS_1\distortions_32\motion\mild\Very_Mild_Dementia\OAS1_0380\OAS1_0380_slice_17_z081.png,Very_Mild_Dementia/OAS1_0380/OAS1_0380_slice_17_z081.png,Very Mild Dementia/OAS1_0380/OAS1_0380_slice_17_z081.png,OAS1_0380,Very Mild Dementia,1,0,Non-Demented,0,0.39110395174527757,0.3341653833638165,0.27473066489090586,0.0
OASIS_1,RandomForest,13,test,motion__mild,motion,mild,D:\OASIS_1\distortions_32\motion\mild\Very_Mild_Dementia\OAS1_0380\OAS1_0380_slice_18_z084.png,Very_Mild_Dementia/OAS1_0380/OAS1_0380_slice_18_z084.png,Very Mild Dementia/OAS1_0380/OAS1_0380_slice_18_z084.png,OAS1_0380,Very Mild Dementia,1,0,Non-Demented,0,0.42501137503008735,0.34156007595383175,0.23342854901608098,0.0
OASIS_1,RandomForest,13,test,motion__mild,motion,mild,D:\OASIS_1\distortions_32\motion\mild\Very_Mild_Dementia\OAS1_0380\OAS1_0380_slice_19_z086.png,Very_Mild_Dementia/OAS1_0380/OAS1_0380_slice_19_z086.png,Very Mild Dementia/OAS1_0380/OAS1_0380_slice_19_z086.png,OAS1_0380,Very Mild Dementia,1,0,Non-Demented,0,0.4271311445655404,0.329607716318149,0.23659447244964396,0.006666666666666667
OASIS_1,RandomForest,13,test,motion__mild,motion,mild,D:\OASIS_1\distortions_32\motion\mild\Very_Mild_Dementia\OAS1_0380\OAS1_0380_slice_20_z089.png,Very_Mild_Dementia/OAS1_0380/OAS1_0380_slice_20_z089.png,Very Mild Dementia/OAS1_0380/OAS1_0380_slice_20_z089.png,OAS1_0380,Very Mild Dementia,1,0,Non-Demented,0,0.48916859136679286,0.3086306648707007,0.2022007437625063,0.0
OASIS_1,RandomForest,13,test,motion__mild,motion,mild,D:\OASIS_1\distortions_32\motion\mild\Very_Mild_Dementia\OAS1_0400\OAS1_0400_slice_01_z038.png,Very_Mild_Dementia/OAS1_0400/OAS1_0400_slice_01_z038.png,Very Mild Dementia/OAS1_0400/OAS1_0400_slice_01_z038.png,OAS1_0400,Very Mild Dementia,1,0,Non-Demented,0,0.5124671918208656,0.29305852083559547,0.19447428734353908,0.0
OASIS_1,RandomForest,13,test,motion__mild,motion,mild,D:\OASIS_1\distortions_32\motion\mild\Very_Mild_Dementia\OAS1_0400\OAS1_0400_slice_02_z041.png,Very_Mild_Dementia/OAS1_0400/OAS1_0400_slice_02_z041.png,Very Mild Dementia/OAS1_0400/OAS1_0400_slice_02_z041.png,OAS1_0400,Very Mild Dementia,1,0,Non-Demented,0,0.4729054885277688,0.3058484790964305,0.21791269904246774,0.0033333333333333335
OASIS_1,RandomForest,13,test,motion__mild,motion,mild,D:\OASIS_1\distortions_32\motion\mild\Very_Mild_Dementia\OAS1_0400\OAS1_0400_slice_03_z043.png,Very_Mild_Dementia/OAS1_0400/OAS1_0400_slice_03_z043.png,Very Mild Dementia/OAS1_0400/OAS1_0400_slice_03_z043.png,OAS1_0400,Very Mild Dementia,1,0,Non-Demented,0,0.4616121220800598,0.27891898359409806,0.2594688943258421,0.0
OASIS_1,RandomForest,13,test,motion__mild,motion,mild,D:\OASIS_1\distortions_32\motion\mild\Very_Mild_Dementia\OAS1_0400\OAS1_0400_slice_04_z046.png,Very_Mild_Dementia/OAS1_0400/OAS1_0400_slice_04_z046.png,Very Mild Dementia/OAS1_0400/OAS1_0400_slice_04_z046.png,OAS1_0400,Very Mild Dementia,1,0,Non-Demented,0,0.5103072584630752,0.27400168201012093,0.21235772619347054,0.0033333333333333335
OASIS_1,RandomForest,13,test,motion__mild,motion,mild,D:\OASIS_1\distortions_32\motion\mild\Very_Mild_Dementia\OAS1_0400\OAS1_0400_slice_05_z049.png,Very_Mild_Dementia/OAS1_0400/OAS1_0400_slice_05_z049.png,Very Mild Dementia/OAS1_0400/OAS1_0400_slice_05_z049.png,OAS1_0400,Very Mild Dementia,1,0,Non-Demented,0,0.47246395241087547,0.3177061657000727,0.20316321522238542,0.006666666666666667
OASIS_1,RandomForest,13,test,motion__mild,motion,mild,D:\OASIS_1\distortions_32\motion\mild\Very_Mild_Dementia\OAS1_0400\OAS1_0400_slice_06_z051.png,Very_Mild_Dementia/OAS1_0400/OAS1_0400_slice_06_z051.png,Very Mild Dementia/OAS1_0400/OAS1_0400_slice_06_z051.png,OAS1_0400,Very Mild Dementia,1,0,Non-Demented,0,0.4745825792355491,0.31720965080863867,0.20487443662247912,0.0033333333333333335
OASIS_1,RandomForest,13,test,motion__mild,motion,mild,D:\OASIS_1\distortions_32\motion\mild\Very_Mild_Dementia\OAS1_0400\OAS1_0400_slice_07_z054.png,Very_Mild_Dementia/OAS1_0400/OAS1_0400_slice_07_z054.png,Very Mild Dementia/OAS1_0400/OAS1_0400_slice_07_z054.png,OAS1_0400,Very Mild Dementia,1,0,Non-Demented,0,0.5155293441199742,0.30366973362535,0.17746758892134273,0.0033333333333333335
OASIS_1,RandomForest,13,test,motion__mild,motion,mild,D:\OASIS_1\distortions_32\motion\mild\Very_Mild_Dementia\OAS1_0400\OAS1_0400_slice_08_z057.png,Very_Mild_Dementia/OAS1_0400/OAS1_0400_slice_08_z057.png,Very Mild Dementia/OAS1_0400/OAS1_0400_slice_08_z057.png,OAS1_0400,Very Mild Dementia,1,0,Non-Demented,0,0.45765881661818514,0.307115298171361,0.2285592185437873,0.006666666666666667
OASIS_1,RandomForest,13,test,motion__mild,motion,mild,D:\OASIS_1\distortions_32\motion\mild\Very_Mild_Dementia\OAS1_0400\OAS1_0400_slice_09_z059.png,Very_Mild_Dementia/OAS1_0400/OAS1_0400_slice_09_z059.png,Very Mild Dementia/OAS1_0400/OAS1_0400_slice_09_z059.png,OAS1_0400,Very Mild Dementia,1,0,Non-Demented,0,0.49550701242366035,0.325463822791467,0.17569583145153922,0.0033333333333333335
OASIS_1,RandomForest,13,test,motion__mild,motion,mild,D:\OASIS_1\distortions_32\motion\mild\Very_Mild_Dementia\OAS1_0400\OAS1_0400_slice_10_z062.png,Very_Mild_Dementia/OAS1_0400/OAS1_0400_slice_10_z062.png,Very Mild Dementia/OAS1_0400/OAS1_0400_slice_10_z062.png,OAS1_0400,Very Mild Dementia,1,0,Non-Demented,0,0.46627488875477097,0.29129903875093927,0.23909273916095647,0.0033333333333333335
OASIS_1,RandomForest,13,test,motion__mild,motion,mild,D:\OASIS_1\distortions_32\motion\mild\Very_Mild_Dementia\OAS1_0400\OAS1_0400_slice_11_z065.png,Very_Mild_Dementia/OAS1_0400/OAS1_0400_slice_11_z065.png,Very Mild Dementia/OAS1_0400/OAS1_0400_slice_11_z065.png,OAS1_0400,Very Mild Dementia,1,0,Non-Demented,0,0.5023891019574627,0.27797678722734787,0.21630077748185614,0.0033333333333333335
OASIS_1,RandomForest,13,test,motion__mild,motion,mild,D:\OASIS_1\distortions_32\motion\mild\Very_Mild_Dementia\OAS1_0400\OAS1_0400_slice_12_z068.png,Very_Mild_Dementia/OAS1_0400/OAS1_0400_slice_12_z068.png,Very Mild Dementia/OAS1_0400/OAS1_0400_slice_12_z068.png,OAS1_0400,Very Mild Dementia,1,0,Non-Demented,0,0.5113648971548308,0.2732527982485187,0.2153823045966504,0.0
OASIS_1,RandomForest,13,test,motion__mild,motion,mild,D:\OASIS_1\distortions_32\motion\mild\Very_Mild_Dementia\OAS1_0400\OAS1_0400_slice_13_z070.png,Very_Mild_Dementia/OAS1_0400/OAS1_0400_slice_13_z070.png,Very Mild Dementia/OAS1_0400/OAS1_0400_slice_13_z070.png,OAS1_0400,Very Mild Dementia,1,0,Non-Demented,0,0.4299995555735749,0.3273500057099479,0.24265043871647737,0.0
OASIS_1,RandomForest,13,test,motion__mild,motion,mild,D:\OASIS_1\distortions_32\motion\mild\Very_Mild_Dementia\OAS1_0400\OAS1_0400_slice_14_z073.png,Very_Mild_Dementia/OAS1_0400/OAS1_0400_slice_14_z073.png,Very Mild Dementia/OAS1_0400/OAS1_0400_slice_14_z073.png,OAS1_0400,Very Mild Dementia,1,0,Non-Demented,0,0.47541377446299066,0.2843153867107205,0.23693750549295534,0.0033333333333333335
OASIS_1,RandomForest,13,test,motion__mild,motion,mild,D:\OASIS_1\distortions_32\motion\mild\Very_Mild_Dementia\OAS1_0400\OAS1_0400_slice_15_z076.png,Very_Mild_Dementia/OAS1_0400/OAS1_0400_slice_15_z076.png,Very Mild Dementia/OAS1_0400/OAS1_0400_slice_15_z076.png,OAS1_0400,Very Mild Dementia,1,0,Non-Demented,0,0.4974574425802983,0.2654813191798054,0.2337279049065631,0.0033333333333333335
OASIS_1,RandomForest,13,test,motion__mild,motion,mild,D:\OASIS_1\distortions_32\motion\mild\Very_Mild_Dementia\OAS1_0400\OAS1_0400_slice_16_z078.png,Very_Mild_Dementia/OAS1_0400/OAS1_0400_slice_16_z078.png,Very Mild Dementia/OAS1_0400/OAS1_0400_slice_16_z078.png,OAS1_0400,Very Mild Dementia,1,0,Non-Demented,0,0.49379987671209874,0.25946709212313324,0.24339969783143492,0.0033333333333333335
OASIS_1,RandomForest,13,test,motion__mild,motion,mild,D:\OASIS_1\distortions_32\motion\mild\Very_Mild_Dementia\OAS1_0400\OAS1_0400_slice_17_z081.png,Very_Mild_Dementia/OAS1_0400/OAS1_0400_slice_17_z081.png,Very Mild Dementia/OAS1_0400/OAS1_0400_slice_17_z081.png,OAS1_0400,Very Mild Dementia,1,0,Non-Demented,0,0.5530185537002142,0.24558897473809263,0.20139247156169307,0.0
OASIS_1,RandomForest,13,test,motion__mild,motion,mild,D:\OASIS_1\distortions_32\motion\mild\Very_Mild_Dementia\OAS1_0400\OAS1_0400_slice_18_z084.png,Very_Mild_Dementia/OAS1_0400/OAS1_0400_slice_18_z084.png,Very Mild Dementia/OAS1_0400/OAS1_0400_slice_18_z084.png,OAS1_0400,Very Mild Dementia,1,0,Non-Demented,0,0.5428223615806278,0.25297958868539605,0.20419804973397587,0.0
OASIS_1,RandomForest,13,test,motion__mild,motion,mild,D:\OASIS_1\distortions_32\motion\mild\Very_Mild_Dementia\OAS1_0400\OAS1_0400_slice_19_z086.png,Very_Mild_Dementia/OAS1_0400/OAS1_0400_slice_19_z086.png,Very Mild Dementia/OAS1_0400/OAS1_0400_slice_19_z086.png,OAS1_0400,Very Mild Dementia,1,0,Non-Demented,0,0.5125910228567552,0.2461377079624267,0.23127126918081806,0.01
OASIS_1,RandomForest,13,test,motion__mild,motion,mild,D:\OASIS_1\distortions_32\motion\mild\Very_Mild_Dementia\OAS1_0400\OAS1_0400_slice_20_z089.png,Very_Mild_Dementia/OAS1_0400/OAS1_0400_slice_20_z089.png,Very Mild Dementia/OAS1_0400/OAS1_0400_slice_20_z089.png,OAS1_0400,Very Mild Dementia,1,0,Non-Demented,0,0.4812239423043864,0.2780895056987656,0.24068655199684813,0.0
OASIS_1,RandomForest,13,test,motion__mild,motion,mild,D:\OASIS_1\distortions_32\motion\mild\Very_Mild_Dementia\OAS1_0432\OAS1_0432_slice_01_z038.png,Very_Mild_Dementia/OAS1_0432/OAS1_0432_slice_01_z038.png,Very Mild Dementia/OAS1_0432/OAS1_0432_slice_01_z038.png,OAS1_0432,Very Mild Dementia,1,0,Non-Demented,0,0.6088975966305743,0.24226638388961963,0.14883601947980593,0.0
OASIS_1,RandomForest,13,test,motion__mild,motion,mild,D:\OASIS_1\distortions_32\motion\mild\Very_Mild_Dementia\OAS1_0432\OAS1_0432_slice_02_z041.png,Very_Mild_Dementia/OAS1_0432/OAS1_0432_slice_02_z041.png,Very Mild Dementia/OAS1_0432/OAS1_0432_slice_02_z041.png,OAS1_0432,Very Mild Dementia,1,0,Non-Demented,0,0.6379801868093443,0.22120140494593798,0.14081840824471778,0.0
OASIS_1,RandomForest,13,test,motion__mild,motion,mild,D:\OASIS_1\distortions_32\motion\mild\Very_Mild_Dementia\OAS1_0432\OAS1_0432_slice_03_z043.png,Very_Mild_Dementia/OAS1_0432/OAS1_0432_slice_03_z043.png,Very Mild Dementia/OAS1_0432/OAS1_0432_slice_03_z043.png,OAS1_0432,Very Mild Dementia,1,0,Non-Demented,0,0.6204822574613136,0.27819842670167805,0.10131931583700839,0.0
OASIS_1,RandomForest,13,test,motion__mild,motion,mild,D:\OASIS_1\distortions_32\motion\mild\Very_Mild_Dementia\OAS1_0432\OAS1_0432_slice_04_z046.png,Very_Mild_Dementia/OAS1_0432/OAS1_0432_slice_04_z046.png,Very Mild Dementia/OAS1_0432/OAS1_0432_slice_04_z046.png,OAS1_0432,Very Mild Dementia,1,0,Non-Demented,0,0.6331465777322636,0.2477888962587128,0.11906452600902352,0.0
OASIS_1,RandomForest,13,test,motion__mild,motion,mild,D:\OASIS_1\distortions_32\motion\mild\Very_Mild_Dementia\OAS1_0432\OAS1_0432_slice_05_z049.png,Very_Mild_Dementia/OAS1_0432/OAS1_0432_slice_05_z049.png,Very Mild Dementia/OAS1_0432/OAS1_0432_slice_05_z049.png,OAS1_0432,Very Mild Dementia,1,0,Non-Demented,0,0.6317618206410942,0.2657396432831857,0.10249853607571978,0.0
OASIS_1,RandomForest,13,test,motion__mild,motion,mild,D:\OASIS_1\distortions_32\motion\mild\Very_Mild_Dementia\OAS1_0432\OAS1_0432_slice_06_z051.png,Very_Mild_Dementia/OAS1_0432/OAS1_0432_slice_06_z051.png,Very Mild Dementia/OAS1_0432/OAS1_0432_slice_06_z051.png,OAS1_0432,Very Mild Dementia,1,0,Non-Demented,0,0.5921891298789265,0.2729781977702793,0.13483267235079405,0.0
OASIS_1,RandomForest,13,test,motion__mild,motion,mild,D:\OASIS_1\distortions_32\motion\mild\Very_Mild_Dementia\OAS1_0432\OAS1_0432_slice_07_z054.png,Very_Mild_Dementia/OAS1_0432/OAS1_0432_slice_07_z054.png,Very Mild Dementia/OAS1_0432/OAS1_0432_slice_07_z054.png,OAS1_0432,Very Mild Dementia,1,0,Non-Demented,0,0.5625287009788213,0.2767393358318162,0.1607319631893624,0.0
OASIS_1,RandomForest,13,test,motion__mild,motion,mild,D:\OASIS_1\distortions_32\motion\mild\Very_Mild_Dementia\OAS1_0432\OAS1_0432_slice_08_z057.png,Very_Mild_Dementia/OAS1_0432/OAS1_0432_slice_08_z057.png,Very Mild Dementia/OAS1_0432/OAS1_0432_slice_08_z057.png,OAS1_0432,Very Mild Dementia,1,0,Non-Demented,0,0.5848765990830384,0.28255923781830616,0.13256416309865549,0.0
OASIS_1,RandomForest,13,test,motion__mild,motion,mild,D:\OASIS_1\distortions_32\motion\mild\Very_Mild_Dementia\OAS1_0432\OAS1_0432_slice_09_z059.png,Very_Mild_Dementia/OAS1_0432/OAS1_0432_slice_09_z059.png,Very Mild Dementia/OAS1_0432/OAS1_0432_slice_09_z059.png,OAS1_0432,Very Mild Dementia,1,0,Non-Demented,0,0.5151892983464432,0.2945426795459465,0.18693468877427702,0.0033333333333333335
OASIS_1,RandomForest,13,test,motion__mild,motion,mild,D:\OASIS_1\distortions_32\motion\mild\Very_Mild_Dementia\OAS1_0432\OAS1_0432_slice_10_z062.png,Very_Mild_Dementia/OAS1_0432/OAS1_0432_slice_10_z062.png,Very Mild Dementia/OAS1_0432/OAS1_0432_slice_10_z062.png,OAS1_0432,Very Mild Dementia,1,0,Non-Demented,0,0.48758468523827586,0.2796758351906405,0.23273947957108349,0.0
OASIS_1,RandomForest,13,test,motion__mild,motion,mild,D:\OASIS_1\distortions_32\motion\mild\Very_Mild_Dementia\OAS1_0432\OAS1_0432_slice_11_z065.png,Very_Mild_Dementia/OAS1_0432/OAS1_0432_slice_11_z065.png,Very Mild Dementia/OAS1_0432/OAS1_0432_slice_11_z065.png,OAS1_0432,Very Mild Dementia,1,0,Non-Demented,0,0.481073417884134,0.30190832349533303,0.21701825862053317,0.0
OASIS_1,RandomForest,13,test,motion__mild,motion,mild,D:\OASIS_1\distortions_32\motion\mild\Very_Mild_Dementia\OAS1_0432\OAS1_0432_slice_12_z068.png,Very_Mild_Dementia/OAS1_0432/OAS1_0432_slice_12_z068.png,Very Mild Dementia/OAS1_0432/OAS1_0432_slice_12_z068.png,OAS1_0432,Very Mild Dementia,1,0,Non-Demented,0,0.5428797157995723,0.26573392833835313,0.1913863558620746,0.0
OASIS_1,RandomForest,13,test,motion__mild,motion,mild,D:\OASIS_1\distortions_32\motion\mild\Very_Mild_Dementia\OAS1_0432\OAS1_0432_slice_13_z070.png,Very_Mild_Dementia/OAS1_0432/OAS1_0432_slice_13_z070.png,Very Mild Dementia/OAS1_0432/OAS1_0432_slice_13_z070.png,OAS1_0432,Very Mild Dementia,1,0,Non-Demented,0,0.5864462024560996,0.2671147468501572,0.14643905069374266,0.0
OASIS_1,RandomForest,13,test,motion__mild,motion,mild,D:\OASIS_1\distortions_32\motion\mild\Very_Mild_Dementia\OAS1_0432\OAS1_0432_slice_14_z073.png,Very_Mild_Dementia/OAS1_0432/OAS1_0432_slice_14_z073.png,Very Mild Dementia/OAS1_0432/OAS1_0432_slice_14_z073.png,OAS1_0432,Very Mild Dementia,1,0,Non-Demented,0,0.6198427666022607,0.269513861554585,0.11064337184315413,0.0
OASIS_1,RandomForest,13,test,motion__mild,motion,mild,D:\OASIS_1\distortions_32\motion\mild\Very_Mild_Dementia\OAS1_0432\OAS1_0432_slice_15_z076.png,Very_Mild_Dementia/OAS1_0432/OAS1_0432_slice_15_z076.png,Very Mild Dementia/OAS1_0432/OAS1_0432_slice_15_z076.png,OAS1_0432,Very Mild Dementia,1,0,Non-Demented,0,0.645745907201382,0.26062289750511947,0.09363119529349853,0.0
OASIS_1,RandomForest,13,test,motion__mild,motion,mild,D:\OASIS_1\distortions_32\motion\mild\Very_Mild_Dementia\OAS1_0432\OAS1_0432_slice_16_z078.png,Very_Mild_Dementia/OAS1_0432/OAS1_0432_slice_16_z078.png,Very Mild Dementia/OAS1_0432/OAS1_0432_slice_16_z078.png,OAS1_0432,Very Mild Dementia,1,0,Non-Demented,0,0.6435102742557887,0.272832126215456,0.08365759952875548,0.0
OASIS_1,RandomForest,13,test,motion__mild,motion,mild,D:\OASIS_1\distortions_32\motion\mild\Very_Mild_Dementia\OAS1_0432\OAS1_0432_slice_17_z081.png,Very_Mild_Dementia/OAS1_0432/OAS1_0432_slice_17_z081.png,Very Mild Dementia/OAS1_0432/OAS1_0432_slice_17_z081.png,OAS1_0432,Very Mild Dementia,1,0,Non-Demented,0,0.6128843998249341,0.27854696766864845,0.10856863250641785,0.0
OASIS_1,RandomForest,13,test,motion__mild,motion,mild,D:\OASIS_1\distortions_32\motion\mild\Very_Mild_Dementia\OAS1_0432\OAS1_0432_slice_18_z084.png,Very_Mild_Dementia/OAS1_0432/OAS1_0432_slice_18_z084.png,Very Mild Dementia/OAS1_0432/OAS1_0432_slice_18_z084.png,OAS1_0432,Very Mild Dementia,1,0,Non-Demented,0,0.6119443370344961,0.28005512706831237,0.10800053589719141,0.0
OASIS_1,RandomForest,13,test,motion__mild,motion,mild,D:\OASIS_1\distortions_32\motion\mild\Very_Mild_Dementia\OAS1_0432\OAS1_0432_slice_19_z086.png,Very_Mild_Dementia/OAS1_0432/OAS1_0432_slice_19_z086.png,Very Mild Dementia/OAS1_0432/OAS1_0432_slice_19_z086.png,OAS1_0432,Very Mild Dementia,1,0,Non-Demented,0,0.6085932872363176,0.2694946504680171,0.1219120622956655,0.0
OASIS_1,RandomForest,13,test,motion__mild,motion,mild,D:\OASIS_1\distortions_32\motion\mild\Very_Mild_Dementia\OAS1_0432\OAS1_0432_slice_20_z089.png,Very_Mild_Dementia/OAS1_0432/OAS1_0432_slice_20_z089.png,Very Mild Dementia/OAS1_0432/OAS1_0432_slice_20_z089.png,OAS1_0432,Very Mild Dementia,1,0,Non-Demented,0,0.560939688358565,0.2945809847072507,0.14447932693418453,0.0
OASIS_1,RandomForest,13,test,motion__mild,motion,mild,D:\OASIS_1\distortions_32\motion\mild\Very_Mild_Dementia\OAS1_0454\OAS1_0454_slice_01_z038.png,Very_Mild_Dementia/OAS1_0454/OAS1_0454_slice_01_z038.png,Very Mild Dementia/OAS1_0454/OAS1_0454_slice_01_z038.png,OAS1_0454,Very Mild Dementia,1,0,Non-Demented,0,0.5629311089478897,0.3055563001827447,0.11151259086936567,0.02
OASIS_1,RandomForest,13,test,motion__mild,motion,mild,D:\OASIS_1\distortions_32\motion\mild\Very_Mild_Dementia\OAS1_0454\OAS1_0454_slice_02_z041.png,Very_Mild_Dementia/OAS1_0454/OAS1_0454_slice_02_z041.png,Very Mild Dementia/OAS1_0454/OAS1_0454_slice_02_z041.png,OAS1_0454,Very Mild Dementia,1,0,Non-Demented,0,0.5563809913299478,0.30294509842408013,0.12067391024597204,0.02
OASIS_1,RandomForest,13,test,motion__mild,motion,mild,D:\OASIS_1\distortions_32\motion\mild\Very_Mild_Dementia\OAS1_0454\OAS1_0454_slice_03_z043.png,Very_Mild_Dementia/OAS1_0454/OAS1_0454_slice_03_z043.png,Very Mild Dementia/OAS1_0454/OAS1_0454_slice_03_z043.png,OAS1_0454,Very Mild Dementia,1,0,Non-Demented,0,0.5571304139225436,0.31500735901604543,0.11786222706141092,0.01
OASIS_1,RandomForest,13,test,motion__mild,motion,mild,D:\OASIS_1\distortions_32\motion\mild\Very_Mild_Dementia\OAS1_0454\OAS1_0454_slice_04_z046.png,Very_Mild_Dementia/OAS1_0454/OAS1_0454_slice_04_z046.png,Very Mild Dementia/OAS1_0454/OAS1_0454_slice_04_z046.png,OAS1_0454,Very Mild Dementia,1,0,Non-Demented,0,0.5970787653038143,0.2652531418465831,0.13100142618293595,0.006666666666666667
OASIS_1,RandomForest,13,test,motion__mild,motion,mild,D:\OASIS_1\distortions_32\motion\mild\Very_Mild_Dementia\OAS1_0454\OAS1_0454_slice_05_z049.png,Very_Mild_Dementia/OAS1_0454/OAS1_0454_slice_05_z049.png,Very Mild Dementia/OAS1_0454/OAS1_0454_slice_05_z049.png,OAS1_0454,Very Mild Dementia,1,0,Non-Demented,0,0.6322465589094997,0.23821681426980224,0.11953662682069804,0.01
OASIS_1,RandomForest,13,test,motion__mild,motion,mild,D:\OASIS_1\distortions_32\motion\mild\Very_Mild_Dementia\OAS1_0454\OAS1_0454_slice_06_z051.png,Very_Mild_Dementia/OAS1_0454/OAS1_0454_slice_06_z051.png,Very Mild Dementia/OAS1_0454/OAS1_0454_slice_06_z051.png,OAS1_0454,Very Mild Dementia,1,0,Non-Demented,0,0.5958190526462204,0.2934573773883562,0.09739023663209027,0.013333333333333334
OASIS_1,RandomForest,13,test,motion__mild,motion,mild,D:\OASIS_1\distortions_32\motion\mild\Very_Mild_Dementia\OAS1_0454\OAS1_0454_slice_07_z054.png,Very_Mild_Dementia/OAS1_0454/OAS1_0454_slice_07_z054.png,Very Mild Dementia/OAS1_0454/OAS1_0454_slice_07_z054.png,OAS1_0454,Very Mild Dementia,1,0,Non-Demented,0,0.537192591791995,0.3177644706878584,0.1383762708534801,0.006666666666666667
OASIS_1,RandomForest,13,test,motion__mild,motion,mild,D:\OASIS_1\distortions_32\motion\mild\Very_Mild_Dementia\OAS1_0454\OAS1_0454_slice_08_z057.png,Very_Mild_Dementia/OAS1_0454/OAS1_0454_slice_08_z057.png,Very Mild Dementia/OAS1_0454/OAS1_0454_slice_08_z057.png,OAS1_0454,Very Mild Dementia,1,0,Non-Demented,0,0.567302988408473,0.29431272393179053,0.1317176209930695,0.006666666666666667
OASIS_1,RandomForest,13,test,motion__mild,motion,mild,D:\OASIS_1\distortions_32\motion\mild\Very_Mild_Dementia\OAS1_0454\OAS1_0454_slice_09_z059.png,Very_Mild_Dementia/OAS1_0454/OAS1_0454_slice_09_z059.png,Very Mild Dementia/OAS1_0454/OAS1_0454_slice_09_z059.png,OAS1_0454,Very Mild Dementia,1,0,Non-Demented,0,0.5299895817217204,0.34762673552946416,0.11238368274881529,0.01
OASIS_1,RandomForest,13,test,motion__mild,motion,mild,D:\OASIS_1\distortions_32\motion\mild\Very_Mild_Dementia\OAS1_0454\OAS1_0454_slice_10_z062.png,Very_Mild_Dementia/OAS1_0454/OAS1_0454_slice_10_z062.png,Very Mild Dementia/OAS1_0454/OAS1_0454_slice_10_z062.png,OAS1_0454,Very Mild Dementia,1,0,Non-Demented,0,0.5084668041561734,0.31991324634206814,0.1616199495017584,0.01
OASIS_1,RandomForest,13,test,motion__mild,motion,mild,D:\OASIS_1\distortions_32\motion\mild\Very_Mild_Dementia\OAS1_0454\OAS1_0454_slice_11_z065.png,Very_Mild_Dementia/OAS1_0454/OAS1_0454_slice_11_z065.png,Very Mild Dementia/OAS1_0454/OAS1_0454_slice_11_z065.png,OAS1_0454,Very Mild Dementia,1,0,Non-Demented,0,0.5528541732084213,0.3161666369333225,0.12764585652492272,0.0033333333333333335
OASIS_1,RandomForest,13,test,motion__mild,motion,mild,D:\OASIS_1\distortions_32\motion\mild\Very_Mild_Dementia\OAS1_0454\OAS1_0454_slice_12_z068.png,Very_Mild_Dementia/OAS1_0454/OAS1_0454_slice_12_z068.png,Very Mild Dementia/OAS1_0454/OAS1_0454_slice_12_z068.png,OAS1_0454,Very Mild Dementia,1,0,Non-Demented,0,0.5371374144626908,0.3513285423489296,0.10486737652171277,0.006666666666666667
OASIS_1,RandomForest,13,test,motion__mild,motion,mild,D:\OASIS_1\distortions_32\motion\mild\Very_Mild_Dementia\OAS1_0454\OAS1_0454_slice_13_z070.png,Very_Mild_Dementia/OAS1_0454/OAS1_0454_slice_13_z070.png,Very Mild Dementia/OAS1_0454/OAS1_0454_slice_13_z070.png,OAS1_0454,Very Mild Dementia,1,0,Non-Demented,0,0.5285606319083531,0.33633209512755635,0.12844060629742343,0.006666666666666667
OASIS_1,RandomForest,13,test,motion__mild,motion,mild,D:\OASIS_1\distortions_32\motion\mild\Very_Mild_Dementia\OAS1_0454\OAS1_0454_slice_14_z073.png,Very_Mild_Dementia/OAS1_0454/OAS1_0454_slice_14_z073.png,Very Mild Dementia/OAS1_0454/OAS1_0454_slice_14_z073.png,OAS1_0454,Very Mild Dementia,1,0,Non-Demented,0,0.5492274658191761,0.3209192014080982,0.11985333277272571,0.01
OASIS_1,RandomForest,13,test,motion__mild,motion,mild,D:\OASIS_1\distortions_32\motion\mild\Very_Mild_Dementia\OAS1_0454\OAS1_0454_slice_15_z076.png,Very_Mild_Dementia/OAS1_0454/OAS1_0454_slice_15_z076.png,Very Mild Dementia/OAS1_0454/OAS1_0454_slice_15_z076.png,OAS1_0454,Very Mild Dementia,1,0,Non-Demented,0,0.5886309698490465,0.2713404373269889,0.13669525949063124,0.0033333333333333335
OASIS_1,RandomForest,13,test,motion__mild,motion,mild,D:\OASIS_1\distortions_32\motion\mild\Very_Mild_Dementia\OAS1_0454\OAS1_0454_slice_16_z078.png,Very_Mild_Dementia/OAS1_0454/OAS1_0454_slice_16_z078.png,Very Mild Dementia/OAS1_0454/OAS1_0454_slice_16_z078.png,OAS1_0454,Very Mild Dementia,1,0,Non-Demented,0,0.5693551851275575,0.31601488398542676,0.1146299308870157,0.0
OASIS_1,RandomForest,13,test,motion__mild,motion,mild,D:\OASIS_1\distortions_32\motion\mild\Very_Mild_Dementia\OAS1_0454\OAS1_0454_slice_17_z081.png,Very_Mild_Dementia/OAS1_0454/OAS1_0454_slice_17_z081.png,Very Mild Dementia/OAS1_0454/OAS1_0454_slice_17_z081.png,OAS1_0454,Very Mild Dementia,1,0,Non-Demented,0,0.5805466437182777,0.3161196394416119,0.10000038350677667,0.0033333333333333335
OASIS_1,RandomForest,13,test,motion__mild,motion,mild,D:\OASIS_1\distortions_32\motion\mild\Very_Mild_Dementia\OAS1_0454\OAS1_0454_slice_18_z084.png,Very_Mild_Dementia/OAS1_0454/OAS1_0454_slice_18_z084.png,Very Mild Dementia/OAS1_0454/OAS1_0454_slice_18_z084.png,OAS1_0454,Very Mild Dementia,1,0,Non-Demented,0,0.5778537721444521,0.32669299269948837,0.09211990182272613,0.0033333333333333335
OASIS_1,RandomForest,13,test,motion__mild,motion,mild,D:\OASIS_1\distortions_32\motion\mild\Very_Mild_Dementia\OAS1_0454\OAS1_0454_slice_19_z086.png,Very_Mild_Dementia/OAS1_0454/OAS1_0454_slice_19_z086.png,Very Mild Dementia/OAS1_0454/OAS1_0454_slice_19_z086.png,OAS1_0454,Very Mild Dementia,1,0,Non-Demented,0,0.5563063157217105,0.32235650766379925,0.11800384328115689,0.0033333333333333335
OASIS_1,RandomForest,13,test,motion__mild,motion,mild,D:\OASIS_1\distortions_32\motion\mild\Very_Mild_Dementia\OAS1_0454\OAS1_0454_slice_20_z089.png,Very_Mild_Dementia/OAS1_0454/OAS1_0454_slice_20_z089.png,Very Mild Dementia/OAS1_0454/OAS1_0454_slice_20_z089.png,OAS1_0454,Very Mild Dementia,1,0,Non-Demented,0,0.585219544066825,0.2543879365635285,0.1470591860363131,0.013333333333333334
