dataset,model,seed,split,condition,distortion,severity,file_path,relative_path,sample_key,subject_id,class_name,y_true,y_pred,pred_class_name,correct,score_nondemented,score_verymilddementia,score_milddementia,score_moderatedementia
OASIS_2,LinearSVM,13,test,rotation__moderate,rotation,moderate,D:\OASIS_2\distortions_32\rotation\moderate\Mild_Dementia\OAS2_0014\OAS2_0014_slice_01_z077.png,Mild_Dementia/OAS2_0014/OAS2_0014_slice_01_z077.png,Mild Dementia/OAS2_0014/OAS2_0014_slice_01_z077.png,OAS2_0014,Mild Dementia,2,1,Very Mild Dementia,0,3.7028681168883293,4.2997484442248926,-4.353718206748507,-3.1068167898373242
OASIS_2,LinearSVM,13,test,rotation__moderate,rotation,moderate,D:\OASIS_2\distortions_32\rotation\moderate\Mild_Dementia\OAS2_0014\OAS2_0014_slice_02_z082.png,Mild_Dementia/OAS2_0014/OAS2_0014_slice_02_z082.png,Mild Dementia/OAS2_0014/OAS2_0014_slice_02_z082.png,OAS2_0014,Mild Dementia,2,2,Mild Dementia,1,-1.2879076915330665,-25.602683722523807,3.746171113683895,-1.528542518899026
OASIS_2,LinearSVM,13,test,rotation__moderate,rotation,moderate,D:\OASIS_2\distortions_32\rotation\moderate\Mild_Dementia\OAS2_0014\OAS2_0014_slice_03_z088.png,Mild_Dementia/OAS2_0014/OAS2_0014_slice_03_z088.png,Mild Dementia/OAS2_0014/OAS2_0014_slice_03_z088.png,OAS2_0014,Mild Dementia,2,2,Mild Dementia,1,-3.3684034818878597,-25.911733887928328,5.512266976718863,-0.9522497021034924
OASIS_2,LinearSVM,13,test,rotation__moderate,rotation,moderate,D:\OASIS_2\distortions_32\rotation\moderate\Mild_Dementia\OAS2_0014\OAS2_0014_slice_04_z093.png,Mild_Dementia/OAS2_0014/OAS2_0014_slice_04_z093.png,Mild Dementia/OAS2_0014/OAS2_0014_slice_04_z093.png,OAS2_0014,Mild Dementia,2,1,Very Mild Dementia,0,-4.203686365680474,4.58890057715868,-4.232657298533846,-2.1161432065671413
OASIS_2,LinearSVM,13,test,rotation__moderate,rotation,moderate,D:\OASIS_2\distortions_32\rotation\moderate\Mild_Dementia\OAS2_0014\OAS2_0014_slice_05_z098.png,Mild_Dementia/OAS2_0014/OAS2_0014_slice_05_z098.png,Mild Dementia/OAS2_0014/OAS2_0014_slice_05_z098.png,OAS2_0014,Mild Dementia,2,1,Very Mild Dementia,0,-9.438565716039525,7.721786643145008,-3.3904472756567086,-1.9966358923075653
OASIS_2,LinearSVM,13,test,rotation__moderate,rotation,moderate,D:\OASIS_2\distortions_32\rotation\moderate\Mild_Dementia\OAS2_0014\OAS2_0014_slice_06_z104.png,Mild_Dementia/OAS2_0014/OAS2_0014_slice_06_z104.png,Mild Dementia/OAS2_0014/OAS2_0014_slice_06_z104.png,OAS2_0014,Mild Dementia,2,0,Non-Demented,0,10.312845823011452,-31.065780867650403,5.217280453552515,-1.6962207686843824
OASIS_2,LinearSVM,13,test,rotation__moderate,rotation,moderate,D:\OASIS_2\distortions_32\rotation\moderate\Mild_Dementia\OAS2_0014\OAS2_0014_slice_07_z109.png,Mild_Dementia/OAS2_0014/OAS2_0014_slice_07_z109.png,Mild Dementia/OAS2_0014/OAS2_0014_slice_07_z109.png,OAS2_0014,Mild Dementia,2,0,Non-Demented,0,13.17917274640652,-30.711931997028316,4.4083101553019635,-1.5414512347546956
OASIS_2,LinearSVM,13,test,rotation__moderate,rotation,moderate,D:\OASIS_2\distortions_32\rotation\moderate\Mild_Dementia\OAS2_0014\OAS2_0014_slice_08_z114.png,Mild_Dementia/OAS2_0014/OAS2_0014_slice_08_z114.png,Mild Dementia/OAS2_0014/OAS2_0014_slice_08_z114.png,OAS2_0014,Mild Dementia,2,2,Mild Dementia,1,0.5814137871913929,-24.366604302175908,5.305304688158699,-1.28570837629219
OASIS_2,LinearSVM,13,test,rotation__moderate,rotation,moderate,D:\OASIS_2\distortions_32\rotation\moderate\Mild_Dementia\OAS2_0014\OAS2_0014_slice_09_z120.png,Mild_Dementia/OAS2_0014/OAS2_0014_slice_09_z120.png,Mild Dementia/OAS2_0014/OAS2_0014_slice_09_z120.png,OAS2_0014,Mild Dementia,2,0,Non-Demented,0,6.17341879152867,-25.018625274922492,3.5099669648317326,-1.4328997071083909
OASIS_2,LinearSVM,13,test,rotation__moderate,rotation,moderate,D:\OASIS_2\distortions_32\rotation\moderate\Mild_Dementia\OAS2_0014\OAS2_0014_slice_10_z125.png,Mild_Dementia/OAS2_0014/OAS2_0014_slice_10_z125.png,Mild Dementia/OAS2_0014/OAS2_0014_slice_10_z125.png,OAS2_0014,Mild Dementia,2,1,Very Mild Dementia,0,-4.581941218965266,9.856908656280297,-1.0185815643799694,-2.8866965556811692
OASIS_2,LinearSVM,13,test,rotation__moderate,rotation,moderate,D:\OASIS_2\distortions_32\rotation\moderate\Mild_Dementia\OAS2_0014\OAS2_0014_slice_11_z130.png,Mild_Dementia/OAS2_0014/OAS2_0014_slice_11_z130.png,Mild Dementia/OAS2_0014/OAS2_0014_slice_11_z130.png,OAS2_0014,Mild Dementia,2,1,Very Mild Dementia,0,-5.453346535732994,10.883618119147123,-0.6330794096800809,-2.5527040139289237
OASIS_2,LinearSVM,13,test,rotation__moderate,rotation,moderate,D:\OASIS_2\distortions_32\rotation\moderate\Mild_Dementia\OAS2_0014\OAS2_0014_slice_12_z135.png,Mild_Dementia/OAS2_0014/OAS2_0014_slice_12_z135.png,Mild Dementia/OAS2_0014/OAS2_0014_slice_12_z135.png,OAS2_0014,Mild Dementia,2,1,Very Mild Dementia,0,-6.581443060890045,5.445828314145311,2.1610911422793513,-2.259383842627204
OASIS_2,LinearSVM,13,test,rotation__moderate,rotation,moderate,D:\OASIS_2\distortions_32\rotation\moderate\Mild_Dementia\OAS2_0014\OAS2_0014_slice_13_z141.png,Mild_Dementia/OAS2_0014/OAS2_0014_slice_13_z141.png,Mild Dementia/OAS2_0014/OAS2_0014_slice_13_z141.png,OAS2_0014,Mild Dementia,2,1,Very Mild Dementia,0,-10.643848272012672,17.681103369178555,-0.09148823425307473,-2.1911430758178336
OASIS_2,LinearSVM,13,test,rotation__moderate,rotation,moderate,D:\OASIS_2\distortions_32\rotation\moderate\Mild_Dementia\OAS2_0014\OAS2_0014_slice_14_z146.png,Mild_Dementia/OAS2_0014/OAS2_0014_slice_14_z146.png,Mild Dementia/OAS2_0014/OAS2_0014_slice_14_z146.png,OAS2_0014,Mild Dementia,2,1,Very Mild Dementia,0,-7.370243134102639,13.16422118206739,-0.33139267702649766,-2.271373507546094
OASIS_2,LinearSVM,13,test,rotation__moderate,rotation,moderate,D:\OASIS_2\distortions_32\rotation\moderate\Mild_Dementia\OAS2_0014\OAS2_0014_slice_15_z151.png,Mild_Dementia/OAS2_0014/OAS2_0014_slice_15_z151.png,Mild Dementia/OAS2_0014/OAS2_0014_slice_15_z151.png,OAS2_0014,Mild Dementia,2,0,Non-Demented,0,14.385177980748079,-25.40270170643024,4.81556055635645,-2.128367038662294
OASIS_2,LinearSVM,13,test,rotation__moderate,rotation,moderate,D:\OASIS_2\distortions_32\rotation\moderate\Mild_Dementia\OAS2_0014\OAS2_0014_slice_16_z157.png,Mild_Dementia/OAS2_0014/OAS2_0014_slice_16_z157.png,Mild Dementia/OAS2_0014/OAS2_0014_slice_16_z157.png,OAS2_0014,Mild Dementia,2,1,Very Mild Dementia,0,-7.607518722226732,12.978168158544753,-2.9858379484272874,-2.932353864789288
OASIS_2,LinearSVM,13,test,rotation__moderate,rotation,moderate,D:\OASIS_2\distortions_32\rotation\moderate\Mild_Dementia\OAS2_0014\OAS2_0014_slice_17_z162.png,Mild_Dementia/OAS2_0014/OAS2_0014_slice_17_z162.png,Mild Dementia/OAS2_0014/OAS2_0014_slice_17_z162.png,OAS2_0014,Mild Dementia,2,1,Very Mild Dementia,0,-7.5406116877917935,10.475787510941709,-4.3637877351073415,-2.9874959538993817
OASIS_2,LinearSVM,13,test,rotation__moderate,rotation,moderate,D:\OASIS_2\distortions_32\rotation\moderate\Mild_Dementia\OAS2_0014\OAS2_0014_slice_18_z167.png,Mild_Dementia/OAS2_0014/OAS2_0014_slice_18_z167.png,Mild Dementia/OAS2_0014/OAS2_0014_slice_18_z167.png,OAS2_0014,Mild Dementia,2,1,Very Mild Dementia,0,-13.884432115631684,15.63731006501829,0.24760748497248075,-2.935976027477272
OASIS_2,LinearSVM,13,test,rotation__moderate,rotation,moderate,D:\OASIS_2\distortions_32\rotation\moderate\Mild_Dementia\OAS2_0014\OAS2_0014_slice_19_z173.png,Mild_Dementia/OAS2_0014/OAS2_0014_slice_19_z173.png,Mild Dementia/OAS2_0014/OAS2_0014_slice_19_z173.png,OAS2_0014,Mild Dementia,2,1,Very Mild Dementia,0,-6.930794646600463,15.857924087039429,-0.20964479643680356,-2.97225585329072
OASIS_2,LinearSVM,13,test,rotation__moderate,rotation,moderate,D:\OASIS_2\distortions_32\rotation\moderate\Mild_Dementia\OAS2_0014\OAS2_0014_slice_20_z178.png,Mild_Dementia/OAS2_0014/OAS2_0014_slice_20_z178.png,Mild Dementia/OAS2_0014/OAS2_0014_slice_20_z178.png,OAS2_0014,Mild Dementia,2,1,Very Mild Dementia,0,-3.7869743598863006,8.943227499122319,1.3471172031173393,-2.7790815564012865
OASIS_2,LinearSVM,13,test,rotation__moderate,rotation,moderate,D:\OASIS_2\distortions_32\rotation\moderate\Mild_Dementia\OAS2_0050\OAS2_0050_slice_01_z077.png,Mild_Dementia/OAS2_0050/OAS2_0050_slice_01_z077.png,Mild Dementia/OAS2_0050/OAS2_0050_slice_01_z077.png,OAS2_0050,Mild Dementia,2,1,Very Mild Dementia,0,-6.405518306555464,7.52238527490196,0.00922162483758715,-2.397235509105405
OASIS_2,LinearSVM,13,test,rotation__moderate,rotation,moderate,D:\OASIS_2\distortions_32\rotation\moderate\Mild_Dementia\OAS2_0050\OAS2_0050_slice_02_z082.png,Mild_Dementia/OAS2_0050/OAS2_0050_slice_02_z082.png,Mild Dementia/OAS2_0050/OAS2_0050_slice_02_z082.png,OAS2_0050,Mild Dementia,2,1,Very Mild Dementia,0,-6.687333581765822,9.200179015676579,-0.40487374521171304,-2.5196727032698054
OASIS_2,LinearSVM,13,test,rotation__moderate,rotation,moderate,D:\OASIS_2\distortions_32\rotation\moderate\Mild_Dementia\OAS2_0050\OAS2_0050_slice_03_z088.png,Mild_Dementia/OAS2_0050/OAS2_0050_slice_03_z088.png,Mild Dementia/OAS2_0050/OAS2_0050_slice_03_z088.png,OAS2_0050,Mild Dementia,2,1,Very Mild Dementia,0,-7.072951590831067,6.019308315498499,0.801454702595167,-2.4347520376502856
OASIS_2,LinearSVM,13,test,rotation__moderate,rotation,moderate,D:\OASIS_2\distortions_32\rotation\moderate\Mild_Dementia\OAS2_0050\OAS2_0050_slice_04_z093.png,Mild_Dementia/OAS2_0050/OAS2_0050_slice_04_z093.png,Mild Dementia/OAS2_0050/OAS2_0050_slice_04_z093.png,OAS2_0050,Mild Dementia,2,2,Mild Dementia,1,-0.6101557626734371,-10.721370518315412,-0.154713428972435,-1.8851976101558325
OASIS_2,LinearSVM,13,test,rotation__moderate,rotation,moderate,D:\OASIS_2\distortions_32\rotation\moderate\Mild_Dementia\OAS2_0050\OAS2_0050_slice_05_z098.png,Mild_Dementia/OAS2_0050/OAS2_0050_slice_05_z098.png,Mild Dementia/OAS2_0050/OAS2_0050_slice_05_z098.png,OAS2_0050,Mild Dementia,2,0,Non-Demented,0,2.7169998908757083,-11.792725114996989,-0.7120991342888501,-2.9324898610631895
OASIS_2,LinearSVM,13,test,rotation__moderate,rotation,moderate,D:\OASIS_2\distortions_32\rotation\moderate\Mild_Dementia\OAS2_0050\OAS2_0050_slice_06_z104.png,Mild_Dementia/OAS2_0050/OAS2_0050_slice_06_z104.png,Mild Dementia/OAS2_0050/OAS2_0050_slice_06_z104.png,OAS2_0050,Mild Dementia,2,1,Very Mild Dementia,0,-10.273110407529833,12.549206386427311,-1.916348787668682,-2.471444244027795
OASIS_2,LinearSVM,13,test,rotation__moderate,rotation,moderate,D:\OASIS_2\distortions_32\rotation\moderate\Mild_Dementia\OAS2_0050\OAS2_0050_slice_07_z109.png,Mild_Dementia/OAS2_0050/OAS2_0050_slice_07_z109.png,Mild Dementia/OAS2_0050/OAS2_0050_slice_07_z109.png,OAS2_0050,Mild Dementia,2,1,Very Mild Dementia,0,-12.354052763754565,7.440784112333691,2.731748620413627,-2.366719106945613
OASIS_2,LinearSVM,13,test,rotation__moderate,rotation,moderate,D:\OASIS_2\distortions_32\rotation\moderate\Mild_Dementia\OAS2_0050\OAS2_0050_slice_08_z114.png,Mild_Dementia/OAS2_0050/OAS2_0050_slice_08_z114.png,Mild Dementia/OAS2_0050/OAS2_0050_slice_08_z114.png,OAS2_0050,Mild Dementia,2,2,Mild Dementia,1,-0.11703710816510204,-22.719822937446644,1.1565115778092259,-2.7097995698370196
OASIS_2,LinearSVM,13,test,rotation__moderate,rotation,moderate,D:\OASIS_2\distortions_32\rotation\moderate\Mild_Dementia\OAS2_0050\OAS2_0050_slice_09_z120.png,Mild_Dementia/OAS2_0050/OAS2_0050_slice_09_z120.png,Mild Dementia/OAS2_0050/OAS2_0050_slice_09_z120.png,OAS2_0050,Mild Dementia,2,2,Mild Dementia,1,-4.731049469570271,-0.12266296326445458,2.993868914768067,-2.487793514302214
OASIS_2,LinearSVM,13,test,rotation__moderate,rotation,moderate,D:\OASIS_2\distortions_32\rotation\moderate\Mild_Dementia\OAS2_0050\OAS2_0050_slice_10_z125.png,Mild_Dementia/OAS2_0050/OAS2_0050_slice_10_z125.png,Mild Dementia/OAS2_0050/OAS2_0050_slice_10_z125.png,OAS2_0050,Mild Dementia,2,2,Mild Dementia,1,1.792043218828916,-21.307732191580463,2.5645295158603285,-2.9372695218530662
OASIS_2,LinearSVM,13,test,rotation__moderate,rotation,moderate,D:\OASIS_2\distortions_32\rotation\moderate\Mild_Dementia\OAS2_0050\OAS2_0050_slice_11_z130.png,Mild_Dementia/OAS2_0050/OAS2_0050_slice_11_z130.png,Mild Dementia/OAS2_0050/OAS2_0050_slice_11_z130.png,OAS2_0050,Mild Dementia,2,0,Non-Demented,0,6.223493837871986,-24.534418709898425,2.0603257898712592,-2.335267887306232
OASIS_2,LinearSVM,13,test,rotation__moderate,rotation,moderate,D:\OASIS_2\distortions_32\rotation\moderate\Mild_Dementia\OAS2_0050\OAS2_0050_slice_12_z135.png,Mild_Dementia/OAS2_0050/OAS2_0050_slice_12_z135.png,Mild Dementia/OAS2_0050/OAS2_0050_slice_12_z135.png,OAS2_0050,Mild Dementia,2,1,Very Mild Dementia,0,-8.590674982891054,15.600592841401483,-1.5956314653162305,-2.654273921989824
OASIS_2,LinearSVM,13,test,rotation__moderate,rotation,moderate,D:\OASIS_2\distortions_32\rotation\moderate\Mild_Dementia\OAS2_0050\OAS2_0050_slice_13_z141.png,Mild_Dementia/OAS2_0050/OAS2_0050_slice_13_z141.png,Mild Dementia/OAS2_0050/OAS2_0050_slice_13_z141.png,OAS2_0050,Mild Dementia,2,0,Non-Demented,0,9.846861137059632,-23.90456032505568,2.589165661533691,-2.089047787805883
OASIS_2,LinearSVM,13,test,rotation__moderate,rotation,moderate,D:\OASIS_2\distortions_32\rotation\moderate\Mild_Dementia\OAS2_0050\OAS2_0050_slice_14_z146.png,Mild_Dementia/OAS2_0050/OAS2_0050_slice_14_z146.png,Mild Dementia/OAS2_0050/OAS2_0050_slice_14_z146.png,OAS2_0050,Mild Dementia,2,1,Very Mild Dementia,0,-7.63506826435996,7.056497659593588,3.4448270519500297,-2.4579691003602635
OASIS_2,LinearSVM,13,test,rotation__moderate,rotation,moderate,D:\OASIS_2\distortions_32\rotation\moderate\Mild_Dementia\OAS2_0050\OAS2_0050_slice_15_z151.png,Mild_Dementia/OAS2_0050/OAS2_0050_slice_15_z151.png,Mild Dementia/OAS2_0050/OAS2_0050_slice_15_z151.png,OAS2_0050,Mild Dementia,2,1,Very Mild Dementia,0,-10.649464157671835,11.07572979074163,3.2896377539624413,-2.332951464927291
OASIS_2,LinearSVM,13,test,rotation__moderate,rotation,moderate,D:\OASIS_2\distortions_32\rotation\moderate\Mild_Dementia\OAS2_0050\OAS2_0050_slice_16_z157.png,Mild_Dementia/OAS2_0050/OAS2_0050_slice_16_z157.png,Mild Dementia/OAS2_0050/OAS2_0050_slice_16_z157.png,OAS2_0050,Mild Dementia,2,1,Very Mild Dementia,0,-12.145491158550808,12.563874628577981,2.5194778868981245,-2.3391896180295184
OASIS_2,LinearSVM,13,test,rotation__moderate,rotation,moderate,D:\OASIS_2\distortions_32\rotation\moderate\Mild_Dementia\OAS2_0050\OAS2_0050_slice_17_z162.png,Mild_Dementia/OAS2_0050/OAS2_0050_slice_17_z162.png,Mild Dementia/OAS2_0050/OAS2_0050_slice_17_z162.png,OAS2_0050,Mild Dementia,2,1,Very Mild Dementia,0,-15.62887939612018,11.251223174155033,3.239784653034151,-2.301912379723716
OASIS_2,LinearSVM,13,test,rotation__moderate,rotation,moderate,D:\OASIS_2\distortions_32\rotation\moderate\Mild_Dementia\OAS2_0050\OAS2_0050_slice_18_z167.png,Mild_Dementia/OAS2_0050/OAS2_0050_slice_18_z167.png,Mild Dementia/OAS2_0050/OAS2_0050_slice_18_z167.png,OAS2_0050,Mild Dementia,2,1,Very Mild Dementia,0,-14.027326229666626,11.050307358321914,2.169926812931038,-2.568675439329982
OASIS_2,LinearSVM,13,test,rotation__moderate,rotation,moderate,D:\OASIS_2\distortions_32\rotation\moderate\Mild_Dementia\OAS2_0050\OAS2_0050_slice_19_z173.png,Mild_Dementia/OAS2_0050/OAS2_0050_slice_19_z173.png,Mild Dementia/OAS2_0050/OAS2_0050_slice_19_z173.png,OAS2_0050,Mild Dementia,2,2,Mild Dementia,1,0.6632588535193215,-13.187270334678306,3.870913622472935,-2.3976031317157034
OASIS_2,LinearSVM,13,test,rotation__moderate,rotation,moderate,D:\OASIS_2\distortions_32\rotation\moderate\Mild_Dementia\OAS2_0050\OAS2_0050_slice_20_z178.png,Mild_Dementia/OAS2_0050/OAS2_0050_slice_20_z178.png,Mild Dementia/OAS2_0050/OAS2_0050_slice_20_z178.png,OAS2_0050,Mild Dementia,2,1,Very Mild Dementia,0,-12.845313390840678,7.595286391954956,2.101495132403668,-2.497409859972694
OASIS_2,LinearSVM,13,test,rotation__moderate,rotation,moderate,D:\OASIS_2\distortions_32\rotation\moderate\Mild_Dementia\OAS2_0114\OAS2_0114_slice_01_z077.png,Mild_Dementia/OAS2_0114/OAS2_0114_slice_01_z077.png,Mild Dementia/OAS2_0114/OAS2_0114_slice_01_z077.png,OAS2_0114,Mild Dementia,2,2,Mild Dementia,1,4.409019995149173,-21.755721671288303,5.346246476054008,-1.882137720653783
OASIS_2,LinearSVM,13,test,rotation__moderate,rotation,moderate,D:\OASIS_2\distortions_32\rotation\moderate\Mild_Dementia\OAS2_0114\OAS2_0114_slice_02_z082.png,Mild_Dementia/OAS2_0114/OAS2_0114_slice_02_z082.png,Mild Dementia/OAS2_0114/OAS2_0114_slice_02_z082.png,OAS2_0114,Mild Dementia,2,2,Mild Dementia,1,1.8896373963255395,-24.232174777036004,8.335231983319327,-2.0137846770375387
OASIS_2,LinearSVM,13,test,rotation__moderate,rotation,moderate,D:\OASIS_2\distortions_32\rotation\moderate\Mild_Dementia\OAS2_0114\OAS2_0114_slice_03_z088.png,Mild_Dementia/OAS2_0114/OAS2_0114_slice_03_z088.png,Mild Dementia/OAS2_0114/OAS2_0114_slice_03_z088.png,OAS2_0114,Mild Dementia,2,2,Mild Dementia,1,2.480911400271509,-19.80318677267029,9.24716314738278,-1.9202991987543643
OASIS_2,LinearSVM,13,test,rotation__moderate,rotation,moderate,D:\OASIS_2\distortions_32\rotation\moderate\Mild_Dementia\OAS2_0114\OAS2_0114_slice_04_z093.png,Mild_Dementia/OAS2_0114/OAS2_0114_slice_04_z093.png,Mild Dementia/OAS2_0114/OAS2_0114_slice_04_z093.png,OAS2_0114,Mild Dementia,2,2,Mild Dementia,1,6.359554026907425,-18.15266264764197,6.613157365442065,-2.368168467166927
OASIS_2,LinearSVM,13,test,rotation__moderate,rotation,moderate,D:\OASIS_2\distortions_32\rotation\moderate\Mild_Dementia\OAS2_0114\OAS2_0114_slice_05_z098.png,Mild_Dementia/OAS2_0114/OAS2_0114_slice_05_z098.png,Mild Dementia/OAS2_0114/OAS2_0114_slice_05_z098.png,OAS2_0114,Mild Dementia,2,0,Non-Demented,0,5.535032631729379,-5.762218088792628,0.5140469954818045,-2.323113642210709
OASIS_2,LinearSVM,13,test,rotation__moderate,rotation,moderate,D:\OASIS_2\distortions_32\rotation\moderate\Mild_Dementia\OAS2_0114\OAS2_0114_slice_06_z104.png,Mild_Dementia/OAS2_0114/OAS2_0114_slice_06_z104.png,Mild Dementia/OAS2_0114/OAS2_0114_slice_06_z104.png,OAS2_0114,Mild Dementia,2,0,Non-Demented,0,1.340886580181429,0.8433968751118964,-0.8718265582610589,-2.574579698429486
OASIS_2,LinearSVM,13,test,rotation__moderate,rotation,moderate,D:\OASIS_2\distortions_32\rotation\moderate\Mild_Dementia\OAS2_0114\OAS2_0114_slice_07_z109.png,Mild_Dementia/OAS2_0114/OAS2_0114_slice_07_z109.png,Mild Dementia/OAS2_0114/OAS2_0114_slice_07_z109.png,OAS2_0114,Mild Dementia,2,1,Very Mild Dementia,0,-2.9963702076538845,6.553069227278469,-3.801952595661289,-2.4473823253652984
OASIS_2,LinearSVM,13,test,rotation__moderate,rotation,moderate,D:\OASIS_2\distortions_32\rotation\moderate\Mild_Dementia\OAS2_0114\OAS2_0114_slice_08_z114.png,Mild_Dementia/OAS2_0114/OAS2_0114_slice_08_z114.png,Mild Dementia/OAS2_0114/OAS2_0114_slice_08_z114.png,OAS2_0114,Mild Dementia,2,0,Non-Demented,0,10.374678644949263,-27.70446476258718,6.762783264721227,-1.7846174836083573
OASIS_2,LinearSVM,13,test,rotation__moderate,rotation,moderate,D:\OASIS_2\distortions_32\rotation\moderate\Mild_Dementia\OAS2_0114\OAS2_0114_slice_09_z120.png,Mild_Dementia/OAS2_0114/OAS2_0114_slice_09_z120.png,Mild Dementia/OAS2_0114/OAS2_0114_slice_09_z120.png,OAS2_0114,Mild Dementia,2,0,Non-Demented,0,11.515415837982337,-24.98294002389636,7.69676702112675,-1.7969561452661513
OASIS_2,LinearSVM,13,test,rotation__moderate,rotation,moderate,D:\OASIS_2\distortions_32\rotation\moderate\Mild_Dementia\OAS2_0114\OAS2_0114_slice_10_z125.png,Mild_Dementia/OAS2_0114/OAS2_0114_slice_10_z125.png,Mild Dementia/OAS2_0114/OAS2_0114_slice_10_z125.png,OAS2_0114,Mild Dementia,2,1,Very Mild Dementia,0,-4.207366901859546,8.472671691511202,-7.776681674255542,-2.24021919634536
OASIS_2,LinearSVM,13,test,rotation__moderate,rotation,moderate,D:\OASIS_2\distortions_32\rotation\moderate\Mild_Dementia\OAS2_0114\OAS2_0114_slice_11_z130.png,Mild_Dementia/OAS2_0114/OAS2_0114_slice_11_z130.png,Mild Dementia/OAS2_0114/OAS2_0114_slice_11_z130.png,OAS2_0114,Mild Dementia,2,0,Non-Demented,0,9.839087189940997,-23.45881781491322,6.339271214978886,-2.063309851681872
OASIS_2,LinearSVM,13,test,rotation__moderate,rotation,moderate,D:\OASIS_2\distortions_32\rotation\moderate\Mild_Dementia\OAS2_0114\OAS2_0114_slice_12_z135.png,Mild_Dementia/OAS2_0114/OAS2_0114_slice_12_z135.png,Mild Dementia/OAS2_0114/OAS2_0114_slice_12_z135.png,OAS2_0114,Mild Dementia,2,2,Mild Dementia,1,4.995888531994421,-18.3826854694693,5.903150353997052,-2.3661576757301157
OASIS_2,LinearSVM,13,test,rotation__moderate,rotation,moderate,D:\OASIS_2\distortions_32\rotation\moderate\Mild_Dementia\OAS2_0114\OAS2_0114_slice_13_z141.png,Mild_Dementia/OAS2_0114/OAS2_0114_slice_13_z141.png,Mild Dementia/OAS2_0114/OAS2_0114_slice_13_z141.png,OAS2_0114,Mild Dementia,2,1,Very Mild Dementia,0,-2.8723796599062035,8.019557087489872,-1.6125169481612618,-2.7749278758818616
OASIS_2,LinearSVM,13,test,rotation__moderate,rotation,moderate,D:\OASIS_2\distortions_32\rotation\moderate\Mild_Dementia\OAS2_0114\OAS2_0114_slice_14_z146.png,Mild_Dementia/OAS2_0114/OAS2_0114_slice_14_z146.png,Mild Dementia/OAS2_0114/OAS2_0114_slice_14_z146.png,OAS2_0114,Mild Dementia,2,0,Non-Demented,0,10.161694684667788,-20.953423624858946,1.8704062940509654,-2.1102480499754144
OASIS_2,LinearSVM,13,test,rotation__moderate,rotation,moderate,D:\OASIS_2\distortions_32\rotation\moderate\Mild_Dementia\OAS2_0114\OAS2_0114_slice_15_z151.png,Mild_Dementia/OAS2_0114/OAS2_0114_slice_15_z151.png,Mild Dementia/OAS2_0114/OAS2_0114_slice_15_z151.png,OAS2_0114,Mild Dementia,2,1,Very Mild Dementia,0,1.2857248534261978,6.702254193937307,-2.2478737358483554,-2.4641262824984826
OASIS_2,LinearSVM,13,test,rotation__moderate,rotation,moderate,D:\OASIS_2\distortions_32\rotation\moderate\Mild_Dementia\OAS2_0114\OAS2_0114_slice_16_z157.png,Mild_Dementia/OAS2_0114/OAS2_0114_slice_16_z157.png,Mild Dementia/OAS2_0114/OAS2_0114_slice_16_z157.png,OAS2_0114,Mild Dementia,2,1,Very Mild Dementia,0,-0.7639932247260721,8.528671832276848,-1.7619158127219334,-1.83361880916411
OASIS_2,LinearSVM,13,test,rotation__moderate,rotation,moderate,D:\OASIS_2\distortions_32\rotation\moderate\Mild_Dementia\OAS2_0114\OAS2_0114_slice_17_z162.png,Mild_Dementia/OAS2_0114/OAS2_0114_slice_17_z162.png,Mild Dementia/OAS2_0114/OAS2_0114_slice_17_z162.png,OAS2_0114,Mild Dementia,2,1,Very Mild Dementia,0,-2.454109430658764,11.062139517740214,-1.5831568224279464,-1.6549513533658375
OASIS_2,LinearSVM,13,test,rotation__moderate,rotation,moderate,D:\OASIS_2\distortions_32\rotation\moderate\Mild_Dementia\OAS2_0114\OAS2_0114_slice_18_z167.png,Mild_Dementia/OAS2_0114/OAS2_0114_slice_18_z167.png,Mild Dementia/OAS2_0114/OAS2_0114_slice_18_z167.png,OAS2_0114,Mild Dementia,2,2,Mild Dementia,1,-1.247815217512358,-12.049434800404576,2.6712605965610314,-2.5289826582807704
OASIS_2,LinearSVM,13,test,rotation__moderate,rotation,moderate,D:\OASIS_2\distortions_32\rotation\moderate\Mild_Dementia\OAS2_0114\OAS2_0114_slice_19_z173.png,Mild_Dementia/OAS2_0114/OAS2_0114_slice_19_z173.png,Mild Dementia/OAS2_0114/OAS2_0114_slice_19_z173.png,OAS2_0114,Mild Dementia,2,2,Mild Dementia,1,0.5959797160142375,-9.892116802722967,0.8577470484827634,-3.035233896064047
OASIS_2,LinearSVM,13,test,rotation__moderate,rotation,moderate,D:\OASIS_2\distortions_32\rotation\moderate\Mild_Dementia\OAS2_0114\OAS2_0114_slice_20_z178.png,Mild_Dementia/OAS2_0114/OAS2_0114_slice_20_z178.png,Mild Dementia/OAS2_0114/OAS2_0114_slice_20_z178.png,OAS2_0114,Mild Dementia,2,0,Non-Demented,0,4.079549579204079,-16.06227852819841,0.8074334570669306,-2.4840407136361042
OASIS_2,LinearSVM,13,test,rotation__moderate,rotation,moderate,D:\OASIS_2\distortions_32\rotation\moderate\Moderate_Dementia\OAS2_0120\OAS2_0120_slice_01_z077.png,Moderate_Dementia/OAS2_0120/OAS2_0120_slice_01_z077.png,Moderate Dementia/OAS2_0120/OAS2_0120_slice_01_z077.png,OAS2_0120,Moderate Dementia,3,2,Mild Dementia,0,-7.492676011734385,-6.479884416967198,4.601795055006267,-2.3467525362227497
OASIS_2,LinearSVM,13,test,rotation__moderate,rotation,moderate,D:\OASIS_2\distortions_32\rotation\moderate\Moderate_Dementia\OAS2_0120\OAS2_0120_slice_02_z082.png,Moderate_Dementia/OAS2_0120/OAS2_0120_slice_02_z082.png,Moderate Dementia/OAS2_0120/OAS2_0120_slice_02_z082.png,OAS2_0120,Moderate Dementia,3,2,Mild Dementia,0,-4.0189469050610604,-9.094224792666708,5.981385868407932,-3.0809145733418655
OASIS_2,LinearSVM,13,test,rotation__moderate,rotation,moderate,D:\OASIS_2\distortions_32\rotation\moderate\Moderate_Dementia\OAS2_0120\OAS2_0120_slice_03_z088.png,Moderate_Dementia/OAS2_0120/OAS2_0120_slice_03_z088.png,Moderate Dementia/OAS2_0120/OAS2_0120_slice_03_z088.png,OAS2_0120,Moderate Dementia,3,2,Mild Dementia,0,-2.416655246345957,-10.55780700884769,5.727398582738392,-3.099437365603168
OASIS_2,LinearSVM,13,test,rotation__moderate,rotation,moderate,D:\OASIS_2\distortions_32\rotation\moderate\Moderate_Dementia\OAS2_0120\OAS2_0120_slice_04_z093.png,Moderate_Dementia/OAS2_0120/OAS2_0120_slice_04_z093.png,Moderate Dementia/OAS2_0120/OAS2_0120_slice_04_z093.png,OAS2_0120,Moderate Dementia,3,2,Mild Dementia,0,-0.37629455305604553,-12.614249722211508,3.9689482910411553,-2.617081884169414
OASIS_2,LinearSVM,13,test,rotation__moderate,rotation,moderate,D:\OASIS_2\distortions_32\rotation\moderate\Moderate_Dementia\OAS2_0120\OAS2_0120_slice_05_z098.png,Moderate_Dementia/OAS2_0120/OAS2_0120_slice_05_z098.png,Moderate Dementia/OAS2_0120/OAS2_0120_slice_05_z098.png,OAS2_0120,Moderate Dementia,3,0,Non-Demented,0,1.7203725029360917,-12.882981479337106,0.03731999235121686,-2.1164934895368743
OASIS_2,LinearSVM,13,test,rotation__moderate,rotation,moderate,D:\OASIS_2\distortions_32\rotation\moderate\Moderate_Dementia\OAS2_0120\OAS2_0120_slice_06_z104.png,Moderate_Dementia/OAS2_0120/OAS2_0120_slice_06_z104.png,Moderate Dementia/OAS2_0120/OAS2_0120_slice_06_z104.png,OAS2_0120,Moderate Dementia,3,1,Very Mild Dementia,0,-0.401438083839055,5.692238667807048,1.2198236565465632,-2.276907858910118
OASIS_2,LinearSVM,13,test,rotation__moderate,rotation,moderate,D:\OASIS_2\distortions_32\rotation\moderate\Moderate_Dementia\OAS2_0120\OAS2_0120_slice_07_z109.png,Moderate_Dementia/OAS2_0120/OAS2_0120_slice_07_z109.png,Moderate Dementia/OAS2_0120/OAS2_0120_slice_07_z109.png,OAS2_0120,Moderate Dementia,3,1,Very Mild Dementia,0,-2.1888946338298036,9.815869564560472,-0.2725090750501209,-2.3354021714174236
OASIS_2,LinearSVM,13,test,rotation__moderate,rotation,moderate,D:\OASIS_2\distortions_32\rotation\moderate\Moderate_Dementia\OAS2_0120\OAS2_0120_slice_08_z114.png,Moderate_Dementia/OAS2_0120/OAS2_0120_slice_08_z114.png,Moderate Dementia/OAS2_0120/OAS2_0120_slice_08_z114.png,OAS2_0120,Moderate Dementia,3,1,Very Mild Dementia,0,-3.390815174653095,10.117885752528663,-1.6290261948008211,-2.4827634072478313
OASIS_2,LinearSVM,13,test,rotation__moderate,rotation,moderate,D:\OASIS_2\distortions_32\rotation\moderate\Moderate_Dementia\OAS2_0120\OAS2_0120_slice_09_z120.png,Moderate_Dementia/OAS2_0120/OAS2_0120_slice_09_z120.png,Moderate Dementia/OAS2_0120/OAS2_0120_slice_09_z120.png,OAS2_0120,Moderate Dementia,3,2,Mild Dementia,0,3.9033859082640503,-21.374753329110646,5.663549726260092,-2.282864188025134
OASIS_2,LinearSVM,13,test,rotation__moderate,rotation,moderate,D:\OASIS_2\distortions_32\rotation\moderate\Moderate_Dementia\OAS2_0120\OAS2_0120_slice_10_z125.png,Moderate_Dementia/OAS2_0120/OAS2_0120_slice_10_z125.png,Moderate Dementia/OAS2_0120/OAS2_0120_slice_10_z125.png,OAS2_0120,Moderate Dementia,3,1,Very Mild Dementia,0,-5.009494468952466,6.830439473805889,-1.4954658153622367,-2.5805392376222205
OASIS_2,LinearSVM,13,test,rotation__moderate,rotation,moderate,D:\OASIS_2\distortions_32\rotation\moderate\Moderate_Dementia\OAS2_0120\OAS2_0120_slice_11_z130.png,Moderate_Dementia/OAS2_0120/OAS2_0120_slice_11_z130.png,Moderate Dementia/OAS2_0120/OAS2_0120_slice_11_z130.png,OAS2_0120,Moderate Dementia,3,0,Non-Demented,0,6.939094415028308,-20.133742369783715,3.5502108124871765,-2.0171630809007675
OASIS_2,LinearSVM,13,test,rotation__moderate,rotation,moderate,D:\OASIS_2\distortions_32\rotation\moderate\Moderate_Dementia\OAS2_0120\OAS2_0120_slice_12_z135.png,Moderate_Dementia/OAS2_0120/OAS2_0120_slice_12_z135.png,Moderate Dementia/OAS2_0120/OAS2_0120_slice_12_z135.png,OAS2_0120,Moderate Dementia,3,0,Non-Demented,0,10.111209785404208,-21.648531041962116,2.659569045320439,-2.3609268379567707
OASIS_2,LinearSVM,13,test,rotation__moderate,rotation,moderate,D:\OASIS_2\distortions_32\rotation\moderate\Moderate_Dementia\OAS2_0120\OAS2_0120_slice_13_z141.png,Moderate_Dementia/OAS2_0120/OAS2_0120_slice_13_z141.png,Moderate Dementia/OAS2_0120/OAS2_0120_slice_13_z141.png,OAS2_0120,Moderate Dementia,3,0,Non-Demented,0,7.631239946050679,-23.80998754829796,6.869163157567614,-2.3520616438317106
OASIS_2,LinearSVM,13,test,rotation__moderate,rotation,moderate,D:\OASIS_2\distortions_32\rotation\moderate\Moderate_Dementia\OAS2_0120\OAS2_0120_slice_14_z146.png,Moderate_Dementia/OAS2_0120/OAS2_0120_slice_14_z146.png,Moderate Dementia/OAS2_0120/OAS2_0120_slice_14_z146.png,OAS2_0120,Moderate Dementia,3,0,Non-Demented,0,11.240235147984327,-26.96982647327185,6.049489701888437,-1.9727169354777732
OASIS_2,LinearSVM,13,test,rotation__moderate,rotation,moderate,D:\OASIS_2\distortions_32\rotation\moderate\Moderate_Dementia\OAS2_0120\OAS2_0120_slice_15_z151.png,Moderate_Dementia/OAS2_0120/OAS2_0120_slice_15_z151.png,Moderate Dementia/OAS2_0120/OAS2_0120_slice_15_z151.png,OAS2_0120,Moderate Dementia,3,0,Non-Demented,0,6.776436032628595,-18.621986116364376,1.9460254958742134,-1.5701783909068983
OASIS_2,LinearSVM,13,test,rotation__moderate,rotation,moderate,D:\OASIS_2\distortions_32\rotation\moderate\Moderate_Dementia\OAS2_0120\OAS2_0120_slice_16_z157.png,Moderate_Dementia/OAS2_0120/OAS2_0120_slice_16_z157.png,Moderate Dementia/OAS2_0120/OAS2_0120_slice_16_z157.png,OAS2_0120,Moderate Dementia,3,0,Non-Demented,0,9.042827749361708,-20.585697523593225,3.5388680391331575,-1.7743171191123386
OASIS_2,LinearSVM,13,test,rotation__moderate,rotation,moderate,D:\OASIS_2\distortions_32\rotation\moderate\Moderate_Dementia\OAS2_0120\OAS2_0120_slice_17_z162.png,Moderate_Dementia/OAS2_0120/OAS2_0120_slice_17_z162.png,Moderate Dementia/OAS2_0120/OAS2_0120_slice_17_z162.png,OAS2_0120,Moderate Dementia,3,0,Non-Demented,0,6.879615462939176,-17.69355004937211,4.684087226812071,-1.785267572428008
OASIS_2,LinearSVM,13,test,rotation__moderate,rotation,moderate,D:\OASIS_2\distortions_32\rotation\moderate\Moderate_Dementia\OAS2_0120\OAS2_0120_slice_18_z167.png,Moderate_Dementia/OAS2_0120/OAS2_0120_slice_18_z167.png,Moderate Dementia/OAS2_0120/OAS2_0120_slice_18_z167.png,OAS2_0120,Moderate Dementia,3,1,Very Mild Dementia,0,-1.5831353505326153,5.322763999299959,0.27512391898959887,-2.526246889445616
OASIS_2,LinearSVM,13,test,rotation__moderate,rotation,moderate,D:\OASIS_2\distortions_32\rotation\moderate\Moderate_Dementia\OAS2_0120\OAS2_0120_slice_19_z173.png,Moderate_Dementia/OAS2_0120/OAS2_0120_slice_19_z173.png,Moderate Dementia/OAS2_0120/OAS2_0120_slice_19_z173.png,OAS2_0120,Moderate Dementia,3,0,Non-Demented,0,5.3265021970049045,-14.734662674258374,4.396503107151666,-2.0187097747258393
OASIS_2,LinearSVM,13,test,rotation__moderate,rotation,moderate,D:\OASIS_2\distortions_32\rotation\moderate\Moderate_Dementia\OAS2_0120\OAS2_0120_slice_20_z178.png,Moderate_Dementia/OAS2_0120/OAS2_0120_slice_20_z178.png,Moderate Dementia/OAS2_0120/OAS2_0120_slice_20_z178.png,OAS2_0120,Moderate Dementia,3,1,Very Mild Dementia,0,-2.5905445759658785,4.154279471117758,2.207124775872298,-3.0609886111709574
OASIS_2,LinearSVM,13,test,rotation__moderate,rotation,moderate,D:\OASIS_2\distortions_32\rotation\moderate\Non_Demented\OAS2_0004\OAS2_0004_slice_01_z077.png,Non_Demented/OAS2_0004/OAS2_0004_slice_01_z077.png,Non-Demented/OAS2_0004/OAS2_0004_slice_01_z077.png,OAS2_0004,Non-Demented,0,0,Non-Demented,1,3.8985309684044673,-13.162449323416414,-0.9681806358084808,-1.918853392178233
OASIS_2,LinearSVM,13,test,rotation__moderate,rotation,moderate,D:\OASIS_2\distortions_32\rotation\moderate\Non_Demented\OAS2_0004\OAS2_0004_slice_02_z082.png,Non_Demented/OAS2_0004/OAS2_0004_slice_02_z082.png,Non-Demented/OAS2_0004/OAS2_0004_slice_02_z082.png,OAS2_0004,Non-Demented,0,1,Very Mild Dementia,0,0.21076305697559095,3.2809073129635666,0.20326944767010158,-2.69685153691215
OASIS_2,LinearSVM,13,test,rotation__moderate,rotation,moderate,D:\OASIS_2\distortions_32\rotation\moderate\Non_Demented\OAS2_0004\OAS2_0004_slice_03_z088.png,Non_Demented/OAS2_0004/OAS2_0004_slice_03_z088.png,Non-Demented/OAS2_0004/OAS2_0004_slice_03_z088.png,OAS2_0004,Non-Demented,0,2,Mild Dementia,0,-1.7370437441042301,-11.767967584986884,1.400504321112939,-1.6716897406012965
OASIS_2,LinearSVM,13,test,rotation__moderate,rotation,moderate,D:\OASIS_2\distortions_32\rotation\moderate\Non_Demented\OAS2_0004\OAS2_0004_slice_04_z093.png,Non_Demented/OAS2_0004/OAS2_0004_slice_04_z093.png,Non-Demented/OAS2_0004/OAS2_0004_slice_04_z093.png,OAS2_0004,Non-Demented,0,0,Non-Demented,1,1.6471542145451736,-7.6970063856012265,0.11312435614548244,-1.605904476691666
OASIS_2,LinearSVM,13,test,rotation__moderate,rotation,moderate,D:\OASIS_2\distortions_32\rotation\moderate\Non_Demented\OAS2_0004\OAS2_0004_slice_05_z098.png,Non_Demented/OAS2_0004/OAS2_0004_slice_05_z098.png,Non-Demented/OAS2_0004/OAS2_0004_slice_05_z098.png,OAS2_0004,Non-Demented,0,1,Very Mild Dementia,0,-1.4553219733828278,6.404254265998347,-0.5324540302466798,-2.0233574598183695
OASIS_2,LinearSVM,13,test,rotation__moderate,rotation,moderate,D:\OASIS_2\distortions_32\rotation\moderate\Non_Demented\OAS2_0004\OAS2_0004_slice_06_z104.png,Non_Demented/OAS2_0004/OAS2_0004_slice_06_z104.png,Non-Demented/OAS2_0004/OAS2_0004_slice_06_z104.png,OAS2_0004,Non-Demented,0,0,Non-Demented,1,2.7360596790146654,0.9683758986811565,-1.3486136624015008,-2.2104042286830268
OASIS_2,LinearSVM,13,test,rotation__moderate,rotation,moderate,D:\OASIS_2\distortions_32\rotation\moderate\Non_Demented\OAS2_0004\OAS2_0004_slice_07_z109.png,Non_Demented/OAS2_0004/OAS2_0004_slice_07_z109.png,Non-Demented/OAS2_0004/OAS2_0004_slice_07_z109.png,OAS2_0004,Non-Demented,0,0,Non-Demented,1,6.822363612975662,-3.106124737619742,-4.915504961046858,-2.3416534960595685
OASIS_2,LinearSVM,13,test,rotation__moderate,rotation,moderate,D:\OASIS_2\distortions_32\rotation\moderate\Non_Demented\OAS2_0004\OAS2_0004_slice_08_z114.png,Non_Demented/OAS2_0004/OAS2_0004_slice_08_z114.png,Non-Demented/OAS2_0004/OAS2_0004_slice_08_z114.png,OAS2_0004,Non-Demented,0,2,Mild Dementia,0,2.340433012223897,-15.825193165069297,2.870830240241339,-2.3812068693263204
OASIS_2,LinearSVM,13,test,rotation__moderate,rotation,moderate,D:\OASIS_2\distortions_32\rotation\moderate\Non_Demented\OAS2_0004\OAS2_0004_slice_09_z120.png,Non_Demented/OAS2_0004/OAS2_0004_slice_09_z120.png,Non-Demented/OAS2_0004/OAS2_0004_slice_09_z120.png,OAS2_0004,Non-Demented,0,1,Very Mild Dementia,0,-6.971951614600638,5.1871195980995495,2.113894803807829,-2.7369466619040517
OASIS_2,LinearSVM,13,test,rotation__moderate,rotation,moderate,D:\OASIS_2\distortions_32\rotation\moderate\Non_Demented\OAS2_0004\OAS2_0004_slice_10_z125.png,Non_Demented/OAS2_0004/OAS2_0004_slice_10_z125.png,Non-Demented/OAS2_0004/OAS2_0004_slice_10_z125.png,OAS2_0004,Non-Demented,0,1,Very Mild Dementia,0,-5.800417411599879,4.377319365518973,0.4628428418856596,-2.502720746497432
OASIS_2,LinearSVM,13,test,rotation__moderate,rotation,moderate,D:\OASIS_2\distortions_32\rotation\moderate\Non_Demented\OAS2_0004\OAS2_0004_slice_11_z130.png,Non_Demented/OAS2_0004/OAS2_0004_slice_11_z130.png,Non-Demented/OAS2_0004/OAS2_0004_slice_11_z130.png,OAS2_0004,Non-Demented,0,1,Very Mild Dementia,0,-0.7456152522839115,4.371998107364747,0.7459087736360508,-2.5299020027968844
OASIS_2,LinearSVM,13,test,rotation__moderate,rotation,moderate,D:\OASIS_2\distortions_32\rotation\moderate\Non_Demented\OAS2_0004\OAS2_0004_slice_12_z135.png,Non_Demented/OAS2_0004/OAS2_0004_slice_12_z135.png,Non-Demented/OAS2_0004/OAS2_0004_slice_12_z135.png,OAS2_0004,Non-Demented,0,2,Mild Dementia,0,-1.654609934126151,-15.887974730530207,5.920468746857374,-2.082230981697626
OASIS_2,LinearSVM,13,test,rotation__moderate,rotation,moderate,D:\OASIS_2\distortions_32\rotation\moderate\Non_Demented\OAS2_0004\OAS2_0004_slice_13_z141.png,Non_Demented/OAS2_0004/OAS2_0004_slice_13_z141.png,Non-Demented/OAS2_0004/OAS2_0004_slice_13_z141.png,OAS2_0004,Non-Demented,0,0,Non-Demented,1,3.6632118738421093,-12.772462129587748,2.3930492990104244,-1.867454118245621
OASIS_2,LinearSVM,13,test,rotation__moderate,rotation,moderate,D:\OASIS_2\distortions_32\rotation\moderate\Non_Demented\OAS2_0004\OAS2_0004_slice_14_z146.png,Non_Demented/OAS2_0004/OAS2_0004_slice_14_z146.png,Non-Demented/OAS2_0004/OAS2_0004_slice_14_z146.png,OAS2_0004,Non-Demented,0,0,Non-Demented,1,4.026141501516538,-13.79990413744357,2.3899182686999656,-2.0040011898025716
OASIS_2,LinearSVM,13,test,rotation__moderate,rotation,moderate,D:\OASIS_2\distortions_32\rotation\moderate\Non_Demented\OAS2_0004\OAS2_0004_slice_15_z151.png,Non_Demented/OAS2_0004/OAS2_0004_slice_15_z151.png,Non-Demented/OAS2_0004/OAS2_0004_slice_15_z151.png,OAS2_0004,Non-Demented,0,0,Non-Demented,1,4.98722528389419,-15.915592351420518,3.298183680971094,-2.139687629037448
OASIS_2,LinearSVM,13,test,rotation__moderate,rotation,moderate,D:\OASIS_2\distortions_32\rotation\moderate\Non_Demented\OAS2_0004\OAS2_0004_slice_16_z157.png,Non_Demented/OAS2_0004/OAS2_0004_slice_16_z157.png,Non-Demented/OAS2_0004/OAS2_0004_slice_16_z157.png,OAS2_0004,Non-Demented,0,1,Very Mild Dementia,0,-5.108445524087225,5.093377581403916,-2.735484353952365,-2.704797570929921
OASIS_2,LinearSVM,13,test,rotation__moderate,rotation,moderate,D:\OASIS_2\distortions_32\rotation\moderate\Non_Demented\OAS2_0004\OAS2_0004_slice_17_z162.png,Non_Demented/OAS2_0004/OAS2_0004_slice_17_z162.png,Non-Demented/OAS2_0004/OAS2_0004_slice_17_z162.png,OAS2_0004,Non-Demented,0,0,Non-Demented,1,5.618343642269302,-14.732886835330781,2.9508058744158867,-1.5426427486648768
OASIS_2,LinearSVM,13,test,rotation__moderate,rotation,moderate,D:\OASIS_2\distortions_32\rotation\moderate\Non_Demented\OAS2_0004\OAS2_0004_slice_18_z167.png,Non_Demented/OAS2_0004/OAS2_0004_slice_18_z167.png,Non-Demented/OAS2_0004/OAS2_0004_slice_18_z167.png,OAS2_0004,Non-Demented,0,0,Non-Demented,1,5.273315664875055,-13.820457165761136,1.5363358022413038,-1.6625841927276648
OASIS_2,LinearSVM,13,test,rotation__moderate,rotation,moderate,D:\OASIS_2\distortions_32\rotation\moderate\Non_Demented\OAS2_0004\OAS2_0004_slice_19_z173.png,Non_Demented/OAS2_0004/OAS2_0004_slice_19_z173.png,Non-Demented/OAS2_0004/OAS2_0004_slice_19_z173.png,OAS2_0004,Non-Demented,0,0,Non-Demented,1,2.7965651842894297,-8.169851334924267,1.299544250863573,-1.8808988035425758
OASIS_2,LinearSVM,13,test,rotation__moderate,rotation,moderate,D:\OASIS_2\distortions_32\rotation\moderate\Non_Demented\OAS2_0004\OAS2_0004_slice_20_z178.png,Non_Demented/OAS2_0004/OAS2_0004_slice_20_z178.png,Non-Demented/OAS2_0004/OAS2_0004_slice_20_z178.png,OAS2_0004,Non-Demented,0,0,Non-Demented,1,2.4935756814142036,-10.678766445503335,2.2221709895606296,-1.518986057863821
OASIS_2,LinearSVM,13,test,rotation__moderate,rotation,moderate,D:\OASIS_2\distortions_32\rotation\moderate\Non_Demented\OAS2_0005\OAS2_0005_slice_01_z077.png,Non_Demented/OAS2_0005/OAS2_0005_slice_01_z077.png,Non-Demented/OAS2_0005/OAS2_0005_slice_01_z077.png,OAS2_0005,Non-Demented,0,2,Mild Dementia,0,-0.9399310512547028,-1.8137329974861678,4.386507757031856,-2.4432399742743804
OASIS_2,LinearSVM,13,test,rotation__moderate,rotation,moderate,D:\OASIS_2\distortions_32\rotation\moderate\Non_Demented\OAS2_0005\OAS2_0005_slice_02_z082.png,Non_Demented/OAS2_0005/OAS2_0005_slice_02_z082.png,Non-Demented/OAS2_0005/OAS2_0005_slice_02_z082.png,OAS2_0005,Non-Demented,0,2,Mild Dementia,0,-4.163065728019182,0.5285070799612707,6.610325240049324,-2.1880526601945887
OASIS_2,LinearSVM,13,test,rotation__moderate,rotation,moderate,D:\OASIS_2\distortions_32\rotation\moderate\Non_Demented\OAS2_0005\OAS2_0005_slice_03_z088.png,Non_Demented/OAS2_0005/OAS2_0005_slice_03_z088.png,Non-Demented/OAS2_0005/OAS2_0005_slice_03_z088.png,OAS2_0005,Non-Demented,0,2,Mild Dementia,0,-5.047116944764451,1.5867475094274979,5.678534396656309,-2.003365970422187
OASIS_2,LinearSVM,13,test,rotation__moderate,rotation,moderate,D:\OASIS_2\distortions_32\rotation\moderate\Non_Demented\OAS2_0005\OAS2_0005_slice_04_z093.png,Non_Demented/OAS2_0005/OAS2_0005_slice_04_z093.png,Non-Demented/OAS2_0005/OAS2_0005_slice_04_z093.png,OAS2_0005,Non-Demented,0,2,Mild Dementia,0,-9.867850229712497,4.809606069115656,6.061676971610941,-2.199783786047001
OASIS_2,LinearSVM,13,test,rotation__moderate,rotation,moderate,D:\OASIS_2\distortions_32\rotation\moderate\Non_Demented\OAS2_0005\OAS2_0005_slice_05_z098.png,Non_Demented/OAS2_0005/OAS2_0005_slice_05_z098.png,Non-Demented/OAS2_0005/OAS2_0005_slice_05_z098.png,OAS2_0005,Non-Demented,0,2,Mild Dementia,0,-1.0721751048353068,-23.043080600223867,5.37158066846051,-1.2651125397351168
OASIS_2,LinearSVM,13,test,rotation__moderate,rotation,moderate,D:\OASIS_2\distortions_32\rotation\moderate\Non_Demented\OAS2_0005\OAS2_0005_slice_06_z104.png,Non_Demented/OAS2_0005/OAS2_0005_slice_06_z104.png,Non-Demented/OAS2_0005/OAS2_0005_slice_06_z104.png,OAS2_0005,Non-Demented,0,2,Mild Dementia,0,-1.418355702984389,-12.86707375115262,2.326355292997851,-1.1037258790739621
OASIS_2,LinearSVM,13,test,rotation__moderate,rotation,moderate,D:\OASIS_2\distortions_32\rotation\moderate\Non_Demented\OAS2_0005\OAS2_0005_slice_07_z109.png,Non_Demented/OAS2_0005/OAS2_0005_slice_07_z109.png,Non-Demented/OAS2_0005/OAS2_0005_slice_07_z109.png,OAS2_0005,Non-Demented,0,2,Mild Dementia,0,-10.428521847179962,-0.31616407837138516,9.643594796407708,-2.4920180746944633
OASIS_2,LinearSVM,13,test,rotation__moderate,rotation,moderate,D:\OASIS_2\distortions_32\rotation\moderate\Non_Demented\OAS2_0005\OAS2_0005_slice_08_z114.png,Non_Demented/OAS2_0005/OAS2_0005_slice_08_z114.png,Non-Demented/OAS2_0005/OAS2_0005_slice_08_z114.png,OAS2_0005,Non-Demented,0,0,Non-Demented,1,5.0065812927872315,-23.617611606287962,3.9975377933225578,-1.6579140489005937
OASIS_2,LinearSVM,13,test,rotation__moderate,rotation,moderate,D:\OASIS_2\distortions_32\rotation\moderate\Non_Demented\OAS2_0005\OAS2_0005_slice_09_z120.png,Non_Demented/OAS2_0005/OAS2_0005_slice_09_z120.png,Non-Demented/OAS2_0005/OAS2_0005_slice_09_z120.png,OAS2_0005,Non-Demented,0,2,Mild Dementia,0,-13.176661157008155,4.137855504206509,8.062773554282616,-2.068795642448591
OASIS_2,LinearSVM,13,test,rotation__moderate,rotation,moderate,D:\OASIS_2\distortions_32\rotation\moderate\Non_Demented\OAS2_0005\OAS2_0005_slice_10_z125.png,Non_Demented/OAS2_0005/OAS2_0005_slice_10_z125.png,Non-Demented/OAS2_0005/OAS2_0005_slice_10_z125.png,OAS2_0005,Non-Demented,0,1,Very Mild Dementia,0,-14.28904518695513,6.793426727285937,5.2146331081554,-2.279104681823731
OASIS_2,LinearSVM,13,test,rotation__moderate,rotation,moderate,D:\OASIS_2\distortions_32\rotation\moderate\Non_Demented\OAS2_0005\OAS2_0005_slice_11_z130.png,Non_Demented/OAS2_0005/OAS2_0005_slice_11_z130.png,Non-Demented/OAS2_0005/OAS2_0005_slice_11_z130.png,OAS2_0005,Non-Demented,0,2,Mild Dementia,0,-12.478984544477893,2.479064631611927,5.890130629061767,-2.4415895014668116
OASIS_2,LinearSVM,13,test,rotation__moderate,rotation,moderate,D:\OASIS_2\distortions_32\rotation\moderate\Non_Demented\OAS2_0005\OAS2_0005_slice_12_z135.png,Non_Demented/OAS2_0005/OAS2_0005_slice_12_z135.png,Non-Demented/OAS2_0005/OAS2_0005_slice_12_z135.png,OAS2_0005,Non-Demented,0,2,Mild Dementia,0,-10.735920610265035,3.9683744195183013,5.631451993109875,-2.8782792079834123
OASIS_2,LinearSVM,13,test,rotation__moderate,rotation,moderate,D:\OASIS_2\distortions_32\rotation\moderate\Non_Demented\OAS2_0005\OAS2_0005_slice_13_z141.png,Non_Demented/OAS2_0005/OAS2_0005_slice_13_z141.png,Non-Demented/OAS2_0005/OAS2_0005_slice_13_z141.png,OAS2_0005,Non-Demented,0,0,Non-Demented,1,8.643387051808395,-19.43863159020487,3.1373041495457454,-1.4674011064368289
OASIS_2,LinearSVM,13,test,rotation__moderate,rotation,moderate,D:\OASIS_2\distortions_32\rotation\moderate\Non_Demented\OAS2_0005\OAS2_0005_slice_14_z146.png,Non_Demented/OAS2_0005/OAS2_0005_slice_14_z146.png,Non-Demented/OAS2_0005/OAS2_0005_slice_14_z146.png,OAS2_0005,Non-Demented,0,0,Non-Demented,1,7.430692792415826,-21.737795062213095,2.260259027734825,-1.6009235953990146
OASIS_2,LinearSVM,13,test,rotation__moderate,rotation,moderate,D:\OASIS_2\distortions_32\rotation\moderate\Non_Demented\OAS2_0005\OAS2_0005_slice_15_z151.png,Non_Demented/OAS2_0005/OAS2_0005_slice_15_z151.png,Non-Demented/OAS2_0005/OAS2_0005_slice_15_z151.png,OAS2_0005,Non-Demented,0,2,Mild Dementia,0,2.5112626703099843,-16.58087565144955,3.0343618846175304,-1.7270758842225737
OASIS_2,LinearSVM,13,test,rotation__moderate,rotation,moderate,D:\OASIS_2\distortions_32\rotation\moderate\Non_Demented\OAS2_0005\OAS2_0005_slice_16_z157.png,Non_Demented/OAS2_0005/OAS2_0005_slice_16_z157.png,Non-Demented/OAS2_0005/OAS2_0005_slice_16_z157.png,OAS2_0005,Non-Demented,0,2,Mild Dementia,0,-9.928584014295632,7.047156580893545,7.871238182932634,-2.7618489555387926
OASIS_2,LinearSVM,13,test,rotation__moderate,rotation,moderate,D:\OASIS_2\distortions_32\rotation\moderate\Non_Demented\OAS2_0005\OAS2_0005_slice_17_z162.png,Non_Demented/OAS2_0005/OAS2_0005_slice_17_z162.png,Non-Demented/OAS2_0005/OAS2_0005_slice_17_z162.png,OAS2_0005,Non-Demented,0,2,Mild Dementia,0,-13.743609819882439,7.055974491027146,9.10733263373472,-2.7881362342568803
OASIS_2,LinearSVM,13,test,rotation__moderate,rotation,moderate,D:\OASIS_2\distortions_32\rotation\moderate\Non_Demented\OAS2_0005\OAS2_0005_slice_18_z167.png,Non_Demented/OAS2_0005/OAS2_0005_slice_18_z167.png,Non-Demented/OAS2_0005/OAS2_0005_slice_18_z167.png,OAS2_0005,Non-Demented,0,2,Mild Dementia,0,-5.712311769791846,1.343138176767313,7.164206240041363,-2.4343978934785584
OASIS_2,LinearSVM,13,test,rotation__moderate,rotation,moderate,D:\OASIS_2\distortions_32\rotation\moderate\Non_Demented\OAS2_0005\OAS2_0005_slice_19_z173.png,Non_Demented/OAS2_0005/OAS2_0005_slice_19_z173.png,Non-Demented/OAS2_0005/OAS2_0005_slice_19_z173.png,OAS2_0005,Non-Demented,0,2,Mild Dementia,0,-6.942861385761418,2.260429334807038,6.047012991179811,-2.5431809687828415
OASIS_2,LinearSVM,13,test,rotation__moderate,rotation,moderate,D:\OASIS_2\distortions_32\rotation\moderate\Non_Demented\OAS2_0005\OAS2_0005_slice_20_z178.png,Non_Demented/OAS2_0005/OAS2_0005_slice_20_z178.png,Non-Demented/OAS2_0005/OAS2_0005_slice_20_z178.png,OAS2_0005,Non-Demented,0,2,Mild Dementia,0,-5.542959299787009,1.379385750874103,8.195515391568705,-2.6272444679909404
OASIS_2,LinearSVM,13,test,rotation__moderate,rotation,moderate,D:\OASIS_2\distortions_32\rotation\moderate\Non_Demented\OAS2_0017\OAS2_0017_slice_01_z077.png,Non_Demented/OAS2_0017/OAS2_0017_slice_01_z077.png,Non-Demented/OAS2_0017/OAS2_0017_slice_01_z077.png,OAS2_0017,Non-Demented,0,0,Non-Demented,1,9.537971158021405,-31.671933593158286,6.330324825331823,-2.4226090448294135
OASIS_2,LinearSVM,13,test,rotation__moderate,rotation,moderate,D:\OASIS_2\distortions_32\rotation\moderate\Non_Demented\OAS2_0017\OAS2_0017_slice_02_z082.png,Non_Demented/OAS2_0017/OAS2_0017_slice_02_z082.png,Non-Demented/OAS2_0017/OAS2_0017_slice_02_z082.png,OAS2_0017,Non-Demented,0,0,Non-Demented,1,14.431101012925913,-32.37901479230785,2.6630149329198507,-2.0278442046394813
OASIS_2,LinearSVM,13,test,rotation__moderate,rotation,moderate,D:\OASIS_2\distortions_32\rotation\moderate\Non_Demented\OAS2_0017\OAS2_0017_slice_03_z088.png,Non_Demented/OAS2_0017/OAS2_0017_slice_03_z088.png,Non-Demented/OAS2_0017/OAS2_0017_slice_03_z088.png,OAS2_0017,Non-Demented,0,0,Non-Demented,1,13.754631800389339,-29.31021174488218,1.3529175460232827,-2.3732038065260284
OASIS_2,LinearSVM,13,test,rotation__moderate,rotation,moderate,D:\OASIS_2\distortions_32\rotation\moderate\Non_Demented\OAS2_0017\OAS2_0017_slice_04_z093.png,Non_Demented/OAS2_0017/OAS2_0017_slice_04_z093.png,Non-Demented/OAS2_0017/OAS2_0017_slice_04_z093.png,OAS2_0017,Non-Demented,0,2,Mild Dementia,0,-11.164023943576172,0.5757836494040592,10.245867270638884,-2.0448616512063884
OASIS_2,LinearSVM,13,test,rotation__moderate,rotation,moderate,D:\OASIS_2\distortions_32\rotation\moderate\Non_Demented\OAS2_0017\OAS2_0017_slice_05_z098.png,Non_Demented/OAS2_0017/OAS2_0017_slice_05_z098.png,Non-Demented/OAS2_0017/OAS2_0017_slice_05_z098.png,OAS2_0017,Non-Demented,0,2,Mild Dementia,0,-3.151846945231084,-0.4903221523786848,8.241691295536187,-2.5523554887586473
OASIS_2,LinearSVM,13,test,rotation__moderate,rotation,moderate,D:\OASIS_2\distortions_32\rotation\moderate\Non_Demented\OAS2_0017\OAS2_0017_slice_06_z104.png,Non_Demented/OAS2_0017/OAS2_0017_slice_06_z104.png,Non-Demented/OAS2_0017/OAS2_0017_slice_06_z104.png,OAS2_0017,Non-Demented,0,0,Non-Demented,1,8.277883521155445,-24.003842325771227,1.8283384583917388,-1.2233068736341672
OASIS_2,LinearSVM,13,test,rotation__moderate,rotation,moderate,D:\OASIS_2\distortions_32\rotation\moderate\Non_Demented\OAS2_0017\OAS2_0017_slice_07_z109.png,Non_Demented/OAS2_0017/OAS2_0017_slice_07_z109.png,Non-Demented/OAS2_0017/OAS2_0017_slice_07_z109.png,OAS2_0017,Non-Demented,0,0,Non-Demented,1,7.909441183670305,-20.412993311412293,4.442908710067048,-1.364427897955231
OASIS_2,LinearSVM,13,test,rotation__moderate,rotation,moderate,D:\OASIS_2\distortions_32\rotation\moderate\Non_Demented\OAS2_0017\OAS2_0017_slice_08_z114.png,Non_Demented/OAS2_0017/OAS2_0017_slice_08_z114.png,Non-Demented/OAS2_0017/OAS2_0017_slice_08_z114.png,OAS2_0017,Non-Demented,0,0,Non-Demented,1,5.770256427112974,-14.84695940400736,0.37058447138272177,-1.5727017024317977
OASIS_2,LinearSVM,13,test,rotation__moderate,rotation,moderate,D:\OASIS_2\distortions_32\rotation\moderate\Non_Demented\OAS2_0017\OAS2_0017_slice_09_z120.png,Non_Demented/OAS2_0017/OAS2_0017_slice_09_z120.png,Non-Demented/OAS2_0017/OAS2_0017_slice_09_z120.png,OAS2_0017,Non-Demented,0,2,Mild Dementia,0,-15.156418982670896,2.8250896154204033,10.945433703355848,-2.134975859565878
OASIS_2,LinearSVM,13,test,rotation__moderate,rotation,moderate,D:\OASIS_2\distortions_32\rotation\moderate\Non_Demented\OAS2_0017\OAS2_0017_slice_10_z125.png,Non_Demented/OAS2_0017/OAS2_0017_slice_10_z125.png,Non-Demented/OAS2_0017/OAS2_0017_slice_10_z125.png,OAS2_0017,Non-Demented,0,2,Mild Dementia,0,1.9434006444156373,-24.05108510321093,4.56653276091159,-1.6689606569822624
OASIS_2,LinearSVM,13,test,rotation__moderate,rotation,moderate,D:\OASIS_2\distortions_32\rotation\moderate\Non_Demented\OAS2_0017\OAS2_0017_slice_11_z130.png,Non_Demented/OAS2_0017/OAS2_0017_slice_11_z130.png,Non-Demented/OAS2_0017/OAS2_0017_slice_11_z130.png,OAS2_0017,Non-Demented,0,0,Non-Demented,1,5.815728337660985,-18.908278380523967,-0.09637390867746953,-1.702324747459772
OASIS_2,LinearSVM,13,test,rotation__moderate,rotation,moderate,D:\OASIS_2\distortions_32\rotation\moderate\Non_Demented\OAS2_0017\OAS2_0017_slice_12_z135.png,Non_Demented/OAS2_0017/OAS2_0017_slice_12_z135.png,Non-Demented/OAS2_0017/OAS2_0017_slice_12_z135.png,OAS2_0017,Non-Demented,0,2,Mild Dementia,0,-6.961605643788925,-3.743862989609198,5.921733547229106,-2.553151487509311
OASIS_2,LinearSVM,13,test,rotation__moderate,rotation,moderate,D:\OASIS_2\distortions_32\rotation\moderate\Non_Demented\OAS2_0017\OAS2_0017_slice_13_z141.png,Non_Demented/OAS2_0017/OAS2_0017_slice_13_z141.png,Non-Demented/OAS2_0017/OAS2_0017_slice_13_z141.png,OAS2_0017,Non-Demented,0,2,Mild Dementia,0,-5.70656126572735,-3.7176772645610696,6.1080714700017325,-2.333623801099897
OASIS_2,LinearSVM,13,test,rotation__moderate,rotation,moderate,D:\OASIS_2\distortions_32\rotation\moderate\Non_Demented\OAS2_0017\OAS2_0017_slice_14_z146.png,Non_Demented/OAS2_0017/OAS2_0017_slice_14_z146.png,Non-Demented/OAS2_0017/OAS2_0017_slice_14_z146.png,OAS2_0017,Non-Demented,0,0,Non-Demented,1,4.908369334812631,-17.57653940595029,0.996175215718992,-1.526643670799191
OASIS_2,LinearSVM,13,test,rotation__moderate,rotation,moderate,D:\OASIS_2\distortions_32\rotation\moderate\Non_Demented\OAS2_0017\OAS2_0017_slice_15_z151.png,Non_Demented/OAS2_0017/OAS2_0017_slice_15_z151.png,Non-Demented/OAS2_0017/OAS2_0017_slice_15_z151.png,OAS2_0017,Non-Demented,0,2,Mild Dementia,0,3.664009575876856,-17.6713400618518,4.171858024290319,-1.037572850338666
OASIS_2,LinearSVM,13,test,rotation__moderate,rotation,moderate,D:\OASIS_2\distortions_32\rotation\moderate\Non_Demented\OAS2_0017\OAS2_0017_slice_16_z157.png,Non_Demented/OAS2_0017/OAS2_0017_slice_16_z157.png,Non-Demented/OAS2_0017/OAS2_0017_slice_16_z157.png,OAS2_0017,Non-Demented,0,2,Mild Dementia,0,-13.997378490613347,4.523309214393938,10.261376184168322,-2.440424881649002
OASIS_2,LinearSVM,13,test,rotation__moderate,rotation,moderate,D:\OASIS_2\distortions_32\rotation\moderate\Non_Demented\OAS2_0017\OAS2_0017_slice_17_z162.png,Non_Demented/OAS2_0017/OAS2_0017_slice_17_z162.png,Non-Demented/OAS2_0017/OAS2_0017_slice_17_z162.png,OAS2_0017,Non-Demented,0,2,Mild Dementia,0,-0.08674542687819953,-20.401750166288636,5.14986333195931,-1.6129762873541822
OASIS_2,LinearSVM,13,test,rotation__moderate,rotation,moderate,D:\OASIS_2\distortions_32\rotation\moderate\Non_Demented\OAS2_0017\OAS2_0017_slice_18_z167.png,Non_Demented/OAS2_0017/OAS2_0017_slice_18_z167.png,Non-Demented/OAS2_0017/OAS2_0017_slice_18_z167.png,OAS2_0017,Non-Demented,0,2,Mild Dementia,0,-2.3800253894946075,-19.341322349362432,5.919151211570805,-1.498477265164555
OASIS_2,LinearSVM,13,test,rotation__moderate,rotation,moderate,D:\OASIS_2\distortions_32\rotation\moderate\Non_Demented\OAS2_0017\OAS2_0017_slice_19_z173.png,Non_Demented/OAS2_0017/OAS2_0017_slice_19_z173.png,Non-Demented/OAS2_0017/OAS2_0017_slice_19_z173.png,OAS2_0017,Non-Demented,0,1,Very Mild Dementia,0,-13.424464567491652,8.96034263467493,7.761911041695322,-1.9266267654607274
OASIS_2,LinearSVM,13,test,rotation__moderate,rotation,moderate,D:\OASIS_2\distortions_32\rotation\moderate\Non_Demented\OAS2_0017\OAS2_0017_slice_20_z178.png,Non_Demented/OAS2_0017/OAS2_0017_slice_20_z178.png,Non-Demented/OAS2_0017/OAS2_0017_slice_20_z178.png,OAS2_0017,Non-Demented,0,2,Mild Dementia,0,-4.442134345057635,-14.396172914640978,2.091883139009999,-1.5769793435509012
OASIS_2,LinearSVM,13,test,rotation__moderate,rotation,moderate,D:\OASIS_2\distortions_32\rotation\moderate\Non_Demented\OAS2_0036\OAS2_0036_slice_01_z077.png,Non_Demented/OAS2_0036/OAS2_0036_slice_01_z077.png,Non-Demented/OAS2_0036/OAS2_0036_slice_01_z077.png,OAS2_0036,Non-Demented,0,2,Mild Dementia,0,-8.898372050487675,-8.73469979827072,5.616850867223434,-2.443274356685912
OASIS_2,LinearSVM,13,test,rotation__moderate,rotation,moderate,D:\OASIS_2\distortions_32\rotation\moderate\Non_Demented\OAS2_0036\OAS2_0036_slice_02_z082.png,Non_Demented/OAS2_0036/OAS2_0036_slice_02_z082.png,Non-Demented/OAS2_0036/OAS2_0036_slice_02_z082.png,OAS2_0036,Non-Demented,0,2,Mild Dementia,0,-6.379896587325749,-13.229370104979273,3.130014340508153,-2.2739151747677124
OASIS_2,LinearSVM,13,test,rotation__moderate,rotation,moderate,D:\OASIS_2\distortions_32\rotation\moderate\Non_Demented\OAS2_0036\OAS2_0036_slice_03_z088.png,Non_Demented/OAS2_0036/OAS2_0036_slice_03_z088.png,Non-Demented/OAS2_0036/OAS2_0036_slice_03_z088.png,OAS2_0036,Non-Demented,0,2,Mild Dementia,0,-4.154097624480128,-16.12889024202662,2.0927335883912908,-2.442279360889072
OASIS_2,LinearSVM,13,test,rotation__moderate,rotation,moderate,D:\OASIS_2\distortions_32\rotation\moderate\Non_Demented\OAS2_0036\OAS2_0036_slice_04_z093.png,Non_Demented/OAS2_0036/OAS2_0036_slice_04_z093.png,Non-Demented/OAS2_0036/OAS2_0036_slice_04_z093.png,OAS2_0036,Non-Demented,0,2,Mild Dementia,0,1.275633587066624,-18.245776616179597,3.349915884736444,-2.6632610525354585
OASIS_2,LinearSVM,13,test,rotation__moderate,rotation,moderate,D:\OASIS_2\distortions_32\rotation\moderate\Non_Demented\OAS2_0036\OAS2_0036_slice_05_z098.png,Non_Demented/OAS2_0036/OAS2_0036_slice_05_z098.png,Non-Demented/OAS2_0036/OAS2_0036_slice_05_z098.png,OAS2_0036,Non-Demented,0,2,Mild Dementia,0,-1.5781850110385927,-16.027097228949852,2.8639867268254586,-2.3873333347733885
OASIS_2,LinearSVM,13,test,rotation__moderate,rotation,moderate,D:\OASIS_2\distortions_32\rotation\moderate\Non_Demented\OAS2_0036\OAS2_0036_slice_06_z104.png,Non_Demented/OAS2_0036/OAS2_0036_slice_06_z104.png,Non-Demented/OAS2_0036/OAS2_0036_slice_06_z104.png,OAS2_0036,Non-Demented,0,2,Mild Dementia,0,-7.197557691013316,-17.08516815169672,1.9842332873232364,-2.0930384519863274
OASIS_2,LinearSVM,13,test,rotation__moderate,rotation,moderate,D:\OASIS_2\distortions_32\rotation\moderate\Non_Demented\OAS2_0036\OAS2_0036_slice_07_z109.png,Non_Demented/OAS2_0036/OAS2_0036_slice_07_z109.png,Non-Demented/OAS2_0036/OAS2_0036_slice_07_z109.png,OAS2_0036,Non-Demented,0,2,Mild Dementia,0,-9.147024402185634,-18.86597535670893,2.456146943873421,-2.128013649652594
OASIS_2,LinearSVM,13,test,rotation__moderate,rotation,moderate,D:\OASIS_2\distortions_32\rotation\moderate\Non_Demented\OAS2_0036\OAS2_0036_slice_08_z114.png,Non_Demented/OAS2_0036/OAS2_0036_slice_08_z114.png,Non-Demented/OAS2_0036/OAS2_0036_slice_08_z114.png,OAS2_0036,Non-Demented,0,1,Very Mild Dementia,0,-6.066991087504471,8.020172526525712,2.991338866977039,-2.752525758664896
OASIS_2,LinearSVM,13,test,rotation__moderate,rotation,moderate,D:\OASIS_2\distortions_32\rotation\moderate\Non_Demented\OAS2_0036\OAS2_0036_slice_09_z120.png,Non_Demented/OAS2_0036/OAS2_0036_slice_09_z120.png,Non-Demented/OAS2_0036/OAS2_0036_slice_09_z120.png,OAS2_0036,Non-Demented,0,2,Mild Dementia,0,0.17791497410250345,-18.638739593583225,1.520742499581556,-2.2987280894729123
OASIS_2,LinearSVM,13,test,rotation__moderate,rotation,moderate,D:\OASIS_2\distortions_32\rotation\moderate\Non_Demented\OAS2_0036\OAS2_0036_slice_10_z125.png,Non_Demented/OAS2_0036/OAS2_0036_slice_10_z125.png,Non-Demented/OAS2_0036/OAS2_0036_slice_10_z125.png,OAS2_0036,Non-Demented,0,1,Very Mild Dementia,0,-11.15502280071623,13.689987759349762,0.9914584832959847,-2.7237360421004655
OASIS_2,LinearSVM,13,test,rotation__moderate,rotation,moderate,D:\OASIS_2\distortions_32\rotation\moderate\Non_Demented\OAS2_0036\OAS2_0036_slice_11_z130.png,Non_Demented/OAS2_0036/OAS2_0036_slice_11_z130.png,Non-Demented/OAS2_0036/OAS2_0036_slice_11_z130.png,OAS2_0036,Non-Demented,0,0,Non-Demented,1,13.724238261343281,-30.2987116075099,5.259349099428711,-2.3003069882209255
OASIS_2,LinearSVM,13,test,rotation__moderate,rotation,moderate,D:\OASIS_2\distortions_32\rotation\moderate\Non_Demented\OAS2_0036\OAS2_0036_slice_12_z135.png,Non_Demented/OAS2_0036/OAS2_0036_slice_12_z135.png,Non-Demented/OAS2_0036/OAS2_0036_slice_12_z135.png,OAS2_0036,Non-Demented,0,1,Very Mild Dementia,0,-18.655342636771866,16.938990115203005,0.5601385921180522,-2.5885748963739106
OASIS_2,LinearSVM,13,test,rotation__moderate,rotation,moderate,D:\OASIS_2\distortions_32\rotation\moderate\Non_Demented\OAS2_0036\OAS2_0036_slice_13_z141.png,Non_Demented/OAS2_0036/OAS2_0036_slice_13_z141.png,Non-Demented/OAS2_0036/OAS2_0036_slice_13_z141.png,OAS2_0036,Non-Demented,0,2,Mild Dementia,0,0.7491373389691587,-21.618973280676983,8.715826680039735,-2.552681313916126
OASIS_2,LinearSVM,13,test,rotation__moderate,rotation,moderate,D:\OASIS_2\distortions_32\rotation\moderate\Non_Demented\OAS2_0036\OAS2_0036_slice_14_z146.png,Non_Demented/OAS2_0036/OAS2_0036_slice_14_z146.png,Non-Demented/OAS2_0036/OAS2_0036_slice_14_z146.png,OAS2_0036,Non-Demented,0,2,Mild Dementia,0,2.8307407725014637,-20.159063156881125,7.030082565644047,-2.1905604415395183
OASIS_2,LinearSVM,13,test,rotation__moderate,rotation,moderate,D:\OASIS_2\distortions_32\rotation\moderate\Non_Demented\OAS2_0036\OAS2_0036_slice_15_z151.png,Non_Demented/OAS2_0036/OAS2_0036_slice_15_z151.png,Non-Demented/OAS2_0036/OAS2_0036_slice_15_z151.png,OAS2_0036,Non-Demented,0,1,Very Mild Dementia,0,-5.479640047516929,7.24604031914365,3.0381726327666203,-2.940054870153577
OASIS_2,LinearSVM,13,test,rotation__moderate,rotation,moderate,D:\OASIS_2\distortions_32\rotation\moderate\Non_Demented\OAS2_0036\OAS2_0036_slice_16_z157.png,Non_Demented/OAS2_0036/OAS2_0036_slice_16_z157.png,Non-Demented/OAS2_0036/OAS2_0036_slice_16_z157.png,OAS2_0036,Non-Demented,0,0,Non-Demented,1,2.9756982109182624,-17.010980005384738,2.634689282836375,-1.7360661747469521
OASIS_2,LinearSVM,13,test,rotation__moderate,rotation,moderate,D:\OASIS_2\distortions_32\rotation\moderate\Non_Demented\OAS2_0036\OAS2_0036_slice_17_z162.png,Non_Demented/OAS2_0036/OAS2_0036_slice_17_z162.png,Non-Demented/OAS2_0036/OAS2_0036_slice_17_z162.png,OAS2_0036,Non-Demented,0,2,Mild Dementia,0,-0.7574021100427069,-12.666483947800188,2.916934567444287,-1.7065690096084887
OASIS_2,LinearSVM,13,test,rotation__moderate,rotation,moderate,D:\OASIS_2\distortions_32\rotation\moderate\Non_Demented\OAS2_0036\OAS2_0036_slice_18_z167.png,Non_Demented/OAS2_0036/OAS2_0036_slice_18_z167.png,Non-Demented/OAS2_0036/OAS2_0036_slice_18_z167.png,OAS2_0036,Non-Demented,0,2,Mild Dementia,0,-3.232170562705433,-10.103951306685348,4.212873387397732,-1.9344098391058737
OASIS_2,LinearSVM,13,test,rotation__moderate,rotation,moderate,D:\OASIS_2\distortions_32\rotation\moderate\Non_Demented\OAS2_0036\OAS2_0036_slice_19_z173.png,Non_Demented/OAS2_0036/OAS2_0036_slice_19_z173.png,Non-Demented/OAS2_0036/OAS2_0036_slice_19_z173.png,OAS2_0036,Non-Demented,0,2,Mild Dementia,0,-0.13761336191703177,-14.581222718591345,2.770173540373215,-2.2102977971470974
OASIS_2,LinearSVM,13,test,rotation__moderate,rotation,moderate,D:\OASIS_2\distortions_32\rotation\moderate\Non_Demented\OAS2_0036\OAS2_0036_slice_20_z178.png,Non_Demented/OAS2_0036/OAS2_0036_slice_20_z178.png,Non-Demented/OAS2_0036/OAS2_0036_slice_20_z178.png,OAS2_0036,Non-Demented,0,1,Very Mild Dementia,0,-4.249572013784814,11.96545643396633,0.7917157791197842,-2.5430865882563998
OASIS_2,LinearSVM,13,test,rotation__moderate,rotation,moderate,D:\OASIS_2\distortions_32\rotation\moderate\Non_Demented\OAS2_0067\OAS2_0067_slice_01_z077.png,Non_Demented/OAS2_0067/OAS2_0067_slice_01_z077.png,Non-Demented/OAS2_0067/OAS2_0067_slice_01_z077.png,OAS2_0067,Non-Demented,0,2,Mild Dementia,0,-7.808303856197137,-8.73429595972128,13.825779599129525,-1.4220763914527588
OASIS_2,LinearSVM,13,test,rotation__moderate,rotation,moderate,D:\OASIS_2\distortions_32\rotation\moderate\Non_Demented\OAS2_0067\OAS2_0067_slice_02_z082.png,Non_Demented/OAS2_0067/OAS2_0067_slice_02_z082.png,Non-Demented/OAS2_0067/OAS2_0067_slice_02_z082.png,OAS2_0067,Non-Demented,0,2,Mild Dementia,0,-0.27532204861305676,-14.183387009066397,12.603105777363018,-1.6450955792320447
OASIS_2,LinearSVM,13,test,rotation__moderate,rotation,moderate,D:\OASIS_2\distortions_32\rotation\moderate\Non_Demented\OAS2_0067\OAS2_0067_slice_03_z088.png,Non_Demented/OAS2_0067/OAS2_0067_slice_03_z088.png,Non-Demented/OAS2_0067/OAS2_0067_slice_03_z088.png,OAS2_0067,Non-Demented,0,2,Mild Dementia,0,5.988355086177696,-14.201550679849095,11.382775777957724,-2.4921758716234077
OASIS_2,LinearSVM,13,test,rotation__moderate,rotation,moderate,D:\OASIS_2\distortions_32\rotation\moderate\Non_Demented\OAS2_0067\OAS2_0067_slice_04_z093.png,Non_Demented/OAS2_0067/OAS2_0067_slice_04_z093.png,Non-Demented/OAS2_0067/OAS2_0067_slice_04_z093.png,OAS2_0067,Non-Demented,0,2,Mild Dementia,0,-1.371640678455233,-19.879863159832333,4.241151513718924,-2.3815351829157656
OASIS_2,LinearSVM,13,test,rotation__moderate,rotation,moderate,D:\OASIS_2\distortions_32\rotation\moderate\Non_Demented\OAS2_0067\OAS2_0067_slice_05_z098.png,Non_Demented/OAS2_0067/OAS2_0067_slice_05_z098.png,Non-Demented/OAS2_0067/OAS2_0067_slice_05_z098.png,OAS2_0067,Non-Demented,0,2,Mild Dementia,0,-0.8594808758803212,-16.27795251466385,2.175752156334792,-2.5230296250754325
OASIS_2,LinearSVM,13,test,rotation__moderate,rotation,moderate,D:\OASIS_2\distortions_32\rotation\moderate\Non_Demented\OAS2_0067\OAS2_0067_slice_06_z104.png,Non_Demented/OAS2_0067/OAS2_0067_slice_06_z104.png,Non-Demented/OAS2_0067/OAS2_0067_slice_06_z104.png,OAS2_0067,Non-Demented,0,2,Mild Dementia,0,-5.0113814818302345,-9.84763999487504,2.681566018674325,-2.296846258588178
OASIS_2,LinearSVM,13,test,rotation__moderate,rotation,moderate,D:\OASIS_2\distortions_32\rotation\moderate\Non_Demented\OAS2_0067\OAS2_0067_slice_07_z109.png,Non_Demented/OAS2_0067/OAS2_0067_slice_07_z109.png,Non-Demented/OAS2_0067/OAS2_0067_slice_07_z109.png,OAS2_0067,Non-Demented,0,2,Mild Dementia,0,-1.5131728462592435,-14.065937903900839,-0.36578854828145957,-1.9724832891928203
OASIS_2,LinearSVM,13,test,rotation__moderate,rotation,moderate,D:\OASIS_2\distortions_32\rotation\moderate\Non_Demented\OAS2_0067\OAS2_0067_slice_08_z114.png,Non_Demented/OAS2_0067/OAS2_0067_slice_08_z114.png,Non-Demented/OAS2_0067/OAS2_0067_slice_08_z114.png,OAS2_0067,Non-Demented,0,2,Mild Dementia,0,-0.6800228036849807,-19.902570593697806,2.4160891161608427,-1.3512764314920858
OASIS_2,LinearSVM,13,test,rotation__moderate,rotation,moderate,D:\OASIS_2\distortions_32\rotation\moderate\Non_Demented\OAS2_0067\OAS2_0067_slice_09_z120.png,Non_Demented/OAS2_0067/OAS2_0067_slice_09_z120.png,Non-Demented/OAS2_0067/OAS2_0067_slice_09_z120.png,OAS2_0067,Non-Demented,0,0,Non-Demented,1,11.063088467239847,-22.88060805392291,-0.26673500030636466,-1.492282349240749
OASIS_2,LinearSVM,13,test,rotation__moderate,rotation,moderate,D:\OASIS_2\distortions_32\rotation\moderate\Non_Demented\OAS2_0067\OAS2_0067_slice_10_z125.png,Non_Demented/OAS2_0067/OAS2_0067_slice_10_z125.png,Non-Demented/OAS2_0067/OAS2_0067_slice_10_z125.png,OAS2_0067,Non-Demented,0,0,Non-Demented,1,3.376430835526459,-17.703756674608965,1.6754621114045785,-1.5809105000480292
OASIS_2,LinearSVM,13,test,rotation__moderate,rotation,moderate,D:\OASIS_2\distortions_32\rotation\moderate\Non_Demented\OAS2_0067\OAS2_0067_slice_11_z130.png,Non_Demented/OAS2_0067/OAS2_0067_slice_11_z130.png,Non-Demented/OAS2_0067/OAS2_0067_slice_11_z130.png,OAS2_0067,Non-Demented,0,0,Non-Demented,1,5.761449861988837,-18.346841818867947,-0.1928001453764807,-1.3369820447756917
OASIS_2,LinearSVM,13,test,rotation__moderate,rotation,moderate,D:\OASIS_2\distortions_32\rotation\moderate\Non_Demented\OAS2_0067\OAS2_0067_slice_12_z135.png,Non_Demented/OAS2_0067/OAS2_0067_slice_12_z135.png,Non-Demented/OAS2_0067/OAS2_0067_slice_12_z135.png,OAS2_0067,Non-Demented,0,2,Mild Dementia,0,3.0731687943953183,-21.139836499324232,4.235121107681229,-1.2353939782789296
OASIS_2,LinearSVM,13,test,rotation__moderate,rotation,moderate,D:\OASIS_2\distortions_32\rotation\moderate\Non_Demented\OAS2_0067\OAS2_0067_slice_13_z141.png,Non_Demented/OAS2_0067/OAS2_0067_slice_13_z141.png,Non-Demented/OAS2_0067/OAS2_0067_slice_13_z141.png,OAS2_0067,Non-Demented,0,0,Non-Demented,1,5.388043762180477,-20.681089498160084,2.2123218723868647,-1.055138029915259
OASIS_2,LinearSVM,13,test,rotation__moderate,rotation,moderate,D:\OASIS_2\distortions_32\rotation\moderate\Non_Demented\OAS2_0067\OAS2_0067_slice_14_z146.png,Non_Demented/OAS2_0067/OAS2_0067_slice_14_z146.png,Non-Demented/OAS2_0067/OAS2_0067_slice_14_z146.png,OAS2_0067,Non-Demented,0,0,Non-Demented,1,10.609608436946372,-26.641497465089166,4.080806235569844,-1.568097033675776
OASIS_2,LinearSVM,13,test,rotation__moderate,rotation,moderate,D:\OASIS_2\distortions_32\rotation\moderate\Non_Demented\OAS2_0067\OAS2_0067_slice_15_z151.png,Non_Demented/OAS2_0067/OAS2_0067_slice_15_z151.png,Non-Demented/OAS2_0067/OAS2_0067_slice_15_z151.png,OAS2_0067,Non-Demented,0,0,Non-Demented,1,5.282534519708049,-19.665412453019854,4.418918010096723,-1.7968831327485313
OASIS_2,LinearSVM,13,test,rotation__moderate,rotation,moderate,D:\OASIS_2\distortions_32\rotation\moderate\Non_Demented\OAS2_0067\OAS2_0067_slice_16_z157.png,Non_Demented/OAS2_0067/OAS2_0067_slice_16_z157.png,Non-Demented/OAS2_0067/OAS2_0067_slice_16_z157.png,OAS2_0067,Non-Demented,0,0,Non-Demented,1,13.631035110362047,-30.417434142688702,2.5532774393145865,-1.3638253602986947
OASIS_2,LinearSVM,13,test,rotation__moderate,rotation,moderate,D:\OASIS_2\distortions_32\rotation\moderate\Non_Demented\OAS2_0067\OAS2_0067_slice_17_z162.png,Non_Demented/OAS2_0067/OAS2_0067_slice_17_z162.png,Non-Demented/OAS2_0067/OAS2_0067_slice_17_z162.png,OAS2_0067,Non-Demented,0,0,Non-Demented,1,8.813074303149605,-26.61469619882935,1.9510102835394214,-1.3330955007223533
OASIS_2,LinearSVM,13,test,rotation__moderate,rotation,moderate,D:\OASIS_2\distortions_32\rotation\moderate\Non_Demented\OAS2_0067\OAS2_0067_slice_18_z167.png,Non_Demented/OAS2_0067/OAS2_0067_slice_18_z167.png,Non-Demented/OAS2_0067/OAS2_0067_slice_18_z167.png,OAS2_0067,Non-Demented,0,2,Mild Dementia,0,-9.293974866230224,1.1445490402053156,7.674898014114193,-2.1905028529802744
OASIS_2,LinearSVM,13,test,rotation__moderate,rotation,moderate,D:\OASIS_2\distortions_32\rotation\moderate\Non_Demented\OAS2_0067\OAS2_0067_slice_19_z173.png,Non_Demented/OAS2_0067/OAS2_0067_slice_19_z173.png,Non-Demented/OAS2_0067/OAS2_0067_slice_19_z173.png,OAS2_0067,Non-Demented,0,0,Non-Demented,1,10.88527632696463,-27.12392054281619,3.4034651618093803,-1.7622776558822577
OASIS_2,LinearSVM,13,test,rotation__moderate,rotation,moderate,D:\OASIS_2\distortions_32\rotation\moderate\Non_Demented\OAS2_0067\OAS2_0067_slice_20_z178.png,Non_Demented/OAS2_0067/OAS2_0067_slice_20_z178.png,Non-Demented/OAS2_0067/OAS2_0067_slice_20_z178.png,OAS2_0067,Non-Demented,0,2,Mild Dementia,0,-6.761228495021596,0.8463752891322865,4.820020334073465,-2.8825660285435886
OASIS_2,LinearSVM,13,test,rotation__moderate,rotation,moderate,D:\OASIS_2\distortions_32\rotation\moderate\Non_Demented\OAS2_0069\OAS2_0069_slice_01_z077.png,Non_Demented/OAS2_0069/OAS2_0069_slice_01_z077.png,Non-Demented/OAS2_0069/OAS2_0069_slice_01_z077.png,OAS2_0069,Non-Demented,0,0,Non-Demented,1,8.43178519503324,-22.5722415562771,2.8539511060625258,-2.2681514533051548
OASIS_2,LinearSVM,13,test,rotation__moderate,rotation,moderate,D:\OASIS_2\distortions_32\rotation\moderate\Non_Demented\OAS2_0069\OAS2_0069_slice_02_z082.png,Non_Demented/OAS2_0069/OAS2_0069_slice_02_z082.png,Non-Demented/OAS2_0069/OAS2_0069_slice_02_z082.png,OAS2_0069,Non-Demented,0,0,Non-Demented,1,12.4540884441423,-26.933014111464196,2.266520487252899,-2.5900002650009784
OASIS_2,LinearSVM,13,test,rotation__moderate,rotation,moderate,D:\OASIS_2\distortions_32\rotation\moderate\Non_Demented\OAS2_0069\OAS2_0069_slice_03_z088.png,Non_Demented/OAS2_0069/OAS2_0069_slice_03_z088.png,Non-Demented/OAS2_0069/OAS2_0069_slice_03_z088.png,OAS2_0069,Non-Demented,0,1,Very Mild Dementia,0,-8.474522297112527,9.690072245834223,1.3979629987521451,-2.6616035603315895
OASIS_2,LinearSVM,13,test,rotation__moderate,rotation,moderate,D:\OASIS_2\distortions_32\rotation\moderate\Non_Demented\OAS2_0069\OAS2_0069_slice_04_z093.png,Non_Demented/OAS2_0069/OAS2_0069_slice_04_z093.png,Non-Demented/OAS2_0069/OAS2_0069_slice_04_z093.png,OAS2_0069,Non-Demented,0,0,Non-Demented,1,6.330900375822514,-20.394530439589094,3.113545477470551,-2.547619996062315
OASIS_2,LinearSVM,13,test,rotation__moderate,rotation,moderate,D:\OASIS_2\distortions_32\rotation\moderate\Non_Demented\OAS2_0069\OAS2_0069_slice_05_z098.png,Non_Demented/OAS2_0069/OAS2_0069_slice_05_z098.png,Non-Demented/OAS2_0069/OAS2_0069_slice_05_z098.png,OAS2_0069,Non-Demented,0,2,Mild Dementia,0,4.808597562405335,-25.641777649129253,5.347727853403258,-2.2212861697584296
OASIS_2,LinearSVM,13,test,rotation__moderate,rotation,moderate,D:\OASIS_2\distortions_32\rotation\moderate\Non_Demented\OAS2_0069\OAS2_0069_slice_06_z104.png,Non_Demented/OAS2_0069/OAS2_0069_slice_06_z104.png,Non-Demented/OAS2_0069/OAS2_0069_slice_06_z104.png,OAS2_0069,Non-Demented,0,2,Mild Dementia,0,3.0403189827227877,-20.272231908645573,3.9918033998644646,-2.1476251581950905
OASIS_2,LinearSVM,13,test,rotation__moderate,rotation,moderate,D:\OASIS_2\distortions_32\rotation\moderate\Non_Demented\OAS2_0069\OAS2_0069_slice_07_z109.png,Non_Demented/OAS2_0069/OAS2_0069_slice_07_z109.png,Non-Demented/OAS2_0069/OAS2_0069_slice_07_z109.png,OAS2_0069,Non-Demented,0,1,Very Mild Dementia,0,-2.892635560345101,3.931202991551974,1.5014114844850686,-2.9017724441226904
OASIS_2,LinearSVM,13,test,rotation__moderate,rotation,moderate,D:\OASIS_2\distortions_32\rotation\moderate\Non_Demented\OAS2_0069\OAS2_0069_slice_08_z114.png,Non_Demented/OAS2_0069/OAS2_0069_slice_08_z114.png,Non-Demented/OAS2_0069/OAS2_0069_slice_08_z114.png,OAS2_0069,Non-Demented,0,1,Very Mild Dementia,0,-4.018468418114333,8.047313546401458,1.500265600185831,-2.7343301278253334
OASIS_2,LinearSVM,13,test,rotation__moderate,rotation,moderate,D:\OASIS_2\distortions_32\rotation\moderate\Non_Demented\OAS2_0069\OAS2_0069_slice_09_z120.png,Non_Demented/OAS2_0069/OAS2_0069_slice_09_z120.png,Non-Demented/OAS2_0069/OAS2_0069_slice_09_z120.png,OAS2_0069,Non-Demented,0,0,Non-Demented,1,10.052495331057182,-21.45909716853413,3.721446510709437,-2.1376346587032637
OASIS_2,LinearSVM,13,test,rotation__moderate,rotation,moderate,D:\OASIS_2\distortions_32\rotation\moderate\Non_Demented\OAS2_0069\OAS2_0069_slice_10_z125.png,Non_Demented/OAS2_0069/OAS2_0069_slice_10_z125.png,Non-Demented/OAS2_0069/OAS2_0069_slice_10_z125.png,OAS2_0069,Non-Demented,0,0,Non-Demented,1,12.634699298272471,-23.91841941440928,2.150167906593945,-1.9290054416960973
OASIS_2,LinearSVM,13,test,rotation__moderate,rotation,moderate,D:\OASIS_2\distortions_32\rotation\moderate\Non_Demented\OAS2_0069\OAS2_0069_slice_11_z130.png,Non_Demented/OAS2_0069/OAS2_0069_slice_11_z130.png,Non-Demented/OAS2_0069/OAS2_0069_slice_11_z130.png,OAS2_0069,Non-Demented,0,0,Non-Demented,1,9.69030757805689,-19.006946053142812,1.4975588640993442,-1.9372284530754986
OASIS_2,LinearSVM,13,test,rotation__moderate,rotation,moderate,D:\OASIS_2\distortions_32\rotation\moderate\Non_Demented\OAS2_0069\OAS2_0069_slice_12_z135.png,Non_Demented/OAS2_0069/OAS2_0069_slice_12_z135.png,Non-Demented/OAS2_0069/OAS2_0069_slice_12_z135.png,OAS2_0069,Non-Demented,0,2,Mild Dementia,0,-0.7052448724188518,1.8523337198116132,1.9763100514667475,-2.7124188960365907
OASIS_2,LinearSVM,13,test,rotation__moderate,rotation,moderate,D:\OASIS_2\distortions_32\rotation\moderate\Non_Demented\OAS2_0069\OAS2_0069_slice_13_z141.png,Non_Demented/OAS2_0069/OAS2_0069_slice_13_z141.png,Non-Demented/OAS2_0069/OAS2_0069_slice_13_z141.png,OAS2_0069,Non-Demented,0,1,Very Mild Dementia,0,-2.8473798781702677,3.7586368849049134,2.015103056016265,-2.760745438022008
OASIS_2,LinearSVM,13,test,rotation__moderate,rotation,moderate,D:\OASIS_2\distortions_32\rotation\moderate\Non_Demented\OAS2_0069\OAS2_0069_slice_14_z146.png,Non_Demented/OAS2_0069/OAS2_0069_slice_14_z146.png,Non-Demented/OAS2_0069/OAS2_0069_slice_14_z146.png,OAS2_0069,Non-Demented,0,1,Very Mild Dementia,0,-5.809789910601706,4.374761542481503,3.544647471620648,-2.891059668379135
OASIS_2,LinearSVM,13,test,rotation__moderate,rotation,moderate,D:\OASIS_2\distortions_32\rotation\moderate\Non_Demented\OAS2_0069\OAS2_0069_slice_15_z151.png,Non_Demented/OAS2_0069/OAS2_0069_slice_15_z151.png,Non-Demented/OAS2_0069/OAS2_0069_slice_15_z151.png,OAS2_0069,Non-Demented,0,0,Non-Demented,1,4.636155319056321,-16.40231622065176,4.2929742577018,-2.0124567896444194
OASIS_2,LinearSVM,13,test,rotation__moderate,rotation,moderate,D:\OASIS_2\distortions_32\rotation\moderate\Non_Demented\OAS2_0069\OAS2_0069_slice_16_z157.png,Non_Demented/OAS2_0069/OAS2_0069_slice_16_z157.png,Non-Demented/OAS2_0069/OAS2_0069_slice_16_z157.png,OAS2_0069,Non-Demented,0,2,Mild Dementia,0,-2.7675720135390427,-11.38087235089955,4.755136470501283,-2.369108046374528
OASIS_2,LinearSVM,13,test,rotation__moderate,rotation,moderate,D:\OASIS_2\distortions_32\rotation\moderate\Non_Demented\OAS2_0069\OAS2_0069_slice_17_z162.png,Non_Demented/OAS2_0069/OAS2_0069_slice_17_z162.png,Non-Demented/OAS2_0069/OAS2_0069_slice_17_z162.png,OAS2_0069,Non-Demented,0,2,Mild Dementia,0,-5.095250207772738,-11.31876674992748,5.728761240252263,-2.3140230452556287
OASIS_2,LinearSVM,13,test,rotation__moderate,rotation,moderate,D:\OASIS_2\distortions_32\rotation\moderate\Non_Demented\OAS2_0069\OAS2_0069_slice_18_z167.png,Non_Demented/OAS2_0069/OAS2_0069_slice_18_z167.png,Non-Demented/OAS2_0069/OAS2_0069_slice_18_z167.png,OAS2_0069,Non-Demented,0,1,Very Mild Dementia,0,0.3528674076395597,9.01841486410789,-3.4733903384432128,-2.7059069023474542
OASIS_2,LinearSVM,13,test,rotation__moderate,rotation,moderate,D:\OASIS_2\distortions_32\rotation\moderate\Non_Demented\OAS2_0069\OAS2_0069_slice_19_z173.png,Non_Demented/OAS2_0069/OAS2_0069_slice_19_z173.png,Non-Demented/OAS2_0069/OAS2_0069_slice_19_z173.png,OAS2_0069,Non-Demented,0,1,Very Mild Dementia,0,0.2253312446661151,3.501740306240681,-1.7214336326986919,-2.4899897872215337
OASIS_2,LinearSVM,13,test,rotation__moderate,rotation,moderate,D:\OASIS_2\distortions_32\rotation\moderate\Non_Demented\OAS2_0069\OAS2_0069_slice_20_z178.png,Non_Demented/OAS2_0069/OAS2_0069_slice_20_z178.png,Non-Demented/OAS2_0069/OAS2_0069_slice_20_z178.png,OAS2_0069,Non-Demented,0,2,Mild Dementia,0,1.2497053682562789,-15.058196948729265,3.346109780617922,-2.4791722931125495
OASIS_2,LinearSVM,13,test,rotation__moderate,rotation,moderate,D:\OASIS_2\distortions_32\rotation\moderate\Non_Demented\OAS2_0070\OAS2_0070_slice_01_z077.png,Non_Demented/OAS2_0070/OAS2_0070_slice_01_z077.png,Non-Demented/OAS2_0070/OAS2_0070_slice_01_z077.png,OAS2_0070,Non-Demented,0,2,Mild Dementia,0,-4.750871315747382,-0.7050969635465153,5.104653800711521,-2.6555378915882812
OASIS_2,LinearSVM,13,test,rotation__moderate,rotation,moderate,D:\OASIS_2\distortions_32\rotation\moderate\Non_Demented\OAS2_0070\OAS2_0070_slice_02_z082.png,Non_Demented/OAS2_0070/OAS2_0070_slice_02_z082.png,Non-Demented/OAS2_0070/OAS2_0070_slice_02_z082.png,OAS2_0070,Non-Demented,0,1,Very Mild Dementia,0,-11.115557916996513,7.028539607330152,4.8332469026062945,-2.6788859883164533
OASIS_2,LinearSVM,13,test,rotation__moderate,rotation,moderate,D:\OASIS_2\distortions_32\rotation\moderate\Non_Demented\OAS2_0070\OAS2_0070_slice_03_z088.png,Non_Demented/OAS2_0070/OAS2_0070_slice_03_z088.png,Non-Demented/OAS2_0070/OAS2_0070_slice_03_z088.png,OAS2_0070,Non-Demented,0,1,Very Mild Dementia,0,-15.956802599869514,9.406123205190404,3.9280553994127616,-2.578389137738217
OASIS_2,LinearSVM,13,test,rotation__moderate,rotation,moderate,D:\OASIS_2\distortions_32\rotation\moderate\Non_Demented\OAS2_0070\OAS2_0070_slice_04_z093.png,Non_Demented/OAS2_0070/OAS2_0070_slice_04_z093.png,Non-Demented/OAS2_0070/OAS2_0070_slice_04_z093.png,OAS2_0070,Non-Demented,0,1,Very Mild Dementia,0,-15.513554775641191,7.403304456141105,5.563537130073616,-2.380214290627618
OASIS_2,LinearSVM,13,test,rotation__moderate,rotation,moderate,D:\OASIS_2\distortions_32\rotation\moderate\Non_Demented\OAS2_0070\OAS2_0070_slice_05_z098.png,Non_Demented/OAS2_0070/OAS2_0070_slice_05_z098.png,Non-Demented/OAS2_0070/OAS2_0070_slice_05_z098.png,OAS2_0070,Non-Demented,0,1,Very Mild Dementia,0,-17.595515271428937,11.041123659961656,8.410053979798194,-2.014110970165329
OASIS_2,LinearSVM,13,test,rotation__moderate,rotation,moderate,D:\OASIS_2\distortions_32\rotation\moderate\Non_Demented\OAS2_0070\OAS2_0070_slice_06_z104.png,Non_Demented/OAS2_0070/OAS2_0070_slice_06_z104.png,Non-Demented/OAS2_0070/OAS2_0070_slice_06_z104.png,OAS2_0070,Non-Demented,0,2,Mild Dementia,0,-12.81204754765918,6.0979159693350375,9.223068669498627,-1.8962332642613373
OASIS_2,LinearSVM,13,test,rotation__moderate,rotation,moderate,D:\OASIS_2\distortions_32\rotation\moderate\Non_Demented\OAS2_0070\OAS2_0070_slice_07_z109.png,Non_Demented/OAS2_0070/OAS2_0070_slice_07_z109.png,Non-Demented/OAS2_0070/OAS2_0070_slice_07_z109.png,OAS2_0070,Non-Demented,0,2,Mild Dementia,0,-10.305305485452942,6.834382874339533,9.3743251163235,-1.9635025739812368
OASIS_2,LinearSVM,13,test,rotation__moderate,rotation,moderate,D:\OASIS_2\distortions_32\rotation\moderate\Non_Demented\OAS2_0070\OAS2_0070_slice_08_z114.png,Non_Demented/OAS2_0070/OAS2_0070_slice_08_z114.png,Non-Demented/OAS2_0070/OAS2_0070_slice_08_z114.png,OAS2_0070,Non-Demented,0,2,Mild Dementia,0,-2.1834065863136773,-17.494315180842314,1.2166311791205775,-1.6469428285912382
OASIS_2,LinearSVM,13,test,rotation__moderate,rotation,moderate,D:\OASIS_2\distortions_32\rotation\moderate\Non_Demented\OAS2_0070\OAS2_0070_slice_09_z120.png,Non_Demented/OAS2_0070/OAS2_0070_slice_09_z120.png,Non-Demented/OAS2_0070/OAS2_0070_slice_09_z120.png,OAS2_0070,Non-Demented,0,0,Non-Demented,1,3.707195901867247,-10.91258137904057,-2.276558206238646,-1.7979358076345267
OASIS_2,LinearSVM,13,test,rotation__moderate,rotation,moderate,D:\OASIS_2\distortions_32\rotation\moderate\Non_Demented\OAS2_0070\OAS2_0070_slice_10_z125.png,Non_Demented/OAS2_0070/OAS2_0070_slice_10_z125.png,Non-Demented/OAS2_0070/OAS2_0070_slice_10_z125.png,OAS2_0070,Non-Demented,0,0,Non-Demented,1,8.28884571599775,-8.306796129454936,-5.513709761062886,-1.6642409912835863
OASIS_2,LinearSVM,13,test,rotation__moderate,rotation,moderate,D:\OASIS_2\distortions_32\rotation\moderate\Non_Demented\OAS2_0070\OAS2_0070_slice_11_z130.png,Non_Demented/OAS2_0070/OAS2_0070_slice_11_z130.png,Non-Demented/OAS2_0070/OAS2_0070_slice_11_z130.png,OAS2_0070,Non-Demented,0,0,Non-Demented,1,11.147648067971918,-12.76281935441087,-4.838885108198356,-1.699424956722583
OASIS_2,LinearSVM,13,test,rotation__moderate,rotation,moderate,D:\OASIS_2\distortions_32\rotation\moderate\Non_Demented\OAS2_0070\OAS2_0070_slice_12_z135.png,Non_Demented/OAS2_0070/OAS2_0070_slice_12_z135.png,Non-Demented/OAS2_0070/OAS2_0070_slice_12_z135.png,OAS2_0070,Non-Demented,0,1,Very Mild Dementia,0,-40.255941108892394,43.04506557271337,11.739370932514664,-3.350320149312361
OASIS_2,LinearSVM,13,test,rotation__moderate,rotation,moderate,D:\OASIS_2\distortions_32\rotation\moderate\Non_Demented\OAS2_0070\OAS2_0070_slice_13_z141.png,Non_Demented/OAS2_0070/OAS2_0070_slice_13_z141.png,Non-Demented/OAS2_0070/OAS2_0070_slice_13_z141.png,OAS2_0070,Non-Demented,0,3,Moderate Dementia,0,-2.8262749868528396,-6.233294901306967,-3.5019061116983687,-1.3500695595704788
OASIS_2,LinearSVM,13,test,rotation__moderate,rotation,moderate,D:\OASIS_2\distortions_32\rotation\moderate\Non_Demented\OAS2_0070\OAS2_0070_slice_14_z146.png,Non_Demented/OAS2_0070/OAS2_0070_slice_14_z146.png,Non-Demented/OAS2_0070/OAS2_0070_slice_14_z146.png,OAS2_0070,Non-Demented,0,0,Non-Demented,1,1.6277958714454974,-5.82226258329892,-2.7672889292280765,-1.34474718427708
OASIS_2,LinearSVM,13,test,rotation__moderate,rotation,moderate,D:\OASIS_2\distortions_32\rotation\moderate\Non_Demented\OAS2_0070\OAS2_0070_slice_15_z151.png,Non_Demented/OAS2_0070/OAS2_0070_slice_15_z151.png,Non-Demented/OAS2_0070/OAS2_0070_slice_15_z151.png,OAS2_0070,Non-Demented,0,0,Non-Demented,1,3.294538353314405,-7.516635619094429,-6.031120847436849,-1.4911127109428568
OASIS_2,LinearSVM,13,test,rotation__moderate,rotation,moderate,D:\OASIS_2\distortions_32\rotation\moderate\Non_Demented\OAS2_0070\OAS2_0070_slice_16_z157.png,Non_Demented/OAS2_0070/OAS2_0070_slice_16_z157.png,Non-Demented/OAS2_0070/OAS2_0070_slice_16_z157.png,OAS2_0070,Non-Demented,0,1,Very Mild Dementia,0,-32.14049344083003,27.271945626474903,11.74258027507917,-3.759336123260659
OASIS_2,LinearSVM,13,test,rotation__moderate,rotation,moderate,D:\OASIS_2\distortions_32\rotation\moderate\Non_Demented\OAS2_0070\OAS2_0070_slice_17_z162.png,Non_Demented/OAS2_0070/OAS2_0070_slice_17_z162.png,Non-Demented/OAS2_0070/OAS2_0070_slice_17_z162.png,OAS2_0070,Non-Demented,0,2,Mild Dementia,0,-3.002867771198422,-6.843196843775546,-1.5595832497109987,-2.2503719210211326
OASIS_2,LinearSVM,13,test,rotation__moderate,rotation,moderate,D:\OASIS_2\distortions_32\rotation\moderate\Non_Demented\OAS2_0070\OAS2_0070_slice_18_z167.png,Non_Demented/OAS2_0070/OAS2_0070_slice_18_z167.png,Non-Demented/OAS2_0070/OAS2_0070_slice_18_z167.png,OAS2_0070,Non-Demented,0,3,Moderate Dementia,0,-2.374756370718321,-5.469030183155315,-1.9383933734260133,-1.5484356194556543
OASIS_2,LinearSVM,13,test,rotation__moderate,rotation,moderate,D:\OASIS_2\distortions_32\rotation\moderate\Non_Demented\OAS2_0070\OAS2_0070_slice_19_z173.png,Non_Demented/OAS2_0070/OAS2_0070_slice_19_z173.png,Non-Demented/OAS2_0070/OAS2_0070_slice_19_z173.png,OAS2_0070,Non-Demented,0,1,Very Mild Dementia,0,-13.614763168779772,7.720732612750861,6.699397517020387,-2.543941053918183
OASIS_2,LinearSVM,13,test,rotation__moderate,rotation,moderate,D:\OASIS_2\distortions_32\rotation\moderate\Non_Demented\OAS2_0070\OAS2_0070_slice_20_z178.png,Non_Demented/OAS2_0070/OAS2_0070_slice_20_z178.png,Non-Demented/OAS2_0070/OAS2_0070_slice_20_z178.png,OAS2_0070,Non-Demented,0,2,Mild Dementia,0,-12.82179452112365,6.6481526328041225,6.6621103333396565,-2.190755397314514
OASIS_2,LinearSVM,13,test,rotation__moderate,rotation,moderate,D:\OASIS_2\distortions_32\rotation\moderate\Non_Demented\OAS2_0128\OAS2_0128_slice_01_z077.png,Non_Demented/OAS2_0128/OAS2_0128_slice_01_z077.png,Non-Demented/OAS2_0128/OAS2_0128_slice_01_z077.png,OAS2_0128,Non-Demented,0,2,Mild Dementia,0,-1.2227851504224572,-16.047740557518175,6.229131470575577,-2.6022684450599765
OASIS_2,LinearSVM,13,test,rotation__moderate,rotation,moderate,D:\OASIS_2\distortions_32\rotation\moderate\Non_Demented\OAS2_0128\OAS2_0128_slice_02_z082.png,Non_Demented/OAS2_0128/OAS2_0128_slice_02_z082.png,Non-Demented/OAS2_0128/OAS2_0128_slice_02_z082.png,OAS2_0128,Non-Demented,0,1,Very Mild Dementia,0,-10.079471585923956,13.442243869720695,0.9555283610709071,-2.7813548684941853
OASIS_2,LinearSVM,13,test,rotation__moderate,rotation,moderate,D:\OASIS_2\distortions_32\rotation\moderate\Non_Demented\OAS2_0128\OAS2_0128_slice_03_z088.png,Non_Demented/OAS2_0128/OAS2_0128_slice_03_z088.png,Non-Demented/OAS2_0128/OAS2_0128_slice_03_z088.png,OAS2_0128,Non-Demented,0,0,Non-Demented,1,6.353050817639991,-24.849127881057026,5.27458932550136,-2.281679783324945
OASIS_2,LinearSVM,13,test,rotation__moderate,rotation,moderate,D:\OASIS_2\distortions_32\rotation\moderate\Non_Demented\OAS2_0128\OAS2_0128_slice_04_z093.png,Non_Demented/OAS2_0128/OAS2_0128_slice_04_z093.png,Non-Demented/OAS2_0128/OAS2_0128_slice_04_z093.png,OAS2_0128,Non-Demented,0,2,Mild Dementia,0,2.7026264323881604,-19.472189702842158,4.786114607629376,-2.1065739041609133
OASIS_2,LinearSVM,13,test,rotation__moderate,rotation,moderate,D:\OASIS_2\distortions_32\rotation\moderate\Non_Demented\OAS2_0128\OAS2_0128_slice_05_z098.png,Non_Demented/OAS2_0128/OAS2_0128_slice_05_z098.png,Non-Demented/OAS2_0128/OAS2_0128_slice_05_z098.png,OAS2_0128,Non-Demented,0,1,Very Mild Dementia,0,-5.007983569206479,4.740556773569698,0.7885213590928588,-2.574256344523671
OASIS_2,LinearSVM,13,test,rotation__moderate,rotation,moderate,D:\OASIS_2\distortions_32\rotation\moderate\Non_Demented\OAS2_0128\OAS2_0128_slice_06_z104.png,Non_Demented/OAS2_0128/OAS2_0128_slice_06_z104.png,Non-Demented/OAS2_0128/OAS2_0128_slice_06_z104.png,OAS2_0128,Non-Demented,0,2,Mild Dementia,0,-1.6220977808753463,-15.539405587881319,4.89639475862529,-2.2595340672474
OASIS_2,LinearSVM,13,test,rotation__moderate,rotation,moderate,D:\OASIS_2\distortions_32\rotation\moderate\Non_Demented\OAS2_0128\OAS2_0128_slice_07_z109.png,Non_Demented/OAS2_0128/OAS2_0128_slice_07_z109.png,Non-Demented/OAS2_0128/OAS2_0128_slice_07_z109.png,OAS2_0128,Non-Demented,0,0,Non-Demented,1,4.951978314714614,-17.42283236294258,3.6540987499977313,-2.565849111347779
OASIS_2,LinearSVM,13,test,rotation__moderate,rotation,moderate,D:\OASIS_2\distortions_32\rotation\moderate\Non_Demented\OAS2_0128\OAS2_0128_slice_08_z114.png,Non_Demented/OAS2_0128/OAS2_0128_slice_08_z114.png,Non-Demented/OAS2_0128/OAS2_0128_slice_08_z114.png,OAS2_0128,Non-Demented,0,1,Very Mild Dementia,0,-3.5719894412755386,5.517777006590186,-1.6583276751631468,-2.6952691935614617
OASIS_2,LinearSVM,13,test,rotation__moderate,rotation,moderate,D:\OASIS_2\distortions_32\rotation\moderate\Non_Demented\OAS2_0128\OAS2_0128_slice_09_z120.png,Non_Demented/OAS2_0128/OAS2_0128_slice_09_z120.png,Non-Demented/OAS2_0128/OAS2_0128_slice_09_z120.png,OAS2_0128,Non-Demented,0,1,Very Mild Dementia,0,-2.7712774066519654,3.6615326607562193,-1.7211156251473458,-2.5561704228146462
OASIS_2,LinearSVM,13,test,rotation__moderate,rotation,moderate,D:\OASIS_2\distortions_32\rotation\moderate\Non_Demented\OAS2_0128\OAS2_0128_slice_10_z125.png,Non_Demented/OAS2_0128/OAS2_0128_slice_10_z125.png,Non-Demented/OAS2_0128/OAS2_0128_slice_10_z125.png,OAS2_0128,Non-Demented,0,0,Non-Demented,1,9.93681794649851,-21.804784784741486,2.3723879009498465,-2.217585587116555
OASIS_2,LinearSVM,13,test,rotation__moderate,rotation,moderate,D:\OASIS_2\distortions_32\rotation\moderate\Non_Demented\OAS2_0128\OAS2_0128_slice_11_z130.png,Non_Demented/OAS2_0128/OAS2_0128_slice_11_z130.png,Non-Demented/OAS2_0128/OAS2_0128_slice_11_z130.png,OAS2_0128,Non-Demented,0,1,Very Mild Dementia,0,-6.097681489513365,5.66682227054864,0.4047883910273917,-2.645388708056865
OASIS_2,LinearSVM,13,test,rotation__moderate,rotation,moderate,D:\OASIS_2\distortions_32\rotation\moderate\Non_Demented\OAS2_0128\OAS2_0128_slice_12_z135.png,Non_Demented/OAS2_0128/OAS2_0128_slice_12_z135.png,Non-Demented/OAS2_0128/OAS2_0128_slice_12_z135.png,OAS2_0128,Non-Demented,0,0,Non-Demented,1,10.798609163316407,-20.593526453889456,2.747976184401113,-1.7323749117555491
OASIS_2,LinearSVM,13,test,rotation__moderate,rotation,moderate,D:\OASIS_2\distortions_32\rotation\moderate\Non_Demented\OAS2_0128\OAS2_0128_slice_13_z141.png,Non_Demented/OAS2_0128/OAS2_0128_slice_13_z141.png,Non-Demented/OAS2_0128/OAS2_0128_slice_13_z141.png,OAS2_0128,Non-Demented,0,0,Non-Demented,1,6.132136747833384,-16.992898799112535,3.130096283982851,-1.9088576852971098
OASIS_2,LinearSVM,13,test,rotation__moderate,rotation,moderate,D:\OASIS_2\distortions_32\rotation\moderate\Non_Demented\OAS2_0128\OAS2_0128_slice_14_z146.png,Non_Demented/OAS2_0128/OAS2_0128_slice_14_z146.png,Non-Demented/OAS2_0128/OAS2_0128_slice_14_z146.png,OAS2_0128,Non-Demented,0,0,Non-Demented,1,4.736451111677365,-14.851511138376075,3.632407054597158,-1.8927665967924887
OASIS_2,LinearSVM,13,test,rotation__moderate,rotation,moderate,D:\OASIS_2\distortions_32\rotation\moderate\Non_Demented\OAS2_0128\OAS2_0128_slice_15_z151.png,Non_Demented/OAS2_0128/OAS2_0128_slice_15_z151.png,Non-Demented/OAS2_0128/OAS2_0128_slice_15_z151.png,OAS2_0128,Non-Demented,0,0,Non-Demented,1,6.452085138631828,-14.376608355042343,2.773153662228626,-1.9941080829069477
OASIS_2,LinearSVM,13,test,rotation__moderate,rotation,moderate,D:\OASIS_2\distortions_32\rotation\moderate\Non_Demented\OAS2_0128\OAS2_0128_slice_16_z157.png,Non_Demented/OAS2_0128/OAS2_0128_slice_16_z157.png,Non-Demented/OAS2_0128/OAS2_0128_slice_16_z157.png,OAS2_0128,Non-Demented,0,1,Very Mild Dementia,0,-2.4199919565166863,7.080267507578642,-1.7605688901710714,-2.407896227447397
OASIS_2,LinearSVM,13,test,rotation__moderate,rotation,moderate,D:\OASIS_2\distortions_32\rotation\moderate\Non_Demented\OAS2_0128\OAS2_0128_slice_17_z162.png,Non_Demented/OAS2_0128/OAS2_0128_slice_17_z162.png,Non-Demented/OAS2_0128/OAS2_0128_slice_17_z162.png,OAS2_0128,Non-Demented,0,1,Very Mild Dementia,0,0.22608180995285165,7.493212056646317,-0.6878202037681751,-2.398707032992941
OASIS_2,LinearSVM,13,test,rotation__moderate,rotation,moderate,D:\OASIS_2\distortions_32\rotation\moderate\Non_Demented\OAS2_0128\OAS2_0128_slice_18_z167.png,Non_Demented/OAS2_0128/OAS2_0128_slice_18_z167.png,Non-Demented/OAS2_0128/OAS2_0128_slice_18_z167.png,OAS2_0128,Non-Demented,0,2,Mild Dementia,0,0.803643534267342,-18.015620305280873,3.155285252235204,-1.94341298978447
OASIS_2,LinearSVM,13,test,rotation__moderate,rotation,moderate,D:\OASIS_2\distortions_32\rotation\moderate\Non_Demented\OAS2_0128\OAS2_0128_slice_19_z173.png,Non_Demented/OAS2_0128/OAS2_0128_slice_19_z173.png,Non-Demented/OAS2_0128/OAS2_0128_slice_19_z173.png,OAS2_0128,Non-Demented,0,2,Mild Dementia,0,1.5591370951318302,-15.202979143764122,4.466894813849885,-2.178754587466937
OASIS_2,LinearSVM,13,test,rotation__moderate,rotation,moderate,D:\OASIS_2\distortions_32\rotation\moderate\Non_Demented\OAS2_0128\OAS2_0128_slice_20_z178.png,Non_Demented/OAS2_0128/OAS2_0128_slice_20_z178.png,Non-Demented/OAS2_0128/OAS2_0128_slice_20_z178.png,OAS2_0128,Non-Demented,0,1,Very Mild Dementia,0,-4.95076390866137,4.810712744517973,-0.36380059337838055,-2.096141965995855
OASIS_2,LinearSVM,13,test,rotation__moderate,rotation,moderate,D:\OASIS_2\distortions_32\rotation\moderate\Non_Demented\OAS2_0135\OAS2_0135_slice_01_z077.png,Non_Demented/OAS2_0135/OAS2_0135_slice_01_z077.png,Non-Demented/OAS2_0135/OAS2_0135_slice_01_z077.png,OAS2_0135,Non-Demented,0,2,Mild Dementia,0,-1.235564212041388,-2.96988131918547,3.506670174143308,-2.4429145008759012
OASIS_2,LinearSVM,13,test,rotation__moderate,rotation,moderate,D:\OASIS_2\distortions_32\rotation\moderate\Non_Demented\OAS2_0135\OAS2_0135_slice_02_z082.png,Non_Demented/OAS2_0135/OAS2_0135_slice_02_z082.png,Non-Demented/OAS2_0135/OAS2_0135_slice_02_z082.png,OAS2_0135,Non-Demented,0,0,Non-Demented,1,5.171999244011982,-20.46601178461981,1.905944941687392,-2.3744367142334664
OASIS_2,LinearSVM,13,test,rotation__moderate,rotation,moderate,D:\OASIS_2\distortions_32\rotation\moderate\Non_Demented\OAS2_0135\OAS2_0135_slice_03_z088.png,Non_Demented/OAS2_0135/OAS2_0135_slice_03_z088.png,Non-Demented/OAS2_0135/OAS2_0135_slice_03_z088.png,OAS2_0135,Non-Demented,0,2,Mild Dementia,0,-5.796521189251832,-1.6764988289472567,9.156022349704006,-2.3272971261602704
OASIS_2,LinearSVM,13,test,rotation__moderate,rotation,moderate,D:\OASIS_2\distortions_32\rotation\moderate\Non_Demented\OAS2_0135\OAS2_0135_slice_04_z093.png,Non_Demented/OAS2_0135/OAS2_0135_slice_04_z093.png,Non-Demented/OAS2_0135/OAS2_0135_slice_04_z093.png,OAS2_0135,Non-Demented,0,0,Non-Demented,1,6.039646413165444,-18.343150757634895,-0.3954303244797628,-1.4629254871487896
OASIS_2,LinearSVM,13,test,rotation__moderate,rotation,moderate,D:\OASIS_2\distortions_32\rotation\moderate\Non_Demented\OAS2_0135\OAS2_0135_slice_05_z098.png,Non_Demented/OAS2_0135/OAS2_0135_slice_05_z098.png,Non-Demented/OAS2_0135/OAS2_0135_slice_05_z098.png,OAS2_0135,Non-Demented,0,2,Mild Dementia,0,-3.2686036518260004,0.9904330973964622,3.591502819217751,-2.1609843393188
OASIS_2,LinearSVM,13,test,rotation__moderate,rotation,moderate,D:\OASIS_2\distortions_32\rotation\moderate\Non_Demented\OAS2_0135\OAS2_0135_slice_06_z104.png,Non_Demented/OAS2_0135/OAS2_0135_slice_06_z104.png,Non-Demented/OAS2_0135/OAS2_0135_slice_06_z104.png,OAS2_0135,Non-Demented,0,0,Non-Demented,1,17.904615394931863,-25.584066375241278,-0.9796201964197531,-2.0721547285145254
OASIS_2,LinearSVM,13,test,rotation__moderate,rotation,moderate,D:\OASIS_2\distortions_32\rotation\moderate\Non_Demented\OAS2_0135\OAS2_0135_slice_07_z109.png,Non_Demented/OAS2_0135/OAS2_0135_slice_07_z109.png,Non-Demented/OAS2_0135/OAS2_0135_slice_07_z109.png,OAS2_0135,Non-Demented,0,0,Non-Demented,1,10.832009383877457,-18.595148944165615,-1.0998819657452237,-1.955639112672001
OASIS_2,LinearSVM,13,test,rotation__moderate,rotation,moderate,D:\OASIS_2\distortions_32\rotation\moderate\Non_Demented\OAS2_0135\OAS2_0135_slice_08_z114.png,Non_Demented/OAS2_0135/OAS2_0135_slice_08_z114.png,Non-Demented/OAS2_0135/OAS2_0135_slice_08_z114.png,OAS2_0135,Non-Demented,0,1,Very Mild Dementia,0,-11.302363260065981,8.062152251907857,6.268913180421782,-2.189561867450317
OASIS_2,LinearSVM,13,test,rotation__moderate,rotation,moderate,D:\OASIS_2\distortions_32\rotation\moderate\Non_Demented\OAS2_0135\OAS2_0135_slice_09_z120.png,Non_Demented/OAS2_0135/OAS2_0135_slice_09_z120.png,Non-Demented/OAS2_0135/OAS2_0135_slice_09_z120.png,OAS2_0135,Non-Demented,0,1,Very Mild Dementia,0,-19.889629766799867,12.399099401433014,5.8247241525477715,-2.467243424367392
OASIS_2,LinearSVM,13,test,rotation__moderate,rotation,moderate,D:\OASIS_2\distortions_32\rotation\moderate\Non_Demented\OAS2_0135\OAS2_0135_slice_10_z125.png,Non_Demented/OAS2_0135/OAS2_0135_slice_10_z125.png,Non-Demented/OAS2_0135/OAS2_0135_slice_10_z125.png,OAS2_0135,Non-Demented,0,1,Very Mild Dementia,0,-15.063009499426258,7.8314149647781965,3.817936890431937,-2.176481376692321
OASIS_2,LinearSVM,13,test,rotation__moderate,rotation,moderate,D:\OASIS_2\distortions_32\rotation\moderate\Non_Demented\OAS2_0135\OAS2_0135_slice_11_z130.png,Non_Demented/OAS2_0135/OAS2_0135_slice_11_z130.png,Non-Demented/OAS2_0135/OAS2_0135_slice_11_z130.png,OAS2_0135,Non-Demented,0,0,Non-Demented,1,12.738190196678994,-17.320307856852672,3.0185463039815255,-2.1982343197603424
OASIS_2,LinearSVM,13,test,rotation__moderate,rotation,moderate,D:\OASIS_2\distortions_32\rotation\moderate\Non_Demented\OAS2_0135\OAS2_0135_slice_12_z135.png,Non_Demented/OAS2_0135/OAS2_0135_slice_12_z135.png,Non-Demented/OAS2_0135/OAS2_0135_slice_12_z135.png,OAS2_0135,Non-Demented,0,2,Mild Dementia,0,-9.290485844426547,-0.14134748229762117,7.054526386367078,-2.151748195780366
OASIS_2,LinearSVM,13,test,rotation__moderate,rotation,moderate,D:\OASIS_2\distortions_32\rotation\moderate\Non_Demented\OAS2_0135\OAS2_0135_slice_13_z141.png,Non_Demented/OAS2_0135/OAS2_0135_slice_13_z141.png,Non-Demented/OAS2_0135/OAS2_0135_slice_13_z141.png,OAS2_0135,Non-Demented,0,2,Mild Dementia,0,-10.61394133191298,2.791164966035253,7.70831905842117,-2.164481142300631
OASIS_2,LinearSVM,13,test,rotation__moderate,rotation,moderate,D:\OASIS_2\distortions_32\rotation\moderate\Non_Demented\OAS2_0135\OAS2_0135_slice_14_z146.png,Non_Demented/OAS2_0135/OAS2_0135_slice_14_z146.png,Non-Demented/OAS2_0135/OAS2_0135_slice_14_z146.png,OAS2_0135,Non-Demented,0,0,Non-Demented,1,4.4360232692484605,-12.2208918473107,1.5818446453491362,-2.518363519578518
OASIS_2,LinearSVM,13,test,rotation__moderate,rotation,moderate,D:\OASIS_2\distortions_32\rotation\moderate\Non_Demented\OAS2_0135\OAS2_0135_slice_15_z151.png,Non_Demented/OAS2_0135/OAS2_0135_slice_15_z151.png,Non-Demented/OAS2_0135/OAS2_0135_slice_15_z151.png,OAS2_0135,Non-Demented,0,0,Non-Demented,1,5.284127887800031,-12.166178072611292,1.053026276183958,-2.1836995284813963
OASIS_2,LinearSVM,13,test,rotation__moderate,rotation,moderate,D:\OASIS_2\distortions_32\rotation\moderate\Non_Demented\OAS2_0135\OAS2_0135_slice_16_z157.png,Non_Demented/OAS2_0135/OAS2_0135_slice_16_z157.png,Non-Demented/OAS2_0135/OAS2_0135_slice_16_z157.png,OAS2_0135,Non-Demented,0,2,Mild Dementia,0,-5.793987734340483,-4.391051524864428,6.83343534756361,-2.6903402818519595
OASIS_2,LinearSVM,13,test,rotation__moderate,rotation,moderate,D:\OASIS_2\distortions_32\rotation\moderate\Non_Demented\OAS2_0135\OAS2_0135_slice_17_z162.png,Non_Demented/OAS2_0135/OAS2_0135_slice_17_z162.png,Non-Demented/OAS2_0135/OAS2_0135_slice_17_z162.png,OAS2_0135,Non-Demented,0,0,Non-Demented,1,2.7721783885980735,-14.987744542482886,0.4618843789465208,-1.6992782638965451
OASIS_2,LinearSVM,13,test,rotation__moderate,rotation,moderate,D:\OASIS_2\distortions_32\rotation\moderate\Non_Demented\OAS2_0135\OAS2_0135_slice_18_z167.png,Non_Demented/OAS2_0135/OAS2_0135_slice_18_z167.png,Non-Demented/OAS2_0135/OAS2_0135_slice_18_z167.png,OAS2_0135,Non-Demented,0,0,Non-Demented,1,3.466391543993014,-17.812160536762352,1.6509892333915421,-1.7181503111784564
OASIS_2,LinearSVM,13,test,rotation__moderate,rotation,moderate,D:\OASIS_2\distortions_32\rotation\moderate\Non_Demented\OAS2_0135\OAS2_0135_slice_19_z173.png,Non_Demented/OAS2_0135/OAS2_0135_slice_19_z173.png,Non-Demented/OAS2_0135/OAS2_0135_slice_19_z173.png,OAS2_0135,Non-Demented,0,2,Mild Dementia,0,-12.018634745467363,5.117289548007388,9.936196731688508,-2.5731672229381353
OASIS_2,LinearSVM,13,test,rotation__moderate,rotation,moderate,D:\OASIS_2\distortions_32\rotation\moderate\Non_Demented\OAS2_0135\OAS2_0135_slice_20_z178.png,Non_Demented/OAS2_0135/OAS2_0135_slice_20_z178.png,Non-Demented/OAS2_0135/OAS2_0135_slice_20_z178.png,OAS2_0135,Non-Demented,0,2,Mild Dementia,0,-0.34656847720551065,-10.390145309249753,3.2704311111672664,-1.648376768806691
OASIS_2,LinearSVM,13,test,rotation__moderate,rotation,moderate,D:\OASIS_2\distortions_32\rotation\moderate\Non_Demented\OAS2_0141\OAS2_0141_slice_01_z077.png,Non_Demented/OAS2_0141/OAS2_0141_slice_01_z077.png,Non-Demented/OAS2_0141/OAS2_0141_slice_01_z077.png,OAS2_0141,Non-Demented,0,2,Mild Dementia,0,-1.4375411892219119,-10.269103320779028,5.0673952482454805,-1.9441265199900055
OASIS_2,LinearSVM,13,test,rotation__moderate,rotation,moderate,D:\OASIS_2\distortions_32\rotation\moderate\Non_Demented\OAS2_0141\OAS2_0141_slice_02_z082.png,Non_Demented/OAS2_0141/OAS2_0141_slice_02_z082.png,Non-Demented/OAS2_0141/OAS2_0141_slice_02_z082.png,OAS2_0141,Non-Demented,0,2,Mild Dementia,0,-2.8081151290672186,-0.7547561426274335,3.3438604204752624,-2.6446510691836957
OASIS_2,LinearSVM,13,test,rotation__moderate,rotation,moderate,D:\OASIS_2\distortions_32\rotation\moderate\Non_Demented\OAS2_0141\OAS2_0141_slice_03_z088.png,Non_Demented/OAS2_0141/OAS2_0141_slice_03_z088.png,Non-Demented/OAS2_0141/OAS2_0141_slice_03_z088.png,OAS2_0141,Non-Demented,0,2,Mild Dementia,0,-2.4192414322680285,-10.26112397344152,5.412425604364863,-2.6930154283089722
OASIS_2,LinearSVM,13,test,rotation__moderate,rotation,moderate,D:\OASIS_2\distortions_32\rotation\moderate\Non_Demented\OAS2_0141\OAS2_0141_slice_04_z093.png,Non_Demented/OAS2_0141/OAS2_0141_slice_04_z093.png,Non-Demented/OAS2_0141/OAS2_0141_slice_04_z093.png,OAS2_0141,Non-Demented,0,1,Very Mild Dementia,0,1.23601750799568,4.040920906933451,0.9151553696611368,-2.4943264646677834
OASIS_2,LinearSVM,13,test,rotation__moderate,rotation,moderate,D:\OASIS_2\distortions_32\rotation\moderate\Non_Demented\OAS2_0141\OAS2_0141_slice_05_z098.png,Non_Demented/OAS2_0141/OAS2_0141_slice_05_z098.png,Non-Demented/OAS2_0141/OAS2_0141_slice_05_z098.png,OAS2_0141,Non-Demented,0,2,Mild Dementia,0,-4.8792846510162065,-9.888361355975983,3.6660640136373,-2.2905574378384244
OASIS_2,LinearSVM,13,test,rotation__moderate,rotation,moderate,D:\OASIS_2\distortions_32\rotation\moderate\Non_Demented\OAS2_0141\OAS2_0141_slice_06_z104.png,Non_Demented/OAS2_0141/OAS2_0141_slice_06_z104.png,Non-Demented/OAS2_0141/OAS2_0141_slice_06_z104.png,OAS2_0141,Non-Demented,0,2,Mild Dementia,0,-0.9119229056338516,-13.52779314525532,3.564969200298654,-2.482370437272702
OASIS_2,LinearSVM,13,test,rotation__moderate,rotation,moderate,D:\OASIS_2\distortions_32\rotation\moderate\Non_Demented\OAS2_0141\OAS2_0141_slice_07_z109.png,Non_Demented/OAS2_0141/OAS2_0141_slice_07_z109.png,Non-Demented/OAS2_0141/OAS2_0141_slice_07_z109.png,OAS2_0141,Non-Demented,0,1,Very Mild Dementia,0,-12.14766453473111,17.025037616550247,0.4360837580152306,-2.5477435643030018
OASIS_2,LinearSVM,13,test,rotation__moderate,rotation,moderate,D:\OASIS_2\distortions_32\rotation\moderate\Non_Demented\OAS2_0141\OAS2_0141_slice_08_z114.png,Non_Demented/OAS2_0141/OAS2_0141_slice_08_z114.png,Non-Demented/OAS2_0141/OAS2_0141_slice_08_z114.png,OAS2_0141,Non-Demented,0,0,Non-Demented,1,5.1408068825232895,-18.345242079733104,2.750567968780215,-2.412695662217767
OASIS_2,LinearSVM,13,test,rotation__moderate,rotation,moderate,D:\OASIS_2\distortions_32\rotation\moderate\Non_Demented\OAS2_0141\OAS2_0141_slice_09_z120.png,Non_Demented/OAS2_0141/OAS2_0141_slice_09_z120.png,Non-Demented/OAS2_0141/OAS2_0141_slice_09_z120.png,OAS2_0141,Non-Demented,0,0,Non-Demented,1,10.990015350795117,-22.306987636679885,3.840683409352884,-2.3554301833529103
OASIS_2,LinearSVM,13,test,rotation__moderate,rotation,moderate,D:\OASIS_2\distortions_32\rotation\moderate\Non_Demented\OAS2_0141\OAS2_0141_slice_10_z125.png,Non_Demented/OAS2_0141/OAS2_0141_slice_10_z125.png,Non-Demented/OAS2_0141/OAS2_0141_slice_10_z125.png,OAS2_0141,Non-Demented,0,1,Very Mild Dementia,0,-2.822790050435414,7.486523526000828,-2.059089684489876,-2.523089640035728
OASIS_2,LinearSVM,13,test,rotation__moderate,rotation,moderate,D:\OASIS_2\distortions_32\rotation\moderate\Non_Demented\OAS2_0141\OAS2_0141_slice_11_z130.png,Non_Demented/OAS2_0141/OAS2_0141_slice_11_z130.png,Non-Demented/OAS2_0141/OAS2_0141_slice_11_z130.png,OAS2_0141,Non-Demented,0,0,Non-Demented,1,7.623828386822803,-19.756826228767284,2.8441434426576895,-2.0108630509209897
OASIS_2,LinearSVM,13,test,rotation__moderate,rotation,moderate,D:\OASIS_2\distortions_32\rotation\moderate\Non_Demented\OAS2_0141\OAS2_0141_slice_12_z135.png,Non_Demented/OAS2_0141/OAS2_0141_slice_12_z135.png,Non-Demented/OAS2_0141/OAS2_0141_slice_12_z135.png,OAS2_0141,Non-Demented,0,0,Non-Demented,1,8.09324402766581,-16.288431149417953,1.0805785195175903,-2.326681029451746
OASIS_2,LinearSVM,13,test,rotation__moderate,rotation,moderate,D:\OASIS_2\distortions_32\rotation\moderate\Non_Demented\OAS2_0141\OAS2_0141_slice_13_z141.png,Non_Demented/OAS2_0141/OAS2_0141_slice_13_z141.png,Non-Demented/OAS2_0141/OAS2_0141_slice_13_z141.png,OAS2_0141,Non-Demented,0,1,Very Mild Dementia,0,-4.434539255323198,6.020896226400841,0.3219159109327925,-2.668973580604774
OASIS_2,LinearSVM,13,test,rotation__moderate,rotation,moderate,D:\OASIS_2\distortions_32\rotation\moderate\Non_Demented\OAS2_0141\OAS2_0141_slice_14_z146.png,Non_Demented/OAS2_0141/OAS2_0141_slice_14_z146.png,Non-Demented/OAS2_0141/OAS2_0141_slice_14_z146.png,OAS2_0141,Non-Demented,0,0,Non-Demented,1,7.572118818621968,-17.335939055152178,0.19852530129893875,-2.258786912150735
OASIS_2,LinearSVM,13,test,rotation__moderate,rotation,moderate,D:\OASIS_2\distortions_32\rotation\moderate\Non_Demented\OAS2_0141\OAS2_0141_slice_15_z151.png,Non_Demented/OAS2_0141/OAS2_0141_slice_15_z151.png,Non-Demented/OAS2_0141/OAS2_0141_slice_15_z151.png,OAS2_0141,Non-Demented,0,0,Non-Demented,1,9.197109245789525,-17.48031805065999,0.41664921505902974,-2.120277692470548
OASIS_2,LinearSVM,13,test,rotation__moderate,rotation,moderate,D:\OASIS_2\distortions_32\rotation\moderate\Non_Demented\OAS2_0141\OAS2_0141_slice_16_z157.png,Non_Demented/OAS2_0141/OAS2_0141_slice_16_z157.png,Non-Demented/OAS2_0141/OAS2_0141_slice_16_z157.png,OAS2_0141,Non-Demented,0,0,Non-Demented,1,11.365717212121735,-20.86837577690765,1.6836429400890984,-2.473415557055193
OASIS_2,LinearSVM,13,test,rotation__moderate,rotation,moderate,D:\OASIS_2\distortions_32\rotation\moderate\Non_Demented\OAS2_0141\OAS2_0141_slice_17_z162.png,Non_Demented/OAS2_0141/OAS2_0141_slice_17_z162.png,Non-Demented/OAS2_0141/OAS2_0141_slice_17_z162.png,OAS2_0141,Non-Demented,0,1,Very Mild Dementia,0,-1.526503677641713,4.49982662796825,0.2548793695659133,-2.8508532290884823
OASIS_2,LinearSVM,13,test,rotation__moderate,rotation,moderate,D:\OASIS_2\distortions_32\rotation\moderate\Non_Demented\OAS2_0141\OAS2_0141_slice_18_z167.png,Non_Demented/OAS2_0141/OAS2_0141_slice_18_z167.png,Non-Demented/OAS2_0141/OAS2_0141_slice_18_z167.png,OAS2_0141,Non-Demented,0,1,Very Mild Dementia,0,-0.6067219817504532,1.802132231233688,-0.2272050856394734,-2.6953017059523043
OASIS_2,LinearSVM,13,test,rotation__moderate,rotation,moderate,D:\OASIS_2\distortions_32\rotation\moderate\Non_Demented\OAS2_0141\OAS2_0141_slice_19_z173.png,Non_Demented/OAS2_0141/OAS2_0141_slice_19_z173.png,Non-Demented/OAS2_0141/OAS2_0141_slice_19_z173.png,OAS2_0141,Non-Demented,0,0,Non-Demented,1,6.0584016331575565,-16.01166823267001,4.8854562518572315,-1.9749243782122163
OASIS_2,LinearSVM,13,test,rotation__moderate,rotation,moderate,D:\OASIS_2\distortions_32\rotation\moderate\Non_Demented\OAS2_0141\OAS2_0141_slice_20_z178.png,Non_Demented/OAS2_0141/OAS2_0141_slice_20_z178.png,Non-Demented/OAS2_0141/OAS2_0141_slice_20_z178.png,OAS2_0141,Non-Demented,0,1,Very Mild Dementia,0,-5.004615417077167,7.492627780306335,-0.4209186333140371,-2.586466884648731
OASIS_2,LinearSVM,13,test,rotation__moderate,rotation,moderate,D:\OASIS_2\distortions_32\rotation\moderate\Non_Demented\OAS2_0171\OAS2_0171_slice_01_z077.png,Non_Demented/OAS2_0171/OAS2_0171_slice_01_z077.png,Non-Demented/OAS2_0171/OAS2_0171_slice_01_z077.png,OAS2_0171,Non-Demented,0,2,Mild Dementia,0,-7.515158527589335,-7.357035195720765,11.481304889957554,-1.7047949623972338
OASIS_2,LinearSVM,13,test,rotation__moderate,rotation,moderate,D:\OASIS_2\distortions_32\rotation\moderate\Non_Demented\OAS2_0171\OAS2_0171_slice_02_z082.png,Non_Demented/OAS2_0171/OAS2_0171_slice_02_z082.png,Non-Demented/OAS2_0171/OAS2_0171_slice_02_z082.png,OAS2_0171,Non-Demented,0,0,Non-Demented,1,3.339286105280346,-13.392334444392876,-2.633943201547352,-2.3814978009496155
OASIS_2,LinearSVM,13,test,rotation__moderate,rotation,moderate,D:\OASIS_2\distortions_32\rotation\moderate\Non_Demented\OAS2_0171\OAS2_0171_slice_03_z088.png,Non_Demented/OAS2_0171/OAS2_0171_slice_03_z088.png,Non-Demented/OAS2_0171/OAS2_0171_slice_03_z088.png,OAS2_0171,Non-Demented,0,0,Non-Demented,1,4.815440192936769,-28.5401710636484,1.4485276516053562,-2.0900508046501063
OASIS_2,LinearSVM,13,test,rotation__moderate,rotation,moderate,D:\OASIS_2\distortions_32\rotation\moderate\Non_Demented\OAS2_0171\OAS2_0171_slice_04_z093.png,Non_Demented/OAS2_0171/OAS2_0171_slice_04_z093.png,Non-Demented/OAS2_0171/OAS2_0171_slice_04_z093.png,OAS2_0171,Non-Demented,0,2,Mild Dementia,0,-9.943874649142389,2.91033168243981,10.693808158633955,-2.621592031810069
OASIS_2,LinearSVM,13,test,rotation__moderate,rotation,moderate,D:\OASIS_2\distortions_32\rotation\moderate\Non_Demented\OAS2_0171\OAS2_0171_slice_05_z098.png,Non_Demented/OAS2_0171/OAS2_0171_slice_05_z098.png,Non-Demented/OAS2_0171/OAS2_0171_slice_05_z098.png,OAS2_0171,Non-Demented,0,0,Non-Demented,1,0.5209544057324371,-22.24905311400486,-0.41080036339189574,-1.5628172005953263
OASIS_2,LinearSVM,13,test,rotation__moderate,rotation,moderate,D:\OASIS_2\distortions_32\rotation\moderate\Non_Demented\OAS2_0171\OAS2_0171_slice_06_z104.png,Non_Demented/OAS2_0171/OAS2_0171_slice_06_z104.png,Non-Demented/OAS2_0171/OAS2_0171_slice_06_z104.png,OAS2_0171,Non-Demented,0,1,Very Mild Dementia,0,-24.039665302779312,17.441070028298093,13.828303605947111,-3.1121010556896933
OASIS_2,LinearSVM,13,test,rotation__moderate,rotation,moderate,D:\OASIS_2\distortions_32\rotation\moderate\Non_Demented\OAS2_0171\OAS2_0171_slice_07_z109.png,Non_Demented/OAS2_0171/OAS2_0171_slice_07_z109.png,Non-Demented/OAS2_0171/OAS2_0171_slice_07_z109.png,OAS2_0171,Non-Demented,0,0,Non-Demented,1,13.212360831152262,-25.266355401639466,-6.366428642989792,-1.2727564057524468
OASIS_2,LinearSVM,13,test,rotation__moderate,rotation,moderate,D:\OASIS_2\distortions_32\rotation\moderate\Non_Demented\OAS2_0171\OAS2_0171_slice_08_z114.png,Non_Demented/OAS2_0171/OAS2_0171_slice_08_z114.png,Non-Demented/OAS2_0171/OAS2_0171_slice_08_z114.png,OAS2_0171,Non-Demented,0,1,Very Mild Dementia,0,-26.22208636669789,22.344468005802923,7.850477912025566,-3.199478836783923
OASIS_2,LinearSVM,13,test,rotation__moderate,rotation,moderate,D:\OASIS_2\distortions_32\rotation\moderate\Non_Demented\OAS2_0171\OAS2_0171_slice_09_z120.png,Non_Demented/OAS2_0171/OAS2_0171_slice_09_z120.png,Non-Demented/OAS2_0171/OAS2_0171_slice_09_z120.png,OAS2_0171,Non-Demented,0,1,Very Mild Dementia,0,-21.89088087358296,22.58251143747845,6.471282761703643,-3.3883937109291744
OASIS_2,LinearSVM,13,test,rotation__moderate,rotation,moderate,D:\OASIS_2\distortions_32\rotation\moderate\Non_Demented\OAS2_0171\OAS2_0171_slice_10_z125.png,Non_Demented/OAS2_0171/OAS2_0171_slice_10_z125.png,Non-Demented/OAS2_0171/OAS2_0171_slice_10_z125.png,OAS2_0171,Non-Demented,0,1,Very Mild Dementia,0,-19.269822964146798,13.230574733794882,9.407335255637843,-3.3720044706268397
OASIS_2,LinearSVM,13,test,rotation__moderate,rotation,moderate,D:\OASIS_2\distortions_32\rotation\moderate\Non_Demented\OAS2_0171\OAS2_0171_slice_11_z130.png,Non_Demented/OAS2_0171/OAS2_0171_slice_11_z130.png,Non-Demented/OAS2_0171/OAS2_0171_slice_11_z130.png,OAS2_0171,Non-Demented,0,1,Very Mild Dementia,0,-15.804780360642006,11.226854453265542,10.406567542593768,-3.3174240429779176
OASIS_2,LinearSVM,13,test,rotation__moderate,rotation,moderate,D:\OASIS_2\distortions_32\rotation\moderate\Non_Demented\OAS2_0171\OAS2_0171_slice_12_z135.png,Non_Demented/OAS2_0171/OAS2_0171_slice_12_z135.png,Non-Demented/OAS2_0171/OAS2_0171_slice_12_z135.png,OAS2_0171,Non-Demented,0,1,Very Mild Dementia,0,-20.647394669792437,22.086921004590604,7.0057126111443,-3.5479529812460497
OASIS_2,LinearSVM,13,test,rotation__moderate,rotation,moderate,D:\OASIS_2\distortions_32\rotation\moderate\Non_Demented\OAS2_0171\OAS2_0171_slice_13_z141.png,Non_Demented/OAS2_0171/OAS2_0171_slice_13_z141.png,Non-Demented/OAS2_0171/OAS2_0171_slice_13_z141.png,OAS2_0171,Non-Demented,0,0,Non-Demented,1,6.9903855252106855,-20.621049713599277,-3.659416968844914,-1.7925971157253116
OASIS_2,LinearSVM,13,test,rotation__moderate,rotation,moderate,D:\OASIS_2\distortions_32\rotation\moderate\Non_Demented\OAS2_0171\OAS2_0171_slice_14_z146.png,Non_Demented/OAS2_0171/OAS2_0171_slice_14_z146.png,Non-Demented/OAS2_0171/OAS2_0171_slice_14_z146.png,OAS2_0171,Non-Demented,0,0,Non-Demented,1,6.746603254497444,-15.838466766425924,-3.935949810694887,-1.6246013148301746
OASIS_2,LinearSVM,13,test,rotation__moderate,rotation,moderate,D:\OASIS_2\distortions_32\rotation\moderate\Non_Demented\OAS2_0171\OAS2_0171_slice_15_z151.png,Non_Demented/OAS2_0171/OAS2_0171_slice_15_z151.png,Non-Demented/OAS2_0171/OAS2_0171_slice_15_z151.png,OAS2_0171,Non-Demented,0,0,Non-Demented,1,2.430072510280706,-12.174404860460465,-1.3380078472505128,-1.72720919550445
OASIS_2,LinearSVM,13,test,rotation__moderate,rotation,moderate,D:\OASIS_2\distortions_32\rotation\moderate\Non_Demented\OAS2_0171\OAS2_0171_slice_16_z157.png,Non_Demented/OAS2_0171/OAS2_0171_slice_16_z157.png,Non-Demented/OAS2_0171/OAS2_0171_slice_16_z157.png,OAS2_0171,Non-Demented,0,2,Mild Dementia,0,-8.799514235423276,-0.02841444400954729,8.653441450718406,-2.5540943928555655
OASIS_2,LinearSVM,13,test,rotation__moderate,rotation,moderate,D:\OASIS_2\distortions_32\rotation\moderate\Non_Demented\OAS2_0171\OAS2_0171_slice_17_z162.png,Non_Demented/OAS2_0171/OAS2_0171_slice_17_z162.png,Non-Demented/OAS2_0171/OAS2_0171_slice_17_z162.png,OAS2_0171,Non-Demented,0,0,Non-Demented,1,5.515484458189999,-14.21655289549351,-0.05051381707157532,-2.2133903899742062
OASIS_2,LinearSVM,13,test,rotation__moderate,rotation,moderate,D:\OASIS_2\distortions_32\rotation\moderate\Non_Demented\OAS2_0171\OAS2_0171_slice_18_z167.png,Non_Demented/OAS2_0171/OAS2_0171_slice_18_z167.png,Non-Demented/OAS2_0171/OAS2_0171_slice_18_z167.png,OAS2_0171,Non-Demented,0,0,Non-Demented,1,4.1573652290424175,-12.95701048488037,0.7772469585703834,-2.2124566772165375
OASIS_2,LinearSVM,13,test,rotation__moderate,rotation,moderate,D:\OASIS_2\distortions_32\rotation\moderate\Non_Demented\OAS2_0171\OAS2_0171_slice_19_z173.png,Non_Demented/OAS2_0171/OAS2_0171_slice_19_z173.png,Non-Demented/OAS2_0171/OAS2_0171_slice_19_z173.png,OAS2_0171,Non-Demented,0,0,Non-Demented,1,-0.07912209987618954,-12.595736525072626,-1.718099236836879,-1.8072090846251725
OASIS_2,LinearSVM,13,test,rotation__moderate,rotation,moderate,D:\OASIS_2\distortions_32\rotation\moderate\Non_Demented\OAS2_0171\OAS2_0171_slice_20_z178.png,Non_Demented/OAS2_0171/OAS2_0171_slice_20_z178.png,Non-Demented/OAS2_0171/OAS2_0171_slice_20_z178.png,OAS2_0171,Non-Demented,0,1,Very Mild Dementia,0,-8.285793812463076,6.857065985342555,6.0641489145960055,-2.696013630217683
OASIS_2,LinearSVM,13,test,rotation__moderate,rotation,moderate,D:\OASIS_2\distortions_32\rotation\moderate\Very_Mild_Dementia\OAS2_0009\OAS2_0009_slice_01_z077.png,Very_Mild_Dementia/OAS2_0009/OAS2_0009_slice_01_z077.png,Very Mild Dementia/OAS2_0009/OAS2_0009_slice_01_z077.png,OAS2_0009,Very Mild Dementia,1,1,Very Mild Dementia,1,-10.453513144047216,10.270806595374498,1.5158826675370327,-1.580565588811718
OASIS_2,LinearSVM,13,test,rotation__moderate,rotation,moderate,D:\OASIS_2\distortions_32\rotation\moderate\Very_Mild_Dementia\OAS2_0009\OAS2_0009_slice_02_z082.png,Very_Mild_Dementia/OAS2_0009/OAS2_0009_slice_02_z082.png,Very Mild Dementia/OAS2_0009/OAS2_0009_slice_02_z082.png,OAS2_0009,Very Mild Dementia,1,0,Non-Demented,0,6.21096695967411,-24.50807042605325,4.305888640951315,-2.038158380856572
OASIS_2,LinearSVM,13,test,rotation__moderate,rotation,moderate,D:\OASIS_2\distortions_32\rotation\moderate\Very_Mild_Dementia\OAS2_0009\OAS2_0009_slice_03_z088.png,Very_Mild_Dementia/OAS2_0009/OAS2_0009_slice_03_z088.png,Very Mild Dementia/OAS2_0009/OAS2_0009_slice_03_z088.png,OAS2_0009,Very Mild Dementia,1,1,Very Mild Dementia,1,-2.4749698680085443,11.378243929550305,1.4077953677735713,-2.352784152134139
OASIS_2,LinearSVM,13,test,rotation__moderate,rotation,moderate,D:\OASIS_2\distortions_32\rotation\moderate\Very_Mild_Dementia\OAS2_0009\OAS2_0009_slice_04_z093.png,Very_Mild_Dementia/OAS2_0009/OAS2_0009_slice_04_z093.png,Very Mild Dementia/OAS2_0009/OAS2_0009_slice_04_z093.png,OAS2_0009,Very Mild Dementia,1,0,Non-Demented,0,8.704914270028294,-24.578316654469685,2.403367113679551,-2.2825077452418294
OASIS_2,LinearSVM,13,test,rotation__moderate,rotation,moderate,D:\OASIS_2\distortions_32\rotation\moderate\Very_Mild_Dementia\OAS2_0009\OAS2_0009_slice_05_z098.png,Very_Mild_Dementia/OAS2_0009/OAS2_0009_slice_05_z098.png,Very Mild Dementia/OAS2_0009/OAS2_0009_slice_05_z098.png,OAS2_0009,Very Mild Dementia,1,0,Non-Demented,0,6.642705606938888,-22.245891255017128,3.1072748758193307,-2.335472105708906
OASIS_2,LinearSVM,13,test,rotation__moderate,rotation,moderate,D:\OASIS_2\distortions_32\rotation\moderate\Very_Mild_Dementia\OAS2_0009\OAS2_0009_slice_06_z104.png,Very_Mild_Dementia/OAS2_0009/OAS2_0009_slice_06_z104.png,Very Mild Dementia/OAS2_0009/OAS2_0009_slice_06_z104.png,OAS2_0009,Very Mild Dementia,1,2,Mild Dementia,0,-0.9230036731658093,-16.864090558549997,6.583941208706769,-2.4187412566018476
OASIS_2,LinearSVM,13,test,rotation__moderate,rotation,moderate,D:\OASIS_2\distortions_32\rotation\moderate\Very_Mild_Dementia\OAS2_0009\OAS2_0009_slice_07_z109.png,Very_Mild_Dementia/OAS2_0009/OAS2_0009_slice_07_z109.png,Very Mild Dementia/OAS2_0009/OAS2_0009_slice_07_z109.png,OAS2_0009,Very Mild Dementia,1,1,Very Mild Dementia,1,-15.395288418465869,13.295768471873041,2.8019597514702865,-2.597670774178082
OASIS_2,LinearSVM,13,test,rotation__moderate,rotation,moderate,D:\OASIS_2\distortions_32\rotation\moderate\Very_Mild_Dementia\OAS2_0009\OAS2_0009_slice_08_z114.png,Very_Mild_Dementia/OAS2_0009/OAS2_0009_slice_08_z114.png,Very Mild Dementia/OAS2_0009/OAS2_0009_slice_08_z114.png,OAS2_0009,Very Mild Dementia,1,2,Mild Dementia,0,-0.5955365489335835,-16.755459865381923,6.3221327765386715,-2.2758181461285534
OASIS_2,LinearSVM,13,test,rotation__moderate,rotation,moderate,D:\OASIS_2\distortions_32\rotation\moderate\Very_Mild_Dementia\OAS2_0009\OAS2_0009_slice_09_z120.png,Very_Mild_Dementia/OAS2_0009/OAS2_0009_slice_09_z120.png,Very Mild Dementia/OAS2_0009/OAS2_0009_slice_09_z120.png,OAS2_0009,Very Mild Dementia,1,0,Non-Demented,0,5.264835799962157,-15.235584288400917,2.3418924443367923,-2.1411897512700966
OASIS_2,LinearSVM,13,test,rotation__moderate,rotation,moderate,D:\OASIS_2\distortions_32\rotation\moderate\Very_Mild_Dementia\OAS2_0009\OAS2_0009_slice_10_z125.png,Very_Mild_Dementia/OAS2_0009/OAS2_0009_slice_10_z125.png,Very Mild Dementia/OAS2_0009/OAS2_0009_slice_10_z125.png,OAS2_0009,Very Mild Dementia,1,0,Non-Demented,0,6.306377612696064,-22.85524174271687,5.801074197158213,-2.822954237620843
OASIS_2,LinearSVM,13,test,rotation__moderate,rotation,moderate,D:\OASIS_2\distortions_32\rotation\moderate\Very_Mild_Dementia\OAS2_0009\OAS2_0009_slice_11_z130.png,Very_Mild_Dementia/OAS2_0009/OAS2_0009_slice_11_z130.png,Very Mild Dementia/OAS2_0009/OAS2_0009_slice_11_z130.png,OAS2_0009,Very Mild Dementia,1,1,Very Mild Dementia,1,-10.979391790789768,13.189827716549983,-0.9151784047823137,-2.7715735495751987
OASIS_2,LinearSVM,13,test,rotation__moderate,rotation,moderate,D:\OASIS_2\distortions_32\rotation\moderate\Very_Mild_Dementia\OAS2_0009\OAS2_0009_slice_12_z135.png,Very_Mild_Dementia/OAS2_0009/OAS2_0009_slice_12_z135.png,Very Mild Dementia/OAS2_0009/OAS2_0009_slice_12_z135.png,OAS2_0009,Very Mild Dementia,1,1,Very Mild Dementia,1,-9.751910734428039,6.2813081355325835,-0.4135327318558084,-2.8319538028744704
OASIS_2,LinearSVM,13,test,rotation__moderate,rotation,moderate,D:\OASIS_2\distortions_32\rotation\moderate\Very_Mild_Dementia\OAS2_0009\OAS2_0009_slice_13_z141.png,Very_Mild_Dementia/OAS2_0009/OAS2_0009_slice_13_z141.png,Very Mild Dementia/OAS2_0009/OAS2_0009_slice_13_z141.png,OAS2_0009,Very Mild Dementia,1,0,Non-Demented,0,4.478658014106523,-16.588898074328483,2.4468592135482505,-2.1592556717683067
OASIS_2,LinearSVM,13,test,rotation__moderate,rotation,moderate,D:\OASIS_2\distortions_32\rotation\moderate\Very_Mild_Dementia\OAS2_0009\OAS2_0009_slice_14_z146.png,Very_Mild_Dementia/OAS2_0009/OAS2_0009_slice_14_z146.png,Very Mild Dementia/OAS2_0009/OAS2_0009_slice_14_z146.png,OAS2_0009,Very Mild Dementia,1,0,Non-Demented,0,3.2032553509523005,-13.991254328035588,1.421462639720779,-2.1824753681903566
OASIS_2,LinearSVM,13,test,rotation__moderate,rotation,moderate,D:\OASIS_2\distortions_32\rotation\moderate\Very_Mild_Dementia\OAS2_0009\OAS2_0009_slice_15_z151.png,Very_Mild_Dementia/OAS2_0009/OAS2_0009_slice_15_z151.png,Very Mild Dementia/OAS2_0009/OAS2_0009_slice_15_z151.png,OAS2_0009,Very Mild Dementia,1,1,Very Mild Dementia,1,-8.511012358759176,8.93106287977679,0.8669670282507522,-2.906161042435143
OASIS_2,LinearSVM,13,test,rotation__moderate,rotation,moderate,D:\OASIS_2\distortions_32\rotation\moderate\Very_Mild_Dementia\OAS2_0009\OAS2_0009_slice_16_z157.png,Very_Mild_Dementia/OAS2_0009/OAS2_0009_slice_16_z157.png,Very Mild Dementia/OAS2_0009/OAS2_0009_slice_16_z157.png,OAS2_0009,Very Mild Dementia,1,1,Very Mild Dementia,1,-6.864837987409951,2.7283583198056918,2.0530968190931485,-2.789715962741461
OASIS_2,LinearSVM,13,test,rotation__moderate,rotation,moderate,D:\OASIS_2\distortions_32\rotation\moderate\Very_Mild_Dementia\OAS2_0009\OAS2_0009_slice_17_z162.png,Very_Mild_Dementia/OAS2_0009/OAS2_0009_slice_17_z162.png,Very Mild Dementia/OAS2_0009/OAS2_0009_slice_17_z162.png,OAS2_0009,Very Mild Dementia,1,1,Very Mild Dementia,1,-7.356295825297142,7.978205312597994,1.8602486727868532,-3.0000565745489927
OASIS_2,LinearSVM,13,test,rotation__moderate,rotation,moderate,D:\OASIS_2\distortions_32\rotation\moderate\Very_Mild_Dementia\OAS2_0009\OAS2_0009_slice_18_z167.png,Very_Mild_Dementia/OAS2_0009/OAS2_0009_slice_18_z167.png,Very Mild Dementia/OAS2_0009/OAS2_0009_slice_18_z167.png,OAS2_0009,Very Mild Dementia,1,0,Non-Demented,0,4.27925674959395,-15.527948688642002,2.2329338935165812,-2.443695347107866
OASIS_2,LinearSVM,13,test,rotation__moderate,rotation,moderate,D:\OASIS_2\distortions_32\rotation\moderate\Very_Mild_Dementia\OAS2_0009\OAS2_0009_slice_19_z173.png,Very_Mild_Dementia/OAS2_0009/OAS2_0009_slice_19_z173.png,Very Mild Dementia/OAS2_0009/OAS2_0009_slice_19_z173.png,OAS2_0009,Very Mild Dementia,1,1,Very Mild Dementia,1,-1.053402693181782,4.761209938481816,0.8836520467069118,-2.8406290276537254
OASIS_2,LinearSVM,13,test,rotation__moderate,rotation,moderate,D:\OASIS_2\distortions_32\rotation\moderate\Very_Mild_Dementia\OAS2_0009\OAS2_0009_slice_20_z178.png,Very_Mild_Dementia/OAS2_0009/OAS2_0009_slice_20_z178.png,Very Mild Dementia/OAS2_0009/OAS2_0009_slice_20_z178.png,OAS2_0009,Very Mild Dementia,1,1,Very Mild Dementia,1,-7.535322820230215,13.095756857755575,2.473722250511513,-2.777111439531227
OASIS_2,LinearSVM,13,test,rotation__moderate,rotation,moderate,D:\OASIS_2\distortions_32\rotation\moderate\Very_Mild_Dementia\OAS2_0020\OAS2_0020_slice_01_z077.png,Very_Mild_Dementia/OAS2_0020/OAS2_0020_slice_01_z077.png,Very Mild Dementia/OAS2_0020/OAS2_0020_slice_01_z077.png,OAS2_0020,Very Mild Dementia,1,1,Very Mild Dementia,1,-6.651714098292361,7.399400893614685,-2.08406343852712,-1.446514347795468
OASIS_2,LinearSVM,13,test,rotation__moderate,rotation,moderate,D:\OASIS_2\distortions_32\rotation\moderate\Very_Mild_Dementia\OAS2_0020\OAS2_0020_slice_02_z082.png,Very_Mild_Dementia/OAS2_0020/OAS2_0020_slice_02_z082.png,Very Mild Dementia/OAS2_0020/OAS2_0020_slice_02_z082.png,OAS2_0020,Very Mild Dementia,1,1,Very Mild Dementia,1,-11.171945994237904,7.326778050760681,1.285647379192819,-1.9255435193276724
OASIS_2,LinearSVM,13,test,rotation__moderate,rotation,moderate,D:\OASIS_2\distortions_32\rotation\moderate\Very_Mild_Dementia\OAS2_0020\OAS2_0020_slice_03_z088.png,Very_Mild_Dementia/OAS2_0020/OAS2_0020_slice_03_z088.png,Very Mild Dementia/OAS2_0020/OAS2_0020_slice_03_z088.png,OAS2_0020,Very Mild Dementia,1,0,Non-Demented,0,2.10424177315786,-13.793289713863484,-2.682431627622367,-2.0210971396190054
OASIS_2,LinearSVM,13,test,rotation__moderate,rotation,moderate,D:\OASIS_2\distortions_32\rotation\moderate\Very_Mild_Dementia\OAS2_0020\OAS2_0020_slice_04_z093.png,Very_Mild_Dementia/OAS2_0020/OAS2_0020_slice_04_z093.png,Very Mild Dementia/OAS2_0020/OAS2_0020_slice_04_z093.png,OAS2_0020,Very Mild Dementia,1,0,Non-Demented,0,12.103305586844042,-23.161945523004107,-1.8262419571742536,-1.3610850528462766
OASIS_2,LinearSVM,13,test,rotation__moderate,rotation,moderate,D:\OASIS_2\distortions_32\rotation\moderate\Very_Mild_Dementia\OAS2_0020\OAS2_0020_slice_05_z098.png,Very_Mild_Dementia/OAS2_0020/OAS2_0020_slice_05_z098.png,Very Mild Dementia/OAS2_0020/OAS2_0020_slice_05_z098.png,OAS2_0020,Very Mild Dementia,1,0,Non-Demented,0,6.1470357182579995,-18.324166324140492,-1.965684476257126,-1.23205958396822
OASIS_2,LinearSVM,13,test,rotation__moderate,rotation,moderate,D:\OASIS_2\distortions_32\rotation\moderate\Very_Mild_Dementia\OAS2_0020\OAS2_0020_slice_06_z104.png,Very_Mild_Dementia/OAS2_0020/OAS2_0020_slice_06_z104.png,Very Mild Dementia/OAS2_0020/OAS2_0020_slice_06_z104.png,OAS2_0020,Very Mild Dementia,1,0,Non-Demented,0,17.8886884691745,-20.85860413710502,-3.9013416569548123,-1.3566347163633585
OASIS_2,LinearSVM,13,test,rotation__moderate,rotation,moderate,D:\OASIS_2\distortions_32\rotation\moderate\Very_Mild_Dementia\OAS2_0020\OAS2_0020_slice_07_z109.png,Very_Mild_Dementia/OAS2_0020/OAS2_0020_slice_07_z109.png,Very Mild Dementia/OAS2_0020/OAS2_0020_slice_07_z109.png,OAS2_0020,Very Mild Dementia,1,2,Mild Dementia,0,-6.722175277290944,-2.685986709528578,5.1394261966738135,-2.5514811781654556
OASIS_2,LinearSVM,13,test,rotation__moderate,rotation,moderate,D:\OASIS_2\distortions_32\rotation\moderate\Very_Mild_Dementia\OAS2_0020\OAS2_0020_slice_08_z114.png,Very_Mild_Dementia/OAS2_0020/OAS2_0020_slice_08_z114.png,Very Mild Dementia/OAS2_0020/OAS2_0020_slice_08_z114.png,OAS2_0020,Very Mild Dementia,1,0,Non-Demented,0,9.739055454873222,-13.776859490839213,-3.6098675447035014,-1.962467809407309
OASIS_2,LinearSVM,13,test,rotation__moderate,rotation,moderate,D:\OASIS_2\distortions_32\rotation\moderate\Very_Mild_Dementia\OAS2_0020\OAS2_0020_slice_09_z120.png,Very_Mild_Dementia/OAS2_0020/OAS2_0020_slice_09_z120.png,Very Mild Dementia/OAS2_0020/OAS2_0020_slice_09_z120.png,OAS2_0020,Very Mild Dementia,1,2,Mild Dementia,0,-7.9972870848318625,1.8498654502222727,5.842941600680726,-2.4158301624175333
OASIS_2,LinearSVM,13,test,rotation__moderate,rotation,moderate,D:\OASIS_2\distortions_32\rotation\moderate\Very_Mild_Dementia\OAS2_0020\OAS2_0020_slice_10_z125.png,Very_Mild_Dementia/OAS2_0020/OAS2_0020_slice_10_z125.png,Very Mild Dementia/OAS2_0020/OAS2_0020_slice_10_z125.png,OAS2_0020,Very Mild Dementia,1,0,Non-Demented,0,11.997984917733806,-17.720120265321192,-1.5359132240505708,-1.4670151134054055
OASIS_2,LinearSVM,13,test,rotation__moderate,rotation,moderate,D:\OASIS_2\distortions_32\rotation\moderate\Very_Mild_Dementia\OAS2_0020\OAS2_0020_slice_11_z130.png,Very_Mild_Dementia/OAS2_0020/OAS2_0020_slice_11_z130.png,Very Mild Dementia/OAS2_0020/OAS2_0020_slice_11_z130.png,OAS2_0020,Very Mild Dementia,1,1,Very Mild Dementia,1,-11.789534314872677,5.956690756465024,2.2869919440879847,-2.3664350648370682
OASIS_2,LinearSVM,13,test,rotation__moderate,rotation,moderate,D:\OASIS_2\distortions_32\rotation\moderate\Very_Mild_Dementia\OAS2_0020\OAS2_0020_slice_12_z135.png,Very_Mild_Dementia/OAS2_0020/OAS2_0020_slice_12_z135.png,Very Mild Dementia/OAS2_0020/OAS2_0020_slice_12_z135.png,OAS2_0020,Very Mild Dementia,1,2,Mild Dementia,0,-7.9861121181612145,2.9026334452758342,4.350368782250712,-2.274510787256887
OASIS_2,LinearSVM,13,test,rotation__moderate,rotation,moderate,D:\OASIS_2\distortions_32\rotation\moderate\Very_Mild_Dementia\OAS2_0020\OAS2_0020_slice_13_z141.png,Very_Mild_Dementia/OAS2_0020/OAS2_0020_slice_13_z141.png,Very Mild Dementia/OAS2_0020/OAS2_0020_slice_13_z141.png,OAS2_0020,Very Mild Dementia,1,2,Mild Dementia,0,-5.628158736487096,1.1796836000834579,5.070422258021495,-2.3389759775692402
OASIS_2,LinearSVM,13,test,rotation__moderate,rotation,moderate,D:\OASIS_2\distortions_32\rotation\moderate\Very_Mild_Dementia\OAS2_0020\OAS2_0020_slice_14_z146.png,Very_Mild_Dementia/OAS2_0020/OAS2_0020_slice_14_z146.png,Very Mild Dementia/OAS2_0020/OAS2_0020_slice_14_z146.png,OAS2_0020,Very Mild Dementia,1,2,Mild Dementia,0,-2.2809671230264086,2.319696765047031,5.614612626112088,-2.339704395146022
OASIS_2,LinearSVM,13,test,rotation__moderate,rotation,moderate,D:\OASIS_2\distortions_32\rotation\moderate\Very_Mild_Dementia\OAS2_0020\OAS2_0020_slice_15_z151.png,Very_Mild_Dementia/OAS2_0020/OAS2_0020_slice_15_z151.png,Very Mild Dementia/OAS2_0020/OAS2_0020_slice_15_z151.png,OAS2_0020,Very Mild Dementia,1,2,Mild Dementia,0,3.4034721664543937,-2.722031089499124,4.205427036936053,-2.5581269920051586
OASIS_2,LinearSVM,13,test,rotation__moderate,rotation,moderate,D:\OASIS_2\distortions_32\rotation\moderate\Very_Mild_Dementia\OAS2_0020\OAS2_0020_slice_16_z157.png,Very_Mild_Dementia/OAS2_0020/OAS2_0020_slice_16_z157.png,Very Mild Dementia/OAS2_0020/OAS2_0020_slice_16_z157.png,OAS2_0020,Very Mild Dementia,1,2,Mild Dementia,0,-0.8388992428690032,-2.89438356026503,2.9688951086573865,-1.8143558178697348
OASIS_2,LinearSVM,13,test,rotation__moderate,rotation,moderate,D:\OASIS_2\distortions_32\rotation\moderate\Very_Mild_Dementia\OAS2_0020\OAS2_0020_slice_17_z162.png,Very_Mild_Dementia/OAS2_0020/OAS2_0020_slice_17_z162.png,Very Mild Dementia/OAS2_0020/OAS2_0020_slice_17_z162.png,OAS2_0020,Very Mild Dementia,1,2,Mild Dementia,0,-1.7839303751747955,-0.6260150921490736,3.037243298779994,-2.0186099687315084
OASIS_2,LinearSVM,13,test,rotation__moderate,rotation,moderate,D:\OASIS_2\distortions_32\rotation\moderate\Very_Mild_Dementia\OAS2_0020\OAS2_0020_slice_18_z167.png,Very_Mild_Dementia/OAS2_0020/OAS2_0020_slice_18_z167.png,Very Mild Dementia/OAS2_0020/OAS2_0020_slice_18_z167.png,OAS2_0020,Very Mild Dementia,1,2,Mild Dementia,0,-0.11401379955344693,-0.32270467834039585,3.686921538653199,-2.4735194348516325
OASIS_2,LinearSVM,13,test,rotation__moderate,rotation,moderate,D:\OASIS_2\distortions_32\rotation\moderate\Very_Mild_Dementia\OAS2_0020\OAS2_0020_slice_19_z173.png,Very_Mild_Dementia/OAS2_0020/OAS2_0020_slice_19_z173.png,Very Mild Dementia/OAS2_0020/OAS2_0020_slice_19_z173.png,OAS2_0020,Very Mild Dementia,1,2,Mild Dementia,0,0.4784900082875976,1.0615964212767648,3.571806993454809,-3.2122624376266353
OASIS_2,LinearSVM,13,test,rotation__moderate,rotation,moderate,D:\OASIS_2\distortions_32\rotation\moderate\Very_Mild_Dementia\OAS2_0020\OAS2_0020_slice_20_z178.png,Very_Mild_Dementia/OAS2_0020/OAS2_0020_slice_20_z178.png,Very Mild Dementia/OAS2_0020/OAS2_0020_slice_20_z178.png,OAS2_0020,Very Mild Dementia,1,2,Mild Dementia,0,-6.640768770113381,-0.9728242044418446,6.988271219537319,-2.244392088191723
OASIS_2,LinearSVM,13,test,rotation__moderate,rotation,moderate,D:\OASIS_2\distortions_32\rotation\moderate\Very_Mild_Dementia\OAS2_0021\OAS2_0021_slice_01_z077.png,Very_Mild_Dementia/OAS2_0021/OAS2_0021_slice_01_z077.png,Very Mild Dementia/OAS2_0021/OAS2_0021_slice_01_z077.png,OAS2_0021,Very Mild Dementia,1,2,Mild Dementia,0,-5.201900530399881,-11.685220166547278,5.5823442150101386,-2.0039386380345676
OASIS_2,LinearSVM,13,test,rotation__moderate,rotation,moderate,D:\OASIS_2\distortions_32\rotation\moderate\Very_Mild_Dementia\OAS2_0021\OAS2_0021_slice_02_z082.png,Very_Mild_Dementia/OAS2_0021/OAS2_0021_slice_02_z082.png,Very Mild Dementia/OAS2_0021/OAS2_0021_slice_02_z082.png,OAS2_0021,Very Mild Dementia,1,2,Mild Dementia,0,-15.627463928130194,1.1660657820486349,2.074110922563397,-1.4255327373873237
OASIS_2,LinearSVM,13,test,rotation__moderate,rotation,moderate,D:\OASIS_2\distortions_32\rotation\moderate\Very_Mild_Dementia\OAS2_0021\OAS2_0021_slice_03_z088.png,Very_Mild_Dementia/OAS2_0021/OAS2_0021_slice_03_z088.png,Very Mild Dementia/OAS2_0021/OAS2_0021_slice_03_z088.png,OAS2_0021,Very Mild Dementia,1,1,Very Mild Dementia,1,-14.890975075723533,2.186389129743032,0.12555381298719448,-1.3362759183466537
OASIS_2,LinearSVM,13,test,rotation__moderate,rotation,moderate,D:\OASIS_2\distortions_32\rotation\moderate\Very_Mild_Dementia\OAS2_0021\OAS2_0021_slice_04_z093.png,Very_Mild_Dementia/OAS2_0021/OAS2_0021_slice_04_z093.png,Very Mild Dementia/OAS2_0021/OAS2_0021_slice_04_z093.png,OAS2_0021,Very Mild Dementia,1,2,Mild Dementia,0,-2.015748683834417,-5.974947169750645,2.3992487212262117,-1.6001719409723913
OASIS_2,LinearSVM,13,test,rotation__moderate,rotation,moderate,D:\OASIS_2\distortions_32\rotation\moderate\Very_Mild_Dementia\OAS2_0021\OAS2_0021_slice_05_z098.png,Very_Mild_Dementia/OAS2_0021/OAS2_0021_slice_05_z098.png,Very Mild Dementia/OAS2_0021/OAS2_0021_slice_05_z098.png,OAS2_0021,Very Mild Dementia,1,0,Non-Demented,0,15.454937249358752,-25.92535068592352,-0.924447349357612,-1.8487905957999047
OASIS_2,LinearSVM,13,test,rotation__moderate,rotation,moderate,D:\OASIS_2\distortions_32\rotation\moderate\Very_Mild_Dementia\OAS2_0021\OAS2_0021_slice_06_z104.png,Very_Mild_Dementia/OAS2_0021/OAS2_0021_slice_06_z104.png,Very Mild Dementia/OAS2_0021/OAS2_0021_slice_06_z104.png,OAS2_0021,Very Mild Dementia,1,0,Non-Demented,0,11.994189802508993,-21.96211572661906,-3.0525447902116905,-2.0802732271017335
OASIS_2,LinearSVM,13,test,rotation__moderate,rotation,moderate,D:\OASIS_2\distortions_32\rotation\moderate\Very_Mild_Dementia\OAS2_0021\OAS2_0021_slice_07_z109.png,Very_Mild_Dementia/OAS2_0021/OAS2_0021_slice_07_z109.png,Very Mild Dementia/OAS2_0021/OAS2_0021_slice_07_z109.png,OAS2_0021,Very Mild Dementia,1,0,Non-Demented,0,8.458889941694409,-24.09981628163871,-4.362075332928471,-1.9190049890879264
OASIS_2,LinearSVM,13,test,rotation__moderate,rotation,moderate,D:\OASIS_2\distortions_32\rotation\moderate\Very_Mild_Dementia\OAS2_0021\OAS2_0021_slice_08_z114.png,Very_Mild_Dementia/OAS2_0021/OAS2_0021_slice_08_z114.png,Very Mild Dementia/OAS2_0021/OAS2_0021_slice_08_z114.png,OAS2_0021,Very Mild Dementia,1,1,Very Mild Dementia,1,-15.96297384064364,16.58112428244069,5.008398772560707,-2.576477385875547
OASIS_2,LinearSVM,13,test,rotation__moderate,rotation,moderate,D:\OASIS_2\distortions_32\rotation\moderate\Very_Mild_Dementia\OAS2_0021\OAS2_0021_slice_09_z120.png,Very_Mild_Dementia/OAS2_0021/OAS2_0021_slice_09_z120.png,Very Mild Dementia/OAS2_0021/OAS2_0021_slice_09_z120.png,OAS2_0021,Very Mild Dementia,1,0,Non-Demented,0,9.375612754541937,-23.595581182072536,-1.6518331076412782,-0.7371022421886314
OASIS_2,LinearSVM,13,test,rotation__moderate,rotation,moderate,D:\OASIS_2\distortions_32\rotation\moderate\Very_Mild_Dementia\OAS2_0021\OAS2_0021_slice_10_z125.png,Very_Mild_Dementia/OAS2_0021/OAS2_0021_slice_10_z125.png,Very Mild Dementia/OAS2_0021/OAS2_0021_slice_10_z125.png,OAS2_0021,Very Mild Dementia,1,0,Non-Demented,0,6.487525263589593,-20.970496627545035,-1.7258915954836,-0.9578403111043973
OASIS_2,LinearSVM,13,test,rotation__moderate,rotation,moderate,D:\OASIS_2\distortions_32\rotation\moderate\Very_Mild_Dementia\OAS2_0021\OAS2_0021_slice_11_z130.png,Very_Mild_Dementia/OAS2_0021/OAS2_0021_slice_11_z130.png,Very Mild Dementia/OAS2_0021/OAS2_0021_slice_11_z130.png,OAS2_0021,Very Mild Dementia,1,2,Mild Dementia,0,-17.408254545819023,7.742954416710536,13.912346699917068,-2.101280929874397
OASIS_2,LinearSVM,13,test,rotation__moderate,rotation,moderate,D:\OASIS_2\distortions_32\rotation\moderate\Very_Mild_Dementia\OAS2_0021\OAS2_0021_slice_12_z135.png,Very_Mild_Dementia/OAS2_0021/OAS2_0021_slice_12_z135.png,Very Mild Dementia/OAS2_0021/OAS2_0021_slice_12_z135.png,OAS2_0021,Very Mild Dementia,1,0,Non-Demented,0,9.339816928782763,-19.736755454378798,-3.0094894287173286,-1.3413194446116423
OASIS_2,LinearSVM,13,test,rotation__moderate,rotation,moderate,D:\OASIS_2\distortions_32\rotation\moderate\Very_Mild_Dementia\OAS2_0021\OAS2_0021_slice_13_z141.png,Very_Mild_Dementia/OAS2_0021/OAS2_0021_slice_13_z141.png,Very Mild Dementia/OAS2_0021/OAS2_0021_slice_13_z141.png,OAS2_0021,Very Mild Dementia,1,0,Non-Demented,0,3.0710878734009417,-12.953095317864115,-3.6961344112559824,-2.279297647191442
OASIS_2,LinearSVM,13,test,rotation__moderate,rotation,moderate,D:\OASIS_2\distortions_32\rotation\moderate\Very_Mild_Dementia\OAS2_0021\OAS2_0021_slice_14_z146.png,Very_Mild_Dementia/OAS2_0021/OAS2_0021_slice_14_z146.png,Very Mild Dementia/OAS2_0021/OAS2_0021_slice_14_z146.png,OAS2_0021,Very Mild Dementia,1,0,Non-Demented,0,1.1214275489855243,-8.488758332458119,-2.6537780239045836,-2.078444337830759
OASIS_2,LinearSVM,13,test,rotation__moderate,rotation,moderate,D:\OASIS_2\distortions_32\rotation\moderate\Very_Mild_Dementia\OAS2_0021\OAS2_0021_slice_15_z151.png,Very_Mild_Dementia/OAS2_0021/OAS2_0021_slice_15_z151.png,Very Mild Dementia/OAS2_0021/OAS2_0021_slice_15_z151.png,OAS2_0021,Very Mild Dementia,1,0,Non-Demented,0,6.330036024301151,-13.816875149109519,-3.2500530719297203,-1.6940551367119596
OASIS_2,LinearSVM,13,test,rotation__moderate,rotation,moderate,D:\OASIS_2\distortions_32\rotation\moderate\Very_Mild_Dementia\OAS2_0021\OAS2_0021_slice_16_z157.png,Very_Mild_Dementia/OAS2_0021/OAS2_0021_slice_16_z157.png,Very Mild Dementia/OAS2_0021/OAS2_0021_slice_16_z157.png,OAS2_0021,Very Mild Dementia,1,0,Non-Demented,0,1.0768544233244426,-11.052011749542721,-1.3133525014596508,-1.8351350507827713
OASIS_2,LinearSVM,13,test,rotation__moderate,rotation,moderate,D:\OASIS_2\distortions_32\rotation\moderate\Very_Mild_Dementia\OAS2_0021\OAS2_0021_slice_17_z162.png,Very_Mild_Dementia/OAS2_0021/OAS2_0021_slice_17_z162.png,Very Mild Dementia/OAS2_0021/OAS2_0021_slice_17_z162.png,OAS2_0021,Very Mild Dementia,1,0,Non-Demented,0,2.59598462518345,-10.1377329457185,-3.037999587964091,-1.7199330799195536
OASIS_2,LinearSVM,13,test,rotation__moderate,rotation,moderate,D:\OASIS_2\distortions_32\rotation\moderate\Very_Mild_Dementia\OAS2_0021\OAS2_0021_slice_18_z167.png,Very_Mild_Dementia/OAS2_0021/OAS2_0021_slice_18_z167.png,Very Mild Dementia/OAS2_0021/OAS2_0021_slice_18_z167.png,OAS2_0021,Very Mild Dementia,1,0,Non-Demented,0,1.0500343924145632,-13.541120255513707,-0.8859762829839448,-1.8274285689507337
OASIS_2,LinearSVM,13,test,rotation__moderate,rotation,moderate,D:\OASIS_2\distortions_32\rotation\moderate\Very_Mild_Dementia\OAS2_0021\OAS2_0021_slice_19_z173.png,Very_Mild_Dementia/OAS2_0021/OAS2_0021_slice_19_z173.png,Very Mild Dementia/OAS2_0021/OAS2_0021_slice_19_z173.png,OAS2_0021,Very Mild Dementia,1,2,Mild Dementia,0,-0.67398308635721,-12.188772107128777,1.6736599086975024,-1.7528721373710854
OASIS_2,LinearSVM,13,test,rotation__moderate,rotation,moderate,D:\OASIS_2\distortions_32\rotation\moderate\Very_Mild_Dementia\OAS2_0021\OAS2_0021_slice_20_z178.png,Very_Mild_Dementia/OAS2_0021/OAS2_0021_slice_20_z178.png,Very Mild Dementia/OAS2_0021/OAS2_0021_slice_20_z178.png,OAS2_0021,Very Mild Dementia,1,0,Non-Demented,0,3.3787807834184984,-16.646887881711834,2.277705081234085,-1.922319079779013
OASIS_2,LinearSVM,13,test,rotation__moderate,rotation,moderate,D:\OASIS_2\distortions_32\rotation\moderate\Very_Mild_Dementia\OAS2_0040\OAS2_0040_slice_01_z077.png,Very_Mild_Dementia/OAS2_0040/OAS2_0040_slice_01_z077.png,Very Mild Dementia/OAS2_0040/OAS2_0040_slice_01_z077.png,OAS2_0040,Very Mild Dementia,1,2,Mild Dementia,0,-13.099635995255925,-3.038068146805666,10.334731781652131,-2.445477215151721
OASIS_2,LinearSVM,13,test,rotation__moderate,rotation,moderate,D:\OASIS_2\distortions_32\rotation\moderate\Very_Mild_Dementia\OAS2_0040\OAS2_0040_slice_02_z082.png,Very_Mild_Dementia/OAS2_0040/OAS2_0040_slice_02_z082.png,Very Mild Dementia/OAS2_0040/OAS2_0040_slice_02_z082.png,OAS2_0040,Very Mild Dementia,1,2,Mild Dementia,0,0.634349769346128,-6.896726178154105,9.495325816356159,-1.9731381173189222
OASIS_2,LinearSVM,13,test,rotation__moderate,rotation,moderate,D:\OASIS_2\distortions_32\rotation\moderate\Very_Mild_Dementia\OAS2_0040\OAS2_0040_slice_03_z088.png,Very_Mild_Dementia/OAS2_0040/OAS2_0040_slice_03_z088.png,Very Mild Dementia/OAS2_0040/OAS2_0040_slice_03_z088.png,OAS2_0040,Very Mild Dementia,1,0,Non-Demented,0,16.824237887760642,-16.31317159183708,-4.869253174278503,-1.0112967466771117
OASIS_2,LinearSVM,13,test,rotation__moderate,rotation,moderate,D:\OASIS_2\distortions_32\rotation\moderate\Very_Mild_Dementia\OAS2_0040\OAS2_0040_slice_04_z093.png,Very_Mild_Dementia/OAS2_0040/OAS2_0040_slice_04_z093.png,Very Mild Dementia/OAS2_0040/OAS2_0040_slice_04_z093.png,OAS2_0040,Very Mild Dementia,1,0,Non-Demented,0,20.90669842059093,-19.621437878025116,-5.5852323450871015,-1.2904867467326606
OASIS_2,LinearSVM,13,test,rotation__moderate,rotation,moderate,D:\OASIS_2\distortions_32\rotation\moderate\Very_Mild_Dementia\OAS2_0040\OAS2_0040_slice_05_z098.png,Very_Mild_Dementia/OAS2_0040/OAS2_0040_slice_05_z098.png,Very Mild Dementia/OAS2_0040/OAS2_0040_slice_05_z098.png,OAS2_0040,Very Mild Dementia,1,2,Mild Dementia,0,0.023768937285745917,-5.239073445096395,7.007563439662812,-2.4839534741343745
OASIS_2,LinearSVM,13,test,rotation__moderate,rotation,moderate,D:\OASIS_2\distortions_32\rotation\moderate\Very_Mild_Dementia\OAS2_0040\OAS2_0040_slice_06_z104.png,Very_Mild_Dementia/OAS2_0040/OAS2_0040_slice_06_z104.png,Very Mild Dementia/OAS2_0040/OAS2_0040_slice_06_z104.png,OAS2_0040,Very Mild Dementia,1,2,Mild Dementia,0,-4.507387874938869,-1.6327402555136161,10.581952325494713,-2.3041745863921763
OASIS_2,LinearSVM,13,test,rotation__moderate,rotation,moderate,D:\OASIS_2\distortions_32\rotation\moderate\Very_Mild_Dementia\OAS2_0040\OAS2_0040_slice_07_z109.png,Very_Mild_Dementia/OAS2_0040/OAS2_0040_slice_07_z109.png,Very Mild Dementia/OAS2_0040/OAS2_0040_slice_07_z109.png,OAS2_0040,Very Mild Dementia,1,0,Non-Demented,0,15.894504336430844,-22.01605440725615,-3.5719413769310933,-1.4571330775411961
OASIS_2,LinearSVM,13,test,rotation__moderate,rotation,moderate,D:\OASIS_2\distortions_32\rotation\moderate\Very_Mild_Dementia\OAS2_0040\OAS2_0040_slice_08_z114.png,Very_Mild_Dementia/OAS2_0040/OAS2_0040_slice_08_z114.png,Very Mild Dementia/OAS2_0040/OAS2_0040_slice_08_z114.png,OAS2_0040,Very Mild Dementia,1,0,Non-Demented,0,13.64196052397595,-27.8455003668457,-0.47589037863608263,-1.667050945124691
OASIS_2,LinearSVM,13,test,rotation__moderate,rotation,moderate,D:\OASIS_2\distortions_32\rotation\moderate\Very_Mild_Dementia\OAS2_0040\OAS2_0040_slice_09_z120.png,Very_Mild_Dementia/OAS2_0040/OAS2_0040_slice_09_z120.png,Very Mild Dementia/OAS2_0040/OAS2_0040_slice_09_z120.png,OAS2_0040,Very Mild Dementia,1,0,Non-Demented,0,22.71414236828335,-31.985121445095068,-5.205970456018051,-1.815804883684668
OASIS_2,LinearSVM,13,test,rotation__moderate,rotation,moderate,D:\OASIS_2\distortions_32\rotation\moderate\Very_Mild_Dementia\OAS2_0040\OAS2_0040_slice_10_z125.png,Very_Mild_Dementia/OAS2_0040/OAS2_0040_slice_10_z125.png,Very Mild Dementia/OAS2_0040/OAS2_0040_slice_10_z125.png,OAS2_0040,Very Mild Dementia,1,0,Non-Demented,0,16.074025291430758,-23.541458077530066,-5.277773787068858,-1.775425004836706
OASIS_2,LinearSVM,13,test,rotation__moderate,rotation,moderate,D:\OASIS_2\distortions_32\rotation\moderate\Very_Mild_Dementia\OAS2_0040\OAS2_0040_slice_11_z130.png,Very_Mild_Dementia/OAS2_0040/OAS2_0040_slice_11_z130.png,Very Mild Dementia/OAS2_0040/OAS2_0040_slice_11_z130.png,OAS2_0040,Very Mild Dementia,1,0,Non-Demented,0,11.08142119823113,-21.579193190013665,-2.6856011146481613,-1.2208414220278772
OASIS_2,LinearSVM,13,test,rotation__moderate,rotation,moderate,D:\OASIS_2\distortions_32\rotation\moderate\Very_Mild_Dementia\OAS2_0040\OAS2_0040_slice_12_z135.png,Very_Mild_Dementia/OAS2_0040/OAS2_0040_slice_12_z135.png,Very Mild Dementia/OAS2_0040/OAS2_0040_slice_12_z135.png,OAS2_0040,Very Mild Dementia,1,2,Mild Dementia,0,2.479252019474921,-1.389468409894714,5.67705751355496,-2.185679808971038
OASIS_2,LinearSVM,13,test,rotation__moderate,rotation,moderate,D:\OASIS_2\distortions_32\rotation\moderate\Very_Mild_Dementia\OAS2_0040\OAS2_0040_slice_13_z141.png,Very_Mild_Dementia/OAS2_0040/OAS2_0040_slice_13_z141.png,Very Mild Dementia/OAS2_0040/OAS2_0040_slice_13_z141.png,OAS2_0040,Very Mild Dementia,1,2,Mild Dementia,0,-0.4922640999755281,-15.923200262726152,2.276766032646599,-1.9522285013011254
OASIS_2,LinearSVM,13,test,rotation__moderate,rotation,moderate,D:\OASIS_2\distortions_32\rotation\moderate\Very_Mild_Dementia\OAS2_0040\OAS2_0040_slice_14_z146.png,Very_Mild_Dementia/OAS2_0040/OAS2_0040_slice_14_z146.png,Very Mild Dementia/OAS2_0040/OAS2_0040_slice_14_z146.png,OAS2_0040,Very Mild Dementia,1,2,Mild Dementia,0,-11.006600512749342,4.120349630109298,6.036007489829148,-2.623823661271018
OASIS_2,LinearSVM,13,test,rotation__moderate,rotation,moderate,D:\OASIS_2\distortions_32\rotation\moderate\Very_Mild_Dementia\OAS2_0040\OAS2_0040_slice_15_z151.png,Very_Mild_Dementia/OAS2_0040/OAS2_0040_slice_15_z151.png,Very Mild Dementia/OAS2_0040/OAS2_0040_slice_15_z151.png,OAS2_0040,Very Mild Dementia,1,0,Non-Demented,0,3.0355961223868206,-15.619760981758528,0.9840441001320692,-1.5028477923655459
OASIS_2,LinearSVM,13,test,rotation__moderate,rotation,moderate,D:\OASIS_2\distortions_32\rotation\moderate\Very_Mild_Dementia\OAS2_0040\OAS2_0040_slice_16_z157.png,Very_Mild_Dementia/OAS2_0040/OAS2_0040_slice_16_z157.png,Very Mild Dementia/OAS2_0040/OAS2_0040_slice_16_z157.png,OAS2_0040,Very Mild Dementia,1,2,Mild Dementia,0,-8.879841613900375,2.25775974022709,7.971331245512925,-2.4051343195372485
OASIS_2,LinearSVM,13,test,rotation__moderate,rotation,moderate,D:\OASIS_2\distortions_32\rotation\moderate\Very_Mild_Dementia\OAS2_0040\OAS2_0040_slice_17_z162.png,Very_Mild_Dementia/OAS2_0040/OAS2_0040_slice_17_z162.png,Very Mild Dementia/OAS2_0040/OAS2_0040_slice_17_z162.png,OAS2_0040,Very Mild Dementia,1,0,Non-Demented,0,7.591821105283792,-18.807171005257167,2.3101245581101915,-1.0837366197663427
OASIS_2,LinearSVM,13,test,rotation__moderate,rotation,moderate,D:\OASIS_2\distortions_32\rotation\moderate\Very_Mild_Dementia\OAS2_0040\OAS2_0040_slice_18_z167.png,Very_Mild_Dementia/OAS2_0040/OAS2_0040_slice_18_z167.png,Very Mild Dementia/OAS2_0040/OAS2_0040_slice_18_z167.png,OAS2_0040,Very Mild Dementia,1,2,Mild Dementia,0,-7.907828599769827,0.5008526334368358,6.535445340880779,-2.5810152223165232
OASIS_2,LinearSVM,13,test,rotation__moderate,rotation,moderate,D:\OASIS_2\distortions_32\rotation\moderate\Very_Mild_Dementia\OAS2_0040\OAS2_0040_slice_19_z173.png,Very_Mild_Dementia/OAS2_0040/OAS2_0040_slice_19_z173.png,Very Mild Dementia/OAS2_0040/OAS2_0040_slice_19_z173.png,OAS2_0040,Very Mild Dementia,1,2,Mild Dementia,0,-11.229360318799488,5.210772025472908,7.922100027703959,-2.640873999307152
OASIS_2,LinearSVM,13,test,rotation__moderate,rotation,moderate,D:\OASIS_2\distortions_32\rotation\moderate\Very_Mild_Dementia\OAS2_0040\OAS2_0040_slice_20_z178.png,Very_Mild_Dementia/OAS2_0040/OAS2_0040_slice_20_z178.png,Very Mild Dementia/OAS2_0040/OAS2_0040_slice_20_z178.png,OAS2_0040,Very Mild Dementia,1,2,Mild Dementia,0,-10.03828715607076,4.2774138246690345,8.049425488473604,-2.5825224211678304
OASIS_2,LinearSVM,13,test,rotation__moderate,rotation,moderate,D:\OASIS_2\distortions_32\rotation\moderate\Very_Mild_Dementia\OAS2_0098\OAS2_0098_slice_01_z077.png,Very_Mild_Dementia/OAS2_0098/OAS2_0098_slice_01_z077.png,Very Mild Dementia/OAS2_0098/OAS2_0098_slice_01_z077.png,OAS2_0098,Very Mild Dementia,1,1,Very Mild Dementia,1,-4.226631833556706,6.017870532222358,0.409774250819233,-2.075627994119726
OASIS_2,LinearSVM,13,test,rotation__moderate,rotation,moderate,D:\OASIS_2\distortions_32\rotation\moderate\Very_Mild_Dementia\OAS2_0098\OAS2_0098_slice_02_z082.png,Very_Mild_Dementia/OAS2_0098/OAS2_0098_slice_02_z082.png,Very Mild Dementia/OAS2_0098/OAS2_0098_slice_02_z082.png,OAS2_0098,Very Mild Dementia,1,0,Non-Demented,0,3.6967709456329794,-18.23761930332184,2.8416651939241135,-2.327154821379665
OASIS_2,LinearSVM,13,test,rotation__moderate,rotation,moderate,D:\OASIS_2\distortions_32\rotation\moderate\Very_Mild_Dementia\OAS2_0098\OAS2_0098_slice_03_z088.png,Very_Mild_Dementia/OAS2_0098/OAS2_0098_slice_03_z088.png,Very Mild Dementia/OAS2_0098/OAS2_0098_slice_03_z088.png,OAS2_0098,Very Mild Dementia,1,0,Non-Demented,0,2.9260668814087225,-16.613228827527436,1.5018565697991129,-2.358793264876034
OASIS_2,LinearSVM,13,test,rotation__moderate,rotation,moderate,D:\OASIS_2\distortions_32\rotation\moderate\Very_Mild_Dementia\OAS2_0098\OAS2_0098_slice_04_z093.png,Very_Mild_Dementia/OAS2_0098/OAS2_0098_slice_04_z093.png,Very Mild Dementia/OAS2_0098/OAS2_0098_slice_04_z093.png,OAS2_0098,Very Mild Dementia,1,0,Non-Demented,0,6.161672669524716,-19.43920926468348,0.18221562555193715,-2.3146409976353617
OASIS_2,LinearSVM,13,test,rotation__moderate,rotation,moderate,D:\OASIS_2\distortions_32\rotation\moderate\Very_Mild_Dementia\OAS2_0098\OAS2_0098_slice_05_z098.png,Very_Mild_Dementia/OAS2_0098/OAS2_0098_slice_05_z098.png,Very Mild Dementia/OAS2_0098/OAS2_0098_slice_05_z098.png,OAS2_0098,Very Mild Dementia,1,0,Non-Demented,0,4.869102212163385,-20.321751952022602,1.9078423141706797,-2.6660134031951914
OASIS_2,LinearSVM,13,test,rotation__moderate,rotation,moderate,D:\OASIS_2\distortions_32\rotation\moderate\Very_Mild_Dementia\OAS2_0098\OAS2_0098_slice_06_z104.png,Very_Mild_Dementia/OAS2_0098/OAS2_0098_slice_06_z104.png,Very Mild Dementia/OAS2_0098/OAS2_0098_slice_06_z104.png,OAS2_0098,Very Mild Dementia,1,2,Mild Dementia,0,3.252034280295224,-19.421412825578383,7.321470823550548,-2.7150767282459016
OASIS_2,LinearSVM,13,test,rotation__moderate,rotation,moderate,D:\OASIS_2\distortions_32\rotation\moderate\Very_Mild_Dementia\OAS2_0098\OAS2_0098_slice_07_z109.png,Very_Mild_Dementia/OAS2_0098/OAS2_0098_slice_07_z109.png,Very Mild Dementia/OAS2_0098/OAS2_0098_slice_07_z109.png,OAS2_0098,Very Mild Dementia,1,2,Mild Dementia,0,-0.38156967906519645,-15.574744434773162,5.172014762273845,-2.6840700931129264
OASIS_2,LinearSVM,13,test,rotation__moderate,rotation,moderate,D:\OASIS_2\distortions_32\rotation\moderate\Very_Mild_Dementia\OAS2_0098\OAS2_0098_slice_08_z114.png,Very_Mild_Dementia/OAS2_0098/OAS2_0098_slice_08_z114.png,Very Mild Dementia/OAS2_0098/OAS2_0098_slice_08_z114.png,OAS2_0098,Very Mild Dementia,1,1,Very Mild Dementia,1,-12.120859747948773,12.609429606175091,1.5525286676782155,-2.4954646867529418
OASIS_2,LinearSVM,13,test,rotation__moderate,rotation,moderate,D:\OASIS_2\distortions_32\rotation\moderate\Very_Mild_Dementia\OAS2_0098\OAS2_0098_slice_09_z120.png,Very_Mild_Dementia/OAS2_0098/OAS2_0098_slice_09_z120.png,Very Mild Dementia/OAS2_0098/OAS2_0098_slice_09_z120.png,OAS2_0098,Very Mild Dementia,1,1,Very Mild Dementia,1,-10.144013435266421,11.73576069501545,-0.37418426954211514,-2.9524542390288526
OASIS_2,LinearSVM,13,test,rotation__moderate,rotation,moderate,D:\OASIS_2\distortions_32\rotation\moderate\Very_Mild_Dementia\OAS2_0098\OAS2_0098_slice_10_z125.png,Very_Mild_Dementia/OAS2_0098/OAS2_0098_slice_10_z125.png,Very Mild Dementia/OAS2_0098/OAS2_0098_slice_10_z125.png,OAS2_0098,Very Mild Dementia,1,1,Very Mild Dementia,1,-6.341035903057229,10.890754456557215,-1.4783591301841894,-2.569627560201801
OASIS_2,LinearSVM,13,test,rotation__moderate,rotation,moderate,D:\OASIS_2\distortions_32\rotation\moderate\Very_Mild_Dementia\OAS2_0098\OAS2_0098_slice_11_z130.png,Very_Mild_Dementia/OAS2_0098/OAS2_0098_slice_11_z130.png,Very Mild Dementia/OAS2_0098/OAS2_0098_slice_11_z130.png,OAS2_0098,Very Mild Dementia,1,2,Mild Dementia,0,0.041627767924353964,-11.103245358173037,2.3576750691257513,-2.212436333484815
OASIS_2,LinearSVM,13,test,rotation__moderate,rotation,moderate,D:\OASIS_2\distortions_32\rotation\moderate\Very_Mild_Dementia\OAS2_0098\OAS2_0098_slice_12_z135.png,Very_Mild_Dementia/OAS2_0098/OAS2_0098_slice_12_z135.png,Very Mild Dementia/OAS2_0098/OAS2_0098_slice_12_z135.png,OAS2_0098,Very Mild Dementia,1,1,Very Mild Dementia,1,-10.39681912713924,6.721435048986937,1.4276963702012826,-2.4189305224466096
OASIS_2,LinearSVM,13,test,rotation__moderate,rotation,moderate,D:\OASIS_2\distortions_32\rotation\moderate\Very_Mild_Dementia\OAS2_0098\OAS2_0098_slice_13_z141.png,Very_Mild_Dementia/OAS2_0098/OAS2_0098_slice_13_z141.png,Very Mild Dementia/OAS2_0098/OAS2_0098_slice_13_z141.png,OAS2_0098,Very Mild Dementia,1,1,Very Mild Dementia,1,-12.397286224785367,15.148992515414498,0.0871816354246433,-2.675840126441813
OASIS_2,LinearSVM,13,test,rotation__moderate,rotation,moderate,D:\OASIS_2\distortions_32\rotation\moderate\Very_Mild_Dementia\OAS2_0098\OAS2_0098_slice_14_z146.png,Very_Mild_Dementia/OAS2_0098/OAS2_0098_slice_14_z146.png,Very Mild Dementia/OAS2_0098/OAS2_0098_slice_14_z146.png,OAS2_0098,Very Mild Dementia,1,0,Non-Demented,0,4.749213862408881,-15.807630163323761,2.999934164240638,-2.694872816621909
OASIS_2,LinearSVM,13,test,rotation__moderate,rotation,moderate,D:\OASIS_2\distortions_32\rotation\moderate\Very_Mild_Dementia\OAS2_0098\OAS2_0098_slice_15_z151.png,Very_Mild_Dementia/OAS2_0098/OAS2_0098_slice_15_z151.png,Very Mild Dementia/OAS2_0098/OAS2_0098_slice_15_z151.png,OAS2_0098,Very Mild Dementia,1,1,Very Mild Dementia,1,-13.269432188339332,13.367183469394234,1.0446845063751158,-2.8933809736720426
OASIS_2,LinearSVM,13,test,rotation__moderate,rotation,moderate,D:\OASIS_2\distortions_32\rotation\moderate\Very_Mild_Dementia\OAS2_0098\OAS2_0098_slice_16_z157.png,Very_Mild_Dementia/OAS2_0098/OAS2_0098_slice_16_z157.png,Very Mild Dementia/OAS2_0098/OAS2_0098_slice_16_z157.png,OAS2_0098,Very Mild Dementia,1,1,Very Mild Dementia,1,-7.161715195926469,6.544298441649082,1.597687022674903,-2.4929780923628204
OASIS_2,LinearSVM,13,test,rotation__moderate,rotation,moderate,D:\OASIS_2\distortions_32\rotation\moderate\Very_Mild_Dementia\OAS2_0098\OAS2_0098_slice_17_z162.png,Very_Mild_Dementia/OAS2_0098/OAS2_0098_slice_17_z162.png,Very Mild Dementia/OAS2_0098/OAS2_0098_slice_17_z162.png,OAS2_0098,Very Mild Dementia,1,2,Mild Dementia,0,2.7579801696028903,-14.564222614617432,4.325394096379304,-2.2787670222729095
OASIS_2,LinearSVM,13,test,rotation__moderate,rotation,moderate,D:\OASIS_2\distortions_32\rotation\moderate\Very_Mild_Dementia\OAS2_0098\OAS2_0098_slice_18_z167.png,Very_Mild_Dementia/OAS2_0098/OAS2_0098_slice_18_z167.png,Very Mild Dementia/OAS2_0098/OAS2_0098_slice_18_z167.png,OAS2_0098,Very Mild Dementia,1,1,Very Mild Dementia,1,-2.8613893369404226,5.165798554089537,1.7540723029937415,-2.552665991894274
OASIS_2,LinearSVM,13,test,rotation__moderate,rotation,moderate,D:\OASIS_2\distortions_32\rotation\moderate\Very_Mild_Dementia\OAS2_0098\OAS2_0098_slice_19_z173.png,Very_Mild_Dementia/OAS2_0098/OAS2_0098_slice_19_z173.png,Very Mild Dementia/OAS2_0098/OAS2_0098_slice_19_z173.png,OAS2_0098,Very Mild Dementia,1,1,Very Mild Dementia,1,-4.076859829209084,7.8468103590543015,2.9789850668153357,-2.5404963755085297
OASIS_2,LinearSVM,13,test,rotation__moderate,rotation,moderate,D:\OASIS_2\distortions_32\rotation\moderate\Very_Mild_Dementia\OAS2_0098\OAS2_0098_slice_20_z178.png,Very_Mild_Dementia/OAS2_0098/OAS2_0098_slice_20_z178.png,Very Mild Dementia/OAS2_0098/OAS2_0098_slice_20_z178.png,OAS2_0098,Very Mild Dementia,1,1,Very Mild Dementia,1,-5.540474984070073,7.8989200528345505,1.6100116488962777,-2.554552814040533
OASIS_2,LinearSVM,13,test,rotation__moderate,rotation,moderate,D:\OASIS_2\distortions_32\rotation\moderate\Very_Mild_Dementia\OAS2_0102\OAS2_0102_slice_01_z077.png,Very_Mild_Dementia/OAS2_0102/OAS2_0102_slice_01_z077.png,Very Mild Dementia/OAS2_0102/OAS2_0102_slice_01_z077.png,OAS2_0102,Very Mild Dementia,1,0,Non-Demented,0,4.24017019634225,-11.566790708802117,0.8189750865916374,-2.107909892488448
OASIS_2,LinearSVM,13,test,rotation__moderate,rotation,moderate,D:\OASIS_2\distortions_32\rotation\moderate\Very_Mild_Dementia\OAS2_0102\OAS2_0102_slice_02_z082.png,Very_Mild_Dementia/OAS2_0102/OAS2_0102_slice_02_z082.png,Very Mild Dementia/OAS2_0102/OAS2_0102_slice_02_z082.png,OAS2_0102,Very Mild Dementia,1,2,Mild Dementia,0,-9.5736276795874,3.495334455011084,10.844703448925793,-2.4716988035626626
OASIS_2,LinearSVM,13,test,rotation__moderate,rotation,moderate,D:\OASIS_2\distortions_32\rotation\moderate\Very_Mild_Dementia\OAS2_0102\OAS2_0102_slice_03_z088.png,Very_Mild_Dementia/OAS2_0102/OAS2_0102_slice_03_z088.png,Very Mild Dementia/OAS2_0102/OAS2_0102_slice_03_z088.png,OAS2_0102,Very Mild Dementia,1,0,Non-Demented,0,3.705404729874691,-11.981528655720496,-1.7251019715603615,-1.959215265545673
OASIS_2,LinearSVM,13,test,rotation__moderate,rotation,moderate,D:\OASIS_2\distortions_32\rotation\moderate\Very_Mild_Dementia\OAS2_0102\OAS2_0102_slice_04_z093.png,Very_Mild_Dementia/OAS2_0102/OAS2_0102_slice_04_z093.png,Very Mild Dementia/OAS2_0102/OAS2_0102_slice_04_z093.png,OAS2_0102,Very Mild Dementia,1,2,Mild Dementia,0,-9.01593796688847,5.460444916352272,9.300208700197631,-2.4054426109349256
OASIS_2,LinearSVM,13,test,rotation__moderate,rotation,moderate,D:\OASIS_2\distortions_32\rotation\moderate\Very_Mild_Dementia\OAS2_0102\OAS2_0102_slice_05_z098.png,Very_Mild_Dementia/OAS2_0102/OAS2_0102_slice_05_z098.png,Very Mild Dementia/OAS2_0102/OAS2_0102_slice_05_z098.png,OAS2_0102,Very Mild Dementia,1,2,Mild Dementia,0,-6.454474912109205,1.017463553059724,8.675111944080966,-2.0040213694599442
OASIS_2,LinearSVM,13,test,rotation__moderate,rotation,moderate,D:\OASIS_2\distortions_32\rotation\moderate\Very_Mild_Dementia\OAS2_0102\OAS2_0102_slice_06_z104.png,Very_Mild_Dementia/OAS2_0102/OAS2_0102_slice_06_z104.png,Very Mild Dementia/OAS2_0102/OAS2_0102_slice_06_z104.png,OAS2_0102,Very Mild Dementia,1,2,Mild Dementia,0,-1.3504747526098282,-6.535794547886742,6.583509854506076,-1.9338917969272826
OASIS_2,LinearSVM,13,test,rotation__moderate,rotation,moderate,D:\OASIS_2\distortions_32\rotation\moderate\Very_Mild_Dementia\OAS2_0102\OAS2_0102_slice_07_z109.png,Very_Mild_Dementia/OAS2_0102/OAS2_0102_slice_07_z109.png,Very Mild Dementia/OAS2_0102/OAS2_0102_slice_07_z109.png,OAS2_0102,Very Mild Dementia,1,2,Mild Dementia,0,-5.11130463751574,0.4367608437642557,6.5520877611687744,-2.224916582158597
OASIS_2,LinearSVM,13,test,rotation__moderate,rotation,moderate,D:\OASIS_2\distortions_32\rotation\moderate\Very_Mild_Dementia\OAS2_0102\OAS2_0102_slice_08_z114.png,Very_Mild_Dementia/OAS2_0102/OAS2_0102_slice_08_z114.png,Very Mild Dementia/OAS2_0102/OAS2_0102_slice_08_z114.png,OAS2_0102,Very Mild Dementia,1,2,Mild Dementia,0,-8.256126616673727,-0.49193308728364793,7.0860585379348215,-2.5250628974251654
OASIS_2,LinearSVM,13,test,rotation__moderate,rotation,moderate,D:\OASIS_2\distortions_32\rotation\moderate\Very_Mild_Dementia\OAS2_0102\OAS2_0102_slice_09_z120.png,Very_Mild_Dementia/OAS2_0102/OAS2_0102_slice_09_z120.png,Very Mild Dementia/OAS2_0102/OAS2_0102_slice_09_z120.png,OAS2_0102,Very Mild Dementia,1,2,Mild Dementia,0,-0.28203944235485245,-10.434198060565102,0.29062980651390324,-1.3567397605412423
OASIS_2,LinearSVM,13,test,rotation__moderate,rotation,moderate,D:\OASIS_2\distortions_32\rotation\moderate\Very_Mild_Dementia\OAS2_0102\OAS2_0102_slice_10_z125.png,Very_Mild_Dementia/OAS2_0102/OAS2_0102_slice_10_z125.png,Very Mild Dementia/OAS2_0102/OAS2_0102_slice_10_z125.png,OAS2_0102,Very Mild Dementia,1,2,Mild Dementia,0,-2.0565755962553314,-10.923074353378684,3.3490590005387557,-1.4477284449827428
OASIS_2,LinearSVM,13,test,rotation__moderate,rotation,moderate,D:\OASIS_2\distortions_32\rotation\moderate\Very_Mild_Dementia\OAS2_0102\OAS2_0102_slice_11_z130.png,Very_Mild_Dementia/OAS2_0102/OAS2_0102_slice_11_z130.png,Very Mild Dementia/OAS2_0102/OAS2_0102_slice_11_z130.png,OAS2_0102,Very Mild Dementia,1,2,Mild Dementia,0,-8.79990583517908,-1.580453712236475,5.453551246830209,-2.0947349944545017
OASIS_2,LinearSVM,13,test,rotation__moderate,rotation,moderate,D:\OASIS_2\distortions_32\rotation\moderate\Very_Mild_Dementia\OAS2_0102\OAS2_0102_slice_12_z135.png,Very_Mild_Dementia/OAS2_0102/OAS2_0102_slice_12_z135.png,Very Mild Dementia/OAS2_0102/OAS2_0102_slice_12_z135.png,OAS2_0102,Very Mild Dementia,1,2,Mild Dementia,0,-9.503814798025397,0.802860840053428,5.378708296262474,-2.0668646428061552
OASIS_2,LinearSVM,13,test,rotation__moderate,rotation,moderate,D:\OASIS_2\distortions_32\rotation\moderate\Very_Mild_Dementia\OAS2_0102\OAS2_0102_slice_13_z141.png,Very_Mild_Dementia/OAS2_0102/OAS2_0102_slice_13_z141.png,Very Mild Dementia/OAS2_0102/OAS2_0102_slice_13_z141.png,OAS2_0102,Very Mild Dementia,1,0,Non-Demented,0,2.304287537982804,-1.4993642702889658,1.6930786474819999,-1.9631684283634852
OASIS_2,LinearSVM,13,test,rotation__moderate,rotation,moderate,D:\OASIS_2\distortions_32\rotation\moderate\Very_Mild_Dementia\OAS2_0102\OAS2_0102_slice_14_z146.png,Very_Mild_Dementia/OAS2_0102/OAS2_0102_slice_14_z146.png,Very Mild Dementia/OAS2_0102/OAS2_0102_slice_14_z146.png,OAS2_0102,Very Mild Dementia,1,0,Non-Demented,0,1.817345684420149,-16.251638866347843,0.8563065129689527,-1.8955228191364475
OASIS_2,LinearSVM,13,test,rotation__moderate,rotation,moderate,D:\OASIS_2\distortions_32\rotation\moderate\Very_Mild_Dementia\OAS2_0102\OAS2_0102_slice_15_z151.png,Very_Mild_Dementia/OAS2_0102/OAS2_0102_slice_15_z151.png,Very Mild Dementia/OAS2_0102/OAS2_0102_slice_15_z151.png,OAS2_0102,Very Mild Dementia,1,0,Non-Demented,0,7.196756544561465,-14.5823591969762,-2.551874258066028,-1.8784683251228667
OASIS_2,LinearSVM,13,test,rotation__moderate,rotation,moderate,D:\OASIS_2\distortions_32\rotation\moderate\Very_Mild_Dementia\OAS2_0102\OAS2_0102_slice_16_z157.png,Very_Mild_Dementia/OAS2_0102/OAS2_0102_slice_16_z157.png,Very Mild Dementia/OAS2_0102/OAS2_0102_slice_16_z157.png,OAS2_0102,Very Mild Dementia,1,2,Mild Dementia,0,-2.3876471612137578,-3.2698068453306894,6.396098102177598,-2.435655756151549
OASIS_2,LinearSVM,13,test,rotation__moderate,rotation,moderate,D:\OASIS_2\distortions_32\rotation\moderate\Very_Mild_Dementia\OAS2_0102\OAS2_0102_slice_17_z162.png,Very_Mild_Dementia/OAS2_0102/OAS2_0102_slice_17_z162.png,Very Mild Dementia/OAS2_0102/OAS2_0102_slice_17_z162.png,OAS2_0102,Very Mild Dementia,1,2,Mild Dementia,0,-3.9951097718210096,0.40407256755719556,6.263088339272203,-3.0576783111466903
OASIS_2,LinearSVM,13,test,rotation__moderate,rotation,moderate,D:\OASIS_2\distortions_32\rotation\moderate\Very_Mild_Dementia\OAS2_0102\OAS2_0102_slice_18_z167.png,Very_Mild_Dementia/OAS2_0102/OAS2_0102_slice_18_z167.png,Very Mild Dementia/OAS2_0102/OAS2_0102_slice_18_z167.png,OAS2_0102,Very Mild Dementia,1,2,Mild Dementia,0,-8.554908182802869,2.2746309229411765,6.118922603430159,-2.84711160254018
OASIS_2,LinearSVM,13,test,rotation__moderate,rotation,moderate,D:\OASIS_2\distortions_32\rotation\moderate\Very_Mild_Dementia\OAS2_0102\OAS2_0102_slice_19_z173.png,Very_Mild_Dementia/OAS2_0102/OAS2_0102_slice_19_z173.png,Very Mild Dementia/OAS2_0102/OAS2_0102_slice_19_z173.png,OAS2_0102,Very Mild Dementia,1,2,Mild Dementia,0,-4.165960453418133,-0.8214462785457194,6.056917005197953,-3.4777209062569097
OASIS_2,LinearSVM,13,test,rotation__moderate,rotation,moderate,D:\OASIS_2\distortions_32\rotation\moderate\Very_Mild_Dementia\OAS2_0102\OAS2_0102_slice_20_z178.png,Very_Mild_Dementia/OAS2_0102/OAS2_0102_slice_20_z178.png,Very Mild Dementia/OAS2_0102/OAS2_0102_slice_20_z178.png,OAS2_0102,Very Mild Dementia,1,2,Mild Dementia,0,-7.857540171175483,1.75740404341115,5.727094667889395,-2.4560130837479868
OASIS_2,LinearSVM,13,test,rotation__moderate,rotation,moderate,D:\OASIS_2\distortions_32\rotation\moderate\Very_Mild_Dementia\OAS2_0103\OAS2_0103_slice_01_z077.png,Very_Mild_Dementia/OAS2_0103/OAS2_0103_slice_01_z077.png,Very Mild Dementia/OAS2_0103/OAS2_0103_slice_01_z077.png,OAS2_0103,Very Mild Dementia,1,1,Very Mild Dementia,1,-2.2961503186119647,3.6358059171394044,0.32487879420691534,-2.615323871159951
OASIS_2,LinearSVM,13,test,rotation__moderate,rotation,moderate,D:\OASIS_2\distortions_32\rotation\moderate\Very_Mild_Dementia\OAS2_0103\OAS2_0103_slice_02_z082.png,Very_Mild_Dementia/OAS2_0103/OAS2_0103_slice_02_z082.png,Very Mild Dementia/OAS2_0103/OAS2_0103_slice_02_z082.png,OAS2_0103,Very Mild Dementia,1,1,Very Mild Dementia,1,-0.6950338340963369,4.2459801920980915,-0.7017431772909788,-2.4217782032184365
OASIS_2,LinearSVM,13,test,rotation__moderate,rotation,moderate,D:\OASIS_2\distortions_32\rotation\moderate\Very_Mild_Dementia\OAS2_0103\OAS2_0103_slice_03_z088.png,Very_Mild_Dementia/OAS2_0103/OAS2_0103_slice_03_z088.png,Very Mild Dementia/OAS2_0103/OAS2_0103_slice_03_z088.png,OAS2_0103,Very Mild Dementia,1,2,Mild Dementia,0,1.921197331605748,-12.155747513994907,4.304669782552146,-1.8642746891193094
OASIS_2,LinearSVM,13,test,rotation__moderate,rotation,moderate,D:\OASIS_2\distortions_32\rotation\moderate\Very_Mild_Dementia\OAS2_0103\OAS2_0103_slice_04_z093.png,Very_Mild_Dementia/OAS2_0103/OAS2_0103_slice_04_z093.png,Very Mild Dementia/OAS2_0103/OAS2_0103_slice_04_z093.png,OAS2_0103,Very Mild Dementia,1,2,Mild Dementia,0,-3.8864153777483366,-2.968852909708859,3.359470667451466,-2.2009986481963675
OASIS_2,LinearSVM,13,test,rotation__moderate,rotation,moderate,D:\OASIS_2\distortions_32\rotation\moderate\Very_Mild_Dementia\OAS2_0103\OAS2_0103_slice_05_z098.png,Very_Mild_Dementia/OAS2_0103/OAS2_0103_slice_05_z098.png,Very Mild Dementia/OAS2_0103/OAS2_0103_slice_05_z098.png,OAS2_0103,Very Mild Dementia,1,0,Non-Demented,0,1.444620558420175,-8.111371379385297,0.8500967742634411,-2.0286450632011883
OASIS_2,LinearSVM,13,test,rotation__moderate,rotation,moderate,D:\OASIS_2\distortions_32\rotation\moderate\Very_Mild_Dementia\OAS2_0103\OAS2_0103_slice_06_z104.png,Very_Mild_Dementia/OAS2_0103/OAS2_0103_slice_06_z104.png,Very Mild Dementia/OAS2_0103/OAS2_0103_slice_06_z104.png,OAS2_0103,Very Mild Dementia,1,2,Mild Dementia,0,-0.5089927440441158,-8.597260168932975,1.5884345484842624,-2.4167635320364207
OASIS_2,LinearSVM,13,test,rotation__moderate,rotation,moderate,D:\OASIS_2\distortions_32\rotation\moderate\Very_Mild_Dementia\OAS2_0103\OAS2_0103_slice_07_z109.png,Very_Mild_Dementia/OAS2_0103/OAS2_0103_slice_07_z109.png,Very Mild Dementia/OAS2_0103/OAS2_0103_slice_07_z109.png,OAS2_0103,Very Mild Dementia,1,1,Very Mild Dementia,1,-1.5172127367558308,7.322696632403285,2.047473960275212,-2.914157611588001
OASIS_2,LinearSVM,13,test,rotation__moderate,rotation,moderate,D:\OASIS_2\distortions_32\rotation\moderate\Very_Mild_Dementia\OAS2_0103\OAS2_0103_slice_08_z114.png,Very_Mild_Dementia/OAS2_0103/OAS2_0103_slice_08_z114.png,Very Mild Dementia/OAS2_0103/OAS2_0103_slice_08_z114.png,OAS2_0103,Very Mild Dementia,1,2,Mild Dementia,0,-0.5430352759812445,-15.816120245520526,4.912732156837658,-2.4818270465593617
OASIS_2,LinearSVM,13,test,rotation__moderate,rotation,moderate,D:\OASIS_2\distortions_32\rotation\moderate\Very_Mild_Dementia\OAS2_0103\OAS2_0103_slice_09_z120.png,Very_Mild_Dementia/OAS2_0103/OAS2_0103_slice_09_z120.png,Very Mild Dementia/OAS2_0103/OAS2_0103_slice_09_z120.png,OAS2_0103,Very Mild Dementia,1,1,Very Mild Dementia,1,0.14415374642972312,1.8327530602371733,0.5318495653017661,-3.0663439731683333
OASIS_2,LinearSVM,13,test,rotation__moderate,rotation,moderate,D:\OASIS_2\distortions_32\rotation\moderate\Very_Mild_Dementia\OAS2_0103\OAS2_0103_slice_10_z125.png,Very_Mild_Dementia/OAS2_0103/OAS2_0103_slice_10_z125.png,Very Mild Dementia/OAS2_0103/OAS2_0103_slice_10_z125.png,OAS2_0103,Very Mild Dementia,1,1,Very Mild Dementia,1,-2.2933109060734718,5.5651138214216616,-3.5405369481006836,-2.748669296408715
OASIS_2,LinearSVM,13,test,rotation__moderate,rotation,moderate,D:\OASIS_2\distortions_32\rotation\moderate\Very_Mild_Dementia\OAS2_0103\OAS2_0103_slice_11_z130.png,Very_Mild_Dementia/OAS2_0103/OAS2_0103_slice_11_z130.png,Very Mild Dementia/OAS2_0103/OAS2_0103_slice_11_z130.png,OAS2_0103,Very Mild Dementia,1,2,Mild Dementia,0,2.350005152401511,-13.494606158178584,4.483580161237734,-2.2360797675833037
OASIS_2,LinearSVM,13,test,rotation__moderate,rotation,moderate,D:\OASIS_2\distortions_32\rotation\moderate\Very_Mild_Dementia\OAS2_0103\OAS2_0103_slice_12_z135.png,Very_Mild_Dementia/OAS2_0103/OAS2_0103_slice_12_z135.png,Very Mild Dementia/OAS2_0103/OAS2_0103_slice_12_z135.png,OAS2_0103,Very Mild Dementia,1,1,Very Mild Dementia,1,-4.2489070862678595,7.8515350726069135,-3.9291708500502636,-2.4623583322826805
OASIS_2,LinearSVM,13,test,rotation__moderate,rotation,moderate,D:\OASIS_2\distortions_32\rotation\moderate\Very_Mild_Dementia\OAS2_0103\OAS2_0103_slice_13_z141.png,Very_Mild_Dementia/OAS2_0103/OAS2_0103_slice_13_z141.png,Very Mild Dementia/OAS2_0103/OAS2_0103_slice_13_z141.png,OAS2_0103,Very Mild Dementia,1,1,Very Mild Dementia,1,-0.144471152265091,2.6840498122384013,-1.5694882686254186,-2.3502440596383765
OASIS_2,LinearSVM,13,test,rotation__moderate,rotation,moderate,D:\OASIS_2\distortions_32\rotation\moderate\Very_Mild_Dementia\OAS2_0103\OAS2_0103_slice_14_z146.png,Very_Mild_Dementia/OAS2_0103/OAS2_0103_slice_14_z146.png,Very Mild Dementia/OAS2_0103/OAS2_0103_slice_14_z146.png,OAS2_0103,Very Mild Dementia,1,2,Mild Dementia,0,1.329551609789355,-16.2672752189281,4.480354803741566,-2.1157310982300914
OASIS_2,LinearSVM,13,test,rotation__moderate,rotation,moderate,D:\OASIS_2\distortions_32\rotation\moderate\Very_Mild_Dementia\OAS2_0103\OAS2_0103_slice_15_z151.png,Very_Mild_Dementia/OAS2_0103/OAS2_0103_slice_15_z151.png,Very Mild Dementia/OAS2_0103/OAS2_0103_slice_15_z151.png,OAS2_0103,Very Mild Dementia,1,1,Very Mild Dementia,1,-6.872971463429032,6.090701220765429,-0.09378289629311176,-2.7095890418118667
OASIS_2,LinearSVM,13,test,rotation__moderate,rotation,moderate,D:\OASIS_2\distortions_32\rotation\moderate\Very_Mild_Dementia\OAS2_0103\OAS2_0103_slice_16_z157.png,Very_Mild_Dementia/OAS2_0103/OAS2_0103_slice_16_z157.png,Very Mild Dementia/OAS2_0103/OAS2_0103_slice_16_z157.png,OAS2_0103,Very Mild Dementia,1,1,Very Mild Dementia,1,-5.952651248130158,9.480622127355458,-4.57862646020885,-2.3134899126571593
OASIS_2,LinearSVM,13,test,rotation__moderate,rotation,moderate,D:\OASIS_2\distortions_32\rotation\moderate\Very_Mild_Dementia\OAS2_0103\OAS2_0103_slice_17_z162.png,Very_Mild_Dementia/OAS2_0103/OAS2_0103_slice_17_z162.png,Very Mild Dementia/OAS2_0103/OAS2_0103_slice_17_z162.png,OAS2_0103,Very Mild Dementia,1,1,Very Mild Dementia,1,-3.7502616782010088,8.443944651360313,-4.2601210317815585,-2.301486717171741
OASIS_2,LinearSVM,13,test,rotation__moderate,rotation,moderate,D:\OASIS_2\distortions_32\rotation\moderate\Very_Mild_Dementia\OAS2_0103\OAS2_0103_slice_18_z167.png,Very_Mild_Dementia/OAS2_0103/OAS2_0103_slice_18_z167.png,Very Mild Dementia/OAS2_0103/OAS2_0103_slice_18_z167.png,OAS2_0103,Very Mild Dementia,1,0,Non-Demented,0,7.307872345286443,-16.929346224654015,4.379678064892559,-2.240986739423046
OASIS_2,LinearSVM,13,test,rotation__moderate,rotation,moderate,D:\OASIS_2\distortions_32\rotation\moderate\Very_Mild_Dementia\OAS2_0103\OAS2_0103_slice_19_z173.png,Very_Mild_Dementia/OAS2_0103/OAS2_0103_slice_19_z173.png,Very Mild Dementia/OAS2_0103/OAS2_0103_slice_19_z173.png,OAS2_0103,Very Mild Dementia,1,1,Very Mild Dementia,1,-5.893349374497408,7.940534593199856,-0.9953725713330808,-2.8043439353681876
OASIS_2,LinearSVM,13,test,rotation__moderate,rotation,moderate,D:\OASIS_2\distortions_32\rotation\moderate\Very_Mild_Dementia\OAS2_0103\OAS2_0103_slice_20_z178.png,Very_Mild_Dementia/OAS2_0103/OAS2_0103_slice_20_z178.png,Very Mild Dementia/OAS2_0103/OAS2_0103_slice_20_z178.png,OAS2_0103,Very Mild Dementia,1,1,Very Mild Dementia,1,-5.027373068387547,6.031654746062112,0.5679958413868476,-2.7891440202874342
OASIS_2,LinearSVM,13,test,rotation__moderate,rotation,moderate,D:\OASIS_2\distortions_32\rotation\moderate\Very_Mild_Dementia\OAS2_0176\OAS2_0176_slice_01_z077.png,Very_Mild_Dementia/OAS2_0176/OAS2_0176_slice_01_z077.png,Very Mild Dementia/OAS2_0176/OAS2_0176_slice_01_z077.png,OAS2_0176,Very Mild Dementia,1,2,Mild Dementia,0,8.175029739419832,-36.29816617114716,12.36736366547037,-2.2594088305157136
OASIS_2,LinearSVM,13,test,rotation__moderate,rotation,moderate,D:\OASIS_2\distortions_32\rotation\moderate\Very_Mild_Dementia\OAS2_0176\OAS2_0176_slice_02_z082.png,Very_Mild_Dementia/OAS2_0176/OAS2_0176_slice_02_z082.png,Very Mild Dementia/OAS2_0176/OAS2_0176_slice_02_z082.png,OAS2_0176,Very Mild Dementia,1,0,Non-Demented,0,14.323868665216489,-39.32163799146244,11.073373930697523,-2.0693989772340613
OASIS_2,LinearSVM,13,test,rotation__moderate,rotation,moderate,D:\OASIS_2\distortions_32\rotation\moderate\Very_Mild_Dementia\OAS2_0176\OAS2_0176_slice_03_z088.png,Very_Mild_Dementia/OAS2_0176/OAS2_0176_slice_03_z088.png,Very Mild Dementia/OAS2_0176/OAS2_0176_slice_03_z088.png,OAS2_0176,Very Mild Dementia,1,2,Mild Dementia,0,10.301096525389953,-42.66062840993177,11.760787557110504,-2.189307937417228
OASIS_2,LinearSVM,13,test,rotation__moderate,rotation,moderate,D:\OASIS_2\distortions_32\rotation\moderate\Very_Mild_Dementia\OAS2_0176\OAS2_0176_slice_04_z093.png,Very_Mild_Dementia/OAS2_0176/OAS2_0176_slice_04_z093.png,Very Mild Dementia/OAS2_0176/OAS2_0176_slice_04_z093.png,OAS2_0176,Very Mild Dementia,1,1,Very Mild Dementia,1,-10.538030375551902,19.062653096287463,3.306812517405502,-2.5533875055727235
OASIS_2,LinearSVM,13,test,rotation__moderate,rotation,moderate,D:\OASIS_2\distortions_32\rotation\moderate\Very_Mild_Dementia\OAS2_0176\OAS2_0176_slice_05_z098.png,Very_Mild_Dementia/OAS2_0176/OAS2_0176_slice_05_z098.png,Very Mild Dementia/OAS2_0176/OAS2_0176_slice_05_z098.png,OAS2_0176,Very Mild Dementia,1,1,Very Mild Dementia,1,-13.141037685206937,19.698402827482674,0.34025060364641346,-2.852021667120246
OASIS_2,LinearSVM,13,test,rotation__moderate,rotation,moderate,D:\OASIS_2\distortions_32\rotation\moderate\Very_Mild_Dementia\OAS2_0176\OAS2_0176_slice_06_z104.png,Very_Mild_Dementia/OAS2_0176/OAS2_0176_slice_06_z104.png,Very Mild Dementia/OAS2_0176/OAS2_0176_slice_06_z104.png,OAS2_0176,Very Mild Dementia,1,0,Non-Demented,0,6.861496919150072,-25.5090860078167,6.096926658732462,-1.8831083390409509
OASIS_2,LinearSVM,13,test,rotation__moderate,rotation,moderate,D:\OASIS_2\distortions_32\rotation\moderate\Very_Mild_Dementia\OAS2_0176\OAS2_0176_slice_07_z109.png,Very_Mild_Dementia/OAS2_0176/OAS2_0176_slice_07_z109.png,Very Mild Dementia/OAS2_0176/OAS2_0176_slice_07_z109.png,OAS2_0176,Very Mild Dementia,1,0,Non-Demented,0,11.260042263502381,-30.52668922618855,4.994661680788651,-2.2143931917167565
OASIS_2,LinearSVM,13,test,rotation__moderate,rotation,moderate,D:\OASIS_2\distortions_32\rotation\moderate\Very_Mild_Dementia\OAS2_0176\OAS2_0176_slice_08_z114.png,Very_Mild_Dementia/OAS2_0176/OAS2_0176_slice_08_z114.png,Very Mild Dementia/OAS2_0176/OAS2_0176_slice_08_z114.png,OAS2_0176,Very Mild Dementia,1,0,Non-Demented,0,9.504025279462903,-29.479646835256446,4.563508826792912,-1.813112666750669
OASIS_2,LinearSVM,13,test,rotation__moderate,rotation,moderate,D:\OASIS_2\distortions_32\rotation\moderate\Very_Mild_Dementia\OAS2_0176\OAS2_0176_slice_09_z120.png,Very_Mild_Dementia/OAS2_0176/OAS2_0176_slice_09_z120.png,Very Mild Dementia/OAS2_0176/OAS2_0176_slice_09_z120.png,OAS2_0176,Very Mild Dementia,1,0,Non-Demented,0,10.42363275083751,-33.286013081247575,8.655455384477404,-2.1098659278137784
OASIS_2,LinearSVM,13,test,rotation__moderate,rotation,moderate,D:\OASIS_2\distortions_32\rotation\moderate\Very_Mild_Dementia\OAS2_0176\OAS2_0176_slice_10_z125.png,Very_Mild_Dementia/OAS2_0176/OAS2_0176_slice_10_z125.png,Very Mild Dementia/OAS2_0176/OAS2_0176_slice_10_z125.png,OAS2_0176,Very Mild Dementia,1,2,Mild Dementia,0,7.9329035288079925,-33.99687198704789,10.716230664293096,-1.657397007426077
OASIS_2,LinearSVM,13,test,rotation__moderate,rotation,moderate,D:\OASIS_2\distortions_32\rotation\moderate\Very_Mild_Dementia\OAS2_0176\OAS2_0176_slice_11_z130.png,Very_Mild_Dementia/OAS2_0176/OAS2_0176_slice_11_z130.png,Very Mild Dementia/OAS2_0176/OAS2_0176_slice_11_z130.png,OAS2_0176,Very Mild Dementia,1,1,Very Mild Dementia,1,-16.746167199415435,19.857876734833486,-0.9982729310280376,-2.5058512778094544
OASIS_2,LinearSVM,13,test,rotation__moderate,rotation,moderate,D:\OASIS_2\distortions_32\rotation\moderate\Very_Mild_Dementia\OAS2_0176\OAS2_0176_slice_12_z135.png,Very_Mild_Dementia/OAS2_0176/OAS2_0176_slice_12_z135.png,Very Mild Dementia/OAS2_0176/OAS2_0176_slice_12_z135.png,OAS2_0176,Very Mild Dementia,1,1,Very Mild Dementia,1,-10.304115556418779,16.420316572848282,0.047526884450781015,-2.6568187430602723
OASIS_2,LinearSVM,13,test,rotation__moderate,rotation,moderate,D:\OASIS_2\distortions_32\rotation\moderate\Very_Mild_Dementia\OAS2_0176\OAS2_0176_slice_13_z141.png,Very_Mild_Dementia/OAS2_0176/OAS2_0176_slice_13_z141.png,Very Mild Dementia/OAS2_0176/OAS2_0176_slice_13_z141.png,OAS2_0176,Very Mild Dementia,1,1,Very Mild Dementia,1,-0.6256935003918502,10.395423380467154,-1.3919245408762415,-3.20729502158634
OASIS_2,LinearSVM,13,test,rotation__moderate,rotation,moderate,D:\OASIS_2\distortions_32\rotation\moderate\Very_Mild_Dementia\OAS2_0176\OAS2_0176_slice_14_z146.png,Very_Mild_Dementia/OAS2_0176/OAS2_0176_slice_14_z146.png,Very Mild Dementia/OAS2_0176/OAS2_0176_slice_14_z146.png,OAS2_0176,Very Mild Dementia,1,1,Very Mild Dementia,1,-3.4814251709040565,12.400616237845204,-1.6707691136302312,-3.4005183123422467
OASIS_2,LinearSVM,13,test,rotation__moderate,rotation,moderate,D:\OASIS_2\distortions_32\rotation\moderate\Very_Mild_Dementia\OAS2_0176\OAS2_0176_slice_15_z151.png,Very_Mild_Dementia/OAS2_0176/OAS2_0176_slice_15_z151.png,Very Mild Dementia/OAS2_0176/OAS2_0176_slice_15_z151.png,OAS2_0176,Very Mild Dementia,1,1,Very Mild Dementia,1,-3.768105540530271,13.678660249388827,-1.1923846468439048,-3.045976370451895
OASIS_2,LinearSVM,13,test,rotation__moderate,rotation,moderate,D:\OASIS_2\distortions_32\rotation\moderate\Very_Mild_Dementia\OAS2_0176\OAS2_0176_slice_16_z157.png,Very_Mild_Dementia/OAS2_0176/OAS2_0176_slice_16_z157.png,Very Mild Dementia/OAS2_0176/OAS2_0176_slice_16_z157.png,OAS2_0176,Very Mild Dementia,1,2,Mild Dementia,0,2.9980202534536904,-29.640286312866422,10.024414899132093,-1.9841749928853862
OASIS_2,LinearSVM,13,test,rotation__moderate,rotation,moderate,D:\OASIS_2\distortions_32\rotation\moderate\Very_Mild_Dementia\OAS2_0176\OAS2_0176_slice_17_z162.png,Very_Mild_Dementia/OAS2_0176/OAS2_0176_slice_17_z162.png,Very Mild Dementia/OAS2_0176/OAS2_0176_slice_17_z162.png,OAS2_0176,Very Mild Dementia,1,2,Mild Dementia,0,1.667024267914,-29.162376381474946,9.687210141906906,-1.5420389257611862
OASIS_2,LinearSVM,13,test,rotation__moderate,rotation,moderate,D:\OASIS_2\distortions_32\rotation\moderate\Very_Mild_Dementia\OAS2_0176\OAS2_0176_slice_18_z167.png,Very_Mild_Dementia/OAS2_0176/OAS2_0176_slice_18_z167.png,Very Mild Dementia/OAS2_0176/OAS2_0176_slice_18_z167.png,OAS2_0176,Very Mild Dementia,1,2,Mild Dementia,0,2.6095969911516437,-29.615277840000054,6.672831322803949,-1.8863863043290796
OASIS_2,LinearSVM,13,test,rotation__moderate,rotation,moderate,D:\OASIS_2\distortions_32\rotation\moderate\Very_Mild_Dementia\OAS2_0176\OAS2_0176_slice_19_z173.png,Very_Mild_Dementia/OAS2_0176/OAS2_0176_slice_19_z173.png,Very Mild Dementia/OAS2_0176/OAS2_0176_slice_19_z173.png,OAS2_0176,Very Mild Dementia,1,1,Very Mild Dementia,1,-10.153220387702142,21.437404367918766,-2.6393767424334498,-2.062245620638297
OASIS_2,LinearSVM,13,test,rotation__moderate,rotation,moderate,D:\OASIS_2\distortions_32\rotation\moderate\Very_Mild_Dementia\OAS2_0176\OAS2_0176_slice_20_z178.png,Very_Mild_Dementia/OAS2_0176/OAS2_0176_slice_20_z178.png,Very Mild Dementia/OAS2_0176/OAS2_0176_slice_20_z178.png,OAS2_0176,Very Mild Dementia,1,2,Mild Dementia,0,-0.9370973856236806,-18.836151375459284,5.711478457346086,-2.7781130826698544
